{"type":"FeatureCollection","features":[{"type":"Feature","geometry":{"type":"Polygon","coordinates":[[[-114.35661,43.25365],[-114.35643,43.25369],[-114.35574,43.25339],[-114.35626,43.25346],[-114.35694,43.25315],[-114.35661,43.25365]]]},"properties":{"fire_id":"ufid:2026-IDTFD-000032","source_collection":"ytd","source_objectid":52056,"incident_name":"Magic Dam","mapped_acres":0.520911934810014,"mapped_acres_source":"poly_Acres_AutoCalc_fallback","gis_acres":null,"auto_acres":0.520911934810014,"reported_acres":0.52,"percent_contained":null,"state":"ID","state_wfigs":"US-ID","county":"Blaine","discovery_time_utc":"2026-04-06T21:36:40Z","perimeter_time_utc":null,"perimeter_edit_time_utc":"2026-09-03T20:51:22Z","incident_modified_time_utc":"2026-07-12T22:27:24Z","containment_time_utc":"2026-04-07T01:40:00Z","control_time_utc":"2026-04-07T17:11:00Z","fire_out_time_utc":"2026-04-30T21:15:00Z","fire_cause":"Human","fire_cause_general":null,"map_method":"Mixed Methods","source_dataset":"2026 NIFS","unique_fire_identifier":"2026-IDTFD-000032","irwin_id":"{766BC8F6-C037-410D-B82C-1AFF68F0ABF5}","global_id":"d8dcbfff-4ab0-4014-9944-8b964d8a38f4"}},{"type":"Feature","geometry":{"type":"MultiPolygon","coordinates":[[[[-114.64294,42.49131],[-114.64329,42.49129],[-114.64327,42.49134],[-114.64294,42.49131]]],[[[-114.64438,42.48824],[-114.64508,42.48863],[-114.6453,42.48891],[-114.64638,42.4893],[-114.64693,42.4891],[-114.64845,42.4896],[-114.6492,42.49096],[-114.64962,42.4912],[-114.651,42.49278],[-114.65281,42.49423],[-114.65314,42.49468],[-114.65325,42.49515],[-114.65307,42.49561],[-114.65232,42.49586],[-114.65185,42.49582],[-114.65047,42.49506],[-114.64966,42.49499],[-114.64887,42.49461],[-114.64714,42.49427],[-114.64521,42.49348],[-114.64435,42.49266],[-114.64402,42.49264],[-114.64328,42.49216],[-114.64325,42.49151],[-114.64339,42.49137],[-114.64331,42.49115],[-114.64292,42.4911],[-114.64228,42.49028],[-114.64181,42.48991],[-114.64219,42.48921],[-114.64288,42.48898],[-114.64296,42.48877],[-114.64348,42.48845],[-114.64399,42.4885],[-114.64438,42.48824]]]]},"properties":{"fire_id":"ufid:2026-IDTFD-000035","source_collection":"ytd","source_objectid":53270,"incident_name":"Berger","mapped_acres":90.14531538125125,"mapped_acres_source":"poly_Acres_AutoCalc_fallback","gis_acres":null,"auto_acres":90.14531538125125,"reported_acres":90.15,"percent_contained":null,"state":"ID","state_wfigs":"US-ID","county":"Twin Falls","discovery_time_utc":"2026-05-04T22:13:08Z","perimeter_time_utc":null,"perimeter_edit_time_utc":"2026-08-17T00:43:54Z","incident_modified_time_utc":"2026-09-01T23:52:15Z","containment_time_utc":"2026-05-05T01:03:00Z","control_time_utc":"2026-05-05T02:30:00Z","fire_out_time_utc":"2026-05-14T06:00:00Z","fire_cause":"Human","fire_cause_general":null,"map_method":"Mixed Methods","source_dataset":"2026 NIFS","unique_fire_identifier":"2026-IDTFD-000035","irwin_id":"{8DBF2A1F-1C7B-4847-903C-DF40AE896095}","global_id":"3914a0bd-6c07-4840-910c-b5f64d8389af"}},{"type":"Feature","geometry":{"type":"Polygon","coordinates":[[[-114.68272,42.79725],[-114.68246,42.79751],[-114.68247,42.79784],[-114.68094,42.79991],[-114.67884,42.80196],[-114.67818,42.8024],[-114.67743,42.80328],[-114.67689,42.80352],[-114.67708,42.80308],[-114.67818,42.80204],[-114.67833,42.80128],[-114.67913,42.80021],[-114.67915,42.80001],[-114.67861,42.79873],[-114.67869,42.79848],[-114.67992,42.79779],[-114.68036,42.79716],[-114.68261,42.79703],[-114.68272,42.79725]]]},"properties":{"fire_id":"ufid:2026-IDEIS-000048","source_collection":"ytd","source_objectid":53993,"incident_name":"West Canal","mapped_acres":24.08113734245972,"mapped_acres_source":"poly_Acres_AutoCalc_fallback","gis_acres":null,"auto_acres":24.08113734245972,"reported_acres":24.0,"percent_contained":null,"state":"ID","state_wfigs":"US-ID","county":"Gooding","discovery_time_utc":"2026-05-19T03:19:00Z","perimeter_time_utc":null,"perimeter_edit_time_utc":"2026-05-20T22:50:30Z","incident_modified_time_utc":"2026-07-12T22:24:41Z","containment_time_utc":"2026-05-19T18:23:00Z","control_time_utc":"2026-05-19T18:23:00Z","fire_out_time_utc":"2026-06-12T16:15:00Z","fire_cause":"Human","fire_cause_general":null,"map_method":"Mixed Methods","source_dataset":"2026 NIFS","unique_fire_identifier":"2026-IDEIS-000048","irwin_id":"{BD2F7F5A-4511-4B36-85A0-E4D509EB431F}","global_id":"a9e826ca-e253-4456-8be7-8c2b1a5dd4bc"}},{"type":"Feature","geometry":{"type":"Polygon","coordinates":[[[-113.93218,42.52235],[-113.93099,42.52262],[-113.93091,42.52289],[-113.93045,42.52288],[-113.928,42.52365],[-113.92714,42.5237],[-113.92712,42.52029],[-113.92727,42.52021],[-113.92711,42.51984],[-113.92712,42.51893],[-113.92767,42.51879],[-113.93177,42.51879],[-113.93178,42.52188],[-113.93192,42.52175],[-113.93221,42.52213],[-113.93208,42.52234],[-113.93218,42.52235]],[[-113.93178,42.52188],[-113.93177,42.52189],[-113.93178,42.52192],[-113.93178,42.52188]]]},"properties":{"fire_id":"ufid:2026-IDCAX-000045","source_collection":"ytd","source_objectid":54012,"incident_name":"Milner Road","mapped_acres":46.37206261844509,"mapped_acres_source":"poly_Acres_AutoCalc_fallback","gis_acres":null,"auto_acres":46.37206261844509,"reported_acres":46.3,"percent_contained":null,"state":"ID","state_wfigs":"US-ID","county":"Cassia","discovery_time_utc":"2026-05-18T17:01:00Z","perimeter_time_utc":null,"perimeter_edit_time_utc":"2026-05-20T22:34:57Z","incident_modified_time_utc":"2026-06-04T22:11:51Z","containment_time_utc":"2026-05-18T20:03:00Z","control_time_utc":"2026-05-18T23:11:00Z","fire_out_time_utc":null,"fire_cause":"Human","fire_cause_general":null,"map_method":"Mixed Methods","source_dataset":"2026 NIFS","unique_fire_identifier":"2026-IDCAX-000045","irwin_id":"{A3971C9D-5BCF-46AF-A770-2F7070B7325C}","global_id":"e61c4cad-aa39-4887-a253-4c45834e26f1"}},{"type":"Feature","geometry":{"type":"MultiPolygon","coordinates":[[[[-113.7412,42.19367],[-113.74117,42.19355],[-113.74134,42.19354],[-113.7412,42.19367]]],[[[-113.74518,42.20069],[-113.74503,42.2008],[-113.74499,42.20064],[-113.74533,42.20051],[-113.74538,42.20069],[-113.74522,42.20066],[-113.74558,42.20097],[-113.74518,42.20069]]],[[[-113.740971,42.20182],[-113.74109,42.20183],[-113.74105,42.20192],[-113.740971,42.20182]]],[[[-113.74052,42.20244],[-113.74091,42.20226],[-113.74117,42.20239],[-113.74097,42.20259],[-113.74052,42.20244]]],[[[-113.7449,42.20273],[-113.74497,42.2027],[-113.74498,42.20273],[-113.7449,42.20273]]],[[[-113.745,42.20284],[-113.74496,42.20283],[-113.74497,42.2028],[-113.745,42.20284]]],[[[-113.74488,42.20287],[-113.74486,42.20284],[-113.74492,42.20286],[-113.74488,42.20287]]],[[[-113.7448,42.20299],[-113.74486,42.203],[-113.74483,42.20302],[-113.7448,42.20299]]],[[[-113.74755,42.20338],[-113.74792,42.20378],[-113.74757,42.20397],[-113.74732,42.20376],[-113.7471,42.20387],[-113.74709,42.20359],[-113.74705,42.20374],[-113.74685,42.20371],[-113.74699,42.20344],[-113.74681,42.20314],[-113.74687,42.20302],[-113.74757,42.2032],[-113.74755,42.20338]]],[[[-113.74448,42.20388],[-113.74361,42.20344],[-113.74302,42.20353],[-113.74299,42.20334],[-113.74364,42.20335],[-113.74392,42.20319],[-113.74451,42.20332],[-113.74475,42.20354],[-113.74452,42.20364],[-113.74448,42.20388]]],[[[-113.7342,42.17956],[-113.73443,42.17983],[-113.73423,42.17983],[-113.73432,42.18007],[-113.73399,42.17983],[-113.7342,42.17956]]],[[[-113.74063,42.20209],[-113.74046,42.20246],[-113.74023,42.20257],[-113.74085,42.20263],[-113.74075,42.20316],[-113.74088,42.20316],[-113.74078,42.20324],[-113.74094,42.2035],[-113.74094,42.20391],[-113.74116,42.20396],[-113.74134,42.20419],[-113.74122,42.20434],[-113.74102,42.20418],[-113.74074,42.2042],[-113.74081,42.20434],[-113.74032,42.20442],[-113.73968,42.204],[-113.73946,42.204],[-113.73941,42.20386],[-113.73957,42.20354],[-113.73979,42.20354],[-113.73976,42.20342],[-113.73995,42.20339],[-113.74003,42.20322],[-113.73977,42.20328],[-113.73967,42.20299],[-113.7393,42.20318],[-113.73939,42.20297],[-113.73922,42.20296],[-113.73918,42.20283],[-113.73937,42.20259],[-113.73909,42.20252],[-113.73931,42.20234],[-113.73929,42.2022],[-113.73901,42.20228],[-113.73842,42.20197],[-113.73861,42.20167],[-113.73832,42.20147],[-113.73844,42.20092],[-113.73786,42.2007],[-113.73751,42.2008],[-113.73721,42.20056],[-113.73707,42.20026],[-113.7367,42.20009],[-113.73657,42.19959],[-113.73591,42.19881],[-113.73608,42.19824],[-113.73641,42.19826],[-113.73611,42.19775],[-113.73571,42.19785],[-113.73552,42.19822],[-113.7353,42.19828],[-113.73498,42.19864],[-113.73522,42.19915],[-113.73506,42.19935],[-113.73536,42.19958],[-113.73541,42.20001],[-113.7353,42.19991],[-113.73529,42.20001],[-113.7349,42.20015],[-113.73488,42.20033],[-113.73386,42.20069],[-113.73438,42.20086],[-113.73431,42.20101],[-113.73397,42.20108],[-113.73435,42.20135],[-113.7342,42.20145],[-113.73446,42.20157],[-113.73443,42.20184],[-113.73512,42.2021],[-113.73521,42.20237],[-113.73537,42.20246],[-113.73514,42.20267],[-113.73541,42.203],[-113.73496,42.20319],[-113.73458,42.20306],[-113.73467,42.20294],[-113.73442,42.20298],[-113.7344,42.2028],[-113.73457,42.20263],[-113.73413,42.20209],[-113.73409,42.2017],[-113.73345,42.20177],[-113.73344,42.20193],[-113.73315,42.202],[-113.73254,42.20196],[-113.73199,42.20166],[-113.73189,42.20175],[-113.73203,42.20201],[-113.73181,42.20214],[-113.73197,42.20226],[-113.7317,42.20223],[-113.73162,42.20246],[-113.73195,42.2026],[-113.73243,42.20251],[-113.73277,42.2027],[-113.73265,42.20277],[-113.7326,42.20313],[-113.73194,42.20323],[-113.73182,42.20331],[-113.7319,42.20349],[-113.73144,42.2036],[-113.73057,42.20272],[-113.72997,42.20235],[-113.72977,42.20254],[-113.72936,42.20233],[-113.72923,42.20211],[-113.72889,42.20206],[-113.72901,42.20159],[-113.72862,42.20113],[-113.72882,42.20097],[-113.72878,42.20056],[-113.72894,42.20016],[-113.72802,42.19993],[-113.72778,42.1995],[-113.72655,42.19844],[-113.72526,42.1979],[-113.72503,42.19766],[-113.72506,42.19741],[-113.72486,42.19697],[-113.72533,42.19712],[-113.72569,42.19704],[-113.72579,42.19686],[-113.7261,42.19686],[-113.72618,42.19665],[-113.72637,42.19672],[-113.72652,42.19659],[-113.72637,42.19634],[-113.72665,42.19596],[-113.7266,42.19569],[-113.72673,42.19563],[-113.72749,42.19582],[-113.72806,42.19552],[-113.72975,42.19521],[-113.7306,42.19622],[-113.73054,42.19639],[-113.73001,42.1962],[-113.72989,42.1963],[-113.73103,42.19738],[-113.73087,42.19759],[-113.73116,42.19792],[-113.73151,42.19792],[-113.73161,42.19773],[-113.73183,42.19769],[-113.73289,42.19761],[-113.73369,42.19778],[-113.73458,42.19738],[-113.73428,42.19714],[-113.73431,42.19658],[-113.73359,42.19621],[-113.73182,42.19633],[-113.73218,42.19564],[-113.73252,42.19581],[-113.73281,42.19615],[-113.73311,42.1961],[-113.73311,42.19596],[-113.7327,42.19575],[-113.73243,42.19533],[-113.73208,42.19517],[-113.73165,42.19475],[-113.731,42.19498],[-113.73064,42.19474],[-113.73035,42.19436],[-113.73026,42.19439],[-113.73025,42.19406],[-113.72987,42.19381],[-113.72976,42.19346],[-113.72962,42.19339],[-113.72943,42.19351],[-113.72858,42.19269],[-113.72842,42.1922],[-113.72819,42.19222],[-113.72777,42.19191],[-113.72773,42.19171],[-113.72742,42.19166],[-113.72727,42.19135],[-113.72709,42.19151],[-113.72672,42.19143],[-113.72592,42.19168],[-113.72597,42.19194],[-113.72634,42.19192],[-113.7267,42.19248],[-113.72645,42.19278],[-113.72618,42.19266],[-113.72602,42.19302],[-113.72578,42.19296],[-113.72567,42.19277],[-113.72554,42.19281],[-113.7257,42.19347],[-113.72589,42.19375],[-113.72505,42.19378],[-113.72471,42.19505],[-113.72377,42.19553],[-113.72281,42.19626],[-113.72229,42.1962],[-113.72227,42.19566],[-113.72192,42.19485],[-113.72026,42.19323],[-113.71962,42.19391],[-113.72069,42.19713],[-113.72266,42.19892],[-113.72323,42.19866],[-113.72387,42.19907],[-113.72282,42.20062],[-113.72466,42.20166],[-113.72578,42.20152],[-113.7261,42.20193],[-113.72552,42.2023],[-113.72569,42.20275],[-113.72551,42.20344],[-113.72661,42.20379],[-113.72685,42.20409],[-113.727,42.20459],[-113.72643,42.20433],[-113.72605,42.20454],[-113.7257,42.20414],[-113.72539,42.20412],[-113.72503,42.2053],[-113.7246,42.2058],[-113.72416,42.20589],[-113.72408,42.2056],[-113.72462,42.20534],[-113.72415,42.20443],[-113.72271,42.20419],[-113.72238,42.20431],[-113.72172,42.20407],[-113.72141,42.20432],[-113.72128,42.20456],[-113.72136,42.20473],[-113.72113,42.20473],[-113.72096,42.20496],[-113.71992,42.20443],[-113.72002,42.2044],[-113.71993,42.20408],[-113.7196,42.20394],[-113.71954,42.20364],[-113.71973,42.20355],[-113.71956,42.20355],[-113.71969,42.20345],[-113.71965,42.20334],[-113.71924,42.20313],[-113.71909,42.20286],[-113.71854,42.20273],[-113.71834,42.20285],[-113.7181,42.20261],[-113.71819,42.20247],[-113.71799,42.2019],[-113.71741,42.20148],[-113.71775,42.20115],[-113.71735,42.20033],[-113.7166,42.20013],[-113.71601,42.19965],[-113.71549,42.20025],[-113.71552,42.20037],[-113.71538,42.20039],[-113.71532,42.20023],[-113.71508,42.20017],[-113.7152,42.19987],[-113.71499,42.19982],[-113.71463,42.19941],[-113.71381,42.19948],[-113.71352,42.19931],[-113.7135,42.19914],[-113.71218,42.19848],[-113.71168,42.19829],[-113.71159,42.19835],[-113.71175,42.19851],[-113.71168,42.19865],[-113.71152,42.19844],[-113.71114,42.1984],[-113.71115,42.19828],[-113.7103,42.1979],[-113.70983,42.19813],[-113.70929,42.19807],[-113.70599,42.19892],[-113.70499,42.199],[-113.7049,42.19879],[-113.70498,42.19798],[-113.70455,42.19798],[-113.70389,42.19761],[-113.70365,42.19716],[-113.7032,42.19707],[-113.7032,42.1972],[-113.70262,42.19718],[-113.70199,42.19687],[-113.70202,42.1967],[-113.70177,42.19674],[-113.70181,42.19631],[-113.70194,42.19617],[-113.70184,42.19601],[-113.70166,42.19624],[-113.70138,42.19606],[-113.70147,42.19578],[-113.70122,42.19574],[-113.7011,42.19581],[-113.70128,42.19584],[-113.70123,42.19596],[-113.70081,42.19606],[-113.70077,42.19617],[-113.70092,42.19617],[-113.70095,42.19629],[-113.70063,42.19617],[-113.70047,42.19624],[-113.70054,42.19645],[-113.70015,42.19672],[-113.69943,42.19652],[-113.69903,42.19592],[-113.69886,42.19603],[-113.69847,42.19593],[-113.69866,42.19573],[-113.69838,42.19563],[-113.69841,42.19555],[-113.69821,42.19563],[-113.69832,42.1954],[-113.69811,42.19535],[-113.69816,42.1952],[-113.69839,42.1953],[-113.69849,42.19515],[-113.69812,42.19509],[-113.69814,42.19493],[-113.69803,42.19492],[-113.69819,42.19433],[-113.69801,42.19435],[-113.69805,42.19422],[-113.69787,42.19396],[-113.69812,42.19358],[-113.69777,42.19349],[-113.69797,42.19353],[-113.69808,42.19337],[-113.69768,42.19244],[-113.69756,42.1924],[-113.69749,42.19193],[-113.69719,42.19189],[-113.69724,42.19155],[-113.69709,42.19157],[-113.69677,42.19107],[-113.69652,42.19111],[-113.69646,42.191],[-113.69659,42.19087],[-113.69637,42.19093],[-113.69636,42.19082],[-113.69612,42.19079],[-113.6962,42.1905],[-113.69575,42.19039],[-113.69594,42.19059],[-113.69568,42.1906],[-113.6956,42.1905],[-113.69573,42.19016],[-113.69533,42.19028],[-113.69523,42.19008],[-113.69541,42.19007],[-113.69539,42.18991],[-113.69503,42.18988],[-113.69507,42.18963],[-113.69468,42.18955],[-113.69465,42.18927],[-113.69485,42.18903],[-113.69451,42.18888],[-113.6949,42.18892],[-113.69497,42.18856],[-113.69463,42.18857],[-113.69461,42.18824],[-113.69444,42.18813],[-113.69429,42.18766],[-113.69466,42.18752],[-113.69468,42.18731],[-113.69493,42.18737],[-113.69572,42.18689],[-113.69728,42.18656],[-113.69863,42.18591],[-113.70054,42.18453],[-113.70655,42.18213],[-113.7099,42.17804],[-113.7139,42.17848],[-113.71387,42.1786],[-113.71516,42.17895],[-113.71727,42.17988],[-113.71909,42.17989],[-113.7216,42.18017],[-113.72294,42.18142],[-113.72407,42.18153],[-113.72455,42.18032],[-113.72602,42.18061],[-113.72671,42.18032],[-113.72717,42.18024],[-113.72754,42.18033],[-113.72832,42.17989],[-113.72871,42.17994],[-113.72965,42.18037],[-113.73079,42.18153],[-113.73131,42.18133],[-113.73159,42.18085],[-113.73188,42.17984],[-113.7322,42.17975],[-113.73225,42.17985],[-113.73247,42.1798],[-113.73232,42.18008],[-113.7328,42.18036],[-113.73266,42.18054],[-113.73275,42.18065],[-113.73325,42.1804],[-113.73328,42.18026],[-113.73358,42.18045],[-113.73359,42.17995],[-113.73403,42.18023],[-113.73419,42.18018],[-113.73416,42.1805],[-113.73474,42.18038],[-113.73517,42.18063],[-113.73529,42.18055],[-113.73525,42.18037],[-113.73574,42.1802],[-113.73601,42.18032],[-113.73632,42.18071],[-113.73643,42.18063],[-113.73638,42.18031],[-113.73666,42.18026],[-113.73702,42.18002],[-113.73703,42.17989],[-113.73777,42.17982],[-113.73791,42.18033],[-113.73817,42.1803],[-113.73819,42.18046],[-113.73858,42.18079],[-113.73816,42.18115],[-113.73882,42.18095],[-113.73897,42.18114],[-113.73876,42.18127],[-113.73903,42.18153],[-113.73884,42.1816],[-113.73892,42.18178],[-113.73938,42.18172],[-113.73931,42.18202],[-113.74019,42.18213],[-113.74049,42.1823],[-113.74041,42.18242],[-113.74113,42.18259],[-113.74117,42.1829],[-113.74084,42.18284],[-113.7408,42.18294],[-113.74098,42.18316],[-113.74144,42.18334],[-113.74142,42.18347],[-113.74161,42.18358],[-113.74149,42.18381],[-113.74173,42.18392],[-113.74164,42.18402],[-113.74196,42.18388],[-113.74205,42.18417],[-113.74226,42.1841],[-113.74284,42.1846],[-113.74328,42.18463],[-113.74343,42.18495],[-113.74371,42.18496],[-113.74404,42.18526],[-113.74427,42.18529],[-113.74429,42.18547],[-113.74414,42.18545],[-113.744,42.18562],[-113.74429,42.18566],[-113.74428,42.18577],[-113.74404,42.18584],[-113.74441,42.18617],[-113.74426,42.18633],[-113.74476,42.18664],[-113.74475,42.18679],[-113.74504,42.18669],[-113.74505,42.18687],[-113.7455,42.18714],[-113.7457,42.18751],[-113.74631,42.18776],[-113.74572,42.18775],[-113.74554,42.18786],[-113.74594,42.18802],[-113.74623,42.18843],[-113.74678,42.18874],[-113.74707,42.18979],[-113.74723,42.18979],[-113.74707,42.18996],[-113.74716,42.19007],[-113.74752,42.19006],[-113.74751,42.18965],[-113.74773,42.18996],[-113.74822,42.18988],[-113.74835,42.19003],[-113.74812,42.19044],[-113.74724,42.19029],[-113.74696,42.19009],[-113.74697,42.18994],[-113.74667,42.18994],[-113.74639,42.1897],[-113.74623,42.18971],[-113.74523,42.18891],[-113.74515,42.18871],[-113.74471,42.1886],[-113.74466,42.18831],[-113.74429,42.18825],[-113.74384,42.18786],[-113.74372,42.1879],[-113.74371,42.18816],[-113.74347,42.18809],[-113.74344,42.18836],[-113.74316,42.18864],[-113.74274,42.18834],[-113.7427,42.18815],[-113.74232,42.1882],[-113.74232,42.18775],[-113.742,42.18754],[-113.74202,42.18738],[-113.74115,42.18726],[-113.74111,42.18742],[-113.74063,42.18739],[-113.74058,42.18749],[-113.74038,42.18746],[-113.74038,42.18726],[-113.73972,42.18757],[-113.73967,42.18728],[-113.74023,42.18685],[-113.73994,42.18657],[-113.7397,42.18663],[-113.73936,42.18645],[-113.73879,42.18647],[-113.73872,42.18639],[-113.73887,42.18635],[-113.73877,42.18624],[-113.73886,42.1861],[-113.73869,42.18627],[-113.73797,42.18633],[-113.73743,42.18693],[-113.73748,42.18703],[-113.73783,42.18693],[-113.7381,42.18728],[-113.73801,42.18751],[-113.7381,42.18761],[-113.73767,42.18797],[-113.7381,42.18796],[-113.73825,42.1881],[-113.73843,42.18799],[-113.73863,42.18817],[-113.73867,42.18806],[-113.73902,42.18811],[-113.73924,42.18795],[-113.73916,42.1879],[-113.73953,42.18784],[-113.73965,42.18796],[-113.73951,42.18807],[-113.73987,42.1883],[-113.73988,42.18849],[-113.74011,42.18861],[-113.74017,42.18891],[-113.74027,42.18888],[-113.74023,42.18927],[-113.74049,42.18914],[-113.74055,42.18921],[-113.74041,42.18932],[-113.74059,42.18953],[-113.74122,42.18937],[-113.74137,42.18945],[-113.74149,42.18961],[-113.74135,42.18984],[-113.74186,42.19005],[-113.74205,42.19031],[-113.74266,42.19051],[-113.74278,42.19092],[-113.74316,42.19115],[-113.74314,42.1914],[-113.74363,42.1913],[-113.74381,42.19165],[-113.74438,42.1916],[-113.74451,42.19135],[-113.74431,42.19129],[-113.74429,42.19105],[-113.74403,42.19103],[-113.74411,42.19079],[-113.74428,42.19066],[-113.74439,42.19078],[-113.74498,42.19073],[-113.74522,42.19102],[-113.74517,42.19118],[-113.74541,42.19121],[-113.74557,42.19094],[-113.74568,42.19097],[-113.7456,42.19108],[-113.74585,42.1911],[-113.74568,42.19129],[-113.7458,42.19141],[-113.74574,42.19165],[-113.74585,42.19167],[-113.74582,42.19188],[-113.74598,42.1919],[-113.74598,42.19217],[-113.74626,42.19247],[-113.74662,42.1922],[-113.74667,42.19198],[-113.74634,42.19158],[-113.74663,42.19137],[-113.7469,42.19151],[-113.74695,42.19188],[-113.74829,42.19227],[-113.74793,42.19254],[-113.74739,42.19228],[-113.74687,42.19249],[-113.74694,42.19256],[-113.74673,42.19269],[-113.74594,42.19271],[-113.74556,42.19284],[-113.74577,42.19293],[-113.7455,42.19296],[-113.74538,42.19283],[-113.74507,42.193],[-113.74465,42.19279],[-113.74468,42.19261],[-113.74482,42.1926],[-113.74461,42.19239],[-113.74433,42.19261],[-113.74411,42.1924],[-113.74369,42.1923],[-113.74326,42.19252],[-113.74294,42.19232],[-113.74274,42.19236],[-113.74285,42.1925],[-113.7426,42.1927],[-113.74273,42.19286],[-113.74259,42.19305],[-113.74255,42.19293],[-113.74214,42.19278],[-113.74211,42.19297],[-113.74165,42.19311],[-113.74149,42.19308],[-113.74148,42.19296],[-113.74137,42.19304],[-113.74094,42.1929],[-113.7406,42.19309],[-113.73999,42.19309],[-113.73991,42.19299],[-113.74053,42.19296],[-113.74046,42.19279],[-113.74006,42.19262],[-113.73989,42.19282],[-113.73967,42.19279],[-113.73979,42.19269],[-113.73965,42.19257],[-113.7391,42.19257],[-113.739,42.1923],[-113.73931,42.19221],[-113.73933,42.19202],[-113.73922,42.19205],[-113.73895,42.19168],[-113.73875,42.19163],[-113.73839,42.19108],[-113.73792,42.19095],[-113.73709,42.19121],[-113.73711,42.19108],[-113.73681,42.19096],[-113.73688,42.19086],[-113.73674,42.19074],[-113.73643,42.1909],[-113.73596,42.19052],[-113.73516,42.19031],[-113.73453,42.18962],[-113.73394,42.18929],[-113.73419,42.18908],[-113.73384,42.18859],[-113.73355,42.1884],[-113.73319,42.18837],[-113.73384,42.18879],[-113.73348,42.18913],[-113.73503,42.19054],[-113.73688,42.19138],[-113.73718,42.19173],[-113.73725,42.19262],[-113.73779,42.19261],[-113.73814,42.19284],[-113.73816,42.19301],[-113.73785,42.19306],[-113.73775,42.19334],[-113.73834,42.19372],[-113.73907,42.19351],[-113.73934,42.19372],[-113.73945,42.19427],[-113.73827,42.19433],[-113.73835,42.19441],[-113.73815,42.19452],[-113.73815,42.19467],[-113.73846,42.19452],[-113.73834,42.19471],[-113.73853,42.19478],[-113.73848,42.19487],[-113.73868,42.19511],[-113.73863,42.1953],[-113.73945,42.19595],[-113.73961,42.19596],[-113.73969,42.19635],[-113.73947,42.19694],[-113.73956,42.197],[-113.73939,42.19766],[-113.73966,42.19792],[-113.73977,42.19847],[-113.73969,42.19888],[-113.73991,42.19898],[-113.74002,42.19925],[-113.74029,42.19915],[-113.74029,42.19877],[-113.74046,42.1987],[-113.74004,42.19836],[-113.73978,42.19767],[-113.73978,42.19745],[-113.74008,42.19719],[-113.74005,42.19707],[-113.74049,42.19699],[-113.74075,42.19714],[-113.74082,42.19693],[-113.74106,42.19697],[-113.74106,42.19683],[-113.74197,42.19675],[-113.74255,42.19698],[-113.74252,42.19739],[-113.74266,42.19746],[-113.74255,42.19769],[-113.74266,42.19773],[-113.74269,42.19805],[-113.74285,42.19789],[-113.74321,42.19785],[-113.74372,42.19807],[-113.74375,42.19871],[-113.7439,42.19871],[-113.7441,42.19905],[-113.74409,42.19962],[-113.74453,42.19978],[-113.74455,42.19966],[-113.7448,42.19957],[-113.7451,42.19973],[-113.74514,42.19994],[-113.74469,42.20023],[-113.74443,42.20025],[-113.74391,42.20078],[-113.74475,42.20069],[-113.74476,42.20091],[-113.74443,42.20105],[-113.74453,42.20113],[-113.74443,42.20123],[-113.74387,42.2012],[-113.74417,42.20105],[-113.74378,42.20078],[-113.74344,42.20085],[-113.74323,42.20119],[-113.74244,42.2013],[-113.74251,42.20191],[-113.74287,42.20235],[-113.74424,42.20213],[-113.74441,42.20234],[-113.7443,42.20242],[-113.74438,42.2026],[-113.74421,42.20253],[-113.74423,42.20243],[-113.74382,42.20265],[-113.74345,42.20258],[-113.74333,42.20282],[-113.74291,42.20291],[-113.74282,42.20314],[-113.74257,42.20328],[-113.74231,42.203],[-113.74216,42.20306],[-113.74237,42.20379],[-113.7421,42.20383],[-113.74159,42.2023],[-113.74169,42.20187],[-113.74116,42.20161],[-113.74097,42.20182],[-113.74082,42.20163],[-113.74073,42.20176],[-113.74028,42.20172],[-113.74032,42.20185],[-113.74016,42.20196],[-113.74034,42.20224],[-113.74043,42.20206],[-113.74063,42.20209]]],[[[-113.74098,42.19343],[-113.74112,42.19358],[-113.74099,42.19365],[-113.74031,42.19342],[-113.74068,42.19312],[-113.74101,42.19327],[-113.74086,42.19338],[-113.74112,42.19329],[-113.74125,42.1934],[-113.74119,42.1935],[-113.74098,42.19343]]],[[[-113.72858,42.19339],[-113.72855,42.19383],[-113.72779,42.19391],[-113.72769,42.19374],[-113.72726,42.19373],[-113.7271,42.19378],[-113.72699,42.19422],[-113.72646,42.19414],[-113.7264,42.19381],[-113.72622,42.1937],[-113.72633,42.19332],[-113.72769,42.19292],[-113.72808,42.19268],[-113.72847,42.19281],[-113.72856,42.19297],[-113.72838,42.19297],[-113.72858,42.19339]]],[[[-113.74073,42.19449],[-113.74097,42.19463],[-113.74126,42.19461],[-113.74143,42.19443],[-113.74168,42.19439],[-113.74147,42.19466],[-113.7417,42.1948],[-113.74133,42.19539],[-113.74128,42.19522],[-113.74112,42.19535],[-113.74105,42.19523],[-113.74083,42.19534],[-113.7409,42.19544],[-113.7407,42.1954],[-113.74034,42.19562],[-113.74012,42.19551],[-113.74049,42.19523],[-113.74042,42.19499],[-113.73978,42.19524],[-113.73977,42.1951],[-113.74002,42.19491],[-113.73996,42.19469],[-113.74025,42.19473],[-113.74073,42.19449]]],[[[-113.71324,42.19992],[-113.71368,42.1999],[-113.71382,42.20014],[-113.71324,42.19992]]],[[[-113.73607,42.20082],[-113.73613,42.20118],[-113.7355,42.20117],[-113.73557,42.20093],[-113.73607,42.20082]]],[[[-113.73558,42.20155],[-113.73528,42.20167],[-113.73516,42.20153],[-113.73558,42.20155]]],[[[-113.73045,42.20297],[-113.73053,42.20304],[-113.7304,42.20305],[-113.73045,42.20297]]],[[[-113.73262,42.20406],[-113.73266,42.20431],[-113.73241,42.2044],[-113.73262,42.20406]]]]},"properties":{"fire_id":"ufid:2026-IDSTF-000056","source_collection":"ytd","source_objectid":54185,"incident_name":"Summit Creek","mapped_acres":1887.3356977994206,"mapped_acres_source":"poly_GISAcres","gis_acres":1887.3356977994206,"auto_acres":1887.328578713289,"reported_acres":1887.0,"percent_contained":100.0,"state":"ID","state_wfigs":"US-ID","county":"Cassia","discovery_time_utc":"2026-05-25T20:02:00Z","perimeter_time_utc":null,"perimeter_edit_time_utc":"2026-06-06T23:44:54Z","incident_modified_time_utc":"2026-09-04T00:03:40Z","containment_time_utc":"2026-06-15T23:00:00Z","control_time_utc":null,"fire_out_time_utc":null,"fire_cause":"Natural","fire_cause_general":null,"map_method":"Mixed Methods","source_dataset":"2026 NIFS","unique_fire_identifier":"2026-IDSTF-000056","irwin_id":"{6B1C6EB1-30F7-4613-9C58-4801DC8FD822}","global_id":"206d2c27-db42-4401-b44f-e8d80c62799d"}},{"type":"Feature","geometry":{"type":"MultiPolygon","coordinates":[[[[-111.85055,43.71704],[-111.84977,43.71637],[-111.84913,43.71601],[-111.84754,43.71564],[-111.84606,43.71553],[-111.84555,43.7153],[-111.84679,43.71444],[-111.84827,43.71438],[-111.85004,43.71391],[-111.85095,43.71384],[-111.85091,43.71337],[-111.85117,43.71421],[-111.85158,43.71458],[-111.85135,43.71461],[-111.85125,43.71494],[-111.85164,43.71496],[-111.85198,43.71538],[-111.85143,43.71563],[-111.85196,43.71591],[-111.85176,43.71603],[-111.85144,43.71592],[-111.85156,43.71608],[-111.85135,43.71621],[-111.85177,43.71646],[-111.85179,43.71688],[-111.8515,43.71687],[-111.85144,43.71698],[-111.85085,43.71679],[-111.85055,43.71704]]],[[[-111.84605,43.72122],[-111.84505,43.72105],[-111.84368,43.72049],[-111.84278,43.72004],[-111.84268,43.71972],[-111.84223,43.71953],[-111.84207,43.71962],[-111.84207,43.71977],[-111.84081,43.71958],[-111.84028,43.719],[-111.84131,43.71799],[-111.84199,43.71758],[-111.84333,43.71686],[-111.84489,43.7165],[-111.84505,43.71673],[-111.84557,43.71704],[-111.84657,43.7173],[-111.84735,43.71768],[-111.84792,43.71842],[-111.84817,43.71938],[-111.84836,43.71939],[-111.84842,43.71866],[-111.84851,43.71874],[-111.84863,43.71964],[-111.84815,43.72025],[-111.84787,43.72038],[-111.84799,43.72063],[-111.84713,43.72092],[-111.84698,43.72108],[-111.84605,43.72122]]]]},"properties":{"fire_id":"ufid:2026-IDIFD-000023","source_collection":"ytd","source_objectid":54332,"incident_name":"Snake","mapped_acres":76.83595,"mapped_acres_source":"poly_GISAcres","gis_acres":76.83595,"auto_acres":76.83595998078519,"reported_acres":76.84,"percent_contained":null,"state":"ID","state_wfigs":"US-ID","county":"Jefferson","discovery_time_utc":"2026-04-09T20:36:00Z","perimeter_time_utc":"2026-05-29T15:53:39Z","perimeter_edit_time_utc":null,"incident_modified_time_utc":"2026-04-14T22:04:09Z","containment_time_utc":"2026-04-12T02:00:00Z","control_time_utc":"2026-04-14T22:00:00Z","fire_out_time_utc":"2026-05-04T22:00:00Z","fire_cause":"Human","fire_cause_general":"Debris and open burning","map_method":"Mixed Methods","source_dataset":"FFP","unique_fire_identifier":"2026-IDIFD-000023","irwin_id":"{6B086408-239B-48EB-B5FC-C66C5D4F5EF9}","global_id":"1c79a414-9b20-409b-a30d-ad4d491b7d06"}},{"type":"Feature","geometry":{"type":"Polygon","coordinates":[[[-114.82351,44.05429],[-114.82274,44.05355],[-114.82225,44.05337],[-114.82224,44.05321],[-114.82254,44.05332],[-114.8229,44.05319],[-114.82304,44.05327],[-114.82294,44.05332],[-114.82328,44.05335],[-114.82364,44.05406],[-114.82366,44.05422],[-114.82351,44.05429]]]},"properties":{"fire_id":"ufid:2026-IDCUX-000050","source_collection":"ytd","source_objectid":54421,"incident_name":"Rural Assist 1","mapped_acres":1.0,"mapped_acres_source":"poly_GISAcres","gis_acres":1.0,"auto_acres":1.2093021465695213,"reported_acres":1.21,"percent_contained":null,"state":"ID","state_wfigs":"US-ID","county":"Custer","discovery_time_utc":"2026-05-24T21:22:00Z","perimeter_time_utc":"2026-05-24T23:57:12Z","perimeter_edit_time_utc":"2026-06-01T14:46:42Z","incident_modified_time_utc":"2026-08-25T17:56:23Z","containment_time_utc":"2026-05-25T01:51:00Z","control_time_utc":"2026-05-25T01:51:00Z","fire_out_time_utc":"2026-05-25T01:51:00Z","fire_cause":"Undetermined","fire_cause_general":null,"map_method":"Auto-generated for InFORM","source_dataset":"2026 NIFS","unique_fire_identifier":"2026-IDCUX-000050","irwin_id":"{96D906FB-27B5-4F6C-9B89-3CAEB32AC133}","global_id":"3170745d-1b68-41f6-9c37-85380506879f"}},{"type":"Feature","geometry":{"type":"Polygon","coordinates":[[[-113.98806,42.51845],[-113.98825,42.51829],[-113.98882,42.51821],[-113.98865,42.51868],[-113.98812,42.51864],[-113.98806,42.51845]]]},"properties":{"fire_id":"ufid:2026-IDCAX-000053","source_collection":"ytd","source_objectid":54697,"incident_name":"West Milner","mapped_acres":0.6316278848317575,"mapped_acres_source":"poly_GISAcres","gis_acres":0.6316278848317575,"auto_acres":0.6316253760358941,"reported_acres":0.64,"percent_contained":null,"state":"ID","state_wfigs":"US-ID","county":"Cassia","discovery_time_utc":"2026-05-25T18:57:00Z","perimeter_time_utc":null,"perimeter_edit_time_utc":"2026-08-12T15:47:01Z","incident_modified_time_utc":"2026-07-11T21:28:56Z","containment_time_utc":"2026-05-25T21:03:00Z","control_time_utc":"2026-05-25T21:03:00Z","fire_out_time_utc":null,"fire_cause":"Human","fire_cause_general":null,"map_method":"Mixed Methods","source_dataset":"2026 NIFS","unique_fire_identifier":"2026-IDCAX-000053","irwin_id":"{87E64CCC-A1C3-484A-93F8-BF458EC1DEE7}","global_id":"d7df8149-e554-4c36-8f42-af749018366b"}},{"type":"Feature","geometry":{"type":"MultiPolygon","coordinates":[[[[-114.22358,42.47907],[-114.22213,42.47965],[-114.22143,42.48017],[-114.22128,42.4805],[-114.22094,42.48055],[-114.2207,42.48042],[-114.22114,42.47965],[-114.21989,42.47879],[-114.21992,42.47518],[-114.22974,42.47521],[-114.22984,42.48276],[-114.2297,42.48269],[-114.22964,42.48141],[-114.22941,42.48075],[-114.22883,42.47999],[-114.22799,42.47934],[-114.22698,42.47885],[-114.22623,42.47872],[-114.22394,42.47873],[-114.22358,42.47907]]],[[[-114.22358,42.47907],[-114.22357,42.47911],[-114.22357,42.47908],[-114.22358,42.47907]]]]},"properties":{"fire_id":"ufid:2026-IDTFD-000064","source_collection":"ytd","source_objectid":54700,"incident_name":"Murtaugh Fire","mapped_acres":94.0607298234929,"mapped_acres_source":"poly_GISAcres","gis_acres":94.0607298234929,"auto_acres":94.06035615973701,"reported_acres":94.06,"percent_contained":null,"state":"ID","state_wfigs":"US-ID","county":"Twin Falls","discovery_time_utc":"2026-05-28T20:36:23Z","perimeter_time_utc":null,"perimeter_edit_time_utc":"2026-08-12T15:47:01Z","incident_modified_time_utc":"2026-07-12T22:23:00Z","containment_time_utc":"2026-05-28T22:32:00Z","control_time_utc":"2026-05-29T00:53:00Z","fire_out_time_utc":null,"fire_cause":"Human","fire_cause_general":null,"map_method":"Mixed Methods","source_dataset":"2026 NIFS","unique_fire_identifier":"2026-IDTFD-000064","irwin_id":"{2CE7750F-6095-4959-A986-94650AA2EEEB}","global_id":"a31e63d8-df3c-4db2-943d-c54a31284742"}},{"type":"Feature","geometry":{"type":"Polygon","coordinates":[[[-114.37366,42.63053],[-114.37348,42.63029],[-114.37385,42.63029],[-114.37366,42.63053]]]},"properties":{"fire_id":"ufid:2026-IDTFD-000037","source_collection":"ytd","source_objectid":54701,"incident_name":"Devils","mapped_acres":0.1,"mapped_acres_source":"poly_GISAcres","gis_acres":0.1,"auto_acres":0.09999661545099307,"reported_acres":0.1,"percent_contained":null,"state":"ID","state_wfigs":"US-ID","county":"Jerome","discovery_time_utc":"2026-05-08T03:22:11Z","perimeter_time_utc":"2026-05-08T18:58:01Z","perimeter_edit_time_utc":"2026-06-08T15:24:12Z","incident_modified_time_utc":"2026-08-25T16:57:27Z","containment_time_utc":"2026-05-08T04:50:00Z","control_time_utc":"2026-05-08T04:53:00Z","fire_out_time_utc":"2026-05-17T06:00:00Z","fire_cause":"Human","fire_cause_general":null,"map_method":"Mixed Methods","source_dataset":"2026 NIFS","unique_fire_identifier":"2026-IDTFD-000037","irwin_id":"{BD95EE0B-E194-4FEB-A79F-E0372C4AF466}","global_id":"5ceb7698-6cd8-4c21-b431-944ca757d439"}},{"type":"Feature","geometry":{"type":"Polygon","coordinates":[[[-114.36843,42.6149],[-114.3656,42.61375],[-114.36557,42.61349],[-114.36569,42.61339],[-114.36744,42.61408],[-114.36635,42.61399],[-114.36748,42.6141],[-114.36842,42.61446],[-114.36852,42.61479],[-114.36843,42.6149]]]},"properties":{"fire_id":"ufid:2026-IDTFD-000070","source_collection":"ytd","source_objectid":54705,"incident_name":"Devils corral","mapped_acres":2.743989704430892,"mapped_acres_source":"poly_Acres_AutoCalc_fallback","gis_acres":null,"auto_acres":2.743989704430892,"reported_acres":2.74,"percent_contained":null,"state":"ID","state_wfigs":"US-ID","county":"Jerome","discovery_time_utc":"2026-06-05T20:35:00Z","perimeter_time_utc":null,"perimeter_edit_time_utc":"2026-07-11T22:48:26Z","incident_modified_time_utc":"2026-06-08T21:16:12Z","containment_time_utc":"2026-06-05T22:00:00Z","control_time_utc":"2026-06-05T23:01:00Z","fire_out_time_utc":null,"fire_cause":"Human","fire_cause_general":null,"map_method":"Mixed Methods","source_dataset":"2026 NIFS","unique_fire_identifier":"2026-IDTFD-000070","irwin_id":"{3EE74171-4518-4ACB-9446-5966DA493541}","global_id":"513f7dc6-39f3-4378-bf28-22e25cb99c7e"}},{"type":"Feature","geometry":{"type":"Polygon","coordinates":[[[-114.32272,42.57487],[-114.3211,42.57412],[-114.32111,42.57431],[-114.32146,42.57442],[-114.32134,42.57453],[-114.32119,42.57447],[-114.32112,42.57463],[-114.32083,42.57463],[-114.32054,42.57482],[-114.31996,42.57484],[-114.31994,42.57475],[-114.31992,42.57489],[-114.3197,42.575],[-114.31912,42.57482],[-114.32046,42.57392],[-114.32105,42.57399],[-114.32092,42.57383],[-114.32106,42.57361],[-114.32099,42.57347],[-114.32038,42.57349],[-114.32021,42.57336],[-114.32126,42.57339],[-114.32147,42.57359],[-114.32128,42.57371],[-114.32141,42.57381],[-114.32138,42.57368],[-114.32157,42.57363],[-114.32237,42.57397],[-114.32525,42.57431],[-114.32658,42.57419],[-114.3272,42.57385],[-114.32762,42.57382],[-114.3277,42.57399],[-114.32802,42.57412],[-114.32808,42.57431],[-114.32778,42.57489],[-114.32738,42.57528],[-114.32725,42.57521],[-114.3273,42.57488],[-114.32694,42.57497],[-114.32681,42.57554],[-114.32666,42.5757],[-114.32417,42.57567],[-114.32388,42.57545],[-114.32321,42.57525],[-114.32272,42.57487]]]},"properties":{"fire_id":"ufid:2026-IDTFD-000052","source_collection":"ytd","source_objectid":54708,"incident_name":"Garden of Eden","mapped_acres":21.26692035554867,"mapped_acres_source":"poly_GISAcres","gis_acres":21.26692035554867,"auto_acres":21.26683588941321,"reported_acres":21.26,"percent_contained":null,"state":"ID","state_wfigs":"US-ID","county":"Jerome","discovery_time_utc":"2026-05-25T00:41:08Z","perimeter_time_utc":null,"perimeter_edit_time_utc":"2026-08-12T20:11:57Z","incident_modified_time_utc":"2026-08-14T15:50:19Z","containment_time_utc":"2026-05-26T02:45:00Z","control_time_utc":"2026-05-26T23:45:00Z","fire_out_time_utc":"2026-07-08T17:43:00Z","fire_cause":"Human","fire_cause_general":null,"map_method":"Mixed Methods","source_dataset":"2026 NIFS","unique_fire_identifier":"2026-IDTFD-000052","irwin_id":"{E1A0F91C-8319-4274-B745-3F0E02DC9B2D}","global_id":"332da534-f435-4610-abcf-7362876f62d6"}},{"type":"Feature","geometry":{"type":"Polygon","coordinates":[[[-114.76694,42.80631],[-114.7659,42.80627],[-114.76304,42.80535],[-114.76108,42.80501],[-114.75798,42.80552],[-114.75444,42.80678],[-114.75291,42.8072],[-114.74566,42.80847],[-114.74184,42.80959],[-114.73149,42.8111],[-114.72942,42.81152],[-114.72571,42.81279],[-114.72393,42.81322],[-114.72231,42.81283],[-114.72096,42.81226],[-114.71983,42.81245],[-114.71898,42.81302],[-114.71678,42.81349],[-114.7144,42.81378],[-114.71152,42.81367],[-114.70852,42.81355],[-114.70695,42.81326],[-114.70542,42.8127],[-114.7037,42.81244],[-114.70034,42.81367],[-114.69861,42.81396],[-114.69606,42.81535],[-114.69459,42.81541],[-114.69324,42.815],[-114.69222,42.81439],[-114.69159,42.81359],[-114.69042,42.81335],[-114.68908,42.8136],[-114.67095,42.81312],[-114.66673,42.81346],[-114.66026,42.8136],[-114.64636,42.81481],[-114.63217,42.81686],[-114.62007,42.819],[-114.61752,42.81934],[-114.61233,42.81968],[-114.60975,42.81955],[-114.60547,42.81837],[-114.60163,42.81902],[-114.59967,42.819],[-114.59581,42.81844],[-114.59417,42.81839],[-114.59083,42.81861],[-114.57962,42.81887],[-114.57741,42.81916],[-114.57344,42.82055],[-114.57128,42.82097],[-114.56925,42.8208],[-114.56567,42.81766],[-114.56556,42.8165],[-114.56484,42.81555],[-114.56367,42.81489],[-114.56327,42.81421],[-114.56399,42.81413],[-114.56509,42.8145],[-114.56619,42.81438],[-114.56701,42.81402],[-114.56749,42.8135],[-114.56774,42.81114],[-114.56864,42.81083],[-114.57169,42.81123],[-114.57322,42.81121],[-114.57467,42.81103],[-114.57574,42.81053],[-114.57657,42.80993],[-114.57759,42.80958],[-114.57872,42.80985],[-114.57973,42.81048],[-114.581,42.81104],[-114.58238,42.81121],[-114.58517,42.81089],[-114.58755,42.81108],[-114.59135,42.81109],[-114.59229,42.81076],[-114.59213,42.80947],[-114.59389,42.80912],[-114.59561,42.80924],[-114.59668,42.80917],[-114.59781,42.80889],[-114.59867,42.80907],[-114.59865,42.80967],[-114.59893,42.81027],[-114.6,42.81057],[-114.60125,42.81074],[-114.60255,42.81056],[-114.60493,42.80983],[-114.60591,42.80851],[-114.60664,42.80775],[-114.60737,42.80792],[-114.60754,42.80872],[-114.60811,42.80959],[-114.6092,42.81027],[-114.61061,42.81075],[-114.61436,42.81024],[-114.61551,42.80948],[-114.6161,42.80851],[-114.61616,42.80754],[-114.61637,42.80684],[-114.61713,42.80697],[-114.61812,42.80735],[-114.61941,42.80756],[-114.62105,42.80758],[-114.62267,42.80705],[-114.62384,42.80603],[-114.62443,42.80494],[-114.62511,42.80446],[-114.62976,42.80568],[-114.62934,42.80624],[-114.6284,42.80664],[-114.62851,42.80728],[-114.63098,42.80717],[-114.63234,42.80777],[-114.63495,42.8095],[-114.63639,42.8099],[-114.63741,42.80943],[-114.63845,42.80917],[-114.64078,42.81017],[-114.64221,42.8103],[-114.64547,42.81033],[-114.64876,42.81068],[-114.64992,42.81034],[-114.65041,42.80847],[-114.65245,42.80488],[-114.65372,42.80419],[-114.65502,42.80454],[-114.65604,42.80525],[-114.65728,42.80542],[-114.65847,42.80503],[-114.66253,42.80411],[-114.66384,42.80442],[-114.66484,42.80513],[-114.66614,42.80551],[-114.66754,42.80553],[-114.66869,42.80596],[-114.66946,42.80675],[-114.67026,42.80727],[-114.67146,42.80713],[-114.67226,42.80653],[-114.67303,42.80554],[-114.67433,42.80493],[-114.67532,42.80418],[-114.67561,42.80318],[-114.67648,42.80245],[-114.67788,42.80214],[-114.67909,42.80139],[-114.67999,42.80042],[-114.68117,42.80003],[-114.68248,42.80056],[-114.6864,42.80251],[-114.68774,42.80227],[-114.68846,42.80144],[-114.68942,42.80112],[-114.69056,42.8012],[-114.69201,42.80037],[-114.69227,42.80033],[-114.69234,42.80057],[-114.69205,42.80138],[-114.69211,42.80168],[-114.69225,42.80193],[-114.69269,42.80205],[-114.69416,42.80107],[-114.69518,42.80064],[-114.69778,42.8005],[-114.69902,42.80068],[-114.70004,42.80119],[-114.70079,42.80207],[-114.70184,42.80296],[-114.70325,42.80359],[-114.70489,42.80369],[-114.70642,42.80313],[-114.7078,42.80233],[-114.70937,42.80212],[-114.71067,42.80243],[-114.71363,42.80372],[-114.71519,42.8041],[-114.71707,42.80418],[-114.71824,42.8034],[-114.71825,42.80096],[-114.71939,42.80035],[-114.72097,42.80042],[-114.72417,42.79923],[-114.72623,42.79899],[-114.72837,42.799],[-114.73057,42.79937],[-114.7327,42.80011],[-114.73495,42.80053],[-114.73967,42.80101],[-114.7446,42.80193],[-114.74658,42.80248],[-114.75006,42.80403],[-114.75224,42.8045],[-114.75439,42.80445],[-114.75615,42.80381],[-114.75726,42.80266],[-114.75762,42.80125],[-114.75701,42.79996],[-114.75496,42.7983],[-114.75536,42.79796],[-114.75661,42.79844],[-114.7598,42.80073],[-114.7677,42.80596],[-114.76694,42.80631]]]},"properties":{"fire_id":"ufid:2026-IDGOX-000081","source_collection":"ytd","source_objectid":55219,"incident_name":"Median","mapped_acres":4061.9964884630526,"mapped_acres_source":"poly_Acres_AutoCalc_fallback","gis_acres":null,"auto_acres":4061.9964884630526,"reported_acres":4060.0,"percent_contained":100.0,"state":"ID","state_wfigs":"US-ID","county":"Gooding","discovery_time_utc":"2026-06-17T17:55:00Z","perimeter_time_utc":null,"perimeter_edit_time_utc":"2026-06-24T23:19:13Z","incident_modified_time_utc":"2026-08-14T16:00:06Z","containment_time_utc":"2026-06-19T02:10:00Z","control_time_utc":"2026-06-19T23:40:00Z","fire_out_time_utc":"2026-06-26T16:20:00Z","fire_cause":"Human","fire_cause_general":null,"map_method":"Mixed Methods","source_dataset":"2026 NIFS","unique_fire_identifier":"2026-IDGOX-000081","irwin_id":"{5C3A9DC4-43AD-4B51-9110-554A2267D827}","global_id":"06d59cdc-5794-4089-8e26-4868f6465a0d"}},{"type":"Feature","geometry":{"type":"Polygon","coordinates":[[[-114.67305,42.03776],[-114.67317,42.03786],[-114.67315,42.03838],[-114.67327,42.03842],[-114.67311,42.03875],[-114.67299,42.03872],[-114.6731,42.03842],[-114.67279,42.03853],[-114.67252,42.03847],[-114.67278,42.03841],[-114.67284,42.03824],[-114.67307,42.03823],[-114.67289,42.03807],[-114.67238,42.03832],[-114.67208,42.03822],[-114.67103,42.03861],[-114.67059,42.03843],[-114.67078,42.03835],[-114.67082,42.03815],[-114.67103,42.03814],[-114.67101,42.03795],[-114.67204,42.03789],[-114.67239,42.038],[-114.67305,42.03776]]]},"properties":{"fire_id":"ufid:2026-IDTFD-000087","source_collection":"ytd","source_objectid":55221,"incident_name":"Twin springs","mapped_acres":2.563760784817831,"mapped_acres_source":"poly_GISAcres","gis_acres":2.563760784817831,"auto_acres":2.5637511060474285,"reported_acres":2.56,"percent_contained":null,"state":"ID","state_wfigs":"US-ID","county":"Twin Falls","discovery_time_utc":"2026-06-20T06:01:58Z","perimeter_time_utc":null,"perimeter_edit_time_utc":"2026-06-24T23:25:09Z","incident_modified_time_utc":"2026-08-25T17:02:34Z","containment_time_utc":"2026-06-20T08:52:00Z","control_time_utc":"2026-06-20T14:05:00Z","fire_out_time_utc":"2026-06-30T06:00:00Z","fire_cause":"Human","fire_cause_general":null,"map_method":"Mixed Methods","source_dataset":"2026 NIFS","unique_fire_identifier":"2026-IDTFD-000087","irwin_id":"{3D2C4209-3D03-467B-9395-28500A59358C}","global_id":"fc3dc242-fa8c-42fe-a6c8-5cb4db4f6466"}},{"type":"Feature","geometry":{"type":"Polygon","coordinates":[[[-111.89807,43.47283],[-111.89917,43.47367],[-111.89931,43.47395],[-111.90001,43.47456],[-111.89983,43.47461],[-111.89973,43.47502],[-111.89801,43.47507],[-111.89749,43.47487],[-111.89768,43.47514],[-111.89755,43.47521],[-111.89665,43.4749],[-111.89638,43.47464],[-111.89538,43.47414],[-111.89494,43.47369],[-111.89506,43.47342],[-111.89526,43.4734],[-111.89514,43.47312],[-111.89457,43.4727],[-111.89439,43.47225],[-111.89449,43.47219],[-111.89404,43.47198],[-111.89398,43.4717],[-111.89422,43.47169],[-111.89421,43.47159],[-111.89145,43.46972],[-111.89102,43.46926],[-111.89104,43.46898],[-111.89088,43.46892],[-111.89083,43.46862],[-111.89068,43.46852],[-111.89084,43.46843],[-111.89083,43.46817],[-111.89169,43.46808],[-111.89228,43.46817],[-111.89282,43.46844],[-111.89416,43.4696],[-111.89476,43.47038],[-111.89469,43.47049],[-111.89492,43.47065],[-111.89489,43.47081],[-111.89546,43.47104],[-111.896,43.47172],[-111.89586,43.47179],[-111.89599,43.47198],[-111.89628,43.47211],[-111.89622,43.47226],[-111.89649,43.47236],[-111.89653,43.47251],[-111.89673,43.47257],[-111.89663,43.47246],[-111.89672,43.47245],[-111.89707,43.47269],[-111.89807,43.47283]]]},"properties":{"fire_id":"ufid:2026-IDIFD-000092","source_collection":"ytd","source_objectid":55725,"incident_name":"Foothill","mapped_acres":41.6138882952269,"mapped_acres_source":"poly_Acres_AutoCalc_fallback","gis_acres":null,"auto_acres":41.6138882952269,"reported_acres":41.62,"percent_contained":null,"state":"ID","state_wfigs":"US-ID","county":"Bonneville","discovery_time_utc":"2026-07-05T12:47:59Z","perimeter_time_utc":null,"perimeter_edit_time_utc":"2026-07-06T16:16:54Z","incident_modified_time_utc":"2026-08-15T20:21:49Z","containment_time_utc":"2026-07-05T17:00:00Z","control_time_utc":"2026-07-06T21:00:00Z","fire_out_time_utc":"2026-07-10T00:00:00Z","fire_cause":"Human","fire_cause_general":null,"map_method":"GPS-Walked","source_dataset":"2026 NIFS","unique_fire_identifier":"2026-IDIFD-000092","irwin_id":"{02E92D32-C677-4B30-9C99-10497FB94AEC}","global_id":"8e209c18-61d6-479d-927d-132c08dc59a6"}},{"type":"Feature","geometry":{"type":"Polygon","coordinates":[[[-114.90787,43.66738],[-114.90784,43.66749],[-114.90761,43.66745],[-114.90787,43.66738]]]},"properties":{"fire_id":"ufid:2026-IDSTF-000073","source_collection":"ytd","source_objectid":55754,"incident_name":"Skunk Fire","mapped_acres":0.05883909735231759,"mapped_acres_source":"poly_Acres_AutoCalc_fallback","gis_acres":null,"auto_acres":0.05883909735231759,"reported_acres":0.06,"percent_contained":null,"state":"ID","state_wfigs":"US-ID","county":"Camas","discovery_time_utc":"2026-06-06T18:27:00Z","perimeter_time_utc":"2026-07-06T19:10:05Z","perimeter_edit_time_utc":null,"incident_modified_time_utc":"2026-06-24T19:11:27Z","containment_time_utc":"2026-06-06T22:20:00Z","control_time_utc":"2026-06-07T18:30:00Z","fire_out_time_utc":"2026-06-24T19:10:00Z","fire_cause":"Natural","fire_cause_general":"Natural","map_method":"Mixed Methods","source_dataset":"FFP","unique_fire_identifier":"2026-IDSTF-000073","irwin_id":"{E056642F-4E2C-4D45-9D58-CD6B94D3F47D}","global_id":"b1ff4a98-1485-4476-b2b1-51daccdd84c6"}},{"type":"Feature","geometry":{"type":"Polygon","coordinates":[[[-111.91089,43.85518],[-111.91164,43.85505],[-111.91307,43.85535],[-111.91337,43.85502],[-111.91449,43.85535],[-111.91501,43.85525],[-111.91521,43.85539],[-111.91596,43.85473],[-111.91577,43.85454],[-111.9145,43.8545],[-111.91345,43.85415],[-111.91216,43.85409],[-111.91183,43.8543],[-111.91157,43.85402],[-111.91106,43.85395],[-111.91096,43.85365],[-111.91104,43.85352],[-111.91071,43.8532],[-111.91029,43.85313],[-111.9105,43.85283],[-111.91016,43.85253],[-111.90928,43.85267],[-111.90927,43.85208],[-111.90889,43.85188],[-111.90844,43.85224],[-111.90827,43.85255],[-111.90812,43.85249],[-111.90813,43.8523],[-111.90785,43.85252],[-111.90792,43.85282],[-111.90841,43.85349],[-111.90821,43.85354],[-111.90793,43.85321],[-111.90763,43.85343],[-111.90742,43.85341],[-111.90732,43.85328],[-111.90768,43.8528],[-111.90764,43.85233],[-111.90731,43.85221],[-111.90703,43.85191],[-111.90637,43.85205],[-111.90626,43.85226],[-111.90593,43.85205],[-111.90587,43.85199],[-111.90689,43.85157],[-111.90697,43.85142],[-111.90739,43.85145],[-111.90778,43.85111],[-111.9078,43.85092],[-111.90834,43.85057],[-111.90965,43.84842],[-111.90964,43.84827],[-111.91,43.84798],[-111.90904,43.84791],[-111.90818,43.84727],[-111.9075,43.84719],[-111.90725,43.8473],[-111.90746,43.84774],[-111.90733,43.84799],[-111.9068,43.84777],[-111.90621,43.848],[-111.90571,43.84798],[-111.90499,43.84771],[-111.90464,43.84775],[-111.90423,43.84802],[-111.90319,43.84803],[-111.90274,43.84788],[-111.90274,43.84728],[-111.90306,43.84699],[-111.90313,43.84627],[-111.90389,43.84606],[-111.90318,43.84563],[-111.90331,43.84512],[-111.90382,43.84443],[-111.90461,43.84423],[-111.90483,43.84324],[-111.90475,43.84308],[-111.90395,43.84319],[-111.90343,43.84387],[-111.90306,43.84398],[-111.90179,43.84345],[-111.90176,43.84329],[-111.90236,43.84294],[-111.90239,43.84266],[-111.90197,43.84189],[-111.90191,43.8416],[-111.90201,43.84144],[-111.90237,43.84165],[-111.90303,43.84158],[-111.90407,43.8421],[-111.90471,43.84215],[-111.90498,43.8421],[-111.90594,43.8414],[-111.90644,43.84132],[-111.90693,43.84083],[-111.90852,43.84082],[-111.91204,43.83992],[-111.91306,43.84018],[-111.91412,43.83987],[-111.91453,43.84013],[-111.91563,43.84024],[-111.91807,43.84009],[-111.91916,43.84024],[-111.92014,43.84046],[-111.92036,43.84065],[-111.92249,43.84076],[-111.92308,43.84101],[-111.92376,43.84091],[-111.92515,43.84131],[-111.92547,43.84125],[-111.92604,43.84139],[-111.9265,43.84161],[-111.92679,43.84133],[-111.92767,43.84141],[-111.92794,43.84166],[-111.92944,43.8416],[-111.93052,43.84269],[-111.93084,43.84281],[-111.93172,43.84257],[-111.9332,43.84269],[-111.9344,43.84253],[-111.93493,43.84273],[-111.93659,43.84233],[-111.93678,43.84218],[-111.93737,43.84244],[-111.93797,43.84212],[-111.93804,43.84188],[-111.93786,43.84142],[-111.93846,43.84106],[-111.93886,43.84115],[-111.93914,43.84186],[-111.94113,43.84145],[-111.94178,43.84079],[-111.94219,43.84066],[-111.94259,43.84018],[-111.94363,43.84013],[-111.94436,43.83971],[-111.94544,43.83934],[-111.94621,43.83868],[-111.94617,43.83843],[-111.94683,43.838],[-111.9474,43.83728],[-111.94775,43.8371],[-111.9478,43.83675],[-111.94765,43.8362],[-111.94726,43.83564],[-111.94802,43.83547],[-111.94955,43.83547],[-111.94951,43.83523],[-111.94927,43.83524],[-111.94914,43.8351],[-111.94912,43.83485],[-111.94987,43.83481],[-111.95019,43.83425],[-111.95066,43.83417],[-111.95103,43.83367],[-111.95125,43.83364],[-111.95157,43.83303],[-111.95218,43.83263],[-111.95224,43.83224],[-111.95282,43.83168],[-111.95292,43.83082],[-111.95401,43.82921],[-111.95387,43.82913],[-111.9539,43.82902],[-111.95466,43.82878],[-111.95496,43.82842],[-111.95479,43.82815],[-111.95573,43.82805],[-111.9559,43.82898],[-111.95619,43.82944],[-111.95722,43.83061],[-111.95776,43.83095],[-111.95772,43.83119],[-111.95714,43.83185],[-111.95695,43.83273],[-111.95632,43.83368],[-111.95547,43.83425],[-111.95501,43.83479],[-111.9553,43.83543],[-111.95429,43.83609],[-111.95426,43.83625],[-111.95457,43.83652],[-111.95455,43.83666],[-111.954,43.83697],[-111.95355,43.83698],[-111.95272,43.83725],[-111.95264,43.83766],[-111.95204,43.83773],[-111.95173,43.83824],[-111.95156,43.83884],[-111.95169,43.84001],[-111.95099,43.84048],[-111.95073,43.84097],[-111.95002,43.84173],[-111.94915,43.84229],[-111.94853,43.84237],[-111.94792,43.84304],[-111.94775,43.84345],[-111.94772,43.84398],[-111.94665,43.84423],[-111.94575,43.84519],[-111.94485,43.84563],[-111.9446,43.84595],[-111.94378,43.84626],[-111.94347,43.84671],[-111.94257,43.8473],[-111.94137,43.84777],[-111.94,43.84809],[-111.93981,43.84831],[-111.93908,43.84864],[-111.93884,43.84888],[-111.93898,43.84901],[-111.93877,43.84928],[-111.93857,43.84896],[-111.9379,43.8493],[-111.93787,43.85],[-111.93707,43.85033],[-111.93688,43.85118],[-111.93672,43.85139],[-111.93594,43.85188],[-111.9351,43.85179],[-111.93481,43.85199],[-111.93418,43.85296],[-111.93327,43.85326],[-111.93336,43.85397],[-111.93419,43.85452],[-111.93499,43.85637],[-111.93582,43.85654],[-111.93653,43.85717],[-111.93537,43.85814],[-111.93427,43.8586],[-111.93237,43.85899],[-111.92884,43.859],[-111.92842,43.85883],[-111.92811,43.85852],[-111.92648,43.85837],[-111.92555,43.85864],[-111.92527,43.85891],[-111.92499,43.85896],[-111.92463,43.85936],[-111.9239,43.8596],[-111.92374,43.85978],[-111.92368,43.86014],[-111.9231,43.86019],[-111.92266,43.86046],[-111.9223,43.86118],[-111.92173,43.86155],[-111.92166,43.8619],[-111.92178,43.86248],[-111.92163,43.86273],[-111.92114,43.86299],[-111.92029,43.86297],[-111.91983,43.86318],[-111.9198,43.86364],[-111.91876,43.8644],[-111.9185,43.86547],[-111.9178,43.86611],[-111.9171,43.86635],[-111.91671,43.86673],[-111.91577,43.86709],[-111.91542,43.86742],[-111.91467,43.86779],[-111.91419,43.86832],[-111.91349,43.86861],[-111.913,43.86899],[-111.91253,43.86862],[-111.91129,43.86843],[-111.91114,43.86812],[-111.91073,43.86811],[-111.91066,43.86787],[-111.90993,43.86758],[-111.90948,43.86583],[-111.90956,43.86552],[-111.90982,43.86536],[-111.91035,43.86439],[-111.91034,43.86405],[-111.90961,43.86312],[-111.90932,43.86301],[-111.90911,43.86263],[-111.90861,43.86219],[-111.90888,43.86205],[-111.90964,43.86232],[-111.91008,43.8626],[-111.91004,43.86285],[-111.91022,43.86313],[-111.91046,43.86312],[-111.91123,43.86249],[-111.91101,43.86221],[-111.91022,43.86212],[-111.91033,43.86192],[-111.91121,43.86159],[-111.91169,43.86171],[-111.91197,43.86124],[-111.91296,43.86053],[-111.91295,43.86031],[-111.91352,43.85953],[-111.91356,43.85919],[-111.91315,43.85871],[-111.91358,43.8578],[-111.91318,43.85676],[-111.91217,43.85591],[-111.91201,43.85563],[-111.91114,43.85549],[-111.91089,43.85518]]]},"properties":{"fire_id":"ufid:2026-IDIFD-000096","source_collection":"ytd","source_objectid":55783,"incident_name":"Maze","mapped_acres":1579.0109642102213,"mapped_acres_source":"poly_Acres_AutoCalc_fallback","gis_acres":null,"auto_acres":1579.0109642102213,"reported_acres":1579.01,"percent_contained":100.0,"state":"ID","state_wfigs":"US-ID","county":"Madison","discovery_time_utc":"2026-07-06T21:41:00Z","perimeter_time_utc":null,"perimeter_edit_time_utc":"2026-07-07T18:42:41Z","incident_modified_time_utc":"2026-08-15T20:32:37Z","containment_time_utc":"2026-07-08T00:00:00Z","control_time_utc":"2026-07-10T01:05:00Z","fire_out_time_utc":"2026-07-14T00:00:00Z","fire_cause":"Human","fire_cause_general":null,"map_method":"GPS-Driven","source_dataset":"2026 NIFS","unique_fire_identifier":"2026-IDIFD-000096","irwin_id":"{20C0DD91-62F5-45C2-81D3-32F93F0BFC1C}","global_id":"489e202e-4aec-4cfb-80ae-88319c9813f0"}},{"type":"Feature","geometry":{"type":"Polygon","coordinates":[[[-114.86031,43.53392],[-114.86035,43.53404],[-114.86017,43.534],[-114.86031,43.53392]]]},"properties":{"fire_id":"ufid:2026-IDSTF-000112","source_collection":"ytd","source_objectid":55990,"incident_name":"Corral Fire","mapped_acres":0.1,"mapped_acres_source":"poly_GISAcres","gis_acres":0.1,"auto_acres":0.055731527864713595,"reported_acres":0.06,"percent_contained":null,"state":"ID","state_wfigs":"US-ID","county":"Camas","discovery_time_utc":"2026-07-03T23:22:13Z","perimeter_time_utc":null,"perimeter_edit_time_utc":"2026-08-11T21:36:59Z","incident_modified_time_utc":"2026-07-11T18:50:51Z","containment_time_utc":"2026-07-04T01:10:00Z","control_time_utc":"2026-07-04T01:45:00Z","fire_out_time_utc":"2026-07-04T21:12:00Z","fire_cause":"Human","fire_cause_general":null,"map_method":"Mixed Methods","source_dataset":"2026 NIFS","unique_fire_identifier":"2026-IDSTF-000112","irwin_id":"{82541A9D-C7BA-41F3-864B-B2215468FFD3}","global_id":"cf0b1d0b-7b32-4e27-b006-957a04fe52d3"}},{"type":"Feature","geometry":{"type":"Polygon","coordinates":[[[-113.97521,42.52056],[-113.97994,42.52048],[-113.98003,42.52068],[-113.97908,42.5214],[-113.97581,42.52287],[-113.97552,42.52347],[-113.97474,42.52436],[-113.9717,42.52482],[-113.97199,42.5238],[-113.97232,42.52343],[-113.97563,42.52182],[-113.97266,42.52203],[-113.97167,42.52196],[-113.97194,42.52166],[-113.97236,42.52146],[-113.97341,42.52124],[-113.97521,42.52056]]]},"properties":{"fire_id":"ufid:2026-IDTFD-000069","source_collection":"ytd","source_objectid":56011,"incident_name":"West Milner Road","mapped_acres":35.739300428606626,"mapped_acres_source":"poly_Acres_AutoCalc_fallback","gis_acres":null,"auto_acres":35.739300428606626,"reported_acres":35.74,"percent_contained":null,"state":"ID","state_wfigs":"US-ID","county":"Cassia","discovery_time_utc":"2026-06-05T02:29:00Z","perimeter_time_utc":null,"perimeter_edit_time_utc":"2026-07-11T22:47:36Z","incident_modified_time_utc":"2026-07-13T00:25:13Z","containment_time_utc":"2026-06-05T17:00:00Z","control_time_utc":"2026-06-05T19:19:00Z","fire_out_time_utc":null,"fire_cause":"Human","fire_cause_general":null,"map_method":"Mixed Methods","source_dataset":"2026 NIFS","unique_fire_identifier":"2026-IDTFD-000069","irwin_id":"{FC4AFD09-B412-4DD4-A19C-323F71E97F1E}","global_id":"9569e2eb-975a-424c-b21d-808f0e9237c7"}},{"type":"Feature","geometry":{"type":"Polygon","coordinates":[[[-114.96752,42.55117],[-114.96766,42.55107],[-114.96941,42.55128],[-114.96908,42.55141],[-114.96876,42.55123],[-114.96752,42.55117]]]},"properties":{"fire_id":"ufid:2026-IDTFD-000074","source_collection":"ytd","source_objectid":56012,"incident_name":"Balanced Rock","mapped_acres":0.5808074012989661,"mapped_acres_source":"poly_Acres_AutoCalc_fallback","gis_acres":null,"auto_acres":0.5808074012989661,"reported_acres":0.58,"percent_contained":null,"state":"ID","state_wfigs":"US-ID","county":"Twin Falls","discovery_time_utc":"2026-06-09T23:16:32Z","perimeter_time_utc":null,"perimeter_edit_time_utc":"2026-07-11T22:49:51Z","incident_modified_time_utc":"2026-07-12T22:22:26Z","containment_time_utc":"2026-06-10T01:00:00Z","control_time_utc":"2026-06-10T01:39:00Z","fire_out_time_utc":"2026-06-26T16:20:00Z","fire_cause":"Human","fire_cause_general":null,"map_method":"Mixed Methods","source_dataset":"2026 NIFS","unique_fire_identifier":"2026-IDTFD-000074","irwin_id":"{4A60D8B2-E46F-4587-9DA7-EF43FA4F5931}","global_id":"468d9dce-92fe-4ead-93e0-287615c691db"}},{"type":"Feature","geometry":{"type":"Polygon","coordinates":[[[-113.14273,42.26673],[-113.14215,42.26616],[-113.14299,42.26673],[-113.14273,42.26673]]]},"properties":{"fire_id":"ufid:2026-IDCAX-000084","source_collection":"ytd","source_objectid":56013,"incident_name":"Compton","mapped_acres":0.2662454107046281,"mapped_acres_source":"poly_Acres_AutoCalc_fallback","gis_acres":null,"auto_acres":0.2662454107046281,"reported_acres":0.27,"percent_contained":null,"state":"ID","state_wfigs":"US-ID","county":"Cassia","discovery_time_utc":"2026-06-18T19:02:00Z","perimeter_time_utc":null,"perimeter_edit_time_utc":"2026-07-11T22:52:39Z","incident_modified_time_utc":"2026-08-14T16:24:50Z","containment_time_utc":"2026-06-18T19:15:00Z","control_time_utc":"2026-06-18T19:48:00Z","fire_out_time_utc":"2026-06-18T19:48:00Z","fire_cause":"Human","fire_cause_general":null,"map_method":"Mixed Methods","source_dataset":"2026 NIFS","unique_fire_identifier":"2026-IDCAX-000084","irwin_id":"{33C8C65B-94C3-41A9-8669-287A302D9F67}","global_id":"f7cf8656-20b3-4325-817f-c357b69f644b"}},{"type":"Feature","geometry":{"type":"MultiPolygon","coordinates":[[[[-113.02336,42.19072],[-113.02225,42.189],[-113.0213,42.18785],[-113.02144,42.18793],[-113.02144,42.18776],[-113.02094,42.18724],[-113.0211,42.18724],[-113.02206,42.18802],[-113.02269,42.18915],[-113.023,42.1891],[-113.02326,42.18936],[-113.0231,42.18959],[-113.02331,42.18982],[-113.02329,42.18998],[-113.02363,42.19021],[-113.02355,42.19035],[-113.02366,42.19043],[-113.02336,42.19072]]],[[[-113.02103,42.18807],[-113.01909,42.18639],[-113.01944,42.18643],[-113.01996,42.18681],[-113.02122,42.18798],[-113.02103,42.18807]]]]},"properties":{"fire_id":"ufid:2026-IDIFD-000082","source_collection":"ytd","source_objectid":56014,"incident_name":"Black Pine","mapped_acres":4.764472363063019,"mapped_acres_source":"poly_GISAcres","gis_acres":4.764472363063019,"auto_acres":4.764453441385417,"reported_acres":4.76,"percent_contained":null,"state":"ID","state_wfigs":"US-ID","county":"Cassia","discovery_time_utc":"2026-06-18T16:46:00Z","perimeter_time_utc":null,"perimeter_edit_time_utc":"2026-07-15T15:35:01Z","incident_modified_time_utc":"2026-08-14T16:25:44Z","containment_time_utc":"2026-06-19T01:30:00Z","control_time_utc":"2026-06-19T04:00:00Z","fire_out_time_utc":null,"fire_cause":"Undetermined","fire_cause_general":null,"map_method":"Mixed Methods","source_dataset":"2026 NIFS","unique_fire_identifier":"2026-IDIFD-000082","irwin_id":"{9BFCCEA5-C101-40D2-9106-6161F43C65EA}","global_id":"0ce13291-0e99-457d-ab54-6818a6f7cfcc"}},{"type":"Feature","geometry":{"type":"Polygon","coordinates":[[[-114.86951,42.80485],[-114.86918,42.80551],[-114.86817,42.80565],[-114.86809,42.8059],[-114.86828,42.80634],[-114.86809,42.80665],[-114.86757,42.80672],[-114.8672,42.80704],[-114.86699,42.8075],[-114.86806,42.80824],[-114.86899,42.80958],[-114.86899,42.81004],[-114.86778,42.81152],[-114.86561,42.81058],[-114.86438,42.80969],[-114.86273,42.80807],[-114.86191,42.80694],[-114.85976,42.80503],[-114.86031,42.80429],[-114.86302,42.80437],[-114.8646,42.80357],[-114.86505,42.80388],[-114.8655,42.80382],[-114.86562,42.80397],[-114.86643,42.80404],[-114.86853,42.80392],[-114.86933,42.80355],[-114.86951,42.80485]]]},"properties":{"fire_id":"ufid:2026-IDGOX-000094","source_collection":"ytd","source_objectid":56015,"incident_name":"Tupper","mapped_acres":94.51274768640901,"mapped_acres_source":"poly_Acres_AutoCalc_fallback","gis_acres":null,"auto_acres":94.51274768640901,"reported_acres":94.51,"percent_contained":null,"state":"ID","state_wfigs":"US-ID","county":"Gooding","discovery_time_utc":"2026-06-24T22:51:10Z","perimeter_time_utc":null,"perimeter_edit_time_utc":"2026-07-11T22:57:10Z","incident_modified_time_utc":"2026-08-31T02:12:45Z","containment_time_utc":"2026-06-25T20:53:00Z","control_time_utc":"2026-06-25T20:53:00Z","fire_out_time_utc":"2026-06-25T20:53:00Z","fire_cause":"Undetermined","fire_cause_general":null,"map_method":"Mixed Methods","source_dataset":"2026 NIFS","unique_fire_identifier":"2026-IDGOX-000094","irwin_id":"{DE14EC07-4F76-4833-9A6D-C04CEAAB5065}","global_id":"cd9db143-d368-4fae-97f1-e0e78f8ef61a"}},{"type":"Feature","geometry":{"type":"Polygon","coordinates":[[[-114.01855,43.29298],[-114.01876,43.29297],[-114.0194,43.29329],[-114.01898,43.2936],[-114.01872,43.29361],[-114.01857,43.29344],[-114.01873,43.29312],[-114.01855,43.29298]]]},"properties":{"fire_id":"ufid:2026-IDBLX-000107","source_collection":"ytd","source_objectid":56019,"incident_name":"Picabo","mapped_acres":0.716784309612997,"mapped_acres_source":"poly_Acres_AutoCalc_fallback","gis_acres":null,"auto_acres":0.716784309612997,"reported_acres":0.72,"percent_contained":null,"state":"ID","state_wfigs":"US-ID","county":"Blaine","discovery_time_utc":"2026-07-01T22:22:49Z","perimeter_time_utc":null,"perimeter_edit_time_utc":"2026-07-11T23:06:42Z","incident_modified_time_utc":"2026-08-25T17:08:19Z","containment_time_utc":"2026-07-01T23:32:00Z","control_time_utc":"2026-07-01T23:57:00Z","fire_out_time_utc":"2026-07-11T06:00:00Z","fire_cause":"Human","fire_cause_general":null,"map_method":"Mixed Methods","source_dataset":"2026 NIFS","unique_fire_identifier":"2026-IDBLX-000107","irwin_id":"{7F0BF5D8-F02D-4A1B-A3C0-B13421BEE491}","global_id":"145fbcab-a8ef-4d0b-9b43-09095cbeccaf"}},{"type":"Feature","geometry":{"type":"Polygon","coordinates":[[[-114.36832,42.63187],[-114.36805,42.63161],[-114.36826,42.63145],[-114.36915,42.63136],[-114.36969,42.63093],[-114.37051,42.63055],[-114.37078,42.63056],[-114.37084,42.63037],[-114.37098,42.63041],[-114.37104,42.63096],[-114.37089,42.63096],[-114.37137,42.63167],[-114.37127,42.63207],[-114.37133,42.6332],[-114.37103,42.63351],[-114.37124,42.63401],[-114.37117,42.63472],[-114.37098,42.63499],[-114.37119,42.63496],[-114.37123,42.63519],[-114.37069,42.63524],[-114.37044,42.63504],[-114.36994,42.63493],[-114.36965,42.63431],[-114.36911,42.63394],[-114.36888,42.63293],[-114.3686,42.6326],[-114.36832,42.63187]]]},"properties":{"fire_id":"ufid:2026-IDJMX-000103","source_collection":"ytd","source_objectid":56020,"incident_name":"Glen","mapped_acres":21.379638654674906,"mapped_acres_source":"poly_GISAcres","gis_acres":21.379638654674906,"auto_acres":21.379551283386206,"reported_acres":21.38,"percent_contained":null,"state":"ID","state_wfigs":"US-ID","county":"Jerome","discovery_time_utc":"2026-06-25T21:43:03Z","perimeter_time_utc":null,"perimeter_edit_time_utc":"2026-08-12T20:11:57Z","incident_modified_time_utc":"2026-08-14T15:52:38Z","containment_time_utc":"2026-06-26T00:05:00Z","control_time_utc":"2026-06-26T21:35:00Z","fire_out_time_utc":null,"fire_cause":"Human","fire_cause_general":null,"map_method":"Mixed Methods","source_dataset":"2026 NIFS","unique_fire_identifier":"2026-IDJMX-000103","irwin_id":"{8696A2DD-BC65-4B7D-8EE6-6B3650F056C1}","global_id":"31b5644b-347e-489b-a9c6-76d8807c690e"}},{"type":"Feature","geometry":{"type":"Polygon","coordinates":[[[-113.87667,42.76959],[-113.87698,42.76879],[-113.87744,42.7688],[-113.87772,42.76897],[-113.87778,42.76939],[-113.87726,42.76966],[-113.87667,42.76959]]]},"properties":{"fire_id":"ufid:2026-IDTFD-000110","source_collection":"ytd","source_objectid":56021,"incident_name":"Wind Cave","mapped_acres":1.7237503438816535,"mapped_acres_source":"poly_Acres_AutoCalc_fallback","gis_acres":null,"auto_acres":1.7237503438816535,"reported_acres":1.72,"percent_contained":null,"state":"ID","state_wfigs":"US-ID","county":"Lincoln","discovery_time_utc":"2026-07-03T04:50:00Z","perimeter_time_utc":null,"perimeter_edit_time_utc":"2026-07-11T23:08:52Z","incident_modified_time_utc":"2026-08-25T17:09:19Z","containment_time_utc":"2026-07-03T16:00:00Z","control_time_utc":"2026-07-03T16:00:00Z","fire_out_time_utc":"2026-07-13T06:00:00Z","fire_cause":"Human","fire_cause_general":null,"map_method":"Mixed Methods","source_dataset":"2026 NIFS","unique_fire_identifier":"2026-IDTFD-000110","irwin_id":"{1F229B5F-60E9-4F18-AF9B-530A6D52E8C3}","global_id":"3734308a-e21d-4a77-9c39-dc7e6181d33a"}},{"type":"Feature","geometry":{"type":"Polygon","coordinates":[[[-113.85015,42.77869],[-113.8525,42.77872],[-113.8526,42.77883],[-113.85235,42.77887],[-113.85237,42.77913],[-113.85196,42.77959],[-113.85197,42.78011],[-113.85154,42.78027],[-113.85106,42.7811],[-113.8503,42.78144],[-113.84997,42.782],[-113.84949,42.78246],[-113.84815,42.78307],[-113.84803,42.78328],[-113.84719,42.78377],[-113.84703,42.78403],[-113.846,42.78457],[-113.84562,42.78495],[-113.84424,42.78582],[-113.84331,42.78621],[-113.84299,42.78631],[-113.84203,42.78624],[-113.84288,42.78595],[-113.84285,42.78555],[-113.84266,42.78543],[-113.84159,42.78584],[-113.84116,42.78588],[-113.84103,42.78599],[-113.84105,42.78623],[-113.83939,42.78617],[-113.84005,42.78585],[-113.84127,42.78558],[-113.8413,42.78535],[-113.84223,42.78479],[-113.84285,42.78423],[-113.84309,42.78384],[-113.8431,42.78223],[-113.84322,42.78181],[-113.84419,42.78134],[-113.84503,42.78083],[-113.84523,42.78052],[-113.84589,42.78021],[-113.84745,42.77955],[-113.85015,42.77869]]]},"properties":{"fire_id":"ufid:2026-IDTFD-000113","source_collection":"ytd","source_objectid":56022,"incident_name":"Kimama Butte","mapped_acres":80.38335938881613,"mapped_acres_source":"poly_GISAcres","gis_acres":80.38335938881613,"auto_acres":80.38303988181973,"reported_acres":80.38,"percent_contained":null,"state":"ID","state_wfigs":"US-ID","county":"Lincoln","discovery_time_utc":"2026-07-04T03:00:00Z","perimeter_time_utc":null,"perimeter_edit_time_utc":"2026-08-12T20:11:57Z","incident_modified_time_utc":"2026-08-25T17:09:54Z","containment_time_utc":"2026-07-04T08:00:00Z","control_time_utc":"2026-07-05T00:10:00Z","fire_out_time_utc":"2026-07-14T06:00:00Z","fire_cause":"Human","fire_cause_general":null,"map_method":"Mixed Methods","source_dataset":"2026 NIFS","unique_fire_identifier":"2026-IDTFD-000113","irwin_id":"{7A77FCF4-AB22-498D-8132-01A4B74AFF47}","global_id":"1b917602-b9be-447b-ac26-a940b56fde43"}},{"type":"Feature","geometry":{"type":"Polygon","coordinates":[[[-114.46131,42.64783],[-114.46128,42.64785],[-114.46124,42.64783],[-114.46131,42.64783]]]},"properties":{"fire_id":"ufid:2026-IDTFD-000109","source_collection":"ytd","source_objectid":56023,"incident_name":"Veteran Fire","mapped_acres":0.001171570917702302,"mapped_acres_source":"poly_Acres_AutoCalc_fallback","gis_acres":null,"auto_acres":0.001171570917702302,"reported_acres":0.01,"percent_contained":null,"state":"ID","state_wfigs":"US-ID","county":"Jerome","discovery_time_utc":"2026-07-02T01:00:00Z","perimeter_time_utc":null,"perimeter_edit_time_utc":"2026-07-11T23:08:08Z","incident_modified_time_utc":"2026-08-25T17:08:47Z","containment_time_utc":"2026-07-02T02:01:00Z","control_time_utc":"2026-07-02T02:11:00Z","fire_out_time_utc":"2026-07-11T06:00:00Z","fire_cause":"Human","fire_cause_general":null,"map_method":"Mixed Methods","source_dataset":"2026 NIFS","unique_fire_identifier":"2026-IDTFD-000109","irwin_id":"{C86B3B2A-7102-4107-83DA-53E2309D0180}","global_id":"a1c57aab-650e-417d-b25e-c3b555b34d75"}},{"type":"Feature","geometry":{"type":"MultiPolygon","coordinates":[[[[-113.83809,42.77892],[-113.83848,42.77865],[-113.83898,42.7786],[-113.8394,42.77832],[-113.84021,42.77838],[-113.84042,42.7785],[-113.84131,42.77801],[-113.84212,42.77821],[-113.84271,42.77865],[-113.83809,42.77892]]],[[[-113.83557,42.7789],[-113.83581,42.77859],[-113.83622,42.77851],[-113.83653,42.77858],[-113.83684,42.77889],[-113.83557,42.7789]]],[[[-113.83554,42.77889],[-113.83554,42.7789],[-113.83553,42.77889],[-113.83554,42.77889]]]]},"properties":{"fire_id":"ufid:2026-IDTFD-000114","source_collection":"ytd","source_objectid":56025,"incident_name":"Kimama Butte 2","mapped_acres":5.495281588797358,"mapped_acres_source":"poly_GISAcres","gis_acres":5.495281588797358,"auto_acres":5.495259756936072,"reported_acres":4.74,"percent_contained":null,"state":"ID","state_wfigs":"US-ID","county":"Lincoln","discovery_time_utc":"2026-07-04T03:10:00Z","perimeter_time_utc":null,"perimeter_edit_time_utc":"2026-08-12T15:47:01Z","incident_modified_time_utc":"2026-08-25T17:10:20Z","containment_time_utc":"2026-07-04T08:00:00Z","control_time_utc":"2026-07-05T00:10:00Z","fire_out_time_utc":"2026-07-14T06:00:00Z","fire_cause":"Human","fire_cause_general":null,"map_method":"Mixed Methods","source_dataset":"2026 NIFS","unique_fire_identifier":"2026-IDTFD-000114","irwin_id":"{8EEB07CD-848F-4B62-9436-E5B6A38D0546}","global_id":"d1fe3c60-9a38-4978-ab38-04adb9f03de9"}},{"type":"Feature","geometry":{"type":"Polygon","coordinates":[[[-114.36477,42.74734],[-114.36362,42.74681],[-114.36297,42.74594],[-114.3629,42.74549],[-114.36319,42.7451],[-114.36373,42.74517],[-114.36511,42.74587],[-114.36525,42.74651],[-114.36519,42.74735],[-114.36477,42.74734]]]},"properties":{"fire_id":"ufid:2026-IDTFD-000121","source_collection":"ytd","source_objectid":56046,"incident_name":"Sugar Loaf Fire","mapped_acres":7.552645438138172,"mapped_acres_source":"poly_Acres_AutoCalc_fallback","gis_acres":null,"auto_acres":7.552645438138172,"reported_acres":7.55,"percent_contained":null,"state":"ID","state_wfigs":"US-ID","county":"Jerome","discovery_time_utc":"2026-07-11T03:26:54Z","perimeter_time_utc":null,"perimeter_edit_time_utc":"2026-07-12T18:49:16Z","incident_modified_time_utc":"2026-08-25T17:11:53Z","containment_time_utc":"2026-07-11T06:00:00Z","control_time_utc":"2026-07-11T18:00:00Z","fire_out_time_utc":"2026-07-21T06:00:00Z","fire_cause":"Human","fire_cause_general":null,"map_method":"Mixed Methods","source_dataset":"2026 NIFS","unique_fire_identifier":"2026-IDTFD-000121","irwin_id":"{D0669069-4F30-4859-94B7-B178D34297D6}","global_id":"b43786fa-00a0-46ef-a12a-86a4baea604a"}},{"type":"Feature","geometry":{"type":"Polygon","coordinates":[[[-114.11757,42.3228],[-114.11746,42.32283],[-114.11749,42.32277],[-114.11757,42.3228]]]},"properties":{"fire_id":"ufid:2026-IDSTF-000125","source_collection":"ytd","source_objectid":56049,"incident_name":"Whiskey spring","mapped_acres":0.01272148834662139,"mapped_acres_source":"poly_Acres_AutoCalc_fallback","gis_acres":null,"auto_acres":0.01272148834662139,"reported_acres":0.1,"percent_contained":null,"state":"ID","state_wfigs":"US-ID","county":"Cassia","discovery_time_utc":"2026-07-12T02:20:57Z","perimeter_time_utc":null,"perimeter_edit_time_utc":"2026-07-12T18:52:49Z","incident_modified_time_utc":"2026-07-14T01:55:43Z","containment_time_utc":"2026-07-12T03:25:00Z","control_time_utc":"2026-07-12T04:00:00Z","fire_out_time_utc":"2026-07-12T04:00:00Z","fire_cause":"Human","fire_cause_general":null,"map_method":"Mixed Methods","source_dataset":"2026 NIFS","unique_fire_identifier":"2026-IDSTF-000125","irwin_id":"{2D8DEAB8-9CD7-48B3-AF84-3854C920961A}","global_id":"10690443-18c7-427e-9219-592ae21b791c"}},{"type":"Feature","geometry":{"type":"Polygon","coordinates":[[[-114.28915,42.17516],[-114.28926,42.17531],[-114.28919,42.17532],[-114.28915,42.17516]]]},"properties":{"fire_id":"ufid:2026-IDSTF-000085","source_collection":"ytd","source_objectid":56053,"incident_name":"Kum Bah Yah","mapped_acres":0.029010958905171715,"mapped_acres_source":"poly_Acres_AutoCalc_fallback","gis_acres":null,"auto_acres":0.029010958905171715,"reported_acres":0.03,"percent_contained":null,"state":"ID","state_wfigs":"US-ID","county":"Twin Falls","discovery_time_utc":"2026-06-18T20:20:25Z","perimeter_time_utc":null,"perimeter_edit_time_utc":"2026-07-12T21:20:15Z","incident_modified_time_utc":"2026-07-13T00:19:14Z","containment_time_utc":"2026-06-19T00:00:00Z","control_time_utc":"2026-06-19T00:30:00Z","fire_out_time_utc":"2026-06-19T21:20:00Z","fire_cause":"Human","fire_cause_general":null,"map_method":"Mixed Methods","source_dataset":"2026 NIFS","unique_fire_identifier":"2026-IDSTF-000085","irwin_id":"{6809395E-A203-4CC5-8A19-E533B5FE5A3A}","global_id":"afaccef2-5178-4de4-815e-482458278fbb"}},{"type":"Feature","geometry":{"type":"Polygon","coordinates":[[[-112.91052,42.11722],[-112.91107,42.11739],[-112.91154,42.11601],[-112.91158,42.11494],[-112.91125,42.11467],[-112.91177,42.11433],[-112.91192,42.11369],[-112.91219,42.11324],[-112.91221,42.11271],[-112.91258,42.11245],[-112.91315,42.11238],[-112.91339,42.11213],[-112.91311,42.1111],[-112.91319,42.11085],[-112.91264,42.11079],[-112.9111,42.10936],[-112.9111,42.1096],[-112.91066,42.11005],[-112.91055,42.10981],[-112.9106,42.10931],[-112.91013,42.10929],[-112.90987,42.10939],[-112.90998,42.11031],[-112.90967,42.11074],[-112.90884,42.10946],[-112.90906,42.10926],[-112.9089,42.10901],[-112.90935,42.10799],[-112.90899,42.10796],[-112.90864,42.10775],[-112.90856,42.10706],[-112.90828,42.10685],[-112.90789,42.10686],[-112.90792,42.10708],[-112.90768,42.10733],[-112.90775,42.10748],[-112.90749,42.10727],[-112.90779,42.10675],[-112.90751,42.10595],[-112.90764,42.10562],[-112.90755,42.10538],[-112.90784,42.10502],[-112.90783,42.1046],[-112.90804,42.10426],[-112.90818,42.10362],[-112.90814,42.10326],[-112.90852,42.10246],[-112.90819,42.10222],[-112.90818,42.102],[-112.90843,42.10171],[-112.90799,42.10153],[-112.90753,42.10076],[-112.90744,42.0996],[-112.90757,42.09888],[-112.90724,42.09854],[-112.9072,42.09705],[-112.90677,42.09646],[-112.90653,42.09646],[-112.90643,42.09705],[-112.90656,42.09734],[-112.90641,42.09796],[-112.90648,42.10082],[-112.90642,42.10245],[-112.90632,42.10261],[-112.90646,42.10328],[-112.90645,42.10852],[-112.90635,42.10867],[-112.90646,42.10926],[-112.90639,42.11037],[-112.90649,42.1105],[-112.90532,42.11062],[-112.9049,42.11041],[-112.90449,42.11051],[-112.90386,42.11031],[-112.90371,42.11036],[-112.90366,42.11062],[-112.90475,42.11292],[-112.90474,42.11365],[-112.90534,42.11384],[-112.90533,42.11532],[-112.90557,42.11567],[-112.90595,42.11577],[-112.90654,42.11658],[-112.90651,42.1184],[-112.90642,42.11866],[-112.90623,42.11862],[-112.90623,42.11904],[-112.90599,42.11953],[-112.90602,42.11978],[-112.90653,42.12013],[-112.90643,42.12107],[-112.90607,42.12091],[-112.90633,42.1219],[-112.90612,42.12312],[-112.90631,42.12401],[-112.90623,42.12608],[-112.90594,42.12615],[-112.90576,42.12606],[-112.90474,42.1249],[-112.90514,42.12561],[-112.90479,42.12636],[-112.90446,42.12663],[-112.90459,42.12682],[-112.90451,42.12713],[-112.9049,42.12735],[-112.90559,42.12858],[-112.90558,42.12903],[-112.90518,42.12928],[-112.90517,42.1295],[-112.90448,42.12989],[-112.90363,42.13084],[-112.90294,42.13132],[-112.90228,42.13231],[-112.90226,42.13322],[-112.90181,42.13402],[-112.90097,42.13394],[-112.90074,42.13375],[-112.90008,42.13256],[-112.89924,42.13195],[-112.89848,42.13078],[-112.89827,42.13017],[-112.89706,42.1291],[-112.89688,42.12818],[-112.89728,42.12767],[-112.89739,42.12727],[-112.89715,42.12648],[-112.89662,42.12644],[-112.8951,42.12681],[-112.89468,42.12663],[-112.89438,42.12632],[-112.89429,42.12554],[-112.894856,42.125804],[-112.8946,42.1253],[-112.89472,42.12517],[-112.89401,42.12491],[-112.89333,42.12485],[-112.89297,42.12459],[-112.89355,42.12342],[-112.89401,42.12144],[-112.89402,42.1208],[-112.89352,42.12029],[-112.8937,42.11969],[-112.89432,42.11985],[-112.89561,42.12085],[-112.8966,42.12195],[-112.89667,42.12229],[-112.89688,42.12222],[-112.89699,42.12198],[-112.89679,42.12098],[-112.89669,42.1178],[-112.89681,42.11712],[-112.89665,42.11367],[-112.89692,42.11245],[-112.89687,42.11155],[-112.897,42.11144],[-112.89708,42.1105],[-112.89754,42.10934],[-112.89738,42.10872],[-112.89756,42.10851],[-112.89753,42.10804],[-112.89771,42.10773],[-112.8976,42.10729],[-112.89812,42.10651],[-112.89819,42.10532],[-112.89851,42.10471],[-112.89848,42.10447],[-112.89901,42.10327],[-112.89936,42.1029],[-112.89911,42.10254],[-112.89916,42.10211],[-112.89971,42.10219],[-112.90002,42.10001],[-112.89988,42.09948],[-112.90001,42.09816],[-112.90036,42.09748],[-112.90026,42.09715],[-112.90095,42.09654],[-112.90049,42.0961],[-112.90052,42.09588],[-112.90081,42.09584],[-112.9008,42.09566],[-112.90029,42.09544],[-112.90103,42.0944],[-112.90192,42.09433],[-112.90208,42.09454],[-112.90206,42.09473],[-112.90224,42.0948],[-112.90301,42.09413],[-112.90307,42.09375],[-112.90249,42.09266],[-112.90317,42.09248],[-112.90278,42.09188],[-112.90278,42.09169],[-112.90299,42.0912],[-112.90352,42.09068],[-112.9039,42.08964],[-112.90375,42.08915],[-112.90398,42.08844],[-112.90355,42.08764],[-112.90401,42.08708],[-112.90477,42.08674],[-112.90443,42.08647],[-112.90462,42.08571],[-112.90435,42.08537],[-112.90414,42.08439],[-112.90346,42.08391],[-112.90315,42.08275],[-112.90329,42.08266],[-112.90303,42.08249],[-112.90276,42.08252],[-112.90272,42.08238],[-112.90257,42.08247],[-112.9026,42.08276],[-112.90222,42.0827],[-112.90194,42.08246],[-112.90218,42.08208],[-112.90214,42.08191],[-112.90248,42.0816],[-112.90264,42.08052],[-112.9033,42.08006],[-112.90387,42.07945],[-112.90469,42.07709],[-112.90561,42.07684],[-112.90576,42.07564],[-112.90664,42.07517],[-112.90685,42.07457],[-112.90723,42.07419],[-112.90748,42.07413],[-112.90788,42.07438],[-112.91184,42.07824],[-112.91563,42.08199],[-112.91609,42.08265],[-112.91706,42.08339],[-112.91985,42.08626],[-112.92617,42.09237],[-112.92713,42.09349],[-112.92762,42.0938],[-112.93085,42.09701],[-112.93097,42.09815],[-112.93068,42.10163],[-112.93099,42.10393],[-112.93235,42.10609],[-112.93265,42.10638],[-112.93377,42.10831],[-112.93417,42.1095],[-112.93468,42.11035],[-112.93482,42.11084],[-112.93465,42.11131],[-112.9343,42.1113],[-112.93416,42.11142],[-112.93363,42.11282],[-112.93411,42.11386],[-112.93404,42.11483],[-112.9343,42.11542],[-112.93421,42.11589],[-112.93364,42.11592],[-112.93261,42.11543],[-112.93242,42.11513],[-112.93068,42.11442],[-112.93037,42.11443],[-112.93027,42.11461],[-112.93041,42.11536],[-112.93031,42.11554],[-112.93043,42.11571],[-112.93037,42.1161],[-112.93082,42.11677],[-112.93085,42.11706],[-112.93091,42.11774],[-112.93065,42.11821],[-112.93067,42.11879],[-112.9319,42.12147],[-112.9318,42.12189],[-112.93148,42.12215],[-112.92992,42.1227],[-112.92973,42.12289],[-112.9295,42.12396],[-112.9293,42.12428],[-112.92945,42.12462],[-112.92915,42.12516],[-112.92923,42.12547],[-112.92947,42.12558],[-112.92902,42.12599],[-112.92898,42.12683],[-112.92856,42.12743],[-112.9273,42.12852],[-112.92777,42.12917],[-112.9284,42.12951],[-112.92879,42.13051],[-112.92892,42.1317],[-112.92852,42.13284],[-112.92888,42.13352],[-112.92903,42.13416],[-112.92897,42.13461],[-112.92922,42.13527],[-112.92871,42.13852],[-112.92845,42.13934],[-112.92796,42.14013],[-112.92815,42.14083],[-112.92777,42.14145],[-112.92798,42.14193],[-112.9279,42.14284],[-112.92759,42.14352],[-112.92754,42.14398],[-112.92729,42.14426],[-112.92722,42.14484],[-112.92701,42.14513],[-112.92684,42.1458],[-112.92634,42.14631],[-112.92602,42.14715],[-112.91551,42.147],[-112.91472,42.1468],[-112.91487,42.14665],[-112.91522,42.14672],[-112.9154,42.14661],[-112.9147,42.14622],[-112.91422,42.14613],[-112.91442,42.14603],[-112.91485,42.14616],[-112.91515,42.14606],[-112.91578,42.14611],[-112.91552,42.14587],[-112.9156,42.14582],[-112.91621,42.14624],[-112.91678,42.14599],[-112.91658,42.14545],[-112.91677,42.14529],[-112.91653,42.1452],[-112.91635,42.14485],[-112.91681,42.14498],[-112.91687,42.14491],[-112.91659,42.14483],[-112.91652,42.14468],[-112.91671,42.14446],[-112.91657,42.14434],[-112.91695,42.14445],[-112.91729,42.14426],[-112.91718,42.1441],[-112.91735,42.14392],[-112.9173,42.14318],[-112.91741,42.14305],[-112.91709,42.14229],[-112.91744,42.14241],[-112.91815,42.14177],[-112.9178,42.14098],[-112.9176,42.14093],[-112.91727,42.14038],[-112.91738,42.14026],[-112.9172,42.13992],[-112.91563,42.13982],[-112.91568,42.14046],[-112.91658,42.14098],[-112.91675,42.14198],[-112.91659,42.1425],[-112.91632,42.14258],[-112.91654,42.14279],[-112.91629,42.14298],[-112.91648,42.14316],[-112.91646,42.1436],[-112.91625,42.144],[-112.91594,42.14395],[-112.91584,42.14472],[-112.91592,42.14486],[-112.91563,42.14482],[-112.9155,42.14491],[-112.9156,42.14518],[-112.91536,42.14522],[-112.91556,42.14567],[-112.91538,42.14577],[-112.91536,42.14547],[-112.91513,42.14522],[-112.91503,42.14523],[-112.91506,42.14552],[-112.91473,42.1455],[-112.91477,42.14512],[-112.91444,42.14492],[-112.91459,42.14481],[-112.91447,42.14465],[-112.91457,42.14445],[-112.91442,42.14434],[-112.91438,42.14464],[-112.91406,42.14469],[-112.91369,42.14502],[-112.91362,42.14468],[-112.91346,42.14476],[-112.91335,42.14461],[-112.91287,42.1448],[-112.91286,42.14498],[-112.91256,42.14527],[-112.91273,42.14569],[-112.91257,42.14585],[-112.91264,42.14646],[-112.91255,42.14678],[-112.91176,42.1469],[-112.90672,42.14683],[-112.90655,42.1469],[-112.90643,42.14712],[-112.90649,42.1474],[-112.90627,42.14761],[-112.90636,42.14801],[-112.9063,42.14807],[-112.90581,42.14767],[-112.90565,42.14781],[-112.90568,42.14805],[-112.9056,42.148],[-112.90542,42.14753],[-112.90549,42.14691],[-112.90571,42.14673],[-112.90581,42.14616],[-112.906,42.14586],[-112.90677,42.14547],[-112.90677,42.14491],[-112.90711,42.14429],[-112.90685,42.14404],[-112.90716,42.1438],[-112.90765,42.14399],[-112.90806,42.14346],[-112.90807,42.14328],[-112.90724,42.14293],[-112.90736,42.14272],[-112.90813,42.1422],[-112.90924,42.14175],[-112.91028,42.14015],[-112.91086,42.14054],[-112.91111,42.14116],[-112.91107,42.1414],[-112.91127,42.14156],[-112.91187,42.14133],[-112.91382,42.1398],[-112.90704,42.1396],[-112.90741,42.13861],[-112.90728,42.13638],[-112.9074,42.13549],[-112.90733,42.13414],[-112.90746,42.13364],[-112.90722,42.13066],[-112.90736,42.12897],[-112.90733,42.12855],[-112.90717,42.12838],[-112.90731,42.1278],[-112.90728,42.12567],[-112.9072,42.12526],[-112.90701,42.12507],[-112.90724,42.12484],[-112.90732,42.12395],[-112.90727,42.12325],[-112.90708,42.12284],[-112.90731,42.12275],[-112.90723,42.12248],[-112.90752,42.12216],[-112.90754,42.12187],[-112.90765,42.12187],[-112.90845,42.12232],[-112.90918,42.12307],[-112.90949,42.12313],[-112.90899,42.12249],[-112.9088,42.12194],[-112.90911,42.12144],[-112.90908,42.12101],[-112.90967,42.12059],[-112.90921,42.1189],[-112.90934,42.11842],[-112.90962,42.11802],[-112.90992,42.11796],[-112.91013,42.11754],[-112.91052,42.11722]]]},"properties":{"fire_id":"ufid:2026-IDEIC-000200","source_collection":"ytd","source_objectid":56138,"incident_name":"Cow Canyon","mapped_acres":3940.761806656642,"mapped_acres_source":"poly_GISAcres","gis_acres":3940.761806656642,"auto_acres":3940.74575963866,"reported_acres":3940.76,"percent_contained":100.0,"state":"ID","state_wfigs":"US-ID","county":"Oneida","discovery_time_utc":"2026-07-12T20:15:00Z","perimeter_time_utc":null,"perimeter_edit_time_utc":"2026-07-15T15:35:01Z","incident_modified_time_utc":"2026-08-27T19:32:32Z","containment_time_utc":"2026-07-14T02:00:00Z","control_time_utc":"2026-07-17T00:00:00Z","fire_out_time_utc":"2026-07-26T06:00:00Z","fire_cause":"Human","fire_cause_general":null,"map_method":"GPS-Driven","source_dataset":"2026 NIFS","unique_fire_identifier":"2026-IDEIC-000200","irwin_id":"{D2E89528-1A3B-4F87-B36E-99DE414EAC97}","global_id":"838e2183-d33b-408c-957e-5cde09e6966f"}},{"type":"Feature","geometry":{"type":"Polygon","coordinates":[[[-112.75135,42.80108],[-112.75055,42.80128],[-112.74946,42.80196],[-112.74914,42.80236],[-112.74727,42.80367],[-112.74621,42.80493],[-112.74554,42.80514],[-112.74574,42.80516],[-112.74522,42.80528],[-112.7444,42.80525],[-112.74338,42.80553],[-112.74318,42.80523],[-112.74211,42.80524],[-112.74143,42.8058],[-112.74029,42.80548],[-112.74,42.80526],[-112.73697,42.80534],[-112.73675,42.80563],[-112.73366,42.80724],[-112.73314,42.80767],[-112.73159,42.8084],[-112.72995,42.80894],[-112.72901,42.80902],[-112.72741,42.80987],[-112.72733,42.8101],[-112.72507,42.81068],[-112.7244,42.81097],[-112.72396,42.81094],[-112.72179,42.81198],[-112.71822,42.81303],[-112.71752,42.8128],[-112.71657,42.81279],[-112.71674,42.81248],[-112.71583,42.81241],[-112.71596,42.8122],[-112.71561,42.81219],[-112.71657,42.81176],[-112.71686,42.81176],[-112.71683,42.81164],[-112.71707,42.81148],[-112.7195,42.81037],[-112.72131,42.80983],[-112.72382,42.80942],[-112.72364,42.80925],[-112.72143,42.80956],[-112.72145,42.80945],[-112.72708,42.80729],[-112.72838,42.80647],[-112.7311,42.80547],[-112.73343,42.80486],[-112.73362,42.80468],[-112.73485,42.80428],[-112.73632,42.80411],[-112.73716,42.80423],[-112.73735,42.80402],[-112.73763,42.80406],[-112.73923,42.80337],[-112.74045,42.80324],[-112.74091,42.80307],[-112.74104,42.80349],[-112.74127,42.80346],[-112.74227,42.80285],[-112.74331,42.80277],[-112.74478,42.80198],[-112.74737,42.80135],[-112.74835,42.80053],[-112.74931,42.80031],[-112.74895,42.80024],[-112.74972,42.80001],[-112.75011,42.80005],[-112.75118,42.80067],[-112.75135,42.80108]]]},"properties":{"fire_id":"ufid:2026-IDFHA-000073","source_collection":"ytd","source_objectid":56206,"incident_name":"Blind Springs","mapped_acres":185.88444160972804,"mapped_acres_source":"poly_Acres_AutoCalc_fallback","gis_acres":null,"auto_acres":185.88444160972804,"reported_acres":185.88,"percent_contained":null,"state":"ID","state_wfigs":"US-ID","county":"Power","discovery_time_utc":"2026-06-27T18:24:39Z","perimeter_time_utc":"2026-07-15T23:16:50Z","perimeter_edit_time_utc":null,"incident_modified_time_utc":"2026-07-04T16:59:58Z","containment_time_utc":"2026-06-28T02:00:00Z","control_time_utc":"2026-06-30T18:30:00Z","fire_out_time_utc":"2026-07-07T00:00:00Z","fire_cause":"Human","fire_cause_general":"Power generation / transmission / distribution","map_method":"GPS-Driven","source_dataset":"FFP","unique_fire_identifier":"2026-IDFHA-000073","irwin_id":"{982DB6C8-D2F0-4026-B0BB-AD1A70CC7D68}","global_id":"3c1258f0-8274-45fb-946f-a49fbd950f9f"}},{"type":"Feature","geometry":{"type":"Polygon","coordinates":[[[-112.52229,42.87654],[-112.5234,42.87701],[-112.52442,42.87725],[-112.52526,42.87711],[-112.52609,42.87717],[-112.52617,42.87742],[-112.52608,42.87787],[-112.52623,42.87826],[-112.52664,42.8785],[-112.52744,42.87839],[-112.52837,42.87887],[-112.52913,42.87879],[-112.53122,42.87915],[-112.53189,42.87903],[-112.53282,42.8792],[-112.53326,42.8794],[-112.53327,42.87957],[-112.53359,42.87979],[-112.53448,42.87974],[-112.53495,42.87994],[-112.53536,42.87984],[-112.53609,42.8803],[-112.5372,42.88055],[-112.53754,42.88054],[-112.53775,42.88038],[-112.53841,42.88041],[-112.53859,42.8808],[-112.53817,42.88096],[-112.53825,42.88195],[-112.53939,42.88244],[-112.53966,42.88237],[-112.54042,42.88275],[-112.54074,42.88239],[-112.54154,42.88219],[-112.54273,42.88261],[-112.54297,42.88254],[-112.54318,42.88285],[-112.54404,42.88301],[-112.5444,42.88296],[-112.54492,42.88317],[-112.54535,42.88401],[-112.5457,42.88386],[-112.54585,42.88398],[-112.54587,42.88424],[-112.54644,42.88456],[-112.54792,42.88468],[-112.54833,42.88455],[-112.54965,42.88456],[-112.55019,42.88435],[-112.55128,42.88447],[-112.5517,42.88466],[-112.55224,42.88423],[-112.55266,42.88423],[-112.55299,42.88504],[-112.55276,42.88513],[-112.5527,42.88554],[-112.55506,42.88534],[-112.55609,42.88546],[-112.55706,42.88494],[-112.55772,42.88516],[-112.55812,42.88501],[-112.55963,42.88508],[-112.55998,42.88565],[-112.56005,42.88681],[-112.56067,42.8875],[-112.56187,42.88785],[-112.56233,42.88831],[-112.56248,42.88888],[-112.56322,42.88892],[-112.56302,42.88926],[-112.56332,42.88935],[-112.56352,42.88965],[-112.56422,42.89004],[-112.56439,42.88998],[-112.56455,42.88952],[-112.56638,42.88899],[-112.56712,42.88903],[-112.56752,42.88885],[-112.56808,42.88888],[-112.5685,42.88868],[-112.56906,42.88866],[-112.56943,42.88895],[-112.57024,42.88901],[-112.5704,42.88887],[-112.57046,42.88848],[-112.57017,42.88817],[-112.57095,42.88781],[-112.57169,42.88717],[-112.57151,42.88645],[-112.57078,42.88629],[-112.57113,42.88559],[-112.57187,42.88536],[-112.57256,42.88545],[-112.574,42.88602],[-112.57591,42.88628],[-112.57718,42.88682],[-112.578,42.88734],[-112.57822,42.88734],[-112.5792,42.88803],[-112.57927,42.88835],[-112.58058,42.88893],[-112.581,42.88955],[-112.58113,42.88948],[-112.58134,42.88962],[-112.58147,42.8893],[-112.58308,42.89046],[-112.58335,42.89101],[-112.58297,42.89122],[-112.58319,42.89168],[-112.58283,42.89175],[-112.58249,42.89154],[-112.58218,42.8916],[-112.58197,42.89114],[-112.58075,42.89116],[-112.58049,42.89092],[-112.57944,42.89051],[-112.57885,42.89061],[-112.57747,42.89037],[-112.57429,42.88943],[-112.57391,42.88847],[-112.57337,42.88804],[-112.57314,42.88806],[-112.57213,42.88881],[-112.5721,42.89046],[-112.57192,42.89063],[-112.57189,42.89099],[-112.57143,42.8915],[-112.57112,42.89217],[-112.57064,42.89237],[-112.57044,42.89263],[-112.56924,42.89295],[-112.56873,42.89298],[-112.56828,42.89284],[-112.56546,42.89342],[-112.56424,42.89402],[-112.56302,42.89486],[-112.56204,42.8951],[-112.56169,42.8948],[-112.56138,42.89167],[-112.55609,42.8917],[-112.55586,42.8918],[-112.55574,42.89226],[-112.55548,42.89622],[-112.55583,42.89886],[-112.54541,42.89878],[-112.54529,42.89841],[-112.54542,42.89447],[-112.53775,42.89682],[-112.53677,42.89747],[-112.53654,42.89808],[-112.53461,42.89807],[-112.53412,42.89793],[-112.53291,42.89789],[-112.53261,42.8924],[-112.53232,42.89083],[-112.53248,42.89074],[-112.53239,42.88786],[-112.53164,42.8877],[-112.52969,42.88774],[-112.5292,42.88795],[-112.527,42.88942],[-112.52732,42.8901],[-112.52713,42.89061],[-112.52622,42.89126],[-112.52611,42.89163],[-112.52547,42.89193],[-112.52328,42.89136],[-112.52236,42.89164],[-112.52116,42.89154],[-112.52082,42.89136],[-112.5199,42.89202],[-112.51913,42.89162],[-112.51861,42.89174],[-112.51789,42.89254],[-112.51557,42.89243],[-112.51574,42.89216],[-112.51717,42.89215],[-112.51744,42.89187],[-112.51764,42.89118],[-112.51763,42.89039],[-112.51724,42.89031],[-112.51319,42.89153],[-112.51327,42.89089],[-112.51512,42.88941],[-112.51559,42.88863],[-112.51597,42.88832],[-112.51626,42.88788],[-112.51636,42.88723],[-112.51619,42.88564],[-112.51629,42.88519],[-112.51582,42.88352],[-112.51549,42.88306],[-112.51397,42.88196],[-112.51386,42.88155],[-112.51421,42.8811],[-112.51501,42.88093],[-112.51684,42.88106],[-112.51791,42.8813],[-112.51804,42.88121],[-112.51702,42.8801],[-112.51712,42.87978],[-112.51738,42.87961],[-112.51869,42.87931],[-112.51957,42.87952],[-112.52122,42.87909],[-112.52218,42.87923],[-112.52283,42.87897],[-112.52285,42.87841],[-112.52301,42.87809],[-112.52374,42.87763],[-112.52283,42.87705],[-112.52178,42.87676],[-112.52153,42.87652],[-112.52229,42.87654]]]},"properties":{"fire_id":"ufid:2026-IDFHA-000047","source_collection":"ytd","source_objectid":56207,"incident_name":"Michaud Creek","mapped_acres":1456.501,"mapped_acres_source":"poly_GISAcres","gis_acres":1456.501,"auto_acres":1456.501851676357,"reported_acres":1456.51,"percent_contained":null,"state":"ID","state_wfigs":"US-ID","county":"Power","discovery_time_utc":"2026-06-05T18:02:00Z","perimeter_time_utc":"2026-07-15T23:13:46Z","perimeter_edit_time_utc":null,"incident_modified_time_utc":"2026-07-15T21:18:47Z","containment_time_utc":"2026-06-08T03:00:00Z","control_time_utc":"2026-06-10T22:00:00Z","fire_out_time_utc":"2026-06-29T16:30:00Z","fire_cause":"Human","fire_cause_general":"Undetermined","map_method":"Mixed Methods","source_dataset":"FFP","unique_fire_identifier":"2026-IDFHA-000047","irwin_id":"{9FFAABA5-828A-472B-A394-D309D9846B70}","global_id":"84f155cf-bbd3-434f-97f2-928ebf7191ce"}},{"type":"Feature","geometry":{"type":"MultiPolygon","coordinates":[[[[-112.3413,42.79563],[-112.34182,42.79535],[-112.34323,42.79538],[-112.34354,42.79516],[-112.34539,42.79473],[-112.34611,42.79507],[-112.3475,42.79467],[-112.3484,42.79414],[-112.34885,42.7941],[-112.34892,42.79427],[-112.34938,42.79454],[-112.35068,42.79456],[-112.35076,42.79504],[-112.3413,42.79563]]],[[[-112.34066,42.79561],[-112.33622,42.7957],[-112.33622,42.79404],[-112.34003,42.79421],[-112.34066,42.79561]]],[[[-112.31683,42.79548],[-112.31576,42.79559],[-112.3158,42.79531],[-112.31319,42.79497],[-112.31318,42.79506],[-112.3127,42.79514],[-112.31187,42.7948],[-112.32123,42.79598],[-112.31684,42.79558],[-112.31683,42.79548]]],[[[-112.32553,42.7963],[-112.3249,42.79626],[-112.325,42.79605],[-112.32459,42.7958],[-112.32578,42.79628],[-112.32643,42.79598],[-112.32654,42.7958],[-112.32781,42.79542],[-112.3283,42.79589],[-112.32912,42.79615],[-112.32553,42.7963]]],[[[-112.27135,42.79642],[-112.27083,42.79629],[-112.27061,42.79606],[-112.26983,42.79604],[-112.26941,42.79583],[-112.26901,42.7958],[-112.26813,42.79531],[-112.26732,42.79506],[-112.26597,42.79513],[-112.26619,42.7949],[-112.26602,42.7947],[-112.2665,42.79445],[-112.26709,42.79457],[-112.26767,42.79449],[-112.2672,42.79424],[-112.2682,42.79363],[-112.26813,42.79298],[-112.26766,42.79236],[-112.27113,42.79204],[-112.27303,42.79201],[-112.28639,42.79243],[-112.28701,42.7927],[-112.28664,42.79302],[-112.28666,42.79342],[-112.28583,42.79415],[-112.28418,42.79439],[-112.28276,42.79481],[-112.28221,42.79475],[-112.28093,42.79508],[-112.28055,42.79504],[-112.28045,42.79546],[-112.28014,42.79581],[-112.27938,42.79587],[-112.27837,42.79631],[-112.27703,42.79619],[-112.27533,42.79645],[-112.2739,42.7963],[-112.27298,42.79647],[-112.27206,42.7964],[-112.27133,42.79657],[-112.27135,42.79642]]],[[[-112.35671,42.79541],[-112.35239,42.79501],[-112.35197,42.79511],[-112.35201,42.79456],[-112.35134,42.79347],[-112.35586,42.79378],[-112.35647,42.79408],[-112.35698,42.79404],[-112.3574,42.79381],[-112.35752,42.79386],[-112.35731,42.79464],[-112.35867,42.7955],[-112.36319,42.79676],[-112.36312,42.79688],[-112.35671,42.79541]]],[[[-112.36488,42.79744],[-112.36492,42.7974],[-112.36621,42.79788],[-112.36488,42.79744]]]]},"properties":{"fire_id":"ufid:2026-IDIFD-000064","source_collection":"ytd","source_objectid":56208,"incident_name":"Gap","mapped_acres":199.3149080392078,"mapped_acres_source":"poly_Acres_AutoCalc_fallback","gis_acres":null,"auto_acres":199.3149080392078,"reported_acres":199.32,"percent_contained":null,"state":"ID","state_wfigs":"US-ID","county":"Bannock","discovery_time_utc":"2026-06-21T19:47:58Z","perimeter_time_utc":"2026-07-15T23:17:44Z","perimeter_edit_time_utc":null,"incident_modified_time_utc":"2026-06-29T22:05:11Z","containment_time_utc":"2026-06-23T03:00:00Z","control_time_utc":"2026-06-29T22:00:00Z","fire_out_time_utc":"2026-07-02T00:00:00Z","fire_cause":"Human","fire_cause_general":"Railroad operations and maintenance","map_method":"Mixed Methods","source_dataset":"FFP","unique_fire_identifier":"2026-IDIFD-000064","irwin_id":"{217D1D65-4AA1-4777-9830-C91AE091442A}","global_id":"e023c4a1-8726-4926-bec8-1ffa71e9bc68"}},{"type":"Feature","geometry":{"type":"MultiPolygon","coordinates":[[[[-111.91308,43.43839],[-111.91274,43.43774],[-111.91232,43.43773],[-111.91241,43.43748],[-111.91227,43.43689],[-111.91234,43.4365],[-111.91248,43.43643],[-111.91265,43.43656],[-111.91259,43.43675],[-111.91272,43.43688],[-111.91299,43.43678],[-111.91327,43.43685],[-111.91343,43.43721],[-111.91343,43.43746],[-111.91318,43.43762],[-111.91324,43.43784],[-111.9131,43.43791],[-111.9132,43.43834],[-111.91308,43.43839]]],[[[-111.93828,43.43813],[-111.93785,43.43781],[-111.93782,43.43762],[-111.93817,43.43743],[-111.93853,43.43749],[-111.93828,43.43813]]]]},"properties":{"fire_id":"ufid:2026-ID8BN-000086","source_collection":"ytd","source_objectid":56209,"incident_name":"Bonneville County Assist 3","mapped_acres":3.272865,"mapped_acres_source":"poly_GISAcres","gis_acres":3.272865,"auto_acres":3.272851759986645,"reported_acres":3.27,"percent_contained":null,"state":"ID","state_wfigs":"US-ID","county":"Bonneville","discovery_time_utc":"2026-07-04T04:02:06Z","perimeter_time_utc":"2026-07-15T23:22:16Z","perimeter_edit_time_utc":null,"incident_modified_time_utc":"2026-07-07T17:48:06Z","containment_time_utc":"2026-07-04T05:00:00Z","control_time_utc":"2026-07-04T14:00:00Z","fire_out_time_utc":"2026-07-04T14:00:00Z","fire_cause":"Human","fire_cause_general":"Undetermined","map_method":"GPS-Walked","source_dataset":"FFP","unique_fire_identifier":"2026-ID8BN-000086","irwin_id":"{1114C359-2B83-48AC-AD73-D2A93F6947C0}","global_id":"cad21607-ac64-46c7-87a6-12b0e52bfac6"}},{"type":"Feature","geometry":{"type":"Polygon","coordinates":[[[-111.81589,42.25408],[-111.81535,42.25453],[-111.81525,42.2551],[-111.81508,42.25517],[-111.81426,42.25482],[-111.81383,42.25507],[-111.81327,42.25502],[-111.81299,42.25537],[-111.81242,42.25531],[-111.8125,42.25476],[-111.81309,42.25358],[-111.81305,42.25314],[-111.81375,42.25212],[-111.8145,42.25213],[-111.81605,42.25158],[-111.81734,42.25134],[-111.81791,42.2513],[-111.81822,42.25146],[-111.81857,42.25197],[-111.81857,42.25239],[-111.81915,42.25294],[-111.8191,42.25322],[-111.81855,42.25364],[-111.81854,42.25378],[-111.81819,42.25386],[-111.81762,42.25424],[-111.81706,42.25424],[-111.81691,42.25398],[-111.81659,42.25385],[-111.81589,42.25408]]]},"properties":{"fire_id":"ufid:2026-IDIFD-000055","source_collection":"ytd","source_objectid":56210,"incident_name":"Treasureton","mapped_acres":35.471404806162276,"mapped_acres_source":"poly_Acres_AutoCalc_fallback","gis_acres":null,"auto_acres":35.471404806162276,"reported_acres":35.47,"percent_contained":null,"state":"ID","state_wfigs":"US-ID","county":"Franklin","discovery_time_utc":"2026-06-18T21:56:18Z","perimeter_time_utc":"2026-07-15T23:23:21Z","perimeter_edit_time_utc":null,"incident_modified_time_utc":"2026-07-15T15:27:05Z","containment_time_utc":"2026-06-19T01:00:00Z","control_time_utc":"2026-06-19T02:00:00Z","fire_out_time_utc":"2026-06-19T02:00:00Z","fire_cause":"Human","fire_cause_general":"Undetermined","map_method":"GPS-Walked","source_dataset":"FFP","unique_fire_identifier":"2026-IDIFD-000055","irwin_id":"{4209EB5A-5952-4ABE-BE10-28BA3FA3AD54}","global_id":"5605cec2-dc9d-4638-8dc5-01b8360ee4f9"}},{"type":"Feature","geometry":{"type":"Polygon","coordinates":[[[-112.5921,42.12639],[-112.59183,42.12656],[-112.59175,42.12638],[-112.5914,42.12643],[-112.59074,42.12681],[-112.59015,42.12675],[-112.58947,42.12763],[-112.5887,42.12788],[-112.58914,42.12749],[-112.58915,42.12713],[-112.58933,42.12702],[-112.58928,42.12672],[-112.58968,42.12658],[-112.58937,42.12621],[-112.58964,42.12607],[-112.59002,42.12628],[-112.59016,42.12621],[-112.5902,42.12663],[-112.59046,42.12657],[-112.59039,42.12642],[-112.59135,42.12623],[-112.59125,42.12599],[-112.59145,42.12585],[-112.59181,42.12592],[-112.59193,42.12627],[-112.5921,42.12639]]]},"properties":{"fire_id":"ufid:2026-IDIFD-000067","source_collection":"ytd","source_objectid":56211,"incident_name":"Stark Canyon","mapped_acres":3.8532895891588352,"mapped_acres_source":"poly_Acres_AutoCalc_fallback","gis_acres":null,"auto_acres":3.8532895891588352,"reported_acres":3.85,"percent_contained":null,"state":"ID","state_wfigs":"US-ID","county":"Oneida","discovery_time_utc":"2026-06-22T22:16:15Z","perimeter_time_utc":"2026-07-15T23:27:46Z","perimeter_edit_time_utc":null,"incident_modified_time_utc":"2026-07-02T18:56:42Z","containment_time_utc":"2026-06-24T02:30:00Z","control_time_utc":"2026-06-24T23:00:00Z","fire_out_time_utc":"2026-07-02T18:00:00Z","fire_cause":"Natural","fire_cause_general":"Natural","map_method":"Mixed Methods","source_dataset":"FFP","unique_fire_identifier":"2026-IDIFD-000067","irwin_id":"{6CB2EDF6-8DD9-4881-B7EA-2280DB78C2FC}","global_id":"e470f696-0f30-4bd5-9519-b07339a189bd"}},{"type":"Feature","geometry":{"type":"Polygon","coordinates":[[[-114.86579,43.92916],[-114.86596,43.92906],[-114.86687,43.92959],[-114.86692,43.93003],[-114.86666,43.9301],[-114.8662,43.93058],[-114.86642,43.93084],[-114.86669,43.93081],[-114.86679,43.93102],[-114.86646,43.93104],[-114.86585,43.93079],[-114.86616,43.93028],[-114.86604,43.93019],[-114.86606,43.92994],[-114.86621,43.92986],[-114.86599,43.9297],[-114.86582,43.93001],[-114.86559,43.92997],[-114.86565,43.92974],[-114.86594,43.92963],[-114.86578,43.92947],[-114.86579,43.92916]]]},"properties":{"fire_id":"ufid:2026-IDSTF-000127","source_collection":"ytd","source_objectid":56212,"incident_name":"Cabin creek","mapped_acres":2.5983811965815047,"mapped_acres_source":"poly_Acres_AutoCalc_fallback","gis_acres":null,"auto_acres":2.5983811965815047,"reported_acres":2.6,"percent_contained":null,"state":"ID","state_wfigs":"US-ID","county":"Blaine","discovery_time_utc":"2026-07-12T19:09:00Z","perimeter_time_utc":null,"perimeter_edit_time_utc":"2026-07-16T00:40:19Z","incident_modified_time_utc":"2026-08-25T22:01:48Z","containment_time_utc":"2026-07-15T02:00:00Z","control_time_utc":"2026-07-16T22:00:00Z","fire_out_time_utc":"2026-08-25T22:00:00Z","fire_cause":"Human","fire_cause_general":null,"map_method":"Mixed Methods","source_dataset":"2026 NIFS","unique_fire_identifier":"2026-IDSTF-000127","irwin_id":"{EEB6ABB3-A347-4A76-A45D-2C5CDFABF8AD}","global_id":"53c469d5-1d74-441a-b922-744b6e984966"}},{"type":"Feature","geometry":{"type":"Polygon","coordinates":[[[-114.14519,42.60948],[-114.14512,42.61054],[-114.14341,42.6108],[-114.14261,42.61046],[-114.14266,42.61016],[-114.14318,42.61023],[-114.14429,42.6101],[-114.14385,42.60981],[-114.14286,42.60961],[-114.14418,42.60936],[-114.14496,42.60932],[-114.14519,42.60948]]]},"properties":{"fire_id":"ufid:2026-IDJMX-000126","source_collection":"ytd","source_objectid":56213,"incident_name":"Valley Fire","mapped_acres":5.276287961602697,"mapped_acres_source":"poly_Acres_AutoCalc_fallback","gis_acres":null,"auto_acres":5.276287961602697,"reported_acres":5.28,"percent_contained":null,"state":"ID","state_wfigs":"US-ID","county":"Jerome","discovery_time_utc":"2026-07-12T17:55:56Z","perimeter_time_utc":null,"perimeter_edit_time_utc":"2026-07-16T00:41:12Z","incident_modified_time_utc":"2026-08-25T17:12:53Z","containment_time_utc":"2026-07-12T21:02:00Z","control_time_utc":"2026-07-12T23:01:00Z","fire_out_time_utc":"2026-07-22T06:00:00Z","fire_cause":"Human","fire_cause_general":null,"map_method":"Mixed Methods","source_dataset":"2026 NIFS","unique_fire_identifier":"2026-IDJMX-000126","irwin_id":"{A443D30D-828B-40D9-A374-D021D7F9CEEE}","global_id":"ca47049e-a979-45b8-9ba8-db25cbfb034a"}},{"type":"Feature","geometry":{"type":"Polygon","coordinates":[[[-114.20531,43.50015],[-114.20232,43.50204],[-114.20151,43.50303],[-114.2002,43.50379],[-114.19784,43.50463],[-114.19716,43.50472],[-114.19629,43.50465],[-114.19515,43.50402],[-114.19362,43.50261],[-114.19227,43.501],[-114.19149,43.50047],[-114.19053,43.50033],[-114.18741,43.50085],[-114.18668,43.50068],[-114.18591,43.50026],[-114.18205,43.49697],[-114.18179,43.49638],[-114.182,43.49567],[-114.18235,43.49536],[-114.18307,43.49501],[-114.18449,43.49471],[-114.18947,43.49304],[-114.19232,43.49161],[-114.19433,43.48979],[-114.1969,43.4889],[-114.19801,43.48819],[-114.1995,43.48674],[-114.20138,43.48427],[-114.20197,43.48373],[-114.20347,43.48287],[-114.20727,43.48132],[-114.21,43.47929],[-114.21077,43.47901],[-114.2122,43.47886],[-114.21684,43.47784],[-114.21935,43.47689],[-114.21998,43.47689],[-114.22036,43.47704],[-114.22107,43.47775],[-114.22211,43.47927],[-114.22237,43.47942],[-114.22271,43.48008],[-114.22251,43.48049],[-114.22188,43.48117],[-114.22141,43.48219],[-114.22091,43.48261],[-114.22075,43.48302],[-114.22067,43.48393],[-114.22095,43.48529],[-114.22078,43.48608],[-114.2196,43.48756],[-114.21788,43.49045],[-114.21682,43.49151],[-114.21565,43.49206],[-114.21396,43.49239],[-114.21078,43.4926],[-114.20696,43.49387],[-114.20601,43.49435],[-114.20551,43.49481],[-114.20525,43.49574],[-114.20541,43.49639],[-114.2063,43.49801],[-114.20617,43.49914],[-114.20531,43.50015]]]},"properties":{"fire_id":"ufid:2026-IDTFD-000119","source_collection":"ytd","source_objectid":56235,"incident_name":"Martin","mapped_acres":1071.1495330955236,"mapped_acres_source":"poly_GISAcres","gis_acres":1071.1495330955236,"auto_acres":1071.145481972266,"reported_acres":1071.0,"percent_contained":100.0,"state":"ID","state_wfigs":"US-ID","county":"Blaine","discovery_time_utc":"2026-07-09T23:27:00Z","perimeter_time_utc":null,"perimeter_edit_time_utc":"2026-07-19T23:05:59Z","incident_modified_time_utc":"2026-08-25T17:11:15Z","containment_time_utc":"2026-07-11T00:05:00Z","control_time_utc":"2026-07-11T18:10:00Z","fire_out_time_utc":"2026-07-21T06:00:00Z","fire_cause":"Human","fire_cause_general":null,"map_method":"Mixed Methods","source_dataset":"2026 NIFS","unique_fire_identifier":"2026-IDTFD-000119","irwin_id":"{B5CFB376-196D-4289-BC09-F106322EFEC8}","global_id":"dc32ecc7-54c9-4186-a6d8-7aadaea2c378"}},{"type":"Feature","geometry":{"type":"Polygon","coordinates":[[[-113.65807,42.692],[-113.6575,42.69193],[-113.65742,42.6917],[-113.65723,42.69173],[-113.6572,42.69192],[-113.65702,42.69166],[-113.65767,42.69107],[-113.65819,42.69115],[-113.65865,42.69147],[-113.65868,42.69166],[-113.65862,42.6919],[-113.65805,42.69191],[-113.65807,42.692]]]},"properties":{"fire_id":"ufid:2026-IDTFD-000130","source_collection":"ytd","source_objectid":56437,"incident_name":"Main Drain","mapped_acres":2.3106436962474666,"mapped_acres_source":"poly_Acres_AutoCalc_fallback","gis_acres":null,"auto_acres":2.3106436962474666,"reported_acres":3.0,"percent_contained":null,"state":"ID","state_wfigs":"US-ID","county":"Minidoka","discovery_time_utc":"2026-07-16T22:12:22Z","perimeter_time_utc":null,"perimeter_edit_time_utc":"2026-07-21T16:59:27Z","incident_modified_time_utc":"2026-08-25T17:20:58Z","containment_time_utc":"2026-07-16T23:05:00Z","control_time_utc":"2026-07-17T01:00:00Z","fire_out_time_utc":"2026-07-26T06:00:00Z","fire_cause":"Human","fire_cause_general":null,"map_method":"Mixed Methods","source_dataset":"2026 NIFS","unique_fire_identifier":"2026-IDTFD-000130","irwin_id":"{55D25332-F0D8-491A-ABED-EE27929B7FB7}","global_id":"4359b698-b946-4ac4-841b-cfe31f4a0e2f"}},{"type":"Feature","geometry":{"type":"Polygon","coordinates":[[[-113.6947,42.38706],[-113.69343,42.38709],[-113.69249,42.38693],[-113.69098,42.38569],[-113.69089,42.38514],[-113.69118,42.38501],[-113.69114,42.38485],[-113.69125,42.38491],[-113.69135,42.38474],[-113.69164,42.38472],[-113.69205,42.38491],[-113.69302,42.3855],[-113.69338,42.386],[-113.69377,42.3862],[-113.69399,42.38669],[-113.69426,42.38676],[-113.69412,42.38685],[-113.6947,42.38706]]]},"properties":{"fire_id":"ufid:2026-IDSTF-000141","source_collection":"ytd","source_objectid":56443,"incident_name":"Rocky","mapped_acres":9.10864854115783,"mapped_acres_source":"poly_GISAcres","gis_acres":9.10864854115783,"auto_acres":9.108612362331167,"reported_acres":9.11,"percent_contained":null,"state":"ID","state_wfigs":"US-ID","county":"Cassia","discovery_time_utc":"2026-07-18T23:35:00Z","perimeter_time_utc":null,"perimeter_edit_time_utc":"2026-08-12T20:11:57Z","incident_modified_time_utc":"2026-09-04T01:49:50Z","containment_time_utc":"2026-07-19T05:20:00Z","control_time_utc":"2026-07-20T00:24:00Z","fire_out_time_utc":"2026-07-29T06:00:00Z","fire_cause":"Natural","fire_cause_general":null,"map_method":"Mixed Methods","source_dataset":"2026 NIFS","unique_fire_identifier":"2026-IDSTF-000141","irwin_id":"{556894DC-889E-496E-9543-BE7DD7AE0608}","global_id":"34de5314-fb4e-4147-96ba-5d6685d4b582"}},{"type":"Feature","geometry":{"type":"Polygon","coordinates":[[[-113.0786,42.73655],[-113.08035,42.73624],[-113.07733,42.73685],[-113.0786,42.73655]]]},"properties":{"fire_id":"ufid:2026-IDTFD-000124","source_collection":"ytd","source_objectid":56764,"incident_name":"Quigley","mapped_acres":0.5640377978323333,"mapped_acres_source":"poly_Acres_AutoCalc_fallback","gis_acres":null,"auto_acres":0.5640377978323333,"reported_acres":0.5,"percent_contained":null,"state":"ID","state_wfigs":"US-ID","county":"Power","discovery_time_utc":"2026-07-11T19:37:45Z","perimeter_time_utc":null,"perimeter_edit_time_utc":"2026-07-27T15:35:04Z","incident_modified_time_utc":"2026-07-12T00:02:53Z","containment_time_utc":"2026-07-11T22:20:00Z","control_time_utc":"2026-07-12T00:00:00Z","fire_out_time_utc":null,"fire_cause":"Undetermined","fire_cause_general":null,"map_method":"GPS-Walked","source_dataset":"2026 NIFS","unique_fire_identifier":"2026-IDTFD-000124","irwin_id":"{17753779-23D3-4BE6-A36C-2FAD0A6D8DED}","global_id":"d10f8255-c066-4509-bc00-c5ea7e42c2a2"}},{"type":"Feature","geometry":{"type":"Polygon","coordinates":[[[-112.80059,42.79545],[-112.8026,42.79709],[-112.80314,42.79786],[-112.8023,42.79843],[-112.80071,42.79858],[-112.79951,42.79846],[-112.79916,42.79834],[-112.79896,42.79808],[-112.79936,42.79761],[-112.79875,42.79727],[-112.79687,42.79826],[-112.79571,42.79856],[-112.79547,42.79834],[-112.79609,42.79761],[-112.79598,42.79732],[-112.79563,42.79718],[-112.79401,42.79805],[-112.79345,42.79878],[-112.7931,42.7989],[-112.79286,42.79837],[-112.79245,42.79832],[-112.79237,42.79748],[-112.79323,42.79655],[-112.79515,42.795],[-112.79741,42.79432],[-112.79807,42.79387],[-112.79843,42.79378],[-112.79893,42.79406],[-112.79959,42.79477],[-112.79999,42.79473],[-112.8003,42.79489],[-112.80059,42.79545]]]},"properties":{"fire_id":"ufid:2026-ID2PN-000132","source_collection":"ytd","source_objectid":56765,"incident_name":"Power County Assist 2","mapped_acres":66.10846978912312,"mapped_acres_source":"poly_Acres_AutoCalc_fallback","gis_acres":null,"auto_acres":66.10846978912312,"reported_acres":66.11,"percent_contained":null,"state":"ID","state_wfigs":"US-ID","county":"Power","discovery_time_utc":"2026-07-25T01:23:00Z","perimeter_time_utc":null,"perimeter_edit_time_utc":"2026-07-27T17:23:14Z","incident_modified_time_utc":"2026-08-15T20:07:38Z","containment_time_utc":"2026-07-25T04:00:00Z","control_time_utc":"2026-07-26T00:00:00Z","fire_out_time_utc":"2026-07-26T00:00:00Z","fire_cause":"Human","fire_cause_general":null,"map_method":"GPS-Driven","source_dataset":"2026 NIFS","unique_fire_identifier":"2026-ID2PN-000132","irwin_id":"{2663467D-DFA4-4004-A637-4B49B38F6523}","global_id":"1f3499a3-7f5e-4ca8-8f59-5b9e89c1f883"}},{"type":"Feature","geometry":{"type":"Polygon","coordinates":[[[-112.21809,42.16642],[-112.21777,42.16706],[-112.21768,42.16708],[-112.21761,42.16682],[-112.21712,42.16749],[-112.21694,42.16746],[-112.21675,42.16761],[-112.21645,42.16754],[-112.21699,42.1669],[-112.21734,42.16677],[-112.21721,42.16659],[-112.21766,42.16656],[-112.21764,42.16638],[-112.21809,42.16642]]]},"properties":{"fire_id":"ufid:2026-IDCTF-000137","source_collection":"ytd","source_objectid":56813,"incident_name":"Two Mile","mapped_acres":1.5752177068163997,"mapped_acres_source":"poly_Acres_AutoCalc_fallback","gis_acres":null,"auto_acres":1.5752177068163997,"reported_acres":1.6,"percent_contained":null,"state":"ID","state_wfigs":"US-ID","county":"Oneida","discovery_time_utc":"2026-07-26T18:04:57Z","perimeter_time_utc":null,"perimeter_edit_time_utc":"2026-08-21T21:50:32Z","incident_modified_time_utc":"2026-09-09T23:17:06Z","containment_time_utc":"2026-07-26T21:00:00Z","control_time_utc":"2026-07-27T01:30:00Z","fire_out_time_utc":"2026-08-21T02:00:00Z","fire_cause":"Natural","fire_cause_general":null,"map_method":"Mixed Methods","source_dataset":"2026 NIFS","unique_fire_identifier":"2026-IDCTF-000137","irwin_id":"{1B2D4C61-7208-431E-9FB9-E669C68AAC82}","global_id":"bdb28b1c-5c33-4895-bd2b-81ec76fd01a6"}},{"type":"Feature","geometry":{"type":"Polygon","coordinates":[[[-112.0057,43.79003],[-112.00652,43.79058],[-112.00656,43.79078],[-112.00678,43.79079],[-112.00698,43.79112],[-112.0076,43.79159],[-112.00728,43.79185],[-112.00692,43.79187],[-112.00634,43.79153],[-112.0048,43.79124],[-112.00469,43.79105],[-112.00481,43.7906],[-112.00475,43.79032],[-112.00548,43.79024],[-112.0057,43.79003]]]},"properties":{"fire_id":"ufid:2026-IDIFD-000088","source_collection":"ytd","source_objectid":56937,"incident_name":"Butte Slough","mapped_acres":6.011744268180876,"mapped_acres_source":"poly_Acres_AutoCalc_fallback","gis_acres":null,"auto_acres":6.011744268180876,"reported_acres":6.01,"percent_contained":null,"state":"ID","state_wfigs":"US-ID","county":"Jefferson","discovery_time_utc":"2026-07-04T22:55:09Z","perimeter_time_utc":"2026-07-29T23:05:26Z","perimeter_edit_time_utc":null,"incident_modified_time_utc":"2026-07-22T14:33:18Z","containment_time_utc":"2026-07-05T00:20:00Z","control_time_utc":"2026-07-05T19:50:00Z","fire_out_time_utc":"2026-07-06T21:30:00Z","fire_cause":"Human","fire_cause_general":"Undetermined","map_method":"GPS-Driven","source_dataset":"FFP","unique_fire_identifier":"2026-IDIFD-000088","irwin_id":"{70721C28-C0EB-463F-89A0-7486E8789903}","global_id":"aa149a72-4aab-44f0-983a-71d45994830c"}},{"type":"Feature","geometry":{"type":"Polygon","coordinates":[[[-112.06163,43.67346],[-112.06234,43.6733],[-112.06291,43.6734],[-112.06292,43.67382],[-112.06311,43.67379],[-112.06312,43.67393],[-112.06336,43.67394],[-112.06354,43.67411],[-112.06311,43.67428],[-112.0633,43.67454],[-112.06304,43.67477],[-112.06301,43.67498],[-112.06321,43.67514],[-112.06325,43.67542],[-112.06283,43.67591],[-112.06289,43.6761],[-112.06252,43.67608],[-112.06207,43.67567],[-112.06168,43.67566],[-112.06123,43.67591],[-112.06132,43.67628],[-112.06117,43.67675],[-112.06026,43.677],[-112.05903,43.67679],[-112.05951,43.67621],[-112.05864,43.67658],[-112.05836,43.67655],[-112.05932,43.67593],[-112.06029,43.67456],[-112.06085,43.67417],[-112.06149,43.67403],[-112.06163,43.67346]]]},"properties":{"fire_id":"ufid:2026-IDIFD-000106","source_collection":"ytd","source_objectid":56938,"incident_name":"Lewisville","mapped_acres":19.663697816315928,"mapped_acres_source":"poly_Acres_AutoCalc_fallback","gis_acres":null,"auto_acres":19.663697816315928,"reported_acres":19.66,"percent_contained":null,"state":"ID","state_wfigs":"US-ID","county":"Jefferson","discovery_time_utc":"2026-07-11T20:38:05Z","perimeter_time_utc":"2026-07-29T23:06:43Z","perimeter_edit_time_utc":null,"incident_modified_time_utc":"2026-07-27T21:12:36Z","containment_time_utc":"2026-07-12T01:00:00Z","control_time_utc":"2026-07-13T02:00:00Z","fire_out_time_utc":"2026-07-22T18:00:00Z","fire_cause":"Human","fire_cause_general":"Undetermined","map_method":"GPS-Walked","source_dataset":"FFP","unique_fire_identifier":"2026-IDIFD-000106","irwin_id":"{3561C5B8-CA5E-4A9D-BA99-921E4E870775}","global_id":"57b77b6d-c2f4-4d60-86ef-43fd4c2ca270"}},{"type":"Feature","geometry":{"type":"Polygon","coordinates":[[[-111.91159,43.42263],[-111.9107,43.42248],[-111.90951,43.42198],[-111.90914,43.42163],[-111.90909,43.42101],[-111.90866,43.42078],[-111.90806,43.42079],[-111.90752,43.42112],[-111.90791,43.42145],[-111.90784,43.42201],[-111.90803,43.4222],[-111.90732,43.4222],[-111.90647,43.42209],[-111.90577,43.42173],[-111.90506,43.4216],[-111.90443,43.42117],[-111.90278,43.42068],[-111.90239,43.4201],[-111.90231,43.41903],[-111.90245,43.41831],[-111.9029,43.41781],[-111.90292,43.41691],[-111.90384,43.41642],[-111.9046,43.41647],[-111.90597,43.41715],[-111.90612,43.4174],[-111.90609,43.41788],[-111.90642,43.41815],[-111.90784,43.41843],[-111.90862,43.41885],[-111.90977,43.41867],[-111.91209,43.41939],[-111.91254,43.41978],[-111.91265,43.42023],[-111.91352,43.42088],[-111.91356,43.42145],[-111.91395,43.42179],[-111.91327,43.42236],[-111.9129,43.42238],[-111.91223,43.42216],[-111.91197,43.42248],[-111.91159,43.42263]]]},"properties":{"fire_id":"ufid:2026-IDIFD-000079","source_collection":"ytd","source_objectid":56939,"incident_name":"Rock Hollow","mapped_acres":100.7,"mapped_acres_source":"poly_GISAcres","gis_acres":100.7,"auto_acres":86.3994121772756,"reported_acres":86.4,"percent_contained":null,"state":"ID","state_wfigs":"US-ID","county":"Bonneville","discovery_time_utc":"2026-07-01T20:06:20Z","perimeter_time_utc":"2026-07-29T23:04:29Z","perimeter_edit_time_utc":null,"incident_modified_time_utc":"2026-07-06T21:29:50Z","containment_time_utc":"2026-07-02T00:00:00Z","control_time_utc":"2026-07-02T23:00:00Z","fire_out_time_utc":"2026-07-06T21:30:00Z","fire_cause":"Natural","fire_cause_general":"Natural","map_method":"Image Interpretation","source_dataset":"FFP","unique_fire_identifier":"2026-IDIFD-000079","irwin_id":"{E872DD78-AF7F-4ACB-AED7-9C64A3BA9D6D}","global_id":"d31aa279-ef7f-4f54-9a49-598dcf2a7915"}},{"type":"Feature","geometry":{"type":"Polygon","coordinates":[[[-111.98979,43.7856],[-111.99002,43.78575],[-111.98984,43.78594],[-111.98927,43.78605],[-111.98888,43.78586],[-111.9889,43.78571],[-111.98979,43.7856]]]},"properties":{"fire_id":"ufid:2026-IDIFD-000094","source_collection":"ytd","source_objectid":56940,"incident_name":"Menan Trail","mapped_acres":0.7785137936312712,"mapped_acres_source":"poly_Acres_AutoCalc_fallback","gis_acres":null,"auto_acres":0.7785137936312712,"reported_acres":0.78,"percent_contained":null,"state":"ID","state_wfigs":"US-ID","county":"Jefferson","discovery_time_utc":"2026-07-06T04:24:00Z","perimeter_time_utc":"2026-07-29T23:05:58Z","perimeter_edit_time_utc":null,"incident_modified_time_utc":"2026-07-22T14:34:46Z","containment_time_utc":"2026-07-06T05:59:00Z","control_time_utc":"2026-07-06T16:10:00Z","fire_out_time_utc":"2026-07-06T21:30:00Z","fire_cause":"Human","fire_cause_general":"Fireworks","map_method":"GPS-Walked","source_dataset":"FFP","unique_fire_identifier":"2026-IDIFD-000094","irwin_id":"{99EBA75C-C387-4D24-8F4A-785A7D08616D}","global_id":"32c1642e-2642-4301-a62a-578d0c621fcd"}},{"type":"Feature","geometry":{"type":"Polygon","coordinates":[[[-112.21038,44.15832],[-112.21082,44.15622],[-112.21163,44.15508],[-112.21181,44.15449],[-112.21208,44.15434],[-112.2123,44.15398],[-112.21282,44.15366],[-112.21334,44.15359],[-112.21357,44.15339],[-112.21419,44.1535],[-112.21318,44.15312],[-112.21361,44.15304],[-112.21426,44.15331],[-112.21613,44.1535],[-112.21609,44.15369],[-112.21523,44.1537],[-112.21583,44.15382],[-112.21573,44.15409],[-112.21585,44.15465],[-112.2154,44.15493],[-112.21545,44.15566],[-112.21533,44.1562],[-112.21551,44.15848],[-112.21054,44.15854],[-112.21038,44.15832]]]},"properties":{"fire_id":"ufid:2026-IDIFD-000100","source_collection":"ytd","source_objectid":56941,"incident_name":"South Cemetery","mapped_acres":48.64540649317189,"mapped_acres_source":"poly_Acres_AutoCalc_fallback","gis_acres":null,"auto_acres":48.64540649317189,"reported_acres":48.65,"percent_contained":null,"state":"ID","state_wfigs":"US-ID","county":"Clark","discovery_time_utc":"2026-07-08T21:01:08Z","perimeter_time_utc":"2026-07-29T23:17:01Z","perimeter_edit_time_utc":null,"incident_modified_time_utc":"2026-07-27T21:04:26Z","containment_time_utc":"2026-07-09T02:30:00Z","control_time_utc":"2026-07-09T22:00:00Z","fire_out_time_utc":"2026-07-13T15:50:00Z","fire_cause":"Human","fire_cause_general":"Equipment and vehicle use","map_method":"GPS-Driven","source_dataset":"FFP","unique_fire_identifier":"2026-IDIFD-000100","irwin_id":"{54BA581E-2552-4D68-8D08-B7B4B9819B0B}","global_id":"24d42b2d-6eac-4319-98b0-88e6c0c75a13"}},{"type":"Feature","geometry":{"type":"Polygon","coordinates":[[[-113.07013,42.66365],[-113.06522,42.6645],[-113.06634,42.66474],[-113.06723,42.66522],[-113.06797,42.66576],[-113.06828,42.6663],[-113.0682,42.66742],[-113.06846,42.66947],[-113.06954,42.67247],[-113.07056,42.67645],[-113.06857,42.67853],[-113.06554,42.68318],[-113.06408,42.68581],[-113.06198,42.68672],[-113.0593,42.68684],[-113.05764,42.68658],[-113.04517,42.68657],[-113.04361,42.68712],[-113.04205,42.68856],[-113.04109,42.68905],[-113.04116,42.6891],[-113.04062,42.68949],[-113.03935,42.68988],[-113.03779,42.69012],[-113.0307,42.69013],[-113.02812,42.69001],[-113.0282,42.68934],[-113.02864,42.68882],[-113.02898,42.68862],[-113.02868,42.68821],[-113.02846,42.68816],[-113.0289,42.6877],[-113.0286,42.68727],[-113.02865,42.68698],[-113.02582,42.68528],[-113.02506,42.68458],[-113.02508,42.68426],[-113.0248,42.68396],[-113.02497,42.68369],[-113.02443,42.68323],[-113.02467,42.68288],[-113.02451,42.68209],[-113.02388,42.6818],[-113.02387,42.6817],[-113.02313,42.68161],[-113.02316,42.68079],[-113.02288,42.68012],[-113.02288,42.67934],[-113.02269,42.6792],[-113.02317,42.67857],[-113.02363,42.67624],[-113.02396,42.67587],[-113.02407,42.6751],[-113.02465,42.67418],[-113.02478,42.67371],[-113.0252,42.67355],[-113.02566,42.67291],[-113.02558,42.67234],[-113.02589,42.67193],[-113.02587,42.67156],[-113.02561,42.67134],[-113.02566,42.6704],[-113.02619,42.66987],[-113.0261,42.66952],[-113.02579,42.6693],[-113.02533,42.66928],[-113.02434,42.66969],[-113.02267,42.66998],[-113.02061,42.66955],[-113.02008,42.66927],[-113.02022,42.66869],[-113.02009,42.66853],[-113.01974,42.6684],[-113.01925,42.66847],[-113.01925,42.66832],[-113.01958,42.66798],[-113.01925,42.66793],[-113.01923,42.66755],[-113.01899,42.66746],[-113.01888,42.66676],[-113.01866,42.66667],[-113.01861,42.66638],[-113.01899,42.6659],[-113.01903,42.66543],[-113.01964,42.66493],[-113.01938,42.66464],[-113.01946,42.66426],[-113.01936,42.66397],[-113.0194,42.66351],[-113.0196,42.66321],[-113.02024,42.6638],[-113.02109,42.66327],[-113.02128,42.6631],[-113.02128,42.66287],[-113.02218,42.66313],[-113.02217,42.66329],[-113.02145,42.66321],[-113.02057,42.66371],[-113.02185,42.66389],[-113.02228,42.66414],[-113.02386,42.66423],[-113.0249,42.66479],[-113.02514,42.66557],[-113.02738,42.66555],[-113.02888,42.6652],[-113.03078,42.66497],[-113.03136,42.66533],[-113.03171,42.6654],[-113.03304,42.66499],[-113.03354,42.66465],[-113.03388,42.66475],[-113.03405,42.66453],[-113.0356,42.66486],[-113.03642,42.66456],[-113.03722,42.66492],[-113.03761,42.66463],[-113.0379,42.66463],[-113.0384,42.66436],[-113.03828,42.66376],[-113.03857,42.66357],[-113.03993,42.66342],[-113.04077,42.66291],[-113.04127,42.6621],[-113.04099,42.66164],[-113.04094,42.66115],[-113.04128,42.66098],[-113.04132,42.66079],[-113.04253,42.66017],[-113.04312,42.65959],[-113.04345,42.65952],[-113.04402,42.65978],[-113.0439,42.6604],[-113.04426,42.66089],[-113.04596,42.66083],[-113.04738,42.66055],[-113.04773,42.66109],[-113.04577,42.66251],[-113.04737,42.6624],[-113.04818,42.66193],[-113.04943,42.66149],[-113.05084,42.66237],[-113.05164,42.66209],[-113.05231,42.66223],[-113.05303,42.66214],[-113.05352,42.66254],[-113.05435,42.66195],[-113.0562,42.66147],[-113.0562,42.66272],[-113.05659,42.6643],[-113.05961,42.66419],[-113.0607,42.66388],[-113.06257,42.66175],[-113.06419,42.66106],[-113.06533,42.66023],[-113.06529,42.65991],[-113.06614,42.65972],[-113.06647,42.65944],[-113.06726,42.65913],[-113.06794,42.65907],[-113.06848,42.65887],[-113.06851,42.65907],[-113.07066,42.65911],[-113.07086,42.65943],[-113.07152,42.65936],[-113.07166,42.65921],[-113.07188,42.65928],[-113.07091,42.66067],[-113.0713,42.66099],[-113.07121,42.66122],[-113.07078,42.66132],[-113.07037,42.66161],[-113.07048,42.66198],[-113.07084,42.66229],[-113.07013,42.66365]]]},"properties":{"fire_id":"ufid:2026-IDTFD-000160","source_collection":"ytd","source_objectid":57039,"incident_name":"Lake Channel","mapped_acres":2516.3919448278025,"mapped_acres_source":"poly_GISAcres","gis_acres":2516.3919448278025,"auto_acres":2516.3824616609522,"reported_acres":2516.39,"percent_contained":100.0,"state":"ID","state_wfigs":"US-ID","county":"Power","discovery_time_utc":"2026-07-29T23:40:00Z","perimeter_time_utc":"2026-07-31T06:00:00Z","perimeter_edit_time_utc":"2026-07-31T20:24:06Z","incident_modified_time_utc":"2026-08-03T19:01:47Z","containment_time_utc":"2026-08-03T03:00:00Z","control_time_utc":null,"fire_out_time_utc":null,"fire_cause":"Natural","fire_cause_general":null,"map_method":"Mixed Methods","source_dataset":"2026 NIFS","unique_fire_identifier":"2026-IDTFD-000160","irwin_id":"{3C59C816-9F7E-4849-98F0-1D1530C6404B}","global_id":"5e76d738-036c-4087-880d-aaa9e8208905"}},{"type":"Feature","geometry":{"type":"Polygon","coordinates":[[[-114.30108,43.57271],[-114.30349,43.57201],[-114.30595,43.57074],[-114.30614,43.57052],[-114.30636,43.56984],[-114.30719,43.56869],[-114.30825,43.56772],[-114.30887,43.56746],[-114.31,43.56738],[-114.31083,43.56714],[-114.31114,43.56726],[-114.3124,43.56829],[-114.31259,43.57004],[-114.31297,43.57055],[-114.31423,43.5711],[-114.31556,43.57205],[-114.31832,43.57221],[-114.31921,43.57254],[-114.32012,43.57317],[-114.32049,43.57385],[-114.32035,43.57586],[-114.32044,43.57644],[-114.32094,43.57778],[-114.32088,43.57835],[-114.32055,43.57883],[-114.31924,43.57975],[-114.31788,43.58208],[-114.31599,43.58344],[-114.31569,43.58399],[-114.31571,43.58425],[-114.31597,43.58455],[-114.31845,43.58577],[-114.31875,43.58621],[-114.31834,43.58794],[-114.31788,43.58902],[-114.31715,43.58966],[-114.31331,43.58974],[-114.31265,43.58955],[-114.31171,43.58893],[-114.31086,43.58896],[-114.30099,43.59234],[-114.29762,43.59417],[-114.29628,43.59436],[-114.29363,43.59414],[-114.29269,43.59435],[-114.29151,43.59491],[-114.28884,43.59653],[-114.28749,43.59709],[-114.28577,43.5973],[-114.28063,43.59671],[-114.27873,43.5969],[-114.27748,43.59682],[-114.27609,43.59724],[-114.27488,43.59727],[-114.27366,43.59748],[-114.27306,43.59771],[-114.27241,43.59819],[-114.27256,43.5989],[-114.27245,43.59915],[-114.27189,43.59952],[-114.27132,43.59966],[-114.26925,43.59974],[-114.2686,43.59939],[-114.26842,43.59869],[-114.26811,43.59845],[-114.26676,43.59855],[-114.2642,43.59825],[-114.26353,43.598],[-114.26323,43.59768],[-114.26305,43.59717],[-114.26321,43.59655],[-114.26491,43.59457],[-114.26569,43.59312],[-114.26666,43.59182],[-114.26736,43.59127],[-114.26861,43.59094],[-114.26941,43.58998],[-114.271,43.58921],[-114.2725,43.58757],[-114.27286,43.58635],[-114.27317,43.58581],[-114.27463,43.58455],[-114.27552,43.58342],[-114.27758,43.58137],[-114.28152,43.57949],[-114.28471,43.57876],[-114.28684,43.57791],[-114.28901,43.57672],[-114.29083,43.57523],[-114.29177,43.5749],[-114.29286,43.57493],[-114.29389,43.57531],[-114.29459,43.57598],[-114.29502,43.5772],[-114.29544,43.5777],[-114.29629,43.57801],[-114.29694,43.57791],[-114.29757,43.57737],[-114.29808,43.57552],[-114.29858,43.57471],[-114.30044,43.57275],[-114.30108,43.57271]]]},"properties":{"fire_id":"ufid:2026-IDEIS-000139","source_collection":"ytd","source_objectid":57099,"incident_name":"Ohio Fire","mapped_acres":2034.6471567666642,"mapped_acres_source":"poly_GISAcres","gis_acres":2034.6471567666642,"auto_acres":2034.6390262613374,"reported_acres":2035.0,"percent_contained":100.0,"state":"ID","state_wfigs":"US-ID","county":"Blaine","discovery_time_utc":"2026-07-18T19:51:00Z","perimeter_time_utc":null,"perimeter_edit_time_utc":"2026-08-01T17:23:12Z","incident_modified_time_utc":"2026-08-25T17:22:31Z","containment_time_utc":"2026-07-22T02:00:00Z","control_time_utc":"2026-07-25T18:00:00Z","fire_out_time_utc":"2026-08-04T06:00:00Z","fire_cause":"Human","fire_cause_general":null,"map_method":"Mixed Methods","source_dataset":"2026 NIFS","unique_fire_identifier":"2026-IDEIS-000139","irwin_id":"{277A7CB2-25C5-4EB9-B4A7-5FC0A8EAE940}","global_id":"8822a963-b343-449f-ac4a-979ecc7e49ca"}},{"type":"Feature","geometry":{"type":"Polygon","coordinates":[[[-113.98202,42.52042],[-113.98003,42.5204],[-113.98153,42.51994],[-113.98205,42.51997],[-113.98243,42.52028],[-113.98202,42.52042]]]},"properties":{"fire_id":"ufid:2026-IDTFD-000158","source_collection":"ytd","source_objectid":57123,"incident_name":"Crestview","mapped_acres":1.516188520555374,"mapped_acres_source":"poly_Acres_AutoCalc_fallback","gis_acres":null,"auto_acres":1.516188520555374,"reported_acres":1.52,"percent_contained":null,"state":"ID","state_wfigs":"US-ID","county":"Cassia","discovery_time_utc":"2026-07-27T12:52:23Z","perimeter_time_utc":null,"perimeter_edit_time_utc":"2026-08-01T19:28:31Z","incident_modified_time_utc":"2026-08-25T17:25:55Z","containment_time_utc":"2026-07-27T14:10:00Z","control_time_utc":"2026-07-27T16:15:00Z","fire_out_time_utc":"2026-08-06T06:00:00Z","fire_cause":"Human","fire_cause_general":null,"map_method":"Mixed Methods","source_dataset":"2026 NIFS","unique_fire_identifier":"2026-IDTFD-000158","irwin_id":"{21856C34-3FD4-4F13-9C8F-24C80E542DAB}","global_id":"2589740e-c26c-48dd-8a8e-f46b257d4bbd"}},{"type":"Feature","geometry":{"type":"Polygon","coordinates":[[[-114.13061,42.49658],[-114.13038,42.49664],[-114.1303,42.49648],[-114.13058,42.49616],[-114.1307,42.49642],[-114.13114,42.49645],[-114.13093,42.49669],[-114.13061,42.49658]]]},"properties":{"fire_id":"ufid:2026-IDTFD-000151","source_collection":"ytd","source_objectid":57124,"incident_name":"Cauldron","mapped_acres":0.5104606626959016,"mapped_acres_source":"poly_Acres_AutoCalc_fallback","gis_acres":null,"auto_acres":0.5104606626959016,"reported_acres":0.5,"percent_contained":null,"state":"ID","state_wfigs":"US-ID","county":"Jerome","discovery_time_utc":"2026-07-25T01:41:00Z","perimeter_time_utc":null,"perimeter_edit_time_utc":"2026-08-01T19:33:38Z","incident_modified_time_utc":"2026-08-25T17:24:05Z","containment_time_utc":"2026-07-25T03:00:00Z","control_time_utc":"2026-07-25T03:30:00Z","fire_out_time_utc":"2026-08-03T06:00:00Z","fire_cause":"Human","fire_cause_general":null,"map_method":"Mixed Methods","source_dataset":"2026 NIFS","unique_fire_identifier":"2026-IDTFD-000151","irwin_id":"{B521FAF0-7EFB-4261-B17F-63586632CFC7}","global_id":"ba1a3313-e41c-4c0f-bfdf-5518906954ac"}},{"type":"Feature","geometry":{"type":"Polygon","coordinates":[[[-114.70994,43.02705],[-114.70973,43.02688],[-114.70983,43.02664],[-114.71078,43.02673],[-114.71074,43.02684],[-114.70994,43.02705]]]},"properties":{"fire_id":"ufid:2026-IDTFD-000159","source_collection":"ytd","source_objectid":57125,"incident_name":"North Canal","mapped_acres":0.5410543787920198,"mapped_acres_source":"poly_Acres_AutoCalc_fallback","gis_acres":null,"auto_acres":0.5410543787920198,"reported_acres":0.5,"percent_contained":null,"state":"ID","state_wfigs":"US-ID","county":"Gooding","discovery_time_utc":"2026-07-28T15:01:00Z","perimeter_time_utc":null,"perimeter_edit_time_utc":"2026-08-01T19:27:33Z","incident_modified_time_utc":"2026-08-25T17:26:54Z","containment_time_utc":"2026-07-28T18:00:00Z","control_time_utc":"2026-07-28T18:00:00Z","fire_out_time_utc":"2026-08-07T06:00:00Z","fire_cause":"Human","fire_cause_general":null,"map_method":"Mixed Methods","source_dataset":"2026 NIFS","unique_fire_identifier":"2026-IDTFD-000159","irwin_id":"{9342DEFD-6493-4C30-AD37-4A8A59D25BD2}","global_id":"3e66a5f9-dde0-430a-a652-8bc19e3f06b5"}},{"type":"Feature","geometry":{"type":"Polygon","coordinates":[[[-114.65977,42.97688],[-114.66003,42.97693],[-114.65968,42.9768],[-114.65946,42.97651],[-114.65956,42.97637],[-114.65948,42.9763],[-114.65869,42.97651],[-114.65761,42.97636],[-114.65761,42.97613],[-114.65801,42.9759],[-114.65914,42.97574],[-114.65925,42.97585],[-114.66,42.9759],[-114.66101,42.97618],[-114.66132,42.97664],[-114.66112,42.97689],[-114.6604,42.97703],[-114.65977,42.97688]]]},"properties":{"fire_id":"ufid:2026-IDGOX-000146","source_collection":"ytd","source_objectid":57127,"incident_name":"Overflow","mapped_acres":5.720283306568413,"mapped_acres_source":"poly_Acres_AutoCalc_fallback","gis_acres":null,"auto_acres":5.720283306568413,"reported_acres":5.72,"percent_contained":null,"state":"ID","state_wfigs":"US-ID","county":"Gooding","discovery_time_utc":"2026-07-23T16:41:00Z","perimeter_time_utc":null,"perimeter_edit_time_utc":"2026-08-01T19:26:42Z","incident_modified_time_utc":"2026-08-25T17:23:32Z","containment_time_utc":"2026-07-23T18:30:00Z","control_time_utc":"2026-07-24T00:30:00Z","fire_out_time_utc":"2026-08-02T06:00:00Z","fire_cause":"Human","fire_cause_general":null,"map_method":"Mixed Methods","source_dataset":"2026 NIFS","unique_fire_identifier":"2026-IDGOX-000146","irwin_id":"{4B30D3F0-1695-4842-9191-6059325DD9D4}","global_id":"84417c92-ba00-4147-99d0-89f7d4a1a02a"}},{"type":"Feature","geometry":{"type":"Polygon","coordinates":[[[-114.26362,43.74835],[-114.26358,43.748],[-114.26377,43.74802],[-114.2637,43.74828],[-114.26362,43.74835]],[[-114.26362,43.7482],[-114.26362,43.74823],[-114.2637,43.74817],[-114.26362,43.7482]]]},"properties":{"fire_id":"ufid:2026-IDSTF-000149","source_collection":"ytd","source_objectid":57128,"incident_name":"Trail","mapped_acres":0.10871965572349218,"mapped_acres_source":"poly_Acres_AutoCalc_fallback","gis_acres":null,"auto_acres":0.10871965572349218,"reported_acres":0.11,"percent_contained":null,"state":"ID","state_wfigs":"US-ID","county":"Blaine","discovery_time_utc":"2026-07-24T19:29:00Z","perimeter_time_utc":null,"perimeter_edit_time_utc":"2026-08-01T19:32:48Z","incident_modified_time_utc":"2026-08-26T00:25:18Z","containment_time_utc":"2026-07-25T02:50:00Z","control_time_utc":"2026-07-25T05:25:00Z","fire_out_time_utc":"2026-08-25T22:00:00Z","fire_cause":"Natural","fire_cause_general":null,"map_method":"Mixed Methods","source_dataset":"2026 NIFS","unique_fire_identifier":"2026-IDSTF-000149","irwin_id":"{0D27FBE3-A72C-4C3E-988F-A51BDCF68689}","global_id":"24105a98-f58d-40a1-9aee-a7d468ca5b22"}},{"type":"Feature","geometry":{"type":"Polygon","coordinates":[[[-114.62837,42.05246],[-114.6295,42.05398],[-114.62942,42.05413],[-114.62975,42.05443],[-114.62935,42.05459],[-114.62876,42.05451],[-114.62836,42.05433],[-114.62801,42.05395],[-114.6272,42.05264],[-114.62632,42.05064],[-114.62591,42.05006],[-114.62587,42.04944],[-114.62561,42.04904],[-114.62588,42.04864],[-114.62649,42.04867],[-114.62641,42.04878],[-114.62653,42.0488],[-114.62659,42.04907],[-114.6278,42.05082],[-114.62787,42.05109],[-114.62778,42.0511],[-114.62845,42.05217],[-114.62849,42.05239],[-114.62837,42.05246]]]},"properties":{"fire_id":"ufid:2026-IDTFD-000150","source_collection":"ytd","source_objectid":57129,"incident_name":"Twin Springs 2","mapped_acres":17.118867262366766,"mapped_acres_source":"poly_GISAcres","gis_acres":17.118867262366766,"auto_acres":17.118799268933472,"reported_acres":17.1,"percent_contained":null,"state":"ID","state_wfigs":"US-ID","county":"Twin Falls","discovery_time_utc":"2026-07-25T02:00:00Z","perimeter_time_utc":null,"perimeter_edit_time_utc":"2026-08-12T20:11:57Z","incident_modified_time_utc":"2026-08-25T17:24:43Z","containment_time_utc":"2026-07-25T06:00:00Z","control_time_utc":"2026-07-25T19:30:00Z","fire_out_time_utc":"2026-08-04T06:00:00Z","fire_cause":"Natural","fire_cause_general":null,"map_method":"Mixed Methods","source_dataset":"2026 NIFS","unique_fire_identifier":"2026-IDTFD-000150","irwin_id":"{DEC21B0F-C0FF-4F0B-9B3E-80859AE4386B}","global_id":"7c8740a3-ccf4-4018-a349-e3c4ed2188c8"}},{"type":"Feature","geometry":{"type":"Polygon","coordinates":[[[-111.67375,43.63692],[-111.6747,43.63666],[-111.67554,43.63674],[-111.67778,43.63772],[-111.67914,43.63844],[-111.68063,43.63946],[-111.68214,43.64108],[-111.68304,43.6417],[-111.68519,43.64285],[-111.68918,43.64434],[-111.69244,43.64623],[-111.69327,43.64634],[-111.69553,43.64619],[-111.69879,43.64692],[-111.6996,43.64721],[-111.69977,43.64733],[-111.69928,43.64737],[-111.69913,43.6475],[-111.69932,43.64771],[-111.69943,43.64844],[-111.69923,43.64852],[-111.69918,43.64869],[-111.69949,43.64892],[-111.70053,43.64908],[-111.70075,43.64935],[-111.70041,43.64953],[-111.70055,43.64984],[-111.70047,43.6501],[-111.70036,43.65011],[-111.70064,43.65039],[-111.70124,43.6506],[-111.70133,43.65084],[-111.70144,43.65087],[-111.70225,43.65029],[-111.70294,43.65005],[-111.70331,43.65022],[-111.70396,43.65006],[-111.704,43.65047],[-111.70451,43.65057],[-111.70479,43.65083],[-111.70487,43.65116],[-111.70505,43.65094],[-111.70529,43.65094],[-111.70524,43.65079],[-111.70546,43.65041],[-111.70638,43.65064],[-111.70877,43.65145],[-111.71275,43.65404],[-111.7132,43.65446],[-111.71437,43.65605],[-111.71762,43.65907],[-111.71886,43.66111],[-111.72006,43.66222],[-111.72073,43.66366],[-111.72246,43.66468],[-111.72283,43.66529],[-111.72318,43.66644],[-111.72447,43.66788],[-111.7246,43.66862],[-111.72426,43.6696],[-111.72219,43.67271],[-111.72157,43.67339],[-111.72119,43.67361],[-111.72078,43.67366],[-111.72044,43.67353],[-111.72028,43.67309],[-111.72119,43.67098],[-111.72127,43.67057],[-111.72116,43.67022],[-111.72079,43.67],[-111.72028,43.67],[-111.71859,43.6707],[-111.71812,43.67076],[-111.71773,43.67064],[-111.71748,43.67024],[-111.71787,43.66905],[-111.71776,43.66861],[-111.71744,43.66821],[-111.71664,43.66775],[-111.71223,43.666],[-111.71142,43.6655],[-111.71102,43.66472],[-111.7105,43.66217],[-111.71012,43.66108],[-111.70937,43.65981],[-111.70848,43.65896],[-111.70724,43.65841],[-111.70588,43.6583],[-111.70424,43.65867],[-111.69943,43.66017],[-111.69851,43.66023],[-111.69796,43.66009],[-111.69755,43.65981],[-111.69731,43.65942],[-111.69724,43.65899],[-111.69735,43.6581],[-111.69722,43.65766],[-111.69664,43.65686],[-111.69575,43.65602],[-111.69565,43.65562],[-111.69574,43.65477],[-111.69548,43.65415],[-111.69505,43.65383],[-111.69417,43.65356],[-111.69081,43.65353],[-111.69006,43.65311],[-111.68955,43.65227],[-111.68916,43.6519],[-111.68827,43.6516],[-111.68398,43.65158],[-111.68296,43.65182],[-111.68147,43.65249],[-111.6805,43.65272],[-111.67651,43.65318],[-111.67345,43.65312],[-111.67272,43.653],[-111.67207,43.6527],[-111.66982,43.65092],[-111.6684,43.65002],[-111.66702,43.64949],[-111.66613,43.64945],[-111.66571,43.64974],[-111.66534,43.65075],[-111.6644,43.65193],[-111.66426,43.65241],[-111.66426,43.65341],[-111.66401,43.65414],[-111.66299,43.65571],[-111.66199,43.65685],[-111.6612,43.65836],[-111.66028,43.65909],[-111.65817,43.66034],[-111.65771,43.66095],[-111.65738,43.66174],[-111.65706,43.66206],[-111.65396,43.66312],[-111.65285,43.66367],[-111.65231,43.66426],[-111.65181,43.66549],[-111.6515,43.66579],[-111.64994,43.66608],[-111.64869,43.66656],[-111.64793,43.66655],[-111.64743,43.6661],[-111.64723,43.66474],[-111.64676,43.66421],[-111.64588,43.66403],[-111.6441,43.66422],[-111.64333,43.66401],[-111.64301,43.66368],[-111.64296,43.66303],[-111.64342,43.6624],[-111.64487,43.66111],[-111.64542,43.66032],[-111.64575,43.65913],[-111.64586,43.65736],[-111.64609,43.65682],[-111.6465,43.65635],[-111.64794,43.65584],[-111.64843,43.65516],[-111.64865,43.65459],[-111.64974,43.65416],[-111.6505,43.6541],[-111.65075,43.65374],[-111.65095,43.65302],[-111.65062,43.6526],[-111.65083,43.65203],[-111.65008,43.65087],[-111.65002,43.64998],[-111.64971,43.64918],[-111.64983,43.64862],[-111.64975,43.64839],[-111.64894,43.64853],[-111.64712,43.64842],[-111.64678,43.64904],[-111.64617,43.64941],[-111.64574,43.65016],[-111.64445,43.65072],[-111.64423,43.65039],[-111.64429,43.65],[-111.6446,43.64964],[-111.64636,43.64856],[-111.64787,43.6473],[-111.64996,43.64591],[-111.65059,43.64531],[-111.65102,43.64452],[-111.65124,43.64306],[-111.65182,43.64106],[-111.65217,43.64047],[-111.65264,43.64019],[-111.65327,43.64007],[-111.65395,43.64015],[-111.65459,43.64044],[-111.65538,43.64111],[-111.65753,43.64385],[-111.65812,43.64412],[-111.65857,43.64412],[-111.65932,43.64387],[-111.65972,43.64353],[-111.65964,43.64242],[-111.65978,43.64171],[-111.66062,43.63998],[-111.66103,43.63955],[-111.66161,43.63922],[-111.66282,43.63879],[-111.6633,43.63887],[-111.66357,43.63876],[-111.66362,43.63858],[-111.66398,43.63846],[-111.66495,43.63859],[-111.66582,43.63827],[-111.66606,43.63842],[-111.66626,43.63836],[-111.66678,43.63791],[-111.66818,43.63768],[-111.67006,43.63646],[-111.67059,43.63661],[-111.67106,43.63715],[-111.67121,43.63734],[-111.67122,43.63788],[-111.67209,43.63799],[-111.67288,43.63803],[-111.67319,43.63792],[-111.67344,43.63774],[-111.67375,43.63692]]]},"properties":{"fire_id":"ufid:2026-IDIFD-000152","source_collection":"ytd","source_objectid":57141,"incident_name":"Big Rock","mapped_acres":2142.1062701744077,"mapped_acres_source":"poly_GISAcres","gis_acres":2142.1062701744077,"auto_acres":2142.0981996418814,"reported_acres":2142.0,"percent_contained":100.0,"state":"ID","state_wfigs":"US-ID","county":"Jefferson","discovery_time_utc":"2026-07-31T23:31:00Z","perimeter_time_utc":null,"perimeter_edit_time_utc":"2026-08-06T21:14:08Z","incident_modified_time_utc":"2026-08-17T22:32:02Z","containment_time_utc":"2026-08-14T00:00:00Z","control_time_utc":"2026-08-17T22:30:00Z","fire_out_time_utc":null,"fire_cause":"Natural","fire_cause_general":null,"map_method":"Mixed Methods","source_dataset":"2026 NIFS","unique_fire_identifier":"2026-IDIFD-000152","irwin_id":"{0BB99778-8D64-476C-BA6A-BC8006391084}","global_id":"e62fac2b-4757-4c2e-b06f-c656ca281dbb"}},{"type":"Feature","geometry":{"type":"Polygon","coordinates":[[[-113.84704,44.32766],[-113.84542,44.32618],[-113.84403,44.32581],[-113.84279,44.32651],[-113.84232,44.32714],[-113.84418,44.33004],[-113.84574,44.33031],[-113.84658,44.3312],[-113.84768,44.33191],[-113.84855,44.33162],[-113.84904,44.33162],[-113.84963,44.33214],[-113.84981,44.33258],[-113.85076,44.33312],[-113.8508,44.33373],[-113.85113,44.33371],[-113.85156,44.33491],[-113.85125,44.33538],[-113.8513,44.33562],[-113.85103,44.33575],[-113.85003,44.33548],[-113.84984,44.33556],[-113.85016,44.33611],[-113.85012,44.33625],[-113.84984,44.33632],[-113.8494,44.33604],[-113.84932,44.3362],[-113.84919,44.33618],[-113.84858,44.33557],[-113.84873,44.3352],[-113.84827,44.33542],[-113.84854,44.33647],[-113.84914,44.33733],[-113.84897,44.33776],[-113.84877,44.33779],[-113.84866,44.3375],[-113.84819,44.33733],[-113.84781,44.3369],[-113.84703,44.33767],[-113.84622,44.3378],[-113.84552,44.3391],[-113.84529,44.33891],[-113.84532,44.33859],[-113.84428,44.3388],[-113.84433,44.33904],[-113.84389,44.33937],[-113.84285,44.33876],[-113.84218,44.33921],[-113.84163,44.33928],[-113.84116,44.3379],[-113.84104,44.33804],[-113.84043,44.33822],[-113.84028,44.3385],[-113.84026,44.33896],[-113.83859,44.33912],[-113.83659,44.33913],[-113.8364,44.33902],[-113.83419,44.33988],[-113.83273,44.34092],[-113.83134,44.34123],[-113.82983,44.34274],[-113.8293,44.34299],[-113.82924,44.34272],[-113.82849,44.34282],[-113.82761,44.34242],[-113.828,44.34203],[-113.82504,44.34167],[-113.82515,44.34122],[-113.82409,44.34065],[-113.82405,44.34015],[-113.82235,44.33913],[-113.82154,44.33812],[-113.82191,44.33769],[-113.82113,44.3379],[-113.82092,44.33724],[-113.82138,44.33691],[-113.82283,44.33659],[-113.82311,44.33636],[-113.82085,44.33636],[-113.82009,44.33608],[-113.82256,44.33557],[-113.82233,44.33536],[-113.82127,44.33513],[-113.81956,44.33496],[-113.81903,44.33449],[-113.81994,44.33387],[-113.82224,44.33334],[-113.82413,44.33345],[-113.82695,44.33437],[-113.82801,44.33453],[-113.82878,44.33444],[-113.82904,44.33428],[-113.82989,44.33457],[-113.83227,44.33415],[-113.83076,44.33002],[-113.82873,44.33092],[-113.82726,44.33098],[-113.82617,44.33075],[-113.82521,44.33034],[-113.8228,44.32797],[-113.82292,44.32754],[-113.82217,44.32688],[-113.82122,44.32625],[-113.82028,44.32582],[-113.81946,44.32594],[-113.81917,44.32615],[-113.81919,44.3264],[-113.81946,44.32682],[-113.82117,44.32834],[-113.82142,44.32866],[-113.82143,44.32909],[-113.82006,44.32945],[-113.81939,44.33026],[-113.81922,44.33069],[-113.81888,44.331],[-113.81749,44.33131],[-113.81726,44.33038],[-113.81649,44.33017],[-113.81595,44.33017],[-113.81482,44.32955],[-113.81358,44.32988],[-113.81227,44.32953],[-113.81289,44.32932],[-113.81299,44.32812],[-113.81403,44.32715],[-113.81465,44.32638],[-113.81482,44.32575],[-113.81449,44.32519],[-113.81386,44.32512],[-113.81302,44.32522],[-113.81258,44.32547],[-113.81164,44.32567],[-113.81135,44.32563],[-113.81121,44.32541],[-113.81144,44.32519],[-113.81242,44.32491],[-113.81325,44.32428],[-113.8135,44.32389],[-113.81355,44.32317],[-113.81256,44.32292],[-113.8125,44.32269],[-113.8111,44.32289],[-113.81121,44.32212],[-113.81114,44.32111],[-113.81172,44.3208],[-113.81342,44.32138],[-113.8143,44.3205],[-113.81391,44.32028],[-113.81379,44.31999],[-113.81395,44.31915],[-113.81578,44.31836],[-113.81676,44.31824],[-113.81714,44.31784],[-113.8187,44.31727],[-113.8188,44.31752],[-113.81948,44.3179],[-113.81984,44.31789],[-113.81994,44.31817],[-113.82023,44.3184],[-113.82073,44.31849],[-113.82174,44.31802],[-113.82203,44.31818],[-113.82449,44.31761],[-113.82461,44.31726],[-113.82489,44.31717],[-113.82561,44.31761],[-113.82589,44.31802],[-113.82612,44.31812],[-113.82743,44.31826],[-113.83055,44.31821],[-113.83091,44.31794],[-113.83165,44.31789],[-113.8325,44.31745],[-113.8337,44.31744],[-113.83662,44.31699],[-113.83831,44.31711],[-113.84245,44.3162],[-113.84314,44.31628],[-113.8438,44.31578],[-113.84467,44.31546],[-113.84528,44.31558],[-113.84588,44.31547],[-113.84648,44.31563],[-113.84646,44.31609],[-113.84661,44.31614],[-113.84687,44.3159],[-113.84876,44.31569],[-113.84842,44.3163],[-113.84848,44.3165],[-113.84912,44.31649],[-113.84935,44.31676],[-113.8518,44.31629],[-113.85202,44.31602],[-113.85291,44.31562],[-113.85289,44.31601],[-113.85357,44.31575],[-113.85429,44.31598],[-113.85534,44.31748],[-113.8578,44.31697],[-113.85914,44.31719],[-113.86004,44.31782],[-113.8608,44.31924],[-113.86039,44.32109],[-113.85883,44.3221],[-113.85822,44.3231],[-113.85717,44.32335],[-113.85518,44.32424],[-113.85528,44.32527],[-113.85467,44.3262],[-113.85473,44.32709],[-113.85537,44.32758],[-113.85641,44.32782],[-113.85659,44.32825],[-113.85608,44.32841],[-113.85562,44.32789],[-113.8541,44.32772],[-113.8536,44.32799],[-113.8532,44.32899],[-113.85263,44.32981],[-113.85217,44.32979],[-113.8515,44.33035],[-113.8507,44.33063],[-113.85003,44.33022],[-113.84844,44.32823],[-113.84704,44.32766]]]},"properties":{"fire_id":"ufid:2026-IDSCF-260103","source_collection":"ytd","source_objectid":57286,"incident_name":"Doublesprings","mapped_acres":1696.8234323443955,"mapped_acres_source":"poly_GISAcres","gis_acres":1696.8234323443955,"auto_acres":1696.8170162886424,"reported_acres":1779.0,"percent_contained":50.0,"state":"ID","state_wfigs":"US-ID","county":"Custer","discovery_time_utc":"2026-07-24T23:12:00Z","perimeter_time_utc":"2026-08-03T12:39:00Z","perimeter_edit_time_utc":"2026-08-11T22:02:49Z","incident_modified_time_utc":"2026-09-11T00:30:41Z","containment_time_utc":null,"control_time_utc":null,"fire_out_time_utc":null,"fire_cause":"Natural","fire_cause_general":null,"map_method":"IR Image Interpretation","source_dataset":"2026 NIFS","unique_fire_identifier":"2026-IDSCF-260103","irwin_id":"{960C064B-1764-4834-BD28-90FB69A4AB4A}","global_id":"1baf1472-765b-4f97-94fc-3310c8ae5f62"}},{"type":"Feature","geometry":{"type":"Polygon","coordinates":[[[-111.73333,43.70473],[-111.73277,43.70473],[-111.73182,43.70449],[-111.73041,43.70495],[-111.73017,43.70486],[-111.72927,43.70354],[-111.72855,43.70351],[-111.72826,43.70329],[-111.72806,43.70289],[-111.72811,43.70245],[-111.72858,43.7022],[-111.72876,43.70191],[-111.72858,43.70114],[-111.72844,43.70105],[-111.72631,43.70143],[-111.72599,43.70212],[-111.72581,43.70204],[-111.72586,43.70182],[-111.72571,43.70169],[-111.72538,43.70182],[-111.72513,43.7017],[-111.72523,43.70146],[-111.72573,43.70145],[-111.72584,43.70134],[-111.72549,43.70086],[-111.7254,43.70045],[-111.72547,43.69994],[-111.72585,43.69936],[-111.72625,43.69958],[-111.7274,43.69913],[-111.72769,43.69952],[-111.72879,43.69995],[-111.72917,43.70066],[-111.72971,43.7007],[-111.72962,43.69998],[-111.72928,43.69955],[-111.72927,43.69933],[-111.73025,43.69876],[-111.73111,43.69844],[-111.7319,43.69837],[-111.73205,43.69729],[-111.73189,43.69691],[-111.73153,43.69668],[-111.73007,43.69668],[-111.72988,43.69643],[-111.73075,43.69553],[-111.7315,43.69567],[-111.732,43.69553],[-111.73231,43.69489],[-111.73213,43.69453],[-111.73226,43.69444],[-111.73349,43.69418],[-111.73503,43.69519],[-111.73526,43.69568],[-111.73526,43.69611],[-111.73515,43.69626],[-111.73531,43.69649],[-111.73534,43.69691],[-111.73612,43.69758],[-111.7364,43.69853],[-111.73648,43.69859],[-111.73705,43.69829],[-111.73715,43.69796],[-111.73755,43.69827],[-111.73764,43.69897],[-111.73748,43.69901],[-111.73788,43.70004],[-111.73809,43.70105],[-111.73813,43.70275],[-111.73787,43.70314],[-111.73772,43.70375],[-111.73718,43.70393],[-111.73635,43.70385],[-111.73552,43.70399],[-111.73515,43.70432],[-111.73498,43.70475],[-111.73451,43.70503],[-111.73443,43.70533],[-111.73405,43.70537],[-111.7338,43.70497],[-111.73333,43.70473]]]},"properties":{"fire_id":"ufid:2026-IDIFD-000158","source_collection":"ytd","source_objectid":57337,"incident_name":"Byrne Side","mapped_acres":166.2228806786082,"mapped_acres_source":"poly_Acres_AutoCalc_fallback","gis_acres":null,"auto_acres":166.2228806786082,"reported_acres":166.22,"percent_contained":null,"state":"ID","state_wfigs":"US-ID","county":"Madison","discovery_time_utc":"2026-08-05T20:38:00Z","perimeter_time_utc":null,"perimeter_edit_time_utc":"2026-08-06T22:24:07Z","incident_modified_time_utc":"2026-08-08T00:04:35Z","containment_time_utc":"2026-08-07T01:40:00Z","control_time_utc":"2026-08-08T00:00:00Z","fire_out_time_utc":null,"fire_cause":"Human","fire_cause_general":null,"map_method":"GPS-Walked/Driven","source_dataset":"2026 NIFS","unique_fire_identifier":"2026-IDIFD-000158","irwin_id":"{DF6CD16B-A306-4C5A-97B2-96421BB0F7CE}","global_id":"805242d1-e3d2-4bb4-9896-07389638963c"}},{"type":"Feature","geometry":{"type":"Polygon","coordinates":[[[-111.67369,42.56153],[-111.67415,42.56046],[-111.67527,42.56022],[-111.67714,42.56083],[-111.678,42.56221],[-111.67912,42.56251],[-111.68319,42.56259],[-111.68355,42.56297],[-111.68294,42.56335],[-111.6814,42.56358],[-111.68057,42.5639],[-111.68013,42.56462],[-111.67967,42.56487],[-111.67944,42.56522],[-111.67902,42.56519],[-111.67841,42.56577],[-111.67768,42.56595],[-111.67755,42.56605],[-111.67762,42.5665],[-111.67746,42.56647],[-111.67735,42.56667],[-111.67684,42.56692],[-111.67621,42.56699],[-111.67613,42.56682],[-111.67624,42.56664],[-111.67584,42.56668],[-111.67566,42.56683],[-111.67599,42.56704],[-111.67593,42.56734],[-111.67538,42.56779],[-111.67502,42.56773],[-111.67443,42.568],[-111.67405,42.56787],[-111.67317,42.56789],[-111.67324,42.56814],[-111.67254,42.56828],[-111.67215,42.56812],[-111.67193,42.56819],[-111.67171,42.56804],[-111.6714,42.56826],[-111.67112,42.56825],[-111.67101,42.56804],[-111.67114,42.56794],[-111.67081,42.56737],[-111.67043,42.56743],[-111.67021,42.56719],[-111.66765,42.5689],[-111.66738,42.56925],[-111.66648,42.56938],[-111.66629,42.56957],[-111.66595,42.56963],[-111.66575,42.56941],[-111.66524,42.56974],[-111.66397,42.56983],[-111.66338,42.57016],[-111.66262,42.57005],[-111.66252,42.57011],[-111.66257,42.57027],[-111.6621,42.57046],[-111.66055,42.57053],[-111.66016,42.57069],[-111.66011,42.57077],[-111.66054,42.57117],[-111.66053,42.57135],[-111.66,42.57176],[-111.65967,42.57171],[-111.65939,42.57235],[-111.65917,42.57241],[-111.65918,42.57266],[-111.6584,42.57314],[-111.65821,42.57301],[-111.65827,42.57295],[-111.65809,42.57279],[-111.65835,42.57269],[-111.65832,42.57242],[-111.65888,42.57174],[-111.65883,42.57136],[-111.65867,42.57132],[-111.65863,42.57112],[-111.65836,42.57111],[-111.65866,42.57059],[-111.65932,42.5701],[-111.66019,42.57023],[-111.66123,42.56986],[-111.6614,42.56968],[-111.66139,42.56919],[-111.66175,42.56874],[-111.6617,42.56789],[-111.66297,42.56773],[-111.66377,42.56696],[-111.66519,42.56633],[-111.66523,42.56602],[-111.66465,42.56566],[-111.66483,42.56535],[-111.6647,42.56533],[-111.66508,42.56517],[-111.66491,42.56493],[-111.66522,42.5649],[-111.66526,42.56412],[-111.66547,42.56423],[-111.66599,42.56411],[-111.66597,42.5639],[-111.66611,42.56376],[-111.66649,42.56396],[-111.66715,42.56353],[-111.66746,42.5637],[-111.66786,42.56349],[-111.66844,42.56346],[-111.66839,42.56333],[-111.66875,42.56307],[-111.66866,42.56307],[-111.66879,42.56299],[-111.66871,42.56297],[-111.66976,42.56253],[-111.66947,42.56223],[-111.66959,42.56203],[-111.67019,42.5617],[-111.67034,42.56179],[-111.67096,42.5616],[-111.67142,42.56164],[-111.67216,42.56149],[-111.6727,42.56165],[-111.67369,42.56153]]]},"properties":{"fire_id":"ufid:2026-IDCTF-000160","source_collection":"ytd","source_objectid":57506,"incident_name":"McPherson","mapped_acres":228.46462430553095,"mapped_acres_source":"poly_GISAcres","gis_acres":228.46462430553095,"auto_acres":228.46376655378901,"reported_acres":298.0,"percent_contained":100.0,"state":"ID","state_wfigs":"US-ID","county":"Caribou","discovery_time_utc":"2026-08-08T00:16:51Z","perimeter_time_utc":null,"perimeter_edit_time_utc":"2026-08-20T19:33:00Z","incident_modified_time_utc":"2026-09-03T16:48:11Z","containment_time_utc":"2026-08-13T00:00:00Z","control_time_utc":"2026-08-14T16:00:00Z","fire_out_time_utc":"2026-09-03T16:45:00Z","fire_cause":"Human","fire_cause_general":null,"map_method":"Mixed Methods","source_dataset":"2026 NIFS","unique_fire_identifier":"2026-IDCTF-000160","irwin_id":"{64DFDAA0-451B-4A76-9524-E0BFC6CD4ED1}","global_id":"7dcfe74c-e00e-45fc-8789-a1ddd44c5a91"}},{"type":"Feature","geometry":{"type":"Polygon","coordinates":[[[-114.18605,43.15628],[-114.1884,43.15633],[-114.18832,43.15684],[-114.18486,43.15823],[-114.1847,43.15819],[-114.18477,43.15681],[-114.18582,43.15672],[-114.18605,43.15628]]]},"properties":{"fire_id":"ufid:2026-IDLNX-000177","source_collection":"ytd","source_objectid":57587,"incident_name":"Rural Assist 6","mapped_acres":9.044333977792718,"mapped_acres_source":"poly_GISAcres","gis_acres":9.044333977792718,"auto_acres":9.044298022720758,"reported_acres":9.04,"percent_contained":null,"state":"ID","state_wfigs":"US-ID","county":"Lincoln","discovery_time_utc":"2026-08-06T19:08:24Z","perimeter_time_utc":null,"perimeter_edit_time_utc":"2026-08-12T15:47:01Z","incident_modified_time_utc":"2026-08-25T18:01:26Z","containment_time_utc":"2026-08-06T21:12:00Z","control_time_utc":"2026-08-06T21:12:00Z","fire_out_time_utc":"2026-08-06T21:12:00Z","fire_cause":"Undetermined","fire_cause_general":null,"map_method":"Mixed Methods","source_dataset":"2026 NIFS","unique_fire_identifier":"2026-IDLNX-000177","irwin_id":"{874F2480-E938-45F8-885D-1E4CF0391237}","global_id":"24ea9da5-f094-4b3d-9d86-b19cd3f9abf8"}},{"type":"Feature","geometry":{"type":"Polygon","coordinates":[[[-114.06468,43.14261],[-114.0637,43.1422],[-114.06374,43.14249],[-114.06321,43.1426],[-114.06305,43.14252],[-114.0629,43.1416],[-114.06345,43.14172],[-114.0642,43.14164],[-114.06501,43.142],[-114.06482,43.14252],[-114.06468,43.14261]]]},"properties":{"fire_id":"ufid:2026-IDTFD-000170","source_collection":"ytd","source_objectid":57589,"incident_name":"Pagari","mapped_acres":3.427072958183961,"mapped_acres_source":"poly_GISAcres","gis_acres":3.427072958183961,"auto_acres":3.4270593404572876,"reported_acres":3.42,"percent_contained":null,"state":"ID","state_wfigs":"US-ID","county":"Lincoln","discovery_time_utc":"2026-08-05T16:45:00Z","perimeter_time_utc":null,"perimeter_edit_time_utc":"2026-08-12T15:47:01Z","incident_modified_time_utc":"2026-09-01T19:02:39Z","containment_time_utc":"2026-08-05T18:55:00Z","control_time_utc":"2026-08-05T21:05:00Z","fire_out_time_utc":"2026-08-15T06:00:00Z","fire_cause":"Human","fire_cause_general":null,"map_method":"Mixed Methods","source_dataset":"2026 NIFS","unique_fire_identifier":"2026-IDTFD-000170","irwin_id":"{ADD9A101-ED37-40B0-AE8D-ECC43A0170B8}","global_id":"97538a26-ee97-49ec-9178-5cb395b6657c"}},{"type":"Feature","geometry":{"type":"Polygon","coordinates":[[[-112.67582,42.80419],[-112.67614,42.80407],[-112.67663,42.8034],[-112.67736,42.80305],[-112.67733,42.80451],[-112.67587,42.80431],[-112.67582,42.80419]]]},"properties":{"fire_id":"ufid:2026-IDFHA-000156","source_collection":"ytd","source_objectid":57590,"incident_name":"Fort Hall Assist 3","mapped_acres":2.8114926726953415,"mapped_acres_source":"poly_GISAcres","gis_acres":2.8114926726953415,"auto_acres":2.8114814989966916,"reported_acres":2.81,"percent_contained":null,"state":"ID","state_wfigs":"US-ID","county":"Power","discovery_time_utc":"2026-08-04T21:52:33Z","perimeter_time_utc":null,"perimeter_edit_time_utc":"2026-08-12T15:47:01Z","incident_modified_time_utc":"2026-08-15T21:42:30Z","containment_time_utc":"2026-08-04T22:30:00Z","control_time_utc":"2026-08-04T22:30:00Z","fire_out_time_utc":"2026-08-04T22:30:00Z","fire_cause":"Human","fire_cause_general":null,"map_method":"Mixed Methods","source_dataset":"2026 NIFS","unique_fire_identifier":"2026-IDFHA-000156","irwin_id":"{B878F2D2-5893-4DA7-99D2-79A3E6478B78}","global_id":"9346741d-be96-4729-9bd1-d7baf41fe0cb"}},{"type":"Feature","geometry":{"type":"MultiPolygon","coordinates":[[[[-114.695881,43.02503],[-114.69616,43.02484],[-114.69652,43.02495],[-114.69611,43.02513],[-114.695881,43.02503]]],[[[-114.69597,43.02514],[-114.69588,43.02503],[-114.695881,43.02503],[-114.69597,43.02514]]]]},"properties":{"fire_id":"ufid:2026-IDTFD-000161","source_collection":"ytd","source_objectid":57591,"incident_name":"Cowbone Fire","mapped_acres":0.2610752571688382,"mapped_acres_source":"poly_GISAcres","gis_acres":0.2610752571688382,"auto_acres":0.2610742205318631,"reported_acres":0.5,"percent_contained":null,"state":"ID","state_wfigs":"US-ID","county":"Gooding","discovery_time_utc":"2026-07-29T12:58:00Z","perimeter_time_utc":null,"perimeter_edit_time_utc":"2026-08-12T15:47:01Z","incident_modified_time_utc":"2026-08-25T17:28:44Z","containment_time_utc":"2026-07-29T15:15:00Z","control_time_utc":"2026-07-29T15:15:00Z","fire_out_time_utc":"2026-08-08T06:00:00Z","fire_cause":"Human","fire_cause_general":null,"map_method":"Mixed Methods","source_dataset":"2026 NIFS","unique_fire_identifier":"2026-IDTFD-000161","irwin_id":"{DF1DCBB9-3C0D-4153-826C-049798FD0FD1}","global_id":"05da210e-e37f-42c6-b4cd-1c4770d723e2"}},{"type":"Feature","geometry":{"type":"Polygon","coordinates":[[[-114.31419,43.2196],[-114.31412,43.21978],[-114.3141,43.21963],[-114.31419,43.2196]]]},"properties":{"fire_id":"ufid:2026-IDTFD-000047","source_collection":"ytd","source_objectid":57594,"incident_name":"East Magic","mapped_acres":0.038480442000674034,"mapped_acres_source":"poly_GISAcres","gis_acres":0.038480442000674034,"auto_acres":0.03848028928677923,"reported_acres":0.04,"percent_contained":null,"state":"ID","state_wfigs":"US-ID","county":"Blaine","discovery_time_utc":"2026-05-18T22:12:37Z","perimeter_time_utc":null,"perimeter_edit_time_utc":"2026-08-12T15:47:01Z","incident_modified_time_utc":"2026-09-02T00:21:26Z","containment_time_utc":"2026-05-18T23:04:00Z","control_time_utc":"2026-05-18T23:04:00Z","fire_out_time_utc":"2026-05-28T06:00:00Z","fire_cause":"Human","fire_cause_general":null,"map_method":"Mixed Methods","source_dataset":"2026 NIFS","unique_fire_identifier":"2026-IDTFD-000047","irwin_id":"{5566CA35-27F8-4AC3-93F6-2E107574559C}","global_id":"349456e6-f9c6-4281-a72e-c0f12741f5b8"}},{"type":"Feature","geometry":{"type":"Polygon","coordinates":[[[-114.01979,43.42267],[-114.02015,43.42247],[-114.01999,43.42251],[-114.01984,43.42226],[-114.02045,43.42218],[-114.02056,43.42252],[-114.02032,43.42273],[-114.02051,43.4227],[-114.02059,43.42285],[-114.02052,43.423],[-114.02035,43.423],[-114.02044,43.42316],[-114.0202,43.4232],[-114.01987,43.42306],[-114.01979,43.42267]]]},"properties":{"fire_id":"ufid:2026-IDTFD-000183","source_collection":"ytd","source_objectid":57596,"incident_name":"Little Wood","mapped_acres":1.3023810904865003,"mapped_acres_source":"poly_GISAcres","gis_acres":1.3023810904865003,"auto_acres":1.3023759172583291,"reported_acres":1.3,"percent_contained":null,"state":"ID","state_wfigs":"US-ID","county":"Blaine","discovery_time_utc":"2026-08-10T12:41:00Z","perimeter_time_utc":null,"perimeter_edit_time_utc":"2026-08-12T15:47:01Z","incident_modified_time_utc":"2026-08-25T17:38:20Z","containment_time_utc":"2026-08-10T17:00:00Z","control_time_utc":"2026-08-10T21:00:00Z","fire_out_time_utc":"2026-08-20T06:00:00Z","fire_cause":"Human","fire_cause_general":null,"map_method":"Mixed Methods","source_dataset":"2026 NIFS","unique_fire_identifier":"2026-IDTFD-000183","irwin_id":"{445D6345-901C-41AD-B606-82EFFC9DD911}","global_id":"e85729d6-d611-4031-9ee4-9980a58a7438"}},{"type":"Feature","geometry":{"type":"MultiPolygon","coordinates":[[[[-114.08804,42.38727],[-114.08793,42.38747],[-114.08764,42.38753],[-114.08758,42.38774],[-114.08775,42.38805],[-114.08762,42.38834],[-114.08796,42.38841],[-114.08802,42.3889],[-114.0878,42.38895],[-114.08757,42.38942],[-114.0862,42.38851],[-114.08523,42.38817],[-114.08518,42.38802],[-114.08607,42.38774],[-114.08641,42.38802],[-114.08651,42.38752],[-114.08749,42.3868],[-114.08776,42.38639],[-114.08798,42.38666],[-114.08789,42.38688],[-114.08804,42.38727]]],[[[-114.08823,42.38726],[-114.08804,42.38727],[-114.08804,42.38725],[-114.08823,42.38726]]]]},"properties":{"fire_id":"ufid:2026-IDCAX-000144","source_collection":"ytd","source_objectid":57597,"incident_name":"Rural Assist 4","mapped_acres":7.872920213984022,"mapped_acres_source":"poly_GISAcres","gis_acres":7.872920213984022,"auto_acres":7.872888943346865,"reported_acres":7.87,"percent_contained":null,"state":"ID","state_wfigs":"US-ID","county":"Cassia","discovery_time_utc":"2026-07-21T18:16:27Z","perimeter_time_utc":null,"perimeter_edit_time_utc":"2026-08-12T15:47:01Z","incident_modified_time_utc":"2026-08-31T02:10:38Z","containment_time_utc":"2026-07-21T22:05:00Z","control_time_utc":"2026-07-21T22:05:00Z","fire_out_time_utc":"2026-07-21T22:05:00Z","fire_cause":"Undetermined","fire_cause_general":null,"map_method":"Mixed Methods","source_dataset":"2026 NIFS","unique_fire_identifier":"2026-IDCAX-000144","irwin_id":"{11220AC3-4FC9-407B-8CCB-7BC348D22CC2}","global_id":"067344a1-496e-454b-a0ec-ed2fcb39549a"}},{"type":"Feature","geometry":{"type":"Polygon","coordinates":[[[-114.07675,42.59263],[-114.07647,42.59234],[-114.07644,42.5921],[-114.07683,42.59234],[-114.07675,42.59263]]]},"properties":{"fire_id":"ufid:2026-IDTFD-000172","source_collection":"ytd","source_objectid":57600,"incident_name":"Hazelton Butte","mapped_acres":0.2761156474037356,"mapped_acres_source":"poly_GISAcres","gis_acres":0.2761156474037356,"auto_acres":0.2761145509031504,"reported_acres":0.28,"percent_contained":null,"state":"ID","state_wfigs":"US-ID","county":"Jerome","discovery_time_utc":"2026-08-05T22:39:15Z","perimeter_time_utc":null,"perimeter_edit_time_utc":"2026-08-12T15:47:01Z","incident_modified_time_utc":"2026-09-01T19:02:21Z","containment_time_utc":"2026-08-05T23:25:00Z","control_time_utc":"2026-08-06T00:00:00Z","fire_out_time_utc":"2026-08-15T06:00:00Z","fire_cause":"Human","fire_cause_general":null,"map_method":"Mixed Methods","source_dataset":"2026 NIFS","unique_fire_identifier":"2026-IDTFD-000172","irwin_id":"{A52949D7-03EA-4858-B087-ADA384F51F08}","global_id":"cd97f37b-836f-4e77-8284-70d5bdece424"}},{"type":"Feature","geometry":{"type":"Polygon","coordinates":[[[-113.99093,42.88908],[-113.99126,42.88913],[-113.98983,42.88936],[-113.9899,42.88919],[-113.9902,42.88927],[-113.99093,42.88908]]]},"properties":{"fire_id":"ufid:2026-IDTFD-000165","source_collection":"ytd","source_objectid":57603,"incident_name":"Sid Fire","mapped_acres":0.2348785808486962,"mapped_acres_source":"poly_GISAcres","gis_acres":0.2348785808486962,"auto_acres":0.2348776480437685,"reported_acres":0.2,"percent_contained":null,"state":"ID","state_wfigs":"US-ID","county":"Lincoln","discovery_time_utc":"2026-07-31T00:16:44Z","perimeter_time_utc":null,"perimeter_edit_time_utc":"2026-08-12T15:47:01Z","incident_modified_time_utc":"2026-08-25T17:30:33Z","containment_time_utc":"2026-07-31T06:00:00Z","control_time_utc":"2026-07-31T06:10:00Z","fire_out_time_utc":"2026-08-10T06:00:00Z","fire_cause":"Human","fire_cause_general":null,"map_method":"Mixed Methods","source_dataset":"2026 NIFS","unique_fire_identifier":"2026-IDTFD-000165","irwin_id":"{2242FB43-3626-4949-B1D5-026CE956A729}","global_id":"f195e4a3-380e-469b-8a41-5f1829f61b3b"}},{"type":"Feature","geometry":{"type":"Polygon","coordinates":[[[-114.85462,44.02115],[-114.85461,44.0211],[-114.85466,44.02111],[-114.85462,44.02115]]]},"properties":{"fire_id":"ufid:2026-IDSTF-000168","source_collection":"ytd","source_objectid":57638,"incident_name":"Mays","mapped_acres":0.005481364313571685,"mapped_acres_source":"poly_Acres_AutoCalc_fallback","gis_acres":null,"auto_acres":0.005481364313571685,"reported_acres":0.1,"percent_contained":null,"state":"ID","state_wfigs":"US-ID","county":"Custer","discovery_time_utc":"2026-08-03T15:52:00Z","perimeter_time_utc":null,"perimeter_edit_time_utc":"2026-08-12T20:22:11Z","incident_modified_time_utc":"2026-08-04T18:45:35Z","containment_time_utc":"2026-08-03T19:00:00Z","control_time_utc":"2026-08-03T19:00:00Z","fire_out_time_utc":"2026-08-03T19:55:00Z","fire_cause":"Human","fire_cause_general":null,"map_method":"Mixed Methods","source_dataset":"2026 NIFS","unique_fire_identifier":"2026-IDSTF-000168","irwin_id":"{57D769EA-12F8-48AD-96A9-368319512BA5}","global_id":"81756e8c-efce-4799-8c35-2aa271b11788"}},{"type":"Feature","geometry":{"type":"Polygon","coordinates":[[[-112.39791,43.11981],[-112.39806,43.11971],[-112.39826,43.11981],[-112.3982,43.12011],[-112.39995,43.12024],[-112.40076,43.12114],[-112.40129,43.12149],[-112.4016,43.12195],[-112.40288,43.12207],[-112.40314,43.12287],[-112.40411,43.12384],[-112.39813,43.12373],[-112.39791,43.11981]]]},"properties":{"fire_id":"ufid:2026-IDFHA-000172","source_collection":"ytd","source_objectid":57649,"incident_name":"Fort Hall Assist 4","mapped_acres":32.4262659720541,"mapped_acres_source":"poly_Acres_AutoCalc_fallback","gis_acres":null,"auto_acres":32.4262659720541,"reported_acres":32.43,"percent_contained":null,"state":"ID","state_wfigs":"US-ID","county":"Bingham","discovery_time_utc":"2026-08-12T16:48:24Z","perimeter_time_utc":null,"perimeter_edit_time_utc":"2026-08-13T14:08:32Z","incident_modified_time_utc":"2026-08-15T22:34:41Z","containment_time_utc":"2026-08-12T19:33:00Z","control_time_utc":"2026-08-12T19:33:00Z","fire_out_time_utc":"2026-08-12T19:33:00Z","fire_cause":"Human","fire_cause_general":null,"map_method":"GPS-Walked","source_dataset":"2026 NIFS","unique_fire_identifier":"2026-IDFHA-000172","irwin_id":"{A55FCFC5-17E2-4206-A556-88EF0A581C2F}","global_id":"6c57da60-0534-4342-994e-5042acf277c6"}},{"type":"Feature","geometry":{"type":"Polygon","coordinates":[[[-112.4365,43.35325],[-112.43706,43.35267],[-112.43734,43.35257],[-112.43889,43.35247],[-112.43993,43.35256],[-112.44264,43.35232],[-112.44356,43.35241],[-112.4437,43.35389],[-112.44352,43.35396],[-112.44273,43.35562],[-112.44188,43.35661],[-112.44061,43.35683],[-112.43811,43.35674],[-112.43728,43.35658],[-112.43773,43.35699],[-112.43646,43.35754],[-112.43543,43.35835],[-112.43535,43.35828],[-112.43557,43.35776],[-112.43557,43.35723],[-112.43546,43.35699],[-112.43511,43.35689],[-112.43646,43.35664],[-112.43642,43.35636],[-112.43579,43.35588],[-112.43576,43.35547],[-112.43589,43.35466],[-112.43646,43.35355],[-112.4365,43.35325]]]},"properties":{"fire_id":"ufid:2026-ID4BN-000159","source_collection":"ytd","source_objectid":58064,"incident_name":"Bingham County Assist 4","mapped_acres":69.34132028302683,"mapped_acres_source":"poly_Acres_AutoCalc_fallback","gis_acres":null,"auto_acres":69.34132028302683,"reported_acres":69.34,"percent_contained":null,"state":"ID","state_wfigs":"US-ID","county":"Bingham","discovery_time_utc":"2026-08-06T19:50:20Z","perimeter_time_utc":"2026-08-18T13:54:41Z","perimeter_edit_time_utc":null,"incident_modified_time_utc":"2026-08-14T22:44:53Z","containment_time_utc":"2026-08-06T21:50:00Z","control_time_utc":"2026-08-07T00:00:00Z","fire_out_time_utc":"2026-08-07T00:00:00Z","fire_cause":"Human","fire_cause_general":"Undetermined","map_method":"GPS-Driven","source_dataset":"FFP","unique_fire_identifier":"2026-ID4BN-000159","irwin_id":"{489C07DE-BEA3-4030-855A-18D84710EE5E}","global_id":"5bac553f-e632-4f95-a471-20897abff63c"}},{"type":"Feature","geometry":{"type":"Polygon","coordinates":[[[-111.94357,43.40473],[-111.94335,43.40445],[-111.94378,43.4041],[-111.94371,43.40387],[-111.943,43.40385],[-111.9429,43.40364],[-111.94251,43.40354],[-111.94195,43.40315],[-111.94227,43.40208],[-111.94193,43.40195],[-111.94217,43.40157],[-111.9427,43.4014],[-111.9438,43.40198],[-111.94544,43.40316],[-111.94728,43.40519],[-111.94814,43.40549],[-111.94951,43.4043],[-111.95095,43.40357],[-111.95328,43.40368],[-111.95477,43.40434],[-111.95458,43.40487],[-111.95516,43.40483],[-111.95566,43.40466],[-111.95572,43.40437],[-111.95551,43.40383],[-111.9558,43.40364],[-111.95581,43.40349],[-111.95599,43.40344],[-111.95626,43.40363],[-111.95631,43.40336],[-111.95684,43.4034],[-111.95673,43.40314],[-111.95688,43.40306],[-111.95764,43.40306],[-111.95812,43.40366],[-111.95808,43.4038],[-111.95918,43.40408],[-111.95964,43.40469],[-111.96042,43.4052],[-111.96027,43.40528],[-111.96028,43.40556],[-111.9597,43.40594],[-111.95929,43.40641],[-111.95951,43.40709],[-111.95926,43.40731],[-111.95928,43.40929],[-111.95834,43.40943],[-111.9582,43.4097],[-111.95787,43.4098],[-111.9573,43.40982],[-111.95987,43.41044],[-111.96158,43.41112],[-111.96248,43.4109],[-111.96306,43.41088],[-111.96361,43.41102],[-111.96399,43.4115],[-111.96392,43.41163],[-111.96441,43.41182],[-111.96405,43.41216],[-111.96417,43.41242],[-111.96383,43.41309],[-111.96392,43.41336],[-111.96329,43.41363],[-111.96173,43.41369],[-111.96168,43.41426],[-111.96209,43.41457],[-111.96247,43.41461],[-111.96244,43.41475],[-111.96192,43.41487],[-111.96162,43.41518],[-111.96046,43.41517],[-111.95992,43.41532],[-111.95922,43.41581],[-111.95874,43.41659],[-111.95788,43.41692],[-111.95688,43.41829],[-111.95699,43.41855],[-111.95685,43.41881],[-111.95694,43.41893],[-111.95679,43.41902],[-111.9568,43.41943],[-111.95654,43.41965],[-111.95643,43.42007],[-111.95605,43.42013],[-111.95609,43.42027],[-111.95596,43.42037],[-111.95525,43.41972],[-111.95372,43.41977],[-111.95304,43.42023],[-111.95118,43.41992],[-111.95106,43.4195],[-111.95051,43.41892],[-111.94925,43.41824],[-111.94755,43.41789],[-111.9473,43.41752],[-111.94693,43.41744],[-111.94652,43.41713],[-111.94546,43.41689],[-111.9452,43.41668],[-111.94511,43.41597],[-111.94496,43.41587],[-111.94511,43.41531],[-111.94587,43.41448],[-111.94681,43.41372],[-111.9476,43.41259],[-111.94911,43.41167],[-111.94913,43.41154],[-111.94679,43.41055],[-111.94683,43.40986],[-111.94707,43.40949],[-111.94634,43.40884],[-111.94622,43.40842],[-111.94625,43.40785],[-111.94507,43.40622],[-111.94508,43.40595],[-111.94467,43.40546],[-111.94452,43.40463],[-111.94357,43.40473]]]},"properties":{"fire_id":"ufid:2026-ID8BN-000142","source_collection":"ytd","source_objectid":58065,"incident_name":"Bonneville County Assist 4","mapped_acres":481.42235861219024,"mapped_acres_source":"poly_Acres_AutoCalc_fallback","gis_acres":null,"auto_acres":481.42235861219024,"reported_acres":481.82,"percent_contained":null,"state":"ID","state_wfigs":"US-ID","county":"Bonneville","discovery_time_utc":"2026-07-29T07:50:13Z","perimeter_time_utc":"2026-08-18T13:56:59Z","perimeter_edit_time_utc":null,"incident_modified_time_utc":"2026-08-14T22:40:00Z","containment_time_utc":"2026-07-29T22:30:00Z","control_time_utc":"2026-07-29T22:30:00Z","fire_out_time_utc":"2026-07-29T22:30:00Z","fire_cause":"Human","fire_cause_general":"Undetermined","map_method":"GPS-Walked","source_dataset":"FFP","unique_fire_identifier":"2026-ID8BN-000142","irwin_id":"{0517C21B-ED84-4D46-941A-1C3AF57E05C2}","global_id":"c1f00f31-e745-4712-babc-8167f8920e86"}},{"type":"Feature","geometry":{"type":"Polygon","coordinates":[[[-112.60234,43.29197],[-112.59215,43.29192],[-112.5916,43.29181],[-112.59046,43.29115],[-112.59365,43.28826],[-112.59762,43.28572],[-112.59847,43.28643],[-112.59843,43.28597],[-112.59897,43.28553],[-112.6006,43.28472],[-112.60267,43.28478],[-112.6038,43.28493],[-112.6039,43.28794],[-112.60349,43.28831],[-112.60349,43.28858],[-112.6038,43.28898],[-112.60343,43.28969],[-112.60203,43.29132],[-112.60234,43.29197]]]},"properties":{"fire_id":"ufid:2026-ID4BN-000164","source_collection":"ytd","source_objectid":58066,"incident_name":"Bingham County Assist 5","mapped_acres":146.21313172835275,"mapped_acres_source":"poly_Acres_AutoCalc_fallback","gis_acres":null,"auto_acres":146.21313172835275,"reported_acres":146.21,"percent_contained":null,"state":"ID","state_wfigs":"US-ID","county":"Bingham","discovery_time_utc":"2026-08-09T00:33:00Z","perimeter_time_utc":"2026-08-18T13:55:23Z","perimeter_edit_time_utc":null,"incident_modified_time_utc":"2026-08-14T22:58:55Z","containment_time_utc":"2026-08-09T02:30:00Z","control_time_utc":"2026-08-09T02:30:00Z","fire_out_time_utc":"2026-08-09T02:30:00Z","fire_cause":"Human","fire_cause_general":"Equipment and vehicle use","map_method":"Digitized-Other","source_dataset":"FFP","unique_fire_identifier":"2026-ID4BN-000164","irwin_id":"{EBBBD139-8484-4673-AC06-DEFD76C64361}","global_id":"5b99a395-4e02-4f4c-ba9d-91d64fc55f81"}},{"type":"Feature","geometry":{"type":"Polygon","coordinates":[[[-112.53097,42.41456],[-112.53052,42.41445],[-112.53051,42.41335],[-112.53083,42.41348],[-112.53106,42.41423],[-112.53097,42.41456]]]},"properties":{"fire_id":"ufid:2026-IDIFD-000081","source_collection":"ytd","source_objectid":58067,"incident_name":"Phelps Fire","mapped_acres":1.2,"mapped_acres_source":"poly_GISAcres","gis_acres":1.2,"auto_acres":1.2197335970440035,"reported_acres":1.22,"percent_contained":null,"state":"ID","state_wfigs":"US-ID","county":"Oneida","discovery_time_utc":"2026-07-03T02:06:34Z","perimeter_time_utc":"2026-08-18T13:58:22Z","perimeter_edit_time_utc":null,"incident_modified_time_utc":"2026-07-03T21:00:40Z","containment_time_utc":"2026-07-03T05:00:00Z","control_time_utc":"2026-07-03T21:00:00Z","fire_out_time_utc":"2026-07-03T21:00:00Z","fire_cause":"Natural","fire_cause_general":"Natural","map_method":"Mixed Methods","source_dataset":"FFP","unique_fire_identifier":"2026-IDIFD-000081","irwin_id":"{B051949B-BBF6-4A02-B248-772A8707C8AD}","global_id":"f14a814d-2f46-42ee-83cb-34576a4b3bd5"}},{"type":"Feature","geometry":{"type":"Polygon","coordinates":[[[-112.40963,42.29439],[-112.41063,42.29579],[-112.41049,42.29582],[-112.40938,42.29522],[-112.40866,42.2952],[-112.40849,42.29492],[-112.40761,42.29476],[-112.40737,42.29449],[-112.40727,42.29395],[-112.40266,42.29002],[-112.40287,42.28988],[-112.40265,42.28961],[-112.40272,42.28946],[-112.40331,42.28947],[-112.40357,42.28973],[-112.40423,42.28986],[-112.40515,42.28991],[-112.40728,42.29065],[-112.40789,42.29072],[-112.40833,42.29062],[-112.40871,42.29074],[-112.40879,42.29064],[-112.40879,42.29232],[-112.40957,42.29317],[-112.40977,42.29392],[-112.40963,42.29439]]]},"properties":{"fire_id":"ufid:2026-IDIFD-000099","source_collection":"ytd","source_objectid":58068,"incident_name":"Elkhorn","mapped_acres":41.729,"mapped_acres_source":"poly_GISAcres","gis_acres":41.729,"auto_acres":41.72905465290052,"reported_acres":41.73,"percent_contained":null,"state":"ID","state_wfigs":"US-ID","county":"Oneida","discovery_time_utc":"2026-07-08T17:17:18Z","perimeter_time_utc":"2026-08-18T14:21:13Z","perimeter_edit_time_utc":null,"incident_modified_time_utc":"2026-07-27T20:57:19Z","containment_time_utc":"2026-07-09T03:00:00Z","control_time_utc":"2026-07-09T22:00:00Z","fire_out_time_utc":"2026-07-09T22:00:00Z","fire_cause":"Human","fire_cause_general":"Other causes","map_method":"GPS-Walked/Driven","source_dataset":"FFP","unique_fire_identifier":"2026-IDIFD-000099","irwin_id":"{94157BB0-D5A2-4E25-BC9D-68F5EB809250}","global_id":"e02e6009-f6f2-42e5-87d6-acaec785c877"}},{"type":"Feature","geometry":{"type":"Polygon","coordinates":[[[-112.90878,43.03097],[-112.90942,43.03099],[-112.90988,43.0312],[-112.90996,43.03096],[-112.91083,43.03119],[-112.91059,43.03236],[-112.91001,43.03329],[-112.90949,43.03374],[-112.90828,43.03358],[-112.90788,43.03337],[-112.90786,43.03149],[-112.90824,43.03161],[-112.90822,43.03145],[-112.90854,43.03139],[-112.90878,43.03097]]]},"properties":{"fire_id":"ufid:2026-IDIFD-000084","source_collection":"ytd","source_objectid":58069,"incident_name":"Kendall","mapped_acres":14.420806929742739,"mapped_acres_source":"poly_Acres_AutoCalc_fallback","gis_acres":null,"auto_acres":14.420806929742739,"reported_acres":14.38,"percent_contained":null,"state":"ID","state_wfigs":"US-ID","county":"Bingham","discovery_time_utc":"2026-07-03T21:56:00Z","perimeter_time_utc":"2026-08-18T14:18:52Z","perimeter_edit_time_utc":null,"incident_modified_time_utc":"2026-07-09T23:03:11Z","containment_time_utc":"2026-07-04T00:00:00Z","control_time_utc":"2026-07-05T01:00:00Z","fire_out_time_utc":"2026-08-10T00:40:00Z","fire_cause":"Human","fire_cause_general":"Other causes","map_method":"GPS-Walked","source_dataset":"FFP","unique_fire_identifier":"2026-IDIFD-000084","irwin_id":"{06F8ECEA-CB77-477E-A8D7-9685C98F3B74}","global_id":"e9e5032c-df6f-4c18-a6ce-ff58178dc8e8"}},{"type":"Feature","geometry":{"type":"Polygon","coordinates":[[[-112.16727,43.81128],[-112.16713,43.81137],[-112.16701,43.81128],[-112.16722,43.81115],[-112.16727,43.81128]]]},"properties":{"fire_id":"ufid:2026-IDEIS-000163","source_collection":"ytd","source_objectid":58071,"incident_name":"Market","mapped_acres":0.0797095,"mapped_acres_source":"poly_GISAcres","gis_acres":0.0797095,"auto_acres":0.07970918419956748,"reported_acres":0.08,"percent_contained":null,"state":"ID","state_wfigs":"US-ID","county":"Jefferson","discovery_time_utc":"2026-08-08T21:26:01Z","perimeter_time_utc":"2026-08-18T14:25:23Z","perimeter_edit_time_utc":null,"incident_modified_time_utc":"2026-08-12T18:55:33Z","containment_time_utc":"2026-08-08T22:00:00Z","control_time_utc":"2026-08-09T01:00:00Z","fire_out_time_utc":"2026-08-09T21:10:00Z","fire_cause":"Human","fire_cause_general":"Debris and open burning","map_method":"Mixed Methods","source_dataset":"FFP","unique_fire_identifier":"2026-IDEIS-000163","irwin_id":"{FE827518-0DA8-4328-9F1B-5B3187C1C7D4}","global_id":"ed990b3c-e769-4d35-b61a-9df286517751"}},{"type":"Feature","geometry":{"type":"Polygon","coordinates":[[[-112.25492,43.31924],[-112.25529,43.31916],[-112.25556,43.31873],[-112.25573,43.3187],[-112.25618,43.31821],[-112.25634,43.31825],[-112.2542,43.32052],[-112.25402,43.3201],[-112.25428,43.32002],[-112.25437,43.31969],[-112.25464,43.31945],[-112.25492,43.31941],[-112.25492,43.31924]]]},"properties":{"fire_id":"ufid:2026-IDIFD-000131","source_collection":"ytd","source_objectid":58072,"incident_name":"Hells Half Acre","mapped_acres":1.918585978537793,"mapped_acres_source":"poly_Acres_AutoCalc_fallback","gis_acres":null,"auto_acres":1.918585978537793,"reported_acres":1.92,"percent_contained":null,"state":"ID","state_wfigs":"US-ID","county":"Bingham","discovery_time_utc":"2026-07-24T22:45:02Z","perimeter_time_utc":"2026-08-18T14:23:40Z","perimeter_edit_time_utc":null,"incident_modified_time_utc":"2026-07-25T22:54:39Z","containment_time_utc":"2026-07-25T00:30:00Z","control_time_utc":"2026-07-25T01:00:00Z","fire_out_time_utc":"2026-07-28T00:00:00Z","fire_cause":"Human","fire_cause_general":"Undetermined","map_method":"Mixed Methods","source_dataset":"FFP","unique_fire_identifier":"2026-IDIFD-000131","irwin_id":"{13109E25-744A-41BF-A698-2A62D208C983}","global_id":"fbcd4404-9f5a-4aa7-8370-dbc9c608636c"}},{"type":"Feature","geometry":{"type":"Polygon","coordinates":[[[-113.02805,43.05693],[-113.02782,43.05593],[-113.02726,43.05457],[-113.02703,43.05436],[-113.02616,43.05426],[-113.02556,43.05381],[-113.0254,43.05338],[-113.02493,43.05282],[-113.02461,43.05163],[-113.02458,43.05123],[-113.0247,43.05092],[-113.02449,43.05012],[-113.02456,43.04988],[-113.02442,43.04962],[-113.0244,43.0489],[-113.02416,43.0483],[-113.02414,43.04657],[-113.02433,43.04571],[-113.02469,43.04526],[-113.02516,43.04422],[-113.02446,43.04296],[-113.02445,43.04265],[-113.02534,43.04172],[-113.02561,43.04084],[-113.02629,43.04061],[-113.02728,43.04108],[-113.02751,43.04099],[-113.02746,43.04056],[-113.02763,43.04011],[-113.02743,43.03937],[-113.02757,43.03922],[-113.02812,43.03915],[-113.02832,43.03899],[-113.0284,43.03866],[-113.0284,43.03847],[-113.0279,43.03825],[-113.02774,43.03731],[-113.02779,43.03611],[-113.02794,43.03597],[-113.02822,43.03432],[-113.02875,43.03362],[-113.02942,43.03338],[-113.02962,43.03315],[-113.02948,43.03177],[-113.02957,43.03094],[-113.02995,43.03045],[-113.02987,43.03018],[-113.02997,43.02992],[-113.03019,43.02939],[-113.03095,43.02842],[-113.03125,43.02733],[-113.03187,43.02664],[-113.0323,43.02587],[-113.03291,43.02554],[-113.03364,43.02548],[-113.03409,43.02473],[-113.03446,43.02476],[-113.0353,43.02564],[-113.03609,43.02587],[-113.03612,43.0256],[-113.03643,43.02544],[-113.03748,43.02624],[-113.03753,43.02665],[-113.03708,43.02813],[-113.03721,43.0284],[-113.03797,43.02842],[-113.03852,43.02878],[-113.03923,43.02898],[-113.03978,43.02936],[-113.04006,43.03016],[-113.04066,43.03086],[-113.0416,43.03298],[-113.04229,43.03362],[-113.04309,43.03481],[-113.04367,43.03527],[-113.0442,43.03659],[-113.04458,43.03707],[-113.04564,43.03819],[-113.04637,43.03835],[-113.04729,43.03883],[-113.04802,43.03898],[-113.04826,43.03952],[-113.04911,43.04045],[-113.05034,43.04146],[-113.05146,43.04292],[-113.0517,43.04345],[-113.05236,43.04396],[-113.05338,43.04529],[-113.05531,43.04703],[-113.05596,43.0473],[-113.0566,43.04829],[-113.05795,43.04963],[-113.05843,43.05038],[-113.05875,43.05054],[-113.06083,43.05284],[-113.06205,43.05391],[-113.06205,43.05419],[-113.06153,43.05456],[-113.06248,43.05535],[-113.06357,43.05731],[-113.06324,43.05781],[-113.06272,43.05822],[-113.06259,43.05796],[-113.06271,43.05742],[-113.06095,43.05497],[-113.05987,43.0552],[-113.05885,43.05575],[-113.05386,43.05643],[-113.05158,43.05698],[-113.05048,43.05738],[-113.05007,43.0577],[-113.04934,43.0589],[-113.04828,43.05942],[-113.04608,43.05886],[-113.04115,43.05922],[-113.03782,43.05834],[-113.03625,43.05754],[-113.03295,43.05719],[-113.03097,43.05729],[-113.02996,43.0572],[-113.02871,43.05757],[-113.02789,43.0575],[-113.02805,43.05693]]]},"properties":{"fire_id":"ufid:2026-IDIFD-000135","source_collection":"ytd","source_objectid":58073,"incident_name":"Gaston","mapped_acres":1636.3947858016384,"mapped_acres_source":"poly_Acres_AutoCalc_fallback","gis_acres":null,"auto_acres":1636.3947858016384,"reported_acres":1636.4,"percent_contained":null,"state":"ID","state_wfigs":"US-ID","county":"Power","discovery_time_utc":"2026-07-26T01:37:57Z","perimeter_time_utc":"2026-08-18T14:24:19Z","perimeter_edit_time_utc":null,"incident_modified_time_utc":"2026-07-31T04:38:19Z","containment_time_utc":"2026-07-27T01:45:00Z","control_time_utc":"2026-07-29T00:45:00Z","fire_out_time_utc":"2026-08-14T18:00:00Z","fire_cause":"Natural","fire_cause_general":"Natural","map_method":"GPS-Driven","source_dataset":"FFP","unique_fire_identifier":"2026-IDIFD-000135","irwin_id":"{5615AC2C-EF5F-4EB5-B254-E123E72F1415}","global_id":"ee49a5a1-ec80-43b7-b018-8b0e999bacaa"}},{"type":"Feature","geometry":{"type":"Polygon","coordinates":[[[-111.86746,42.7695],[-111.8676,42.77025],[-111.86761,42.77141],[-111.86745,42.77272],[-111.86567,42.77251],[-111.8652,42.77258],[-111.86365,42.77227],[-111.86323,42.7721],[-111.8629,42.77173],[-111.86287,42.77124],[-111.86269,42.77089],[-111.86278,42.77041],[-111.86196,42.7692],[-111.86194,42.76872],[-111.86261,42.76834],[-111.86336,42.76823],[-111.86547,42.76876],[-111.8656,42.76888],[-111.86528,42.76899],[-111.86606,42.76945],[-111.86683,42.76939],[-111.86746,42.7695]]]},"properties":{"fire_id":"ufid:2026-ID3CN-000184","source_collection":"ytd","source_objectid":58261,"incident_name":"Caribou County Assist 2","mapped_acres":40.56194378672252,"mapped_acres_source":"poly_GISAcres","gis_acres":40.56194378672252,"auto_acres":40.56195385617949,"reported_acres":42.0,"percent_contained":null,"state":"ID","state_wfigs":"US-ID","county":"Caribou","discovery_time_utc":"2026-08-21T00:43:26Z","perimeter_time_utc":null,"perimeter_edit_time_utc":"2026-08-25T16:49:24Z","incident_modified_time_utc":"2026-08-21T21:28:01Z","containment_time_utc":"2026-08-21T03:30:00Z","control_time_utc":"2026-08-21T03:30:00Z","fire_out_time_utc":"2026-08-21T03:30:00Z","fire_cause":"Natural","fire_cause_general":null,"map_method":"Mixed Methods","source_dataset":"2026 NIFS","unique_fire_identifier":"2026-ID3CN-000184","irwin_id":"{430C3562-7A24-4FEB-AEB0-7EC38798F747}","global_id":"ac26e322-d5c2-46d5-8554-e27c39ac1095"}},{"type":"Feature","geometry":{"type":"Polygon","coordinates":[[[-113.09951,42.48884],[-113.10157,42.4925],[-113.10171,42.4971],[-113.09992,42.50184],[-113.0986,42.50448],[-113.09851,42.50559],[-113.08925,42.50613],[-113.08772,42.50489],[-113.08392,42.5057],[-113.08612,42.50303],[-113.08191,42.50469],[-113.08244,42.50137],[-113.09305,42.49477],[-113.09382,42.49075],[-113.0956,42.48826],[-113.09951,42.48884]]]},"properties":{"fire_id":"ufid:2026-IDCAX-000186","source_collection":"ytd","source_objectid":58271,"incident_name":"Rural Assist 7","mapped_acres":453.4249248585674,"mapped_acres_source":"poly_Acres_AutoCalc_fallback","gis_acres":null,"auto_acres":453.4249248585674,"reported_acres":453.43,"percent_contained":null,"state":"ID","state_wfigs":"US-ID","county":"Cassia","discovery_time_utc":"2026-08-12T16:41:00Z","perimeter_time_utc":null,"perimeter_edit_time_utc":"2026-08-21T20:58:42Z","incident_modified_time_utc":"2026-08-25T17:59:28Z","containment_time_utc":"2026-08-12T20:35:00Z","control_time_utc":"2026-08-13T01:33:00Z","fire_out_time_utc":"2026-08-13T01:33:00Z","fire_cause":"Undetermined","fire_cause_general":null,"map_method":"Mixed Methods","source_dataset":"2026 NIFS","unique_fire_identifier":"2026-IDCAX-000186","irwin_id":"{9C212875-F74E-4AAF-AD40-B705D13420F8}","global_id":"642bc523-5788-433f-b94a-e86c70181181"}},{"type":"Feature","geometry":{"type":"Polygon","coordinates":[[[-111.82316,44.07294],[-111.82378,44.0731],[-111.8239,44.07298],[-111.82435,44.07314],[-111.82479,44.07308],[-111.82474,44.07299],[-111.8261,44.07313],[-111.82667,44.07304],[-111.82803,44.07321],[-111.82906,44.0736],[-111.82893,44.07398],[-111.8284,44.07395],[-111.82817,44.07412],[-111.82766,44.07422],[-111.82712,44.07414],[-111.82686,44.07427],[-111.8261,44.07425],[-111.82552,44.074],[-111.82415,44.07398],[-111.82312,44.07379],[-111.82287,44.07358],[-111.82337,44.07372],[-111.82365,44.07361],[-111.82313,44.07339],[-111.82406,44.0735],[-111.82272,44.07314],[-111.82297,44.07301],[-111.82312,44.07307],[-111.82316,44.07294]]]},"properties":{"fire_id":"ufid:2026-IDIFD-000197","source_collection":"ytd","source_objectid":58657,"incident_name":"Grassy Ridge Road","mapped_acres":12.0,"mapped_acres_source":"poly_GISAcres","gis_acres":12.0,"auto_acres":11.836357511153485,"reported_acres":11.8,"percent_contained":null,"state":"ID","state_wfigs":"US-ID","county":"Fremont","discovery_time_utc":"2026-08-25T01:27:50Z","perimeter_time_utc":null,"perimeter_edit_time_utc":"2026-08-28T14:08:36Z","incident_modified_time_utc":"2026-08-25T23:43:35Z","containment_time_utc":"2026-08-25T21:00:00Z","control_time_utc":"2026-08-25T21:00:00Z","fire_out_time_utc":null,"fire_cause":"Undetermined","fire_cause_general":null,"map_method":"GPS-Walked","source_dataset":"2026 NIFS","unique_fire_identifier":"2026-IDIFD-000197","irwin_id":"{0DBB7002-AE9E-4896-8766-73DCEF1D2853}","global_id":"906a7421-ee61-40aa-8a67-db1cb4efc4cc"}},{"type":"Feature","geometry":{"type":"MultiPolygon","coordinates":[[[[-113.83,43.21753],[-113.82707,43.2195],[-113.82669,43.22002],[-113.82635,43.22088],[-113.82614,43.22324],[-113.82648,43.22748],[-113.8263,43.22873],[-113.82583,43.22988],[-113.82512,43.23094],[-113.82305,43.23317],[-113.82204,43.23398],[-113.82086,43.23449],[-113.82004,43.2344],[-113.81973,43.23424],[-113.81931,43.23379],[-113.81917,43.23321],[-113.81934,43.23198],[-113.82088,43.2278],[-113.82057,43.22692],[-113.82002,43.22647],[-113.81928,43.22618],[-113.81845,43.22606],[-113.81759,43.22611],[-113.8168,43.22639],[-113.81582,43.2271],[-113.81445,43.2286],[-113.81344,43.22943],[-113.81261,43.22984],[-113.81122,43.23021],[-113.81024,43.23029],[-113.80875,43.23019],[-113.8019,43.22871],[-113.8005,43.22818],[-113.79883,43.22723],[-113.79372,43.22323],[-113.79275,43.22226],[-113.79201,43.22117],[-113.79085,43.21815],[-113.78982,43.21728],[-113.78834,43.21677],[-113.78556,43.21643],[-113.78276,43.21673],[-113.78068,43.21745],[-113.77792,43.21903],[-113.77596,43.21991],[-113.77386,43.22047],[-113.77168,43.22077],[-113.76893,43.22084],[-113.76565,43.22063],[-113.76307,43.22004],[-113.76075,43.21911],[-113.76002,43.21858],[-113.7595,43.21796],[-113.75933,43.21761],[-113.75925,43.21689],[-113.75947,43.21618],[-113.75986,43.2155],[-113.76257,43.21187],[-113.76319,43.21044],[-113.76327,43.2097],[-113.76317,43.20856],[-113.76228,43.20514],[-113.76208,43.20358],[-113.76227,43.20239],[-113.76323,43.19963],[-113.76318,43.19884],[-113.76288,43.19809],[-113.76165,43.19636],[-113.75973,43.19406],[-113.7568,43.19099],[-113.75394,43.18876],[-113.74875,43.18576],[-113.74693,43.18514],[-113.74544,43.18503],[-113.74394,43.1853],[-113.74055,43.18647],[-113.73854,43.18671],[-113.73717,43.18641],[-113.73621,43.18568],[-113.73564,43.18471],[-113.73506,43.18333],[-113.73487,43.1826],[-113.73485,43.18185],[-113.73533,43.18035],[-113.73691,43.17781],[-113.73745,43.17666],[-113.73769,43.1755],[-113.73751,43.17398],[-113.73685,43.17255],[-113.73571,43.17132],[-113.73412,43.17034],[-113.73069,43.16868],[-113.72978,43.16782],[-113.72952,43.16712],[-113.72945,43.16637],[-113.72972,43.16329],[-113.72958,43.16134],[-113.72914,43.15982],[-113.72759,43.15575],[-113.7276,43.155],[-113.72774,43.15464],[-113.72828,43.15399],[-113.7291,43.15347],[-113.73064,43.15295],[-113.73357,43.1526],[-113.73889,43.15218],[-113.74245,43.15209],[-113.7502,43.15249],[-113.75548,43.15245],[-113.7613,43.15263],[-113.76303,43.15252],[-113.77236,43.15133],[-113.77752,43.15128],[-113.78045,43.15107],[-113.78281,43.15117],[-113.78396,43.15139],[-113.78561,43.15192],[-113.79974,43.15767],[-113.80196,43.15918],[-113.80618,43.16353],[-113.80821,43.16515],[-113.81047,43.16659],[-113.81493,43.16907],[-113.81623,43.16956],[-113.81714,43.16964],[-113.8184,43.16931],[-113.81904,43.16886],[-113.81949,43.1683],[-113.81988,43.16733],[-113.82073,43.16375],[-113.82121,43.16265],[-113.82171,43.16197],[-113.82298,43.1607],[-113.82728,43.15692],[-113.82858,43.15615],[-113.82964,43.15589],[-113.8308,43.15589],[-113.83369,43.15622],[-113.83482,43.15609],[-113.83581,43.15572],[-113.837,43.15491],[-113.83793,43.15392],[-113.83893,43.15251],[-113.83975,43.15101],[-113.84077,43.14825],[-113.84146,43.14323],[-113.84279,43.13906],[-113.84291,43.13779],[-113.84276,43.13698],[-113.84217,43.13585],[-113.84151,43.1352],[-113.84024,43.13442],[-113.83824,43.13357],[-113.83685,43.13282],[-113.83567,43.13192],[-113.83506,43.13122],[-113.83444,43.13008],[-113.8343,43.12927],[-113.83461,43.12639],[-113.83449,43.12517],[-113.83406,43.12356],[-113.83321,43.12158],[-113.83246,43.12044],[-113.8315,43.11937],[-113.8262,43.11527],[-113.82513,43.11423],[-113.8244,43.11305],[-113.82418,43.11222],[-113.82415,43.11094],[-113.82476,43.10368],[-113.82475,43.10197],[-113.82444,43.10072],[-113.82407,43.09991],[-113.82223,43.09719],[-113.82171,43.09598],[-113.82155,43.09472],[-113.82206,43.09093],[-113.82198,43.08925],[-113.8211,43.08639],[-113.81914,43.08208],[-113.81829,43.08055],[-113.81724,43.07912],[-113.8162,43.07815],[-113.81495,43.07728],[-113.81199,43.07591],[-113.80511,43.07355],[-113.80217,43.07225],[-113.79904,43.07047],[-113.79809,43.06951],[-113.79775,43.06877],[-113.79768,43.068],[-113.79781,43.06723],[-113.7989,43.06384],[-113.79954,43.06278],[-113.80166,43.0605],[-113.80205,43.05977],[-113.80225,43.059],[-113.80226,43.05782],[-113.8016,43.05306],[-113.80134,43.04661],[-113.8016,43.04378],[-113.80232,43.04054],[-113.80262,43.03845],[-113.80297,43.03166],[-113.80288,43.02997],[-113.80261,43.02829],[-113.80104,43.02331],[-113.80041,43.02038],[-113.80019,43.01872],[-113.80016,43.01584],[-113.79999,43.0146],[-113.79842,43.00761],[-113.79747,43.00395],[-113.79731,43.00104],[-113.79739,42.99897],[-113.79758,42.99775],[-113.79798,42.99655],[-113.79918,42.99468],[-113.80062,42.99341],[-113.80503,42.99026],[-113.80597,42.98982],[-113.80755,42.98935],[-113.81287,42.98873],[-113.81661,42.98758],[-113.8194,42.98625],[-113.82677,42.98177],[-113.83147,42.97933],[-113.83354,42.97856],[-113.83587,42.97818],[-113.84315,42.9775],[-113.84495,42.97721],[-113.84662,42.97672],[-113.84967,42.97531],[-113.85194,42.97469],[-113.85974,42.97383],[-113.86459,42.97364],[-113.86699,42.97332],[-113.8745,42.97157],[-113.88231,42.96912],[-113.89271,42.96639],[-113.89451,42.96614],[-113.8957,42.96632],[-113.89674,42.9668],[-113.89758,42.96747],[-113.90066,42.97087],[-113.90258,42.97253],[-113.90486,42.97387],[-113.90838,42.97544],[-113.91,42.9767],[-113.91091,42.97786],[-113.91712,42.9877],[-113.91763,42.98902],[-113.91817,42.99127],[-113.91874,42.99256],[-113.91972,42.99366],[-113.92385,42.99614],[-113.92483,42.99719],[-113.9251,42.99804],[-113.92511,42.99847],[-113.92456,43.00148],[-113.92472,43.00229],[-113.92492,43.00267],[-113.92595,43.00359],[-113.92928,43.00527],[-113.93058,43.00619],[-113.93195,43.0077],[-113.93425,43.01099],[-113.93581,43.01238],[-113.93878,43.014],[-113.94705,43.01722],[-113.94859,43.01804],[-113.9503,43.01945],[-113.95385,43.02348],[-113.95853,43.02761],[-113.96101,43.02928],[-113.96387,43.03055],[-113.97237,43.03369],[-113.97676,43.0351],[-113.97998,43.03564],[-113.98579,43.03609],[-113.99355,43.03648],[-113.99615,43.03679],[-113.9981,43.0372],[-114.0,43.03781],[-114.00419,43.03977],[-114.00809,43.04216],[-114.01402,43.04622],[-114.01607,43.0478],[-114.01844,43.04993],[-114.02898,43.06029],[-114.03114,43.06295],[-114.03811,43.07249],[-114.03886,43.07336],[-114.03976,43.07414],[-114.04081,43.07479],[-114.04198,43.07529],[-114.04761,43.077],[-114.05332,43.07991],[-114.06178,43.08303],[-114.06653,43.08501],[-114.07047,43.08698],[-114.07588,43.08996],[-114.07733,43.091],[-114.07801,43.09183],[-114.07823,43.09228],[-114.07835,43.09323],[-114.07811,43.09415],[-114.07759,43.095],[-114.0769,43.09579],[-114.07446,43.09802],[-114.06974,43.10206],[-114.0687,43.10331],[-114.06823,43.10423],[-114.06803,43.10521],[-114.06804,43.10621],[-114.06936,43.11274],[-114.06932,43.11375],[-114.06883,43.11518],[-114.06795,43.11648],[-114.06576,43.11886],[-114.06306,43.12214],[-114.05747,43.13043],[-114.05647,43.13169],[-114.0538,43.13449],[-114.05289,43.13578],[-114.05246,43.13669],[-114.0508,43.14295],[-114.04942,43.14721],[-114.04796,43.15089],[-114.04771,43.15229],[-114.0478,43.15323],[-114.0481,43.15415],[-114.05061,43.15805],[-114.05144,43.15989],[-114.05195,43.16176],[-114.05203,43.1627],[-114.0519,43.16408],[-114.05075,43.16888],[-114.05088,43.17186],[-114.05064,43.17246],[-114.04982,43.17298],[-114.04916,43.17304],[-114.0472,43.17268],[-114.04647,43.17279],[-114.04586,43.17311],[-114.04538,43.17358],[-114.04506,43.17415],[-114.04424,43.17714],[-114.04382,43.17775],[-114.0436,43.17784],[-114.04319,43.17776],[-114.04291,43.17722],[-114.04295,43.17613],[-114.04335,43.17361],[-114.04317,43.17266],[-114.04252,43.17146],[-114.04172,43.17072],[-114.04099,43.17039],[-114.03885,43.16998],[-114.03752,43.16988],[-114.03661,43.16999],[-114.03575,43.17027],[-114.03347,43.17171],[-114.03219,43.17231],[-114.02892,43.17301],[-114.02807,43.17336],[-114.02703,43.17416],[-114.02617,43.17513],[-114.02441,43.17784],[-114.02389,43.17843],[-114.02291,43.17911],[-114.02112,43.17979],[-114.0202,43.17986],[-114.01978,43.17946],[-114.02055,43.17742],[-114.02079,43.17641],[-114.02056,43.17582],[-114.0201,43.17561],[-114.01926,43.1757],[-114.01852,43.17617],[-114.01483,43.18028],[-114.01424,43.18057],[-114.01361,43.18043],[-114.01275,43.17985],[-114.01042,43.17756],[-114.01008,43.17711],[-114.01001,43.1767],[-114.01012,43.17653],[-114.01055,43.17636],[-114.01139,43.17653],[-114.01302,43.17738],[-114.01382,43.17763],[-114.0147,43.17768],[-114.01557,43.17742],[-114.01573,43.17699],[-114.01605,43.17678],[-114.01668,43.17594],[-114.01668,43.17558],[-114.01621,43.17386],[-114.01452,43.16957],[-114.01367,43.16775],[-114.0125,43.16594],[-114.01006,43.16314],[-114.00938,43.16196],[-114.00869,43.15985],[-114.00741,43.15369],[-114.00672,43.15195],[-114.005,43.1486],[-114.00473,43.14775],[-114.00462,43.14687],[-114.00471,43.14599],[-114.00535,43.14384],[-114.00623,43.14177],[-114.00757,43.13948],[-114.00804,43.1384],[-114.00802,43.13769],[-114.00784,43.13737],[-114.0072,43.13686],[-114.00679,43.13669],[-114.0058,43.13663],[-114.00484,43.13688],[-114.00405,43.13744],[-114.00269,43.13877],[-114.00135,43.13936],[-113.99988,43.13941],[-113.99657,43.13874],[-113.99506,43.13895],[-113.99415,43.13939],[-113.99121,43.14146],[-113.98686,43.14371],[-113.98602,43.14433],[-113.98533,43.14505],[-113.98485,43.14586],[-113.98462,43.14721],[-113.98488,43.1481],[-113.98514,43.14851],[-113.98589,43.14919],[-113.98691,43.14964],[-113.98806,43.1499],[-113.99293,43.15024],[-113.9947,43.15057],[-113.99616,43.15134],[-113.99698,43.15248],[-113.99716,43.15378],[-113.99703,43.15511],[-113.99655,43.15687],[-113.9952,43.16026],[-113.9952,43.16156],[-113.99594,43.16274],[-113.99675,43.16339],[-113.99774,43.1639],[-114.00095,43.16517],[-114.00187,43.16571],[-114.00257,43.1664],[-114.003,43.16763],[-114.00277,43.1689],[-114.00233,43.1697],[-114.00115,43.1712],[-113.99916,43.17329],[-113.9984,43.1744],[-113.99814,43.17563],[-113.99857,43.17683],[-113.99968,43.1778],[-114.00127,43.17832],[-114.00302,43.17843],[-114.00654,43.17839],[-114.00767,43.17857],[-114.0087,43.17892],[-114.01003,43.17975],[-114.01111,43.18078],[-114.01195,43.18192],[-114.01245,43.18313],[-114.01245,43.18437],[-114.01195,43.18553],[-114.01083,43.1869],[-114.00932,43.18799],[-114.00791,43.18849],[-114.00637,43.18869],[-114.00123,43.18849],[-113.99974,43.18858],[-113.9988,43.18883],[-113.99799,43.18924],[-113.99709,43.19015],[-113.99674,43.1909],[-113.99657,43.19171],[-113.99655,43.19253],[-113.99678,43.19378],[-113.9977,43.19632],[-113.99947,43.20001],[-113.99969,43.20077],[-113.99961,43.2015],[-113.99945,43.20182],[-113.99858,43.20251],[-113.9974,43.20271],[-113.99629,43.20235],[-113.99042,43.19668],[-113.98911,43.19494],[-113.98699,43.19121],[-113.98185,43.1846],[-113.98132,43.18338],[-113.98117,43.1821],[-113.98231,43.17302],[-113.98232,43.1717],[-113.982,43.1709],[-113.98132,43.17026],[-113.98035,43.16989],[-113.97921,43.16984],[-113.9775,43.17013],[-113.9764,43.17048],[-113.97338,43.17193],[-113.97179,43.17325],[-113.96992,43.17562],[-113.96877,43.17669],[-113.96781,43.17724],[-113.96513,43.17812],[-113.96366,43.17883],[-113.96242,43.17977],[-113.9598,43.18221],[-113.95849,43.18311],[-113.95697,43.18377],[-113.95096,43.18588],[-113.94532,43.18868],[-113.94249,43.1895],[-113.9413,43.18964],[-113.93954,43.1896],[-113.93431,43.18893],[-113.93202,43.18854],[-113.92984,43.18785],[-113.92792,43.18683],[-113.92675,43.18585],[-113.9259,43.18472],[-113.92446,43.1819],[-113.92347,43.18088],[-113.9221,43.18015],[-113.92047,43.17981],[-113.91931,43.17981],[-113.91763,43.18016],[-113.91288,43.18199],[-113.90905,43.18314],[-113.90619,43.18374],[-113.89989,43.18472],[-113.89775,43.18539],[-113.89646,43.18628],[-113.89588,43.18706],[-113.89551,43.1884],[-113.89534,43.19116],[-113.89501,43.19201],[-113.89438,43.19274],[-113.89349,43.19327],[-113.89248,43.19363],[-113.88819,43.19463],[-113.88735,43.19516],[-113.88704,43.19551],[-113.88668,43.1963],[-113.88671,43.19714],[-113.88789,43.19962],[-113.88796,43.20047],[-113.88784,43.20087],[-113.88729,43.20154],[-113.8869,43.20179],[-113.8832,43.20304],[-113.882,43.20372],[-113.88105,43.2046],[-113.88061,43.20528],[-113.88034,43.20601],[-113.88015,43.20874],[-113.87978,43.20988],[-113.87928,43.21054],[-113.87858,43.21107],[-113.87555,43.21231],[-113.87477,43.21277],[-113.87416,43.21337],[-113.87374,43.21407],[-113.8735,43.21482],[-113.8735,43.21752],[-113.87335,43.21787],[-113.87283,43.21844],[-113.87208,43.21882],[-113.868,43.21945],[-113.86612,43.21951],[-113.86522,43.21931],[-113.86442,43.21897],[-113.86179,43.21703],[-113.86103,43.21662],[-113.85977,43.21622],[-113.85795,43.21608],[-113.85084,43.21619],[-113.84522,43.21511],[-113.83937,43.21454],[-113.83737,43.21463],[-113.83492,43.21514],[-113.83264,43.21607],[-113.83,43.21753]]],[[[-113.82987,43.21766],[-113.82657,43.22085],[-113.82692,43.22009],[-113.82747,43.21941],[-113.82987,43.21766]]]]},"properties":{"fire_id":"ufid:2026-IDTFD-000216","source_collection":"ytd","source_objectid":58727,"incident_name":"Wildhorse","mapped_acres":107562.42334504523,"mapped_acres_source":"poly_Acres_AutoCalc_fallback","gis_acres":null,"auto_acres":107562.42334504523,"reported_acres":107562.85,"percent_contained":100.0,"state":"ID","state_wfigs":"US-ID","county":"Lincoln","discovery_time_utc":"2026-08-24T23:17:00Z","perimeter_time_utc":null,"perimeter_edit_time_utc":"2026-08-29T13:29:54Z","incident_modified_time_utc":"2026-09-02T23:03:16Z","containment_time_utc":"2026-08-31T02:00:00Z","control_time_utc":"2026-09-02T23:00:00Z","fire_out_time_utc":null,"fire_cause":"Natural","fire_cause_general":null,"map_method":"Mixed Methods","source_dataset":"2026 NIFS","unique_fire_identifier":"2026-IDTFD-000216","irwin_id":"{177292F2-A73E-4563-AD12-4CFA3968683F}","global_id":"69bc485f-fd80-408d-9a86-ef128cf3ac12"}},{"type":"Feature","geometry":{"type":"Polygon","coordinates":[[[-113.84673,42.93456],[-113.84681,42.93432],[-113.84702,42.93422],[-113.84781,42.93418],[-113.84813,42.93355],[-113.849,42.93375],[-113.85083,42.93307],[-113.85135,42.93319],[-113.85325,42.93314],[-113.85449,42.93289],[-113.85507,42.93317],[-113.85515,42.93326],[-113.85501,42.93338],[-113.85554,42.93381],[-113.85652,42.93414],[-113.857,42.9339],[-113.85754,42.93335],[-113.85823,42.93311],[-113.85883,42.93322],[-113.85966,42.934],[-113.86038,42.93429],[-113.86086,42.935],[-113.86359,42.93569],[-113.86399,42.93618],[-113.86382,42.93698],[-113.86359,42.93698],[-113.86327,42.93724],[-113.86319,42.93779],[-113.86407,42.93861],[-113.8642,42.93921],[-113.86397,42.94002],[-113.86405,42.94015],[-113.86435,42.94034],[-113.86501,42.94038],[-113.86549,42.94074],[-113.86558,42.94147],[-113.86558,42.94186],[-113.86514,42.94214],[-113.86447,42.94225],[-113.86392,42.94218],[-113.86195,42.94267],[-113.8616,42.94261],[-113.86088,42.9431],[-113.85945,42.94357],[-113.85927,42.94422],[-113.85865,42.94476],[-113.85769,42.94502],[-113.85751,42.9452],[-113.85677,42.9452],[-113.85622,42.94561],[-113.85683,42.946],[-113.85752,42.94602],[-113.85867,42.94671],[-113.85872,42.94704],[-113.85949,42.94777],[-113.85961,42.94808],[-113.85952,42.94825],[-113.85829,42.94879],[-113.85812,42.949],[-113.85824,42.94983],[-113.8582,42.95028],[-113.85802,42.95049],[-113.85821,42.95116],[-113.8577,42.95135],[-113.85724,42.95226],[-113.85668,42.95286],[-113.85577,42.95424],[-113.85429,42.95536],[-113.85396,42.95587],[-113.85266,42.95725],[-113.85169,42.95861],[-113.85069,42.95945],[-113.85029,42.95998],[-113.85025,42.96048],[-113.8499,42.96063],[-113.84903,42.96066],[-113.8486,42.96125],[-113.84871,42.96157],[-113.8493,42.96165],[-113.85021,42.96126],[-113.85052,42.96124],[-113.85069,42.9614],[-113.85042,42.9617],[-113.85061,42.96199],[-113.85055,42.96236],[-113.85005,42.96303],[-113.84978,42.96327],[-113.84879,42.96329],[-113.84858,42.9635],[-113.84856,42.96405],[-113.84949,42.96475],[-113.84992,42.96632],[-113.85035,42.96684],[-113.85062,42.96844],[-113.85014,42.97097],[-113.84992,42.97154],[-113.84965,42.97202],[-113.84867,42.97308],[-113.84857,42.97465],[-113.84917,42.97535],[-113.84896,42.97573],[-113.84862,42.97562],[-113.84802,42.97495],[-113.84815,42.97412],[-113.84789,42.97333],[-113.84724,42.97307],[-113.84689,42.97315],[-113.84622,42.973],[-113.84521,42.97324],[-113.84301,42.97341],[-113.84282,42.97407],[-113.84206,42.97413],[-113.84148,42.97368],[-113.8408,42.9735],[-113.84062,42.97403],[-113.84028,42.97415],[-113.83961,42.97397],[-113.83899,42.97362],[-113.8389,42.97307],[-113.83871,42.97283],[-113.83805,42.97256],[-113.83733,42.97264],[-113.83597,42.97224],[-113.83484,42.97234],[-113.83444,42.97158],[-113.83256,42.97076],[-113.83216,42.97032],[-113.82828,42.96823],[-113.8275,42.96764],[-113.82823,42.9667],[-113.82897,42.96657],[-113.8295,42.96581],[-113.83028,42.96527],[-113.831,42.96431],[-113.83055,42.96385],[-113.8301,42.96309],[-113.82975,42.96299],[-113.82864,42.96316],[-113.82777,42.96265],[-113.82772,42.96237],[-113.82961,42.96068],[-113.83028,42.96044],[-113.83033,42.95989],[-113.83008,42.95936],[-113.83014,42.95797],[-113.83145,42.95768],[-113.83148,42.95748],[-113.83087,42.95735],[-113.82999,42.95694],[-113.8294,42.9565],[-113.82962,42.95628],[-113.83029,42.95626],[-113.83073,42.95564],[-113.83017,42.95518],[-113.83024,42.95504],[-113.83119,42.95454],[-113.83169,42.95405],[-113.8327,42.95402],[-113.83303,42.95367],[-113.83471,42.95333],[-113.8351,42.95345],[-113.83636,42.95345],[-113.83692,42.95266],[-113.83695,42.95203],[-113.83746,42.9512],[-113.83755,42.95073],[-113.83833,42.95051],[-113.83932,42.94942],[-113.83943,42.94915],[-113.84061,42.94936],[-113.84111,42.94906],[-113.84163,42.9482],[-113.84192,42.94804],[-113.84122,42.94704],[-113.84243,42.94669],[-113.84291,42.94611],[-113.84348,42.946],[-113.84391,42.94615],[-113.84474,42.94604],[-113.8459,42.94526],[-113.84714,42.945],[-113.84677,42.94395],[-113.84711,42.9437],[-113.84711,42.94318],[-113.846,42.94288],[-113.84504,42.94096],[-113.84388,42.94005],[-113.84393,42.93966],[-113.84363,42.93904],[-113.84293,42.93863],[-113.8421,42.93868],[-113.84186,42.93843],[-113.8423,42.93795],[-113.84322,42.93635],[-113.84347,42.93684],[-113.84437,42.9373],[-113.8447,42.93654],[-113.8454,42.93605],[-113.84682,42.9366],[-113.84781,42.93599],[-113.84715,42.9355],[-113.84673,42.93456]]]},"properties":{"fire_id":"ufid:2026-IDTFD-000206","source_collection":"ytd","source_objectid":58746,"incident_name":"Shale Butte","mapped_acres":1691.4617033231748,"mapped_acres_source":"poly_Acres_AutoCalc_fallback","gis_acres":null,"auto_acres":1691.4617033231748,"reported_acres":1691.47,"percent_contained":100.0,"state":"ID","state_wfigs":"US-ID","county":"Lincoln","discovery_time_utc":"2026-08-22T23:44:05Z","perimeter_time_utc":null,"perimeter_edit_time_utc":"2026-08-27T18:23:37Z","incident_modified_time_utc":"2026-09-01T18:55:04Z","containment_time_utc":"2026-08-25T00:00:00Z","control_time_utc":"2026-08-25T17:21:00Z","fire_out_time_utc":null,"fire_cause":"Natural","fire_cause_general":null,"map_method":"Mixed Methods","source_dataset":"2026 NIFS","unique_fire_identifier":"2026-IDTFD-000206","irwin_id":"{23C288AE-1D26-43EE-B15E-96A0C172CA8D}","global_id":"f74c25b9-7ba6-4e18-ab4f-79cc887a8603"}},{"type":"Feature","geometry":{"type":"Polygon","coordinates":[[[-111.68428,43.38735],[-111.68453,43.38747],[-111.68454,43.38794],[-111.68545,43.3891],[-111.68559,43.3895],[-111.68463,43.39122],[-111.68455,43.39167],[-111.68393,43.39258],[-111.68235,43.39381],[-111.68216,43.39358],[-111.68212,43.39273],[-111.68232,43.39155],[-111.68233,43.39007],[-111.68256,43.38975],[-111.68233,43.38952],[-111.68244,43.38928],[-111.68236,43.38879],[-111.68269,43.38861],[-111.68279,43.38811],[-111.68297,43.38789],[-111.68428,43.38735]]]},"properties":{"fire_id":"ufid:2026-IDIFD-000201","source_collection":"ytd","source_objectid":58803,"incident_name":"Turbine","mapped_acres":30.228121785610433,"mapped_acres_source":"poly_Acres_AutoCalc_fallback","gis_acres":null,"auto_acres":30.228121785610433,"reported_acres":30.23,"percent_contained":null,"state":"ID","state_wfigs":"US-ID","county":"Bonneville","discovery_time_utc":"2026-08-27T17:23:00Z","perimeter_time_utc":null,"perimeter_edit_time_utc":"2026-08-28T14:16:23Z","incident_modified_time_utc":"2026-09-02T21:12:02Z","containment_time_utc":"2026-08-28T02:00:00Z","control_time_utc":"2026-08-28T21:00:00Z","fire_out_time_utc":null,"fire_cause":"Natural","fire_cause_general":null,"map_method":"GPS-Walked/Driven","source_dataset":"2026 NIFS","unique_fire_identifier":"2026-IDIFD-000201","irwin_id":"{465D3D8D-4200-468B-BD8E-0EC4038CD3E8}","global_id":"c94647d1-e16d-4428-a140-9c492e22df8b"}},{"type":"Feature","geometry":{"type":"MultiPolygon","coordinates":[[[[-114.38396,43.82333],[-114.38395,43.82332],[-114.38398,43.82333],[-114.38396,43.82333]]],[[[-114.38399,43.82334],[-114.38398,43.82333],[-114.384,43.82334],[-114.38399,43.82334]]],[[[-114.38394,43.82334],[-114.38396,43.82333],[-114.38397,43.82334],[-114.38394,43.82334]]],[[[-114.38388,43.82337],[-114.38397,43.82334],[-114.38393,43.82345],[-114.38388,43.82337]]]]},"properties":{"fire_id":"ufid:2026-IDSTF-000187","source_collection":"ytd","source_objectid":58943,"incident_name":"Murdock","mapped_acres":0.016656521531095075,"mapped_acres_source":"poly_Acres_AutoCalc_fallback","gis_acres":null,"auto_acres":0.016656521531095075,"reported_acres":0.02,"percent_contained":null,"state":"ID","state_wfigs":"US-ID","county":"Blaine","discovery_time_utc":"2026-08-14T20:55:42Z","perimeter_time_utc":null,"perimeter_edit_time_utc":"2026-08-30T16:51:23Z","incident_modified_time_utc":"2026-09-03T22:23:10Z","containment_time_utc":"2026-08-15T04:37:00Z","control_time_utc":"2026-08-15T23:35:00Z","fire_out_time_utc":"2026-08-25T06:00:00Z","fire_cause":"Natural","fire_cause_general":null,"map_method":"Mixed Methods","source_dataset":"2026 NIFS","unique_fire_identifier":"2026-IDSTF-000187","irwin_id":"{75344939-F796-484B-800A-03E22BAF15E4}","global_id":"eb870185-f887-4029-af4a-e22f401212a6"}},{"type":"Feature","geometry":{"type":"Polygon","coordinates":[[[-114.98463,42.55691],[-114.98521,42.55703],[-114.98531,42.55722],[-114.98155,42.55866],[-114.98021,42.55897],[-114.97758,42.55909],[-114.97927,42.55887],[-114.97934,42.55874],[-114.979,42.55872],[-114.98012,42.5586],[-114.98066,42.55834],[-114.98067,42.55822],[-114.98348,42.55709],[-114.98463,42.55691]]]},"properties":{"fire_id":"ufid:2026-IDTFD-000191","source_collection":"ytd","source_objectid":58944,"incident_name":"Blue Gulch","mapped_acres":8.837516201796705,"mapped_acres_source":"poly_Acres_AutoCalc_fallback","gis_acres":null,"auto_acres":8.837516201796705,"reported_acres":8.84,"percent_contained":null,"state":"ID","state_wfigs":"US-ID","county":"Twin Falls","discovery_time_utc":"2026-08-15T23:55:43Z","perimeter_time_utc":null,"perimeter_edit_time_utc":"2026-08-30T16:52:55Z","incident_modified_time_utc":"2026-09-03T16:36:18Z","containment_time_utc":"2026-08-16T01:20:00Z","control_time_utc":"2026-08-16T01:20:00Z","fire_out_time_utc":"2026-08-25T06:00:00Z","fire_cause":"Natural","fire_cause_general":null,"map_method":"Mixed Methods","source_dataset":"2026 NIFS","unique_fire_identifier":"2026-IDTFD-000191","irwin_id":"{B8468CB4-C892-4ECE-8836-0E81870909FE}","global_id":"39fa79ee-4d97-48ac-ae7d-ed252a66f3af"}},{"type":"Feature","geometry":{"type":"Polygon","coordinates":[[[-113.07245,42.46527],[-113.07301,42.46556],[-113.07294,42.46609],[-113.07219,42.46814],[-113.07212,42.4692],[-113.07239,42.47033],[-113.07276,42.47105],[-113.07404,42.4729],[-113.07429,42.47475],[-113.07456,42.4752],[-113.07512,42.47548],[-113.07671,42.47559],[-113.07949,42.4755],[-113.08218,42.47524],[-113.08296,42.47535],[-113.08353,42.4757],[-113.08379,42.47622],[-113.08404,42.47807],[-113.08424,42.47871],[-113.08464,42.47929],[-113.08535,42.4797],[-113.08712,42.48025],[-113.08791,42.48069],[-113.09227,42.48375],[-113.09319,42.48411],[-113.10219,42.48666],[-113.10405,42.4866],[-113.10575,42.48622],[-113.10659,42.48621],[-113.10741,42.48637],[-113.10976,42.48725],[-113.11181,42.48821],[-113.11278,42.4888],[-113.11299,42.48909],[-113.1129,42.48937],[-113.11255,42.48954],[-113.11156,42.48964],[-113.10886,42.48959],[-113.10757,42.48947],[-113.10579,42.48909],[-113.10231,42.48908],[-113.09863,42.48865],[-113.09745,42.48869],[-113.09638,42.48907],[-113.09505,42.49062],[-113.09408,42.49114],[-113.09068,42.49211],[-113.08649,42.49389],[-113.08566,42.49372],[-113.08524,42.49309],[-113.08503,42.49171],[-113.08513,42.48927],[-113.08502,42.48864],[-113.08457,42.48821],[-113.0838,42.48816],[-113.08066,42.48871],[-113.08022,42.48856],[-113.08033,42.48809],[-113.08199,42.48773],[-113.08244,42.48748],[-113.08229,42.4872],[-113.08089,42.4869],[-113.0798,42.48599],[-113.07899,42.4856],[-113.07707,42.48553],[-113.07589,42.48574],[-113.07543,42.48606],[-113.07382,42.48785],[-113.07265,42.48854],[-113.07108,42.48923],[-113.06884,42.49134],[-113.06838,42.49125],[-113.0677,42.49087],[-113.06676,42.49071],[-113.06603,42.49094],[-113.06444,42.4918],[-113.06385,42.49185],[-113.06319,42.49169],[-113.06175,42.49104],[-113.05988,42.49102],[-113.05896,42.4908],[-113.05396,42.48858],[-113.05118,42.48765],[-113.04972,42.48654],[-113.04853,42.48515],[-113.04759,42.48356],[-113.04723,42.48239],[-113.04718,42.48179],[-113.04746,42.4806],[-113.04778,42.48006],[-113.04963,42.47822],[-113.04992,42.47771],[-113.04998,42.47721],[-113.04976,42.47677],[-113.04929,42.47648],[-113.04644,42.47628],[-113.04427,42.47581],[-113.04366,42.47527],[-113.04339,42.47455],[-113.04356,42.47382],[-113.0441,42.47319],[-113.04499,42.47283],[-113.04612,42.47282],[-113.04843,42.47307],[-113.04915,42.47271],[-113.04912,42.4721],[-113.0472,42.46965],[-113.04715,42.46914],[-113.04768,42.46884],[-113.0485,42.46889],[-113.0509,42.47065],[-113.05195,42.47128],[-113.05313,42.47186],[-113.05575,42.47268],[-113.05681,42.47249],[-113.05725,42.47186],[-113.0574,42.46918],[-113.05766,42.46899],[-113.05831,42.46913],[-113.06014,42.47017],[-113.0615,42.47139],[-113.06206,42.4715],[-113.06234,42.47116],[-113.06189,42.4683],[-113.06166,42.4676],[-113.0606,42.46654],[-113.06037,42.4661],[-113.06075,42.46586],[-113.06276,42.46618],[-113.06522,42.46707],[-113.06663,42.46727],[-113.06811,42.46728],[-113.06953,42.46701],[-113.07066,42.46636],[-113.07151,42.46558],[-113.07245,42.46527]],[[-113.10639,42.4891],[-113.10574,42.48908],[-113.10579,42.48909],[-113.10639,42.4891]],[[-113.10417,42.48893],[-113.10349,42.48901],[-113.10574,42.48908],[-113.10417,42.48893]]]},"properties":{"fire_id":"ufid:2026-IDCAX-000198","source_collection":"ytd","source_objectid":58945,"incident_name":"North Heglar","mapped_acres":1844.274457467398,"mapped_acres_source":"poly_Acres_AutoCalc_fallback","gis_acres":null,"auto_acres":1844.274457467398,"reported_acres":1844.28,"percent_contained":100.0,"state":"ID","state_wfigs":"US-ID","county":"Cassia","discovery_time_utc":"2026-08-19T20:59:50Z","perimeter_time_utc":null,"perimeter_edit_time_utc":"2026-08-30T16:54:57Z","incident_modified_time_utc":"2026-09-01T18:56:05Z","containment_time_utc":"2026-08-26T00:35:00Z","control_time_utc":"2026-08-27T00:01:00Z","fire_out_time_utc":null,"fire_cause":"Undetermined","fire_cause_general":null,"map_method":"Mixed Methods","source_dataset":"2026 NIFS","unique_fire_identifier":"2026-IDCAX-000198","irwin_id":"{DDD93C34-E377-4F28-B9BD-432FFA9B032D}","global_id":"41e483c8-692d-48c9-ab4e-7b0b6486d4fa"}},{"type":"Feature","geometry":{"type":"MultiPolygon","coordinates":[[[[-113.97436,42.71382],[-113.97438,42.7138],[-113.97438,42.71381],[-113.97436,42.71382]]],[[[-113.97684,42.71351],[-113.97733,42.71367],[-113.97717,42.71393],[-113.97734,42.71406],[-113.97784,42.71387],[-113.97787,42.71399],[-113.97821,42.71384],[-113.97824,42.71397],[-113.97865,42.71393],[-113.97898,42.71422],[-113.97977,42.7143],[-113.98031,42.71465],[-113.98205,42.71525],[-113.98258,42.71532],[-113.984,42.71588],[-113.98507,42.71646],[-113.98586,42.71771],[-113.98608,42.71783],[-113.98598,42.71787],[-113.98646,42.71795],[-113.98597,42.71799],[-113.98589,42.71805],[-113.98603,42.71817],[-113.98594,42.71825],[-113.98585,42.71795],[-113.98113,42.71798],[-113.98135,42.71825],[-113.98115,42.71841],[-113.98055,42.71806],[-113.98026,42.71824],[-113.97981,42.71799],[-113.97968,42.71801],[-113.98012,42.71843],[-113.97992,42.71851],[-113.97957,42.71818],[-113.97969,42.71842],[-113.97941,42.71833],[-113.97796,42.71745],[-113.97768,42.71746],[-113.97757,42.71729],[-113.97734,42.71726],[-113.97615,42.71648],[-113.97513,42.71555],[-113.9751,42.71537],[-113.97482,42.71534],[-113.97488,42.71506],[-113.97451,42.71488],[-113.97453,42.71457],[-113.97424,42.71444],[-113.97438,42.71381],[-113.97452,42.71369],[-113.97585,42.71362],[-113.97619,42.71378],[-113.97656,42.71372],[-113.97684,42.71351]]]]},"properties":{"fire_id":"ufid:2026-IDJMX-000200","source_collection":"ytd","source_objectid":58947,"incident_name":"Crestview 2","mapped_acres":71.30243311186959,"mapped_acres_source":"poly_Acres_AutoCalc_fallback","gis_acres":null,"auto_acres":71.30243311186959,"reported_acres":71.3,"percent_contained":null,"state":"ID","state_wfigs":"US-ID","county":"Jerome","discovery_time_utc":"2026-08-22T12:05:00Z","perimeter_time_utc":null,"perimeter_edit_time_utc":"2026-08-30T16:56:20Z","incident_modified_time_utc":"2026-09-01T18:55:46Z","containment_time_utc":"2026-08-22T16:05:00Z","control_time_utc":"2026-08-22T22:00:00Z","fire_out_time_utc":null,"fire_cause":"Human","fire_cause_general":null,"map_method":"Mixed Methods","source_dataset":"2026 NIFS","unique_fire_identifier":"2026-IDJMX-000200","irwin_id":"{36C49D95-C70E-4106-9AD6-84B6489D9185}","global_id":"a40ce5c0-1b71-4408-91ce-962f48d3a4d4"}},{"type":"Feature","geometry":{"type":"Polygon","coordinates":[[[-114.95975,42.5569],[-114.9597,42.55714],[-114.95933,42.55704],[-114.95925,42.55697],[-114.95937,42.55688],[-114.95906,42.55689],[-114.95856,42.55633],[-114.95885,42.55624],[-114.95986,42.55642],[-114.96108,42.5569],[-114.96064,42.55715],[-114.96012,42.55719],[-114.95979,42.55715],[-114.95975,42.5569]]]},"properties":{"fire_id":"ufid:2026-IDTFD-000190","source_collection":"ytd","source_objectid":58948,"incident_name":"Eagle View Fire","mapped_acres":2.9698676103405237,"mapped_acres_source":"poly_Acres_AutoCalc_fallback","gis_acres":null,"auto_acres":2.9698676103405237,"reported_acres":2.97,"percent_contained":null,"state":"ID","state_wfigs":"US-ID","county":"Twin Falls","discovery_time_utc":"2026-08-15T23:23:04Z","perimeter_time_utc":null,"perimeter_edit_time_utc":"2026-08-30T16:52:12Z","incident_modified_time_utc":"2026-09-03T20:49:57Z","containment_time_utc":"2026-08-16T00:00:00Z","control_time_utc":"2026-08-16T01:32:00Z","fire_out_time_utc":"2026-08-25T06:00:00Z","fire_cause":"Natural","fire_cause_general":null,"map_method":"Mixed Methods","source_dataset":"2026 NIFS","unique_fire_identifier":"2026-IDTFD-000190","irwin_id":"{C751328E-B6A2-4DEB-AE76-C7E25397B6F6}","global_id":"d6084644-6159-44b6-8ca6-db9a77f5ec5c"}},{"type":"Feature","geometry":{"type":"Polygon","coordinates":[[[-113.5659,43.45371],[-113.56586,43.45383],[-113.56581,43.45382],[-113.5659,43.45371]]]},"properties":{"fire_id":"ufid:2026-IDTFD-000194","source_collection":"ytd","source_objectid":58949,"incident_name":"Craters Fire","mapped_acres":0.00671993353623401,"mapped_acres_source":"poly_Acres_AutoCalc_fallback","gis_acres":null,"auto_acres":0.00671993353623401,"reported_acres":0.01,"percent_contained":null,"state":"ID","state_wfigs":"US-ID","county":"Butte","discovery_time_utc":"2026-08-16T02:30:36Z","perimeter_time_utc":null,"perimeter_edit_time_utc":"2026-08-30T16:54:02Z","incident_modified_time_utc":"2026-09-02T02:08:15Z","containment_time_utc":"2026-08-16T06:00:00Z","control_time_utc":"2026-08-16T07:00:00Z","fire_out_time_utc":"2026-08-26T06:00:00Z","fire_cause":"Natural","fire_cause_general":null,"map_method":"Mixed Methods","source_dataset":"2026 NIFS","unique_fire_identifier":"2026-IDTFD-000194","irwin_id":"{C126FD2A-B7A6-4401-8985-69F4D36EED6C}","global_id":"efe8c0d0-f486-483a-a3c5-d66638eab27b"}},{"type":"Feature","geometry":{"type":"Polygon","coordinates":[[[-114.30937,42.22717],[-114.3094,42.22696],[-114.31012,42.2263],[-114.31062,42.22616],[-114.31101,42.22616],[-114.31129,42.22645],[-114.31125,42.22654],[-114.31166,42.22662],[-114.31188,42.22719],[-114.31131,42.22731],[-114.31135,42.22763],[-114.31171,42.22785],[-114.31181,42.22807],[-114.31179,42.22873],[-114.312,42.22895],[-114.31235,42.22893],[-114.31267,42.22914],[-114.31264,42.22944],[-114.31279,42.22951],[-114.31266,42.2297],[-114.3125,42.22969],[-114.31218,42.22939],[-114.31241,42.22991],[-114.31235,42.23008],[-114.31243,42.23019],[-114.31312,42.23027],[-114.31333,42.23044],[-114.31354,42.23037],[-114.31359,42.23057],[-114.31382,42.23071],[-114.31376,42.23103],[-114.31364,42.23113],[-114.31346,42.23106],[-114.31333,42.23149],[-114.31313,42.23146],[-114.31304,42.23159],[-114.31292,42.23269],[-114.31277,42.233],[-114.31259,42.23284],[-114.31244,42.2329],[-114.31182,42.23404],[-114.31141,42.23407],[-114.31122,42.23382],[-114.31104,42.23381],[-114.31069,42.2344],[-114.31029,42.23424],[-114.30939,42.23429],[-114.30944,42.23407],[-114.30971,42.23393],[-114.30988,42.23328],[-114.30974,42.23319],[-114.30986,42.23301],[-114.30982,42.23277],[-114.30999,42.23267],[-114.30983,42.23257],[-114.31,42.23232],[-114.30983,42.23218],[-114.30999,42.23198],[-114.3099,42.23186],[-114.31004,42.23177],[-114.30999,42.23098],[-114.30984,42.23065],[-114.30999,42.2302],[-114.30986,42.22923],[-114.31004,42.2289],[-114.30976,42.22859],[-114.30963,42.22818],[-114.30957,42.22787],[-114.30977,42.22767],[-114.30959,42.22729],[-114.30937,42.22717]]]},"properties":{"fire_id":"ufid:2026-IDSTF-000213","source_collection":"ytd","source_objectid":58950,"incident_name":"Mountain View","mapped_acres":46.02055596250736,"mapped_acres_source":"poly_Acres_AutoCalc_fallback","gis_acres":null,"auto_acres":46.02055596250736,"reported_acres":46.02,"percent_contained":null,"state":"ID","state_wfigs":"US-ID","county":"Twin Falls","discovery_time_utc":"2026-08-24T20:05:00Z","perimeter_time_utc":null,"perimeter_edit_time_utc":"2026-08-30T17:00:55Z","incident_modified_time_utc":"2026-09-01T18:54:43Z","containment_time_utc":"2026-08-26T01:45:00Z","control_time_utc":"2026-08-27T00:13:00Z","fire_out_time_utc":null,"fire_cause":"Natural","fire_cause_general":null,"map_method":"Mixed Methods","source_dataset":"2026 NIFS","unique_fire_identifier":"2026-IDSTF-000213","irwin_id":"{4BC77545-BDB7-499A-985A-AE2F89B1930D}","global_id":"40af07e6-ee0c-46b5-a569-25070a3c550b"}},{"type":"Feature","geometry":{"type":"MultiPolygon","coordinates":[[[[-113.90249,42.76646],[-113.90216,42.76685],[-113.89964,42.76841],[-113.89909,42.76857],[-113.89937,42.76803],[-113.90025,42.76711],[-113.90109,42.76657],[-113.90229,42.76626],[-113.90249,42.76646]]],[[[-113.89968,42.76839],[-113.89983,42.76836],[-113.89982,42.76878],[-113.89968,42.76839]]]]},"properties":{"fire_id":"ufid:2026-IDTFD-000203","source_collection":"ytd","source_objectid":58952,"incident_name":"Kimama Lookout","mapped_acres":5.335771414749456,"mapped_acres_source":"poly_Acres_AutoCalc_fallback","gis_acres":null,"auto_acres":5.335771414749456,"reported_acres":5.34,"percent_contained":null,"state":"ID","state_wfigs":"US-ID","county":"Lincoln","discovery_time_utc":"2026-08-22T22:49:15Z","perimeter_time_utc":null,"perimeter_edit_time_utc":"2026-08-30T16:57:40Z","incident_modified_time_utc":"2026-09-01T18:55:21Z","containment_time_utc":"2026-08-23T01:20:00Z","control_time_utc":"2026-08-23T03:13:00Z","fire_out_time_utc":null,"fire_cause":"Human","fire_cause_general":null,"map_method":"Mixed Methods","source_dataset":"2026 NIFS","unique_fire_identifier":"2026-IDTFD-000203","irwin_id":"{9FB49BAF-55FD-4344-868D-140969153AC1}","global_id":"104226a4-fb19-4257-bf61-cb8d106d89d2"}},{"type":"Feature","geometry":{"type":"Polygon","coordinates":[[[-114.61025,42.92555],[-114.60913,42.92645],[-114.60908,42.92708],[-114.60934,42.92711],[-114.60943,42.92754],[-114.60921,42.92771],[-114.60909,42.92753],[-114.609,42.92782],[-114.60726,42.92739],[-114.60656,42.92704],[-114.60569,42.92624],[-114.60562,42.92603],[-114.60539,42.92595],[-114.60559,42.92582],[-114.6053,42.92549],[-114.60601,42.9248],[-114.60696,42.92459],[-114.60744,42.92416],[-114.60812,42.92416],[-114.60819,42.92406],[-114.60933,42.92428],[-114.60946,42.92486],[-114.60914,42.92527],[-114.61025,42.92555]]]},"properties":{"fire_id":"ufid:2026-IDTFD-000223","source_collection":"ytd","source_objectid":58953,"incident_name":"Woodshed","mapped_acres":24.99599302173154,"mapped_acres_source":"poly_Acres_AutoCalc_fallback","gis_acres":null,"auto_acres":24.99599302173154,"reported_acres":25.0,"percent_contained":null,"state":"ID","state_wfigs":"US-ID","county":"Gooding","discovery_time_utc":"2026-08-26T20:06:27Z","perimeter_time_utc":null,"perimeter_edit_time_utc":"2026-08-30T17:04:41Z","incident_modified_time_utc":"2026-08-29T12:45:37Z","containment_time_utc":"2026-08-26T23:50:00Z","control_time_utc":"2026-08-27T03:05:00Z","fire_out_time_utc":null,"fire_cause":"Human","fire_cause_general":null,"map_method":"Mixed Methods","source_dataset":"2026 NIFS","unique_fire_identifier":"2026-IDTFD-000223","irwin_id":"{629FA97B-2B75-4E07-BB65-F6191D3C23F1}","global_id":"e3a50021-c001-46c9-a760-c338cb951ff3"}},{"type":"Feature","geometry":{"type":"Polygon","coordinates":[[[-112.49621,43.02632],[-112.49535,43.02647],[-112.49453,43.0262],[-112.49418,43.02586],[-112.49503,43.02567],[-112.49618,43.0258],[-112.49621,43.02632]]]},"properties":{"fire_id":"ufid:2026-IDFHA-000199","source_collection":"ytd","source_objectid":59051,"incident_name":"Fort Hall Assist 7","mapped_acres":2.757993304614621,"mapped_acres_source":"poly_Acres_AutoCalc_fallback","gis_acres":null,"auto_acres":2.757993304614621,"reported_acres":3.0,"percent_contained":null,"state":"ID","state_wfigs":"US-ID","county":"Bingham","discovery_time_utc":"2026-08-25T22:44:00Z","perimeter_time_utc":null,"perimeter_edit_time_utc":"2026-09-01T21:12:23Z","incident_modified_time_utc":"2026-08-25T23:42:10Z","containment_time_utc":null,"control_time_utc":null,"fire_out_time_utc":null,"fire_cause":"Human","fire_cause_general":null,"map_method":"GPS-Walked","source_dataset":"2026 NIFS","unique_fire_identifier":"2026-IDFHA-000199","irwin_id":"{91B6810A-D776-4996-8207-0136A44BB96F}","global_id":"b1ee5409-4893-499f-8d5a-a7dc805a8e3d"}},{"type":"Feature","geometry":{"type":"MultiPolygon","coordinates":[[[[-113.99771,42.05708],[-113.99767,42.05709],[-113.99767,42.05708],[-113.99771,42.05708]]],[[[-113.99763,42.05708],[-113.99774,42.05714],[-113.9976,42.05722],[-113.99763,42.05708]]]]},"properties":{"fire_id":"ufid:2026-IDSTF-000118","source_collection":"ytd","source_objectid":59344,"incident_name":"Springs","mapped_acres":0.03086169211382448,"mapped_acres_source":"poly_Acres_AutoCalc_fallback","gis_acres":null,"auto_acres":0.03086169211382448,"reported_acres":0.03,"percent_contained":null,"state":"ID","state_wfigs":"US-ID","county":"Cassia","discovery_time_utc":"2026-07-08T22:07:54Z","perimeter_time_utc":"2026-09-07T20:42:01Z","perimeter_edit_time_utc":null,"incident_modified_time_utc":"2026-08-13T03:11:22Z","containment_time_utc":"2026-07-09T04:15:00Z","control_time_utc":"2026-07-09T16:40:00Z","fire_out_time_utc":"2026-07-19T06:00:00Z","fire_cause":"Natural","fire_cause_general":"Natural","map_method":"Mixed Methods","source_dataset":"FFP","unique_fire_identifier":"2026-IDSTF-000118","irwin_id":"{A5AB55FD-E5ED-4B30-A61E-D2E613158A75}","global_id":"32d5089d-aaf2-4f78-857d-743497841258"}},{"type":"Feature","geometry":{"type":"Polygon","coordinates":[[[-114.26413,42.13818],[-114.26443,42.13825],[-114.26441,42.13864],[-114.26406,42.13842],[-114.26413,42.13818]]]},"properties":{"fire_id":"ufid:2026-IDSTF-000162","source_collection":"ytd","source_objectid":59347,"incident_name":"Goose","mapped_acres":0.2703780980575117,"mapped_acres_source":"poly_Acres_AutoCalc_fallback","gis_acres":null,"auto_acres":0.2703780980575117,"reported_acres":0.27,"percent_contained":null,"state":"ID","state_wfigs":"US-ID","county":"Cassia","discovery_time_utc":"2026-07-30T02:46:00Z","perimeter_time_utc":"2026-09-07T20:43:26Z","perimeter_edit_time_utc":null,"incident_modified_time_utc":"2026-08-15T00:50:20Z","containment_time_utc":"2026-07-31T00:00:00Z","control_time_utc":"2026-08-01T00:00:00Z","fire_out_time_utc":"2026-08-10T06:00:00Z","fire_cause":"Natural","fire_cause_general":"Natural","map_method":"Mixed Methods","source_dataset":"FFP","unique_fire_identifier":"2026-IDSTF-000162","irwin_id":"{E471E8C6-937B-46C3-823A-BE512758AB43}","global_id":"e890fb24-417f-487c-bd69-c5d7d3527499"}},{"type":"Feature","geometry":{"type":"Polygon","coordinates":[[[-113.95312,42.52073],[-113.94876,42.52076],[-113.95296,42.52061],[-113.95312,42.52073]]]},"properties":{"fire_id":"ufid:2026-IDTFD-000028","source_collection":"ytd","source_objectid":59492,"incident_name":"Hill","mapped_acres":0.952276525264872,"mapped_acres_source":"poly_Acres_AutoCalc_fallback","gis_acres":null,"auto_acres":0.952276525264872,"reported_acres":0.95,"percent_contained":null,"state":"ID","state_wfigs":"US-ID","county":"Cassia","discovery_time_utc":"2026-03-27T00:53:00Z","perimeter_time_utc":"2026-09-09T15:09:09Z","perimeter_edit_time_utc":null,"incident_modified_time_utc":"2026-04-09T15:56:58Z","containment_time_utc":"2026-03-27T14:39:00Z","control_time_utc":"2026-03-27T14:40:00Z","fire_out_time_utc":"2026-03-27T14:41:00Z","fire_cause":"Human","fire_cause_general":"Undetermined","map_method":"Mixed Methods","source_dataset":"FFP","unique_fire_identifier":"2026-IDTFD-000028","irwin_id":"{B2D15F68-289D-4A1A-968B-7AD590280E11}","global_id":"2815087b-9575-4827-a29b-b01ac4d87a69"}},{"type":"Feature","geometry":{"type":"Polygon","coordinates":[[[-113.98424,42.52033],[-113.98355,42.52033],[-113.98397,42.52029],[-113.98424,42.52033]]]},"properties":{"fire_id":"ufid:2026-IDTFD-000026","source_collection":"ytd","source_objectid":59493,"incident_name":"Williamson Fire","mapped_acres":0.05026492716288245,"mapped_acres_source":"poly_Acres_AutoCalc_fallback","gis_acres":null,"auto_acres":0.05026492716288245,"reported_acres":0.05,"percent_contained":null,"state":"ID","state_wfigs":"US-ID","county":"Cassia","discovery_time_utc":"2026-03-18T18:54:15Z","perimeter_time_utc":"2026-09-09T15:08:45Z","perimeter_edit_time_utc":null,"incident_modified_time_utc":"2026-07-12T21:55:46Z","containment_time_utc":"2026-03-18T19:11:00Z","control_time_utc":"2026-03-18T19:11:00Z","fire_out_time_utc":"2026-03-18T19:12:00Z","fire_cause":"Human","fire_cause_general":"Undetermined","map_method":"Mixed Methods","source_dataset":"FFP","unique_fire_identifier":"2026-IDTFD-000026","irwin_id":"{6D3E1A9D-54F3-4C64-9045-FA7E82E4FF8C}","global_id":"c3b19e83-31b5-467c-82ce-259f8c535fcf"}},{"type":"Feature","geometry":{"type":"Polygon","coordinates":[[[-113.96572,42.52072],[-113.9656,42.52082],[-113.96566,42.52071],[-113.96572,42.52072]]]},"properties":{"fire_id":"ufid:2026-IDTFD-000025","source_collection":"ytd","source_objectid":59494,"incident_name":"Milners Gate","mapped_acres":0.009952593457371272,"mapped_acres_source":"poly_Acres_AutoCalc_fallback","gis_acres":null,"auto_acres":0.009952593457371272,"reported_acres":0.01,"percent_contained":null,"state":"ID","state_wfigs":"US-ID","county":"Cassia","discovery_time_utc":"2026-03-16T03:12:00Z","perimeter_time_utc":"2026-09-09T15:08:16Z","perimeter_edit_time_utc":null,"incident_modified_time_utc":"2026-07-12T21:26:59Z","containment_time_utc":"2026-03-16T19:59:00Z","control_time_utc":"2026-03-16T20:00:00Z","fire_out_time_utc":"2026-03-16T20:00:00Z","fire_cause":"Human","fire_cause_general":"Undetermined","map_method":"Mixed Methods","source_dataset":"FFP","unique_fire_identifier":"2026-IDTFD-000025","irwin_id":"{30CCB047-6D70-4335-973D-0ECDF53ECAC7}","global_id":"dfbd71b9-6784-41ac-aa50-4f37d6a3e794"}},{"type":"Feature","geometry":{"type":"Polygon","coordinates":[[[-114.88068,42.90654],[-114.88182,42.90787],[-114.88107,42.90813],[-114.8812,42.90839],[-114.88141,42.90839],[-114.88137,42.90884],[-114.88092,42.90883],[-114.88088,42.90869],[-114.8807,42.90873],[-114.88018,42.90836],[-114.88008,42.90802],[-114.88023,42.9071],[-114.88068,42.90654]]]},"properties":{"fire_id":"ufid:2026-IDGOX-000042","source_collection":"ytd","source_objectid":59514,"incident_name":"South Bliss","mapped_acres":4.978337771340909,"mapped_acres_source":"poly_Acres_AutoCalc_fallback","gis_acres":null,"auto_acres":4.978337771340909,"reported_acres":4.98,"percent_contained":null,"state":"ID","state_wfigs":"US-ID","county":"Gooding","discovery_time_utc":"2026-05-12T21:30:00Z","perimeter_time_utc":"2026-09-09T18:44:19Z","perimeter_edit_time_utc":null,"incident_modified_time_utc":"2026-07-15T22:46:39Z","containment_time_utc":"2026-05-12T23:43:00Z","control_time_utc":"2026-05-13T00:00:00Z","fire_out_time_utc":"2026-05-13T00:00:00Z","fire_cause":"Human","fire_cause_general":"Debris and open burning","map_method":"Mixed Methods","source_dataset":"FFP","unique_fire_identifier":"2026-IDGOX-000042","irwin_id":"{F4E64B8D-AD48-4EAE-AB2F-F9A231B1165B}","global_id":"af9c6bdc-0b2a-4f59-ba37-16b716dfdff8"}},{"type":"Feature","geometry":{"type":"Polygon","coordinates":[[[-113.94773,43.03727],[-113.94846,43.03718],[-113.95376,43.03775],[-113.95432,43.03793],[-113.95551,43.03863],[-113.95604,43.0387],[-113.95721,43.03849],[-113.95915,43.03767],[-113.96175,43.03796],[-113.9634,43.03772],[-113.96401,43.03787],[-113.96414,43.0383],[-113.96304,43.03895],[-113.96282,43.03944],[-113.96331,43.03999],[-113.96757,43.04139],[-113.96861,43.04157],[-113.97062,43.04128],[-113.97158,43.0414],[-113.9724,43.04178],[-113.97289,43.04229],[-113.97266,43.0428],[-113.97191,43.04299],[-113.97107,43.04287],[-113.96946,43.04232],[-113.96773,43.04243],[-113.96696,43.04265],[-113.96585,43.04352],[-113.96384,43.0438],[-113.96237,43.04462],[-113.96211,43.04498],[-113.96214,43.04538],[-113.96316,43.04658],[-113.96399,43.04785],[-113.96475,43.04831],[-113.96569,43.04862],[-113.96643,43.04904],[-113.96664,43.04965],[-113.96614,43.05021],[-113.96518,43.05049],[-113.96413,43.05061],[-113.96111,43.04999],[-113.96011,43.05014],[-113.95927,43.05052],[-113.95771,43.05237],[-113.95617,43.05335],[-113.95554,43.05398],[-113.95502,43.05462],[-113.95469,43.05527],[-113.95472,43.05593],[-113.9553,43.0565],[-113.95635,43.05677],[-113.95756,43.05678],[-113.96106,43.05636],[-113.96326,43.05631],[-113.96527,43.05554],[-113.96638,43.05533],[-113.9693,43.05538],[-113.96986,43.05572],[-113.96999,43.05625],[-113.96986,43.0571],[-113.97006,43.05742],[-113.97045,43.05766],[-113.97211,43.05818],[-113.97457,43.05943],[-113.97512,43.06006],[-113.9755,43.06076],[-113.97608,43.06133],[-113.9776,43.06197],[-113.97853,43.06254],[-113.97843,43.06281],[-113.97782,43.06298],[-113.97797,43.06324],[-113.97848,43.06342],[-113.98034,43.06353],[-113.98071,43.06375],[-113.98087,43.06455],[-113.98082,43.06535],[-113.98112,43.06571],[-113.98273,43.06641],[-113.98353,43.067],[-113.98472,43.06721],[-113.98612,43.06782],[-113.98603,43.06804],[-113.98435,43.06831],[-113.98344,43.06896],[-113.98281,43.06896],[-113.98274,43.06925],[-113.98384,43.07014],[-113.98404,43.07051],[-113.98497,43.07104],[-113.98532,43.07149],[-113.98596,43.07182],[-113.98762,43.07186],[-113.98834,43.07213],[-113.98891,43.07256],[-113.98954,43.07359],[-113.99061,43.07421],[-113.99078,43.07472],[-113.9913,43.07509],[-113.99206,43.07524],[-113.99276,43.07557],[-113.99312,43.07611],[-113.99328,43.07701],[-113.99152,43.07761],[-113.98992,43.07846],[-113.98738,43.07871],[-113.98677,43.0787],[-113.98595,43.07845],[-113.98435,43.07724],[-113.98394,43.07706],[-113.98351,43.07704],[-113.98311,43.07721],[-113.98263,43.0779],[-113.98264,43.07875],[-113.98289,43.07918],[-113.98413,43.08053],[-113.98471,43.08153],[-113.98484,43.08255],[-113.98463,43.08303],[-113.98166,43.08538],[-113.98113,43.08565],[-113.97941,43.08597],[-113.97853,43.08629],[-113.97821,43.08624],[-113.97809,43.086],[-113.97865,43.08497],[-113.97877,43.08415],[-113.9786,43.08377],[-113.97828,43.08346],[-113.97715,43.0826],[-113.97696,43.08217],[-113.97658,43.08028],[-113.97617,43.07938],[-113.97424,43.07685],[-113.97375,43.07647],[-113.97261,43.07599],[-113.97137,43.07588],[-113.9693,43.07636],[-113.9671,43.07669],[-113.96674,43.07696],[-113.96603,43.07805],[-113.96561,43.07831],[-113.96462,43.07863],[-113.96365,43.07857],[-113.96217,43.07791],[-113.95928,43.07746],[-113.95707,43.07659],[-113.95363,43.07472],[-113.95009,43.07196],[-113.94608,43.07054],[-113.94564,43.07022],[-113.94538,43.06981],[-113.94515,43.06847],[-113.94473,43.06815],[-113.94409,43.06799],[-113.94182,43.06785],[-113.9404,43.06762],[-113.93794,43.06665],[-113.93748,43.06662],[-113.9371,43.06683],[-113.93696,43.06721],[-113.93724,43.0679],[-113.93783,43.06859],[-113.93952,43.07011],[-113.93987,43.07059],[-113.94015,43.07165],[-113.94013,43.07243],[-113.93997,43.07288],[-113.93963,43.07324],[-113.93874,43.0734],[-113.93545,43.07266],[-113.93402,43.07207],[-113.93259,43.07107],[-113.93186,43.07014],[-113.93151,43.06918],[-113.93151,43.06826],[-113.93207,43.06701],[-113.93195,43.06662],[-113.93112,43.06562],[-113.93084,43.06536],[-113.93041,43.06524],[-113.92987,43.06529],[-113.92828,43.06591],[-113.92778,43.06594],[-113.92737,43.06576],[-113.92717,43.06539],[-113.92723,43.06491],[-113.92747,43.06442],[-113.92895,43.06271],[-113.9291,43.06227],[-113.929,43.06181],[-113.92827,43.06037],[-113.92831,43.0594],[-113.92858,43.05895],[-113.9299,43.05754],[-113.93068,43.05621],[-113.93154,43.05559],[-113.93467,43.05445],[-113.93548,43.0539],[-113.93695,43.05143],[-113.9373,43.0506],[-113.93724,43.04975],[-113.93633,43.04714],[-113.93622,43.04623],[-113.93637,43.04442],[-113.93669,43.04354],[-113.93719,43.04272],[-113.93869,43.04067],[-113.93933,43.03996],[-113.94015,43.03937],[-113.94195,43.03836],[-113.94336,43.03802],[-113.94568,43.03793],[-113.94773,43.03727]]]},"properties":{"fire_id":"ufid:2026-IDTFD-000057","source_collection":"ytd","source_objectid":59519,"incident_name":"Black Ridge","mapped_acres":3298.6326606260523,"mapped_acres_source":"poly_Acres_AutoCalc_fallback","gis_acres":null,"auto_acres":3298.6326606260523,"reported_acres":3298.64,"percent_contained":null,"state":"ID","state_wfigs":"US-ID","county":"Lincoln","discovery_time_utc":"2026-05-25T22:08:25Z","perimeter_time_utc":"2026-09-09T18:47:22Z","perimeter_edit_time_utc":null,"incident_modified_time_utc":"2026-08-13T02:43:46Z","containment_time_utc":"2026-05-27T00:00:00Z","control_time_utc":"2026-05-27T17:00:00Z","fire_out_time_utc":"2026-06-06T17:00:00Z","fire_cause":"Natural","fire_cause_general":"Natural","map_method":"Mixed Methods","source_dataset":"FFP","unique_fire_identifier":"2026-IDTFD-000057","irwin_id":"{ED35C822-3212-4D00-AF01-D65AFE675168}","global_id":"bee24ef4-ad49-48e2-8ed2-e853462b42f9"}},{"type":"Feature","geometry":{"type":"Polygon","coordinates":[[[-113.23093,42.6936],[-113.23043,42.69306],[-113.23079,42.69297],[-113.23114,42.69314],[-113.23135,42.6929],[-113.23119,42.69234],[-113.23141,42.69212],[-113.23307,42.69275],[-113.23368,42.69241],[-113.23385,42.69132],[-113.23432,42.69055],[-113.23506,42.68988],[-113.23507,42.6896],[-113.23538,42.68908],[-113.23546,42.68733],[-113.23559,42.68702],[-113.23531,42.68475],[-113.2355,42.68448],[-113.23554,42.6839],[-113.23535,42.68333],[-113.23512,42.68306],[-113.23476,42.68299],[-113.23469,42.68269],[-113.23434,42.68254],[-113.23405,42.68196],[-113.23401,42.67968],[-113.23412,42.67941],[-113.23322,42.67779],[-113.23317,42.67748],[-113.23345,42.67635],[-113.23343,42.67572],[-113.23444,42.67483],[-113.23512,42.67456],[-113.2362,42.67368],[-113.2383,42.67284],[-113.23893,42.67245],[-113.23969,42.6724],[-113.24028,42.67204],[-113.24138,42.67185],[-113.24197,42.67151],[-113.24386,42.67118],[-113.24428,42.67118],[-113.24453,42.6714],[-113.24631,42.67069],[-113.2471,42.67073],[-113.24783,42.67047],[-113.24862,42.67052],[-113.24927,42.67083],[-113.24964,42.67074],[-113.25121,42.67089],[-113.25215,42.67042],[-113.25326,42.67067],[-113.25343,42.67094],[-113.25328,42.6712],[-113.2534,42.67146],[-113.25414,42.67169],[-113.25635,42.67277],[-113.25747,42.67362],[-113.25789,42.67412],[-113.25826,42.67427],[-113.25839,42.67454],[-113.25827,42.67482],[-113.25756,42.67462],[-113.2564,42.67453],[-113.25585,42.67492],[-113.25593,42.6752],[-113.25706,42.67521],[-113.25739,42.67535],[-113.25758,42.67591],[-113.2579,42.6761],[-113.25863,42.67623],[-113.25871,42.6765],[-113.25792,42.67657],[-113.25775,42.67683],[-113.25763,42.67769],[-113.25764,42.67798],[-113.25881,42.67796],[-113.25827,42.67875],[-113.25827,42.67902],[-113.25852,42.67955],[-113.25921,42.67974],[-113.25953,42.67958],[-113.25939,42.67933],[-113.25966,42.67914],[-113.26041,42.67919],[-113.26042,42.68002],[-113.26067,42.68022],[-113.26073,42.6805],[-113.26178,42.68076],[-113.26195,42.68101],[-113.26252,42.68137],[-113.26329,42.68139],[-113.26445,42.68253],[-113.26753,42.68244],[-113.26788,42.68258],[-113.26935,42.68392],[-113.26958,42.68447],[-113.27282,42.68541],[-113.27367,42.68601],[-113.27507,42.68652],[-113.27623,42.68678],[-113.27718,42.68727],[-113.2784,42.68874],[-113.27854,42.68929],[-113.27881,42.68949],[-113.2787,42.68977],[-113.27885,42.69003],[-113.2795,42.69035],[-113.28004,42.69077],[-113.28092,42.69176],[-113.28183,42.69231],[-113.28206,42.69283],[-113.28203,42.6934],[-113.28181,42.69363],[-113.28182,42.69391],[-113.28315,42.69492],[-113.28286,42.69544],[-113.28297,42.69573],[-113.28282,42.69598],[-113.28244,42.69609],[-113.2823,42.69634],[-113.28222,42.69662],[-113.28235,42.69689],[-113.28214,42.69713],[-113.2814,42.69727],[-113.28136,42.69755],[-113.281,42.69745],[-113.27865,42.69765],[-113.2784,42.69818],[-113.27846,42.69846],[-113.27917,42.69866],[-113.27932,42.69922],[-113.27911,42.69947],[-113.27876,42.69958],[-113.27864,42.69987],[-113.27792,42.69972],[-113.2768,42.69993],[-113.27655,42.69972],[-113.27617,42.69965],[-113.27509,42.69998],[-113.27472,42.69996],[-113.27412,42.69962],[-113.27332,42.69967],[-113.273,42.6995],[-113.27224,42.6987],[-113.2719,42.6985],[-113.27072,42.69824],[-113.27031,42.69774],[-113.26879,42.69749],[-113.26848,42.69733],[-113.26812,42.69745],[-113.26675,42.69684],[-113.26596,42.6967],[-113.2656,42.69682],[-113.26559,42.6974],[-113.26498,42.69774],[-113.26483,42.698],[-113.26469,42.69888],[-113.26426,42.69936],[-113.26393,42.69954],[-113.26469,42.6995],[-113.26592,42.70058],[-113.26644,42.70167],[-113.26648,42.70194],[-113.26617,42.7021],[-113.26596,42.70185],[-113.26528,42.70162],[-113.2649,42.70163],[-113.26462,42.70182],[-113.26352,42.70159],[-113.2632,42.70144],[-113.26302,42.70119],[-113.26263,42.70115],[-113.26223,42.70115],[-113.26157,42.70141],[-113.26106,42.70182],[-113.26022,42.70188],[-113.25903,42.70183],[-113.25834,42.70145],[-113.25759,42.70129],[-113.25809,42.70083],[-113.25797,42.70057],[-113.2581,42.70031],[-113.25877,42.70003],[-113.25947,42.70021],[-113.25979,42.70006],[-113.25942,42.69999],[-113.25916,42.69977],[-113.25831,42.69975],[-113.25769,42.69941],[-113.25694,42.69937],[-113.25672,42.69913],[-113.25658,42.69731],[-113.25621,42.69726],[-113.25479,42.69772],[-113.2538,42.69724],[-113.25358,42.697],[-113.25362,42.69672],[-113.25432,42.69654],[-113.25466,42.69669],[-113.25525,42.69596],[-113.25412,42.69599],[-113.25351,42.69559],[-113.25321,42.69505],[-113.2534,42.69451],[-113.25294,42.694],[-113.25288,42.69372],[-113.25316,42.69353],[-113.25242,42.69323],[-113.25086,42.69368],[-113.25046,42.69369],[-113.2498,42.69336],[-113.24899,42.69331],[-113.24865,42.69314],[-113.24782,42.69313],[-113.24712,42.69343],[-113.24629,42.69346],[-113.24554,42.69328],[-113.2448,42.69335],[-113.24448,42.69349],[-113.24443,42.69379],[-113.24476,42.6943],[-113.24442,42.69442],[-113.2441,42.695],[-113.24371,42.69503],[-113.24386,42.69528],[-113.24371,42.69585],[-113.24443,42.69606],[-113.24459,42.69632],[-113.24447,42.69662],[-113.24293,42.69668],[-113.24252,42.69715],[-113.24178,42.69712],[-113.24144,42.6973],[-113.24068,42.69723],[-113.2405,42.69748],[-113.2405,42.69777],[-113.24013,42.69783],[-113.23982,42.69765],[-113.23967,42.69738],[-113.23807,42.69751],[-113.23735,42.6973],[-113.23579,42.69731],[-113.23508,42.69703],[-113.23445,42.696],[-113.23453,42.69573],[-113.23358,42.69527],[-113.23378,42.69505],[-113.23364,42.69479],[-113.23365,42.69422],[-113.23397,42.69437],[-113.2348,42.69433],[-113.23509,42.69412],[-113.23495,42.69387],[-113.23341,42.69406],[-113.23186,42.69401],[-113.23148,42.69397],[-113.23093,42.6936]]]},"properties":{"fire_id":"ufid:2026-IDTFD-000058","source_collection":"ytd","source_objectid":59522,"incident_name":"Dewoff","mapped_acres":2078.3239328990435,"mapped_acres_source":"poly_Acres_AutoCalc_fallback","gis_acres":null,"auto_acres":2078.3239328990435,"reported_acres":2078.34,"percent_contained":null,"state":"ID","state_wfigs":"US-ID","county":"Blaine","discovery_time_utc":"2026-05-26T00:25:00Z","perimeter_time_utc":"2026-09-09T19:09:02Z","perimeter_edit_time_utc":null,"incident_modified_time_utc":"2026-08-13T02:39:46Z","containment_time_utc":"2026-05-26T21:02:00Z","control_time_utc":"2026-05-27T00:08:00Z","fire_out_time_utc":"2026-06-07T06:00:00Z","fire_cause":"Natural","fire_cause_general":"Natural","map_method":"Mixed Methods","source_dataset":"FFP","unique_fire_identifier":"2026-IDTFD-000058","irwin_id":"{63E275B2-99B7-4E33-8A38-CD6B677F2132}","global_id":"8c6f3162-63be-4142-aabe-56728c3a4e2a"}},{"type":"Feature","geometry":{"type":"Polygon","coordinates":[[[-113.45694,42.30323],[-113.45699,42.30325],[-113.45696,42.30326],[-113.45694,42.30323]]]},"properties":{"fire_id":"ufid:2026-IDTFD-000106","source_collection":"ytd","source_objectid":59523,"incident_name":"Rice Creek","mapped_acres":0.002148332742057849,"mapped_acres_source":"poly_Acres_AutoCalc_fallback","gis_acres":null,"auto_acres":0.002148332742057849,"reported_acres":0.01,"percent_contained":null,"state":"ID","state_wfigs":"US-ID","county":"Cassia","discovery_time_utc":"2026-07-01T21:22:00Z","perimeter_time_utc":"2026-09-09T19:11:59Z","perimeter_edit_time_utc":null,"incident_modified_time_utc":"2026-08-13T03:07:29Z","containment_time_utc":"2026-07-01T23:00:00Z","control_time_utc":"2026-07-02T00:00:00Z","fire_out_time_utc":"2026-07-11T06:00:00Z","fire_cause":"Natural","fire_cause_general":"Natural","map_method":"Mixed Methods","source_dataset":"FFP","unique_fire_identifier":"2026-IDTFD-000106","irwin_id":"{B77AC973-5305-4B12-A447-23D414D8AA03}","global_id":"314f849d-ed2f-43bb-9a4b-45623f5de3bb"}},{"type":"Feature","geometry":{"type":"Polygon","coordinates":[[[-113.45748,42.48131],[-113.45798,42.48145],[-113.45746,42.48149],[-113.45748,42.48131]]]},"properties":{"fire_id":"ufid:2026-IDTFD-000101","source_collection":"ytd","source_objectid":59524,"incident_name":"East Cotterel","mapped_acres":0.16229087331825845,"mapped_acres_source":"poly_Acres_AutoCalc_fallback","gis_acres":null,"auto_acres":0.16229087331825845,"reported_acres":0.16,"percent_contained":null,"state":"ID","state_wfigs":"US-ID","county":"Cassia","discovery_time_utc":"2026-06-25T16:00:38Z","perimeter_time_utc":"2026-09-09T19:11:28Z","perimeter_edit_time_utc":null,"incident_modified_time_utc":"2026-08-13T03:00:09Z","containment_time_utc":"2026-06-25T19:00:00Z","control_time_utc":"2026-06-25T19:30:00Z","fire_out_time_utc":"2026-07-05T06:00:00Z","fire_cause":"Natural","fire_cause_general":"Natural","map_method":"Mixed Methods","source_dataset":"FFP","unique_fire_identifier":"2026-IDTFD-000101","irwin_id":"{9A3B3898-B261-45B6-AA84-F94E876043C6}","global_id":"131092e5-d027-4f00-9e62-a7d3ab743491"}},{"type":"Feature","geometry":{"type":"Polygon","coordinates":[[[-113.96278,42.10563],[-113.96286,42.10565],[-113.96284,42.10568],[-113.96278,42.10563]]]},"properties":{"fire_id":"ufid:2026-IDTFD-000098","source_collection":"ytd","source_objectid":59525,"incident_name":"Big Canyon","mapped_acres":0.003810735284522559,"mapped_acres_source":"poly_Acres_AutoCalc_fallback","gis_acres":null,"auto_acres":0.003810735284522559,"reported_acres":0.01,"percent_contained":null,"state":"ID","state_wfigs":"US-ID","county":"Cassia","discovery_time_utc":"2026-06-25T01:13:00Z","perimeter_time_utc":"2026-09-09T19:10:57Z","perimeter_edit_time_utc":null,"incident_modified_time_utc":"2026-08-13T02:53:00Z","containment_time_utc":"2026-06-25T15:55:00Z","control_time_utc":"2026-06-25T16:00:00Z","fire_out_time_utc":"2026-07-05T06:00:00Z","fire_cause":"Natural","fire_cause_general":"Natural","map_method":"Mixed Methods","source_dataset":"FFP","unique_fire_identifier":"2026-IDTFD-000098","irwin_id":"{FC259710-8419-4E0E-BC8D-86AC8E719035}","global_id":"3f949ad8-328c-4144-be68-e38472d5c7ae"}},{"type":"Feature","geometry":{"type":"Polygon","coordinates":[[[-113.50626,42.51329],[-113.50705,42.51183],[-113.50682,42.51159],[-113.50692,42.51083],[-113.50746,42.51062],[-113.5077,42.51143],[-113.50757,42.51227],[-113.50649,42.51362],[-113.50626,42.51329]]]},"properties":{"fire_id":"ufid:2026-IDTFD-000095","source_collection":"ytd","source_objectid":59526,"incident_name":"Guinn Canyon","mapped_acres":4.0704881489156755,"mapped_acres_source":"poly_Acres_AutoCalc_fallback","gis_acres":null,"auto_acres":4.0704881489156755,"reported_acres":4.08,"percent_contained":null,"state":"ID","state_wfigs":"US-ID","county":"Cassia","discovery_time_utc":"2026-06-25T00:31:54Z","perimeter_time_utc":"2026-09-09T19:10:02Z","perimeter_edit_time_utc":null,"incident_modified_time_utc":"2026-08-13T03:03:26Z","containment_time_utc":"2026-06-25T02:00:00Z","control_time_utc":"2026-06-25T03:15:00Z","fire_out_time_utc":"2026-07-04T06:00:00Z","fire_cause":"Natural","fire_cause_general":"Natural","map_method":"Mixed Methods","source_dataset":"FFP","unique_fire_identifier":"2026-IDTFD-000095","irwin_id":"{541EEBB4-44C5-4901-95A8-594E4B5141C6}","global_id":"d5602603-8e4e-4bc6-a4a5-55ca83761ba9"}},{"type":"Feature","geometry":{"type":"MultiPolygon","coordinates":[[[[-113.46399,42.3021],[-113.46328,42.30178],[-113.46294,42.3014],[-113.4621,42.30131],[-113.46176,42.30081],[-113.46171,42.30039],[-113.46087,42.29986],[-113.46027,42.29903],[-113.4606,42.29861],[-113.46034,42.298],[-113.46111,42.29765],[-113.46118,42.29756],[-113.46105,42.29742],[-113.46147,42.29724],[-113.46141,42.29699],[-113.46237,42.2965],[-113.46251,42.29705],[-113.46497,42.29821],[-113.46548,42.29903],[-113.46596,42.29945],[-113.46766,42.29911],[-113.46856,42.29956],[-113.46875,42.29981],[-113.46867,42.30009],[-113.46809,42.30037],[-113.4675,42.30033],[-113.46703,42.30046],[-113.46728,42.30075],[-113.46808,42.30091],[-113.46823,42.3012],[-113.46801,42.30143],[-113.46778,42.30154],[-113.46632,42.30138],[-113.46623,42.30157],[-113.46454,42.30209],[-113.46399,42.3021]]],[[[-113.46883,42.30153],[-113.46894,42.30161],[-113.46867,42.3018],[-113.46883,42.30153]]]]},"properties":{"fire_id":"ufid:2026-IDTFD-000152","source_collection":"ytd","source_objectid":59527,"incident_name":"Rice","mapped_acres":55.72479,"mapped_acres_source":"poly_GISAcres","gis_acres":55.72479,"auto_acres":55.72456346485793,"reported_acres":55.72,"percent_contained":null,"state":"ID","state_wfigs":"US-ID","county":"Cassia","discovery_time_utc":"2026-07-25T20:06:00Z","perimeter_time_utc":"2026-09-09T19:16:22Z","perimeter_edit_time_utc":null,"incident_modified_time_utc":"2026-08-15T00:45:24Z","containment_time_utc":"2026-07-28T00:07:00Z","control_time_utc":"2026-07-28T22:02:00Z","fire_out_time_utc":"2026-08-07T06:00:00Z","fire_cause":"Natural","fire_cause_general":"Natural","map_method":"Mixed Methods","source_dataset":"FFP","unique_fire_identifier":"2026-IDTFD-000152","irwin_id":"{53A78E19-883B-4CDB-96F5-5F989A4CA817}","global_id":"64916d18-17d5-45b8-9486-5b1385801dde"}},{"type":"Feature","geometry":{"type":"Polygon","coordinates":[[[-113.64695,42.07839],[-113.64693,42.07842],[-113.64691,42.07839],[-113.64695,42.07839]]]},"properties":{"fire_id":"ufid:2026-IDCAX-000153","source_collection":"ytd","source_objectid":59529,"incident_name":"Smoky","mapped_acres":0.002295244045227012,"mapped_acres_source":"poly_Acres_AutoCalc_fallback","gis_acres":null,"auto_acres":0.002295244045227012,"reported_acres":0.01,"percent_contained":null,"state":"ID","state_wfigs":"US-ID","county":"Cassia","discovery_time_utc":"2026-07-25T20:32:49Z","perimeter_time_utc":"2026-09-09T19:16:58Z","perimeter_edit_time_utc":null,"incident_modified_time_utc":"2026-08-15T00:48:31Z","containment_time_utc":"2026-07-27T00:10:00Z","control_time_utc":"2026-07-27T00:10:00Z","fire_out_time_utc":"2026-08-05T06:00:00Z","fire_cause":"Natural","fire_cause_general":"Natural","map_method":"Mixed Methods","source_dataset":"FFP","unique_fire_identifier":"2026-IDCAX-000153","irwin_id":"{77568068-29A5-493D-8EB8-9BBF836F91AE}","global_id":"7c49eee9-39de-47c7-a012-c1b978ef4cd9"}},{"type":"Feature","geometry":{"type":"Polygon","coordinates":[[[-114.82197,42.94227],[-114.82263,42.94237],[-114.82325,42.94271],[-114.82371,42.94249],[-114.82457,42.94285],[-114.82446,42.94323],[-114.82752,42.94508],[-114.82825,42.9454],[-114.82946,42.9463],[-114.82982,42.94639],[-114.83039,42.94696],[-114.83073,42.94706],[-114.83176,42.94824],[-114.8317,42.94852],[-114.83181,42.9488],[-114.83224,42.94908],[-114.83227,42.94949],[-114.83259,42.94963],[-114.83269,42.95018],[-114.83296,42.95036],[-114.83325,42.95087],[-114.83191,42.95187],[-114.83117,42.95176],[-114.82945,42.95237],[-114.82872,42.95222],[-114.82733,42.9511],[-114.82678,42.95118],[-114.82573,42.95181],[-114.82539,42.95168],[-114.82488,42.95111],[-114.82455,42.95098],[-114.82438,42.95042],[-114.82409,42.95025],[-114.82344,42.9494],[-114.82216,42.94884],[-114.82258,42.94806],[-114.82248,42.94752],[-114.82171,42.94713],[-114.82134,42.94716],[-114.82111,42.94664],[-114.82017,42.94645],[-114.81914,42.94582],[-114.8189,42.9453],[-114.81823,42.94492],[-114.81734,42.94351],[-114.81515,42.94214],[-114.81487,42.94177],[-114.81485,42.94122],[-114.81503,42.94098],[-114.81601,42.94035],[-114.81787,42.94066],[-114.8209,42.94162],[-114.82142,42.94182],[-114.82197,42.94227]]]},"properties":{"fire_id":"ufid:2026-IDTFD-000108","source_collection":"ytd","source_objectid":59531,"incident_name":"Big Wood","mapped_acres":204.4282508158983,"mapped_acres_source":"poly_Acres_AutoCalc_fallback","gis_acres":null,"auto_acres":204.4282508158983,"reported_acres":204.43,"percent_contained":null,"state":"ID","state_wfigs":"US-ID","county":"Gooding","discovery_time_utc":"2026-07-01T23:29:00Z","perimeter_time_utc":"2026-09-09T19:12:35Z","perimeter_edit_time_utc":null,"incident_modified_time_utc":"2026-08-13T02:49:49Z","containment_time_utc":"2026-07-02T03:30:00Z","control_time_utc":"2026-07-03T20:40:00Z","fire_out_time_utc":"2026-07-13T06:00:00Z","fire_cause":"Natural","fire_cause_general":"Natural","map_method":"Mixed Methods","source_dataset":"FFP","unique_fire_identifier":"2026-IDTFD-000108","irwin_id":"{1C908259-07EB-4AEC-98F0-69EE5E52D7AA}","global_id":"ec35a2ac-5df2-4d6a-afb5-bb9735288972"}},{"type":"Feature","geometry":{"type":"Polygon","coordinates":[[[-114.22739,43.00223],[-114.22746,43.00208],[-114.22897,43.00226],[-114.22866,43.00257],[-114.22949,43.0026],[-114.23045,43.00283],[-114.23103,43.00263],[-114.23149,43.00287],[-114.23261,43.00316],[-114.2332,43.00314],[-114.23373,43.00335],[-114.23411,43.00315],[-114.23472,43.00362],[-114.23515,43.00348],[-114.2361,43.00389],[-114.23635,43.00382],[-114.23662,43.00411],[-114.23704,43.00419],[-114.23726,43.00435],[-114.23756,43.00505],[-114.23719,43.0053],[-114.2363,43.00503],[-114.23552,43.00515],[-114.23485,43.00503],[-114.23448,43.00525],[-114.23283,43.00534],[-114.23216,43.00563],[-114.23155,43.00543],[-114.2312,43.0056],[-114.23,43.0054],[-114.22913,43.00547],[-114.22898,43.00531],[-114.22824,43.00525],[-114.22762,43.00483],[-114.2263,43.0047],[-114.2257,43.00435],[-114.22566,43.00413],[-114.22613,43.00414],[-114.22671,43.00434],[-114.22677,43.00417],[-114.22719,43.00388],[-114.22724,43.00355],[-114.22625,43.00342],[-114.22578,43.00311],[-114.22569,43.00288],[-114.22451,43.00293],[-114.22474,43.00264],[-114.22558,43.00213],[-114.22671,43.00242],[-114.22721,43.00237],[-114.22743,43.0021],[-114.22739,43.00223]]]},"properties":{"fire_id":"ufid:2026-IDTFD-000132","source_collection":"ytd","source_objectid":59532,"incident_name":"Brown Butte","mapped_acres":56.85181692936801,"mapped_acres_source":"poly_Acres_AutoCalc_fallback","gis_acres":null,"auto_acres":56.85181692936801,"reported_acres":56.85,"percent_contained":null,"state":"ID","state_wfigs":"US-ID","county":"Lincoln","discovery_time_utc":"2026-07-17T03:52:38Z","perimeter_time_utc":"2026-09-09T19:13:08Z","perimeter_edit_time_utc":null,"incident_modified_time_utc":"2026-08-13T02:55:48Z","containment_time_utc":"2026-07-17T16:43:00Z","control_time_utc":"2026-07-17T21:00:00Z","fire_out_time_utc":"2026-07-27T06:00:00Z","fire_cause":"Natural","fire_cause_general":"Natural","map_method":"Mixed Methods","source_dataset":"FFP","unique_fire_identifier":"2026-IDTFD-000132","irwin_id":"{67F47D9F-ACFA-416A-BE4C-8853FDA2C4E5}","global_id":"05125c26-e9ba-447a-b71a-dbe231ec5ff6"}},{"type":"Feature","geometry":{"type":"Polygon","coordinates":[[[-114.01153,42.98432],[-114.01183,42.98354],[-114.01152,42.98322],[-114.01121,42.9833],[-114.01154,42.98392],[-114.01129,42.98396],[-114.01114,42.98382],[-114.01107,42.98407],[-114.01086,42.98413],[-114.01044,42.98372],[-114.00785,42.98298],[-114.00672,42.98235],[-114.00563,42.98204],[-114.00481,42.98164],[-114.00459,42.98161],[-114.00421,42.98184],[-114.00414,42.98145],[-114.00375,42.98122],[-114.00385,42.98093],[-114.00335,42.98034],[-114.00261,42.97998],[-114.00089,42.98005],[-114.00079,42.97988],[-114.00091,42.97944],[-114.00062,42.9792],[-113.99957,42.97948],[-113.99672,42.97961],[-113.99604,42.97996],[-113.99518,42.98018],[-113.99503,42.9803],[-113.99502,42.98076],[-113.99478,42.98105],[-113.99436,42.98091],[-113.99244,42.98127],[-113.9923,42.9815],[-113.99191,42.98168],[-113.99199,42.98193],[-113.99175,42.98236],[-113.99167,42.98293],[-113.99177,42.98362],[-113.9915,42.98428],[-113.9899,42.98437],[-113.98922,42.98453],[-113.98806,42.98434],[-113.9877,42.98417],[-113.98567,42.98404],[-113.98391,42.98463],[-113.98236,42.98444],[-113.98181,42.98449],[-113.98055,42.98421],[-113.97774,42.98331],[-113.97751,42.98312],[-113.97749,42.9829],[-113.97674,42.98245],[-113.97608,42.98169],[-113.97562,42.98169],[-113.97482,42.98138],[-113.97451,42.98143],[-113.97379,42.98125],[-113.97345,42.98103],[-113.97318,42.98112],[-113.9729,42.98153],[-113.97256,42.98267],[-113.96962,42.98306],[-113.96883,42.98305],[-113.9677,42.98275],[-113.96705,42.98288],[-113.96621,42.98276],[-113.96569,42.98288],[-113.96529,42.9827],[-113.96519,42.98283],[-113.96444,42.98283],[-113.96401,42.98236],[-113.96418,42.98202],[-113.96318,42.98162],[-113.96277,42.98158],[-113.96256,42.98135],[-113.96215,42.98148],[-113.96124,42.98123],[-113.96072,42.98143],[-113.9599,42.9815],[-113.95943,42.98174],[-113.9587,42.98178],[-113.95825,42.98175],[-113.95777,42.9814],[-113.95746,42.98139],[-113.95705,42.98156],[-113.95713,42.98174],[-113.95653,42.98217],[-113.95633,42.98253],[-113.9559,42.98263],[-113.95534,42.98256],[-113.95509,42.98238],[-113.95477,42.98243],[-113.95466,42.98264],[-113.95449,42.98267],[-113.95421,42.98262],[-113.95384,42.98215],[-113.95362,42.98236],[-113.95295,42.9822],[-113.95254,42.98251],[-113.95159,42.98271],[-113.95039,42.98326],[-113.95015,42.98324],[-113.94883,42.98387],[-113.94849,42.9839],[-113.94837,42.98405],[-113.94684,42.98419],[-113.94644,42.98412],[-113.94603,42.98442],[-113.94413,42.98409],[-113.94323,42.98422],[-113.94283,42.98472],[-113.94297,42.98571],[-113.94188,42.98573],[-113.94211,42.9863],[-113.94189,42.987],[-113.94147,42.9873],[-113.94136,42.98793],[-113.9407,42.98802],[-113.94041,42.98871],[-113.94007,42.98901],[-113.93918,42.98898],[-113.93878,42.9888],[-113.9383,42.98836],[-113.93768,42.98833],[-113.93739,42.98802],[-113.93698,42.98789],[-113.93418,42.98627],[-113.93373,42.98608],[-113.93284,42.98601],[-113.93268,42.98582],[-113.93278,42.98551],[-113.93235,42.98528],[-113.93204,42.9847],[-113.93091,42.98425],[-113.93072,42.9838],[-113.93033,42.98349],[-113.92928,42.98318],[-113.92878,42.98283],[-113.92846,42.9823],[-113.9279,42.98213],[-113.9275,42.98183],[-113.92748,42.98139],[-113.92714,42.98113],[-113.92687,42.98049],[-113.92616,42.98028],[-113.92602,42.97997],[-113.92611,42.9798],[-113.92579,42.97964],[-113.92589,42.97949],[-113.92568,42.9793],[-113.92519,42.97927],[-113.92421,42.97821],[-113.92368,42.97833],[-113.92347,42.97817],[-113.92226,42.97798],[-113.92127,42.97657],[-113.9212,42.97625],[-113.91994,42.97557],[-113.91974,42.975],[-113.91842,42.97422],[-113.91814,42.97349],[-113.91689,42.97193],[-113.91669,42.97147],[-113.91672,42.97108],[-113.91586,42.97089],[-113.91471,42.97006],[-113.91407,42.96909],[-113.91403,42.96864],[-113.91367,42.96809],[-113.91311,42.96793],[-113.91331,42.96769],[-113.91363,42.96774],[-113.91295,42.9668],[-113.91208,42.96653],[-113.91154,42.96584],[-113.9111,42.9657],[-113.91076,42.96536],[-113.91034,42.9652],[-113.9099,42.9642],[-113.90919,42.96424],[-113.90884,42.96369],[-113.90823,42.96354],[-113.90726,42.96278],[-113.90713,42.96236],[-113.9073,42.96175],[-113.90711,42.96149],[-113.90605,42.96121],[-113.90562,42.96121],[-113.90527,42.96144],[-113.90498,42.96146],[-113.90449,42.96127],[-113.90336,42.96119],[-113.90325,42.96093],[-113.90301,42.96088],[-113.90174,42.96094],[-113.90017,42.96133],[-113.89985,42.96105],[-113.89916,42.96101],[-113.89936,42.96061],[-113.89884,42.96041],[-113.89872,42.96025],[-113.89889,42.95985],[-113.89876,42.95955],[-113.89892,42.95906],[-113.8986,42.95878],[-113.89833,42.95875],[-113.89826,42.95856],[-113.89858,42.95839],[-113.89885,42.95766],[-113.8992,42.95782],[-113.89988,42.95784],[-113.90038,42.95744],[-113.90011,42.95713],[-113.90034,42.95679],[-113.90092,42.95706],[-113.90092,42.95674],[-113.90131,42.95648],[-113.90117,42.95625],[-113.90162,42.95619],[-113.90173,42.95576],[-113.90194,42.95556],[-113.90257,42.95569],[-113.90258,42.95551],[-113.90227,42.9551],[-113.90247,42.95487],[-113.90233,42.95473],[-113.90241,42.95448],[-113.9028,42.9543],[-113.90296,42.9546],[-113.90337,42.95444],[-113.90365,42.954],[-113.90401,42.95391],[-113.90387,42.95349],[-113.90411,42.95328],[-113.90435,42.95362],[-113.90469,42.95367],[-113.90499,42.95392],[-113.90509,42.95352],[-113.90584,42.95304],[-113.90621,42.95298],[-113.90618,42.95263],[-113.9064,42.95241],[-113.90696,42.95261],[-113.9072,42.95294],[-113.90733,42.95259],[-113.90753,42.95255],[-113.90789,42.95329],[-113.9081,42.95342],[-113.90833,42.9533],[-113.90823,42.95313],[-113.90837,42.95308],[-113.9083,42.95243],[-113.90845,42.9523],[-113.90841,42.95199],[-113.90874,42.95226],[-113.90905,42.95219],[-113.90878,42.9519],[-113.90896,42.95184],[-113.90862,42.95093],[-113.9082,42.95064],[-113.90803,42.9503],[-113.90826,42.95006],[-113.90808,42.94976],[-113.90843,42.94965],[-113.90835,42.94925],[-113.90888,42.94939],[-113.90867,42.94921],[-113.90855,42.94883],[-113.90927,42.94829],[-113.9093,42.94812],[-113.90914,42.9479],[-113.90976,42.94718],[-113.9097,42.94659],[-113.90934,42.94641],[-113.90938,42.94607],[-113.90924,42.94602],[-113.90905,42.94625],[-113.90893,42.94615],[-113.90897,42.94591],[-113.90964,42.94537],[-113.90966,42.94508],[-113.90934,42.94478],[-113.90961,42.94459],[-113.90949,42.94438],[-113.90954,42.94403],[-113.90908,42.94371],[-113.90908,42.9432],[-113.90884,42.94312],[-113.90846,42.94271],[-113.90849,42.94251],[-113.90821,42.94222],[-113.90815,42.94126],[-113.90787,42.94091],[-113.90809,42.94043],[-113.90821,42.94071],[-113.90844,42.94069],[-113.90847,42.9405],[-113.90877,42.94051],[-113.90884,42.94026],[-113.90856,42.93975],[-113.90884,42.93956],[-113.90849,42.93905],[-113.90819,42.93885],[-113.90815,42.93844],[-113.90929,42.93768],[-113.90975,42.93677],[-113.91013,42.93639],[-113.91137,42.93624],[-113.91273,42.9356],[-113.91325,42.93559],[-113.915,42.9364],[-113.91569,42.93637],[-113.91641,42.93615],[-113.91854,42.934],[-113.91944,42.93363],[-113.91965,42.93333],[-113.92101,42.93535],[-113.9213,42.93639],[-113.9217,42.93644],[-113.92164,42.93657],[-113.92187,42.93667],[-113.92201,42.93714],[-113.92255,42.93759],[-113.92256,42.93796],[-113.92283,42.93836],[-113.92271,42.93867],[-113.92306,42.93902],[-113.92284,42.93944],[-113.92307,42.93983],[-113.92285,42.94009],[-113.92331,42.94006],[-113.92327,42.94025],[-113.92345,42.9404],[-113.92336,42.94074],[-113.92316,42.94085],[-113.9233,42.941],[-113.92306,42.94168],[-113.92315,42.94193],[-113.92326,42.9421],[-113.92365,42.94215],[-113.92381,42.94234],[-113.92413,42.94218],[-113.92422,42.94232],[-113.92448,42.94226],[-113.9249,42.94259],[-113.92488,42.94275],[-113.9246,42.94291],[-113.92453,42.94325],[-113.92477,42.94353],[-113.92456,42.94401],[-113.92497,42.94448],[-113.92472,42.94468],[-113.92474,42.94495],[-113.92582,42.94554],[-113.92622,42.94558],[-113.92663,42.94537],[-113.92688,42.94559],[-113.92641,42.9458],[-113.92641,42.94591],[-113.92675,42.946],[-113.92711,42.94641],[-113.92786,42.94618],[-113.92893,42.94638],[-113.92943,42.94599],[-113.92944,42.94567],[-113.92979,42.94556],[-113.92971,42.94512],[-113.92979,42.94489],[-113.9301,42.9448],[-113.93006,42.94454],[-113.93049,42.94425],[-113.93077,42.94422],[-113.93067,42.944],[-113.93116,42.94418],[-113.93132,42.94407],[-113.93124,42.94373],[-113.93147,42.94368],[-113.93197,42.94326],[-113.93274,42.94335],[-113.93317,42.94293],[-113.93386,42.94278],[-113.93395,42.94263],[-113.93495,42.94214],[-113.93526,42.94223],[-113.93534,42.94215],[-113.93524,42.94201],[-113.93545,42.94177],[-113.93635,42.94169],[-113.93733,42.94137],[-113.93805,42.94089],[-113.938,42.94059],[-113.93825,42.94062],[-113.93818,42.94084],[-113.93865,42.94078],[-113.93911,42.94045],[-113.93977,42.94036],[-113.94013,42.94012],[-113.94104,42.94017],[-113.94143,42.93986],[-113.94238,42.93947],[-113.94272,42.93913],[-113.94391,42.9392],[-113.94583,42.93877],[-113.94639,42.9384],[-113.94711,42.93854],[-113.9477,42.93824],[-113.94844,42.93818],[-113.94877,42.938],[-113.94929,42.93793],[-113.94982,42.93813],[-113.9501,42.93787],[-113.95048,42.93795],[-113.95076,42.93759],[-113.95146,42.9378],[-113.95178,42.93774],[-113.95212,42.9376],[-113.95205,42.93723],[-113.9523,42.9368],[-113.95327,42.93652],[-113.95361,42.9368],[-113.95423,42.93705],[-113.95557,42.93734],[-113.95647,42.93686],[-113.95737,42.93708],[-113.96124,42.93664],[-113.96128,42.93684],[-113.96094,42.93716],[-113.96084,42.93749],[-113.96164,42.93846],[-113.96152,42.93936],[-113.9616,42.94015],[-113.96128,42.9406],[-113.96146,42.94077],[-113.96211,42.94059],[-113.9628,42.94064],[-113.96291,42.94048],[-113.96407,42.94027],[-113.96478,42.93993],[-113.96498,42.93969],[-113.96548,42.93965],[-113.96565,42.93948],[-113.96564,42.93922],[-113.96577,42.93917],[-113.96648,42.93925],[-113.96681,42.93913],[-113.96733,42.9394],[-113.96914,42.93919],[-113.97025,42.9388],[-113.97135,42.93891],[-113.97173,42.93872],[-113.9728,42.93867],[-113.97389,42.93889],[-113.97409,42.93872],[-113.97536,42.93869],[-113.97598,42.9385],[-113.97618,42.93832],[-113.9775,42.93814],[-113.97781,42.93802],[-113.9782,42.93762],[-113.97842,42.93817],[-113.97872,42.93828],[-113.97894,42.93819],[-113.97931,42.93848],[-113.98044,42.93849],[-113.98074,42.93878],[-113.98117,42.93887],[-113.98185,42.93832],[-113.98194,42.93805],[-113.98233,42.93794],[-113.98297,42.93812],[-113.98333,42.93763],[-113.98367,42.93754],[-113.98384,42.93761],[-113.98391,42.93783],[-113.9838,42.93812],[-113.98388,42.9383],[-113.98447,42.93847],[-113.98475,42.93818],[-113.98499,42.93813],[-113.98484,42.93759],[-113.98516,42.93738],[-113.98577,42.93789],[-113.98644,42.93785],[-113.987,42.93751],[-113.98788,42.93753],[-113.98803,42.93743],[-113.98834,42.93786],[-113.98912,42.93827],[-113.98964,42.93827],[-113.99018,42.93844],[-113.9906,42.93834],[-113.99088,42.93886],[-113.9916,42.93892],[-113.99213,42.93864],[-113.99241,42.93867],[-113.99266,42.93898],[-113.99258,42.93923],[-113.99286,42.93935],[-113.99443,42.9388],[-113.99519,42.93886],[-113.99539,42.93856],[-113.99615,42.93846],[-113.99716,42.93794],[-113.99828,42.93808],[-113.99892,42.9379],[-113.99925,42.93811],[-113.99998,42.93789],[-114.00087,42.93813],[-114.001,42.93797],[-114.00204,42.93793],[-114.00284,42.93812],[-114.00436,42.93805],[-114.00559,42.93815],[-114.00582,42.93798],[-114.00666,42.93786],[-114.00686,42.93812],[-114.00798,42.93805],[-114.00916,42.93815],[-114.01032,42.93795],[-114.01067,42.93801],[-114.01235,42.93783],[-114.01352,42.93803],[-114.01347,42.93819],[-114.01366,42.9383],[-114.01416,42.93789],[-114.01463,42.93815],[-114.01541,42.93833],[-114.01642,42.93812],[-114.01681,42.93833],[-114.01817,42.93829],[-114.02154,42.93902],[-114.02204,42.93918],[-114.02243,42.93953],[-114.02279,42.93958],[-114.02337,42.93926],[-114.02452,42.93946],[-114.02565,42.93923],[-114.0256,42.93934],[-114.02618,42.93967],[-114.02725,42.9397],[-114.02777,42.93951],[-114.02767,42.93916],[-114.02812,42.93894],[-114.0287,42.93921],[-114.02853,42.93942],[-114.02887,42.93953],[-114.03034,42.93957],[-114.0305,42.93909],[-114.03121,42.9398],[-114.03162,42.93961],[-114.03405,42.94004],[-114.03495,42.93991],[-114.03511,42.94008],[-114.03502,42.9402],[-114.03593,42.94056],[-114.03637,42.94036],[-114.03556,42.94159],[-114.03579,42.94171],[-114.03588,42.94192],[-114.03613,42.94189],[-114.0364,42.94155],[-114.03622,42.94101],[-114.03666,42.94081],[-114.03731,42.94111],[-114.03786,42.94082],[-114.03808,42.94103],[-114.03947,42.94132],[-114.03997,42.94169],[-114.04097,42.94196],[-114.04104,42.94281],[-114.04069,42.94294],[-114.04057,42.94344],[-114.04116,42.94389],[-114.04072,42.94396],[-114.04075,42.94421],[-114.04158,42.94486],[-114.04177,42.94527],[-114.04197,42.94537],[-114.04196,42.94599],[-114.04227,42.94635],[-114.04225,42.94683],[-114.04261,42.94704],[-114.04241,42.94731],[-114.04196,42.94732],[-114.04192,42.94764],[-114.04256,42.9476],[-114.04281,42.94792],[-114.04363,42.94792],[-114.04378,42.94809],[-114.04355,42.94831],[-114.04447,42.94856],[-114.04545,42.94878],[-114.0459,42.94861],[-114.04597,42.94907],[-114.04635,42.94906],[-114.04651,42.94925],[-114.04587,42.94993],[-114.04604,42.95008],[-114.04589,42.95032],[-114.04636,42.95066],[-114.04692,42.95069],[-114.04708,42.95084],[-114.04621,42.95106],[-114.04629,42.95146],[-114.0473,42.9515],[-114.04758,42.95212],[-114.04786,42.95239],[-114.0486,42.95255],[-114.0497,42.95238],[-114.05073,42.95281],[-114.05107,42.9535],[-114.05064,42.95429],[-114.05128,42.95502],[-114.05125,42.95544],[-114.0515,42.95568],[-114.05121,42.9558],[-114.05079,42.95573],[-114.05045,42.95591],[-114.05029,42.95621],[-114.05037,42.95652],[-114.05007,42.95672],[-114.04984,42.95668],[-114.04976,42.95699],[-114.05056,42.95723],[-114.05075,42.95713],[-114.05128,42.95717],[-114.05089,42.95761],[-114.05109,42.95786],[-114.05101,42.958],[-114.05112,42.95821],[-114.05145,42.95845],[-114.05112,42.95887],[-114.05136,42.95893],[-114.05175,42.95931],[-114.0521,42.95892],[-114.05266,42.95918],[-114.05252,42.95947],[-114.05204,42.95964],[-114.05109,42.95945],[-114.05066,42.95987],[-114.05087,42.9601],[-114.05146,42.96035],[-114.05196,42.96021],[-114.05226,42.96031],[-114.05221,42.96044],[-114.05199,42.96049],[-114.05167,42.96038],[-114.05156,42.96067],[-114.05234,42.96103],[-114.05225,42.96113],[-114.05231,42.96178],[-114.05276,42.96253],[-114.05355,42.96215],[-114.05409,42.96226],[-114.05438,42.96275],[-114.05461,42.96282],[-114.05462,42.96301],[-114.05501,42.9632],[-114.05483,42.96338],[-114.05493,42.96351],[-114.05527,42.96363],[-114.05592,42.96348],[-114.05634,42.96367],[-114.05683,42.9636],[-114.05699,42.96376],[-114.05739,42.96379],[-114.0585,42.96432],[-114.05861,42.96453],[-114.05958,42.96504],[-114.05984,42.96537],[-114.0596,42.96559],[-114.05823,42.96595],[-114.05711,42.9655],[-114.05687,42.96553],[-114.05671,42.96564],[-114.05766,42.96619],[-114.05711,42.96624],[-114.05656,42.96667],[-114.05645,42.96664],[-114.05652,42.96616],[-114.05638,42.96585],[-114.05627,42.96576],[-114.05597,42.96585],[-114.05583,42.96599],[-114.05567,42.96677],[-114.05522,42.96723],[-114.055,42.96717],[-114.05503,42.96708],[-114.05553,42.96669],[-114.05561,42.96637],[-114.05538,42.96614],[-114.05512,42.96622],[-114.05525,42.96649],[-114.05518,42.96665],[-114.05484,42.96682],[-114.05479,42.96698],[-114.05406,42.96724],[-114.0538,42.9676],[-114.05381,42.96773],[-114.05428,42.96789],[-114.05428,42.96809],[-114.05403,42.96813],[-114.05404,42.96829],[-114.0531,42.96857],[-114.05306,42.96886],[-114.05276,42.9693],[-114.05285,42.96988],[-114.05252,42.97003],[-114.0525,42.97019],[-114.05266,42.97035],[-114.05222,42.971],[-114.05087,42.97191],[-114.05024,42.97198],[-114.04897,42.97177],[-114.04855,42.9715],[-114.04839,42.97115],[-114.04788,42.97096],[-114.04655,42.97125],[-114.04617,42.97091],[-114.04625,42.97077],[-114.04657,42.97072],[-114.04685,42.97086],[-114.04739,42.97057],[-114.04741,42.97043],[-114.04724,42.97034],[-114.04746,42.9703],[-114.04705,42.97025],[-114.04687,42.96973],[-114.04615,42.9697],[-114.04614,42.96931],[-114.04579,42.96944],[-114.04507,42.96925],[-114.04518,42.96967],[-114.04458,42.97017],[-114.04394,42.97032],[-114.04383,42.9707],[-114.04298,42.97078],[-114.04278,42.9709],[-114.04239,42.97077],[-114.0421,42.97117],[-114.04111,42.97159],[-114.04041,42.97148],[-114.04041,42.97171],[-114.04057,42.97188],[-114.0403,42.972],[-114.04027,42.97223],[-114.03986,42.97216],[-114.03976,42.97276],[-114.04067,42.97293],[-114.0406,42.97307],[-114.04021,42.9732],[-114.04008,42.97342],[-114.04063,42.97329],[-114.04115,42.97364],[-114.0406,42.97354],[-114.03998,42.9739],[-114.03912,42.97408],[-114.03918,42.97444],[-114.03887,42.97472],[-114.03829,42.97444],[-114.03804,42.9739],[-114.0377,42.97382],[-114.03745,42.97386],[-114.03719,42.9741],[-114.03704,42.97395],[-114.03676,42.97394],[-114.03622,42.97424],[-114.03588,42.97426],[-114.03572,42.9745],[-114.03589,42.97464],[-114.03572,42.97472],[-114.03546,42.97454],[-114.03536,42.97422],[-114.03496,42.97424],[-114.03486,42.97452],[-114.03522,42.97488],[-114.03506,42.97493],[-114.0349,42.97524],[-114.03498,42.97559],[-114.03515,42.97569],[-114.03497,42.9759],[-114.0344,42.97572],[-114.03346,42.97591],[-114.03341,42.97605],[-114.03365,42.97612],[-114.03364,42.97624],[-114.03296,42.97657],[-114.0332,42.97732],[-114.03268,42.9775],[-114.03263,42.97773],[-114.03209,42.97773],[-114.03131,42.9782],[-114.03167,42.97921],[-114.03149,42.97946],[-114.03098,42.97962],[-114.03131,42.98035],[-114.03076,42.98084],[-114.0307,42.98109],[-114.03024,42.98134],[-114.02964,42.98127],[-114.02958,42.98143],[-114.02911,42.98104],[-114.02857,42.98084],[-114.02759,42.98092],[-114.0273,42.98116],[-114.02692,42.98116],[-114.02677,42.98128],[-114.0263,42.98103],[-114.02627,42.98145],[-114.02602,42.98182],[-114.02625,42.9819],[-114.02633,42.98212],[-114.02682,42.98234],[-114.02667,42.98263],[-114.02668,42.98306],[-114.02617,42.98287],[-114.02593,42.98329],[-114.02636,42.98324],[-114.02645,42.98337],[-114.02633,42.9835],[-114.02652,42.98359],[-114.02699,42.98341],[-114.02717,42.9836],[-114.0272,42.98404],[-114.02737,42.98415],[-114.02738,42.98432],[-114.02719,42.98437],[-114.02654,42.98418],[-114.02604,42.98435],[-114.02601,42.98478],[-114.02559,42.98475],[-114.0255,42.98488],[-114.02588,42.98507],[-114.02552,42.98511],[-114.02516,42.98534],[-114.02513,42.98568],[-114.0252,42.98608],[-114.02605,42.98633],[-114.02657,42.98634],[-114.02662,42.98643],[-114.02647,42.98646],[-114.02738,42.98705],[-114.02686,42.98794],[-114.02653,42.98747],[-114.02618,42.98761],[-114.02712,42.98865],[-114.02671,42.98921],[-114.02559,42.98878],[-114.02566,42.98851],[-114.02555,42.98846],[-114.02488,42.98866],[-114.02399,42.98836],[-114.02361,42.98861],[-114.02368,42.98877],[-114.02415,42.98897],[-114.02456,42.98959],[-114.02533,42.99017],[-114.02529,42.99035],[-114.02459,42.99037],[-114.02422,42.98977],[-114.02352,42.98959],[-114.02386,42.99009],[-114.02328,42.9906],[-114.02319,42.99056],[-114.02293,42.99009],[-114.02242,42.98986],[-114.02163,42.98975],[-114.02066,42.98906],[-114.01938,42.98882],[-114.0195,42.98851],[-114.0187,42.988],[-114.01851,42.98771],[-114.01799,42.98764],[-114.01784,42.98731],[-114.01762,42.98737],[-114.01756,42.9871],[-114.01732,42.98717],[-114.01655,42.98668],[-114.01653,42.98619],[-114.01641,42.98649],[-114.01576,42.98611],[-114.01562,42.98588],[-114.01496,42.98583],[-114.01392,42.98519],[-114.01183,42.98447],[-114.01153,42.98432]]]},"properties":{"fire_id":"ufid:2026-IDTFD-000133","source_collection":"ytd","source_objectid":59533,"incident_name":"Black Ridge 2","mapped_acres":13325.32,"mapped_acres_source":"poly_GISAcres","gis_acres":13325.32,"auto_acres":13325.273374969747,"reported_acres":13325.32,"percent_contained":null,"state":"ID","state_wfigs":"US-ID","county":"Lincoln","discovery_time_utc":"2026-07-17T04:48:00Z","perimeter_time_utc":"2026-09-09T19:13:50Z","perimeter_edit_time_utc":null,"incident_modified_time_utc":"2026-08-15T00:07:55Z","containment_time_utc":"2026-07-18T02:00:00Z","control_time_utc":"2026-07-20T21:00:00Z","fire_out_time_utc":"2026-08-07T16:10:00Z","fire_cause":"Natural","fire_cause_general":"Natural","map_method":"Mixed Methods","source_dataset":"FFP","unique_fire_identifier":"2026-IDTFD-000133","irwin_id":"{CC7B50B5-30FA-420D-8432-58AC722E43D8}","global_id":"1cf9f260-0b9b-407c-9099-ccc3b275678d"}}]}
