{"type":"FeatureCollection","features":[{"type":"Feature","geometry":{"type":"Polygon","coordinates":[[[-144.48481,68.19173],[-144.4855,68.19201],[-144.48776,68.19241],[-144.4886,68.19275],[-144.49285,68.19353],[-144.49296,68.19406],[-144.49422,68.19462],[-144.49276,68.1954],[-144.49178,68.19568],[-144.48937,68.19687],[-144.48921,68.19741],[-144.48837,68.19758],[-144.4882,68.1978],[-144.48657,68.19821],[-144.48489,68.19755],[-144.48347,68.19661],[-144.48133,68.19603],[-144.47965,68.19603],[-144.4795,68.19704],[-144.4777,68.1969],[-144.47693,68.19653],[-144.47686,68.19616],[-144.47176,68.19476],[-144.47194,68.19454],[-144.47256,68.19428],[-144.47187,68.19372],[-144.46989,68.19327],[-144.46802,68.19222],[-144.46751,68.19095],[-144.46455,68.19027],[-144.46252,68.18996],[-144.46133,68.18957],[-144.46099,68.18933],[-144.46348,68.18958],[-144.46344,68.18943],[-144.46106,68.18853],[-144.4615,68.18839],[-144.46381,68.18882],[-144.4646,68.1885],[-144.46488,68.18816],[-144.46552,68.1881],[-144.46522,68.18765],[-144.46661,68.18762],[-144.46786,68.18798],[-144.46883,68.18857],[-144.47307,68.18996],[-144.47719,68.19092],[-144.47717,68.19109],[-144.47828,68.19122],[-144.4792,68.19098],[-144.4806,68.19137],[-144.48162,68.19151],[-144.48285,68.19135],[-144.48481,68.19173]]]},"properties":{"fire_id":"ufid:2025-AKUYD-000258","source_collection":"history-2025","source_objectid":42807,"incident_name":"Koness","mapped_acres":152.63,"mapped_acres_source":"poly_GISAcres","gis_acres":152.63,"auto_acres":152.62975513047903,"reported_acres":152.63,"percent_contained":null,"state":"AK","state_wfigs":"US-AK","county":"Yukon-Koyukuk","discovery_time_utc":"2025-06-20T22:03:34Z","perimeter_time_utc":"2025-07-31T18:11:56Z","perimeter_edit_time_utc":null,"incident_modified_time_utc":"2025-07-30T23:11:19Z","containment_time_utc":null,"control_time_utc":null,"fire_out_time_utc":"2025-07-29T01:00:00Z","fire_cause":"Natural","fire_cause_general":"Natural","map_method":"Image Interpretation","source_dataset":"FFP","unique_fire_identifier":"2025-AKUYD-000258","irwin_id":"{88F085C5-6F78-4798-8856-9F2B99164C59}","global_id":"ff197713-473b-40b6-8768-7a55441ed8b3"}},{"type":"Feature","geometry":{"type":"Polygon","coordinates":[[[-143.02,65.37222],[-143.01921,65.37246],[-143.01819,65.37302],[-143.01765,65.37348],[-143.01744,65.374],[-143.01765,65.37426],[-143.01598,65.37496],[-143.01603,65.37527],[-143.01672,65.37555],[-143.01984,65.37579],[-143.02072,65.37454],[-143.02003,65.3739],[-143.02,65.37364],[-143.02039,65.37327],[-143.02069,65.37338],[-143.02173,65.37446],[-143.02165,65.37517],[-143.02194,65.37537],[-143.02183,65.37558],[-143.02184,65.37619],[-143.0202,65.3768],[-143.01978,65.3776],[-143.02088,65.37822],[-143.02014,65.37882],[-143.02022,65.37917],[-143.01981,65.37937],[-143.01928,65.37942],[-143.01736,65.37934],[-143.01729,65.38],[-143.01661,65.38052],[-143.01519,65.38029],[-143.01496,65.38001],[-143.01397,65.37958],[-143.01425,65.37927],[-143.01407,65.37894],[-143.01196,65.37806],[-143.01202,65.37777],[-143.01267,65.3776],[-143.01252,65.37696],[-143.0121,65.37681],[-143.01196,65.37641],[-143.01201,65.37574],[-143.01143,65.37534],[-143.01082,65.3752],[-143.01058,65.375],[-143.01084,65.37426],[-143.0104,65.37373],[-143.0072,65.37287],[-143.00397,65.37221],[-143.00148,65.37204],[-142.99837,65.37255],[-142.99959,65.37204],[-142.99749,65.3718],[-142.99232,65.37065],[-142.99044,65.37045],[-142.98385,65.3718],[-142.98245,65.37188],[-142.98215,65.37243],[-142.98168,65.37276],[-142.98021,65.37322],[-142.97905,65.37336],[-142.97836,65.37295],[-142.9784,65.37263],[-142.97966,65.37247],[-142.98001,65.37182],[-142.98107,65.3715],[-142.98186,65.37145],[-142.98232,65.37116],[-142.98092,65.3706],[-142.97705,65.37005],[-142.97577,65.36964],[-142.97495,65.36912],[-142.97435,65.36893],[-142.97383,65.36979],[-142.97285,65.36989],[-142.97255,65.36852],[-142.97128,65.36722],[-142.97056,65.36521],[-142.96996,65.36456],[-142.97173,65.36504],[-142.97173,65.36547],[-142.97213,65.36596],[-142.9741,65.36592],[-142.97589,65.36615],[-142.97731,65.36579],[-142.97853,65.36573],[-142.97893,65.36644],[-142.9797,65.36685],[-142.98003,65.36666],[-142.98102,65.36673],[-142.98149,65.36705],[-142.98306,65.36655],[-142.98399,65.36676],[-142.98557,65.36772],[-142.98457,65.36808],[-142.98477,65.36845],[-142.9864,65.36863],[-142.9875,65.36864],[-142.98778,65.36752],[-142.98998,65.36714],[-142.99056,65.36697],[-142.99074,65.36673],[-142.99223,65.36662],[-142.99284,65.36702],[-142.99327,65.3668],[-142.99324,65.36623],[-142.99421,65.36551],[-142.99701,65.36489],[-142.99838,65.36531],[-142.99903,65.36581],[-142.99961,65.36607],[-143.00017,65.36614],[-143.00005,65.36646],[-143.00133,65.36687],[-143.00171,65.36721],[-143.00267,65.36735],[-143.00451,65.36723],[-143.00454,65.36695],[-143.00566,65.36777],[-143.00579,65.36828],[-143.00662,65.36877],[-143.01073,65.36873],[-143.00686,65.36925],[-143.0067,65.36963],[-143.00813,65.3699],[-143.01092,65.36996],[-143.01241,65.37006],[-143.01307,65.37032],[-143.01394,65.37027],[-143.01546,65.36988],[-143.01541,65.36938],[-143.01392,65.36928],[-143.01424,65.36891],[-143.01625,65.36894],[-143.01614,65.36915],[-143.01553,65.3695],[-143.01624,65.36992],[-143.01655,65.36966],[-143.01807,65.36976],[-143.01866,65.36997],[-143.01945,65.37054],[-143.02026,65.37071],[-143.02212,65.37025],[-143.02339,65.37101],[-143.02279,65.37168],[-143.02159,65.37213],[-143.02121,65.37258],[-143.02118,65.37281],[-143.02052,65.37259],[-143.02,65.37222]]]},"properties":{"fire_id":"ufid:2025-AKUYD-000185","source_collection":"history-2025","source_objectid":42819,"incident_name":"Little Andrew","mapped_acres":338.537,"mapped_acres_source":"poly_GISAcres","gis_acres":338.537,"auto_acres":334.85118451068325,"reported_acres":334.85,"percent_contained":null,"state":"AK","state_wfigs":"US-AK","county":"Yukon-Koyukuk","discovery_time_utc":"2025-06-18T20:59:00Z","perimeter_time_utc":"2025-07-31T23:02:08Z","perimeter_edit_time_utc":null,"incident_modified_time_utc":"2025-07-30T02:08:41Z","containment_time_utc":null,"control_time_utc":null,"fire_out_time_utc":"2025-07-26T19:15:00Z","fire_cause":"Natural","fire_cause_general":"Natural","map_method":"Image Interpretation","source_dataset":"FFP","unique_fire_identifier":"2025-AKUYD-000185","irwin_id":"{AB1C995D-14CB-40A8-BE77-16D0875DC3E3}","global_id":"15f3a245-3046-44ed-ba90-47eb4a9c1035"}},{"type":"Feature","geometry":{"type":"Polygon","coordinates":[[[-144.34868,65.17367],[-144.3487,65.17408],[-144.34808,65.17395],[-144.34791,65.17428],[-144.34741,65.17398],[-144.34663,65.17385],[-144.34624,65.17397],[-144.34679,65.17435],[-144.3467,65.17473],[-144.34483,65.17421],[-144.34457,65.17404],[-144.34478,65.17388],[-144.34385,65.17342],[-144.34454,65.17306],[-144.3459,65.17267],[-144.34467,65.17228],[-144.34454,65.17203],[-144.34595,65.17189],[-144.34603,65.17165],[-144.34753,65.17096],[-144.34842,65.17071],[-144.3483,65.17044],[-144.3493,65.17025],[-144.35199,65.17037],[-144.35274,65.17051],[-144.3536,65.17095],[-144.35446,65.17101],[-144.35503,65.17122],[-144.35397,65.17124],[-144.35357,65.17138],[-144.35374,65.17155],[-144.35376,65.17193],[-144.3526,65.17235],[-144.35253,65.17283],[-144.35339,65.173],[-144.35391,65.17343],[-144.35384,65.17363],[-144.35114,65.17345],[-144.34986,65.17324],[-144.34925,65.17362],[-144.34868,65.17367]]]},"properties":{"fire_id":"ufid:2025-AKUYD-000262","source_collection":"history-2025","source_objectid":43397,"incident_name":"Beauty","mapped_acres":33.84776,"mapped_acres_source":"poly_GISAcres","gis_acres":33.84776,"auto_acres":33.84762873049667,"reported_acres":33.85,"percent_contained":null,"state":"AK","state_wfigs":"US-AK","county":"Yukon-Koyukuk","discovery_time_utc":"2025-06-20T22:19:25Z","perimeter_time_utc":"2025-08-14T22:05:16Z","perimeter_edit_time_utc":null,"incident_modified_time_utc":"2025-08-13T00:55:39Z","containment_time_utc":null,"control_time_utc":null,"fire_out_time_utc":"2025-07-29T02:35:00Z","fire_cause":"Natural","fire_cause_general":"Natural","map_method":"Image Interpretation","source_dataset":"FFP","unique_fire_identifier":"2025-AKUYD-000262","irwin_id":"{DF7E0BA4-6092-4C8E-99A6-AA41D4855387}","global_id":"f0175b99-9664-4863-9caf-36c5a9548cc7"}},{"type":"Feature","geometry":{"type":"Polygon","coordinates":[[[-144.12563,65.28487],[-144.12507,65.28477],[-144.12482,65.28455],[-144.12539,65.28415],[-144.12634,65.28412],[-144.12628,65.28474],[-144.12563,65.28487]]]},"properties":{"fire_id":"ufid:2025-AKUYD-000440","source_collection":"history-2025","source_objectid":43398,"incident_name":"Loon","mapped_acres":1.156852,"mapped_acres_source":"poly_GISAcres","gis_acres":1.156852,"auto_acres":1.1568474127463773,"reported_acres":1.16,"percent_contained":null,"state":"AK","state_wfigs":"US-AK","county":"Yukon-Koyukuk","discovery_time_utc":"2025-07-12T02:52:04Z","perimeter_time_utc":"2025-08-14T22:04:25Z","perimeter_edit_time_utc":null,"incident_modified_time_utc":"2025-07-31T05:20:52Z","containment_time_utc":null,"control_time_utc":null,"fire_out_time_utc":"2025-07-29T01:00:00Z","fire_cause":"Natural","fire_cause_general":"Natural","map_method":"Image Interpretation","source_dataset":"FFP","unique_fire_identifier":"2025-AKUYD-000440","irwin_id":"{4158D45F-ED28-4983-86BA-F5A16FB2F913}","global_id":"fbbc13be-65be-48ff-881f-dffb41f993d7"}},{"type":"Feature","geometry":{"type":"Polygon","coordinates":[[[-142.20388,65.32388],[-142.20495,65.32423],[-142.21098,65.32469],[-142.2117,65.32456],[-142.21188,65.32417],[-142.21163,65.32387],[-142.21193,65.32316],[-142.21174,65.32279],[-142.21289,65.32274],[-142.21454,65.32312],[-142.21485,65.32356],[-142.21473,65.32401],[-142.21541,65.32442],[-142.21857,65.32475],[-142.21972,65.3247],[-142.22165,65.32531],[-142.22297,65.32521],[-142.2243,65.32481],[-142.22434,65.32428],[-142.2249,65.32407],[-142.22544,65.32416],[-142.22609,65.32455],[-142.22963,65.3233],[-142.2289,65.32314],[-142.22956,65.32285],[-142.23043,65.32281],[-142.23163,65.32327],[-142.23163,65.32413],[-142.23263,65.32433],[-142.23369,65.32502],[-142.23469,65.32499],[-142.23475,65.32457],[-142.23451,65.32402],[-142.23685,65.32445],[-142.23743,65.32529],[-142.23953,65.32562],[-142.24074,65.32518],[-142.24072,65.32435],[-142.24094,65.32347],[-142.24016,65.32259],[-142.24041,65.32204],[-142.24102,65.32169],[-142.24135,65.32112],[-142.24392,65.32088],[-142.24563,65.32107],[-142.24548,65.32195],[-142.24497,65.32287],[-142.24499,65.32346],[-142.24616,65.32359],[-142.247,65.32494],[-142.24688,65.32553],[-142.24602,65.32599],[-142.24612,65.32632],[-142.24977,65.32581],[-142.24803,65.32613],[-142.24808,65.32664],[-142.24782,65.32722],[-142.2457,65.3276],[-142.24467,65.32793],[-142.24421,65.32826],[-142.24147,65.32861],[-142.24078,65.32919],[-142.24003,65.32954],[-142.23825,65.32997],[-142.23641,65.33081],[-142.23475,65.3309],[-142.23397,65.33112],[-142.234,65.33124],[-142.23232,65.33159],[-142.23206,65.33196],[-142.23027,65.33287],[-142.22983,65.33335],[-142.2254,65.33515],[-142.22111,65.33633],[-142.21838,65.33727],[-142.21704,65.33746],[-142.21421,65.337],[-142.21272,65.33721],[-142.2127,65.33879],[-142.21017,65.33977],[-142.20374,65.34118],[-142.1985,65.34198],[-142.19535,65.34204],[-142.19375,65.34236],[-142.19281,65.3424],[-142.18829,65.34187],[-142.18721,65.34149],[-142.18408,65.34128],[-142.18701,65.34017],[-142.18971,65.33952],[-142.19189,65.33828],[-142.1928,65.33812],[-142.19356,65.33817],[-142.19512,65.33775],[-142.19932,65.33796],[-142.20317,65.3375],[-142.20582,65.33679],[-142.20668,65.3361],[-142.20801,65.33531],[-142.2095,65.33551],[-142.20886,65.33488],[-142.20758,65.33466],[-142.20527,65.33456],[-142.20443,65.33517],[-142.20009,65.33539],[-142.19432,65.33521],[-142.19232,65.33569],[-142.18994,65.33555],[-142.18725,65.33445],[-142.18545,65.33408],[-142.18351,65.33415],[-142.17857,65.33397],[-142.17576,65.33373],[-142.17487,65.33341],[-142.17315,65.33322],[-142.1708,65.33324],[-142.16774,65.33348],[-142.16728,65.33271],[-142.16737,65.332],[-142.16707,65.33118],[-142.16803,65.3302],[-142.17098,65.32838],[-142.1738,65.32759],[-142.17446,65.32751],[-142.17526,65.32767],[-142.17531,65.32818],[-142.17501,65.32867],[-142.17493,65.32911],[-142.1751,65.32945],[-142.17582,65.32964],[-142.17525,65.33029],[-142.17607,65.33063],[-142.17646,65.3303],[-142.17636,65.32973],[-142.17647,65.32896],[-142.17727,65.32806],[-142.17708,65.32734],[-142.1796,65.32747],[-142.18168,65.32721],[-142.18302,65.32675],[-142.1846,65.3265],[-142.18604,65.32655],[-142.18732,65.32624],[-142.18887,65.32652],[-142.19009,65.32697],[-142.19093,65.32688],[-142.19263,65.32641],[-142.19516,65.32661],[-142.19768,65.32877],[-142.19998,65.32856],[-142.20039,65.32841],[-142.20027,65.32823],[-142.20073,65.32794],[-142.20037,65.32737],[-142.19846,65.32669],[-142.19698,65.32634],[-142.19623,65.32584],[-142.19585,65.32534],[-142.19454,65.32435],[-142.19432,65.32377],[-142.19501,65.32305],[-142.19616,65.323],[-142.19822,65.32367],[-142.20241,65.32362],[-142.20388,65.32388]]]},"properties":{"fire_id":"ufid:2025-AKUYD-000090","source_collection":"history-2025","source_objectid":43684,"incident_name":"Kathul","mapped_acres":1008.926,"mapped_acres_source":"poly_GISAcres","gis_acres":1008.926,"auto_acres":1008.9218336349488,"reported_acres":1008.93,"percent_contained":null,"state":"AK","state_wfigs":"US-AK","county":"Southeast Fairbanks","discovery_time_utc":"2025-05-25T15:59:53Z","perimeter_time_utc":"2025-08-19T23:46:32Z","perimeter_edit_time_utc":null,"incident_modified_time_utc":"2025-07-26T19:31:05Z","containment_time_utc":null,"control_time_utc":null,"fire_out_time_utc":"2025-07-26T19:15:00Z","fire_cause":"Natural","fire_cause_general":"Natural","map_method":"Image Interpretation","source_dataset":"FFP","unique_fire_identifier":"2025-AKUYD-000090","irwin_id":"{EC113AE2-626F-445C-9405-89011C227D0D}","global_id":"fcf56028-075a-41a5-b6fe-8ea3370c9dbe"}},{"type":"Feature","geometry":{"type":"Polygon","coordinates":[[[-144.021,65.23431],[-144.02076,65.23482],[-144.0206,65.23484],[-144.02033,65.23571],[-144.01991,65.23598],[-144.01895,65.23631],[-144.01732,65.23625],[-144.01482,65.23573],[-144.01378,65.23617],[-144.01299,65.23592],[-144.01254,65.23559],[-144.01127,65.23564],[-144.01061,65.2359],[-144.00999,65.23545],[-144.00949,65.23526],[-144.0083,65.23512],[-144.00707,65.23522],[-144.00688,65.2356],[-144.00627,65.23586],[-144.00546,65.23581],[-144.00556,65.23554],[-144.00595,65.23517],[-144.00707,65.23465],[-144.00576,65.23483],[-144.00486,65.23473],[-144.00421,65.23497],[-144.00316,65.23501],[-144.00153,65.23463],[-144.00075,65.23462],[-144.00042,65.23556],[-144.00049,65.23577],[-143.99996,65.23578],[-143.99908,65.23499],[-143.99806,65.23554],[-143.99698,65.2359],[-143.9961,65.2357],[-143.99645,65.23548],[-143.99775,65.23508],[-143.99808,65.23449],[-143.99808,65.23422],[-143.99835,65.23395],[-143.99989,65.23382],[-144.00093,65.23339],[-144.00187,65.2332],[-144.00337,65.2333],[-144.00498,65.23242],[-144.00562,65.23228],[-144.00679,65.23228],[-144.00778,65.23198],[-144.00811,65.23163],[-144.0095,65.23078],[-144.01097,65.23061],[-144.01243,65.2307],[-144.01303,65.23049],[-144.01311,65.23025],[-144.0126,65.22996],[-144.01264,65.22977],[-144.01252,65.22966],[-144.01296,65.22904],[-144.01386,65.22897],[-144.01418,65.22883],[-144.01407,65.22831],[-144.01345,65.22788],[-144.01136,65.22751],[-144.011,65.22704],[-144.00881,65.22631],[-144.00747,65.22624],[-144.0074,65.22584],[-144.00727,65.22579],[-144.00842,65.22547],[-144.00802,65.2249],[-144.00811,65.22476],[-144.00959,65.2247],[-144.00989,65.2243],[-144.0106,65.22418],[-144.01111,65.22389],[-144.01258,65.22395],[-144.01311,65.22349],[-144.01432,65.22358],[-144.01528,65.22382],[-144.01526,65.22345],[-144.01617,65.22264],[-144.01581,65.22145],[-144.01447,65.22011],[-144.01426,65.21983],[-144.01427,65.21951],[-144.01521,65.21923],[-144.01715,65.21906],[-144.01963,65.21813],[-144.02075,65.21821],[-144.02153,65.21808],[-144.02276,65.21832],[-144.02648,65.2178],[-144.02732,65.2179],[-144.0303,65.21767],[-144.03158,65.21712],[-144.03483,65.21627],[-144.03616,65.21575],[-144.03761,65.2149],[-144.04033,65.21422],[-144.04204,65.2141],[-144.04288,65.21391],[-144.04312,65.21295],[-144.0435,65.21275],[-144.04587,65.21242],[-144.04604,65.21222],[-144.04665,65.21203],[-144.0463,65.211],[-144.0459,65.21048],[-144.04701,65.21059],[-144.04887,65.21111],[-144.04911,65.21156],[-144.05269,65.21234],[-144.05459,65.21301],[-144.05625,65.2132],[-144.05667,65.21309],[-144.05442,65.21235],[-144.0583,65.21237],[-144.05902,65.21229],[-144.06011,65.21187],[-144.06187,65.21178],[-144.0621,65.21135],[-144.06118,65.2108],[-144.06125,65.21056],[-144.06394,65.21025],[-144.06861,65.21099],[-144.07019,65.21088],[-144.07328,65.2114],[-144.07325,65.21185],[-144.07477,65.21194],[-144.07508,65.21242],[-144.07725,65.21265],[-144.07706,65.21319],[-144.07648,65.21335],[-144.0751,65.21325],[-144.07391,65.2136],[-144.07312,65.21368],[-144.07234,65.21407],[-144.06845,65.21411],[-144.06749,65.21423],[-144.06656,65.2144],[-144.06575,65.2148],[-144.06646,65.21515],[-144.06623,65.21551],[-144.06497,65.21561],[-144.06416,65.2162],[-144.06356,65.21699],[-144.06413,65.21728],[-144.06283,65.21747],[-144.06366,65.2176],[-144.06432,65.21802],[-144.06436,65.21892],[-144.06405,65.21919],[-144.0647,65.21965],[-144.06451,65.21986],[-144.06494,65.22024],[-144.06514,65.22114],[-144.06469,65.22193],[-144.06538,65.22234],[-144.06551,65.22281],[-144.0644,65.22327],[-144.06169,65.2233],[-144.06022,65.22318],[-144.05931,65.22281],[-144.05946,65.2226],[-144.06048,65.22241],[-144.06047,65.22212],[-144.05975,65.22189],[-144.05977,65.22156],[-144.05911,65.2211],[-144.05901,65.22068],[-144.05999,65.21986],[-144.05971,65.21951],[-144.05629,65.21949],[-144.05618,65.21923],[-144.05776,65.21922],[-144.06001,65.219],[-144.0594,65.21874],[-144.05834,65.218],[-144.05746,65.21802],[-144.05698,65.21833],[-144.05616,65.21844],[-144.05465,65.21773],[-144.05125,65.21872],[-144.05216,65.2182],[-144.05349,65.21768],[-144.05243,65.21746],[-144.05113,65.21631],[-144.05171,65.21584],[-144.05189,65.21549],[-144.0499,65.2154],[-144.046,65.21559],[-144.04466,65.21575],[-144.04347,65.21615],[-144.04496,65.21633],[-144.04475,65.21677],[-144.04613,65.21754],[-144.04624,65.21782],[-144.04718,65.21838],[-144.04557,65.21883],[-144.04541,65.21927],[-144.04542,65.21967],[-144.04709,65.22068],[-144.04677,65.22087],[-144.04639,65.22151],[-144.04042,65.22168],[-144.03802,65.22199],[-144.0376,65.22259],[-144.03954,65.22279],[-144.03861,65.22324],[-144.03828,65.22375],[-144.03831,65.22393],[-144.03961,65.22429],[-144.03983,65.22457],[-144.03833,65.22494],[-144.03866,65.22535],[-144.03862,65.22591],[-144.03622,65.22595],[-144.03341,65.22728],[-144.03451,65.22815],[-144.03461,65.22877],[-144.03389,65.22948],[-144.03475,65.22958],[-144.03558,65.22989],[-144.03627,65.23017],[-144.03661,65.23053],[-144.03378,65.23041],[-144.03337,65.23097],[-144.03438,65.23147],[-144.03457,65.23183],[-144.03387,65.23261],[-144.03176,65.233],[-144.02968,65.23287],[-144.02825,65.23311],[-144.02606,65.23286],[-144.02493,65.23354],[-144.02183,65.23385],[-144.021,65.23431]]]},"properties":{"fire_id":"ufid:2025-AKUYD-000397","source_collection":"history-2025","source_objectid":43925,"incident_name":"Yukon Fork","mapped_acres":850.47,"mapped_acres_source":"poly_GISAcres","gis_acres":850.47,"auto_acres":850.474340839753,"reported_acres":850.48,"percent_contained":null,"state":"AK","state_wfigs":"US-AK","county":"Yukon-Koyukuk","discovery_time_utc":"2025-07-06T00:20:00Z","perimeter_time_utc":"2025-08-25T18:46:29Z","perimeter_edit_time_utc":null,"incident_modified_time_utc":"2025-08-17T00:59:44Z","containment_time_utc":null,"control_time_utc":null,"fire_out_time_utc":"2025-08-13T22:42:00Z","fire_cause":"Natural","fire_cause_general":"Natural","map_method":"Image Interpretation","source_dataset":"FFP","unique_fire_identifier":"2025-AKUYD-000397","irwin_id":"{4AE6E51E-EBCB-4DAC-A6EC-CEEDFAD32DB3}","global_id":"34153836-08a9-47f1-9751-d784f9c8e0c4"}},{"type":"Feature","geometry":{"type":"Polygon","coordinates":[[[-141.22878,65.23518],[-141.22768,65.23402],[-141.22753,65.23317],[-141.2276,65.23253],[-141.2265,65.23243],[-141.22636,65.23229],[-141.22735,65.23223],[-141.22899,65.23178],[-141.22939,65.23163],[-141.22924,65.23139],[-141.22872,65.23137],[-141.22668,65.23181],[-141.22572,65.23189],[-141.22524,65.23166],[-141.22355,65.2314],[-141.22325,65.23104],[-141.22291,65.23005],[-141.22123,65.2282],[-141.22125,65.22795],[-141.22195,65.228],[-141.22258,65.22823],[-141.22392,65.22965],[-141.22436,65.22986],[-141.22449,65.23011],[-141.22501,65.23032],[-141.22529,65.23009],[-141.22522,65.22982],[-141.22668,65.22906],[-141.22629,65.22881],[-141.22685,65.22837],[-141.22655,65.22767],[-141.22624,65.22735],[-141.22554,65.2272],[-141.22512,65.22694],[-141.2252,65.22643],[-141.22377,65.22598],[-141.22297,65.22551],[-141.2227,65.22504],[-141.22208,65.22455],[-141.22273,65.22283],[-141.2242,65.2224],[-141.22457,65.22211],[-141.22459,65.22171],[-141.22387,65.22166],[-141.2259,65.2204],[-141.22575,65.2203],[-141.22463,65.22043],[-141.22353,65.22098],[-141.22215,65.22238],[-141.22176,65.22304],[-141.22107,65.22324],[-141.22078,65.22365],[-141.22082,65.22405],[-141.22066,65.22435],[-141.22088,65.22459],[-141.21993,65.22515],[-141.21683,65.22508],[-141.21595,65.22464],[-141.21507,65.22457],[-141.21466,65.22467],[-141.21453,65.22494],[-141.21402,65.22523],[-141.21333,65.22534],[-141.21322,65.22516],[-141.21231,65.22509],[-141.2119,65.22535],[-141.21197,65.22557],[-141.21185,65.22579],[-141.21125,65.22594],[-141.21002,65.226],[-141.20636,65.22576],[-141.20647,65.22552],[-141.2068,65.22538],[-141.20883,65.22488],[-141.20975,65.22484],[-141.21009,65.22444],[-141.21174,65.22399],[-141.21314,65.22379],[-141.21334,65.22356],[-141.21278,65.22253],[-141.21281,65.22217],[-141.21211,65.22195],[-141.21192,65.22153],[-141.21208,65.22109],[-141.21319,65.22056],[-141.21346,65.22016],[-141.21515,65.22012],[-141.21507,65.22039],[-141.21425,65.22064],[-141.21541,65.22056],[-141.217,65.22088],[-141.21851,65.22048],[-141.21989,65.21965],[-141.22057,65.21882],[-141.22,65.21785],[-141.21971,65.21793],[-141.21929,65.21833],[-141.21906,65.21888],[-141.21887,65.21887],[-141.21878,65.2181],[-141.21892,65.21768],[-141.21988,65.21697],[-141.22014,65.21651],[-141.22354,65.21674],[-141.22971,65.21687],[-141.23278,65.21722],[-141.23479,65.21719],[-141.23634,65.21746],[-141.23677,65.21778],[-141.2449,65.21704],[-141.24497,65.21685],[-141.24428,65.21616],[-141.2443,65.21563],[-141.24461,65.2154],[-141.24507,65.21564],[-141.24531,65.21659],[-141.24587,65.21648],[-141.24687,65.21662],[-141.24661,65.21674],[-141.24694,65.21726],[-141.24795,65.21731],[-141.24879,65.217],[-141.24985,65.21688],[-141.25027,65.21704],[-141.25069,65.21687],[-141.25199,65.21714],[-141.25217,65.21761],[-141.25312,65.21736],[-141.25307,65.21684],[-141.2536,65.21676],[-141.25518,65.21695],[-141.25715,65.21748],[-141.25705,65.21783],[-141.25869,65.21792],[-141.26012,65.2171],[-141.26752,65.21741],[-141.26785,65.21728],[-141.27053,65.21783],[-141.27135,65.21763],[-141.27238,65.2176],[-141.27355,65.21797],[-141.27452,65.21792],[-141.27518,65.21767],[-141.27823,65.21761],[-141.28143,65.21795],[-141.28178,65.21826],[-141.28474,65.21784],[-141.28541,65.21796],[-141.28691,65.21795],[-141.28741,65.21822],[-141.28833,65.21821],[-141.28849,65.21868],[-141.29031,65.21883],[-141.29167,65.21945],[-141.29233,65.21992],[-141.29312,65.22003],[-141.29378,65.21995],[-141.29695,65.22047],[-141.29781,65.22083],[-141.29861,65.22083],[-141.29916,65.22128],[-141.30059,65.22183],[-141.30081,65.22218],[-141.30054,65.22235],[-141.30195,65.22242],[-141.29941,65.22265],[-141.29364,65.22452],[-141.28968,65.22697],[-141.28755,65.22766],[-141.28556,65.228],[-141.28473,65.22829],[-141.28255,65.22856],[-141.27751,65.22973],[-141.27684,65.23042],[-141.27799,65.23066],[-141.2777,65.23087],[-141.27608,65.23106],[-141.27522,65.23179],[-141.27444,65.23173],[-141.27337,65.23139],[-141.27045,65.23149],[-141.27023,65.23195],[-141.26951,65.23243],[-141.26876,65.23258],[-141.2688,65.23322],[-141.26956,65.23286],[-141.27104,65.23314],[-141.27223,65.23423],[-141.27147,65.23451],[-141.27168,65.23477],[-141.2726,65.23499],[-141.27246,65.23583],[-141.27397,65.23615],[-141.27713,65.23653],[-141.27943,65.23712],[-141.27867,65.23755],[-141.2778,65.23763],[-141.27724,65.23834],[-141.27832,65.23814],[-141.27842,65.23845],[-141.27821,65.23882],[-141.27874,65.23896],[-141.27942,65.23865],[-141.28008,65.2388],[-141.2799,65.23918],[-141.27808,65.24019],[-141.27714,65.24013],[-141.27667,65.23999],[-141.27621,65.23927],[-141.27613,65.23879],[-141.27495,65.23932],[-141.27419,65.23947],[-141.27275,65.24013],[-141.27243,65.2399],[-141.27191,65.23895],[-141.27132,65.23907],[-141.27002,65.23893],[-141.26964,65.23832],[-141.26954,65.23792],[-141.26929,65.2378],[-141.26862,65.23791],[-141.26869,65.23843],[-141.26828,65.23868],[-141.2667,65.23843],[-141.26533,65.23792],[-141.26307,65.2379],[-141.26254,65.23825],[-141.26255,65.23858],[-141.26494,65.23938],[-141.2663,65.23915],[-141.26754,65.23926],[-141.26753,65.23957],[-141.26698,65.23983],[-141.26686,65.24008],[-141.26717,65.24029],[-141.2672,65.24065],[-141.26707,65.24092],[-141.2667,65.24109],[-141.26503,65.24131],[-141.26416,65.2409],[-141.26425,65.24043],[-141.26363,65.24032],[-141.26323,65.24083],[-141.26202,65.24114],[-141.26139,65.24258],[-141.26127,65.24367],[-141.26079,65.24453],[-141.26116,65.2454],[-141.26203,65.24618],[-141.26212,65.24664],[-141.26191,65.24743],[-141.262,65.24773],[-141.26099,65.24842],[-141.25973,65.24848],[-141.25699,65.24942],[-141.25569,65.24973],[-141.25406,65.24976],[-141.25302,65.24951],[-141.25089,65.24934],[-141.25051,65.24957],[-141.24952,65.24963],[-141.24615,65.24945],[-141.2457,65.24856],[-141.24311,65.24783],[-141.24086,65.24753],[-141.2407,65.24708],[-141.24002,65.24689],[-141.23841,65.24694],[-141.23755,65.24678],[-141.23741,65.24658],[-141.23756,65.24625],[-141.23573,65.24507],[-141.22975,65.24348],[-141.22903,65.24336],[-141.22864,65.24355],[-141.22796,65.24285],[-141.22712,65.24285],[-141.22377,65.24126],[-141.22458,65.24059],[-141.22628,65.23991],[-141.22788,65.23945],[-141.22772,65.23873],[-141.22698,65.23842],[-141.22594,65.23843],[-141.22472,65.23888],[-141.22455,65.23914],[-141.22396,65.23935],[-141.22321,65.23937],[-141.22275,65.23929],[-141.22254,65.2391],[-141.22267,65.23844],[-141.22597,65.23637],[-141.22743,65.23523],[-141.22777,65.23513],[-141.22878,65.23518]]]},"properties":{"fire_id":"ufid:2025-AKUYD-000328","source_collection":"history-2025","source_objectid":44102,"incident_name":"Three Castle","mapped_acres":2134.515,"mapped_acres_source":"poly_GISAcres","gis_acres":2134.515,"auto_acres":2134.506915215981,"reported_acres":2134.52,"percent_contained":null,"state":"AK","state_wfigs":"US-AK","county":"Southeast Fairbanks","discovery_time_utc":"2025-06-23T19:15:24Z","perimeter_time_utc":"2025-08-28T21:18:48Z","perimeter_edit_time_utc":null,"incident_modified_time_utc":"2025-08-26T00:11:53Z","containment_time_utc":null,"control_time_utc":null,"fire_out_time_utc":"2025-08-26T00:00:00Z","fire_cause":"Natural","fire_cause_general":"Natural","map_method":"Image Interpretation","source_dataset":"FFP","unique_fire_identifier":"2025-AKUYD-000328","irwin_id":"{2AA85EDB-572A-4BF1-A144-55883FA1C4C4}","global_id":"527a9117-135e-4c92-a71a-32a36619519b"}},{"type":"Feature","geometry":{"type":"Polygon","coordinates":[[[-141.43845,65.2272],[-141.4369,65.22701],[-141.437,65.22731],[-141.43804,65.22737],[-141.43766,65.22763],[-141.43865,65.22774],[-141.43682,65.22822],[-141.43447,65.22815],[-141.43406,65.22872],[-141.43307,65.22898],[-141.43158,65.2288],[-141.42978,65.22898],[-141.42976,65.22866],[-141.42903,65.22841],[-141.42619,65.22863],[-141.42579,65.22843],[-141.42498,65.22837],[-141.42302,65.22877],[-141.42197,65.22923],[-141.42123,65.22924],[-141.42123,65.22937],[-141.42164,65.22958],[-141.41957,65.22959],[-141.41948,65.22986],[-141.41837,65.22953],[-141.41798,65.23005],[-141.41708,65.23038],[-141.41502,65.23052],[-141.41481,65.23069],[-141.41486,65.23092],[-141.41399,65.23117],[-141.41322,65.23112],[-141.41232,65.23127],[-141.40889,65.23139],[-141.40684,65.23255],[-141.40548,65.23293],[-141.40641,65.23232],[-141.40644,65.23208],[-141.40571,65.23162],[-141.40448,65.23144],[-141.40295,65.23177],[-141.40246,65.23167],[-141.40238,65.23147],[-141.40252,65.23103],[-141.40152,65.23077],[-141.40094,65.23022],[-141.40099,65.22996],[-141.39839,65.2296],[-141.39848,65.22937],[-141.3975,65.22945],[-141.3966,65.22972],[-141.39607,65.22968],[-141.39537,65.22935],[-141.39542,65.2291],[-141.39567,65.22887],[-141.39629,65.22855],[-141.39862,65.22852],[-141.39986,65.22823],[-141.40235,65.22804],[-141.40218,65.2278],[-141.40315,65.22735],[-141.40479,65.22741],[-141.40537,65.22729],[-141.40941,65.22712],[-141.40976,65.22699],[-141.41042,65.22705],[-141.4109,65.22724],[-141.41214,65.2273],[-141.41253,65.22685],[-141.41345,65.22688],[-141.41385,65.22715],[-141.41366,65.22756],[-141.41421,65.22772],[-141.41477,65.22761],[-141.41566,65.22702],[-141.41794,65.22673],[-141.42117,65.22688],[-141.42187,65.22719],[-141.42303,65.22718],[-141.4235,65.22696],[-141.42496,65.22679],[-141.42564,65.22657],[-141.42608,65.22664],[-141.42738,65.22644],[-141.42927,65.22672],[-141.42933,65.22643],[-141.4291,65.22616],[-141.42984,65.2256],[-141.42963,65.2254],[-141.43057,65.22521],[-141.43237,65.22509],[-141.43242,65.22481],[-141.43306,65.22481],[-141.43477,65.22534],[-141.43543,65.22542],[-141.43554,65.22523],[-141.43492,65.22498],[-141.43496,65.22472],[-141.43596,65.22434],[-141.4381,65.22396],[-141.43825,65.22369],[-141.43898,65.22326],[-141.43996,65.22345],[-141.44173,65.22325],[-141.44215,65.22304],[-141.44209,65.22289],[-141.44273,65.22279],[-141.4441,65.22274],[-141.4446,65.22297],[-141.44312,65.2238],[-141.44235,65.224],[-141.44108,65.22413],[-141.44095,65.22404],[-141.43959,65.22438],[-141.43922,65.22485],[-141.4393,65.22507],[-141.43761,65.22573],[-141.43771,65.22613],[-141.43843,65.2266],[-141.43834,65.22679],[-141.43845,65.2272]]]},"properties":{"fire_id":"ufid:2025-AKUYD-000179","source_collection":"history-2025","source_objectid":44132,"incident_name":"Hard Luck","mapped_acres":177.2963,"mapped_acres_source":"poly_GISAcres","gis_acres":177.2963,"auto_acres":177.2955722959028,"reported_acres":177.3,"percent_contained":null,"state":"AK","state_wfigs":"US-AK","county":"Southeast Fairbanks","discovery_time_utc":"2025-06-18T16:14:04Z","perimeter_time_utc":"2025-08-29T20:24:45Z","perimeter_edit_time_utc":null,"incident_modified_time_utc":"2025-08-14T05:07:57Z","containment_time_utc":null,"control_time_utc":null,"fire_out_time_utc":"2025-08-13T23:09:00Z","fire_cause":"Natural","fire_cause_general":"Natural","map_method":"Image Interpretation","source_dataset":"FFP","unique_fire_identifier":"2025-AKUYD-000179","irwin_id":"{D5CC5231-D6D7-485D-83E1-F04A329A50E7}","global_id":"2417e02c-36ac-4ab1-a40c-ccb38c96d206"}},{"type":"Feature","geometry":{"type":"Polygon","coordinates":[[[-141.58045,66.82006],[-141.57905,66.82085],[-141.57827,66.82102],[-141.5759,66.82104],[-141.57566,66.82154],[-141.57308,66.82188],[-141.57178,66.82273],[-141.56822,66.82444],[-141.56665,66.82507],[-141.56446,66.82519],[-141.56305,66.82569],[-141.5616,66.82666],[-141.56227,66.82791],[-141.56297,66.8288],[-141.56121,66.8294],[-141.56152,66.83048],[-141.56411,66.83122],[-141.56861,66.83107],[-141.5701,66.83153],[-141.57151,66.83224],[-141.5719,66.83316],[-141.56638,66.8345],[-141.56407,66.83554],[-141.56262,66.83572],[-141.55717,66.83396],[-141.5533,66.83364],[-141.55098,66.83384],[-141.55014,66.83352],[-141.55004,66.83304],[-141.54943,66.83314],[-141.5494,66.83365],[-141.54901,66.83399],[-141.54647,66.8335],[-141.54575,66.83352],[-141.54527,66.83334],[-141.5447,66.83361],[-141.5445,66.83389],[-141.54253,66.83375],[-141.54162,66.83398],[-141.54067,66.8347],[-141.53763,66.83483],[-141.53571,66.83455],[-141.53434,66.83407],[-141.53383,66.83322],[-141.53218,66.83236],[-141.53042,66.83113],[-141.5265,66.83091],[-141.52607,66.83046],[-141.52666,66.82971],[-141.52822,66.82832],[-141.52795,66.82752],[-141.52807,66.82726],[-141.52954,66.82645],[-141.53069,66.82635],[-141.5305,66.82561],[-141.5301,66.82539],[-141.52971,66.82433],[-141.52909,66.82374],[-141.52793,66.82327],[-141.52826,66.82267],[-141.52803,66.82248],[-141.52889,66.82148],[-141.5323,66.82038],[-141.53199,66.81981],[-141.53128,66.81923],[-141.52623,66.81751],[-141.5256,66.81691],[-141.52607,66.81651],[-141.53069,66.81731],[-141.53281,66.81792],[-141.53535,66.81846],[-141.53704,66.81841],[-141.54499,66.81896],[-141.54671,66.81892],[-141.54526,66.81802],[-141.54519,66.81745],[-141.54703,66.81738],[-141.54981,66.81759],[-141.55126,66.81735],[-141.55271,66.81684],[-141.55334,66.81681],[-141.55535,66.81633],[-141.5547,66.81595],[-141.5549,66.81552],[-141.55697,66.81522],[-141.55827,66.81519],[-141.55855,66.81477],[-141.56066,66.81439],[-141.55988,66.81417],[-141.55987,66.81369],[-141.56185,66.81358],[-141.56204,66.81334],[-141.56354,66.81323],[-141.56384,66.81277],[-141.56538,66.81292],[-141.56658,66.81321],[-141.56951,66.81332],[-141.56997,66.81308],[-141.5695,66.81269],[-141.56872,66.81247],[-141.56773,66.81185],[-141.56771,66.81172],[-141.57064,66.81166],[-141.57248,66.81183],[-141.57325,66.81173],[-141.57244,66.81141],[-141.57386,66.8112],[-141.57398,66.81095],[-141.57367,66.81051],[-141.57326,66.80905],[-141.57247,66.80899],[-141.57216,66.8088],[-141.57239,66.80815],[-141.57229,66.80751],[-141.57316,66.80687],[-141.5759,66.80701],[-141.57717,66.80688],[-141.57729,66.80645],[-141.57836,66.80624],[-141.57934,66.80535],[-141.57937,66.80478],[-141.5797,66.80442],[-141.58171,66.80442],[-141.5822,66.80458],[-141.58215,66.80534],[-141.58298,66.80547],[-141.58399,66.80519],[-141.58486,66.80523],[-141.58476,66.8056],[-141.58355,66.80612],[-141.58202,66.80731],[-141.58039,66.80786],[-141.58022,66.80833],[-141.58187,66.80848],[-141.58072,66.80949],[-141.58039,66.81017],[-141.58047,66.81067],[-141.58135,66.81078],[-141.58229,66.80979],[-141.58416,66.81002],[-141.58662,66.81012],[-141.58763,66.80995],[-141.58805,66.80952],[-141.58965,66.80964],[-141.59101,66.80997],[-141.59342,66.81015],[-141.59407,66.80966],[-141.59532,66.80934],[-141.5971,66.80844],[-141.59748,66.8084],[-141.59771,66.80885],[-141.59865,66.80936],[-141.60025,66.8088],[-141.60113,66.80808],[-141.60538,66.80724],[-141.60848,66.80738],[-141.60812,66.8078],[-141.60742,66.80826],[-141.60741,66.80861],[-141.60846,66.80879],[-141.60966,66.80878],[-141.61022,66.80895],[-141.61022,66.80929],[-141.61105,66.80954],[-141.61175,66.80939],[-141.61218,66.80872],[-141.61453,66.80891],[-141.61548,66.80927],[-141.61603,66.80923],[-141.61739,66.80942],[-141.61868,66.80923],[-141.61796,66.81007],[-141.61666,66.80994],[-141.61589,66.81013],[-141.61668,66.81068],[-141.61617,66.81115],[-141.61575,66.81132],[-141.61258,66.81107],[-141.61309,66.81071],[-141.61273,66.81059],[-141.61052,66.81122],[-141.60864,66.81127],[-141.6057,66.81093],[-141.60345,66.81123],[-141.60305,66.81185],[-141.60253,66.81208],[-141.60199,66.81259],[-141.60114,66.81275],[-141.60099,66.81385],[-141.59987,66.81364],[-141.59966,66.81377],[-141.59967,66.81399],[-141.59901,66.8139],[-141.59791,66.81326],[-141.5957,66.81308],[-141.59481,66.8134],[-141.59353,66.81429],[-141.59162,66.81472],[-141.59031,66.81572],[-141.59224,66.8162],[-141.59425,66.81621],[-141.59304,66.81672],[-141.59243,66.81767],[-141.59395,66.81785],[-141.59437,66.81832],[-141.59457,66.81942],[-141.59568,66.81944],[-141.59587,66.81904],[-141.59734,66.81951],[-141.59781,66.81919],[-141.59915,66.81907],[-141.60135,66.81968],[-141.60216,66.81968],[-141.60277,66.82007],[-141.60301,66.82092],[-141.60213,66.82159],[-141.59752,66.82217],[-141.59795,66.82261],[-141.59772,66.82276],[-141.59668,66.82258],[-141.59588,66.82224],[-141.59123,66.82154],[-141.59061,66.82149],[-141.58926,66.82196],[-141.58651,66.8215],[-141.58514,66.82066],[-141.58334,66.81989],[-141.58168,66.81983],[-141.58045,66.82006]]]},"properties":{"fire_id":"ufid:2025-AKUYD-000269","source_collection":"history-2025","source_objectid":46293,"incident_name":"Salmon Trout","mapped_acres":1303.131,"mapped_acres_source":"poly_GISAcres","gis_acres":1303.131,"auto_acres":1303.1260993414237,"reported_acres":1303.13,"percent_contained":null,"state":"AK","state_wfigs":"US-AK","county":"Yukon-Koyukuk","discovery_time_utc":"2025-06-20T23:45:21Z","perimeter_time_utc":"2025-09-23T19:46:39Z","perimeter_edit_time_utc":null,"incident_modified_time_utc":"2025-09-19T18:28:57Z","containment_time_utc":null,"control_time_utc":null,"fire_out_time_utc":"2025-09-20T03:30:00Z","fire_cause":"Natural","fire_cause_general":"Natural","map_method":"Image Interpretation","source_dataset":"FFP","unique_fire_identifier":"2025-AKUYD-000269","irwin_id":"{63966E9D-FC6C-43AF-9028-B8946DED663F}","global_id":"2c8a7907-afcc-463c-a496-d9b0daf540ce"}},{"type":"Feature","geometry":{"type":"MultiPolygon","coordinates":[[[[-143.93747,67.73194],[-143.93853,67.73198],[-143.93937,67.7317],[-143.94041,67.73172],[-143.94062,67.732],[-143.94198,67.73206],[-143.94219,67.7325],[-143.94334,67.73333],[-143.94308,67.73353],[-143.94135,67.73374],[-143.94,67.73416],[-143.93921,67.73456],[-143.93832,67.73438],[-143.93905,67.734],[-143.93582,67.73467],[-143.93593,67.735],[-143.93527,67.73587],[-143.93548,67.7363],[-143.93589,67.73647],[-143.93648,67.73603],[-143.93878,67.73608],[-143.93963,67.73586],[-143.94042,67.73541],[-143.94117,67.73519],[-143.94276,67.73528],[-143.94483,67.73432],[-143.94585,67.73413],[-143.95127,67.7353],[-143.95378,67.73625],[-143.95682,67.73679],[-143.95781,67.7374],[-143.95781,67.73842],[-143.95654,67.73878],[-143.95625,67.73871],[-143.95536,67.73907],[-143.9552,67.73947],[-143.95541,67.73968],[-143.95678,67.7399],[-143.95707,67.74018],[-143.95922,67.74018],[-143.96051,67.74097],[-143.96184,67.74109],[-143.96395,67.74162],[-143.96438,67.74155],[-143.96509,67.74183],[-143.96485,67.7421],[-143.96413,67.74224],[-143.96385,67.74295],[-143.96654,67.74363],[-143.96747,67.74401],[-143.96763,67.74521],[-143.9692,67.74562],[-143.96785,67.74616],[-143.96504,67.74588],[-143.96394,67.74539],[-143.96385,67.74487],[-143.96203,67.74509],[-143.96381,67.74624],[-143.964,67.74654],[-143.96516,67.74745],[-143.96516,67.74806],[-143.96561,67.74874],[-143.96686,67.74935],[-143.96776,67.74935],[-143.96837,67.74992],[-143.97013,67.75016],[-143.97123,67.74996],[-143.97145,67.75029],[-143.97216,67.75061],[-143.97027,67.75139],[-143.96767,67.7517],[-143.96462,67.75122],[-143.96391,67.75092],[-143.96247,67.75092],[-143.96059,67.75051],[-143.9605,67.75017],[-143.9596,67.74942],[-143.95826,67.74868],[-143.95835,67.74779],[-143.95808,67.74708],[-143.95745,67.74663],[-143.95653,67.74671],[-143.9564,67.74704],[-143.95402,67.74717],[-143.95411,67.74696],[-143.95603,67.74574],[-143.95529,67.74569],[-143.9516,67.74655],[-143.94992,67.74667],[-143.94908,67.74618],[-143.95024,67.74603],[-143.95027,67.74579],[-143.9495,67.74564],[-143.94927,67.74537],[-143.95033,67.7453],[-143.95089,67.74507],[-143.95036,67.74483],[-143.95064,67.74457],[-143.9501,67.74423],[-143.95109,67.74389],[-143.95035,67.74333],[-143.94885,67.74321],[-143.948,67.7429],[-143.94949,67.74241],[-143.949,67.74209],[-143.94804,67.74232],[-143.9477,67.7421],[-143.94607,67.74219],[-143.94481,67.7428],[-143.94399,67.74282],[-143.94351,67.74335],[-143.9427,67.74367],[-143.94178,67.74393],[-143.93961,67.74406],[-143.93896,67.7445],[-143.93848,67.74415],[-143.93754,67.744],[-143.9367,67.74437],[-143.93508,67.74445],[-143.93428,67.74475],[-143.93386,67.74512],[-143.93304,67.74512],[-143.93248,67.74533],[-143.9314,67.74597],[-143.93038,67.74569],[-143.93002,67.74603],[-143.93002,67.74715],[-143.92948,67.74755],[-143.92697,67.74613],[-143.925,67.74593],[-143.92482,67.7464],[-143.92184,67.74589],[-143.92087,67.74547],[-143.91941,67.74536],[-143.91775,67.74443],[-143.91864,67.74394],[-143.91895,67.74352],[-143.91888,67.74308],[-143.91915,67.74266],[-143.92267,67.74229],[-143.923,67.74248],[-143.92466,67.74181],[-143.92376,67.74151],[-143.92454,67.74071],[-143.92407,67.74052],[-143.92172,67.74041],[-143.92115,67.73996],[-143.92115,67.73981],[-143.9199,67.73951],[-143.9185,67.73978],[-143.91713,67.73985],[-143.9165,67.73957],[-143.91569,67.73967],[-143.91556,67.73988],[-143.91461,67.73993],[-143.91325,67.73936],[-143.91333,67.73902],[-143.91395,67.73871],[-143.91354,67.73838],[-143.91215,67.73811],[-143.91204,67.73739],[-143.9132,67.73698],[-143.91368,67.737],[-143.9138,67.73686],[-143.9113,67.73642],[-143.91177,67.73607],[-143.91261,67.73583],[-143.91373,67.73576],[-143.91683,67.73587],[-143.91826,67.7355],[-143.91736,67.73485],[-143.91826,67.73437],[-143.9201,67.73438],[-143.92369,67.73273],[-143.92446,67.73254],[-143.92767,67.73256],[-143.92881,67.73281],[-143.92997,67.7323],[-143.93278,67.732],[-143.93383,67.7323],[-143.93466,67.73236],[-143.93566,67.73196],[-143.93597,67.73143],[-143.93785,67.73154],[-143.93747,67.73194]]],[[[-143.96305,67.73631],[-143.96713,67.73567],[-143.96726,67.73576],[-143.96684,67.736],[-143.9668,67.73627],[-143.96787,67.73629],[-143.96777,67.73664],[-143.96811,67.73662],[-143.96803,67.73682],[-143.96736,67.73678],[-143.96714,67.73717],[-143.96673,67.73735],[-143.96601,67.73717],[-143.96022,67.73739],[-143.96,67.73709],[-143.96122,67.73677],[-143.96138,67.73654],[-143.9613,67.73636],[-143.96159,67.73623],[-143.96305,67.73631]]]]},"properties":{"fire_id":"ufid:2025-AKUYD-000362","source_collection":"history-2025","source_objectid":46295,"incident_name":"Helmet","mapped_acres":623.1135,"mapped_acres_source":"poly_GISAcres","gis_acres":623.1135,"auto_acres":623.1110223733936,"reported_acres":623.11,"percent_contained":null,"state":"AK","state_wfigs":"US-AK","county":"Yukon-Koyukuk","discovery_time_utc":"2025-07-01T23:21:24Z","perimeter_time_utc":"2025-09-23T19:51:56Z","perimeter_edit_time_utc":null,"incident_modified_time_utc":"2025-09-19T20:49:36Z","containment_time_utc":null,"control_time_utc":null,"fire_out_time_utc":"2025-09-19T20:30:00Z","fire_cause":"Natural","fire_cause_general":"Natural","map_method":"Image Interpretation","source_dataset":"FFP","unique_fire_identifier":"2025-AKUYD-000362","irwin_id":"{BFFED028-6CAA-4B84-BCDF-98F25F2ABDFB}","global_id":"83d0be7c-f4f1-42b4-a31c-1fe38c44e527"}},{"type":"Feature","geometry":{"type":"Polygon","coordinates":[[[-144.78329,67.50946],[-144.78484,67.50921],[-144.78679,67.50798],[-144.78633,67.50671],[-144.78796,67.50598],[-144.78989,67.50554],[-144.7905,67.50525],[-144.78962,67.50469],[-144.79147,67.50411],[-144.79195,67.50357],[-144.79299,67.50348],[-144.794,67.50297],[-144.79594,67.50293],[-144.79548,67.50244],[-144.79645,67.50178],[-144.80679,67.49771],[-144.80965,67.49596],[-144.81243,67.49484],[-144.81406,67.49528],[-144.8152,67.49581],[-144.81659,67.49537],[-144.81937,67.49537],[-144.82027,67.49587],[-144.82157,67.49584],[-144.82288,67.49556],[-144.82435,67.49549],[-144.825,67.49581],[-144.82296,67.49662],[-144.82255,67.49756],[-144.82131,67.49908],[-144.81709,67.50073],[-144.81699,67.50101],[-144.81745,67.50153],[-144.81727,67.50202],[-144.81814,67.50242],[-144.81772,67.50307],[-144.81736,67.50322],[-144.81537,67.50471],[-144.81333,67.50543],[-144.813,67.50515],[-144.809,67.50525],[-144.8099,67.50593],[-144.80998,67.50637],[-144.80826,67.50599],[-144.80747,67.50599],[-144.80683,67.5065],[-144.80559,67.50674],[-144.80498,67.5071],[-144.80527,67.50729],[-144.80521,67.50831],[-144.80364,67.50947],[-144.80359,67.51011],[-144.80268,67.50996],[-144.80132,67.50905],[-144.80095,67.50905],[-144.80079,67.50887],[-144.80104,67.50852],[-144.80095,67.50804],[-144.80056,67.50743],[-144.79992,67.50718],[-144.79907,67.50718],[-144.79972,67.50809],[-144.79918,67.50858],[-144.79661,67.50914],[-144.79489,67.50905],[-144.79461,67.50915],[-144.79524,67.50971],[-144.7964,67.50974],[-144.79631,67.50999],[-144.79504,67.51016],[-144.79441,67.51088],[-144.7943,67.51186],[-144.79285,67.5127],[-144.79059,67.5126],[-144.78962,67.51243],[-144.78916,67.512],[-144.7887,67.51127],[-144.78905,67.5108],[-144.78913,67.51043],[-144.78857,67.50995],[-144.78809,67.51028],[-144.78305,67.51064],[-144.7829,67.51105],[-144.78337,67.51127],[-144.78214,67.51165],[-144.78108,67.51159],[-144.78078,67.51175],[-144.77899,67.51158],[-144.77851,67.51166],[-144.77898,67.51204],[-144.78059,67.51224],[-144.78149,67.51272],[-144.7845,67.51299],[-144.78409,67.51334],[-144.78179,67.51357],[-144.78147,67.51353],[-144.78145,67.51321],[-144.78002,67.51279],[-144.77976,67.51313],[-144.7794,67.51261],[-144.7784,67.51214],[-144.77708,67.51191],[-144.77695,67.51163],[-144.77706,67.51129],[-144.77657,67.51117],[-144.77493,67.51134],[-144.77471,67.51165],[-144.77543,67.51194],[-144.776,67.51235],[-144.77595,67.51248],[-144.77526,67.51242],[-144.77454,67.51262],[-144.77422,67.51262],[-144.77328,67.51187],[-144.77168,67.51178],[-144.77142,67.51149],[-144.77173,67.51113],[-144.77284,67.51159],[-144.77356,67.51127],[-144.77288,67.51079],[-144.77265,67.51026],[-144.77281,67.50999],[-144.77574,67.51008],[-144.77528,67.5097],[-144.77598,67.50976],[-144.77593,67.50941],[-144.77625,67.50856],[-144.77971,67.50866],[-144.78002,67.50818],[-144.78103,67.50767],[-144.78448,67.507],[-144.78352,67.50788],[-144.78064,67.50948],[-144.78163,67.50936],[-144.78329,67.50946]]]},"properties":{"fire_id":"ufid:2025-AKUYD-000418","source_collection":"history-2025","source_objectid":46296,"incident_name":"Thluichohnjik","mapped_acres":378.8388,"mapped_acres_source":"poly_GISAcres","gis_acres":378.8388,"auto_acres":378.83706240790514,"reported_acres":378.84,"percent_contained":null,"state":"AK","state_wfigs":"US-AK","county":"Yukon-Koyukuk","discovery_time_utc":"2025-07-07T22:46:03Z","perimeter_time_utc":"2025-09-25T18:10:40Z","perimeter_edit_time_utc":null,"incident_modified_time_utc":"2025-09-24T18:15:11Z","containment_time_utc":null,"control_time_utc":null,"fire_out_time_utc":"2025-09-22T19:30:00Z","fire_cause":"Natural","fire_cause_general":"Natural","map_method":"Image Interpretation","source_dataset":"FFP","unique_fire_identifier":"2025-AKUYD-000418","irwin_id":"{49E36064-9D02-4E0B-98F0-9BD89E77B143}","global_id":"d1588c21-fc59-4368-8b1d-9527feb36570"}},{"type":"Feature","geometry":{"type":"Polygon","coordinates":[[[-144.2599,67.68269],[-144.25898,67.68303],[-144.25816,67.68311],[-144.25873,67.68341],[-144.25849,67.68357],[-144.25768,67.68333],[-144.25686,67.68338],[-144.25661,67.68358],[-144.25594,67.68355],[-144.25589,67.6832],[-144.25456,67.68292],[-144.25317,67.68291],[-144.25246,67.68252],[-144.25291,67.68204],[-144.25497,67.68192],[-144.25626,67.68142],[-144.2566,67.68104],[-144.25763,67.68091],[-144.25814,67.68062],[-144.25781,67.68043],[-144.25546,67.67988],[-144.25514,67.68006],[-144.25518,67.68056],[-144.25407,67.68071],[-144.25223,67.68059],[-144.2514,67.68078],[-144.24814,67.68034],[-144.24466,67.68098],[-144.24463,67.68071],[-144.24416,67.68006],[-144.24379,67.67962],[-144.24325,67.6795],[-144.24308,67.6791],[-144.24258,67.67913],[-144.24199,67.6789],[-144.24163,67.67896],[-144.24116,67.67863],[-144.24191,67.67848],[-144.24272,67.67809],[-144.24328,67.67821],[-144.24348,67.67838],[-144.2445,67.6783],[-144.24476,67.67791],[-144.24356,67.67789],[-144.24371,67.67761],[-144.24021,67.67783],[-144.23907,67.67779],[-144.23777,67.67752],[-144.23541,67.67783],[-144.23537,67.67766],[-144.23597,67.6774],[-144.23625,67.67696],[-144.23464,67.67653],[-144.23428,67.67597],[-144.23481,67.67551],[-144.23409,67.67515],[-144.23433,67.675],[-144.23494,67.67494],[-144.23508,67.67448],[-144.23422,67.67413],[-144.23417,67.67396],[-144.23524,67.67375],[-144.23527,67.67337],[-144.23598,67.6733],[-144.23687,67.67352],[-144.23762,67.67326],[-144.23936,67.67301],[-144.24056,67.67338],[-144.24028,67.67466],[-144.2415,67.67485],[-144.2427,67.67466],[-144.24457,67.67472],[-144.24488,67.67538],[-144.24667,67.67598],[-144.24738,67.67596],[-144.24805,67.6758],[-144.24816,67.67565],[-144.24967,67.67588],[-144.25051,67.67576],[-144.25038,67.67533],[-144.25072,67.6752],[-144.25173,67.67519],[-144.2519,67.67508],[-144.25092,67.67448],[-144.25074,67.67416],[-144.24952,67.67346],[-144.24948,67.6726],[-144.25046,67.67172],[-144.25268,67.67174],[-144.2538,67.67213],[-144.25402,67.6726],[-144.255,67.67292],[-144.25661,67.67235],[-144.25799,67.67163],[-144.25959,67.67114],[-144.26008,67.6704],[-144.26013,67.66931],[-144.25968,67.66865],[-144.25857,67.66786],[-144.25906,67.66713],[-144.25959,67.66662],[-144.26008,67.66639],[-144.25943,67.66566],[-144.25714,67.66561],[-144.25534,67.66541],[-144.25442,67.66546],[-144.25449,67.6649],[-144.25421,67.66451],[-144.25499,67.66445],[-144.25533,67.66402],[-144.25472,67.66344],[-144.25395,67.66311],[-144.2503,67.66341],[-144.25088,67.66396],[-144.25056,67.66412],[-144.24798,67.66316],[-144.24695,67.66215],[-144.24681,67.66123],[-144.24548,67.66089],[-144.24365,67.66061],[-144.24252,67.66102],[-144.24202,67.66164],[-144.23966,67.66113],[-144.23771,67.66048],[-144.23754,67.65907],[-144.23681,67.65845],[-144.23479,67.6582],[-144.23288,67.65813],[-144.2327,67.65907],[-144.23353,67.65923],[-144.234,67.65952],[-144.23208,67.6598],[-144.23153,67.66011],[-144.23123,67.66014],[-144.23077,67.65974],[-144.2309,67.65941],[-144.23023,67.65917],[-144.22956,67.65852],[-144.22943,67.65817],[-144.22985,67.6579],[-144.22846,67.65731],[-144.22731,67.6571],[-144.22136,67.65716],[-144.21956,67.65703],[-144.21853,67.65666],[-144.2183,67.65652],[-144.21833,67.65634],[-144.21933,67.6557],[-144.21978,67.65566],[-144.2218,67.65603],[-144.22292,67.6561],[-144.2234,67.65582],[-144.22521,67.6558],[-144.22559,67.65586],[-144.22577,67.6562],[-144.2268,67.65632],[-144.2282,67.65633],[-144.22886,67.65608],[-144.22985,67.65623],[-144.22988,67.6564],[-144.23082,67.65685],[-144.23185,67.65691],[-144.23462,67.6563],[-144.23498,67.65648],[-144.23688,67.65633],[-144.23726,67.6561],[-144.23738,67.65579],[-144.23784,67.65562],[-144.24166,67.65602],[-144.24305,67.65597],[-144.24379,67.65611],[-144.24364,67.65648],[-144.24462,67.65677],[-144.24557,67.65682],[-144.24627,67.6567],[-144.24668,67.65647],[-144.24998,67.65644],[-144.25028,67.65668],[-144.24953,67.65704],[-144.25049,67.65736],[-144.25187,67.65752],[-144.25402,67.65738],[-144.25503,67.65793],[-144.2562,67.65807],[-144.25717,67.65781],[-144.25747,67.65749],[-144.25919,67.65716],[-144.26194,67.65685],[-144.26335,67.65704],[-144.26391,67.65688],[-144.26494,67.65684],[-144.26621,67.6571],[-144.26788,67.65718],[-144.26864,67.65697],[-144.26876,67.65666],[-144.26968,67.65642],[-144.27446,67.65591],[-144.27602,67.65598],[-144.27685,67.65635],[-144.27684,67.65648],[-144.27975,67.6568],[-144.28079,67.65663],[-144.28095,67.65593],[-144.28197,67.65571],[-144.283,67.65605],[-144.2841,67.65598],[-144.28511,67.6559],[-144.28591,67.65541],[-144.28697,67.65538],[-144.28718,67.65558],[-144.28648,67.6557],[-144.28641,67.65589],[-144.28711,67.65605],[-144.28836,67.65607],[-144.28919,67.65636],[-144.29016,67.65637],[-144.29028,67.65604],[-144.28937,67.65569],[-144.28933,67.65543],[-144.29033,67.65517],[-144.29004,67.65496],[-144.29123,67.65458],[-144.29242,67.65468],[-144.29361,67.65452],[-144.29557,67.65487],[-144.29542,67.65563],[-144.29582,67.65578],[-144.296,67.65653],[-144.29645,67.65693],[-144.29778,67.65773],[-144.29881,67.65773],[-144.29957,67.65705],[-144.29961,67.65641],[-144.3009,67.65575],[-144.30171,67.65609],[-144.30126,67.65663],[-144.30126,67.657],[-144.30093,67.65755],[-144.30076,67.65895],[-144.30032,67.65973],[-144.30035,67.66063],[-144.29968,67.66132],[-144.30019,67.66165],[-144.30117,67.66151],[-144.3013,67.66164],[-144.30113,67.66241],[-144.30215,67.66313],[-144.30206,67.66398],[-144.30318,67.6642],[-144.3046,67.66508],[-144.30576,67.66556],[-144.30595,67.66593],[-144.30477,67.66621],[-144.30488,67.66666],[-144.30585,67.66705],[-144.30652,67.66749],[-144.30777,67.66791],[-144.30946,67.6692],[-144.31182,67.66948],[-144.31195,67.66967],[-144.31546,67.67073],[-144.31606,67.67143],[-144.32005,67.67262],[-144.32201,67.67279],[-144.32367,67.67317],[-144.32464,67.67376],[-144.32596,67.67408],[-144.32651,67.67471],[-144.32741,67.6751],[-144.32874,67.67598],[-144.32998,67.67652],[-144.32942,67.67695],[-144.32949,67.67732],[-144.3305,67.67733],[-144.33086,67.67782],[-144.33224,67.6782],[-144.33327,67.67891],[-144.33421,67.67895],[-144.33598,67.67878],[-144.3371,67.67886],[-144.3376,67.67917],[-144.34016,67.67935],[-144.34446,67.67915],[-144.34903,67.67855],[-144.35111,67.67887],[-144.35274,67.67828],[-144.3533,67.67824],[-144.35715,67.67913],[-144.35824,67.67959],[-144.35839,67.68063],[-144.35945,67.68097],[-144.36028,67.6821],[-144.3611,67.68233],[-144.36167,67.68317],[-144.36308,67.68358],[-144.36276,67.68462],[-144.36399,67.68527],[-144.36328,67.68572],[-144.36306,67.68611],[-144.36333,67.68643],[-144.36339,67.68674],[-144.3639,67.68705],[-144.3649,67.68736],[-144.36691,67.68768],[-144.36734,67.68787],[-144.36771,67.68824],[-144.36724,67.68891],[-144.36701,67.68969],[-144.36681,67.68979],[-144.36715,67.6905],[-144.36786,67.69068],[-144.36839,67.69043],[-144.36877,67.69078],[-144.36872,67.69091],[-144.36999,67.69147],[-144.36996,67.69172],[-144.37028,67.69193],[-144.37049,67.69233],[-144.37186,67.69244],[-144.37036,67.69295],[-144.37005,67.69263],[-144.36852,67.69258],[-144.36813,67.69313],[-144.36727,67.69368],[-144.36694,67.6934],[-144.36642,67.69336],[-144.36609,67.69317],[-144.3657,67.69268],[-144.36547,67.69261],[-144.36515,67.6927],[-144.36353,67.6923],[-144.3627,67.6924],[-144.36254,67.69272],[-144.36201,67.69306],[-144.36245,67.69344],[-144.36346,67.69383],[-144.36295,67.69432],[-144.36271,67.69485],[-144.36126,67.69572],[-144.36098,67.69627],[-144.36034,67.69646],[-144.35935,67.69712],[-144.35714,67.69751],[-144.35661,67.69787],[-144.35668,67.69799],[-144.35791,67.69797],[-144.35822,67.6982],[-144.35797,67.69838],[-144.3581,67.69852],[-144.35968,67.69893],[-144.36023,67.69927],[-144.36193,67.69984],[-144.36154,67.70032],[-144.36196,67.70063],[-144.36185,67.70081],[-144.36133,67.70077],[-144.36023,67.70033],[-144.35975,67.69977],[-144.35895,67.69932],[-144.35788,67.69901],[-144.35753,67.69916],[-144.35737,67.69949],[-144.35682,67.6999],[-144.35716,67.70013],[-144.35703,67.70039],[-144.35603,67.70055],[-144.35681,67.70096],[-144.35772,67.70247],[-144.35771,67.70278],[-144.35734,67.7028],[-144.35731,67.70307],[-144.35784,67.70385],[-144.35871,67.70471],[-144.35885,67.70511],[-144.35958,67.70537],[-144.35964,67.7055],[-144.35921,67.70588],[-144.35914,67.70645],[-144.35929,67.70671],[-144.36202,67.70857],[-144.36225,67.709],[-144.36162,67.70923],[-144.36163,67.70968],[-144.36141,67.70989],[-144.35945,67.71018],[-144.35816,67.70958],[-144.35658,67.70948],[-144.3554,67.70924],[-144.35521,67.7088],[-144.35537,67.70857],[-144.35597,67.7084],[-144.35597,67.70812],[-144.35565,67.70792],[-144.3548,67.70777],[-144.35397,67.70712],[-144.35389,67.70695],[-144.35402,67.70669],[-144.3527,67.70589],[-144.35338,67.70562],[-144.35391,67.70507],[-144.35264,67.70385],[-144.35279,67.70349],[-144.35256,67.7032],[-144.35288,67.70282],[-144.35262,67.70247],[-144.35197,67.7022],[-144.35146,67.70181],[-144.34879,67.70083],[-144.34788,67.70097],[-144.34651,67.70088],[-144.34624,67.70072],[-144.34641,67.70018],[-144.34592,67.70015],[-144.34549,67.7005],[-144.34424,67.70085],[-144.34358,67.70087],[-144.34303,67.7011],[-144.34259,67.70176],[-144.3422,67.70203],[-144.34306,67.70244],[-144.34329,67.70267],[-144.34284,67.70281],[-144.34266,67.7031],[-144.34165,67.70357],[-144.34158,67.70394],[-144.34233,67.70482],[-144.34224,67.70535],[-144.34439,67.70673],[-144.3452,67.70687],[-144.34695,67.70789],[-144.34735,67.70875],[-144.34676,67.70973],[-144.34562,67.71061],[-144.34473,67.71096],[-144.34406,67.71055],[-144.34425,67.71013],[-144.3442,67.70971],[-144.34444,67.70936],[-144.34343,67.70839],[-144.34298,67.70864],[-144.3422,67.71003],[-144.34162,67.7105],[-144.34169,67.71106],[-144.34209,67.71144],[-144.34328,67.71155],[-144.34239,67.71207],[-144.34297,67.71245],[-144.34277,67.71307],[-144.34243,67.71349],[-144.34203,67.7136],[-144.34176,67.71287],[-144.34148,67.71277],[-144.33969,67.71346],[-144.33922,67.71348],[-144.33812,67.71294],[-144.338,67.7127],[-144.33875,67.71216],[-144.33813,67.71169],[-144.33824,67.7115],[-144.33873,67.71143],[-144.33923,67.71078],[-144.34027,67.71071],[-144.34022,67.71038],[-144.33999,67.70993],[-144.33914,67.70931],[-144.33905,67.7086],[-144.33877,67.70829],[-144.33822,67.70804],[-144.33588,67.70743],[-144.33521,67.70702],[-144.33576,67.70624],[-144.33623,67.70605],[-144.33644,67.70578],[-144.33731,67.70566],[-144.33764,67.70546],[-144.33736,67.7044],[-144.33702,67.70425],[-144.33568,67.70529],[-144.33313,67.70648],[-144.33305,67.70688],[-144.33386,67.70732],[-144.33411,67.70771],[-144.33395,67.70794],[-144.33533,67.70878],[-144.33531,67.70893],[-144.33293,67.70845],[-144.33261,67.70815],[-144.3327,67.70789],[-144.33323,67.70774],[-144.33272,67.7071],[-144.33244,67.70689],[-144.33114,67.70687],[-144.33114,67.70611],[-144.33094,67.70571],[-144.33141,67.70551],[-144.33162,67.70496],[-144.33235,67.70464],[-144.33202,67.70439],[-144.33209,67.7041],[-144.33247,67.70376],[-144.33229,67.70358],[-144.33117,67.70388],[-144.33105,67.70408],[-144.33042,67.70431],[-144.32972,67.70444],[-144.32939,67.70482],[-144.32784,67.705],[-144.32654,67.70548],[-144.32312,67.70639],[-144.32263,67.70673],[-144.32321,67.70701],[-144.3224,67.70724],[-144.32172,67.70722],[-144.3212,67.70744],[-144.32139,67.70762],[-144.32269,67.7077],[-144.32285,67.70823],[-144.32176,67.70854],[-144.32059,67.70924],[-144.32255,67.71034],[-144.32303,67.71031],[-144.32348,67.71094],[-144.32328,67.71119],[-144.32266,67.711],[-144.32233,67.7112],[-144.32322,67.71145],[-144.32334,67.71178],[-144.32252,67.71194],[-144.32199,67.7122],[-144.32193,67.71246],[-144.32294,67.71264],[-144.32342,67.71328],[-144.32283,67.71342],[-144.32237,67.713],[-144.32029,67.71276],[-144.32084,67.71236],[-144.32097,67.71202],[-144.32155,67.71157],[-144.32124,67.71131],[-144.3201,67.71118],[-144.32014,67.71099],[-144.32054,67.7107],[-144.3205,67.71052],[-144.31873,67.71012],[-144.31845,67.70962],[-144.31788,67.70941],[-144.31803,67.70922],[-144.31871,67.70915],[-144.31882,67.70895],[-144.31837,67.70861],[-144.31736,67.70822],[-144.31675,67.70822],[-144.31561,67.70856],[-144.31382,67.70857],[-144.31302,67.70888],[-144.31141,67.70919],[-144.30993,67.70979],[-144.30828,67.70984],[-144.30712,67.71004],[-144.30717,67.70983],[-144.30671,67.70969],[-144.30469,67.70959],[-144.30431,67.70927],[-144.30338,67.70905],[-144.30304,67.709],[-144.30263,67.70913],[-144.30259,67.70931],[-144.3021,67.70889],[-144.30225,67.70861],[-144.30297,67.70859],[-144.30344,67.70842],[-144.30493,67.7084],[-144.30765,67.70808],[-144.30869,67.70764],[-144.3109,67.70705],[-144.31138,67.70674],[-144.313,67.70629],[-144.31446,67.70568],[-144.31668,67.70526],[-144.31711,67.70462],[-144.31767,67.70419],[-144.31908,67.70342],[-144.31964,67.70329],[-144.32019,67.70279],[-144.32011,67.70269],[-144.32105,67.70219],[-144.32235,67.70092],[-144.32293,67.70073],[-144.3238,67.70015],[-144.32354,67.69997],[-144.32257,67.70014],[-144.32192,67.70042],[-144.32141,67.70086],[-144.3185,67.70145],[-144.31767,67.70182],[-144.31756,67.70231],[-144.31545,67.70234],[-144.31437,67.7027],[-144.31431,67.70323],[-144.31479,67.70358],[-144.31453,67.70379],[-144.31306,67.70386],[-144.31298,67.70377],[-144.31314,67.70346],[-144.31227,67.70327],[-144.31101,67.70326],[-144.30995,67.70329],[-144.30952,67.70358],[-144.31042,67.70368],[-144.31041,67.70389],[-144.30965,67.70407],[-144.30761,67.70394],[-144.30787,67.70372],[-144.30895,67.70354],[-144.30983,67.70284],[-144.30929,67.70274],[-144.30853,67.70294],[-144.30666,67.70302],[-144.30408,67.70371],[-144.3031,67.70371],[-144.30142,67.70423],[-144.30098,67.70416],[-144.30117,67.70377],[-144.29986,67.70311],[-144.29995,67.7029],[-144.3024,67.70177],[-144.30712,67.70041],[-144.30602,67.70034],[-144.30623,67.70016],[-144.30831,67.7001],[-144.31017,67.69949],[-144.31212,67.69857],[-144.31346,67.69816],[-144.31682,67.6975],[-144.31716,67.69719],[-144.31606,67.69695],[-144.31455,67.69693],[-144.31208,67.69743],[-144.31039,67.69749],[-144.30971,67.69738],[-144.30955,67.69725],[-144.31081,67.69707],[-144.31125,67.69687],[-144.3114,67.69646],[-144.3111,67.69629],[-144.31102,67.69603],[-144.30948,67.69581],[-144.30879,67.69592],[-144.30818,67.69582],[-144.30838,67.69556],[-144.30888,67.6954],[-144.31448,67.69541],[-144.31545,67.69551],[-144.31601,67.69537],[-144.31552,67.69515],[-144.31559,67.69486],[-144.31817,67.69411],[-144.31866,67.69411],[-144.31957,67.69371],[-144.32069,67.69352],[-144.32187,67.69268],[-144.3186,67.69216],[-144.31821,67.69235],[-144.31755,67.69303],[-144.31615,67.69358],[-144.31555,67.69363],[-144.31557,67.6934],[-144.31637,67.6929],[-144.31632,67.69266],[-144.31662,67.69234],[-144.31787,67.6919],[-144.31766,67.69161],[-144.31824,67.69142],[-144.31799,67.69113],[-144.31617,67.69183],[-144.31567,67.69257],[-144.31438,67.69281],[-144.31409,67.69301],[-144.31199,67.69339],[-144.31239,67.69358],[-144.31157,67.69423],[-144.31081,67.6946],[-144.30862,67.69484],[-144.30841,67.69483],[-144.30861,67.69441],[-144.30918,67.69415],[-144.307,67.69407],[-144.30405,67.69457],[-144.30225,67.6942],[-144.30204,67.69391],[-144.29848,67.69349],[-144.29832,67.69316],[-144.29848,67.69303],[-144.30037,67.69252],[-144.29822,67.69209],[-144.29802,67.69185],[-144.30076,67.69131],[-144.30072,67.69103],[-144.29904,67.69087],[-144.29986,67.69054],[-144.30094,67.69054],[-144.30135,67.69024],[-144.30326,67.69004],[-144.30426,67.68953],[-144.3041,67.68936],[-144.29979,67.68875],[-144.2982,67.68874],[-144.29689,67.6896],[-144.29639,67.68979],[-144.29581,67.68951],[-144.29459,67.6893],[-144.29285,67.68931],[-144.29103,67.68896],[-144.28702,67.68765],[-144.28726,67.68721],[-144.28798,67.68713],[-144.28822,67.68686],[-144.28812,67.68618],[-144.28831,67.68598],[-144.28888,67.68589],[-144.28926,67.68548],[-144.28945,67.68497],[-144.28918,67.68454],[-144.28852,67.68447],[-144.28797,67.68479],[-144.28622,67.68503],[-144.28654,67.68551],[-144.2864,67.68587],[-144.28585,67.68599],[-144.28533,67.68574],[-144.28515,67.68545],[-144.28344,67.68491],[-144.2833,67.68461],[-144.28428,67.68471],[-144.28471,67.68461],[-144.2848,67.68437],[-144.2847,67.68418],[-144.28892,67.68306],[-144.28945,67.68262],[-144.28998,67.68244],[-144.28972,67.68191],[-144.28929,67.68151],[-144.28868,67.68141],[-144.28804,67.68168],[-144.2874,67.68225],[-144.28473,67.6832],[-144.28259,67.68309],[-144.28232,67.68253],[-144.28136,67.68215],[-144.28014,67.68208],[-144.28027,67.6826],[-144.28153,67.68327],[-144.28151,67.68374],[-144.28085,67.68393],[-144.27947,67.68369],[-144.27739,67.68241],[-144.2765,67.68247],[-144.276,67.68284],[-144.27657,67.68324],[-144.27647,67.68341],[-144.27729,67.68371],[-144.2776,67.68405],[-144.2774,67.68455],[-144.27863,67.68484],[-144.27883,67.68508],[-144.27797,67.68534],[-144.27643,67.6854],[-144.27549,67.68568],[-144.27528,67.68594],[-144.27431,67.68612],[-144.27413,67.6865],[-144.27417,67.68676],[-144.27242,67.68737],[-144.27195,67.68776],[-144.27035,67.68797],[-144.26997,67.68773],[-144.27004,67.68746],[-144.27116,67.68726],[-144.27182,67.68657],[-144.27165,67.68631],[-144.27127,67.68641],[-144.26971,67.68607],[-144.27033,67.68578],[-144.27158,67.68573],[-144.27122,67.68543],[-144.26815,67.68504],[-144.26566,67.68514],[-144.26549,67.68482],[-144.266,67.68415],[-144.26612,67.68365],[-144.2654,67.68365],[-144.26526,67.6839],[-144.26468,67.6842],[-144.26329,67.68442],[-144.26267,67.68426],[-144.2628,67.68401],[-144.26387,67.68362],[-144.26307,67.68323],[-144.26146,67.68389],[-144.26146,67.68435],[-144.26057,67.68492],[-144.25977,67.68497],[-144.25873,67.68432],[-144.25875,67.68419],[-144.25924,67.68362],[-144.26135,67.68263],[-144.2599,67.68269]]]},"properties":{"fire_id":"ufid:2025-AKUYD-000468","source_collection":"history-2025","source_objectid":46297,"incident_name":"Ripple","mapped_acres":3939.695,"mapped_acres_source":"poly_GISAcres","gis_acres":3939.695,"auto_acres":3939.6792968182435,"reported_acres":3939.69,"percent_contained":null,"state":"AK","state_wfigs":"US-AK","county":"Yukon-Koyukuk","discovery_time_utc":"2025-07-21T01:09:39Z","perimeter_time_utc":"2025-09-23T19:55:37Z","perimeter_edit_time_utc":null,"incident_modified_time_utc":"2025-09-22T23:53:18Z","containment_time_utc":null,"control_time_utc":null,"fire_out_time_utc":"2025-09-19T20:30:00Z","fire_cause":"Natural","fire_cause_general":"Natural","map_method":"Image Interpretation","source_dataset":"FFP","unique_fire_identifier":"2025-AKUYD-000468","irwin_id":"{D0316E89-AAB5-4473-98C8-F97029EBE357}","global_id":"30f2d24b-5c0d-490e-bd1d-ad545082f5e0"}},{"type":"Feature","geometry":{"type":"Polygon","coordinates":[[[-144.02303,67.72211],[-144.02341,67.72225],[-144.02459,67.72225],[-144.02465,67.7224],[-144.02433,67.72267],[-144.02358,67.72296],[-144.02309,67.72353],[-144.02251,67.7236],[-144.02232,67.7239],[-144.02186,67.72407],[-144.02101,67.72411],[-144.02023,67.72371],[-144.01956,67.72395],[-144.01821,67.72405],[-144.01586,67.72487],[-144.01546,67.72514],[-144.01519,67.72556],[-144.01263,67.72599],[-144.01195,67.7258],[-144.0117,67.72531],[-144.01112,67.72522],[-144.01042,67.72553],[-144.00867,67.72593],[-144.00822,67.72625],[-144.00801,67.72616],[-144.00812,67.72587],[-144.00859,67.72551],[-144.00823,67.72532],[-144.00816,67.72494],[-144.00715,67.72586],[-144.00667,67.72606],[-144.00537,67.72613],[-144.00457,67.72596],[-144.00328,67.72614],[-144.00277,67.72605],[-144.00274,67.72577],[-144.0024,67.72561],[-144.00228,67.72533],[-144.00251,67.72517],[-144.00246,67.72485],[-144.00306,67.72467],[-144.00229,67.72386],[-144.00232,67.72375],[-144.00164,67.72391],[-144.00098,67.72383],[-144.00095,67.72367],[-144.00143,67.72323],[-144.00089,67.72328],[-144.00077,67.72305],[-144.00012,67.72291],[-144.00004,67.72264],[-143.99983,67.72259],[-144.00003,67.72238],[-144.00006,67.72204],[-143.99943,67.72202],[-143.99896,67.7224],[-143.99889,67.7227],[-143.99846,67.7228],[-143.99913,67.72301],[-143.99877,67.72356],[-143.99834,67.72389],[-143.99791,67.72402],[-143.99785,67.72428],[-143.99843,67.72436],[-143.99774,67.72446],[-143.99694,67.72393],[-143.99578,67.72389],[-143.99535,67.72355],[-143.99471,67.72351],[-143.99341,67.72301],[-143.99281,67.72291],[-143.99238,67.72311],[-143.99052,67.7225],[-143.98916,67.72244],[-143.98821,67.72184],[-143.98702,67.72145],[-143.98707,67.72106],[-143.98663,67.72116],[-143.9864,67.72065],[-143.98561,67.72036],[-143.98463,67.72037],[-143.98283,67.71986],[-143.98303,67.71937],[-143.98249,67.7192],[-143.98032,67.71924],[-143.98027,67.71897],[-143.98052,67.71874],[-143.98018,67.71842],[-143.98009,67.71812],[-143.98064,67.71789],[-143.98278,67.71773],[-143.98369,67.7174],[-143.98437,67.71773],[-143.98514,67.7178],[-143.98629,67.71755],[-143.98634,67.71737],[-143.98664,67.71727],[-143.98725,67.71754],[-143.98726,67.71775],[-143.98686,67.7181],[-143.98714,67.71829],[-143.98959,67.71796],[-143.99117,67.71792],[-143.99187,67.7183],[-143.99344,67.71865],[-143.99432,67.7187],[-143.99486,67.71889],[-143.99724,67.71892],[-143.99772,67.71907],[-143.99775,67.71957],[-143.99717,67.71988],[-143.99692,67.72024],[-143.99704,67.72051],[-143.99759,67.72058],[-143.99769,67.72025],[-143.99859,67.71996],[-143.99909,67.71997],[-144.00006,67.72029],[-144.00164,67.72033],[-144.00197,67.72014],[-144.00545,67.72141],[-144.00595,67.72146],[-144.00766,67.72082],[-144.00853,67.72105],[-144.00817,67.72123],[-144.01045,67.72126],[-144.01078,67.72114],[-144.01237,67.72104],[-144.01273,67.72091],[-144.01291,67.7207],[-144.01366,67.72066],[-144.01413,67.72024],[-144.01583,67.72021],[-144.01651,67.71964],[-144.01664,67.71917],[-144.01728,67.71905],[-144.01709,67.71893],[-144.01784,67.71849],[-144.01944,67.71837],[-144.02001,67.71816],[-144.02153,67.71812],[-144.02247,67.71791],[-144.02329,67.71796],[-144.02289,67.71837],[-144.02224,67.71849],[-144.02216,67.71876],[-144.02264,67.71902],[-144.02307,67.71869],[-144.02384,67.71867],[-144.02396,67.71919],[-144.02371,67.71942],[-144.02167,67.7203],[-144.02141,67.72056],[-144.02218,67.72083],[-144.02228,67.72115],[-144.02329,67.72161],[-144.02303,67.72211]]]},"properties":{"fire_id":"ufid:2025-AKUYD-000467","source_collection":"history-2025","source_objectid":46298,"incident_name":"Sheenjek","mapped_acres":213.4453,"mapped_acres_source":"poly_GISAcres","gis_acres":213.4453,"auto_acres":213.44442660506846,"reported_acres":213.45,"percent_contained":null,"state":"AK","state_wfigs":"US-AK","county":"Yukon-Koyukuk","discovery_time_utc":"2025-07-20T23:32:41Z","perimeter_time_utc":"2025-09-25T18:12:01Z","perimeter_edit_time_utc":null,"incident_modified_time_utc":"2025-09-23T23:10:23Z","containment_time_utc":null,"control_time_utc":null,"fire_out_time_utc":"2025-09-19T20:30:00Z","fire_cause":"Natural","fire_cause_general":"Natural","map_method":"Image Interpretation","source_dataset":"FFP","unique_fire_identifier":"2025-AKUYD-000467","irwin_id":"{C009BA14-43C9-4534-A1C4-D08612FB65A9}","global_id":"9bc1cd88-2f51-480f-94f3-74b88a53c44a"}},{"type":"Feature","geometry":{"type":"Polygon","coordinates":[[[-144.6516,67.47983],[-144.65052,67.48029],[-144.65018,67.48098],[-144.64882,67.48094],[-144.64773,67.48132],[-144.64692,67.48206],[-144.64404,67.4823],[-144.64333,67.48254],[-144.64283,67.4829],[-144.64115,67.48324],[-144.64053,67.48354],[-144.64112,67.4837],[-144.64146,67.48436],[-144.64132,67.48494],[-144.64091,67.48557],[-144.63934,67.48614],[-144.63834,67.48672],[-144.6373,67.48691],[-144.63607,67.48666],[-144.63048,67.48705],[-144.62851,67.48675],[-144.62812,67.48645],[-144.62699,67.48622],[-144.62614,67.4853],[-144.62571,67.48501],[-144.62273,67.48503],[-144.6212,67.48443],[-144.62064,67.48401],[-144.61996,67.48272],[-144.62078,67.48204],[-144.62166,67.4818],[-144.62176,67.48044],[-144.62368,67.4803],[-144.62396,67.47992],[-144.62467,67.47943],[-144.62535,67.47875],[-144.62629,67.47842],[-144.62651,67.47812],[-144.62607,67.47745],[-144.62465,67.47715],[-144.62451,67.47695],[-144.62719,67.47688],[-144.62766,67.47675],[-144.62794,67.47649],[-144.62905,67.47627],[-144.63266,67.47603],[-144.6329,67.4757],[-144.633,67.47518],[-144.63817,67.47283],[-144.63837,67.47252],[-144.63715,67.4721],[-144.63395,67.47185],[-144.63347,67.47115],[-144.63433,67.47055],[-144.63601,67.46972],[-144.64155,67.46844],[-144.64183,67.46864],[-144.64172,67.46881],[-144.64191,67.4691],[-144.64158,67.46971],[-144.64192,67.46977],[-144.64226,67.46924],[-144.64288,67.46901],[-144.64311,67.46905],[-144.64299,67.46969],[-144.64348,67.46981],[-144.64421,67.46959],[-144.64398,67.46932],[-144.64428,67.46909],[-144.64384,67.46891],[-144.64374,67.46862],[-144.6445,67.4683],[-144.64618,67.46847],[-144.64701,67.46869],[-144.64769,67.46859],[-144.64806,67.46884],[-144.64869,67.46878],[-144.64883,67.46849],[-144.64924,67.46825],[-144.6502,67.46826],[-144.65041,67.46866],[-144.6521,67.46884],[-144.65287,67.46919],[-144.65317,67.46964],[-144.65442,67.46934],[-144.65451,67.46911],[-144.65386,67.46903],[-144.65498,67.46861],[-144.65954,67.4686],[-144.66071,67.46888],[-144.66449,67.46916],[-144.66923,67.46781],[-144.67022,67.46771],[-144.67311,67.46706],[-144.67373,67.46685],[-144.67517,67.46602],[-144.67614,67.46591],[-144.67618,67.46641],[-144.67557,67.46738],[-144.67587,67.46764],[-144.67624,67.46751],[-144.6765,67.46661],[-144.67729,67.46671],[-144.67663,67.46781],[-144.67513,67.46853],[-144.67438,67.46977],[-144.67392,67.47015],[-144.67529,67.47042],[-144.67608,67.47081],[-144.67519,67.47089],[-144.67499,67.47164],[-144.67462,67.47195],[-144.67481,67.47224],[-144.67554,67.47238],[-144.67595,67.47214],[-144.67587,67.47197],[-144.6764,67.47159],[-144.6768,67.47159],[-144.67614,67.47262],[-144.67669,67.47288],[-144.67724,67.4734],[-144.67743,67.47378],[-144.67861,67.47369],[-144.67933,67.47396],[-144.67998,67.47386],[-144.6819,67.4743],[-144.68404,67.47432],[-144.68606,67.47485],[-144.68702,67.47458],[-144.68973,67.47441],[-144.69029,67.47424],[-144.69012,67.47393],[-144.6902,67.47371],[-144.69079,67.47348],[-144.69198,67.47325],[-144.69274,67.47331],[-144.69316,67.47354],[-144.69542,67.47265],[-144.69615,67.47249],[-144.69713,67.47206],[-144.69761,67.47163],[-144.69774,67.47128],[-144.69832,67.47127],[-144.69831,67.471],[-144.69962,67.47064],[-144.69952,67.47091],[-144.69894,67.47112],[-144.69924,67.47139],[-144.6991,67.47217],[-144.69975,67.47196],[-144.69976,67.47183],[-144.70077,67.4718],[-144.70079,67.47166],[-144.70175,67.47177],[-144.70217,67.472],[-144.7031,67.47299],[-144.70415,67.47372],[-144.70561,67.47355],[-144.70688,67.47401],[-144.70845,67.47421],[-144.70874,67.47402],[-144.70901,67.47444],[-144.70986,67.47458],[-144.71023,67.47453],[-144.71049,67.47421],[-144.71137,67.47406],[-144.71249,67.47412],[-144.71286,67.47449],[-144.71436,67.47459],[-144.71461,67.47471],[-144.71393,67.4749],[-144.71401,67.47526],[-144.71347,67.47596],[-144.71385,67.47612],[-144.71492,67.47591],[-144.71605,67.47597],[-144.71734,67.47635],[-144.71713,67.47663],[-144.71572,67.47716],[-144.71677,67.47754],[-144.71583,67.47836],[-144.71725,67.47937],[-144.71715,67.48072],[-144.7179,67.48074],[-144.71856,67.4806],[-144.71951,67.47976],[-144.72018,67.47977],[-144.72062,67.48004],[-144.72125,67.48009],[-144.72129,67.48026],[-144.7198,67.48101],[-144.71872,67.48125],[-144.71672,67.48122],[-144.71616,67.48138],[-144.7152,67.48197],[-144.714,67.48211],[-144.71319,67.48199],[-144.71256,67.4815],[-144.70964,67.48144],[-144.70857,67.48129],[-144.70725,67.48147],[-144.70724,67.48169],[-144.70771,67.48197],[-144.70732,67.48256],[-144.70488,67.48256],[-144.7046,67.48235],[-144.70394,67.48231],[-144.70256,67.48245],[-144.70234,67.48276],[-144.7004,67.48302],[-144.69549,67.48309],[-144.69423,67.48273],[-144.69065,67.48292],[-144.69007,67.48283],[-144.6895,67.48254],[-144.68992,67.48217],[-144.68971,67.48195],[-144.68795,67.48177],[-144.68827,67.4813],[-144.68708,67.48135],[-144.68697,67.48162],[-144.68565,67.4813],[-144.68566,67.48168],[-144.68534,67.48214],[-144.68454,67.4821],[-144.68432,67.48171],[-144.68418,67.48102],[-144.68257,67.48159],[-144.68087,67.48184],[-144.68051,67.48166],[-144.67769,67.48143],[-144.67502,67.48159],[-144.67435,67.48186],[-144.67209,67.48206],[-144.66857,67.48218],[-144.66612,67.48173],[-144.6658,67.48223],[-144.66497,67.48224],[-144.6639,67.48201],[-144.66091,67.48189],[-144.66074,67.48235],[-144.66001,67.48338],[-144.65914,67.48319],[-144.65835,67.48271],[-144.65771,67.48124],[-144.65673,67.48088],[-144.6557,67.47996],[-144.65536,67.4799],[-144.65512,67.47936],[-144.65548,67.47889],[-144.65511,67.47873],[-144.65263,67.47888],[-144.65179,67.47922],[-144.65135,67.47954],[-144.65168,67.4796],[-144.6516,67.47983]]]},"properties":{"fire_id":"ufid:2025-AKUYD-000439","source_collection":"history-2025","source_objectid":46299,"incident_name":"Burnt","mapped_acres":1209.449,"mapped_acres_source":"poly_GISAcres","gis_acres":1209.449,"auto_acres":1209.4448438664117,"reported_acres":1209.45,"percent_contained":null,"state":"AK","state_wfigs":"US-AK","county":"Yukon-Koyukuk","discovery_time_utc":"2025-07-11T22:14:19Z","perimeter_time_utc":"2025-09-25T18:10:04Z","perimeter_edit_time_utc":null,"incident_modified_time_utc":"2025-09-24T21:05:18Z","containment_time_utc":null,"control_time_utc":null,"fire_out_time_utc":"2025-09-22T19:30:00Z","fire_cause":"Natural","fire_cause_general":"Natural","map_method":"Image Interpretation","source_dataset":"FFP","unique_fire_identifier":"2025-AKUYD-000439","irwin_id":"{30E589E1-341D-4CC1-A916-BA74B7FCB721}","global_id":"15e398c2-9b21-4ef6-837b-bc47df4583e9"}},{"type":"Feature","geometry":{"type":"Polygon","coordinates":[[[-144.48103,67.44487],[-144.485,67.44555],[-144.48769,67.44561],[-144.48742,67.44466],[-144.48886,67.4448],[-144.48934,67.44471],[-144.49021,67.44442],[-144.49033,67.44407],[-144.49117,67.44346],[-144.49375,67.44285],[-144.50044,67.44339],[-144.50376,67.44471],[-144.50441,67.44453],[-144.50533,67.44449],[-144.50576,67.44507],[-144.50581,67.44547],[-144.50646,67.44619],[-144.50668,67.44667],[-144.50565,67.4464],[-144.50392,67.44646],[-144.50208,67.4481],[-144.50219,67.44839],[-144.50007,67.45008],[-144.50165,67.45055],[-144.50132,67.45084],[-144.50149,67.45136],[-144.50241,67.45171],[-144.50251,67.45195],[-144.50311,67.45233],[-144.50392,67.4532],[-144.5059,67.45373],[-144.50748,67.45341],[-144.50576,67.45277],[-144.50516,67.45214],[-144.50527,67.45196],[-144.50703,67.45202],[-144.50695,67.45176],[-144.50873,67.45196],[-144.51116,67.45152],[-144.51269,67.45093],[-144.51358,67.4502],[-144.51447,67.45049],[-144.51562,67.45064],[-144.51664,67.45029],[-144.52124,67.44971],[-144.52404,67.44971],[-144.5266,67.44922],[-144.52647,67.44961],[-144.52762,67.4499],[-144.52915,67.44961],[-144.52889,67.45015],[-144.5303,67.45044],[-144.52991,67.45078],[-144.52749,67.45127],[-144.52583,67.45254],[-144.52813,67.45254],[-144.52826,67.45303],[-144.52723,67.45382],[-144.52915,67.45416],[-144.52838,67.45514],[-144.52609,67.45563],[-144.52787,67.45631],[-144.52921,67.45643],[-144.53234,67.45479],[-144.53285,67.45528],[-144.53081,67.45695],[-144.53234,67.45753],[-144.53323,67.4567],[-144.53502,67.45636],[-144.53655,67.45636],[-144.53668,67.4568],[-144.53693,67.45705],[-144.5391,67.45685],[-144.53987,67.45734],[-144.54051,67.45827],[-144.54038,67.45934],[-144.54318,67.4589],[-144.54446,67.45974],[-144.54459,67.46042],[-144.54433,67.46125],[-144.53821,67.46125],[-144.53826,67.4617],[-144.54204,67.46233],[-144.53999,67.46257],[-144.53821,67.46223],[-144.53476,67.46296],[-144.53196,67.46335],[-144.52783,67.46458],[-144.52285,67.46494],[-144.52144,67.46448],[-144.51994,67.46433],[-144.51717,67.46507],[-144.5145,67.46552],[-144.51486,67.466],[-144.51486,67.46634],[-144.51192,67.46707],[-144.51116,67.46746],[-144.5123,67.46805],[-144.51473,67.46766],[-144.51473,67.46878],[-144.51766,67.46834],[-144.51869,67.46776],[-144.51945,67.46776],[-144.52085,67.46707],[-144.52175,67.46807],[-144.52264,67.4681],[-144.52315,67.46717],[-144.52545,67.46756],[-144.52902,67.46722],[-144.53055,67.46648],[-144.53374,67.46678],[-144.53698,67.46678],[-144.53848,67.46727],[-144.53746,67.46808],[-144.54395,67.46834],[-144.54459,67.46869],[-144.54395,67.46922],[-144.5474,67.46966],[-144.54987,67.46931],[-144.55128,67.46858],[-144.55423,67.46811],[-144.55459,67.46861],[-144.55432,67.46885],[-144.55454,67.46966],[-144.55471,67.46978],[-144.55458,67.46993],[-144.55486,67.47042],[-144.55586,67.47051],[-144.55676,67.46998],[-144.55833,67.46962],[-144.56,67.46993],[-144.55995,67.47037],[-144.55933,67.47069],[-144.55933,67.47108],[-144.56033,67.47137],[-144.56042,67.47182],[-144.55781,67.47257],[-144.55686,67.47345],[-144.55714,67.47374],[-144.56672,67.47508],[-144.56792,67.47623],[-144.56936,67.47652],[-144.56965,67.47701],[-144.56884,67.4774],[-144.56888,67.4778],[-144.56827,67.47838],[-144.56831,67.47882],[-144.56874,67.47938],[-144.56879,67.47975],[-144.56817,67.48009],[-144.56888,67.48038],[-144.56965,67.48011],[-144.57117,67.48],[-144.57145,67.48038],[-144.5724,67.48115],[-144.57159,67.48178],[-144.57022,67.48191],[-144.56974,67.48239],[-144.56874,67.48211],[-144.56722,67.48206],[-144.56579,67.48253],[-144.56513,67.48222],[-144.56404,67.48211],[-144.55909,67.48237],[-144.55734,67.48196],[-144.55529,67.48051],[-144.55391,67.47998],[-144.5542,67.48055],[-144.55334,67.4806],[-144.55272,67.47995],[-144.55201,67.47982],[-144.54897,67.47962],[-144.54827,67.47991],[-144.54783,67.47978],[-144.54768,67.47914],[-144.54683,67.47874],[-144.54431,67.47953],[-144.54421,67.47974],[-144.54553,67.4805],[-144.54452,67.48111],[-144.54279,67.48182],[-144.54222,67.48241],[-144.54115,67.48278],[-144.54028,67.48326],[-144.54026,67.484],[-144.54001,67.48468],[-144.53849,67.48625],[-144.53663,67.48784],[-144.53516,67.4885],[-144.53383,67.48829],[-144.53284,67.48837],[-144.53181,67.48879],[-144.53163,67.48929],[-144.53039,67.49051],[-144.52857,67.49116],[-144.5261,67.49146],[-144.52626,67.49198],[-144.52517,67.49209],[-144.5249,67.49163],[-144.52346,67.49128],[-144.51823,67.49122],[-144.51796,67.49077],[-144.5186,67.49046],[-144.5221,67.48998],[-144.52283,67.48965],[-144.52351,67.48924],[-144.5237,67.48859],[-144.52281,67.48876],[-144.52163,67.48786],[-144.52206,67.48717],[-144.52263,67.48668],[-144.52135,67.48646],[-144.52073,67.48648],[-144.51973,67.48715],[-144.51897,67.48677],[-144.51702,67.48681],[-144.51455,67.48743],[-144.51419,67.48775],[-144.51255,67.48839],[-144.5116,67.48927],[-144.51046,67.4893],[-144.50889,67.48963],[-144.50861,67.49034],[-144.50685,67.49105],[-144.50504,67.49141],[-144.50395,67.49181],[-144.50252,67.49198],[-144.50451,67.4926],[-144.50517,67.49294],[-144.505,67.4934],[-144.50581,67.49403],[-144.50591,67.49447],[-144.50525,67.49508],[-144.50471,67.49536],[-144.50046,67.49478],[-144.49892,67.49521],[-144.49843,67.49614],[-144.49797,67.49663],[-144.49701,67.4966],[-144.49562,67.4958],[-144.49422,67.49579],[-144.49366,67.49613],[-144.49423,67.49694],[-144.49329,67.49784],[-144.49099,67.4972],[-144.48974,67.49669],[-144.48935,67.49588],[-144.48981,67.4944],[-144.48967,67.49397],[-144.48922,67.49372],[-144.48856,67.49364],[-144.4866,67.4939],[-144.48434,67.49482],[-144.48264,67.49595],[-144.4823,67.49686],[-144.48267,67.49759],[-144.48537,67.49812],[-144.48545,67.49858],[-144.48423,67.49896],[-144.48368,67.49937],[-144.48549,67.49992],[-144.48529,67.50045],[-144.48375,67.50188],[-144.48355,67.50244],[-144.48279,67.50265],[-144.48284,67.50232],[-144.48206,67.5022],[-144.48141,67.50229],[-144.48129,67.50177],[-144.48013,67.5015],[-144.47916,67.5015],[-144.47893,67.50118],[-144.47501,67.50125],[-144.47429,67.50146],[-144.47197,67.50173],[-144.46856,67.50191],[-144.47063,67.50102],[-144.46982,67.5004],[-144.46654,67.50071],[-144.46535,67.50187],[-144.46445,67.50215],[-144.4635,67.50266],[-144.46312,67.50309],[-144.46269,67.50398],[-144.46198,67.50371],[-144.45965,67.50424],[-144.459,67.50517],[-144.45472,67.50674],[-144.45228,67.50729],[-144.448,67.50764],[-144.44657,67.50822],[-144.4432,67.50829],[-144.44165,67.50858],[-144.4414,67.50922],[-144.44169,67.50958],[-144.44069,67.51014],[-144.43971,67.51038],[-144.43922,67.51073],[-144.43935,67.51125],[-144.43923,67.51195],[-144.43877,67.51193],[-144.43873,67.51166],[-144.43667,67.51207],[-144.43493,67.51221],[-144.43422,67.51221],[-144.43392,67.51204],[-144.4343,67.51189],[-144.43426,67.5117],[-144.43439,67.51165],[-144.43544,67.51155],[-144.43554,67.51126],[-144.436,67.51099],[-144.43562,67.51068],[-144.43574,67.51055],[-144.43682,67.51033],[-144.43712,67.50983],[-144.43927,67.50973],[-144.43955,67.50957],[-144.43769,67.50935],[-144.43526,67.5096],[-144.43528,67.50948],[-144.43589,67.50936],[-144.43589,67.50918],[-144.43511,67.50905],[-144.43415,67.50923],[-144.43351,67.5095],[-144.43246,67.50963],[-144.43117,67.51011],[-144.43041,67.51012],[-144.42989,67.50987],[-144.42975,67.50967],[-144.43021,67.50922],[-144.43041,67.50873],[-144.43203,67.50815],[-144.43243,67.50761],[-144.43301,67.50728],[-144.43244,67.50689],[-144.43316,67.50661],[-144.43405,67.50652],[-144.43465,67.50606],[-144.43422,67.5056],[-144.43448,67.50518],[-144.43554,67.50503],[-144.43623,67.50462],[-144.43655,67.50424],[-144.43802,67.50378],[-144.43827,67.50339],[-144.439,67.50315],[-144.44066,67.50322],[-144.44133,67.50307],[-144.44136,67.5026],[-144.44226,67.50213],[-144.44159,67.5017],[-144.44016,67.50159],[-144.43956,67.50196],[-144.43892,67.50202],[-144.43836,67.50199],[-144.43777,67.50176],[-144.43621,67.5017],[-144.43567,67.50181],[-144.43517,67.50209],[-144.43472,67.50213],[-144.43442,67.5018],[-144.43343,67.50205],[-144.43288,67.50246],[-144.43198,67.50286],[-144.43079,67.50306],[-144.4296,67.50349],[-144.42842,67.5044],[-144.42642,67.5056],[-144.42499,67.50611],[-144.42476,67.50704],[-144.42366,67.50729],[-144.42257,67.508],[-144.42247,67.50862],[-144.42126,67.5084],[-144.4187,67.50835],[-144.41737,67.50865],[-144.41678,67.50898],[-144.41496,67.50937],[-144.40997,67.51075],[-144.41064,67.51108],[-144.41192,67.51135],[-144.41275,67.51181],[-144.41241,67.51192],[-144.41059,67.51151],[-144.40897,67.5114],[-144.40831,67.51175],[-144.40826,67.51228],[-144.40783,67.51268],[-144.40736,67.51253],[-144.40683,67.51293],[-144.40512,67.51349],[-144.40436,67.51353],[-144.40393,67.51342],[-144.40218,67.51382],[-144.39989,67.51462],[-144.4018,67.51474],[-144.40356,67.51508],[-144.40463,67.51493],[-144.40777,67.51537],[-144.40805,67.51593],[-144.40892,67.51663],[-144.40865,67.51683],[-144.40974,67.51745],[-144.41157,67.51776],[-144.41136,67.51832],[-144.41038,67.5187],[-144.40979,67.51908],[-144.40965,67.51944],[-144.40892,67.51974],[-144.40829,67.51962],[-144.40782,67.51937],[-144.40694,67.51929],[-144.40572,67.51991],[-144.40546,67.5206],[-144.40572,67.52092],[-144.407,67.52149],[-144.40714,67.52231],[-144.40852,67.52216],[-144.40978,67.52238],[-144.40956,67.52297],[-144.40859,67.52362],[-144.40823,67.52412],[-144.4072,67.52447],[-144.40519,67.52475],[-144.40492,67.52504],[-144.40472,67.52585],[-144.40433,67.52616],[-144.40307,67.52591],[-144.40163,67.52648],[-144.39875,67.52636],[-144.39777,67.52659],[-144.39575,67.52674],[-144.39548,67.52718],[-144.39343,67.52769],[-144.3926,67.52826],[-144.39065,67.52823],[-144.39044,67.52805],[-144.39144,67.52732],[-144.39324,67.52655],[-144.39355,67.52618],[-144.39307,67.52583],[-144.3926,67.52573],[-144.39137,67.52469],[-144.39128,67.52431],[-144.39189,67.52389],[-144.39345,67.52361],[-144.3936,67.52323],[-144.39671,67.52271],[-144.39827,67.52222],[-144.39639,67.52062],[-144.39556,67.52021],[-144.3955,67.51958],[-144.39507,67.51913],[-144.39334,67.51799],[-144.39286,67.51742],[-144.39223,67.51701],[-144.39024,67.51634],[-144.38844,67.51682],[-144.38839,67.51666],[-144.38991,67.51579],[-144.38977,67.51564],[-144.38901,67.51555],[-144.38901,67.51531],[-144.38787,67.51546],[-144.38241,67.51686],[-144.38341,67.51752],[-144.38416,67.51867],[-144.38295,67.51902],[-144.38184,67.51999],[-144.38043,67.5208],[-144.38016,67.5211],[-144.37937,67.5211],[-144.37903,67.52082],[-144.37911,67.5203],[-144.37942,67.52016],[-144.37921,67.51927],[-144.37949,67.51877],[-144.38085,67.51791],[-144.38074,67.51729],[-144.37594,67.5182],[-144.37558,67.51875],[-144.37491,67.51854],[-144.37501,67.51839],[-144.37491,67.51819],[-144.37375,67.5183],[-144.37037,67.51911],[-144.36866,67.51933],[-144.36683,67.52015],[-144.36646,67.52069],[-144.36436,67.5209],[-144.3638,67.52076],[-144.36381,67.52043],[-144.36464,67.52015],[-144.36562,67.52008],[-144.36645,67.51982],[-144.36723,67.5194],[-144.36686,67.51942],[-144.36643,67.51913],[-144.36742,67.51903],[-144.36896,67.51838],[-144.36957,67.51774],[-144.37071,67.51715],[-144.37149,67.51618],[-144.37242,67.51558],[-144.37272,67.51524],[-144.37169,67.5156],[-144.37129,67.51501],[-144.36999,67.51499],[-144.3698,67.51466],[-144.36781,67.51464],[-144.36515,67.51539],[-144.36452,67.51526],[-144.36259,67.51578],[-144.36175,67.51623],[-144.36,67.51685],[-144.359,67.51653],[-144.35907,67.51619],[-144.3597,67.51588],[-144.35996,67.51506],[-144.35996,67.51451],[-144.35835,67.51488],[-144.35749,67.5154],[-144.35493,67.51659],[-144.35317,67.51726],[-144.35318,67.51754],[-144.35217,67.51831],[-144.34913,67.51962],[-144.34789,67.52029],[-144.34718,67.52086],[-144.34632,67.52055],[-144.34328,67.52106],[-144.34371,67.52198],[-144.34318,67.52257],[-144.34181,67.5216],[-144.33824,67.52166],[-144.33658,67.52135],[-144.3361,67.52106],[-144.33553,67.52106],[-144.33515,67.52033],[-144.33586,67.51989],[-144.33781,67.51968],[-144.33819,67.51931],[-144.33629,67.51904],[-144.33444,67.51915],[-144.33339,67.51946],[-144.33339,67.51989],[-144.33254,67.52046],[-144.33235,67.51984],[-144.3313,67.51978],[-144.32976,67.51935],[-144.33059,67.51862],[-144.33025,67.51839],[-144.33059,67.51811],[-144.33173,67.51835],[-144.33201,67.51819],[-144.33187,67.51766],[-144.33249,67.5176],[-144.33306,67.51808],[-144.33369,67.51808],[-144.3361,67.51675],[-144.33789,67.51603],[-144.33812,67.51582],[-144.33662,67.51608],[-144.337,67.5154],[-144.3341,67.51557],[-144.33225,67.51584],[-144.3304,67.51571],[-144.33021,67.51591],[-144.33139,67.51639],[-144.33182,67.51704],[-144.33078,67.51729],[-144.32945,67.51731],[-144.32759,67.51686],[-144.32702,67.51649],[-144.32678,67.51611],[-144.32507,67.51628],[-144.32336,67.51669],[-144.31709,67.51702],[-144.31666,67.51719],[-144.3165,67.51875],[-144.31542,67.51875],[-144.31542,67.51835],[-144.3148,67.51762],[-144.31471,67.51706],[-144.30449,67.51615],[-144.30316,67.51577],[-144.30149,67.5156],[-144.29864,67.51493],[-144.2976,67.51419],[-144.29821,67.51393],[-144.30173,67.51379],[-144.3014,67.51329],[-144.29917,67.51337],[-144.29795,67.51323],[-144.29798,67.51304],[-144.29854,67.5129],[-144.29886,67.51266],[-144.30023,67.51253],[-144.30359,67.51177],[-144.30844,67.51109],[-144.3101,67.51073],[-144.31205,67.51],[-144.31313,67.50975],[-144.31384,67.50982],[-144.31485,67.51068],[-144.31532,67.51077],[-144.31615,67.51066],[-144.31542,67.51036],[-144.31549,67.51019],[-144.31605,67.51003],[-144.3149,67.50942],[-144.31476,67.509],[-144.31599,67.50895],[-144.3177,67.50951],[-144.31823,67.50991],[-144.31927,67.5102],[-144.32983,67.50748],[-144.32236,67.50731],[-144.32165,67.50719],[-144.32165,67.50683],[-144.32341,67.5062],[-144.32322,67.50604],[-144.32191,67.50608],[-144.32255,67.50568],[-144.32579,67.50471],[-144.33054,67.50362],[-144.33096,67.50297],[-144.33135,67.50292],[-144.33156,67.50267],[-144.33148,67.50253],[-144.33206,67.50233],[-144.33216,67.5018],[-144.33353,67.502],[-144.33448,67.50144],[-144.33691,67.50115],[-144.33677,67.50012],[-144.33713,67.49964],[-144.33639,67.49893],[-144.33639,67.49865],[-144.33683,67.4985],[-144.33914,67.49865],[-144.34095,67.49915],[-144.34233,67.49885],[-144.34252,67.49836],[-144.34347,67.498],[-144.3463,67.4976],[-144.34648,67.49729],[-144.34613,67.49703],[-144.34552,67.49688],[-144.34513,67.49638],[-144.34451,67.49596],[-144.34594,67.49609],[-144.34751,67.49656],[-144.34795,67.49696],[-144.34913,67.49722],[-144.35098,67.49676],[-144.35012,67.49613],[-144.35027,67.49569],[-144.35169,67.49531],[-144.35264,67.49576],[-144.35554,67.4958],[-144.35554,67.49622],[-144.35678,67.496],[-144.35723,67.4964],[-144.35764,67.49651],[-144.35927,67.49621],[-144.35966,67.4959],[-144.35963,67.49577],[-144.36006,67.49562],[-144.36063,67.49587],[-144.36616,67.49471],[-144.36776,67.49478],[-144.36793,67.49446],[-144.36908,67.49424],[-144.36902,67.49396],[-144.36845,67.49361],[-144.36785,67.49294],[-144.37251,67.49303],[-144.37446,67.49325],[-144.3767,67.49261],[-144.3766,67.49223],[-144.37565,67.49205],[-144.37727,67.49161],[-144.38226,67.49094],[-144.38316,67.4905],[-144.38492,67.4903],[-144.38506,67.48981],[-144.38416,67.48974],[-144.38264,67.49016],[-144.38245,67.48972],[-144.38245,67.48921],[-144.38313,67.4891],[-144.3829,67.48862],[-144.3843,67.48878],[-144.38496,67.48851],[-144.38556,67.48809],[-144.38727,67.48756],[-144.38723,67.48677],[-144.3898,67.48666],[-144.39023,67.4864],[-144.39056,67.48596],[-144.38951,67.48519],[-144.38971,67.48509],[-144.39134,67.48508],[-144.39333,67.48415],[-144.39433,67.48386],[-144.39399,67.48349],[-144.39699,67.48317],[-144.39795,67.48262],[-144.39861,67.48202],[-144.39961,67.4818],[-144.40089,67.48189],[-144.40265,67.48242],[-144.40351,67.48226],[-144.40446,67.48126],[-144.4046,67.48086],[-144.4037,67.48075],[-144.40345,67.48006],[-144.40494,67.47953],[-144.4084,67.47914],[-144.40916,67.47891],[-144.41068,67.47902],[-144.4153,67.47803],[-144.4153,67.47785],[-144.41667,67.47725],[-144.41715,67.47678],[-144.41891,67.47652],[-144.41976,67.47618],[-144.42,67.47516],[-144.42157,67.47605],[-144.42181,67.4766],[-144.42224,67.47703],[-144.42452,67.47683],[-144.42537,67.47696],[-144.4267,67.47687],[-144.42623,67.4761],[-144.42561,67.47558],[-144.42537,67.47507],[-144.42466,67.47459],[-144.42471,67.4737],[-144.42442,67.47364],[-144.42448,67.47334],[-144.42344,67.47303],[-144.42131,67.47316],[-144.42117,67.47347],[-144.42135,67.47363],[-144.42094,67.47387],[-144.42077,67.47412],[-144.42091,67.47434],[-144.42048,67.47465],[-144.41972,67.47456],[-144.41972,67.47416],[-144.41852,67.47333],[-144.41654,67.47303],[-144.41458,67.47252],[-144.41192,67.47224],[-144.41026,67.47224],[-144.40878,67.47244],[-144.40804,67.47233],[-144.40729,67.47255],[-144.40397,67.47294],[-144.40179,67.47303],[-144.40045,67.47343],[-144.40004,67.47386],[-144.39776,67.47426],[-144.39662,67.47413],[-144.39446,67.47485],[-144.39243,67.47432],[-144.38863,67.47437],[-144.38782,67.47457],[-144.38454,67.47428],[-144.38383,67.47436],[-144.38226,67.47534],[-144.38074,67.47539],[-144.38031,67.47516],[-144.37822,67.47556],[-144.37698,67.47594],[-144.37594,67.47654],[-144.37693,67.47703],[-144.37888,67.47741],[-144.37869,67.47785],[-144.37798,67.47823],[-144.3767,67.47814],[-144.37674,67.47771],[-144.37337,67.47727],[-144.37061,67.47798],[-144.37061,67.47851],[-144.37118,67.47882],[-144.36995,67.47993],[-144.36781,67.47991],[-144.36738,67.48024],[-144.36705,67.48097],[-144.36614,67.4814],[-144.36477,67.48153],[-144.36286,67.48226],[-144.36072,67.48346],[-144.35982,67.48415],[-144.35806,67.48499],[-144.35564,67.48572],[-144.35516,67.48617],[-144.35469,67.48641],[-144.35226,67.48572],[-144.35207,67.48593],[-144.35079,67.48624],[-144.35063,67.4861],[-144.35155,67.48541],[-144.35141,67.48501],[-144.35041,67.48475],[-144.3506,67.4843],[-144.35193,67.48388],[-144.35607,67.48319],[-144.35651,67.4829],[-144.35744,67.48275],[-144.35763,67.48231],[-144.35554,67.48164],[-144.35474,67.48148],[-144.35198,67.48155],[-144.35217,67.48124],[-144.35331,67.48071],[-144.35454,67.48038],[-144.35374,67.48013],[-144.3526,67.48016],[-144.34746,67.48082],[-144.34684,67.48135],[-144.34567,67.48175],[-144.34328,67.48217],[-144.34013,67.48331],[-144.33798,67.48381],[-144.33653,67.48386],[-144.33488,67.48425],[-144.33235,67.48444],[-144.33002,67.48484],[-144.3273,67.48562],[-144.32735,67.48539],[-144.33078,67.48419],[-144.33396,67.48382],[-144.3341,67.48346],[-144.33696,67.48275],[-144.33686,67.48242],[-144.33315,67.48326],[-144.33087,67.48399],[-144.32911,67.48421],[-144.32816,67.4845],[-144.32384,67.48504],[-144.32027,67.4861],[-144.31861,67.48632],[-144.31813,67.48664],[-144.31737,67.48663],[-144.31633,67.48639],[-144.31576,67.48677],[-144.31404,67.48723],[-144.31072,67.48748],[-144.30729,67.48746],[-144.30739,67.48701],[-144.31095,67.4863],[-144.31162,67.48586],[-144.31086,67.48572],[-144.3111,67.48532],[-144.31233,67.48475],[-144.31457,67.48424],[-144.3158,67.48379],[-144.31633,67.48311],[-144.32033,67.48188],[-144.32607,67.48109],[-144.32778,67.48062],[-144.32954,67.4798],[-144.33082,67.47902],[-144.33182,67.47896],[-144.33239,67.47878],[-144.33239,67.47851],[-144.33073,67.47834],[-144.32984,67.47846],[-144.32716,67.47827],[-144.32783,67.4778],[-144.33021,67.4778],[-144.33344,67.47741],[-144.33349,67.47701],[-144.33192,67.47663],[-144.33487,67.47654],[-144.33667,67.47681],[-144.33772,67.47656],[-144.34109,67.47652],[-144.34119,67.47598],[-144.33962,67.47572],[-144.33976,67.47503],[-144.34009,67.47452],[-144.33795,67.47452],[-144.33648,67.47434],[-144.33605,67.47412],[-144.33506,67.47439],[-144.33434,67.47414],[-144.33658,67.4731],[-144.33729,67.47224],[-144.33525,67.47219],[-144.33311,67.47188],[-144.3323,67.47162],[-144.33434,67.47102],[-144.33159,67.47122],[-144.33025,67.4711],[-144.33249,67.47049],[-144.33487,67.47026],[-144.33667,67.46978],[-144.33624,67.46946],[-144.32897,67.46931],[-144.32792,67.46962],[-144.32522,67.46958],[-144.32541,67.46913],[-144.32602,67.46871],[-144.32488,67.46835],[-144.32194,67.46798],[-144.32098,67.46765],[-144.31984,67.46751],[-144.31899,67.4672],[-144.3197,67.46709],[-144.32108,67.46712],[-144.3226,67.46731],[-144.32227,67.46711],[-144.32227,67.46676],[-144.32365,67.46692],[-144.32407,67.4668],[-144.32707,67.46743],[-144.32826,67.46742],[-144.32945,67.46785],[-144.3317,67.46753],[-144.33159,67.46733],[-144.33173,67.46703],[-144.33414,67.46723],[-144.33729,67.46682],[-144.34556,67.46525],[-144.34546,67.46503],[-144.34701,67.4641],[-144.34932,67.46337],[-144.34936,67.46308],[-144.35264,67.46241],[-144.3535,67.46197],[-144.35697,67.46137],[-144.35844,67.46159],[-144.35821,67.46199],[-144.35626,67.46273],[-144.35564,67.46337],[-144.3574,67.46337],[-144.36063,67.46293],[-144.36267,67.46334],[-144.36462,67.46304],[-144.36714,67.46303],[-144.36862,67.46324],[-144.37052,67.46284],[-144.36957,67.46146],[-144.36705,67.4596],[-144.36477,67.45964],[-144.3632,67.45991],[-144.36082,67.46077],[-144.36006,67.46029],[-144.36006,67.45998],[-144.3592,67.45996],[-144.35939,67.45942],[-144.35887,67.45929],[-144.35288,67.45969],[-144.35107,67.4602],[-144.34984,67.46017],[-144.34908,67.45995],[-144.3487,67.45958],[-144.34756,67.45982],[-144.34741,67.46031],[-144.3467,67.46126],[-144.34447,67.46286],[-144.34328,67.46326],[-144.34228,67.46332],[-144.33886,67.46494],[-144.33776,67.46523],[-144.33677,67.46581],[-144.3352,67.46638],[-144.33387,67.46658],[-144.33315,67.46598],[-144.33453,67.4657],[-144.33544,67.46472],[-144.33634,67.46317],[-144.33776,67.46206],[-144.338,67.46108],[-144.33876,67.46064],[-144.33705,67.46058],[-144.337,67.46031],[-144.33967,67.45874],[-144.33967,67.45807],[-144.339,67.4574],[-144.33905,67.45679],[-144.33943,67.45577],[-144.33872,67.45555],[-144.33601,67.45621],[-144.33477,67.45681],[-144.33448,67.45705],[-144.33439,67.4584],[-144.33225,67.4598],[-144.33073,67.46015],[-144.33149,67.45927],[-144.33163,67.45882],[-144.33273,67.45818],[-144.33254,67.45776],[-144.32855,67.45878],[-144.3285,67.45869],[-144.32664,67.45942],[-144.32602,67.45995],[-144.32593,67.46037],[-144.32412,67.46013],[-144.31832,67.46228],[-144.31152,67.46447],[-144.31081,67.46483],[-144.31148,67.46559],[-144.31129,67.46579],[-144.3092,67.46558],[-144.30801,67.46585],[-144.30844,67.46618],[-144.30848,67.46651],[-144.30577,67.46618],[-144.30373,67.46652],[-144.30359,67.4661],[-144.30449,67.46581],[-144.30276,67.46599],[-144.30254,67.46581],[-144.30035,67.46629],[-144.29855,67.46647],[-144.29817,67.46674],[-144.29926,67.46687],[-144.29879,67.46749],[-144.29665,67.46827],[-144.29717,67.4686],[-144.2986,67.46873],[-144.29879,67.46898],[-144.29812,67.46918],[-144.29679,67.46896],[-144.29584,67.46915],[-144.2947,67.46915],[-144.29327,67.46964],[-144.29346,67.46922],[-144.29156,67.46869],[-144.28947,67.46898],[-144.28747,67.46895],[-144.28742,67.46988],[-144.28761,67.47024],[-144.28932,67.4714],[-144.28927,67.47178],[-144.28861,67.47192],[-144.28728,67.47179],[-144.28704,67.47197],[-144.28671,67.47248],[-144.28719,67.47279],[-144.28681,67.47339],[-144.28652,67.47443],[-144.28529,67.47476],[-144.28381,67.47477],[-144.28315,67.47499],[-144.28324,67.47638],[-144.2859,67.47696],[-144.28602,67.47765],[-144.28438,67.47778],[-144.28381,67.47767],[-144.28381,67.47725],[-144.28362,67.47716],[-144.28196,67.47692],[-144.28191,67.47663],[-144.28143,67.47607],[-144.28129,67.47554],[-144.27982,67.47468],[-144.2801,67.47426],[-144.28091,67.47392],[-144.28167,67.47332],[-144.28191,67.47284],[-144.28034,67.47264],[-144.28034,67.47201],[-144.28063,67.47151],[-144.28124,67.47095],[-144.28072,67.4706],[-144.27987,67.4704],[-144.27911,67.47004],[-144.27741,67.47052],[-144.27831,67.47115],[-144.2769,67.47164],[-144.27556,67.47286],[-144.27441,67.47337],[-144.27303,67.47377],[-144.27154,67.47446],[-144.26946,67.47465],[-144.26886,67.47485],[-144.2689,67.47519],[-144.26993,67.47549],[-144.27001,67.47597],[-144.26908,67.4768],[-144.26849,67.47697],[-144.26806,67.47627],[-144.26731,67.47616],[-144.26413,67.47716],[-144.26553,67.47785],[-144.26474,67.47808],[-144.26389,67.47803],[-144.26248,67.47873],[-144.25989,67.47889],[-144.25892,67.47914],[-144.25834,67.47951],[-144.25668,67.47996],[-144.25619,67.47986],[-144.25923,67.47854],[-144.25962,67.47823],[-144.25919,67.47813],[-144.25971,67.47743],[-144.25924,67.47729],[-144.25938,67.47691],[-144.25776,67.47705],[-144.25713,67.47663],[-144.25805,67.47621],[-144.25985,67.47643],[-144.26071,67.47629],[-144.26028,67.47598],[-144.25924,67.47558],[-144.25924,67.47508],[-144.25843,67.47416],[-144.25847,67.47321],[-144.25705,67.47279],[-144.25648,67.47243],[-144.25757,67.47235],[-144.25928,67.47259],[-144.26028,67.47228],[-144.2618,67.47264],[-144.26366,67.47264],[-144.2638,67.47213],[-144.26328,67.47195],[-144.26156,67.4721],[-144.26038,67.47197],[-144.26019,67.47135],[-144.25738,67.47173],[-144.25705,67.47147],[-144.25938,67.47073],[-144.25924,67.47031],[-144.25881,67.46991],[-144.25786,67.46964],[-144.25653,67.46889],[-144.25572,67.46867],[-144.25596,67.46807],[-144.25558,67.46774],[-144.25448,67.46751],[-144.25415,67.46729],[-144.25244,67.4674],[-144.25092,67.46771],[-144.2493,67.46784],[-144.24493,67.46798],[-144.24512,67.46767],[-144.25044,67.4672],[-144.25353,67.4662],[-144.25481,67.46598],[-144.25629,67.4659],[-144.25857,67.46518],[-144.26228,67.46472],[-144.26361,67.46483],[-144.26522,67.46428],[-144.26722,67.46326],[-144.27041,67.46215],[-144.27107,67.46164],[-144.2725,67.46153],[-144.27445,67.46099],[-144.27326,67.46029],[-144.27392,67.45984],[-144.27516,67.46037],[-144.27625,67.45962],[-144.27625,67.45922],[-144.2772,67.45916],[-144.27853,67.45933],[-144.27939,67.45904],[-144.28167,67.45767],[-144.28177,67.45741],[-144.27982,67.45685],[-144.27986,67.4567],[-144.28167,67.4569],[-144.28305,67.45736],[-144.28405,67.45743],[-144.28419,67.45707],[-144.28486,67.45665],[-144.28628,67.45643],[-144.28562,67.45617],[-144.28571,67.45581],[-144.28647,67.45539],[-144.28443,67.45537],[-144.28286,67.45557],[-144.28137,67.45602],[-144.27665,67.45623],[-144.2752,67.45652],[-144.27237,67.45644],[-144.27016,67.45666],[-144.27024,67.45734],[-144.26911,67.45738],[-144.268,67.45838],[-144.26701,67.45891],[-144.26614,67.45973],[-144.2643,67.46002],[-144.26407,67.45975],[-144.26367,67.45961],[-144.26197,67.45967],[-144.26191,67.45938],[-144.26138,67.45916],[-144.26251,67.45913],[-144.26406,67.45844],[-144.26624,67.45815],[-144.26756,67.45777],[-144.26863,67.45703],[-144.26902,67.45629],[-144.27092,67.45614],[-144.27153,67.45587],[-144.2714,67.45547],[-144.27426,67.45516],[-144.27458,67.45476],[-144.27904,67.45391],[-144.28246,67.45285],[-144.28334,67.45231],[-144.28586,67.45215],[-144.28804,67.45217],[-144.29006,67.45198],[-144.29088,67.45159],[-144.29306,67.4513],[-144.2955,67.45135],[-144.29764,67.45089],[-144.29793,67.45036],[-144.29745,67.44987],[-144.29602,67.44938],[-144.29618,67.44911],[-144.29781,67.44955],[-144.29888,67.44961],[-144.30175,67.45017],[-144.30349,67.45018],[-144.30349,67.44965],[-144.30235,67.44894],[-144.3024,67.44854],[-144.30378,67.44863],[-144.30506,67.44845],[-144.3062,67.44857],[-144.30763,67.44892],[-144.30977,67.44783],[-144.31034,67.4473],[-144.30939,67.44686],[-144.30611,67.44677],[-144.30473,67.4462],[-144.30577,67.44536],[-144.30658,67.44524],[-144.30734,67.44535],[-144.3082,67.44509],[-144.31105,67.44522],[-144.31229,67.44587],[-144.31286,67.44591],[-144.31338,67.44547],[-144.31514,67.44485],[-144.31694,67.44478],[-144.31718,67.44454],[-144.31694,67.4442],[-144.31883,67.4439],[-144.31851,67.44358],[-144.31704,67.44338],[-144.31685,67.44312],[-144.31761,67.44263],[-144.31913,67.44241],[-144.31913,67.44217],[-144.31984,67.44174],[-144.32189,67.44181],[-144.32251,67.44161],[-144.32179,67.44137],[-144.32175,67.44102],[-144.32198,67.44082],[-144.32327,67.44092],[-144.3227,67.44053],[-144.31902,67.44018],[-144.31882,67.43995],[-144.3209,67.43979],[-144.32114,67.43961],[-144.3224,67.43951],[-144.32276,67.43916],[-144.3222,67.43886],[-144.32187,67.43854],[-144.32182,67.43829],[-144.32127,67.43816],[-144.32094,67.43794],[-144.31999,67.43822],[-144.31918,67.43829],[-144.31851,67.43867],[-144.31713,67.43905],[-144.31523,67.43931],[-144.31314,67.44044],[-144.31262,67.4403],[-144.31267,67.43999],[-144.31252,67.43995],[-144.3111,67.44008],[-144.3111,67.43977],[-144.31143,67.43951],[-144.31175,67.43901],[-144.31265,67.43844],[-144.31219,67.4382],[-144.3121,67.43791],[-144.313,67.43765],[-144.31323,67.43795],[-144.31476,67.43842],[-144.31523,67.43838],[-144.31495,67.43765],[-144.31414,67.43741],[-144.31571,67.43729],[-144.31628,67.43696],[-144.31618,67.43683],[-144.31675,67.43665],[-144.31666,67.43634],[-144.31633,67.43615],[-144.31637,67.43566],[-144.31661,67.43539],[-144.31832,67.43537],[-144.31953,67.43483],[-144.31895,67.43459],[-144.32105,67.43406],[-144.32231,67.43309],[-144.32352,67.43292],[-144.32407,67.43271],[-144.3245,67.43226],[-144.32441,67.43178],[-144.32588,67.43138],[-144.32612,67.43112],[-144.32807,67.43112],[-144.32854,67.43145],[-144.32926,67.43139],[-144.32968,67.43192],[-144.33021,67.43198],[-144.33225,67.43117],[-144.33173,67.43096],[-144.33063,67.43096],[-144.33035,67.43072],[-144.33035,67.4303],[-144.33059,67.42997],[-144.33035,67.42975],[-144.33035,67.42935],[-144.32987,67.42847],[-144.32807,67.42824],[-144.32837,67.42801],[-144.3293,67.42796],[-144.33016,67.42773],[-144.33044,67.42733],[-144.33035,67.42703],[-144.32981,67.42697],[-144.33005,67.4268],[-144.33159,67.4267],[-144.33216,67.42634],[-144.33292,67.42632],[-144.33496,67.4267],[-144.33548,67.42743],[-144.33634,67.42694],[-144.33662,67.42661],[-144.33643,67.42632],[-144.338,67.42585],[-144.338,67.42552],[-144.337,67.42512],[-144.33691,67.4247],[-144.33724,67.42439],[-144.33957,67.42444],[-144.34033,67.42477],[-144.34033,67.4251],[-144.34095,67.42546],[-144.34138,67.42539],[-144.34157,67.42479],[-144.3419,67.4243],[-144.34428,67.4234],[-144.34594,67.42305],[-144.34585,67.4226],[-144.34542,67.4224],[-144.34437,67.42232],[-144.34442,67.4222],[-144.34499,67.42192],[-144.34661,67.42207],[-144.3468,67.42172],[-144.34684,67.42116],[-144.34779,67.42085],[-144.34917,67.42097],[-144.34889,67.42076],[-144.34898,67.42054],[-144.35003,67.42032],[-144.35112,67.42032],[-144.35193,67.42015],[-144.35146,67.4199],[-144.34993,67.41982],[-144.34675,67.42052],[-144.34566,67.42039],[-144.3457,67.42017],[-144.34637,67.41968],[-144.34632,67.41951],[-144.34366,67.41942],[-144.34295,67.41909],[-144.34152,67.41935],[-144.34055,67.41919],[-144.34061,67.41905],[-144.33927,67.41919],[-144.33968,67.41977],[-144.33878,67.42011],[-144.33736,67.42027],[-144.33602,67.41987],[-144.33459,67.41965],[-144.32951,67.41969],[-144.32745,67.41957],[-144.32623,67.4199],[-144.32712,67.42026],[-144.32707,67.42072],[-144.32764,67.42092],[-144.33101,67.42096],[-144.33182,67.42127],[-144.33163,67.42167],[-144.33002,67.4217],[-144.32907,67.42191],[-144.3285,67.42247],[-144.32764,67.42227],[-144.32735,67.42253],[-144.32745,67.42393],[-144.32596,67.42424],[-144.32583,67.42378],[-144.32607,67.4227],[-144.32512,67.42203],[-144.32384,67.4215],[-144.32227,67.42127],[-144.3216,67.42101],[-144.32103,67.42035],[-144.3216,67.41964],[-144.32442,67.41906],[-144.32433,67.41892],[-144.32449,67.41851],[-144.32554,67.41834],[-144.32496,67.41806],[-144.32503,67.41735],[-144.32702,67.41685],[-144.32919,67.41587],[-144.33007,67.41579],[-144.33075,67.41502],[-144.33043,67.41456],[-144.33082,67.41404],[-144.33056,67.41373],[-144.3294,67.41342],[-144.32872,67.41306],[-144.32691,67.41288],[-144.32659,67.4132],[-144.32617,67.41329],[-144.32574,67.41356],[-144.32574,67.41384],[-144.32522,67.4142],[-144.32374,67.41451],[-144.32388,67.41479],[-144.32103,67.41557],[-144.32089,67.41606],[-144.3187,67.41681],[-144.31666,67.41774],[-144.31618,67.41762],[-144.31718,67.41701],[-144.31856,67.41641],[-144.3187,67.41616],[-144.3187,67.41568],[-144.31946,67.4153],[-144.31885,67.41502],[-144.31794,67.41501],[-144.31737,67.41544],[-144.31628,67.41581],[-144.3121,67.41641],[-144.31233,67.41586],[-144.31471,67.41528],[-144.31552,67.41484],[-144.31761,67.41424],[-144.3207,67.41364],[-144.32075,67.41329],[-144.32162,67.41285],[-144.32145,67.41242],[-144.32288,67.41205],[-144.32455,67.41202],[-144.32633,67.41131],[-144.32697,67.41086],[-144.32848,67.41043],[-144.33202,67.40972],[-144.33278,67.4099],[-144.33263,67.41137],[-144.33231,67.41192],[-144.33172,67.41239],[-144.33287,67.41243],[-144.33354,67.41206],[-144.33365,67.41147],[-144.33479,67.41138],[-144.33439,67.41197],[-144.33482,67.41193],[-144.33565,67.41159],[-144.33574,67.4112],[-144.33737,67.41123],[-144.33715,67.41181],[-144.33634,67.41268],[-144.33455,67.41342],[-144.33351,67.41442],[-144.33454,67.41606],[-144.33597,67.41639],[-144.33671,67.41636],[-144.33774,67.41567],[-144.33955,67.41478],[-144.34139,67.41425],[-144.34243,67.41427],[-144.34348,67.41381],[-144.34406,67.41382],[-144.34452,67.41417],[-144.34531,67.41423],[-144.34562,67.41405],[-144.34554,67.41363],[-144.34642,67.41332],[-144.34656,67.41294],[-144.34704,67.4126],[-144.34759,67.41254],[-144.34841,67.41314],[-144.35006,67.41315],[-144.35258,67.4124],[-144.35399,67.41239],[-144.35467,67.41217],[-144.35495,67.41154],[-144.3554,67.41129],[-144.35676,67.41099],[-144.35635,67.41035],[-144.35683,67.41012],[-144.35841,67.41013],[-144.35872,67.41036],[-144.35886,67.41077],[-144.36031,67.4103],[-144.362,67.41012],[-144.36222,67.40964],[-144.36222,67.40914],[-144.36512,67.40894],[-144.36561,67.40817],[-144.36488,67.40777],[-144.36548,67.40728],[-144.36943,67.40671],[-144.36963,67.40576],[-144.37084,67.40505],[-144.37566,67.40382],[-144.37925,67.40344],[-144.3806,67.40265],[-144.38152,67.40257],[-144.38265,67.40167],[-144.38141,67.40141],[-144.38163,67.40042],[-144.38308,67.40025],[-144.3835,67.40032],[-144.3837,67.40071],[-144.3844,67.40096],[-144.384,67.4015],[-144.38408,67.40168],[-144.38578,67.40227],[-144.3878,67.40229],[-144.38738,67.4025],[-144.38732,67.40267],[-144.38914,67.40308],[-144.38964,67.40336],[-144.39095,67.40258],[-144.39249,67.402],[-144.39383,67.40228],[-144.39497,67.40177],[-144.39595,67.40185],[-144.39685,67.40161],[-144.3981,67.40152],[-144.39877,67.40111],[-144.39841,67.4006],[-144.39939,67.40019],[-144.3998,67.39968],[-144.40037,67.39948],[-144.40095,67.3994],[-144.40332,67.39979],[-144.40378,67.39962],[-144.40451,67.39979],[-144.40513,67.39971],[-144.40542,67.39948],[-144.40639,67.39952],[-144.40838,67.40001],[-144.40897,67.3999],[-144.40924,67.3993],[-144.40893,67.39793],[-144.40909,67.39786],[-144.40842,67.39753],[-144.40859,67.39733],[-144.40907,67.39729],[-144.41147,67.39796],[-144.41229,67.39757],[-144.41403,67.39733],[-144.41614,67.39752],[-144.41679,67.39694],[-144.41825,67.39755],[-144.41856,67.39711],[-144.41839,67.39677],[-144.41851,67.39644],[-144.42071,67.39599],[-144.42064,67.39582],[-144.41974,67.39516],[-144.42036,67.39478],[-144.4211,67.39445],[-144.42248,67.39418],[-144.42408,67.39409],[-144.4235,67.39365],[-144.4201,67.39246],[-144.41965,67.39246],[-144.41923,67.39218],[-144.41387,67.3922],[-144.41268,67.39206],[-144.41155,67.39165],[-144.41081,67.39126],[-144.4104,67.39089],[-144.41029,67.39054],[-144.41077,67.39043],[-144.41267,67.39064],[-144.41292,67.3905],[-144.41201,67.39013],[-144.40997,67.38973],[-144.40876,67.38906],[-144.40898,67.38846],[-144.40856,67.38796],[-144.40753,67.38766],[-144.40788,67.38697],[-144.40878,67.38651],[-144.41073,67.38658],[-144.4124,67.38633],[-144.41316,67.3861],[-144.41327,67.3855],[-144.4143,67.38548],[-144.41468,67.38579],[-144.41457,67.38651],[-144.41546,67.3866],[-144.41557,67.38605],[-144.41601,67.3858],[-144.4173,67.38524],[-144.41856,67.3852],[-144.41934,67.38534],[-144.4185,67.3856],[-144.41755,67.38564],[-144.41711,67.3859],[-144.41771,67.3864],[-144.41871,67.38651],[-144.41932,67.38672],[-144.4203,67.38674],[-144.421,67.38605],[-144.42094,67.38568],[-144.42158,67.38543],[-144.42229,67.3856],[-144.42349,67.38645],[-144.4235,67.38663],[-144.42276,67.38678],[-144.42285,67.38692],[-144.42365,67.387],[-144.42528,67.38625],[-144.42681,67.38576],[-144.4286,67.38561],[-144.43102,67.38488],[-144.43421,67.38424],[-144.43459,67.38385],[-144.43459,67.38331],[-144.43613,67.3835],[-144.43755,67.38282],[-144.43919,67.3838],[-144.43983,67.3839],[-144.44023,67.38362],[-144.44028,67.38331],[-144.44074,67.38289],[-144.44139,67.38283],[-144.44181,67.38304],[-144.44251,67.38305],[-144.44398,67.3825],[-144.44401,67.3822],[-144.44319,67.38182],[-144.44308,67.3813],[-144.44531,67.38203],[-144.44659,67.38152],[-144.4456,67.38069],[-144.4456,67.38021],[-144.44594,67.37952],[-144.44671,67.37932],[-144.45134,67.37926],[-144.4512,67.37896],[-144.45043,67.37867],[-144.45252,67.37875],[-144.45326,67.37848],[-144.45425,67.37848],[-144.45612,67.37902],[-144.45671,67.37874],[-144.45885,67.37929],[-144.46007,67.37945],[-144.46091,67.37927],[-144.4619,67.37986],[-144.46317,67.3799],[-144.46461,67.38042],[-144.46427,67.38062],[-144.4634,67.38076],[-144.4632,67.38097],[-144.46447,67.38113],[-144.46467,67.38152],[-144.46376,67.38176],[-144.46267,67.38237],[-144.46114,67.38242],[-144.45973,67.38306],[-144.4605,67.3834],[-144.46237,67.38347],[-144.46028,67.38394],[-144.45924,67.38394],[-144.45782,67.38336],[-144.45578,67.3836],[-144.45316,67.38367],[-144.4525,67.38346],[-144.45146,67.38355],[-144.45005,67.38399],[-144.45321,67.38485],[-144.45516,67.38522],[-144.45772,67.38542],[-144.45778,67.38568],[-144.45837,67.38611],[-144.45905,67.38601],[-144.46052,67.38623],[-144.4619,67.38676],[-144.46204,67.38703],[-144.45905,67.38736],[-144.45798,67.38767],[-144.45786,67.38782],[-144.45871,67.38856],[-144.45731,67.38851],[-144.45484,67.38807],[-144.45463,67.38775],[-144.45054,67.38752],[-144.45045,67.38788],[-144.45195,67.38797],[-144.45363,67.38861],[-144.45347,67.38928],[-144.45217,67.38971],[-144.45077,67.38973],[-144.44865,67.38879],[-144.44664,67.38911],[-144.44684,67.3899],[-144.44624,67.39084],[-144.44692,67.39175],[-144.44727,67.39186],[-144.44724,67.39127],[-144.44819,67.39129],[-144.44911,67.39286],[-144.4515,67.39383],[-144.45209,67.39381],[-144.452,67.39352],[-144.45075,67.39299],[-144.45075,67.39276],[-144.45157,67.39255],[-144.45322,67.39248],[-144.45565,67.39385],[-144.45718,67.39366],[-144.45779,67.39313],[-144.45826,67.39301],[-144.4596,67.39269],[-144.46061,67.39264],[-144.4605,67.39189],[-144.46165,67.39204],[-144.46203,67.39101],[-144.46174,67.39071],[-144.46162,67.39018],[-144.46137,67.38986],[-144.46182,67.38967],[-144.46441,67.38951],[-144.46742,67.39083],[-144.46885,67.3907],[-144.46862,67.39031],[-144.47002,67.38997],[-144.46997,67.3896],[-144.47099,67.38973],[-144.4715,67.38945],[-144.47133,67.38921],[-144.47136,67.38882],[-144.47175,67.38866],[-144.47054,67.38831],[-144.47153,67.38812],[-144.47269,67.38819],[-144.47161,67.38766],[-144.4713,67.38725],[-144.47052,67.38694],[-144.46914,67.38708],[-144.46687,67.38625],[-144.46687,67.38605],[-144.46563,67.38576],[-144.46726,67.38572],[-144.4687,67.38604],[-144.4737,67.38661],[-144.47508,67.38654],[-144.4779,67.38723],[-144.47829,67.38754],[-144.47884,67.38759],[-144.47994,67.38734],[-144.48106,67.38626],[-144.48064,67.38551],[-144.47696,67.38429],[-144.47704,67.38381],[-144.47652,67.38344],[-144.47686,67.38327],[-144.47784,67.38382],[-144.4813,67.3849],[-144.48167,67.38431],[-144.47935,67.38305],[-144.47977,67.38262],[-144.4804,67.38237],[-144.4813,67.38286],[-144.48206,67.38368],[-144.48277,67.38416],[-144.4831,67.38454],[-144.48444,67.38512],[-144.48533,67.38513],[-144.48602,67.38477],[-144.48614,67.38443],[-144.48605,67.38372],[-144.48402,67.38359],[-144.48423,67.38311],[-144.48385,67.38261],[-144.48396,67.38192],[-144.48467,67.38161],[-144.48504,67.38072],[-144.48732,67.38107],[-144.48934,67.38197],[-144.48995,67.38185],[-144.4901,67.38153],[-144.48932,67.38133],[-144.48911,67.38103],[-144.48805,67.38048],[-144.48856,67.38026],[-144.48938,67.38031],[-144.49032,67.37975],[-144.48997,67.37938],[-144.48704,67.37874],[-144.48615,67.37796],[-144.48513,67.37756],[-144.48398,67.37806],[-144.48308,67.3781],[-144.48155,67.37987],[-144.47951,67.37953],[-144.47823,67.37904],[-144.47716,67.37737],[-144.47653,67.37613],[-144.47474,67.37588],[-144.47402,67.37599],[-144.4719,67.37709],[-144.47034,67.37738],[-144.46838,67.37731],[-144.46455,67.37796],[-144.46181,67.37772],[-144.46047,67.37786],[-144.45853,67.3776],[-144.45777,67.37781],[-144.45572,67.37781],[-144.45505,67.3776],[-144.4551,67.37731],[-144.4539,67.37732],[-144.45369,67.37697],[-144.45209,67.37613],[-144.45126,67.37598],[-144.44586,67.37626],[-144.44345,67.37658],[-144.44361,67.37631],[-144.44486,67.37625],[-144.44606,67.37542],[-144.44799,67.37549],[-144.44898,67.37463],[-144.45083,67.37433],[-144.45116,67.37299],[-144.45323,67.37308],[-144.45379,67.37245],[-144.45472,67.3725],[-144.45547,67.37293],[-144.45583,67.37267],[-144.45737,67.37254],[-144.45766,67.37214],[-144.45823,67.37189],[-144.45657,67.37174],[-144.4569,67.37145],[-144.45783,67.3714],[-144.45874,67.37114],[-144.45736,67.37067],[-144.45655,67.37016],[-144.45669,67.36978],[-144.45925,67.36903],[-144.45891,67.36823],[-144.45693,67.36907],[-144.45437,67.36883],[-144.45259,67.36814],[-144.45361,67.36804],[-144.45297,67.36632],[-144.45435,67.36627],[-144.45565,67.36671],[-144.46063,67.36563],[-144.46226,67.36448],[-144.46241,67.36411],[-144.46346,67.36413],[-144.46503,67.36394],[-144.46502,67.36429],[-144.46331,67.36491],[-144.46331,67.36524],[-144.46509,67.36524],[-144.47032,67.36337],[-144.47344,67.36205],[-144.47344,67.36172],[-144.47414,67.36153],[-144.47498,67.36143],[-144.47669,67.36149],[-144.47763,67.36183],[-144.47787,67.36208],[-144.47693,67.36266],[-144.47584,67.36229],[-144.47528,67.36228],[-144.4752,67.36235],[-144.47542,67.3626],[-144.47551,67.36301],[-144.47542,67.36338],[-144.47432,67.36374],[-144.47397,67.36406],[-144.47432,67.3642],[-144.47286,67.36498],[-144.473,67.36532],[-144.47514,67.36509],[-144.47789,67.36357],[-144.47989,67.36205],[-144.48066,67.36259],[-144.48308,67.36313],[-144.48206,67.36392],[-144.48142,67.36485],[-144.48075,67.3654],[-144.48157,67.36545],[-144.48327,67.3646],[-144.48509,67.36413],[-144.48602,67.36367],[-144.48717,67.36392],[-144.49003,67.36281],[-144.49076,67.3627],[-144.49197,67.36277],[-144.49528,67.36341],[-144.49942,67.36259],[-144.50108,67.36328],[-144.50248,67.36337],[-144.50541,67.36259],[-144.50605,67.36254],[-144.50618,67.36313],[-144.50771,67.36342],[-144.50924,67.36396],[-144.51193,67.36451],[-144.51251,67.36481],[-144.51348,67.36499],[-144.51348,67.36516],[-144.51211,67.36499],[-144.51242,67.36532],[-144.51303,67.3656],[-144.51308,67.36588],[-144.51281,67.36611],[-144.51115,67.36589],[-144.51048,67.36555],[-144.50886,67.36519],[-144.50656,67.3649],[-144.50503,67.36504],[-144.50439,67.36465],[-144.50184,67.3646],[-144.50108,67.36495],[-144.49916,67.36504],[-144.49801,67.36441],[-144.49582,67.36459],[-144.4965,67.36497],[-144.4965,67.36543],[-144.49819,67.36658],[-144.49815,67.36722],[-144.49985,67.36788],[-144.50168,67.36836],[-144.5021,67.3692],[-144.50192,67.3694],[-144.50194,67.36963],[-144.50225,67.37011],[-144.50309,67.37037],[-144.5035,67.3709],[-144.50443,67.37123],[-144.5047,67.37071],[-144.50452,67.37023],[-144.50509,67.36876],[-144.50645,67.36881],[-144.50622,67.3698],[-144.50644,67.3699],[-144.50773,67.36967],[-144.50942,67.36907],[-144.51047,67.36854],[-144.50937,67.3676],[-144.50985,67.36714],[-144.50946,67.36684],[-144.51017,67.36671],[-144.50999,67.3665],[-144.5107,67.36633],[-144.51131,67.3664],[-144.51439,67.36722],[-144.51552,67.36697],[-144.51597,67.36649],[-144.51758,67.36658],[-144.51988,67.3659],[-144.51975,67.36562],[-144.52064,67.36498],[-144.52236,67.36425],[-144.52603,67.36322],[-144.52684,67.36222],[-144.52824,67.36221],[-144.52876,67.36186],[-144.53259,67.36186],[-144.53366,67.36214],[-144.53682,67.36225],[-144.53758,67.36267],[-144.53868,67.36384],[-144.53894,67.36469],[-144.53801,67.36553],[-144.53758,67.36644],[-144.53804,67.36658],[-144.53878,67.36726],[-144.5429,67.36758],[-144.54394,67.3667],[-144.54373,67.36496],[-144.5427,67.36369],[-144.54259,67.36301],[-144.54319,67.36155],[-144.54156,67.36076],[-144.5407,67.36015],[-144.54005,67.35891],[-144.53908,67.3587],[-144.53745,67.35953],[-144.53756,67.3602],[-144.53345,67.36034],[-144.53204,67.35782],[-144.52961,67.35743],[-144.52728,67.35682],[-144.52649,67.35588],[-144.52559,67.35595],[-144.51969,67.35572],[-144.51509,67.35509],[-144.51694,67.35491],[-144.51991,67.3554],[-144.52679,67.35541],[-144.52831,67.35505],[-144.52968,67.35513],[-144.53205,67.35489],[-144.53397,67.35493],[-144.53487,67.35479],[-144.535,67.35443],[-144.5345,67.35429],[-144.53376,67.35434],[-144.53322,67.35398],[-144.5321,67.35385],[-144.52934,67.35409],[-144.52893,67.35383],[-144.52902,67.35359],[-144.52854,67.35337],[-144.52758,67.35325],[-144.52714,67.35355],[-144.52532,67.35312],[-144.52578,67.35282],[-144.52437,67.35258],[-144.52506,67.35164],[-144.52492,67.35156],[-144.52423,67.35176],[-144.52303,67.35187],[-144.52255,67.3521],[-144.52219,67.35232],[-144.52299,67.35256],[-144.52252,67.3528],[-144.51959,67.35304],[-144.51643,67.3536],[-144.51084,67.35396],[-144.50887,67.35355],[-144.50767,67.3535],[-144.50622,67.35364],[-144.506,67.35395],[-144.50397,67.35356],[-144.503,67.35318],[-144.50312,67.35268],[-144.50343,67.35246],[-144.50752,67.35315],[-144.5105,67.35275],[-144.51206,67.35277],[-144.51282,67.35266],[-144.51277,67.35251],[-144.51136,67.35241],[-144.51159,67.35207],[-144.51242,67.3518],[-144.51283,67.3514],[-144.5114,67.35112],[-144.5114,67.35077],[-144.5118,67.35046],[-144.51515,67.35038],[-144.51677,67.34987],[-144.51932,67.34967],[-144.52241,67.34961],[-144.5238,67.34915],[-144.52548,67.34914],[-144.52621,67.34896],[-144.5292,67.34915],[-144.52984,67.34908],[-144.529,67.34788],[-144.53059,67.34767],[-144.52948,67.34661],[-144.52852,67.34656],[-144.52837,67.34623],[-144.52872,67.34607],[-144.52778,67.34636],[-144.52637,67.34628],[-144.52551,67.34607],[-144.52608,67.3455],[-144.52691,67.34494],[-144.53028,67.34366],[-144.53076,67.34327],[-144.53268,67.34265],[-144.53402,67.34168],[-144.53536,67.34141],[-144.53683,67.34146],[-144.53724,67.34197],[-144.53724,67.3422],[-144.53783,67.34333],[-144.5367,67.34439],[-144.53561,67.34491],[-144.53632,67.34526],[-144.54037,67.34506],[-144.54081,67.34528],[-144.54227,67.34478],[-144.54286,67.34349],[-144.54427,67.34253],[-144.54562,67.34203],[-144.54708,67.3421],[-144.54709,67.34221],[-144.54889,67.3422],[-144.54931,67.34204],[-144.55105,67.34195],[-144.55217,67.34231],[-144.55291,67.34281],[-144.55356,67.34345],[-144.55597,67.34302],[-144.55652,67.34318],[-144.5574,67.34318],[-144.55741,67.34291],[-144.55814,67.34273],[-144.55827,67.3428],[-144.55817,67.34316],[-144.56013,67.34331],[-144.5602,67.34363],[-144.55814,67.34367],[-144.55663,67.34443],[-144.55673,67.34415],[-144.55664,67.3438],[-144.556,67.34357],[-144.55487,67.34435],[-144.55299,67.34424],[-144.55273,67.34563],[-144.54727,67.3463],[-144.54607,67.34697],[-144.54321,67.34793],[-144.54579,67.34887],[-144.54549,67.34937],[-144.54454,67.34969],[-144.5442,67.35001],[-144.54485,67.35007],[-144.54492,67.34986],[-144.5457,67.34986],[-144.54628,67.35026],[-144.54631,67.35063],[-144.54536,67.35111],[-144.54431,67.35215],[-144.54294,67.35298],[-144.54213,67.35319],[-144.54133,67.3539],[-144.5417,67.35425],[-144.54522,67.35407],[-144.54759,67.35366],[-144.5478,67.35339],[-144.54761,67.35301],[-144.54825,67.35263],[-144.54896,67.35259],[-144.55048,67.35215],[-144.55032,67.35198],[-144.5504,67.35162],[-144.54967,67.35134],[-144.54949,67.35077],[-144.55018,67.35011],[-144.54977,67.34963],[-144.55055,67.34881],[-144.55034,67.34845],[-144.55147,67.3481],[-144.55322,67.34819],[-144.55341,67.34829],[-144.55375,67.3489],[-144.55684,67.34893],[-144.55493,67.35083],[-144.55628,67.35093],[-144.55651,67.35135],[-144.55732,67.35134],[-144.55847,67.35069],[-144.55947,67.35071],[-144.56118,67.35102],[-144.56258,67.35065],[-144.56398,67.35208],[-144.56271,67.35267],[-144.5634,67.35293],[-144.5654,67.3526],[-144.56562,67.35159],[-144.56634,67.35163],[-144.56723,67.35193],[-144.56696,67.35253],[-144.56754,67.35294],[-144.56734,67.35339],[-144.56833,67.35323],[-144.56899,67.35333],[-144.56951,67.35371],[-144.57024,67.35366],[-144.56969,67.3529],[-144.5703,67.35212],[-144.56957,67.35179],[-144.56949,67.3513],[-144.56984,67.35113],[-144.56757,67.34913],[-144.56884,67.34933],[-144.5703,67.34915],[-144.57064,67.34867],[-144.57125,67.34866],[-144.5722,67.34897],[-144.57389,67.34907],[-144.57455,67.34938],[-144.57533,67.34938],[-144.57555,67.34909],[-144.57632,67.34911],[-144.57678,67.34953],[-144.57737,67.34959],[-144.57894,67.34909],[-144.57923,67.34941],[-144.57972,67.34925],[-144.58112,67.34973],[-144.58085,67.34902],[-144.58378,67.34734],[-144.57987,67.34512],[-144.57913,67.34569],[-144.57909,67.34639],[-144.57881,67.34715],[-144.57761,67.34786],[-144.57687,67.34815],[-144.57583,67.34755],[-144.57365,67.34776],[-144.57198,67.34775],[-144.57299,67.34727],[-144.5732,67.347],[-144.57248,67.34667],[-144.5737,67.34592],[-144.5742,67.34591],[-144.57465,67.34562],[-144.57588,67.34523],[-144.57602,67.34476],[-144.57803,67.34491],[-144.57897,67.34462],[-144.57831,67.34414],[-144.57839,67.34391],[-144.57894,67.34379],[-144.57997,67.34309],[-144.57964,67.34253],[-144.5798,67.34093],[-144.58003,67.34044],[-144.58099,67.34032],[-144.58218,67.3398],[-144.58177,67.33941],[-144.58089,67.33928],[-144.58006,67.33876],[-144.57972,67.33842],[-144.57957,67.33796],[-144.57823,67.33767],[-144.5762,67.33821],[-144.57546,67.3378],[-144.57489,67.33766],[-144.57477,67.33784],[-144.5743,67.33804],[-144.5705,67.33773],[-144.56801,67.33791],[-144.56628,67.33765],[-144.56628,67.33703],[-144.56594,67.33675],[-144.56522,67.33718],[-144.5644,67.33668],[-144.56435,67.33653],[-144.56455,67.33567],[-144.56518,67.33577],[-144.56545,67.33563],[-144.56552,67.33516],[-144.56696,67.33518],[-144.56753,67.33537],[-144.56878,67.33528],[-144.57004,67.33491],[-144.57006,67.33452],[-144.56825,67.33393],[-144.56871,67.33388],[-144.56758,67.33347],[-144.56667,67.33333],[-144.56606,67.33275],[-144.56811,67.3328],[-144.56983,67.33204],[-144.57173,67.33143],[-144.57135,67.33124],[-144.56875,67.33089],[-144.5672,67.33124],[-144.56571,67.33136],[-144.5654,67.33088],[-144.56574,67.33056],[-144.56654,67.33024],[-144.5665,67.32967],[-144.56584,67.32956],[-144.5631,67.32962],[-144.56275,67.32921],[-144.56206,67.32911],[-144.56152,67.32921],[-144.56014,67.3285],[-144.55845,67.32834],[-144.55545,67.3265],[-144.55602,67.32601],[-144.55766,67.32578],[-144.56019,67.32588],[-144.56104,67.32566],[-144.56072,67.32519],[-144.55964,67.32539],[-144.55862,67.32514],[-144.55739,67.32455],[-144.55535,67.32436],[-144.55483,67.32381],[-144.55516,67.32366],[-144.55337,67.32337],[-144.5517,67.32338],[-144.55039,67.32321],[-144.54872,67.3236],[-144.5502,67.32408],[-144.55012,67.32427],[-144.54806,67.32505],[-144.54804,67.32546],[-144.5485,67.3263],[-144.54692,67.32801],[-144.54729,67.32907],[-144.54919,67.32917],[-144.55143,67.32958],[-144.55314,67.32893],[-144.55387,67.32846],[-144.55477,67.32818],[-144.55559,67.32811],[-144.55616,67.32811],[-144.5573,67.32859],[-144.55992,67.32925],[-144.56024,67.33013],[-144.56007,67.3311],[-144.56074,67.33118],[-144.56112,67.33153],[-144.56033,67.3314],[-144.55983,67.33154],[-144.55992,67.33177],[-144.55832,67.33256],[-144.55621,67.33243],[-144.55589,67.33273],[-144.55855,67.33314],[-144.55876,67.33378],[-144.55882,67.3347],[-144.55746,67.33487],[-144.55589,67.33562],[-144.5533,67.33448],[-144.55211,67.33439],[-144.55013,67.33447],[-144.54934,67.33482],[-144.54987,67.33533],[-144.54943,67.33578],[-144.54842,67.33596],[-144.54701,67.33569],[-144.54623,67.33569],[-144.54485,67.33598],[-144.54507,67.33506],[-144.54338,67.33453],[-144.54322,67.3342],[-144.54195,67.33409],[-144.54065,67.33364],[-144.53928,67.3335],[-144.53902,67.33334],[-144.53804,67.33315],[-144.53892,67.33259],[-144.54148,67.33258],[-144.5415,67.33223],[-144.54115,67.33165],[-144.53932,67.33118],[-144.53778,67.33038],[-144.5384,67.33006],[-144.53608,67.32956],[-144.53389,67.33022],[-144.53464,67.33044],[-144.53396,67.33064],[-144.533,67.33067],[-144.53281,67.33057],[-144.5311,67.33094],[-144.53089,67.33067],[-144.52903,67.33049],[-144.52885,67.33024],[-144.52992,67.32995],[-144.5301,67.32963],[-144.53081,67.32942],[-144.53144,67.32899],[-144.53059,67.3288],[-144.52968,67.32887],[-144.52738,67.32825],[-144.52382,67.32774],[-144.52021,67.32866],[-144.51967,67.32939],[-144.51954,67.32987],[-144.5162,67.33059],[-144.51401,67.33052],[-144.50898,67.33074],[-144.50742,67.33062],[-144.50711,67.33021],[-144.50621,67.33004],[-144.50479,67.32999],[-144.50559,67.32897],[-144.50577,67.3282],[-144.50563,67.32782],[-144.50666,67.32693],[-144.50528,67.32638],[-144.50568,67.32571],[-144.50563,67.32547],[-144.50617,67.32513],[-144.50617,67.32487],[-144.50597,67.32453],[-144.50649,67.32416],[-144.50877,67.32357],[-144.51265,67.32292],[-144.5135,67.32198],[-144.51384,67.32126],[-144.51224,67.31953],[-144.51304,67.3186],[-144.51289,67.31808],[-144.51001,67.31694],[-144.50851,67.31673],[-144.50863,67.31651],[-144.5094,67.31616],[-144.50991,67.31569],[-144.50974,67.31539],[-144.50925,67.3153],[-144.50931,67.31497],[-144.51065,67.31477],[-144.51057,67.31453],[-144.5108,67.31424],[-144.51057,67.31365],[-144.51085,67.31346],[-144.51168,67.31329],[-144.51182,67.313],[-144.51168,67.31261],[-144.51617,67.31051],[-144.52032,67.30968],[-144.52161,67.30959],[-144.52183,67.3093],[-144.52001,67.30864],[-144.51659,67.30866],[-144.51256,67.30945],[-144.50978,67.30943],[-144.50894,67.30969],[-144.50829,67.31011],[-144.50683,67.31043],[-144.50578,67.3105],[-144.50458,67.31031],[-144.50392,67.31056],[-144.50344,67.31099],[-144.50259,67.31074],[-144.50217,67.31047],[-144.50125,67.31067],[-144.50146,67.31099],[-144.50025,67.31145],[-144.49786,67.31099],[-144.49489,67.31093],[-144.49409,67.31129],[-144.49416,67.31167],[-144.49724,67.31189],[-144.49745,67.31209],[-144.49727,67.31233],[-144.49675,67.31261],[-144.49675,67.31281],[-144.49696,67.31305],[-144.49585,67.31328],[-144.49551,67.31357],[-144.49461,67.31354],[-144.49371,67.31324],[-144.49357,67.31345],[-144.49253,67.31381],[-144.49149,67.31389],[-144.49108,67.31361],[-144.48554,67.31495],[-144.48294,67.3151],[-144.48239,67.3156],[-144.48211,67.31613],[-144.48101,67.31701],[-144.48038,67.31692],[-144.47997,67.31584],[-144.47997,67.31556],[-144.47896,67.31533],[-144.47806,67.31551],[-144.47789,67.31581],[-144.47657,67.3166],[-144.47471,67.31697],[-144.47488,67.31795],[-144.47363,67.31788],[-144.47266,67.318],[-144.47277,67.31736],[-144.47228,67.31699],[-144.47252,67.31655],[-144.47339,67.316],[-144.47432,67.31563],[-144.47474,67.31529],[-144.47502,67.31479],[-144.47533,67.3146],[-144.47616,67.31433],[-144.47924,67.31405],[-144.48092,67.3141],[-144.48326,67.31376],[-144.48409,67.31329],[-144.48665,67.3124],[-144.48827,67.31246],[-144.48904,67.31237],[-144.49073,67.31182],[-144.4925,67.31147],[-144.49315,67.31098],[-144.49246,67.31073],[-144.49097,67.31093],[-144.48957,67.31044],[-144.48527,67.31026],[-144.48389,67.30979],[-144.4789,67.30975],[-144.47786,67.30989],[-144.4772,67.31035],[-144.47567,67.31058],[-144.47488,67.3105],[-144.47516,67.31019],[-144.47651,67.30993],[-144.47623,67.30967],[-144.4746,67.30973],[-144.47367,67.31003],[-144.46778,67.30985],[-144.46635,67.30952],[-144.46556,67.30905],[-144.46587,67.30873],[-144.46764,67.30845],[-144.47007,67.3086],[-144.47063,67.30842],[-144.47039,67.30828],[-144.4679,67.30807],[-144.46833,67.30776],[-144.46941,67.30786],[-144.47006,67.30759],[-144.47272,67.30774],[-144.47417,67.30758],[-144.47449,67.30733],[-144.47555,67.30705],[-144.47555,67.30624],[-144.47351,67.30612],[-144.47206,67.30628],[-144.46962,67.30607],[-144.46889,67.30593],[-144.46847,67.30554],[-144.46707,67.30514],[-144.46433,67.30544],[-144.46346,67.30524],[-144.4621,67.30532],[-144.46086,67.30493],[-144.4594,67.306],[-144.45643,67.30614],[-144.4547,67.3064],[-144.45038,67.30603],[-144.44935,67.30563],[-144.448,67.30571],[-144.44578,67.30696],[-144.44637,67.30734],[-144.44524,67.30757],[-144.44356,67.30769],[-144.44378,67.3068],[-144.44589,67.3054],[-144.4474,67.305],[-144.4481,67.30461],[-144.45211,67.30394],[-144.45256,67.30364],[-144.45513,67.30287],[-144.456,67.30242],[-144.456,67.30185],[-144.45669,67.3017],[-144.4571,67.30131],[-144.45792,67.30091],[-144.45719,67.30052],[-144.45547,67.30077],[-144.45571,67.29973],[-144.4571,67.29857],[-144.45906,67.29769],[-144.46135,67.29693],[-144.46332,67.29717],[-144.46499,67.29617],[-144.46693,67.29535],[-144.47169,67.29517],[-144.47221,67.29501],[-144.47376,67.29525],[-144.47441,67.29557],[-144.47719,67.29516],[-144.47814,67.29581],[-144.4804,67.297],[-144.48225,67.29668],[-144.48433,67.29702],[-144.48509,67.29665],[-144.4857,67.29613],[-144.48782,67.29541],[-144.4891,67.29426],[-144.48958,67.29335],[-144.48834,67.29283],[-144.49101,67.29293],[-144.49221,67.29277],[-144.49398,67.29298],[-144.49499,67.29371],[-144.49527,67.29411],[-144.49622,67.29425],[-144.49535,67.295],[-144.4968,67.29575],[-144.49767,67.29569],[-144.49889,67.29509],[-144.50056,67.2948],[-144.5009,67.29387],[-144.50275,67.29464],[-144.50454,67.2948],[-144.50554,67.29402],[-144.50871,67.29384],[-144.50945,67.2946],[-144.50922,67.29498],[-144.50982,67.29554],[-144.50977,67.29652],[-144.51075,67.29617],[-144.51337,67.29602],[-144.51272,67.29649],[-144.51336,67.29674],[-144.51466,67.29631],[-144.51533,67.29563],[-144.51814,67.29534],[-144.51931,67.29408],[-144.52098,67.29424],[-144.52209,67.2947],[-144.52325,67.29451],[-144.52386,67.294],[-144.52308,67.29362],[-144.52333,67.29255],[-144.52447,67.2922],[-144.52611,67.29204],[-144.52733,67.29214],[-144.52839,67.29182],[-144.52986,67.29072],[-144.53027,67.29126],[-144.5315,67.29148],[-144.53248,67.29138],[-144.53321,67.29163],[-144.53435,67.2917],[-144.53525,67.29217],[-144.53501,67.29289],[-144.53752,67.29316],[-144.53808,67.2934],[-144.53859,67.29302],[-144.53869,67.29265],[-144.53925,67.29251],[-144.54036,67.29269],[-144.54153,67.29293],[-144.54193,67.29324],[-144.54467,67.29422],[-144.54699,67.29443],[-144.54703,67.29429],[-144.54733,67.29424],[-144.548,67.29452],[-144.54851,67.29502],[-144.54992,67.29535],[-144.5512,67.2952],[-144.55268,67.29469],[-144.55319,67.29473],[-144.55425,67.2955],[-144.55619,67.29573],[-144.55736,67.29559],[-144.56007,67.29497],[-144.56184,67.29516],[-144.56204,67.29538],[-144.56277,67.29563],[-144.56327,67.29519],[-144.56534,67.29444],[-144.56635,67.29444],[-144.56631,67.2948],[-144.5729,67.29394],[-144.57437,67.29397],[-144.57576,67.29359],[-144.57903,67.29327],[-144.57976,67.29286],[-144.58082,67.29302],[-144.58188,67.29296],[-144.58213,67.2928],[-144.58237,67.29223],[-144.58376,67.2923],[-144.58433,67.2922],[-144.58417,67.29176],[-144.58523,67.29167],[-144.58646,67.29245],[-144.58793,67.29261],[-144.59128,67.29201],[-144.59307,67.2923],[-144.5956,67.29211],[-144.59781,67.291],[-144.59936,67.29062],[-144.60026,67.29015],[-144.60132,67.29028],[-144.60246,67.29018],[-144.6032,67.28984],[-144.60353,67.28908],[-144.60491,67.2882],[-144.60565,67.28892],[-144.60794,67.28854],[-144.60818,67.28772],[-144.60704,67.28703],[-144.60696,67.28615],[-144.60769,67.28583],[-144.61128,67.28757],[-144.61226,67.28782],[-144.61324,67.28741],[-144.61422,67.28785],[-144.61627,67.28719],[-144.61855,67.28612],[-144.6197,67.28498],[-144.62141,67.28385],[-144.62247,67.28369],[-144.62509,67.28161],[-144.62623,67.28176],[-144.6259,67.28246],[-144.62721,67.2823],[-144.62868,67.28151],[-144.62941,67.28025],[-144.62999,67.27981],[-144.63186,67.27971],[-144.63268,67.28063],[-144.62909,67.28337],[-144.62876,67.28429],[-144.63186,67.28492],[-144.63252,67.28492],[-144.63342,67.28394],[-144.63554,67.28312],[-144.63578,67.28255],[-144.63668,67.28243],[-144.63742,67.28306],[-144.63832,67.28303],[-144.63954,67.28268],[-144.64036,67.28318],[-144.64098,67.28392],[-144.64179,67.2836],[-144.64142,67.28315],[-144.6424,67.28221],[-144.64371,67.28246],[-144.64485,67.28202],[-144.64594,67.28249],[-144.64614,67.28245],[-144.64751,67.28292],[-144.64747,67.28227],[-144.64877,67.28101],[-144.65016,67.28135],[-144.64931,67.2823],[-144.64956,67.28306],[-144.65102,67.28306],[-144.65238,67.28228],[-144.6522,67.28148],[-144.65171,67.28063],[-144.65285,67.28129],[-144.65314,67.28192],[-144.65372,67.28262],[-144.66275,67.28288],[-144.66406,67.28379],[-144.66625,67.28339],[-144.66845,67.28345],[-144.66875,67.28281],[-144.67017,67.28314],[-144.67008,67.28258],[-144.6709,67.28246],[-144.67189,67.28285],[-144.67389,67.28292],[-144.67522,67.28278],[-144.6712,67.27879],[-144.67108,67.27686],[-144.66969,67.27643],[-144.66944,67.27385],[-144.66901,67.27305],[-144.66982,67.27256],[-144.67025,67.27309],[-144.67172,67.27281],[-144.67253,67.27239],[-144.67311,67.27154],[-144.6749,67.27183],[-144.67547,67.27208],[-144.67605,67.27139],[-144.67727,67.27157],[-144.67801,67.27139],[-144.67882,67.27173],[-144.68005,67.27183],[-144.68005,67.2712],[-144.67964,67.27079],[-144.68176,67.27107],[-144.68323,67.27098],[-144.68511,67.27028],[-144.68666,67.27044],[-144.68781,67.27079],[-144.68911,67.27079],[-144.68952,67.27006],[-144.69026,67.27041],[-144.69026,67.27098],[-144.69156,67.27053],[-144.69164,67.27107],[-144.69344,67.27098],[-144.69442,67.27135],[-144.69769,67.27139],[-144.69859,67.27123],[-144.69899,67.2706],[-144.69818,67.27015],[-144.69981,67.26971],[-144.70104,67.27038],[-144.70104,67.27085],[-144.70177,67.27116],[-144.70218,67.27085],[-144.70332,67.27066],[-144.70438,67.27075],[-144.70504,67.27063],[-144.70651,67.27066],[-144.70683,67.27025],[-144.71018,67.27139],[-144.71165,67.27098],[-144.71271,67.27091],[-144.71484,67.27025],[-144.71663,67.27022],[-144.71753,67.27053],[-144.71745,67.27107],[-144.71672,67.2718],[-144.71753,67.27186],[-144.71753,67.27195],[-144.71623,67.27198],[-144.71443,67.27296],[-144.71386,67.27378],[-144.71614,67.27312],[-144.72072,67.27252],[-144.72072,67.27217],[-144.72219,67.27246],[-144.72374,67.27252],[-144.72464,67.27312],[-144.72415,67.27416],[-144.72178,67.27511],[-144.72137,67.27549],[-144.71745,67.27574],[-144.71565,67.27523],[-144.71484,67.27527],[-144.71418,67.2758],[-144.7119,67.27508],[-144.71026,67.27552],[-144.70879,67.27498],[-144.70855,67.27445],[-144.70504,67.27514],[-144.70455,67.27558],[-144.70504,67.27612],[-144.70365,67.27646],[-144.70242,67.27618],[-144.70267,67.27546],[-144.70185,67.27523],[-144.70022,67.27536],[-144.69899,67.27583],[-144.69703,67.27527],[-144.69499,67.27489],[-144.6932,67.27404],[-144.69042,67.27331],[-144.68895,67.27337],[-144.68732,67.27363],[-144.68699,67.2734],[-144.68233,67.27293],[-144.67923,67.27328],[-144.6785,67.27363],[-144.67798,67.27425],[-144.67752,67.27359],[-144.67735,67.27416],[-144.6776,67.27463],[-144.67684,67.27463],[-144.67243,67.27316],[-144.67162,67.27337],[-144.67121,67.27399],[-144.67539,67.27505],[-144.67286,67.27612],[-144.67327,67.27662],[-144.67253,67.27722],[-144.6736,67.27801],[-144.67467,67.27856],[-144.67707,67.27884],[-144.67874,67.27823],[-144.67964,67.27833],[-144.68291,67.27946],[-144.68225,67.27986],[-144.68455,67.28087],[-144.68435,67.28153],[-144.68665,67.28114],[-144.68634,67.2805],[-144.68862,67.28025],[-144.69295,67.28044],[-144.69524,67.28028],[-144.69311,67.28009],[-144.6896,67.27905],[-144.68748,67.27899],[-144.68674,67.27839],[-144.68748,67.27804],[-144.68985,67.27804],[-144.6905,67.27842],[-144.6945,67.27719],[-144.6985,67.27801],[-144.70038,67.27861],[-144.70267,67.27905],[-144.70438,67.27956],[-144.70553,67.2793],[-144.70643,67.2787],[-144.7061,67.27807],[-144.70528,67.27836],[-144.70373,67.27829],[-144.70422,67.27795],[-144.70708,67.27811],[-144.7079,67.27801],[-144.70839,67.2777],[-144.70937,67.27833],[-144.70896,67.27867],[-144.71048,67.27904],[-144.71322,67.27858],[-144.71886,67.27858],[-144.71908,67.27833],[-144.72121,67.27855],[-144.72227,67.27889],[-144.72227,67.27922],[-144.72313,67.27939],[-144.72545,67.27855],[-144.72562,67.27896],[-144.72521,67.27962],[-144.72464,67.27987],[-144.72431,67.28025],[-144.72545,67.28053],[-144.72488,67.28082],[-144.72284,67.28142],[-144.72202,67.28224],[-144.72072,67.28167],[-144.71312,67.28091],[-144.711,67.28113],[-144.70757,67.28205],[-144.70618,67.2818],[-144.70504,67.28104],[-144.70455,67.28057],[-144.70308,67.28038],[-144.70316,67.28094],[-144.70226,67.28142],[-144.70112,67.28116],[-144.70071,67.28135],[-144.69867,67.28066],[-144.69769,67.28057],[-144.6905,67.28066],[-144.68846,67.28075],[-144.68756,67.2811],[-144.68438,67.2818],[-144.68356,67.28214],[-144.6838,67.28293],[-144.68511,67.28372],[-144.68527,67.28441],[-144.68715,67.28514],[-144.68985,67.28656],[-144.69164,67.28731],[-144.69687,67.28832],[-144.70038,67.28864],[-144.70055,67.28905],[-144.70234,67.28974],[-144.70308,67.28936],[-144.70357,67.28876],[-144.69859,67.28769],[-144.69891,67.28703],[-144.70063,67.28687],[-144.70308,67.28643],[-144.70479,67.2858],[-144.70455,67.28501],[-144.70623,67.28435],[-144.70645,67.28352],[-144.70598,67.28303],[-144.70576,67.28252],[-144.70772,67.28272],[-144.70982,67.28256],[-144.71129,67.28267],[-144.71172,67.28294],[-144.71067,67.2835],[-144.71141,67.28362],[-144.71418,67.28312],[-144.71761,67.28331],[-144.71859,67.28293],[-144.72057,67.28301],[-144.72153,67.28328],[-144.72186,67.28378],[-144.7177,67.28533],[-144.71704,67.28574],[-144.71737,67.28631],[-144.71704,67.28668],[-144.71802,67.28694],[-144.71827,67.28713],[-144.71623,67.28823],[-144.7092,67.28921],[-144.70847,67.28889],[-144.70724,67.28873],[-144.70585,67.28911],[-144.707,67.28955],[-144.711,67.2905],[-144.71035,67.29085],[-144.70824,67.29058],[-144.70719,67.29085],[-144.70841,67.29114],[-144.70945,67.29214],[-144.71067,67.29173],[-144.71263,67.29176],[-144.71573,67.2916],[-144.7159,67.29192],[-144.71378,67.29239],[-144.71747,67.29325],[-144.71934,67.29384],[-144.72186,67.29406],[-144.72292,67.29441],[-144.72284,67.2939],[-144.723,67.29384],[-144.72554,67.29394],[-144.72537,67.29365],[-144.72545,67.29327],[-144.72741,67.29378],[-144.72897,67.29394],[-144.72978,67.29434],[-144.73125,67.29479],[-144.7324,67.29466],[-144.73093,67.29403],[-144.73182,67.2939],[-144.73329,67.29409],[-144.7346,67.29403],[-144.73421,67.29346],[-144.73746,67.2933],[-144.73697,67.29299],[-144.73868,67.29267],[-144.73958,67.2928],[-144.74081,67.29277],[-144.74195,67.29233],[-144.74244,67.29182],[-144.74342,67.2917],[-144.7444,67.29119],[-144.74522,67.29119],[-144.74375,67.29192],[-144.74407,67.29233],[-144.74603,67.29189],[-144.75044,67.29214],[-144.75191,67.29277],[-144.75338,67.29318],[-144.75518,67.29286],[-144.75831,67.29311],[-144.76127,67.29268],[-144.76157,67.29215],[-144.76246,67.29194],[-144.76321,67.29194],[-144.76495,67.29234],[-144.76508,67.29267],[-144.76466,67.29325],[-144.76525,67.29348],[-144.76616,67.29334],[-144.76746,67.29357],[-144.76843,67.29393],[-144.76863,67.29418],[-144.76989,67.29432],[-144.77097,67.29409],[-144.771,67.29381],[-144.7708,67.29356],[-144.77084,67.29316],[-144.7711,67.29273],[-144.77206,67.29233],[-144.77323,67.29245],[-144.77499,67.29368],[-144.77678,67.29344],[-144.77786,67.2938],[-144.77914,67.29352],[-144.7797,67.29302],[-144.77997,67.29148],[-144.78029,67.29108],[-144.78114,67.29089],[-144.78189,67.29039],[-144.78325,67.29047],[-144.78367,67.29017],[-144.78485,67.29026],[-144.78575,67.29082],[-144.78719,67.29057],[-144.78767,67.29062],[-144.78779,67.29081],[-144.78849,67.29079],[-144.78934,67.29042],[-144.7902,67.29059],[-144.79067,67.29108],[-144.79154,67.29124],[-144.79191,67.29109],[-144.79244,67.29109],[-144.79271,67.29083],[-144.7946,67.29113],[-144.79487,67.29077],[-144.79476,67.29058],[-144.79523,67.28926],[-144.79591,67.28885],[-144.79903,67.28816],[-144.80259,67.28794],[-144.80388,67.28822],[-144.80404,67.28796],[-144.8046,67.28778],[-144.80521,67.28796],[-144.80576,67.28793],[-144.80669,67.2874],[-144.80738,67.28717],[-144.80894,67.28737],[-144.80935,67.28751],[-144.80938,67.28767],[-144.81044,67.288],[-144.81092,67.28778],[-144.81185,67.28778],[-144.81224,67.28835],[-144.81267,67.28828],[-144.81295,67.28847],[-144.81207,67.28897],[-144.81217,67.28928],[-144.81276,67.28932],[-144.81382,67.2888],[-144.81488,67.28883],[-144.81537,67.28917],[-144.81602,67.2893],[-144.81669,67.28894],[-144.81727,67.28821],[-144.81832,67.28838],[-144.81839,67.2893],[-144.81725,67.29081],[-144.81774,67.29088],[-144.81884,67.28989],[-144.81895,67.28951],[-144.81938,67.2893],[-144.81988,67.28849],[-144.82025,67.28825],[-144.82094,67.28828],[-144.8204,67.28871],[-144.82027,67.28918],[-144.8195,67.29027],[-144.8197,67.29065],[-144.82002,67.29056],[-144.82141,67.2894],[-144.82149,67.29025],[-144.82215,67.29062],[-144.82125,67.29135],[-144.82141,67.29198],[-144.82133,67.29327],[-144.82215,67.29428],[-144.8227,67.29443],[-144.82327,67.29373],[-144.82329,67.29337],[-144.82362,67.29305],[-144.82441,67.29321],[-144.82448,67.29361],[-144.82382,67.29398],[-144.82326,67.29459],[-144.82331,67.29528],[-144.82433,67.29542],[-144.82761,67.29428],[-144.82782,67.29379],[-144.82783,67.29279],[-144.82922,67.29202],[-144.82968,67.29158],[-144.8304,67.29156],[-144.83043,67.29199],[-144.82999,67.29219],[-144.8299,67.29274],[-144.83039,67.29286],[-144.83186,67.29189],[-144.8321,67.29125],[-144.83451,67.29009],[-144.83385,67.28966],[-144.83407,67.28933],[-144.83153,67.28958],[-144.83281,67.28898],[-144.83233,67.28874],[-144.83191,67.28863],[-144.83078,67.28869],[-144.83065,67.28917],[-144.83008,67.28907],[-144.83002,67.28875],[-144.83021,67.28829],[-144.83021,67.28779],[-144.83008,67.28756],[-144.8331,67.28588],[-144.83378,67.28534],[-144.83377,67.28508],[-144.83345,67.28499],[-144.8336,67.28465],[-144.83431,67.28455],[-144.83459,67.28458],[-144.83429,67.2852],[-144.83512,67.28557],[-144.83455,67.28618],[-144.83512,67.28637],[-144.83564,67.28601],[-144.83607,67.2855],[-144.83655,67.28547],[-144.83693,67.28519],[-144.83687,67.28475],[-144.8383,67.28512],[-144.8379,67.28647],[-144.83879,67.28635],[-144.83927,67.28661],[-144.8407,67.28648],[-144.84084,67.28689],[-144.84132,67.28732],[-144.84139,67.28784],[-144.84113,67.28835],[-144.84003,67.28882],[-144.84087,67.28904],[-144.8419,67.2886],[-144.84411,67.28853],[-144.84424,67.28874],[-144.84416,67.28898],[-144.84444,67.28924],[-144.84439,67.28939],[-144.84308,67.28952],[-144.84301,67.28968],[-144.84232,67.28998],[-144.84096,67.29038],[-144.84087,67.2905],[-144.84165,67.2912],[-144.84035,67.29145],[-144.8401,67.29216],[-144.83896,67.29276],[-144.83909,67.29323],[-144.8404,67.29303],[-144.84036,67.29334],[-144.83962,67.2936],[-144.83895,67.29415],[-144.83954,67.29438],[-144.83995,67.2951],[-144.84134,67.29482],[-144.84175,67.29453],[-144.84183,67.29397],[-144.84232,67.29381],[-144.84445,67.29363],[-144.84656,67.29204],[-144.84701,67.29202],[-144.84766,67.29148],[-144.8495,67.29144],[-144.84999,67.29179],[-144.84849,67.29324],[-144.85028,67.29335],[-144.85089,67.2928],[-144.85183,67.29162],[-144.85174,67.29038],[-144.85331,67.28897],[-144.853,67.28856],[-144.8518,67.28883],[-144.85109,67.28914],[-144.85073,67.28954],[-144.84937,67.29006],[-144.8488,67.28987],[-144.84794,67.28979],[-144.84923,67.28926],[-144.84982,67.2888],[-144.85044,67.28855],[-144.85077,67.28803],[-144.85169,67.2874],[-144.85205,67.2874],[-144.85172,67.28797],[-144.85199,67.28808],[-144.85263,67.2878],[-144.85292,67.2874],[-144.85461,67.28637],[-144.85497,67.28603],[-144.8558,67.28582],[-144.85762,67.28592],[-144.85851,67.28627],[-144.85861,67.28609],[-144.85976,67.28597],[-144.85973,67.28654],[-144.85991,67.28687],[-144.86024,67.28691],[-144.86038,67.28637],[-144.86079,67.28603],[-144.86181,67.28642],[-144.86193,67.28659],[-144.86389,67.28598],[-144.86428,67.28565],[-144.86426,67.28539],[-144.86386,67.28508],[-144.86449,67.28511],[-144.86429,67.28473],[-144.86375,67.28429],[-144.86202,67.28429],[-144.86202,67.28375],[-144.86227,67.28359],[-144.86184,67.28289],[-144.86158,67.28284],[-144.86145,67.2825],[-144.8624,67.28227],[-144.86347,67.28175],[-144.86507,67.28217],[-144.86867,67.28281],[-144.8692,67.28336],[-144.86903,67.28383],[-144.86975,67.28399],[-144.87252,67.28401],[-144.87393,67.28364],[-144.87504,67.283],[-144.87523,67.28277],[-144.87662,67.28278],[-144.87765,67.28316],[-144.87673,67.28387],[-144.87587,67.28426],[-144.87489,67.28451],[-144.8743,67.28509],[-144.87229,67.2856],[-144.87214,67.28619],[-144.87015,67.28668],[-144.86992,67.28698],[-144.87165,67.28707],[-144.87257,67.28678],[-144.87311,67.28624],[-144.87402,67.28581],[-144.87523,67.28569],[-144.87718,67.28497],[-144.87752,67.28463],[-144.87816,67.28469],[-144.8781,67.28503],[-144.8784,67.28559],[-144.87685,67.28635],[-144.87692,67.28649],[-144.87802,67.28666],[-144.87737,67.28736],[-144.87654,67.28788],[-144.87405,67.28852],[-144.87295,67.28916],[-144.87217,67.28942],[-144.87235,67.28871],[-144.87197,67.28839],[-144.86984,67.28923],[-144.86929,67.28985],[-144.87042,67.2901],[-144.87053,67.29042],[-144.86968,67.29078],[-144.87008,67.29103],[-144.87106,67.29075],[-144.87221,67.29075],[-144.87229,67.29122],[-144.8727,67.29141],[-144.87474,67.29154],[-144.87588,67.29078],[-144.87637,67.29018],[-144.87591,67.28973],[-144.87621,67.28888],[-144.87713,67.28837],[-144.87816,67.28808],[-144.88112,67.28794],[-144.88169,67.28863],[-144.8826,67.28821],[-144.883,67.28778],[-144.88353,67.28774],[-144.88328,67.28718],[-144.88342,67.28677],[-144.8848,67.28678],[-144.88592,67.28708],[-144.88657,67.28782],[-144.88641,67.28837],[-144.88561,67.28907],[-144.88551,67.28936],[-144.88666,67.28988],[-144.88643,67.29053],[-144.88365,67.29088],[-144.88327,67.29108],[-144.88328,67.29127],[-144.88447,67.29185],[-144.88441,67.29115],[-144.88504,67.29113],[-144.88594,67.29086],[-144.88725,67.29161],[-144.8896,67.29111],[-144.8907,67.29115],[-144.89093,67.2923],[-144.89164,67.29327],[-144.88936,67.29397],[-144.88879,67.29356],[-144.88748,67.29318],[-144.88554,67.29389],[-144.88468,67.29466],[-144.88273,67.29556],[-144.87844,67.29683],[-144.87786,67.29748],[-144.87855,67.29802],[-144.87912,67.29871],[-144.87874,67.29922],[-144.88006,67.29937],[-144.87833,67.30046],[-144.87979,67.30061],[-144.88272,67.29975],[-144.8846,67.29935],[-144.8856,67.29933],[-144.89176,67.29703],[-144.89204,67.29686],[-144.89296,67.29563],[-144.89493,67.29505],[-144.89478,67.2957],[-144.89548,67.2961],[-144.89564,67.29641],[-144.89595,67.29626],[-144.89668,67.2962],[-144.89741,67.29646],[-144.8971,67.29699],[-144.89406,67.29796],[-144.89589,67.29798],[-144.89605,67.29818],[-144.89339,67.29909],[-144.89323,67.29949],[-144.89244,67.29953],[-144.89156,67.29987],[-144.88852,67.30017],[-144.88643,67.30102],[-144.88534,67.30124],[-144.8833,67.30203],[-144.88157,67.30247],[-144.8821,67.30316],[-144.8844,67.30239],[-144.88654,67.30223],[-144.88776,67.30247],[-144.89103,67.30195],[-144.89438,67.30052],[-144.8948,67.30052],[-144.89574,67.30013],[-144.89933,67.29969],[-144.90065,67.29989],[-144.90018,67.30068],[-144.89987,67.30096],[-144.89683,67.30177],[-144.89436,67.3022],[-144.88942,67.3045],[-144.88285,67.30594],[-144.88307,67.30645],[-144.8845,67.30655],[-144.88339,67.3072],[-144.88385,67.30756],[-144.88277,67.3083],[-144.8808,67.3091],[-144.8792,67.30958],[-144.87893,67.30996],[-144.87934,67.31007],[-144.88219,67.30911],[-144.88063,67.31007],[-144.88016,67.31073],[-144.87996,67.31147],[-144.88015,67.31225],[-144.88117,67.31249],[-144.88054,67.3133],[-144.87937,67.31378],[-144.87643,67.31469],[-144.8751,67.31464],[-144.87469,67.31498],[-144.87526,67.31568],[-144.87613,67.31539],[-144.87729,67.31526],[-144.87862,67.31553],[-144.87717,67.31721],[-144.87554,67.31787],[-144.87461,67.31851],[-144.8753,67.3187],[-144.87794,67.31782],[-144.87907,67.31761],[-144.87961,67.31723],[-144.87958,67.31682],[-144.88014,67.31655],[-144.88246,67.31693],[-144.88519,67.31612],[-144.88618,67.31563],[-144.88689,67.31478],[-144.88754,67.31424],[-144.88925,67.31388],[-144.88963,67.31368],[-144.88958,67.31318],[-144.89264,67.31164],[-144.89362,67.31318],[-144.89311,67.3135],[-144.89376,67.31397],[-144.89418,67.31458],[-144.89504,67.31447],[-144.89554,67.314],[-144.89628,67.31397],[-144.89642,67.31456],[-144.89792,67.31457],[-144.90339,67.31359],[-144.90429,67.31471],[-144.90572,67.31479],[-144.90745,67.31399],[-144.90813,67.31342],[-144.90897,67.31294],[-144.91012,67.31284],[-144.9112,67.3124],[-144.91154,67.31276],[-144.91143,67.31328],[-144.91306,67.31318],[-144.91461,67.31379],[-144.91491,67.31425],[-144.91452,67.31526],[-144.91337,67.31641],[-144.91254,67.31751],[-144.91478,67.31695],[-144.91424,67.31758],[-144.91477,67.31792],[-144.91597,67.31812],[-144.91734,67.31752],[-144.91713,67.31722],[-144.91754,67.31672],[-144.9183,67.31643],[-144.91888,67.31565],[-144.91887,67.31535],[-144.91795,67.31524],[-144.91797,67.31497],[-144.91885,67.31475],[-144.91897,67.31452],[-144.91842,67.31434],[-144.91838,67.31369],[-144.91915,67.31314],[-144.92041,67.31284],[-144.91933,67.31232],[-144.91807,67.31246],[-144.91653,67.31232],[-144.91743,67.30962],[-144.91678,67.30834],[-144.91734,67.30818],[-144.91909,67.30817],[-144.9207,67.3084],[-144.92096,67.30779],[-144.92211,67.30774],[-144.92307,67.30799],[-144.92401,67.30848],[-144.9275,67.30891],[-144.92914,67.30943],[-144.92935,67.31002],[-144.93141,67.31094],[-144.93253,67.31089],[-144.93311,67.31105],[-144.9338,67.31193],[-144.93375,67.31257],[-144.93491,67.3129],[-144.93652,67.31297],[-144.93593,67.312],[-144.93528,67.31153],[-144.93716,67.31118],[-144.93826,67.31071],[-144.94097,67.3103],[-144.94122,67.31003],[-144.94138,67.30959],[-144.94224,67.30913],[-144.94319,67.30889],[-144.94392,67.30916],[-144.94508,67.30926],[-144.94619,67.30963],[-144.94678,67.31014],[-144.94669,67.31023],[-144.94694,67.31034],[-144.94756,67.31005],[-144.94816,67.31018],[-144.94825,67.31057],[-144.94887,67.31131],[-144.94818,67.31195],[-144.94775,67.313],[-144.94028,67.31366],[-144.93901,67.31387],[-144.9385,67.31464],[-144.94129,67.31662],[-144.94383,67.3169],[-144.94382,67.3176],[-144.9453,67.3182],[-144.94778,67.31866],[-144.95118,67.31889],[-144.95313,67.31847],[-144.9549,67.31884],[-144.95605,67.31938],[-144.95801,67.31959],[-144.9594,67.32053],[-144.95901,67.32066],[-144.9597,67.32143],[-144.9604,67.32184],[-144.96139,67.32176],[-144.96301,67.32141],[-144.96441,67.32191],[-144.96487,67.32259],[-144.96446,67.32276],[-144.96629,67.32311],[-144.96916,67.32412],[-144.96844,67.32446],[-144.96143,67.3235],[-144.95747,67.32349],[-144.95718,67.32367],[-144.95899,67.3242],[-144.95646,67.32472],[-144.95421,67.32478],[-144.95308,67.32505],[-144.95456,67.32522],[-144.95475,67.32565],[-144.95616,67.32533],[-144.95804,67.3256],[-144.95804,67.3259],[-144.95731,67.3262],[-144.95642,67.32629],[-144.95291,67.32624],[-144.95267,67.32644],[-144.95189,67.32658],[-144.95113,67.32644],[-144.95012,67.32646],[-144.94734,67.32725],[-144.94579,67.32717],[-144.94505,67.32686],[-144.94125,67.32724],[-144.94117,67.3276],[-144.94155,67.3281],[-144.94265,67.32816],[-144.94404,67.328],[-144.9457,67.32829],[-144.95679,67.32888],[-144.96055,67.32865],[-144.96247,67.32932],[-144.96094,67.32988],[-144.95863,67.33046],[-144.95683,67.33053],[-144.95611,67.33074],[-144.95413,67.33074],[-144.95231,67.33157],[-144.95302,67.33182],[-144.95323,67.33212],[-144.9526,67.33253],[-144.95067,67.33202],[-144.94753,67.3318],[-144.94738,67.33192],[-144.94821,67.33222],[-144.94774,67.3324],[-144.94394,67.33248],[-144.94414,67.33273],[-144.94581,67.33277],[-144.94455,67.33315],[-144.9444,67.33367],[-144.94382,67.3342],[-144.94184,67.33512],[-144.9409,67.33528],[-144.93964,67.3353],[-144.93802,67.33518],[-144.9364,67.33474],[-144.93572,67.33436],[-144.93232,67.33337],[-144.92793,67.33305],[-144.92558,67.3331],[-144.92626,67.33334],[-144.92627,67.33348],[-144.92568,67.33351],[-144.92507,67.33393],[-144.9243,67.33412],[-144.92122,67.33423],[-144.91863,67.33414],[-144.91508,67.33431],[-144.915,67.33462],[-144.90454,67.33312],[-144.90085,67.33303],[-144.8976,67.33277],[-144.89455,67.33292],[-144.89275,67.33286],[-144.89151,67.33338],[-144.89446,67.33368],[-144.89693,67.33434],[-144.89727,67.33454],[-144.89398,67.33491],[-144.89222,67.33531],[-144.88776,67.33526],[-144.88738,67.33584],[-144.88674,67.33629],[-144.88573,67.33651],[-144.88448,67.33655],[-144.88286,67.33637],[-144.88262,67.33678],[-144.88262,67.33714],[-144.87954,67.33761],[-144.87813,67.33721],[-144.87728,67.33714],[-144.87541,67.33748],[-144.87593,67.33832],[-144.8757,67.33881],[-144.87615,67.33918],[-144.87656,67.33928],[-144.87113,67.33994],[-144.87115,67.34027],[-144.86993,67.34059],[-144.86641,67.3404],[-144.86269,67.34069],[-144.86341,67.34094],[-144.86305,67.34119],[-144.86149,67.341],[-144.86087,67.34078],[-144.85724,67.34095],[-144.85622,67.34084],[-144.85655,67.34099],[-144.85699,67.34158],[-144.85566,67.34153],[-144.85524,67.34189],[-144.85659,67.34269],[-144.85571,67.34337],[-144.85686,67.34357],[-144.8597,67.34345],[-144.85984,67.34371],[-144.85765,67.34398],[-144.85152,67.34433],[-144.84441,67.34397],[-144.84159,67.34327],[-144.8349,67.34279],[-144.83366,67.34207],[-144.83306,67.34201],[-144.83193,67.34132],[-144.82826,67.34055],[-144.82552,67.33969],[-144.82499,67.34003],[-144.82116,67.33932],[-144.81567,67.33884],[-144.81467,67.33906],[-144.81034,67.33916],[-144.80622,67.33885],[-144.80515,67.33906],[-144.8049,67.33944],[-144.80806,67.33974],[-144.80978,67.33934],[-144.81152,67.33968],[-144.8118,67.3399],[-144.81119,67.34014],[-144.81171,67.34031],[-144.81165,67.3408],[-144.81176,67.34115],[-144.81289,67.34142],[-144.81429,67.34158],[-144.81656,67.34159],[-144.82611,67.34256],[-144.82515,67.3427],[-144.82303,67.34265],[-144.81675,67.34222],[-144.80949,67.34201],[-144.81013,67.34276],[-144.82064,67.3431],[-144.8214,67.34327],[-144.8218,67.34355],[-144.82124,67.34397],[-144.81982,67.34402],[-144.80929,67.34351],[-144.80676,67.34367],[-144.80424,67.34427],[-144.80557,67.34475],[-144.80147,67.34551],[-144.79978,67.34682],[-144.8048,67.34706],[-144.81146,67.34643],[-144.81203,67.34668],[-144.81314,67.34633],[-144.81383,67.34629],[-144.81441,67.34648],[-144.81432,67.34673],[-144.81511,67.34679],[-144.81271,67.347],[-144.81035,67.34769],[-144.81042,67.34797],[-144.81111,67.34803],[-144.81,67.3482],[-144.80912,67.3487],[-144.80683,67.34901],[-144.80581,67.35046],[-144.80454,67.35081],[-144.80327,67.3507],[-144.80333,67.35052],[-144.80267,67.35042],[-144.80214,67.35075],[-144.80245,67.3512],[-144.80188,67.35133],[-144.80128,67.35105],[-144.80115,67.35075],[-144.80046,67.35057],[-144.79578,67.3504],[-144.79418,67.35045],[-144.79272,67.3502],[-144.79217,67.35026],[-144.79103,67.3508],[-144.78765,67.35147],[-144.78187,67.35379],[-144.78012,67.35408],[-144.77855,67.35476],[-144.77803,67.35483],[-144.77681,67.35456],[-144.77536,67.35443],[-144.77299,67.35389],[-144.77122,67.35379],[-144.77034,67.35399],[-144.76972,67.35398],[-144.76934,67.35356],[-144.76795,67.35351],[-144.76651,67.35408],[-144.76463,67.35447],[-144.7638,67.35451],[-144.7642,67.35422],[-144.76598,67.35373],[-144.76645,67.35333],[-144.76492,67.35347],[-144.7634,67.35403],[-144.76236,67.35464],[-144.76153,67.35538],[-144.75844,67.35574],[-144.75835,67.35592],[-144.75725,67.35661],[-144.7572,67.35704],[-144.75506,67.35702],[-144.7546,67.35672],[-144.75022,67.35641],[-144.74722,67.35645],[-144.7474,67.35662],[-144.74814,67.35674],[-144.74916,67.35817],[-144.75088,67.35884],[-144.75802,67.35923],[-144.75942,67.36051],[-144.76384,67.36053],[-144.76402,67.36071],[-144.76367,67.361],[-144.76418,67.36141],[-144.7632,67.36138],[-144.76228,67.36167],[-144.7615,67.36172],[-144.76074,67.36156],[-144.76012,67.36119],[-144.75756,67.36084],[-144.75419,67.36079],[-144.7532,67.36094],[-144.75407,67.36224],[-144.75363,67.36233],[-144.75194,67.36151],[-144.7514,67.36157],[-144.75115,67.36113],[-144.74996,67.36102],[-144.74951,67.36129],[-144.75037,67.36168],[-144.74881,67.36193],[-144.74925,67.36234],[-144.75013,67.36244],[-144.75034,67.36265],[-144.74903,67.36354],[-144.7502,67.36401],[-144.75115,67.3642],[-144.75137,67.36442],[-144.74913,67.36461],[-144.74752,67.36439],[-144.74564,67.36394],[-144.74558,67.36362],[-144.74616,67.36331],[-144.74718,67.36289],[-144.74862,67.36263],[-144.74823,67.36161],[-144.74622,67.36168],[-144.74598,67.36203],[-144.74414,67.36247],[-144.74045,67.36212],[-144.74051,67.36246],[-144.74402,67.36305],[-144.74219,67.36383],[-144.74181,67.36381],[-144.74078,67.36313],[-144.73993,67.36302],[-144.73934,67.3626],[-144.73918,67.36223],[-144.73834,67.36215],[-144.73747,67.36165],[-144.73708,67.36129],[-144.73726,67.36047],[-144.73717,67.36029],[-144.73859,67.36048],[-144.73867,67.3601],[-144.73842,67.35966],[-144.73801,67.35952],[-144.7368,67.35946],[-144.73505,67.35961],[-144.735,67.36009],[-144.73436,67.36039],[-144.7332,67.3606],[-144.73162,67.3606],[-144.73146,67.36034],[-144.73047,67.36033],[-144.72908,67.35998],[-144.72911,67.35974],[-144.72887,67.35951],[-144.72787,67.35946],[-144.72728,67.35958],[-144.72736,67.35986],[-144.72831,67.36017],[-144.72872,67.36067],[-144.72882,67.36102],[-144.72816,67.36126],[-144.7273,67.3612],[-144.72585,67.36048],[-144.72541,67.36014],[-144.72351,67.36055],[-144.72241,67.36102],[-144.72169,67.36086],[-144.72178,67.36066],[-144.72246,67.36035],[-144.72202,67.36029],[-144.72002,67.36106],[-144.71668,67.36151],[-144.71589,67.36178],[-144.71386,67.36204],[-144.7137,67.36231],[-144.71144,67.36228],[-144.71127,67.36259],[-144.7106,67.36295],[-144.70863,67.36229],[-144.70893,67.36114],[-144.70836,67.36062],[-144.70878,67.36031],[-144.70867,67.36008],[-144.70806,67.36002],[-144.70729,67.36017],[-144.70663,67.36065],[-144.70547,67.36106],[-144.70199,67.36167],[-144.70113,67.36199],[-144.70144,67.36217],[-144.70106,67.36249],[-144.70017,67.36247],[-144.69713,67.36279],[-144.69709,67.36258],[-144.69687,67.36247],[-144.69545,67.36278],[-144.6934,67.3628],[-144.69234,67.36297],[-144.69193,67.36324],[-144.69148,67.36332],[-144.69148,67.36301],[-144.69127,67.36299],[-144.69098,67.36343],[-144.69143,67.36427],[-144.693,67.3645],[-144.69306,67.36498],[-144.69185,67.36541],[-144.69023,67.36553],[-144.69006,67.36586],[-144.69066,67.36596],[-144.69071,67.3664],[-144.69397,67.36667],[-144.69453,67.36706],[-144.69346,67.36711],[-144.69331,67.36759],[-144.69289,67.36769],[-144.68491,67.3684],[-144.68216,67.36876],[-144.68175,67.36944],[-144.68102,67.37013],[-144.68218,67.37063],[-144.68259,67.37104],[-144.68338,67.37149],[-144.68583,67.37157],[-144.68539,67.37182],[-144.68398,67.37199],[-144.68432,67.37235],[-144.68285,67.37254],[-144.68273,67.37285],[-144.68327,67.37313],[-144.68495,67.37318],[-144.68492,67.37295],[-144.68581,67.37275],[-144.68554,67.37253],[-144.68621,67.37229],[-144.68655,67.37231],[-144.68674,67.3726],[-144.68737,67.37279],[-144.68825,67.37263],[-144.6898,67.37301],[-144.691,67.37276],[-144.69207,67.37287],[-144.69195,67.37322],[-144.6932,67.37331],[-144.69391,67.37392],[-144.69271,67.37386],[-144.69142,67.3742],[-144.68936,67.37422],[-144.68857,67.37447],[-144.69,67.37489],[-144.68769,67.37595],[-144.68621,67.376],[-144.68402,67.37672],[-144.68289,67.37694],[-144.68321,67.37734],[-144.68297,67.37785],[-144.68229,67.37837],[-144.67653,67.37922],[-144.67636,67.37918],[-144.67695,67.37866],[-144.67665,67.37819],[-144.67551,67.37812],[-144.66691,67.37912],[-144.66167,67.38009],[-144.6547,67.38052],[-144.65207,67.38103],[-144.65305,67.38145],[-144.65438,67.3811],[-144.65522,67.38137],[-144.6559,67.38191],[-144.65705,67.38243],[-144.65706,67.38273],[-144.65636,67.38321],[-144.65516,67.38344],[-144.65463,67.3838],[-144.65332,67.38434],[-144.65244,67.38434],[-144.65087,67.38496],[-144.64874,67.38505],[-144.64762,67.38527],[-144.64768,67.38556],[-144.65029,67.38569],[-144.65201,67.38543],[-144.65243,67.38507],[-144.6533,67.38491],[-144.65577,67.38493],[-144.65645,67.38479],[-144.65691,67.38438],[-144.65694,67.38386],[-144.65989,67.38369],[-144.66224,67.38409],[-144.66493,67.38415],[-144.66301,67.38496],[-144.65998,67.38555],[-144.65777,67.38564],[-144.65237,67.38643],[-144.65257,67.38671],[-144.65312,67.38684],[-144.65609,67.3868],[-144.65875,67.3873],[-144.6581,67.38764],[-144.65853,67.3879],[-144.65865,67.38828],[-144.65903,67.38838],[-144.65865,67.3885],[-144.65819,67.38843],[-144.65781,67.38866],[-144.65695,67.38884],[-144.65475,67.38883],[-144.6516,67.38794],[-144.64947,67.38701],[-144.64875,67.38697],[-144.64489,67.38591],[-144.64438,67.38556],[-144.6434,67.38569],[-144.64019,67.3857],[-144.63926,67.38539],[-144.63697,67.38526],[-144.63511,67.38538],[-144.62674,67.38475],[-144.62564,67.38482],[-144.62431,67.38471],[-144.62244,67.38432],[-144.62115,67.3846],[-144.62072,67.38502],[-144.62135,67.38528],[-144.62033,67.38536],[-144.61795,67.38501],[-144.61741,67.38477],[-144.61367,67.38423],[-144.60938,67.38414],[-144.60887,67.38425],[-144.60802,67.38381],[-144.60697,67.38361],[-144.6061,67.38465],[-144.60494,67.38571],[-144.60364,67.38611],[-144.60152,67.38626],[-144.59967,67.38589],[-144.59896,67.38553],[-144.59763,67.38518],[-144.59586,67.3852],[-144.59666,67.38656],[-144.59748,67.38705],[-144.59704,67.38783],[-144.59533,67.38834],[-144.59529,67.38884],[-144.5987,67.38873],[-144.60086,67.38849],[-144.60237,67.38792],[-144.60337,67.38792],[-144.60411,67.38841],[-144.60617,67.3884],[-144.60734,67.38876],[-144.60728,67.38901],[-144.60805,67.38937],[-144.60677,67.38985],[-144.60614,67.39027],[-144.60348,67.39069],[-144.60263,67.39126],[-144.60148,67.39135],[-144.59902,67.39199],[-144.5989,67.39217],[-144.59786,67.39261],[-144.59753,67.39305],[-144.5982,67.39325],[-144.59706,67.39468],[-144.59731,67.39488],[-144.59838,67.39455],[-144.59841,67.39478],[-144.59646,67.39579],[-144.59721,67.39643],[-144.59807,67.3962],[-144.6,67.39619],[-144.60103,67.39563],[-144.60175,67.3954],[-144.60305,67.39522],[-144.60331,67.39483],[-144.60447,67.39437],[-144.60468,67.39397],[-144.60463,67.3936],[-144.60581,67.39278],[-144.60661,67.39282],[-144.60729,67.3932],[-144.60742,67.39366],[-144.60857,67.39371],[-144.60875,67.39385],[-144.60724,67.39463],[-144.60167,67.39676],[-144.60111,67.39739],[-144.60457,67.39735],[-144.60559,67.39718],[-144.60655,67.39728],[-144.60619,67.39749],[-144.60489,67.39879],[-144.60423,67.3998],[-144.60511,67.39958],[-144.60587,67.39895],[-144.60657,67.39868],[-144.60739,67.39889],[-144.6076,67.39939],[-144.60661,67.39986],[-144.60672,67.40007],[-144.60587,67.40048],[-144.60567,67.40095],[-144.60517,67.40136],[-144.6046,67.40161],[-144.60386,67.40157],[-144.60299,67.40134],[-144.60198,67.40153],[-144.60201,67.40127],[-144.60154,67.40126],[-144.60089,67.40161],[-144.60079,67.40221],[-144.6003,67.40255],[-144.59884,67.40273],[-144.59624,67.40346],[-144.5957,67.40397],[-144.59479,67.40422],[-144.59351,67.40502],[-144.59154,67.40552],[-144.59068,67.40558],[-144.59054,67.40553],[-144.59139,67.40486],[-144.59307,67.4046],[-144.59344,67.40432],[-144.59321,67.40423],[-144.59251,67.40442],[-144.59143,67.40423],[-144.59154,67.40373],[-144.59246,67.40309],[-144.59776,67.40228],[-144.59689,67.40203],[-144.59906,67.40113],[-144.59889,67.40066],[-144.59533,67.40128],[-144.59528,67.40151],[-144.59565,67.40171],[-144.59543,67.40188],[-144.59413,67.40214],[-144.59363,67.40212],[-144.5942,67.40144],[-144.59413,67.40135],[-144.59265,67.40126],[-144.59259,67.401],[-144.59221,67.40074],[-144.59008,67.40077],[-144.58928,67.40059],[-144.5905,67.39999],[-144.58856,67.3999],[-144.58737,67.40009],[-144.58541,67.40017],[-144.58472,67.40039],[-144.58322,67.40038],[-144.58265,67.40083],[-144.58222,67.40091],[-144.58008,67.40059],[-144.5801,67.40046],[-144.5806,67.40022],[-144.58078,67.39965],[-144.58102,67.39944],[-144.57948,67.39948],[-144.57888,67.39974],[-144.57884,67.39994],[-144.57792,67.39995],[-144.57666,67.3994],[-144.57418,67.39883],[-144.57279,67.39864],[-144.57224,67.399],[-144.57117,67.39872],[-144.57073,67.39839],[-144.57048,67.39801],[-144.57017,67.39786],[-144.57019,67.39746],[-144.56977,67.39704],[-144.56851,67.39684],[-144.5684,67.39738],[-144.56896,67.39773],[-144.56859,67.39799],[-144.56869,67.39817],[-144.56924,67.39848],[-144.56842,67.39875],[-144.56838,67.39916],[-144.5701,67.39905],[-144.57028,67.39945],[-144.57002,67.39952],[-144.56994,67.40006],[-144.57008,67.40077],[-144.57135,67.40047],[-144.57243,67.40044],[-144.57273,67.40054],[-144.5721,67.40088],[-144.57218,67.40093],[-144.57205,67.4016],[-144.57174,67.40183],[-144.57209,67.4029],[-144.5717,67.40318],[-144.56989,67.40333],[-144.56926,67.40379],[-144.57027,67.4043],[-144.57103,67.40417],[-144.57147,67.40444],[-144.5706,67.40512],[-144.57041,67.40548],[-144.56996,67.40565],[-144.56819,67.40587],[-144.56725,67.40582],[-144.56804,67.405],[-144.56637,67.4045],[-144.56622,67.40425],[-144.56629,67.40394],[-144.56457,67.4033],[-144.56367,67.40395],[-144.5629,67.40421],[-144.56127,67.40436],[-144.56008,67.40489],[-144.56057,67.40514],[-144.56427,67.40615],[-144.5652,67.40626],[-144.56585,67.40672],[-144.56733,67.40691],[-144.56866,67.40751],[-144.56963,67.40737],[-144.57042,67.40675],[-144.57192,67.40654],[-144.57221,67.40598],[-144.57222,67.40569],[-144.57249,67.40545],[-144.573,67.40535],[-144.57454,67.40567],[-144.57617,67.40651],[-144.57743,67.40669],[-144.5798,67.40654],[-144.57996,67.40729],[-144.58029,67.40768],[-144.58094,67.40799],[-144.5811,67.40823],[-144.57999,67.40861],[-144.57986,67.40924],[-144.57921,67.4092],[-144.5788,67.40879],[-144.5763,67.40869],[-144.57569,67.40844],[-144.57575,67.40772],[-144.57308,67.40851],[-144.57495,67.40885],[-144.57537,67.40918],[-144.57515,67.40982],[-144.57423,67.40986],[-144.57326,67.40959],[-144.57028,67.40951],[-144.56864,67.40912],[-144.56613,67.40915],[-144.56255,67.41041],[-144.56039,67.41096],[-144.55543,67.41193],[-144.55065,67.41217],[-144.54957,67.41204],[-144.54948,67.41152],[-144.55119,67.41089],[-144.5529,67.41048],[-144.55319,67.41012],[-144.55207,67.40999],[-144.55227,67.40976],[-144.55184,67.40957],[-144.55028,67.40954],[-144.54966,67.40928],[-144.54641,67.41032],[-144.54242,67.41014],[-144.53952,67.40951],[-144.53701,67.40871],[-144.53566,67.40863],[-144.53341,67.40824],[-144.53177,67.40759],[-144.52992,67.40759],[-144.52941,67.40735],[-144.52606,67.40675],[-144.52495,67.40669],[-144.5238,67.40625],[-144.52243,67.40594],[-144.52202,67.40612],[-144.52275,67.40657],[-144.52272,67.40738],[-144.52231,67.40765],[-144.52223,67.40813],[-144.52133,67.40854],[-144.52137,67.4095],[-144.52211,67.41021],[-144.52171,67.41073],[-144.51937,67.41087],[-144.51813,67.41074],[-144.51655,67.41128],[-144.51658,67.41192],[-144.51319,67.41274],[-144.51137,67.41333],[-144.51057,67.41345],[-144.5107,67.41314],[-144.51051,67.4128],[-144.50977,67.41252],[-144.50938,67.41253],[-144.50867,67.41326],[-144.50837,67.41261],[-144.50754,67.41269],[-144.5057,67.41328],[-144.5055,67.41364],[-144.50458,67.41437],[-144.50448,67.41465],[-144.50498,67.41524],[-144.50336,67.41509],[-144.50217,67.41513],[-144.50144,67.41577],[-144.4984,67.41639],[-144.49771,67.41605],[-144.49634,67.41581],[-144.49234,67.41568],[-144.49161,67.41615],[-144.49219,67.41637],[-144.49083,67.41651],[-144.48986,67.41702],[-144.49003,67.41747],[-144.48949,67.41787],[-144.48904,67.41791],[-144.48884,67.41853],[-144.48857,67.41821],[-144.48829,67.41812],[-144.48743,67.41824],[-144.48723,67.41808],[-144.48621,67.41793],[-144.48307,67.41806],[-144.48134,67.41835],[-144.48091,67.41887],[-144.48091,67.4195],[-144.48169,67.42011],[-144.48246,67.42047],[-144.48228,67.4211],[-144.48201,67.42168],[-144.48125,67.42261],[-144.4798,67.42319],[-144.48118,67.42443],[-144.48132,67.42592],[-144.48063,67.42634],[-144.47877,67.42613],[-144.47796,67.42639],[-144.47808,67.42674],[-144.47953,67.42766],[-144.47959,67.4284],[-144.47849,67.42856],[-144.47587,67.42798],[-144.47573,67.42825],[-144.47531,67.42814],[-144.47489,67.42767],[-144.47374,67.42729],[-144.47195,67.42711],[-144.46823,67.42806],[-144.46803,67.42844],[-144.46875,67.42891],[-144.46861,67.42928],[-144.46884,67.42987],[-144.46817,67.42986],[-144.46764,67.42948],[-144.46645,67.42777],[-144.46595,67.42766],[-144.46547,67.42718],[-144.46485,67.42613],[-144.46428,67.42581],[-144.46396,67.42617],[-144.46263,67.42629],[-144.4618,67.42532],[-144.46113,67.42552],[-144.46085,67.42618],[-144.46097,67.42678],[-144.46146,67.4269],[-144.46117,67.42751],[-144.46129,67.4281],[-144.46158,67.42851],[-144.46081,67.42862],[-144.45961,67.42855],[-144.45944,67.42796],[-144.45854,67.42788],[-144.45713,67.42687],[-144.45541,67.42742],[-144.45679,67.42803],[-144.45755,67.42957],[-144.45899,67.42935],[-144.46278,67.42925],[-144.46223,67.4297],[-144.45941,67.43017],[-144.4581,67.43078],[-144.45975,67.43107],[-144.46182,67.43123],[-144.46382,67.4312],[-144.46471,67.43091],[-144.46575,67.43001],[-144.4705,67.43068],[-144.47098,67.43089],[-144.4685,67.432],[-144.46786,67.43266],[-144.46689,67.43247],[-144.46568,67.43335],[-144.46609,67.43369],[-144.46878,67.43356],[-144.47842,67.43454],[-144.47994,67.43499],[-144.48077,67.43631],[-144.47932,67.43697],[-144.47794,67.43742],[-144.4747,67.43747],[-144.47016,67.43705],[-144.46712,67.43639],[-144.46492,67.43567],[-144.464,67.4356],[-144.46345,67.43529],[-144.45955,67.43621],[-144.45912,67.43673],[-144.45822,67.43707],[-144.4581,67.43739],[-144.45817,67.43764],[-144.45711,67.43758],[-144.45607,67.43704],[-144.45531,67.43619],[-144.45485,67.43595],[-144.45335,67.43605],[-144.45319,67.43646],[-144.45382,67.43685],[-144.45407,67.43765],[-144.45397,67.43791],[-144.4533,67.43764],[-144.4527,67.43778],[-144.45226,67.43815],[-144.45128,67.43848],[-144.45025,67.43855],[-144.44939,67.43877],[-144.44916,67.439],[-144.44855,67.43917],[-144.44638,67.43896],[-144.44532,67.43911],[-144.44526,67.43929],[-144.44411,67.43925],[-144.44316,67.4389],[-144.44296,67.43922],[-144.44178,67.43906],[-144.44023,67.43906],[-144.43985,67.43946],[-144.43911,67.4396],[-144.43803,67.43978],[-144.43575,67.43989],[-144.43499,67.44048],[-144.43519,67.44076],[-144.43586,67.44083],[-144.43584,67.4411],[-144.43327,67.44135],[-144.43259,67.44152],[-144.43252,67.44212],[-144.43336,67.44235],[-144.43601,67.44231],[-144.4399,67.44163],[-144.4433,67.44059],[-144.44455,67.44036],[-144.44548,67.43993],[-144.44627,67.43991],[-144.44694,67.44035],[-144.44907,67.44003],[-144.45093,67.43953],[-144.45142,67.43977],[-144.45155,67.44017],[-144.45038,67.44056],[-144.45093,67.44107],[-144.4519,67.44138],[-144.45583,67.44204],[-144.45596,67.44252],[-144.45707,67.44247],[-144.45803,67.44202],[-144.45784,67.44165],[-144.4584,67.44138],[-144.45918,67.44136],[-144.45893,67.44202],[-144.45927,67.44228],[-144.45755,67.44294],[-144.45583,67.4431],[-144.45478,67.44338],[-144.45405,67.44484],[-144.45391,67.44586],[-144.45495,67.44648],[-144.45658,67.44711],[-144.45705,67.44687],[-144.45733,67.44529],[-144.45844,67.44502],[-144.45939,67.44495],[-144.45946,67.44478],[-144.45842,67.44445],[-144.45827,67.44402],[-144.45996,67.44331],[-144.46154,67.44299],[-144.46292,67.44289],[-144.46472,67.44122],[-144.46592,67.44111],[-144.46679,67.44128],[-144.4667,67.44162],[-144.46699,67.44173],[-144.4692,67.44166],[-144.46967,67.44228],[-144.46485,67.44294],[-144.46258,67.44384],[-144.4634,67.44516],[-144.46506,67.44598],[-144.46561,67.44656],[-144.46575,67.44688],[-144.46376,67.44754],[-144.46163,67.44911],[-144.46192,67.44918],[-144.46392,67.449],[-144.46484,67.4486],[-144.4657,67.44803],[-144.46637,67.44794],[-144.4674,67.44852],[-144.46836,67.44812],[-144.46733,67.4472],[-144.46823,67.44714],[-144.47029,67.44656],[-144.47119,67.44667],[-144.47119,67.44609],[-144.47208,67.44614],[-144.47429,67.44556],[-144.47577,67.44544],[-144.47633,67.44515],[-144.4773,67.44554],[-144.48053,67.44579],[-144.48105,67.44561],[-144.47992,67.44503],[-144.48103,67.44487]]]},"properties":{"fire_id":"ufid:2025-AKUYD-000255","source_collection":"history-2025","source_objectid":46301,"incident_name":"Christian","mapped_acres":64064.98,"mapped_acres_source":"poly_GISAcres","gis_acres":64064.98,"auto_acres":64064.728286225596,"reported_acres":64064.98,"percent_contained":null,"state":"AK","state_wfigs":"US-AK","county":"Yukon-Koyukuk","discovery_time_utc":"2025-06-20T20:50:49Z","perimeter_time_utc":"2025-09-24T19:17:11Z","perimeter_edit_time_utc":null,"incident_modified_time_utc":"2025-09-23T23:43:08Z","containment_time_utc":null,"control_time_utc":null,"fire_out_time_utc":"2025-09-22T19:30:00Z","fire_cause":"Natural","fire_cause_general":"Natural","map_method":"Image Interpretation","source_dataset":"FFP","unique_fire_identifier":"2025-AKUYD-000255","irwin_id":"{A54A4E83-26D5-492E-B913-9E4156030E41}","global_id":"d6ec29ca-e840-4ce0-a3fa-cf9001c573a6"}},{"type":"Feature","geometry":{"type":"MultiPolygon","coordinates":[[[[-141.00299,66.31051],[-141.00257,66.31052],[-141.00257,66.30884],[-141.00415,66.30893],[-141.00482,66.30869],[-141.00468,66.30841],[-141.00504,66.30816],[-141.00674,66.30733],[-141.00669,66.30726],[-141.00727,66.30707],[-141.00914,66.30679],[-141.01047,66.30674],[-141.01056,66.30628],[-141.01108,66.30592],[-141.01085,66.30569],[-141.01099,66.30548],[-141.01137,66.30541],[-141.01173,66.30493],[-141.01153,66.30429],[-141.01165,66.30327],[-141.01228,66.30256],[-141.01236,66.30212],[-141.01271,66.30167],[-141.0134,66.30152],[-141.01433,66.30075],[-141.01451,66.29997],[-141.01474,66.29957],[-141.01536,66.29923],[-141.01536,66.2986],[-141.01505,66.2983],[-141.01585,66.29713],[-141.01524,66.29687],[-141.0151,66.2963],[-141.01485,66.29597],[-141.01493,66.29566],[-141.01544,66.29546],[-141.01386,66.2948],[-141.01093,66.29437],[-141.01053,66.29448],[-141.00941,66.29408],[-141.00885,66.29367],[-141.01033,66.29349],[-141.01056,66.29329],[-141.00876,66.29302],[-141.00841,66.29274],[-141.00776,66.29261],[-141.00627,66.29176],[-141.00562,66.29161],[-141.00502,66.29128],[-141.00265,66.28896],[-141.00259,66.28953],[-141.00412,66.29122],[-141.00502,66.2917],[-141.00577,66.29278],[-141.00606,66.29364],[-141.00842,66.29456],[-141.0084,66.29509],[-141.00866,66.29555],[-141.00837,66.2958],[-141.00677,66.2963],[-141.00653,66.29658],[-141.00685,66.29665],[-141.00646,66.29688],[-141.00535,66.29717],[-141.00458,66.29753],[-141.00257,66.29763],[-141.00257,66.26998],[-141.00589,66.27057],[-141.00659,66.27091],[-141.00781,66.27118],[-141.00833,66.27121],[-141.00857,66.27083],[-141.00921,66.27097],[-141.01188,66.27112],[-141.011,66.27138],[-141.0103,66.27138],[-141.01032,66.27167],[-141.01148,66.27197],[-141.01487,66.272],[-141.01615,66.27188],[-141.02323,66.27218],[-141.02652,66.27251],[-141.02942,66.27298],[-141.03001,66.27327],[-141.03881,66.2741],[-141.04241,66.2737],[-141.04568,66.27444],[-141.05127,66.27513],[-141.05316,66.27582],[-141.05669,66.27526],[-141.05729,66.2754],[-141.0554,66.27594],[-141.05547,66.27624],[-141.05742,66.27604],[-141.06061,66.27617],[-141.06463,66.27613],[-141.06434,66.27573],[-141.06454,66.2754],[-141.06399,66.27509],[-141.06293,66.27483],[-141.06,66.27453],[-141.05903,66.27463],[-141.05903,66.27496],[-141.05742,66.27496],[-141.05744,66.27481],[-141.05826,66.27479],[-141.05822,66.27452],[-141.05508,66.27423],[-141.05252,66.27361],[-141.05242,66.27349],[-141.05279,66.2729],[-141.05179,66.27263],[-141.0511,66.27268],[-141.05081,66.27347],[-141.05033,66.27357],[-141.04985,66.27344],[-141.0498,66.27311],[-141.04903,66.2726],[-141.04621,66.27258],[-141.04531,66.27279],[-141.04407,66.2728],[-141.04293,66.2726],[-141.04208,66.27223],[-141.04095,66.27223],[-141.04055,66.27239],[-141.04033,66.27272],[-141.03987,66.2729],[-141.03899,66.27248],[-141.03244,66.27191],[-141.03019,66.27184],[-141.0223,66.27069],[-141.02045,66.27055],[-141.02075,66.27096],[-141.01706,66.27057],[-141.01582,66.27067],[-141.01633,66.27084],[-141.01514,66.27053],[-141.01052,66.26983],[-141.00996,66.26933],[-141.00952,66.26912],[-141.00964,66.26875],[-141.01073,66.26873],[-141.01038,66.26857],[-141.01035,66.26829],[-141.01052,66.26806],[-141.01318,66.26747],[-141.01388,66.26671],[-141.01399,66.26637],[-141.01357,66.26612],[-141.01399,66.26583],[-141.01468,66.26562],[-141.01462,66.26531],[-141.015,66.26486],[-141.01704,66.26454],[-141.01761,66.26404],[-141.01732,66.26323],[-141.01754,66.26291],[-141.01807,66.26268],[-141.01867,66.26203],[-141.01928,66.26192],[-141.02092,66.26254],[-141.02264,66.26289],[-141.02266,66.26144],[-141.02303,66.26067],[-141.0239,66.26079],[-141.02501,66.26065],[-141.02604,66.26034],[-141.02642,66.26051],[-141.02671,66.26047],[-141.02661,66.26012],[-141.02704,66.25987],[-141.0285,66.25992],[-141.02924,66.25981],[-141.03019,66.26049],[-141.03165,66.26104],[-141.03156,66.26107],[-141.03175,66.26138],[-141.03298,66.26184],[-141.03217,66.26188],[-141.03204,66.26213],[-141.03324,66.26293],[-141.03474,66.26326],[-141.03552,66.26388],[-141.0361,66.26408],[-141.03669,66.26485],[-141.03711,66.26511],[-141.03809,66.26515],[-141.03806,66.26464],[-141.0362,66.26358],[-141.03578,66.26301],[-141.03365,66.26096],[-141.03384,66.25985],[-141.03514,66.25881],[-141.03611,66.25847],[-141.04037,66.25949],[-141.0417,66.26003],[-141.04243,66.25987],[-141.04294,66.26024],[-141.04488,66.26106],[-141.04567,66.26107],[-141.04552,66.26075],[-141.04587,66.2606],[-141.04713,66.2607],[-141.04847,66.26106],[-141.05035,66.26124],[-141.05154,66.26164],[-141.05103,66.26262],[-141.05143,66.26313],[-141.05232,66.26342],[-141.05302,66.26348],[-141.05465,66.26268],[-141.05543,66.26272],[-141.05573,66.26294],[-141.05578,66.26321],[-141.0554,66.26342],[-141.05551,66.26355],[-141.05674,66.26335],[-141.05741,66.26346],[-141.05869,66.26324],[-141.05938,66.26268],[-141.06,66.26261],[-141.06181,66.26273],[-141.06284,66.26323],[-141.06342,66.26415],[-141.06273,66.26543],[-141.06177,66.26578],[-141.05925,66.26628],[-141.05827,66.26666],[-141.05914,66.26693],[-141.06005,66.26776],[-141.06059,66.26777],[-141.06176,66.26749],[-141.06205,66.26725],[-141.06257,66.26726],[-141.06338,66.26744],[-141.06373,66.26784],[-141.06466,66.26813],[-141.06651,66.2683],[-141.06795,66.26821],[-141.07076,66.26862],[-141.07338,66.26845],[-141.07766,66.2687],[-141.0794,66.26901],[-141.0806,66.2695],[-141.08111,66.26957],[-141.08214,66.26951],[-141.08438,66.26967],[-141.08482,66.26933],[-141.0846,66.26906],[-141.08165,66.26867],[-141.08196,66.2679],[-141.08149,66.26737],[-141.08089,66.26705],[-141.08105,66.26671],[-141.08079,66.26632],[-141.08076,66.26597],[-141.08154,66.26556],[-141.08214,66.26547],[-141.08341,66.26556],[-141.08921,66.26754],[-141.09104,66.26781],[-141.09149,66.26753],[-141.08993,66.26712],[-141.08981,66.26693],[-141.09111,66.26688],[-141.09132,66.26652],[-141.09308,66.26633],[-141.09475,66.2665],[-141.09639,66.26625],[-141.09639,66.26598],[-141.09545,66.26559],[-141.0959,66.26556],[-141.09631,66.26535],[-141.09755,66.26529],[-141.0978,66.2654],[-141.09756,66.26569],[-141.09763,66.2658],[-141.09745,66.26591],[-141.09753,66.26602],[-141.09817,66.26608],[-141.09902,66.26602],[-141.09902,66.26574],[-141.09941,66.26543],[-141.10282,66.26466],[-141.10299,66.26452],[-141.10494,66.26428],[-141.11095,66.26434],[-141.11236,66.26413],[-141.11406,66.26417],[-141.11426,66.26425],[-141.11349,66.2645],[-141.113,66.26488],[-141.1125,66.26505],[-141.1098,66.26517],[-141.10807,66.26535],[-141.1075,66.26562],[-141.10479,66.26579],[-141.10548,66.26614],[-141.10692,66.26631],[-141.10831,66.26621],[-141.11031,66.26629],[-141.11095,66.266],[-141.11232,66.26593],[-141.11639,66.26628],[-141.11584,66.26648],[-141.11594,66.26662],[-141.11689,66.2666],[-141.11716,66.26675],[-141.11648,66.26709],[-141.11655,66.26736],[-141.11864,66.26726],[-141.11895,66.26746],[-141.11824,66.26797],[-141.11909,66.26868],[-141.11996,66.26908],[-141.12059,66.2692],[-141.12305,66.26926],[-141.12623,66.26904],[-141.12768,66.26882],[-141.12952,66.26888],[-141.13004,66.26872],[-141.13194,66.26857],[-141.1333,66.26876],[-141.13373,66.269],[-141.1337,66.26942],[-141.13292,66.2699],[-141.13224,66.2701],[-141.12823,66.27068],[-141.12621,66.27057],[-141.12472,66.27002],[-141.12423,66.27002],[-141.12223,66.27046],[-141.1162,66.27028],[-141.1151,66.27047],[-141.11587,66.27111],[-141.11677,66.27118],[-141.11723,66.27144],[-141.11714,66.27185],[-141.1175,66.27248],[-141.12293,66.27322],[-141.12408,66.27348],[-141.12446,66.27341],[-141.12685,66.2736],[-141.1283,66.27345],[-141.1321,66.27393],[-141.13334,66.27381],[-141.1348,66.27385],[-141.13886,66.27316],[-141.13906,66.27333],[-141.13992,66.27334],[-141.14042,66.273],[-141.14151,66.27296],[-141.14367,66.27257],[-141.14445,66.27252],[-141.14602,66.273],[-141.14827,66.27225],[-141.14953,66.27202],[-141.14967,66.27159],[-141.15008,66.2715],[-141.15035,66.27175],[-141.1511,66.27198],[-141.15142,66.27189],[-141.15177,66.27151],[-141.15231,66.27133],[-141.15195,66.27101],[-141.15679,66.26913],[-141.15761,66.26858],[-141.15997,66.26811],[-141.16069,66.26773],[-141.16459,66.2669],[-141.1715,66.26647],[-141.17174,66.2666],[-141.17243,66.26654],[-141.17305,66.26667],[-141.17327,66.26686],[-141.17461,66.2668],[-141.17542,66.26662],[-141.17581,66.26639],[-141.17771,66.26607],[-141.17962,66.26595],[-141.18152,66.266],[-141.18294,66.26563],[-141.18496,66.26608],[-141.18542,66.26635],[-141.1854,66.26695],[-141.18471,66.2674],[-141.18472,66.26786],[-141.18554,66.2681],[-141.18577,66.26906],[-141.18687,66.26884],[-141.18745,66.26857],[-141.18769,66.26815],[-141.18768,66.26768],[-141.18665,66.26658],[-141.18681,66.26632],[-141.18716,66.26617],[-141.18812,66.26619],[-141.18858,66.26637],[-141.18844,66.26675],[-141.1885,66.26704],[-141.18875,66.26718],[-141.1905,66.26698],[-141.19101,66.26656],[-141.19291,66.26662],[-141.19843,66.26777],[-141.20201,66.26828],[-141.20129,66.26892],[-141.20011,66.26901],[-141.19961,66.26925],[-141.19918,66.26993],[-141.19852,66.2716],[-141.19982,66.27212],[-141.20143,66.27213],[-141.20121,66.27231],[-141.20083,66.27238],[-141.20059,66.27281],[-141.19984,66.27288],[-141.19917,66.27267],[-141.19813,66.27284],[-141.19613,66.27504],[-141.19528,66.27522],[-141.19117,66.27516],[-141.18943,66.27469],[-141.18747,66.27563],[-141.18598,66.27541],[-141.18561,66.27517],[-141.18567,66.27505],[-141.18538,66.27451],[-141.1881,66.27432],[-141.18855,66.27423],[-141.18909,66.27391],[-141.18892,66.27383],[-141.18739,66.274],[-141.18674,66.27363],[-141.18601,66.27371],[-141.1858,66.27358],[-141.18478,66.27347],[-141.18482,66.27325],[-141.18328,66.27314],[-141.18288,66.27283],[-141.1832,66.27224],[-141.18292,66.27204],[-141.18256,66.272],[-141.18209,66.27246],[-141.18143,66.27254],[-141.17965,66.27231],[-141.17944,66.2726],[-141.17853,66.27261],[-141.1782,66.27288],[-141.1781,66.27322],[-141.17685,66.27289],[-141.17558,66.27337],[-141.17564,66.27374],[-141.17683,66.27428],[-141.17697,66.27449],[-141.1788,66.2747],[-141.17971,66.27447],[-141.18031,66.2745],[-141.18043,66.27461],[-141.17959,66.27542],[-141.17403,66.27557],[-141.17391,66.27569],[-141.17747,66.27618],[-141.18101,66.27612],[-141.18244,66.27668],[-141.18234,66.27681],[-141.1816,66.27677],[-141.18147,66.27661],[-141.18113,66.27652],[-141.17628,66.27643],[-141.17613,66.27631],[-141.17493,66.2763],[-141.17445,66.27613],[-141.17337,66.27645],[-141.17311,66.27706],[-141.17314,66.27734],[-141.17366,66.27743],[-141.17377,66.27777],[-141.17246,66.27825],[-141.1757,66.27836],[-141.17695,66.27861],[-141.17742,66.27886],[-141.17777,66.27934],[-141.17762,66.27965],[-141.1785,66.27989],[-141.17788,66.28005],[-141.17828,66.28036],[-141.1783,66.28053],[-141.17811,66.28063],[-141.17681,66.28026],[-141.17662,66.28008],[-141.17654,66.27975],[-141.17579,66.27922],[-141.17574,66.27889],[-141.17381,66.2786],[-141.17249,66.27863],[-141.1721,66.2785],[-141.17182,66.27809],[-141.1715,66.27795],[-141.16966,66.27777],[-141.1696,66.27804],[-141.16989,66.2783],[-141.16958,66.27864],[-141.16973,66.27899],[-141.17128,66.27891],[-141.17197,66.27912],[-141.17192,66.27951],[-141.17104,66.27941],[-141.1701,66.27949],[-141.1706,66.27969],[-141.1724,66.27981],[-141.17202,66.28023],[-141.17263,66.2807],[-141.17298,66.28075],[-141.17364,66.28054],[-141.17444,66.28081],[-141.17457,66.28126],[-141.17414,66.28201],[-141.16941,66.28208],[-141.16528,66.2817],[-141.16478,66.28208],[-141.16409,66.28215],[-141.16392,66.28199],[-141.16335,66.28196],[-141.16311,66.28225],[-141.16353,66.28245],[-141.16424,66.28321],[-141.16419,66.28345],[-141.16472,66.28378],[-141.16516,66.28373],[-141.16617,66.28406],[-141.16712,66.28373],[-141.16838,66.28405],[-141.16884,66.28405],[-141.17032,66.28325],[-141.1721,66.28307],[-141.17207,66.28278],[-141.17328,66.28255],[-141.17337,66.28281],[-141.17388,66.28319],[-141.17436,66.28334],[-141.17434,66.28366],[-141.17488,66.28425],[-141.17542,66.2845],[-141.17628,66.28429],[-141.17719,66.28334],[-141.17795,66.28305],[-141.18064,66.28283],[-141.18229,66.28335],[-141.18271,66.28334],[-141.18416,66.28291],[-141.18367,66.28277],[-141.18413,66.28248],[-141.18381,66.28227],[-141.18407,66.28201],[-141.18317,66.28153],[-141.18314,66.28131],[-141.18334,66.2811],[-141.18426,66.28169],[-141.18466,66.28158],[-141.18478,66.28134],[-141.1852,66.28104],[-141.18667,66.28121],[-141.18713,66.2814],[-141.18737,66.28191],[-141.18881,66.28213],[-141.18883,66.28225],[-141.18831,66.28225],[-141.18716,66.28275],[-141.18726,66.28322],[-141.1876,66.28339],[-141.18815,66.28344],[-141.18908,66.28401],[-141.18947,66.28406],[-141.19017,66.28389],[-141.1909,66.28346],[-141.19244,66.28313],[-141.1927,66.28294],[-141.19318,66.28295],[-141.19385,66.28329],[-141.19519,66.28287],[-141.19479,66.28233],[-141.1952,66.28199],[-141.19473,66.28132],[-141.19693,66.28141],[-141.19907,66.282],[-141.20099,66.28173],[-141.2015,66.28181],[-141.20168,66.2821],[-141.20239,66.28217],[-141.20201,66.28168],[-141.20203,66.28156],[-141.20233,66.28151],[-141.20256,66.28118],[-141.20225,66.28082],[-141.19968,66.27981],[-141.20044,66.27892],[-141.20027,66.27847],[-141.20054,66.27828],[-141.19997,66.27789],[-141.20024,66.27768],[-141.20169,66.27725],[-141.20285,66.27715],[-141.20313,66.27699],[-141.2045,66.27672],[-141.20604,66.2769],[-141.2062,66.27674],[-141.20801,66.27654],[-141.20861,66.27692],[-141.20872,66.27721],[-141.20855,66.27735],[-141.20743,66.27737],[-141.20628,66.27797],[-141.20632,66.27817],[-141.20692,66.27835],[-141.20717,66.27862],[-141.20796,66.27906],[-141.20928,66.27854],[-141.21,66.27857],[-141.21023,66.27843],[-141.21041,66.278],[-141.21009,66.27758],[-141.21127,66.27751],[-141.21207,66.27792],[-141.21177,66.27804],[-141.21163,66.27826],[-141.21196,66.27857],[-141.21233,66.2786],[-141.21296,66.2783],[-141.21397,66.2782],[-141.21498,66.27783],[-141.21503,66.27764],[-141.21474,66.27753],[-141.2148,66.27733],[-141.21519,66.27702],[-141.21571,66.27695],[-141.21615,66.27645],[-141.21707,66.27627],[-141.21815,66.27646],[-141.21829,66.27632],[-141.21821,66.27608],[-141.21882,66.27559],[-141.22039,66.27518],[-141.22014,66.275],[-141.22052,66.27456],[-141.2208,66.27454],[-141.22121,66.27413],[-141.22099,66.27393],[-141.22105,66.27365],[-141.22179,66.27335],[-141.22122,66.27325],[-141.22073,66.2729],[-141.22093,66.27233],[-141.22185,66.27179],[-141.22276,66.27104],[-141.22346,66.2708],[-141.22425,66.27081],[-141.22671,66.27115],[-141.22703,66.27149],[-141.22612,66.27253],[-141.22509,66.27294],[-141.22547,66.27323],[-141.22713,66.27307],[-141.22959,66.27327],[-141.23084,66.2736],[-141.23125,66.27391],[-141.23195,66.27403],[-141.23252,66.27406],[-141.23328,66.27371],[-141.23398,66.27375],[-141.23483,66.27393],[-141.23581,66.27454],[-141.23594,66.27484],[-141.23671,66.27511],[-141.23711,66.27506],[-141.23719,66.27483],[-141.23745,66.27472],[-141.24,66.27437],[-141.24312,66.27454],[-141.24375,66.27445],[-141.2447,66.27391],[-141.24552,66.27364],[-141.24666,66.27349],[-141.2472,66.27403],[-141.24719,66.27449],[-141.24656,66.27492],[-141.24611,66.27507],[-141.24457,66.27519],[-141.24347,66.27562],[-141.24184,66.27599],[-141.24077,66.27656],[-141.24054,66.27683],[-141.2418,66.27779],[-141.24222,66.27837],[-141.24195,66.27892],[-141.24141,66.27954],[-141.24142,66.2798],[-141.24194,66.27981],[-141.24247,66.27942],[-141.24348,66.27826],[-141.24459,66.27752],[-141.24502,66.27742],[-141.24659,66.27739],[-141.24692,66.27785],[-141.24626,66.27858],[-141.24621,66.27912],[-141.24653,66.27937],[-141.24705,66.27915],[-141.2471,66.27891],[-141.24858,66.27813],[-141.24926,66.27822],[-141.24909,66.27842],[-141.2508,66.27863],[-141.25408,66.27823],[-141.25394,66.27803],[-141.25414,66.27755],[-141.25602,66.27729],[-141.25683,66.27747],[-141.25712,66.27773],[-141.25757,66.27786],[-141.26056,66.27775],[-141.26078,66.27829],[-141.26113,66.27836],[-141.26181,66.2783],[-141.26191,66.2781],[-141.26242,66.27796],[-141.26307,66.27798],[-141.2636,66.27773],[-141.26461,66.2778],[-141.26433,66.27815],[-141.26442,66.27833],[-141.26316,66.27865],[-141.26266,66.2792],[-141.26274,66.27945],[-141.2636,66.27962],[-141.26397,66.27956],[-141.26505,66.27882],[-141.26626,66.27847],[-141.26731,66.27828],[-141.26836,66.27832],[-141.26823,66.27859],[-141.26942,66.27892],[-141.2693,66.27909],[-141.26777,66.27955],[-141.26759,66.27971],[-141.26755,66.28025],[-141.26909,66.28039],[-141.27032,66.27999],[-141.27058,66.28003],[-141.27131,66.28052],[-141.27057,66.28105],[-141.27065,66.28111],[-141.27311,66.28094],[-141.27442,66.28129],[-141.27546,66.28193],[-141.27621,66.28259],[-141.2769,66.2829],[-141.27997,66.28296],[-141.28046,66.28323],[-141.28046,66.28346],[-141.27987,66.28361],[-141.27871,66.28359],[-141.27777,66.28424],[-141.27731,66.28433],[-141.27739,66.28461],[-141.27781,66.2848],[-141.27878,66.28451],[-141.28061,66.28494],[-141.28112,66.28524],[-141.2817,66.28522],[-141.28267,66.28455],[-141.28443,66.28397],[-141.28783,66.28382],[-141.28897,66.28391],[-141.29112,66.28453],[-141.29226,66.28603],[-141.29238,66.28658],[-141.29266,66.28665],[-141.2921,66.28696],[-141.2902,66.28748],[-141.28953,66.28829],[-141.29023,66.28863],[-141.29123,66.28863],[-141.29365,66.28799],[-141.29567,66.28793],[-141.29667,66.28737],[-141.29702,66.28685],[-141.29736,66.28668],[-141.29968,66.28724],[-141.30092,66.287],[-141.3019,66.28704],[-141.30197,66.28732],[-141.30177,66.28767],[-141.30021,66.28833],[-141.30205,66.28895],[-141.3025,66.28982],[-141.30411,66.29043],[-141.30336,66.29148],[-141.3036,66.29215],[-141.30391,66.29214],[-141.30457,66.29164],[-141.3051,66.29161],[-141.30499,66.29241],[-141.30434,66.29325],[-141.30378,66.2943],[-141.3033,66.29469],[-141.30096,66.29507],[-141.29639,66.29441],[-141.29345,66.2936],[-141.29153,66.29334],[-141.29093,66.29381],[-141.29106,66.29605],[-141.29089,66.29642],[-141.2904,66.29678],[-141.29201,66.2969],[-141.29349,66.29626],[-141.29461,66.29643],[-141.29519,66.29666],[-141.29499,66.29707],[-141.2935,66.29875],[-141.29286,66.29907],[-141.29203,66.2992],[-141.29095,66.29896],[-141.28855,66.29872],[-141.28797,66.29885],[-141.28715,66.2987],[-141.28647,66.29873],[-141.28647,66.29925],[-141.28485,66.29982],[-141.28354,66.30005],[-141.28354,66.30048],[-141.2833,66.30091],[-141.2824,66.3014],[-141.2789,66.30018],[-141.27507,66.29907],[-141.27156,66.29842],[-141.26887,66.29842],[-141.26822,66.29897],[-141.26659,66.29946],[-141.26142,66.29953],[-141.25856,66.2993],[-141.25498,66.30013],[-141.25374,66.30074],[-141.25393,66.30092],[-141.25263,66.30153],[-141.25286,66.30193],[-141.25242,66.30269],[-141.25128,66.30304],[-141.25182,66.30363],[-141.25184,66.3045],[-141.2493,66.30552],[-141.24847,66.30595],[-141.24838,66.30613],[-141.24653,66.30654],[-141.24555,66.30656],[-141.24383,66.3072],[-141.24264,66.30695],[-141.24251,66.30677],[-141.24269,66.30597],[-141.24283,66.30575],[-141.24345,66.30539],[-141.24522,66.30452],[-141.2453,66.30435],[-141.24411,66.30467],[-141.24407,66.30455],[-141.24479,66.30397],[-141.24481,66.30343],[-141.24419,66.30328],[-141.24365,66.30334],[-141.24186,66.30411],[-141.24264,66.30485],[-141.24247,66.30513],[-141.24177,66.30537],[-141.24062,66.30532],[-141.24036,66.30478],[-141.23938,66.30474],[-141.23846,66.30451],[-141.23915,66.30508],[-141.23895,66.30536],[-141.23821,66.30545],[-141.23728,66.30538],[-141.23644,66.30469],[-141.23637,66.30447],[-141.2324,66.30388],[-141.23216,66.30368],[-141.2305,66.30324],[-141.22967,66.30252],[-141.22958,66.30213],[-141.22821,66.30155],[-141.22869,66.30141],[-141.22935,66.30146],[-141.22962,66.30177],[-141.2308,66.30226],[-141.2326,66.3019],[-141.23304,66.30206],[-141.23289,66.3023],[-141.23315,66.30247],[-141.23373,66.30242],[-141.23409,66.30203],[-141.23514,66.3015],[-141.2352,66.30115],[-141.23479,66.30094],[-141.23274,66.3008],[-141.23248,66.30063],[-141.23254,66.30035],[-141.23174,66.30038],[-141.23022,66.3008],[-141.23024,66.30055],[-141.23125,66.29967],[-141.23089,66.29955],[-141.23032,66.29961],[-141.23012,66.30015],[-141.22972,66.30034],[-141.22939,66.30023],[-141.22919,66.2995],[-141.22876,66.29947],[-141.2281,66.30005],[-141.22709,66.30036],[-141.22686,66.30019],[-141.22692,66.29948],[-141.2268,66.2993],[-141.22598,66.29914],[-141.22555,66.29927],[-141.22479,66.29925],[-141.22476,66.29978],[-141.22521,66.29998],[-141.22524,66.30029],[-141.22463,66.30043],[-141.22229,66.3002],[-141.22018,66.30057],[-141.21863,66.30043],[-141.21804,66.30055],[-141.21743,66.30002],[-141.21682,66.29999],[-141.21585,66.30032],[-141.2155,66.30029],[-141.21534,66.29987],[-141.21556,66.29977],[-141.2154,66.29952],[-141.2144,66.29923],[-141.214,66.29928],[-141.21275,66.29907],[-141.21381,66.30034],[-141.21455,66.30087],[-141.21948,66.30159],[-141.22251,66.30133],[-141.22442,66.30166],[-141.22471,66.30185],[-141.22258,66.30197],[-141.22252,66.30216],[-141.22399,66.30256],[-141.22524,66.3027],[-141.22547,66.30357],[-141.22519,66.30365],[-141.22408,66.30324],[-141.22332,66.30315],[-141.22149,66.30368],[-141.22251,66.30475],[-141.22314,66.30644],[-141.22465,66.30696],[-141.22709,66.30863],[-141.22871,66.30956],[-141.22731,66.30939],[-141.22662,66.30914],[-141.22532,66.30827],[-141.22403,66.30777],[-141.22337,66.30699],[-141.2214,66.30592],[-141.22099,66.30519],[-141.22041,66.3046],[-141.21974,66.30422],[-141.21917,66.3041],[-141.21844,66.3043],[-141.2191,66.30461],[-141.22065,66.30633],[-141.2175,66.30579],[-141.21657,66.30594],[-141.21627,66.30635],[-141.21616,66.30733],[-141.21691,66.30793],[-141.21892,66.30811],[-141.21968,66.30833],[-141.21892,66.30844],[-141.21601,66.30842],[-141.2164,66.30884],[-141.21719,66.30906],[-141.2167,66.30929],[-141.21572,66.30948],[-141.21493,66.3099],[-141.21393,66.31012],[-141.21479,66.31049],[-141.21611,66.31083],[-141.21663,66.31114],[-141.21713,66.31163],[-141.21713,66.31301],[-141.21883,66.31287],[-141.21863,66.3119],[-141.2178,66.31117],[-141.21796,66.31053],[-141.21849,66.31051],[-141.21931,66.31096],[-141.22071,66.31113],[-141.22233,66.31099],[-141.22336,66.31071],[-141.22504,66.3109],[-141.22656,66.31086],[-141.22709,66.31099],[-141.22724,66.31124],[-141.22639,66.31227],[-141.22539,66.31219],[-141.2249,66.3129],[-141.22545,66.31345],[-141.22766,66.31333],[-141.2288,66.31372],[-141.2302,66.31374],[-141.23068,66.31351],[-141.23074,66.31324],[-141.23164,66.31367],[-141.23247,66.31365],[-141.23285,66.31332],[-141.23205,66.31283],[-141.23154,66.31205],[-141.23059,66.3116],[-141.23068,66.31125],[-141.23333,66.31129],[-141.23405,66.31098],[-141.23323,66.31053],[-141.23297,66.31],[-141.23342,66.30997],[-141.23376,66.30958],[-141.23316,66.30914],[-141.23198,66.30866],[-141.2318,66.30826],[-141.23274,66.3083],[-141.23349,66.30815],[-141.23364,66.30783],[-141.23411,66.30763],[-141.23546,66.30774],[-141.23839,66.30825],[-141.23842,66.30921],[-141.2393,66.30974],[-141.23975,66.31041],[-141.24128,66.31182],[-141.24152,66.31256],[-141.24214,66.31282],[-141.24449,66.31255],[-141.24567,66.31226],[-141.2475,66.31231],[-141.24929,66.31212],[-141.25063,66.31289],[-141.24994,66.31363],[-141.25007,66.31382],[-141.25001,66.31408],[-141.24927,66.31434],[-141.24897,66.31465],[-141.24507,66.3138],[-141.24457,66.31424],[-141.24432,66.31476],[-141.24309,66.31469],[-141.24167,66.31425],[-141.23986,66.31447],[-141.23858,66.31512],[-141.23938,66.31563],[-141.24079,66.31562],[-141.24428,66.31657],[-141.24489,66.31651],[-141.24578,66.31669],[-141.24796,66.31732],[-141.24801,66.31791],[-141.24712,66.31819],[-141.25041,66.3189],[-141.25,66.31958],[-141.24889,66.31955],[-141.24881,66.31938],[-141.24823,66.31935],[-141.2475,66.31951],[-141.24716,66.31977],[-141.246,66.31972],[-141.24514,66.31915],[-141.24243,66.31894],[-141.24037,66.31862],[-141.23962,66.31872],[-141.23922,66.3191],[-141.2392,66.31971],[-141.23982,66.31998],[-141.23988,66.32031],[-141.24029,66.32058],[-141.24101,66.32088],[-141.24355,66.3211],[-141.24467,66.32147],[-141.24526,66.32137],[-141.24641,66.32089],[-141.24782,66.32076],[-141.24843,66.32083],[-141.24949,66.32144],[-141.25027,66.32172],[-141.25094,66.32146],[-141.2515,66.32142],[-141.25233,66.3216],[-141.25471,66.32137],[-141.25554,66.32178],[-141.25593,66.32242],[-141.25754,66.32277],[-141.25779,66.32294],[-141.25791,66.32323],[-141.25638,66.32384],[-141.25644,66.32406],[-141.25726,66.32449],[-141.25674,66.32467],[-141.25712,66.32501],[-141.2595,66.32622],[-141.25832,66.32632],[-141.25797,66.32695],[-141.25864,66.32731],[-141.25878,66.32801],[-141.2583,66.3284],[-141.25865,66.32879],[-141.25968,66.32901],[-141.25992,66.32929],[-141.25989,66.32957],[-141.25927,66.32985],[-141.25893,66.33025],[-141.25807,66.33045],[-141.25754,66.33041],[-141.25687,66.33007],[-141.25546,66.33003],[-141.25328,66.33072],[-141.2515,66.33028],[-141.25,66.33024],[-141.24803,66.32958],[-141.24667,66.32946],[-141.2454,66.32953],[-141.24362,66.33008],[-141.24097,66.32995],[-141.24009,66.32882],[-141.23942,66.32835],[-141.23878,66.32799],[-141.23765,66.32767],[-141.2375,66.32701],[-141.23677,66.32695],[-141.23577,66.32714],[-141.23527,66.32701],[-141.23443,66.32638],[-141.232,66.32552],[-141.22978,66.3255],[-141.22752,66.32515],[-141.22715,66.32495],[-141.22597,66.32483],[-141.22474,66.32443],[-141.22373,66.32435],[-141.22275,66.32402],[-141.22094,66.32386],[-141.22033,66.32412],[-141.21818,66.32443],[-141.21747,66.32479],[-141.21445,66.32523],[-141.21354,66.32566],[-141.20723,66.32589],[-141.20597,66.32604],[-141.20503,66.32641],[-141.20286,66.32687],[-141.20019,66.32635],[-141.19911,66.32647],[-141.19781,66.32636],[-141.19706,66.32613],[-141.1956,66.32545],[-141.19548,66.32437],[-141.19485,66.32456],[-141.19413,66.32459],[-141.19388,66.32498],[-141.19391,66.32593],[-141.19463,66.32646],[-141.19438,66.32675],[-141.18863,66.32647],[-141.1868,66.32656],[-141.1838,66.32607],[-141.1816,66.32591],[-141.18046,66.32604],[-141.17858,66.32692],[-141.17699,66.32697],[-141.17549,66.32672],[-141.17472,66.32696],[-141.17418,66.32696],[-141.17314,66.32674],[-141.17126,66.32672],[-141.17049,66.32636],[-141.16838,66.32668],[-141.1672,66.32665],[-141.16706,66.32638],[-141.16665,66.32611],[-141.1656,66.32594],[-141.16472,66.32598],[-141.16363,66.32651],[-141.16258,66.32675],[-141.16079,66.32675],[-141.1607,66.32641],[-141.15641,66.3273],[-141.15319,66.32724],[-141.1518,66.32731],[-141.15129,66.32755],[-141.15037,66.32755],[-141.14613,66.32725],[-141.1452,66.32604],[-141.14631,66.32599],[-141.14637,66.32588],[-141.14777,66.32552],[-141.14909,66.32501],[-141.1497,66.3244],[-141.15257,66.32295],[-141.15288,66.32166],[-141.15222,66.32128],[-141.15034,66.32084],[-141.14729,66.32066],[-141.14532,66.32097],[-141.1438,66.32076],[-141.13873,66.32042],[-141.13539,66.32068],[-141.13452,66.32104],[-141.13095,66.32113],[-141.12995,66.32127],[-141.13214,66.3221],[-141.1363,66.32297],[-141.13969,66.32388],[-141.14058,66.32428],[-141.14068,66.32508],[-141.14048,66.32524],[-141.1397,66.32539],[-141.13892,66.32583],[-141.13776,66.32534],[-141.13663,66.32594],[-141.13608,66.32592],[-141.13625,66.32556],[-141.13504,66.32552],[-141.13462,66.32631],[-141.13341,66.32613],[-141.13337,66.32629],[-141.13317,66.32634],[-141.13139,66.3259],[-141.13081,66.32572],[-141.12941,66.32476],[-141.12781,66.32441],[-141.1277,66.32464],[-141.12789,66.32501],[-141.12764,66.32504],[-141.12641,66.3249],[-141.12324,66.32491],[-141.12285,66.32474],[-141.12204,66.3247],[-141.11892,66.32514],[-141.11746,66.32507],[-141.11569,66.32528],[-141.11445,66.32523],[-141.115,66.32451],[-141.11482,66.32412],[-141.11403,66.32376],[-141.11427,66.32329],[-141.11212,66.32168],[-141.11183,66.32128],[-141.11124,66.32116],[-141.11096,66.32134],[-141.11081,66.32166],[-141.10992,66.32142],[-141.1095,66.3209],[-141.10922,66.32029],[-141.10858,66.32032],[-141.10821,66.3205],[-141.10802,66.32089],[-141.10773,66.32229],[-141.10778,66.32257],[-141.10741,66.32276],[-141.10733,66.32312],[-141.10652,66.3236],[-141.10627,66.3239],[-141.10506,66.32394],[-141.105,66.32416],[-141.10441,66.32453],[-141.10331,66.32466],[-141.10308,66.32479],[-141.09999,66.32446],[-141.09816,66.32477],[-141.09727,66.32522],[-141.0967,66.32519],[-141.09597,66.32491],[-141.09415,66.32492],[-141.09235,66.32532],[-141.08893,66.32558],[-141.0876,66.32585],[-141.08662,66.32625],[-141.08113,66.32671],[-141.08035,66.3272],[-141.07934,66.32713],[-141.07888,66.32722],[-141.07775,66.32658],[-141.07604,66.32648],[-141.07569,66.32622],[-141.07535,66.32618],[-141.0749,66.32641],[-141.07523,66.32655],[-141.07527,66.32685],[-141.0748,66.32679],[-141.0737,66.32696],[-141.0735,66.32688],[-141.07355,66.32636],[-141.07262,66.32568],[-141.07105,66.32508],[-141.07078,66.32459],[-141.0704,66.3247],[-141.07035,66.32444],[-141.07091,66.32434],[-141.07128,66.32403],[-141.07195,66.32379],[-141.07189,66.3235],[-141.0716,66.32315],[-141.07135,66.32289],[-141.07019,66.32313],[-141.06967,66.32257],[-141.06989,66.32238],[-141.07083,66.32245],[-141.07153,66.3223],[-141.07181,66.32181],[-141.07213,66.32183],[-141.07232,66.32207],[-141.07225,66.32237],[-141.07342,66.32287],[-141.0736,66.32313],[-141.07407,66.32334],[-141.07534,66.32347],[-141.07512,66.32328],[-141.07562,66.32325],[-141.07673,66.32356],[-141.07778,66.32342],[-141.07689,66.32292],[-141.0769,66.32225],[-141.07506,66.322],[-141.07365,66.32154],[-141.07463,66.32146],[-141.07593,66.32098],[-141.07668,66.32094],[-141.07808,66.32057],[-141.07821,66.32048],[-141.07773,66.3201],[-141.07809,66.31964],[-141.07784,66.31914],[-141.07664,66.31886],[-141.07649,66.31856],[-141.07599,66.31846],[-141.07461,66.31889],[-141.07389,66.31891],[-141.07319,66.31911],[-141.07293,66.31897],[-141.07199,66.31912],[-141.07193,66.31921],[-141.07234,66.31939],[-141.07188,66.31972],[-141.07165,66.32051],[-141.0717,66.32072],[-141.07235,66.32087],[-141.07212,66.32103],[-141.07133,66.32099],[-141.07006,66.32035],[-141.07003,66.32014],[-141.07082,66.32006],[-141.0707,66.31968],[-141.06981,66.31973],[-141.06869,66.32036],[-141.06819,66.32088],[-141.0676,66.32078],[-141.06707,66.3205],[-141.06645,66.32051],[-141.06498,66.32092],[-141.06462,66.3209],[-141.06436,66.32044],[-141.06359,66.32019],[-141.06405,66.31984],[-141.06363,66.31956],[-141.06516,66.31956],[-141.06547,66.31946],[-141.06548,66.31904],[-141.06604,66.31889],[-141.06611,66.31871],[-141.06526,66.31867],[-141.06522,66.31858],[-141.06532,66.31833],[-141.06623,66.31782],[-141.06633,66.31761],[-141.06621,66.31718],[-141.06635,66.31685],[-141.0676,66.31661],[-141.06926,66.31674],[-141.07122,66.31717],[-141.07116,66.31729],[-141.07162,66.31742],[-141.07144,66.31761],[-141.07022,66.31785],[-141.07054,66.31811],[-141.0741,66.3186],[-141.07447,66.31845],[-141.07302,66.3181],[-141.07293,66.31797],[-141.07346,66.31761],[-141.07307,66.31727],[-141.07204,66.31685],[-141.0714,66.31624],[-141.07123,66.31587],[-141.07144,66.31545],[-141.07176,66.31519],[-141.07163,66.31487],[-141.07121,66.31446],[-141.07221,66.31404],[-141.07333,66.31416],[-141.07351,66.31428],[-141.0736,66.3146],[-141.07396,66.31468],[-141.07652,66.31423],[-141.07741,66.31354],[-141.0786,66.3131],[-141.07892,66.31294],[-141.07897,66.31278],[-141.07874,66.31259],[-141.07815,66.31265],[-141.07747,66.31297],[-141.07685,66.31287],[-141.07493,66.313],[-141.07496,66.31281],[-141.07359,66.31281],[-141.07404,66.31266],[-141.074,66.31251],[-141.07313,66.31252],[-141.07314,66.31237],[-141.07595,66.31173],[-141.07867,66.31146],[-141.07859,66.31129],[-141.07804,66.31121],[-141.07671,66.31139],[-141.07654,66.31129],[-141.07729,66.3111],[-141.07815,66.31057],[-141.07871,66.31046],[-141.08,66.31064],[-141.08201,66.31064],[-141.08295,66.31044],[-141.08305,66.31023],[-141.08595,66.30968],[-141.08449,66.30963],[-141.08436,66.30945],[-141.08489,66.30932],[-141.08487,66.30918],[-141.08433,66.309],[-141.08197,66.30914],[-141.08179,66.30901],[-141.08237,66.30886],[-141.0825,66.30867],[-141.08532,66.30843],[-141.08644,66.30845],[-141.09148,66.30782],[-141.09178,66.3077],[-141.09167,66.30752],[-141.09376,66.30704],[-141.09643,66.30672],[-141.0997,66.30498],[-141.1001,66.30445],[-141.10055,66.30416],[-141.10082,66.30368],[-141.10199,66.30318],[-141.10261,66.30255],[-141.1034,66.30213],[-141.10619,66.30143],[-141.10992,66.30081],[-141.11062,66.30049],[-141.11222,66.30105],[-141.11182,66.29994],[-141.11172,66.29901],[-141.11088,66.29903],[-141.109,66.2997],[-141.10794,66.29976],[-141.10669,66.30036],[-141.10535,66.30059],[-141.10414,66.30109],[-141.09696,66.30121],[-141.09379,66.30087],[-141.09243,66.30124],[-141.0928,66.30156],[-141.09435,66.30163],[-141.09429,66.3019],[-141.09216,66.30215],[-141.09094,66.30274],[-141.08974,66.30294],[-141.08733,66.30307],[-141.08803,66.30326],[-141.088,66.30352],[-141.08705,66.30388],[-141.0832,66.30472],[-141.07876,66.30498],[-141.07538,66.30482],[-141.07515,66.30465],[-141.07498,66.30422],[-141.07394,66.30444],[-141.07002,66.30447],[-141.06949,66.30422],[-141.06948,66.30402],[-141.06911,66.30386],[-141.06771,66.30375],[-141.06595,66.30383],[-141.0659,66.30358],[-141.06551,66.30331],[-141.06575,66.30311],[-141.06688,66.30283],[-141.06786,66.30281],[-141.06778,66.30297],[-141.0673,66.30312],[-141.06722,66.30328],[-141.06892,66.30326],[-141.07098,66.30271],[-141.07226,66.30214],[-141.07243,66.30195],[-141.07076,66.30239],[-141.06986,66.30239],[-141.06969,66.30232],[-141.07009,66.30214],[-141.07022,66.30194],[-141.06975,66.30183],[-141.06835,66.30187],[-141.06863,66.30166],[-141.06803,66.30154],[-141.06901,66.30124],[-141.06975,66.30148],[-141.07022,66.30123],[-141.07083,66.30112],[-141.07099,66.30094],[-141.07097,66.30068],[-141.07041,66.30028],[-141.06959,66.30048],[-141.06938,66.30077],[-141.06858,66.3007],[-141.06827,66.30085],[-141.06774,66.30086],[-141.06763,66.30052],[-141.06704,66.30052],[-141.06376,66.30109],[-141.06336,66.30148],[-141.0629,66.30165],[-141.06144,66.30187],[-141.06067,66.30267],[-141.06085,66.30315],[-141.06075,66.3035],[-141.06104,66.30362],[-141.06144,66.30357],[-141.0617,66.30396],[-141.0624,66.30403],[-141.06272,66.30422],[-141.06224,66.30435],[-141.06274,66.30467],[-141.06232,66.30531],[-141.06313,66.30571],[-141.06298,66.30588],[-141.06258,66.30598],[-141.06358,66.3062],[-141.06479,66.30627],[-141.06495,66.30644],[-141.06421,66.30662],[-141.06418,66.30686],[-141.06381,66.30709],[-141.06385,66.30734],[-141.06436,66.30779],[-141.06575,66.30806],[-141.06615,66.30844],[-141.06691,66.3088],[-141.06636,66.3095],[-141.06617,66.31024],[-141.06625,66.31051],[-141.06534,66.3111],[-141.06351,66.31132],[-141.06189,66.312],[-141.06023,66.31221],[-141.05854,66.31201],[-141.05614,66.31197],[-141.05665,66.31106],[-141.0532,66.30999],[-141.05308,66.30974],[-141.05274,66.30966],[-141.05131,66.30961],[-141.05122,66.30943],[-141.04816,66.30897],[-141.04768,66.30911],[-141.04536,66.30891],[-141.04498,66.30869],[-141.04723,66.30869],[-141.04805,66.30857],[-141.04854,66.3082],[-141.04778,66.30777],[-141.04699,66.30769],[-141.04701,66.30716],[-141.04591,66.30721],[-141.04462,66.30781],[-141.04371,66.30783],[-141.04286,66.30816],[-141.0415,66.30826],[-141.04142,66.30842],[-141.04168,66.30851],[-141.04258,66.30858],[-141.04218,66.30897],[-141.04447,66.30924],[-141.04458,66.31015],[-141.04413,66.31072],[-141.04291,66.31087],[-141.04341,66.31107],[-141.04158,66.31169],[-141.04047,66.31185],[-141.04005,66.31178],[-141.03989,66.31027],[-141.04068,66.3093],[-141.04076,66.30898],[-141.04005,66.30842],[-141.04063,66.30841],[-141.04066,66.30819],[-141.04107,66.30785],[-141.03979,66.30758],[-141.03942,66.3077],[-141.03896,66.30829],[-141.03868,66.30807],[-141.03798,66.30802],[-141.03908,66.30746],[-141.03917,66.30722],[-141.03777,66.30719],[-141.03643,66.30694],[-141.03597,66.30698],[-141.03511,66.30733],[-141.03481,66.30716],[-141.03331,66.30711],[-141.03279,66.30732],[-141.03249,66.3078],[-141.03109,66.3084],[-141.02655,66.30789],[-141.02626,66.30754],[-141.02596,66.30744],[-141.02426,66.30767],[-141.02082,66.30735],[-141.01979,66.30755],[-141.01806,66.3082],[-141.01718,66.30837],[-141.01631,66.3088],[-141.0148,66.30927],[-141.0132,66.31012],[-141.01184,66.3102],[-141.01144,66.31006],[-141.00759,66.30967],[-141.006,66.3105],[-141.00541,66.31051],[-141.00472,66.31072],[-141.00511,66.31105],[-141.00502,66.31124],[-141.0044,66.31131],[-141.0039,66.31113],[-141.00405,66.31096],[-141.00299,66.31051]]],[[[-141.08209,66.2645],[-141.08074,66.26429],[-141.08092,66.26408],[-141.08206,66.26392],[-141.08297,66.26411],[-141.08276,66.26433],[-141.08209,66.2645]]],[[[-141.00637,66.30178],[-141.00257,66.30264],[-141.00257,66.29859],[-141.00271,66.29861],[-141.003,66.29913],[-141.00296,66.29942],[-141.0031,66.2997],[-141.00525,66.29983],[-141.0057,66.29955],[-141.00562,66.29929],[-141.00574,66.29912],[-141.00662,66.29928],[-141.00683,66.30023],[-141.00718,66.30055],[-141.00681,66.30103],[-141.00731,66.30135],[-141.00706,66.30157],[-141.00637,66.30178]]]]},"properties":{"fire_id":"ufid:2025-AKUYD-000330","source_collection":"history-2025","source_objectid":46334,"incident_name":"Runt","mapped_acres":15968.54,"mapped_acres_source":"poly_GISAcres","gis_acres":15968.54,"auto_acres":15968.473199818318,"reported_acres":15968.52,"percent_contained":null,"state":"AK","state_wfigs":"US-AK","county":"Yukon-Koyukuk","discovery_time_utc":"2025-06-23T21:25:44Z","perimeter_time_utc":"2025-10-16T22:30:53Z","perimeter_edit_time_utc":null,"incident_modified_time_utc":"2025-10-16T21:57:19Z","containment_time_utc":null,"control_time_utc":null,"fire_out_time_utc":"2025-09-22T19:00:00Z","fire_cause":"Natural","fire_cause_general":"Natural","map_method":"Mixed Methods","source_dataset":"FFP","unique_fire_identifier":"2025-AKUYD-000330","irwin_id":"{58282BC0-C6F9-401A-8669-FF538954B1A0}","global_id":"2f219d72-249e-480e-9fa2-c8b28208da07"}},{"type":"Feature","geometry":{"type":"MultiPolygon","coordinates":[[[[-141.07534,66.33072],[-141.07602,66.3298],[-141.07633,66.32865],[-141.07604,66.32851],[-141.07616,66.32833],[-141.07582,66.32812],[-141.07571,66.32787],[-141.07616,66.32783],[-141.07599,66.32744],[-141.0753,66.32706],[-141.07523,66.32655],[-141.0749,66.32641],[-141.07535,66.32618],[-141.07569,66.32622],[-141.07604,66.32648],[-141.07775,66.32658],[-141.07888,66.32722],[-141.07934,66.32713],[-141.08035,66.3272],[-141.08113,66.32671],[-141.08662,66.32625],[-141.0876,66.32585],[-141.08893,66.32558],[-141.09235,66.32532],[-141.09469,66.32487],[-141.09597,66.32491],[-141.0967,66.32519],[-141.09727,66.32522],[-141.09816,66.32477],[-141.09999,66.32446],[-141.10238,66.32468],[-141.10433,66.32505],[-141.10496,66.32541],[-141.10731,66.32627],[-141.10898,66.32667],[-141.10944,66.32695],[-141.10834,66.3275],[-141.10514,66.32816],[-141.10333,66.32899],[-141.10287,66.32953],[-141.10384,66.3294],[-141.10586,66.32875],[-141.1094,66.32811],[-141.11213,66.32826],[-141.11242,66.32843],[-141.1147,66.32815],[-141.11658,66.32842],[-141.117,66.32862],[-141.11962,66.32909],[-141.12513,66.32997],[-141.12695,66.32967],[-141.12946,66.32982],[-141.13093,66.32978],[-141.1313,66.32965],[-141.13369,66.33001],[-141.13493,66.32994],[-141.13658,66.32953],[-141.13752,66.32952],[-141.13866,66.32918],[-141.14095,66.32916],[-141.14446,66.32875],[-141.14594,66.32835],[-141.14963,66.32844],[-141.15011,66.32829],[-141.15085,66.32834],[-141.15224,66.32811],[-141.15458,66.32807],[-141.1553,66.32766],[-141.16244,66.32705],[-141.164,66.32662],[-141.16582,66.3272],[-141.16631,66.32724],[-141.16754,66.32723],[-141.17109,66.32678],[-141.17242,66.32693],[-141.17221,66.32724],[-141.17166,66.32761],[-141.17091,66.32788],[-141.17047,66.32823],[-141.17028,66.32854],[-141.17065,66.32891],[-141.17074,66.32947],[-141.16973,66.33028],[-141.16901,66.33116],[-141.167,66.33215],[-141.16655,66.33218],[-141.16569,66.33258],[-141.16358,66.33274],[-141.16269,66.33264],[-141.16243,66.33235],[-141.16229,66.33141],[-141.16271,66.33012],[-141.16198,66.33004],[-141.16125,66.33025],[-141.16047,66.33069],[-141.15978,66.33073],[-141.15966,66.33037],[-141.15926,66.33028],[-141.15767,66.33075],[-141.15704,66.3307],[-141.15638,66.33035],[-141.15444,66.32998],[-141.15368,66.33012],[-141.15208,66.33074],[-141.15099,66.33077],[-141.15059,66.33099],[-141.1503,66.33091],[-141.14824,66.33143],[-141.14783,66.33103],[-141.14697,66.3309],[-141.14623,66.33104],[-141.14561,66.33134],[-141.14484,66.33126],[-141.14375,66.33079],[-141.14309,66.33073],[-141.14293,66.33099],[-141.1424,66.331],[-141.14211,66.33148],[-141.1409,66.33159],[-141.14078,66.33178],[-141.14001,66.33201],[-141.13823,66.33175],[-141.13816,66.33155],[-141.13708,66.33143],[-141.1367,66.33172],[-141.13678,66.33189],[-141.13666,66.33208],[-141.13576,66.33209],[-141.13507,66.3324],[-141.13466,66.33277],[-141.13384,66.33278],[-141.13334,66.33306],[-141.13258,66.33315],[-141.13156,66.33303],[-141.13146,66.33324],[-141.13121,66.33334],[-141.13033,66.33309],[-141.13019,66.33279],[-141.13025,66.33232],[-141.13008,66.33204],[-141.1302,66.33109],[-141.1297,66.33089],[-141.12923,66.33097],[-141.12904,66.33136],[-141.12839,66.33132],[-141.12758,66.33154],[-141.12719,66.33186],[-141.12694,66.33229],[-141.12749,66.33265],[-141.12636,66.3327],[-141.12533,66.33305],[-141.12519,66.33283],[-141.1252,66.3324],[-141.12483,66.33229],[-141.12401,66.33266],[-141.12274,66.33279],[-141.12178,66.33265],[-141.11922,66.33317],[-141.11636,66.33336],[-141.11576,66.33384],[-141.11341,66.33366],[-141.11313,66.33396],[-141.11252,66.33399],[-141.11131,66.33342],[-141.10986,66.3337],[-141.10697,66.33396],[-141.10692,66.33406],[-141.10818,66.33424],[-141.10787,66.33438],[-141.10574,66.33443],[-141.10561,66.33469],[-141.10509,66.3348],[-141.10389,66.33466],[-141.10311,66.33511],[-141.10321,66.33515],[-141.10298,66.33533],[-141.10226,66.33568],[-141.10218,66.3362],[-141.10275,66.33681],[-141.10362,66.33713],[-141.10441,66.33723],[-141.10513,66.33774],[-141.10497,66.33794],[-141.10248,66.33872],[-141.10109,66.33843],[-141.09851,66.33845],[-141.09691,66.33783],[-141.09647,66.33798],[-141.0951,66.33764],[-141.09384,66.33708],[-141.09254,66.33682],[-141.09109,66.33731],[-141.08931,66.33767],[-141.08829,66.33764],[-141.08687,66.33736],[-141.08582,66.33768],[-141.08503,66.33764],[-141.08442,66.33728],[-141.084,66.33738],[-141.08363,66.33787],[-141.08414,66.33807],[-141.0836,66.33861],[-141.08386,66.33886],[-141.08546,66.33928],[-141.08528,66.33936],[-141.08271,66.33919],[-141.08107,66.33949],[-141.08085,66.33971],[-141.0766,66.34001],[-141.07534,66.34059],[-141.07579,66.34073],[-141.07568,66.34095],[-141.07454,66.34086],[-141.07374,66.34098],[-141.07454,66.34166],[-141.07662,66.34174],[-141.07795,66.34198],[-141.07783,66.34299],[-141.07663,66.34328],[-141.07355,66.34354],[-141.07277,66.34344],[-141.0727,66.3433],[-141.07157,66.34328],[-141.07053,66.34305],[-141.06966,66.34344],[-141.07082,66.34338],[-141.07143,66.34384],[-141.07164,66.34419],[-141.07147,66.34454],[-141.07108,66.34484],[-141.07147,66.34539],[-141.07174,66.3462],[-141.07318,66.34642],[-141.07319,66.34655],[-141.07186,66.34707],[-141.06958,66.3475],[-141.06867,66.3475],[-141.06758,66.34721],[-141.06698,66.34687],[-141.06721,66.34651],[-141.06898,66.34649],[-141.06966,66.34635],[-141.06933,66.34606],[-141.06895,66.34535],[-141.06901,66.34527],[-141.06865,66.34522],[-141.06777,66.34565],[-141.06667,66.34556],[-141.06542,66.34569],[-141.0643,66.34614],[-141.06435,66.34643],[-141.06282,66.34701],[-141.06178,66.34689],[-141.06067,66.34637],[-141.06092,66.34595],[-141.06266,66.34522],[-141.06198,66.34495],[-141.06075,66.34501],[-141.06205,66.34398],[-141.06328,66.34345],[-141.06559,66.34305],[-141.06599,66.34307],[-141.06582,66.34329],[-141.0659,66.34355],[-141.06617,66.34363],[-141.06848,66.34342],[-141.06879,66.34317],[-141.07063,66.34044],[-141.07094,66.33927],[-141.07056,66.33841],[-141.07071,66.33815],[-141.07096,66.33815],[-141.07094,66.33747],[-141.07153,66.33712],[-141.07249,66.33691],[-141.07525,66.33714],[-141.0761,66.33677],[-141.07589,66.33602],[-141.07663,66.33577],[-141.0765,66.33552],[-141.07676,66.33519],[-141.07725,66.33489],[-141.07726,66.3346],[-141.07855,66.33435],[-141.07862,66.33413],[-141.07617,66.33392],[-141.07519,66.33365],[-141.07513,66.33342],[-141.07366,66.33317],[-141.07322,66.33351],[-141.07219,66.33393],[-141.07232,66.33408],[-141.07148,66.33431],[-141.07068,66.33426],[-141.07058,66.33402],[-141.07141,66.33374],[-141.07158,66.33339],[-141.07359,66.33239],[-141.07394,66.33164],[-141.07534,66.33072]]],[[[-141.14068,66.32508],[-141.14058,66.32428],[-141.13969,66.32388],[-141.1363,66.32297],[-141.13214,66.3221],[-141.12995,66.32127],[-141.13095,66.32113],[-141.13452,66.32104],[-141.13539,66.32068],[-141.13873,66.32042],[-141.1438,66.32076],[-141.14532,66.32097],[-141.14729,66.32066],[-141.15034,66.32084],[-141.15222,66.32128],[-141.15288,66.32166],[-141.15257,66.32295],[-141.1497,66.3244],[-141.14909,66.32501],[-141.14777,66.32552],[-141.14637,66.32588],[-141.14631,66.32599],[-141.14455,66.32606],[-141.14432,66.32641],[-141.14435,66.32701],[-141.14271,66.32721],[-141.14195,66.32679],[-141.14111,66.32706],[-141.14163,66.32744],[-141.14079,66.32784],[-141.13894,66.32757],[-141.13697,66.32686],[-141.13609,66.32716],[-141.13745,66.32746],[-141.1381,66.32774],[-141.13845,66.32808],[-141.13849,66.32862],[-141.13688,66.32849],[-141.13549,66.32885],[-141.13049,66.32898],[-141.12908,66.32915],[-141.12866,66.32905],[-141.12878,66.32879],[-141.12959,66.32848],[-141.12987,66.32819],[-141.12892,66.32809],[-141.12705,66.32757],[-141.12608,66.3275],[-141.12496,66.3276],[-141.12446,66.32787],[-141.12021,66.32807],[-141.11717,66.32794],[-141.11268,66.32742],[-141.11246,66.32712],[-141.11253,66.32691],[-141.11241,66.32654],[-141.11113,66.32609],[-141.11053,66.32603],[-141.11007,66.32545],[-141.10927,66.3251],[-141.10818,66.32512],[-141.10621,66.32451],[-141.10604,66.32419],[-141.10652,66.3236],[-141.10733,66.32312],[-141.10741,66.32276],[-141.10778,66.32257],[-141.10773,66.32229],[-141.10802,66.32089],[-141.10821,66.3205],[-141.10858,66.32032],[-141.10922,66.32029],[-141.1095,66.3209],[-141.10992,66.32142],[-141.11081,66.32166],[-141.11096,66.32134],[-141.11124,66.32116],[-141.11183,66.32128],[-141.11212,66.32168],[-141.11427,66.32329],[-141.11403,66.32376],[-141.11482,66.32412],[-141.115,66.32451],[-141.11445,66.32523],[-141.11569,66.32528],[-141.11746,66.32507],[-141.11892,66.32514],[-141.12204,66.3247],[-141.12285,66.32474],[-141.12324,66.32491],[-141.12641,66.3249],[-141.12764,66.32504],[-141.12789,66.32501],[-141.1277,66.32464],[-141.12781,66.32441],[-141.12941,66.32476],[-141.13081,66.32572],[-141.13317,66.32634],[-141.13337,66.32629],[-141.13341,66.32613],[-141.13462,66.32631],[-141.13504,66.32552],[-141.13625,66.32556],[-141.13608,66.32592],[-141.13663,66.32594],[-141.13776,66.32534],[-141.13892,66.32583],[-141.1397,66.32539],[-141.14048,66.32524],[-141.14068,66.32508]]],[[[-141.15455,66.34221],[-141.15178,66.34198],[-141.15146,66.34186],[-141.1512,66.34139],[-141.15182,66.34128],[-141.1526,66.34142],[-141.15287,66.34175],[-141.15389,66.34162],[-141.15426,66.34125],[-141.15406,66.34106],[-141.15491,66.3403],[-141.15617,66.34005],[-141.15695,66.34019],[-141.1569,66.33982],[-141.15818,66.33983],[-141.16097,66.33907],[-141.15973,66.33878],[-141.1589,66.33893],[-141.15825,66.3388],[-141.15809,66.33834],[-141.15816,66.338],[-141.15895,66.33774],[-141.16043,66.33782],[-141.1616,66.33826],[-141.16177,66.33848],[-141.16238,66.3382],[-141.16189,66.33786],[-141.16032,66.33746],[-141.1601,66.33724],[-141.1589,66.33706],[-141.15758,66.33635],[-141.15835,66.33614],[-141.15971,66.33657],[-141.16197,66.3369],[-141.16409,66.33782],[-141.16463,66.33788],[-141.16649,66.33738],[-141.1655,66.33716],[-141.16317,66.33698],[-141.16223,66.33675],[-141.16082,66.33593],[-141.16033,66.33587],[-141.15982,66.33554],[-141.16065,66.3354],[-141.1608,66.3352],[-141.1613,66.33514],[-141.16154,66.33485],[-141.16212,66.33471],[-141.16255,66.3349],[-141.16274,66.33514],[-141.16275,66.33583],[-141.16324,66.33614],[-141.16381,66.33624],[-141.16565,66.33606],[-141.16627,66.33617],[-141.16701,66.33609],[-141.16765,66.33586],[-141.16775,66.33546],[-141.16738,66.33524],[-141.1685,66.33469],[-141.16867,66.33532],[-141.16933,66.33543],[-141.16931,66.33518],[-141.17,66.33454],[-141.17062,66.33425],[-141.17123,66.33435],[-141.17137,66.33465],[-141.1722,66.3351],[-141.17214,66.33541],[-141.17248,66.33551],[-141.17576,66.3349],[-141.17852,66.33419],[-141.17872,66.33439],[-141.17744,66.33467],[-141.17615,66.33528],[-141.17677,66.33635],[-141.17894,66.33598],[-141.17877,66.33545],[-141.17886,66.33484],[-141.17916,66.33464],[-141.18039,66.33446],[-141.18051,66.33411],[-141.18034,66.33388],[-141.17671,66.33342],[-141.17663,66.3333],[-141.17675,66.33266],[-141.17609,66.33226],[-141.17541,66.33209],[-141.17458,66.33224],[-141.17434,66.33259],[-141.17213,66.33285],[-141.17118,66.33329],[-141.17039,66.33336],[-141.17023,66.33318],[-141.17034,66.33307],[-141.1691,66.33269],[-141.16877,66.33218],[-141.16914,66.33179],[-141.16996,66.33147],[-141.17045,66.33104],[-141.17104,66.32997],[-141.17157,66.32857],[-141.17195,66.32825],[-141.17365,66.32781],[-141.1754,66.32786],[-141.17666,66.32772],[-141.18032,66.3269],[-141.18118,66.32681],[-141.18263,66.32687],[-141.18271,66.32718],[-141.18204,66.32748],[-141.18219,66.32779],[-141.18379,66.32801],[-141.1843,66.32772],[-141.18602,66.32738],[-141.18758,66.32733],[-141.18823,66.32741],[-141.18858,66.32762],[-141.18845,66.3281],[-141.18872,66.32847],[-141.18835,66.32873],[-141.18755,66.32882],[-141.18689,66.32869],[-141.18655,66.32846],[-141.18664,66.32826],[-141.18647,66.32805],[-141.18627,66.32804],[-141.18468,66.32817],[-141.18459,66.32849],[-141.18696,66.32928],[-141.18796,66.32936],[-141.18911,66.32868],[-141.19106,66.32806],[-141.19144,66.32777],[-141.19512,66.32724],[-141.19861,66.32735],[-141.19923,66.32787],[-141.19905,66.32853],[-141.1985,66.32872],[-141.19924,66.32905],[-141.1991,66.32964],[-141.19962,66.3298],[-141.20057,66.32971],[-141.20148,66.32991],[-141.2075,66.32982],[-141.20788,66.32976],[-141.20813,66.32951],[-141.20796,66.32908],[-141.20818,66.32848],[-141.20791,66.32797],[-141.20759,66.32778],[-141.20816,66.32716],[-141.20914,66.32716],[-141.21116,66.3268],[-141.21275,66.32614],[-141.21477,66.32573],[-141.21487,66.32558],[-141.21991,66.32587],[-141.22197,66.32634],[-141.22313,66.32544],[-141.22344,66.32573],[-141.22326,66.32584],[-141.22331,66.32607],[-141.22398,66.32612],[-141.22491,66.32591],[-141.2252,66.32573],[-141.22661,66.32568],[-141.22704,66.32549],[-141.22764,66.32547],[-141.22721,66.32586],[-141.22835,66.326],[-141.22835,66.32623],[-141.22778,66.32654],[-141.22627,66.32696],[-141.22597,66.32721],[-141.22608,66.32743],[-141.22671,66.32763],[-141.2267,66.32802],[-141.22806,66.32793],[-141.23056,66.32818],[-141.23028,66.3286],[-141.23135,66.32896],[-141.23132,66.32921],[-141.23115,66.3293],[-141.22918,66.32996],[-141.22909,66.33014],[-141.22811,66.33023],[-141.22554,66.33098],[-141.22515,66.33079],[-141.22698,66.33018],[-141.22483,66.33015],[-141.22028,66.3311],[-141.22058,66.33064],[-141.22007,66.33045],[-141.22009,66.33027],[-141.22028,66.33022],[-141.21979,66.33],[-141.21807,66.33035],[-141.21572,66.33026],[-141.21542,66.33032],[-141.21517,66.33058],[-141.21287,66.33109],[-141.21264,66.33089],[-141.21433,66.3305],[-141.21458,66.32985],[-141.21239,66.33053],[-141.21231,66.33068],[-141.2095,66.33098],[-141.20871,66.33081],[-141.20886,66.33066],[-141.211,66.33011],[-141.21127,66.32982],[-141.21038,66.3298],[-141.21046,66.32957],[-141.21131,66.32923],[-141.21119,66.32894],[-141.20984,66.32953],[-141.20952,66.3299],[-141.20962,66.32995],[-141.20951,66.33016],[-141.20758,66.33038],[-141.20764,66.33066],[-141.208,66.33084],[-141.208,66.3311],[-141.20716,66.33112],[-141.20672,66.331],[-141.2068,66.33091],[-141.20659,66.33077],[-141.20585,66.33081],[-141.20453,66.33119],[-141.20439,66.33161],[-141.20379,66.33194],[-141.20262,66.3319],[-141.20191,66.33159],[-141.20082,66.33134],[-141.20051,66.33103],[-141.19956,66.33104],[-141.20195,66.33192],[-141.20262,66.33265],[-141.20245,66.3334],[-141.20119,66.33407],[-141.20028,66.33422],[-141.19854,66.33417],[-141.19806,66.3344],[-141.19914,66.33461],[-141.19867,66.33503],[-141.19893,66.33568],[-141.19712,66.33503],[-141.19484,66.33534],[-141.19333,66.33608],[-141.19179,66.33638],[-141.19218,66.33655],[-141.19208,66.33676],[-141.19159,66.33698],[-141.18922,66.3371],[-141.18853,66.33734],[-141.18843,66.33754],[-141.19019,66.33807],[-141.19093,66.33858],[-141.19087,66.33885],[-141.19067,66.339],[-141.19086,66.34019],[-141.18991,66.34001],[-141.18954,66.34068],[-141.19005,66.34091],[-141.18949,66.34119],[-141.18893,66.34088],[-141.1882,66.3407],[-141.18757,66.34092],[-141.18729,66.3413],[-141.18583,66.34119],[-141.18591,66.3415],[-141.18575,66.34184],[-141.18504,66.34184],[-141.1847,66.34206],[-141.18396,66.34221],[-141.18313,66.34205],[-141.18218,66.34157],[-141.18147,66.34096],[-141.18073,66.34073],[-141.18007,66.34062],[-141.17946,66.34111],[-141.17892,66.34124],[-141.17842,66.34089],[-141.17725,66.34055],[-141.17692,66.34066],[-141.1768,66.3409],[-141.17611,66.34096],[-141.17625,66.34126],[-141.17579,66.34161],[-141.17512,66.34132],[-141.17453,66.34128],[-141.1741,66.34207],[-141.17346,66.34221],[-141.17301,66.34215],[-141.17212,66.34174],[-141.17134,66.34216],[-141.17082,66.34166],[-141.17028,66.34164],[-141.16999,66.3418],[-141.1693,66.34187],[-141.16914,66.3425],[-141.16702,66.34195],[-141.16557,66.34193],[-141.1652,66.34235],[-141.16554,66.34264],[-141.1662,66.34279],[-141.16657,66.34301],[-141.1665,66.34351],[-141.16764,66.34423],[-141.16776,66.34455],[-141.16749,66.34469],[-141.16703,66.3445],[-141.16651,66.34385],[-141.16482,66.34318],[-141.16395,66.34301],[-141.16097,66.34293],[-141.1598,66.34328],[-141.15944,66.34379],[-141.15884,66.34376],[-141.15845,66.34417],[-141.15793,66.34445],[-141.15671,66.34403],[-141.15485,66.34394],[-141.15405,66.34413],[-141.15411,66.34429],[-141.15357,66.34413],[-141.15258,66.3448],[-141.15131,66.34458],[-141.1504,66.34499],[-141.1499,66.34464],[-141.14968,66.34432],[-141.15033,66.34405],[-141.15019,66.34376],[-141.15455,66.34221]]]]},"properties":{"fire_id":"ufid:2025-AKUYD-000331","source_collection":"history-2025","source_objectid":46335,"incident_name":"Racquet","mapped_acres":1727.675,"mapped_acres_source":"poly_GISAcres","gis_acres":1727.675,"auto_acres":1727.667970688862,"reported_acres":1727.67,"percent_contained":null,"state":"AK","state_wfigs":"US-AK","county":"Yukon-Koyukuk","discovery_time_utc":"2025-06-23T21:36:50Z","perimeter_time_utc":"2025-09-24T17:11:40Z","perimeter_edit_time_utc":null,"incident_modified_time_utc":"2025-09-22T19:09:31Z","containment_time_utc":null,"control_time_utc":null,"fire_out_time_utc":"2025-09-22T08:00:00Z","fire_cause":"Natural","fire_cause_general":"Natural","map_method":"Image Interpretation","source_dataset":"FFP","unique_fire_identifier":"2025-AKUYD-000331","irwin_id":"{D1884080-B3E7-42D7-8E51-EF7915D592DC}","global_id":"884775b8-5b46-41fc-996d-be1f416b20ab"}},{"type":"Feature","geometry":{"type":"Polygon","coordinates":[[[-144.29349,65.43992],[-144.29241,65.43967],[-144.29162,65.43982],[-144.29089,65.43937],[-144.29084,65.43883],[-144.28957,65.43645],[-144.28938,65.43628],[-144.28877,65.4362],[-144.28708,65.43549],[-144.284,65.43519],[-144.28267,65.43467],[-144.28322,65.43447],[-144.28399,65.43391],[-144.28452,65.4331],[-144.28542,65.43305],[-144.28525,65.43355],[-144.28557,65.43377],[-144.28626,65.43388],[-144.28689,65.43372],[-144.28754,65.43325],[-144.28742,65.43291],[-144.28676,65.4327],[-144.28613,65.43211],[-144.28538,65.43202],[-144.28503,65.43215],[-144.2844,65.43202],[-144.28398,65.43159],[-144.28179,65.43132],[-144.28182,65.43111],[-144.28336,65.43071],[-144.28315,65.43041],[-144.28339,65.43017],[-144.28045,65.42867],[-144.27924,65.42827],[-144.27818,65.42818],[-144.27858,65.42734],[-144.27988,65.42617],[-144.27799,65.42653],[-144.27708,65.4269],[-144.27719,65.42661],[-144.2787,65.42568],[-144.28021,65.42524],[-144.28087,65.42543],[-144.2816,65.42541],[-144.28357,65.42453],[-144.28378,65.42424],[-144.28439,65.42398],[-144.2843,65.42365],[-144.2848,65.42355],[-144.28581,65.42361],[-144.28597,65.42345],[-144.28571,65.42317],[-144.28539,65.42292],[-144.28481,65.42277],[-144.28309,65.42297],[-144.28492,65.42202],[-144.28589,65.42208],[-144.28728,65.42167],[-144.28831,65.42182],[-144.28926,65.42238],[-144.28999,65.42339],[-144.29106,65.42344],[-144.29225,65.42284],[-144.2927,65.42304],[-144.29278,65.42354],[-144.29252,65.424],[-144.29354,65.42391],[-144.29403,65.42353],[-144.29408,65.42326],[-144.29479,65.42315],[-144.29612,65.42321],[-144.29832,65.42285],[-144.30218,65.42306],[-144.3037,65.42333],[-144.30435,65.42382],[-144.30458,65.4242],[-144.307,65.42415],[-144.30892,65.42438],[-144.31042,65.42504],[-144.31189,65.42551],[-144.31298,65.42617],[-144.31283,65.42659],[-144.31586,65.42736],[-144.31858,65.42787],[-144.31684,65.429],[-144.31685,65.42954],[-144.31779,65.42996],[-144.3176,65.43067],[-144.31861,65.43134],[-144.31859,65.43155],[-144.31634,65.43189],[-144.31588,65.43216],[-144.31578,65.43243],[-144.31574,65.43269],[-144.31601,65.43297],[-144.31655,65.43276],[-144.31716,65.4328],[-144.31731,65.43324],[-144.31924,65.43308],[-144.31942,65.4327],[-144.32085,65.43175],[-144.32108,65.43211],[-144.32238,65.4321],[-144.32295,65.43181],[-144.32402,65.43158],[-144.32423,65.43172],[-144.32318,65.43235],[-144.32314,65.4326],[-144.32335,65.43303],[-144.32394,65.43343],[-144.32497,65.43358],[-144.32539,65.43387],[-144.32505,65.43408],[-144.32439,65.43422],[-144.32344,65.43396],[-144.32328,65.43441],[-144.32433,65.4351],[-144.32459,65.43511],[-144.32545,65.43473],[-144.32616,65.43493],[-144.32575,65.43521],[-144.32479,65.43543],[-144.32414,65.43595],[-144.323,65.4361],[-144.32251,65.4357],[-144.3219,65.43553],[-144.32162,65.4356],[-144.32064,65.4363],[-144.32083,65.43666],[-144.32007,65.43719],[-144.32108,65.43728],[-144.32072,65.43786],[-144.3191,65.43891],[-144.31897,65.43944],[-144.3191,65.43995],[-144.31947,65.44051],[-144.31923,65.44075],[-144.31895,65.44154],[-144.31829,65.4415],[-144.31749,65.44171],[-144.31788,65.44223],[-144.31775,65.4435],[-144.31826,65.44381],[-144.31756,65.44491],[-144.31723,65.44569],[-144.31653,65.44636],[-144.31719,65.44683],[-144.31717,65.44705],[-144.31664,65.44678],[-144.31619,65.44673],[-144.31542,65.44701],[-144.31376,65.44803],[-144.31345,65.44849],[-144.31361,65.44906],[-144.31446,65.44989],[-144.3151,65.45012],[-144.31515,65.45043],[-144.31612,65.45142],[-144.31674,65.45181],[-144.3174,65.45192],[-144.31787,65.45218],[-144.31807,65.45245],[-144.31975,65.45337],[-144.31975,65.45395],[-144.31988,65.45425],[-144.31882,65.45429],[-144.31882,65.45451],[-144.31991,65.45492],[-144.32031,65.45551],[-144.3209,65.45577],[-144.321,65.45606],[-144.32143,65.45617],[-144.32074,65.45659],[-144.32061,65.45699],[-144.32137,65.45743],[-144.3213,65.45777],[-144.32186,65.4584],[-144.32138,65.45841],[-144.32163,65.45879],[-144.32166,65.45913],[-144.3215,65.45935],[-144.3218,65.45962],[-144.32259,65.45987],[-144.32262,65.46024],[-144.32345,65.46053],[-144.32384,65.46115],[-144.32292,65.46119],[-144.32328,65.46165],[-144.32299,65.46198],[-144.32308,65.46231],[-144.32348,65.46272],[-144.32281,65.46277],[-144.32285,65.4629],[-144.3236,65.46365],[-144.32355,65.46391],[-144.32367,65.46416],[-144.32444,65.46449],[-144.32537,65.46522],[-144.32535,65.46542],[-144.32604,65.46565],[-144.32605,65.46609],[-144.32656,65.46625],[-144.32688,65.46711],[-144.32767,65.46775],[-144.328,65.46785],[-144.32815,65.46808],[-144.32742,65.46819],[-144.32723,65.4684],[-144.32632,65.46826],[-144.32554,65.46836],[-144.32562,65.46861],[-144.32591,65.46873],[-144.32582,65.46929],[-144.32537,65.46916],[-144.32398,65.46815],[-144.32357,65.4682],[-144.32328,65.46876],[-144.32291,65.46913],[-144.32359,65.4694],[-144.3223,65.46983],[-144.32224,65.47017],[-144.32156,65.47031],[-144.32153,65.47049],[-144.32114,65.4706],[-144.31998,65.47023],[-144.31857,65.47001],[-144.31814,65.46983],[-144.31765,65.46908],[-144.31623,65.46875],[-144.31555,65.46843],[-144.31519,65.46766],[-144.31369,65.46639],[-144.31261,65.4662],[-144.31245,65.465],[-144.31181,65.4635],[-144.31146,65.46352],[-144.31163,65.46294],[-144.3113,65.46257],[-144.31196,65.46248],[-144.31248,65.46223],[-144.31202,65.46201],[-144.311,65.46193],[-144.31017,65.46238],[-144.30849,65.4626],[-144.30848,65.46278],[-144.30822,65.46292],[-144.30802,65.46256],[-144.30908,65.4624],[-144.30935,65.46229],[-144.30943,65.4621],[-144.30903,65.46182],[-144.30935,65.46147],[-144.30898,65.46098],[-144.30931,65.46015],[-144.3078,65.45972],[-144.30737,65.45943],[-144.30746,65.45888],[-144.30859,65.45836],[-144.30964,65.45873],[-144.31054,65.45883],[-144.31146,65.45814],[-144.31146,65.45703],[-144.31087,65.45502],[-144.31126,65.45463],[-144.31113,65.45432],[-144.31021,65.4539],[-144.31042,65.45337],[-144.30988,65.45227],[-144.30876,65.4522],[-144.30826,65.4526],[-144.30826,65.45303],[-144.30709,65.4537],[-144.30643,65.45424],[-144.30617,65.45485],[-144.30517,65.45488],[-144.30531,65.45508],[-144.30473,65.45494],[-144.30457,65.4551],[-144.30447,65.45555],[-144.30419,65.45547],[-144.30415,65.45497],[-144.30304,65.45444],[-144.3027,65.45408],[-144.30295,65.45366],[-144.30349,65.4533],[-144.30332,65.45321],[-144.3024,65.45345],[-144.3021,65.45374],[-144.30181,65.45441],[-144.30047,65.45483],[-144.29992,65.45462],[-144.30059,65.45419],[-144.29904,65.45387],[-144.29832,65.45355],[-144.29808,65.45334],[-144.29862,65.45316],[-144.29872,65.45301],[-144.29836,65.45256],[-144.299,65.45236],[-144.29897,65.45186],[-144.29961,65.45093],[-144.2995,65.45066],[-144.30038,65.45006],[-144.30042,65.44968],[-144.30093,65.44954],[-144.30144,65.44913],[-144.30113,65.44883],[-144.30028,65.44889],[-144.30021,65.4488],[-144.30113,65.44825],[-144.30125,65.44804],[-144.30243,65.44764],[-144.30233,65.4475],[-144.30161,65.44733],[-144.30184,65.44711],[-144.30263,65.44694],[-144.30345,65.44623],[-144.30358,65.44542],[-144.30293,65.44432],[-144.30294,65.44415],[-144.30159,65.44326],[-144.30188,65.44229],[-144.29908,65.44157],[-144.29788,65.44345],[-144.29711,65.44266],[-144.29651,65.44228],[-144.29579,65.44204],[-144.29512,65.44138],[-144.29357,65.44069],[-144.29336,65.44028],[-144.29349,65.43992]]]},"properties":{"fire_id":"ufid:2025-AKUYD-000484","source_collection":"history-2025","source_objectid":46338,"incident_name":"Medicine","mapped_acres":1251.39,"mapped_acres_source":"poly_GISAcres","gis_acres":1251.39,"auto_acres":1251.3844286009148,"reported_acres":1251.39,"percent_contained":null,"state":"AK","state_wfigs":"US-AK","county":"Yukon-Koyukuk","discovery_time_utc":"2025-08-04T16:12:09Z","perimeter_time_utc":"2025-09-24T17:18:30Z","perimeter_edit_time_utc":null,"incident_modified_time_utc":"2025-09-22T19:10:06Z","containment_time_utc":null,"control_time_utc":null,"fire_out_time_utc":"2025-09-22T19:00:00Z","fire_cause":"Natural","fire_cause_general":"Natural","map_method":"Image Interpretation","source_dataset":"FFP","unique_fire_identifier":"2025-AKUYD-000484","irwin_id":"{AF3FED53-0DF9-4F84-833B-218F12FE1C7E}","global_id":"62a51c41-2c1c-4112-b446-e28b2aa15abc"}},{"type":"Feature","geometry":{"type":"Polygon","coordinates":[[[-144.75695,65.64476],[-144.75764,65.64482],[-144.75749,65.64489],[-144.75757,65.645],[-144.75787,65.64492],[-144.75799,65.64506],[-144.75738,65.64512],[-144.7576,65.64525],[-144.7574,65.64532],[-144.75756,65.64539],[-144.75706,65.64546],[-144.75778,65.64576],[-144.75732,65.64576],[-144.75733,65.6459],[-144.75682,65.64618],[-144.75674,65.64597],[-144.75625,65.64599],[-144.75642,65.64583],[-144.75587,65.64566],[-144.75613,65.64551],[-144.7561,65.64524],[-144.7562,65.64519],[-144.75601,65.6451],[-144.756,65.64524],[-144.755542,65.645214],[-144.75568,65.64533],[-144.75533,65.64537],[-144.75561,65.64557],[-144.75546,65.64566],[-144.75529,65.64555],[-144.75488,65.64559],[-144.75501,65.64587],[-144.75524,65.64585],[-144.7552,65.64596],[-144.75474,65.64604],[-144.75461,65.64595],[-144.75461,65.64609],[-144.75432,65.64614],[-144.75416,65.64609],[-144.75432,65.64601],[-144.75413,65.64596],[-144.75436,65.64581],[-144.75405,65.64573],[-144.75396,65.64554],[-144.75404,65.64545],[-144.75368,65.64544],[-144.75379,65.64532],[-144.75357,65.6454],[-144.75321,65.64531],[-144.75357,65.64545],[-144.75346,65.64557],[-144.75287,65.64567],[-144.75322,65.64566],[-144.75328,65.64578],[-144.75206,65.64593],[-144.75183,65.64581],[-144.75214,65.64559],[-144.75158,65.64548],[-144.7516,65.64536],[-144.75132,65.64534],[-144.75139,65.6452],[-144.7507,65.64524],[-144.75087,65.64513],[-144.74993,65.64473],[-144.75009,65.64449],[-144.75113,65.64421],[-144.75064,65.64422],[-144.75091,65.64404],[-144.75052,65.64405],[-144.75084,65.64397],[-144.75091,65.6438],[-144.75124,65.64386],[-144.75148,65.64374],[-144.75231,65.64393],[-144.75199,65.64406],[-144.75256,65.64413],[-144.75331,65.64411],[-144.75317,65.64378],[-144.75331,65.64375],[-144.75419,65.64384],[-144.7539,65.64347],[-144.75395,65.64336],[-144.75366,65.64334],[-144.75382,65.64317],[-144.75348,65.64296],[-144.75359,65.64287],[-144.75345,65.64279],[-144.75384,65.6426],[-144.75325,65.64238],[-144.75412,65.64209],[-144.75488,65.64208],[-144.7545,65.64192],[-144.75469,65.64188],[-144.75461,65.64174],[-144.75432,65.64161],[-144.75399,65.64121],[-144.75408,65.64115],[-144.75394,65.64099],[-144.7541,65.6409],[-144.75413,65.6407],[-144.75448,65.64047],[-144.75406,65.64037],[-144.75411,65.64021],[-144.75383,65.64012],[-144.75392,65.63995],[-144.75433,65.63985],[-144.75315,65.6397],[-144.75309,65.63995],[-144.75286,65.63995],[-144.75244,65.63975],[-144.75271,65.63964],[-144.75295,65.63935],[-144.75323,65.63935],[-144.75327,65.63923],[-144.75406,65.63931],[-144.75391,65.63944],[-144.75424,65.63936],[-144.75407,65.63923],[-144.75419,65.63912],[-144.75473,65.63926],[-144.75466,65.63899],[-144.75491,65.639],[-144.75489,65.63878],[-144.75534,65.6387],[-144.75519,65.63855],[-144.75527,65.63847],[-144.75573,65.63843],[-144.75589,65.63853],[-144.75586,65.63871],[-144.75564,65.63882],[-144.75616,65.63887],[-144.7563,65.63869],[-144.7566,65.63871],[-144.75648,65.63848],[-144.75683,65.63834],[-144.75675,65.63826],[-144.75689,65.6382],[-144.75655,65.63816],[-144.75653,65.63793],[-144.75591,65.63823],[-144.75544,65.63802],[-144.75501,65.63809],[-144.75509,65.63792],[-144.75477,65.63804],[-144.75409,65.6379],[-144.75453,65.6376],[-144.75503,65.63748],[-144.75497,65.63733],[-144.7552,65.63715],[-144.75421,65.63761],[-144.75402,65.63755],[-144.75426,65.63737],[-144.75383,65.63735],[-144.75374,65.63721],[-144.75365,65.6373],[-144.75385,65.63754],[-144.7535,65.63765],[-144.75263,65.63763],[-144.75245,65.63782],[-144.75174,65.63763],[-144.75225,65.63729],[-144.75158,65.63727],[-144.75173,65.63717],[-144.75156,65.63712],[-144.75159,65.63699],[-144.75202,65.63689],[-144.75161,65.63673],[-144.75179,65.63657],[-144.75091,65.63662],[-144.75083,65.63672],[-144.75072,65.63663],[-144.75048,65.63679],[-144.75064,65.63684],[-144.75071,65.63717],[-144.75093,65.63717],[-144.75113,65.6374],[-144.75059,65.63757],[-144.75011,65.63796],[-144.74984,65.63789],[-144.74906,65.63813],[-144.74877,65.63804],[-144.74877,65.63792],[-144.74802,65.63807],[-144.74778,65.63819],[-144.74778,65.63837],[-144.74706,65.63833],[-144.74699,65.63843],[-144.74747,65.6385],[-144.74752,65.63871],[-144.74715,65.63897],[-144.74723,65.63907],[-144.74709,65.63919],[-144.74666,65.63936],[-144.74622,65.63932],[-144.74611,65.63958],[-144.74637,65.63961],[-144.74657,65.63981],[-144.74635,65.6399],[-144.74494,65.63979],[-144.74498,65.63967],[-144.74472,65.63949],[-144.74394,65.63947],[-144.74392,65.63968],[-144.74445,65.63975],[-144.74393,65.63992],[-144.74387,65.63977],[-144.74361,65.63968],[-144.7437,65.63941],[-144.74355,65.63939],[-144.74316,65.63973],[-144.74345,65.63996],[-144.74339,65.64006],[-144.7431,65.64009],[-144.74293,65.64027],[-144.74253,65.64008],[-144.7424,65.6399],[-144.74259,65.63973],[-144.74245,65.63963],[-144.74252,65.63928],[-144.74233,65.63915],[-144.7426,65.63902],[-144.74258,65.63879],[-144.74285,65.63874],[-144.74239,65.63862],[-144.74293,65.63852],[-144.74297,65.63864],[-144.74284,65.63869],[-144.74308,65.63875],[-144.74321,65.63895],[-144.74371,65.63879],[-144.74401,65.63892],[-144.74414,65.63867],[-144.74376,65.63857],[-144.74356,65.63838],[-144.74363,65.63833],[-144.74338,65.63827],[-144.74362,65.6382],[-144.74338,65.63817],[-144.74343,65.63801],[-144.74394,65.63791],[-144.74353,65.63773],[-144.74364,65.63758],[-144.74357,65.63746],[-144.74441,65.63729],[-144.74427,65.63713],[-144.74475,65.6368],[-144.74584,65.63466],[-144.74545,65.63451],[-144.74383,65.63473],[-144.74363,65.63395],[-144.74392,65.63376],[-144.74344,65.63282],[-144.74347,65.63167],[-144.74196,65.63114],[-144.74066,65.63141],[-144.73985,65.63236],[-144.73931,65.63183],[-144.74031,65.62959],[-144.74178,65.62918],[-144.74223,65.62855],[-144.74291,65.62799],[-144.74429,65.62747],[-144.74645,65.62715],[-144.74952,65.62522],[-144.75164,65.62325],[-144.75288,65.62422],[-144.75329,65.62514],[-144.75276,65.62636],[-144.7509,65.6272],[-144.74859,65.63012],[-144.748,65.63149],[-144.75065,65.63044],[-144.7513,65.62958],[-144.75165,65.62855],[-144.75476,65.62723],[-144.75527,65.62606],[-144.75666,65.62554],[-144.75797,65.62486],[-144.76012,65.62459],[-144.76274,65.62469],[-144.76308,65.62511],[-144.7636,65.62464],[-144.76341,65.62378],[-144.76435,65.62278],[-144.7656,65.62231],[-144.76815,65.62405],[-144.76721,65.62505],[-144.76883,65.62559],[-144.77176,65.62621],[-144.7741,65.6261],[-144.77681,65.62666],[-144.77627,65.62753],[-144.77762,65.62855],[-144.77909,65.62884],[-144.78112,65.62856],[-144.7828,65.6275],[-144.7851,65.62534],[-144.78411,65.62433],[-144.78355,65.6235],[-144.78257,65.62319],[-144.78126,65.62491],[-144.77903,65.62578],[-144.77844,65.62575],[-144.77951,65.62436],[-144.77952,65.62326],[-144.77717,65.62308],[-144.77735,65.62219],[-144.77642,65.61993],[-144.77674,65.6197],[-144.77843,65.6197],[-144.78045,65.62051],[-144.78309,65.62092],[-144.78442,65.62164],[-144.78465,65.62201],[-144.78733,65.62266],[-144.78828,65.62342],[-144.78957,65.62389],[-144.79231,65.624],[-144.79275,65.62343],[-144.79476,65.62354],[-144.79546,65.62398],[-144.79528,65.62487],[-144.79377,65.62579],[-144.79223,65.6257],[-144.79225,65.62635],[-144.79308,65.6271],[-144.79392,65.62855],[-144.79362,65.62943],[-144.79248,65.62961],[-144.7916,65.63041],[-144.79071,65.63056],[-144.78856,65.63014],[-144.78637,65.63016],[-144.78719,65.63131],[-144.78855,65.63159],[-144.78847,65.63253],[-144.78743,65.63277],[-144.78654,65.63467],[-144.78595,65.63499],[-144.78378,65.63426],[-144.77972,65.63343],[-144.77911,65.63379],[-144.78039,65.63502],[-144.77978,65.63573],[-144.77865,65.63622],[-144.77595,65.63644],[-144.77528,65.63716],[-144.77617,65.63764],[-144.77802,65.63797],[-144.77443,65.63896],[-144.77406,65.63974],[-144.77471,65.64039],[-144.77979,65.6411],[-144.78079,65.64157],[-144.78229,65.64262],[-144.78179,65.6448],[-144.78117,65.64562],[-144.77414,65.64708],[-144.77436,65.64664],[-144.77538,65.64613],[-144.77434,65.64578],[-144.7749,65.64527],[-144.77295,65.64487],[-144.77405,65.64407],[-144.77575,65.64393],[-144.77676,65.64365],[-144.77748,65.64314],[-144.77718,65.64256],[-144.77574,65.64285],[-144.77544,65.64312],[-144.77408,65.64317],[-144.77205,65.64235],[-144.77174,65.64182],[-144.77099,65.64174],[-144.76882,65.64197],[-144.76756,65.64273],[-144.76676,65.64304],[-144.76567,65.64214],[-144.76542,65.64059],[-144.76474,65.64055],[-144.76484,65.64004],[-144.76594,65.63975],[-144.7668,65.63881],[-144.76483,65.63822],[-144.76252,65.63821],[-144.76152,65.63956],[-144.7609,65.64071],[-144.75984,65.64155],[-144.75657,65.64236],[-144.75655,65.64254],[-144.75696,65.64259],[-144.7564,65.64278],[-144.75667,65.64289],[-144.75675,65.64301],[-144.75656,65.64306],[-144.75666,65.64317],[-144.75693,65.64323],[-144.75695,65.64335],[-144.75667,65.6436],[-144.75691,65.64368],[-144.75693,65.64407],[-144.75635,65.64422],[-144.75673,65.64442],[-144.75661,65.64452],[-144.75693,65.64454],[-144.75678,65.64465],[-144.75695,65.64476]],[[-144.755476,65.645158],[-144.75549,65.64504],[-144.7553,65.64501],[-144.755476,65.645158]]]},"properties":{"fire_id":"ufid:2025-AKUYD-000265","source_collection":"history-2025","source_objectid":46377,"incident_name":"Alligator","mapped_acres":883.41,"mapped_acres_source":"poly_GISAcres","gis_acres":883.41,"auto_acres":883.4102818661468,"reported_acres":883.41,"percent_contained":null,"state":"AK","state_wfigs":"US-AK","county":"Yukon-Koyukuk","discovery_time_utc":"2025-06-20T21:35:59Z","perimeter_time_utc":"2025-09-25T07:35:45Z","perimeter_edit_time_utc":null,"incident_modified_time_utc":"2025-08-26T00:15:04Z","containment_time_utc":null,"control_time_utc":null,"fire_out_time_utc":"2025-08-26T00:00:00Z","fire_cause":"Natural","fire_cause_general":"Natural","map_method":"Image Interpretation","source_dataset":"FFP","unique_fire_identifier":"2025-AKUYD-000265","irwin_id":"{BE41C2BB-A5A5-448B-83B8-D88621B87500}","global_id":"4617ae05-4158-498b-a6b9-4eb0d5418124"}},{"type":"Feature","geometry":{"type":"Polygon","coordinates":[[[-144.30556,65.37604],[-144.30381,65.37738],[-144.30188,65.37759],[-144.30262,65.37786],[-144.30199,65.37819],[-144.30143,65.37802],[-144.30121,65.37766],[-144.30005,65.37766],[-144.29871,65.37838],[-144.29855,65.37884],[-144.29921,65.37888],[-144.29922,65.37942],[-144.29959,65.37957],[-144.30095,65.37966],[-144.30126,65.37996],[-144.30037,65.38029],[-144.2999,65.38],[-144.29916,65.3802],[-144.29897,65.38073],[-144.29843,65.3811],[-144.29797,65.38108],[-144.29801,65.38021],[-144.29748,65.37996],[-144.29684,65.38043],[-144.29488,65.38023],[-144.29308,65.37965],[-144.29174,65.37988],[-144.28913,65.37972],[-144.28692,65.37999],[-144.28394,65.38088],[-144.2811,65.38132],[-144.28045,65.38164],[-144.27816,65.38221],[-144.2775,65.38291],[-144.27528,65.38346],[-144.27472,65.38416],[-144.27372,65.3842],[-144.27326,65.38459],[-144.27339,65.38488],[-144.27323,65.38515],[-144.2727,65.38534],[-144.27251,65.38576],[-144.27322,65.38657],[-144.27327,65.38708],[-144.27202,65.38809],[-144.27052,65.38851],[-144.2682,65.38817],[-144.26832,65.38764],[-144.26824,65.38741],[-144.26576,65.38747],[-144.26573,65.38693],[-144.26642,65.38648],[-144.26524,65.38617],[-144.26481,65.38594],[-144.26494,65.38522],[-144.26436,65.38483],[-144.26484,65.38327],[-144.26523,65.38302],[-144.26511,65.38257],[-144.26555,65.38228],[-144.26604,65.38093],[-144.26795,65.37917],[-144.26902,65.37843],[-144.27091,65.37773],[-144.27155,65.37707],[-144.27913,65.37306],[-144.28073,65.37209],[-144.28191,65.37161],[-144.28336,65.37071],[-144.28508,65.36844],[-144.28533,65.36628],[-144.28604,65.36407],[-144.28569,65.36285],[-144.28675,65.35983],[-144.28661,65.35769],[-144.28484,65.35583],[-144.28446,65.35394],[-144.28455,65.35229],[-144.28612,65.35151],[-144.28767,65.34965],[-144.28591,65.34913],[-144.28649,65.34839],[-144.2886,65.34792],[-144.2884,65.34733],[-144.2868,65.34706],[-144.28479,65.34728],[-144.28422,65.34767],[-144.28419,65.34794],[-144.28367,65.3483],[-144.28262,65.34814],[-144.28081,65.34814],[-144.28166,65.34863],[-144.28116,65.34896],[-144.28094,65.34994],[-144.28039,65.35059],[-144.28168,65.35127],[-144.28127,65.35175],[-144.27965,65.35208],[-144.27958,65.35222],[-144.27887,65.35252],[-144.27758,65.35274],[-144.27678,65.35306],[-144.27853,65.35399],[-144.28072,65.35431],[-144.28158,65.35482],[-144.28148,65.3554],[-144.28105,65.35583],[-144.28115,65.35645],[-144.28162,65.3569],[-144.28224,65.35724],[-144.28163,65.35865],[-144.28218,65.35896],[-144.28215,65.35944],[-144.284,65.36075],[-144.28376,65.36144],[-144.28362,65.36283],[-144.28315,65.36366],[-144.28148,65.36552],[-144.28135,65.36589],[-144.28032,65.36693],[-144.27862,65.36787],[-144.27857,65.36771],[-144.28001,65.36647],[-144.28014,65.36619],[-144.27964,65.36593],[-144.27962,65.36496],[-144.2793,65.36461],[-144.27826,65.36476],[-144.27755,65.36462],[-144.27658,65.3639],[-144.27577,65.36412],[-144.275,65.36453],[-144.27536,65.36481],[-144.27489,65.36496],[-144.27426,65.36602],[-144.27434,65.36671],[-144.27474,65.3669],[-144.27518,65.36739],[-144.27623,65.36742],[-144.27668,65.36756],[-144.27601,65.36786],[-144.27454,65.36752],[-144.27402,65.36767],[-144.27371,65.36826],[-144.27253,65.3687],[-144.27247,65.36887],[-144.27323,65.36924],[-144.27307,65.36942],[-144.27152,65.36931],[-144.27076,65.3695],[-144.27104,65.36993],[-144.27059,65.37016],[-144.27081,65.37047],[-144.27069,65.37081],[-144.26972,65.37053],[-144.26906,65.37098],[-144.26874,65.37148],[-144.26665,65.37175],[-144.26615,65.37177],[-144.2653,65.37116],[-144.26425,65.37195],[-144.26194,65.37277],[-144.2608,65.37361],[-144.2618,65.374],[-144.26318,65.37376],[-144.26351,65.3744],[-144.26342,65.37511],[-144.26217,65.3766],[-144.2611,65.37693],[-144.26022,65.37703],[-144.26036,65.3773],[-144.262,65.3774],[-144.26148,65.37754],[-144.26007,65.37759],[-144.25865,65.37745],[-144.25744,65.37715],[-144.25762,65.37582],[-144.25806,65.37523],[-144.25828,65.37432],[-144.25738,65.37405],[-144.25638,65.37399],[-144.25583,65.37436],[-144.25501,65.37444],[-144.25422,65.37398],[-144.25478,65.37372],[-144.25476,65.37348],[-144.25378,65.37332],[-144.25344,65.37353],[-144.25304,65.3735],[-144.25152,65.37288],[-144.25093,65.37251],[-144.25098,65.37214],[-144.25144,65.37196],[-144.25231,65.37229],[-144.25275,65.37232],[-144.25428,65.37174],[-144.25469,65.37142],[-144.25412,65.37093],[-144.25224,65.36986],[-144.25224,65.36959],[-144.2518,65.36921],[-144.25253,65.36904],[-144.25278,65.36866],[-144.25318,65.36855],[-144.25411,65.36885],[-144.25495,65.3688],[-144.25406,65.36814],[-144.25391,65.36784],[-144.25578,65.36775],[-144.25594,65.36747],[-144.25516,65.36732],[-144.25489,65.36707],[-144.25529,65.36683],[-144.25529,65.36635],[-144.25458,65.36604],[-144.25486,65.36558],[-144.25534,65.3656],[-144.25561,65.3658],[-144.25719,65.36616],[-144.25752,65.36607],[-144.25747,65.36595],[-144.25796,65.36593],[-144.25819,65.36567],[-144.25595,65.36489],[-144.25591,65.36474],[-144.25743,65.36462],[-144.25786,65.36439],[-144.25823,65.36437],[-144.25786,65.36406],[-144.25519,65.36332],[-144.25308,65.36352],[-144.2521,65.36313],[-144.25211,65.3629],[-144.25309,65.36253],[-144.25338,65.36215],[-144.25434,65.36189],[-144.25657,65.36188],[-144.25809,65.36156],[-144.25976,65.36154],[-144.26361,65.36122],[-144.26508,65.3612],[-144.26637,65.36134],[-144.26724,65.36164],[-144.26795,65.36151],[-144.26827,65.3612],[-144.27175,65.36056],[-144.27085,65.36035],[-144.26793,65.36065],[-144.26594,65.36061],[-144.26599,65.36043],[-144.2671,65.36002],[-144.26176,65.35964],[-144.26119,65.3592],[-144.26048,65.35899],[-144.25981,65.35932],[-144.259,65.35952],[-144.25358,65.35886],[-144.25225,65.35859],[-144.25001,65.35851],[-144.24987,65.35829],[-144.25077,65.35797],[-144.251,65.35758],[-144.25037,65.35755],[-144.24959,65.35772],[-144.24965,65.35738],[-144.24943,65.35716],[-144.24832,65.35692],[-144.24864,65.35678],[-144.24869,65.35654],[-144.24818,65.35619],[-144.24864,65.35572],[-144.24993,65.35607],[-144.25016,65.35603],[-144.25032,65.35576],[-144.25033,65.35549],[-144.24854,65.35489],[-144.24841,65.35471],[-144.24862,65.35448],[-144.24866,65.35391],[-144.24925,65.35373],[-144.24968,65.35391],[-144.25049,65.35387],[-144.25174,65.35419],[-144.25197,65.35455],[-144.25229,65.35469],[-144.25367,65.35461],[-144.25415,65.35485],[-144.2541,65.35527],[-144.25375,65.35554],[-144.25409,65.3566],[-144.25514,65.35666],[-144.25629,65.35651],[-144.25852,65.3566],[-144.25886,65.35712],[-144.26009,65.35767],[-144.2609,65.35767],[-144.26085,65.35714],[-144.26019,65.35643],[-144.26057,65.35611],[-144.26095,65.35605],[-144.26085,65.35559],[-144.26014,65.35516],[-144.25971,65.35429],[-144.26004,65.35373],[-144.26171,65.35363],[-144.25933,65.35191],[-144.25833,65.35139],[-144.25781,65.35095],[-144.25695,65.34974],[-144.25631,65.3495],[-144.25675,65.34928],[-144.25682,65.34898],[-144.25633,65.34869],[-144.25639,65.34843],[-144.25738,65.34778],[-144.25702,65.34683],[-144.25729,65.34616],[-144.25766,65.34568],[-144.25746,65.34531],[-144.25745,65.34485],[-144.25824,65.34478],[-144.25832,65.34456],[-144.25823,65.34443],[-144.25889,65.34403],[-144.25937,65.34331],[-144.25929,65.34282],[-144.25938,65.34258],[-144.25998,65.34238],[-144.26015,65.34171],[-144.26079,65.34159],[-144.26147,65.34173],[-144.26178,65.34198],[-144.26242,65.34194],[-144.26262,65.34166],[-144.2633,65.3416],[-144.26325,65.34089],[-144.26464,65.34098],[-144.26582,65.34121],[-144.26637,65.34164],[-144.26604,65.34209],[-144.26497,65.34281],[-144.26603,65.34334],[-144.2656,65.34343],[-144.26587,65.34369],[-144.26517,65.34428],[-144.26413,65.34482],[-144.264,65.34519],[-144.26367,65.34551],[-144.26408,65.34572],[-144.26541,65.3459],[-144.26665,65.34562],[-144.26675,65.34526],[-144.26708,65.34489],[-144.26746,65.34477],[-144.26784,65.34499],[-144.26793,65.34522],[-144.26925,65.34538],[-144.26999,65.34525],[-144.2705,65.345],[-144.26983,65.34446],[-144.269,65.34426],[-144.26912,65.34329],[-144.26788,65.34279],[-144.26793,65.34254],[-144.27095,65.34243],[-144.27152,65.3422],[-144.27211,65.34226],[-144.27301,65.34208],[-144.27321,65.34179],[-144.27526,65.34197],[-144.27646,65.34191],[-144.27707,65.34159],[-144.27738,65.34119],[-144.27892,65.34016],[-144.28199,65.33953],[-144.28244,65.33968],[-144.28249,65.33933],[-144.28273,65.33918],[-144.28356,65.33935],[-144.28376,65.33886],[-144.28582,65.33928],[-144.28985,65.33963],[-144.29156,65.33993],[-144.29146,65.34031],[-144.29227,65.341],[-144.29337,65.34098],[-144.29443,65.34048],[-144.29446,65.33961],[-144.29498,65.33906],[-144.29603,65.33866],[-144.29709,65.33843],[-144.29698,65.33823],[-144.29715,65.33777],[-144.30137,65.33781],[-144.30244,65.33767],[-144.30359,65.33716],[-144.30372,65.33671],[-144.30443,65.3364],[-144.30453,65.33618],[-144.30615,65.33586],[-144.30656,65.33499],[-144.30491,65.33494],[-144.30525,65.3343],[-144.30454,65.33382],[-144.30473,65.33315],[-144.30564,65.33273],[-144.30562,65.33211],[-144.30467,65.33187],[-144.30243,65.33239],[-144.30184,65.33229],[-144.30156,65.33204],[-144.30174,65.33173],[-144.3022,65.33144],[-144.30353,65.33103],[-144.30323,65.33065],[-144.30132,65.33051],[-144.30161,65.32936],[-144.30326,65.32897],[-144.3078,65.33053],[-144.30943,65.33082],[-144.31142,65.33074],[-144.313,65.33013],[-144.3149,65.33001],[-144.31595,65.33045],[-144.31571,65.33098],[-144.31428,65.33144],[-144.31385,65.33205],[-144.3139,65.33265],[-144.31323,65.33294],[-144.31313,65.33334],[-144.3155,65.33311],[-144.31785,65.33439],[-144.32146,65.335],[-144.3221,65.33524],[-144.32194,65.3357],[-144.32315,65.3358],[-144.32373,65.33618],[-144.32645,65.33669],[-144.32722,65.33743],[-144.32699,65.33809],[-144.32371,65.33832],[-144.32007,65.33881],[-144.31891,65.33919],[-144.31465,65.33968],[-144.31411,65.34032],[-144.31343,65.3406],[-144.31172,65.34064],[-144.31167,65.34039],[-144.312,65.34007],[-144.31189,65.33949],[-144.31121,65.33916],[-144.31024,65.33924],[-144.30653,65.34098],[-144.30512,65.34227],[-144.3058,65.34273],[-144.30756,65.34251],[-144.3095,65.34261],[-144.31297,65.3422],[-144.31643,65.342],[-144.32147,65.34213],[-144.33165,65.34092],[-144.33326,65.34037],[-144.33657,65.33738],[-144.33733,65.33601],[-144.3373,65.33556],[-144.3388,65.33457],[-144.3405,65.33375],[-144.34404,65.3331],[-144.34351,65.33268],[-144.3427,65.3325],[-144.34112,65.33139],[-144.33951,65.33096],[-144.33714,65.33095],[-144.33596,65.33122],[-144.33541,65.33162],[-144.33417,65.33148],[-144.33188,65.33081],[-144.32727,65.33172],[-144.32474,65.33153],[-144.32403,65.33114],[-144.32716,65.33017],[-144.32788,65.32963],[-144.32737,65.32889],[-144.32645,65.3282],[-144.32447,65.32622],[-144.32387,65.32538],[-144.3241,65.32481],[-144.32485,65.32426],[-144.32544,65.32403],[-144.32526,65.32377],[-144.32541,65.3227],[-144.32578,65.32221],[-144.32524,65.32186],[-144.32558,65.32078],[-144.32674,65.3203],[-144.32656,65.31999],[-144.32657,65.31958],[-144.32792,65.31776],[-144.32773,65.31721],[-144.32797,65.31681],[-144.32876,65.3168],[-144.33037,65.31711],[-144.33227,65.31718],[-144.33304,65.31694],[-144.3335,65.31658],[-144.3366,65.31649],[-144.3367,65.31621],[-144.33659,65.31568],[-144.33752,65.31547],[-144.33788,65.31522],[-144.33783,65.3148],[-144.34117,65.31363],[-144.34319,65.31363],[-144.34495,65.31314],[-144.34586,65.31311],[-144.34818,65.31339],[-144.35412,65.31271],[-144.35469,65.31235],[-144.3557,65.31206],[-144.35596,65.31187],[-144.35526,65.31189],[-144.35284,65.31234],[-144.35259,65.31219],[-144.35279,65.31194],[-144.35423,65.31127],[-144.35645,65.3106],[-144.35796,65.30997],[-144.3588,65.30981],[-144.35882,65.30961],[-144.35803,65.30971],[-144.3553,65.31043],[-144.35413,65.3105],[-144.35328,65.3109],[-144.35291,65.31091],[-144.35377,65.31026],[-144.35342,65.31018],[-144.35048,65.31066],[-144.3503,65.31045],[-144.35062,65.31009],[-144.35055,65.30998],[-144.34971,65.30997],[-144.34905,65.31017],[-144.34903,65.31004],[-144.34999,65.30959],[-144.35114,65.30945],[-144.35172,65.30923],[-144.35206,65.30893],[-144.35252,65.30889],[-144.35269,65.30877],[-144.35262,65.3086],[-144.35308,65.30844],[-144.35393,65.30835],[-144.35434,65.30791],[-144.35565,65.30787],[-144.35561,65.30755],[-144.35541,65.3074],[-144.35487,65.30735],[-144.35495,65.3072],[-144.35584,65.30709],[-144.35553,65.30663],[-144.35601,65.30645],[-144.35601,65.30634],[-144.3566,65.30628],[-144.35761,65.30655],[-144.36103,65.30697],[-144.36145,65.30711],[-144.3615,65.30741],[-144.36193,65.30742],[-144.3628,65.30707],[-144.36321,65.30734],[-144.36486,65.30758],[-144.36563,65.30817],[-144.36559,65.30828],[-144.36646,65.30845],[-144.36687,65.30886],[-144.36752,65.30875],[-144.36854,65.30885],[-144.36955,65.30905],[-144.36998,65.30939],[-144.37059,65.3094],[-144.37077,65.30919],[-144.37004,65.3089],[-144.36909,65.30812],[-144.36918,65.30792],[-144.36964,65.30762],[-144.37162,65.30779],[-144.37223,65.30815],[-144.3726,65.30817],[-144.37337,65.30803],[-144.37347,65.30779],[-144.37271,65.30757],[-144.37312,65.30718],[-144.37295,65.30682],[-144.37109,65.3065],[-144.37115,65.30634],[-144.36996,65.30605],[-144.37003,65.30566],[-144.36985,65.30538],[-144.36954,65.30527],[-144.36965,65.305],[-144.37174,65.30463],[-144.37342,65.30454],[-144.37479,65.30471],[-144.3768,65.30472],[-144.37924,65.3044],[-144.37936,65.3042],[-144.3793,65.30386],[-144.37961,65.30323],[-144.37996,65.30302],[-144.38042,65.30308],[-144.38073,65.3034],[-144.38107,65.30335],[-144.3812,65.30267],[-144.38086,65.30249],[-144.38093,65.30225],[-144.38177,65.30176],[-144.38253,65.30184],[-144.38304,65.30235],[-144.38394,65.30265],[-144.38433,65.30303],[-144.38526,65.3034],[-144.38572,65.30334],[-144.38619,65.30303],[-144.38631,65.30281],[-144.38596,65.3026],[-144.38601,65.3024],[-144.38628,65.30187],[-144.38672,65.30159],[-144.38728,65.30152],[-144.38805,65.30167],[-144.38841,65.30207],[-144.38996,65.30275],[-144.39014,65.30312],[-144.39008,65.30329],[-144.39025,65.30344],[-144.38982,65.3039],[-144.39001,65.30426],[-144.39079,65.30426],[-144.39146,65.30454],[-144.39253,65.30431],[-144.39277,65.30416],[-144.39294,65.30383],[-144.39325,65.30371],[-144.39388,65.30402],[-144.39471,65.30375],[-144.39493,65.30409],[-144.39579,65.30381],[-144.39635,65.3039],[-144.39739,65.30493],[-144.39805,65.30474],[-144.39844,65.30439],[-144.39949,65.30431],[-144.39954,65.30416],[-144.40005,65.30402],[-144.40012,65.3039],[-144.39992,65.30372],[-144.40002,65.3035],[-144.40068,65.30349],[-144.40101,65.30362],[-144.40099,65.30381],[-144.40138,65.30384],[-144.40254,65.30299],[-144.40249,65.30278],[-144.4022,65.30257],[-144.40236,65.30236],[-144.40381,65.30233],[-144.40432,65.30219],[-144.40571,65.30239],[-144.40748,65.30228],[-144.40787,65.3019],[-144.40926,65.30168],[-144.40977,65.30143],[-144.41014,65.30151],[-144.41102,65.3011],[-144.41197,65.30103],[-144.41253,65.30125],[-144.41238,65.30152],[-144.4119,65.30167],[-144.41181,65.30204],[-144.41215,65.3023],[-144.41254,65.30239],[-144.41272,65.30212],[-144.41302,65.30215],[-144.41347,65.30257],[-144.41436,65.30251],[-144.41576,65.30279],[-144.4166,65.30255],[-144.41702,65.30256],[-144.41861,65.30329],[-144.41764,65.30365],[-144.41773,65.30392],[-144.41939,65.30422],[-144.42172,65.30414],[-144.42334,65.30438],[-144.4233,65.30452],[-144.4239,65.3047],[-144.42379,65.3051],[-144.42345,65.30524],[-144.42407,65.30588],[-144.42416,65.30624],[-144.42454,65.3062],[-144.4247,65.30601],[-144.42475,65.30583],[-144.42454,65.30568],[-144.42452,65.3055],[-144.42486,65.30509],[-144.42539,65.30479],[-144.42601,65.30491],[-144.42724,65.30565],[-144.42782,65.30627],[-144.42702,65.30676],[-144.42587,65.30703],[-144.42546,65.3073],[-144.42535,65.30787],[-144.42789,65.30864],[-144.42754,65.3088],[-144.42605,65.30897],[-144.42551,65.30923],[-144.42584,65.30957],[-144.4251,65.31074],[-144.42456,65.31111],[-144.42544,65.31126],[-144.42614,65.31102],[-144.42724,65.31119],[-144.42759,65.31142],[-144.42926,65.31152],[-144.4305,65.3112],[-144.43123,65.31143],[-144.43267,65.31287],[-144.43257,65.31391],[-144.43223,65.31432],[-144.42992,65.3153],[-144.42574,65.31624],[-144.42322,65.31631],[-144.41972,65.3162],[-144.41432,65.31636],[-144.41243,65.31655],[-144.41111,65.31631],[-144.4099,65.31572],[-144.40802,65.31507],[-144.40762,65.31526],[-144.40758,65.31559],[-144.40802,65.31605],[-144.40788,65.31631],[-144.40586,65.31686],[-144.40046,65.31546],[-144.40042,65.31453],[-144.39943,65.31422],[-144.39782,65.31462],[-144.39631,65.31467],[-144.39433,65.31428],[-144.39326,65.31479],[-144.39263,65.31442],[-144.39043,65.3143],[-144.39042,65.31462],[-144.38867,65.31499],[-144.38749,65.31484],[-144.38719,65.31505],[-144.38701,65.31586],[-144.3866,65.31672],[-144.38839,65.31705],[-144.39274,65.31878],[-144.39723,65.31943],[-144.39912,65.31958],[-144.39891,65.3199],[-144.39778,65.31997],[-144.3977,65.3204],[-144.39793,65.32063],[-144.39924,65.32081],[-144.39948,65.32105],[-144.40274,65.32068],[-144.40442,65.32114],[-144.40464,65.32172],[-144.40405,65.32215],[-144.40253,65.32243],[-144.39875,65.32277],[-144.39658,65.32317],[-144.39618,65.32341],[-144.39408,65.32343],[-144.39265,65.32395],[-144.39278,65.3243],[-144.39325,65.32442],[-144.39572,65.32444],[-144.39727,65.32413],[-144.40036,65.324],[-144.40112,65.32369],[-144.40291,65.3234],[-144.40489,65.32332],[-144.40542,65.32312],[-144.40728,65.32294],[-144.40985,65.32303],[-144.41088,65.32323],[-144.41573,65.32342],[-144.41729,65.32439],[-144.4181,65.32462],[-144.41801,65.32482],[-144.41713,65.32485],[-144.41692,65.32511],[-144.41634,65.32506],[-144.41505,65.32456],[-144.41341,65.32425],[-144.41227,65.32418],[-144.412,65.32433],[-144.40866,65.32401],[-144.40801,65.32407],[-144.40657,65.32372],[-144.40635,65.32362],[-144.40618,65.32332],[-144.40574,65.32338],[-144.40552,65.32364],[-144.40611,65.32394],[-144.40606,65.32415],[-144.40581,65.32443],[-144.4052,65.32461],[-144.40521,65.32483],[-144.40586,65.32509],[-144.40586,65.32527],[-144.40654,65.32563],[-144.4065,65.32611],[-144.40609,65.3263],[-144.40604,65.32653],[-144.40672,65.32693],[-144.4071,65.32688],[-144.40717,65.3271],[-144.40818,65.32735],[-144.41013,65.32693],[-144.41157,65.32685],[-144.41208,65.32697],[-144.41274,65.3277],[-144.41377,65.32826],[-144.41505,65.32854],[-144.41473,65.32866],[-144.41491,65.32881],[-144.41568,65.32897],[-144.41601,65.32948],[-144.41563,65.32965],[-144.41385,65.32986],[-144.413,65.32974],[-144.41208,65.32984],[-144.40954,65.32952],[-144.40829,65.32912],[-144.40662,65.32894],[-144.4057,65.32841],[-144.40587,65.3281],[-144.40645,65.32766],[-144.40561,65.32738],[-144.40591,65.3269],[-144.40524,65.32662],[-144.40425,65.32681],[-144.40415,65.32648],[-144.40291,65.32549],[-144.40242,65.32537],[-144.40173,65.32527],[-144.40117,65.32538],[-144.40087,65.32598],[-144.40028,65.32612],[-144.39939,65.32618],[-144.39868,65.3264],[-144.39707,65.32644],[-144.39623,65.32631],[-144.39504,65.32634],[-144.3946,65.32602],[-144.39341,65.32561],[-144.39174,65.32543],[-144.391,65.32559],[-144.39088,65.32594],[-144.39133,65.32612],[-144.39146,65.3264],[-144.39141,65.32678],[-144.39169,65.32727],[-144.39264,65.3277],[-144.39259,65.32827],[-144.39349,65.32859],[-144.39366,65.32878],[-144.39364,65.32938],[-144.39473,65.33038],[-144.39449,65.33107],[-144.3951,65.33125],[-144.3957,65.33215],[-144.39681,65.33323],[-144.39941,65.3348],[-144.40008,65.33539],[-144.40071,65.33575],[-144.40257,65.3362],[-144.40266,65.33647],[-144.40251,65.3369],[-144.40323,65.33763],[-144.40434,65.33785],[-144.40468,65.3384],[-144.40586,65.33847],[-144.4066,65.33866],[-144.40613,65.33893],[-144.40626,65.33922],[-144.40714,65.33948],[-144.40744,65.33978],[-144.40746,65.34001],[-144.40791,65.34042],[-144.40764,65.34068],[-144.40826,65.34217],[-144.40883,65.34273],[-144.40893,65.34314],[-144.40812,65.34352],[-144.40746,65.34367],[-144.40667,65.34442],[-144.40686,65.34503],[-144.40646,65.34562],[-144.40573,65.34608],[-144.40337,65.34643],[-144.40228,65.34644],[-144.40214,65.3463],[-144.40258,65.34627],[-144.40272,65.34604],[-144.40256,65.34571],[-144.40269,65.34546],[-144.40213,65.3453],[-144.40152,65.34536],[-144.4014,65.34562],[-144.40074,65.34596],[-144.40024,65.34604],[-144.39741,65.34558],[-144.39698,65.34566],[-144.39677,65.34586],[-144.3969,65.34628],[-144.39609,65.34683],[-144.39428,65.34749],[-144.39316,65.34754],[-144.39146,65.34786],[-144.38855,65.34777],[-144.38791,65.34813],[-144.38826,65.34823],[-144.38843,65.3486],[-144.38891,65.34891],[-144.3891,65.34923],[-144.39062,65.34982],[-144.39105,65.35036],[-144.39068,65.35047],[-144.39071,65.35061],[-144.39114,65.3509],[-144.39078,65.35109],[-144.39059,65.35138],[-144.39074,65.35157],[-144.3917,65.35205],[-144.39169,65.35225],[-144.39251,65.35248],[-144.39249,65.35279],[-144.39278,65.35288],[-144.3928,65.3533],[-144.39236,65.35384],[-144.3926,65.35407],[-144.39257,65.35421],[-144.39145,65.35463],[-144.39132,65.35487],[-144.39143,65.35504],[-144.39172,65.35513],[-144.39185,65.35537],[-144.39253,65.35555],[-144.39247,65.35584],[-144.39272,65.35607],[-144.39368,65.35637],[-144.39425,65.35625],[-144.39471,65.35639],[-144.39683,65.35639],[-144.39696,65.35649],[-144.39653,65.35728],[-144.39626,65.3584],[-144.39638,65.3596],[-144.39578,65.36061],[-144.39709,65.36052],[-144.39703,65.36074],[-144.39634,65.361],[-144.39615,65.36127],[-144.3961,65.36141],[-144.39648,65.36152],[-144.39635,65.3619],[-144.39709,65.36166],[-144.39752,65.36127],[-144.39849,65.36135],[-144.39906,65.36155],[-144.39919,65.36231],[-144.3997,65.363],[-144.40061,65.36323],[-144.4011,65.36359],[-144.40093,65.36408],[-144.40144,65.36462],[-144.40274,65.36532],[-144.40278,65.36547],[-144.4035,65.36575],[-144.4037,65.36603],[-144.40381,65.36677],[-144.40409,65.36708],[-144.4047,65.36718],[-144.40524,65.36763],[-144.40471,65.36793],[-144.40503,65.36829],[-144.40496,65.36838],[-144.40436,65.36833],[-144.40377,65.36912],[-144.40273,65.36966],[-144.40272,65.37001],[-144.40205,65.3706],[-144.4017,65.37063],[-144.40116,65.37096],[-144.40051,65.37107],[-144.39967,65.37099],[-144.39913,65.37118],[-144.39833,65.37118],[-144.39783,65.37128],[-144.39758,65.37149],[-144.39764,65.37164],[-144.39839,65.37167],[-144.39882,65.3722],[-144.39973,65.37238],[-144.39926,65.37305],[-144.39879,65.37319],[-144.39776,65.37317],[-144.39717,65.37346],[-144.39689,65.37337],[-144.39704,65.37304],[-144.39682,65.3729],[-144.39602,65.37293],[-144.39577,65.37323],[-144.39507,65.37341],[-144.3925,65.37362],[-144.39162,65.37384],[-144.39086,65.37345],[-144.39122,65.37327],[-144.39163,65.37277],[-144.39112,65.37282],[-144.39069,65.37314],[-144.39001,65.37296],[-144.3899,65.37305],[-144.39023,65.37331],[-144.39018,65.37353],[-144.38994,65.37353],[-144.38849,65.37338],[-144.38789,65.3729],[-144.38744,65.37309],[-144.38243,65.37266],[-144.38187,65.37274],[-144.38051,65.37201],[-144.3797,65.37235],[-144.37884,65.3722],[-144.37821,65.37242],[-144.37727,65.37225],[-144.37687,65.37243],[-144.37612,65.37234],[-144.3754,65.37271],[-144.37417,65.37275],[-144.37313,65.37297],[-144.37237,65.37297],[-144.37219,65.37272],[-144.37169,65.37269],[-144.37174,65.37286],[-144.3715,65.37331],[-144.37113,65.37347],[-144.3708,65.37348],[-144.3706,65.37334],[-144.37009,65.3734],[-144.36975,65.37353],[-144.37003,65.37364],[-144.36988,65.37382],[-144.36814,65.37443],[-144.36773,65.37427],[-144.36747,65.37397],[-144.36683,65.37393],[-144.36665,65.37445],[-144.36623,65.37467],[-144.36588,65.37466],[-144.36568,65.3745],[-144.36521,65.37474],[-144.36518,65.37482],[-144.36608,65.37536],[-144.36538,65.37622],[-144.36347,65.37652],[-144.36124,65.37713],[-144.36104,65.37734],[-144.35939,65.37764],[-144.3573,65.37759],[-144.35715,65.37743],[-144.35535,65.37755],[-144.35501,65.37744],[-144.35458,65.37701],[-144.35438,65.37724],[-144.35309,65.37649],[-144.3537,65.37608],[-144.35373,65.37587],[-144.35355,65.37577],[-144.3532,65.37589],[-144.35133,65.37594],[-144.35158,65.37643],[-144.35138,65.37659],[-144.35016,65.37633],[-144.3484,65.37619],[-144.34669,65.37637],[-144.34684,65.3766],[-144.34657,65.37689],[-144.34592,65.37695],[-144.34477,65.37682],[-144.34445,65.37653],[-144.34406,65.37643],[-144.34363,65.37663],[-144.34321,65.37663],[-144.34306,65.37633],[-144.34255,65.37592],[-144.34248,65.37567],[-144.34267,65.37518],[-144.34227,65.37507],[-144.34168,65.37508],[-144.34072,65.37562],[-144.34091,65.37579],[-144.34135,65.37587],[-144.34137,65.37654],[-144.34202,65.3767],[-144.34211,65.37686],[-144.34163,65.37708],[-144.34054,65.37691],[-144.33962,65.37706],[-144.339,65.37695],[-144.3385,65.37621],[-144.33708,65.37611],[-144.33576,65.37584],[-144.33543,65.37553],[-144.33538,65.37532],[-144.33549,65.37519],[-144.33479,65.37518],[-144.33415,65.37538],[-144.33334,65.37544],[-144.3335,65.37525],[-144.33334,65.37499],[-144.33273,65.37468],[-144.32697,65.3743],[-144.32327,65.37432],[-144.32132,65.3741],[-144.32132,65.37366],[-144.32001,65.3734],[-144.31835,65.37194],[-144.31849,65.37149],[-144.31805,65.37114],[-144.31684,65.3706],[-144.31716,65.37042],[-144.31826,65.3704],[-144.32023,65.37071],[-144.32074,65.3706],[-144.32097,65.37031],[-144.32173,65.37],[-144.32244,65.3701],[-144.32263,65.37038],[-144.32455,65.37084],[-144.326,65.37082],[-144.32605,65.37062],[-144.32659,65.37053],[-144.32664,65.3707],[-144.3273,65.3708],[-144.32815,65.37026],[-144.33007,65.3698],[-144.33018,65.36942],[-144.33061,65.3691],[-144.32935,65.36887],[-144.3267,65.36872],[-144.32517,65.36895],[-144.32408,65.36882],[-144.32361,65.36899],[-144.32291,65.36895],[-144.32132,65.36847],[-144.31797,65.36823],[-144.31622,65.36854],[-144.31385,65.36931],[-144.31343,65.36931],[-144.31276,65.36911],[-144.31148,65.36897],[-144.30962,65.36919],[-144.30872,65.36903],[-144.30763,65.3684],[-144.30406,65.36832],[-144.30373,65.36861],[-144.30482,65.36913],[-144.30507,65.36951],[-144.30641,65.37025],[-144.30832,65.37305],[-144.30905,65.37373],[-144.31109,65.37483],[-144.31094,65.37539],[-144.30984,65.37568],[-144.30963,65.37615],[-144.30916,65.37623],[-144.30682,65.376],[-144.30556,65.37604]]]},"properties":{"fire_id":"ufid:2025-AKUYD-000264","source_collection":"history-2025","source_objectid":46676,"incident_name":"Buckley Bar","mapped_acres":9657.951,"mapped_acres_source":"poly_GISAcres","gis_acres":9657.951,"auto_acres":9657.912343154401,"reported_acres":9657.95,"percent_contained":null,"state":"AK","state_wfigs":"US-AK","county":"Yukon-Koyukuk","discovery_time_utc":"2025-06-20T22:25:24Z","perimeter_time_utc":"2025-10-02T18:18:49Z","perimeter_edit_time_utc":null,"incident_modified_time_utc":"2025-10-01T17:41:24Z","containment_time_utc":null,"control_time_utc":null,"fire_out_time_utc":"2025-10-02T00:00:00Z","fire_cause":"Natural","fire_cause_general":"Natural","map_method":"Image Interpretation","source_dataset":"FFP","unique_fire_identifier":"2025-AKUYD-000264","irwin_id":"{11A6FCDD-5FBD-4E76-9899-8658696EE21E}","global_id":"fc5b0995-4c19-4cc4-b146-1b6c303684c9"}},{"type":"Feature","geometry":{"type":"Polygon","coordinates":[[[-144.78589,65.5415],[-144.7863,65.54157],[-144.78629,65.54173],[-144.78597,65.54183],[-144.78609,65.5419],[-144.78695,65.5419],[-144.78704,65.5417],[-144.78801,65.54172],[-144.78816,65.54183],[-144.78803,65.54197],[-144.78839,65.54198],[-144.78926,65.54229],[-144.78962,65.54223],[-144.78999,65.54235],[-144.78997,65.5425],[-144.79066,65.54258],[-144.79114,65.54279],[-144.79067,65.54322],[-144.79086,65.54333],[-144.79085,65.54349],[-144.79131,65.54343],[-144.79115,65.54327],[-144.7917,65.54314],[-144.79182,65.54323],[-144.79244,65.54318],[-144.79248,65.54353],[-144.79219,65.54374],[-144.79232,65.54381],[-144.79179,65.54395],[-144.79197,65.54399],[-144.79185,65.54413],[-144.79035,65.54421],[-144.79006,65.54433],[-144.78986,65.54428],[-144.78982,65.54406],[-144.78965,65.54411],[-144.78753,65.54566],[-144.78714,65.54603],[-144.78716,65.54614],[-144.78666,65.54639],[-144.78362,65.5487],[-144.7787,65.54666],[-144.77674,65.54598],[-144.77394,65.5446],[-144.77362,65.54432],[-144.77376,65.54425],[-144.7737,65.54416],[-144.77399,65.54411],[-144.77363,65.54383],[-144.77395,65.54355],[-144.77369,65.54356],[-144.77358,65.54344],[-144.77436,65.54305],[-144.77389,65.54296],[-144.77388,65.54284],[-144.77359,65.54277],[-144.77365,65.54271],[-144.77333,65.54286],[-144.77268,65.54282],[-144.77275,65.54264],[-144.77242,65.54254],[-144.77252,65.54242],[-144.77182,65.54241],[-144.77209,65.54216],[-144.77324,65.54216],[-144.7742,65.54274],[-144.77542,65.54242],[-144.77523,65.54239],[-144.77524,65.5423],[-144.77585,65.54227],[-144.77589,65.5421],[-144.77571,65.54195],[-144.7752,65.54194],[-144.77454,65.54166],[-144.77417,65.54166],[-144.77425,65.54131],[-144.77391,65.54125],[-144.77333,65.54088],[-144.77337,65.54067],[-144.77321,65.54053],[-144.77335,65.54043],[-144.77324,65.54037],[-144.77273,65.54023],[-144.77259,65.54036],[-144.77288,65.5405],[-144.77268,65.54063],[-144.77184,65.54072],[-144.7714,65.54061],[-144.77131,65.54043],[-144.77138,65.54009],[-144.77122,65.54023],[-144.7704,65.54011],[-144.77023,65.5398],[-144.77038,65.53963],[-144.76954,65.53928],[-144.77,65.53902],[-144.77111,65.53869],[-144.77147,65.53847],[-144.77152,65.53823],[-144.77201,65.53819],[-144.77164,65.53815],[-144.77153,65.53793],[-144.77199,65.53747],[-144.77251,65.53756],[-144.77261,65.53739],[-144.77328,65.53753],[-144.77301,65.53766],[-144.77308,65.53776],[-144.77392,65.53743],[-144.77483,65.53768],[-144.77427,65.53802],[-144.77452,65.53816],[-144.77446,65.53822],[-144.77511,65.53819],[-144.77531,65.53812],[-144.77523,65.53799],[-144.77552,65.53796],[-144.77539,65.53786],[-144.77559,65.53786],[-144.77591,65.53793],[-144.77568,65.53808],[-144.7762,65.53805],[-144.77748,65.53832],[-144.7774,65.53843],[-144.77796,65.5388],[-144.77867,65.5388],[-144.77872,65.53893],[-144.77922,65.53893],[-144.78018,65.53919],[-144.78031,65.53933],[-144.7806,65.53931],[-144.78054,65.53963],[-144.78158,65.54002],[-144.78105,65.54013],[-144.78084,65.54003],[-144.78072,65.54014],[-144.78088,65.54016],[-144.78087,65.5403],[-144.78184,65.54038],[-144.78221,65.54054],[-144.78227,65.54073],[-144.7826,65.54073],[-144.78234,65.54057],[-144.78236,65.54044],[-144.78279,65.54041],[-144.78415,65.5408],[-144.7842,65.54092],[-144.78472,65.54109],[-144.78465,65.54119],[-144.78474,65.54125],[-144.78449,65.54149],[-144.78465,65.54159],[-144.78444,65.54173],[-144.78584,65.54164],[-144.78589,65.5415]],[[-144.77144,65.54008],[-144.77144,65.54006],[-144.77137,65.54006],[-144.77144,65.54008]]]},"properties":{"fire_id":"ufid:2025-AKUYD-000214","source_collection":"history-2025","source_objectid":46860,"incident_name":"Deadwood","mapped_acres":146.992,"mapped_acres_source":"poly_GISAcres","gis_acres":146.992,"auto_acres":146.99136944769594,"reported_acres":146.99,"percent_contained":null,"state":"AK","state_wfigs":"US-AK","county":"Yukon-Koyukuk","discovery_time_utc":"2025-06-19T21:53:00Z","perimeter_time_utc":"2025-10-22T08:10:09Z","perimeter_edit_time_utc":null,"incident_modified_time_utc":"2025-10-09T17:30:25Z","containment_time_utc":"2025-06-29T04:00:00Z","control_time_utc":"2025-06-29T04:00:00Z","fire_out_time_utc":"2025-07-22T02:35:00Z","fire_cause":"Natural","fire_cause_general":"Natural","map_method":"GPS-Walked","source_dataset":"FFP","unique_fire_identifier":"2025-AKUYD-000214","irwin_id":"{2227894E-CDAD-471A-8387-4AD38907CFEA}","global_id":"7e0928be-7ba8-49eb-9528-a48f18ca43ee"}},{"type":"Feature","geometry":{"type":"MultiPolygon","coordinates":[[[[-144.21562,65.56802],[-144.21773,65.569],[-144.22072,65.56973],[-144.22284,65.56986],[-144.2252,65.57035],[-144.2273,65.57053],[-144.22873,65.57092],[-144.22807,65.57178],[-144.23063,65.57204],[-144.23644,65.57164],[-144.23738,65.57093],[-144.23736,65.57054],[-144.2339,65.57071],[-144.2331,65.57057],[-144.23164,65.56986],[-144.23052,65.56979],[-144.22998,65.56949],[-144.23028,65.56903],[-144.23145,65.56899],[-144.23213,65.56846],[-144.23391,65.56831],[-144.23553,65.56858],[-144.23652,65.56841],[-144.23879,65.56867],[-144.23976,65.5691],[-144.24162,65.56965],[-144.24252,65.57015],[-144.24415,65.57141],[-144.2454,65.57203],[-144.24609,65.57162],[-144.24507,65.57102],[-144.24515,65.57057],[-144.24578,65.5701],[-144.24701,65.57033],[-144.24717,65.57182],[-144.24686,65.57228],[-144.24808,65.57296],[-144.24866,65.5737],[-144.25041,65.57464],[-144.25212,65.5744],[-144.25385,65.5754],[-144.2593,65.57724],[-144.2607,65.57851],[-144.25846,65.57828],[-144.25632,65.57757],[-144.25489,65.57726],[-144.25208,65.57776],[-144.25262,65.57862],[-144.25683,65.58026],[-144.25796,65.58187],[-144.25809,65.58345],[-144.25897,65.58465],[-144.26493,65.58595],[-144.26748,65.58745],[-144.26844,65.58889],[-144.27177,65.59082],[-144.27336,65.59265],[-144.2741,65.59513],[-144.27476,65.59641],[-144.27464,65.59684],[-144.27768,65.60052],[-144.27928,65.60169],[-144.28082,65.60313],[-144.28276,65.60461],[-144.28682,65.60508],[-144.28601,65.60585],[-144.28552,65.60652],[-144.28504,65.60816],[-144.28463,65.60876],[-144.28601,65.60993],[-144.28565,65.61011],[-144.28605,65.61042],[-144.28442,65.61104],[-144.28347,65.61251],[-144.28567,65.61353],[-144.29165,65.61466],[-144.29421,65.61663],[-144.29405,65.61753],[-144.29569,65.61849],[-144.2976,65.61998],[-144.29798,65.62104],[-144.29791,65.62216],[-144.29703,65.62269],[-144.29633,65.62506],[-144.2985,65.62814],[-144.29932,65.62869],[-144.30069,65.62915],[-144.30111,65.62916],[-144.30621,65.63486],[-144.31324,65.64195],[-144.32045,65.64495],[-144.32475,65.64769],[-144.32474,65.64926],[-144.32421,65.65034],[-144.32471,65.65081],[-144.3258,65.6511],[-144.32785,65.6512],[-144.32947,65.65182],[-144.33068,65.65302],[-144.33043,65.65433],[-144.33178,65.65515],[-144.33295,65.65524],[-144.33574,65.65714],[-144.33688,65.65892],[-144.34169,65.65934],[-144.34436,65.66169],[-144.34727,65.66322],[-144.34855,65.66362],[-144.34814,65.66478],[-144.34893,65.66534],[-144.35072,65.66593],[-144.35473,65.66508],[-144.35795,65.66588],[-144.35813,65.66689],[-144.35696,65.66734],[-144.35548,65.66836],[-144.3555,65.66957],[-144.35567,65.67],[-144.35515,65.67056],[-144.35389,65.67246],[-144.35235,65.67414],[-144.35249,65.67541],[-144.35291,65.67622],[-144.35274,65.67654],[-144.35366,65.67668],[-144.3538,65.67694],[-144.35091,65.6776],[-144.34891,65.67783],[-144.34752,65.67794],[-144.34368,65.67765],[-144.34294,65.67784],[-144.34402,65.67803],[-144.34439,65.67831],[-144.34369,65.67896],[-144.34469,65.67994],[-144.34555,65.67999],[-144.34558,65.68038],[-144.34453,65.68067],[-144.34348,65.68079],[-144.34337,65.68102],[-144.34368,65.68138],[-144.34362,65.68181],[-144.34336,65.68217],[-144.34246,65.68244],[-144.34061,65.68262],[-144.34065,65.68288],[-144.34221,65.68307],[-144.34309,65.68301],[-144.34396,65.68314],[-144.34374,65.68328],[-144.34439,65.68334],[-144.3446,65.68353],[-144.34497,65.68347],[-144.3451,65.68358],[-144.34497,65.6839],[-144.34469,65.68414],[-144.3449,65.68445],[-144.34481,65.68471],[-144.34452,65.68491],[-144.34461,65.68503],[-144.34422,65.6854],[-144.34349,65.68581],[-144.34183,65.68605],[-144.34059,65.68655],[-144.33679,65.68643],[-144.33649,65.68625],[-144.33574,65.68622],[-144.3352,65.686],[-144.33408,65.6861],[-144.33356,65.686],[-144.33268,65.68578],[-144.33085,65.68481],[-144.32976,65.68476],[-144.32919,65.68453],[-144.32962,65.684],[-144.32898,65.68367],[-144.32877,65.68344],[-144.32879,65.68326],[-144.3285,65.6831],[-144.32953,65.68274],[-144.32925,65.68261],[-144.32852,65.68262],[-144.32748,65.68223],[-144.32607,65.68264],[-144.32581,65.68288],[-144.32661,65.68305],[-144.32637,65.68322],[-144.32658,65.68343],[-144.32642,65.68349],[-144.3264,65.68367],[-144.32524,65.68388],[-144.32538,65.68408],[-144.32516,65.68424],[-144.32456,65.68431],[-144.32354,65.68393],[-144.32311,65.68401],[-144.3232,65.68413],[-144.32293,65.6842],[-144.32153,65.68382],[-144.32161,65.6835],[-144.32185,65.68331],[-144.32286,65.68325],[-144.32321,65.68297],[-144.32292,65.68294],[-144.32287,65.68281],[-144.32219,65.68285],[-144.32072,65.68256],[-144.32052,65.68229],[-144.32013,65.68219],[-144.32019,65.68198],[-144.32008,65.68186],[-144.31923,65.68169],[-144.32037,65.6812],[-144.32026,65.68102],[-144.31879,65.68122],[-144.31878,65.68101],[-144.31823,65.68078],[-144.31834,65.68074],[-144.3183,65.68059],[-144.31734,65.68051],[-144.31708,65.68025],[-144.31677,65.68021],[-144.31682,65.6801],[-144.31652,65.68005],[-144.31657,65.67992],[-144.31677,65.67991],[-144.31668,65.67983],[-144.31586,65.67977],[-144.31612,65.67949],[-144.31558,65.67945],[-144.31551,65.67939],[-144.31573,65.67932],[-144.31537,65.67925],[-144.31465,65.67935],[-144.31482,65.67899],[-144.31662,65.67841],[-144.31575,65.67819],[-144.31475,65.67819],[-144.31404,65.67803],[-144.31469,65.6777],[-144.31462,65.67761],[-144.3148,65.67732],[-144.31645,65.67711],[-144.31711,65.67726],[-144.31713,65.6775],[-144.31736,65.67765],[-144.31786,65.67772],[-144.31814,65.67792],[-144.31942,65.67811],[-144.32023,65.6781],[-144.32109,65.67828],[-144.32181,65.6779],[-144.32183,65.67774],[-144.32171,65.67768],[-144.32108,65.67757],[-144.32055,65.67771],[-144.32041,65.67788],[-144.32015,65.67782],[-144.32023,65.67771],[-144.32012,65.67765],[-144.31863,65.67763],[-144.31863,65.67749],[-144.3189,65.67731],[-144.31829,65.67724],[-144.31782,65.677],[-144.31788,65.67685],[-144.31739,65.67677],[-144.31718,65.67698],[-144.3167,65.67706],[-144.31547,65.67681],[-144.31447,65.67693],[-144.31312,65.67676],[-144.31242,65.67691],[-144.31178,65.67684],[-144.3116,65.67671],[-144.30971,65.6767],[-144.30916,65.67695],[-144.3095,65.67707],[-144.30926,65.67712],[-144.30928,65.67727],[-144.30846,65.67728],[-144.308,65.67747],[-144.30776,65.67746],[-144.30739,65.67712],[-144.30668,65.67707],[-144.3067,65.67694],[-144.30711,65.67679],[-144.30673,65.67679],[-144.30676,65.67659],[-144.30631,65.67642],[-144.30577,65.67642],[-144.30602,65.67634],[-144.30611,65.67614],[-144.30563,65.67619],[-144.30565,65.67611],[-144.30526,65.67603],[-144.30627,65.67584],[-144.3062,65.67579],[-144.30635,65.6757],[-144.30709,65.6757],[-144.30705,65.67552],[-144.30641,65.67541],[-144.30673,65.67525],[-144.30754,65.67534],[-144.3075,65.67525],[-144.30781,65.67513],[-144.30805,65.67516],[-144.30809,65.67501],[-144.30793,65.67485],[-144.30817,65.67484],[-144.30775,65.67471],[-144.30683,65.67469],[-144.30665,65.6746],[-144.30678,65.67444],[-144.30664,65.67436],[-144.30518,65.67427],[-144.30502,65.67418],[-144.30521,65.67409],[-144.30399,65.6737],[-144.30404,65.67338],[-144.30394,65.67334],[-144.30352,65.67351],[-144.30301,65.6734],[-144.30332,65.67325],[-144.30315,65.67317],[-144.30327,65.67297],[-144.30396,65.67313],[-144.30443,65.67304],[-144.30442,65.67318],[-144.30478,65.6733],[-144.30567,65.67316],[-144.3057,65.67307],[-144.30539,65.67308],[-144.30564,65.67293],[-144.30598,65.67304],[-144.30603,65.67289],[-144.30558,65.6727],[-144.30588,65.67261],[-144.30539,65.67226],[-144.30554,65.67215],[-144.30546,65.67206],[-144.30501,65.67203],[-144.30487,65.6719],[-144.30514,65.6718],[-144.30453,65.67165],[-144.30487,65.67146],[-144.30336,65.67139],[-144.30327,65.67156],[-144.30265,65.67177],[-144.30126,65.67169],[-144.30075,65.67185],[-144.29913,65.67184],[-144.29883,65.67201],[-144.2978,65.67173],[-144.2964,65.67157],[-144.29616,65.67115],[-144.29726,65.6706],[-144.29866,65.67012],[-144.29881,65.66976],[-144.2986,65.66937],[-144.29779,65.66906],[-144.29747,65.66865],[-144.29961,65.66821],[-144.29968,65.66798],[-144.30048,65.66725],[-144.30166,65.66675],[-144.30064,65.66625],[-144.30091,65.66572],[-144.30177,65.66526],[-144.3011,65.66496],[-144.2985,65.66442],[-144.29498,65.66388],[-144.29303,65.66314],[-144.29062,65.66278],[-144.29102,65.6624],[-144.29117,65.66198],[-144.29102,65.66169],[-144.29114,65.66141],[-144.29272,65.66106],[-144.2909,65.66031],[-144.29095,65.65985],[-144.29224,65.6597],[-144.29323,65.65976],[-144.29438,65.66116],[-144.2957,65.66157],[-144.2952,65.6628],[-144.29529,65.66315],[-144.29577,65.66339],[-144.2963,65.66342],[-144.29776,65.66325],[-144.29901,65.66278],[-144.29935,65.66248],[-144.29907,65.66161],[-144.29832,65.66082],[-144.29912,65.66031],[-144.29597,65.6596],[-144.29515,65.65876],[-144.2953,65.65835],[-144.29768,65.65827],[-144.30017,65.65917],[-144.30159,65.65873],[-144.30312,65.65874],[-144.30444,65.65955],[-144.3079,65.6589],[-144.30836,65.65871],[-144.30855,65.65817],[-144.30967,65.65786],[-144.3123,65.65763],[-144.31297,65.65729],[-144.31322,65.65679],[-144.31403,65.65649],[-144.31431,65.65612],[-144.31615,65.65522],[-144.31778,65.65362],[-144.31746,65.65324],[-144.31613,65.65244],[-144.31415,65.65197],[-144.31319,65.65192],[-144.3124,65.65235],[-144.30999,65.65304],[-144.30881,65.65306],[-144.30795,65.65325],[-144.30772,65.65362],[-144.30532,65.65576],[-144.30323,65.65623],[-144.30302,65.65653],[-144.30172,65.65689],[-144.29882,65.65742],[-144.29424,65.65768],[-144.29225,65.6583],[-144.28779,65.66027],[-144.2859,65.66058],[-144.28697,65.66121],[-144.28664,65.66186],[-144.28594,65.66199],[-144.28509,65.66179],[-144.2842,65.66127],[-144.28335,65.66131],[-144.28293,65.66154],[-144.28168,65.66135],[-144.28147,65.66101],[-144.28034,65.66091],[-144.27888,65.66111],[-144.27876,65.66159],[-144.27812,65.66205],[-144.27703,65.66228],[-144.27602,65.66274],[-144.27529,65.66275],[-144.27511,65.66248],[-144.27413,65.66215],[-144.27353,65.66228],[-144.27267,65.66213],[-144.27261,65.66183],[-144.27371,65.66072],[-144.27331,65.66008],[-144.27301,65.6591],[-144.27262,65.65904],[-144.27253,65.6588],[-144.27001,65.65836],[-144.26774,65.65857],[-144.26563,65.65784],[-144.26244,65.65747],[-144.26133,65.65769],[-144.25993,65.65744],[-144.2595,65.65677],[-144.25971,65.65603],[-144.25923,65.65576],[-144.25895,65.65537],[-144.25825,65.65498],[-144.25737,65.6548],[-144.25606,65.65489],[-144.25321,65.65543],[-144.25175,65.65505],[-144.24986,65.65608],[-144.24703,65.6564],[-144.2445,65.65711],[-144.24432,65.65747],[-144.24571,65.6575],[-144.24628,65.65771],[-144.2448,65.65842],[-144.2429,65.65851],[-144.24109,65.65834],[-144.23901,65.65774],[-144.2272,65.66005],[-144.22135,65.66073],[-144.22161,65.66042],[-144.22258,65.66012],[-144.22397,65.65943],[-144.22741,65.65866],[-144.22769,65.65788],[-144.22916,65.65758],[-144.22987,65.657],[-144.22968,65.65652],[-144.22854,65.65591],[-144.22879,65.65521],[-144.23052,65.65499],[-144.23222,65.65424],[-144.23271,65.65388],[-144.23129,65.65403],[-144.23136,65.65365],[-144.23099,65.65306],[-144.23126,65.65231],[-144.23411,65.65197],[-144.23492,65.65167],[-144.23529,65.65047],[-144.23473,65.64984],[-144.23356,65.6493],[-144.23254,65.64915],[-144.22643,65.64978],[-144.22539,65.65007],[-144.22372,65.65012],[-144.22195,65.65064],[-144.22183,65.65098],[-144.2223,65.65145],[-144.22223,65.6517],[-144.22283,65.65245],[-144.21988,65.65406],[-144.21931,65.65462],[-144.21999,65.65497],[-144.21996,65.65559],[-144.22137,65.65648],[-144.22202,65.65674],[-144.22161,65.65696],[-144.22131,65.65744],[-144.22046,65.65783],[-144.22104,65.65846],[-144.22017,65.65855],[-144.21901,65.65891],[-144.21589,65.65884],[-144.21439,65.659],[-144.20956,65.65845],[-144.20562,65.65826],[-144.20428,65.65768],[-144.20469,65.65693],[-144.20685,65.65567],[-144.20851,65.65534],[-144.20902,65.65484],[-144.2087,65.65452],[-144.20907,65.65396],[-144.21235,65.65292],[-144.21486,65.65238],[-144.21622,65.65241],[-144.21743,65.65211],[-144.21802,65.65167],[-144.2184,65.65089],[-144.21614,65.64907],[-144.21531,65.6486],[-144.21313,65.6479],[-144.21097,65.64811],[-144.21013,65.6484],[-144.21038,65.64953],[-144.20967,65.64989],[-144.20812,65.6499],[-144.2055,65.64947],[-144.20493,65.64832],[-144.20413,65.64803],[-144.20436,65.64739],[-144.20425,65.647],[-144.20591,65.64616],[-144.20631,65.64559],[-144.20725,65.64504],[-144.20744,65.64481],[-144.20599,65.64403],[-144.20526,65.64384],[-144.20492,65.64355],[-144.19806,65.64221],[-144.19754,65.64176],[-144.19636,65.64154],[-144.19568,65.64124],[-144.19618,65.64043],[-144.19734,65.64026],[-144.19832,65.63917],[-144.19818,65.63866],[-144.19895,65.63769],[-144.19962,65.63713],[-144.19992,65.636],[-144.19813,65.63546],[-144.19501,65.63529],[-144.19034,65.63578],[-144.1892,65.63639],[-144.18798,65.63624],[-144.18767,65.63678],[-144.18658,65.63679],[-144.18229,65.63778],[-144.18173,65.63808],[-144.18211,65.6383],[-144.18206,65.63873],[-144.18216,65.639],[-144.18325,65.63959],[-144.18224,65.63952],[-144.18179,65.63964],[-144.1815,65.63991],[-144.18171,65.64033],[-144.18234,65.64064],[-144.18222,65.64098],[-144.1815,65.64121],[-144.18149,65.64162],[-144.18314,65.64195],[-144.18307,65.64241],[-144.18239,65.64272],[-144.18032,65.64282],[-144.17947,65.64256],[-144.17876,65.6425],[-144.17807,65.64275],[-144.17797,65.64303],[-144.17804,65.64333],[-144.177,65.64414],[-144.17589,65.64389],[-144.17559,65.64395],[-144.17541,65.64418],[-144.17477,65.6441],[-144.17267,65.64476],[-144.1723,65.6455],[-144.17282,65.64589],[-144.17242,65.64625],[-144.16786,65.64648],[-144.16688,65.64697],[-144.1636,65.64766],[-144.16156,65.64782],[-144.15834,65.6472],[-144.15769,65.64647],[-144.15854,65.64555],[-144.15878,65.64457],[-144.15862,65.64436],[-144.15349,65.64468],[-144.15355,65.64413],[-144.15509,65.64356],[-144.15191,65.64386],[-144.15302,65.64299],[-144.15356,65.64225],[-144.15495,65.64172],[-144.15527,65.64171],[-144.1557,65.64121],[-144.15479,65.64084],[-144.15482,65.6406],[-144.15448,65.64024],[-144.15308,65.64013],[-144.15263,65.64057],[-144.15217,65.64026],[-144.14998,65.63975],[-144.14983,65.63946],[-144.14925,65.63895],[-144.14769,65.63922],[-144.146,65.63834],[-144.14558,65.63765],[-144.14343,65.63804],[-144.14165,65.63742],[-144.14093,65.6363],[-144.13955,65.6356],[-144.13975,65.63487],[-144.13955,65.63416],[-144.13896,65.63335],[-144.14008,65.6321],[-144.14008,65.63175],[-144.13916,65.63123],[-144.13903,65.63012],[-144.13804,65.62931],[-144.13692,65.62934],[-144.13554,65.62966],[-144.13522,65.62879],[-144.13541,65.62858],[-144.13857,65.62817],[-144.13944,65.62781],[-144.13664,65.62725],[-144.13617,65.62734],[-144.13558,65.62806],[-144.13486,65.6282],[-144.13377,65.62804],[-144.13348,65.62666],[-144.13271,65.62641],[-144.13357,65.62626],[-144.13365,65.62591],[-144.13799,65.6243],[-144.13863,65.62384],[-144.13881,65.62234],[-144.13849,65.62163],[-144.13859,65.62089],[-144.13845,65.62063],[-144.13954,65.62036],[-144.13963,65.62015],[-144.14094,65.62022],[-144.14124,65.62056],[-144.14077,65.62111],[-144.14166,65.62129],[-144.14202,65.62102],[-144.14252,65.62112],[-144.1423,65.62172],[-144.1431,65.62177],[-144.14356,65.62162],[-144.14418,65.62189],[-144.14499,65.62203],[-144.1449,65.62234],[-144.14545,65.62259],[-144.14633,65.62241],[-144.14728,65.621],[-144.14793,65.62082],[-144.14922,65.62108],[-144.15019,65.62108],[-144.15034,65.62067],[-144.15011,65.62015],[-144.15095,65.61914],[-144.15041,65.61863],[-144.14997,65.61849],[-144.14967,65.61716],[-144.1521,65.61816],[-144.15348,65.61856],[-144.15399,65.61817],[-144.15445,65.61835],[-144.15509,65.61914],[-144.15509,65.61953],[-144.15527,65.61997],[-144.15497,65.62052],[-144.15521,65.62107],[-144.15513,65.6212],[-144.15569,65.62202],[-144.15626,65.62237],[-144.16075,65.62244],[-144.16144,65.62174],[-144.16105,65.62142],[-144.15985,65.62096],[-144.15885,65.62028],[-144.15881,65.62007],[-144.15898,65.6197],[-144.15813,65.61895],[-144.15728,65.6187],[-144.15892,65.61806],[-144.15975,65.61792],[-144.16028,65.61811],[-144.16125,65.61745],[-144.16058,65.61713],[-144.16067,65.61646],[-144.16212,65.61575],[-144.16195,65.61522],[-144.16159,65.61489],[-144.16154,65.6146],[-144.16114,65.6143],[-144.16026,65.61419],[-144.15828,65.61428],[-144.15709,65.61451],[-144.1571,65.61391],[-144.15603,65.61326],[-144.15489,65.6128],[-144.15471,65.61212],[-144.15426,65.6112],[-144.1537,65.61045],[-144.15355,65.60999],[-144.1541,65.60961],[-144.15328,65.60915],[-144.1526,65.60894],[-144.15322,65.60852],[-144.15249,65.60817],[-144.15154,65.6082],[-144.15069,65.60738],[-144.1511,65.60684],[-144.15087,65.60629],[-144.15015,65.6061],[-144.14824,65.60622],[-144.14678,65.60602],[-144.14727,65.60555],[-144.14599,65.60519],[-144.14351,65.60597],[-144.13994,65.60735],[-144.14134,65.60793],[-144.136,65.60876],[-144.13539,65.60925],[-144.13583,65.60964],[-144.13584,65.60999],[-144.13415,65.60971],[-144.13276,65.61019],[-144.13264,65.61051],[-144.13393,65.61052],[-144.13392,65.61085],[-144.13241,65.61156],[-144.1325,65.61247],[-144.13231,65.61293],[-144.13193,65.61329],[-144.13092,65.6137],[-144.1279,65.61432],[-144.1281,65.61394],[-144.12877,65.61348],[-144.12876,65.61312],[-144.12724,65.61315],[-144.12638,65.61336],[-144.1243,65.61338],[-144.12437,65.61329],[-144.12276,65.6121],[-144.12209,65.61137],[-144.12047,65.61136],[-144.11993,65.61199],[-144.11872,65.61254],[-144.11646,65.61263],[-144.11307,65.61319],[-144.11275,65.6128],[-144.11398,65.61214],[-144.11348,65.61168],[-144.11216,65.61168],[-144.11154,65.612],[-144.1105,65.61192],[-144.11064,65.61117],[-144.10912,65.61094],[-144.11016,65.61062],[-144.11083,65.61021],[-144.10914,65.61005],[-144.10857,65.61033],[-144.10632,65.61078],[-144.10418,65.61093],[-144.10333,65.61111],[-144.10114,65.61098],[-144.10117,65.61129],[-144.1003,65.6115],[-144.09923,65.61111],[-144.09862,65.61059],[-144.09877,65.61031],[-144.09828,65.60963],[-144.09871,65.60931],[-144.09998,65.60984],[-144.10139,65.60997],[-144.10126,65.60904],[-144.10151,65.60821],[-144.10454,65.6069],[-144.10481,65.60644],[-144.10608,65.60583],[-144.10666,65.60582],[-144.10846,65.60689],[-144.10988,65.60659],[-144.11016,65.60608],[-144.1073,65.60448],[-144.10658,65.60387],[-144.10524,65.60368],[-144.10507,65.60315],[-144.10614,65.60271],[-144.10336,65.60129],[-144.10245,65.60103],[-144.10062,65.60192],[-144.10065,65.60204],[-144.10193,65.60206],[-144.1023,65.60224],[-144.10016,65.60338],[-144.09937,65.60339],[-144.09886,65.603],[-144.09814,65.60302],[-144.09708,65.60337],[-144.0963,65.60393],[-144.09463,65.60401],[-144.0936,65.60497],[-144.09349,65.60583],[-144.09138,65.60608],[-144.08721,65.60692],[-144.08706,65.60707],[-144.08701,65.60746],[-144.08782,65.60856],[-144.08625,65.60866],[-144.08516,65.60894],[-144.08492,65.60929],[-144.08326,65.60862],[-144.08122,65.60711],[-144.07911,65.60683],[-144.07748,65.60601],[-144.07646,65.60586],[-144.07527,65.60599],[-144.07499,65.60636],[-144.07504,65.60681],[-144.0733,65.60628],[-144.07281,65.60584],[-144.07278,65.60554],[-144.07352,65.60563],[-144.07824,65.60535],[-144.07866,65.60578],[-144.07917,65.60576],[-144.07922,65.60507],[-144.08081,65.60441],[-144.08105,65.60388],[-144.08092,65.60346],[-144.0803,65.60337],[-144.07855,65.60393],[-144.07636,65.60401],[-144.07632,65.60371],[-144.07556,65.60316],[-144.07537,65.60283],[-144.07494,65.6025],[-144.07508,65.60189],[-144.07617,65.602],[-144.07651,65.60234],[-144.07741,65.60252],[-144.07815,65.60298],[-144.07902,65.6032],[-144.08033,65.60288],[-144.08074,65.60235],[-144.0816,65.60198],[-144.08219,65.60133],[-144.08086,65.60113],[-144.079,65.60188],[-144.07818,65.60185],[-144.07803,65.60146],[-144.07948,65.60145],[-144.07931,65.60093],[-144.07956,65.60052],[-144.08191,65.60063],[-144.08186,65.60095],[-144.08279,65.60147],[-144.08404,65.60137],[-144.08531,65.60103],[-144.08601,65.60051],[-144.08547,65.59982],[-144.08474,65.59924],[-144.08407,65.59893],[-144.08316,65.59891],[-144.08224,65.59841],[-144.08124,65.59808],[-144.07976,65.59778],[-144.0791,65.59781],[-144.07926,65.59817],[-144.07911,65.59858],[-144.07772,65.59866],[-144.07661,65.59814],[-144.07641,65.59792],[-144.0769,65.59756],[-144.07747,65.59663],[-144.0785,65.59637],[-144.07966,65.59577],[-144.07946,65.59553],[-144.07953,65.59523],[-144.07977,65.59513],[-144.0802,65.59429],[-144.07964,65.59394],[-144.07886,65.5947],[-144.07801,65.59463],[-144.07816,65.59422],[-144.07789,65.59369],[-144.07791,65.59334],[-144.0784,65.59326],[-144.07909,65.59336],[-144.08018,65.59306],[-144.08166,65.59345],[-144.08179,65.59328],[-144.08231,65.59327],[-144.08306,65.59288],[-144.08384,65.5929],[-144.08383,65.59275],[-144.0833,65.59252],[-144.08416,65.59169],[-144.08616,65.59185],[-144.0862,65.59224],[-144.08563,65.59234],[-144.08521,65.59279],[-144.08521,65.59334],[-144.08508,65.59355],[-144.08445,65.5938],[-144.08426,65.59415],[-144.08452,65.59424],[-144.08583,65.59431],[-144.08606,65.59387],[-144.08575,65.59342],[-144.0863,65.59331],[-144.08698,65.59366],[-144.08785,65.59329],[-144.08849,65.59329],[-144.09038,65.59272],[-144.09047,65.59237],[-144.09148,65.59265],[-144.09119,65.59349],[-144.09193,65.59358],[-144.09308,65.59306],[-144.09592,65.59266],[-144.09534,65.59239],[-144.09382,65.5922],[-144.09269,65.59222],[-144.09051,65.59165],[-144.08869,65.59158],[-144.08749,65.59131],[-144.08732,65.59118],[-144.08755,65.59096],[-144.08811,65.59101],[-144.08728,65.59061],[-144.08663,65.5909],[-144.08558,65.59082],[-144.08532,65.59071],[-144.08525,65.59041],[-144.08655,65.59012],[-144.0854,65.58961],[-144.0851,65.58994],[-144.0844,65.59027],[-144.08439,65.58989],[-144.08377,65.58972],[-144.0834,65.58914],[-144.0836,65.5884],[-144.08606,65.5885],[-144.08655,65.58862],[-144.08719,65.58857],[-144.08694,65.58815],[-144.08746,65.58812],[-144.08821,65.58853],[-144.08854,65.58903],[-144.08899,65.58917],[-144.09223,65.5889],[-144.09344,65.58914],[-144.09475,65.58905],[-144.09519,65.58946],[-144.09788,65.58982],[-144.09819,65.58944],[-144.09984,65.59042],[-144.10025,65.59029],[-144.10006,65.59001],[-144.10064,65.58962],[-144.10038,65.58913],[-144.10149,65.58846],[-144.10232,65.58827],[-144.10439,65.58832],[-144.10517,65.58868],[-144.10586,65.58876],[-144.1083,65.58871],[-144.1088,65.58853],[-144.11337,65.58879],[-144.1172,65.5879],[-144.12105,65.58769],[-144.12157,65.58816],[-144.12163,65.58845],[-144.12368,65.59011],[-144.12525,65.59062],[-144.12912,65.59091],[-144.13011,65.59041],[-144.12805,65.58917],[-144.12449,65.58834],[-144.12371,65.5879],[-144.12474,65.58685],[-144.12482,65.58647],[-144.1253,65.58594],[-144.12508,65.58542],[-144.12514,65.58485],[-144.12569,65.58393],[-144.12561,65.58336],[-144.12515,65.58283],[-144.12463,65.58268],[-144.12346,65.58275],[-144.12197,65.58218],[-144.12179,65.58186],[-144.1219,65.5818],[-144.12137,65.58153],[-144.12152,65.581],[-144.12191,65.5809],[-144.12133,65.58051],[-144.11915,65.57981],[-144.1172,65.57945],[-144.11766,65.5788],[-144.1164,65.57827],[-144.11643,65.57811],[-144.11709,65.57776],[-144.11829,65.57749],[-144.11834,65.57711],[-144.11796,65.57658],[-144.11829,65.57635],[-144.11874,65.57625],[-144.11877,65.57602],[-144.12018,65.57561],[-144.12131,65.575],[-144.12119,65.57422],[-144.11911,65.57378],[-144.1188,65.57346],[-144.11891,65.57296],[-144.12072,65.57251],[-144.12256,65.57161],[-144.12457,65.57112],[-144.1248,65.57092],[-144.12542,65.5709],[-144.12618,65.57114],[-144.1263,65.57138],[-144.12669,65.57158],[-144.12778,65.57184],[-144.12703,65.57065],[-144.12745,65.57025],[-144.12953,65.57029],[-144.13224,65.57043],[-144.13255,65.57053],[-144.13255,65.57108],[-144.13365,65.57132],[-144.13445,65.57169],[-144.13331,65.57273],[-144.13261,65.57279],[-144.13214,65.57305],[-144.13052,65.57316],[-144.13017,65.57351],[-144.13107,65.57372],[-144.13288,65.57352],[-144.13398,65.57337],[-144.13543,65.57227],[-144.13666,65.57162],[-144.13752,65.5715],[-144.13975,65.57181],[-144.14085,65.57052],[-144.13978,65.57026],[-144.13975,65.56985],[-144.13906,65.56949],[-144.13741,65.56922],[-144.13726,65.56881],[-144.13492,65.56877],[-144.13308,65.56889],[-144.13199,65.56863],[-144.13022,65.56879],[-144.12968,65.56908],[-144.12796,65.5693],[-144.12742,65.569],[-144.12789,65.56861],[-144.12782,65.56828],[-144.12656,65.56797],[-144.1269,65.56766],[-144.12656,65.56732],[-144.12599,65.56707],[-144.12594,65.56681],[-144.12481,65.56632],[-144.12495,65.56546],[-144.12611,65.56529],[-144.12715,65.56542],[-144.12798,65.56574],[-144.12877,65.56544],[-144.12915,65.56496],[-144.13059,65.56514],[-144.13169,65.56543],[-144.13188,65.56606],[-144.13278,65.56632],[-144.1333,65.56587],[-144.13383,65.56584],[-144.13455,65.56645],[-144.13501,65.56648],[-144.13593,65.56595],[-144.13693,65.56506],[-144.13897,65.56428],[-144.13992,65.56461],[-144.14035,65.56514],[-144.14021,65.56557],[-144.13949,65.56597],[-144.13834,65.56701],[-144.1396,65.56744],[-144.1401,65.56742],[-144.14137,65.56697],[-144.14498,65.56751],[-144.14587,65.56708],[-144.14609,65.56666],[-144.14582,65.56612],[-144.14536,65.56593],[-144.14534,65.56551],[-144.14553,65.56484],[-144.14514,65.56374],[-144.14642,65.56278],[-144.1477,65.5626],[-144.14809,65.56231],[-144.14918,65.56232],[-144.15112,65.56198],[-144.15357,65.56213],[-144.15757,65.56271],[-144.15845,65.56324],[-144.1587,65.56361],[-144.15699,65.56383],[-144.15673,65.56417],[-144.15671,65.56461],[-144.15617,65.56511],[-144.15655,65.56525],[-144.16001,65.5652],[-144.15855,65.56585],[-144.16035,65.56662],[-144.16208,65.56679],[-144.16412,65.5667],[-144.16475,65.56713],[-144.16673,65.5674],[-144.16737,65.56707],[-144.17148,65.56732],[-144.173,65.56708],[-144.17264,65.5667],[-144.17205,65.56654],[-144.17181,65.56602],[-144.17106,65.56571],[-144.17051,65.56564],[-144.16998,65.56514],[-144.16804,65.56475],[-144.16732,65.56516],[-144.16699,65.56503],[-144.16649,65.5653],[-144.16568,65.56538],[-144.16545,65.56526],[-144.16629,65.56476],[-144.16579,65.56416],[-144.16781,65.56403],[-144.17024,65.56415],[-144.17335,65.56507],[-144.17703,65.56578],[-144.17785,65.56583],[-144.17984,65.56549],[-144.1794,65.56514],[-144.178,65.56492],[-144.17766,65.56448],[-144.1765,65.56391],[-144.17653,65.56244],[-144.17526,65.56183],[-144.17375,65.56135],[-144.17287,65.56148],[-144.17232,65.56219],[-144.17074,65.56183],[-144.17083,65.56097],[-144.17148,65.56056],[-144.17337,65.56009],[-144.17312,65.55977],[-144.17025,65.55998],[-144.17061,65.55938],[-144.17035,65.55871],[-144.17001,65.55866],[-144.16784,65.55954],[-144.16795,65.55981],[-144.16788,65.56008],[-144.16667,65.55996],[-144.16396,65.55998],[-144.16447,65.55936],[-144.1643,65.55902],[-144.16341,65.55932],[-144.16285,65.55966],[-144.161,65.56004],[-144.16089,65.55976],[-144.16036,65.56002],[-144.15853,65.55976],[-144.15835,65.55945],[-144.15841,65.55928],[-144.15991,65.55949],[-144.16064,65.55927],[-144.16113,65.55865],[-144.16174,65.55834],[-144.16345,65.55837],[-144.16655,65.55676],[-144.16606,65.55617],[-144.16664,65.55525],[-144.16668,65.5548],[-144.16606,65.55427],[-144.16503,65.55397],[-144.16562,65.55317],[-144.1679,65.55259],[-144.16815,65.55214],[-144.17054,65.55164],[-144.17278,65.55079],[-144.17775,65.55044],[-144.17898,65.54971],[-144.18099,65.549],[-144.18435,65.54873],[-144.1871,65.5489],[-144.18796,65.54929],[-144.18845,65.54921],[-144.19002,65.54931],[-144.19164,65.54992],[-144.19221,65.55002],[-144.19397,65.55002],[-144.19549,65.54986],[-144.19753,65.54905],[-144.19934,65.54905],[-144.2002,65.54935],[-144.20012,65.54949],[-144.20024,65.54956],[-144.19992,65.55008],[-144.20176,65.55071],[-144.20276,65.55055],[-144.20374,65.55071],[-144.2066,65.55058],[-144.20676,65.54997],[-144.20793,65.54989],[-144.2081,65.55042],[-144.21033,65.55066],[-144.21109,65.55001],[-144.21296,65.54922],[-144.21396,65.54922],[-144.21543,65.54973],[-144.21609,65.55028],[-144.21714,65.55013],[-144.2177,65.54979],[-144.21915,65.55036],[-144.22045,65.5514],[-144.21951,65.55232],[-144.21874,65.55238],[-144.21823,65.5521],[-144.21677,65.55219],[-144.21692,65.55315],[-144.21473,65.55269],[-144.21304,65.55261],[-144.21255,65.55297],[-144.21243,65.55331],[-144.21105,65.55356],[-144.20997,65.55416],[-144.21019,65.55433],[-144.20996,65.55442],[-144.21009,65.55505],[-144.21109,65.55547],[-144.21204,65.5552],[-144.21324,65.55524],[-144.21362,65.55559],[-144.21336,65.55611],[-144.2125,65.55612],[-144.212,65.55692],[-144.21094,65.55748],[-144.20942,65.55753],[-144.20983,65.55779],[-144.2111,65.55802],[-144.21204,65.55841],[-144.21362,65.5588],[-144.2156,65.55865],[-144.21622,65.55872],[-144.21548,65.55918],[-144.2171,65.55946],[-144.21616,65.5597],[-144.21583,65.56001],[-144.21686,65.56034],[-144.21691,65.56061],[-144.21587,65.56088],[-144.21388,65.56105],[-144.21296,65.56143],[-144.21254,65.56141],[-144.21188,65.56104],[-144.2098,65.56101],[-144.2091,65.56119],[-144.20921,65.56159],[-144.20966,65.56209],[-144.20908,65.56284],[-144.20858,65.56279],[-144.20756,65.56227],[-144.20269,65.56175],[-144.20393,65.56295],[-144.20555,65.56333],[-144.20706,65.56413],[-144.2063,65.56485],[-144.2051,65.56499],[-144.20392,65.56551],[-144.20287,65.56544],[-144.20105,65.56572],[-144.19976,65.56611],[-144.20259,65.56641],[-144.20136,65.56746],[-144.20055,65.56792],[-144.19958,65.56821],[-144.19924,65.56858],[-144.19834,65.56909],[-144.19697,65.5693],[-144.19536,65.56982],[-144.19492,65.57024],[-144.1948,65.57119],[-144.1956,65.57132],[-144.19896,65.57055],[-144.19971,65.57027],[-144.20072,65.56965],[-144.20106,65.56908],[-144.20211,65.56875],[-144.20265,65.56825],[-144.2036,65.56778],[-144.20434,65.56773],[-144.20609,65.56882],[-144.20682,65.56899],[-144.20694,65.56867],[-144.20747,65.56858],[-144.20859,65.56865],[-144.20892,65.56824],[-144.21003,65.56806],[-144.21005,65.56737],[-144.21071,65.56682],[-144.21124,65.56666],[-144.2117,65.56675],[-144.21333,65.56635],[-144.2144,65.56633],[-144.21502,65.56694],[-144.2151,65.56736],[-144.21562,65.56802]]],[[[-144.08002,65.60949],[-144.08006,65.60899],[-144.0815,65.60956],[-144.08184,65.61],[-144.08082,65.61005],[-144.0808,65.61049],[-144.08019,65.61099],[-144.07892,65.61094],[-144.07774,65.61063],[-144.078,65.61032],[-144.07878,65.61034],[-144.0793,65.6101],[-144.07953,65.60964],[-144.08002,65.60949]]],[[[-144.29308,65.67154],[-144.29299,65.6719],[-144.29207,65.67197],[-144.29286,65.67203],[-144.29291,65.67234],[-144.29281,65.67239],[-144.29291,65.67248],[-144.29262,65.67264],[-144.29302,65.67277],[-144.29289,65.67291],[-144.29318,65.67313],[-144.2931,65.6732],[-144.29257,65.67336],[-144.29267,65.67341],[-144.2926,65.6735],[-144.29206,65.67351],[-144.29197,65.67374],[-144.29139,65.67369],[-144.29101,65.67392],[-144.28979,65.67408],[-144.28963,65.67428],[-144.2894,65.67421],[-144.28893,65.67438],[-144.28883,65.67428],[-144.28916,65.67416],[-144.28897,65.67404],[-144.28904,65.67386],[-144.28838,65.67353],[-144.28876,65.67342],[-144.28785,65.67331],[-144.28732,65.67356],[-144.28736,65.67367],[-144.28716,65.67375],[-144.28723,65.67382],[-144.28685,65.67388],[-144.28684,65.67409],[-144.285,65.6746],[-144.28422,65.67446],[-144.28339,65.6741],[-144.28293,65.67411],[-144.28262,65.6739],[-144.28267,65.67373],[-144.28288,65.67365],[-144.28281,65.67356],[-144.28299,65.67351],[-144.28285,65.67345],[-144.28276,65.67317],[-144.28307,65.67318],[-144.28294,65.67301],[-144.28353,65.67278],[-144.28307,65.67246],[-144.28333,65.67224],[-144.28375,65.67222],[-144.28338,65.6719],[-144.28337,65.67166],[-144.28459,65.67128],[-144.28703,65.67122],[-144.28706,65.67084],[-144.28497,65.67016],[-144.28484,65.66975],[-144.28503,65.66923],[-144.28752,65.66839],[-144.28837,65.66832],[-144.28956,65.66857],[-144.28983,65.66897],[-144.28986,65.67031],[-144.29093,65.67064],[-144.29181,65.67071],[-144.29297,65.67109],[-144.29297,65.67147],[-144.29308,65.67154]]]]},"properties":{"fire_id":"ufid:2025-AKUYD-000242","source_collection":"history-2025","source_objectid":46866,"incident_name":"Ikheenjik","mapped_acres":19650.58,"mapped_acres_source":"poly_GISAcres","gis_acres":19650.58,"auto_acres":19650.49859634119,"reported_acres":19650.57,"percent_contained":null,"state":"AK","state_wfigs":"US-AK","county":"Yukon-Koyukuk","discovery_time_utc":"2025-06-20T05:33:00Z","perimeter_time_utc":"2025-10-07T08:21:43Z","perimeter_edit_time_utc":null,"incident_modified_time_utc":"2025-10-01T18:24:41Z","containment_time_utc":null,"control_time_utc":null,"fire_out_time_utc":"2025-10-02T00:00:00Z","fire_cause":"Natural","fire_cause_general":"Natural","map_method":"Mixed Methods","source_dataset":"FFP","unique_fire_identifier":"2025-AKUYD-000242","irwin_id":"{F366F6E4-8E54-4DA8-927F-8DB53D21B0A1}","global_id":"387cc6f1-6624-4512-83a1-b352acaea174"}},{"type":"Feature","geometry":{"type":"Polygon","coordinates":[[[-144.64178,65.50098],[-144.64068,65.501],[-144.64025,65.50121],[-144.6398,65.50115],[-144.63999,65.50091],[-144.64083,65.50072],[-144.64179,65.50084],[-144.64178,65.50098]]]},"properties":{"fire_id":"ufid:2025-AKUYD-000240","source_collection":"history-2025","source_objectid":46867,"incident_name":"Ketchem","mapped_acres":0.6479806,"mapped_acres_source":"poly_GISAcres","gis_acres":0.6479806,"auto_acres":0.6479780527437453,"reported_acres":0.65,"percent_contained":null,"state":"AK","state_wfigs":"US-AK","county":"Yukon-Koyukuk","discovery_time_utc":"2025-06-20T04:52:00Z","perimeter_time_utc":"2025-10-07T08:22:21Z","perimeter_edit_time_utc":null,"incident_modified_time_utc":"2025-08-18T05:00:13Z","containment_time_utc":"2025-06-25T04:00:00Z","control_time_utc":"2025-06-25T05:00:00Z","fire_out_time_utc":"2025-06-25T06:00:00Z","fire_cause":"Natural","fire_cause_general":"Natural","map_method":"GPS-Walked","source_dataset":"FFP","unique_fire_identifier":"2025-AKUYD-000240","irwin_id":"{D7C8153A-F1CC-41FA-89FC-D72026693D4F}","global_id":"4d5bc83b-2f42-4b1d-b82d-a768957f71e6"}},{"type":"Feature","geometry":{"type":"MultiPolygon","coordinates":[[[[-143.74979,65.42467],[-143.74961,65.42504],[-143.74671,65.42491],[-143.7448,65.42474],[-143.74359,65.42432],[-143.7404,65.42406],[-143.73852,65.42404],[-143.73753,65.42411],[-143.7378,65.42456],[-143.73704,65.4248],[-143.73421,65.42399],[-143.73285,65.42344],[-143.73274,65.42308],[-143.73362,65.42202],[-143.73168,65.42122],[-143.73077,65.42128],[-143.72984,65.42194],[-143.72888,65.42226],[-143.72813,65.42203],[-143.72766,65.42156],[-143.72712,65.42074],[-143.72726,65.42042],[-143.72415,65.41997],[-143.72355,65.41969],[-143.72214,65.41948],[-143.71904,65.41931],[-143.7165,65.41933],[-143.71589,65.41904],[-143.71381,65.41904],[-143.71448,65.41831],[-143.71601,65.41808],[-143.71533,65.41776],[-143.71539,65.41738],[-143.71609,65.41701],[-143.71299,65.41683],[-143.71266,65.416],[-143.71351,65.41543],[-143.71581,65.41463],[-143.71533,65.41419],[-143.7138,65.41409],[-143.7129,65.41357],[-143.71032,65.41286],[-143.71008,65.41129],[-143.71272,65.41213],[-143.71387,65.41182],[-143.71333,65.41035],[-143.71259,65.40983],[-143.71238,65.40889],[-143.71261,65.40837],[-143.7135,65.40805],[-143.71372,65.40759],[-143.71306,65.40738],[-143.71211,65.40765],[-143.7116,65.40825],[-143.7109,65.40842],[-143.7113,65.40763],[-143.71185,65.40704],[-143.71043,65.40625],[-143.71014,65.40573],[-143.71153,65.40542],[-143.71232,65.40503],[-143.70964,65.40473],[-143.71033,65.40417],[-143.71073,65.40365],[-143.71032,65.40338],[-143.70941,65.40383],[-143.70815,65.40342],[-143.70669,65.40316],[-143.70561,65.40323],[-143.70417,65.4023],[-143.70347,65.40207],[-143.70284,65.40218],[-143.702,65.40209],[-143.70191,65.40192],[-143.7012,65.40155],[-143.70191,65.40122],[-143.70364,65.40099],[-143.7049,65.40057],[-143.70838,65.40196],[-143.70998,65.40206],[-143.71083,65.40174],[-143.711,65.40148],[-143.71049,65.40104],[-143.71079,65.40055],[-143.71209,65.40081],[-143.71497,65.40072],[-143.71668,65.40011],[-143.71573,65.39933],[-143.71542,65.39887],[-143.71617,65.39837],[-143.7151,65.39813],[-143.71309,65.39835],[-143.7111,65.39896],[-143.70899,65.39936],[-143.70768,65.39857],[-143.70593,65.39919],[-143.70388,65.39959],[-143.70198,65.40022],[-143.70177,65.39994],[-143.70164,65.39931],[-143.70211,65.39891],[-143.70213,65.39869],[-143.70096,65.39794],[-143.69942,65.3975],[-143.69634,65.39727],[-143.69432,65.3974],[-143.69287,65.39801],[-143.69174,65.39761],[-143.69132,65.39719],[-143.69014,65.397],[-143.68892,65.39707],[-143.68795,65.39682],[-143.6882,65.39653],[-143.68993,65.3957],[-143.68989,65.39532],[-143.68951,65.39504],[-143.68787,65.39502],[-143.68753,65.39449],[-143.68837,65.394],[-143.69001,65.39385],[-143.68951,65.39281],[-143.68854,65.3922],[-143.68656,65.39164],[-143.68791,65.39027],[-143.68837,65.39048],[-143.68854,65.39087],[-143.68947,65.39132],[-143.68942,65.3919],[-143.69047,65.39215],[-143.69102,65.3925],[-143.69174,65.3932],[-143.69383,65.39288],[-143.6943,65.39214],[-143.69573,65.39225],[-143.69655,65.39283],[-143.69673,65.39332],[-143.6976,65.39417],[-143.69878,65.39423],[-143.69917,65.39399],[-143.6982,65.39326],[-143.70024,65.39296],[-143.7008,65.39339],[-143.70285,65.39374],[-143.70241,65.39284],[-143.7018,65.39267],[-143.70201,65.39238],[-143.69594,65.39058],[-143.69532,65.39071],[-143.69384,65.39056],[-143.69369,65.39026],[-143.68858,65.38873],[-143.68765,65.38831],[-143.68757,65.38766],[-143.6885,65.38779],[-143.68926,65.38819],[-143.69026,65.3884],[-143.69094,65.38782],[-143.69115,65.38707],[-143.69165,65.3871],[-143.69279,65.38754],[-143.69338,65.38733],[-143.69275,65.38646],[-143.69279,65.38562],[-143.6946,65.38506],[-143.69552,65.38555],[-143.69552,65.3866],[-143.69712,65.38728],[-143.698,65.38728],[-143.69867,65.38672],[-143.69851,65.38618],[-143.69934,65.38591],[-143.69932,65.38582],[-143.69854,65.38533],[-143.69654,65.3851],[-143.69692,65.38476],[-143.6968,65.38425],[-143.69736,65.38392],[-143.69905,65.38359],[-143.70142,65.38427],[-143.7015,65.38388],[-143.70022,65.38346],[-143.69942,65.38293],[-143.69946,65.38263],[-143.69922,65.38225],[-143.7004,65.38218],[-143.70382,65.38349],[-143.70493,65.38293],[-143.70621,65.38301],[-143.70906,65.38393],[-143.70968,65.38444],[-143.71046,65.38486],[-143.71156,65.38493],[-143.713,65.38544],[-143.71379,65.38701],[-143.7135,65.38777],[-143.71291,65.38852],[-143.71291,65.39087],[-143.71235,65.39135],[-143.71206,65.39234],[-143.7141,65.39324],[-143.71459,65.3938],[-143.71623,65.39511],[-143.71674,65.39535],[-143.7177,65.39544],[-143.71963,65.395],[-143.72065,65.39495],[-143.72153,65.39506],[-143.72221,65.39539],[-143.72279,65.39546],[-143.7229,65.39461],[-143.72489,65.3939],[-143.72361,65.39253],[-143.72248,65.39204],[-143.72229,65.39156],[-143.72295,65.39144],[-143.72369,65.39097],[-143.72345,65.39046],[-143.72452,65.38977],[-143.72472,65.38923],[-143.72601,65.38889],[-143.72632,65.38833],[-143.72575,65.38809],[-143.72594,65.38786],[-143.72664,65.38752],[-143.7279,65.38719],[-143.72898,65.38653],[-143.72858,65.38633],[-143.72745,65.38618],[-143.72649,65.38512],[-143.72564,65.38443],[-143.72419,65.38398],[-143.72276,65.38329],[-143.7222,65.3825],[-143.72061,65.38176],[-143.72184,65.3805],[-143.72456,65.38003],[-143.7265,65.38009],[-143.72792,65.38049],[-143.72986,65.38017],[-143.73236,65.38045],[-143.73306,65.38091],[-143.73398,65.38129],[-143.735,65.38208],[-143.73736,65.38307],[-143.74116,65.38381],[-143.74226,65.38473],[-143.74359,65.38479],[-143.7443,65.38467],[-143.74506,65.38409],[-143.74628,65.38435],[-143.74719,65.38495],[-143.74956,65.38542],[-143.75006,65.38705],[-143.74946,65.38797],[-143.74972,65.3882],[-143.75106,65.38822],[-143.75184,65.38807],[-143.75256,65.38811],[-143.75431,65.38758],[-143.75645,65.38738],[-143.75788,65.3869],[-143.75856,65.38642],[-143.7584,65.38617],[-143.75665,65.38594],[-143.75671,65.38555],[-143.75569,65.38506],[-143.75517,65.38458],[-143.75513,65.38437],[-143.75394,65.38394],[-143.75337,65.38354],[-143.75318,65.38294],[-143.75335,65.38261],[-143.75439,65.38261],[-143.75466,65.38243],[-143.75423,65.38219],[-143.75406,65.38183],[-143.75446,65.38173],[-143.75488,65.38143],[-143.75651,65.38151],[-143.75744,65.38194],[-143.75703,65.38248],[-143.75728,65.38265],[-143.75794,65.38276],[-143.75974,65.38224],[-143.76058,65.38148],[-143.76038,65.38068],[-143.75933,65.37996],[-143.76127,65.37962],[-143.76109,65.37929],[-143.76164,65.37821],[-143.76275,65.37781],[-143.76377,65.37779],[-143.76454,65.37722],[-143.76659,65.37659],[-143.76668,65.37618],[-143.76715,65.37577],[-143.76671,65.37493],[-143.76777,65.3746],[-143.77098,65.37489],[-143.77189,65.37479],[-143.77309,65.37421],[-143.77125,65.37342],[-143.77219,65.37295],[-143.77314,65.37291],[-143.77464,65.37341],[-143.77579,65.37347],[-143.77666,65.37322],[-143.77747,65.37322],[-143.77838,65.37346],[-143.77924,65.37402],[-143.78044,65.37433],[-143.78362,65.37386],[-143.78404,65.37369],[-143.78971,65.37322],[-143.79055,65.37355],[-143.79225,65.37384],[-143.79729,65.37375],[-143.79964,65.37356],[-143.7996,65.3732],[-143.80039,65.37286],[-143.80265,65.37318],[-143.80395,65.37295],[-143.80445,65.37256],[-143.80428,65.37231],[-143.80311,65.37198],[-143.80329,65.37175],[-143.80349,65.37094],[-143.8041,65.3707],[-143.80456,65.37121],[-143.80606,65.37146],[-143.80752,65.37102],[-143.80733,65.3705],[-143.81065,65.37062],[-143.81259,65.37048],[-143.81347,65.37079],[-143.81374,65.37114],[-143.81691,65.37039],[-143.81965,65.37044],[-143.8229,65.3696],[-143.82406,65.36965],[-143.82498,65.37005],[-143.82636,65.37004],[-143.82673,65.36954],[-143.82796,65.36891],[-143.82925,65.36933],[-143.82944,65.36993],[-143.83063,65.37017],[-143.82982,65.37074],[-143.83098,65.37127],[-143.83077,65.37138],[-143.83031,65.37204],[-143.82606,65.37237],[-143.83042,65.37328],[-143.83476,65.37337],[-143.837,65.37316],[-143.83835,65.37329],[-143.8432,65.37448],[-143.84752,65.37492],[-143.84819,65.37483],[-143.84783,65.37397],[-143.84802,65.37323],[-143.84767,65.37279],[-143.84812,65.37199],[-143.84765,65.37132],[-143.84785,65.37088],[-143.84831,65.37051],[-143.84896,65.37015],[-143.85004,65.36994],[-143.85092,65.36994],[-143.85287,65.36953],[-143.85269,65.36905],[-143.85289,65.36872],[-143.85637,65.36697],[-143.85857,65.36644],[-143.85874,65.36598],[-143.8583,65.36585],[-143.85909,65.36547],[-143.86314,65.36545],[-143.8629,65.36521],[-143.86005,65.36491],[-143.85963,65.36477],[-143.85941,65.36447],[-143.85838,65.3638],[-143.85799,65.36366],[-143.85663,65.36367],[-143.85641,65.36339],[-143.85723,65.36324],[-143.85809,65.3633],[-143.85836,65.36298],[-143.85893,65.36275],[-143.8614,65.36355],[-143.862,65.36343],[-143.86238,65.36316],[-143.86367,65.36312],[-143.86408,65.36288],[-143.86366,65.36271],[-143.86305,65.36166],[-143.86263,65.36139],[-143.86152,65.36115],[-143.8608,65.36026],[-143.8616,65.36007],[-143.86225,65.36014],[-143.8626,65.36028],[-143.8624,65.36059],[-143.86249,65.36069],[-143.86404,65.36059],[-143.86501,65.3609],[-143.86589,65.36079],[-143.86794,65.36131],[-143.86898,65.36131],[-143.86845,65.36089],[-143.86737,65.36057],[-143.86682,65.36022],[-143.86551,65.36008],[-143.86498,65.35988],[-143.86473,65.3596],[-143.86665,65.3597],[-143.86695,65.35944],[-143.86802,65.35936],[-143.86768,65.35887],[-143.8708,65.35929],[-143.87245,65.35971],[-143.87279,65.36007],[-143.87378,65.36021],[-143.87613,65.36003],[-143.87736,65.36016],[-143.87926,65.3599],[-143.87924,65.35951],[-143.87833,65.35927],[-143.87933,65.35903],[-143.8813,65.35889],[-143.88186,65.35903],[-143.88211,65.35963],[-143.88328,65.36004],[-143.88389,65.36056],[-143.88467,65.36028],[-143.88416,65.35961],[-143.88342,65.35901],[-143.88326,65.35836],[-143.88386,65.35835],[-143.88437,65.35817],[-143.88562,65.35815],[-143.88677,65.35916],[-143.88629,65.36025],[-143.88726,65.36053],[-143.88719,65.36072],[-143.88668,65.36092],[-143.88683,65.36127],[-143.88705,65.36131],[-143.88724,65.36156],[-143.88799,65.36149],[-143.88706,65.36207],[-143.88742,65.36249],[-143.88862,65.36272],[-143.88931,65.36312],[-143.89175,65.36182],[-143.89149,65.3611],[-143.89088,65.36058],[-143.8916,65.35994],[-143.89238,65.35955],[-143.89192,65.35885],[-143.89121,65.35859],[-143.8891,65.35715],[-143.88889,65.35632],[-143.88797,65.35566],[-143.88791,65.35462],[-143.88823,65.35407],[-143.8883,65.35357],[-143.88725,65.35315],[-143.88682,65.35279],[-143.88652,65.35209],[-143.88527,65.35223],[-143.88556,65.35286],[-143.88532,65.35296],[-143.88287,65.35082],[-143.88291,65.35049],[-143.88441,65.35021],[-143.88464,65.34993],[-143.88474,65.34933],[-143.88449,65.34881],[-143.88408,65.3485],[-143.88403,65.34798],[-143.88437,65.3477],[-143.88648,65.34849],[-143.88716,65.34838],[-143.88744,65.34785],[-143.88808,65.34773],[-143.88917,65.34815],[-143.88938,65.34878],[-143.88915,65.3494],[-143.88963,65.35016],[-143.89092,65.35067],[-143.89149,65.35107],[-143.89167,65.35135],[-143.89168,65.35187],[-143.89204,65.35241],[-143.89275,65.35265],[-143.89416,65.3535],[-143.89477,65.35412],[-143.89459,65.35419],[-143.89414,65.354],[-143.89285,65.35468],[-143.8929,65.35541],[-143.89472,65.35536],[-143.89475,65.35517],[-143.89375,65.35504],[-143.89376,65.35481],[-143.89598,65.35475],[-143.89937,65.35629],[-143.90082,65.3567],[-143.90241,65.35695],[-143.90526,65.35792],[-143.90718,65.35899],[-143.90965,65.36011],[-143.90968,65.36024],[-143.9072,65.36015],[-143.90751,65.3605],[-143.90735,65.36094],[-143.90571,65.36092],[-143.9051,65.36075],[-143.90467,65.36007],[-143.90477,65.35979],[-143.90459,65.35941],[-143.90075,65.35877],[-143.89996,65.35849],[-143.89715,65.35855],[-143.89693,65.35886],[-143.89616,65.35916],[-143.89468,65.35933],[-143.89444,65.35994],[-143.89489,65.36037],[-143.89668,65.3608],[-143.89753,65.36083],[-143.89871,65.36129],[-143.89761,65.36259],[-143.897,65.36257],[-143.89642,65.36204],[-143.89476,65.36232],[-143.89431,65.36257],[-143.8937,65.36309],[-143.8933,65.36432],[-143.89489,65.36436],[-143.89555,65.36412],[-143.89677,65.36403],[-143.89728,65.36419],[-143.89715,65.36513],[-143.89748,65.36522],[-143.89848,65.36487],[-143.89978,65.36556],[-143.90099,65.36567],[-143.90279,65.36625],[-143.90563,65.36613],[-143.90688,65.36625],[-143.91086,65.36698],[-143.91028,65.36745],[-143.9104,65.36749],[-143.91462,65.36783],[-143.91557,65.36742],[-143.91674,65.36747],[-143.9184,65.36788],[-143.91961,65.36798],[-143.9211,65.36829],[-143.92183,65.36855],[-143.92477,65.36887],[-143.92565,65.36973],[-143.92547,65.36993],[-143.92574,65.37034],[-143.92714,65.37097],[-143.93085,65.37144],[-143.93096,65.37134],[-143.9321,65.37135],[-143.93353,65.37183],[-143.93321,65.37212],[-143.93335,65.37218],[-143.93444,65.37246],[-143.93623,65.37264],[-143.93777,65.37256],[-143.93803,65.3727],[-143.93828,65.37313],[-143.94174,65.37404],[-143.94277,65.37419],[-143.94445,65.37411],[-143.94472,65.37395],[-143.9437,65.37334],[-143.94382,65.37314],[-143.9466,65.37362],[-143.94723,65.37387],[-143.94726,65.37465],[-143.94455,65.37483],[-143.94501,65.37514],[-143.94592,65.37548],[-143.94581,65.37608],[-143.94639,65.37605],[-143.94655,65.37645],[-143.94561,65.37634],[-143.9456,65.37665],[-143.94647,65.37696],[-143.94645,65.37715],[-143.94553,65.3774],[-143.94184,65.37645],[-143.93988,65.37572],[-143.93915,65.3753],[-143.93916,65.3749],[-143.93809,65.37449],[-143.93657,65.37427],[-143.93573,65.37431],[-143.93564,65.37471],[-143.93431,65.37466],[-143.92965,65.37338],[-143.92665,65.37324],[-143.92595,65.37298],[-143.92512,65.37287],[-143.92261,65.3728],[-143.9214,65.37257],[-143.92041,65.37229],[-143.91978,65.3719],[-143.91921,65.37176],[-143.91895,65.37189],[-143.9192,65.37236],[-143.92032,65.3727],[-143.92074,65.37324],[-143.92058,65.37353],[-143.91983,65.3736],[-143.91796,65.37306],[-143.91744,65.37206],[-143.91695,65.37198],[-143.91688,65.37217],[-143.91631,65.37233],[-143.9155,65.37213],[-143.91542,65.37236],[-143.91613,65.37269],[-143.91519,65.37353],[-143.91499,65.37421],[-143.91358,65.3742],[-143.91221,65.37389],[-143.91181,65.37342],[-143.91175,65.3726],[-143.91141,65.37228],[-143.90936,65.37165],[-143.90633,65.371],[-143.90613,65.3703],[-143.90528,65.36992],[-143.90482,65.37019],[-143.90398,65.37107],[-143.90425,65.37173],[-143.90606,65.37358],[-143.90584,65.37447],[-143.90518,65.37571],[-143.90604,65.37596],[-143.90653,65.37675],[-143.90687,65.37783],[-143.90556,65.37735],[-143.90555,65.3771],[-143.90509,65.37722],[-143.90418,65.3766],[-143.90366,65.3749],[-143.90282,65.37394],[-143.90213,65.37413],[-143.90099,65.37358],[-143.89962,65.37393],[-143.89812,65.37519],[-143.89579,65.37673],[-143.8965,65.37706],[-143.89739,65.37675],[-143.89835,65.37694],[-143.89854,65.37727],[-143.89922,65.37751],[-143.89974,65.37838],[-143.89926,65.37855],[-143.89931,65.37952],[-143.89777,65.38022],[-143.89739,65.38063],[-143.89801,65.38119],[-143.89727,65.38263],[-143.89953,65.38261],[-143.90102,65.38233],[-143.90313,65.38161],[-143.90485,65.38055],[-143.90522,65.3801],[-143.90513,65.37977],[-143.90686,65.37983],[-143.90934,65.38086],[-143.90918,65.38048],[-143.9094,65.38014],[-143.90929,65.37967],[-143.90957,65.37942],[-143.91029,65.37989],[-143.91191,65.38057],[-143.91315,65.38053],[-143.91646,65.38102],[-143.91673,65.38076],[-143.91741,65.38073],[-143.9195,65.38104],[-143.91963,65.38138],[-143.92025,65.38185],[-143.92163,65.38249],[-143.92196,65.38263],[-143.92328,65.38233],[-143.92367,65.38253],[-143.92388,65.38291],[-143.92445,65.38325],[-143.92547,65.38306],[-143.92576,65.38269],[-143.92655,65.38277],[-143.92747,65.38327],[-143.92848,65.38345],[-143.92966,65.38413],[-143.93014,65.38451],[-143.93095,65.38552],[-143.93134,65.38579],[-143.93307,65.38532],[-143.93461,65.38545],[-143.93595,65.38493],[-143.93707,65.38489],[-143.93735,65.38434],[-143.93737,65.38394],[-143.93882,65.38437],[-143.93918,65.38473],[-143.93997,65.3846],[-143.94094,65.38487],[-143.94148,65.38473],[-143.94149,65.38442],[-143.94183,65.3842],[-143.94362,65.38406],[-143.94456,65.38436],[-143.94506,65.38434],[-143.94452,65.38392],[-143.94154,65.38366],[-143.94209,65.38355],[-143.94177,65.38339],[-143.94031,65.38324],[-143.93931,65.38282],[-143.94208,65.38304],[-143.94399,65.38356],[-143.94418,65.38338],[-143.94461,65.38333],[-143.94547,65.3835],[-143.94552,65.38321],[-143.94439,65.38286],[-143.94385,65.38253],[-143.94633,65.38296],[-143.94851,65.38311],[-143.95026,65.3838],[-143.95221,65.38493],[-143.95236,65.38606],[-143.95221,65.38631],[-143.95236,65.38699],[-143.9521,65.38743],[-143.95101,65.38736],[-143.95119,65.38687],[-143.95091,65.38666],[-143.95051,65.38646],[-143.94932,65.38632],[-143.948,65.38638],[-143.94674,65.38671],[-143.94594,65.3872],[-143.94576,65.38754],[-143.94612,65.38796],[-143.94597,65.38842],[-143.94615,65.389],[-143.94736,65.38969],[-143.94767,65.39022],[-143.94671,65.39076],[-143.94449,65.39004],[-143.94363,65.38965],[-143.94316,65.38926],[-143.94269,65.38936],[-143.943,65.3904],[-143.94463,65.39097],[-143.945,65.39151],[-143.94564,65.39199],[-143.94645,65.39238],[-143.94661,65.39272],[-143.94593,65.39317],[-143.94512,65.39411],[-143.94492,65.39467],[-143.94439,65.39486],[-143.9408,65.39493],[-143.93989,65.39519],[-143.93946,65.39566],[-143.94072,65.39685],[-143.94026,65.39704],[-143.9396,65.39681],[-143.93812,65.39715],[-143.93973,65.39783],[-143.93897,65.39958],[-143.93943,65.40028],[-143.93924,65.40097],[-143.9372,65.40198],[-143.93629,65.40202],[-143.93518,65.40231],[-143.93515,65.40255],[-143.9355,65.40318],[-143.93617,65.40395],[-143.93757,65.40405],[-143.9401,65.40399],[-143.94041,65.40438],[-143.94011,65.40454],[-143.94019,65.40509],[-143.94091,65.40549],[-143.94159,65.40532],[-143.94201,65.40552],[-143.94034,65.40601],[-143.93937,65.40671],[-143.93859,65.40709],[-143.93725,65.40731],[-143.93658,65.40766],[-143.93686,65.40803],[-143.94121,65.40721],[-143.9424,65.40711],[-143.94329,65.40726],[-143.9444,65.40773],[-143.94488,65.40768],[-143.94539,65.40734],[-143.94642,65.4074],[-143.94788,65.40788],[-143.95023,65.4092],[-143.9498,65.4098],[-143.94934,65.40985],[-143.94771,65.40949],[-143.94225,65.41018],[-143.9408,65.4102],[-143.94034,65.41041],[-143.93852,65.40992],[-143.93729,65.40994],[-143.936,65.41044],[-143.9372,65.41073],[-143.93888,65.41071],[-143.93791,65.4114],[-143.93719,65.41168],[-143.93563,65.41186],[-143.9316,65.41203],[-143.92946,65.41171],[-143.92896,65.4118],[-143.92905,65.41212],[-143.92716,65.41211],[-143.92559,65.41183],[-143.92421,65.41219],[-143.92534,65.41259],[-143.92473,65.41355],[-143.92523,65.41424],[-143.92751,65.41431],[-143.9281,65.41457],[-143.92736,65.41492],[-143.92734,65.41534],[-143.92961,65.41536],[-143.93106,65.41553],[-143.93137,65.4158],[-143.93081,65.41644],[-143.93222,65.41726],[-143.93334,65.41758],[-143.93674,65.41809],[-143.93716,65.41832],[-143.93746,65.41869],[-143.93728,65.41879],[-143.93625,65.41867],[-143.9349,65.41919],[-143.93447,65.4189],[-143.93445,65.41843],[-143.93427,65.41806],[-143.93342,65.41794],[-143.93027,65.41883],[-143.9301,65.41917],[-143.92934,65.41979],[-143.92923,65.41956],[-143.92933,65.41928],[-143.92907,65.41906],[-143.92798,65.4198],[-143.9281,65.42027],[-143.92867,65.42043],[-143.93041,65.42046],[-143.93393,65.42027],[-143.9369,65.42054],[-143.93715,65.42075],[-143.93908,65.42154],[-143.93914,65.42193],[-143.94223,65.42213],[-143.94348,65.42255],[-143.9443,65.42325],[-143.94372,65.42398],[-143.94384,65.42431],[-143.94598,65.42446],[-143.94684,65.4252],[-143.94686,65.42535],[-143.94613,65.42604],[-143.94617,65.42659],[-143.94681,65.42709],[-143.94798,65.42735],[-143.94842,65.42724],[-143.95061,65.42842],[-143.95139,65.42927],[-143.95072,65.42967],[-143.95154,65.42994],[-143.95275,65.43061],[-143.95295,65.43132],[-143.95075,65.43198],[-143.94977,65.43302],[-143.9547,65.43361],[-143.95552,65.4342],[-143.95636,65.43442],[-143.95828,65.43462],[-143.95974,65.43444],[-143.96027,65.43454],[-143.96091,65.43479],[-143.9605,65.43505],[-143.95942,65.43534],[-143.95916,65.43553],[-143.95929,65.43582],[-143.95985,65.43616],[-143.96013,65.43618],[-143.96116,65.4359],[-143.96228,65.43577],[-143.96358,65.43617],[-143.96389,65.43666],[-143.96444,65.43716],[-143.96497,65.43743],[-143.96554,65.43747],[-143.96715,65.43705],[-143.96811,65.43721],[-143.96765,65.4374],[-143.96729,65.43785],[-143.96675,65.43806],[-143.96481,65.43832],[-143.96418,65.43828],[-143.96408,65.43801],[-143.96359,65.43775],[-143.95989,65.43752],[-143.95778,65.43758],[-143.95712,65.43817],[-143.95766,65.43857],[-143.9584,65.43887],[-143.95845,65.43907],[-143.95777,65.43974],[-143.96019,65.44017],[-143.95984,65.44043],[-143.95932,65.44042],[-143.95745,65.44],[-143.95497,65.43982],[-143.9538,65.4399],[-143.95443,65.44017],[-143.95455,65.4404],[-143.95407,65.44058],[-143.95244,65.44037],[-143.95229,65.43991],[-143.95121,65.43947],[-143.95056,65.43941],[-143.94914,65.43941],[-143.94754,65.43991],[-143.94549,65.43997],[-143.94519,65.44027],[-143.94406,65.4407],[-143.94393,65.44093],[-143.94609,65.44114],[-143.94685,65.44169],[-143.94622,65.44209],[-143.94742,65.44253],[-143.94692,65.44283],[-143.94595,65.44297],[-143.94306,65.44278],[-143.94327,65.44219],[-143.94289,65.44164],[-143.94148,65.44139],[-143.94078,65.44158],[-143.94005,65.44239],[-143.93873,65.44259],[-143.9391,65.44212],[-143.93836,65.44202],[-143.93678,65.44218],[-143.93484,65.44196],[-143.93173,65.44227],[-143.92858,65.44198],[-143.92829,65.44126],[-143.92648,65.44051],[-143.92529,65.44035],[-143.92358,65.44033],[-143.9227,65.43999],[-143.92218,65.43922],[-143.92481,65.43785],[-143.92409,65.43774],[-143.92165,65.43791],[-143.92006,65.4374],[-143.92038,65.43703],[-143.91905,65.43691],[-143.9155,65.43602],[-143.91193,65.43593],[-143.90983,65.43535],[-143.90857,65.43451],[-143.90648,65.43454],[-143.90579,65.43421],[-143.90411,65.43501],[-143.90218,65.43515],[-143.89811,65.43485],[-143.89648,65.43531],[-143.89647,65.43687],[-143.89611,65.43711],[-143.89488,65.43747],[-143.89543,65.43788],[-143.89445,65.43836],[-143.89247,65.43857],[-143.89235,65.4389],[-143.892,65.43895],[-143.89173,65.43952],[-143.8903,65.43976],[-143.88993,65.44008],[-143.89022,65.44013],[-143.89017,65.44041],[-143.88745,65.4409],[-143.88701,65.44111],[-143.88422,65.44122],[-143.88307,65.44156],[-143.88366,65.44187],[-143.88311,65.44227],[-143.88288,65.44269],[-143.88372,65.44303],[-143.88892,65.4434],[-143.89028,65.44415],[-143.89011,65.44439],[-143.88845,65.44434],[-143.88588,65.44401],[-143.88527,65.44437],[-143.88414,65.4446],[-143.88381,65.44486],[-143.88302,65.44493],[-143.88217,65.44549],[-143.88278,65.4457],[-143.88534,65.44569],[-143.88438,65.44526],[-143.8853,65.44526],[-143.88632,65.44554],[-143.88646,65.44605],[-143.88719,65.44623],[-143.88979,65.44583],[-143.89027,65.44593],[-143.88912,65.44674],[-143.88844,65.44688],[-143.88768,65.4473],[-143.88362,65.44886],[-143.88338,65.44916],[-143.88348,65.44945],[-143.88299,65.44959],[-143.88005,65.4496],[-143.87932,65.44942],[-143.87956,65.44919],[-143.87971,65.44879],[-143.87944,65.44852],[-143.87827,65.44834],[-143.87779,65.44842],[-143.87724,65.44884],[-143.87562,65.4491],[-143.87527,65.44951],[-143.87479,65.44971],[-143.87304,65.44964],[-143.87044,65.44883],[-143.86884,65.44812],[-143.86756,65.44791],[-143.8682,65.44757],[-143.86772,65.44746],[-143.86548,65.44745],[-143.86446,65.44728],[-143.86334,65.44749],[-143.8629,65.44782],[-143.86397,65.44829],[-143.86386,65.44858],[-143.86275,65.44876],[-143.86205,65.44903],[-143.86187,65.44931],[-143.86389,65.45036],[-143.86395,65.45049],[-143.86246,65.45107],[-143.86247,65.4517],[-143.86358,65.45194],[-143.8637,65.45237],[-143.86503,65.45247],[-143.86494,65.45228],[-143.86601,65.45156],[-143.86584,65.45127],[-143.86518,65.45099],[-143.866,65.45083],[-143.8674,65.45115],[-143.8673,65.45153],[-143.86815,65.45151],[-143.86872,65.45128],[-143.86913,65.45158],[-143.87027,65.45177],[-143.86984,65.45194],[-143.86795,65.45185],[-143.86697,65.45243],[-143.866,65.45246],[-143.86577,65.45265],[-143.86639,65.45312],[-143.86366,65.4527],[-143.86063,65.45309],[-143.85702,65.45329],[-143.85575,65.45348],[-143.85423,65.45402],[-143.85328,65.45397],[-143.85276,65.45419],[-143.85208,65.45428],[-143.85125,65.45404],[-143.84967,65.45386],[-143.84928,65.4536],[-143.8494,65.45339],[-143.8513,65.45314],[-143.85216,65.45266],[-143.85475,65.45249],[-143.85582,65.45231],[-143.85626,65.45209],[-143.85557,65.45191],[-143.85398,65.45186],[-143.85208,65.45211],[-143.84866,65.45279],[-143.84759,65.45232],[-143.84731,65.452],[-143.84742,65.45159],[-143.847,65.45109],[-143.84534,65.4506],[-143.83916,65.45037],[-143.83704,65.45059],[-143.83587,65.45048],[-143.8346,65.45013],[-143.83202,65.44995],[-143.83003,65.4501],[-143.82818,65.45085],[-143.82638,65.451],[-143.82534,65.45076],[-143.82361,65.45064],[-143.82095,65.45089],[-143.82088,65.45054],[-143.82058,65.45037],[-143.81962,65.45047],[-143.81718,65.44993],[-143.81642,65.44991],[-143.81488,65.45005],[-143.81557,65.45058],[-143.81482,65.45088],[-143.81403,65.45085],[-143.81078,65.45149],[-143.81075,65.45124],[-143.81182,65.45074],[-143.81224,65.45005],[-143.81296,65.44982],[-143.81426,65.44989],[-143.81538,65.44968],[-143.8156,65.44943],[-143.81528,65.44899],[-143.81446,65.4487],[-143.81418,65.44815],[-143.81637,65.44722],[-143.81654,65.44698],[-143.81484,65.4468],[-143.81312,65.44701],[-143.81285,65.44741],[-143.81132,65.44749],[-143.81077,65.44728],[-143.81096,65.44692],[-143.81209,65.4466],[-143.81234,65.44631],[-143.81163,65.44606],[-143.81027,65.44614],[-143.80934,65.4464],[-143.808,65.44653],[-143.80791,65.44634],[-143.80639,65.44611],[-143.80548,65.44566],[-143.80515,65.44536],[-143.80646,65.44507],[-143.80628,65.4447],[-143.80561,65.44455],[-143.80456,65.44477],[-143.80392,65.44444],[-143.80158,65.44417],[-143.80077,65.44396],[-143.80068,65.44377],[-143.80124,65.44325],[-143.802,65.44313],[-143.80326,65.4432],[-143.80449,65.44303],[-143.8045,65.44278],[-143.80378,65.44266],[-143.8008,65.4428],[-143.79984,65.44323],[-143.79902,65.44339],[-143.79827,65.44379],[-143.79832,65.4443],[-143.79873,65.44459],[-143.79851,65.44466],[-143.79774,65.44424],[-143.79708,65.44363],[-143.79622,65.44324],[-143.79482,65.44302],[-143.79413,65.44338],[-143.79396,65.44373],[-143.79402,65.44409],[-143.79506,65.44432],[-143.7941,65.44453],[-143.79429,65.44489],[-143.79364,65.44522],[-143.79308,65.44513],[-143.79311,65.44537],[-143.7918,65.44553],[-143.79163,65.44524],[-143.79336,65.44361],[-143.79369,65.44293],[-143.79366,65.44269],[-143.79312,65.44264],[-143.79089,65.44313],[-143.79063,65.44326],[-143.79069,65.44356],[-143.78934,65.4436],[-143.79046,65.44393],[-143.79039,65.44412],[-143.78875,65.44393],[-143.78869,65.44423],[-143.78834,65.44419],[-143.78782,65.4435],[-143.7873,65.44336],[-143.78702,65.44298],[-143.78618,65.44273],[-143.78578,65.44227],[-143.78444,65.44196],[-143.7798,65.44035],[-143.7799,65.43988],[-143.77958,65.43946],[-143.77908,65.43919],[-143.77868,65.43928],[-143.77891,65.43973],[-143.77888,65.44003],[-143.77829,65.4399],[-143.77808,65.4397],[-143.77654,65.43943],[-143.77526,65.43866],[-143.77374,65.43843],[-143.77281,65.43847],[-143.77289,65.43911],[-143.77243,65.43948],[-143.77134,65.4396],[-143.77183,65.44033],[-143.77154,65.44048],[-143.771,65.44009],[-143.77087,65.4398],[-143.77108,65.43955],[-143.77181,65.43941],[-143.77215,65.43916],[-143.77222,65.43887],[-143.77167,65.43871],[-143.77164,65.43858],[-143.77213,65.43813],[-143.77233,65.43769],[-143.76983,65.43729],[-143.76823,65.43719],[-143.76771,65.43685],[-143.76663,65.43685],[-143.76692,65.43617],[-143.76612,65.43595],[-143.7656,65.43553],[-143.7646,65.43541],[-143.76435,65.43565],[-143.76505,65.43593],[-143.7652,65.43617],[-143.76413,65.43614],[-143.7638,65.43593],[-143.7639,65.43567],[-143.76416,65.4353],[-143.76466,65.43493],[-143.7641,65.43449],[-143.76343,65.43423],[-143.76306,65.43414],[-143.76303,65.43444],[-143.76196,65.43506],[-143.76127,65.43455],[-143.76112,65.4342],[-143.76117,65.43385],[-143.76147,65.43359],[-143.76309,65.43299],[-143.76371,65.43295],[-143.76375,65.43328],[-143.76437,65.43334],[-143.76608,65.43283],[-143.76696,65.43231],[-143.7677,65.43204],[-143.77015,65.43224],[-143.77052,65.432],[-143.76912,65.43168],[-143.76807,65.43126],[-143.76713,65.4312],[-143.76665,65.43086],[-143.76625,65.43032],[-143.76479,65.42931],[-143.76235,65.43025],[-143.75567,65.43084],[-143.75124,65.431],[-143.7513,65.43116],[-143.75038,65.43138],[-143.74846,65.43136],[-143.74747,65.43166],[-143.74623,65.43121],[-143.74535,65.43109],[-143.74501,65.43147],[-143.74295,65.43174],[-143.74234,65.43196],[-143.73832,65.43199],[-143.73784,65.43176],[-143.73795,65.43158],[-143.73827,65.43147],[-143.73771,65.43104],[-143.73804,65.43091],[-143.73902,65.43098],[-143.74022,65.43077],[-143.74069,65.43048],[-143.74064,65.43008],[-143.74225,65.43005],[-143.74422,65.43036],[-143.74976,65.42959],[-143.75001,65.42947],[-143.74984,65.42916],[-143.74995,65.42898],[-143.75054,65.429],[-143.75121,65.42883],[-143.75209,65.42818],[-143.75188,65.42778],[-143.75445,65.42798],[-143.75621,65.42855],[-143.76051,65.42861],[-143.76177,65.42837],[-143.76285,65.42836],[-143.76436,65.42799],[-143.76504,65.42767],[-143.76427,65.42758],[-143.76265,65.42771],[-143.76119,65.4269],[-143.76113,65.42664],[-143.76229,65.42632],[-143.76292,65.42646],[-143.76435,65.42648],[-143.76413,65.42622],[-143.76303,65.42596],[-143.76185,65.4261],[-143.76062,65.42608],[-143.76007,65.42637],[-143.7602,65.4273],[-143.75964,65.4273],[-143.75823,65.42687],[-143.7576,65.42631],[-143.75945,65.4261],[-143.76129,65.42569],[-143.75728,65.42524],[-143.7566,65.42501],[-143.75408,65.42522],[-143.75326,65.42516],[-143.75115,65.42459],[-143.75006,65.42449],[-143.74979,65.42467]]],[[[-143.7788,65.44262],[-143.7802,65.44199],[-143.78055,65.44223],[-143.78107,65.44235],[-143.78207,65.44302],[-143.78085,65.44304],[-143.78026,65.4427],[-143.77972,65.44265],[-143.77904,65.44284],[-143.77824,65.44284],[-143.77782,65.44299],[-143.77814,65.4431],[-143.77786,65.44321],[-143.77655,65.44286],[-143.77686,65.44266],[-143.7788,65.44262]]],[[[-143.80212,65.44725],[-143.80109,65.44677],[-143.80083,65.4463],[-143.80012,65.44604],[-143.80015,65.44564],[-143.79949,65.44524],[-143.8001,65.44468],[-143.80072,65.44475],[-143.80069,65.44505],[-143.80121,65.44537],[-143.80206,65.44546],[-143.80294,65.44578],[-143.8026,65.44596],[-143.80241,65.44625],[-143.80276,65.44649],[-143.80462,65.4471],[-143.80434,65.44731],[-143.80212,65.44725]]]]},"properties":{"fire_id":"ufid:2025-AKUYD-000249","source_collection":"history-2025","source_objectid":46876,"incident_name":"Takoma","mapped_acres":19889.1,"mapped_acres_source":"poly_GISAcres","gis_acres":19889.1,"auto_acres":19889.02407025288,"reported_acres":19889.1,"percent_contained":null,"state":"AK","state_wfigs":"US-AK","county":"Yukon-Koyukuk","discovery_time_utc":"2025-06-20T16:34:11Z","perimeter_time_utc":"2025-10-07T08:29:18Z","perimeter_edit_time_utc":null,"incident_modified_time_utc":"2025-10-01T16:20:05Z","containment_time_utc":null,"control_time_utc":null,"fire_out_time_utc":"2025-10-02T00:00:00Z","fire_cause":"Natural","fire_cause_general":"Natural","map_method":"Image Interpretation","source_dataset":"FFP","unique_fire_identifier":"2025-AKUYD-000249","irwin_id":"{20B4D3E8-BA9A-405C-BF75-DA23EA9C704F}","global_id":"bb6c3838-ad26-406f-a3b7-588b6708dbcd"}},{"type":"Feature","geometry":{"type":"MultiPolygon","coordinates":[[[[-144.42689,65.61071],[-144.42839,65.61161],[-144.43106,65.61292],[-144.43204,65.61261],[-144.43385,65.61362],[-144.43442,65.61416],[-144.43371,65.61519],[-144.43301,65.61553],[-144.42995,65.61474],[-144.42813,65.61461],[-144.42342,65.61482],[-144.42077,65.61537],[-144.41852,65.61648],[-144.41616,65.61836],[-144.41453,65.61948],[-144.41457,65.62047],[-144.41534,65.62157],[-144.41602,65.62206],[-144.41496,65.6229],[-144.4156,65.6237],[-144.41624,65.6241],[-144.41376,65.6252],[-144.41228,65.62568],[-144.41154,65.62557],[-144.41004,65.6259],[-144.40949,65.6268],[-144.40911,65.627],[-144.40773,65.62717],[-144.40695,65.62741],[-144.40294,65.62717],[-144.40145,65.62743],[-144.40091,65.62788],[-144.40062,65.62853],[-144.39622,65.63087],[-144.39492,65.63194],[-144.39337,65.63281],[-144.3929,65.63393],[-144.39415,65.63609],[-144.39382,65.63703],[-144.3924,65.63733],[-144.39058,65.6368],[-144.39026,65.63659],[-144.39117,65.63601],[-144.39114,65.63543],[-144.39025,65.63464],[-144.38924,65.63509],[-144.38847,65.63597],[-144.38827,65.63654],[-144.38783,65.6367],[-144.38697,65.63627],[-144.38401,65.6359],[-144.38159,65.63617],[-144.37936,65.63744],[-144.37961,65.63806],[-144.37764,65.63881],[-144.37084,65.64055],[-144.37012,65.64105],[-144.36977,65.64269],[-144.3692,65.64343],[-144.36753,65.64422],[-144.36673,65.64475],[-144.36678,65.64527],[-144.36758,65.64583],[-144.36992,65.64578],[-144.36958,65.64521],[-144.36952,65.64473],[-144.37013,65.64476],[-144.37129,65.64519],[-144.37243,65.6457],[-144.37259,65.64744],[-144.37016,65.64807],[-144.36791,65.64886],[-144.36738,65.64926],[-144.36647,65.65095],[-144.36454,65.65115],[-144.35915,65.65108],[-144.35513,65.65193],[-144.35491,65.65256],[-144.35515,65.65301],[-144.35475,65.65416],[-144.35635,65.65518],[-144.3581,65.65572],[-144.3592,65.65626],[-144.36045,65.6565],[-144.36288,65.65648],[-144.36837,65.65679],[-144.37007,65.65733],[-144.36972,65.65917],[-144.36526,65.66112],[-144.36442,65.66209],[-144.36358,65.6628],[-144.36396,65.66481],[-144.36351,65.66607],[-144.36398,65.6667],[-144.36096,65.66682],[-144.35957,65.66655],[-144.35818,65.66556],[-144.35473,65.66508],[-144.35072,65.66593],[-144.34893,65.66534],[-144.34814,65.66478],[-144.34855,65.66362],[-144.34727,65.66322],[-144.34436,65.66169],[-144.34169,65.65934],[-144.33688,65.65892],[-144.33574,65.65714],[-144.33295,65.65524],[-144.33178,65.65515],[-144.33043,65.65433],[-144.33068,65.65302],[-144.32947,65.65182],[-144.32785,65.6512],[-144.3258,65.6511],[-144.32471,65.65081],[-144.32421,65.65034],[-144.32474,65.64926],[-144.32475,65.64769],[-144.32045,65.64495],[-144.31324,65.64195],[-144.30621,65.63486],[-144.30111,65.62916],[-144.30069,65.62915],[-144.29932,65.62869],[-144.2985,65.62814],[-144.29633,65.62506],[-144.29703,65.62269],[-144.29791,65.62216],[-144.29798,65.62104],[-144.2976,65.61998],[-144.29569,65.61849],[-144.29405,65.61753],[-144.29421,65.61663],[-144.29165,65.61466],[-144.28567,65.61353],[-144.28347,65.61251],[-144.28442,65.61104],[-144.28605,65.61042],[-144.28565,65.61011],[-144.28601,65.60993],[-144.28463,65.60876],[-144.28504,65.60816],[-144.28552,65.60652],[-144.28601,65.60585],[-144.28682,65.60508],[-144.28276,65.60461],[-144.28082,65.60313],[-144.27928,65.60169],[-144.27768,65.60052],[-144.27464,65.59684],[-144.27476,65.59641],[-144.2741,65.59513],[-144.27336,65.59265],[-144.27177,65.59082],[-144.26916,65.5893],[-144.27084,65.58865],[-144.27121,65.58803],[-144.26785,65.5851],[-144.26661,65.58426],[-144.26446,65.58335],[-144.26629,65.58321],[-144.26755,65.5829],[-144.26882,65.58237],[-144.26925,65.58182],[-144.27003,65.58136],[-144.27249,65.58074],[-144.27595,65.57906],[-144.27454,65.57869],[-144.27302,65.57862],[-144.27304,65.57834],[-144.27428,65.57723],[-144.2743,65.57675],[-144.27378,65.57627],[-144.26994,65.57619],[-144.26879,65.57683],[-144.26859,65.57739],[-144.26868,65.57778],[-144.26797,65.57783],[-144.26769,65.5773],[-144.26598,65.57714],[-144.26567,65.57757],[-144.26618,65.5783],[-144.26695,65.57873],[-144.26596,65.57979],[-144.26471,65.5794],[-144.2636,65.57926],[-144.26198,65.57945],[-144.2607,65.57851],[-144.2593,65.57724],[-144.25385,65.5754],[-144.25212,65.5744],[-144.25209,65.57362],[-144.25128,65.57329],[-144.25158,65.5718],[-144.2499,65.5709],[-144.24948,65.57055],[-144.2502,65.57027],[-144.25062,65.56972],[-144.25138,65.56913],[-144.25196,65.569],[-144.253,65.56932],[-144.25416,65.56955],[-144.25448,65.56951],[-144.25489,65.56902],[-144.25503,65.5682],[-144.25582,65.56815],[-144.25672,65.56896],[-144.25879,65.56935],[-144.25949,65.56866],[-144.26075,65.56794],[-144.26286,65.56637],[-144.26355,65.56552],[-144.26517,65.5653],[-144.2657,65.5651],[-144.26507,65.56471],[-144.2652,65.56434],[-144.26364,65.56459],[-144.26271,65.56441],[-144.26036,65.56426],[-144.25969,65.56441],[-144.26045,65.5651],[-144.26027,65.5656],[-144.25932,65.56545],[-144.25855,65.56502],[-144.25741,65.56476],[-144.25714,65.56442],[-144.25917,65.56371],[-144.26035,65.56365],[-144.26112,65.56344],[-144.2615,65.56302],[-144.26297,65.56237],[-144.26374,65.56236],[-144.26461,65.56209],[-144.26531,65.56165],[-144.26774,65.56132],[-144.26868,65.56106],[-144.26948,65.56056],[-144.26959,65.56002],[-144.26912,65.55939],[-144.26965,65.559],[-144.27063,65.55884],[-144.27131,65.55888],[-144.2727,65.55954],[-144.27356,65.55972],[-144.2738,65.56057],[-144.27293,65.56148],[-144.27322,65.56198],[-144.27372,65.56229],[-144.27579,65.56255],[-144.27498,65.56311],[-144.27684,65.56374],[-144.27858,65.56339],[-144.27991,65.56293],[-144.28214,65.56185],[-144.28239,65.56135],[-144.28226,65.56086],[-144.2839,65.55949],[-144.28329,65.55855],[-144.28343,65.55792],[-144.28393,65.55744],[-144.28371,65.55692],[-144.28282,65.55599],[-144.2831,65.55543],[-144.28445,65.55456],[-144.28653,65.55353],[-144.2876,65.55315],[-144.28956,65.55286],[-144.29081,65.55296],[-144.29158,65.55375],[-144.29351,65.55384],[-144.29381,65.55298],[-144.29508,65.55238],[-144.29637,65.55242],[-144.29741,65.55154],[-144.29852,65.55141],[-144.30085,65.5508],[-144.30573,65.55012],[-144.30635,65.55067],[-144.30579,65.55134],[-144.30603,65.55197],[-144.30342,65.55366],[-144.30076,65.55475],[-144.30153,65.55514],[-144.30462,65.55415],[-144.3053,65.55325],[-144.30843,65.55162],[-144.31002,65.55127],[-144.3122,65.55129],[-144.31335,65.55214],[-144.31041,65.55358],[-144.31053,65.55421],[-144.3077,65.55499],[-144.30688,65.556],[-144.30639,65.55687],[-144.30841,65.55657],[-144.30881,65.55636],[-144.31159,65.55609],[-144.31323,65.55562],[-144.31352,65.55502],[-144.31379,65.55379],[-144.31544,65.55305],[-144.32001,65.55231],[-144.32201,65.55058],[-144.32352,65.54975],[-144.32613,65.55089],[-144.32809,65.55108],[-144.3297,65.55044],[-144.33134,65.54949],[-144.33044,65.5472],[-144.33012,65.54678],[-144.33032,65.54623],[-144.33126,65.54599],[-144.33218,65.54621],[-144.33385,65.54606],[-144.33771,65.5469],[-144.33965,65.54668],[-144.34062,65.5458],[-144.34368,65.54588],[-144.34607,65.54579],[-144.35013,65.54604],[-144.35191,65.5455],[-144.35188,65.54493],[-144.34854,65.54443],[-144.3482,65.54378],[-144.35029,65.54352],[-144.35074,65.54284],[-144.35452,65.54158],[-144.35298,65.53965],[-144.3522,65.53956],[-144.35066,65.53903],[-144.35002,65.5384],[-144.34888,65.5386],[-144.34929,65.53945],[-144.34719,65.53894],[-144.34646,65.53958],[-144.34637,65.53984],[-144.34544,65.53943],[-144.34451,65.53964],[-144.3435,65.53925],[-144.34245,65.5396],[-144.34241,65.54014],[-144.34125,65.54077],[-144.33873,65.54122],[-144.3368,65.54208],[-144.33452,65.54255],[-144.33227,65.54272],[-144.33079,65.54091],[-144.33146,65.53993],[-144.33257,65.53909],[-144.33418,65.53844],[-144.33702,65.53777],[-144.34056,65.53741],[-144.34151,65.5372],[-144.34479,65.53743],[-144.34582,65.53713],[-144.34652,65.53676],[-144.34661,65.53611],[-144.34654,65.53531],[-144.34601,65.53498],[-144.34443,65.53521],[-144.34182,65.5349],[-144.33975,65.53549],[-144.33785,65.53582],[-144.33407,65.53621],[-144.33217,65.53702],[-144.33108,65.53711],[-144.32342,65.53667],[-144.32235,65.53647],[-144.32011,65.53498],[-144.32142,65.53452],[-144.32028,65.53337],[-144.32072,65.53259],[-144.32367,65.53206],[-144.32736,65.53174],[-144.33318,65.53091],[-144.33627,65.5311],[-144.33684,65.53139],[-144.33954,65.53182],[-144.34054,65.53144],[-144.33812,65.53078],[-144.33827,65.53017],[-144.33787,65.52967],[-144.33407,65.52776],[-144.33379,65.52734],[-144.33406,65.5265],[-144.33303,65.52638],[-144.33024,65.5268],[-144.32725,65.52677],[-144.32615,65.52664],[-144.32661,65.52616],[-144.3284,65.52595],[-144.32968,65.52555],[-144.33128,65.52547],[-144.33377,65.52571],[-144.33584,65.52625],[-144.34,65.52657],[-144.34533,65.52642],[-144.34743,65.52692],[-144.35265,65.52781],[-144.35599,65.52801],[-144.35928,65.52882],[-144.36368,65.52926],[-144.36622,65.52897],[-144.36779,65.52846],[-144.36962,65.52901],[-144.37313,65.52784],[-144.374,65.52789],[-144.3719,65.52925],[-144.37084,65.53064],[-144.37179,65.53188],[-144.37263,65.53345],[-144.37102,65.53418],[-144.36882,65.53473],[-144.36799,65.53607],[-144.36871,65.53689],[-144.37316,65.53805],[-144.3764,65.54042],[-144.37733,65.54184],[-144.37836,65.54279],[-144.37909,65.54301],[-144.38132,65.54313],[-144.38401,65.54276],[-144.38631,65.54387],[-144.38912,65.54448],[-144.39139,65.54435],[-144.39307,65.54452],[-144.3951,65.54508],[-144.39542,65.54597],[-144.39529,65.54649],[-144.39354,65.54718],[-144.39086,65.5475],[-144.38943,65.54872],[-144.3885,65.54934],[-144.38839,65.55047],[-144.38913,65.55119],[-144.39117,65.55212],[-144.39172,65.5526],[-144.39116,65.5533],[-144.39139,65.55447],[-144.39247,65.55505],[-144.39315,65.55593],[-144.39466,65.5568],[-144.38968,65.55769],[-144.38711,65.55886],[-144.38679,65.56027],[-144.38278,65.56255],[-144.38235,65.56359],[-144.38255,65.56452],[-144.37971,65.56513],[-144.37893,65.56602],[-144.37772,65.56699],[-144.37772,65.56765],[-144.37835,65.56842],[-144.38119,65.56912],[-144.38473,65.56904],[-144.38595,65.56923],[-144.38537,65.56985],[-144.38433,65.57059],[-144.38435,65.57119],[-144.38524,65.57149],[-144.38708,65.5724],[-144.38823,65.57245],[-144.38878,65.57173],[-144.3902,65.57199],[-144.38961,65.57251],[-144.39113,65.57284],[-144.39362,65.57256],[-144.39481,65.57282],[-144.39513,65.57408],[-144.39604,65.57532],[-144.39633,65.57654],[-144.39626,65.57679],[-144.39774,65.57729],[-144.39927,65.5776],[-144.4025,65.57755],[-144.40688,65.57789],[-144.40899,65.57852],[-144.40969,65.5792],[-144.40996,65.57974],[-144.40857,65.58039],[-144.40769,65.58123],[-144.40629,65.5819],[-144.40604,65.58244],[-144.4047,65.5826],[-144.40265,65.58243],[-144.40115,65.58188],[-144.40027,65.58139],[-144.39858,65.58121],[-144.39769,65.58143],[-144.39773,65.58182],[-144.39626,65.58168],[-144.39474,65.58111],[-144.39203,65.58127],[-144.38733,65.58099],[-144.38669,65.58136],[-144.38857,65.58192],[-144.3892,65.58238],[-144.38949,65.58299],[-144.39135,65.5833],[-144.39196,65.58246],[-144.39449,65.5824],[-144.39746,65.58325],[-144.39964,65.58404],[-144.40125,65.58411],[-144.40497,65.58366],[-144.40403,65.58416],[-144.40224,65.58461],[-144.40288,65.58479],[-144.40548,65.58454],[-144.40618,65.58552],[-144.40777,65.58601],[-144.41082,65.58646],[-144.41076,65.58713],[-144.41165,65.58842],[-144.41154,65.58848],[-144.41163,65.59065],[-144.41226,65.59151],[-144.41593,65.59239],[-144.4148,65.59261],[-144.41631,65.5928],[-144.41942,65.59274],[-144.42057,65.59247],[-144.42133,65.59179],[-144.42346,65.59107],[-144.42598,65.59239],[-144.42519,65.59331],[-144.42352,65.59422],[-144.42399,65.59556],[-144.42444,65.59578],[-144.42361,65.5968],[-144.42306,65.5972],[-144.42466,65.59882],[-144.42565,65.59932],[-144.42707,65.59928],[-144.4284,65.59898],[-144.43314,65.59846],[-144.43432,65.59858],[-144.43499,65.59884],[-144.43572,65.59978],[-144.43691,65.60038],[-144.43622,65.60068],[-144.43132,65.6],[-144.42832,65.60021],[-144.42643,65.6006],[-144.423,65.60204],[-144.42295,65.60224],[-144.42318,65.6031],[-144.4241,65.60396],[-144.42239,65.60353],[-144.42128,65.60341],[-144.41826,65.60364],[-144.4171,65.60393],[-144.41588,65.60451],[-144.41515,65.60618],[-144.41528,65.60626],[-144.41489,65.60717],[-144.41354,65.60835],[-144.41377,65.60938],[-144.41483,65.6102],[-144.41554,65.61057],[-144.41801,65.61033],[-144.42406,65.61023],[-144.42605,65.61042],[-144.42607,65.61021],[-144.42473,65.60992],[-144.42421,65.6096],[-144.42427,65.60915],[-144.42534,65.6092],[-144.42662,65.6099],[-144.42695,65.61029],[-144.42689,65.61071]]],[[[-144.41898,65.60761],[-144.41858,65.60714],[-144.41864,65.6066],[-144.41883,65.60635],[-144.41968,65.60621],[-144.42099,65.60624],[-144.42129,65.60659],[-144.42132,65.60705],[-144.42175,65.60729],[-144.42321,65.60729],[-144.42363,65.60714],[-144.42385,65.60767],[-144.42424,65.60798],[-144.42397,65.60826],[-144.42357,65.60838],[-144.42102,65.6084],[-144.41898,65.60761]]]]},"properties":{"fire_id":"ufid:2025-AKUYD-000243","source_collection":"history-2025","source_objectid":46877,"incident_name":"Turtle","mapped_acres":16337.33,"mapped_acres_source":"poly_GISAcres","gis_acres":16337.33,"auto_acres":16337.268290510045,"reported_acres":16337.32,"percent_contained":null,"state":"AK","state_wfigs":"US-AK","county":"Yukon-Koyukuk","discovery_time_utc":"2025-06-20T05:32:00Z","perimeter_time_utc":"2025-10-07T08:32:35Z","perimeter_edit_time_utc":null,"incident_modified_time_utc":"2025-08-08T20:26:02Z","containment_time_utc":null,"control_time_utc":null,"fire_out_time_utc":"2025-10-02T00:00:00Z","fire_cause":"Natural","fire_cause_general":"Natural","map_method":"Image Interpretation","source_dataset":"FFP","unique_fire_identifier":"2025-AKUYD-000243","irwin_id":"{A224676A-B13F-4189-ABBB-667139A20621}","global_id":"8b6f1223-d1a6-4cf6-ab7d-cbe2515afa46"}},{"type":"Feature","geometry":{"type":"Polygon","coordinates":[[[-142.24824,65.44714],[-142.2492,65.44727],[-142.24988,65.4476],[-142.24941,65.44806],[-142.24875,65.44821],[-142.24645,65.44806],[-142.24585,65.44783],[-142.24379,65.44766],[-142.24415,65.44703],[-142.24394,65.4466],[-142.24372,65.44682],[-142.24131,65.44695],[-142.24114,65.44673],[-142.24186,65.44626],[-142.24278,65.44632],[-142.24322,65.4459],[-142.24312,65.44541],[-142.24265,65.44534],[-142.2427,65.44513],[-142.24173,65.44505],[-142.24081,65.44566],[-142.24016,65.44628],[-142.23967,65.44639],[-142.23935,65.44622],[-142.23939,65.44582],[-142.23917,65.44564],[-142.23813,65.44573],[-142.23791,65.44553],[-142.23784,65.44507],[-142.23919,65.44486],[-142.23921,65.44443],[-142.24079,65.4444],[-142.24159,65.44446],[-142.24207,65.44464],[-142.24285,65.44445],[-142.24111,65.44402],[-142.24064,65.44352],[-142.24061,65.44302],[-142.2425,65.44324],[-142.24382,65.44305],[-142.24427,65.44229],[-142.24239,65.44118],[-142.24184,65.44105],[-142.24196,65.44086],[-142.2435,65.44063],[-142.24401,65.44036],[-142.24336,65.44004],[-142.2433,65.43978],[-142.24114,65.43963],[-142.23963,65.43929],[-142.23797,65.43971],[-142.23564,65.43944],[-142.23471,65.43917],[-142.23455,65.43874],[-142.23496,65.4383],[-142.23542,65.43803],[-142.23483,65.43788],[-142.23208,65.43771],[-142.2317,65.43757],[-142.22994,65.43771],[-142.23053,65.43837],[-142.23116,65.43882],[-142.22945,65.43936],[-142.22874,65.43999],[-142.22767,65.44025],[-142.22718,65.44007],[-142.22747,65.43987],[-142.22746,65.43967],[-142.22667,65.43986],[-142.22588,65.43967],[-142.22551,65.4394],[-142.22577,65.43902],[-142.22564,65.43891],[-142.22442,65.43874],[-142.22425,65.43851],[-142.22538,65.43787],[-142.22437,65.43664],[-142.22382,65.43668],[-142.22214,65.43734],[-142.22129,65.43707],[-142.2213,65.4368],[-142.22251,65.43601],[-142.22238,65.43581],[-142.22173,65.43604],[-142.22103,65.4365],[-142.22061,65.43656],[-142.2194,65.43614],[-142.21755,65.43413],[-142.21663,65.43377],[-142.21687,65.4333],[-142.21653,65.43279],[-142.21671,65.43241],[-142.21744,65.43233],[-142.21762,65.43242],[-142.21839,65.432],[-142.2185,65.43182],[-142.21827,65.43152],[-142.21906,65.43118],[-142.21926,65.4312],[-142.21912,65.43181],[-142.2196,65.43228],[-142.22092,65.43237],[-142.22202,65.43274],[-142.22203,65.43303],[-142.22246,65.43301],[-142.22282,65.4328],[-142.22278,65.43262],[-142.22202,65.43212],[-142.22175,65.43165],[-142.22001,65.43073],[-142.21895,65.42975],[-142.21773,65.42928],[-142.21736,65.42861],[-142.21482,65.42774],[-142.21553,65.42725],[-142.21424,65.42679],[-142.21382,65.42647],[-142.21476,65.42627],[-142.21556,65.42628],[-142.21552,65.42611],[-142.21594,65.42606],[-142.21532,65.42582],[-142.21521,65.42569],[-142.21537,65.42555],[-142.21385,65.42528],[-142.21242,65.42525],[-142.21138,65.42548],[-142.21059,65.42575],[-142.21036,65.42596],[-142.20904,65.4262],[-142.20791,65.42662],[-142.20783,65.42675],[-142.20819,65.42705],[-142.20688,65.42722],[-142.20673,65.42734],[-142.20696,65.4275],[-142.20682,65.42773],[-142.20663,65.42775],[-142.20635,65.42756],[-142.20565,65.42739],[-142.20546,65.42718],[-142.2056,65.42692],[-142.20534,65.4267],[-142.20515,65.42612],[-142.2028,65.42564],[-142.20142,65.42574],[-142.20076,65.42612],[-142.1999,65.42595],[-142.1991,65.42627],[-142.19741,65.42656],[-142.19705,65.42679],[-142.19256,65.42711],[-142.1922,65.42737],[-142.19161,65.42746],[-142.19022,65.42727],[-142.18886,65.4274],[-142.18868,65.42786],[-142.18654,65.42751],[-142.18589,65.42727],[-142.18768,65.42699],[-142.18802,65.42674],[-142.18825,65.42586],[-142.18635,65.42584],[-142.18607,65.42616],[-142.18559,65.42624],[-142.18482,65.42591],[-142.18473,65.42567],[-142.18517,65.42547],[-142.18534,65.42523],[-142.1845,65.42485],[-142.18463,65.42447],[-142.18562,65.42434],[-142.18593,65.4242],[-142.1857,65.42399],[-142.18656,65.42346],[-142.18711,65.42341],[-142.18756,65.42316],[-142.18775,65.42261],[-142.18739,65.42222],[-142.18651,65.4218],[-142.18384,65.42243],[-142.18446,65.42181],[-142.1858,65.42112],[-142.18561,65.42023],[-142.18592,65.41945],[-142.1856,65.41917],[-142.18519,65.41937],[-142.1842,65.41918],[-142.18339,65.41849],[-142.18402,65.41787],[-142.18413,65.41748],[-142.18325,65.41735],[-142.17996,65.4176],[-142.1797,65.41839],[-142.17778,65.41917],[-142.17754,65.42008],[-142.1794,65.42123],[-142.1787,65.42186],[-142.17737,65.42162],[-142.17632,65.42091],[-142.17567,65.41976],[-142.17366,65.41862],[-142.1718,65.41794],[-142.17085,65.41733],[-142.17039,65.41673],[-142.16936,65.41481],[-142.17118,65.41375],[-142.17133,65.41307],[-142.16752,65.4141],[-142.16482,65.41339],[-142.16428,65.4135],[-142.16419,65.41436],[-142.16151,65.41493],[-142.1598,65.41442],[-142.1594,65.41403],[-142.16051,65.41393],[-142.1618,65.4131],[-142.16276,65.4127],[-142.16302,65.41227],[-142.16289,65.4119],[-142.16265,65.41147],[-142.1598,65.41128],[-142.16164,65.41032],[-142.16368,65.41008],[-142.16473,65.41096],[-142.16534,65.41119],[-142.16826,65.41123],[-142.16806,65.41071],[-142.16933,65.41074],[-142.16968,65.40993],[-142.169,65.40869],[-142.16732,65.40644],[-142.16695,65.40549],[-142.1657,65.40507],[-142.166,65.40437],[-142.16844,65.40396],[-142.16906,65.4036],[-142.17169,65.40287],[-142.1748,65.40274],[-142.17364,65.40516],[-142.17413,65.40566],[-142.17529,65.40513],[-142.17616,65.40443],[-142.176,65.4042],[-142.17595,65.40345],[-142.17633,65.40275],[-142.17768,65.40226],[-142.17774,65.40114],[-142.17927,65.40042],[-142.18147,65.39849],[-142.183,65.39765],[-142.18403,65.3976],[-142.184,65.39818],[-142.18507,65.39829],[-142.18517,65.39889],[-142.1848,65.39957],[-142.18556,65.40035],[-142.18605,65.40109],[-142.18617,65.40208],[-142.1855,65.40317],[-142.18715,65.40472],[-142.18555,65.40675],[-142.18615,65.40733],[-142.18721,65.40724],[-142.18856,65.40653],[-142.18712,65.40614],[-142.18754,65.40566],[-142.18811,65.40568],[-142.1893,65.40672],[-142.19043,65.40693],[-142.19065,65.40757],[-142.19066,65.40823],[-142.19192,65.40858],[-142.19192,65.4079],[-142.1932,65.40762],[-142.19375,65.40816],[-142.19697,65.40866],[-142.19733,65.40831],[-142.19877,65.40798],[-142.19942,65.40765],[-142.20148,65.40741],[-142.20214,65.40772],[-142.20275,65.4077],[-142.20081,65.40839],[-142.20059,65.40867],[-142.20087,65.40891],[-142.20249,65.40933],[-142.20365,65.40912],[-142.20405,65.40879],[-142.2043,65.40827],[-142.20386,65.4071],[-142.20398,65.40674],[-142.20375,65.40655],[-142.20286,65.40673],[-142.20228,65.40665],[-142.20255,65.40632],[-142.2025,65.40593],[-142.20144,65.40544],[-142.20117,65.4052],[-142.20144,65.40486],[-142.20122,65.40456],[-142.19963,65.40481],[-142.19929,65.40515],[-142.19871,65.40532],[-142.19849,65.40576],[-142.1986,65.4061],[-142.19917,65.40647],[-142.19916,65.40664],[-142.19737,65.40734],[-142.1967,65.40729],[-142.1967,65.40705],[-142.19565,65.40605],[-142.19502,65.40598],[-142.19478,65.40565],[-142.19519,65.40514],[-142.19613,65.40457],[-142.19607,65.40427],[-142.1962,65.40396],[-142.19699,65.40383],[-142.19711,65.40346],[-142.19685,65.40312],[-142.19628,65.40313],[-142.19556,65.40341],[-142.19541,65.40359],[-142.19469,65.40358],[-142.19364,65.40388],[-142.19378,65.40348],[-142.19586,65.40277],[-142.19589,65.40234],[-142.19542,65.40217],[-142.19496,65.40171],[-142.19484,65.40147],[-142.19496,65.40121],[-142.19375,65.39962],[-142.19302,65.40129],[-142.1929,65.40241],[-142.1918,65.40348],[-142.19192,65.40457],[-142.19302,65.40536],[-142.1932,65.40615],[-142.19259,65.40678],[-142.19112,65.40564],[-142.18905,65.40477],[-142.1885,65.40429],[-142.18795,65.40345],[-142.18795,65.40261],[-142.1866,65.40065],[-142.18648,65.40014],[-142.18758,65.40007],[-142.18978,65.4003],[-142.19088,65.39992],[-142.191,65.39938],[-142.18972,65.39829],[-142.18996,65.39783],[-142.19161,65.39862],[-142.19259,65.39862],[-142.193,65.39843],[-142.19336,65.39774],[-142.19283,65.39689],[-142.19117,65.39705],[-142.19029,65.39669],[-142.19002,65.39637],[-142.19051,65.39585],[-142.19255,65.39551],[-142.19353,65.39559],[-142.19487,65.39586],[-142.19605,65.3964],[-142.19648,65.39692],[-142.19662,65.39733],[-142.19506,65.39853],[-142.19584,65.3991],[-142.19645,65.399],[-142.19655,65.39865],[-142.19752,65.39867],[-142.1986,65.39788],[-142.20056,65.3975],[-142.20108,65.39725],[-142.20226,65.39751],[-142.20325,65.39735],[-142.20341,65.39705],[-142.20535,65.39628],[-142.20552,65.39633],[-142.20524,65.39706],[-142.20558,65.39729],[-142.206,65.39734],[-142.20686,65.39711],[-142.20637,65.39677],[-142.20609,65.3961],[-142.20675,65.39575],[-142.20775,65.39562],[-142.21007,65.39485],[-142.21204,65.39326],[-142.21374,65.39279],[-142.21337,65.39232],[-142.21649,65.39222],[-142.2171,65.39245],[-142.21725,65.39294],[-142.21677,65.39305],[-142.21502,65.39298],[-142.21704,65.39394],[-142.21755,65.39392],[-142.2181,65.39417],[-142.21989,65.39405],[-142.22115,65.39414],[-142.22193,65.39475],[-142.22233,65.39491],[-142.22394,65.39513],[-142.22446,65.3954],[-142.22527,65.39542],[-142.22546,65.39528],[-142.22533,65.39521],[-142.2263,65.39516],[-142.22551,65.39464],[-142.22571,65.3944],[-142.22688,65.39432],[-142.22696,65.39398],[-142.22501,65.39389],[-142.22364,65.3943],[-142.22299,65.39425],[-142.22259,65.39379],[-142.22185,65.39334],[-142.22209,65.39267],[-142.22366,65.39233],[-142.22664,65.39229],[-142.22652,65.39156],[-142.22596,65.39115],[-142.22637,65.39097],[-142.22775,65.39089],[-142.22836,65.39],[-142.22906,65.38991],[-142.23059,65.38995],[-142.23078,65.39039],[-142.23098,65.392],[-142.23135,65.39285],[-142.23118,65.39341],[-142.23168,65.39468],[-142.2304,65.39609],[-142.22973,65.39707],[-142.22806,65.39663],[-142.22652,65.39574],[-142.22556,65.39584],[-142.22546,65.39601],[-142.22761,65.39747],[-142.22771,65.39769],[-142.22641,65.39778],[-142.22632,65.39805],[-142.22853,65.39937],[-142.22836,65.39977],[-142.22847,65.40004],[-142.22889,65.40015],[-142.22896,65.40053],[-142.22982,65.40191],[-142.23021,65.40186],[-142.23037,65.40149],[-142.23002,65.40128],[-142.23012,65.40113],[-142.23051,65.4011],[-142.23091,65.40127],[-142.23094,65.40165],[-142.23126,65.40195],[-142.23132,65.40217],[-142.23123,65.40266],[-142.23274,65.40347],[-142.23419,65.40342],[-142.23566,65.40317],[-142.2339,65.40278],[-142.23527,65.40234],[-142.23507,65.40209],[-142.23524,65.40198],[-142.23648,65.40197],[-142.23751,65.40217],[-142.23766,65.40233],[-142.23879,65.40266],[-142.24221,65.40291],[-142.24294,65.40263],[-142.24236,65.40212],[-142.24219,65.4018],[-142.24312,65.40151],[-142.24266,65.40114],[-142.24244,65.40063],[-142.24246,65.40014],[-142.24281,65.39991],[-142.2436,65.39976],[-142.24298,65.39966],[-142.24253,65.39911],[-142.24255,65.39823],[-142.2396,65.39722],[-142.23923,65.3969],[-142.2399,65.39658],[-142.24006,65.39629],[-142.23888,65.39573],[-142.2375,65.39577],[-142.23595,65.3955],[-142.23598,65.39578],[-142.23574,65.39612],[-142.2343,65.39595],[-142.23406,65.39577],[-142.23424,65.39565],[-142.2344,65.39513],[-142.23473,65.39493],[-142.23503,65.39431],[-142.23479,65.39415],[-142.23393,65.39437],[-142.2333,65.3943],[-142.23268,65.39376],[-142.23294,65.39353],[-142.23366,65.39336],[-142.23533,65.39222],[-142.23466,65.39179],[-142.23481,65.39137],[-142.23478,65.39062],[-142.23528,65.39071],[-142.23565,65.39134],[-142.23628,65.3917],[-142.24158,65.39021],[-142.24137,65.38985],[-142.24081,65.38942],[-142.24002,65.38939],[-142.23838,65.38989],[-142.23586,65.39003],[-142.23561,65.38979],[-142.23585,65.38962],[-142.23437,65.38967],[-142.23371,65.38945],[-142.23315,65.38905],[-142.23295,65.38922],[-142.2323,65.38898],[-142.23155,65.38755],[-142.23132,65.38735],[-142.23071,65.38739],[-142.23052,65.38775],[-142.23031,65.38722],[-142.23096,65.38688],[-142.23091,65.38655],[-142.23167,65.38611],[-142.23158,65.38535],[-142.23206,65.38534],[-142.23339,65.38608],[-142.23376,65.38571],[-142.2343,65.38624],[-142.23411,65.38674],[-142.23425,65.38745],[-142.23466,65.3879],[-142.23465,65.3882],[-142.23526,65.38862],[-142.23474,65.38874],[-142.23475,65.38915],[-142.23513,65.38944],[-142.23604,65.38949],[-142.2362,65.38937],[-142.23609,65.38898],[-142.23666,65.38868],[-142.23704,65.38787],[-142.23703,65.38715],[-142.23679,65.38667],[-142.23759,65.38606],[-142.23733,65.38454],[-142.23788,65.38383],[-142.23828,65.38382],[-142.23814,65.38339],[-142.23857,65.38334],[-142.23914,65.38349],[-142.23977,65.38385],[-142.23981,65.38406],[-142.24157,65.38591],[-142.2424,65.38657],[-142.24317,65.38665],[-142.24559,65.38779],[-142.24557,65.38712],[-142.24515,65.38621],[-142.24451,65.38554],[-142.24396,65.38548],[-142.24372,65.38569],[-142.24306,65.38552],[-142.24271,65.38517],[-142.24255,65.38472],[-142.24124,65.38366],[-142.24202,65.38353],[-142.24262,65.38317],[-142.24324,65.38304],[-142.24559,65.38346],[-142.24619,65.38345],[-142.24643,65.38311],[-142.24617,65.38284],[-142.2467,65.38271],[-142.24775,65.38305],[-142.24776,65.38355],[-142.2475,65.38356],[-142.24731,65.38372],[-142.24811,65.3845],[-142.24779,65.38585],[-142.24801,65.38621],[-142.24745,65.38693],[-142.24679,65.3875],[-142.24636,65.38844],[-142.24623,65.38929],[-142.2512,65.39003],[-142.25074,65.39031],[-142.24756,65.3905],[-142.24747,65.39077],[-142.24935,65.39158],[-142.25039,65.39218],[-142.25212,65.39363],[-142.25348,65.3943],[-142.25377,65.39399],[-142.25296,65.3936],[-142.25281,65.39322],[-142.25295,65.39304],[-142.25359,65.39315],[-142.25419,65.39352],[-142.25455,65.39356],[-142.25503,65.39342],[-142.25488,65.39302],[-142.25361,65.39245],[-142.2521,65.392],[-142.25288,65.39165],[-142.25389,65.3915],[-142.25273,65.3909],[-142.25301,65.39052],[-142.2553,65.39035],[-142.25585,65.39002],[-142.2563,65.38994],[-142.25665,65.38941],[-142.25843,65.38916],[-142.25886,65.38888],[-142.25934,65.38833],[-142.25887,65.38769],[-142.25975,65.38756],[-142.259,65.38695],[-142.26011,65.38671],[-142.25982,65.3865],[-142.26048,65.38599],[-142.2618,65.38577],[-142.26391,65.38667],[-142.26427,65.38642],[-142.26417,65.38608],[-142.2645,65.38596],[-142.26546,65.38638],[-142.26586,65.38617],[-142.26553,65.38592],[-142.26562,65.38564],[-142.26768,65.38561],[-142.26932,65.3854],[-142.27031,65.3856],[-142.2704,65.38574],[-142.2691,65.38613],[-142.26846,65.38652],[-142.26851,65.387],[-142.26833,65.38713],[-142.26837,65.38725],[-142.2695,65.38778],[-142.27029,65.38858],[-142.27006,65.38994],[-142.26949,65.39105],[-142.26947,65.39146],[-142.26974,65.39173],[-142.26738,65.39148],[-142.26698,65.39175],[-142.268,65.39247],[-142.26725,65.39313],[-142.26744,65.39342],[-142.26812,65.39368],[-142.26869,65.39425],[-142.26813,65.39425],[-142.26783,65.39441],[-142.26821,65.3949],[-142.26878,65.39604],[-142.26983,65.39644],[-142.27044,65.39691],[-142.27034,65.39712],[-142.27164,65.39733],[-142.27219,65.39767],[-142.27092,65.39805],[-142.27157,65.39831],[-142.27351,65.39805],[-142.27615,65.39809],[-142.27659,65.39823],[-142.27547,65.39886],[-142.27391,65.39917],[-142.27459,65.39922],[-142.27612,65.39919],[-142.27895,65.39848],[-142.27959,65.39861],[-142.27964,65.39886],[-142.27882,65.3993],[-142.27454,65.39993],[-142.27624,65.4001],[-142.27648,65.40027],[-142.2789,65.40067],[-142.27928,65.40088],[-142.27811,65.40129],[-142.27792,65.40162],[-142.27918,65.40175],[-142.28146,65.40156],[-142.2819,65.40134],[-142.28367,65.40132],[-142.28482,65.40116],[-142.28542,65.40144],[-142.28534,65.40184],[-142.28363,65.40239],[-142.28065,65.4021],[-142.27887,65.40207],[-142.27978,65.40258],[-142.27973,65.40283],[-142.27892,65.40332],[-142.27896,65.40341],[-142.28146,65.40342],[-142.28221,65.40356],[-142.28152,65.40388],[-142.28096,65.40433],[-142.28269,65.40435],[-142.28601,65.4047],[-142.2882,65.40466],[-142.28795,65.40495],[-142.28621,65.40554],[-142.28655,65.40591],[-142.28786,65.4066],[-142.28875,65.40662],[-142.28957,65.40644],[-142.29245,65.40618],[-142.29266,65.40638],[-142.29241,65.40673],[-142.29089,65.40697],[-142.29137,65.40751],[-142.29202,65.40765],[-142.29272,65.40752],[-142.29422,65.40696],[-142.29702,65.40733],[-142.29678,65.40823],[-142.29772,65.40888],[-142.29827,65.40953],[-142.29908,65.40984],[-142.30012,65.40973],[-142.30049,65.40948],[-142.30244,65.40939],[-142.30237,65.40966],[-142.30158,65.4102],[-142.30346,65.41016],[-142.30454,65.41038],[-142.30468,65.41088],[-142.30308,65.41147],[-142.30337,65.41191],[-142.30598,65.41263],[-142.30475,65.41287],[-142.30509,65.41318],[-142.30792,65.41359],[-142.30629,65.41445],[-142.30554,65.41469],[-142.30473,65.41524],[-142.30355,65.41557],[-142.30218,65.41571],[-142.29921,65.41543],[-142.29891,65.41474],[-142.29643,65.41409],[-142.29587,65.41378],[-142.29591,65.41359],[-142.29531,65.41356],[-142.29533,65.41404],[-142.29521,65.41432],[-142.29497,65.41447],[-142.29438,65.4142],[-142.29325,65.4141],[-142.29243,65.4137],[-142.29205,65.41305],[-142.29146,65.41321],[-142.29076,65.41292],[-142.29004,65.41236],[-142.29002,65.4119],[-142.28951,65.41166],[-142.28868,65.41157],[-142.28822,65.41131],[-142.28814,65.411],[-142.28703,65.41124],[-142.28661,65.41152],[-142.28588,65.41139],[-142.28512,65.41155],[-142.28574,65.41193],[-142.28468,65.41216],[-142.28391,65.41255],[-142.28525,65.41298],[-142.28617,65.41305],[-142.28674,65.41233],[-142.28817,65.41245],[-142.28979,65.41325],[-142.29096,65.41366],[-142.29193,65.41446],[-142.29375,65.41538],[-142.29388,65.41692],[-142.29511,65.4168],[-142.29517,65.41653],[-142.29562,65.41629],[-142.29694,65.41617],[-142.29779,65.41642],[-142.29864,65.41615],[-142.30013,65.41623],[-142.30071,65.41642],[-142.30056,65.41677],[-142.30115,65.4171],[-142.30143,65.41749],[-142.30061,65.41808],[-142.30011,65.41862],[-142.30126,65.41918],[-142.30219,65.41868],[-142.30438,65.41822],[-142.30629,65.41813],[-142.30919,65.41714],[-142.3108,65.41682],[-142.31233,65.41661],[-142.31658,65.41685],[-142.31701,65.41697],[-142.31686,65.41731],[-142.31533,65.41785],[-142.30766,65.41918],[-142.30817,65.41953],[-142.30972,65.41968],[-142.31054,65.42004],[-142.31178,65.42013],[-142.31364,65.42002],[-142.31463,65.42052],[-142.31579,65.42086],[-142.31608,65.42141],[-142.31671,65.42174],[-142.31681,65.42222],[-142.31727,65.42258],[-142.31725,65.42274],[-142.31563,65.42388],[-142.31492,65.42401],[-142.31441,65.42388],[-142.31448,65.42341],[-142.31423,65.42317],[-142.31353,65.42298],[-142.3099,65.42282],[-142.30741,65.42232],[-142.30567,65.42223],[-142.30528,65.42265],[-142.30405,65.42315],[-142.30163,65.42356],[-142.29769,65.42171],[-142.29639,65.42098],[-142.29461,65.42079],[-142.29661,65.42052],[-142.29875,65.41999],[-142.29947,65.42014],[-142.29984,65.41987],[-142.29936,65.41917],[-142.29887,65.41909],[-142.2973,65.4195],[-142.29685,65.41974],[-142.29701,65.41988],[-142.29666,65.42009],[-142.29567,65.4204],[-142.29451,65.42039],[-142.29272,65.41986],[-142.29042,65.41905],[-142.29024,65.41869],[-142.28751,65.41774],[-142.28691,65.41718],[-142.28668,65.41634],[-142.28632,65.41625],[-142.28556,65.41652],[-142.28527,65.41627],[-142.28628,65.4153],[-142.28199,65.41391],[-142.28169,65.41393],[-142.28207,65.41453],[-142.28168,65.41463],[-142.2802,65.41439],[-142.27956,65.41508],[-142.27885,65.41521],[-142.27721,65.4152],[-142.2758,65.41554],[-142.27652,65.41579],[-142.27702,65.41698],[-142.27704,65.41771],[-142.27559,65.41881],[-142.27525,65.41929],[-142.27437,65.41968],[-142.27417,65.41937],[-142.27428,65.41915],[-142.27284,65.4193],[-142.27171,65.41898],[-142.27184,65.41868],[-142.27235,65.41841],[-142.27308,65.41761],[-142.27316,65.41724],[-142.27257,65.41668],[-142.2717,65.41638],[-142.2699,65.4162],[-142.26636,65.41616],[-142.2629,65.41572],[-142.26264,65.41632],[-142.26385,65.41764],[-142.26479,65.41814],[-142.2657,65.4178],[-142.26703,65.41829],[-142.26632,65.41853],[-142.26675,65.41893],[-142.26835,65.41955],[-142.26832,65.41987],[-142.26772,65.41987],[-142.26736,65.42019],[-142.26845,65.42072],[-142.2687,65.42104],[-142.26864,65.42142],[-142.26761,65.42139],[-142.26687,65.42159],[-142.26645,65.42206],[-142.26766,65.42206],[-142.26826,65.42228],[-142.2685,65.42274],[-142.26804,65.42319],[-142.26732,65.42345],[-142.26641,65.42354],[-142.26632,65.42375],[-142.26869,65.42431],[-142.2691,65.42509],[-142.26942,65.42536],[-142.26937,65.4262],[-142.26859,65.42659],[-142.26833,65.42699],[-142.2691,65.42712],[-142.26934,65.42737],[-142.26839,65.42776],[-142.26555,65.42794],[-142.26429,65.42842],[-142.26292,65.42859],[-142.26277,65.42871],[-142.26333,65.42981],[-142.2634,65.4302],[-142.26244,65.43045],[-142.26264,65.43103],[-142.26307,65.43159],[-142.2633,65.43172],[-142.26379,65.43168],[-142.26445,65.43116],[-142.26702,65.43093],[-142.26691,65.43125],[-142.26752,65.43194],[-142.26754,65.43217],[-142.26928,65.43188],[-142.2718,65.43214],[-142.27359,65.43216],[-142.27565,65.43184],[-142.27572,65.43125],[-142.27595,65.43092],[-142.27798,65.43002],[-142.28028,65.42935],[-142.28336,65.42977],[-142.28353,65.43011],[-142.28291,65.4306],[-142.28076,65.43136],[-142.27947,65.43115],[-142.27857,65.43121],[-142.27641,65.43199],[-142.27661,65.43237],[-142.27787,65.43242],[-142.27789,65.43259],[-142.27744,65.4329],[-142.27387,65.4331],[-142.27211,65.43369],[-142.26945,65.43436],[-142.26786,65.43594],[-142.26826,65.43646],[-142.26882,65.43612],[-142.26883,65.43566],[-142.26963,65.43521],[-142.27038,65.43526],[-142.27094,65.43611],[-142.27148,65.43655],[-142.27198,65.43645],[-142.27213,65.43621],[-142.27362,65.43627],[-142.27334,65.43669],[-142.27354,65.43699],[-142.27388,65.43705],[-142.27306,65.438],[-142.27068,65.43744],[-142.27041,65.43756],[-142.27076,65.43802],[-142.27028,65.43902],[-142.27192,65.44002],[-142.27235,65.44062],[-142.27303,65.44106],[-142.2737,65.4409],[-142.27502,65.44113],[-142.27655,65.44097],[-142.27703,65.44059],[-142.27606,65.4405],[-142.27594,65.4395],[-142.276,65.43916],[-142.27633,65.43882],[-142.27579,65.43847],[-142.27563,65.43819],[-142.27716,65.43816],[-142.27876,65.43892],[-142.27913,65.43966],[-142.27916,65.44065],[-142.2817,65.44082],[-142.28185,65.44112],[-142.28289,65.44135],[-142.28015,65.44176],[-142.27884,65.44172],[-142.27675,65.44135],[-142.27588,65.44148],[-142.27517,65.44185],[-142.27497,65.44219],[-142.27387,65.44209],[-142.27256,65.44173],[-142.27217,65.44189],[-142.27196,65.44216],[-142.2706,65.44223],[-142.27055,65.44267],[-142.26991,65.44289],[-142.26944,65.44323],[-142.266,65.44378],[-142.26517,65.4424],[-142.26482,65.4414],[-142.26362,65.43906],[-142.26213,65.43805],[-142.26174,65.438],[-142.26166,65.43754],[-142.26123,65.43726],[-142.26015,65.43733],[-142.26,65.43673],[-142.25984,65.43656],[-142.25849,65.43629],[-142.25746,65.43633],[-142.25867,65.43598],[-142.25962,65.4359],[-142.25922,65.43512],[-142.25833,65.43505],[-142.25678,65.43461],[-142.25538,65.43403],[-142.25464,65.43426],[-142.25506,65.43456],[-142.25618,65.43493],[-142.25667,65.4355],[-142.25573,65.43631],[-142.2545,65.43693],[-142.25408,65.43642],[-142.25392,65.43518],[-142.2538,65.43495],[-142.25344,65.4348],[-142.2533,65.43449],[-142.25357,65.4343],[-142.25374,65.43356],[-142.25254,65.43345],[-142.25144,65.43281],[-142.25118,65.43237],[-142.25124,65.43197],[-142.25198,65.43175],[-142.25207,65.43152],[-142.25174,65.43135],[-142.25158,65.43103],[-142.25206,65.43061],[-142.25286,65.43082],[-142.25299,65.43136],[-142.25335,65.43183],[-142.25498,65.43139],[-142.25576,65.43141],[-142.25605,65.43127],[-142.25632,65.43086],[-142.25781,65.43033],[-142.2587,65.42982],[-142.25843,65.42921],[-142.25777,65.42931],[-142.257,65.42968],[-142.25586,65.42968],[-142.25597,65.42887],[-142.25573,65.42852],[-142.25608,65.42846],[-142.25607,65.42829],[-142.25559,65.42796],[-142.25396,65.42802],[-142.25326,65.42774],[-142.25334,65.42755],[-142.25498,65.42761],[-142.25541,65.42729],[-142.25553,65.42682],[-142.25512,65.42638],[-142.25521,65.42595],[-142.25312,65.42573],[-142.25244,65.4255],[-142.25249,65.42538],[-142.25314,65.42516],[-142.2536,65.42513],[-142.25405,65.42547],[-142.2556,65.42568],[-142.25605,65.42544],[-142.25631,65.42513],[-142.25643,65.42464],[-142.25749,65.42441],[-142.2578,65.42398],[-142.25592,65.42351],[-142.25591,65.42342],[-142.25663,65.42313],[-142.25769,65.4231],[-142.25774,65.42271],[-142.25708,65.42248],[-142.25662,65.42213],[-142.25568,65.42292],[-142.25451,65.42322],[-142.25053,65.42363],[-142.24959,65.42318],[-142.25007,65.42256],[-142.2499,65.42204],[-142.25049,65.42178],[-142.25204,65.42161],[-142.25366,65.42099],[-142.2529,65.42084],[-142.25066,65.42075],[-142.25017,65.42065],[-142.24988,65.42042],[-142.24889,65.4205],[-142.24851,65.42035],[-142.24827,65.41997],[-142.24673,65.41892],[-142.24649,65.41852],[-142.24662,65.41827],[-142.24657,65.4181],[-142.24634,65.41798],[-142.24641,65.41774],[-142.24692,65.41714],[-142.24662,65.41673],[-142.24673,65.41654],[-142.24649,65.41643],[-142.24576,65.41644],[-142.24563,65.41543],[-142.24455,65.41493],[-142.24293,65.41501],[-142.24267,65.41525],[-142.24355,65.41557],[-142.24321,65.41583],[-142.24334,65.41612],[-142.24419,65.41605],[-142.24397,65.41688],[-142.24345,65.41727],[-142.24332,65.41757],[-142.24225,65.41784],[-142.24215,65.41801],[-142.24346,65.41806],[-142.24403,65.41841],[-142.24367,65.41867],[-142.24434,65.41887],[-142.24462,65.41934],[-142.24648,65.41987],[-142.24596,65.42018],[-142.24543,65.42016],[-142.24494,65.42051],[-142.24563,65.42089],[-142.24719,65.4213],[-142.24765,65.4225],[-142.24828,65.42288],[-142.24821,65.42357],[-142.24859,65.42377],[-142.2485,65.42399],[-142.24931,65.42476],[-142.24922,65.42542],[-142.24944,65.42563],[-142.24909,65.42579],[-142.24902,65.42618],[-142.24926,65.42657],[-142.24921,65.42676],[-142.24905,65.42691],[-142.24854,65.42655],[-142.24806,65.4265],[-142.24767,65.42666],[-142.24779,65.42705],[-142.24897,65.42743],[-142.25051,65.42724],[-142.25196,65.42762],[-142.25232,65.42802],[-142.25237,65.42843],[-142.25275,65.42907],[-142.25244,65.42957],[-142.25183,65.42998],[-142.25112,65.43087],[-142.24969,65.43052],[-142.25004,65.43125],[-142.25071,65.43138],[-142.25065,65.43167],[-142.24985,65.43175],[-142.24829,65.43135],[-142.24738,65.43095],[-142.24593,65.43088],[-142.24558,65.43138],[-142.24668,65.43177],[-142.24737,65.43173],[-142.24835,65.43194],[-142.24803,65.4324],[-142.24948,65.43299],[-142.24965,65.43333],[-142.25143,65.43398],[-142.25126,65.4343],[-142.25242,65.43468],[-142.25256,65.43501],[-142.25315,65.43528],[-142.25309,65.43552],[-142.25266,65.43578],[-142.24898,65.43555],[-142.24764,65.43565],[-142.24712,65.43594],[-142.2472,65.43647],[-142.24972,65.43617],[-142.25208,65.43615],[-142.25218,65.43664],[-142.25195,65.43748],[-142.25205,65.43825],[-142.25182,65.43858],[-142.25299,65.4387],[-142.25363,65.43895],[-142.25334,65.44002],[-142.25277,65.44054],[-142.25241,65.44067],[-142.25295,65.44084],[-142.25151,65.44113],[-142.24981,65.44084],[-142.24903,65.4404],[-142.24762,65.4404],[-142.24683,65.44077],[-142.24738,65.44092],[-142.24728,65.44115],[-142.24604,65.44111],[-142.24578,65.44131],[-142.24631,65.44149],[-142.24663,65.44176],[-142.24752,65.44156],[-142.2482,65.44116],[-142.24969,65.44121],[-142.24956,65.44172],[-142.2482,65.4419],[-142.24818,65.44217],[-142.24788,65.44244],[-142.24879,65.44276],[-142.2501,65.44281],[-142.25165,65.44327],[-142.2514,65.44351],[-142.24993,65.44353],[-142.24955,65.44368],[-142.24943,65.44396],[-142.25029,65.44469],[-142.24943,65.44477],[-142.24563,65.44458],[-142.24538,65.44496],[-142.24635,65.44565],[-142.24803,65.4463],[-142.24824,65.44714]]]},"properties":{"fire_id":"ufid:2025-AKUYD-000184","source_collection":"history-2025","source_objectid":47091,"incident_name":"Kandik","mapped_acres":5327.808,"mapped_acres_source":"poly_GISAcres","gis_acres":5327.808,"auto_acres":5327.786633714882,"reported_acres":5327.81,"percent_contained":null,"state":"AK","state_wfigs":"US-AK","county":"Southeast Fairbanks","discovery_time_utc":"2025-06-18T19:58:25Z","perimeter_time_utc":"2025-10-09T22:21:13Z","perimeter_edit_time_utc":null,"incident_modified_time_utc":"2025-10-01T16:17:01Z","containment_time_utc":null,"control_time_utc":null,"fire_out_time_utc":"2025-10-02T00:00:00Z","fire_cause":"Natural","fire_cause_general":"Natural","map_method":"Image Interpretation","source_dataset":"FFP","unique_fire_identifier":"2025-AKUYD-000184","irwin_id":"{F872A2B5-082C-40A3-BE29-64E8188804C7}","global_id":"68efaa14-19db-4844-a700-8829f4a002fa"}},{"type":"Feature","geometry":{"type":"Polygon","coordinates":[[[-144.29352,65.92254],[-144.2924,65.92318],[-144.29328,65.92351],[-144.29446,65.92345],[-144.29635,65.92368],[-144.29877,65.92295],[-144.29786,65.92266],[-144.29676,65.92251],[-144.29666,65.92199],[-144.29773,65.92175],[-144.29805,65.92138],[-144.29715,65.92071],[-144.29624,65.92067],[-144.29618,65.92036],[-144.2964,65.91959],[-144.29767,65.91921],[-144.29873,65.91905],[-144.29873,65.91864],[-144.29889,65.91838],[-144.2998,65.91822],[-144.30025,65.91797],[-144.30083,65.91813],[-144.30129,65.91848],[-144.30142,65.91877],[-144.30358,65.91979],[-144.30378,65.92009],[-144.30371,65.92026],[-144.30316,65.92037],[-144.30245,65.92071],[-144.30083,65.92107],[-144.30067,65.92128],[-144.3031,65.92109],[-144.304,65.92069],[-144.30465,65.92084],[-144.30442,65.92127],[-144.30391,65.92149],[-144.30142,65.92216],[-144.30226,65.92256],[-144.30336,65.92285],[-144.3031,65.92311],[-144.30342,65.92344],[-144.30142,65.92396],[-144.2988,65.9242],[-144.2987,65.92429],[-144.29884,65.92447],[-144.29735,65.9253],[-144.29728,65.92578],[-144.29778,65.92589],[-144.30024,65.92579],[-144.30233,65.92691],[-144.30107,65.92808],[-144.29912,65.92889],[-144.29642,65.92909],[-144.29477,65.92963],[-144.29435,65.93008],[-144.29411,65.93062],[-144.29463,65.93109],[-144.29555,65.93127],[-144.29799,65.93142],[-144.29873,65.93231],[-144.29642,65.93213],[-144.29477,65.93246],[-144.29378,65.93316],[-144.29237,65.93342],[-144.29143,65.93344],[-144.28816,65.93403],[-144.28619,65.93415],[-144.28387,65.93382],[-144.2817,65.93421],[-144.28102,65.93475],[-144.28016,65.93515],[-144.27881,65.93529],[-144.27531,65.93524],[-144.27432,65.93537],[-144.27246,65.93526],[-144.27011,65.93625],[-144.26868,65.93658],[-144.26799,65.93701],[-144.26722,65.93726],[-144.26452,65.93751],[-144.26144,65.93687],[-144.2609,65.93645],[-144.26092,65.93537],[-144.26279,65.93297],[-144.26417,65.93193],[-144.26473,65.93008],[-144.26336,65.9292],[-144.26202,65.92853],[-144.2611,65.92828],[-144.26036,65.9277],[-144.25938,65.92736],[-144.25772,65.92786],[-144.25809,65.92842],[-144.25973,65.92937],[-144.25956,65.92972],[-144.25902,65.93014],[-144.25891,65.93044],[-144.25817,65.93044],[-144.25763,65.93095],[-144.25685,65.9313],[-144.25663,65.93172],[-144.25617,65.93161],[-144.25578,65.93135],[-144.25489,65.93116],[-144.25188,65.93117],[-144.25061,65.93101],[-144.24932,65.93053],[-144.24512,65.93039],[-144.24487,65.93027],[-144.24487,65.93008],[-144.2474,65.93004],[-144.24659,65.92976],[-144.24633,65.92942],[-144.24247,65.92914],[-144.2415,65.92876],[-144.23852,65.92799],[-144.23478,65.92749],[-144.23439,65.92764],[-144.23421,65.92802],[-144.23428,65.92882],[-144.23603,65.92937],[-144.23653,65.92978],[-144.23759,65.93008],[-144.23909,65.93078],[-144.2387,65.9312],[-144.23841,65.93177],[-144.23727,65.9321],[-144.2367,65.93247],[-144.2367,65.9328],[-144.23599,65.93295],[-144.23506,65.93279],[-144.23389,65.93207],[-144.23214,65.9318],[-144.23125,65.93133],[-144.2305,65.93135],[-144.22968,65.93156],[-144.22847,65.93095],[-144.22779,65.93091],[-144.22679,65.93119],[-144.22529,65.93111],[-144.2249,65.93095],[-144.22508,65.93066],[-144.22508,65.93031],[-144.2248,65.92995],[-144.2243,65.9297],[-144.22352,65.92955],[-144.22292,65.92872],[-144.22415,65.92868],[-144.2264,65.92917],[-144.22718,65.92906],[-144.22727,65.92852],[-144.22676,65.92817],[-144.22585,65.9282],[-144.22547,65.92796],[-144.22278,65.92765],[-144.22101,65.92583],[-144.21952,65.9253],[-144.21899,65.92472],[-144.21822,65.92352],[-144.2159,65.92214],[-144.21324,65.92098],[-144.21197,65.92094],[-144.21189,65.91999],[-144.21103,65.91968],[-144.20916,65.91936],[-144.20894,65.91894],[-144.20815,65.91846],[-144.20834,65.91817],[-144.21002,65.91788],[-144.21032,65.91753],[-144.21002,65.91732],[-144.21107,65.91601],[-144.21125,65.91532],[-144.21111,65.91494],[-144.21327,65.9141],[-144.21383,65.91341],[-144.21436,65.91306],[-144.21514,65.91293],[-144.21668,65.91293],[-144.21724,65.91313],[-144.21744,65.91339],[-144.21776,65.91351],[-144.21879,65.91504],[-144.21939,65.91558],[-144.22073,65.91594],[-144.22232,65.91664],[-144.22296,65.91677],[-144.22389,65.91729],[-144.22464,65.91715],[-144.22497,65.91673],[-144.22516,65.91613],[-144.22587,65.91566],[-144.22752,65.91633],[-144.22766,65.91664],[-144.22931,65.91674],[-144.23211,65.91776],[-144.23327,65.9186],[-144.23406,65.91891],[-144.23514,65.91955],[-144.23703,65.91979],[-144.23804,65.91946],[-144.23767,65.9189],[-144.23438,65.91733],[-144.2344,65.91671],[-144.23361,65.91605],[-144.22901,65.91523],[-144.22811,65.91489],[-144.22774,65.91428],[-144.22778,65.9137],[-144.22817,65.91346],[-144.22775,65.9118],[-144.22711,65.91072],[-144.22677,65.90962],[-144.22683,65.90943],[-144.22722,65.9093],[-144.22782,65.90862],[-144.22746,65.908],[-144.22755,65.90774],[-144.22729,65.90541],[-144.22568,65.90475],[-144.22542,65.90428],[-144.22669,65.90383],[-144.22722,65.90324],[-144.22729,65.90273],[-144.22804,65.90217],[-144.22778,65.9018],[-144.22845,65.90104],[-144.2283,65.9008],[-144.22881,65.90045],[-144.22896,65.89988],[-144.2285,65.89935],[-144.22741,65.89921],[-144.22444,65.89843],[-144.22444,65.898],[-144.22352,65.89754],[-144.22156,65.89708],[-144.22089,65.89635],[-144.21914,65.89594],[-144.21855,65.89604],[-144.21847,65.8964],[-144.21747,65.8963],[-144.21705,65.89589],[-144.21709,65.89549],[-144.21768,65.89469],[-144.21851,65.89404],[-144.22119,65.89401],[-144.22231,65.89377],[-144.22352,65.8937],[-144.22465,65.89382],[-144.22553,65.89427],[-144.22575,65.89464],[-144.22734,65.89603],[-144.23331,65.89786],[-144.23484,65.89809],[-144.23641,65.89785],[-144.2369,65.89744],[-144.23703,65.89708],[-144.23821,65.89632],[-144.23848,65.89557],[-144.23491,65.89481],[-144.2318,65.89442],[-144.22983,65.89401],[-144.22818,65.89317],[-144.22831,65.89081],[-144.22924,65.89002],[-144.22972,65.88878],[-144.22954,65.88817],[-144.22901,65.88797],[-144.22853,65.88824],[-144.22703,65.88827],[-144.22595,65.88811],[-144.22531,65.88788],[-144.22505,65.88745],[-144.2255,65.88672],[-144.2255,65.88632],[-144.22512,65.8858],[-144.22292,65.88508],[-144.22266,65.88444],[-144.22266,65.88383],[-144.22232,65.88323],[-144.22277,65.88296],[-144.22468,65.88259],[-144.22464,65.88215],[-144.22389,65.88186],[-144.22283,65.88168],[-144.22066,65.88027],[-144.22019,65.88016],[-144.21939,65.88074],[-144.21847,65.88049],[-144.21827,65.87998],[-144.21788,65.87986],[-144.21751,65.8787],[-144.21763,65.87846],[-144.21717,65.8781],[-144.21747,65.87732],[-144.21425,65.87677],[-144.21329,65.87585],[-144.21325,65.87545],[-144.21266,65.87491],[-144.21195,65.87464],[-144.21091,65.87487],[-144.20982,65.87487],[-144.2099,65.87446],[-144.21037,65.8739],[-144.21014,65.87308],[-144.20577,65.87123],[-144.2049,65.87117],[-144.20339,65.87037],[-144.20197,65.8692],[-144.20142,65.86891],[-144.20138,65.86856],[-144.2018,65.86842],[-144.20264,65.86844],[-144.20343,65.86789],[-144.20347,65.86762],[-144.20447,65.86792],[-144.20493,65.86857],[-144.20594,65.86893],[-144.20744,65.86893],[-144.2079,65.86867],[-144.2097,65.86826],[-144.21066,65.86789],[-144.21078,65.8675],[-144.21155,65.86702],[-144.21174,65.86671],[-144.21151,65.86652],[-144.21144,65.8662],[-144.2101,65.86549],[-144.2101,65.8652],[-144.21256,65.8654],[-144.21324,65.86569],[-144.21578,65.86591],[-144.21623,65.86632],[-144.21701,65.86652],[-144.21731,65.86482],[-144.21656,65.86383],[-144.21659,65.8634],[-144.21723,65.86234],[-144.21717,65.86194],[-144.21417,65.86028],[-144.21309,65.85891],[-144.21215,65.85889],[-144.21208,65.85868],[-144.21396,65.85807],[-144.21433,65.85777],[-144.21383,65.85733],[-144.21467,65.85701],[-144.21663,65.85689],[-144.21964,65.85648],[-144.22089,65.85535],[-144.22083,65.85514],[-144.2217,65.85462],[-144.22269,65.85464],[-144.22367,65.85511],[-144.22307,65.85563],[-144.22292,65.856],[-144.22415,65.8562],[-144.22509,65.85605],[-144.22531,65.85472],[-144.22561,65.8542],[-144.22686,65.85395],[-144.22836,65.8529],[-144.22957,65.85112],[-144.23138,65.85064],[-144.23209,65.85096],[-144.2327,65.85167],[-144.23377,65.85238],[-144.23416,65.85214],[-144.23438,65.85155],[-144.23531,65.85157],[-144.23694,65.85244],[-144.23816,65.8521],[-144.23726,65.85156],[-144.23769,65.8506],[-144.23844,65.85045],[-144.23485,65.84959],[-144.23131,65.84947],[-144.23123,65.84882],[-144.23053,65.84817],[-144.2299,65.84808],[-144.22963,65.84825],[-144.22683,65.84821],[-144.22602,65.84832],[-144.22762,65.84945],[-144.2251,65.85025],[-144.22258,65.85009],[-144.22026,65.84832],[-144.21878,65.84742],[-144.21884,65.84703],[-144.21495,65.84398],[-144.21308,65.8432],[-144.20908,65.84084],[-144.2076,65.84044],[-144.20619,65.83976],[-144.20499,65.83898],[-144.20394,65.83863],[-144.20519,65.83842],[-144.2084,65.83926],[-144.21089,65.83947],[-144.21197,65.84015],[-144.21424,65.84034],[-144.21666,65.84241],[-144.21849,65.84318],[-144.21914,65.84361],[-144.22191,65.84373],[-144.22194,65.84364],[-144.22254,65.84362],[-144.22342,65.84379],[-144.22458,65.84378],[-144.22453,65.84349],[-144.22195,65.84288],[-144.22117,65.84254],[-144.22125,65.84179],[-144.22075,65.84149],[-144.22072,65.84116],[-144.22145,65.84108],[-144.22246,65.84131],[-144.2227,65.84118],[-144.22339,65.84122],[-144.22429,65.84147],[-144.22479,65.84188],[-144.22671,65.84288],[-144.2264,65.84346],[-144.22606,65.84378],[-144.22653,65.84407],[-144.22618,65.84423],[-144.22645,65.84437],[-144.22995,65.84444],[-144.23155,65.84461],[-144.23364,65.84504],[-144.23481,65.84554],[-144.23614,65.84636],[-144.23716,65.84631],[-144.23769,65.84615],[-144.23881,65.84623],[-144.23951,65.84657],[-144.2404,65.84672],[-144.24061,65.84721],[-144.24274,65.84849],[-144.24281,65.84867],[-144.24385,65.84942],[-144.24376,65.84969],[-144.2443,65.85],[-144.24436,65.8504],[-144.24517,65.8507],[-144.24554,65.85101],[-144.24621,65.85196],[-144.24713,65.8519],[-144.24742,65.85137],[-144.24822,65.85087],[-144.25014,65.85012],[-144.25214,65.84988],[-144.25294,65.85027],[-144.25348,65.85078],[-144.25336,65.85147],[-144.25248,65.85179],[-144.25206,65.85217],[-144.25168,65.85289],[-144.25131,65.85304],[-144.25202,65.85431],[-144.25214,65.85501],[-144.25177,65.85525],[-144.25093,65.85499],[-144.24905,65.85528],[-144.24533,65.85393],[-144.24558,65.8534],[-144.24596,65.85301],[-144.24596,65.85246],[-144.24575,65.85195],[-144.24525,65.85154],[-144.24454,65.8512],[-144.24379,65.85149],[-144.2437,65.85217],[-144.24383,65.85381],[-144.24476,65.85444],[-144.24554,65.85596],[-144.24493,65.85646],[-144.24383,65.8567],[-144.2432,65.85728],[-144.24312,65.85807],[-144.24696,65.8588],[-144.24847,65.85955],[-144.24952,65.85953],[-144.24997,65.85938],[-144.25114,65.85964],[-144.25114,65.85998],[-144.25143,65.86032],[-144.25148,65.86078],[-144.25084,65.86137],[-144.2511,65.8617],[-144.25057,65.86209],[-144.24725,65.86198],[-144.24725,65.8624],[-144.24991,65.86356],[-144.25064,65.8635],[-144.25114,65.86328],[-144.25198,65.86324],[-144.25214,65.86382],[-144.25164,65.86403],[-144.25127,65.86439],[-144.25026,65.86499],[-144.24918,65.86548],[-144.24863,65.86599],[-144.24863,65.86644],[-144.24947,65.86647],[-144.24985,65.86616],[-144.25047,65.86615],[-144.25093,65.86637],[-144.25148,65.86637],[-144.25148,65.86731],[-144.25202,65.86808],[-144.25173,65.86854],[-144.25122,65.86879],[-144.25039,65.86861],[-144.24985,65.86815],[-144.2493,65.86744],[-144.2488,65.86719],[-144.24776,65.86721],[-144.24754,65.86766],[-144.24617,65.86818],[-144.24609,65.86852],[-144.24462,65.86934],[-144.24441,65.86965],[-144.24684,65.8699],[-144.24776,65.86975],[-144.24805,65.86941],[-144.24897,65.86927],[-144.24951,65.86996],[-144.24889,65.87049],[-144.24809,65.87088],[-144.24667,65.87093],[-144.24458,65.87079],[-144.24308,65.87021],[-144.24181,65.87007],[-144.2406,65.87064],[-144.24175,65.87136],[-144.24635,65.87209],[-144.24442,65.87223],[-144.24143,65.87204],[-144.23912,65.87107],[-144.23873,65.87172],[-144.24075,65.87242],[-144.23977,65.87252],[-144.23772,65.87191],[-144.23598,65.87065],[-144.23518,65.87105],[-144.23518,65.87182],[-144.23468,65.87216],[-144.23514,65.87298],[-144.23765,65.87373],[-144.23844,65.87428],[-144.23844,65.8746],[-144.23823,65.87501],[-144.23852,65.87545],[-144.23948,65.87571],[-144.24057,65.87573],[-144.24299,65.87623],[-144.24997,65.87397],[-144.25026,65.87312],[-144.25152,65.87242],[-144.25281,65.87199],[-144.25547,65.87155],[-144.25577,65.87134],[-144.25591,65.87051],[-144.25829,65.8697],[-144.25875,65.87021],[-144.25937,65.8706],[-144.26368,65.87062],[-144.26639,65.87103],[-144.26714,65.87125],[-144.26833,65.87233],[-144.26805,65.87311],[-144.26661,65.87409],[-144.2648,65.8746],[-144.26342,65.87479],[-144.25926,65.87475],[-144.25721,65.87496],[-144.25407,65.87564],[-144.25325,65.87662],[-144.25297,65.8776],[-144.25417,65.87883],[-144.25523,65.87915],[-144.25607,65.87875],[-144.25691,65.87897],[-144.25703,65.87945],[-144.25645,65.88],[-144.25528,65.88],[-144.25373,65.87962],[-144.25298,65.87983],[-144.25306,65.88025],[-144.25415,65.88046],[-144.25461,65.88083],[-144.25436,65.88119],[-144.25287,65.88186],[-144.2526,65.88275],[-144.25322,65.88366],[-144.2544,65.88483],[-144.25549,65.88511],[-144.25628,65.88558],[-144.25649,65.88662],[-144.2562,65.88679],[-144.25528,65.88657],[-144.25235,65.88643],[-144.2516,65.88691],[-144.25152,65.88811],[-144.25085,65.8885],[-144.25039,65.88921],[-144.25039,65.88997],[-144.2502,65.89019],[-144.2513,65.89145],[-144.25315,65.89212],[-144.25448,65.8923],[-144.25532,65.8927],[-144.25728,65.89285],[-144.25816,65.89305],[-144.2592,65.89273],[-144.26096,65.89273],[-144.26154,65.89357],[-144.26242,65.8942],[-144.26338,65.89415],[-144.26418,65.89382],[-144.26568,65.89379],[-144.26785,65.89439],[-144.26806,65.89488],[-144.26739,65.89541],[-144.26693,65.89636],[-144.26627,65.89681],[-144.26485,65.89718],[-144.26409,65.89787],[-144.26484,65.89872],[-144.26576,65.89937],[-144.26777,65.90024],[-144.26718,65.90068],[-144.26735,65.90109],[-144.26944,65.90133],[-144.27103,65.90191],[-144.27178,65.90194],[-144.27282,65.90273],[-144.2742,65.90283],[-144.2772,65.90342],[-144.27796,65.90477],[-144.28141,65.90618],[-144.28494,65.90822],[-144.28461,65.90875],[-144.2844,65.90952],[-144.28645,65.91034],[-144.29104,65.91085],[-144.29238,65.91063],[-144.29321,65.91065],[-144.29393,65.9111],[-144.29444,65.91173],[-144.29425,65.91215],[-144.29348,65.91256],[-144.29003,65.91338],[-144.28845,65.91417],[-144.28733,65.91448],[-144.28548,65.91442],[-144.28564,65.91426],[-144.2838,65.91362],[-144.28198,65.9138],[-144.28176,65.9144],[-144.28321,65.91502],[-144.285,65.9154],[-144.28578,65.91542],[-144.2885,65.91508],[-144.28916,65.91486],[-144.28966,65.91446],[-144.29121,65.9147],[-144.29268,65.9146],[-144.2927,65.915],[-144.29335,65.91556],[-144.2934,65.916],[-144.29415,65.91672],[-144.29396,65.91755],[-144.29345,65.91825],[-144.29225,65.91865],[-144.28638,65.91903],[-144.28612,65.91954],[-144.28405,65.92014],[-144.28327,65.92106],[-144.2847,65.92141],[-144.28926,65.92127],[-144.29362,65.9219],[-144.29446,65.9219],[-144.29492,65.92208],[-144.29414,65.92247],[-144.29352,65.92254]]]},"properties":{"fire_id":"ufid:2025-AKUYD-000256","source_collection":"history-2025","source_objectid":47339,"incident_name":"Birch","mapped_acres":4981.6,"mapped_acres_source":"poly_GISAcres","gis_acres":4981.6,"auto_acres":4981.586670715568,"reported_acres":4981.6,"percent_contained":null,"state":"AK","state_wfigs":"US-AK","county":"Yukon-Koyukuk","discovery_time_utc":"2025-06-20T20:35:04Z","perimeter_time_utc":"2025-10-16T17:33:30Z","perimeter_edit_time_utc":null,"incident_modified_time_utc":"2025-10-01T16:21:15Z","containment_time_utc":null,"control_time_utc":null,"fire_out_time_utc":"2025-10-02T00:00:00Z","fire_cause":"Natural","fire_cause_general":"Natural","map_method":"Image Interpretation","source_dataset":"FFP","unique_fire_identifier":"2025-AKUYD-000256","irwin_id":"{7CEBFE14-D3D4-4655-9967-13FCA281B89C}","global_id":"daf2dece-158f-4dec-94db-1bee28351e4d"}}]}
