{"type":"FeatureCollection","features":[{"type":"Feature","geometry":{"type":"Polygon","coordinates":[[[-115.01478,36.09927],[-115.01392,36.09737],[-115.01387,36.09662],[-115.01351,36.09619],[-115.01354,36.096],[-115.01393,36.09616],[-115.01386,36.09638],[-115.01409,36.09694],[-115.01466,36.09788],[-115.01456,36.0982],[-115.01504,36.09948],[-115.01478,36.09927]]]},"properties":{"fire_id":"ufid:2025-NVCLRX-500331","source_collection":"history-2025","source_objectid":38461,"incident_name":"Duck Creek","mapped_acres":2.1262979848626817,"mapped_acres_source":"poly_GISAcres","gis_acres":2.1262979848626817,"auto_acres":2.1262895719741897,"reported_acres":2.1,"percent_contained":null,"state":"NV","state_wfigs":"US-NV","county":"Clark","discovery_time_utc":"2025-04-10T02:21:47Z","perimeter_time_utc":null,"perimeter_edit_time_utc":"2025-04-11T21:18:33Z","incident_modified_time_utc":"2025-04-29T17:23:52Z","containment_time_utc":"2025-04-10T23:00:00Z","control_time_utc":"2025-04-11T19:00:00Z","fire_out_time_utc":"2025-04-28T15:00:00Z","fire_cause":"Human","fire_cause_general":null,"map_method":"Mixed Methods","source_dataset":"2025 NIFS","unique_fire_identifier":"2025-NVCLRX-500331","irwin_id":"{95C9421F-CB81-47FA-9A08-E8FF2B0F546B}","global_id":"2d2ad59c-0316-4635-8e15-edada2751a1a"}},{"type":"Feature","geometry":{"type":"MultiPolygon","coordinates":[[[[-115.01752,36.10501],[-115.01743,36.10401],[-115.01766,36.10361],[-115.01841,36.10321],[-115.01825,36.10284],[-115.01827,36.10247],[-115.01896,36.10226],[-115.01945,36.10188],[-115.01995,36.10182],[-115.01977,36.10217],[-115.02015,36.10244],[-115.02024,36.10268],[-115.02048,36.10255],[-115.02089,36.10293],[-115.02094,36.10321],[-115.02134,36.10324],[-115.0213,36.10345],[-115.02151,36.10382],[-115.0215,36.10434],[-115.02125,36.10439],[-115.02116,36.10426],[-115.02039,36.10472],[-115.02059,36.10488],[-115.02113,36.10487],[-115.02109,36.1052],[-115.02139,36.10533],[-115.02156,36.10557],[-115.02158,36.1063],[-115.01959,36.10743],[-115.01924,36.10693],[-115.01866,36.10658],[-115.01827,36.10613],[-115.01752,36.10501]]],[[[-115.02113,36.10487],[-115.02123,36.10474],[-115.02132,36.10466],[-115.02113,36.10487]]]]},"properties":{"fire_id":"ufid:2025-NVCLRX-500298","source_collection":"history-2025","source_objectid":38462,"incident_name":"Broadbent","mapped_acres":36.85226550017492,"mapped_acres_source":"poly_GISAcres","gis_acres":36.85226550017492,"auto_acres":36.852121879203835,"reported_acres":34.0,"percent_contained":null,"state":"NV","state_wfigs":"US-NV","county":"Clark","discovery_time_utc":"2025-03-31T16:02:45Z","perimeter_time_utc":null,"perimeter_edit_time_utc":"2025-04-11T21:22:34Z","incident_modified_time_utc":"2025-08-11T23:02:08Z","containment_time_utc":"2025-04-04T23:00:00Z","control_time_utc":"2025-04-11T18:53:00Z","fire_out_time_utc":null,"fire_cause":"Human","fire_cause_general":null,"map_method":"Mixed Methods","source_dataset":"2025 NIFS","unique_fire_identifier":"2025-NVCLRX-500298","irwin_id":"{E7E54F56-5340-4B10-92EC-5AD55F0DDEF6}","global_id":"af2eb98b-ea59-47f4-9fed-5e596a4c08aa"}},{"type":"Feature","geometry":{"type":"Polygon","coordinates":[[[-115.33817,38.39265],[-115.33835,38.39261],[-115.33807,38.3927],[-115.33817,38.39265]]]},"properties":{"fire_id":"ufid:2025-NVELD-040043","source_collection":"history-2025","source_objectid":39417,"incident_name":"Forest Home","mapped_acres":0.05,"mapped_acres_source":"poly_GISAcres","gis_acres":0.05,"auto_acres":0.05369872718176117,"reported_acres":0.1,"percent_contained":null,"state":"NV","state_wfigs":"US-NV","county":"Nye","discovery_time_utc":"2025-05-01T21:29:57Z","perimeter_time_utc":null,"perimeter_edit_time_utc":"2025-05-05T14:47:13Z","incident_modified_time_utc":"2025-05-07T22:34:04Z","containment_time_utc":"2025-05-02T01:00:00Z","control_time_utc":"2025-05-02T01:26:00Z","fire_out_time_utc":"2025-05-07T23:00:00Z","fire_cause":"Natural","fire_cause_general":null,"map_method":"Mixed Methods","source_dataset":"2025 NIFS","unique_fire_identifier":"2025-NVELD-040043","irwin_id":"{D0354CDB-D08A-4635-919F-40B46486F699}","global_id":"8ed5b188-2267-444e-bf31-d6c087086b9a"}},{"type":"Feature","geometry":{"type":"Polygon","coordinates":[[[-119.48725,39.56346],[-119.48733,39.56329],[-119.48762,39.56318],[-119.48725,39.56346]]]},"properties":{"fire_id":"ufid:2025-NVSTOX-030166","source_collection":"history-2025","source_objectid":39419,"incident_name":"Truckee River","mapped_acres":0.09486982981001324,"mapped_acres_source":"poly_GISAcres","gis_acres":0.09486982981001324,"auto_acres":0.09486930851141759,"reported_acres":0.25,"percent_contained":null,"state":"NV","state_wfigs":"US-NV","county":"Storey","discovery_time_utc":"2025-04-24T05:22:42Z","perimeter_time_utc":null,"perimeter_edit_time_utc":"2025-05-05T14:50:43Z","incident_modified_time_utc":"2025-05-02T20:15:14Z","containment_time_utc":"2025-04-24T05:30:00Z","control_time_utc":"2025-04-24T05:30:00Z","fire_out_time_utc":"2025-04-24T05:30:00Z","fire_cause":"Undetermined","fire_cause_general":null,"map_method":"Mixed Methods","source_dataset":"2025 NIFS","unique_fire_identifier":"2025-NVSTOX-030166","irwin_id":"{BA7DFB5C-E1D2-4442-9EE0-8BE9DD676A10}","global_id":"56571cc9-4c90-47f9-8cd1-689810afb8c1"}},{"type":"Feature","geometry":{"type":"MultiPolygon","coordinates":[[[[-115.11194,36.06377],[-115.11187,36.06364],[-115.11198,36.06354],[-115.11207,36.06372],[-115.11194,36.06377]]],[[[-115.11082,36.06367],[-115.11039,36.06389],[-115.10994,36.06378],[-115.10976,36.06348],[-115.10999,36.0633],[-115.11014,36.06358],[-115.11051,36.0635],[-115.11082,36.06367]]]]},"properties":{"fire_id":"ufid:2025-NVCLRX-500467","source_collection":"history-2025","source_objectid":40009,"incident_name":"Sunset","mapped_acres":0.7941124568711644,"mapped_acres_source":"poly_GISAcres","gis_acres":0.7941124568711644,"auto_acres":0.7943341756086381,"reported_acres":0.75,"percent_contained":null,"state":"NV","state_wfigs":"US-NV","county":"Clark","discovery_time_utc":"2025-05-21T23:26:00Z","perimeter_time_utc":null,"perimeter_edit_time_utc":"2025-09-09T21:14:30Z","incident_modified_time_utc":"2025-05-27T23:09:12Z","containment_time_utc":"2025-05-22T03:00:00Z","control_time_utc":"2025-05-22T03:05:00Z","fire_out_time_utc":"2025-05-27T23:00:00Z","fire_cause":"Human","fire_cause_general":null,"map_method":"Mixed Methods","source_dataset":"2025 NIFS","unique_fire_identifier":"2025-NVCLRX-500467","irwin_id":"{DDDCBBD1-1F70-48AD-A0B2-11C5753999D0}","global_id":"bf702b3c-9207-4000-a5f5-0722de686a1f"}},{"type":"Feature","geometry":{"type":"Polygon","coordinates":[[[-116.28562,36.40237],[-116.28542,36.40236],[-116.28537,36.40223],[-116.28565,36.40222],[-116.28562,36.40237]]]},"properties":{"fire_id":"ufid:2025-NVAMR-500242","source_collection":"history-2025","source_objectid":40171,"incident_name":"POINTER ROCK","mapped_acres":0.14,"mapped_acres_source":"poly_GISAcres","gis_acres":0.14,"auto_acres":0.11049234081957374,"reported_acres":0.11,"percent_contained":null,"state":"NV","state_wfigs":"US-NV","county":"Nye","discovery_time_utc":"2025-03-17T23:07:17Z","perimeter_time_utc":"2025-11-12T22:28:21Z","perimeter_edit_time_utc":null,"incident_modified_time_utc":"2025-03-18T16:27:57Z","containment_time_utc":"2025-03-18T01:50:00Z","control_time_utc":"2025-03-18T01:50:00Z","fire_out_time_utc":"2025-03-18T16:27:00Z","fire_cause":"Human","fire_cause_general":"Equipment and vehicle use","map_method":"Hand Sketch","source_dataset":"FFP","unique_fire_identifier":"2025-NVAMR-500242","irwin_id":"{FA5766CC-37AF-4BE9-88F8-E9DD8781A4F8}","global_id":"f98ca339-55e7-4c91-bd17-a07afd0037c3"}},{"type":"Feature","geometry":{"type":"Polygon","coordinates":[[[-119.79211,39.56662],[-119.79167,39.56717],[-119.79143,39.56717],[-119.79093,39.56693],[-119.79073,39.56648],[-119.79095,39.56603],[-119.79141,39.566],[-119.79184,39.56619],[-119.79183,39.56644],[-119.79211,39.56662]]]},"properties":{"fire_id":"ufid:2025-NVRNOX-030238","source_collection":"history-2025","source_objectid":40202,"incident_name":"Scottsdale","mapped_acres":2.64,"mapped_acres_source":"poly_GISAcres","gis_acres":2.64,"auto_acres":2.6401630907031826,"reported_acres":2.6,"percent_contained":null,"state":"NV","state_wfigs":"US-NV","county":"Washoe","discovery_time_utc":"2025-05-27T20:30:21Z","perimeter_time_utc":null,"perimeter_edit_time_utc":"2025-05-28T14:03:28Z","incident_modified_time_utc":"2025-06-12T00:02:05Z","containment_time_utc":"2025-05-27T22:09:00Z","control_time_utc":"2025-05-27T23:35:00Z","fire_out_time_utc":"2025-05-27T23:47:00Z","fire_cause":"Human","fire_cause_general":null,"map_method":"Mixed Methods","source_dataset":"2025 NIFS","unique_fire_identifier":"2025-NVRNOX-030238","irwin_id":"{01C7A303-42B2-4C03-AA7C-D80DB4F7742B}","global_id":"9f6e2fb2-fffb-4401-b58b-7ea53ba114b7"}},{"type":"Feature","geometry":{"type":"Polygon","coordinates":[[[-115.11864,37.28739],[-115.11841,37.28716],[-115.11881,37.287],[-115.11895,37.28723],[-115.11864,37.28739]]]},"properties":{"fire_id":"ufid:2025-NVPRR-500468","source_collection":"history-2025","source_objectid":40238,"incident_name":"PAHRANAGAT CAMPGROUND","mapped_acres":0.25,"mapped_acres_source":"poly_GISAcres","gis_acres":0.25,"auto_acres":0.26936669585803374,"reported_acres":0.27,"percent_contained":null,"state":"NV","state_wfigs":"US-NV","county":"Lincoln","discovery_time_utc":"2025-05-21T23:55:49Z","perimeter_time_utc":"2025-10-07T19:57:01Z","perimeter_edit_time_utc":null,"incident_modified_time_utc":"2025-10-07T19:54:06Z","containment_time_utc":"2025-05-22T00:30:00Z","control_time_utc":"2025-05-22T00:35:00Z","fire_out_time_utc":"2025-05-27T23:00:00Z","fire_cause":"Human","fire_cause_general":"Recreation and ceremony","map_method":"Auto-generated for InFORM","source_dataset":"FFP","unique_fire_identifier":"2025-NVPRR-500468","irwin_id":"{1F229C74-FA75-4752-9E0F-60635692C28E}","global_id":"0f4ef5a7-5386-4ac7-a860-5a8929d0c39a"}},{"type":"Feature","geometry":{"type":"Polygon","coordinates":[[[-119.67926,39.78708],[-119.67904,39.78747],[-119.67852,39.78772],[-119.6783,39.7876],[-119.67804,39.78771],[-119.67913,39.78691],[-119.67945,39.78709],[-119.67926,39.78708]]]},"properties":{"fire_id":"ufid:2025-NVTMFX-030250","source_collection":"history-2025","source_objectid":40351,"incident_name":"Ironwood","mapped_acres":0.9147503813720187,"mapped_acres_source":"poly_GISAcres","gis_acres":0.9147503813720187,"auto_acres":0.9147504069965569,"reported_acres":0.83,"percent_contained":null,"state":"NV","state_wfigs":"US-NV","county":"Washoe","discovery_time_utc":"2025-05-30T21:28:11Z","perimeter_time_utc":null,"perimeter_edit_time_utc":"2025-06-02T13:58:59Z","incident_modified_time_utc":"2025-06-07T21:02:03Z","containment_time_utc":"2025-05-30T22:45:00Z","control_time_utc":"2025-05-31T00:53:00Z","fire_out_time_utc":"2025-05-31T00:53:00Z","fire_cause":"Human","fire_cause_general":null,"map_method":"Mixed Methods","source_dataset":"2025 NIFS","unique_fire_identifier":"2025-NVTMFX-030250","irwin_id":"{509F13F2-8879-4ED4-8E1A-9BF00B97BF67}","global_id":"2999d029-179b-4944-977f-d156a5f5c139"}},{"type":"Feature","geometry":{"type":"MultiPolygon","coordinates":[[[[-118.8706,39.48507],[-118.87069,39.48474],[-118.86973,39.48521],[-118.86915,39.48479],[-118.8689,39.4844],[-118.86979,39.48394],[-118.87005,39.48409],[-118.87089,39.4837],[-118.87228,39.48362],[-118.87237,39.48324],[-118.87398,39.48297],[-118.87432,39.48331],[-118.87386,39.48339],[-118.87377,39.4836],[-118.87332,39.48369],[-118.87311,39.48388],[-118.87293,39.48369],[-118.87226,39.48365],[-118.87232,39.48414],[-118.87204,39.48414],[-118.87191,39.48432],[-118.87156,39.48414],[-118.87126,39.4842],[-118.8711,39.48448],[-118.87107,39.48519],[-118.87067,39.48504],[-118.87078,39.48553],[-118.87115,39.48598],[-118.87068,39.48551],[-118.8706,39.48507]]],[[[-118.87011,39.48388],[-118.87007,39.48369],[-118.87025,39.48374],[-118.87068,39.4835],[-118.87158,39.48333],[-118.8717,39.48311],[-118.87225,39.48322],[-118.87228,39.48341],[-118.87086,39.48349],[-118.87011,39.48388]]]]},"properties":{"fire_id":"ufid:2025-NVCHUX-030282","source_collection":"history-2025","source_objectid":40571,"incident_name":"Sheckler","mapped_acres":9.602609787042972,"mapped_acres_source":"poly_GISAcres","gis_acres":9.602609787042972,"auto_acres":9.602568433745008,"reported_acres":9.0,"percent_contained":null,"state":"NV","state_wfigs":"US-NV","county":"Churchill","discovery_time_utc":"2025-06-08T18:32:00Z","perimeter_time_utc":null,"perimeter_edit_time_utc":"2025-06-09T19:47:25Z","incident_modified_time_utc":"2025-06-09T14:48:19Z","containment_time_utc":"2025-06-09T06:07:00Z","control_time_utc":"2025-06-09T06:07:00Z","fire_out_time_utc":"2025-06-09T06:07:00Z","fire_cause":"Human","fire_cause_general":null,"map_method":"Mixed Methods","source_dataset":"2025 NIFS","unique_fire_identifier":"2025-NVCHUX-030282","irwin_id":"{A8B5B6A3-D5EF-46B2-B06C-9DEC4CC46FA7}","global_id":"01b1672b-9edd-453b-abb0-0b08283795cf"}},{"type":"Feature","geometry":{"type":"Polygon","coordinates":[[[-115.02412,36.09391],[-115.02403,36.09505],[-115.02373,36.09504],[-115.02344,36.09521],[-115.02328,36.09545],[-115.02332,36.09575],[-115.02306,36.09611],[-115.0231,36.09635],[-115.02359,36.09662],[-115.02351,36.09716],[-115.02289,36.09714],[-115.02253,36.09747],[-115.02139,36.09678],[-115.021,36.09629],[-115.02243,36.09412],[-115.02403,36.09369],[-115.02412,36.09391]]]},"properties":{"fire_id":"ufid:2025-NVCLRX-500551","source_collection":"history-2025","source_objectid":40620,"incident_name":"Dragonfly","mapped_acres":16.07,"mapped_acres_source":"poly_GISAcres","gis_acres":16.07,"auto_acres":16.073343854922168,"reported_acres":16.0,"percent_contained":null,"state":"NV","state_wfigs":"US-NV","county":"Clark","discovery_time_utc":"2025-06-09T21:44:16Z","perimeter_time_utc":null,"perimeter_edit_time_utc":"2025-06-11T14:21:22Z","incident_modified_time_utc":"2025-06-15T01:01:31Z","containment_time_utc":"2025-06-10T23:30:00Z","control_time_utc":"2025-06-12T03:00:00Z","fire_out_time_utc":"2025-06-13T13:00:00Z","fire_cause":"Undetermined","fire_cause_general":null,"map_method":"Mixed Methods","source_dataset":"2025 NIFS","unique_fire_identifier":"2025-NVCLRX-500551","irwin_id":"{1BBFAE0F-96ED-4172-9EB9-34A0F7B2AEE7}","global_id":"df499f2a-4c91-47dc-822f-5e5fd779cfc0"}},{"type":"Feature","geometry":{"type":"Polygon","coordinates":[[[-118.20023,39.70301],[-118.19927,39.70318],[-118.19894,39.70314],[-118.19882,39.70291],[-118.19914,39.70271],[-118.1994,39.70283],[-118.19943,39.70297],[-118.19959,39.70296],[-118.1995,39.70277],[-118.19959,39.70263],[-118.19997,39.70257],[-118.20033,39.70284],[-118.2007,39.70265],[-118.20023,39.70301]]]},"properties":{"fire_id":"ufid:2025-NVCCD-030227","source_collection":"history-2025","source_objectid":40810,"incident_name":"Settlement","mapped_acres":1.34,"mapped_acres_source":"poly_GISAcres","gis_acres":1.34,"auto_acres":1.3353945608092275,"reported_acres":1.3,"percent_contained":null,"state":"NV","state_wfigs":"US-NV","county":"Churchill","discovery_time_utc":"2025-05-24T23:58:32Z","perimeter_time_utc":"2025-06-17T22:38:57Z","perimeter_edit_time_utc":null,"incident_modified_time_utc":"2025-06-14T00:32:33Z","containment_time_utc":"2025-05-25T17:00:00Z","control_time_utc":"2025-05-25T19:00:00Z","fire_out_time_utc":"2025-05-28T01:00:00Z","fire_cause":"Human","fire_cause_general":"Fireworks","map_method":"Mixed Methods","source_dataset":"FFP","unique_fire_identifier":"2025-NVCCD-030227","irwin_id":"{D1DB1E8D-2C2A-4104-A82D-E0A98BCE6C7D}","global_id":"dba961ad-02dd-41e7-8560-773e0cb5b0b3"}},{"type":"Feature","geometry":{"type":"Polygon","coordinates":[[[-115.00823,36.09322],[-115.00805,36.09334],[-115.00727,36.09324],[-115.00542,36.09266],[-115.00476,36.09218],[-115.00321,36.09139],[-115.00332,36.09056],[-115.00295,36.09024],[-115.00368,36.09049],[-115.00466,36.0905],[-115.00527,36.08927],[-115.00648,36.08914],[-115.00673,36.08938],[-115.01001,36.08985],[-115.0103,36.08958],[-115.01202,36.08907],[-115.01382,36.08876],[-115.01403,36.08892],[-115.01385,36.08953],[-115.01383,36.09093],[-115.01412,36.09167],[-115.01489,36.09243],[-115.01524,36.09249],[-115.01536,36.09278],[-115.01534,36.09398],[-115.01461,36.09501],[-115.01314,36.09462],[-115.01254,36.09468],[-115.01211,36.09429],[-115.01043,36.09386],[-115.00958,36.0934],[-115.00888,36.09319],[-115.00823,36.09322]]]},"properties":{"fire_id":"ufid:2025-NVCLRX-500642","source_collection":"history-2025","source_objectid":41186,"incident_name":"Wiesner","mapped_acres":109.75,"mapped_acres_source":"poly_GISAcres","gis_acres":109.75,"auto_acres":109.75088126070823,"reported_acres":110.0,"percent_contained":null,"state":"NV","state_wfigs":"US-NV","county":"Clark","discovery_time_utc":"2025-06-24T22:03:00Z","perimeter_time_utc":null,"perimeter_edit_time_utc":"2025-06-26T00:54:32Z","incident_modified_time_utc":"2025-07-09T14:43:13Z","containment_time_utc":"2025-06-26T17:49:00Z","control_time_utc":"2025-06-28T20:15:00Z","fire_out_time_utc":"2025-07-09T15:00:00Z","fire_cause":"Undetermined","fire_cause_general":null,"map_method":"Mixed Methods","source_dataset":"2025 NIFS","unique_fire_identifier":"2025-NVCLRX-500642","irwin_id":"{AA4921BF-7868-4DEC-90EE-C726616C4FA1}","global_id":"76642bb6-4933-441a-af2c-c50248e6ddd1"}},{"type":"Feature","geometry":{"type":"MultiPolygon","coordinates":[[[[-119.30933,39.61017],[-119.30924,39.60976],[-119.309,39.60984],[-119.30905,39.61028],[-119.30877,39.61036],[-119.30871,39.61056],[-119.30858,39.61045],[-119.30822,39.61052],[-119.30795,39.61035],[-119.30753,39.61053],[-119.30683,39.60998],[-119.3073,39.60972],[-119.30706,39.60946],[-119.30765,39.60943],[-119.30859,39.60895],[-119.30885,39.60905],[-119.30923,39.60897],[-119.30937,39.60865],[-119.30972,39.60874],[-119.30979,39.60851],[-119.31018,39.60879],[-119.31052,39.60836],[-119.31105,39.60859],[-119.31098,39.60824],[-119.31073,39.60814],[-119.31123,39.60809],[-119.3113,39.60785],[-119.31167,39.60821],[-119.31175,39.60812],[-119.31214,39.60822],[-119.31227,39.60785],[-119.31255,39.60793],[-119.3127,39.60772],[-119.31341,39.6074],[-119.3136,39.60709],[-119.31394,39.60713],[-119.31367,39.60756],[-119.31295,39.60819],[-119.31271,39.60816],[-119.31267,39.60835],[-119.3123,39.60858],[-119.31067,39.61025],[-119.31036,39.61024],[-119.31018,39.6101],[-119.30956,39.61028],[-119.30933,39.61017]]],[[[-119.3118,39.61119],[-119.3115,39.61172],[-119.31112,39.61151],[-119.31034,39.61153],[-119.31039,39.6113],[-119.31229,39.60934],[-119.31237,39.60941],[-119.31221,39.60953],[-119.31213,39.61],[-119.31224,39.61017],[-119.31185,39.61076],[-119.312,39.61082],[-119.31211,39.61113],[-119.3118,39.61119]]]]},"properties":{"fire_id":"ufid:2025-NVTMFX-030217","source_collection":"history-2025","source_objectid":41217,"incident_name":"Oling","mapped_acres":22.41061,"mapped_acres_source":"poly_GISAcres","gis_acres":22.41061,"auto_acres":22.410525124268734,"reported_acres":22.45,"percent_contained":null,"state":"NV","state_wfigs":"US-NV","county":"Washoe","discovery_time_utc":"2025-05-20T22:51:00Z","perimeter_time_utc":"2025-06-26T23:35:49Z","perimeter_edit_time_utc":null,"incident_modified_time_utc":"2025-06-12T00:03:48Z","containment_time_utc":"2025-05-22T03:30:00Z","control_time_utc":"2025-05-24T00:51:00Z","fire_out_time_utc":"2025-05-24T00:51:00Z","fire_cause":"Human","fire_cause_general":"Undetermined","map_method":"Mixed Methods","source_dataset":"FFP","unique_fire_identifier":"2025-NVTMFX-030217","irwin_id":"{C6FCC4D0-6DFE-4FFA-8211-46E873E8AE2F}","global_id":"2ebb01d6-73d3-4355-afd6-e2fd6883940f"}},{"type":"Feature","geometry":{"type":"Polygon","coordinates":[[[-119.20632,39.47539],[-119.20601,39.47454],[-119.20617,39.47447],[-119.20631,39.47472],[-119.20622,39.4749],[-119.20632,39.47539]]]},"properties":{"fire_id":"ufid:2025-NVNLCX-030294","source_collection":"history-2025","source_objectid":41218,"incident_name":"Damon","mapped_acres":0.31,"mapped_acres_source":"poly_GISAcres","gis_acres":0.31,"auto_acres":0.3133492746418412,"reported_acres":0.01,"percent_contained":null,"state":"NV","state_wfigs":"US-NV","county":"Lyon","discovery_time_utc":"2025-06-12T21:42:20Z","perimeter_time_utc":"2025-06-26T23:37:13Z","perimeter_edit_time_utc":null,"incident_modified_time_utc":"2025-06-24T16:02:46Z","containment_time_utc":"2025-06-12T23:50:00Z","control_time_utc":"2025-06-13T00:28:00Z","fire_out_time_utc":"2025-06-16T22:00:00Z","fire_cause":"Human","fire_cause_general":"Equipment and vehicle use","map_method":"Mixed Methods","source_dataset":"FFP","unique_fire_identifier":"2025-NVNLCX-030294","irwin_id":"{E97126C3-6203-4E66-AE7B-7EA6451DB25E}","global_id":"442e759d-33b5-4b1f-b7b8-761e754cfc87"}},{"type":"Feature","geometry":{"type":"Polygon","coordinates":[[[-119.7564,39.62176],[-119.75629,39.62224],[-119.75577,39.62255],[-119.75553,39.62256],[-119.75464,39.62301],[-119.75402,39.62297],[-119.75401,39.62307],[-119.75339,39.6232],[-119.75321,39.62309],[-119.75306,39.62328],[-119.75245,39.6233],[-119.752,39.6231],[-119.75201,39.62263],[-119.75119,39.62281],[-119.74956,39.62255],[-119.74902,39.62218],[-119.74877,39.62231],[-119.7487,39.62221],[-119.74809,39.62218],[-119.74798,39.62212],[-119.748,39.62179],[-119.7483,39.62159],[-119.74872,39.6216],[-119.74864,39.62145],[-119.74879,39.62151],[-119.74885,39.6214],[-119.74862,39.62124],[-119.74852,39.62132],[-119.7482,39.62118],[-119.74763,39.62121],[-119.74744,39.62187],[-119.746,39.62252],[-119.74529,39.62261],[-119.74488,39.62254],[-119.74478,39.62227],[-119.74458,39.62237],[-119.74422,39.62232],[-119.74369,39.62262],[-119.74364,39.62299],[-119.74344,39.62309],[-119.74225,39.62305],[-119.74191,39.62289],[-119.74117,39.62307],[-119.74102,39.62333],[-119.74002,39.62318],[-119.73952,39.6233],[-119.73888,39.62323],[-119.7385,39.62289],[-119.73803,39.62288],[-119.73773,39.62267],[-119.73769,39.62251],[-119.73794,39.62258],[-119.73829,39.62245],[-119.73834,39.62231],[-119.73761,39.62187],[-119.73787,39.62179],[-119.73783,39.62148],[-119.7376,39.62156],[-119.73727,39.62142],[-119.73662,39.62148],[-119.73608,39.62116],[-119.73761,39.6211],[-119.73782,39.6214],[-119.73839,39.62155],[-119.73903,39.6214],[-119.73935,39.6211],[-119.74001,39.62121],[-119.74156,39.62116],[-119.74286,39.62095],[-119.74307,39.62102],[-119.74357,39.62069],[-119.74401,39.6206],[-119.74506,39.61969],[-119.74531,39.61967],[-119.74533,39.61903],[-119.74556,39.61876],[-119.74591,39.61862],[-119.74628,39.61864],[-119.74628,39.61854],[-119.74693,39.61824],[-119.74684,39.61834],[-119.74697,39.61865],[-119.74725,39.61852],[-119.74789,39.61889],[-119.74813,39.6187],[-119.74793,39.61863],[-119.74808,39.61841],[-119.74894,39.61861],[-119.74928,39.61875],[-119.74955,39.61911],[-119.74975,39.61909],[-119.74996,39.61931],[-119.75019,39.61935],[-119.75029,39.61957],[-119.75086,39.61962],[-119.7516,39.61947],[-119.75168,39.61967],[-119.75201,39.61965],[-119.75192,39.61984],[-119.75213,39.61996],[-119.75306,39.61991],[-119.75409,39.62011],[-119.75548,39.62095],[-119.75568,39.62095],[-119.75579,39.62124],[-119.75601,39.62138],[-119.75604,39.62165],[-119.7564,39.62176]]]},"properties":{"fire_id":"ufid:2025-NVCCD-030291","source_collection":"history-2025","source_objectid":41219,"incident_name":"Marie","mapped_acres":114.95,"mapped_acres_source":"poly_GISAcres","gis_acres":114.95,"auto_acres":114.94647933300311,"reported_acres":114.9,"percent_contained":null,"state":"NV","state_wfigs":"US-NV","county":"Washoe","discovery_time_utc":"2025-06-10T23:03:57Z","perimeter_time_utc":"2025-06-26T23:34:16Z","perimeter_edit_time_utc":null,"incident_modified_time_utc":"2025-06-24T15:48:28Z","containment_time_utc":"2025-06-13T02:03:00Z","control_time_utc":"2025-06-14T22:00:00Z","fire_out_time_utc":"2025-06-17T22:47:00Z","fire_cause":"Human","fire_cause_general":"Undetermined","map_method":"Mixed Methods","source_dataset":"FFP","unique_fire_identifier":"2025-NVCCD-030291","irwin_id":"{2B458893-8C17-4B6A-9885-B8DC118A72C3}","global_id":"d58103c8-4199-4f10-a698-daca9d990234"}},{"type":"Feature","geometry":{"type":"MultiPolygon","coordinates":[[[[-119.74957,39.32981],[-119.74958,39.32985],[-119.74954,39.32979],[-119.74957,39.32981]]],[[[-119.74958,39.32985],[-119.74959,39.32987],[-119.74957,39.3299],[-119.74958,39.32985]]],[[[-119.74957,39.32991],[-119.74956,39.3299],[-119.74957,39.3299],[-119.74957,39.32991]]],[[[-119.75103,39.33203],[-119.75086,39.33192],[-119.75016,39.33239],[-119.75003,39.3323],[-119.75034,39.33214],[-119.75014,39.3318],[-119.74961,39.33145],[-119.74941,39.33147],[-119.74944,39.33108],[-119.74957,39.33106],[-119.74971,39.33075],[-119.74953,39.3306],[-119.74974,39.33053],[-119.74966,39.33042],[-119.74977,39.33019],[-119.74958,39.33008],[-119.74957,39.32991],[-119.74958,39.33004],[-119.74979,39.32999],[-119.7499,39.33013],[-119.74987,39.33073],[-119.75002,39.33073],[-119.75014,39.33108],[-119.75046,39.33092],[-119.75076,39.33108],[-119.75076,39.33136],[-119.75091,39.33145],[-119.75106,39.33144],[-119.75152,39.33099],[-119.75144,39.3307],[-119.75172,39.3308],[-119.7518,39.33159],[-119.752,39.33213],[-119.75153,39.33237],[-119.75094,39.33227],[-119.75103,39.33203]]],[[[-119.74968,39.33155],[-119.74968,39.33156],[-119.74967,39.33159],[-119.74968,39.33155]]]]},"properties":{"fire_id":"ufid:2025-NVCCD-030279","source_collection":"history-2025","source_objectid":41220,"incident_name":"Skinner","mapped_acres":6.13,"mapped_acres_source":"poly_GISAcres","gis_acres":6.13,"auto_acres":6.134136119917908,"reported_acres":6.0,"percent_contained":null,"state":"NV","state_wfigs":"US-NV","county":"Washoe","discovery_time_utc":"2025-06-07T21:29:50Z","perimeter_time_utc":"2025-06-26T23:39:32Z","perimeter_edit_time_utc":null,"incident_modified_time_utc":"2025-06-19T21:19:40Z","containment_time_utc":"2025-06-08T14:15:00Z","control_time_utc":"2025-06-08T18:56:00Z","fire_out_time_utc":"2025-06-10T01:00:00Z","fire_cause":"Human","fire_cause_general":"Firearms and explosives use","map_method":"Mixed Methods","source_dataset":"FFP","unique_fire_identifier":"2025-NVCCD-030279","irwin_id":"{17643639-173C-43C7-A302-1DBD216BDCFF}","global_id":"f435bc87-649f-4405-9a64-59d08461e6a4"}},{"type":"Feature","geometry":{"type":"Polygon","coordinates":[[[-119.7512,39.4523],[-119.7517,39.45263],[-119.75167,39.45357],[-119.7519,39.45409],[-119.75186,39.45459],[-119.75195,39.45475],[-119.75227,39.45482],[-119.75229,39.45514],[-119.75212,39.45541],[-119.75227,39.4559],[-119.75245,39.45597],[-119.75227,39.45606],[-119.75225,39.4566],[-119.7535,39.4566],[-119.75407,39.45603],[-119.75484,39.45626],[-119.75501,39.45667],[-119.75515,39.4567],[-119.7553,39.45647],[-119.75514,39.45616],[-119.75533,39.45604],[-119.75502,39.45579],[-119.75474,39.45591],[-119.75495,39.45573],[-119.75571,39.45594],[-119.75577,39.45608],[-119.75562,39.45646],[-119.75612,39.4564],[-119.75612,39.45661],[-119.75634,39.45682],[-119.75611,39.45719],[-119.75705,39.4568],[-119.75789,39.45685],[-119.7584,39.45661],[-119.7591,39.45673],[-119.75913,39.45709],[-119.75941,39.45704],[-119.75983,39.4574],[-119.75993,39.45789],[-119.75983,39.45798],[-119.76015,39.45809],[-119.76009,39.45852],[-119.76041,39.45851],[-119.76063,39.45865],[-119.76082,39.45921],[-119.76106,39.45927],[-119.76161,39.45976],[-119.76155,39.46032],[-119.76185,39.46068],[-119.76191,39.46102],[-119.76176,39.46125],[-119.76193,39.46132],[-119.76135,39.46146],[-119.7615,39.46153],[-119.76147,39.46168],[-119.76198,39.46185],[-119.76206,39.46203],[-119.76248,39.46222],[-119.76253,39.46281],[-119.76315,39.46315],[-119.7632,39.4635],[-119.76265,39.46432],[-119.76178,39.46478],[-119.76168,39.46512],[-119.76077,39.46582],[-119.76068,39.46629],[-119.76041,39.4664],[-119.7605,39.46664],[-119.76024,39.4667],[-119.75977,39.4674],[-119.75946,39.46759],[-119.7594,39.46784],[-119.75855,39.46752],[-119.75844,39.46719],[-119.75866,39.46678],[-119.75882,39.46671],[-119.75864,39.46649],[-119.75881,39.46613],[-119.7586,39.46586],[-119.75835,39.46583],[-119.75827,39.46544],[-119.758,39.46531],[-119.75745,39.4654],[-119.75662,39.46525],[-119.75543,39.46556],[-119.7549,39.46552],[-119.75473,39.46512],[-119.75392,39.46469],[-119.75227,39.46435],[-119.75188,39.4641],[-119.75187,39.46395],[-119.75153,39.46392],[-119.75144,39.46372],[-119.75113,39.46368],[-119.75105,39.46379],[-119.75049,39.46355],[-119.74987,39.46372],[-119.75007,39.46391],[-119.74945,39.46438],[-119.74905,39.46422],[-119.7489,39.46402],[-119.74889,39.46424],[-119.74865,39.46402],[-119.74902,39.46263],[-119.74939,39.4623],[-119.74979,39.46158],[-119.74962,39.46151],[-119.74967,39.46089],[-119.7498,39.46082],[-119.74986,39.46054],[-119.74973,39.46053],[-119.74973,39.45985],[-119.74952,39.4595],[-119.74901,39.4596],[-119.74812,39.45926],[-119.7479,39.45936],[-119.74783,39.45896],[-119.7475,39.459],[-119.74727,39.45818],[-119.74753,39.45795],[-119.74707,39.45777],[-119.74707,39.45757],[-119.7474,39.4575],[-119.74725,39.4574],[-119.74717,39.45701],[-119.74739,39.4569],[-119.74753,39.45662],[-119.74792,39.45672],[-119.74825,39.45653],[-119.74837,39.45639],[-119.74813,39.45631],[-119.74809,39.45617],[-119.74851,39.4559],[-119.74872,39.456],[-119.74873,39.45646],[-119.7495,39.45583],[-119.74967,39.45623],[-119.74983,39.45626],[-119.74971,39.4553],[-119.74929,39.4552],[-119.749,39.45529],[-119.74866,39.45522],[-119.74833,39.45537],[-119.74786,39.45527],[-119.74807,39.45491],[-119.74849,39.4547],[-119.7482,39.45465],[-119.74901,39.45426],[-119.74856,39.45416],[-119.74896,39.4539],[-119.74878,39.45357],[-119.74929,39.4535],[-119.74923,39.45338],[-119.74894,39.45336],[-119.74897,39.4532],[-119.74887,39.45316],[-119.74831,39.45382],[-119.74794,39.45373],[-119.74805,39.45357],[-119.74868,39.45309],[-119.74946,39.45296],[-119.7495,39.45281],[-119.74987,39.45263],[-119.7512,39.4523]]]},"properties":{"fire_id":"ufid:2025-NVRNOX-030352","source_collection":"history-2025","source_objectid":41390,"incident_name":"Barron","mapped_acres":290.39,"mapped_acres_source":"poly_GISAcres","gis_acres":290.39,"auto_acres":290.3867210688787,"reported_acres":290.0,"percent_contained":100.0,"state":"NV","state_wfigs":"US-NV","county":"Washoe","discovery_time_utc":"2025-07-01T21:13:54Z","perimeter_time_utc":null,"perimeter_edit_time_utc":"2025-07-02T20:42:27Z","incident_modified_time_utc":"2025-08-11T20:56:46Z","containment_time_utc":"2025-07-04T21:15:00Z","control_time_utc":"2025-07-05T05:20:00Z","fire_out_time_utc":null,"fire_cause":"Human","fire_cause_general":null,"map_method":"Mixed Methods","source_dataset":"2025 NIFS","unique_fire_identifier":"2025-NVRNOX-030352","irwin_id":"{ABF48CDB-1202-47DE-B489-9FDF02A78EB6}","global_id":"63d2564d-aefb-49f4-aefa-4516c0bf4d00"}},{"type":"Feature","geometry":{"type":"Polygon","coordinates":[[[-115.42204,37.6325],[-115.42527,37.63223],[-115.42541,37.63239],[-115.42555,37.63359],[-115.42586,37.63427],[-115.42737,37.63582],[-115.42859,37.63755],[-115.43166,37.64084],[-115.43282,37.64241],[-115.43499,37.64643],[-115.43506,37.64757],[-115.43485,37.64836],[-115.43414,37.64951],[-115.43247,37.65121],[-115.43195,37.65192],[-115.4316,37.65267],[-115.43137,37.6546],[-115.43107,37.65538],[-115.42904,37.65784],[-115.42754,37.66031],[-115.42675,37.66125],[-115.42522,37.6622],[-115.4243,37.66251],[-115.42285,37.66272],[-115.42138,37.66264],[-115.41903,37.66182],[-115.41831,37.66169],[-115.4176,37.66173],[-115.41664,37.66205],[-115.41615,37.66243],[-115.41472,37.66422],[-115.41383,37.66603],[-115.41346,37.66651],[-115.41202,37.66738],[-115.4115,37.66784],[-115.41103,37.66879],[-115.41083,37.66982],[-115.41096,37.67047],[-115.41156,37.67168],[-115.41198,37.67296],[-115.4125,37.67382],[-115.41335,37.67447],[-115.41603,37.67592],[-115.41673,37.67652],[-115.41706,37.67702],[-115.4174,37.67789],[-115.41749,37.67854],[-115.41732,37.68064],[-115.41737,37.68168],[-115.4179,37.6837],[-115.42073,37.68827],[-115.42121,37.68954],[-115.42183,37.69217],[-115.4221,37.6928],[-115.42322,37.69426],[-115.42629,37.69771],[-115.42749,37.6996],[-115.42806,37.70096],[-115.42899,37.70467],[-115.42968,37.70646],[-115.43328,37.71171],[-115.43491,37.71505],[-115.43688,37.71778],[-115.4382,37.72128],[-115.43922,37.72345],[-115.43948,37.72459],[-115.43979,37.7273],[-115.44087,37.72965],[-115.4411,37.73216],[-115.44092,37.73448],[-115.44154,37.73698],[-115.44148,37.7378],[-115.44096,37.7395],[-115.44113,37.7416],[-115.44161,37.74403],[-115.44156,37.74564],[-115.44128,37.74696],[-115.44057,37.74821],[-115.43849,37.75031],[-115.43764,37.75097],[-115.43573,37.75199],[-115.43328,37.75497],[-115.43155,37.75652],[-115.43075,37.757],[-115.43044,37.75704],[-115.42979,37.75693],[-115.42903,37.75631],[-115.42864,37.75547],[-115.42857,37.75455],[-115.43043,37.74846],[-115.43127,37.74328],[-115.43202,37.74009],[-115.43214,37.7387],[-115.43186,37.73698],[-115.43051,37.73462],[-115.43003,37.73333],[-115.42926,37.73267],[-115.42766,37.73221],[-115.42383,37.73156],[-115.42097,37.73147],[-115.4202,37.73126],[-115.4192,37.73061],[-115.41723,37.72871],[-115.41553,37.72751],[-115.41435,37.72698],[-115.41147,37.72616],[-115.41034,37.72562],[-115.40957,37.72474],[-115.40883,37.72271],[-115.40813,37.72183],[-115.40661,37.72102],[-115.40405,37.72023],[-115.40332,37.71978],[-115.40273,37.71918],[-115.39911,37.71429],[-115.39869,37.71338],[-115.39842,37.71212],[-115.39782,37.71091],[-115.39539,37.70742],[-115.39384,37.70582],[-115.39348,37.70481],[-115.3938,37.70165],[-115.39459,37.69746],[-115.39458,37.69393],[-115.39483,37.69229],[-115.39514,37.69171],[-115.39561,37.69122],[-115.39835,37.69025],[-115.3991,37.68946],[-115.39932,37.68876],[-115.3995,37.68725],[-115.39986,37.68613],[-115.40083,37.68393],[-115.40238,37.68113],[-115.40289,37.67969],[-115.40297,37.6782],[-115.40231,37.67294],[-115.40168,37.67079],[-115.40035,37.66756],[-115.4002,37.66693],[-115.4002,37.66601],[-115.40039,37.66397],[-115.40072,37.66289],[-115.40178,37.66061],[-115.40461,37.65611],[-115.40477,37.65551],[-115.4046,37.65507],[-115.40423,37.65466],[-115.40233,37.65347],[-115.40179,37.65284],[-115.4015,37.65182],[-115.40171,37.65102],[-115.40205,37.65051],[-115.40256,37.65012],[-115.40466,37.64916],[-115.40586,37.64825],[-115.40902,37.64398],[-115.41027,37.64335],[-115.41036,37.64288],[-115.40994,37.64157],[-115.40999,37.64106],[-115.41045,37.64052],[-115.4115,37.64005],[-115.41177,37.63878],[-115.41197,37.63846],[-115.41358,37.63818],[-115.41563,37.6368],[-115.41706,37.63671],[-115.41762,37.63652],[-115.41968,37.63382],[-115.42013,37.63336],[-115.42086,37.63289],[-115.42204,37.6325]]]},"properties":{"fire_id":"ufid:2025-NVELD-040168","source_collection":"history-2025","source_objectid":41394,"incident_name":"Mount Irish","mapped_acres":6314.99,"mapped_acres_source":"poly_GISAcres","gis_acres":6314.99,"auto_acres":6314.96926045779,"reported_acres":6315.0,"percent_contained":100.0,"state":"NV","state_wfigs":"US-NV","county":"Lincoln","discovery_time_utc":"2025-07-01T01:42:00Z","perimeter_time_utc":"2025-07-04T01:19:00Z","perimeter_edit_time_utc":"2025-07-06T06:47:37Z","incident_modified_time_utc":"2026-04-21T22:43:51Z","containment_time_utc":null,"control_time_utc":null,"fire_out_time_utc":null,"fire_cause":"Human","fire_cause_general":null,"map_method":"Mixed Methods","source_dataset":"2025 NIFS","unique_fire_identifier":"2025-NVELD-040168","irwin_id":"{DB99DA58-5756-48A5-A86D-AA6E2142BA3B}","global_id":"a2c98111-24b9-4e35-89a2-d53f429e75b9"}},{"type":"Feature","geometry":{"type":"Polygon","coordinates":[[[-119.40961,39.59152],[-119.40944,39.59139],[-119.41051,39.59153],[-119.40961,39.59152]]]},"properties":{"fire_id":"ufid:2025-NVTMFX-030367","source_collection":"history-2025","source_objectid":41474,"incident_name":"Derby","mapped_acres":0.22,"mapped_acres_source":"poly_GISAcres","gis_acres":0.22,"auto_acres":0.21644434468645765,"reported_acres":0.25,"percent_contained":null,"state":"NV","state_wfigs":"US-NV","county":"Washoe","discovery_time_utc":"2025-07-03T15:40:56Z","perimeter_time_utc":null,"perimeter_edit_time_utc":"2025-07-03T18:51:15Z","incident_modified_time_utc":"2025-07-03T17:50:14Z","containment_time_utc":"2025-07-03T17:49:00Z","control_time_utc":"2025-07-03T17:49:00Z","fire_out_time_utc":null,"fire_cause":"Human","fire_cause_general":null,"map_method":"Mixed Methods","source_dataset":"2025 NIFS","unique_fire_identifier":"2025-NVTMFX-030367","irwin_id":"{B2714CAB-2795-4C72-A7E7-DF27466C6E23}","global_id":"8445d058-9dd5-400f-91c9-bc765edda557"}},{"type":"Feature","geometry":{"type":"Polygon","coordinates":[[[-119.78443,39.15472],[-119.78539,39.15285],[-119.78573,39.15251],[-119.78583,39.15188],[-119.78616,39.15188],[-119.78589,39.15137],[-119.78599,39.15119],[-119.78639,39.15108],[-119.78659,39.15063],[-119.78653,39.15034],[-119.78729,39.14998],[-119.78725,39.14966],[-119.7876,39.14976],[-119.78782,39.14962],[-119.78855,39.15017],[-119.78899,39.15032],[-119.78946,39.15107],[-119.78982,39.15184],[-119.78988,39.15227],[-119.78955,39.15255],[-119.78982,39.15275],[-119.78946,39.1528],[-119.78955,39.1529],[-119.78935,39.15309],[-119.78941,39.15328],[-119.78928,39.15342],[-119.78965,39.15349],[-119.78959,39.15378],[-119.78976,39.15388],[-119.78975,39.1541],[-119.78998,39.15437],[-119.79,39.15454],[-119.78986,39.15458],[-119.78993,39.15479],[-119.79025,39.15475],[-119.79024,39.1549],[-119.79059,39.15517],[-119.79054,39.15525],[-119.79085,39.15535],[-119.79093,39.15574],[-119.79052,39.15561],[-119.79039,39.15567],[-119.79052,39.15581],[-119.79045,39.1559],[-119.79068,39.15581],[-119.79075,39.15603],[-119.79118,39.15631],[-119.79124,39.15655],[-119.79087,39.1567],[-119.79104,39.15697],[-119.79093,39.15707],[-119.79067,39.1569],[-119.79056,39.15709],[-119.79027,39.15707],[-119.79023,39.15719],[-119.79004,39.15706],[-119.78982,39.15717],[-119.7897,39.15699],[-119.78979,39.15686],[-119.78968,39.15681],[-119.78886,39.15798],[-119.78886,39.15822],[-119.78824,39.15876],[-119.78784,39.15851],[-119.78778,39.15822],[-119.78796,39.15815],[-119.78774,39.15778],[-119.78738,39.15753],[-119.78712,39.15754],[-119.78684,39.15679],[-119.7866,39.15644],[-119.78632,39.15642],[-119.78628,39.1562],[-119.78641,39.15618],[-119.78611,39.15586],[-119.78497,39.15544],[-119.78478,39.15506],[-119.78437,39.15505],[-119.78443,39.15472]]]},"properties":{"fire_id":"ufid:2025-NVCCFX-030385","source_collection":"history-2025","source_objectid":41566,"incident_name":"C Hill","mapped_acres":77.12,"mapped_acres_source":"poly_GISAcres","gis_acres":77.12,"auto_acres":77.1221439268352,"reported_acres":77.0,"percent_contained":null,"state":"NV","state_wfigs":"US-NV","county":"Carson City","discovery_time_utc":"2025-07-05T06:32:45Z","perimeter_time_utc":null,"perimeter_edit_time_utc":"2025-07-06T02:12:56Z","incident_modified_time_utc":"2025-07-09T20:42:28Z","containment_time_utc":"2025-07-07T19:15:00Z","control_time_utc":"2025-07-09T20:41:00Z","fire_out_time_utc":null,"fire_cause":"Human","fire_cause_general":null,"map_method":"Mixed Methods","source_dataset":"2025 NIFS","unique_fire_identifier":"2025-NVCCFX-030385","irwin_id":"{7FA2C08E-9BA5-4A38-9F9D-3E9806556BE2}","global_id":"2155cf70-5d13-4647-b88d-25534a6ed987"}},{"type":"Feature","geometry":{"type":"Polygon","coordinates":[[[-115.33499,36.21658],[-115.33507,36.21654],[-115.33506,36.21664],[-115.33499,36.21658]]]},"properties":{"fire_id":"ufid:2025-NVCLRX-500713","source_collection":"history-2025","source_objectid":41567,"incident_name":"Reverence","mapped_acres":0.01,"mapped_acres_source":"poly_GISAcres","gis_acres":0.01,"auto_acres":0.01434848060405672,"reported_acres":0.1,"percent_contained":null,"state":"NV","state_wfigs":"US-NV","county":"Clark","discovery_time_utc":"2025-07-05T07:22:55Z","perimeter_time_utc":null,"perimeter_edit_time_utc":"2025-07-06T02:18:05Z","incident_modified_time_utc":"2025-07-30T01:41:37Z","containment_time_utc":"2025-07-05T07:30:00Z","control_time_utc":"2025-07-05T07:45:00Z","fire_out_time_utc":"2025-07-07T05:00:00Z","fire_cause":"Human","fire_cause_general":null,"map_method":"Mixed Methods","source_dataset":"2025 NIFS","unique_fire_identifier":"2025-NVCLRX-500713","irwin_id":"{BE196590-5889-4B19-B11D-2EA1C5C5988C}","global_id":"a36218c4-036c-4c3d-954d-c14e04ccbad9"}},{"type":"Feature","geometry":{"type":"MultiPolygon","coordinates":[[[[-116.08449,36.24178],[-116.08449,36.24176],[-116.0845,36.24175],[-116.08449,36.24178]]],[[[-116.08437,36.24136],[-116.08451,36.24172],[-116.08441,36.24182],[-116.08404,36.24177],[-116.08387,36.24154],[-116.08437,36.24136]]]]},"properties":{"fire_id":"ufid:2025-NVNYEX-500699","source_collection":"history-2025","source_objectid":41569,"incident_name":"Spring","mapped_acres":0.51,"mapped_acres_source":"poly_GISAcres","gis_acres":0.51,"auto_acres":0.5073005365304557,"reported_acres":0.51,"percent_contained":null,"state":"NV","state_wfigs":"US-NV","county":"Nye","discovery_time_utc":"2025-07-04T23:08:10Z","perimeter_time_utc":null,"perimeter_edit_time_utc":"2025-07-06T02:19:53Z","incident_modified_time_utc":"2025-07-05T18:06:46Z","containment_time_utc":"2025-07-05T01:00:00Z","control_time_utc":"2025-07-05T18:05:00Z","fire_out_time_utc":"2025-07-05T18:05:00Z","fire_cause":"Undetermined","fire_cause_general":null,"map_method":"Mixed Methods","source_dataset":"2025 NIFS","unique_fire_identifier":"2025-NVNYEX-500699","irwin_id":"{17DF29F8-DEA7-4050-BB66-DDCC39B0F780}","global_id":"0c901028-e086-408b-94be-5c62d577f864"}},{"type":"Feature","geometry":{"type":"Polygon","coordinates":[[[-115.3762,36.17246],[-115.37627,36.17227],[-115.37631,36.17232],[-115.3762,36.17246]]]},"properties":{"fire_id":"ufid:2025-NVCLRX-500705","source_collection":"history-2025","source_objectid":41571,"incident_name":"Alta","mapped_acres":0.03,"mapped_acres_source":"poly_GISAcres","gis_acres":0.03,"auto_acres":0.02991225737662323,"reported_acres":0.1,"percent_contained":null,"state":"NV","state_wfigs":"US-NV","county":"Clark","discovery_time_utc":"2025-07-05T05:30:00Z","perimeter_time_utc":null,"perimeter_edit_time_utc":"2025-07-06T02:18:52Z","incident_modified_time_utc":"2025-07-05T21:12:45Z","containment_time_utc":"2025-07-05T05:30:00Z","control_time_utc":"2025-07-05T05:45:00Z","fire_out_time_utc":"2025-07-07T05:00:00Z","fire_cause":"Undetermined","fire_cause_general":null,"map_method":"Mixed Methods","source_dataset":"2025 NIFS","unique_fire_identifier":"2025-NVCLRX-500705","irwin_id":"{CC167E01-6167-4B2F-99C3-207D9772F5AB}","global_id":"348f59fd-1e1f-428d-8b0d-0fd05306ce51"}},{"type":"Feature","geometry":{"type":"Polygon","coordinates":[[[-119.31002,39.61107],[-119.30981,39.6109],[-119.3099,39.61082],[-119.31018,39.61085],[-119.31002,39.61107]]]},"properties":{"fire_id":"ufid:2025-NVCCD-030388","source_collection":"history-2025","source_objectid":41572,"incident_name":"Wadsworth","mapped_acres":0.14,"mapped_acres_source":"poly_GISAcres","gis_acres":0.14,"auto_acres":0.14445844651811057,"reported_acres":0.14,"percent_contained":null,"state":"NV","state_wfigs":"US-NV","county":"Storey","discovery_time_utc":"2025-07-05T17:50:00Z","perimeter_time_utc":"2025-09-29T19:05:25Z","perimeter_edit_time_utc":null,"incident_modified_time_utc":"2025-09-29T19:04:12Z","containment_time_utc":"2025-07-05T23:15:00Z","control_time_utc":"2025-07-05T23:15:00Z","fire_out_time_utc":"2025-07-07T19:04:00Z","fire_cause":"Human","fire_cause_general":"Fireworks","map_method":"Mixed Methods","source_dataset":"FFP","unique_fire_identifier":"2025-NVCCD-030388","irwin_id":"{2C9D3546-934D-4A53-A574-709F46B117FD}","global_id":"7840f460-14a1-4eec-9950-7aec222b401d"}},{"type":"Feature","geometry":{"type":"Polygon","coordinates":[[[-119.61711,39.76275],[-119.61692,39.7625],[-119.61683,39.76033],[-119.61742,39.76028],[-119.6225,39.76032],[-119.62242,39.76081],[-119.62263,39.76131],[-119.62308,39.76117],[-119.62347,39.7619],[-119.62412,39.76256],[-119.6237,39.76281],[-119.62367,39.76295],[-119.62289,39.76318],[-119.62284,39.76333],[-119.62229,39.76361],[-119.62192,39.76359],[-119.62145,39.76328],[-119.62118,39.76334],[-119.62128,39.76341],[-119.62116,39.7635],[-119.62087,39.76336],[-119.62007,39.76352],[-119.61987,39.76339],[-119.61887,39.76328],[-119.61878,39.76339],[-119.61774,39.76304],[-119.61825,39.76282],[-119.61711,39.76275]]]},"properties":{"fire_id":"ufid:2025-NVTMFX-030440","source_collection":"history-2025","source_objectid":42056,"incident_name":"Ironwood 2","mapped_acres":44.4,"mapped_acres_source":"poly_GISAcres","gis_acres":44.4,"auto_acres":44.4042026207621,"reported_acres":45.0,"percent_contained":null,"state":"NV","state_wfigs":"US-NV","county":"Washoe","discovery_time_utc":"2025-07-15T22:13:22Z","perimeter_time_utc":null,"perimeter_edit_time_utc":"2025-07-16T02:06:27Z","incident_modified_time_utc":"2025-07-16T21:02:56Z","containment_time_utc":"2025-07-16T21:02:00Z","control_time_utc":"2025-07-16T21:02:00Z","fire_out_time_utc":null,"fire_cause":"Human","fire_cause_general":null,"map_method":"Mixed Methods","source_dataset":"2025 NIFS","unique_fire_identifier":"2025-NVTMFX-030440","irwin_id":"{4BF34BDC-F0BE-4A27-8239-AB71F3E70D56}","global_id":"f7fc750e-f128-40d5-8945-f236435e217a"}},{"type":"Feature","geometry":{"type":"Polygon","coordinates":[[[-115.01507,38.78784],[-115.01516,38.7878],[-115.01517,38.78831],[-115.01503,38.78862],[-115.01507,38.78784]]]},"properties":{"fire_id":"ufid:2025-NVWHIX-040153","source_collection":"history-2025","source_objectid":42395,"incident_name":"Rollins","mapped_acres":0.14,"mapped_acres_source":"poly_GISAcres","gis_acres":0.14,"auto_acres":0.1388199283884384,"reported_acres":0.1,"percent_contained":null,"state":"NV","state_wfigs":"US-NV","county":"White Pine","discovery_time_utc":"2025-06-23T15:59:00Z","perimeter_time_utc":"2025-07-21T21:40:01Z","perimeter_edit_time_utc":null,"incident_modified_time_utc":"2025-06-26T19:28:49Z","containment_time_utc":"2025-06-23T17:30:00Z","control_time_utc":"2025-06-23T17:45:00Z","fire_out_time_utc":"2025-06-26T20:00:00Z","fire_cause":"Human","fire_cause_general":"Equipment and vehicle use","map_method":"Mixed Methods","source_dataset":"FFP","unique_fire_identifier":"2025-NVWHIX-040153","irwin_id":"{89AD72CF-339A-410E-BB82-F5CF4C6FA097}","global_id":"8678cb96-c334-4b52-b1e5-acafcb934e54"}},{"type":"Feature","geometry":{"type":"Polygon","coordinates":[[[-116.42662,37.03692],[-116.42766,37.03738],[-116.42972,37.03932],[-116.43102,37.04029],[-116.43222,37.04085],[-116.43402,37.04121],[-116.43732,37.04124],[-116.44188,37.04082],[-116.44664,37.04076],[-116.44807,37.04063],[-116.45032,37.04001],[-116.45296,37.03862],[-116.45421,37.03824],[-116.45511,37.03812],[-116.4569,37.03828],[-116.46166,37.03953],[-116.46559,37.04015],[-116.46677,37.04059],[-116.46785,37.04123],[-116.46886,37.042],[-116.46972,37.04289],[-116.4704,37.0439],[-116.47087,37.04499],[-116.47152,37.0479],[-116.48595,37.05546],[-116.49059,37.05512],[-116.49206,37.05537],[-116.49296,37.05579],[-116.49368,37.05641],[-116.4942,37.05718],[-116.49522,37.05983],[-116.49643,37.062],[-116.49743,37.06317],[-116.49863,37.06417],[-116.50044,37.06517],[-116.50462,37.06674],[-116.50536,37.06719],[-116.50584,37.06778],[-116.50875,37.06816],[-116.50974,37.06796],[-116.51115,37.07223],[-116.51304,37.07866],[-116.51355,37.07984],[-116.51493,37.0816],[-116.51742,37.08362],[-116.51837,37.08456],[-116.52018,37.08656],[-116.52088,37.08769],[-116.52125,37.0889],[-116.52129,37.09014],[-116.52092,37.09178],[-116.52021,37.09336],[-116.51947,37.0944],[-116.51853,37.0952],[-116.51746,37.09569],[-116.51634,37.09578],[-116.51466,37.09529],[-116.51192,37.09363],[-116.51048,37.09303],[-116.50883,37.09275],[-116.50546,37.09262],[-116.50473,37.09246],[-116.50382,37.09202],[-116.50304,37.09109],[-116.50289,37.09027],[-116.50321,37.08947],[-116.50508,37.08768],[-116.50566,37.08668],[-116.50573,37.08586],[-116.50553,37.08301],[-116.50615,37.07963],[-116.50611,37.07868],[-116.50553,37.07494],[-116.50519,37.07376],[-116.50468,37.07298],[-116.49982,37.07129],[-116.4976,37.07217],[-116.49656,37.07219],[-116.4959,37.07199],[-116.49471,37.07127],[-116.49392,37.07059],[-116.4934,37.06971],[-116.49239,37.06722],[-116.49172,37.06641],[-116.49052,37.06554],[-116.48903,37.06503],[-116.48475,37.06478],[-116.48279,37.06434],[-116.48147,37.06372],[-116.48034,37.06286],[-116.47995,37.06232],[-116.47907,37.0605],[-116.47835,37.05973],[-116.47772,37.05932],[-116.47658,37.05892],[-116.47281,37.05871],[-116.46851,37.05783],[-116.46756,37.05735],[-116.46634,37.05586],[-116.46256,37.05802],[-116.46176,37.05893],[-116.46038,37.0616],[-116.4603,37.06358],[-116.46286,37.06534],[-116.46294,37.06778],[-116.45957,37.06992],[-116.45935,37.07272],[-116.46201,37.0749],[-116.46288,37.07699],[-116.463,37.07954],[-116.46272,37.08031],[-116.46322,37.08146],[-116.46348,37.08249],[-116.4635,37.08319],[-116.46331,37.08436],[-116.46734,37.08228],[-116.46943,37.082],[-116.47221,37.08261],[-116.47208,37.08582],[-116.47034,37.08773],[-116.47235,37.09204],[-116.48094,37.09593],[-116.48625,37.09755],[-116.49295,37.09985],[-116.49438,37.1005],[-116.49551,37.10142],[-116.49608,37.1026],[-116.49624,37.10426],[-116.49652,37.10554],[-116.4972,37.10727],[-116.49868,37.11032],[-116.49911,37.11171],[-116.49934,37.11313],[-116.49931,37.11504],[-116.49875,37.11784],[-116.49796,37.11952],[-116.49703,37.12044],[-116.49628,37.12078],[-116.4955,37.12089],[-116.49452,37.12058],[-116.49383,37.11988],[-116.49234,37.11752],[-116.49143,37.11674],[-116.49025,37.11615],[-116.4879,37.1156],[-116.48488,37.1155],[-116.48234,37.11601],[-116.48089,37.11662],[-116.47999,37.11718],[-116.47897,37.11831],[-116.47806,37.12062],[-116.47757,37.1215],[-116.47685,37.12221],[-116.47599,37.12273],[-116.47503,37.12301],[-116.47406,37.12308],[-116.47313,37.12295],[-116.4709,37.12234],[-116.46942,37.12227],[-116.46586,37.12321],[-116.46489,37.12331],[-116.46399,37.12322],[-116.46319,37.12297],[-116.46251,37.12258],[-116.46177,37.12176],[-116.46121,37.12011],[-116.46087,37.1167],[-116.46071,37.11607],[-116.4601,37.11523],[-116.45907,37.1146],[-116.4582,37.11438],[-116.45721,37.11441],[-116.45577,37.11488],[-116.45493,37.11546],[-116.45283,37.11753],[-116.452,37.11804],[-116.45063,37.11857],[-116.44869,37.1188],[-116.44569,37.11836],[-116.4439,37.11767],[-116.44119,37.11557],[-116.43916,37.11465],[-116.43673,37.1142],[-116.43261,37.11409],[-116.43169,37.1139],[-116.43089,37.11356],[-116.43002,37.11279],[-116.42575,37.10697],[-116.42384,37.10537],[-116.42224,37.10452],[-116.4213,37.10425],[-116.41975,37.10405],[-116.41467,37.10425],[-116.41303,37.10412],[-116.41152,37.10373],[-116.40872,37.10254],[-116.4067,37.10185],[-116.40455,37.10135],[-116.40018,37.10066],[-116.39876,37.10013],[-116.398,37.0996],[-116.39746,37.09896],[-116.39709,37.09826],[-116.39691,37.09751],[-116.39708,37.09485],[-116.39761,37.09298],[-116.40212,37.0843],[-116.40325,37.08267],[-116.40561,37.07986],[-116.40707,37.07753],[-116.4063,37.07808],[-116.40934,37.07462],[-116.40981,37.07371],[-116.40992,37.07308],[-116.40972,37.07214],[-116.40936,37.07156],[-116.40744,37.06973],[-116.40661,37.06852],[-116.40623,37.06756],[-116.40587,37.06533],[-116.40543,37.06379],[-116.40494,37.06293],[-116.40441,37.06244],[-116.40335,37.0619],[-116.40154,37.06166],[-116.39757,37.06211],[-116.39618,37.0621],[-116.39536,37.06194],[-116.39468,37.06164],[-116.39408,37.06099],[-116.39398,37.06047],[-116.39434,37.05966],[-116.39491,37.0592],[-116.39565,37.05885],[-116.39779,37.05835],[-116.40127,37.05802],[-116.40229,37.0576],[-116.40271,37.05714],[-116.40293,37.05628],[-116.40276,37.05566],[-116.40231,37.05508],[-116.40128,37.05431],[-116.39958,37.05347],[-116.39455,37.05193],[-116.38973,37.05088],[-116.38809,37.05078],[-116.38643,37.05093],[-116.38482,37.05143],[-116.38337,37.05228],[-116.3777,37.05707],[-116.37535,37.05869],[-116.37333,37.05982],[-116.37118,37.06074],[-116.36893,37.06137],[-116.36665,37.0617],[-116.36439,37.0618],[-116.36224,37.06159],[-116.36022,37.06107],[-116.35787,37.06014],[-116.35532,37.05884],[-116.35309,37.05736],[-116.35222,37.05653],[-116.35181,37.05559],[-116.35198,37.05466],[-116.3527,37.05392],[-116.35382,37.05349],[-116.35558,37.05334],[-116.35881,37.05354],[-116.36105,37.05335],[-116.36272,37.053],[-116.36546,37.05215],[-116.36658,37.05174],[-116.36759,37.0512],[-116.36836,37.05048],[-116.3687,37.04993],[-116.36888,37.04932],[-116.36901,37.04741],[-116.36939,37.04651],[-116.37022,37.04577],[-116.37166,37.04502],[-116.37247,37.04432],[-116.37283,37.04375],[-116.37303,37.04313],[-116.37312,37.04141],[-116.37346,37.04044],[-116.37533,37.03872],[-116.37606,37.03705],[-116.37689,37.0365],[-116.37764,37.03639],[-116.37846,37.03651],[-116.38433,37.03871],[-116.38567,37.03901],[-116.38701,37.03901],[-116.38784,37.03883],[-116.38888,37.03832],[-116.39124,37.03619],[-116.3932,37.03503],[-116.39547,37.03421],[-116.39634,37.03411],[-116.39725,37.03418],[-116.39861,37.03461],[-116.39944,37.03512],[-116.40011,37.03583],[-116.40171,37.03828],[-116.40327,37.03957],[-116.40415,37.04003],[-116.40508,37.04031],[-116.40744,37.04043],[-116.41396,37.03628],[-116.41577,37.03126],[-116.42129,37.03337],[-116.4209,37.03459],[-116.42453,37.03559],[-116.42662,37.03692]]]},"properties":{"fire_id":"ufid:2025-NVNTE-500815","source_collection":"history-2025","source_objectid":42412,"incident_name":"Cat Canyon","mapped_acres":16260.703708377046,"mapped_acres_source":"poly_GISAcres","gis_acres":16260.703708377046,"auto_acres":16260.631713856043,"reported_acres":16260.0,"percent_contained":100.0,"state":"NV","state_wfigs":"US-NV","county":"Nye","discovery_time_utc":"2025-07-20T01:14:00Z","perimeter_time_utc":null,"perimeter_edit_time_utc":"2025-08-11T16:02:17Z","incident_modified_time_utc":"2026-04-25T00:19:12Z","containment_time_utc":null,"control_time_utc":null,"fire_out_time_utc":null,"fire_cause":"Undetermined","fire_cause_general":null,"map_method":"Mixed Methods","source_dataset":"2025 NIFS","unique_fire_identifier":"2025-NVNTE-500815","irwin_id":"{E65FAF9C-EA73-46D5-88C0-E34091D9780F}","global_id":"888cf735-966e-40e7-8fea-56e9e22e91be"}},{"type":"Feature","geometry":{"type":"Polygon","coordinates":[[[-119.6585,38.77504],[-119.65838,38.77487],[-119.65848,38.77458],[-119.65837,38.77448],[-119.65852,38.77423],[-119.65883,38.77418],[-119.65889,38.77381],[-119.65938,38.77337],[-119.65951,38.77336],[-119.65931,38.7736],[-119.65937,38.77381],[-119.65962,38.77394],[-119.65982,38.77369],[-119.66016,38.77365],[-119.66054,38.7738],[-119.66049,38.77392],[-119.66086,38.77417],[-119.66077,38.7743],[-119.66083,38.77458],[-119.66056,38.77477],[-119.66031,38.77464],[-119.66044,38.77425],[-119.66008,38.77446],[-119.65998,38.77439],[-119.66009,38.77431],[-119.65982,38.77423],[-119.65959,38.77463],[-119.65996,38.77498],[-119.65985,38.77514],[-119.65938,38.77498],[-119.65914,38.77514],[-119.6585,38.77504]],[[-119.66011,38.77434],[-119.66014,38.77432],[-119.6601,38.77431],[-119.66011,38.77434]]]},"properties":{"fire_id":"ufid:2025-NVEFKX-030486","source_collection":"history-2025","source_objectid":42846,"incident_name":"Brown","mapped_acres":5.46,"mapped_acres_source":"poly_GISAcres","gis_acres":5.46,"auto_acres":5.455116274351795,"reported_acres":5.5,"percent_contained":null,"state":"NV","state_wfigs":"US-NV","county":"Douglas","discovery_time_utc":"2025-07-28T01:56:00Z","perimeter_time_utc":null,"perimeter_edit_time_utc":"2025-08-01T17:36:57Z","incident_modified_time_utc":"2025-07-30T01:48:18Z","containment_time_utc":"2025-07-29T02:30:00Z","control_time_utc":"2025-07-30T01:47:00Z","fire_out_time_utc":null,"fire_cause":"Natural","fire_cause_general":null,"map_method":"Mixed Methods","source_dataset":"2025 NIFS","unique_fire_identifier":"2025-NVEFKX-030486","irwin_id":"{7CBB4101-288E-44D5-8A2C-3F45BDBC74BA}","global_id":"83533c5d-ce72-4b9b-9489-20571bab4833"}},{"type":"Feature","geometry":{"type":"MultiPolygon","coordinates":[[[[-115.00121,36.08777],[-115.00122,36.08767],[-115.00126,36.08777],[-115.00121,36.08777]]],[[[-115.00121,36.08777],[-115.00119,36.08778],[-115.00119,36.08777],[-115.00121,36.08777]]],[[[-115.00119,36.08778],[-115.00116,36.08824],[-115.00117,36.08783],[-115.00119,36.08778]]],[[[-115.00116,36.08824],[-115.00115,36.08827],[-115.00114,36.08827],[-115.00116,36.08824]]],[[[-115.00103,36.08849],[-115.00091,36.08844],[-115.00114,36.08827],[-115.00129,36.08852],[-115.00099,36.08865],[-115.00103,36.08849]]]]},"properties":{"fire_id":"ufid:2025-NVCLRX-500919","source_collection":"history-2025","source_objectid":42854,"incident_name":"Wiesner 2","mapped_acres":0.19,"mapped_acres_source":"poly_GISAcres","gis_acres":0.19,"auto_acres":0.19370326902708102,"reported_acres":0.5,"percent_contained":null,"state":"NV","state_wfigs":"US-NV","county":"Clark","discovery_time_utc":"2025-07-31T01:42:00Z","perimeter_time_utc":null,"perimeter_edit_time_utc":"2025-08-01T17:40:17Z","incident_modified_time_utc":"2025-07-31T17:17:07Z","containment_time_utc":"2025-07-31T03:28:00Z","control_time_utc":"2025-07-31T03:28:00Z","fire_out_time_utc":null,"fire_cause":"Human","fire_cause_general":null,"map_method":"Mixed Methods","source_dataset":"2025 NIFS","unique_fire_identifier":"2025-NVCLRX-500919","irwin_id":"{E859D337-F984-4F6B-97D3-11AEDCF1BB0B}","global_id":"7bf17ed6-bc9d-48bc-9aaf-b9929a1e3484"}},{"type":"Feature","geometry":{"type":"Polygon","coordinates":[[[-119.67837,39.78768],[-119.67863,39.78782],[-119.67847,39.78792],[-119.67855,39.78803],[-119.6787,39.78794],[-119.67872,39.78812],[-119.6779,39.78815],[-119.67789,39.78805],[-119.67762,39.78805],[-119.67802,39.78772],[-119.67837,39.78768]]]},"properties":{"fire_id":"ufid:2025-NVTMFX-030513","source_collection":"history-2025","source_objectid":42937,"incident_name":"Moses Rock","mapped_acres":0.81,"mapped_acres_source":"poly_GISAcres","gis_acres":0.81,"auto_acres":0.8095557093684512,"reported_acres":0.81,"percent_contained":null,"state":"NV","state_wfigs":"US-NV","county":"Washoe","discovery_time_utc":"2025-08-02T18:02:52Z","perimeter_time_utc":null,"perimeter_edit_time_utc":"2025-08-04T14:49:18Z","incident_modified_time_utc":"2025-08-26T02:35:20Z","containment_time_utc":"2025-08-02T19:52:00Z","control_time_utc":"2025-08-02T19:52:00Z","fire_out_time_utc":"2025-08-02T19:52:00Z","fire_cause":"Human","fire_cause_general":null,"map_method":"Mixed Methods","source_dataset":"2025 NIFS","unique_fire_identifier":"2025-NVTMFX-030513","irwin_id":"{0126FECC-BD80-46CE-AEE6-D82E2AEB398C}","global_id":"ddfc0918-3812-425e-9981-ab7e5bb7cf81"}},{"type":"Feature","geometry":{"type":"Polygon","coordinates":[[[-119.9457,39.68735],[-119.94309,39.68749],[-119.94156,39.68729],[-119.9411,39.68709],[-119.9415,39.68698],[-119.94171,39.68711],[-119.94213,39.68682],[-119.94251,39.68704],[-119.94271,39.68697],[-119.94318,39.68716],[-119.94309,39.68702],[-119.94321,39.68704],[-119.94336,39.68684],[-119.94371,39.68709],[-119.94392,39.68683],[-119.94422,39.68692],[-119.94486,39.68676],[-119.94517,39.68684],[-119.9457,39.68735]]]},"properties":{"fire_id":"ufid:2025-NVRNOX-030521","source_collection":"history-2025","source_objectid":42938,"incident_name":"Ridge","mapped_acres":4.66,"mapped_acres_source":"poly_GISAcres","gis_acres":4.66,"auto_acres":4.661955514739759,"reported_acres":4.7,"percent_contained":null,"state":"NV","state_wfigs":"US-NV","county":"Washoe","discovery_time_utc":"2025-08-04T01:03:27Z","perimeter_time_utc":null,"perimeter_edit_time_utc":"2025-08-04T14:43:03Z","incident_modified_time_utc":"2025-08-04T19:51:17Z","containment_time_utc":"2025-08-04T07:00:00Z","control_time_utc":"2025-08-04T19:51:00Z","fire_out_time_utc":null,"fire_cause":"Human","fire_cause_general":null,"map_method":"Mixed Methods","source_dataset":"2025 NIFS","unique_fire_identifier":"2025-NVRNOX-030521","irwin_id":"{7E66D3A1-2DA0-4B5C-8F6C-5F6B98379FDD}","global_id":"deb60e87-44ca-4f24-9408-96d32f1f3e57"}},{"type":"Feature","geometry":{"type":"Polygon","coordinates":[[[-119.96089,39.70952],[-119.96,39.70984],[-119.95965,39.7097],[-119.9599,39.70978],[-119.96023,39.70956],[-119.96089,39.70952]]]},"properties":{"fire_id":"ufid:2025-NVRNOX-030522","source_collection":"history-2025","source_objectid":42939,"incident_name":"Mud Springs","mapped_acres":0.28,"mapped_acres_source":"poly_GISAcres","gis_acres":0.28,"auto_acres":0.2780406198854978,"reported_acres":0.3,"percent_contained":null,"state":"NV","state_wfigs":"US-NV","county":"Washoe","discovery_time_utc":"2025-08-04T03:53:05Z","perimeter_time_utc":null,"perimeter_edit_time_utc":"2025-08-04T14:45:40Z","incident_modified_time_utc":"2025-08-04T14:22:34Z","containment_time_utc":"2025-08-04T05:30:00Z","control_time_utc":"2025-08-04T05:30:00Z","fire_out_time_utc":null,"fire_cause":"Human","fire_cause_general":null,"map_method":"Mixed Methods","source_dataset":"2025 NIFS","unique_fire_identifier":"2025-NVRNOX-030522","irwin_id":"{C82BF278-195B-4D5E-891D-37DBABF14BCE}","global_id":"3ab8ad56-4987-4f25-91bb-ac7d4853bf17"}},{"type":"Feature","geometry":{"type":"Polygon","coordinates":[[[-119.94975,39.63403],[-119.95014,39.63429],[-119.95031,39.63478],[-119.95079,39.6351],[-119.95091,39.63536],[-119.95054,39.63568],[-119.95067,39.63584],[-119.9504,39.63592],[-119.95056,39.63608],[-119.95027,39.63616],[-119.95031,39.6363],[-119.95054,39.63663],[-119.95161,39.63727],[-119.95202,39.63819],[-119.9526,39.63855],[-119.95281,39.63886],[-119.95257,39.63909],[-119.95264,39.63917],[-119.95228,39.6394],[-119.95189,39.63918],[-119.95166,39.63922],[-119.9508,39.63889],[-119.95012,39.63887],[-119.94968,39.63853],[-119.94886,39.63817],[-119.94833,39.63822],[-119.94799,39.63791],[-119.94753,39.63775],[-119.94752,39.63754],[-119.94717,39.63751],[-119.94519,39.63623],[-119.94553,39.63639],[-119.94563,39.63632],[-119.94555,39.63619],[-119.94524,39.63616],[-119.94475,39.63577],[-119.94463,39.63592],[-119.94425,39.63579],[-119.94355,39.63525],[-119.94106,39.63377],[-119.94093,39.63361],[-119.94106,39.63345],[-119.94075,39.63338],[-119.94085,39.63313],[-119.94038,39.63281],[-119.94,39.63216],[-119.9398,39.63235],[-119.93965,39.63229],[-119.93954,39.63204],[-119.93972,39.63174],[-119.93946,39.63142],[-119.93954,39.63126],[-119.93958,39.63138],[-119.93967,39.63127],[-119.93987,39.63134],[-119.94016,39.63049],[-119.94034,39.63062],[-119.94024,39.63117],[-119.94052,39.63083],[-119.9405,39.63058],[-119.94136,39.63074],[-119.94134,39.63061],[-119.9416,39.63056],[-119.94148,39.6308],[-119.9421,39.63091],[-119.94255,39.63048],[-119.94353,39.63083],[-119.94351,39.63069],[-119.94384,39.63072],[-119.94421,39.63101],[-119.94451,39.63101],[-119.94474,39.63135],[-119.94493,39.63132],[-119.94488,39.63147],[-119.94502,39.63147],[-119.94507,39.63168],[-119.94696,39.6319],[-119.94729,39.63215],[-119.94822,39.6324],[-119.94975,39.63403]]]},"properties":{"fire_id":"ufid:2025-NVTMFX-030516","source_collection":"history-2025","source_objectid":42941,"incident_name":"Peavine","mapped_acres":119.24,"mapped_acres_source":"poly_GISAcres","gis_acres":119.24,"auto_acres":119.24190820969604,"reported_acres":119.0,"percent_contained":null,"state":"NV","state_wfigs":"US-NV","county":"Washoe","discovery_time_utc":"2025-08-03T01:07:03Z","perimeter_time_utc":"2025-08-03T10:04:29Z","perimeter_edit_time_utc":"2025-08-04T14:23:46Z","incident_modified_time_utc":"2025-08-06T00:20:59Z","containment_time_utc":"2025-08-05T01:00:00Z","control_time_utc":"2025-08-06T00:20:00Z","fire_out_time_utc":null,"fire_cause":"Human","fire_cause_general":null,"map_method":"Mixed Methods","source_dataset":"2025 NIFS","unique_fire_identifier":"2025-NVTMFX-030516","irwin_id":"{819B82F6-BCDA-4DCB-8638-A82C40BCD899}","global_id":"ed6eb59c-bfb7-4353-8be4-a4f909326501"}},{"type":"Feature","geometry":{"type":"Polygon","coordinates":[[[-116.30157,39.78268],[-116.30191,39.78307],[-116.30162,39.78316],[-116.30153,39.78301],[-116.30139,39.78306],[-116.30088,39.78232],[-116.30103,39.78225],[-116.30155,39.78246],[-116.30157,39.78268]]]},"properties":{"fire_id":"ufid:2025-NVBMD-020144","source_collection":"history-2025","source_objectid":43045,"incident_name":"Lone","mapped_acres":0.88,"mapped_acres_source":"poly_GISAcres","gis_acres":0.88,"auto_acres":0.878964359206302,"reported_acres":0.88,"percent_contained":null,"state":"NV","state_wfigs":"US-NV","county":"Eureka","discovery_time_utc":"2025-05-13T01:00:00Z","perimeter_time_utc":"2025-08-05T18:47:56Z","perimeter_edit_time_utc":null,"incident_modified_time_utc":"2025-08-04T02:54:35Z","containment_time_utc":"2025-05-13T06:00:00Z","control_time_utc":"2025-05-13T17:45:00Z","fire_out_time_utc":"2025-05-24T01:00:00Z","fire_cause":"Undetermined","fire_cause_general":"Undetermined","map_method":"Mixed Methods","source_dataset":"FFP","unique_fire_identifier":"2025-NVBMD-020144","irwin_id":"{2043F8A6-81DB-4BB9-9B2C-63AC9133914D}","global_id":"58f13f29-00c2-41db-ae08-bd95295a43da"}},{"type":"Feature","geometry":{"type":"Polygon","coordinates":[[[-119.61636,39.63982],[-119.61646,39.63965],[-119.61661,39.63968],[-119.61656,39.63995],[-119.61636,39.63982]]]},"properties":{"fire_id":"ufid:2025-NVTMFX-030555","source_collection":"history-2025","source_objectid":43333,"incident_name":"Walrus","mapped_acres":0.12,"mapped_acres_source":"poly_GISAcres","gis_acres":0.12,"auto_acres":0.11973712854888958,"reported_acres":0.1,"percent_contained":null,"state":"NV","state_wfigs":"US-NV","county":"Washoe","discovery_time_utc":"2025-08-13T02:22:27Z","perimeter_time_utc":null,"perimeter_edit_time_utc":"2025-08-13T16:33:33Z","incident_modified_time_utc":"2025-08-13T04:59:55Z","containment_time_utc":"2025-08-13T04:55:00Z","control_time_utc":"2025-08-13T04:55:00Z","fire_out_time_utc":null,"fire_cause":"Natural","fire_cause_general":null,"map_method":"Mixed Methods","source_dataset":"2025 NIFS","unique_fire_identifier":"2025-NVTMFX-030555","irwin_id":"{37A93A8C-878C-47D2-96F6-C2DD6D62844B}","global_id":"48353b8e-b878-4878-8eed-174b0b1557f5"}},{"type":"Feature","geometry":{"type":"Polygon","coordinates":[[[-115.67603,36.18135],[-115.67594,36.18227],[-115.67605,36.18304],[-115.67587,36.1836],[-115.67594,36.18372],[-115.6752,36.18455],[-115.67449,36.18495],[-115.67372,36.18479],[-115.67365,36.18455],[-115.67249,36.18428],[-115.67088,36.18339],[-115.67053,36.18361],[-115.67033,36.18353],[-115.66999,36.18332],[-115.67054,36.18307],[-115.67041,36.18291],[-115.66943,36.18273],[-115.66904,36.18244],[-115.66921,36.18211],[-115.66955,36.18202],[-115.67049,36.1825],[-115.67302,36.18295],[-115.67377,36.18256],[-115.674,36.18211],[-115.67465,36.18173],[-115.67526,36.18071],[-115.67556,36.18068],[-115.67582,36.18097],[-115.67573,36.18109],[-115.67603,36.18135]]]},"properties":{"fire_id":"ufid:2025-NVHTF-500730","source_collection":"history-2025","source_objectid":43753,"incident_name":"Trout Canyon","mapped_acres":30.27116,"mapped_acres_source":"poly_GISAcres","gis_acres":30.27116,"auto_acres":30.271048775643468,"reported_acres":30.27,"percent_contained":null,"state":"NV","state_wfigs":"US-NV","county":"Clark","discovery_time_utc":"2025-07-06T22:26:00Z","perimeter_time_utc":"2025-08-21T22:11:40Z","perimeter_edit_time_utc":null,"incident_modified_time_utc":"2025-08-04T14:55:03Z","containment_time_utc":"2025-07-14T01:43:00Z","control_time_utc":"2025-07-15T20:20:00Z","fire_out_time_utc":"2025-07-25T19:20:00Z","fire_cause":"Undetermined","fire_cause_general":"Undetermined","map_method":"Mixed Methods","source_dataset":"FFP","unique_fire_identifier":"2025-NVHTF-500730","irwin_id":"{902B946F-11E0-4557-A3FF-D52434AC73D8}","global_id":"14036664-d888-475c-a6fb-90ab0cbfe0af"}},{"type":"Feature","geometry":{"type":"Polygon","coordinates":[[[-117.20288,38.7698],[-117.20289,38.76913],[-117.20336,38.76905],[-117.20388,38.76921],[-117.20444,38.76976],[-117.2049,38.76987],[-117.20467,38.76999],[-117.20453,38.76993],[-117.20434,38.77017],[-117.20409,38.77019],[-117.20421,38.77032],[-117.20408,38.77046],[-117.20373,38.77057],[-117.20354,38.77049],[-117.2038,38.77035],[-117.20369,38.77006],[-117.20353,38.77009],[-117.20345,38.77035],[-117.20339,38.77024],[-117.2027,38.77044],[-117.20278,38.7706],[-117.20267,38.77069],[-117.20244,38.77055],[-117.20226,38.77061],[-117.2024,38.77031],[-117.20234,38.77018],[-117.20265,38.7701],[-117.20241,38.76988],[-117.20288,38.7698]]]},"properties":{"fire_id":"ufid:2025-NVHTF-020275","source_collection":"history-2025","source_objectid":43840,"incident_name":"Niagara","mapped_acres":5.0,"mapped_acres_source":"poly_GISAcres","gis_acres":5.0,"auto_acres":4.974793509290742,"reported_acres":5.7,"percent_contained":null,"state":"NV","state_wfigs":"US-NV","county":"Nye","discovery_time_utc":"2025-06-29T11:00:00Z","perimeter_time_utc":"2025-08-23T01:02:27Z","perimeter_edit_time_utc":null,"incident_modified_time_utc":"2025-08-16T23:50:52Z","containment_time_utc":"2025-06-30T19:56:00Z","control_time_utc":"2025-07-01T14:24:00Z","fire_out_time_utc":null,"fire_cause":"Human","fire_cause_general":"Recreation and ceremony","map_method":"Mixed Methods","source_dataset":"FFP","unique_fire_identifier":"2025-NVHTF-020275","irwin_id":"{EE23136B-778C-4461-8DBC-D2D0B604B5DB}","global_id":"04155961-7e24-4e8b-a1a3-786c41da5a94"}},{"type":"Feature","geometry":{"type":"Polygon","coordinates":[[[-119.78731,39.63085],[-119.7875,39.63108],[-119.78772,39.63091],[-119.78775,39.63113],[-119.78802,39.63126],[-119.78803,39.63171],[-119.78714,39.63222],[-119.78698,39.63211],[-119.78708,39.63156],[-119.78686,39.6314],[-119.78695,39.63129],[-119.78711,39.63136],[-119.78718,39.63094],[-119.78731,39.63085]]]},"properties":{"fire_id":"ufid:2025-NVCCD-030602","source_collection":"history-2025","source_objectid":43870,"incident_name":"Chimney 2","mapped_acres":2.24,"mapped_acres_source":"poly_GISAcres","gis_acres":2.24,"auto_acres":2.2441027894147654,"reported_acres":2.2,"percent_contained":null,"state":"NV","state_wfigs":"US-NV","county":"Washoe","discovery_time_utc":"2025-08-23T19:10:26Z","perimeter_time_utc":"2025-09-29T19:00:19Z","perimeter_edit_time_utc":null,"incident_modified_time_utc":"2025-09-26T18:15:13Z","containment_time_utc":"2025-08-24T00:17:00Z","control_time_utc":"2025-08-24T02:30:00Z","fire_out_time_utc":"2025-09-02T18:00:00Z","fire_cause":"Human","fire_cause_general":"Firearms and explosives use","map_method":"Mixed Methods","source_dataset":"FFP","unique_fire_identifier":"2025-NVCCD-030602","irwin_id":"{1F753D14-13A3-42F6-99C5-F2CC22904CF5}","global_id":"6e4280a5-b983-4697-a011-c7a8cbc2544c"}},{"type":"Feature","geometry":{"type":"Polygon","coordinates":[[[-115.31087,39.36763],[-115.30962,39.36837],[-115.30931,39.36842],[-115.30913,39.36828],[-115.31076,39.3674],[-115.31087,39.36763]]]},"properties":{"fire_id":"ufid:2025-NVELD-040242","source_collection":"history-2025","source_objectid":45351,"incident_name":"Moorman","mapped_acres":1.19,"mapped_acres_source":"poly_GISAcres","gis_acres":1.19,"auto_acres":1.1934331970035539,"reported_acres":1.0,"percent_contained":null,"state":"NV","state_wfigs":"US-NV","county":"White Pine","discovery_time_utc":"2025-08-04T21:32:00Z","perimeter_time_utc":"2026-06-12T17:58:03Z","perimeter_edit_time_utc":null,"incident_modified_time_utc":"2025-08-05T00:20:37Z","containment_time_utc":"2025-08-04T23:02:00Z","control_time_utc":"2025-08-04T23:31:00Z","fire_out_time_utc":"2025-08-12T01:00:00Z","fire_cause":"Human","fire_cause_general":"Equipment and vehicle use","map_method":"Mixed Methods","source_dataset":"FFP","unique_fire_identifier":"2025-NVELD-040242","irwin_id":"{C9070B6A-277A-4B62-887C-8BAC9F284D22}","global_id":"cad6c827-4a12-42ce-8d35-75232eefc50f"}},{"type":"Feature","geometry":{"type":"Polygon","coordinates":[[[-115.23527,37.53577],[-115.23586,37.53566],[-115.23604,37.53577],[-115.23607,37.53592],[-115.23593,37.53596],[-115.23602,37.53619],[-115.2359,37.5363],[-115.23605,37.53634],[-115.23607,37.53661],[-115.23578,37.53666],[-115.23553,37.53642],[-115.23527,37.53577]]]},"properties":{"fire_id":"ufid:2025-NVELD-040193","source_collection":"history-2025","source_objectid":45356,"incident_name":"Hiko Canyon Road","mapped_acres":1.19,"mapped_acres_source":"poly_GISAcres","gis_acres":1.19,"auto_acres":1.1893072922922012,"reported_acres":1.19,"percent_contained":null,"state":"NV","state_wfigs":"US-NV","county":"Lincoln","discovery_time_utc":"2025-07-13T14:55:42Z","perimeter_time_utc":"2025-10-20T20:55:13Z","perimeter_edit_time_utc":null,"incident_modified_time_utc":"2025-09-17T20:50:38Z","containment_time_utc":"2025-07-13T19:00:00Z","control_time_utc":"2025-07-15T23:20:00Z","fire_out_time_utc":"2025-07-23T03:00:00Z","fire_cause":"Human","fire_cause_general":"Equipment and vehicle use","map_method":"Mixed Methods","source_dataset":"FFP","unique_fire_identifier":"2025-NVELD-040193","irwin_id":"{2EECFE87-1BAC-462B-919A-848E9D4F86B4}","global_id":"19c620e0-e337-4262-b20d-f1d57f95b436"}},{"type":"Feature","geometry":{"type":"Polygon","coordinates":[[[-115.0168,38.88163],[-115.01669,38.88146],[-115.01684,38.8815],[-115.0168,38.88163]]]},"properties":{"fire_id":"ufid:2025-NVWHIX-040084","source_collection":"history-2025","source_objectid":45357,"incident_name":"Preston Nine","mapped_acres":0.04,"mapped_acres_source":"poly_GISAcres","gis_acres":0.04,"auto_acres":0.03948679995015152,"reported_acres":0.1,"percent_contained":null,"state":"NV","state_wfigs":"US-NV","county":"White Pine","discovery_time_utc":"2025-05-27T22:20:25Z","perimeter_time_utc":"2025-11-19T21:58:42Z","perimeter_edit_time_utc":null,"incident_modified_time_utc":"2025-09-17T20:54:24Z","containment_time_utc":"2025-05-27T22:30:00Z","control_time_utc":"2025-05-27T22:30:00Z","fire_out_time_utc":"2025-06-03T00:00:00Z","fire_cause":"Human","fire_cause_general":"Equipment and vehicle use","map_method":"Mixed Methods","source_dataset":"FFP","unique_fire_identifier":"2025-NVWHIX-040084","irwin_id":"{92227E37-C33E-4F3F-9B06-14FB874F6E71}","global_id":"fadfd896-757b-4c94-af08-a74a0018b098"}},{"type":"Feature","geometry":{"type":"Polygon","coordinates":[[[-115.03666,38.90606],[-115.03616,38.90564],[-115.03615,38.90555],[-115.03666,38.90606]]]},"properties":{"fire_id":"ufid:2025-NVWHIX-040081","source_collection":"history-2025","source_objectid":45358,"incident_name":"Preston Six","mapped_acres":0.1,"mapped_acres_source":"poly_GISAcres","gis_acres":0.1,"auto_acres":0.1024687010557136,"reported_acres":0.1,"percent_contained":null,"state":"NV","state_wfigs":"US-NV","county":"White Pine","discovery_time_utc":"2025-05-27T21:43:20Z","perimeter_time_utc":"2026-06-12T18:04:41Z","perimeter_edit_time_utc":null,"incident_modified_time_utc":"2025-10-21T18:07:05Z","containment_time_utc":"2025-05-27T22:30:00Z","control_time_utc":"2025-05-27T22:30:00Z","fire_out_time_utc":"2025-06-03T00:00:00Z","fire_cause":"Human","fire_cause_general":"Equipment and vehicle use","map_method":"Mixed Methods","source_dataset":"FFP","unique_fire_identifier":"2025-NVWHIX-040081","irwin_id":"{9F418CE8-AA9B-4903-A7B5-48D841E4468E}","global_id":"0cc09b1c-d372-44a1-976a-93d9fe167a63"}},{"type":"Feature","geometry":{"type":"Polygon","coordinates":[[[-115.017,38.88196],[-115.01713,38.88194],[-115.01743,38.88252],[-115.017,38.88196]]]},"properties":{"fire_id":"ufid:2025-NVWHIX-040083","source_collection":"history-2025","source_objectid":45359,"incident_name":"Preston Eight","mapped_acres":0.17,"mapped_acres_source":"poly_GISAcres","gis_acres":0.17,"auto_acres":0.1740071431992764,"reported_acres":0.17,"percent_contained":null,"state":"NV","state_wfigs":"US-NV","county":"White Pine","discovery_time_utc":"2025-05-27T22:19:30Z","perimeter_time_utc":"2025-11-19T21:59:27Z","perimeter_edit_time_utc":null,"incident_modified_time_utc":"2025-09-17T20:55:08Z","containment_time_utc":"2025-05-27T22:30:00Z","control_time_utc":"2025-05-27T22:30:00Z","fire_out_time_utc":"2025-06-03T00:00:00Z","fire_cause":"Human","fire_cause_general":"Equipment and vehicle use","map_method":"Mixed Methods","source_dataset":"FFP","unique_fire_identifier":"2025-NVWHIX-040083","irwin_id":"{C8EE385D-75EB-431F-8219-CF606E1C5375}","global_id":"91992c8d-4cfa-4239-ab17-3da9615704ed"}},{"type":"Feature","geometry":{"type":"Polygon","coordinates":[[[-115.03935,38.90833],[-115.03898,38.90797],[-115.03921,38.90801],[-115.03935,38.90833]]]},"properties":{"fire_id":"ufid:2025-NVWHIX-040078","source_collection":"history-2025","source_objectid":45360,"incident_name":"Preston Three","mapped_acres":0.1,"mapped_acres_source":"poly_GISAcres","gis_acres":0.1,"auto_acres":0.10490098359670877,"reported_acres":0.1,"percent_contained":null,"state":"NV","state_wfigs":"US-NV","county":"White Pine","discovery_time_utc":"2025-05-27T19:32:02Z","perimeter_time_utc":"2026-06-12T18:09:35Z","perimeter_edit_time_utc":null,"incident_modified_time_utc":"2025-06-03T16:52:06Z","containment_time_utc":"2025-05-27T21:00:00Z","control_time_utc":"2025-05-27T21:00:00Z","fire_out_time_utc":"2025-06-03T00:00:00Z","fire_cause":"Human","fire_cause_general":"Equipment and vehicle use","map_method":"Mixed Methods","source_dataset":"FFP","unique_fire_identifier":"2025-NVWHIX-040078","irwin_id":"{7202A8C2-4113-45B9-A99B-A71E461C637A}","global_id":"72af14d6-4c4c-4d29-9bb9-a2dae9871b28"}},{"type":"Feature","geometry":{"type":"MultiPolygon","coordinates":[[[[-115.02921,38.89875],[-115.0292,38.89874],[-115.02921,38.89874],[-115.02921,38.89875]]],[[[-115.02854,38.89806],[-115.02922,38.89863],[-115.02923,38.89872],[-115.02854,38.89806]]]]},"properties":{"fire_id":"ufid:2025-NVWHIX-040082","source_collection":"history-2025","source_objectid":45361,"incident_name":"Preston Seven","mapped_acres":0.19,"mapped_acres_source":"poly_GISAcres","gis_acres":0.19,"auto_acres":0.18676113023795676,"reported_acres":0.19,"percent_contained":null,"state":"NV","state_wfigs":"US-NV","county":"White Pine","discovery_time_utc":"2025-05-27T21:44:18Z","perimeter_time_utc":"2026-06-12T18:03:28Z","perimeter_edit_time_utc":null,"incident_modified_time_utc":"2025-09-17T20:55:39Z","containment_time_utc":"2025-05-27T22:30:00Z","control_time_utc":"2025-05-27T22:30:00Z","fire_out_time_utc":"2025-06-03T00:00:00Z","fire_cause":"Human","fire_cause_general":"Equipment and vehicle use","map_method":"Mixed Methods","source_dataset":"FFP","unique_fire_identifier":"2025-NVWHIX-040082","irwin_id":"{88BCC4B8-0578-4B29-ACBE-799FD266ED41}","global_id":"b3091840-1c47-43a2-9a88-92fa9f58767f"}},{"type":"Feature","geometry":{"type":"Polygon","coordinates":[[[-115.03899,38.90817],[-115.03822,38.90762],[-115.03815,38.90772],[-115.03804,38.90759],[-115.03812,38.90737],[-115.03899,38.90817]]]},"properties":{"fire_id":"ufid:2025-NVWHIX-040079","source_collection":"history-2025","source_objectid":45362,"incident_name":"Preston Four","mapped_acres":0.35,"mapped_acres_source":"poly_GISAcres","gis_acres":0.35,"auto_acres":0.35399941698689685,"reported_acres":0.35,"percent_contained":null,"state":"NV","state_wfigs":"US-NV","county":"White Pine","discovery_time_utc":"2025-05-27T19:32:43Z","perimeter_time_utc":"2026-06-12T18:07:26Z","perimeter_edit_time_utc":null,"incident_modified_time_utc":"2025-09-17T20:57:38Z","containment_time_utc":"2025-05-27T21:00:00Z","control_time_utc":"2025-05-27T21:00:00Z","fire_out_time_utc":"2025-06-03T00:00:00Z","fire_cause":"Human","fire_cause_general":"Equipment and vehicle use","map_method":"Mixed Methods","source_dataset":"FFP","unique_fire_identifier":"2025-NVWHIX-040079","irwin_id":"{D5191092-440A-4844-B31F-585507BD359F}","global_id":"d65d0f50-8283-455c-beb5-d4afdef46fa7"}},{"type":"Feature","geometry":{"type":"Polygon","coordinates":[[[-115.03756,38.90681],[-115.03721,38.90666],[-115.03674,38.90609],[-115.03756,38.90681]]]},"properties":{"fire_id":"ufid:2025-NVWHIX-040080","source_collection":"history-2025","source_objectid":45363,"incident_name":"Preston Five","mapped_acres":0.21,"mapped_acres_source":"poly_GISAcres","gis_acres":0.21,"auto_acres":0.2052930028793092,"reported_acres":0.21,"percent_contained":null,"state":"NV","state_wfigs":"US-NV","county":"White Pine","discovery_time_utc":"2025-05-27T19:33:09Z","perimeter_time_utc":"2026-06-12T18:06:31Z","perimeter_edit_time_utc":null,"incident_modified_time_utc":"2025-09-17T20:57:05Z","containment_time_utc":"2025-05-27T21:00:00Z","control_time_utc":"2025-05-27T21:00:00Z","fire_out_time_utc":"2025-06-03T00:00:00Z","fire_cause":"Human","fire_cause_general":"Equipment and vehicle use","map_method":"Mixed Methods","source_dataset":"FFP","unique_fire_identifier":"2025-NVWHIX-040080","irwin_id":"{3CAF8288-D49C-4111-A9A0-DE3CE4D58D66}","global_id":"d2c7e05e-4924-42d9-9891-cf5adf9c9473"}},{"type":"Feature","geometry":{"type":"Polygon","coordinates":[[[-115.0403,38.90939],[-115.03989,38.90907],[-115.03965,38.90906],[-115.03947,38.90866],[-115.0403,38.90939]]]},"properties":{"fire_id":"ufid:2025-NVWHIX-040077","source_collection":"history-2025","source_objectid":45364,"incident_name":"Preston Two","mapped_acres":0.24,"mapped_acres_source":"poly_GISAcres","gis_acres":0.24,"auto_acres":0.23997894194521657,"reported_acres":0.24,"percent_contained":null,"state":"NV","state_wfigs":"US-NV","county":"White Pine","discovery_time_utc":"2025-05-27T19:31:15Z","perimeter_time_utc":"2026-06-12T18:12:35Z","perimeter_edit_time_utc":null,"incident_modified_time_utc":"2025-05-27T23:14:56Z","containment_time_utc":null,"control_time_utc":"2025-05-27T21:00:00Z","fire_out_time_utc":"2025-06-03T00:00:00Z","fire_cause":"Human","fire_cause_general":"Equipment and vehicle use","map_method":"Mixed Methods","source_dataset":"FFP","unique_fire_identifier":"2025-NVWHIX-040077","irwin_id":"{35AC4EB7-F2D4-4F68-8B52-269B4762B931}","global_id":"56523536-4446-4637-b302-0bc6987b2e66"}},{"type":"Feature","geometry":{"type":"Polygon","coordinates":[[[-115.04052,38.90909],[-115.04066,38.90933],[-115.04087,38.9094],[-115.04087,38.90923],[-115.04101,38.90916],[-115.04137,38.90917],[-115.04154,38.90944],[-115.0415,38.90962],[-115.04133,38.90968],[-115.04129,38.90996],[-115.04175,38.91037],[-115.04171,38.91046],[-115.04034,38.90923],[-115.04052,38.90909]]]},"properties":{"fire_id":"ufid:2025-NVWHIX-040076","source_collection":"history-2025","source_objectid":45365,"incident_name":"Preston One","mapped_acres":1.35,"mapped_acres_source":"poly_GISAcres","gis_acres":1.35,"auto_acres":1.349373292986714,"reported_acres":1.35,"percent_contained":null,"state":"NV","state_wfigs":"US-NV","county":"White Pine","discovery_time_utc":"2025-05-27T18:24:11Z","perimeter_time_utc":"2026-06-12T18:14:26Z","perimeter_edit_time_utc":null,"incident_modified_time_utc":"2025-05-27T23:16:04Z","containment_time_utc":null,"control_time_utc":"2025-05-27T21:00:00Z","fire_out_time_utc":"2025-06-03T00:00:00Z","fire_cause":"Human","fire_cause_general":"Equipment and vehicle use","map_method":"Mixed Methods","source_dataset":"FFP","unique_fire_identifier":"2025-NVWHIX-040076","irwin_id":"{51C22512-6C60-40AD-AE59-9BAF8281C1D2}","global_id":"9f04bf81-ee5b-4638-980e-c80e8e776003"}},{"type":"Feature","geometry":{"type":"Polygon","coordinates":[[[-119.97592,39.58336],[-119.97571,39.58291],[-119.97611,39.58295],[-119.9763,39.58279],[-119.97608,39.58257],[-119.97703,39.58253],[-119.97687,39.58281],[-119.97701,39.58293],[-119.97699,39.58312],[-119.97672,39.58322],[-119.9766,39.58341],[-119.97682,39.58378],[-119.97661,39.5838],[-119.97648,39.58361],[-119.97637,39.58366],[-119.97592,39.58336]]]},"properties":{"fire_id":"ufid:2025-NVHTF-030231","source_collection":"history-2025","source_objectid":46270,"incident_name":"Chrystal","mapped_acres":2.21,"mapped_acres_source":"poly_GISAcres","gis_acres":2.21,"auto_acres":2.2084807677980636,"reported_acres":2.2,"percent_contained":null,"state":"NV","state_wfigs":"US-NV","county":"Washoe","discovery_time_utc":"2025-05-25T19:45:00Z","perimeter_time_utc":"2025-09-23T16:03:05Z","perimeter_edit_time_utc":null,"incident_modified_time_utc":"2025-06-25T00:18:47Z","containment_time_utc":"2025-05-26T04:25:00Z","control_time_utc":"2025-05-26T21:50:00Z","fire_out_time_utc":"2025-06-12T21:00:00Z","fire_cause":"Human","fire_cause_general":"Undetermined","map_method":"Mixed Methods","source_dataset":"FFP","unique_fire_identifier":"2025-NVHTF-030231","irwin_id":"{8E2ED1FC-3444-483F-8F03-F118E4286E35}","global_id":"53781e8a-790e-40cf-b899-7a0ad418877e"}},{"type":"Feature","geometry":{"type":"Polygon","coordinates":[[[-119.68672,38.85414],[-119.68675,38.85406],[-119.68681,38.85413],[-119.68672,38.85414]]]},"properties":{"fire_id":"ufid:2025-NVHTF-030502","source_collection":"history-2025","source_objectid":46281,"incident_name":"China Springs","mapped_acres":0.01,"mapped_acres_source":"poly_GISAcres","gis_acres":0.01,"auto_acres":0.008527519076688401,"reported_acres":0.1,"percent_contained":null,"state":"NV","state_wfigs":"US-NV","county":"Douglas","discovery_time_utc":"2025-07-30T19:31:19Z","perimeter_time_utc":"2025-09-23T18:02:11Z","perimeter_edit_time_utc":null,"incident_modified_time_utc":"2025-08-05T23:37:08Z","containment_time_utc":"2025-07-30T21:27:00Z","control_time_utc":"2025-07-30T22:07:00Z","fire_out_time_utc":"2025-07-31T17:32:00Z","fire_cause":"Natural","fire_cause_general":"Natural","map_method":"Mixed Methods","source_dataset":"FFP","unique_fire_identifier":"2025-NVHTF-030502","irwin_id":"{E77D6BFF-1C29-4341-99C2-76F407A10B73}","global_id":"33f408b5-cdc2-4f1e-be41-56b17c8bca03"}},{"type":"Feature","geometry":{"type":"MultiPolygon","coordinates":[[[[-115.67864,36.46091],[-115.6786,36.46087],[-115.67864,36.46077],[-115.67864,36.46091]]],[[[-115.67871,36.46059],[-115.67876,36.46065],[-115.67867,36.46073],[-115.67871,36.46059]]],[[[-115.67867,36.46073],[-115.67867,36.46075],[-115.67864,36.46077],[-115.67867,36.46073]]]]},"properties":{"fire_id":"ufid:2025-NVSND-500192","source_collection":"history-2025","source_objectid":46418,"incident_name":"Cold Creek","mapped_acres":0.02806054,"mapped_acres_source":"poly_GISAcres","gis_acres":0.02806054,"auto_acres":0.028060502615731803,"reported_acres":0.1,"percent_contained":null,"state":"NV","state_wfigs":"US-NV","county":"Clark","discovery_time_utc":"2025-03-03T00:09:07Z","perimeter_time_utc":"2025-09-25T23:22:10Z","perimeter_edit_time_utc":null,"incident_modified_time_utc":"2025-03-12T16:54:19Z","containment_time_utc":"2025-03-03T03:08:00Z","control_time_utc":"2025-03-03T03:08:00Z","fire_out_time_utc":"2025-03-03T19:25:00Z","fire_cause":"Human","fire_cause_general":"Undetermined","map_method":"Mixed Methods","source_dataset":"FFP","unique_fire_identifier":"2025-NVSND-500192","irwin_id":"{A694E067-1F8B-4296-970E-0B0E73A49B9D}","global_id":"cca59b98-9619-4f1b-b9eb-486d9db51036"}},{"type":"Feature","geometry":{"type":"Polygon","coordinates":[[[-119.76923,39.85261],[-119.76936,39.8523],[-119.76946,39.85233],[-119.76934,39.85261],[-119.76923,39.85261]]]},"properties":{"fire_id":"ufid:2025-NVCCD-030356","source_collection":"history-2025","source_objectid":46440,"incident_name":"Moon 2","mapped_acres":0.1,"mapped_acres_source":"poly_GISAcres","gis_acres":0.1,"auto_acres":0.09578840214699687,"reported_acres":0.25,"percent_contained":null,"state":"NV","state_wfigs":"US-NV","county":"Washoe","discovery_time_utc":"2025-07-02T01:37:45Z","perimeter_time_utc":"2025-09-26T16:52:49Z","perimeter_edit_time_utc":null,"incident_modified_time_utc":"2025-07-09T20:06:43Z","containment_time_utc":"2025-07-02T17:54:00Z","control_time_utc":"2025-07-02T17:54:00Z","fire_out_time_utc":"2025-07-03T17:51:00Z","fire_cause":"Natural","fire_cause_general":"Natural","map_method":"Mixed Methods","source_dataset":"FFP","unique_fire_identifier":"2025-NVCCD-030356","irwin_id":"{7B05A544-BA30-42F0-90ED-8B40C17E481C}","global_id":"cac7c4f9-5b0a-41cc-8da7-c2d3b8e33f68"}},{"type":"Feature","geometry":{"type":"Polygon","coordinates":[[[-119.78364,39.62452],[-119.78359,39.62442],[-119.78369,39.62449],[-119.78364,39.62452]]]},"properties":{"fire_id":"ufid:2025-NVCCD-030402","source_collection":"history-2025","source_objectid":46441,"incident_name":"Chimney","mapped_acres":0.02,"mapped_acres_source":"poly_GISAcres","gis_acres":0.02,"auto_acres":0.018471325885605072,"reported_acres":0.1,"percent_contained":null,"state":"NV","state_wfigs":"US-NV","county":"Washoe","discovery_time_utc":"2025-07-07T03:46:29Z","perimeter_time_utc":"2025-09-26T16:56:19Z","perimeter_edit_time_utc":null,"incident_modified_time_utc":"2025-07-09T20:36:52Z","containment_time_utc":"2025-07-07T06:02:00Z","control_time_utc":"2025-07-07T06:03:00Z","fire_out_time_utc":"2025-07-07T19:05:00Z","fire_cause":"Human","fire_cause_general":"Fireworks","map_method":"Mixed Methods","source_dataset":"FFP","unique_fire_identifier":"2025-NVCCD-030402","irwin_id":"{971B14D6-3F75-4F95-A2DE-49D2BAD6AC6C}","global_id":"f2626900-a53e-4a0e-9f7e-f8b48fc23458"}},{"type":"Feature","geometry":{"type":"Polygon","coordinates":[[[-119.664,39.58847],[-119.66498,39.58856],[-119.66508,39.58834],[-119.66526,39.58859],[-119.66553,39.58855],[-119.66518,39.58879],[-119.66508,39.58862],[-119.66438,39.58884],[-119.66404,39.58926],[-119.66334,39.58967],[-119.66328,39.58933],[-119.66357,39.58909],[-119.6639,39.58838],[-119.66357,39.5879],[-119.66367,39.58791],[-119.66364,39.58773],[-119.664,39.58847]]]},"properties":{"fire_id":"ufid:2025-NVCCD-030373","source_collection":"history-2025","source_objectid":46442,"incident_name":"Golden Eagle","mapped_acres":2.26,"mapped_acres_source":"poly_GISAcres","gis_acres":2.26,"auto_acres":2.2615678669019084,"reported_acres":2.26,"percent_contained":null,"state":"NV","state_wfigs":"US-NV","county":"Washoe","discovery_time_utc":"2025-07-04T19:17:00Z","perimeter_time_utc":"2025-09-26T16:55:43Z","perimeter_edit_time_utc":null,"incident_modified_time_utc":"2025-07-25T17:53:59Z","containment_time_utc":"2025-07-04T22:53:00Z","control_time_utc":"2025-07-04T22:53:00Z","fire_out_time_utc":"2025-07-20T17:15:00Z","fire_cause":"Human","fire_cause_general":"Firearms and explosives use","map_method":"Mixed Methods","source_dataset":"FFP","unique_fire_identifier":"2025-NVCCD-030373","irwin_id":"{A6A3B2B1-B93A-4CBB-A872-016F30C3BF9A}","global_id":"974d5501-040b-420c-a371-957ea693385c"}},{"type":"Feature","geometry":{"type":"Polygon","coordinates":[[[-119.9512,39.67344],[-119.95126,39.67353],[-119.95105,39.67359],[-119.9512,39.67344]]]},"properties":{"fire_id":"ufid:2025-NVCCD-030517","source_collection":"history-2025","source_objectid":46443,"incident_name":"Polar Bear","mapped_acres":0.05,"mapped_acres_source":"poly_GISAcres","gis_acres":0.05,"auto_acres":0.04534303530271345,"reported_acres":0.1,"percent_contained":null,"state":"NV","state_wfigs":"US-NV","county":"Washoe","discovery_time_utc":"2025-08-03T05:03:53Z","perimeter_time_utc":"2025-09-26T16:53:59Z","perimeter_edit_time_utc":null,"incident_modified_time_utc":"2025-09-05T20:18:01Z","containment_time_utc":"2025-08-03T05:52:00Z","control_time_utc":"2025-08-03T05:52:00Z","fire_out_time_utc":"2025-09-02T18:00:00Z","fire_cause":"Human","fire_cause_general":"Equipment and vehicle use","map_method":"Mixed Methods","source_dataset":"FFP","unique_fire_identifier":"2025-NVCCD-030517","irwin_id":"{3441FDDA-F24E-4157-BE7F-9C1FD4F7383D}","global_id":"88980622-70d4-45c2-a957-b53cf873ca1e"}},{"type":"Feature","geometry":{"type":"Polygon","coordinates":[[[-119.66454,39.59042],[-119.66385,39.59016],[-119.66393,39.58988],[-119.66335,39.58967],[-119.66331,39.58934],[-119.66362,39.58953],[-119.66416,39.58913],[-119.66425,39.58923],[-119.66455,39.58909],[-119.66477,39.58956],[-119.66463,39.5902],[-119.66518,39.59053],[-119.66548,39.59057],[-119.66491,39.59059],[-119.66444,39.59077],[-119.66454,39.59042]]]},"properties":{"fire_id":"ufid:2025-NVCCD-030475","source_collection":"history-2025","source_objectid":46444,"incident_name":"Hulk","mapped_acres":3.04,"mapped_acres_source":"poly_GISAcres","gis_acres":3.04,"auto_acres":3.0354565352889655,"reported_acres":3.0,"percent_contained":null,"state":"NV","state_wfigs":"US-NV","county":"Washoe","discovery_time_utc":"2025-07-25T19:36:21Z","perimeter_time_utc":"2025-09-26T16:55:19Z","perimeter_edit_time_utc":null,"incident_modified_time_utc":"2025-07-31T17:24:56Z","containment_time_utc":"2025-07-26T00:03:00Z","control_time_utc":"2025-07-26T00:03:00Z","fire_out_time_utc":"2025-07-28T17:24:00Z","fire_cause":"Human","fire_cause_general":"Firearms and explosives use","map_method":"Mixed Methods","source_dataset":"FFP","unique_fire_identifier":"2025-NVCCD-030475","irwin_id":"{B7578E9B-934C-4095-B2E0-0D6408D8EED3}","global_id":"293635be-0fde-444f-99ed-1adaa9d5d246"}},{"type":"Feature","geometry":{"type":"Polygon","coordinates":[[[-119.5914,39.92555],[-119.5908,39.92535],[-119.59061,39.92509],[-119.59058,39.92482],[-119.59073,39.92467],[-119.5911,39.92475],[-119.59137,39.92504],[-119.5914,39.92555]]]},"properties":{"fire_id":"ufid:2025-NVCCD-030413","source_collection":"history-2025","source_objectid":46447,"incident_name":"Cliff","mapped_acres":1.11,"mapped_acres_source":"poly_GISAcres","gis_acres":1.11,"auto_acres":1.113781261421809,"reported_acres":1.1,"percent_contained":null,"state":"NV","state_wfigs":"US-NV","county":"Washoe","discovery_time_utc":"2025-07-10T14:00:05Z","perimeter_time_utc":"2025-09-26T17:02:29Z","perimeter_edit_time_utc":null,"incident_modified_time_utc":"2025-09-05T20:37:21Z","containment_time_utc":"2025-07-10T17:00:00Z","control_time_utc":"2025-07-10T17:00:00Z","fire_out_time_utc":"2025-07-13T16:00:00Z","fire_cause":"Human","fire_cause_general":"Other causes","map_method":"Mixed Methods","source_dataset":"FFP","unique_fire_identifier":"2025-NVCCD-030413","irwin_id":"{6BBD22C6-E6CD-4825-91F8-D2E02C0C3B53}","global_id":"573af276-26be-4985-aed1-f41bbfd72f65"}},{"type":"Feature","geometry":{"type":"Polygon","coordinates":[[[-119.49194,39.87523],[-119.49222,39.87513],[-119.49258,39.87541],[-119.4923,39.87548],[-119.49194,39.87523]]]},"properties":{"fire_id":"ufid:2025-NVCCD-030309","source_collection":"history-2025","source_objectid":46448,"incident_name":"Blockhouse","mapped_acres":0.26,"mapped_acres_source":"poly_GISAcres","gis_acres":0.26,"auto_acres":0.25889158398464357,"reported_acres":0.25,"percent_contained":null,"state":"NV","state_wfigs":"US-NV","county":"Washoe","discovery_time_utc":"2025-06-19T15:11:45Z","perimeter_time_utc":"2025-09-26T17:00:00Z","perimeter_edit_time_utc":null,"incident_modified_time_utc":"2025-07-10T23:38:25Z","containment_time_utc":"2025-06-19T15:39:00Z","control_time_utc":"2025-06-19T15:39:00Z","fire_out_time_utc":"2025-06-20T23:00:00Z","fire_cause":"Human","fire_cause_general":"Undetermined","map_method":"Mixed Methods","source_dataset":"FFP","unique_fire_identifier":"2025-NVCCD-030309","irwin_id":"{37F205FE-B75E-4011-9A9F-6C597E879416}","global_id":"90d0d1ff-6048-4991-b8d4-9919d6fdc46d"}},{"type":"Feature","geometry":{"type":"Polygon","coordinates":[[[-119.57235,39.92448],[-119.57289,39.9242],[-119.57322,39.92429],[-119.5732,39.92448],[-119.57292,39.92445],[-119.57272,39.92464],[-119.57235,39.92448]]]},"properties":{"fire_id":"ufid:2025-NVCCD-030405","source_collection":"history-2025","source_objectid":46449,"incident_name":"Rabbit","mapped_acres":0.5,"mapped_acres_source":"poly_GISAcres","gis_acres":0.5,"auto_acres":0.4981600846905648,"reported_acres":0.5,"percent_contained":null,"state":"NV","state_wfigs":"US-NV","county":"Washoe","discovery_time_utc":"2025-07-08T00:20:31Z","perimeter_time_utc":"2025-09-26T17:01:31Z","perimeter_edit_time_utc":null,"incident_modified_time_utc":"2025-09-05T20:35:10Z","containment_time_utc":"2025-07-08T03:30:00Z","control_time_utc":"2025-07-08T03:30:00Z","fire_out_time_utc":"2025-07-13T16:00:00Z","fire_cause":"Human","fire_cause_general":"Undetermined","map_method":"Mixed Methods","source_dataset":"FFP","unique_fire_identifier":"2025-NVCCD-030405","irwin_id":"{7C29AF86-4C39-422C-B81E-12E9461F9F5D}","global_id":"ed573774-08fa-49ea-80ca-5c37d295ec30"}},{"type":"Feature","geometry":{"type":"Polygon","coordinates":[[[-119.43445,39.8223],[-119.43352,39.82304],[-119.43313,39.82302],[-119.4331,39.82286],[-119.43335,39.82259],[-119.43321,39.82255],[-119.43343,39.82201],[-119.43392,39.82164],[-119.43455,39.82167],[-119.43437,39.82218],[-119.43445,39.8223]]]},"properties":{"fire_id":"ufid:2025-NVCCD-030487","source_collection":"history-2025","source_objectid":46450,"incident_name":"Crowley","mapped_acres":2.87,"mapped_acres_source":"poly_GISAcres","gis_acres":2.87,"auto_acres":2.8729360316636834,"reported_acres":3.0,"percent_contained":null,"state":"NV","state_wfigs":"US-NV","county":"Washoe","discovery_time_utc":"2025-07-28T02:56:04Z","perimeter_time_utc":"2025-09-26T16:59:30Z","perimeter_edit_time_utc":null,"incident_modified_time_utc":"2025-09-03T21:54:21Z","containment_time_utc":"2025-07-28T04:45:00Z","control_time_utc":"2025-07-28T16:14:00Z","fire_out_time_utc":"2025-08-04T19:06:00Z","fire_cause":"Natural","fire_cause_general":"Natural","map_method":"Mixed Methods","source_dataset":"FFP","unique_fire_identifier":"2025-NVCCD-030487","irwin_id":"{B4028D59-1DC3-4AD6-8A4F-FC57202D8C9B}","global_id":"2f0dfd3a-b89d-419c-8859-6bc8885af860"}},{"type":"Feature","geometry":{"type":"Polygon","coordinates":[[[-119.5994,39.94616],[-119.59948,39.94555],[-119.60019,39.94558],[-119.60005,39.94563],[-119.60011,39.94598],[-119.60005,39.94584],[-119.59994,39.94607],[-119.59986,39.94597],[-119.59962,39.94618],[-119.5994,39.94616]]]},"properties":{"fire_id":"ufid:2025-NVCCD-030316","source_collection":"history-2025","source_objectid":46452,"incident_name":"Tufa Rock","mapped_acres":0.86,"mapped_acres_source":"poly_GISAcres","gis_acres":0.86,"auto_acres":0.8624246793123831,"reported_acres":0.9,"percent_contained":null,"state":"NV","state_wfigs":"US-NV","county":"Washoe","discovery_time_utc":"2025-06-21T05:01:58Z","perimeter_time_utc":"2025-09-26T17:04:08Z","perimeter_edit_time_utc":null,"incident_modified_time_utc":"2025-09-05T20:45:31Z","containment_time_utc":"2025-06-21T07:43:00Z","control_time_utc":"2025-06-21T14:55:00Z","fire_out_time_utc":"2025-06-22T23:00:00Z","fire_cause":"Human","fire_cause_general":"Undetermined","map_method":"Mixed Methods","source_dataset":"FFP","unique_fire_identifier":"2025-NVCCD-030316","irwin_id":"{7FBF983D-0AD5-47AB-AF04-C72D9F2E75E3}","global_id":"321a8952-55e2-4d50-b3d3-0a6989f6feea"}},{"type":"Feature","geometry":{"type":"Polygon","coordinates":[[[-119.60315,39.95701],[-119.60359,39.9577],[-119.60279,39.95799],[-119.60254,39.95724],[-119.60315,39.95701]]]},"properties":{"fire_id":"ufid:2025-NVCCD-030382","source_collection":"history-2025","source_objectid":46453,"incident_name":"Marina","mapped_acres":1.4,"mapped_acres_source":"poly_GISAcres","gis_acres":1.4,"auto_acres":1.4000040195862877,"reported_acres":1.5,"percent_contained":null,"state":"NV","state_wfigs":"US-NV","county":"Washoe","discovery_time_utc":"2025-07-05T04:55:59Z","perimeter_time_utc":"2025-09-26T17:03:34Z","perimeter_edit_time_utc":null,"incident_modified_time_utc":"2025-07-10T23:46:12Z","containment_time_utc":"2025-07-05T07:05:00Z","control_time_utc":"2025-07-05T07:05:00Z","fire_out_time_utc":"2025-07-07T19:03:00Z","fire_cause":"Human","fire_cause_general":"Undetermined","map_method":"Mixed Methods","source_dataset":"FFP","unique_fire_identifier":"2025-NVCCD-030382","irwin_id":"{BDFF85E7-B5AA-4DDC-A3F7-DF7488263BEC}","global_id":"29882e8f-b52c-4882-a2fb-1b9f93eb889a"}},{"type":"Feature","geometry":{"type":"Polygon","coordinates":[[[-119.64641,38.78256],[-119.64654,38.78273],[-119.64682,38.78264],[-119.64669,38.78279],[-119.64681,38.78288],[-119.64693,38.78284],[-119.64682,38.78273],[-119.64695,38.7826],[-119.64713,38.78269],[-119.64706,38.78279],[-119.64762,38.78271],[-119.64779,38.78291],[-119.64746,38.78332],[-119.6476,38.78341],[-119.64762,38.78329],[-119.64777,38.78332],[-119.64779,38.78354],[-119.64753,38.78367],[-119.64739,38.78342],[-119.64694,38.78356],[-119.64688,38.78341],[-119.64647,38.7835],[-119.64634,38.7832],[-119.64641,38.78295],[-119.64661,38.78296],[-119.64657,38.78307],[-119.6468,38.783],[-119.64632,38.78273],[-119.64641,38.78256]]]},"properties":{"fire_id":"ufid:2025-NVCCD-030497","source_collection":"history-2025","source_objectid":46518,"incident_name":"Doudes Spring","mapped_acres":2.44,"mapped_acres_source":"poly_GISAcres","gis_acres":2.44,"auto_acres":2.439224921476088,"reported_acres":2.0,"percent_contained":null,"state":"NV","state_wfigs":"US-NV","county":"Douglas","discovery_time_utc":"2025-07-30T07:49:09Z","perimeter_time_utc":"2025-09-29T18:46:28Z","perimeter_edit_time_utc":null,"incident_modified_time_utc":"2025-09-26T20:19:06Z","containment_time_utc":"2025-07-30T16:18:00Z","control_time_utc":"2025-07-30T19:12:00Z","fire_out_time_utc":"2025-08-04T19:08:00Z","fire_cause":"Natural","fire_cause_general":"Natural","map_method":"Mixed Methods","source_dataset":"FFP","unique_fire_identifier":"2025-NVCCD-030497","irwin_id":"{031AAC30-6A56-4CC7-9729-C4F776B88125}","global_id":"933bff1e-d609-43c4-b008-22991cfe05c1"}},{"type":"Feature","geometry":{"type":"Polygon","coordinates":[[[-119.57437,39.91899],[-119.57426,39.91872],[-119.57451,39.91849],[-119.57469,39.91891],[-119.57489,39.91878],[-119.57513,39.9189],[-119.57474,39.91892],[-119.57462,39.91917],[-119.57437,39.91899]]]},"properties":{"fire_id":"ufid:2025-NVCCD-030364","source_collection":"history-2025","source_objectid":46519,"incident_name":"Junction","mapped_acres":0.5,"mapped_acres_source":"poly_GISAcres","gis_acres":0.5,"auto_acres":0.503116766089807,"reported_acres":0.5,"percent_contained":null,"state":"NV","state_wfigs":"US-NV","county":"Washoe","discovery_time_utc":"2025-07-03T00:31:56Z","perimeter_time_utc":"2025-09-29T18:49:47Z","perimeter_edit_time_utc":null,"incident_modified_time_utc":"2025-07-03T04:06:06Z","containment_time_utc":"2025-07-03T04:03:00Z","control_time_utc":"2025-07-03T04:03:00Z","fire_out_time_utc":"2025-07-07T19:02:00Z","fire_cause":"Human","fire_cause_general":"Undetermined","map_method":"Mixed Methods","source_dataset":"FFP","unique_fire_identifier":"2025-NVCCD-030364","irwin_id":"{F549D2E5-214A-414B-91D4-B6AB781CAC09}","global_id":"cee281f1-3767-4803-a9ba-0bc189867256"}},{"type":"Feature","geometry":{"type":"Polygon","coordinates":[[[-119.65636,38.85318],[-119.65683,38.85319],[-119.65707,38.85336],[-119.65684,38.85351],[-119.6564,38.85339],[-119.65636,38.85318]]]},"properties":{"fire_id":"ufid:2025-NVCCD-030582","source_collection":"history-2025","source_objectid":46523,"incident_name":"Ray May","mapped_acres":0.38,"mapped_acres_source":"poly_GISAcres","gis_acres":0.38,"auto_acres":0.3760679990180615,"reported_acres":0.5,"percent_contained":null,"state":"NV","state_wfigs":"US-NV","county":"Douglas","discovery_time_utc":"2025-08-19T21:12:04Z","perimeter_time_utc":"2025-09-29T18:48:42Z","perimeter_edit_time_utc":null,"incident_modified_time_utc":"2025-09-29T17:14:52Z","containment_time_utc":"2025-08-19T23:29:00Z","control_time_utc":"2025-08-20T00:31:00Z","fire_out_time_utc":"2025-09-02T18:00:00Z","fire_cause":"Human","fire_cause_general":"Equipment and vehicle use","map_method":"Mixed Methods","source_dataset":"FFP","unique_fire_identifier":"2025-NVCCD-030582","irwin_id":"{75858D21-4FC1-429C-8541-687F5B265B34}","global_id":"08e6aa83-da7c-44a9-87b9-1d32b3570e5f"}},{"type":"Feature","geometry":{"type":"Polygon","coordinates":[[[-119.77013,39.85023],[-119.77014,39.8502],[-119.77018,39.85025],[-119.77013,39.85023]]]},"properties":{"fire_id":"ufid:2025-NVCCD-030354","source_collection":"history-2025","source_objectid":46524,"incident_name":"Moon","mapped_acres":0.0,"mapped_acres_source":"poly_GISAcres","gis_acres":0.0,"auto_acres":0.004150421633059409,"reported_acres":0.1,"percent_contained":null,"state":"NV","state_wfigs":"US-NV","county":"Washoe","discovery_time_utc":"2025-07-02T01:13:00Z","perimeter_time_utc":"2025-09-29T18:52:22Z","perimeter_edit_time_utc":null,"incident_modified_time_utc":"2025-07-03T18:01:42Z","containment_time_utc":"2025-07-02T15:12:00Z","control_time_utc":"2025-07-02T15:12:00Z","fire_out_time_utc":"2025-07-03T17:51:00Z","fire_cause":"Natural","fire_cause_general":"Natural","map_method":"Mixed Methods","source_dataset":"FFP","unique_fire_identifier":"2025-NVCCD-030354","irwin_id":"{9494937D-8312-4607-B6C6-21374BF866F9}","global_id":"a1159eea-fb36-444e-801e-c400eac85724"}},{"type":"Feature","geometry":{"type":"Polygon","coordinates":[[[-119.7768,39.63321],[-119.77713,39.63325],[-119.7772,39.63347],[-119.77749,39.63361],[-119.7779,39.63362],[-119.77819,39.63403],[-119.7788,39.6342],[-119.77874,39.63434],[-119.779,39.63461],[-119.78009,39.63461],[-119.78014,39.63449],[-119.78036,39.6347],[-119.78035,39.6351],[-119.78046,39.63519],[-119.78036,39.63529],[-119.78074,39.63537],[-119.7807,39.63545],[-119.78092,39.63559],[-119.78086,39.63574],[-119.78051,39.63581],[-119.78123,39.63602],[-119.78133,39.63616],[-119.78107,39.63607],[-119.78094,39.63633],[-119.78073,39.63637],[-119.78088,39.6365],[-119.78063,39.63668],[-119.78018,39.63651],[-119.78021,39.63662],[-119.78006,39.63662],[-119.78013,39.63676],[-119.77967,39.63709],[-119.77957,39.63692],[-119.77969,39.63683],[-119.77947,39.63687],[-119.77927,39.63675],[-119.77933,39.63667],[-119.7792,39.63668],[-119.77927,39.63682],[-119.7791,39.63696],[-119.77959,39.6371],[-119.77914,39.63731],[-119.77892,39.63721],[-119.77905,39.63706],[-119.77868,39.63701],[-119.7789,39.63676],[-119.77874,39.63667],[-119.77869,39.63642],[-119.77856,39.63645],[-119.77859,39.63658],[-119.77804,39.63649],[-119.77787,39.63659],[-119.77785,39.63629],[-119.77818,39.63625],[-119.77786,39.63613],[-119.77773,39.63626],[-119.77778,39.63612],[-119.77755,39.63599],[-119.77773,39.63589],[-119.77754,39.63583],[-119.77795,39.63574],[-119.7778,39.6356],[-119.77792,39.63546],[-119.77771,39.63541],[-119.77749,39.63564],[-119.77755,39.63575],[-119.77728,39.63579],[-119.77724,39.63602],[-119.77682,39.636],[-119.77693,39.63592],[-119.77686,39.63555],[-119.77648,39.63566],[-119.77659,39.63598],[-119.77638,39.63642],[-119.77655,39.63664],[-119.77648,39.63686],[-119.77669,39.6369],[-119.77644,39.63719],[-119.77626,39.63714],[-119.77608,39.63684],[-119.77603,39.63705],[-119.77581,39.63705],[-119.77536,39.63698],[-119.77515,39.63678],[-119.77481,39.63688],[-119.7743,39.63662],[-119.77385,39.6369],[-119.77302,39.63683],[-119.77418,39.63597],[-119.774,39.63521],[-119.77409,39.63476],[-119.77423,39.63472],[-119.77431,39.6349],[-119.77452,39.63478],[-119.77431,39.63463],[-119.77443,39.63456],[-119.77406,39.63436],[-119.77413,39.63408],[-119.77487,39.63378],[-119.77505,39.634],[-119.77546,39.63409],[-119.77561,39.63366],[-119.77617,39.63383],[-119.77636,39.63373],[-119.7765,39.63392],[-119.7768,39.63321]]]},"properties":{"fire_id":"ufid:2025-NVCCD-030437","source_collection":"history-2025","source_objectid":46525,"incident_name":"Van","mapped_acres":41.0,"mapped_acres_source":"poly_GISAcres","gis_acres":41.0,"auto_acres":40.99496876294058,"reported_acres":41.0,"percent_contained":null,"state":"NV","state_wfigs":"US-NV","county":"Washoe","discovery_time_utc":"2025-07-15T02:28:47Z","perimeter_time_utc":"2025-09-29T18:55:47Z","perimeter_edit_time_utc":null,"incident_modified_time_utc":"2025-09-27T23:00:57Z","containment_time_utc":"2025-07-16T23:38:00Z","control_time_utc":"2025-07-16T23:38:00Z","fire_out_time_utc":"2025-07-28T17:20:00Z","fire_cause":"Human","fire_cause_general":"Recreation and ceremony","map_method":"Mixed Methods","source_dataset":"FFP","unique_fire_identifier":"2025-NVCCD-030437","irwin_id":"{4911595A-BC80-4F86-B78E-A129E6A22072}","global_id":"be34c54a-86b6-4878-b23e-1167c5ec8b62"}},{"type":"Feature","geometry":{"type":"Polygon","coordinates":[[[-119.96276,39.73618],[-119.96384,39.73728],[-119.96358,39.73746],[-119.96335,39.73734],[-119.96333,39.73774],[-119.96306,39.73802],[-119.96241,39.73835],[-119.96239,39.73849],[-119.96197,39.73854],[-119.96213,39.73846],[-119.96207,39.73826],[-119.96125,39.73862],[-119.96108,39.73857],[-119.96106,39.73843],[-119.9612,39.73844],[-119.96124,39.73824],[-119.9607,39.73805],[-119.96095,39.73807],[-119.96092,39.73794],[-119.96146,39.73805],[-119.96116,39.73795],[-119.96122,39.73782],[-119.96098,39.73769],[-119.96105,39.73756],[-119.96073,39.73755],[-119.96078,39.73748],[-119.96043,39.73724],[-119.96005,39.73731],[-119.95978,39.73704],[-119.96005,39.7372],[-119.96052,39.73718],[-119.96049,39.73705],[-119.96061,39.73708],[-119.9608,39.73679],[-119.96112,39.73692],[-119.96077,39.73666],[-119.96092,39.73665],[-119.96119,39.73678],[-119.9612,39.737],[-119.96134,39.73708],[-119.96149,39.73697],[-119.96189,39.73704],[-119.9619,39.73693],[-119.96204,39.73726],[-119.96222,39.73685],[-119.96251,39.73678],[-119.96245,39.73659],[-119.96198,39.73656],[-119.96211,39.73644],[-119.96184,39.7364],[-119.96215,39.73638],[-119.96215,39.73626],[-119.96199,39.73628],[-119.96192,39.73616],[-119.96186,39.73631],[-119.96165,39.7361],[-119.96184,39.73601],[-119.96206,39.73609],[-119.96212,39.73595],[-119.96167,39.73593],[-119.96136,39.73622],[-119.96092,39.73617],[-119.96095,39.73599],[-119.96083,39.73591],[-119.96109,39.7356],[-119.9607,39.7357],[-119.96075,39.73556],[-119.96055,39.73562],[-119.96052,39.7355],[-119.9608,39.73535],[-119.96072,39.73525],[-119.96125,39.73528],[-119.96096,39.73494],[-119.96115,39.73489],[-119.96129,39.73501],[-119.96146,39.73487],[-119.96199,39.7351],[-119.96276,39.73618]]]},"properties":{"fire_id":"ufid:2025-NVCCD-030552","source_collection":"history-2025","source_objectid":46526,"incident_name":"Flat","mapped_acres":13.95,"mapped_acres_source":"poly_GISAcres","gis_acres":13.95,"auto_acres":13.94973412518667,"reported_acres":13.9,"percent_contained":null,"state":"NV","state_wfigs":"US-NV","county":"Washoe","discovery_time_utc":"2025-08-13T00:15:36Z","perimeter_time_utc":"2025-09-29T18:53:55Z","perimeter_edit_time_utc":null,"incident_modified_time_utc":"2025-09-26T19:54:04Z","containment_time_utc":"2025-08-13T05:00:00Z","control_time_utc":"2025-08-13T16:58:00Z","fire_out_time_utc":"2025-09-02T18:00:00Z","fire_cause":"Natural","fire_cause_general":"Natural","map_method":"Mixed Methods","source_dataset":"FFP","unique_fire_identifier":"2025-NVCCD-030552","irwin_id":"{B7A9B8EA-3391-4ADC-9FDE-DFD9A575F7BD}","global_id":"4dd47e82-f87c-4dc4-b593-d7a237786df2"}},{"type":"Feature","geometry":{"type":"MultiPolygon","coordinates":[[[[-119.77536,39.66329],[-119.77598,39.66195],[-119.7762,39.66179],[-119.77761,39.66157],[-119.77889,39.66183],[-119.77945,39.6622],[-119.78054,39.66206],[-119.78101,39.66244],[-119.7812,39.66286],[-119.78069,39.66348],[-119.78029,39.6636],[-119.7799,39.66394],[-119.77946,39.6639],[-119.77912,39.66412],[-119.77884,39.66381],[-119.7782,39.66438],[-119.77768,39.66447],[-119.77741,39.66439],[-119.7773,39.6642],[-119.77684,39.66443],[-119.77658,39.66432],[-119.77623,39.66459],[-119.7761,39.6649],[-119.7764,39.66491],[-119.77644,39.66509],[-119.77624,39.66509],[-119.77608,39.66534],[-119.77615,39.66556],[-119.77562,39.66588],[-119.77534,39.66583],[-119.77533,39.66564],[-119.77516,39.66551],[-119.77519,39.66526],[-119.77496,39.66506],[-119.775,39.6645],[-119.77516,39.66438],[-119.77501,39.66414],[-119.77538,39.66367],[-119.77536,39.66329]]],[[[-119.78112,39.66296],[-119.78114,39.66294],[-119.78115,39.66296],[-119.78112,39.66296]]]]},"properties":{"fire_id":"ufid:2025-NVCCD-030479","source_collection":"history-2025","source_objectid":46528,"incident_name":"Chickadee","mapped_acres":32.38,"mapped_acres_source":"poly_GISAcres","gis_acres":32.38,"auto_acres":32.37974012589807,"reported_acres":32.0,"percent_contained":null,"state":"NV","state_wfigs":"US-NV","county":"Washoe","discovery_time_utc":"2025-07-26T20:48:46Z","perimeter_time_utc":"2025-09-29T18:54:40Z","perimeter_edit_time_utc":null,"incident_modified_time_utc":"2025-09-27T23:13:49Z","containment_time_utc":"2025-07-28T18:23:00Z","control_time_utc":"2025-07-28T18:23:00Z","fire_out_time_utc":"2025-08-04T19:05:00Z","fire_cause":"Human","fire_cause_general":"Firearms and explosives use","map_method":"Mixed Methods","source_dataset":"FFP","unique_fire_identifier":"2025-NVCCD-030479","irwin_id":"{96DB99C6-E226-4C6E-AF8E-7A44B90EF4DD}","global_id":"e37a1030-f204-403c-b145-95bd6539e5d0"}},{"type":"Feature","geometry":{"type":"Polygon","coordinates":[[[-119.80149,39.62183],[-119.80124,39.62163],[-119.80164,39.62173],[-119.80149,39.62183]]]},"properties":{"fire_id":"ufid:2025-NVCCD-030695","source_collection":"history-2025","source_objectid":46529,"incident_name":"Whammy","mapped_acres":0.1149784,"mapped_acres_source":"poly_GISAcres","gis_acres":0.1149784,"auto_acres":0.11497795675649748,"reported_acres":0.15,"percent_contained":null,"state":"NV","state_wfigs":"US-NV","county":"Washoe","discovery_time_utc":"2025-09-10T19:42:28Z","perimeter_time_utc":"2025-09-29T19:01:00Z","perimeter_edit_time_utc":null,"incident_modified_time_utc":"2025-09-26T19:33:44Z","containment_time_utc":"2025-09-10T22:15:00Z","control_time_utc":"2025-09-10T22:15:00Z","fire_out_time_utc":"2025-09-13T01:00:00Z","fire_cause":"Natural","fire_cause_general":"Natural","map_method":"Mixed Methods","source_dataset":"FFP","unique_fire_identifier":"2025-NVCCD-030695","irwin_id":"{FF734D3B-DB4A-4349-8B78-CF1DAFF86CB1}","global_id":"40b8b320-303e-4ad9-a803-5a5ac338bdf3"}},{"type":"Feature","geometry":{"type":"Polygon","coordinates":[[[-119.63676,39.59901],[-119.6333,39.6006],[-119.63034,39.60175],[-119.62753,39.6024],[-119.62316,39.60303],[-119.62241,39.6033],[-119.62031,39.60454],[-119.61988,39.60463],[-119.61954,39.60448],[-119.61941,39.60414],[-119.6202,39.60107],[-119.62074,39.59971],[-119.62177,39.59812],[-119.62524,39.59386],[-119.6255,39.59334],[-119.62597,39.59154],[-119.62787,39.5891],[-119.62858,39.58839],[-119.62944,39.58778],[-119.63394,39.58536],[-119.63453,39.58532],[-119.63541,39.58552],[-119.63714,39.58626],[-119.63876,39.5872],[-119.63935,39.5872],[-119.63963,39.58693],[-119.63987,39.58633],[-119.64005,39.58525],[-119.6399,39.58484],[-119.63906,39.5841],[-119.63893,39.58375],[-119.63901,39.58339],[-119.63928,39.58306],[-119.64038,39.58235],[-119.64131,39.5814],[-119.64196,39.58117],[-119.64374,39.58127],[-119.6455,39.58154],[-119.64885,39.58232],[-119.65062,39.58287],[-119.65203,39.58369],[-119.65235,39.58412],[-119.65258,39.58494],[-119.65279,39.58524],[-119.65315,39.58537],[-119.6535,39.58528],[-119.65393,39.5847],[-119.6539,39.58372],[-119.65355,39.5832],[-119.65264,39.58256],[-119.6523,39.58116],[-119.6516,39.57959],[-119.65101,39.57924],[-119.6494,39.57908],[-119.64862,39.57884],[-119.64755,39.57801],[-119.6473,39.57765],[-119.64731,39.57744],[-119.64769,39.57718],[-119.64838,39.57699],[-119.65166,39.57674],[-119.65299,39.57627],[-119.65405,39.5753],[-119.65555,39.57292],[-119.65622,39.57236],[-119.65676,39.57209],[-119.65735,39.57195],[-119.65824,39.57197],[-119.65878,39.57211],[-119.65942,39.57249],[-119.65998,39.57316],[-119.66024,39.57416],[-119.6606,39.57481],[-119.66174,39.57616],[-119.66236,39.57722],[-119.66376,39.5786],[-119.66387,39.57935],[-119.6636,39.57983],[-119.66172,39.58167],[-119.65911,39.58481],[-119.6583,39.58537],[-119.6565,39.58576],[-119.6561,39.58603],[-119.65591,39.58645],[-119.65592,39.58771],[-119.65574,39.5885],[-119.65403,39.59097],[-119.6531,39.59306],[-119.65261,39.59346],[-119.65046,39.59467],[-119.64976,39.59471],[-119.64878,39.59428],[-119.64835,39.59433],[-119.64728,39.59527],[-119.64627,39.59583],[-119.6447,39.59636],[-119.64086,39.59735],[-119.63676,39.59901]]]},"properties":{"fire_id":"ufid:2025-NVCCD-030461","source_collection":"history-2025","source_objectid":46530,"incident_name":"Gold","mapped_acres":1268.24,"mapped_acres_source":"poly_GISAcres","gis_acres":1268.24,"auto_acres":1267.7577080577478,"reported_acres":1268.0,"percent_contained":null,"state":"NV","state_wfigs":"US-NV","county":"Washoe","discovery_time_utc":"2025-07-20T21:13:00Z","perimeter_time_utc":"2025-09-29T19:01:34Z","perimeter_edit_time_utc":null,"incident_modified_time_utc":"2025-09-27T00:08:19Z","containment_time_utc":"2025-07-25T23:00:00Z","control_time_utc":"2025-07-26T00:00:00Z","fire_out_time_utc":"2025-07-28T17:22:00Z","fire_cause":"Human","fire_cause_general":"Firearms and explosives use","map_method":"Mixed Methods","source_dataset":"FFP","unique_fire_identifier":"2025-NVCCD-030461","irwin_id":"{506077D3-2AB4-4C16-A98E-DE8D8E586FF0}","global_id":"a56309aa-969f-4a67-9a24-86c7cf946474"}},{"type":"Feature","geometry":{"type":"Polygon","coordinates":[[[-119.38786,39.99819],[-119.38807,39.9986],[-119.38795,39.99873],[-119.38778,39.99831],[-119.38786,39.99819]]]},"properties":{"fire_id":"ufid:2025-NVCCD-030668","source_collection":"history-2025","source_objectid":46534,"incident_name":"MM 29","mapped_acres":0.18,"mapped_acres_source":"poly_GISAcres","gis_acres":0.18,"auto_acres":0.1799815475110376,"reported_acres":0.18,"percent_contained":null,"state":"NV","state_wfigs":"US-NV","county":"Washoe","discovery_time_utc":"2025-09-01T18:11:48Z","perimeter_time_utc":"2025-09-29T19:06:58Z","perimeter_edit_time_utc":null,"incident_modified_time_utc":"2025-09-26T19:58:21Z","containment_time_utc":"2025-09-01T19:14:00Z","control_time_utc":"2025-09-01T19:14:00Z","fire_out_time_utc":"2025-09-02T18:00:00Z","fire_cause":"Human","fire_cause_general":"Undetermined","map_method":"Mixed Methods","source_dataset":"FFP","unique_fire_identifier":"2025-NVCCD-030668","irwin_id":"{F81AF7E5-02B2-4753-BB33-698CDBB49C92}","global_id":"668cdc39-11e9-4055-a363-f5a707e6fc76"}},{"type":"Feature","geometry":{"type":"Polygon","coordinates":[[[-119.91942,39.63068],[-119.91954,39.63044],[-119.9197,39.63057],[-119.91957,39.63082],[-119.91942,39.63068]]]},"properties":{"fire_id":"ufid:2025-NVCCD-030449","source_collection":"history-2025","source_objectid":46537,"incident_name":"Line","mapped_acres":0.15,"mapped_acres_source":"poly_GISAcres","gis_acres":0.15,"auto_acres":0.14850283319123303,"reported_acres":0.15,"percent_contained":null,"state":"NV","state_wfigs":"US-NV","county":"Washoe","discovery_time_utc":"2025-07-18T16:02:10Z","perimeter_time_utc":"2025-09-29T19:10:06Z","perimeter_edit_time_utc":null,"incident_modified_time_utc":"2025-09-29T19:07:59Z","containment_time_utc":"2025-07-18T16:34:00Z","control_time_utc":"2025-07-18T16:34:00Z","fire_out_time_utc":"2025-07-20T17:13:00Z","fire_cause":"Human","fire_cause_general":"Misuse of fire by a minor","map_method":"Mixed Methods","source_dataset":"FFP","unique_fire_identifier":"2025-NVCCD-030449","irwin_id":"{E3BE3E0D-480B-43C8-9225-5AB9A53B6B85}","global_id":"85a0c724-fbb4-4366-ad00-394ca4fe5d57"}},{"type":"Feature","geometry":{"type":"Polygon","coordinates":[[[-119.60059,39.94454],[-119.60107,39.94432],[-119.6012,39.94443],[-119.60059,39.94454]]]},"properties":{"fire_id":"ufid:2025-NVCCD-030462","source_collection":"history-2025","source_objectid":46538,"incident_name":"Tufa","mapped_acres":0.17,"mapped_acres_source":"poly_GISAcres","gis_acres":0.17,"auto_acres":0.17327683385778173,"reported_acres":0.25,"percent_contained":null,"state":"NV","state_wfigs":"US-NV","county":"Washoe","discovery_time_utc":"2025-07-21T03:53:19Z","perimeter_time_utc":"2025-09-29T19:09:15Z","perimeter_edit_time_utc":null,"incident_modified_time_utc":"2025-09-05T20:33:23Z","containment_time_utc":"2025-07-21T06:40:00Z","control_time_utc":"2025-07-21T07:00:00Z","fire_out_time_utc":"2025-07-28T17:23:00Z","fire_cause":"Human","fire_cause_general":"Undetermined","map_method":"Mixed Methods","source_dataset":"FFP","unique_fire_identifier":"2025-NVCCD-030462","irwin_id":"{2472E924-7759-47A1-92FB-C7A71EECC27B}","global_id":"6b2c50c8-ac0c-4c08-a183-a2a245f86c29"}},{"type":"Feature","geometry":{"type":"Polygon","coordinates":[[[-118.78533,38.47326],[-118.78587,38.47206],[-118.78677,38.47169],[-118.78931,38.47135],[-118.79036,38.47145],[-118.79166,38.47183],[-118.79241,38.47191],[-118.79364,38.4718],[-118.79445,38.47156],[-118.79759,38.46956],[-118.79847,38.46878],[-118.79902,38.46796],[-118.79925,38.46778],[-118.7998,38.46765],[-118.80032,38.46779],[-118.80165,38.46848],[-118.80251,38.46914],[-118.80269,38.46957],[-118.8027,38.47032],[-118.80288,38.47085],[-118.80514,38.47368],[-118.80607,38.47592],[-118.80577,38.47646],[-118.80497,38.47698],[-118.80267,38.47749],[-118.80128,38.4786],[-118.7994,38.47891],[-118.79867,38.47935],[-118.79802,38.48001],[-118.79729,38.4801],[-118.79679,38.47991],[-118.79617,38.47946],[-118.79544,38.47826],[-118.79507,38.47807],[-118.79456,38.4781],[-118.79356,38.47871],[-118.79315,38.47876],[-118.79245,38.47851],[-118.7906,38.47726],[-118.78953,38.47677],[-118.78825,38.47653],[-118.78507,38.47626],[-118.78222,38.47545],[-118.78187,38.47522],[-118.78144,38.4752],[-118.78142,38.47508],[-118.78178,38.47494],[-118.78192,38.475],[-118.78269,38.47465],[-118.7842,38.47425],[-118.7849,38.47382],[-118.78533,38.47326]]]},"properties":{"fire_id":"ufid:2025-NVCCD-030422","source_collection":"history-2025","source_objectid":46558,"incident_name":"Big","mapped_acres":359.42,"mapped_acres_source":"poly_GISAcres","gis_acres":359.42,"auto_acres":359.4187150093135,"reported_acres":358.0,"percent_contained":null,"state":"NV","state_wfigs":"US-NV","county":"Mineral","discovery_time_utc":"2025-07-11T23:56:27Z","perimeter_time_utc":"2025-09-29T21:01:07Z","perimeter_edit_time_utc":null,"incident_modified_time_utc":"2025-07-28T17:19:30Z","containment_time_utc":"2025-07-16T20:41:00Z","control_time_utc":"2025-07-16T20:41:00Z","fire_out_time_utc":"2025-07-28T17:19:00Z","fire_cause":"Human","fire_cause_general":"Equipment and vehicle use","map_method":"Mixed Methods","source_dataset":"FFP","unique_fire_identifier":"2025-NVCCD-030422","irwin_id":"{7FEE219C-65D8-4D0D-BBCC-6263BDDC3C40}","global_id":"5254ed42-44bb-40a9-9a2f-8219307c7db4"}},{"type":"Feature","geometry":{"type":"Polygon","coordinates":[[[-115.58408,36.02772],[-115.58511,36.0274],[-115.58548,36.02733],[-115.58559,36.02742],[-115.5851,36.02877],[-115.58494,36.02841],[-115.58437,36.02836],[-115.58389,36.02797],[-115.58408,36.02772]]]},"properties":{"fire_id":"ufid:2025-NVSND-500667","source_collection":"history-2025","source_objectid":46627,"incident_name":"Mule Springs 2","mapped_acres":2.95,"mapped_acres_source":"poly_GISAcres","gis_acres":2.95,"auto_acres":2.9538017882820746,"reported_acres":2.95,"percent_contained":null,"state":"NV","state_wfigs":"US-NV","county":"Clark","discovery_time_utc":"2025-06-29T16:34:06Z","perimeter_time_utc":"2025-09-30T21:53:35Z","perimeter_edit_time_utc":null,"incident_modified_time_utc":"2025-08-06T23:14:17Z","containment_time_utc":"2025-06-29T20:09:00Z","control_time_utc":"2025-06-29T20:09:00Z","fire_out_time_utc":"2025-07-09T15:00:00Z","fire_cause":"Human","fire_cause_general":"Firearms and explosives use","map_method":"Mixed Methods","source_dataset":"FFP","unique_fire_identifier":"2025-NVSND-500667","irwin_id":"{DFA27B6A-6BF4-41FE-85ED-4A5CB4D354AB}","global_id":"fa5980d3-d428-48f8-b8f3-fda0d8b1681b"}},{"type":"Feature","geometry":{"type":"Polygon","coordinates":[[[-115.57518,36.03018],[-115.57512,36.02967],[-115.57528,36.02974],[-115.57526,36.02926],[-115.57568,36.0289],[-115.57564,36.02877],[-115.5753,36.02872],[-115.57563,36.02861],[-115.57561,36.02849],[-115.57548,36.02834],[-115.57516,36.02837],[-115.57512,36.02823],[-115.57551,36.02821],[-115.57602,36.02843],[-115.57679,36.02842],[-115.57699,36.02819],[-115.57695,36.02807],[-115.57752,36.02765],[-115.57839,36.02755],[-115.57916,36.02683],[-115.57953,36.02672],[-115.58,36.02623],[-115.58041,36.02609],[-115.58068,36.02561],[-115.58096,36.02552],[-115.58124,36.02521],[-115.58129,36.02555],[-115.58267,36.02462],[-115.58274,36.02484],[-115.58297,36.02485],[-115.58304,36.02559],[-115.58326,36.02587],[-115.5832,36.026],[-115.58338,36.02602],[-115.58352,36.0263],[-115.58339,36.02674],[-115.58376,36.02696],[-115.58418,36.02692],[-115.58431,36.02713],[-115.58437,36.02743],[-115.58423,36.02766],[-115.58253,36.02821],[-115.58259,36.02854],[-115.58231,36.02858],[-115.58209,36.02945],[-115.58146,36.02962],[-115.58109,36.03003],[-115.58095,36.03137],[-115.58042,36.03146],[-115.57937,36.03082],[-115.57892,36.03073],[-115.57922,36.03021],[-115.57909,36.02996],[-115.57839,36.02989],[-115.57638,36.03028],[-115.57602,36.03013],[-115.57579,36.03027],[-115.57518,36.03018]]]},"properties":{"fire_id":"ufid:2025-NVSND-500544","source_collection":"history-2025","source_objectid":46628,"incident_name":"Mule Springs","mapped_acres":67.93,"mapped_acres_source":"poly_GISAcres","gis_acres":67.93,"auto_acres":67.9316846487529,"reported_acres":70.0,"percent_contained":null,"state":"NV","state_wfigs":"US-NV","county":"Clark","discovery_time_utc":"2025-06-08T19:00:34Z","perimeter_time_utc":"2025-09-30T21:53:20Z","perimeter_edit_time_utc":null,"incident_modified_time_utc":"2025-07-18T18:23:19Z","containment_time_utc":"2025-06-09T20:02:00Z","control_time_utc":"2025-06-10T16:00:00Z","fire_out_time_utc":"2025-06-13T14:00:00Z","fire_cause":"Human","fire_cause_general":"Firearms and explosives use","map_method":"Mixed Methods","source_dataset":"FFP","unique_fire_identifier":"2025-NVSND-500544","irwin_id":"{E5D9A2D4-F0B0-41B4-B062-661A6D7C092F}","global_id":"60c9c6d4-6c80-4735-92c9-82dbf61a3205"}},{"type":"Feature","geometry":{"type":"Polygon","coordinates":[[[-119.94803,39.62787],[-119.94795,39.62772],[-119.94809,39.62776],[-119.94811,39.62761],[-119.94841,39.62778],[-119.94841,39.62795],[-119.94868,39.62797],[-119.94854,39.62819],[-119.94825,39.62803],[-119.94836,39.62792],[-119.94803,39.62787]]]},"properties":{"fire_id":"ufid:2025-NVHTF-030725","source_collection":"history-2025","source_objectid":46843,"incident_name":"Shooter","mapped_acres":0.33,"mapped_acres_source":"poly_GISAcres","gis_acres":0.33,"auto_acres":0.32562379122284874,"reported_acres":0.3,"percent_contained":null,"state":"NV","state_wfigs":"US-NV","county":"Washoe","discovery_time_utc":"2025-09-22T02:01:43Z","perimeter_time_utc":"2025-10-06T19:33:52Z","perimeter_edit_time_utc":null,"incident_modified_time_utc":"2025-10-05T15:30:14Z","containment_time_utc":"2025-09-22T03:33:00Z","control_time_utc":"2025-09-22T05:20:00Z","fire_out_time_utc":"2025-09-24T22:15:00Z","fire_cause":"Human","fire_cause_general":"Other causes","map_method":"Mixed Methods","source_dataset":"FFP","unique_fire_identifier":"2025-NVHTF-030725","irwin_id":"{059CE6F4-126B-4322-8315-DA19ADE9BAAB}","global_id":"0f06f775-1d9e-45da-9b15-fb7eba71af6f"}},{"type":"Feature","geometry":{"type":"MultiPolygon","coordinates":[[[[-119.47499,38.9791],[-119.47361,38.97902],[-119.47258,38.97819],[-119.47149,38.97808],[-119.47062,38.97816],[-119.46855,38.97748],[-119.46795,38.9768],[-119.46807,38.97641],[-119.46845,38.97634],[-119.46835,38.97586],[-119.46816,38.97573],[-119.46783,38.97582],[-119.4678,38.97572],[-119.46839,38.97523],[-119.46898,38.97521],[-119.46949,38.97502],[-119.46943,38.97475],[-119.46907,38.97447],[-119.46911,38.97414],[-119.4693,38.97389],[-119.47005,38.97357],[-119.46938,38.97337],[-119.46953,38.97309],[-119.47046,38.97341],[-119.47077,38.97318],[-119.47058,38.97286],[-119.47086,38.97283],[-119.47112,38.97302],[-119.4717,38.97228],[-119.47202,38.97228],[-119.47283,38.9728],[-119.47326,38.97271],[-119.47375,38.97185],[-119.4742,38.97174],[-119.47562,38.97196],[-119.47586,38.97239],[-119.47617,38.97235],[-119.47617,38.97193],[-119.47704,38.97024],[-119.47608,38.96994],[-119.47394,38.96984],[-119.47179,38.9691],[-119.47046,38.96883],[-119.46987,38.96946],[-119.4692,38.96941],[-119.46934,38.96894],[-119.46931,38.96834],[-119.46869,38.96829],[-119.46866,38.96849],[-119.4678,38.96911],[-119.46767,38.96904],[-119.46752,38.96821],[-119.46669,38.96813],[-119.46605,38.96786],[-119.46554,38.96796],[-119.46541,38.96774],[-119.46575,38.9676],[-119.4658,38.96744],[-119.4665,38.96695],[-119.46655,38.96676],[-119.46831,38.96592],[-119.46861,38.96522],[-119.46798,38.96542],[-119.46781,38.96495],[-119.46765,38.96508],[-119.46756,38.96547],[-119.46736,38.96551],[-119.46717,38.96543],[-119.46709,38.96486],[-119.46657,38.96524],[-119.46619,38.96513],[-119.46623,38.96476],[-119.4658,38.96458],[-119.46534,38.96557],[-119.46476,38.96548],[-119.46425,38.96509],[-119.46392,38.96506],[-119.46373,38.96478],[-119.46338,38.96474],[-119.46316,38.96446],[-119.46285,38.96492],[-119.46288,38.96513],[-119.46267,38.96508],[-119.46246,38.9648],[-119.46265,38.96421],[-119.46308,38.96364],[-119.46313,38.96324],[-119.46407,38.96285],[-119.46459,38.96227],[-119.46464,38.96202],[-119.46514,38.96172],[-119.46612,38.96077],[-119.46669,38.96087],[-119.46684,38.9611],[-119.46689,38.96162],[-119.46657,38.96198],[-119.46587,38.96222],[-119.46599,38.96246],[-119.46555,38.96272],[-119.46664,38.96321],[-119.4668,38.96301],[-119.46771,38.96294],[-119.46849,38.96254],[-119.46907,38.96241],[-119.46874,38.9607],[-119.46888,38.95961],[-119.46946,38.95883],[-119.46999,38.95835],[-119.47005,38.95703],[-119.47085,38.95628],[-119.47028,38.95554],[-119.47011,38.95493],[-119.4701,38.95447],[-119.47033,38.95418],[-119.46975,38.95334],[-119.46894,38.9527],[-119.46778,38.94997],[-119.46743,38.94953],[-119.46756,38.94897],[-119.46825,38.94885],[-119.46943,38.94915],[-119.47005,38.94916],[-119.47002,38.94892],[-119.47067,38.94885],[-119.4713,38.94849],[-119.47197,38.9485],[-119.47422,38.94796],[-119.47535,38.94793],[-119.47556,38.9477],[-119.47612,38.94753],[-119.47704,38.94844],[-119.47831,38.94884],[-119.47951,38.94897],[-119.47999,38.9492],[-119.48018,38.94889],[-119.48098,38.94869],[-119.48174,38.94819],[-119.47863,38.94654],[-119.47776,38.94487],[-119.47795,38.94388],[-119.47878,38.9432],[-119.47984,38.94308],[-119.48082,38.94317],[-119.48098,38.94253],[-119.48136,38.94178],[-119.48229,38.94098],[-119.48254,38.94],[-119.4824,38.93984],[-119.48254,38.9393],[-119.48188,38.9391],[-119.48063,38.94015],[-119.4803,38.94016],[-119.48,38.93984],[-119.48081,38.93908],[-119.48078,38.93858],[-119.47984,38.93888],[-119.47955,38.93932],[-119.47907,38.93944],[-119.47899,38.93884],[-119.47878,38.93841],[-119.4792,38.93758],[-119.47975,38.93747],[-119.48065,38.93657],[-119.48051,38.93636],[-119.481,38.9358],[-119.48153,38.93567],[-119.4825,38.93577],[-119.48469,38.93679],[-119.48523,38.93669],[-119.48513,38.93534],[-119.48475,38.93503],[-119.48366,38.93469],[-119.48307,38.93423],[-119.48252,38.93425],[-119.48212,38.93399],[-119.48243,38.93359],[-119.48244,38.93338],[-119.48279,38.93321],[-119.48269,38.93297],[-119.48216,38.93282],[-119.48111,38.933],[-119.48132,38.93512],[-119.48058,38.93547],[-119.4801,38.93546],[-119.47972,38.93525],[-119.47933,38.93432],[-119.4794,38.93383],[-119.47874,38.93271],[-119.47897,38.93225],[-119.4788,38.93195],[-119.47915,38.93162],[-119.47936,38.93164],[-119.4793,38.93145],[-119.47952,38.93128],[-119.47919,38.93087],[-119.47908,38.93033],[-119.47914,38.9298],[-119.47938,38.92942],[-119.47932,38.92877],[-119.47957,38.92866],[-119.48017,38.9289],[-119.48076,38.92887],[-119.48165,38.92927],[-119.48314,38.93023],[-119.48477,38.93083],[-119.48498,38.93114],[-119.48566,38.93149],[-119.48782,38.93305],[-119.48865,38.93406],[-119.48904,38.93389],[-119.48955,38.93408],[-119.49012,38.93469],[-119.49061,38.93485],[-119.49078,38.9359],[-119.49064,38.93709],[-119.49038,38.93771],[-119.49062,38.9383],[-119.49099,38.93827],[-119.49083,38.93764],[-119.49105,38.93708],[-119.4919,38.93614],[-119.49371,38.93554],[-119.49423,38.93466],[-119.49493,38.9344],[-119.49516,38.93412],[-119.49527,38.9337],[-119.49643,38.93309],[-119.49659,38.93269],[-119.49805,38.93145],[-119.49862,38.9315],[-119.49877,38.93128],[-119.50171,38.9305],[-119.5023,38.93003],[-119.5026,38.93003],[-119.50338,38.93008],[-119.50386,38.9304],[-119.50427,38.93046],[-119.50485,38.93082],[-119.50504,38.93117],[-119.50578,38.93173],[-119.50589,38.932],[-119.50634,38.93226],[-119.50701,38.9323],[-119.50741,38.93189],[-119.50817,38.9315],[-119.50735,38.93013],[-119.50672,38.92988],[-119.5064,38.92932],[-119.5069,38.929],[-119.50669,38.92824],[-119.50711,38.92754],[-119.50707,38.92697],[-119.50773,38.92616],[-119.50803,38.92599],[-119.50836,38.9252],[-119.50782,38.92447],[-119.50752,38.9243],[-119.5072,38.92426],[-119.50659,38.92463],[-119.50576,38.92446],[-119.50548,38.92478],[-119.5055,38.92498],[-119.50508,38.92539],[-119.5036,38.92636],[-119.50365,38.92487],[-119.50347,38.92403],[-119.50303,38.92354],[-119.50203,38.92387],[-119.50054,38.92395],[-119.50034,38.9243],[-119.49971,38.92455],[-119.49973,38.92469],[-119.5002,38.92498],[-119.50057,38.92566],[-119.5007,38.92566],[-119.50108,38.92516],[-119.50078,38.92483],[-119.50089,38.92442],[-119.50105,38.92438],[-119.50114,38.92413],[-119.50138,38.9242],[-119.50129,38.92466],[-119.50158,38.92477],[-119.50153,38.92469],[-119.50183,38.92467],[-119.50165,38.92517],[-119.50226,38.92532],[-119.50154,38.92588],[-119.50141,38.92613],[-119.50184,38.92702],[-119.50001,38.9283],[-119.49815,38.92916],[-119.49716,38.93046],[-119.49681,38.9316],[-119.49588,38.93185],[-119.49596,38.93128],[-119.49636,38.93085],[-119.49552,38.93017],[-119.4949,38.92984],[-119.4938,38.92986],[-119.49275,38.92964],[-119.49286,38.92939],[-119.49353,38.92887],[-119.49319,38.92796],[-119.49349,38.92698],[-119.49341,38.92613],[-119.49378,38.92474],[-119.4941,38.92441],[-119.496,38.92442],[-119.49691,38.92429],[-119.4973,38.92404],[-119.49737,38.92363],[-119.49768,38.92333],[-119.49839,38.92355],[-119.49876,38.9235],[-119.49876,38.92335],[-119.49848,38.92267],[-119.49792,38.92242],[-119.49825,38.92218],[-119.49803,38.92157],[-119.49693,38.92133],[-119.497,38.92114],[-119.49732,38.92092],[-119.49743,38.92033],[-119.49778,38.92023],[-119.49776,38.92003],[-119.49753,38.91984],[-119.49684,38.91969],[-119.49661,38.91952],[-119.49657,38.91919],[-119.49607,38.91888],[-119.49675,38.91824],[-119.49779,38.91803],[-119.49799,38.91788],[-119.49792,38.91767],[-119.49678,38.91683],[-119.49634,38.91673],[-119.49643,38.91694],[-119.49636,38.91721],[-119.49542,38.91649],[-119.49461,38.91615],[-119.49418,38.91633],[-119.49407,38.91691],[-119.49387,38.91686],[-119.49285,38.91568],[-119.49313,38.91534],[-119.49299,38.9151],[-119.4924,38.91484],[-119.49238,38.91452],[-119.49209,38.91444],[-119.49181,38.91414],[-119.49096,38.91402],[-119.49058,38.91366],[-119.49197,38.91332],[-119.49349,38.91423],[-119.49398,38.91401],[-119.49481,38.91393],[-119.49479,38.91369],[-119.49405,38.91342],[-119.4944,38.91333],[-119.49508,38.91355],[-119.49512,38.91375],[-119.49568,38.91375],[-119.4962,38.91398],[-119.49643,38.91425],[-119.49675,38.91437],[-119.49759,38.91428],[-119.49871,38.91436],[-119.49934,38.91378],[-119.49958,38.9138],[-119.49998,38.91462],[-119.50111,38.91501],[-119.50126,38.91538],[-119.50181,38.91544],[-119.50205,38.91579],[-119.50287,38.91571],[-119.50325,38.91554],[-119.50352,38.91523],[-119.50412,38.91512],[-119.50452,38.9152],[-119.50434,38.915],[-119.5039,38.91492],[-119.50363,38.91452],[-119.50328,38.91436],[-119.50338,38.91376],[-119.50378,38.91353],[-119.50391,38.9132],[-119.50426,38.91291],[-119.50518,38.91296],[-119.50529,38.91326],[-119.50496,38.91344],[-119.50535,38.91367],[-119.50582,38.91344],[-119.50624,38.91369],[-119.50669,38.91344],[-119.50702,38.91294],[-119.50726,38.91298],[-119.50721,38.91403],[-119.50735,38.91455],[-119.50832,38.91469],[-119.50762,38.91519],[-119.50754,38.91569],[-119.50809,38.91612],[-119.50863,38.91626],[-119.50927,38.91736],[-119.51001,38.9177],[-119.51073,38.91783],[-119.51157,38.9191],[-119.51164,38.91903],[-119.51229,38.91935],[-119.51233,38.91862],[-119.51262,38.91834],[-119.51401,38.91901],[-119.51327,38.91808],[-119.51357,38.91758],[-119.51426,38.91742],[-119.51436,38.918],[-119.51456,38.91814],[-119.51538,38.91822],[-119.51537,38.91843],[-119.51589,38.91871],[-119.51771,38.91898],[-119.51808,38.91881],[-119.51868,38.9188],[-119.51937,38.91851],[-119.51843,38.91812],[-119.51896,38.91752],[-119.51888,38.91717],[-119.51871,38.91707],[-119.51814,38.91713],[-119.51732,38.91734],[-119.51665,38.91706],[-119.51625,38.9167],[-119.51636,38.91582],[-119.51708,38.91559],[-119.51746,38.91532],[-119.51731,38.91503],[-119.51659,38.9147],[-119.51659,38.91457],[-119.51756,38.91432],[-119.51866,38.91341],[-119.51904,38.91285],[-119.51949,38.91268],[-119.52078,38.91251],[-119.5212,38.91191],[-119.52168,38.91176],[-119.522,38.91126],[-119.52124,38.91097],[-119.52124,38.91068],[-119.52159,38.91046],[-119.52203,38.91037],[-119.52231,38.9105],[-119.52268,38.91029],[-119.52251,38.91008],[-119.52216,38.90998],[-119.52149,38.91023],[-119.52139,38.91],[-119.52187,38.90901],[-119.52227,38.90855],[-119.52294,38.90813],[-119.52317,38.90755],[-119.52317,38.90702],[-119.52276,38.90627],[-119.524,38.9055],[-119.52408,38.90478],[-119.52468,38.90442],[-119.52467,38.90379],[-119.52453,38.90374],[-119.52461,38.90358],[-119.52488,38.90337],[-119.52555,38.90319],[-119.52574,38.90299],[-119.52571,38.90266],[-119.52531,38.9025],[-119.52509,38.90217],[-119.5245,38.9019],[-119.52466,38.90177],[-119.52451,38.90168],[-119.52464,38.90147],[-119.52495,38.90149],[-119.52507,38.90126],[-119.52509,38.90089],[-119.52494,38.90069],[-119.52514,38.90032],[-119.52537,38.90018],[-119.52566,38.90045],[-119.52632,38.90049],[-119.52672,38.90067],[-119.52689,38.90059],[-119.52788,38.90075],[-119.52994,38.90078],[-119.52997,38.90029],[-119.52908,38.89975],[-119.52931,38.89965],[-119.53209,38.89982],[-119.53152,38.899],[-119.53078,38.89859],[-119.53056,38.89834],[-119.52964,38.89809],[-119.52929,38.89785],[-119.52889,38.89783],[-119.5287,38.89739],[-119.52753,38.89729],[-119.52709,38.89686],[-119.52699,38.89653],[-119.52719,38.89628],[-119.52744,38.89614],[-119.52799,38.8962],[-119.52918,38.89607],[-119.53032,38.89633],[-119.53124,38.89676],[-119.53143,38.8973],[-119.53245,38.89748],[-119.53264,38.89779],[-119.53356,38.89797],[-119.53413,38.89849],[-119.53502,38.89861],[-119.53542,38.8984],[-119.53532,38.89815],[-119.53495,38.89786],[-119.53423,38.89756],[-119.53355,38.89649],[-119.5333,38.8958],[-119.53353,38.89478],[-119.53332,38.89477],[-119.53331,38.89461],[-119.53293,38.89438],[-119.53321,38.89411],[-119.53331,38.89351],[-119.53315,38.89276],[-119.53301,38.89262],[-119.53234,38.89254],[-119.53215,38.89218],[-119.53163,38.89188],[-119.53098,38.89182],[-119.53075,38.89133],[-119.53014,38.89115],[-119.52963,38.8912],[-119.5296,38.89102],[-119.52977,38.89089],[-119.53111,38.89079],[-119.53136,38.89064],[-119.53142,38.89033],[-119.5312,38.8902],[-119.53115,38.88983],[-119.5308,38.88938],[-119.53045,38.88852],[-119.5305,38.88832],[-119.53101,38.88787],[-119.53138,38.88774],[-119.53182,38.88777],[-119.53243,38.88802],[-119.53299,38.88866],[-119.53385,38.88884],[-119.53307,38.88831],[-119.5332,38.88758],[-119.5334,38.88724],[-119.53479,38.88771],[-119.53529,38.88769],[-119.53452,38.88665],[-119.53352,38.88616],[-119.53268,38.8861],[-119.53245,38.88591],[-119.5327,38.88559],[-119.53395,38.88571],[-119.53424,38.88569],[-119.53451,38.88547],[-119.53423,38.88532],[-119.5348,38.8842],[-119.5346,38.88402],[-119.53417,38.884],[-119.53412,38.88377],[-119.5345,38.88348],[-119.5334,38.88276],[-119.53249,38.8825],[-119.5316,38.88246],[-119.53126,38.88229],[-119.52965,38.88238],[-119.52957,38.88286],[-119.52901,38.8831],[-119.52828,38.88298],[-119.52829,38.88289],[-119.52703,38.88307],[-119.52648,38.88229],[-119.52748,38.88054],[-119.52807,38.88031],[-119.52922,38.88001],[-119.53004,38.88],[-119.53147,38.88035],[-119.53369,38.87974],[-119.53402,38.87945],[-119.53415,38.87887],[-119.53354,38.87846],[-119.53447,38.87789],[-119.53481,38.87747],[-119.5354,38.87723],[-119.53638,38.87741],[-119.53699,38.87785],[-119.53812,38.87818],[-119.53992,38.87824],[-119.53934,38.87796],[-119.53943,38.87776],[-119.53912,38.87772],[-119.53925,38.87743],[-119.5386,38.87738],[-119.53846,38.87716],[-119.5385,38.87697],[-119.53812,38.87702],[-119.53776,38.87682],[-119.53769,38.87648],[-119.5373,38.87674],[-119.53684,38.87684],[-119.53593,38.87661],[-119.53544,38.87668],[-119.53538,38.87651],[-119.53364,38.87626],[-119.53287,38.87593],[-119.53266,38.87558],[-119.53199,38.87524],[-119.53164,38.87479],[-119.53153,38.87474],[-119.53122,38.87492],[-119.53071,38.87449],[-119.53038,38.87504],[-119.53073,38.87613],[-119.53025,38.87618],[-119.53045,38.87686],[-119.53115,38.87767],[-119.53131,38.8781],[-119.53088,38.87835],[-119.52946,38.8778],[-119.52873,38.87714],[-119.52834,38.87655],[-119.52805,38.87657],[-119.52781,38.87644],[-119.52784,38.87628],[-119.52741,38.87622],[-119.52718,38.87646],[-119.5263,38.87689],[-119.52599,38.87681],[-119.5254,38.87635],[-119.52496,38.87638],[-119.52474,38.87621],[-119.52459,38.87577],[-119.525,38.87566],[-119.5251,38.87545],[-119.5244,38.87513],[-119.52446,38.87491],[-119.52536,38.87449],[-119.52512,38.87382],[-119.52467,38.87381],[-119.52442,38.87367],[-119.52445,38.87309],[-119.52477,38.87296],[-119.52431,38.87229],[-119.52421,38.87189],[-119.5241,38.87173],[-119.52332,38.87177],[-119.52313,38.87149],[-119.52266,38.87118],[-119.52236,38.8713],[-119.52195,38.87109],[-119.52171,38.87077],[-119.52163,38.87036],[-119.52136,38.87013],[-119.52081,38.87],[-119.52033,38.86911],[-119.51995,38.86891],[-119.52023,38.86876],[-119.52016,38.8685],[-119.52027,38.8682],[-119.521,38.86824],[-119.52138,38.86797],[-119.52202,38.86783],[-119.52369,38.86775],[-119.52363,38.86748],[-119.52387,38.86725],[-119.52439,38.86722],[-119.5247,38.86737],[-119.5249,38.86768],[-119.52485,38.86812],[-119.525,38.86821],[-119.52518,38.86812],[-119.52511,38.86801],[-119.5254,38.86666],[-119.52643,38.8657],[-119.52722,38.86521],[-119.52787,38.86511],[-119.52926,38.86526],[-119.53,38.86492],[-119.53063,38.8648],[-119.53135,38.86496],[-119.53173,38.86467],[-119.53335,38.86432],[-119.53379,38.86461],[-119.53484,38.86454],[-119.53511,38.8648],[-119.53574,38.865],[-119.53589,38.86516],[-119.53767,38.86567],[-119.54052,38.86695],[-119.54235,38.86809],[-119.54418,38.86847],[-119.54437,38.86876],[-119.54505,38.86904],[-119.54683,38.8693],[-119.5483,38.87009],[-119.5514,38.87139],[-119.55128,38.87118],[-119.55269,38.8718],[-119.55306,38.87182],[-119.55385,38.87234],[-119.55458,38.87235],[-119.55499,38.87262],[-119.55509,38.8726],[-119.55498,38.87216],[-119.55478,38.87192],[-119.55466,38.87142],[-119.55479,38.87119],[-119.55508,38.87114],[-119.55515,38.87132],[-119.5557,38.87126],[-119.55548,38.87108],[-119.55546,38.87085],[-119.55607,38.87072],[-119.55667,38.8709],[-119.55767,38.87057],[-119.55781,38.87007],[-119.55805,38.87044],[-119.55801,38.87012],[-119.5583,38.86996],[-119.55881,38.87017],[-119.55947,38.8702],[-119.55952,38.86992],[-119.55995,38.87009],[-119.56127,38.86985],[-119.56172,38.87014],[-119.56147,38.87043],[-119.55918,38.87089],[-119.5592,38.87104],[-119.55963,38.87105],[-119.56065,38.87167],[-119.56175,38.87182],[-119.56222,38.87169],[-119.56285,38.87127],[-119.56286,38.87111],[-119.56314,38.87105],[-119.56473,38.87199],[-119.56588,38.87245],[-119.56643,38.87289],[-119.56702,38.87305],[-119.56834,38.87407],[-119.56958,38.87382],[-119.57038,38.87386],[-119.57104,38.87431],[-119.57157,38.8745],[-119.57193,38.87433],[-119.57158,38.87418],[-119.57224,38.87395],[-119.57212,38.87384],[-119.57159,38.87388],[-119.57139,38.87357],[-119.57096,38.8737],[-119.57093,38.87353],[-119.57165,38.8731],[-119.57267,38.87329],[-119.57287,38.87322],[-119.57278,38.87303],[-119.57319,38.87303],[-119.57391,38.87377],[-119.57396,38.87399],[-119.57371,38.87454],[-119.57384,38.87458],[-119.57382,38.87484],[-119.57363,38.87509],[-119.57363,38.87539],[-119.57407,38.87645],[-119.57422,38.87626],[-119.57419,38.87525],[-119.57446,38.87469],[-119.57448,38.87381],[-119.5748,38.87254],[-119.57459,38.87236],[-119.57402,38.87066],[-119.57431,38.87001],[-119.57435,38.86902],[-119.57497,38.86836],[-119.57444,38.86642],[-119.57437,38.86517],[-119.57445,38.86462],[-119.57489,38.86447],[-119.57531,38.86355],[-119.57594,38.86297],[-119.57572,38.86184],[-119.57568,38.8608],[-119.57574,38.86024],[-119.57612,38.85917],[-119.57581,38.85804],[-119.57496,38.85673],[-119.57499,38.85657],[-119.57545,38.85634],[-119.57552,38.85606],[-119.57572,38.85604],[-119.57581,38.85585],[-119.57554,38.8557],[-119.57557,38.85554],[-119.57657,38.85481],[-119.57743,38.85516],[-119.57776,38.85513],[-119.57767,38.85452],[-119.57791,38.85383],[-119.57849,38.85429],[-119.57929,38.85406],[-119.5794,38.85359],[-119.57919,38.85288],[-119.5794,38.85271],[-119.5798,38.85271],[-119.5807,38.85295],[-119.58089,38.85324],[-119.58067,38.85403],[-119.58243,38.85397],[-119.58267,38.85377],[-119.58261,38.85351],[-119.58294,38.85292],[-119.58356,38.8528],[-119.58434,38.85346],[-119.58429,38.85363],[-119.58472,38.85376],[-119.5846,38.85397],[-119.58432,38.85398],[-119.5843,38.85423],[-119.58659,38.85522],[-119.58819,38.85553],[-119.58845,38.85572],[-119.58864,38.85565],[-119.58907,38.85538],[-119.58925,38.85501],[-119.58955,38.85515],[-119.58959,38.85499],[-119.5892,38.85481],[-119.58923,38.8547],[-119.58973,38.85445],[-119.58993,38.85402],[-119.58912,38.85333],[-119.58904,38.85233],[-119.58877,38.85177],[-119.58875,38.85014],[-119.58912,38.84979],[-119.58939,38.84976],[-119.59108,38.85052],[-119.59098,38.85064],[-119.59126,38.8512],[-119.59115,38.85178],[-119.5916,38.85162],[-119.59195,38.8517],[-119.59231,38.85199],[-119.59216,38.85244],[-119.59221,38.85289],[-119.59261,38.85306],[-119.59266,38.85324],[-119.59291,38.85332],[-119.59298,38.85355],[-119.59361,38.8539],[-119.59373,38.85415],[-119.59371,38.8543],[-119.59342,38.85443],[-119.59337,38.85465],[-119.59386,38.8549],[-119.59341,38.85569],[-119.59352,38.85585],[-119.59438,38.8564],[-119.59483,38.85704],[-119.59515,38.85686],[-119.59587,38.85712],[-119.59586,38.85734],[-119.59567,38.85757],[-119.59631,38.85762],[-119.59677,38.85783],[-119.59703,38.85783],[-119.5982,38.85717],[-119.59818,38.85679],[-119.5987,38.85666],[-119.5995,38.85596],[-119.60104,38.85587],[-119.60123,38.85575],[-119.60091,38.85523],[-119.60064,38.85516],[-119.59968,38.85412],[-119.59961,38.85375],[-119.59972,38.85352],[-119.60179,38.85382],[-119.60288,38.85288],[-119.60324,38.85231],[-119.60296,38.85217],[-119.60254,38.85225],[-119.6025,38.85245],[-119.60212,38.85256],[-119.60154,38.85256],[-119.60139,38.85239],[-119.6007,38.85241],[-119.60031,38.85269],[-119.59933,38.85221],[-119.5992,38.85187],[-119.59937,38.85161],[-119.59986,38.85141],[-119.60196,38.85128],[-119.60221,38.85113],[-119.60214,38.85084],[-119.60348,38.84971],[-119.60344,38.84901],[-119.60399,38.84892],[-119.60447,38.84867],[-119.60453,38.84852],[-119.60399,38.84794],[-119.60427,38.84773],[-119.60509,38.84795],[-119.60578,38.84838],[-119.60843,38.8487],[-119.60926,38.84865],[-119.60979,38.84888],[-119.61014,38.84879],[-119.61129,38.8494],[-119.61162,38.85013],[-119.61221,38.85049],[-119.61231,38.85121],[-119.6128,38.85184],[-119.61308,38.85246],[-119.61313,38.85331],[-119.61397,38.85306],[-119.61435,38.85255],[-119.61557,38.85186],[-119.61591,38.85146],[-119.61608,38.85148],[-119.61635,38.85183],[-119.6168,38.85189],[-119.61717,38.85244],[-119.61781,38.85259],[-119.61809,38.85281],[-119.61878,38.85365],[-119.61982,38.85356],[-119.62059,38.85366],[-119.62128,38.85426],[-119.62131,38.85445],[-119.62171,38.85462],[-119.62234,38.85526],[-119.62491,38.85556],[-119.62577,38.856],[-119.62716,38.85645],[-119.62764,38.85645],[-119.62787,38.85664],[-119.62826,38.85669],[-119.62924,38.85634],[-119.62932,38.85556],[-119.62961,38.85516],[-119.63114,38.8553],[-119.63173,38.85507],[-119.633,38.85509],[-119.63335,38.85525],[-119.6336,38.85594],[-119.63381,38.85608],[-119.63442,38.85611],[-119.63631,38.85679],[-119.637,38.85749],[-119.63737,38.85755],[-119.63788,38.85695],[-119.63823,38.8568],[-119.63854,38.85599],[-119.63869,38.8551],[-119.64012,38.85437],[-119.64051,38.85433],[-119.64117,38.85362],[-119.64141,38.85344],[-119.64164,38.85345],[-119.64157,38.85332],[-119.64166,38.85325],[-119.64282,38.85378],[-119.64285,38.85338],[-119.64305,38.85335],[-119.64358,38.85237],[-119.64429,38.85222],[-119.64502,38.85341],[-119.64489,38.85371],[-119.64533,38.85408],[-119.64531,38.85462],[-119.64505,38.85555],[-119.64512,38.85571],[-119.64537,38.85574],[-119.64557,38.85657],[-119.6471,38.85668],[-119.64712,38.85688],[-119.64742,38.85695],[-119.64851,38.85677],[-119.64864,38.85806],[-119.64849,38.8596],[-119.64776,38.85975],[-119.64578,38.85983],[-119.64587,38.86069],[-119.64538,38.86092],[-119.64522,38.86115],[-119.64565,38.86187],[-119.64585,38.86192],[-119.64577,38.86236],[-119.64527,38.86278],[-119.64534,38.86319],[-119.64484,38.86379],[-119.64473,38.86421],[-119.64414,38.86415],[-119.64346,38.86465],[-119.64287,38.86472],[-119.6429,38.86499],[-119.64203,38.86563],[-119.64169,38.86558],[-119.64081,38.86577],[-119.64051,38.86556],[-119.63985,38.86572],[-119.63971,38.86565],[-119.63913,38.86415],[-119.63845,38.86333],[-119.63603,38.86276],[-119.63403,38.86271],[-119.63409,38.8629],[-119.63364,38.86331],[-119.63366,38.86372],[-119.6339,38.86388],[-119.63412,38.86432],[-119.63407,38.86479],[-119.63397,38.86508],[-119.63273,38.8666],[-119.63291,38.86695],[-119.63255,38.86771],[-119.63262,38.86821],[-119.63172,38.86862],[-119.63079,38.86825],[-119.63055,38.86794],[-119.63014,38.8679],[-119.63002,38.86816],[-119.63032,38.86837],[-119.63061,38.86892],[-119.63133,38.86917],[-119.63151,38.86944],[-119.63188,38.86961],[-119.6331,38.86943],[-119.63345,38.86967],[-119.63425,38.86974],[-119.63528,38.8693],[-119.63572,38.8695],[-119.63618,38.86945],[-119.637,38.8697],[-119.63744,38.8701],[-119.63758,38.87042],[-119.63857,38.87056],[-119.63893,38.8709],[-119.63911,38.87148],[-119.63887,38.87161],[-119.63879,38.87196],[-119.63926,38.87263],[-119.63895,38.87283],[-119.63904,38.87295],[-119.63894,38.87313],[-119.6382,38.87308],[-119.63784,38.8732],[-119.63709,38.87384],[-119.63654,38.87369],[-119.63629,38.87381],[-119.63436,38.87374],[-119.63218,38.87343],[-119.63217,38.87412],[-119.63263,38.8765],[-119.63182,38.87784],[-119.63165,38.87858],[-119.63176,38.87904],[-119.63163,38.87921],[-119.63043,38.87954],[-119.63051,38.87986],[-119.63099,38.88013],[-119.63096,38.88059],[-119.6306,38.88075],[-119.62926,38.88092],[-119.6292,38.88102],[-119.62971,38.88166],[-119.63078,38.882],[-119.63068,38.88206],[-119.63074,38.88246],[-119.63022,38.8828],[-119.62998,38.88355],[-119.62899,38.88364],[-119.62621,38.88495],[-119.62492,38.88505],[-119.62454,38.88541],[-119.62372,38.88523],[-119.62277,38.88525],[-119.6226,38.88558],[-119.62159,38.88587],[-119.6185,38.88733],[-119.61829,38.88827],[-119.61803,38.8886],[-119.61786,38.8892],[-119.6168,38.88969],[-119.6164,38.89016],[-119.61574,38.8906],[-119.61565,38.89085],[-119.61499,38.89147],[-119.61332,38.89233],[-119.61246,38.89231],[-119.61226,38.89262],[-119.61152,38.89309],[-119.611,38.89302],[-119.60989,38.89319],[-119.60983,38.89351],[-119.60925,38.89359],[-119.60825,38.89413],[-119.60776,38.89415],[-119.60648,38.89387],[-119.60559,38.89427],[-119.60522,38.89385],[-119.6043,38.89425],[-119.6041,38.89496],[-119.60335,38.89569],[-119.60329,38.89643],[-119.60163,38.89636],[-119.60186,38.89651],[-119.60054,38.8966],[-119.59971,38.89635],[-119.5986,38.8963],[-119.59651,38.89658],[-119.59525,38.89604],[-119.5944,38.89488],[-119.59297,38.8947],[-119.59243,38.89403],[-119.59214,38.89407],[-119.59126,38.8938],[-119.58952,38.89284],[-119.58909,38.89234],[-119.58863,38.89212],[-119.58758,38.89178],[-119.58669,38.89198],[-119.58586,38.89238],[-119.58571,38.89269],[-119.58576,38.89488],[-119.58441,38.89532],[-119.58355,38.89587],[-119.58335,38.89616],[-119.58255,38.8962],[-119.58235,38.89593],[-119.58178,38.89598],[-119.58137,38.89622],[-119.58157,38.89651],[-119.58143,38.89673],[-119.58045,38.8974],[-119.57999,38.89742],[-119.57947,38.89766],[-119.57832,38.89929],[-119.57895,38.89921],[-119.57985,38.89837],[-119.58026,38.89829],[-119.58041,38.89853],[-119.58074,38.8984],[-119.58078,38.89864],[-119.58127,38.89882],[-119.58123,38.89967],[-119.58102,38.89968],[-119.58067,38.89924],[-119.57941,38.89929],[-119.5783,38.89974],[-119.57708,38.90043],[-119.57691,38.9008],[-119.57634,38.90055],[-119.57585,38.90077],[-119.57631,38.90167],[-119.57633,38.90216],[-119.57687,38.9029],[-119.57658,38.90361],[-119.57652,38.90417],[-119.57603,38.90475],[-119.57477,38.90545],[-119.57413,38.90603],[-119.57405,38.90639],[-119.57158,38.90774],[-119.5712,38.90836],[-119.57031,38.90878],[-119.56994,38.9093],[-119.56738,38.91049],[-119.56644,38.9106],[-119.56544,38.91097],[-119.56446,38.91164],[-119.56411,38.91209],[-119.56417,38.91282],[-119.56345,38.9132],[-119.56316,38.91373],[-119.56315,38.9148],[-119.56264,38.91527],[-119.56211,38.91605],[-119.56137,38.9164],[-119.56137,38.91674],[-119.56056,38.91789],[-119.56021,38.91818],[-119.55972,38.91903],[-119.5592,38.91952],[-119.55912,38.91996],[-119.5588,38.92043],[-119.55845,38.92076],[-119.55765,38.92109],[-119.5573,38.92138],[-119.556,38.92323],[-119.55468,38.92378],[-119.55356,38.92478],[-119.55345,38.92518],[-119.55276,38.92554],[-119.55198,38.92571],[-119.5512,38.92651],[-119.5506,38.92658],[-119.55008,38.92731],[-119.5481,38.9282],[-119.54781,38.92893],[-119.54663,38.92971],[-119.54569,38.93098],[-119.54414,38.93188],[-119.54422,38.9323],[-119.54486,38.93247],[-119.54454,38.93342],[-119.54429,38.9336],[-119.54464,38.93377],[-119.54473,38.93423],[-119.54508,38.93402],[-119.54535,38.93351],[-119.54555,38.93357],[-119.5457,38.93385],[-119.54558,38.93444],[-119.54526,38.93475],[-119.54553,38.93529],[-119.54675,38.93578],[-119.54725,38.93654],[-119.54555,38.9372],[-119.54394,38.93882],[-119.54356,38.93945],[-119.54343,38.94006],[-119.54311,38.94041],[-119.54183,38.94097],[-119.54073,38.94108],[-119.54043,38.94189],[-119.54026,38.942],[-119.54013,38.94256],[-119.54009,38.94299],[-119.54027,38.94387],[-119.54017,38.94483],[-119.53943,38.94535],[-119.53907,38.94538],[-119.53642,38.94475],[-119.53511,38.9455],[-119.5338,38.94563],[-119.53362,38.94553],[-119.5332,38.94577],[-119.53272,38.94542],[-119.53273,38.94498],[-119.5322,38.94506],[-119.53145,38.9458],[-119.53037,38.94621],[-119.5298,38.9468],[-119.52899,38.9472],[-119.52798,38.94821],[-119.52771,38.94869],[-119.52589,38.94848],[-119.52448,38.95013],[-119.52458,38.95019],[-119.52443,38.95055],[-119.52402,38.95063],[-119.52384,38.95082],[-119.52282,38.95028],[-119.52217,38.95028],[-119.52167,38.95085],[-119.52188,38.95168],[-119.52189,38.95234],[-119.52033,38.95256],[-119.51942,38.95214],[-119.51894,38.95239],[-119.51857,38.95214],[-119.51855,38.95244],[-119.51757,38.95299],[-119.51693,38.95279],[-119.51687,38.95298],[-119.5163,38.95314],[-119.51635,38.9533],[-119.51583,38.95321],[-119.51488,38.95354],[-119.51472,38.95348],[-119.51459,38.95395],[-119.51479,38.95427],[-119.51504,38.9543],[-119.515,38.95442],[-119.51455,38.95447],[-119.51419,38.95418],[-119.5135,38.95468],[-119.51377,38.9556],[-119.51438,38.95597],[-119.51528,38.95625],[-119.51495,38.95707],[-119.51518,38.9575],[-119.51569,38.95798],[-119.51625,38.95902],[-119.51602,38.95953],[-119.51692,38.96111],[-119.51675,38.96159],[-119.51614,38.9625],[-119.51531,38.96263],[-119.51472,38.96297],[-119.51476,38.96318],[-119.51339,38.96361],[-119.51275,38.96346],[-119.51218,38.96373],[-119.51115,38.96362],[-119.51105,38.96331],[-119.51064,38.96299],[-119.50813,38.9625],[-119.508,38.96238],[-119.50761,38.96239],[-119.50753,38.96218],[-119.50766,38.96194],[-119.50586,38.96027],[-119.50561,38.96043],[-119.50547,38.96087],[-119.50669,38.96135],[-119.50689,38.96163],[-119.50671,38.96194],[-119.50633,38.96202],[-119.50609,38.96193],[-119.50477,38.96267],[-119.50457,38.96317],[-119.5048,38.96344],[-119.50468,38.96411],[-119.50423,38.96428],[-119.50386,38.96486],[-119.50427,38.96544],[-119.50422,38.96578],[-119.50358,38.96581],[-119.50195,38.96724],[-119.50157,38.96728],[-119.50106,38.9687],[-119.5011,38.96908],[-119.50058,38.96966],[-119.50011,38.96962],[-119.49984,38.96931],[-119.49912,38.96928],[-119.4985,38.96949],[-119.4981,38.96937],[-119.49804,38.97056],[-119.49743,38.97094],[-119.49718,38.97081],[-119.49696,38.9703],[-119.49572,38.97002],[-119.49495,38.96913],[-119.49504,38.96881],[-119.49485,38.96874],[-119.49478,38.96787],[-119.49416,38.96817],[-119.49417,38.96834],[-119.49381,38.96865],[-119.49377,38.96875],[-119.49411,38.96915],[-119.49401,38.96957],[-119.49351,38.96981],[-119.49292,38.96989],[-119.49216,38.97031],[-119.49144,38.97021],[-119.49078,38.9704],[-119.49054,38.97035],[-119.49038,38.97075],[-119.48939,38.97168],[-119.48827,38.97197],[-119.48807,38.97246],[-119.48779,38.97277],[-119.48737,38.97268],[-119.48744,38.97209],[-119.48727,38.97211],[-119.48746,38.97195],[-119.48748,38.97172],[-119.48639,38.97165],[-119.48614,38.97134],[-119.48562,38.97115],[-119.48526,38.97136],[-119.48487,38.97126],[-119.48474,38.97142],[-119.48409,38.97131],[-119.48376,38.97153],[-119.48266,38.97155],[-119.48236,38.97179],[-119.48242,38.97194],[-119.48216,38.97237],[-119.48132,38.97268],[-119.4812,38.97289],[-119.4814,38.97349],[-119.47966,38.97502],[-119.47954,38.97541],[-119.47928,38.97571],[-119.4793,38.97598],[-119.47813,38.97733],[-119.47693,38.97774],[-119.47661,38.97834],[-119.47584,38.97847],[-119.47547,38.97889],[-119.47513,38.97894],[-119.47499,38.9791]]],[[[-119.51624,38.95447],[-119.51577,38.9544],[-119.51565,38.95413],[-119.51615,38.95397],[-119.51631,38.95412],[-119.51624,38.95447]]],[[[-119.51627,38.95453],[-119.51628,38.95451],[-119.51631,38.95452],[-119.51627,38.95453]]],[[[-119.46871,38.9795],[-119.46704,38.97965],[-119.46641,38.97961],[-119.46621,38.97937],[-119.4663,38.97918],[-119.46675,38.97908],[-119.46682,38.97886],[-119.46918,38.97874],[-119.46973,38.979],[-119.46991,38.97946],[-119.46949,38.97967],[-119.46871,38.9795]]]]},"properties":{"fire_id":"ufid:2025-NVCCD-030312","source_collection":"history-2025","source_objectid":46917,"incident_name":"Conner","mapped_acres":17714.15,"mapped_acres_source":"poly_GISAcres","gis_acres":17714.15,"auto_acres":17714.08057379225,"reported_acres":17714.0,"percent_contained":null,"state":"NV","state_wfigs":"US-NV","county":"Douglas","discovery_time_utc":"2025-06-20T11:10:59Z","perimeter_time_utc":"2025-10-07T19:01:20Z","perimeter_edit_time_utc":null,"incident_modified_time_utc":"2025-07-05T17:30:37Z","containment_time_utc":"2025-06-30T15:30:00Z","control_time_utc":"2025-07-05T17:28:00Z","fire_out_time_utc":"2025-07-21T01:00:00Z","fire_cause":"Human","fire_cause_general":"Other causes","map_method":"Image Interpretation","source_dataset":"FFP","unique_fire_identifier":"2025-NVCCD-030312","irwin_id":"{A6B2781B-353D-457E-9E31-90BDDE55F60D}","global_id":"0675b8a8-66da-430e-8498-a3913a6cd57a"}},{"type":"Feature","geometry":{"type":"MultiPolygon","coordinates":[[[[-119.20951,38.5812],[-119.20946,38.58122],[-119.20945,38.58115],[-119.20951,38.5812]]],[[[-119.20952,38.58121],[-119.20951,38.5812],[-119.20952,38.58119],[-119.20952,38.58121]]]]},"properties":{"fire_id":"ufid:2025-NVHTF-030287","source_collection":"history-2025","source_objectid":46919,"incident_name":"Dead Ox","mapped_acres":0.007885834,"mapped_acres_source":"poly_GISAcres","gis_acres":0.007885834,"auto_acres":0.007885802890814645,"reported_acres":0.1,"percent_contained":null,"state":"NV","state_wfigs":"US-NV","county":"Lyon","discovery_time_utc":"2025-06-09T01:11:00Z","perimeter_time_utc":"2025-10-07T19:24:44Z","perimeter_edit_time_utc":null,"incident_modified_time_utc":"2025-10-07T19:24:16Z","containment_time_utc":"2025-06-09T02:54:00Z","control_time_utc":"2025-06-09T02:54:00Z","fire_out_time_utc":"2025-06-10T19:40:00Z","fire_cause":"Natural","fire_cause_general":"Natural","map_method":"Mixed Methods","source_dataset":"FFP","unique_fire_identifier":"2025-NVHTF-030287","irwin_id":"{4950A725-17C9-45C0-BEC3-451F0200FA39}","global_id":"29a31136-c2b1-4c22-b7a2-da31fde8909b"}},{"type":"Feature","geometry":{"type":"Polygon","coordinates":[[[-115.51346,38.37856],[-115.51373,38.37868],[-115.51341,38.37882],[-115.51346,38.37856]]]},"properties":{"fire_id":"ufid:2025-NVHTF-040115","source_collection":"history-2025","source_objectid":46934,"incident_name":"Irwin Canyon","mapped_acres":0.1,"mapped_acres_source":"poly_GISAcres","gis_acres":0.1,"auto_acres":0.10075295938022844,"reported_acres":0.1,"percent_contained":null,"state":"NV","state_wfigs":"US-NV","county":"Nye","discovery_time_utc":"2025-06-08T21:49:00Z","perimeter_time_utc":"2025-10-07T19:46:53Z","perimeter_edit_time_utc":null,"incident_modified_time_utc":"2025-06-14T15:44:48Z","containment_time_utc":"2025-06-09T19:50:00Z","control_time_utc":"2025-06-09T21:40:00Z","fire_out_time_utc":"2025-06-14T00:00:00Z","fire_cause":"Natural","fire_cause_general":"Natural","map_method":"Mixed Methods","source_dataset":"FFP","unique_fire_identifier":"2025-NVHTF-040115","irwin_id":"{AFDCDE8D-B31A-47D7-9F9F-F51BC04B1A0B}","global_id":"1301f5c6-e30e-4166-bd9d-6037eaa5d68e"}},{"type":"Feature","geometry":{"type":"Polygon","coordinates":[[[-119.42794,38.83535],[-119.42774,38.83535],[-119.42767,38.8352],[-119.42794,38.83535]]]},"properties":{"fire_id":"ufid:2025-NVCCD-030490","source_collection":"history-2025","source_objectid":46948,"incident_name":"Day","mapped_acres":0.06,"mapped_acres_source":"poly_GISAcres","gis_acres":0.06,"auto_acres":0.0616189210031902,"reported_acres":0.1,"percent_contained":null,"state":"NV","state_wfigs":"US-NV","county":"Douglas","discovery_time_utc":"2025-07-28T23:50:00Z","perimeter_time_utc":"2025-10-07T20:15:54Z","perimeter_edit_time_utc":null,"incident_modified_time_utc":"2025-09-29T18:57:13Z","containment_time_utc":"2025-07-29T15:44:00Z","control_time_utc":"2025-07-29T16:14:00Z","fire_out_time_utc":"2025-08-04T19:07:00Z","fire_cause":"Natural","fire_cause_general":"Natural","map_method":"Mixed Methods","source_dataset":"FFP","unique_fire_identifier":"2025-NVCCD-030490","irwin_id":"{62DC816E-104F-46C6-AE49-47C396F13449}","global_id":"a4e0bf2e-6c9f-41ca-a425-8f364f06a346"}},{"type":"Feature","geometry":{"type":"MultiPolygon","coordinates":[[[[-118.78661,39.58996],[-118.78682,39.58983],[-118.7868,39.59001],[-118.786,39.58998],[-118.78646,39.58996],[-118.78652,39.58971],[-118.78661,39.58996]]],[[[-118.78606,39.59006],[-118.78605,39.59007],[-118.78605,39.59004],[-118.78606,39.59006]]]]},"properties":{"fire_id":"ufid:2025-NVCCD-030426","source_collection":"history-2025","source_objectid":46964,"incident_name":"Memorial","mapped_acres":0.22,"mapped_acres_source":"poly_GISAcres","gis_acres":0.22,"auto_acres":0.21900884824263647,"reported_acres":0.22,"percent_contained":null,"state":"NV","state_wfigs":"US-NV","county":"Churchill","discovery_time_utc":"2025-07-12T23:45:31Z","perimeter_time_utc":"2025-10-07T20:22:48Z","perimeter_edit_time_utc":null,"incident_modified_time_utc":"2025-10-07T20:19:19Z","containment_time_utc":"2025-07-13T01:35:00Z","control_time_utc":"2025-07-13T01:35:00Z","fire_out_time_utc":"2025-07-20T17:11:00Z","fire_cause":"Human","fire_cause_general":"Firearms and explosives use","map_method":"Mixed Methods","source_dataset":"FFP","unique_fire_identifier":"2025-NVCCD-030426","irwin_id":"{72F659C1-6938-48EB-9F9A-AD80B9F1EFAF}","global_id":"1436a750-5362-49eb-9ae8-d250f89042e3"}},{"type":"Feature","geometry":{"type":"Polygon","coordinates":[[[-116.11015,39.77937],[-116.10813,39.77916],[-116.10992,39.77917],[-116.11015,39.77937]]]},"properties":{"fire_id":"ufid:2025-NVBMD-020454","source_collection":"history-2025","source_objectid":47205,"incident_name":"Tyrone","mapped_acres":0.71,"mapped_acres_source":"poly_GISAcres","gis_acres":0.71,"auto_acres":0.7069052865706643,"reported_acres":0.71,"percent_contained":null,"state":"NV","state_wfigs":"US-NV","county":"Eureka","discovery_time_utc":"2025-08-21T17:24:54Z","perimeter_time_utc":"2025-10-14T14:00:03Z","perimeter_edit_time_utc":null,"incident_modified_time_utc":"2025-10-10T22:50:24Z","containment_time_utc":"2025-08-21T19:00:00Z","control_time_utc":"2025-08-21T20:00:00Z","fire_out_time_utc":"2025-09-02T01:00:00Z","fire_cause":"Human","fire_cause_general":"Undetermined","map_method":"Mixed Methods","source_dataset":"FFP","unique_fire_identifier":"2025-NVBMD-020454","irwin_id":"{9A8956B5-3EB5-4589-9280-81785635C862}","global_id":"2560db0f-1505-4762-8404-46bf9f43bbfd"}},{"type":"Feature","geometry":{"type":"Polygon","coordinates":[[[-117.24645,37.7027],[-117.24635,37.70266],[-117.24641,37.70264],[-117.24645,37.7027]]]},"properties":{"fire_id":"ufid:2025-NVESMX-020231","source_collection":"history-2025","source_objectid":47209,"incident_name":"Rabbit Springs","mapped_acres":0.01,"mapped_acres_source":"poly_GISAcres","gis_acres":0.01,"auto_acres":0.008917721784339722,"reported_acres":0.1,"percent_contained":null,"state":"NV","state_wfigs":"US-NV","county":"Esmeralda","discovery_time_utc":"2025-06-17T17:54:33Z","perimeter_time_utc":"2025-10-14T14:19:45Z","perimeter_edit_time_utc":null,"incident_modified_time_utc":"2025-09-07T01:22:36Z","containment_time_utc":"2025-06-18T00:00:00Z","control_time_utc":"2025-06-18T00:15:00Z","fire_out_time_utc":"2025-06-28T01:00:00Z","fire_cause":"Human","fire_cause_general":"Arson","map_method":"Mixed Methods","source_dataset":"FFP","unique_fire_identifier":"2025-NVESMX-020231","irwin_id":"{83499770-E6A2-40BE-96A8-B3EEDABDB72D}","global_id":"22fe38ae-f685-43f3-9ce2-a93d38db5f9d"}},{"type":"Feature","geometry":{"type":"MultiPolygon","coordinates":[[[[-116.13479,37.2743],[-116.13684,37.27486],[-116.13812,37.27561],[-116.1391,37.27655],[-116.14091,37.27871],[-116.14301,37.28075],[-116.14359,37.28179],[-116.14396,37.28334],[-116.14452,37.28407],[-116.14509,37.28433],[-116.14731,37.28477],[-116.15279,37.2867],[-116.15348,37.28715],[-116.15434,37.28799],[-116.15487,37.28897],[-116.15499,37.28968],[-116.15475,37.29068],[-116.15396,37.29149],[-116.14999,37.29393],[-116.14899,37.29492],[-116.14814,37.29645],[-116.14761,37.29799],[-116.14753,37.29872],[-116.14778,37.29932],[-116.14829,37.29972],[-116.1513,37.30036],[-116.15409,37.30195],[-116.15462,37.30252],[-116.15514,37.30358],[-116.15523,37.30438],[-116.15504,37.30519],[-116.15456,37.30589],[-116.15298,37.30679],[-116.15018,37.30743],[-116.14742,37.30892],[-116.14652,37.30925],[-116.14255,37.30999],[-116.14116,37.31052],[-116.13933,37.31187],[-116.13795,37.31348],[-116.13697,37.31562],[-116.13664,37.31716],[-116.13667,37.31993],[-116.13689,37.32338],[-116.13629,37.32748],[-116.13644,37.32884],[-116.13678,37.32969],[-116.13727,37.33046],[-116.13826,37.33144],[-116.13944,37.33219],[-116.14178,37.3333],[-116.1426,37.33397],[-116.14332,37.3351],[-116.14366,37.33611],[-116.14408,37.3383],[-116.14464,37.33923],[-116.14718,37.34104],[-116.15008,37.34396],[-116.15111,37.3447],[-116.15234,37.34515],[-116.15409,37.34531],[-116.15578,37.34511],[-116.15864,37.34447],[-116.1599,37.34441],[-116.16113,37.34457],[-116.16432,37.3453],[-116.16534,37.34585],[-116.16596,37.34669],[-116.16631,37.34796],[-116.16643,37.34984],[-116.16661,37.35023],[-116.16707,37.35069],[-116.1678,37.35089],[-116.16841,37.35082],[-116.16901,37.35062],[-116.17016,37.34964],[-116.17067,37.3494],[-116.17216,37.34939],[-116.17387,37.34995],[-116.17483,37.35063],[-116.17522,37.35127],[-116.17528,37.35235],[-116.17473,37.35337],[-116.17319,37.35486],[-116.1727,37.35556],[-116.16965,37.36256],[-116.16857,37.36432],[-116.1676,37.36542],[-116.16606,37.36677],[-116.16092,37.37179],[-116.16001,37.37294],[-116.15955,37.37388],[-116.15936,37.37519],[-116.15952,37.37929],[-116.15889,37.38206],[-116.15887,37.38337],[-116.15923,37.38457],[-116.16078,37.38615],[-116.16139,37.38733],[-116.16162,37.38879],[-116.16179,37.39316],[-116.16156,37.39448],[-116.16111,37.39523],[-116.15902,37.39672],[-116.15855,37.39738],[-116.15845,37.39854],[-116.15902,37.40012],[-116.15915,37.40095],[-116.1591,37.40135],[-116.15875,37.40204],[-116.15787,37.40288],[-116.15711,37.40334],[-116.15039,37.40648],[-116.14875,37.40712],[-116.14765,37.4079],[-116.14688,37.40815],[-116.14608,37.40807],[-116.14543,37.40765],[-116.14489,37.40682],[-116.144,37.40486],[-116.14363,37.40443],[-116.14274,37.40416],[-116.14221,37.40426],[-116.14172,37.40454],[-116.14131,37.40495],[-116.14081,37.4058],[-116.14063,37.40646],[-116.14063,37.4072],[-116.14104,37.40874],[-116.14239,37.41188],[-116.14258,37.41315],[-116.14236,37.41399],[-116.1419,37.41476],[-116.13974,37.41675],[-116.13908,37.41792],[-116.13895,37.41878],[-116.13905,37.41963],[-116.13977,37.42173],[-116.14004,37.42301],[-116.14001,37.42388],[-116.13952,37.42508],[-116.13864,37.42611],[-116.13748,37.42693],[-116.13486,37.42811],[-116.13352,37.42853],[-116.13265,37.42852],[-116.13196,37.42825],[-116.13144,37.42754],[-116.13111,37.42616],[-116.13068,37.42573],[-116.13006,37.42553],[-116.12904,37.42567],[-116.12655,37.42675],[-116.1256,37.42741],[-116.12524,37.42803],[-116.12516,37.42877],[-116.12553,37.42993],[-116.12736,37.43262],[-116.128,37.43409],[-116.12789,37.43478],[-116.12702,37.43577],[-116.12686,37.43636],[-116.12894,37.43779],[-116.12987,37.4397],[-116.1317,37.44203],[-116.13226,37.44302],[-116.13244,37.44374],[-116.13245,37.44447],[-116.13196,37.44654],[-116.13201,37.44752],[-116.13249,37.44837],[-116.13434,37.45015],[-116.1349,37.45114],[-116.13493,37.45222],[-116.13438,37.45324],[-116.13307,37.45449],[-116.13037,37.45611],[-116.12404,37.45933],[-116.1228,37.45959],[-116.12202,37.45946],[-116.12105,37.45897],[-116.1176,37.45604],[-116.11476,37.45406],[-116.11411,37.4538],[-116.11341,37.45373],[-116.11271,37.45385],[-116.11207,37.45417],[-116.11013,37.45601],[-116.1096,37.45698],[-116.10954,37.45805],[-116.11016,37.46015],[-116.11013,37.46083],[-116.10981,37.46141],[-116.10929,37.46182],[-116.10868,37.46201],[-116.10593,37.46195],[-116.10488,37.46222],[-116.10374,37.46305],[-116.10308,37.46421],[-116.10291,37.46518],[-116.10295,37.46585],[-116.10425,37.46928],[-116.10534,37.47566],[-116.10529,37.47631],[-116.10515,37.47657],[-116.1047,37.47693],[-116.10417,37.4771],[-116.10206,37.47692],[-116.10143,37.47705],[-116.10087,37.47736],[-116.10028,37.47801],[-116.09973,37.4797],[-116.09937,37.48039],[-116.09819,37.48165],[-116.09739,37.48211],[-116.09611,37.48244],[-116.09342,37.48279],[-116.09093,37.48351],[-116.08896,37.48346],[-116.08547,37.48378],[-116.08286,37.48452],[-116.08131,37.48512],[-116.07991,37.48602],[-116.07916,37.48691],[-116.07877,37.48788],[-116.0785,37.48944],[-116.07803,37.49023],[-116.07705,37.49092],[-116.07599,37.49107],[-116.07598,37.49107],[-116.07584,37.49105],[-116.075977,37.491068],[-116.07177,37.48886],[-116.0701,37.48757],[-116.0693,37.48667],[-116.06891,37.48567],[-116.06897,37.48431],[-116.07088,37.48042],[-116.07104,37.47971],[-116.07096,37.47859],[-116.07069,37.47783],[-116.07003,37.47671],[-116.0665,37.4716],[-116.06532,37.47025],[-116.06419,37.46936],[-116.06285,37.46867],[-116.0608,37.46824],[-116.05046,37.46766],[-116.04123,37.46607],[-116.03949,37.46558],[-116.03874,37.46523],[-116.03816,37.46476],[-116.03786,37.46423],[-116.03803,37.46349],[-116.03846,37.46319],[-116.03903,37.46308],[-116.04221,37.46382],[-116.04302,37.46388],[-116.0438,37.46377],[-116.04471,37.46326],[-116.04502,37.46248],[-116.04488,37.46195],[-116.04452,37.46147],[-116.04215,37.45973],[-116.04086,37.45835],[-116.0397,37.4565],[-116.03896,37.45453],[-116.03808,37.45284],[-116.03795,37.45228],[-116.03807,37.45176],[-116.03839,37.45131],[-116.03951,37.45035],[-116.03985,37.4496],[-116.0398,37.44905],[-116.03925,37.44754],[-116.03848,37.44461],[-116.03678,37.44178],[-116.03628,37.44066],[-116.03529,37.43664],[-116.03346,37.43216],[-116.03335,37.43147],[-116.03365,37.43095],[-116.03407,37.43069],[-116.03841,37.42918],[-116.0417,37.42776],[-116.04296,37.42674],[-116.04345,37.42575],[-116.0435,37.42425],[-116.043,37.4199],[-116.04322,37.41878],[-116.04388,37.41702],[-116.04385,37.41599],[-116.04354,37.4154],[-116.0427,37.41473],[-116.04159,37.41436],[-116.03972,37.4141],[-116.03911,37.4139],[-116.03871,37.41357],[-116.03868,37.41302],[-116.03898,37.41274],[-116.03973,37.41251],[-116.04147,37.4126],[-116.04252,37.41292],[-116.04502,37.41424],[-116.04596,37.41454],[-116.04656,37.41452],[-116.04759,37.41407],[-116.04908,37.41303],[-116.0496,37.41237],[-116.04989,37.41125],[-116.04981,37.41068],[-116.04963,37.41038],[-116.04899,37.40978],[-116.04835,37.40943],[-116.03965,37.4065],[-116.03726,37.40538],[-116.03664,37.40496],[-116.03621,37.40445],[-116.03606,37.40358],[-116.03654,37.40244],[-116.03761,37.40108],[-116.03975,37.39881],[-116.04025,37.39847],[-116.04081,37.39837],[-116.04129,37.39851],[-116.0416,37.39883],[-116.0419,37.40061],[-116.0424,37.40179],[-116.04406,37.40355],[-116.0465,37.40506],[-116.04755,37.40516],[-116.04841,37.40482],[-116.04865,37.4044],[-116.04865,37.40392],[-116.04777,37.40139],[-116.04667,37.39717],[-116.04662,37.39633],[-116.04686,37.39597],[-116.04725,37.39588],[-116.0478,37.39609],[-116.04878,37.3969],[-116.04931,37.39717],[-116.04989,37.39724],[-116.05066,37.39693],[-116.05107,37.39627],[-116.05093,37.39435],[-116.05134,37.39218],[-116.05101,37.39121],[-116.05013,37.39046],[-116.04635,37.38902],[-116.04094,37.38665],[-116.03603,37.38509],[-116.03461,37.38484],[-116.03245,37.38479],[-116.03155,37.38436],[-116.03138,37.38393],[-116.03147,37.38346],[-116.03244,37.38166],[-116.03347,37.3776],[-116.03316,37.37327],[-116.0333,37.37089],[-116.03354,37.3693],[-116.03375,37.36875],[-116.03413,37.36832],[-116.03612,37.36738],[-116.03767,37.3663],[-116.03849,37.36606],[-116.03898,37.36618],[-116.03932,37.36648],[-116.03957,37.36714],[-116.03956,37.36767],[-116.03893,37.37045],[-116.0386,37.37345],[-116.03861,37.37543],[-116.0388,37.377],[-116.03936,37.37882],[-116.04,37.37973],[-116.04095,37.38036],[-116.04168,37.38058],[-116.04243,37.38062],[-116.04315,37.38049],[-116.04402,37.37998],[-116.04458,37.37923],[-116.04482,37.37834],[-116.04477,37.37772],[-116.04454,37.37711],[-116.04275,37.37491],[-116.04226,37.37396],[-116.04214,37.37329],[-116.04221,37.37266],[-116.04247,37.37212],[-116.0429,37.37175],[-116.04377,37.37148],[-116.04501,37.37136],[-116.04593,37.3714],[-116.04648,37.37157],[-116.04686,37.37189],[-116.04722,37.37318],[-116.04792,37.37429],[-116.04862,37.37475],[-116.05039,37.37512],[-116.05126,37.37559],[-116.05192,37.37633],[-116.05252,37.37767],[-116.05316,37.37804],[-116.05361,37.37797],[-116.05394,37.37742],[-116.05384,37.37587],[-116.05399,37.3734],[-116.05375,37.37176],[-116.05277,37.3692],[-116.05298,37.36862],[-116.05334,37.36849],[-116.05375,37.36857],[-116.05444,37.36918],[-116.05661,37.37384],[-116.05708,37.37432],[-116.05761,37.3743],[-116.05839,37.37377],[-116.06022,37.37293],[-116.06105,37.37218],[-116.06138,37.37137],[-116.06153,37.37046],[-116.06164,37.36916],[-116.06155,37.36718],[-116.0617,37.36596],[-116.06211,37.36485],[-116.06309,37.36361],[-116.06309,37.36316],[-116.06279,37.36275],[-116.06223,37.36242],[-116.05919,37.36134],[-116.05778,37.36052],[-116.05729,37.35999],[-116.05692,37.35912],[-116.05703,37.35835],[-116.05755,37.35798],[-116.05795,37.35798],[-116.05832,37.35816],[-116.05993,37.35953],[-116.06178,37.36028],[-116.06595,37.3612],[-116.07008,37.36168],[-116.07205,37.36235],[-116.0749,37.36375],[-116.08306,37.36434],[-116.09134,37.36538],[-116.09198,37.3656],[-116.09399,37.36672],[-116.09672,37.3675],[-116.09822,37.36749],[-116.09895,37.36727],[-116.10098,37.36632],[-116.10178,37.36617],[-116.10475,37.36606],[-116.10621,37.36575],[-116.10715,37.36531],[-116.10755,37.36482],[-116.10782,37.36387],[-116.10781,37.36279],[-116.10744,37.3613],[-116.10675,37.35983],[-116.10603,37.35876],[-116.10542,37.35811],[-116.10431,37.35724],[-116.10211,37.35607],[-116.09586,37.35409],[-116.09147,37.35217],[-116.09006,37.35188],[-116.08676,37.35163],[-116.08454,37.35107],[-116.08287,37.35017],[-116.08244,37.34959],[-116.08252,37.34914],[-116.08759,37.34695],[-116.08911,37.34665],[-116.09075,37.34652],[-116.09326,37.34651],[-116.09483,37.3467],[-116.09884,37.348],[-116.10023,37.3483],[-116.10214,37.34834],[-116.10612,37.34806],[-116.10677,37.34788],[-116.10722,37.34757],[-116.10744,37.34721],[-116.10744,37.34688],[-116.10727,37.34661],[-116.10567,37.34553],[-116.10504,37.34487],[-116.10478,37.34408],[-116.10484,37.34385],[-116.10518,37.34356],[-116.1059,37.34349],[-116.10744,37.34379],[-116.11333,37.34521],[-116.11462,37.34521],[-116.11645,37.34495],[-116.11874,37.34418],[-116.12324,37.34186],[-116.12639,37.34116],[-116.12711,37.34089],[-116.12791,37.34022],[-116.1281,37.33963],[-116.12803,37.339],[-116.12773,37.33837],[-116.12723,37.33777],[-116.12654,37.33728],[-116.12567,37.33696],[-116.12221,37.33664],[-116.11805,37.33595],[-116.11322,37.33618],[-116.10827,37.336],[-116.10624,37.33569],[-116.10508,37.3352],[-116.10465,37.33474],[-116.10457,37.33406],[-116.1048,37.33368],[-116.10587,37.33287],[-116.1063,37.3322],[-116.10643,37.33171],[-116.10647,37.33031],[-116.10633,37.32944],[-116.1059,37.32925],[-116.10486,37.32956],[-116.10269,37.32954],[-116.10121,37.32976],[-116.10059,37.32972],[-116.10016,37.32951],[-116.09995,37.32903],[-116.10083,37.32683],[-116.10109,37.32474],[-116.10095,37.32412],[-116.10051,37.32359],[-116.09979,37.32329],[-116.09771,37.32321],[-116.09686,37.323],[-116.09612,37.32258],[-116.09556,37.322],[-116.09518,37.32132],[-116.09498,37.32056],[-116.09511,37.31773],[-116.09498,37.31691],[-116.09439,37.31575],[-116.09229,37.31326],[-116.09196,37.31249],[-116.09193,37.31137],[-116.09262,37.31012],[-116.09397,37.30882],[-116.0992,37.30533],[-116.10176,37.30396],[-116.10258,37.30316],[-116.10356,37.30105],[-116.10424,37.29997],[-116.10708,37.29711],[-116.10824,37.29538],[-116.1091,37.29248],[-116.1091,37.29184],[-116.10878,37.29072],[-116.10882,37.29018],[-116.1093,37.28944],[-116.10987,37.28906],[-116.11059,37.28882],[-116.11483,37.28818],[-116.11723,37.28689],[-116.12057,37.28549],[-116.12142,37.28477],[-116.12215,37.28364],[-116.12239,37.28251],[-116.12241,37.28021],[-116.12272,37.2792],[-116.12306,37.27879],[-116.12699,37.27586],[-116.12865,37.27498],[-116.13071,37.27446],[-116.13318,37.27422],[-116.13479,37.2743]]],[[[-116.07599,37.49107],[-116.07673,37.49119],[-116.07637,37.49119],[-116.07599,37.49107]]]]},"properties":{"fire_id":"ufid:2025-NVNAFQ-500729","source_collection":"history-2025","source_objectid":48256,"incident_name":"Gothic","mapped_acres":36069.67,"mapped_acres_source":"poly_GISAcres","gis_acres":36069.67,"auto_acres":36069.52908218597,"reported_acres":35161.0,"percent_contained":null,"state":"NV","state_wfigs":"US-NV","county":"Nye","discovery_time_utc":"2025-07-06T17:25:33Z","perimeter_time_utc":"2025-11-05T21:40:07Z","perimeter_edit_time_utc":null,"incident_modified_time_utc":"2025-11-03T19:28:15Z","containment_time_utc":null,"control_time_utc":null,"fire_out_time_utc":null,"fire_cause":"Natural","fire_cause_general":"Natural","map_method":"Mixed Methods","source_dataset":"FFP","unique_fire_identifier":"2025-NVNAFQ-500729","irwin_id":"{21C449B3-1F7E-4460-920B-F7292397FC13}","global_id":"52f81153-e29c-4756-8b53-0daeec732af6"}},{"type":"Feature","geometry":{"type":"Polygon","coordinates":[[[-119.86611,39.83777],[-119.86824,39.83784],[-119.86939,39.83754],[-119.87067,39.83787],[-119.87177,39.8376],[-119.87259,39.83692],[-119.87264,39.83637],[-119.87225,39.83605],[-119.87123,39.83577],[-119.871,39.83553],[-119.87193,39.83468],[-119.87239,39.83455],[-119.87351,39.83485],[-119.87534,39.83464],[-119.87653,39.8351],[-119.87754,39.83489],[-119.87855,39.83495],[-119.87985,39.83529],[-119.88058,39.8357],[-119.88096,39.83616],[-119.88181,39.83637],[-119.88234,39.83686],[-119.88214,39.83718],[-119.8812,39.83762],[-119.88125,39.83803],[-119.88159,39.83816],[-119.88202,39.83803],[-119.88261,39.83762],[-119.88453,39.83724],[-119.88488,39.83696],[-119.88515,39.83615],[-119.88554,39.83596],[-119.88585,39.83598],[-119.88607,39.83615],[-119.88637,39.83681],[-119.88688,39.83686],[-119.88836,39.83644],[-119.88982,39.83621],[-119.89197,39.83531],[-119.89276,39.83516],[-119.89529,39.83499],[-119.89688,39.83518],[-119.89869,39.83491],[-119.90007,39.8351],[-119.90139,39.83487],[-119.90178,39.83472],[-119.90224,39.83433],[-119.90289,39.83315],[-119.90388,39.83264],[-119.90419,39.83229],[-119.90325,39.83092],[-119.90274,39.82961],[-119.90271,39.82838],[-119.90317,39.82547],[-119.90358,39.82517],[-119.90639,39.82465],[-119.90909,39.82472],[-119.91045,39.82528],[-119.91152,39.82542],[-119.91267,39.82587],[-119.9132,39.82629],[-119.91361,39.82747],[-119.91452,39.82882],[-119.91523,39.83042],[-119.91874,39.83021],[-119.91924,39.83033],[-119.91977,39.83095],[-119.92029,39.83228],[-119.92052,39.83258],[-119.92107,39.83292],[-119.92234,39.8333],[-119.92423,39.83409],[-119.9265,39.83542],[-119.92696,39.83585],[-119.92825,39.83778],[-119.92793,39.83854],[-119.92761,39.83882],[-119.92721,39.83746],[-119.92699,39.83718],[-119.92559,39.8372],[-119.9252,39.83702],[-119.92461,39.83642],[-119.92287,39.83631],[-119.921,39.83693],[-119.91833,39.83813],[-119.91698,39.83847],[-119.91527,39.83866],[-119.91388,39.83915],[-119.91072,39.83939],[-119.90906,39.83904],[-119.90758,39.83897],[-119.90582,39.83918],[-119.90339,39.83924],[-119.90198,39.83968],[-119.89992,39.84136],[-119.89729,39.84275],[-119.8965,39.84334],[-119.89556,39.84363],[-119.89494,39.84399],[-119.89398,39.84407],[-119.8927,39.84369],[-119.88851,39.84472],[-119.88645,39.84481],[-119.88461,39.84533],[-119.88296,39.84555],[-119.88155,39.84593],[-119.87925,39.8462],[-119.87896,39.84642],[-119.87918,39.84718],[-119.87878,39.84735],[-119.87668,39.84682],[-119.87614,39.84686],[-119.87512,39.84721],[-119.87383,39.84689],[-119.87252,39.84715],[-119.87149,39.84719],[-119.87072,39.84706],[-119.86968,39.84659],[-119.86896,39.84642],[-119.8661,39.84657],[-119.86164,39.8463],[-119.85977,39.84573],[-119.85981,39.84554],[-119.8606,39.8453],[-119.86084,39.84503],[-119.86051,39.84472],[-119.85967,39.84448],[-119.8579,39.84477],[-119.85615,39.84461],[-119.855,39.84499],[-119.85407,39.84443],[-119.85373,39.84435],[-119.85346,39.84454],[-119.85342,39.84475],[-119.85371,39.84531],[-119.85304,39.84568],[-119.85218,39.84578],[-119.85117,39.84539],[-119.85096,39.84496],[-119.85115,39.84446],[-119.85198,39.84329],[-119.8527,39.84271],[-119.85898,39.84045],[-119.85996,39.83997],[-119.86144,39.839],[-119.86611,39.83777]]]},"properties":{"fire_id":"ufid:2025-NVTMFX-030560","source_collection":"history-2025","source_objectid":48505,"incident_name":"Rancho","mapped_acres":1482.77,"mapped_acres_source":"poly_GISAcres","gis_acres":1482.77,"auto_acres":1482.702554074318,"reported_acres":1483.0,"percent_contained":null,"state":"NV","state_wfigs":"US-NV","county":"Washoe","discovery_time_utc":"2025-08-14T22:41:27Z","perimeter_time_utc":"2025-11-14T23:17:50Z","perimeter_edit_time_utc":null,"incident_modified_time_utc":"2025-09-29T23:27:22Z","containment_time_utc":"2025-08-21T00:34:00Z","control_time_utc":"2025-08-23T21:00:00Z","fire_out_time_utc":null,"fire_cause":"Human","fire_cause_general":"Equipment and vehicle use","map_method":"Mixed Methods","source_dataset":"FFP","unique_fire_identifier":"2025-NVTMFX-030560","irwin_id":"{F848FF75-2114-461D-81E5-7EC5F133D516}","global_id":"0a43ea51-0255-46b5-9aec-732c0fbeba21"}},{"type":"Feature","geometry":{"type":"Polygon","coordinates":[[[-119.76164,39.62257],[-119.76165,39.62252],[-119.76174,39.62258],[-119.76164,39.62257]]]},"properties":{"fire_id":"ufid:2025-NVCCD-030787","source_collection":"history-2025","source_objectid":48573,"incident_name":"Donatello","mapped_acres":0.01,"mapped_acres_source":"poly_GISAcres","gis_acres":0.01,"auto_acres":0.011924270906820243,"reported_acres":0.1,"percent_contained":null,"state":"NV","state_wfigs":"US-NV","county":"Washoe","discovery_time_utc":"2025-10-27T19:11:00Z","perimeter_time_utc":"2025-11-18T00:11:51Z","perimeter_edit_time_utc":null,"incident_modified_time_utc":"2025-11-14T23:51:31Z","containment_time_utc":"2025-10-27T22:46:00Z","control_time_utc":"2025-10-27T22:46:00Z","fire_out_time_utc":"2025-10-30T01:00:00Z","fire_cause":"Human","fire_cause_general":"Other causes","map_method":"Mixed Methods","source_dataset":"FFP","unique_fire_identifier":"2025-NVCCD-030787","irwin_id":"{8F320118-AE13-4021-856F-4FBB22DEC428}","global_id":"ed72e9d1-c67e-455c-bc2a-a05975c48b07"}},{"type":"Feature","geometry":{"type":"Polygon","coordinates":[[[-119.76394,39.58255],[-119.76474,39.58278],[-119.7648,39.58296],[-119.76444,39.58294],[-119.76432,39.58311],[-119.76381,39.58295],[-119.76376,39.5828],[-119.76394,39.58255]]]},"properties":{"fire_id":"ufid:2025-NVCCD-030755","source_collection":"history-2025","source_objectid":48574,"incident_name":"Tower","mapped_acres":0.9,"mapped_acres_source":"poly_GISAcres","gis_acres":0.9,"auto_acres":0.8956348855418179,"reported_acres":0.9,"percent_contained":null,"state":"NV","state_wfigs":"US-NV","county":"Washoe","discovery_time_utc":"2025-10-07T22:46:16Z","perimeter_time_utc":"2025-11-18T00:16:56Z","perimeter_edit_time_utc":null,"incident_modified_time_utc":"2025-11-14T23:44:51Z","containment_time_utc":"2025-10-08T00:42:00Z","control_time_utc":"2025-10-08T02:05:00Z","fire_out_time_utc":"2025-10-10T01:00:00Z","fire_cause":"Human","fire_cause_general":"Equipment and vehicle use","map_method":"Mixed Methods","source_dataset":"FFP","unique_fire_identifier":"2025-NVCCD-030755","irwin_id":"{D4C01B57-B962-4B93-96D8-3017B90231CF}","global_id":"6da7dae0-b5ba-4a74-ba15-6a33fb09c314"}},{"type":"Feature","geometry":{"type":"Polygon","coordinates":[[[-119.60055,39.9042],[-119.60032,39.9043],[-119.60002,39.90423],[-119.59996,39.9041],[-119.60052,39.90378],[-119.60066,39.90394],[-119.60055,39.9042]]]},"properties":{"fire_id":"ufid:2025-NVCCD-030792","source_collection":"history-2025","source_objectid":49029,"incident_name":"Dump","mapped_acres":0.53,"mapped_acres_source":"poly_GISAcres","gis_acres":0.53,"auto_acres":0.5339448375417293,"reported_acres":0.1,"percent_contained":null,"state":"NV","state_wfigs":"US-NV","county":"Washoe","discovery_time_utc":"2025-10-31T03:26:07Z","perimeter_time_utc":null,"perimeter_edit_time_utc":"2025-12-05T22:24:19Z","incident_modified_time_utc":"2025-11-18T00:13:18Z","containment_time_utc":"2025-10-31T15:11:00Z","control_time_utc":"2025-10-31T15:11:00Z","fire_out_time_utc":"2025-11-02T01:00:00Z","fire_cause":"Human","fire_cause_general":null,"map_method":"Mixed Methods","source_dataset":"2025 NIFS","unique_fire_identifier":"2025-NVCCD-030792","irwin_id":"{CCB243E0-2614-4799-9B0F-CA27A4A7C38C}","global_id":"63d82d94-7e6d-48a8-a743-3357eb59715e"}}]}
