{"type":"FeatureCollection","features":[{"type":"Feature","geometry":{"type":"Polygon","coordinates":[[[-98.5553,36.50378],[-98.56551,36.50254],[-98.57127,36.50551],[-98.57194,36.5091],[-98.5675,36.51332],[-98.55727,36.51456],[-98.5553,36.50378]]]},"properties":{"fire_id":"ufid:2024-OKOKS-240224","source_collection":"history-2024","source_objectid":24526,"incident_name":"Copenhaver Fire","mapped_acres":500.0,"mapped_acres_source":"poly_GISAcres","gis_acres":500.0,"auto_acres":368.796200151677,"reported_acres":500.0,"percent_contained":100.0,"state":"OK","state_wfigs":"US-OK","county":"Woods","discovery_time_utc":"2024-02-26T19:41:00Z","perimeter_time_utc":"2024-02-27T01:41:00Z","perimeter_edit_time_utc":"2024-02-28T20:56:04Z","incident_modified_time_utc":"2024-03-01T00:29:56Z","containment_time_utc":null,"control_time_utc":null,"fire_out_time_utc":null,"fire_cause":"Human","fire_cause_general":null,"map_method":"Modeled","source_dataset":"2024 NIFS","unique_fire_identifier":"2024-OKOKS-240224","irwin_id":"{7C4E2A4C-2D5F-42E7-AE12-B361437E558F}","global_id":"f8dca498-8b67-40fc-84b7-5ec9900e5909"}},{"type":"Feature","geometry":{"type":"Polygon","coordinates":[[[-99.56281,36.64986],[-99.58647,36.64676],[-99.5993,36.64618],[-99.61076,36.64712],[-99.61459,36.64427],[-99.62766,36.64109],[-99.63111,36.65057],[-99.62453,36.65217],[-99.61623,36.65821],[-99.61149,36.65882],[-99.60133,36.65657],[-99.59251,36.66124],[-99.58777,36.66185],[-99.579,36.66653],[-99.5648,36.66834],[-99.55392,36.66262],[-99.55325,36.65915],[-99.55668,36.65162],[-99.56281,36.64986]]]},"properties":{"fire_id":"ufid:2024-OKOKS-240205","source_collection":"history-2024","source_objectid":24527,"incident_name":"Sand Creek Fire","mapped_acres":2304.0,"mapped_acres_source":"poly_GISAcres","gis_acres":2304.0,"auto_acres":2644.84022079213,"reported_acres":2304.0,"percent_contained":100.0,"state":"OK","state_wfigs":"US-OK","county":"Harper","discovery_time_utc":"2024-02-26T18:39:00Z","perimeter_time_utc":"2024-02-27T00:39:00Z","perimeter_edit_time_utc":"2024-02-28T20:55:04Z","incident_modified_time_utc":"2024-03-01T00:40:47Z","containment_time_utc":null,"control_time_utc":null,"fire_out_time_utc":null,"fire_cause":"Human","fire_cause_general":null,"map_method":"Modeled","source_dataset":"2024 NIFS","unique_fire_identifier":"2024-OKOKS-240205","irwin_id":"{E167D8B3-32B6-4448-83D7-7B19A6EEDA84}","global_id":"1cbd07bb-4888-4251-ab77-f78b0050ef5d"}},{"type":"Feature","geometry":{"type":"MultiPolygon","coordinates":[[[[-99.83639,36.38101],[-99.83676,36.38109],[-99.83662,36.38148],[-99.83731,36.38133],[-99.83777,36.3817],[-99.83829,36.38176],[-99.83849,36.38234],[-99.83838,36.38273],[-99.83846,36.38348],[-99.83893,36.38363],[-99.84001,36.38195],[-99.84078,36.38128],[-99.84083,36.38106],[-99.84228,36.38028],[-99.84436,36.37997],[-99.84687,36.38015],[-99.84869,36.38082],[-99.84985,36.38171],[-99.85055,36.38192],[-99.85077,36.38191],[-99.85184,36.38116],[-99.8519,36.38099],[-99.85206,36.38098],[-99.85192,36.38096],[-99.85204,36.38043],[-99.85143,36.38014],[-99.85052,36.38016],[-99.84956,36.37993],[-99.84892,36.37958],[-99.84823,36.3796],[-99.84755,36.37944],[-99.84663,36.37878],[-99.84576,36.37878],[-99.84457,36.37847],[-99.84448,36.379],[-99.84428,36.37907],[-99.84333,36.37836],[-99.84297,36.37824],[-99.84211,36.3775],[-99.84167,36.37731],[-99.84113,36.37677],[-99.84068,36.37681],[-99.84013,36.37653],[-99.83953,36.37591],[-99.83832,36.3756],[-99.83842,36.37514],[-99.83827,36.37481],[-99.8384,36.37441],[-99.83825,36.37333],[-99.8384,36.37278],[-99.83824,36.37259],[-99.83837,36.37204],[-99.83823,36.37186],[-99.83836,36.37147],[-99.83824,36.37112],[-99.83843,36.36983],[-99.83831,36.36964],[-99.83831,36.36761],[-99.83821,36.36725],[-99.83839,36.36411],[-99.83826,36.36337],[-99.83839,36.36282],[-99.83824,36.3619],[-99.83835,36.36153],[-99.83822,36.36117],[-99.83831,36.35932],[-99.83819,36.35895],[-99.83831,36.35766],[-99.83816,36.35673],[-99.83825,36.3563],[-99.83816,36.35581],[-99.83817,36.35154],[-99.83842,36.35089],[-99.83886,36.35064],[-99.83855,36.35046],[-99.83856,36.35009],[-99.83823,36.34991],[-99.83815,36.34917],[-99.83823,36.34825],[-99.83859,36.34806],[-99.83816,36.34751],[-99.83825,36.34678],[-99.83723,36.34654],[-99.83662,36.34611],[-99.83602,36.34476],[-99.83555,36.34471],[-99.83535,36.34456],[-99.83527,36.3444],[-99.8354,36.34403],[-99.8344,36.34399],[-99.83399,36.34382],[-99.83317,36.34226],[-99.83295,36.34146],[-99.83312,36.34073],[-99.83299,36.34038],[-99.83254,36.34031],[-99.83155,36.33987],[-99.83107,36.33896],[-99.83102,36.33834],[-99.83028,36.33664],[-99.83025,36.33595],[-99.8305,36.3354],[-99.83017,36.33487],[-99.82984,36.33393],[-99.82965,36.33288],[-99.8287,36.33217],[-99.8282,36.33136],[-99.82811,36.33091],[-99.82754,36.33034],[-99.82731,36.32978],[-99.82691,36.32825],[-99.82651,36.32497],[-99.82632,36.32454],[-99.82635,36.32344],[-99.82602,36.32307],[-99.82609,36.32215],[-99.8256,36.32068],[-99.82551,36.31939],[-99.82571,36.31883],[-99.82557,36.31754],[-99.8257,36.3168],[-99.8249,36.31423],[-99.82519,36.31399],[-99.82565,36.31408],[-99.82587,36.31385],[-99.82593,36.3133],[-99.82576,36.31238],[-99.82586,36.31145],[-99.82607,36.31091],[-99.82602,36.31016],[-99.8263,36.30924],[-99.82651,36.30896],[-99.82679,36.30924],[-99.82684,36.30997],[-99.82665,36.31256],[-99.82639,36.3133],[-99.82676,36.31479],[-99.82767,36.31384],[-99.82768,36.31364],[-99.82775,36.31384],[-99.82802,36.31384],[-99.82834,36.31328],[-99.8284,36.3131],[-99.82802,36.31236],[-99.82797,36.31181],[-99.82818,36.31033],[-99.82797,36.30941],[-99.8281,36.30849],[-99.82799,36.30757],[-99.82824,36.3072],[-99.82858,36.30704],[-99.82884,36.30561],[-99.82989,36.30535],[-99.83036,36.30551],[-99.8309,36.30581],[-99.83102,36.30664],[-99.83164,36.30706],[-99.83196,36.30699],[-99.8322,36.30679],[-99.83166,36.30639],[-99.83252,36.30551],[-99.83248,36.30532],[-99.83216,36.30504],[-99.83193,36.30509],[-99.83208,36.30533],[-99.8318,36.30577],[-99.83104,36.3057],[-99.83101,36.30552],[-99.83147,36.30478],[-99.83131,36.30459],[-99.83147,36.30451],[-99.832,36.30465],[-99.83238,36.30451],[-99.83284,36.30468],[-99.83352,36.30452],[-99.83376,36.3044],[-99.83378,36.30421],[-99.83415,36.30384],[-99.83443,36.30381],[-99.83478,36.3032],[-99.83556,36.30315],[-99.83613,36.3029],[-99.83597,36.30272],[-99.83646,36.30232],[-99.83664,36.30194],[-99.83701,36.3019],[-99.83737,36.30231],[-99.8376,36.30239],[-99.83754,36.30215],[-99.83787,36.30201],[-99.83752,36.30172],[-99.83775,36.30136],[-99.83809,36.30127],[-99.83804,36.30119],[-99.83687,36.30121],[-99.8365,36.30146],[-99.83577,36.30167],[-99.83555,36.30161],[-99.8357,36.30106],[-99.83599,36.30096],[-99.83622,36.30069],[-99.83616,36.30046],[-99.83655,36.30041],[-99.8369,36.30059],[-99.83717,36.30031],[-99.8378,36.30006],[-99.83795,36.30037],[-99.83857,36.30061],[-99.83895,36.30102],[-99.83911,36.30043],[-99.84008,36.30018],[-99.84054,36.29991],[-99.84129,36.29979],[-99.84188,36.29916],[-99.8428,36.29884],[-99.84335,36.29886],[-99.84394,36.29866],[-99.84462,36.29875],[-99.84577,36.29914],[-99.84628,36.29914],[-99.8466,36.29969],[-99.84742,36.29987],[-99.84733,36.30009],[-99.84752,36.30042],[-99.84783,36.30063],[-99.84852,36.30057],[-99.84875,36.30066],[-99.84965,36.30034],[-99.85079,36.30032],[-99.85125,36.30075],[-99.85171,36.30092],[-99.85246,36.30089],[-99.85273,36.30104],[-99.85399,36.3012],[-99.8543,36.30118],[-99.85513,36.3007],[-99.85605,36.3009],[-99.85578,36.30129],[-99.85589,36.30147],[-99.85541,36.30166],[-99.85588,36.30217],[-99.85573,36.30239],[-99.85583,36.30276],[-99.85538,36.30306],[-99.85492,36.30314],[-99.85538,36.3032],[-99.85573,36.3035],[-99.8557,36.30368],[-99.85438,36.30425],[-99.85409,36.3048],[-99.85419,36.30499],[-99.85397,36.30512],[-99.85392,36.30536],[-99.85422,36.30683],[-99.85458,36.30701],[-99.85485,36.30738],[-99.85457,36.30812],[-99.85476,36.30867],[-99.85471,36.30885],[-99.85499,36.30922],[-99.85477,36.30978],[-99.85492,36.30996],[-99.85494,36.31088],[-99.85547,36.31124],[-99.85593,36.31124],[-99.85684,36.3116],[-99.85752,36.31142],[-99.85766,36.31149],[-99.85772,36.31178],[-99.8576,36.31381],[-99.85715,36.31569],[-99.85659,36.31696],[-99.85657,36.31862],[-99.85636,36.31917],[-99.85647,36.31953],[-99.85761,36.31935],[-99.85829,36.31948],[-99.86031,36.3193],[-99.8608,36.31939],[-99.86239,36.31929],[-99.8628,36.31949],[-99.86275,36.31968],[-99.86285,36.31978],[-99.86331,36.3193],[-99.86343,36.31949],[-99.86336,36.32041],[-99.86346,36.32115],[-99.86382,36.32167],[-99.86416,36.32262],[-99.86416,36.32336],[-99.86449,36.32366],[-99.86498,36.32369],[-99.86541,36.32394],[-99.86562,36.3237],[-99.86591,36.32367],[-99.86615,36.32426],[-99.86605,36.32467],[-99.86638,36.32481],[-99.86638,36.32518],[-99.86679,36.32531],[-99.86724,36.32505],[-99.86793,36.32522],[-99.86866,36.32498],[-99.86837,36.32388],[-99.86737,36.32377],[-99.86714,36.32333],[-99.86675,36.32316],[-99.86638,36.32273],[-99.86641,36.32094],[-99.86631,36.32039],[-99.8666,36.31991],[-99.86718,36.3197],[-99.86728,36.31928],[-99.86837,36.31927],[-99.86806,36.31961],[-99.86801,36.32093],[-99.86829,36.32185],[-99.86846,36.32203],[-99.86852,36.32282],[-99.86882,36.32308],[-99.86927,36.32287],[-99.86944,36.32258],[-99.86866,36.32166],[-99.86856,36.32056],[-99.86895,36.31977],[-99.86923,36.31968],[-99.86993,36.32036],[-99.8706,36.32017],[-99.87054,36.31981],[-99.87029,36.31944],[-99.8704,36.31928],[-99.87082,36.31916],[-99.87257,36.31924],[-99.87255,36.31961],[-99.87292,36.32053],[-99.8729,36.32126],[-99.87268,36.32163],[-99.8729,36.32219],[-99.87269,36.32329],[-99.87288,36.32388],[-99.8732,36.32418],[-99.87321,36.32443],[-99.87285,36.32458],[-99.87293,36.32495],[-99.8724,36.32544],[-99.87191,36.32615],[-99.87113,36.32625],[-99.8709,36.32651],[-99.87058,36.32644],[-99.87046,36.32718],[-99.87023,36.32723],[-99.86977,36.32683],[-99.86928,36.3283],[-99.86937,36.32852],[-99.86888,36.32868],[-99.86875,36.32885],[-99.86927,36.32928],[-99.86986,36.32927],[-99.86989,36.32913],[-99.86969,36.32903],[-99.87001,36.32902],[-99.87002,36.32884],[-99.86984,36.32866],[-99.87005,36.32848],[-99.86999,36.32811],[-99.87023,36.32766],[-99.87039,36.32774],[-99.87038,36.32884],[-99.87014,36.32958],[-99.87012,36.3305],[-99.86981,36.33079],[-99.86913,36.33094],[-99.86845,36.33135],[-99.86797,36.33184],[-99.86799,36.33201],[-99.86867,36.33217],[-99.8693,36.33254],[-99.86909,36.33272],[-99.86908,36.33303],[-99.86879,36.33328],[-99.86887,36.33351],[-99.86916,36.33354],[-99.86931,36.33346],[-99.86938,36.33307],[-99.86985,36.33346],[-99.8699,36.3329],[-99.87011,36.33272],[-99.87,36.33253],[-99.87022,36.33235],[-99.87003,36.33216],[-99.87012,36.33185],[-99.87057,36.33192],[-99.87067,36.33253],[-99.8704,36.33327],[-99.87051,36.33346],[-99.87121,36.33366],[-99.87141,36.33342],[-99.87212,36.33354],[-99.87254,36.33341],[-99.87308,36.33358],[-99.87302,36.3338],[-99.87324,36.334],[-99.87334,36.33509],[-99.87388,36.33527],[-99.87359,36.33546],[-99.87422,36.33564],[-99.87413,36.33601],[-99.87428,36.33631],[-99.87414,36.3368],[-99.87431,36.33711],[-99.87416,36.33753],[-99.87431,36.33785],[-99.87415,36.33816],[-99.87413,36.33848],[-99.87426,36.33859],[-99.87413,36.33869],[-99.87407,36.33909],[-99.87419,36.33918],[-99.87414,36.33959],[-99.87429,36.33984],[-99.87409,36.34025],[-99.8743,36.34058],[-99.87416,36.34099],[-99.87434,36.34141],[-99.8742,36.34167],[-99.87432,36.34205],[-99.87415,36.34265],[-99.87438,36.34283],[-99.8744,36.34301],[-99.87406,36.34394],[-99.8741,36.34428],[-99.8743,36.34449],[-99.87423,36.3448],[-99.87434,36.3452],[-99.87418,36.3456],[-99.8743,36.34596],[-99.8742,36.34762],[-99.87431,36.34801],[-99.87435,36.35077],[-99.87422,36.35168],[-99.87431,36.35236],[-99.87414,36.35242],[-99.87428,36.3526],[-99.87412,36.35348],[-99.87373,36.3539],[-99.87357,36.35433],[-99.87304,36.35457],[-99.87294,36.35483],[-99.87316,36.35529],[-99.87315,36.35575],[-99.87328,36.35587],[-99.87351,36.3559],[-99.87419,36.35549],[-99.87413,36.35597],[-99.8742,36.35611],[-99.87443,36.3561],[-99.87425,36.35666],[-99.87447,36.35684],[-99.87421,36.35758],[-99.87432,36.35795],[-99.87417,36.35832],[-99.87426,36.35866],[-99.87413,36.35906],[-99.8743,36.35937],[-99.87415,36.3598],[-99.87436,36.35998],[-99.87431,36.36022],[-99.87392,36.36064],[-99.87403,36.36127],[-99.87367,36.36183],[-99.87403,36.36239],[-99.87433,36.36238],[-99.87423,36.36293],[-99.87442,36.36311],[-99.87425,36.36348],[-99.87439,36.36358],[-99.8744,36.36385],[-99.87421,36.36422],[-99.87438,36.36451],[-99.87425,36.365],[-99.87442,36.36514],[-99.87424,36.36575],[-99.87441,36.36606],[-99.87423,36.3665],[-99.87445,36.3668],[-99.87425,36.36723],[-99.87443,36.36754],[-99.87426,36.36797],[-99.87444,36.36828],[-99.87427,36.3687],[-99.87443,36.36901],[-99.87427,36.36963],[-99.87443,36.36975],[-99.87425,36.37012],[-99.87443,36.37062],[-99.87424,36.37113],[-99.87409,36.37123],[-99.87414,36.37132],[-99.87426,36.37115],[-99.87445,36.37123],[-99.87443,36.37146],[-99.8743,36.37154],[-99.87445,36.37191],[-99.87428,36.37242],[-99.87446,36.3727],[-99.87415,36.37344],[-99.87439,36.37335],[-99.87448,36.37344],[-99.87432,36.37357],[-99.87422,36.37399],[-99.87447,36.37418],[-99.87426,36.37473],[-99.87426,36.37485],[-99.87446,36.37492],[-99.8743,36.37529],[-99.87433,36.37554],[-99.87448,36.37565],[-99.87431,36.37621],[-99.87443,36.37639],[-99.87423,36.37678],[-99.87388,36.37687],[-99.87284,36.37698],[-99.87199,36.37672],[-99.87139,36.37709],[-99.87117,36.37807],[-99.8708,36.37852],[-99.87059,36.3792],[-99.87022,36.37937],[-99.87104,36.37942],[-99.87127,36.37955],[-99.87107,36.38031],[-99.86936,36.38178],[-99.86931,36.38233],[-99.86874,36.38289],[-99.86845,36.38381],[-99.86813,36.38437],[-99.86779,36.38465],[-99.86715,36.38487],[-99.86715,36.3853],[-99.86624,36.38678],[-99.86588,36.38691],[-99.86542,36.38669],[-99.86527,36.38697],[-99.86537,36.38955],[-99.86528,36.39033],[-99.86505,36.39084],[-99.86516,36.39109],[-99.86547,36.39132],[-99.86616,36.39139],[-99.86593,36.39159],[-99.8657,36.39141],[-99.86502,36.39169],[-99.86479,36.3915],[-99.86444,36.39158],[-99.86502,36.39218],[-99.86518,36.39189],[-99.86541,36.39195],[-99.86571,36.39244],[-99.86593,36.39208],[-99.86616,36.39212],[-99.86608,36.3925],[-99.86651,36.39323],[-99.86649,36.39353],[-99.8671,36.39417],[-99.86755,36.39387],[-99.86831,36.39384],[-99.86843,36.39377],[-99.86833,36.39359],[-99.86846,36.39353],[-99.86848,36.39395],[-99.86869,36.39428],[-99.86892,36.3944],[-99.86937,36.3939],[-99.86925,36.39432],[-99.86952,36.39505],[-99.86994,36.3956],[-99.86991,36.39616],[-99.87016,36.39689],[-99.86999,36.39726],[-99.87043,36.39736],[-99.87092,36.39725],[-99.87094,36.39615],[-99.87116,36.39578],[-99.87044,36.39412],[-99.87043,36.39302],[-99.87013,36.39239],[-99.87016,36.39191],[-99.87072,36.39179],[-99.87086,36.39198],[-99.87096,36.39279],[-99.87164,36.39253],[-99.87197,36.39274],[-99.8721,36.39309],[-99.87236,36.393],[-99.87255,36.39171],[-99.87293,36.39134],[-99.87345,36.39144],[-99.87313,36.39189],[-99.87305,36.39244],[-99.87319,36.39263],[-99.8737,36.39273],[-99.87396,36.3926],[-99.87386,36.39294],[-99.87393,36.39322],[-99.87403,36.39325],[-99.87408,36.39293],[-99.8742,36.39296],[-99.87405,36.39354],[-99.87423,36.39373],[-99.87415,36.39428],[-99.87432,36.39446],[-99.87428,36.39483],[-99.87444,36.39517],[-99.8743,36.39557],[-99.87447,36.39575],[-99.87432,36.39612],[-99.87447,36.39645],[-99.87422,36.39705],[-99.87446,36.39721],[-99.87434,36.39767],[-99.8745,36.39797],[-99.87434,36.39834],[-99.87447,36.3987],[-99.87433,36.39926],[-99.87448,36.39944],[-99.87417,36.40018],[-99.87422,36.40094],[-99.87438,36.4011],[-99.87438,36.40155],[-99.87456,36.40184],[-99.87435,36.40221],[-99.87458,36.40228],[-99.87471,36.40207],[-99.87487,36.40207],[-99.87507,36.40228],[-99.87548,36.40232],[-99.87586,36.40258],[-99.87619,36.40248],[-99.87636,36.40293],[-99.87633,36.40365],[-99.87685,36.40354],[-99.87697,36.40309],[-99.87744,36.40274],[-99.87742,36.40253],[-99.87768,36.40263],[-99.87794,36.40237],[-99.87769,36.40143],[-99.87772,36.40108],[-99.87716,36.39979],[-99.87735,36.3996],[-99.87742,36.39916],[-99.87756,36.39949],[-99.87794,36.39947],[-99.87792,36.39872],[-99.87809,36.39855],[-99.87855,36.3986],[-99.87878,36.39849],[-99.87853,36.39832],[-99.87867,36.39767],[-99.87883,36.39754],[-99.87786,36.39686],[-99.87766,36.39638],[-99.87727,36.39623],[-99.87724,36.39594],[-99.8776,36.3957],[-99.87765,36.39553],[-99.87745,36.39543],[-99.87729,36.39511],[-99.87755,36.39494],[-99.87751,36.39446],[-99.87688,36.39381],[-99.87675,36.39251],[-99.87704,36.39213],[-99.87679,36.39173],[-99.87678,36.39137],[-99.87855,36.39139],[-99.87856,36.39167],[-99.87795,36.39261],[-99.87837,36.39291],[-99.87815,36.39327],[-99.87808,36.39455],[-99.87832,36.39488],[-99.87862,36.39483],[-99.87888,36.39494],[-99.879,36.39556],[-99.87877,36.39611],[-99.87901,36.39664],[-99.8788,36.39684],[-99.87893,36.3972],[-99.87921,36.39739],[-99.87955,36.39729],[-99.88022,36.39748],[-99.88078,36.39792],[-99.88136,36.39804],[-99.88153,36.39828],[-99.88243,36.3987],[-99.88289,36.39867],[-99.88305,36.39846],[-99.88281,36.39833],[-99.88242,36.39767],[-99.88165,36.39687],[-99.88155,36.39625],[-99.88175,36.39588],[-99.88134,36.39533],[-99.88103,36.39443],[-99.88124,36.39434],[-99.88193,36.39441],[-99.88223,36.39311],[-99.88209,36.39256],[-99.88214,36.39201],[-99.88248,36.39174],[-99.88274,36.39188],[-99.8831,36.39274],[-99.88297,36.39348],[-99.88313,36.39403],[-99.88323,36.39532],[-99.8831,36.39587],[-99.8833,36.39661],[-99.88324,36.39772],[-99.88334,36.3981],[-99.8837,36.39827],[-99.88722,36.39847],[-99.88806,36.39818],[-99.88866,36.39823],[-99.88903,36.3977],[-99.88912,36.39793],[-99.88884,36.39807],[-99.88927,36.39852],[-99.88973,36.39826],[-99.89041,36.39836],[-99.89109,36.39824],[-99.89191,36.39847],[-99.89219,36.39876],[-99.89232,36.39949],[-99.89271,36.39981],[-99.89292,36.39966],[-99.89264,36.39889],[-99.89292,36.39882],[-99.89361,36.39927],[-99.89372,36.39911],[-99.89339,36.39856],[-99.89189,36.39802],[-99.89189,36.39581],[-99.89201,36.39529],[-99.8922,36.39521],[-99.89263,36.39543],[-99.89289,36.39541],[-99.89317,36.39529],[-99.89334,36.395],[-99.89373,36.39543],[-99.89425,36.39535],[-99.89468,36.39563],[-99.89549,36.39571],[-99.89567,36.39633],[-99.89656,36.3967],[-99.89681,36.39672],[-99.89754,36.39632],[-99.89737,36.39595],[-99.89665,36.39587],[-99.8962,36.39568],[-99.89585,36.39532],[-99.89539,36.39528],[-99.89519,36.39502],[-99.89471,36.39494],[-99.89297,36.39332],[-99.89301,36.39279],[-99.89399,36.39263],[-99.89426,36.3925],[-99.89432,36.39229],[-99.89374,36.39194],[-99.89329,36.3912],[-99.89307,36.39126],[-99.89233,36.39105],[-99.892,36.39083],[-99.89168,36.38978],[-99.89137,36.38936],[-99.89087,36.38752],[-99.89099,36.38696],[-99.89062,36.38623],[-99.89028,36.38586],[-99.89007,36.3842],[-99.88965,36.38302],[-99.8896,36.38218],[-99.88927,36.38108],[-99.88943,36.38089],[-99.88925,36.38074],[-99.88894,36.37988],[-99.88853,36.37948],[-99.88846,36.37924],[-99.88833,36.37815],[-99.88847,36.37721],[-99.88873,36.37697],[-99.88994,36.37683],[-99.89087,36.37699],[-99.89108,36.37721],[-99.89104,36.37685],[-99.89121,36.37674],[-99.89252,36.37675],[-99.89265,36.37702],[-99.89266,36.37771],[-99.89244,36.37793],[-99.892,36.37755],[-99.89186,36.37792],[-99.89263,36.37833],[-99.89349,36.37912],[-99.89387,36.37922],[-99.89422,36.37883],[-99.8943,36.37846],[-99.89389,36.37809],[-99.89381,36.37791],[-99.89395,36.37772],[-99.89329,36.3768],[-99.89412,36.37668],[-99.89586,36.3767],[-99.89641,36.37641],[-99.89597,36.37623],[-99.89625,36.37617],[-99.89677,36.37575],[-99.89683,36.37604],[-99.89664,36.37659],[-99.89701,36.37672],[-99.89791,36.37659],[-99.89803,36.37603],[-99.89776,36.37548],[-99.89835,36.3749],[-99.89871,36.37381],[-99.8998,36.3726],[-99.90075,36.37232],[-99.90049,36.37214],[-99.89925,36.37195],[-99.89868,36.37123],[-99.89793,36.37118],[-99.89717,36.37093],[-99.89589,36.371],[-99.8955,36.37057],[-99.8951,36.36966],[-99.89415,36.36945],[-99.89354,36.36846],[-99.89342,36.36801],[-99.8935,36.36757],[-99.89328,36.36722],[-99.89327,36.36682],[-99.89272,36.36538],[-99.89203,36.36506],[-99.892,36.36464],[-99.89175,36.36436],[-99.89116,36.36244],[-99.8912,36.3623],[-99.89137,36.36226],[-99.89205,36.36239],[-99.89208,36.36227],[-99.89251,36.36216],[-99.89479,36.36226],[-99.89707,36.36215],[-99.89798,36.36227],[-99.89912,36.36213],[-99.90003,36.36222],[-99.90117,36.36214],[-99.90123,36.36199],[-99.90109,36.36162],[-99.90122,36.36125],[-99.90112,36.36089],[-99.90124,36.35978],[-99.90115,36.35941],[-99.90134,36.3583],[-99.90118,36.35794],[-99.90111,36.35701],[-99.90118,36.35167],[-99.90104,36.35001],[-99.90113,36.34964],[-99.90101,36.34927],[-99.9011,36.3489],[-99.90099,36.34851],[-99.90106,36.34761],[-99.90128,36.34724],[-99.9024,36.34723],[-99.90283,36.34802],[-99.90412,36.3482],[-99.90448,36.34865],[-99.90486,36.34887],[-99.90503,36.34942],[-99.90536,36.34978],[-99.90604,36.34987],[-99.90633,36.3501],[-99.90619,36.35081],[-99.90629,36.35107],[-99.9062,36.35237],[-99.90631,36.35273],[-99.90682,36.35259],[-99.90702,36.35236],[-99.90671,36.35089],[-99.90673,36.35051],[-99.90696,36.35015],[-99.90714,36.35037],[-99.90734,36.35033],[-99.90735,36.34996],[-99.90787,36.34971],[-99.90855,36.35001],[-99.90878,36.34983],[-99.90941,36.3499],[-99.90977,36.34963],[-99.90998,36.34926],[-99.90988,36.34865],[-99.90995,36.34828],[-99.90968,36.34773],[-99.90946,36.34811],[-99.90913,36.34817],[-99.90876,36.34785],[-99.90752,36.34745],[-99.90731,36.34719],[-99.90673,36.34717],[-99.90643,36.34683],[-99.90609,36.34583],[-99.90603,36.34462],[-99.90644,36.34435],[-99.90708,36.34447],[-99.90712,36.34471],[-99.90714,36.34443],[-99.90696,36.34437],[-99.90696,36.34406],[-99.90671,36.34356],[-99.90678,36.34277],[-99.9064,36.34276],[-99.9063,36.34341],[-99.90593,36.34355],[-99.90557,36.34315],[-99.90533,36.34241],[-99.90431,36.34209],[-99.90421,36.34168],[-99.90378,36.34132],[-99.90368,36.34075],[-99.9034,36.34093],[-99.90327,36.34137],[-99.90283,36.34176],[-99.90237,36.34164],[-99.90225,36.34137],[-99.90303,36.3399],[-99.90387,36.33973],[-99.90434,36.34016],[-99.90456,36.34002],[-99.90441,36.33965],[-99.9046,36.33947],[-99.90386,36.33892],[-99.90443,36.33873],[-99.90389,36.33818],[-99.90415,36.33781],[-99.90411,36.33763],[-99.90327,36.33745],[-99.90325,36.3369],[-99.90341,36.33671],[-99.90292,36.33593],[-99.90242,36.33561],[-99.90254,36.33506],[-99.90218,36.33454],[-99.90223,36.33432],[-99.90141,36.33331],[-99.90137,36.33156],[-99.90159,36.33119],[-99.90207,36.331],[-99.90215,36.33082],[-99.90167,36.33045],[-99.90161,36.33009],[-99.9021,36.32934],[-99.90186,36.32916],[-99.90146,36.32843],[-99.90145,36.32751],[-99.90112,36.32695],[-99.90147,36.32679],[-99.90122,36.32659],[-99.9013,36.3264],[-99.90083,36.32548],[-99.90064,36.32345],[-99.90077,36.32272],[-99.90106,36.32235],[-99.90072,36.32106],[-99.90071,36.32032],[-99.9008,36.32004],[-99.90116,36.31978],[-99.90103,36.31903],[-99.90124,36.31856],[-99.90158,36.31844],[-99.90233,36.31878],[-99.90318,36.3189],[-99.90341,36.31883],[-99.90345,36.31864],[-99.90341,36.31844],[-99.90305,36.31818],[-99.90315,36.3179],[-99.90261,36.31699],[-99.90226,36.3168],[-99.90235,36.31643],[-99.90227,36.31625],[-99.90164,36.31589],[-99.902,36.31557],[-99.90228,36.31459],[-99.90188,36.31404],[-99.90197,36.31386],[-99.9016,36.31349],[-99.90143,36.31257],[-99.9015,36.31165],[-99.90185,36.31146],[-99.90195,36.3109],[-99.90183,36.30961],[-99.902,36.30888],[-99.90184,36.30814],[-99.90192,36.30722],[-99.90175,36.30703],[-99.90213,36.30692],[-99.90354,36.30717],[-99.90442,36.30766],[-99.90509,36.30775],[-99.90487,36.30793],[-99.90519,36.30804],[-99.90572,36.30806],[-99.90582,36.30789],[-99.90571,36.3078],[-99.90516,36.30775],[-99.90578,36.30768],[-99.90647,36.30798],[-99.90659,36.30755],[-99.90652,36.30571],[-99.90667,36.30567],[-99.90685,36.30644],[-99.9076,36.30745],[-99.90825,36.30751],[-99.90897,36.30735],[-99.90911,36.30655],[-99.90981,36.30642],[-99.90984,36.30603],[-99.91009,36.30594],[-99.90997,36.30642],[-99.91007,36.30662],[-99.90994,36.30697],[-99.91001,36.30705],[-99.91034,36.30716],[-99.91054,36.30695],[-99.91079,36.30719],[-99.91145,36.30714],[-99.91129,36.30711],[-99.91106,36.30641],[-99.91088,36.30512],[-99.91099,36.30452],[-99.91197,36.30425],[-99.91204,36.30412],[-99.91214,36.30311],[-99.91203,36.30271],[-99.91224,36.30191],[-99.91198,36.30132],[-99.91198,36.29958],[-99.91232,36.29884],[-99.91234,36.29681],[-99.91271,36.29607],[-99.9129,36.2961],[-99.91322,36.29665],[-99.91292,36.29718],[-99.91267,36.29805],[-99.91275,36.29828],[-99.91261,36.29884],[-99.91295,36.2992],[-99.91295,36.29957],[-99.91333,36.30012],[-99.91328,36.30068],[-99.9135,36.30104],[-99.9131,36.30234],[-99.91279,36.30277],[-99.91264,36.30345],[-99.91245,36.30372],[-99.91259,36.3042],[-99.9121,36.30435],[-99.91228,36.30474],[-99.91229,36.3064],[-99.91198,36.30714],[-99.9122,36.30729],[-99.91212,36.30751],[-99.91235,36.30791],[-99.91285,36.30832],[-99.91308,36.30816],[-99.91345,36.3075],[-99.91345,36.30694],[-99.91458,36.30694],[-99.91406,36.30768],[-99.91432,36.30982],[-99.91454,36.30995],[-99.91511,36.30893],[-99.91537,36.30877],[-99.91549,36.30914],[-99.91548,36.3108],[-99.91562,36.31097],[-99.91602,36.31094],[-99.9163,36.31064],[-99.91663,36.31079],[-99.91697,36.31245],[-99.91698,36.31337],[-99.91672,36.3143],[-99.91614,36.31504],[-99.91616,36.31544],[-99.91571,36.3167],[-99.91556,36.31752],[-99.91513,36.31809],[-99.91449,36.31837],[-99.91454,36.31911],[-99.91384,36.31943],[-99.91376,36.32004],[-99.91308,36.32096],[-99.91317,36.32152],[-99.913,36.32189],[-99.913,36.32281],[-99.91337,36.32391],[-99.91333,36.32446],[-99.91286,36.32465],[-99.91283,36.32485],[-99.91298,36.32613],[-99.91266,36.32816],[-99.91267,36.32908],[-99.91243,36.33],[-99.91248,36.3306],[-99.91217,36.33108],[-99.91149,36.33128],[-99.91085,36.33223],[-99.91071,36.3326],[-99.9108,36.33283],[-99.9107,36.3332],[-99.91008,36.33399],[-99.90973,36.33408],[-99.90945,36.33445],[-99.9095,36.33502],[-99.90982,36.33506],[-99.90989,36.33482],[-99.91043,36.33474],[-99.91082,36.33542],[-99.91112,36.33537],[-99.91181,36.33576],[-99.91226,36.33561],[-99.91274,36.3357],[-99.9127,36.33609],[-99.91328,36.33656],[-99.91317,36.33699],[-99.91205,36.33713],[-99.91174,36.33768],[-99.91155,36.33776],[-99.91206,36.33771],[-99.91223,36.33794],[-99.91194,36.33831],[-99.91234,36.33864],[-99.91241,36.33904],[-99.91172,36.3396],[-99.91206,36.33978],[-99.91239,36.34052],[-99.91153,36.34117],[-99.91113,36.34122],[-99.91096,36.34145],[-99.91054,36.34148],[-99.91038,36.34164],[-99.91051,36.34205],[-99.91079,36.34215],[-99.91142,36.3421],[-99.91172,36.34236],[-99.91128,36.34353],[-99.91057,36.34406],[-99.91006,36.34404],[-99.91005,36.34385],[-99.90985,36.34375],[-99.90916,36.34374],[-99.90877,36.34391],[-99.90803,36.34384],[-99.90831,36.34405],[-99.90766,36.34442],[-99.9077,36.34535],[-99.90793,36.34553],[-99.90821,36.34553],[-99.90933,36.34472],[-99.90963,36.34486],[-99.91011,36.34461],[-99.91008,36.3444],[-99.91077,36.34449],[-99.91145,36.34429],[-99.91173,36.34435],[-99.91186,36.34458],[-99.91178,36.34466],[-99.91141,36.34473],[-99.911,36.34506],[-99.9105,36.34492],[-99.91004,36.34547],[-99.9096,36.34567],[-99.90949,36.34607],[-99.90988,36.34633],[-99.90995,36.34656],[-99.90961,36.34703],[-99.90964,36.34718],[-99.91243,36.34773],[-99.9129,36.34756],[-99.91321,36.34641],[-99.91359,36.34572],[-99.91397,36.34555],[-99.9142,36.34565],[-99.91443,36.34585],[-99.91429,36.34677],[-99.91383,36.34714],[-99.91364,36.34751],[-99.91442,36.34788],[-99.9145,36.34806],[-99.91421,36.3486],[-99.91424,36.34917],[-99.91471,36.34977],[-99.91493,36.34981],[-99.91516,36.34953],[-99.91517,36.34879],[-99.91532,36.34801],[-99.91554,36.34787],[-99.9155,36.3475],[-99.91582,36.34731],[-99.91568,36.34639],[-99.91587,36.34621],[-99.91596,36.34578],[-99.91625,36.34561],[-99.91694,36.34575],[-99.91747,36.34527],[-99.9173,36.34454],[-99.91708,36.34417],[-99.91651,36.34357],[-99.91575,36.34326],[-99.91579,36.34307],[-99.91599,36.343],[-99.91668,36.3433],[-99.91674,36.34306],[-99.91622,36.34272],[-99.91594,36.34274],[-99.91548,36.34252],[-99.91554,36.34179],[-99.9158,36.34123],[-99.91583,36.34075],[-99.91647,36.33901],[-99.91674,36.33882],[-99.91695,36.3379],[-99.9173,36.33738],[-99.91775,36.33724],[-99.91839,36.33775],[-99.91864,36.33807],[-99.91867,36.33844],[-99.91888,36.33881],[-99.91931,36.33922],[-99.91947,36.33834],[-99.91961,36.33822],[-99.92004,36.33833],[-99.92049,36.33767],[-99.92073,36.33768],[-99.92095,36.33801],[-99.92157,36.33848],[-99.92186,36.33821],[-99.9219,36.33771],[-99.92208,36.3374],[-99.92237,36.33744],[-99.92311,36.33813],[-99.92311,36.33849],[-99.92267,36.33859],[-99.92292,36.33896],[-99.92283,36.33933],[-99.92239,36.34003],[-99.92254,36.34081],[-99.92281,36.34099],[-99.9226,36.34117],[-99.92311,36.34149],[-99.92312,36.34178],[-99.92277,36.34205],[-99.92261,36.34248],[-99.92235,36.34264],[-99.92237,36.34287],[-99.9226,36.34291],[-99.92269,36.34272],[-99.92308,36.34249],[-99.92364,36.34273],[-99.92397,36.3427],[-99.92463,36.34227],[-99.92476,36.34208],[-99.92462,36.34173],[-99.92468,36.34153],[-99.92531,36.34082],[-99.92582,36.33999],[-99.92578,36.33988],[-99.92644,36.33965],[-99.92738,36.33983],[-99.92806,36.34075],[-99.92788,36.3415],[-99.92735,36.34167],[-99.92654,36.34244],[-99.92698,36.34313],[-99.92687,36.3436],[-99.92714,36.34375],[-99.92717,36.34394],[-99.9274,36.344],[-99.92763,36.34382],[-99.92827,36.34431],[-99.92819,36.34482],[-99.92828,36.34666],[-99.92816,36.34688],[-99.92783,36.34704],[-99.92778,36.34722],[-99.92826,36.34814],[-99.92831,36.34869],[-99.92818,36.34925],[-99.92827,36.34961],[-99.92806,36.35009],[-99.92749,36.35017],[-99.92733,36.35079],[-99.92612,36.35086],[-99.92592,36.35111],[-99.92632,36.35184],[-99.92721,36.35239],[-99.92728,36.35261],[-99.9275,36.35207],[-99.92818,36.35171],[-99.92838,36.35183],[-99.92835,36.35256],[-99.92864,36.3533],[-99.92857,36.35404],[-99.92843,36.35422],[-99.92775,36.35414],[-99.92714,36.35423],[-99.92639,36.35469],[-99.92596,36.3548],[-99.92598,36.35532],[-99.92618,36.35536],[-99.92639,36.35488],[-99.92707,36.3547],[-99.92756,36.35476],[-99.92799,36.35513],[-99.92845,36.35504],[-99.92884,36.35519],[-99.92942,36.35602],[-99.92941,36.35624],[-99.92857,36.35689],[-99.9279,36.35708],[-99.92788,36.35681],[-99.92821,36.35627],[-99.92803,36.35607],[-99.928,36.35575],[-99.9279,36.35581],[-99.92798,36.35607],[-99.92771,36.3562],[-99.92709,36.35634],[-99.92686,36.35627],[-99.92664,36.3565],[-99.92595,36.35635],[-99.92567,36.35646],[-99.92572,36.35702],[-99.9266,36.35797],[-99.92666,36.35848],[-99.92758,36.35884],[-99.92729,36.3594],[-99.92717,36.36016],[-99.92694,36.3605],[-99.92705,36.36106],[-99.92686,36.36143],[-99.92689,36.36195],[-99.92639,36.36254],[-99.92639,36.36291],[-99.92603,36.36327],[-99.92577,36.36475],[-99.92529,36.36568],[-99.92547,36.36586],[-99.92548,36.36642],[-99.92448,36.36695],[-99.92391,36.36762],[-99.92267,36.36796],[-99.92181,36.36866],[-99.92141,36.36921],[-99.92145,36.36958],[-99.9217,36.36995],[-99.92153,36.37106],[-99.92036,36.37156],[-99.92026,36.37185],[-99.91923,36.37292],[-99.91923,36.37366],[-99.91893,36.37426],[-99.91774,36.37523],[-99.91755,36.3757],[-99.91791,36.37588],[-99.9188,36.37595],[-99.91907,36.37665],[-99.91936,36.37695],[-99.92103,36.3769],[-99.92105,36.37733],[-99.92119,36.37746],[-99.92151,36.37722],[-99.92163,36.37695],[-99.92204,36.37677],[-99.92181,36.3764],[-99.92187,36.37548],[-99.92174,36.37511],[-99.9219,36.37456],[-99.9222,36.37419],[-99.9221,36.37378],[-99.92182,36.37364],[-99.92185,36.37327],[-99.9217,36.3729],[-99.92302,36.37178],[-99.92333,36.37118],[-99.92368,36.37104],[-99.92384,36.37073],[-99.92407,36.37079],[-99.9243,36.37063],[-99.92452,36.37024],[-99.92497,36.36998],[-99.92569,36.36921],[-99.9261,36.36733],[-99.92624,36.36604],[-99.92615,36.36567],[-99.92629,36.3653],[-99.92705,36.36426],[-99.92754,36.36382],[-99.92759,36.36308],[-99.92785,36.36279],[-99.92792,36.36284],[-99.92794,36.36326],[-99.92811,36.36361],[-99.92897,36.36342],[-99.92919,36.36307],[-99.92945,36.36292],[-99.93014,36.36291],[-99.93043,36.36306],[-99.92977,36.36368],[-99.92919,36.36399],[-99.92901,36.36431],[-99.92871,36.36431],[-99.92856,36.36449],[-99.92833,36.36432],[-99.92803,36.36486],[-99.92811,36.36511],[-99.92834,36.3652],[-99.92879,36.36496],[-99.92914,36.36528],[-99.92901,36.36565],[-99.92858,36.36603],[-99.92831,36.36676],[-99.92835,36.36713],[-99.92803,36.36806],[-99.92794,36.36916],[-99.92768,36.36935],[-99.92784,36.3699],[-99.92765,36.37113],[-99.92683,36.3712],[-99.92709,36.37135],[-99.92686,36.3716],[-99.92681,36.3712],[-99.92636,36.37102],[-99.92604,36.37121],[-99.92597,36.37139],[-99.92627,36.37176],[-99.92637,36.37212],[-99.9266,36.37216],[-99.92689,36.37181],[-99.92735,36.37181],[-99.92773,36.37139],[-99.92779,36.37207],[-99.92793,36.37233],[-99.92792,36.37322],[-99.92767,36.37378],[-99.92771,36.37488],[-99.92712,36.37544],[-99.9271,36.37581],[-99.92737,36.37636],[-99.92704,36.37668],[-99.92395,36.37679],[-99.92374,36.37808],[-99.92343,36.37875],[-99.92317,36.37897],[-99.92338,36.37934],[-99.9231,36.38063],[-99.92288,36.38105],[-99.922,36.38157],[-99.92202,36.38201],[-99.92144,36.38268],[-99.92176,36.38286],[-99.92163,36.38304],[-99.92187,36.3831],[-99.92217,36.38368],[-99.9224,36.38379],[-99.92354,36.38377],[-99.92399,36.38339],[-99.92445,36.38364],[-99.92455,36.3831],[-99.92484,36.38278],[-99.92581,36.38286],[-99.92595,36.38319],[-99.92559,36.38354],[-99.92552,36.38381],[-99.92726,36.38387],[-99.9277,36.38406],[-99.92792,36.38465],[-99.92781,36.38521],[-99.92791,36.38558],[-99.92766,36.38687],[-99.92781,36.38724],[-99.92762,36.38809],[-99.92769,36.38929],[-99.92731,36.39005],[-99.92659,36.39051],[-99.92645,36.39094],[-99.92614,36.39117],[-99.92409,36.39127],[-99.92339,36.39113],[-99.92264,36.39127],[-99.92204,36.39156],[-99.92192,36.39189],[-99.92204,36.39205],[-99.92227,36.39186],[-99.92285,36.39207],[-99.92277,36.39229],[-99.92248,36.39242],[-99.92273,36.39252],[-99.92319,36.39232],[-99.92339,36.39205],[-99.92371,36.39201],[-99.92406,36.39243],[-99.92395,36.39268],[-99.92358,36.3928],[-99.92388,36.393],[-99.92415,36.39294],[-99.92467,36.39345],[-99.92471,36.3939],[-99.92456,36.39407],[-99.92457,36.39445],[-99.92437,36.39484],[-99.92404,36.3949],[-99.92389,36.39433],[-99.92336,36.39465],[-99.92361,36.39501],[-99.92368,36.39542],[-99.92414,36.39537],[-99.92437,36.39561],[-99.92462,36.39519],[-99.92504,36.39505],[-99.92527,36.39469],[-99.92548,36.39501],[-99.92619,36.39517],[-99.92616,36.39388],[-99.92662,36.39334],[-99.92686,36.39369],[-99.92698,36.39434],[-99.92723,36.3945],[-99.92736,36.3948],[-99.92674,36.39683],[-99.92673,36.39744],[-99.92639,36.39831],[-99.92682,36.39812],[-99.92712,36.39742],[-99.92735,36.3974],[-99.92756,36.39757],[-99.92754,36.39789],[-99.92732,36.39809],[-99.92731,36.39831],[-99.92771,36.39839],[-99.92787,36.39901],[-99.92781,36.40365],[-99.92772,36.40388],[-99.92706,36.40446],[-99.92607,36.40484],[-99.92493,36.40474],[-99.92476,36.40533],[-99.92439,36.40563],[-99.9238,36.40552],[-99.92353,36.40568],[-99.92266,36.40552],[-99.92243,36.40568],[-99.91992,36.40563],[-99.91801,36.40594],[-99.91819,36.40624],[-99.91816,36.40653],[-99.91764,36.40685],[-99.91757,36.40705],[-99.91769,36.40742],[-99.91761,36.40802],[-99.91807,36.40852],[-99.91779,36.40926],[-99.91814,36.40931],[-99.91846,36.40842],[-99.9188,36.40813],[-99.91903,36.40906],[-99.91912,36.41183],[-99.91909,36.41275],[-99.91896,36.41294],[-99.91909,36.41349],[-99.91907,36.41497],[-99.91904,36.41552],[-99.91867,36.41607],[-99.91906,36.41699],[-99.91914,36.4181],[-99.91906,36.41958],[-99.91893,36.41995],[-99.92123,36.42002],[-99.92261,36.41993],[-99.92444,36.42009],[-99.92488,36.41997],[-99.92559,36.4201],[-99.92671,36.41983],[-99.92758,36.42006],[-99.92758,36.42047],[-99.92775,36.42062],[-99.92758,36.42121],[-99.92777,36.42154],[-99.92762,36.42192],[-99.92779,36.42227],[-99.92763,36.42266],[-99.92776,36.4232],[-99.92763,36.42338],[-99.92773,36.42375],[-99.92764,36.42433],[-99.92775,36.42449],[-99.92766,36.42506],[-99.92777,36.42541],[-99.92767,36.42579],[-99.92775,36.42707],[-99.92765,36.42984],[-99.92778,36.43002],[-99.92766,36.43057],[-99.92775,36.43242],[-99.92765,36.43426],[-99.92742,36.43469],[-99.92632,36.43483],[-99.92647,36.43504],[-99.92606,36.43508],[-99.92605,36.43575],[-99.9259,36.43612],[-99.92611,36.43649],[-99.92627,36.43653],[-99.92638,36.43607],[-99.92663,36.43572],[-99.92685,36.43578],[-99.92658,36.43623],[-99.92645,36.43685],[-99.92567,36.43704],[-99.92483,36.43757],[-99.92395,36.43763],[-99.92327,36.43752],[-99.92283,36.43762],[-99.92296,36.43799],[-99.92283,36.43817],[-99.92298,36.43836],[-99.92273,36.43884],[-99.92279,36.44006],[-99.92308,36.4402],[-99.92375,36.44005],[-99.92421,36.44018],[-99.92482,36.43982],[-99.92488,36.43935],[-99.92534,36.43935],[-99.92584,36.43959],[-99.92624,36.44001],[-99.92741,36.44033],[-99.92765,36.43945],[-99.92899,36.43928],[-99.93015,36.43942],[-99.93156,36.43907],[-99.93214,36.43847],[-99.932,36.43805],[-99.93154,36.43774],[-99.93138,36.43737],[-99.93158,36.4369],[-99.93193,36.43654],[-99.93215,36.43659],[-99.93272,36.43727],[-99.93271,36.43754],[-99.93468,36.43756],[-99.93536,36.43702],[-99.93584,36.43713],[-99.936,36.43733],[-99.93673,36.43735],[-99.93717,36.43751],[-99.93691,36.43966],[-99.9364,36.43991],[-99.93699,36.43998],[-99.93881,36.43975],[-99.93882,36.43914],[-99.93857,36.43873],[-99.9382,36.43842],[-99.93755,36.43814],[-99.93726,36.43782],[-99.93719,36.43751],[-99.93901,36.437],[-99.9395,36.43767],[-99.93947,36.43787],[-99.9397,36.43788],[-99.94016,36.43768],[-99.94021,36.43711],[-99.9408,36.43674],[-99.94102,36.43637],[-99.94069,36.43527],[-99.94034,36.43527],[-99.94029,36.43509],[-99.9399,36.4349],[-99.93916,36.43495],[-99.93886,36.43473],[-99.9389,36.43412],[-99.93918,36.4338],[-99.93922,36.43325],[-99.93955,36.43269],[-99.93952,36.43214],[-99.93929,36.43196],[-99.93949,36.43159],[-99.93924,36.43048],[-99.93896,36.43012],[-99.93838,36.42833],[-99.93838,36.42791],[-99.93787,36.42699],[-99.93782,36.4265],[-99.93818,36.42625],[-99.93823,36.42573],[-99.93808,36.42533],[-99.93812,36.42441],[-99.93794,36.42388],[-99.93771,36.42388],[-99.93758,36.42423],[-99.93771,36.42496],[-99.93759,36.42515],[-99.93781,36.42552],[-99.93777,36.42607],[-99.93751,36.42603],[-99.93713,36.42534],[-99.93727,36.42498],[-99.93707,36.42441],[-99.93717,36.42423],[-99.93711,36.42386],[-99.93755,36.42337],[-99.93772,36.42293],[-99.9378,36.4222],[-99.93764,36.42146],[-99.93784,36.42127],[-99.93768,36.42109],[-99.93785,36.42072],[-99.93775,36.42047],[-99.93668,36.42031],[-99.93633,36.42039],[-99.93538,36.42019],[-99.93507,36.42031],[-99.93308,36.42019],[-99.93287,36.42032],[-99.93212,36.42016],[-99.93178,36.42025],[-99.93006,36.4201],[-99.92883,36.41926],[-99.92816,36.41906],[-99.92768,36.4184],[-99.92763,36.41527],[-99.92774,36.41438],[-99.92801,36.41361],[-99.92802,36.41305],[-99.92825,36.41287],[-99.92796,36.41252],[-99.92777,36.41195],[-99.92782,36.40937],[-99.9277,36.40901],[-99.92785,36.40881],[-99.92768,36.40829],[-99.92786,36.40692],[-99.92796,36.40682],[-99.92828,36.40686],[-99.92838,36.40696],[-99.92837,36.40752],[-99.92861,36.40753],[-99.92915,36.40696],[-99.92914,36.40659],[-99.92928,36.40642],[-99.9296,36.40652],[-99.92975,36.40687],[-99.9305,36.40689],[-99.93054,36.40713],[-99.93019,36.4075],[-99.93022,36.40792],[-99.93041,36.40808],[-99.93123,36.40815],[-99.93135,36.40859],[-99.93124,36.40905],[-99.93075,36.40934],[-99.93049,36.40971],[-99.93054,36.41008],[-99.93088,36.41008],[-99.9312,36.40985],[-99.93146,36.41026],[-99.93216,36.41074],[-99.93223,36.41099],[-99.93204,36.41118],[-99.93208,36.41139],[-99.93316,36.41122],[-99.93353,36.41141],[-99.93361,36.41098],[-99.9322,36.40996],[-99.93201,36.40956],[-99.932,36.40694],[-99.93225,36.40638],[-99.93241,36.40633],[-99.93271,36.40637],[-99.93298,36.40659],[-99.93362,36.40646],[-99.93408,36.40673],[-99.9343,36.40655],[-99.93434,36.40633],[-99.93426,36.406],[-99.93392,36.40575],[-99.93308,36.40551],[-99.93262,36.40515],[-99.93248,36.40453],[-99.93263,36.40398],[-99.93209,36.40306],[-99.93208,36.40243],[-99.93197,36.40237],[-99.93152,36.40259],[-99.93104,36.40254],[-99.93096,36.40242],[-99.93131,36.4018],[-99.93118,36.40067],[-99.93133,36.40017],[-99.93159,36.39993],[-99.93103,36.39949],[-99.9308,36.39948],[-99.9305,36.39957],[-99.93045,36.39994],[-99.9303,36.40008],[-99.92989,36.40015],[-99.92967,36.39994],[-99.92957,36.39947],[-99.92939,36.3994],[-99.92943,36.39917],[-99.92966,36.39926],[-99.93011,36.39904],[-99.93064,36.39902],[-99.93048,36.3989],[-99.9305,36.39846],[-99.93022,36.39837],[-99.92999,36.3981],[-99.92945,36.39626],[-99.92897,36.39549],[-99.92874,36.3941],[-99.92871,36.39291],[-99.92818,36.39242],[-99.92799,36.39183],[-99.92819,36.39138],[-99.9291,36.39116],[-99.92964,36.39121],[-99.93002,36.39142],[-99.9304,36.39122],[-99.93206,36.39126],[-99.93264,36.39107],[-99.93233,36.39089],[-99.93192,36.38997],[-99.93106,36.38961],[-99.93101,36.38932],[-99.93131,36.3892],[-99.93137,36.38905],[-99.93102,36.38832],[-99.93104,36.38813],[-99.9318,36.38791],[-99.9324,36.38739],[-99.93219,36.38665],[-99.9326,36.38609],[-99.93236,36.38591],[-99.93269,36.38561],[-99.93283,36.38492],[-99.9336,36.38461],[-99.93455,36.38373],[-99.93464,36.38344],[-99.93507,36.38312],[-99.93472,36.38259],[-99.93471,36.38036],[-99.93434,36.37944],[-99.93458,36.37883],[-99.93488,36.37872],[-99.93526,36.37888],[-99.93503,36.37944],[-99.93509,36.37965],[-99.93534,36.37981],[-99.93531,36.38017],[-99.93553,36.38072],[-99.935,36.38165],[-99.93562,36.38267],[-99.9365,36.38332],[-99.93677,36.38407],[-99.937,36.38373],[-99.93745,36.38358],[-99.93814,36.38379],[-99.93836,36.38359],[-99.93928,36.38355],[-99.93951,36.38375],[-99.94042,36.38371],[-99.94133,36.38407],[-99.94202,36.38378],[-99.94224,36.3835],[-99.94307,36.38387],[-99.94335,36.3838],[-99.94383,36.3834],[-99.94406,36.38354],[-99.94436,36.38323],[-99.94449,36.38118],[-99.94465,36.38139],[-99.9445,36.38157],[-99.94473,36.38167],[-99.94478,36.38231],[-99.94513,36.38304],[-99.94543,36.38318],[-99.94568,36.38306],[-99.94537,36.3829],[-99.94551,36.38241],[-99.94533,36.38219],[-99.94527,36.38168],[-99.94529,36.38065],[-99.94549,36.38001],[-99.94512,36.37991],[-99.94469,36.38067],[-99.94447,36.38028],[-99.94455,36.37997],[-99.94445,36.37973],[-99.9446,36.37918],[-99.94306,36.37903],[-99.94274,36.37893],[-99.94258,36.37869],[-99.94258,36.37823],[-99.94293,36.37814],[-99.94342,36.37734],[-99.94337,36.3771],[-99.94307,36.37698],[-99.941,36.37681],[-99.94102,36.37644],[-99.94047,36.37577],[-99.94032,36.37531],[-99.94022,36.37589],[-99.94056,36.37663],[-99.9401,36.37667],[-99.93958,36.37516],[-99.94008,36.37497],[-99.94031,36.37456],[-99.94122,36.37475],[-99.94174,36.37472],[-99.94305,36.37531],[-99.94359,36.37543],[-99.94374,36.37567],[-99.94398,36.3755],[-99.94427,36.37549],[-99.94397,36.37548],[-99.94365,36.3752],[-99.9435,36.37476],[-99.94278,36.3744],[-99.94286,36.37384],[-99.94249,36.37274],[-99.94281,36.37165],[-99.94242,36.37053],[-99.9425,36.37031],[-99.94276,36.37021],[-99.94322,36.37038],[-99.94368,36.37027],[-99.94455,36.37091],[-99.945,36.37106],[-99.94503,36.37124],[-99.9452,36.37131],[-99.94565,36.37087],[-99.94548,36.37069],[-99.94569,36.37013],[-99.9455,36.36976],[-99.94562,36.36939],[-99.9455,36.36903],[-99.94558,36.36857],[-99.94539,36.36829],[-99.94559,36.36792],[-99.94509,36.36755],[-99.94549,36.36737],[-99.9453,36.367],[-99.9457,36.36627],[-99.94575,36.36515],[-99.94568,36.35685],[-99.94579,36.35556],[-99.94568,36.35527],[-99.94581,36.35482],[-99.94568,36.35464],[-99.94582,36.35423],[-99.94571,36.3539],[-99.94585,36.35353],[-99.9457,36.35243],[-99.94574,36.35078],[-99.94584,36.35058],[-99.94567,36.35007],[-99.94578,36.34966],[-99.94573,36.34874],[-99.9459,36.34817],[-99.94612,36.34798],[-99.94635,36.34798],[-99.94637,36.34781],[-99.94593,36.34708],[-99.94578,36.34653],[-99.94566,36.34504],[-99.94579,36.34382],[-99.94569,36.34265],[-99.94581,36.34228],[-99.94571,36.3421],[-99.94578,36.3415],[-99.9459,36.34123],[-99.94674,36.34119],[-99.94804,36.34147],[-99.94857,36.34112],[-99.94875,36.34075],[-99.94947,36.34057],[-99.95122,36.34064],[-99.95221,36.34081],[-99.95293,36.34075],[-99.95237,36.34063],[-99.95186,36.34002],[-99.95152,36.33984],[-99.95022,36.33961],[-99.94993,36.33929],[-99.94942,36.33915],[-99.94933,36.33894],[-99.94953,36.33728],[-99.94993,36.33635],[-99.94995,36.33543],[-99.94984,36.33469],[-99.94948,36.33426],[-99.94933,36.33382],[-99.94889,36.33344],[-99.9488,36.33304],[-99.9491,36.33245],[-99.94953,36.33211],[-99.94898,36.33119],[-99.94909,36.32972],[-99.94877,36.32944],[-99.94868,36.32917],[-99.94871,36.32825],[-99.94905,36.32787],[-99.94924,36.32714],[-99.94921,36.3264],[-99.94844,36.32618],[-99.94811,36.32585],[-99.94771,36.32401],[-99.94791,36.32383],[-99.94778,36.32364],[-99.948,36.32346],[-99.9479,36.32327],[-99.94816,36.32239],[-99.95168,36.32238],[-99.95179,36.32251],[-99.95153,36.32269],[-99.9515,36.32321],[-99.95168,36.32343],[-99.95074,36.32426],[-99.95006,36.32455],[-99.95022,36.32473],[-99.95009,36.32492],[-99.95019,36.3251],[-99.95043,36.32522],[-99.9512,36.32521],[-99.95134,36.32535],[-99.95165,36.32527],[-99.95159,36.32509],[-99.95179,36.32503],[-99.95223,36.32529],[-99.95191,36.32582],[-99.95203,36.32595],[-99.9534,36.3262],[-99.95378,36.32599],[-99.95385,36.32581],[-99.95416,36.32592],[-99.95454,36.32629],[-99.9548,36.3262],[-99.95467,36.32543],[-99.95423,36.32488],[-99.95444,36.32433],[-99.95433,36.32359],[-99.95315,36.32342],[-99.95328,36.32323],[-99.95319,36.32305],[-99.95354,36.32246],[-99.95475,36.3223],[-99.95477,36.32039],[-99.95453,36.3191],[-99.95438,36.31898],[-99.95472,36.31898],[-99.95448,36.31861],[-99.95465,36.31843],[-99.95447,36.31806],[-99.95395,36.31769],[-99.95408,36.31751],[-99.95397,36.31718],[-99.95333,36.31655],[-99.95297,36.31512],[-99.95207,36.31439],[-99.95089,36.31372],[-99.95084,36.31348],[-99.9505,36.31312],[-99.95084,36.31145],[-99.95081,36.31053],[-99.95115,36.31004],[-99.95184,36.31037],[-99.95229,36.31026],[-99.95291,36.31069],[-99.95287,36.31125],[-99.95299,36.31132],[-99.95354,36.30995],[-99.95333,36.30922],[-99.95299,36.30866],[-99.95298,36.30771],[-99.95321,36.30627],[-99.95357,36.30605],[-99.95384,36.30613],[-99.95411,36.30571],[-99.95419,36.30515],[-99.95406,36.30497],[-99.95415,36.30478],[-99.95407,36.3046],[-99.95427,36.30423],[-99.95409,36.30386],[-99.95401,36.30294],[-99.95411,36.3025],[-99.95391,36.30202],[-99.95397,36.30146],[-99.95345,36.30092],[-99.95324,36.29944],[-99.95359,36.2987],[-99.95366,36.29808],[-99.95406,36.29807],[-99.95418,36.29814],[-99.9542,36.29848],[-99.95443,36.29845],[-99.95465,36.29822],[-99.95511,36.29821],[-99.95533,36.29795],[-99.95568,36.29795],[-99.95576,36.29756],[-99.95604,36.29739],[-99.95568,36.2971],[-99.95561,36.29629],[-99.95573,36.2961],[-99.95559,36.29574],[-99.9553,36.29518],[-99.95507,36.29513],[-99.95491,36.29482],[-99.95501,36.29459],[-99.95532,36.29447],[-99.95521,36.29426],[-99.95545,36.29352],[-99.95511,36.29274],[-99.95512,36.29205],[-99.95528,36.29187],[-99.95496,36.29168],[-99.95505,36.29133],[-99.95559,36.2914],[-99.95584,36.29094],[-99.95577,36.29075],[-99.95542,36.29057],[-99.95542,36.29002],[-99.95578,36.28983],[-99.95574,36.28946],[-99.95609,36.28909],[-99.95613,36.2888],[-99.95693,36.28835],[-99.95675,36.28798],[-99.95651,36.2878],[-99.95658,36.28769],[-99.95709,36.28748],[-99.95754,36.28692],[-99.958,36.28668],[-99.95823,36.28582],[-99.9582,36.28534],[-99.95788,36.28518],[-99.95992,36.28515],[-99.96027,36.28537],[-99.96088,36.28548],[-99.96172,36.28541],[-99.96214,36.28572],[-99.96113,36.28629],[-99.96075,36.28691],[-99.95997,36.28702],[-99.95964,36.28722],[-99.95983,36.28782],[-99.95946,36.28826],[-99.95957,36.28851],[-99.95952,36.28888],[-99.96001,36.28926],[-99.96113,36.28867],[-99.9616,36.28855],[-99.96181,36.28868],[-99.9617,36.2896],[-99.96135,36.29012],[-99.96048,36.29023],[-99.9603,36.28998],[-99.95979,36.28993],[-99.9596,36.29017],[-99.95944,36.29091],[-99.95949,36.29191],[-99.96015,36.29211],[-99.96028,36.29219],[-99.96028,36.29239],[-99.96051,36.29251],[-99.96086,36.29164],[-99.96094,36.29075],[-99.96129,36.29089],[-99.96141,36.29145],[-99.96126,36.29182],[-99.96161,36.292],[-99.96164,36.29237],[-99.96187,36.29256],[-99.96202,36.2931],[-99.96178,36.29439],[-99.96076,36.29496],[-99.96073,36.29533],[-99.9609,36.29551],[-99.96092,36.29588],[-99.96052,36.29662],[-99.96077,36.29754],[-99.96103,36.29765],[-99.96133,36.29735],[-99.96182,36.29716],[-99.96192,36.29698],[-99.96153,36.29679],[-99.96161,36.29672],[-99.96208,36.29679],[-99.96231,36.29716],[-99.96234,36.29753],[-99.96181,36.2979],[-99.96257,36.29826],[-99.96254,36.29852],[-99.96279,36.29881],[-99.9627,36.29937],[-99.96287,36.29963],[-99.96315,36.29955],[-99.96296,36.29929],[-99.96292,36.29881],[-99.96347,36.29862],[-99.96296,36.29855],[-99.9629,36.29844],[-99.96301,36.29838],[-99.96354,36.29833],[-99.96377,36.29854],[-99.96452,36.29838],[-99.96528,36.29898],[-99.96506,36.29916],[-99.96482,36.29972],[-99.96496,36.2999],[-99.96476,36.3005],[-99.96434,36.30071],[-99.9638,36.30065],[-99.96366,36.30083],[-99.96393,36.3012],[-99.96368,36.30157],[-99.96391,36.30231],[-99.96352,36.30305],[-99.96375,36.30342],[-99.9634,36.30358],[-99.96315,36.30337],[-99.96279,36.30379],[-99.96292,36.30384],[-99.96315,36.30364],[-99.96338,36.30362],[-99.96351,36.30379],[-99.96345,36.30416],[-99.96411,36.30449],[-99.964,36.30514],[-99.96415,36.30599],[-99.96392,36.30641],[-99.96269,36.30674],[-99.96246,36.30799],[-99.9626,36.3084],[-99.96232,36.30859],[-99.96233,36.30896],[-99.96216,36.30914],[-99.96219,36.30933],[-99.96274,36.30935],[-99.96272,36.30955],[-99.96341,36.30987],[-99.96307,36.31006],[-99.96346,36.31024],[-99.96377,36.31116],[-99.96411,36.31171],[-99.96399,36.31226],[-99.96412,36.31319],[-99.96406,36.31374],[-99.96364,36.3143],[-99.96306,36.31596],[-99.96351,36.3169],[-99.96381,36.31706],[-99.96387,36.31761],[-99.96405,36.3178],[-99.96392,36.31817],[-99.96403,36.31855],[-99.96396,36.31867],[-99.96363,36.31872],[-99.9639,36.31881],[-99.96412,36.31927],[-99.96418,36.32148],[-99.96412,36.32263],[-99.96386,36.32278],[-99.96409,36.32295],[-99.96414,36.32388],[-99.96416,36.32536],[-99.96391,36.32683],[-99.96406,36.3272],[-99.96404,36.32757],[-99.9639,36.32772],[-99.96361,36.3277],[-99.96232,36.32924],[-99.96199,36.32943],[-99.96252,36.33072],[-99.96312,36.33082],[-99.96346,36.33108],[-99.96403,36.33126],[-99.96405,36.33298],[-99.9633,36.3344],[-99.96291,36.33569],[-99.96235,36.33644],[-99.96222,36.33683],[-99.96219,36.33791],[-99.96244,36.33861],[-99.96267,36.33863],[-99.96335,36.33836],[-99.96375,36.33845],[-99.96374,36.33864],[-99.9634,36.33882],[-99.96314,36.33965],[-99.9627,36.33957],[-99.96299,36.33987],[-99.96315,36.34034],[-99.96365,36.34045],[-99.96414,36.34073],[-99.96429,36.34066],[-99.96434,36.34016],[-99.9642,36.33937],[-99.96434,36.33826],[-99.9641,36.33783],[-99.96414,36.33744],[-99.96425,36.33731],[-99.96636,36.33683],[-99.96525,36.33596],[-99.96516,36.33568],[-99.96524,36.33549],[-99.96469,36.33513],[-99.9643,36.33458],[-99.96402,36.33384],[-99.96411,36.33358],[-99.96434,36.3334],[-99.96534,36.33327],[-99.96716,36.33339],[-99.96742,36.33328],[-99.96926,36.33346],[-99.97073,36.33336],[-99.97251,36.3335],[-99.97279,36.33377],[-99.97235,36.33433],[-99.97186,36.33553],[-99.97161,36.33588],[-99.97091,36.33642],[-99.96971,36.33703],[-99.96903,36.33719],[-99.96767,36.33713],[-99.96755,36.33732],[-99.96767,36.33796],[-99.96811,36.33844],[-99.96882,36.33879],[-99.97229,36.33897],[-99.97244,36.33857],[-99.97231,36.3382],[-99.97246,36.33795],[-99.97269,36.33807],[-99.97324,36.33874],[-99.97338,36.34061],[-99.97363,36.34066],[-99.97386,36.34052],[-99.97458,36.34092],[-99.9747,36.3415],[-99.9745,36.34205],[-99.97474,36.34242],[-99.97468,36.3439],[-99.97423,36.34464],[-99.97421,36.34648],[-99.97405,36.34685],[-99.97366,36.34944],[-99.97376,36.35073],[-99.97338,36.35235],[-99.97349,36.353],[-99.97334,36.35387],[-99.97348,36.35423],[-99.97338,36.35479],[-99.97313,36.35516],[-99.97214,36.35542],[-99.97213,36.35553],[-99.97257,36.35572],[-99.9726,36.3559],[-99.97233,36.35609],[-99.97233,36.35627],[-99.9726,36.35652],[-99.9726,36.35701],[-99.97246,36.35719],[-99.97271,36.35737],[-99.97278,36.35761],[-99.97248,36.35805],[-99.9718,36.35807],[-99.97111,36.35782],[-99.9707,36.35816],[-99.97023,36.35832],[-99.97023,36.35924],[-99.97046,36.35979],[-99.97026,36.36037],[-99.96874,36.36245],[-99.96848,36.36257],[-99.96889,36.36266],[-99.97277,36.3626],[-99.97386,36.36271],[-99.97426,36.36345],[-99.97422,36.364],[-99.97471,36.36529],[-99.97446,36.36607],[-99.97385,36.3665],[-99.97359,36.36707],[-99.97416,36.36828],[-99.97425,36.36916],[-99.97458,36.37008],[-99.97456,36.37064],[-99.97398,36.37212],[-99.97287,36.37357],[-99.97257,36.37461],[-99.97212,36.37517],[-99.97155,36.37545],[-99.97135,36.37584],[-99.97077,36.37629],[-99.96997,36.37626],[-99.96933,36.37566],[-99.96928,36.37544],[-99.96917,36.37576],[-99.96884,36.37604],[-99.96837,36.37584],[-99.96814,36.37591],[-99.96806,36.37604],[-99.96832,36.37659],[-99.96812,36.37693],[-99.96789,36.37696],[-99.97135,36.37693],[-99.97211,36.37705],[-99.97212,36.37718],[-99.97177,36.37745],[-99.97182,36.37822],[-99.97205,36.37812],[-99.97226,36.37823],[-99.97254,36.37877],[-99.97183,36.37914],[-99.9717,36.3797],[-99.97181,36.38025],[-99.97206,36.38043],[-99.97228,36.38098],[-99.97154,36.38146],[-99.97118,36.38144],[-99.97072,36.38114],[-99.97066,36.38136],[-99.97141,36.38181],[-99.97187,36.38181],[-99.97289,36.38144],[-99.973,36.38125],[-99.97346,36.38189],[-99.97342,36.38222],[-99.97299,36.38261],[-99.97289,36.38327],[-99.9725,36.38356],[-99.9724,36.38375],[-99.97249,36.38412],[-99.97222,36.38438],[-99.97153,36.38475],[-99.97008,36.38501],[-99.96963,36.38524],[-99.96911,36.38511],[-99.96889,36.38488],[-99.96883,36.38451],[-99.96848,36.38446],[-99.96848,36.38489],[-99.96781,36.38549],[-99.96735,36.38565],[-99.96705,36.38619],[-99.96678,36.38619],[-99.96644,36.38585],[-99.96622,36.3859],[-99.96591,36.3862],[-99.96566,36.38675],[-99.96569,36.38694],[-99.96621,36.38732],[-99.96657,36.38822],[-99.96773,36.38868],[-99.96785,36.38889],[-99.96902,36.38891],[-99.96967,36.38949],[-99.96929,36.39115],[-99.96962,36.39299],[-99.96952,36.39337],[-99.96866,36.39488],[-99.96847,36.3951],[-99.96781,36.39522],[-99.96765,36.3954],[-99.96731,36.39743],[-99.96665,36.39859],[-99.96611,36.39907],[-99.96552,36.40025],[-99.96494,36.40088],[-99.96412,36.40102],[-99.96398,36.40115],[-99.96388,36.40359],[-99.96399,36.40465],[-99.96387,36.40558],[-99.96364,36.40595],[-99.96376,36.40631],[-99.96334,36.40674],[-99.9633,36.40707],[-99.96277,36.40811],[-99.96191,36.40891],[-99.96207,36.40928],[-99.96147,36.41002],[-99.96154,36.41039],[-99.96206,36.41086],[-99.96224,36.41149],[-99.9615,36.41331],[-99.96143,36.41389],[-99.96178,36.41418],[-99.96223,36.41425],[-99.96337,36.41401],[-99.96385,36.41367],[-99.96391,36.41387],[-99.96372,36.41424],[-99.96392,36.41461],[-99.96376,36.41498],[-99.96391,36.41535],[-99.9638,36.41576],[-99.96389,36.41624],[-99.96381,36.41668],[-99.96391,36.41682],[-99.96381,36.41715],[-99.96391,36.41775],[-99.96387,36.41941],[-99.96376,36.41959],[-99.96377,36.42033],[-99.96364,36.42049],[-99.96387,36.42088],[-99.96393,36.42162],[-99.96383,36.42365],[-99.96394,36.42533],[-99.96384,36.4266],[-99.96395,36.42697],[-99.96388,36.43434],[-99.96374,36.43471],[-99.96236,36.43572],[-99.96103,36.43558],[-99.96075,36.43566],[-99.96068,36.43584],[-99.9609,36.4384],[-99.9608,36.43984],[-99.96095,36.43996],[-99.96118,36.43984],[-99.96133,36.44015],[-99.96187,36.44051],[-99.9621,36.44044],[-99.962,36.44055],[-99.96224,36.44107],[-99.96302,36.44114],[-99.96347,36.44058],[-99.9637,36.44049],[-99.96395,36.4406],[-99.96393,36.44246],[-99.96361,36.4431],[-99.96262,36.44376],[-99.96179,36.44458],[-99.96105,36.44491],[-99.96045,36.44498],[-99.9597,36.44526],[-99.9592,36.44562],[-99.95923,36.44584],[-99.95792,36.44619],[-99.95774,36.44631],[-99.95748,36.44683],[-99.95633,36.44737],[-99.95534,36.44741],[-99.9548,36.44781],[-99.95331,36.44846],[-99.95147,36.44862],[-99.95116,36.44931],[-99.9504,36.44957],[-99.94864,36.45096],[-99.94694,36.45157],[-99.94649,36.45162],[-99.94618,36.45193],[-99.94554,36.45201],[-99.94526,36.45303],[-99.94413,36.45313],[-99.94324,36.45381],[-99.94292,36.45392],[-99.94126,36.45406],[-99.94075,36.455],[-99.94037,36.45518],[-99.9358,36.45507],[-99.93565,36.45522],[-99.93575,36.45541],[-99.93535,36.45566],[-99.93506,36.45564],[-99.93443,36.4553],[-99.93411,36.45534],[-99.93375,36.45563],[-99.93331,36.45541],[-99.93322,36.45506],[-99.93289,36.45487],[-99.93295,36.45469],[-99.93237,36.45455],[-99.93169,36.4547],[-99.93077,36.45458],[-99.93009,36.45485],[-99.92917,36.45459],[-99.92869,36.454],[-99.92869,36.45379],[-99.92882,36.45352],[-99.9294,36.45343],[-99.92912,36.45309],[-99.92887,36.45306],[-99.92879,36.45288],[-99.92901,36.45281],[-99.92938,36.45301],[-99.92988,36.45287],[-99.92969,36.4528],[-99.92939,36.45214],[-99.92921,36.45209],[-99.92906,36.45165],[-99.92914,36.4514],[-99.92883,36.45097],[-99.92901,36.45085],[-99.92885,36.45044],[-99.9292,36.45029],[-99.92894,36.45026],[-99.9282,36.45049],[-99.92795,36.45086],[-99.92802,36.45106],[-99.92766,36.45114],[-99.92742,36.45169],[-99.92725,36.45178],[-99.92732,36.45192],[-99.92779,36.45196],[-99.9275,36.45219],[-99.92779,36.45303],[-99.92792,36.45307],[-99.92779,36.45326],[-99.92841,36.4533],[-99.92857,36.45362],[-99.92772,36.45393],[-99.92754,36.45434],[-99.92758,36.45492],[-99.92735,36.45513],[-99.9269,36.45503],[-99.92552,36.45445],[-99.92498,36.45468],[-99.92427,36.45539],[-99.92371,36.45539],[-99.92294,36.4552],[-99.92271,36.45502],[-99.92255,36.4541],[-99.92222,36.45487],[-99.92134,36.45533],[-99.92134,36.45607],[-99.92109,36.45718],[-99.92115,36.4581],[-99.92077,36.45851],[-99.91923,36.45863],[-99.91884,36.45839],[-99.9187,36.45664],[-99.91887,36.45591],[-99.91868,36.45482],[-99.91746,36.45585],[-99.91634,36.45642],[-99.91585,36.45648],[-99.91573,36.45669],[-99.91356,36.4566],[-99.91161,36.45583],[-99.91149,36.45596],[-99.91154,36.45682],[-99.91072,36.45741],[-99.90995,36.45733],[-99.90984,36.45686],[-99.90957,36.45663],[-99.90774,36.45682],[-99.90747,36.4571],[-99.90733,36.45821],[-99.90699,36.45839],[-99.90673,36.45885],[-99.9061,36.45945],[-99.90504,36.45973],[-99.9047,36.46034],[-99.90361,36.46032],[-99.90268,36.46002],[-99.90207,36.4602],[-99.90175,36.46017],[-99.90126,36.45991],[-99.90092,36.45908],[-99.90039,36.45918],[-99.8992,36.46019],[-99.89888,36.46031],[-99.89819,36.46026],[-99.89774,36.46039],[-99.89719,36.4602],[-99.89705,36.46003],[-99.89682,36.46022],[-99.89684,36.46068],[-99.89666,36.4611],[-99.89592,36.46139],[-99.89575,36.46166],[-99.89544,36.46177],[-99.89456,36.46176],[-99.89343,36.46126],[-99.89329,36.46089],[-99.8934,36.46045],[-99.89243,36.45965],[-99.89239,36.45943],[-99.89277,36.45905],[-99.89247,36.45891],[-99.89111,36.45949],[-99.88951,36.4597],[-99.88925,36.45963],[-99.88923,36.45941],[-99.88943,36.45926],[-99.88928,36.45918],[-99.88749,36.45944],[-99.88744,36.45928],[-99.88758,36.45919],[-99.88859,36.45876],[-99.88859,36.45852],[-99.88836,36.45857],[-99.88813,36.45889],[-99.88789,36.45872],[-99.88797,36.45854],[-99.88775,36.45848],[-99.88631,36.45856],[-99.88511,36.45924],[-99.88403,36.45945],[-99.8837,36.45967],[-99.88367,36.46004],[-99.88339,36.46041],[-99.88348,36.46161],[-99.88313,36.46224],[-99.88309,36.46263],[-99.88286,36.46294],[-99.88191,36.46365],[-99.88111,36.4639],[-99.88043,36.46369],[-99.8798,36.46417],[-99.87904,36.46412],[-99.87902,36.46429],[-99.87792,36.46412],[-99.87769,36.46426],[-99.87589,36.46358],[-99.87491,36.46377],[-99.87491,36.46398],[-99.87446,36.46433],[-99.87448,36.46509],[-99.87393,36.4661],[-99.8734,36.46677],[-99.87273,36.46713],[-99.87281,36.4675],[-99.87263,36.46861],[-99.87232,36.4692],[-99.87142,36.46996],[-99.87068,36.47001],[-99.87009,36.47036],[-99.86948,36.47047],[-99.86832,36.47097],[-99.86734,36.47099],[-99.86543,36.46981],[-99.86527,36.47001],[-99.86384,36.47044],[-99.86324,36.47044],[-99.86276,36.47015],[-99.86201,36.47012],[-99.86166,36.46979],[-99.86114,36.46957],[-99.86047,36.46888],[-99.86012,36.46873],[-99.86002,36.46833],[-99.8597,36.46793],[-99.85918,36.46764],[-99.859,36.46694],[-99.85718,36.46727],[-99.85624,36.46799],[-99.85612,36.46854],[-99.85617,36.47076],[-99.856,36.47161],[-99.85563,36.47174],[-99.85397,36.47188],[-99.85363,36.47284],[-99.85303,36.47364],[-99.85261,36.47386],[-99.85199,36.47391],[-99.85178,36.47448],[-99.85132,36.47466],[-99.85018,36.47455],[-99.8479,36.47478],[-99.84744,36.47461],[-99.84699,36.47468],[-99.84653,36.47428],[-99.84607,36.47432],[-99.84493,36.4741],[-99.84451,36.47379],[-99.84421,36.47324],[-99.84434,36.47305],[-99.84423,36.47287],[-99.844,36.47302],[-99.84319,36.47279],[-99.84239,36.47209],[-99.8417,36.47179],[-99.84082,36.47195],[-99.84033,36.4718],[-99.83942,36.47209],[-99.83759,36.47122],[-99.83544,36.47135],[-99.83445,36.47123],[-99.83394,36.47136],[-99.83234,36.4713],[-99.83165,36.47115],[-99.83165,36.47103],[-99.83194,36.47093],[-99.83142,36.47084],[-99.82973,36.47142],[-99.82914,36.47155],[-99.82883,36.47143],[-99.82866,36.47187],[-99.82878,36.47206],[-99.82824,36.47274],[-99.82747,36.4725],[-99.82686,36.47195],[-99.82656,36.47318],[-99.82546,36.47466],[-99.8255,36.47542],[-99.8257,36.47581],[-99.82572,36.47628],[-99.82509,36.47644],[-99.82463,36.47683],[-99.82447,36.47682],[-99.82394,36.47639],[-99.82303,36.47606],[-99.82262,36.47652],[-99.82265,36.47689],[-99.82253,36.47708],[-99.82177,36.47772],[-99.82122,36.4779],[-99.82008,36.47789],[-99.81973,36.47775],[-99.81959,36.47765],[-99.81961,36.47728],[-99.81938,36.47688],[-99.81847,36.47705],[-99.81815,36.47699],[-99.81794,36.4768],[-99.81792,36.47594],[-99.81826,36.47526],[-99.81813,36.47508],[-99.81811,36.47453],[-99.81904,36.47378],[-99.81779,36.4732],[-99.8166,36.47295],[-99.81637,36.4732],[-99.81602,36.47298],[-99.81569,36.47295],[-99.81523,36.473],[-99.81504,36.47326],[-99.81496,36.47377],[-99.81454,36.47399],[-99.81388,36.47508],[-99.81395,36.47566],[-99.81376,36.47702],[-99.81345,36.47726],[-99.81312,36.47725],[-99.81298,36.47768],[-99.81254,36.47789],[-99.8119,36.47785],[-99.81163,36.47768],[-99.81132,36.47734],[-99.81116,36.4769],[-99.81038,36.47724],[-99.81026,36.47716],[-99.81051,36.477],[-99.8105,36.47679],[-99.81024,36.47645],[-99.8095,36.47629],[-99.80887,36.47595],[-99.80864,36.47593],[-99.8075,36.47647],[-99.80454,36.47608],[-99.80407,36.4759],[-99.80371,36.47635],[-99.80271,36.47679],[-99.80282,36.47721],[-99.80268,36.47737],[-99.80277,36.47777],[-99.8026,36.47832],[-99.80204,36.47855],[-99.78652,36.47859],[-99.78617,36.47852],[-99.78598,36.47825],[-99.78604,36.47808],[-99.78585,36.47805],[-99.78515,36.47842],[-99.78423,36.47821],[-99.78355,36.47854],[-99.78145,36.47861],[-99.77898,36.47854],[-99.77601,36.47821],[-99.77533,36.47857],[-99.76972,36.47861],[-99.76917,36.47883],[-99.76825,36.47891],[-99.76796,36.47942],[-99.76667,36.48042],[-99.76649,36.48018],[-99.76621,36.48032],[-99.76598,36.48017],[-99.76553,36.48015],[-99.76484,36.4803],[-99.76301,36.48],[-99.76187,36.47996],[-99.76095,36.47968],[-99.7589,36.47939],[-99.75864,36.4795],[-99.75821,36.47945],[-99.75809,36.47935],[-99.75819,36.47916],[-99.75775,36.47889],[-99.75636,36.47916],[-99.7541,36.47927],[-99.75364,36.47919],[-99.7525,36.47933],[-99.75205,36.4795],[-99.75169,36.47984],[-99.75091,36.48007],[-99.74954,36.47992],[-99.74863,36.48018],[-99.74817,36.47977],[-99.74783,36.48006],[-99.74727,36.48015],[-99.74636,36.47999],[-99.74589,36.48009],[-99.74387,36.47996],[-99.74317,36.47979],[-99.74246,36.48024],[-99.74201,36.48015],[-99.74041,36.4802],[-99.7393,36.47984],[-99.73929,36.47947],[-99.73958,36.47917],[-99.74016,36.4789],[-99.74065,36.4789],[-99.7408,36.47872],[-99.74081,36.47814],[-99.74108,36.4778],[-99.74076,36.47743],[-99.74074,36.47724],[-99.74108,36.47687],[-99.74022,36.47651],[-99.74018,36.47592],[-99.73972,36.47559],[-99.73971,36.47538],[-99.73908,36.47504],[-99.73923,36.4743],[-99.73892,36.47399],[-99.73893,36.47338],[-99.73973,36.47289],[-99.74003,36.47209],[-99.73986,36.47154],[-99.73936,36.47098],[-99.73923,36.47062],[-99.73988,36.46987],[-99.7397,36.46951],[-99.7398,36.46914],[-99.73945,36.46877],[-99.7394,36.4684],[-99.73911,36.46844],[-99.73892,36.46798],[-99.73847,36.46814],[-99.73824,36.46871],[-99.73797,36.46878],[-99.73802,36.46915],[-99.73745,36.46952],[-99.73593,36.46968],[-99.73483,36.4704],[-99.73347,36.47061],[-99.73301,36.47094],[-99.73167,36.47124],[-99.73096,36.47108],[-99.73068,36.47089],[-99.73081,36.47023],[-99.73072,36.47015],[-99.73045,36.47034],[-99.73031,36.47008],[-99.72918,36.47071],[-99.72799,36.47097],[-99.72624,36.47063],[-99.72548,36.47014],[-99.72479,36.47021],[-99.72377,36.47006],[-99.72213,36.4688],[-99.72172,36.46833],[-99.72159,36.46794],[-99.72032,36.46656],[-99.71951,36.46481],[-99.71867,36.4641],[-99.71867,36.46373],[-99.71752,36.46153],[-99.71747,36.46072],[-99.71654,36.46006],[-99.7163,36.45909],[-99.71624,36.45822],[-99.71607,36.45797],[-99.7159,36.457],[-99.71586,36.45619],[-99.71603,36.45513],[-99.71572,36.45417],[-99.71574,36.45361],[-99.7155,36.45343],[-99.71517,36.45389],[-99.7146,36.45416],[-99.71401,36.45409],[-99.71381,36.45388],[-99.7138,36.45307],[-99.71432,36.44955],[-99.71455,36.44938],[-99.71503,36.44957],[-99.71514,36.44863],[-99.71545,36.44843],[-99.71568,36.44859],[-99.71624,36.44854],[-99.71656,36.44881],[-99.7166,36.4493],[-99.71664,36.44902],[-99.71728,36.44867],[-99.71735,36.44819],[-99.71709,36.44785],[-99.71696,36.44715],[-99.71665,36.44691],[-99.71652,36.44604],[-99.71662,36.4459],[-99.71711,36.44585],[-99.71734,36.44567],[-99.71694,36.4453],[-99.71684,36.44452],[-99.71668,36.44438],[-99.71691,36.44291],[-99.71657,36.44254],[-99.7165,36.44217],[-99.71589,36.44162],[-99.71588,36.43993],[-99.7157,36.43959],[-99.71574,36.43941],[-99.7156,36.43914],[-99.71537,36.43936],[-99.71533,36.43867],[-99.71501,36.43841],[-99.71488,36.43794],[-99.7143,36.4375],[-99.71399,36.43573],[-99.71328,36.43549],[-99.71254,36.4357],[-99.71215,36.4362],[-99.71108,36.43624],[-99.70999,36.43472],[-99.70984,36.4332],[-99.7096,36.4328],[-99.70898,36.43221],[-99.70841,36.43118],[-99.70836,36.43042],[-99.708,36.42931],[-99.70802,36.42894],[-99.70727,36.42747],[-99.70731,36.42659],[-99.70717,36.426],[-99.70755,36.42568],[-99.70762,36.42544],[-99.70743,36.42526],[-99.70754,36.42503],[-99.70727,36.42452],[-99.70734,36.42405],[-99.70793,36.42386],[-99.70867,36.42409],[-99.71067,36.42397],[-99.71051,36.42266],[-99.71028,36.42211],[-99.71024,36.42119],[-99.71038,36.42082],[-99.71018,36.42052],[-99.71005,36.42063],[-99.71015,36.42119],[-99.70977,36.42196],[-99.70928,36.42207],[-99.70864,36.42189],[-99.70836,36.42167],[-99.70769,36.42247],[-99.70745,36.42231],[-99.70763,36.42171],[-99.70802,36.4212],[-99.70784,36.42101],[-99.70791,36.42082],[-99.7078,36.42046],[-99.7082,36.41954],[-99.70779,36.41925],[-99.70779,36.4191],[-99.70828,36.41839],[-99.70904,36.41787],[-99.70932,36.4172],[-99.70994,36.41696],[-99.71008,36.41676],[-99.71002,36.41621],[-99.70913,36.41592],[-99.70859,36.41492],[-99.70824,36.41479],[-99.70798,36.41445],[-99.7078,36.41364],[-99.70745,36.4129],[-99.70732,36.41198],[-99.70748,36.41171],[-99.70797,36.41142],[-99.70804,36.41106],[-99.70762,36.41087],[-99.70697,36.41007],[-99.70685,36.40922],[-99.7064,36.40848],[-99.70662,36.40828],[-99.70733,36.4081],[-99.70763,36.40719],[-99.70745,36.40645],[-99.70764,36.40608],[-99.70756,36.40589],[-99.7072,36.4058],[-99.70711,36.40553],[-99.7072,36.40442],[-99.70698,36.40147],[-99.7072,36.39986],[-99.70678,36.39945],[-99.70694,36.39901],[-99.70735,36.3987],[-99.70687,36.39815],[-99.70687,36.39742],[-99.70671,36.3971],[-99.70609,36.39715],[-99.70563,36.39702],[-99.7054,36.39663],[-99.70485,36.39632],[-99.70504,36.39577],[-99.70485,36.39528],[-99.70489,36.39466],[-99.70469,36.39365],[-99.70439,36.39337],[-99.7047,36.39227],[-99.70459,36.39208],[-99.70468,36.39153],[-99.70444,36.39118],[-99.70395,36.39096],[-99.70406,36.39024],[-99.70465,36.38978],[-99.70496,36.38894],[-99.70459,36.38862],[-99.70423,36.38784],[-99.7043,36.38544],[-99.70417,36.38471],[-99.70379,36.38434],[-99.70381,36.38397],[-99.70318,36.38383],[-99.70304,36.38342],[-99.70327,36.38283],[-99.7034,36.38084],[-99.70365,36.38047],[-99.7034,36.37936],[-99.70344,36.37881],[-99.7037,36.37807],[-99.70388,36.37678],[-99.70412,36.37641],[-99.70421,36.3753],[-99.70452,36.37488],[-99.70478,36.37527],[-99.7047,36.37589],[-99.70508,36.37596],[-99.7052,36.37623],[-99.70519,36.37769],[-99.70539,36.3783],[-99.70534,36.3788],[-99.70547,36.37905],[-99.7058,36.3788],[-99.70566,36.37808],[-99.70586,36.37732],[-99.70562,36.37622],[-99.7058,36.37529],[-99.70613,36.37455],[-99.70607,36.37363],[-99.70641,36.37234],[-99.70649,36.36976],[-99.70673,36.36919],[-99.70719,36.36901],[-99.70738,36.36864],[-99.70756,36.36643],[-99.70824,36.36274],[-99.70815,36.36255],[-99.70851,36.36225],[-99.70898,36.36235],[-99.70886,36.36273],[-99.70911,36.3631],[-99.70966,36.36322],[-99.70982,36.3631],[-99.70987,36.36273],[-99.70963,36.36235],[-99.71036,36.36217],[-99.71011,36.36199],[-99.7094,36.35997],[-99.70951,36.35904],[-99.70929,36.35775],[-99.70941,36.35738],[-99.70924,36.35665],[-99.70933,36.35643],[-99.70959,36.3563],[-99.71026,36.35627],[-99.71051,36.3548],[-99.71047,36.35406],[-99.71008,36.35351],[-99.71032,36.35265],[-99.71097,36.35236],[-99.71106,36.35239],[-99.71091,36.35278],[-99.71159,36.35294],[-99.71153,36.35313],[-99.71169,36.3535],[-99.71135,36.35405],[-99.71138,36.35442],[-99.71163,36.3545],[-99.71189,36.35442],[-99.71203,36.35479],[-99.71222,36.35486],[-99.71278,36.35461],[-99.71322,36.3542],[-99.71342,36.35441],[-99.71332,36.35459],[-99.71346,36.35482],[-99.71365,36.35457],[-99.71391,36.35452],[-99.7143,36.35482],[-99.71476,36.35482],[-99.71482,36.35497],[-99.71484,36.35477],[-99.71463,36.35474],[-99.71462,36.35459],[-99.71499,36.35422],[-99.71483,36.35385],[-99.71507,36.35314],[-99.71614,36.35331],[-99.71641,36.35348],[-99.71663,36.35335],[-99.71672,36.35365],[-99.71709,36.35389],[-99.71725,36.35383],[-99.71742,36.35365],[-99.71715,36.35305],[-99.71674,36.35282],[-99.71654,36.35255],[-99.71655,36.3523],[-99.71677,36.35199],[-99.71672,36.35162],[-99.71687,36.35144],[-99.71669,36.34978],[-99.71647,36.34941],[-99.71649,36.34886],[-99.71615,36.34755],[-99.71617,36.34724],[-99.71635,36.34707],[-99.71654,36.34738],[-99.71653,36.34779],[-99.71684,36.34777],[-99.71711,36.34756],[-99.71739,36.34675],[-99.7174,36.34609],[-99.71724,36.34553],[-99.71738,36.3448],[-99.71814,36.34409],[-99.71883,36.34414],[-99.72057,36.34342],[-99.72156,36.34319],[-99.72224,36.34274],[-99.72262,36.34231],[-99.72329,36.34218],[-99.72347,36.34189],[-99.72405,36.34155],[-99.72458,36.34149],[-99.72482,36.34125],[-99.72465,36.34106],[-99.72495,36.34084],[-99.72518,36.34034],[-99.72632,36.34032],[-99.72646,36.34013],[-99.72631,36.33976],[-99.7264,36.33939],[-99.72667,36.33913],[-99.7279,36.3388],[-99.72813,36.33911],[-99.72838,36.33903],[-99.72833,36.33864],[-99.7288,36.3383],[-99.72909,36.33846],[-99.72851,36.33975],[-99.72893,36.34067],[-99.72906,36.34078],[-99.72947,36.34051],[-99.72971,36.34106],[-99.7302,36.34087],[-99.73022,36.3405],[-99.7305,36.34011],[-99.7307,36.3395],[-99.73064,36.33918],[-99.73109,36.33856],[-99.73131,36.33853],[-99.7315,36.33822],[-99.73184,36.33813],[-99.73213,36.33781],[-99.73229,36.33751],[-99.73199,36.33696],[-99.73215,36.33636],[-99.73245,36.33623],[-99.73333,36.33481],[-99.73363,36.33487],[-99.73379,36.33519],[-99.73402,36.33499],[-99.73424,36.33439],[-99.73454,36.33431],[-99.73469,36.33455],[-99.7347,36.33523],[-99.73511,36.33543],[-99.73521,36.33528],[-99.73507,36.33491],[-99.73532,36.33454],[-99.73532,36.33418],[-99.73571,36.33409],[-99.7355,36.33445],[-99.73577,36.33473],[-99.73615,36.33472],[-99.73594,36.33464],[-99.73587,36.33417],[-99.73524,36.33336],[-99.735,36.33215],[-99.73504,36.33178],[-99.73532,36.33141],[-99.73533,36.33102],[-99.7356,36.33088],[-99.7355,36.33067],[-99.73565,36.3303],[-99.73625,36.32982],[-99.73669,36.32975],[-99.73682,36.33011],[-99.73627,36.33085],[-99.73619,36.33122],[-99.73633,36.33159],[-99.73609,36.33196],[-99.73636,36.33232],[-99.73633,36.33251],[-99.73596,36.33288],[-99.73638,36.33435],[-99.73675,36.33457],[-99.73697,36.33446],[-99.73704,36.33435],[-99.73681,36.33361],[-99.73697,36.33352],[-99.73732,36.33361],[-99.73768,36.3349],[-99.73828,36.33563],[-99.73836,36.33595],[-99.73918,36.33655],[-99.7396,36.33665],[-99.74005,36.33765],[-99.74042,36.33783],[-99.74049,36.33802],[-99.74094,36.33815],[-99.74122,36.33857],[-99.74149,36.33863],[-99.7418,36.33905],[-99.74195,36.33893],[-99.74185,36.33838],[-99.74219,36.33764],[-99.74239,36.33634],[-99.74268,36.33597],[-99.74304,36.33634],[-99.74361,36.33652],[-99.74407,36.33712],[-99.74475,36.33694],[-99.74636,36.33723],[-99.7465,36.33853],[-99.74614,36.33941],[-99.74587,36.33931],[-99.74522,36.33858],[-99.74508,36.33873],[-99.74521,36.33909],[-99.74551,36.33923],[-99.74547,36.33965],[-99.74585,36.34001],[-99.74546,36.34017],[-99.74469,36.3402],[-99.74446,36.34039],[-99.74469,36.34046],[-99.74516,36.34094],[-99.74523,36.34188],[-99.74623,36.34217],[-99.7469,36.34255],[-99.74744,36.34351],[-99.74729,36.34427],[-99.7475,36.34461],[-99.74754,36.34516],[-99.74744,36.34535],[-99.74779,36.3457],[-99.74817,36.34565],[-99.74851,36.34534],[-99.74792,36.34424],[-99.74813,36.34379],[-99.74837,36.34368],[-99.74813,36.34313],[-99.74871,36.34294],[-99.74868,36.34269],[-99.74836,36.34265],[-99.74807,36.34239],[-99.74822,36.34221],[-99.74845,36.34227],[-99.74868,36.34255],[-99.74913,36.34267],[-99.74982,36.34339],[-99.75073,36.34368],[-99.75142,36.34362],[-99.7521,36.34337],[-99.75264,36.34274],[-99.75276,36.34218],[-99.7523,36.34016],[-99.75255,36.3396],[-99.75232,36.33884],[-99.75231,36.33742],[-99.75262,36.33712],[-99.75308,36.3371],[-99.75327,36.33738],[-99.75337,36.33923],[-99.75374,36.33984],[-99.75339,36.34158],[-99.75288,36.34218],[-99.75323,36.34232],[-99.75369,36.34213],[-99.75381,36.34236],[-99.75369,36.34254],[-99.75374,36.34273],[-99.75423,36.3434],[-99.75399,36.34397],[-99.75384,36.34494],[-99.7534,36.3455],[-99.75352,36.34605],[-99.75343,36.34623],[-99.75377,36.34638],[-99.75392,36.34678],[-99.75373,36.34789],[-99.75351,36.34826],[-99.75359,36.34918],[-99.75444,36.35121],[-99.75438,36.35176],[-99.75446,36.35189],[-99.75492,36.35173],[-99.75538,36.35176],[-99.75663,36.35258],[-99.75653,36.35285],[-99.75682,36.35359],[-99.75669,36.35396],[-99.75676,36.35415],[-99.75721,36.35489],[-99.75829,36.35542],[-99.75834,36.35601],[-99.75916,36.35597],[-99.75869,36.35579],[-99.75848,36.35542],[-99.75916,36.35532],[-99.75928,36.35518],[-99.75965,36.35523],[-99.75937,36.35542],[-99.75959,36.35554],[-99.75973,36.35598],[-99.76047,36.35578],[-99.7602,36.3557],[-99.75987,36.35523],[-99.76028,36.3543],[-99.76064,36.35411],[-99.76086,36.35449],[-99.76086,36.35486],[-99.76111,36.35504],[-99.76171,36.35503],[-99.76133,36.35504],[-99.76123,36.35559],[-99.7618,36.35581],[-99.76226,36.35559],[-99.76195,36.35546],[-99.7619,36.35522],[-99.76233,36.35503],[-99.76215,36.35485],[-99.76323,36.35435],[-99.76332,36.3541],[-99.76315,36.35391],[-99.76223,36.35351],[-99.76187,36.35311],[-99.76164,36.3519],[-99.76162,36.35098],[-99.76145,36.35048],[-99.76148,36.34987],[-99.7611,36.34914],[-99.76111,36.3484],[-99.7608,36.34803],[-99.76137,36.34766],[-99.76121,36.34696],[-99.76134,36.34637],[-99.76109,36.34582],[-99.76111,36.34453],[-99.76125,36.34397],[-99.76109,36.34287],[-99.76134,36.34231],[-99.76108,36.34139],[-99.76078,36.34102],[-99.76067,36.33987],[-99.76127,36.33844],[-99.76105,36.33752],[-99.76143,36.33678],[-99.76159,36.33584],[-99.76192,36.33578],[-99.76241,36.3364],[-99.76239,36.33954],[-99.76278,36.34009],[-99.76285,36.34059],[-99.76251,36.34101],[-99.76303,36.34226],[-99.76326,36.34229],[-99.76361,36.34156],[-99.76321,36.34123],[-99.76311,36.34082],[-99.7636,36.34019],[-99.7637,36.33917],[-99.76387,36.33898],[-99.76354,36.33806],[-99.76345,36.33677],[-99.76385,36.33637],[-99.76412,36.33648],[-99.76438,36.33694],[-99.76438,36.33805],[-99.76503,36.34063],[-99.76495,36.34127],[-99.76455,36.34192],[-99.76433,36.34272],[-99.76487,36.34303],[-99.76487,36.34344],[-99.76532,36.34343],[-99.76569,36.34295],[-99.76624,36.34302],[-99.76631,36.34265],[-99.76652,36.34246],[-99.76646,36.34191],[-99.76658,36.34172],[-99.76613,36.34154],[-99.76578,36.34062],[-99.76556,36.34044],[-99.76541,36.33989],[-99.7655,36.33897],[-99.76536,36.33853],[-99.76556,36.33804],[-99.76515,36.33657],[-99.76511,36.3362],[-99.76526,36.33583],[-99.76496,36.33583],[-99.7649,36.33547],[-99.765,36.33508],[-99.76524,36.33518],[-99.76527,36.33509],[-99.7648,36.33436],[-99.76481,36.33397],[-99.76447,36.33381],[-99.76471,36.33339],[-99.76546,36.33355],[-99.76554,36.33325],[-99.76545,36.33314],[-99.76522,36.33319],[-99.76493,36.33293],[-99.76487,36.3327],[-99.76499,36.33259],[-99.76522,36.33264],[-99.76528,36.33251],[-99.76382,36.33012],[-99.76366,36.32902],[-99.76349,36.32865],[-99.76347,36.32773],[-99.76325,36.32718],[-99.76369,36.32662],[-99.76332,36.32625],[-99.7635,36.3262],[-99.76356,36.32588],[-99.7636,36.32622],[-99.76373,36.3263],[-99.76425,36.32628],[-99.76424,36.32615],[-99.76404,36.32607],[-99.76417,36.32601],[-99.76417,36.3257],[-99.76446,36.32537],[-99.76469,36.32532],[-99.76437,36.32522],[-99.76431,36.32496],[-99.76457,36.3245],[-99.76484,36.32446],[-99.76491,36.32459],[-99.76537,36.32475],[-99.76553,36.32458],[-99.76547,36.32431],[-99.76536,36.32426],[-99.76506,36.32446],[-99.76498,36.32422],[-99.76559,36.32409],[-99.76603,36.32364],[-99.76627,36.32402],[-99.76642,36.32396],[-99.76656,36.32384],[-99.7665,36.32344],[-99.76695,36.32352],[-99.76764,36.3234],[-99.76809,36.32369],[-99.76969,36.32355],[-99.76992,36.32365],[-99.77014,36.32353],[-99.77083,36.32365],[-99.77171,36.3236],[-99.77169,36.32343],[-99.772,36.32309],[-99.77193,36.32288],[-99.77231,36.32232],[-99.77228,36.32214],[-99.77277,36.32103],[-99.77364,36.31992],[-99.77354,36.31955],[-99.77329,36.31946],[-99.77308,36.31955],[-99.77318,36.31974],[-99.77307,36.31994],[-99.77288,36.31971],[-99.77239,36.31986],[-99.77142,36.31961],[-99.77139,36.31938],[-99.77082,36.31883],[-99.77076,36.31846],[-99.77116,36.31809],[-99.77134,36.31772],[-99.77125,36.31735],[-99.77148,36.31698],[-99.77129,36.31661],[-99.77108,36.31348],[-99.77148,36.31299],[-99.77346,36.31217],[-99.77378,36.31199],[-99.77371,36.3118],[-99.77442,36.31143],[-99.77385,36.3111],[-99.77381,36.31088],[-99.7742,36.31051],[-99.77405,36.31014],[-99.77439,36.30977],[-99.77436,36.30885],[-99.77524,36.30867],[-99.77543,36.30829],[-99.77534,36.30479],[-99.77506,36.30453],[-99.77414,36.30436],[-99.77392,36.30406],[-99.77344,36.30382],[-99.7732,36.30346],[-99.77322,36.30295],[-99.77358,36.30256],[-99.77385,36.30166],[-99.77348,36.30137],[-99.77323,36.3],[-99.77334,36.29963],[-99.77282,36.29816],[-99.77263,36.29687],[-99.77273,36.2966],[-99.77356,36.29595],[-99.77351,36.29504],[-99.77442,36.29506],[-99.77447,36.29469],[-99.77438,36.29357],[-99.77372,36.29373],[-99.77438,36.2941],[-99.77399,36.29486],[-99.77351,36.29502],[-99.77312,36.29478],[-99.77288,36.29447],[-99.77288,36.29392],[-99.77264,36.29332],[-99.77275,36.29204],[-99.77327,36.29115],[-99.77313,36.29042],[-99.7732,36.28931],[-99.77346,36.28875],[-99.77407,36.28838],[-99.77423,36.28709],[-99.77377,36.28506],[-99.77379,36.28469],[-99.77353,36.28433],[-99.77352,36.28377],[-99.7733,36.28341],[-99.77346,36.28285],[-99.77339,36.2823],[-99.77305,36.28138],[-99.7729,36.27936],[-99.77274,36.27898],[-99.77284,36.27751],[-99.77264,36.27603],[-99.77283,36.27493],[-99.77266,36.27437],[-99.77319,36.27392],[-99.77417,36.27344],[-99.77507,36.27251],[-99.77566,36.27259],[-99.77569,36.27399],[-99.77547,36.27482],[-99.77604,36.27473],[-99.77683,36.2749],[-99.77704,36.27471],[-99.77718,36.27416],[-99.77725,36.27258],[-99.7776,36.2725],[-99.77786,36.27431],[-99.77809,36.27468],[-99.77832,36.27453],[-99.77854,36.27459],[-99.77885,36.27483],[-99.77891,36.27507],[-99.77946,36.27519],[-99.78219,36.27491],[-99.78294,36.2756],[-99.78321,36.27781],[-99.7831,36.27907],[-99.78322,36.28076],[-99.7831,36.28168],[-99.78262,36.28206],[-99.78245,36.28257],[-99.78259,36.28372],[-99.78256,36.28648],[-99.78251,36.28701],[-99.78227,36.28722],[-99.78196,36.28815],[-99.78195,36.28888],[-99.78217,36.28962],[-99.78221,36.29202],[-99.78197,36.29243],[-99.78146,36.29291],[-99.78119,36.29354],[-99.78157,36.29397],[-99.78164,36.29619],[-99.78116,36.29709],[-99.7808,36.29737],[-99.78095,36.29811],[-99.78054,36.29867],[-99.78032,36.30045],[-99.78004,36.30114],[-99.77911,36.30278],[-99.77883,36.303],[-99.77831,36.30311],[-99.77808,36.3044],[-99.77881,36.30455],[-99.77885,36.30439],[-99.77956,36.30442],[-99.77933,36.30402],[-99.77952,36.30367],[-99.77974,36.30358],[-99.78003,36.3037],[-99.78088,36.30323],[-99.78137,36.30382],[-99.78148,36.30445],[-99.78203,36.30462],[-99.78244,36.30459],[-99.78264,36.30511],[-99.78282,36.30695],[-99.78259,36.30787],[-99.78283,36.30799],[-99.78276,36.30824],[-99.78298,36.30838],[-99.78344,36.30822],[-99.78377,36.30833],[-99.78385,36.30875],[-99.78366,36.30934],[-99.78375,36.30977],[-99.78301,36.31027],[-99.78297,36.31082],[-99.7825,36.31138],[-99.78301,36.31165],[-99.7835,36.31153],[-99.78358,36.31174],[-99.78336,36.31238],[-99.78312,36.31266],[-99.78227,36.31285],[-99.78189,36.31323],[-99.78158,36.31334],[-99.78187,36.31361],[-99.78258,36.31368],[-99.78314,36.31396],[-99.78304,36.31416],[-99.78197,36.31433],[-99.78199,36.31477],[-99.78136,36.31507],[-99.78135,36.31526],[-99.78114,36.31544],[-99.78136,36.31552],[-99.78146,36.31581],[-99.78101,36.31653],[-99.77965,36.3167],[-99.77919,36.31659],[-99.77896,36.31633],[-99.77827,36.31617],[-99.77804,36.31594],[-99.77788,36.31639],[-99.7776,36.3167],[-99.77728,36.31658],[-99.77741,36.31588],[-99.77762,36.31584],[-99.77764,36.31565],[-99.77754,36.31565],[-99.77756,36.31581],[-99.77713,36.31598],[-99.77696,36.31639],[-99.777,36.31665],[-99.77669,36.31676],[-99.77646,36.31703],[-99.776,36.31685],[-99.77579,36.31715],[-99.77487,36.3177],[-99.77487,36.31784],[-99.77488,36.31771],[-99.77561,36.31788],[-99.77542,36.31813],[-99.77481,36.31825],[-99.7747,36.31844],[-99.77556,36.31846],[-99.77582,36.31859],[-99.77553,36.31895],[-99.77562,36.31903],[-99.77602,36.31883],[-99.77608,36.31902],[-99.7758,36.31901],[-99.77576,36.31914],[-99.77591,36.31999],[-99.77581,36.32009],[-99.77593,36.32],[-99.77636,36.32016],[-99.7766,36.31963],[-99.77717,36.31939],[-99.77732,36.31953],[-99.77735,36.31989],[-99.77768,36.32008],[-99.77751,36.32026],[-99.77763,36.3204],[-99.77817,36.32014],[-99.77854,36.3202],[-99.77876,36.32045],[-99.77923,36.32063],[-99.77969,36.32059],[-99.77951,36.32066],[-99.77952,36.3208],[-99.77992,36.32113],[-99.78082,36.32135],[-99.78061,36.32137],[-99.78048,36.32153],[-99.78058,36.32172],[-99.78045,36.32227],[-99.78084,36.32258],[-99.78107,36.32237],[-99.78125,36.32249],[-99.78137,36.32314],[-99.78164,36.32337],[-99.78124,36.32448],[-99.78126,36.32509],[-99.78148,36.32528],[-99.78225,36.32539],[-99.78207,36.32558],[-99.78222,36.32579],[-99.78293,36.32586],[-99.78316,36.32605],[-99.78384,36.32619],[-99.78614,36.32612],[-99.78675,36.3257],[-99.78771,36.32538],[-99.78884,36.32459],[-99.78923,36.32401],[-99.78958,36.32392],[-99.7897,36.32365],[-99.789997,36.323553],[-99.78989,36.32479],[-99.78963,36.32561],[-99.78923,36.32627],[-99.78916,36.32701],[-99.78852,36.32875],[-99.78734,36.33052],[-99.78723,36.33108],[-99.78676,36.332],[-99.78609,36.33285],[-99.78493,36.33339],[-99.78453,36.33337],[-99.78427,36.33313],[-99.78423,36.33294],[-99.78441,36.33257],[-99.78448,36.33036],[-99.78417,36.32995],[-99.78137,36.32997],[-99.78046,36.3302],[-99.78047,36.33085],[-99.78071,36.33093],[-99.7806,36.33104],[-99.7807,36.33137],[-99.78146,36.33167],[-99.78116,36.3318],[-99.78072,36.33242],[-99.78049,36.33228],[-99.78049,36.33276],[-99.78095,36.33265],[-99.78118,36.33312],[-99.7814,36.33293],[-99.78141,36.33336],[-99.78186,36.33327],[-99.78301,36.33354],[-99.78392,36.33352],[-99.78399,36.33344],[-99.78383,36.33338],[-99.78391,36.33317],[-99.78405,36.33339],[-99.78447,36.33341],[-99.78464,36.33368],[-99.78458,36.33426],[-99.7847,36.3346],[-99.78459,36.3348],[-99.78471,36.33515],[-99.78455,36.33663],[-99.78469,36.33695],[-99.78459,36.33737],[-99.78472,36.33755],[-99.78457,36.3381],[-99.7847,36.33903],[-99.78459,36.33958],[-99.78477,36.3405],[-99.78464,36.34071],[-99.78474,36.34193],[-99.7846,36.34235],[-99.78477,36.34253],[-99.78475,36.3429],[-99.78493,36.34326],[-99.78503,36.344],[-99.78476,36.34437],[-99.78486,36.34548],[-99.78476,36.346],[-99.78487,36.3464],[-99.78473,36.34695],[-99.78486,36.34714],[-99.78465,36.34788],[-99.78703,36.34795],[-99.7878,36.34815],[-99.78816,36.35009],[-99.78933,36.34996],[-99.79047,36.35014],[-99.79161,36.35013],[-99.79183,36.35],[-99.7932,36.35017],[-99.79354,36.3505],[-99.79366,36.35096],[-99.79361,36.35224],[-99.79385,36.35248],[-99.79625,36.35241],[-99.79642,36.35186],[-99.79631,36.35057],[-99.79662,36.34994],[-99.79685,36.35015],[-99.79731,36.35029],[-99.79754,36.35079],[-99.7981,36.35102],[-99.79846,36.35132],[-99.79891,36.35094],[-99.79982,36.3509],[-99.80058,36.35109],[-99.80053,36.35146],[-99.80028,36.35164],[-99.79932,36.35142],[-99.79905,36.35202],[-99.79847,36.35235],[-99.79843,36.3531],[-99.79809,36.35461],[-99.79712,36.35553],[-99.79607,36.35725],[-99.79533,36.35799],[-99.79502,36.35814],[-99.79554,36.35832],[-99.7956,36.35889],[-99.79511,36.3596],[-99.79495,36.36057],[-99.79433,36.36128],[-99.79435,36.36201],[-99.79449,36.36236],[-99.79409,36.36275],[-99.79376,36.36349],[-99.79366,36.36405],[-99.79378,36.36441],[-99.79408,36.36367],[-99.79515,36.36264],[-99.79756,36.36263],[-99.79784,36.36277],[-99.7978,36.3632],[-99.79735,36.36476],[-99.79683,36.36513],[-99.79655,36.36551],[-99.7966,36.36609],[-99.7961,36.36644],[-99.79547,36.36739],[-99.79475,36.36744],[-99.79442,36.36783],[-99.79384,36.36821],[-99.79366,36.36884],[-99.7932,36.3694],[-99.79334,36.3699],[-99.79249,36.36991],[-99.79214,36.37004],[-99.79227,36.37088],[-99.79252,36.37142],[-99.79254,36.37252],[-99.79231,36.37365],[-99.79203,36.37383],[-99.79189,36.37438],[-99.79154,36.37494],[-99.79178,36.37586],[-99.79205,36.37608],[-99.79233,36.37675],[-99.79261,36.37663],[-99.7923,36.37586],[-99.79236,36.3757],[-99.79255,36.37571],[-99.79313,36.3764],[-99.7932,36.377],[-99.79393,36.37716],[-99.79472,36.37713],[-99.79462,36.37734],[-99.7942,36.37717],[-99.79435,36.37806],[-99.79463,36.37816],[-99.79485,36.37785],[-99.79497,36.37796],[-99.79517,36.37842],[-99.79509,36.37888],[-99.79541,36.3789],[-99.79578,36.37947],[-99.79604,36.37949],[-99.79619,36.37975],[-99.7967,36.38],[-99.79807,36.37989],[-99.79841,36.38015],[-99.79853,36.38052],[-99.79878,36.38024],[-99.7992,36.38025],[-99.79941,36.381],[-99.79977,36.38145],[-99.79998,36.38202],[-99.80059,36.38263],[-99.80064,36.38281],[-99.80043,36.38318],[-99.80058,36.38373],[-99.80113,36.38424],[-99.80145,36.3849],[-99.80257,36.38547],[-99.80292,36.38593],[-99.80269,36.38625],[-99.80201,36.38619],[-99.80152,36.38646],[-99.80146,36.38686],[-99.8009,36.3876],[-99.80085,36.38794],[-99.80089,36.38816],[-99.8013,36.38834],[-99.80128,36.38889],[-99.8014,36.38893],[-99.80193,36.38815],[-99.80223,36.38722],[-99.80247,36.38699],[-99.8027,36.38702],[-99.8029,36.38724],[-99.80276,36.38818],[-99.80233,36.38833],[-99.80276,36.38848],[-99.80293,36.38908],[-99.80417,36.38936],[-99.80455,36.38995],[-99.80514,36.39042],[-99.80524,36.39071],[-99.80502,36.39081],[-99.80355,36.39072],[-99.80381,36.39077],[-99.80395,36.39109],[-99.8038,36.39139],[-99.80345,36.39164],[-99.8037,36.39201],[-99.80364,36.39275],[-99.80352,36.39293],[-99.80368,36.39313],[-99.8041,36.3933],[-99.80405,36.39348],[-99.80371,36.39367],[-99.80391,36.39379],[-99.80459,36.39359],[-99.80471,36.39366],[-99.80482,36.39403],[-99.80437,36.39409],[-99.80421,36.39459],[-99.8048,36.39532],[-99.80512,36.39546],[-99.8052,36.39569],[-99.80423,36.39662],[-99.80437,36.39717],[-99.80417,36.39828],[-99.80356,36.39939],[-99.80343,36.40031],[-99.80315,36.40105],[-99.80324,36.40203],[-99.80331,36.40209],[-99.80399,36.40161],[-99.80445,36.40148],[-99.80525,36.40159],[-99.80477,36.40196],[-99.80536,36.40211],[-99.80558,36.40195],[-99.80546,36.40159],[-99.80563,36.4014],[-99.80672,36.40094],[-99.8074,36.40084],[-99.80758,36.40088],[-99.80762,36.4012],[-99.80756,36.40157],[-99.80734,36.40176],[-99.8074,36.40194],[-99.8081,36.40202],[-99.80833,36.40249],[-99.80856,36.40261],[-99.80879,36.4025],[-99.80912,36.40202],[-99.80967,36.40174],[-99.80934,36.40101],[-99.80932,36.40045],[-99.80941,36.40024],[-99.80978,36.40008],[-99.81009,36.3995],[-99.81058,36.39907],[-99.8109,36.39823],[-99.81065,36.39713],[-99.81078,36.39677],[-99.811,36.39674],[-99.81089,36.39611],[-99.81119,36.39565],[-99.81109,36.39546],[-99.81128,36.39472],[-99.81123,36.3927],[-99.8114,36.39213],[-99.81187,36.39174],[-99.8121,36.39181],[-99.81255,36.3916],[-99.8131,36.39169],[-99.81347,36.39222],[-99.81421,36.39268],[-99.8142,36.39304],[-99.81402,36.39323],[-99.81404,36.3936],[-99.81453,36.39386],[-99.81518,36.39488],[-99.81556,36.39512],[-99.81578,36.39503],[-99.81626,36.39523],[-99.81621,36.39543],[-99.81597,36.39558],[-99.81603,36.39598],[-99.81566,36.39654],[-99.81502,36.39691],[-99.81504,36.39728],[-99.81555,36.39879],[-99.81589,36.3988],[-99.81616,36.39838],[-99.81578,36.39801],[-99.81598,36.39631],[-99.81716,36.3962],[-99.81742,36.39597],[-99.81738,36.39579],[-99.81656,36.39517],[-99.81625,36.39431],[-99.81548,36.39401],[-99.81532,36.39381],[-99.8154,36.39322],[-99.81526,36.39267],[-99.81564,36.39193],[-99.81558,36.39174],[-99.81461,36.39169],[-99.81443,36.39157],[-99.81417,36.39081],[-99.81357,36.38982],[-99.81335,36.38899],[-99.81342,36.3888],[-99.81485,36.38847],[-99.8155,36.38716],[-99.81575,36.38699],[-99.81639,36.38694],[-99.81592,36.38584],[-99.81591,36.38533],[-99.81539,36.3846],[-99.81545,36.38363],[-99.81513,36.38332],[-99.815,36.38287],[-99.81437,36.38246],[-99.81382,36.38125],[-99.81271,36.37992],[-99.81257,36.37916],[-99.81303,36.37885],[-99.81277,36.37756],[-99.81241,36.37727],[-99.811,36.37721],[-99.81128,36.37704],[-99.81111,36.37659],[-99.81061,36.37629],[-99.8096,36.37485],[-99.80902,36.37353],[-99.80862,36.37317],[-99.80867,36.37206],[-99.80896,36.37187],[-99.80897,36.36984],[-99.8089,36.36911],[-99.80854,36.368],[-99.80841,36.36671],[-99.80823,36.3665],[-99.80736,36.3661],[-99.80709,36.36506],[-99.80601,36.36386],[-99.80573,36.36286],[-99.8061,36.36268],[-99.80724,36.3626],[-99.80893,36.36265],[-99.80947,36.36191],[-99.80937,36.36129],[-99.80891,36.36081],[-99.80882,36.35989],[-99.80854,36.35936],[-99.80861,36.35875],[-99.80799,36.35565],[-99.80816,36.35528],[-99.80697,36.3547],[-99.80664,36.35437],[-99.80669,36.35408],[-99.80738,36.35401],[-99.80766,36.35381],[-99.80764,36.35363],[-99.8076,36.35354],[-99.80737,36.35359],[-99.80726,36.35307],[-99.80685,36.35294],[-99.80645,36.35243],[-99.8059,36.35204],[-99.80559,36.35124],[-99.80575,36.35069],[-99.80546,36.34958],[-99.80567,36.34921],[-99.80535,36.34829],[-99.80572,36.348],[-99.80663,36.34789],[-99.8076,36.34809],[-99.80736,36.34736],[-99.80699,36.34688],[-99.80692,36.34644],[-99.80628,36.34597],[-99.80618,36.34571],[-99.80655,36.34497],[-99.80606,36.34467],[-99.80593,36.3444],[-99.80575,36.34276],[-99.80593,36.34239],[-99.80606,36.3411],[-99.80536,36.3387],[-99.80552,36.33796],[-99.80535,36.33763],[-99.80516,36.3376],[-99.80533,36.33755],[-99.80542,36.33635],[-99.80528,36.33612],[-99.80531,36.33575],[-99.80497,36.33539],[-99.80488,36.33502],[-99.80485,36.33447],[-99.80515,36.33336],[-99.80478,36.33225],[-99.80474,36.33133],[-99.80493,36.33059],[-99.80471,36.3293],[-99.80499,36.32819],[-99.80534,36.32815],[-99.80643,36.32853],[-99.80779,36.32808],[-99.80825,36.32815],[-99.80848,36.32799],[-99.80857,36.32769],[-99.80937,36.32706],[-99.81005,36.32606],[-99.81024,36.32484],[-99.81007,36.32373],[-99.80964,36.32337],[-99.80895,36.32208],[-99.80927,36.3213],[-99.80958,36.321],[-99.80947,36.32073],[-99.80977,36.32053],[-99.81068,36.32049],[-99.8109,36.32033],[-99.81113,36.3204],[-99.81117,36.32019],[-99.81086,36.32008],[-99.81086,36.31986],[-99.81113,36.31994],[-99.81134,36.31984],[-99.81157,36.31947],[-99.81146,36.31884],[-99.81119,36.31838],[-99.81125,36.31758],[-99.81149,36.31727],[-99.81143,36.3169],[-99.81111,36.31653],[-99.81073,36.31646],[-99.81066,36.31601],[-99.81131,36.31526],[-99.81143,36.31424],[-99.81175,36.31384],[-99.81204,36.31408],[-99.81182,36.3145],[-99.81187,36.31487],[-99.81225,36.31524],[-99.81245,36.31432],[-99.81242,36.31376],[-99.81275,36.31302],[-99.81285,36.3119],[-99.81385,36.31098],[-99.81444,36.31012],[-99.81467,36.31001],[-99.81513,36.31021],[-99.81524,36.31014],[-99.8153,36.30946],[-99.81577,36.30933],[-99.81612,36.30942],[-99.81622,36.31005],[-99.81611,36.31042],[-99.81624,36.3106],[-99.8165,36.3107],[-99.81718,36.31062],[-99.81751,36.31077],[-99.8175,36.31121],[-99.81706,36.31225],[-99.8175,36.31354],[-99.81741,36.31391],[-99.8175,36.31428],[-99.81704,36.31502],[-99.81746,36.31568],[-99.81808,36.31562],[-99.81821,36.31589],[-99.818,36.31654],[-99.81742,36.31723],[-99.81718,36.31845],[-99.81655,36.31945],[-99.8166,36.31982],[-99.816,36.32093],[-99.81689,36.32124],[-99.81711,36.32181],[-99.81805,36.32197],[-99.81827,36.32253],[-99.81795,36.32571],[-99.81817,36.32663],[-99.81817,36.32755],[-99.81774,36.32977],[-99.8177,36.33124],[-99.81781,36.33146],[-99.81761,36.33272],[-99.81776,36.33355],[-99.81839,36.33382],[-99.81828,36.33419],[-99.81831,36.33511],[-99.8181,36.33601],[-99.81803,36.33751],[-99.8177,36.33807],[-99.81772,36.3388],[-99.81739,36.33973],[-99.81733,36.34052],[-99.81708,36.34087],[-99.81663,36.34105],[-99.81674,36.34176],[-99.81656,36.34268],[-99.81665,36.34361],[-99.81645,36.34398],[-99.81656,36.34453],[-99.81637,36.3453],[-99.8165,36.34582],[-99.81628,36.34663],[-99.81574,36.34702],[-99.81528,36.34712],[-99.81368,36.34787],[-99.81345,36.34822],[-99.81197,36.34825],[-99.81203,36.3488],[-99.81164,36.34989],[-99.81157,36.35065],[-99.81175,36.35157],[-99.8115,36.35341],[-99.81164,36.35402],[-99.8116,36.3547],[-99.81122,36.35505],[-99.81095,36.35563],[-99.81131,36.35615],[-99.81142,36.35655],[-99.81123,36.35821],[-99.81141,36.35987],[-99.81134,36.36061],[-99.81155,36.36086],[-99.81292,36.36068],[-99.81383,36.36078],[-99.81454,36.36059],[-99.81463,36.3604],[-99.81446,36.36003],[-99.81473,36.35992],[-99.81497,36.36028],[-99.81553,36.36049],[-99.81579,36.36095],[-99.8168,36.36114],[-99.8171,36.36082],[-99.81771,36.3608],[-99.81821,36.36097],[-99.81841,36.36056],[-99.81819,36.36038],[-99.8182,36.36023],[-99.81838,36.36015],[-99.81864,36.36054],[-99.81907,36.36064],[-99.81966,36.36129],[-99.82011,36.36156],[-99.82025,36.36202],[-99.82001,36.36261],[-99.81978,36.36269],[-99.81912,36.36185],[-99.81892,36.36105],[-99.81854,36.36105],[-99.8183,36.36122],[-99.81813,36.36167],[-99.81814,36.36222],[-99.81836,36.3624],[-99.81832,36.36266],[-99.81864,36.36278],[-99.82092,36.36277],[-99.82119,36.36294],[-99.8211,36.36335],[-99.82134,36.36386],[-99.82137,36.36496],[-99.82047,36.36608],[-99.8201,36.36756],[-99.82051,36.36767],[-99.82102,36.36751],[-99.82114,36.36773],[-99.8199,36.36885],[-99.82033,36.3694],[-99.82007,36.37106],[-99.82021,36.37143],[-99.81954,36.37217],[-99.81972,36.37272],[-99.81975,36.37383],[-99.81991,36.3742],[-99.8198,36.37493],[-99.81999,36.3758],[-99.81997,36.37641],[-99.81885,36.37715],[-99.82016,36.37733],[-99.82041,36.37787],[-99.82033,36.37905],[-99.82048,36.38157],[-99.8202,36.38305],[-99.82031,36.38323],[-99.82024,36.38379],[-99.81996,36.38394],[-99.81991,36.38415],[-99.82034,36.38462],[-99.82039,36.38563],[-99.8203,36.38585],[-99.82002,36.386],[-99.81988,36.38637],[-99.82024,36.38655],[-99.82024,36.38675],[-99.8206,36.38692],[-99.82068,36.38839],[-99.82125,36.38871],[-99.82132,36.38894],[-99.82116,36.38968],[-99.82044,36.39017],[-99.82043,36.39042],[-99.82236,36.3916],[-99.829,36.39163],[-99.82925,36.39183],[-99.82898,36.39221],[-99.82922,36.39331],[-99.82914,36.39368],[-99.82923,36.394],[-99.82991,36.39364],[-99.83038,36.39368],[-99.83059,36.39344],[-99.83107,36.39386],[-99.83121,36.39366],[-99.83113,36.39311],[-99.83122,36.39256],[-99.83195,36.39198],[-99.83221,36.39197],[-99.83237,36.39218],[-99.83238,36.39366],[-99.83266,36.39385],[-99.83314,36.39365],[-99.8332,36.39347],[-99.833,36.39328],[-99.83291,36.39236],[-99.83305,36.39162],[-99.83341,36.39125],[-99.83357,36.39014],[-99.83309,36.38959],[-99.83307,36.38941],[-99.83249,36.38895],[-99.83239,36.38852],[-99.83249,36.38841],[-99.83362,36.38858],[-99.83424,36.38899],[-99.83468,36.38975],[-99.83471,36.3901],[-99.83509,36.3905],[-99.83514,36.39087],[-99.83562,36.39124],[-99.83627,36.39147],[-99.83819,36.39148],[-99.8382,36.39085],[-99.8384,36.39048],[-99.83822,36.3903],[-99.83827,36.38977],[-99.83816,36.38956],[-99.83835,36.38897],[-99.83823,36.38851],[-99.83829,36.38827],[-99.83796,36.38809],[-99.83777,36.38721],[-99.83751,36.38705],[-99.83729,36.38667],[-99.83737,36.38475],[-99.83711,36.3843],[-99.83591,36.38428],[-99.83522,36.38405],[-99.83507,36.38367],[-99.83513,36.38294],[-99.8349,36.38276],[-99.83376,36.38055],[-99.83382,36.38037],[-99.83401,36.38029],[-99.83479,36.38026],[-99.83515,36.38062],[-99.8359,36.38087],[-99.8364,36.37992],[-99.83637,36.37949],[-99.83627,36.37918],[-99.83574,36.37862],[-99.83561,36.3783],[-99.83646,36.37724],[-99.8379,36.37724],[-99.8381,36.3774],[-99.83808,36.37845],[-99.83746,36.3786],[-99.83713,36.37895],[-99.83688,36.3797],[-99.83688,36.38018],[-99.8364,36.38073],[-99.83639,36.38101]]],[[[-99.789997,36.323553],[-99.79,36.32352],[-99.79022,36.32348],[-99.789997,36.323553]]]]},"properties":{"fire_id":"ufid:2024-OKOKS-240241","source_collection":"history-2024","source_objectid":24654,"incident_name":"Catesby Fire","mapped_acres":89688.0,"mapped_acres_source":"poly_GISAcres","gis_acres":89688.0,"auto_acres":77625.8207183084,"reported_acres":89688.0,"percent_contained":100.0,"state":"OK","state_wfigs":"US-OK","county":"Ellis","discovery_time_utc":"2024-02-27T19:20:00Z","perimeter_time_utc":"2024-02-28T01:20:00Z","perimeter_edit_time_utc":"2024-03-06T17:54:46Z","incident_modified_time_utc":"2024-03-17T12:20:00Z","containment_time_utc":null,"control_time_utc":null,"fire_out_time_utc":null,"fire_cause":"Human","fire_cause_general":null,"map_method":"Image Interpretation","source_dataset":"2024 NIFS","unique_fire_identifier":"2024-OKOKS-240241","irwin_id":"{17307800-47B3-4881-9226-A83EB2069D82}","global_id":"3c563d53-9dcc-4e44-a3af-b6f1c64128f2"}},{"type":"Feature","geometry":{"type":"Polygon","coordinates":[[[-96.52019,35.93216],[-96.52051,35.9321],[-96.52083,35.93158],[-96.52096,35.93116],[-96.52071,35.93073],[-96.52082,35.93023],[-96.52158,35.93004],[-96.52165,35.92932],[-96.52155,35.92911],[-96.5217,35.92903],[-96.52155,35.92878],[-96.52156,35.92707],[-96.5218,35.92735],[-96.52225,35.92753],[-96.52225,35.92731],[-96.52244,35.92716],[-96.52307,35.92718],[-96.5235,35.92772],[-96.52438,35.92742],[-96.52489,35.92755],[-96.52523,35.92729],[-96.52541,35.92785],[-96.52529,35.92817],[-96.52559,35.92869],[-96.5259,35.9287],[-96.52587,35.92938],[-96.5261,35.9298],[-96.52625,35.92978],[-96.52638,35.92996],[-96.52663,35.93118],[-96.52734,35.93135],[-96.52837,35.93211],[-96.52862,35.93207],[-96.52918,35.93225],[-96.52972,35.93261],[-96.52984,35.93284],[-96.5298,35.93318],[-96.52956,35.93324],[-96.52937,35.9335],[-96.52891,35.93355],[-96.52866,35.93343],[-96.52821,35.93359],[-96.52781,35.93394],[-96.52785,35.93424],[-96.52767,35.93429],[-96.52762,35.93415],[-96.52729,35.93443],[-96.52722,35.93414],[-96.52675,35.93416],[-96.52678,35.9345],[-96.52643,35.93536],[-96.52683,35.936],[-96.52935,35.93612],[-96.53033,35.9366],[-96.53024,35.93834],[-96.53057,35.93873],[-96.53045,35.93926],[-96.53064,35.94045],[-96.53024,35.9411],[-96.53041,35.94108],[-96.53046,35.9412],[-96.53051,35.94181],[-96.53035,35.94203],[-96.52987,35.94208],[-96.52975,35.94227],[-96.52941,35.94225],[-96.52936,35.94249],[-96.52889,35.94281],[-96.52866,35.94269],[-96.5285,35.94231],[-96.52816,35.94219],[-96.52806,35.94187],[-96.52771,35.94191],[-96.52754,35.94178],[-96.52759,35.9411],[-96.52658,35.94104],[-96.52636,35.94119],[-96.52529,35.94129],[-96.52257,35.94128],[-96.52228,35.94115],[-96.52094,35.94143],[-96.52051,35.94111],[-96.52054,35.94099],[-96.5203,35.9407],[-96.5195,35.9403],[-96.51961,35.94005],[-96.52004,35.93987],[-96.52011,35.93972],[-96.51946,35.93943],[-96.51944,35.9393],[-96.51978,35.93912],[-96.52042,35.93909],[-96.52044,35.93899],[-96.52,35.93855],[-96.5201,35.93808],[-96.51964,35.9377],[-96.51961,35.9375],[-96.51885,35.93743],[-96.51881,35.93712],[-96.51946,35.93651],[-96.5197,35.93654],[-96.52004,35.93624],[-96.52011,35.93608],[-96.51946,35.93553],[-96.51983,35.9354],[-96.51994,35.93515],[-96.51962,35.93483],[-96.51821,35.93509],[-96.51816,35.93454],[-96.5183,35.93409],[-96.51816,35.93388],[-96.51889,35.93348],[-96.51909,35.9332],[-96.51963,35.93339],[-96.52022,35.93333],[-96.52054,35.93247],[-96.52047,35.9323],[-96.52019,35.93216]]]},"properties":{"fire_id":"ufid:2024-OKOMA-000937","source_collection":"history-2024","source_objectid":25155,"incident_name":"JUMPER","mapped_acres":283.4,"mapped_acres_source":"poly_GISAcres","gis_acres":283.4,"auto_acres":284.437136498791,"reported_acres":283.0,"percent_contained":100.0,"state":"OK","state_wfigs":"US-OK","county":"Creek","discovery_time_utc":"2024-03-29T20:43:00Z","perimeter_time_utc":"2024-03-30T01:43:00Z","perimeter_edit_time_utc":"2024-06-11T15:27:51Z","incident_modified_time_utc":"2024-06-26T12:23:29Z","containment_time_utc":"2024-04-03T05:00:00Z","control_time_utc":"2024-04-05T17:00:00Z","fire_out_time_utc":"2024-04-10T17:00:00Z","fire_cause":"Undetermined","fire_cause_general":null,"map_method":"Auto-generated","source_dataset":"2024 NIFS","unique_fire_identifier":"2024-OKOMA-000937","irwin_id":"{792F000E-AD02-4D22-9A97-982955792CA7}","global_id":"bf7322eb-be8f-4e30-9fba-8f4dec5403fc"}},{"type":"Feature","geometry":{"type":"Polygon","coordinates":[[[-98.53229,36.02969],[-98.53248,36.02972],[-98.53241,36.02995],[-98.53168,36.03017],[-98.53156,36.02999],[-98.53205,36.02989],[-98.53229,36.02969]]]},"properties":{"fire_id":"ufid:2024-OKCAT-000992","source_collection":"history-2024","source_objectid":25477,"incident_name":"BARE II","mapped_acres":1.0,"mapped_acres_source":"poly_GISAcres","gis_acres":1.0,"auto_acres":0.4216795060406529,"reported_acres":1.0,"percent_contained":null,"state":"OK","state_wfigs":"US-OK","county":"Blaine","discovery_time_utc":"2024-04-06T21:00:00Z","perimeter_time_utc":"2024-04-16T16:10:57Z","perimeter_edit_time_utc":"2024-04-16T16:10:58Z","incident_modified_time_utc":"2024-04-12T14:54:34Z","containment_time_utc":"2024-04-10T17:00:00Z","control_time_utc":"2024-04-10T17:00:00Z","fire_out_time_utc":"2024-04-10T17:00:00Z","fire_cause":"Human","fire_cause_general":"Power generation / transmission / distribution","map_method":"Hand Sketch","source_dataset":"FFP","unique_fire_identifier":"2024-OKCAT-000992","irwin_id":"{6F9F08A9-42AB-4BFD-8FA3-D1A2239BC219}","global_id":"6edc95fa-707d-4ece-a199-aed382b14d8d"}},{"type":"Feature","geometry":{"type":"Polygon","coordinates":[[[-96.60171,35.67656],[-96.60056,35.67671],[-96.59929,35.67766],[-96.59876,35.6779],[-96.59757,35.67763],[-96.59627,35.67802],[-96.59542,35.67778],[-96.59409,35.67823],[-96.59414,35.6786],[-96.5945,35.67904],[-96.59454,35.67946],[-96.59508,35.67995],[-96.59532,35.68036],[-96.59552,35.68134],[-96.59581,35.68161],[-96.59598,35.68199],[-96.59534,35.68321],[-96.59581,35.68387],[-96.59539,35.68505],[-96.59597,35.68598],[-96.59588,35.68678],[-96.5956,35.68763],[-96.59549,35.68875],[-96.59483,35.69036],[-96.595,35.69078],[-96.59442,35.69134],[-96.59249,35.69158],[-96.5914,35.69094],[-96.59024,35.68997],[-96.58954,35.69005],[-96.58769,35.6899],[-96.58722,35.69002],[-96.58637,35.68988],[-96.58621,35.68668],[-96.58562,35.68555],[-96.58555,35.68276],[-96.58576,35.68265],[-96.58877,35.68263],[-96.5898,35.68092],[-96.59015,35.67918],[-96.58997,35.67851],[-96.58937,35.67749],[-96.58786,35.6776],[-96.58773,35.67772],[-96.58694,35.67644],[-96.58611,35.67573],[-96.58583,35.67378],[-96.58687,35.67351],[-96.58712,35.67324],[-96.58754,35.67306],[-96.58786,35.67326],[-96.58816,35.67326],[-96.58862,35.67302],[-96.58899,35.67309],[-96.58914,35.67298],[-96.58928,35.67258],[-96.58914,35.67244],[-96.58929,35.6723],[-96.58916,35.67186],[-96.58866,35.67124],[-96.58864,35.67089],[-96.58883,35.67061],[-96.58856,35.67005],[-96.58867,35.66969],[-96.58903,35.66938],[-96.58944,35.66862],[-96.58938,35.66824],[-96.58737,35.66817],[-96.58735,35.66771],[-96.58763,35.66752],[-96.58782,35.66708],[-96.58772,35.6667],[-96.58826,35.66643],[-96.5882,35.66627],[-96.58848,35.66615],[-96.58845,35.66588],[-96.58861,35.66553],[-96.58887,35.66541],[-96.58875,35.66537],[-96.58881,35.66493],[-96.58923,35.6647],[-96.58963,35.66477],[-96.58984,35.66446],[-96.5899,35.66454],[-96.59049,35.66441],[-96.59071,35.66459],[-96.59107,35.66438],[-96.59097,35.66466],[-96.59137,35.66467],[-96.59146,35.66441],[-96.59158,35.6646],[-96.59178,35.66439],[-96.59222,35.66436],[-96.59251,35.66449],[-96.59282,35.66426],[-96.59296,35.66365],[-96.59268,35.66348],[-96.59273,35.66328],[-96.593,35.66318],[-96.59288,35.66292],[-96.59321,35.66208],[-96.59271,35.66164],[-96.59264,35.66141],[-96.59299,35.66099],[-96.59369,35.66111],[-96.59442,35.66272],[-96.59477,35.66383],[-96.59638,35.66407],[-96.59673,35.66432],[-96.59869,35.66456],[-96.59887,35.66472],[-96.59892,35.66464],[-96.60063,35.66479],[-96.6009,35.66537],[-96.60092,35.66579],[-96.60152,35.66535],[-96.60204,35.66624],[-96.6021,35.66638],[-96.60183,35.66662],[-96.60264,35.66919],[-96.60261,35.6698],[-96.60281,35.66994],[-96.60402,35.67299],[-96.60432,35.67315],[-96.60444,35.6736],[-96.60429,35.67375],[-96.60445,35.67446],[-96.60488,35.67511],[-96.60171,35.67656]]]},"properties":{"fire_id":"ufid:2024-OKOMA-000606","source_collection":"history-2024","source_objectid":26145,"incident_name":"CLYNE","mapped_acres":752.8,"mapped_acres_source":"poly_GISAcres","gis_acres":752.8,"auto_acres":752.8582647951766,"reported_acres":260.0,"percent_contained":100.0,"state":"OK","state_wfigs":"US-OK","county":"Creek","discovery_time_utc":"2024-03-03T00:00:00Z","perimeter_time_utc":null,"perimeter_edit_time_utc":"2024-11-13T15:17:02Z","incident_modified_time_utc":"2024-03-23T13:22:30Z","containment_time_utc":"2024-03-08T18:00:00Z","control_time_utc":"2024-03-22T17:00:00Z","fire_out_time_utc":"2024-03-22T17:00:00Z","fire_cause":"Human","fire_cause_general":null,"map_method":"Mixed Methods","source_dataset":"2024 NIFS","unique_fire_identifier":"2024-OKOMA-000606","irwin_id":"{7B308FCB-D03F-4F54-A72C-39656C96D52B}","global_id":"71388354-554b-4b91-b911-d6dab4d3c71e"}},{"type":"Feature","geometry":{"type":"Polygon","coordinates":[[[-95.92129,35.2029],[-95.90892,35.20279],[-95.90869,35.20234],[-95.90902,35.20125],[-95.90871,35.20045],[-95.90888,35.2001],[-95.90878,35.19939],[-95.90844,35.19862],[-95.90857,35.198],[-95.90903,35.19754],[-95.91002,35.19687],[-95.90997,35.1962],[-95.90973,35.1957],[-95.90973,35.19511],[-95.91021,35.19491],[-95.91007,35.19444],[-95.91049,35.19396],[-95.91095,35.19373],[-95.91113,35.19322],[-95.91085,35.19273],[-95.9104,35.19249],[-95.90999,35.19203],[-95.90986,35.19171],[-95.90903,35.19167],[-95.90853,35.1915],[-95.908,35.19125],[-95.90686,35.19037],[-95.90559,35.18906],[-95.90558,35.18869],[-95.91823,35.18869],[-95.92045,35.19496],[-95.91788,35.19499],[-95.91766,35.19508],[-95.91755,35.19535],[-95.9179,35.19574],[-95.91842,35.19591],[-95.9185,35.1962],[-95.91876,35.19628],[-95.91976,35.19607],[-95.92019,35.19614],[-95.92051,35.19659],[-95.92143,35.1992],[-95.92155,35.19987],[-95.92129,35.2029]]]},"properties":{"fire_id":"ufid:2024-OKOMA-000638","source_collection":"history-2024","source_objectid":26146,"incident_name":"Arkoma","mapped_acres":394.8,"mapped_acres_source":"poly_GISAcres","gis_acres":394.8,"auto_acres":394.773649816885,"reported_acres":394.8,"percent_contained":100.0,"state":"OK","state_wfigs":"US-OK","county":"McIntosh","discovery_time_utc":"2024-03-05T03:00:00Z","perimeter_time_utc":null,"perimeter_edit_time_utc":"2024-05-08T22:31:13Z","incident_modified_time_utc":"2024-06-26T13:04:44Z","containment_time_utc":"2024-03-08T18:00:00Z","control_time_utc":"2024-03-22T17:00:00Z","fire_out_time_utc":"2024-03-22T17:00:00Z","fire_cause":"Undetermined","fire_cause_general":null,"map_method":"Mixed Methods","source_dataset":"2024 NIFS","unique_fire_identifier":"2024-OKOMA-000638","irwin_id":"{A2295644-7993-48B4-9368-DC17A27B94F8}","global_id":"5c842b1e-4fba-4965-a255-3fcbc6d70884"}},{"type":"Feature","geometry":{"type":"Polygon","coordinates":[[[-95.87531,35.2174],[-95.87531,35.21029],[-95.8761,35.20989],[-95.87731,35.2095],[-95.87814,35.20897],[-95.8784,35.20859],[-95.87819,35.20832],[-95.87819,35.20778],[-95.87846,35.20728],[-95.87876,35.20703],[-95.88012,35.20664],[-95.88081,35.20716],[-95.88123,35.20719],[-95.8827,35.20645],[-95.88404,35.20661],[-95.8843,35.20699],[-95.88419,35.20749],[-95.88417,35.21089],[-95.8843,35.21703],[-95.88083,35.21707],[-95.87531,35.2174]]]},"properties":{"fire_id":"ufid:2024-OKOMA-000435","source_collection":"history-2024","source_objectid":26147,"incident_name":"BEANS","mapped_acres":209.4,"mapped_acres_source":"poly_GISAcres","gis_acres":209.4,"auto_acres":209.392426499269,"reported_acres":75.0,"percent_contained":null,"state":"OK","state_wfigs":"US-OK","county":"McIntosh","discovery_time_utc":"2024-02-25T00:40:00Z","perimeter_time_utc":null,"perimeter_edit_time_utc":"2024-05-08T22:36:24Z","incident_modified_time_utc":"2024-03-11T13:30:26Z","containment_time_utc":"2024-03-10T17:00:00Z","control_time_utc":"2024-03-10T17:00:00Z","fire_out_time_utc":"2024-03-10T17:00:00Z","fire_cause":"Undetermined","fire_cause_general":null,"map_method":"Mixed Methods","source_dataset":"2024 NIFS","unique_fire_identifier":"2024-OKOMA-000435","irwin_id":"{0E44B7E1-4B27-419A-88B0-D9F460142406}","global_id":"e53b2667-17f6-4e00-afac-746f7b9119f9"}},{"type":"Feature","geometry":{"type":"Polygon","coordinates":[[[-96.15835,35.40812],[-96.15838,35.40845],[-96.15819,35.40826],[-96.15822,35.40804],[-96.15835,35.40812]]]},"properties":{"fire_id":"ufid:2024-OKOMA-000086","source_collection":"history-2024","source_objectid":27072,"incident_name":"RODEO 4","mapped_acres":0.16285291601784596,"mapped_acres_source":"poly_GISAcres","gis_acres":0.16285291601784596,"auto_acres":0.1628524072344113,"reported_acres":0.2,"percent_contained":null,"state":"OK","state_wfigs":"US-OK","county":"Okfuskee","discovery_time_utc":"2024-01-18T00:54:00Z","perimeter_time_utc":null,"perimeter_edit_time_utc":"2024-08-25T14:38:39Z","incident_modified_time_utc":"2024-01-23T21:54:55Z","containment_time_utc":"2024-01-18T02:00:00Z","control_time_utc":"2024-01-18T02:00:00Z","fire_out_time_utc":"2024-01-23T18:00:00Z","fire_cause":"Undetermined","fire_cause_general":null,"map_method":"Mixed Methods","source_dataset":"2024 NIFS","unique_fire_identifier":"2024-OKOMA-000086","irwin_id":"{2A8515C3-5AFF-49E5-A9AF-BBE67D401E88}","global_id":"cd704086-f07e-4e60-a657-b99822ca4c9d"}},{"type":"Feature","geometry":{"type":"Polygon","coordinates":[[[-96.15855,35.40234],[-96.1585,35.40199],[-96.15896,35.40216],[-96.15887,35.40235],[-96.15867,35.40235],[-96.15855,35.40234]]]},"properties":{"fire_id":"ufid:2024-OKOMA-000084","source_collection":"history-2024","source_objectid":27073,"incident_name":"Rodeo","mapped_acres":0.30582719338740344,"mapped_acres_source":"poly_GISAcres","gis_acres":0.30582719338740344,"auto_acres":0.3058260608112803,"reported_acres":0.3,"percent_contained":null,"state":"OK","state_wfigs":"US-OK","county":"Okfuskee","discovery_time_utc":"2024-01-18T00:54:00Z","perimeter_time_utc":null,"perimeter_edit_time_utc":"2024-08-25T14:38:37Z","incident_modified_time_utc":"2024-01-23T21:55:14Z","containment_time_utc":"2024-01-18T02:00:00Z","control_time_utc":"2024-01-18T02:00:00Z","fire_out_time_utc":"2024-01-23T18:00:00Z","fire_cause":"Undetermined","fire_cause_general":null,"map_method":"Mixed Methods","source_dataset":"2024 NIFS","unique_fire_identifier":"2024-OKOMA-000084","irwin_id":"{512BB08D-EFA9-4248-9B33-A1CD89CDCC31}","global_id":"ac1e0e1c-5b9e-4e8a-ab02-86922f7266d1"}},{"type":"Feature","geometry":{"type":"Polygon","coordinates":[[[-96.16243,35.39882],[-96.16267,35.39883],[-96.16269,35.39909],[-96.16249,35.3991],[-96.16242,35.39897],[-96.16243,35.39882]]]},"properties":{"fire_id":"ufid:2024-OKOMA-000083","source_collection":"history-2024","source_objectid":27074,"incident_name":"RODEO","mapped_acres":0.17675403522834585,"mapped_acres_source":"poly_GISAcres","gis_acres":0.17675403522834585,"auto_acres":0.17675357942102662,"reported_acres":0.2,"percent_contained":null,"state":"OK","state_wfigs":"US-OK","county":"Okfuskee","discovery_time_utc":"2024-01-18T00:54:00Z","perimeter_time_utc":null,"perimeter_edit_time_utc":"2024-08-25T14:38:40Z","incident_modified_time_utc":"2024-01-23T21:55:24Z","containment_time_utc":"2024-01-18T02:00:00Z","control_time_utc":"2024-01-18T02:00:00Z","fire_out_time_utc":"2024-01-23T18:00:00Z","fire_cause":"Undetermined","fire_cause_general":null,"map_method":"Mixed Methods","source_dataset":"2024 NIFS","unique_fire_identifier":"2024-OKOMA-000083","irwin_id":"{7F66C173-69A1-47B9-BBDE-00B9D67F17F2}","global_id":"ccab9766-622a-460d-9802-c8a0b695da97"}},{"type":"Feature","geometry":{"type":"Polygon","coordinates":[[[-96.15848,35.40728],[-96.15859,35.40762],[-96.1586,35.41],[-96.15849,35.40965],[-96.15848,35.40728]]]},"properties":{"fire_id":"ufid:2024-OKOMA-000085","source_collection":"history-2024","source_objectid":27075,"incident_name":"RODEO 3","mapped_acres":0.7351428116665851,"mapped_acres_source":"poly_GISAcres","gis_acres":0.7351428116665851,"auto_acres":0.7351408819902954,"reported_acres":0.75,"percent_contained":null,"state":"OK","state_wfigs":"US-OK","county":"Okfuskee","discovery_time_utc":"2024-01-18T00:54:00Z","perimeter_time_utc":null,"perimeter_edit_time_utc":"2024-08-25T14:38:38Z","incident_modified_time_utc":"2024-01-23T21:55:04Z","containment_time_utc":"2024-01-18T02:00:00Z","control_time_utc":"2024-01-18T02:00:00Z","fire_out_time_utc":"2024-01-23T18:00:00Z","fire_cause":"Undetermined","fire_cause_general":null,"map_method":"Mixed Methods","source_dataset":"2024 NIFS","unique_fire_identifier":"2024-OKOMA-000085","irwin_id":"{ED9FC214-8286-435D-8437-7FF7A6A02D7F}","global_id":"fb8f3af0-da15-493c-a7b5-ece6fe3a7623"}},{"type":"Feature","geometry":{"type":"Polygon","coordinates":[[[-96.18642,35.39802],[-96.18645,35.39979],[-96.18581,35.39985],[-96.18522,35.39962],[-96.18523,35.39844],[-96.18593,35.39831],[-96.18642,35.39802]]]},"properties":{"fire_id":"ufid:2024-OKOMA-000324","source_collection":"history-2024","source_objectid":27076,"incident_name":"Cedar","mapped_acres":4.5,"mapped_acres_source":"poly_GISAcres","gis_acres":4.5,"auto_acres":4.50572275862549,"reported_acres":4.5,"percent_contained":null,"state":"OK","state_wfigs":"US-OK","county":"Okfuskee","discovery_time_utc":"2024-02-19T19:00:00Z","perimeter_time_utc":null,"perimeter_edit_time_utc":"2024-06-10T17:00:15Z","incident_modified_time_utc":"2024-02-28T14:34:16Z","containment_time_utc":"2024-02-27T18:00:00Z","control_time_utc":"2024-02-27T18:00:00Z","fire_out_time_utc":"2024-02-27T18:00:00Z","fire_cause":"Human","fire_cause_general":null,"map_method":"Mixed Methods","source_dataset":"2024 NIFS","unique_fire_identifier":"2024-OKOMA-000324","irwin_id":"{E74A9BF5-CBCE-45CA-9B65-2E6DB4A7BA26}","global_id":"c5bc76ff-5b61-483b-bf7e-0374ba8876c2"}},{"type":"Feature","geometry":{"type":"Polygon","coordinates":[[[-96.02435,35.45719],[-96.0236,35.45728],[-96.02346,35.45687],[-96.02248,35.4574],[-96.02184,35.45719],[-96.02165,35.4569],[-96.02167,35.4565],[-96.0225,35.45566],[-96.02379,35.45546],[-96.02464,35.45434],[-96.02505,35.45355],[-96.02736,35.45087],[-96.02871,35.45113],[-96.02903,35.45192],[-96.02881,35.45236],[-96.02941,35.45267],[-96.02969,35.45314],[-96.02989,35.45377],[-96.02985,35.45435],[-96.02902,35.45438],[-96.02841,35.45471],[-96.02781,35.45523],[-96.02677,35.45559],[-96.02585,35.45662],[-96.02435,35.45719]]]},"properties":{"fire_id":"ufid:2024-OKOMA-000187","source_collection":"history-2024","source_objectid":27077,"incident_name":"Turkey Pen","mapped_acres":56.88991099823155,"mapped_acres_source":"poly_GISAcres","gis_acres":56.88991099823155,"auto_acres":56.889709705486005,"reported_acres":56.9,"percent_contained":null,"state":"OK","state_wfigs":"US-OK","county":"Okmulgee","discovery_time_utc":"2024-02-08T20:30:00Z","perimeter_time_utc":null,"perimeter_edit_time_utc":"2024-08-25T14:39:05Z","incident_modified_time_utc":"2024-02-12T17:22:33Z","containment_time_utc":"2024-02-09T01:30:00Z","control_time_utc":"2024-02-12T14:00:00Z","fire_out_time_utc":"2024-02-12T14:00:00Z","fire_cause":"Undetermined","fire_cause_general":null,"map_method":"Mixed Methods","source_dataset":"2024 NIFS","unique_fire_identifier":"2024-OKOMA-000187","irwin_id":"{0EEA531C-A7E2-4C8B-98A5-70B3639D4F33}","global_id":"e0441dea-f79d-4e9f-a446-9a3ccbbf9ade"}},{"type":"Feature","geometry":{"type":"Polygon","coordinates":[[[-96.18187,35.38968],[-96.18134,35.39003],[-96.18094,35.39013],[-96.18049,35.38967],[-96.18061,35.38963],[-96.18048,35.38942],[-96.18071,35.38746],[-96.18051,35.38646],[-96.18016,35.38562],[-96.18037,35.3856],[-96.18084,35.38704],[-96.18087,35.38789],[-96.1813,35.38816],[-96.1812,35.3885],[-96.1821,35.38893],[-96.18215,35.38925],[-96.18187,35.38968]]]},"properties":{"fire_id":"ufid:2024-OKOMA-000711","source_collection":"history-2024","source_objectid":27078,"incident_name":"Alabama creek","mapped_acres":6.7,"mapped_acres_source":"poly_GISAcres","gis_acres":6.7,"auto_acres":6.87375839595846,"reported_acres":6.7,"percent_contained":null,"state":"OK","state_wfigs":"US-OK","county":"Okfuskee","discovery_time_utc":"2024-03-11T17:00:00Z","perimeter_time_utc":null,"perimeter_edit_time_utc":"2024-06-10T17:02:37Z","incident_modified_time_utc":"2024-06-26T13:51:17Z","containment_time_utc":"2024-03-11T20:30:00Z","control_time_utc":"2024-03-22T17:00:00Z","fire_out_time_utc":"2024-03-22T17:00:00Z","fire_cause":"Undetermined","fire_cause_general":null,"map_method":"Mixed Methods","source_dataset":"2024 NIFS","unique_fire_identifier":"2024-OKOMA-000711","irwin_id":"{B0DE895B-5CAF-4065-BFDD-DD8BFFD00608}","global_id":"5b908096-4ccc-4d92-8b04-15100f0d31fc"}},{"type":"Feature","geometry":{"type":"Polygon","coordinates":[[[-96.37366,35.69021],[-96.37406,35.68996],[-96.37744,35.69005],[-96.37836,35.69015],[-96.3794,35.69059],[-96.37956,35.69144],[-96.37923,35.69229],[-96.37807,35.69276],[-96.37772,35.69339],[-96.37772,35.69438],[-96.37818,35.69474],[-96.37868,35.69484],[-96.3786,35.697],[-96.37902,35.69735],[-96.37397,35.69731],[-96.37374,35.69623],[-96.37339,35.6956],[-96.37312,35.69545],[-96.37225,35.69546],[-96.37217,35.69533],[-96.3713,35.69529],[-96.37058,35.69548],[-96.37031,35.69616],[-96.37011,35.69723],[-96.36968,35.69728],[-96.36967,35.69458],[-96.37211,35.69277],[-96.37317,35.69182],[-96.37373,35.69159],[-96.37394,35.69127],[-96.3741,35.69058],[-96.37392,35.69026],[-96.37366,35.69021]]]},"properties":{"fire_id":"ufid:2024-OKOMA-000832","source_collection":"history-2024","source_objectid":27079,"incident_name":"South fire","mapped_acres":113.8,"mapped_acres_source":"poly_GISAcres","gis_acres":113.8,"auto_acres":113.833148293564,"reported_acres":113.8,"percent_contained":null,"state":"OK","state_wfigs":"US-OK","county":"Creek","discovery_time_utc":"2024-03-19T22:00:00Z","perimeter_time_utc":null,"perimeter_edit_time_utc":"2024-06-10T17:05:48Z","incident_modified_time_utc":"2024-04-01T17:13:42Z","containment_time_utc":"2024-03-20T03:38:00Z","control_time_utc":"2024-04-01T17:00:00Z","fire_out_time_utc":"2024-04-01T17:00:00Z","fire_cause":"Undetermined","fire_cause_general":null,"map_method":"Mixed Methods","source_dataset":"2024 NIFS","unique_fire_identifier":"2024-OKOMA-000832","irwin_id":"{3A26E466-F82E-44B2-8881-03F2D2D1D062}","global_id":"c2546e80-22f5-4d2d-acb5-9a07ba34c9f7"}},{"type":"Feature","geometry":{"type":"Polygon","coordinates":[[[-96.37859,35.70453],[-96.38186,35.70464],[-96.38196,35.70532],[-96.38288,35.70645],[-96.3829,35.70729],[-96.38383,35.7086],[-96.38449,35.71033],[-96.38495,35.71028],[-96.38599,35.7111],[-96.38595,35.7113],[-96.38547,35.71171],[-96.38371,35.71163],[-96.38188,35.71185],[-96.37615,35.71182],[-96.37637,35.71162],[-96.37625,35.71103],[-96.3763,35.71024],[-96.37605,35.70981],[-96.37608,35.70942],[-96.37593,35.70889],[-96.37571,35.70883],[-96.37552,35.70935],[-96.37516,35.70973],[-96.37491,35.70966],[-96.37478,35.7094],[-96.37449,35.70933],[-96.3743,35.70905],[-96.37399,35.70897],[-96.37402,35.70849],[-96.37339,35.70819],[-96.37369,35.70707],[-96.37357,35.70657],[-96.37308,35.70627],[-96.3725,35.70616],[-96.37303,35.70562],[-96.37313,35.70499],[-96.37331,35.70489],[-96.37331,35.70468],[-96.37462,35.70457],[-96.3745,35.70434],[-96.37472,35.7041],[-96.37443,35.70408],[-96.37432,35.70384],[-96.37544,35.70322],[-96.37585,35.70315],[-96.37617,35.70334],[-96.37638,35.70328],[-96.37721,35.70385],[-96.37784,35.70375],[-96.37793,35.70385],[-96.37823,35.70373],[-96.37843,35.70393],[-96.37859,35.70453]]]},"properties":{"fire_id":"ufid:2024-OKOMA-000434","source_collection":"history-2024","source_objectid":27080,"incident_name":"BUNNY","mapped_acres":175.6,"mapped_acres_source":"poly_GISAcres","gis_acres":175.6,"auto_acres":175.607267001295,"reported_acres":175.6,"percent_contained":null,"state":"OK","state_wfigs":"US-OK","county":"Creek","discovery_time_utc":"2024-02-24T19:17:00Z","perimeter_time_utc":null,"perimeter_edit_time_utc":"2024-06-10T17:05:09Z","incident_modified_time_utc":"2024-03-11T13:26:09Z","containment_time_utc":"2024-02-25T00:30:00Z","control_time_utc":"2024-03-10T17:00:00Z","fire_out_time_utc":"2024-03-10T17:00:00Z","fire_cause":"Human","fire_cause_general":null,"map_method":"Mixed Methods","source_dataset":"2024 NIFS","unique_fire_identifier":"2024-OKOMA-000434","irwin_id":"{30270247-461D-49A3-9732-E96FA9B496E1}","global_id":"709e6169-ec19-484d-b0e7-4d4f845a5ba0"}},{"type":"Feature","geometry":{"type":"Polygon","coordinates":[[[-96.26379,35.62447],[-96.2639,35.62363],[-96.2638,35.62309],[-96.264,35.62309],[-96.26411,35.62288],[-96.26505,35.62283],[-96.26614,35.62346],[-96.26649,35.62349],[-96.26666,35.62384],[-96.26728,35.6241],[-96.26733,35.62444],[-96.26711,35.62495],[-96.26707,35.62551],[-96.26748,35.62647],[-96.26722,35.62696],[-96.26623,35.62698],[-96.26458,35.6256],[-96.26277,35.62509],[-96.26262,35.62495],[-96.26252,35.62452],[-96.26379,35.62447]]]},"properties":{"fire_id":"ufid:2024-OKOMA-000621","source_collection":"history-2024","source_objectid":27081,"incident_name":"HUNAN","mapped_acres":28.5,"mapped_acres_source":"poly_GISAcres","gis_acres":28.5,"auto_acres":28.5266045340802,"reported_acres":28.5,"percent_contained":null,"state":"OK","state_wfigs":"US-OK","county":"Okfuskee","discovery_time_utc":"2024-03-03T20:00:00Z","perimeter_time_utc":null,"perimeter_edit_time_utc":"2024-06-10T17:06:55Z","incident_modified_time_utc":"2024-06-26T12:43:18Z","containment_time_utc":"2024-03-03T23:00:00Z","control_time_utc":"2024-03-22T17:00:00Z","fire_out_time_utc":"2024-03-22T17:00:00Z","fire_cause":"Human","fire_cause_general":null,"map_method":"Mixed Methods","source_dataset":"2024 NIFS","unique_fire_identifier":"2024-OKOMA-000621","irwin_id":"{58C44DB0-1C9B-4916-B959-12C4F8BB6670}","global_id":"b1da78db-9f80-4f9b-8f07-b9c071246a6a"}},{"type":"Feature","geometry":{"type":"MultiPolygon","coordinates":[[[[-96.25601,35.55168],[-96.25601,35.5517],[-96.256,35.55168],[-96.25601,35.55168]]],[[[-96.25595,35.55146],[-96.25688,35.55082],[-96.25758,35.55055],[-96.25847,35.55045],[-96.2599,35.5496],[-96.26025,35.54948],[-96.26072,35.54956],[-96.2616,35.54911],[-96.26189,35.54932],[-96.25775,35.55278],[-96.25569,35.55385],[-96.25555,35.55559],[-96.25448,35.55767],[-96.25321,35.55772],[-96.25077,35.55525],[-96.2519,35.55442],[-96.25482,35.55334],[-96.25681,35.55225],[-96.25716,35.55194],[-96.25772,35.55178],[-96.25601,35.55167],[-96.25595,35.55146]]]]},"properties":{"fire_id":"ufid:2024-OKOMA-000425","source_collection":"history-2024","source_objectid":27082,"incident_name":"LAST CHANCE","mapped_acres":50.1,"mapped_acres_source":"poly_GISAcres","gis_acres":50.1,"auto_acres":56.3261996339991,"reported_acres":50.0,"percent_contained":null,"state":"OK","state_wfigs":"US-OK","county":"Okfuskee","discovery_time_utc":"2024-02-24T21:43:30Z","perimeter_time_utc":null,"perimeter_edit_time_utc":"2024-06-10T17:12:58Z","incident_modified_time_utc":"2024-03-11T13:28:25Z","containment_time_utc":"2024-02-25T00:00:00Z","control_time_utc":"2024-03-10T17:00:00Z","fire_out_time_utc":"2024-03-10T17:00:00Z","fire_cause":"Undetermined","fire_cause_general":null,"map_method":"Mixed Methods","source_dataset":"2024 NIFS","unique_fire_identifier":"2024-OKOMA-000425","irwin_id":"{2B97B3AF-51C4-4C1F-875A-EC25E498F0A3}","global_id":"98107a52-309b-4c69-a215-0a9536c3dae8"}},{"type":"Feature","geometry":{"type":"MultiPolygon","coordinates":[[[[-96.40061,35.49555],[-96.40065,35.49554],[-96.40067,35.49555],[-96.40061,35.49555]]],[[[-96.40073,35.49555],[-96.40073,35.49557],[-96.40067,35.49555],[-96.40073,35.49555]]],[[[-96.4059,35.49866],[-96.40594,35.49867],[-96.40593,35.49867],[-96.4059,35.49866]]],[[[-96.39879,35.50789],[-96.39913,35.50769],[-96.39903,35.50736],[-96.39878,35.50719],[-96.39879,35.50678],[-96.39905,35.50644],[-96.39945,35.50655],[-96.39979,35.50627],[-96.39978,35.50606],[-96.39996,35.50592],[-96.39991,35.50563],[-96.3995,35.50507],[-96.39964,35.50505],[-96.39964,35.50478],[-96.40017,35.50477],[-96.40003,35.50445],[-96.39961,35.50436],[-96.40002,35.50415],[-96.39995,35.50394],[-96.40022,35.50389],[-96.40023,35.50372],[-96.40011,35.50374],[-96.40004,35.50349],[-96.39959,35.50338],[-96.39998,35.50325],[-96.39978,35.50319],[-96.39994,35.50318],[-96.39995,35.50283],[-96.40027,35.50289],[-96.40042,35.50276],[-96.40021,35.50281],[-96.40014,35.50261],[-96.39999,35.50268],[-96.39978,35.50257],[-96.39996,35.50247],[-96.39995,35.50222],[-96.40024,35.50186],[-96.40076,35.50161],[-96.40052,35.50107],[-96.40087,35.50089],[-96.40113,35.50093],[-96.40103,35.50084],[-96.40111,35.50061],[-96.4004,35.50075],[-96.40019,35.50045],[-96.40061,35.50013],[-96.40058,35.5],[-96.40086,35.4998],[-96.40097,35.49985],[-96.40095,35.49951],[-96.40137,35.49938],[-96.40144,35.49924],[-96.40143,35.49903],[-96.40108,35.49897],[-96.40129,35.49866],[-96.40119,35.49833],[-96.40076,35.49836],[-96.40028,35.49819],[-96.40064,35.49754],[-96.40099,35.49764],[-96.40106,35.49748],[-96.40131,35.49749],[-96.40119,35.49718],[-96.40155,35.49675],[-96.4011,35.49639],[-96.40088,35.49645],[-96.40081,35.49601],[-96.40068,35.4959],[-96.40038,35.49602],[-96.40034,35.49564],[-96.40079,35.49581],[-96.40073,35.49554],[-96.40094,35.49532],[-96.40053,35.49536],[-96.40029,35.49503],[-96.40103,35.49465],[-96.40081,35.49449],[-96.40098,35.49402],[-96.40148,35.49407],[-96.40133,35.49418],[-96.40208,35.49515],[-96.40298,35.4953],[-96.40355,35.4956],[-96.4034,35.49656],[-96.40358,35.49732],[-96.40413,35.49761],[-96.40445,35.49809],[-96.40484,35.49836],[-96.40501,35.49872],[-96.40596,35.49873],[-96.40584,35.50841],[-96.39882,35.5083],[-96.39879,35.50789]]],[[[-96.39973,35.50312],[-96.39978,35.50316],[-96.3997,35.50314],[-96.39973,35.50312]]],[[[-96.39905,35.50749],[-96.39905,35.50752],[-96.39903,35.50751],[-96.39905,35.50749]]],[[[-96.39876,35.50829],[-96.39882,35.5083],[-96.39879,35.50831],[-96.39876,35.50829]]]]},"properties":{"fire_id":"ufid:2024-OKOMA-000497","source_collection":"history-2024","source_objectid":27083,"incident_name":"PITBULL","mapped_acres":169.9,"mapped_acres_source":"poly_GISAcres","gis_acres":169.9,"auto_acres":169.883009323388,"reported_acres":168.2,"percent_contained":100.0,"state":"OK","state_wfigs":"US-OK","county":"Okfuskee","discovery_time_utc":"2024-02-26T18:27:54Z","perimeter_time_utc":null,"perimeter_edit_time_utc":"2024-06-10T17:13:53Z","incident_modified_time_utc":"2024-03-11T13:40:34Z","containment_time_utc":"2024-02-26T22:41:00Z","control_time_utc":"2024-03-10T17:00:00Z","fire_out_time_utc":"2024-03-10T17:00:00Z","fire_cause":"Undetermined","fire_cause_general":null,"map_method":"Mixed Methods","source_dataset":"2024 NIFS","unique_fire_identifier":"2024-OKOMA-000497","irwin_id":"{926E5C2E-75C4-40D9-94B8-FAFB0B55D2EC}","global_id":"2b85893c-2a58-46cb-8230-c77762529f02"}},{"type":"Feature","geometry":{"type":"Polygon","coordinates":[[[-96.24236,35.45232],[-96.24188,35.45331],[-96.24069,35.45343],[-96.24089,35.45248],[-96.24072,35.4515],[-96.24236,35.45232]]]},"properties":{"fire_id":"ufid:2024-OKOMA-000410","source_collection":"history-2024","source_objectid":27084,"incident_name":"CORGI","mapped_acres":4.8,"mapped_acres_source":"poly_GISAcres","gis_acres":4.8,"auto_acres":4.79650295978895,"reported_acres":4.5,"percent_contained":null,"state":"OK","state_wfigs":"US-OK","county":"Okfuskee","discovery_time_utc":"2024-02-23T17:00:00Z","perimeter_time_utc":null,"perimeter_edit_time_utc":"2024-06-10T17:14:33Z","incident_modified_time_utc":"2024-03-11T13:17:45Z","containment_time_utc":"2024-02-23T20:30:00Z","control_time_utc":"2024-03-10T17:00:00Z","fire_out_time_utc":"2024-03-10T17:00:00Z","fire_cause":"Human","fire_cause_general":null,"map_method":"Mixed Methods","source_dataset":"2024 NIFS","unique_fire_identifier":"2024-OKOMA-000410","irwin_id":"{E574D8ED-6EEC-4B26-B370-2544EEB3836A}","global_id":"1343a02e-928c-42b0-9345-870a4327d70d"}},{"type":"Feature","geometry":{"type":"Polygon","coordinates":[[[-96.20642,36.12796],[-96.2048,36.12684],[-96.20325,36.12467],[-96.20257,36.12296],[-96.20125,36.11727],[-96.20088,36.11458],[-96.20101,36.11233],[-96.20248,36.1086],[-96.20258,36.10801],[-96.20383,36.10735],[-96.20456,36.10711],[-96.20496,36.10672],[-96.20506,36.10577],[-96.2054,36.1056],[-96.20742,36.10641],[-96.20757,36.10705],[-96.20832,36.10752],[-96.2086,36.10736],[-96.20908,36.10733],[-96.2095,36.10748],[-96.21217,36.10733],[-96.21322,36.10755],[-96.2143,36.10719],[-96.21504,36.10658],[-96.21794,36.10611],[-96.21882,36.10634],[-96.222,36.11768],[-96.22593,36.1166],[-96.22603,36.11936],[-96.22882,36.11938],[-96.23001,36.11922],[-96.23039,36.11929],[-96.23057,36.11961],[-96.22989,36.1204],[-96.22933,36.12212],[-96.22821,36.12382],[-96.22773,36.12414],[-96.2269,36.12431],[-96.22588,36.12475],[-96.22502,36.12481],[-96.22461,36.12501],[-96.22532,36.12802],[-96.22431,36.12901],[-96.2236,36.13013],[-96.21105,36.12536],[-96.21001,36.1258],[-96.20895,36.12644],[-96.20722,36.12789],[-96.20642,36.12796]]]},"properties":{"fire_id":"ufid:2024-OKOMA-000770","source_collection":"history-2024","source_objectid":27085,"incident_name":"FLYING G","mapped_acres":1110.5,"mapped_acres_source":"poly_GISAcres","gis_acres":1110.5,"auto_acres":1110.46348862408,"reported_acres":1200.0,"percent_contained":100.0,"state":"OK","state_wfigs":"US-OK","county":"Tulsa","discovery_time_utc":"2024-03-17T18:37:31Z","perimeter_time_utc":null,"perimeter_edit_time_utc":"2024-06-10T17:16:57Z","incident_modified_time_utc":"2024-06-26T12:52:14Z","containment_time_utc":"2024-03-25T17:00:00Z","control_time_utc":"2024-04-01T17:00:00Z","fire_out_time_utc":"2024-04-01T17:00:00Z","fire_cause":"Undetermined","fire_cause_general":null,"map_method":"Mixed Methods","source_dataset":"2024 NIFS","unique_fire_identifier":"2024-OKOMA-000770","irwin_id":"{E62E31E4-BBBA-4F77-9F30-DFA301126B5C}","global_id":"53744ae5-a3f3-46a3-914f-1186df6509bc"}},{"type":"Feature","geometry":{"type":"Polygon","coordinates":[[[-96.17176,35.23808],[-96.17006,35.23854],[-96.16882,35.23932],[-96.16639,35.24214],[-96.16479,35.24189],[-96.16467,35.24145],[-96.16336,35.24081],[-96.16273,35.24115],[-96.16035,35.24117],[-96.15895,35.24163],[-96.15833,35.24222],[-96.15867,35.24062],[-96.1586,35.24036],[-96.15829,35.24004],[-96.15648,35.2395],[-96.15624,35.23921],[-96.15675,35.2386],[-96.15729,35.2386],[-96.15809,35.23811],[-96.15802,35.23697],[-96.15844,35.23641],[-96.15857,35.23581],[-96.15947,35.23538],[-96.16252,35.23318],[-96.16407,35.23247],[-96.16562,35.23216],[-96.16911,35.23206],[-96.16911,35.23219],[-96.16938,35.23232],[-96.16982,35.23326],[-96.17028,35.23362],[-96.1695,35.23427],[-96.17095,35.23562],[-96.17126,35.23635],[-96.1715,35.23657],[-96.17148,35.23675],[-96.1711,35.23692],[-96.17152,35.2372],[-96.17143,35.23755],[-96.17176,35.23808]]]},"properties":{"fire_id":"ufid:2024-OKOMA-000744","source_collection":"history-2024","source_objectid":27086,"incident_name":"WILD ONION","mapped_acres":244.6,"mapped_acres_source":"poly_GISAcres","gis_acres":244.6,"auto_acres":244.580943049503,"reported_acres":245.0,"percent_contained":100.0,"state":"OK","state_wfigs":"US-OK","county":"Hughes","discovery_time_utc":"2024-03-13T21:15:00Z","perimeter_time_utc":null,"perimeter_edit_time_utc":"2024-06-10T17:26:38Z","incident_modified_time_utc":"2024-06-26T12:23:53Z","containment_time_utc":"2024-03-14T02:00:00Z","control_time_utc":"2024-03-22T17:00:00Z","fire_out_time_utc":"2024-03-22T17:00:00Z","fire_cause":"Undetermined","fire_cause_general":null,"map_method":"Mixed Methods","source_dataset":"2024 NIFS","unique_fire_identifier":"2024-OKOMA-000744","irwin_id":"{5F88B9B5-429E-465B-8974-E09DEE954DD0}","global_id":"d53dda9d-cba2-4128-95f0-644e59b887c6"}},{"type":"Feature","geometry":{"type":"MultiPolygon","coordinates":[[[[-96.12749,35.23195],[-96.1275,35.23196],[-96.12749,35.23196],[-96.12749,35.23195]]],[[[-96.12749,35.23196],[-96.12777,35.23315],[-96.12815,35.23351],[-96.12872,35.23511],[-96.12928,35.23619],[-96.13001,35.23848],[-96.12956,35.23867],[-96.12934,35.23902],[-96.12801,35.23933],[-96.1241,35.23931],[-96.12359,35.23899],[-96.12348,35.23917],[-96.12289,35.23932],[-96.12303,35.23877],[-96.12293,35.23814],[-96.12306,35.23766],[-96.12503,35.23576],[-96.12539,35.23501],[-96.12528,35.23435],[-96.12514,35.23431],[-96.12463,35.23331],[-96.12449,35.2325],[-96.12509,35.2324],[-96.12504,35.23214],[-96.12528,35.23219],[-96.12545,35.23205],[-96.12749,35.23196]]]]},"properties":{"fire_id":"ufid:2024-OKOMA-000668","source_collection":"history-2024","source_objectid":27088,"incident_name":"WISE","mapped_acres":82.9,"mapped_acres_source":"poly_GISAcres","gis_acres":82.9,"auto_acres":82.9463618802047,"reported_acres":100.0,"percent_contained":null,"state":"OK","state_wfigs":"US-OK","county":"Hughes","discovery_time_utc":"2024-03-08T01:30:00Z","perimeter_time_utc":null,"perimeter_edit_time_utc":"2024-06-10T17:27:10Z","incident_modified_time_utc":"2024-06-26T12:35:01Z","containment_time_utc":"2024-03-08T05:00:00Z","control_time_utc":"2024-03-22T17:00:00Z","fire_out_time_utc":"2024-03-22T17:00:00Z","fire_cause":"Human","fire_cause_general":null,"map_method":"Mixed Methods","source_dataset":"2024 NIFS","unique_fire_identifier":"2024-OKOMA-000668","irwin_id":"{B700994A-B1A8-41D6-86DD-D524C123C360}","global_id":"1075a632-bdfc-4a33-b17c-35b6b7a1d6a5"}},{"type":"Feature","geometry":{"type":"Polygon","coordinates":[[[-95.88512,35.18236],[-95.88433,35.18263],[-95.88398,35.18238],[-95.88329,35.18146],[-95.88268,35.18136],[-95.88216,35.18103],[-95.88237,35.18029],[-95.88278,35.18026],[-95.88325,35.17967],[-95.88335,35.1793],[-95.88336,35.17875],[-95.88301,35.17815],[-95.88289,35.17744],[-95.88316,35.17668],[-95.88391,35.17531],[-95.88455,35.17443],[-95.88487,35.17416],[-95.88563,35.17416],[-95.88593,35.1743],[-95.886,35.17464],[-95.88572,35.18075],[-95.88554,35.18134],[-95.88588,35.18218],[-95.8856,35.18236],[-95.88512,35.18236]]]},"properties":{"fire_id":"ufid:2024-OKOMA-000225","source_collection":"history-2024","source_objectid":27089,"incident_name":"VALENTINE","mapped_acres":52.2,"mapped_acres_source":"poly_GISAcres","gis_acres":52.2,"auto_acres":52.164682030266,"reported_acres":52.2,"percent_contained":null,"state":"OK","state_wfigs":"US-OK","county":"McIntosh","discovery_time_utc":"2024-02-14T19:46:00Z","perimeter_time_utc":null,"perimeter_edit_time_utc":"2024-06-10T17:28:39Z","incident_modified_time_utc":"2024-02-22T23:20:53Z","containment_time_utc":"2024-02-14T23:35:00Z","control_time_utc":"2024-02-22T18:00:00Z","fire_out_time_utc":"2024-02-22T18:00:00Z","fire_cause":"Undetermined","fire_cause_general":null,"map_method":"Mixed Methods","source_dataset":"2024 NIFS","unique_fire_identifier":"2024-OKOMA-000225","irwin_id":"{70437EAA-A948-4888-8C93-DFAECF5EC888}","global_id":"613d066b-1279-4544-a3dd-2b6dec3c48a4"}},{"type":"Feature","geometry":{"type":"Polygon","coordinates":[[[-96.27675,36.02187],[-96.27697,36.02221],[-96.27688,36.02253],[-96.27624,36.02274],[-96.27603,36.02321],[-96.27607,36.02338],[-96.27544,36.02354],[-96.27527,36.02373],[-96.27545,36.02394],[-96.27537,36.0243],[-96.27553,36.02456],[-96.27536,36.02484],[-96.2756,36.02536],[-96.2754,36.02547],[-96.27531,36.02575],[-96.27545,36.02579],[-96.27513,36.0265],[-96.27522,36.02667],[-96.27542,36.02663],[-96.27549,36.02676],[-96.27494,36.02731],[-96.27534,36.02787],[-96.27585,36.02817],[-96.27539,36.02849],[-96.27539,36.0288],[-96.27562,36.0292],[-96.27535,36.02951],[-96.27542,36.02987],[-96.27531,36.03008],[-96.27566,36.03025],[-96.27558,36.03056],[-96.27588,36.03078],[-96.27583,36.03096],[-96.27568,36.03096],[-96.27567,36.03118],[-96.27582,36.03127],[-96.27593,36.03114],[-96.27625,36.03113],[-96.27642,36.03123],[-96.27647,36.03159],[-96.27634,36.03195],[-96.27611,36.0319],[-96.27578,36.03214],[-96.27571,36.03234],[-96.27478,36.03258],[-96.27403,36.03325],[-96.27302,36.0338],[-96.27247,36.03387],[-96.27205,36.03358],[-96.27187,36.03368],[-96.27143,36.03354],[-96.2708,36.03293],[-96.27077,36.03233],[-96.27117,36.0322],[-96.27121,36.03205],[-96.2716,36.0318],[-96.27163,36.03162],[-96.27139,36.0316],[-96.27138,36.03148],[-96.27104,36.03175],[-96.27082,36.03166],[-96.27042,36.03183],[-96.27022,36.03213],[-96.27004,36.03213],[-96.27019,36.0323],[-96.27009,36.03237],[-96.26961,36.03234],[-96.26937,36.03215],[-96.26841,36.03282],[-96.2677,36.033],[-96.26765,36.03323],[-96.26706,36.03332],[-96.26666,36.03371],[-96.26605,36.03403],[-96.266,36.03425],[-96.26578,36.03436],[-96.26579,36.03458],[-96.2655,36.03463],[-96.26511,36.03542],[-96.26511,36.03587],[-96.26467,36.03623],[-96.26464,36.03663],[-96.26486,36.03679],[-96.26486,36.03714],[-96.26457,36.03699],[-96.26245,36.0348],[-96.26023,36.03275],[-96.26013,36.03224],[-96.26052,36.0317],[-96.26101,36.03014],[-96.26296,36.02787],[-96.26307,36.02655],[-96.26433,36.02716],[-96.26562,36.02694],[-96.26637,36.02659],[-96.26697,36.02684],[-96.26742,36.02664],[-96.2682,36.02724],[-96.26935,36.02708],[-96.2703,36.02637],[-96.27022,36.02598],[-96.27064,36.0253],[-96.27046,36.02475],[-96.27068,36.02463],[-96.27065,36.02434],[-96.27091,36.02408],[-96.27091,36.02346],[-96.27097,36.02358],[-96.27148,36.02359],[-96.27154,36.02308],[-96.27271,36.02231],[-96.27424,36.02218],[-96.27458,36.02224],[-96.27487,36.02247],[-96.27544,36.02237],[-96.27576,36.02209],[-96.27633,36.02206],[-96.27648,36.02189],[-96.27675,36.02187]]]},"properties":{"fire_id":"ufid:2024-OKOMA-000543","source_collection":"history-2024","source_objectid":27097,"incident_name":"Tiger Creek","mapped_acres":296.3,"mapped_acres_source":"poly_GISAcres","gis_acres":296.3,"auto_acres":296.319641692407,"reported_acres":312.0,"percent_contained":100.0,"state":"OK","state_wfigs":"US-OK","county":"Creek","discovery_time_utc":"2024-02-27T18:02:00Z","perimeter_time_utc":null,"perimeter_edit_time_utc":"2024-06-10T19:20:35Z","incident_modified_time_utc":"2024-03-11T13:46:27Z","containment_time_utc":"2024-03-10T17:00:00Z","control_time_utc":"2024-03-10T17:00:00Z","fire_out_time_utc":"2024-03-10T17:00:00Z","fire_cause":"Undetermined","fire_cause_general":null,"map_method":"Mixed Methods","source_dataset":"2024 NIFS","unique_fire_identifier":"2024-OKOMA-000543","irwin_id":"{085E9968-A258-4700-BD75-D55CA5EDD008}","global_id":"1327f3bb-4696-44e7-a64c-518db947848c"}},{"type":"Feature","geometry":{"type":"Polygon","coordinates":[[[-96.19884,35.02893],[-96.19538,35.02893],[-96.19577,35.02841],[-96.19699,35.02734],[-96.19805,35.02722],[-96.19867,35.02785],[-96.19921,35.02793],[-96.19973,35.02894],[-96.19901,35.02904],[-96.19884,35.02893]]]},"properties":{"fire_id":"ufid:2024-OKOMA-000247","source_collection":"history-2024","source_objectid":27146,"incident_name":"Eckles","mapped_acres":12.5,"mapped_acres_source":"poly_GISAcres","gis_acres":12.5,"auto_acres":12.5781051370766,"reported_acres":12.5,"percent_contained":null,"state":"OK","state_wfigs":"US-OK","county":"Hughes","discovery_time_utc":"2024-02-15T22:30:00Z","perimeter_time_utc":null,"perimeter_edit_time_utc":"2024-06-11T17:25:52Z","incident_modified_time_utc":"2024-02-22T23:23:19Z","containment_time_utc":"2024-02-16T01:00:00Z","control_time_utc":"2024-02-22T18:00:00Z","fire_out_time_utc":"2024-02-22T18:00:00Z","fire_cause":"Undetermined","fire_cause_general":null,"map_method":"Mixed Methods","source_dataset":"2024 NIFS","unique_fire_identifier":"2024-OKOMA-000247","irwin_id":"{6A1A5049-0F0A-4F9C-A583-357C94C738B6}","global_id":"14aa4e8f-ff38-44e7-bdb2-c23a740fe535"}},{"type":"Feature","geometry":{"type":"Polygon","coordinates":[[[-98.37484,35.05525],[-98.37563,35.05529],[-98.37746,35.05501],[-98.3776,35.05571],[-98.37719,35.05637],[-98.37773,35.05679],[-98.38102,35.05565],[-98.38328,35.05651],[-98.38426,35.05706],[-98.38425,35.05792],[-98.38468,35.05808],[-98.38342,35.05804],[-98.38347,35.05733],[-98.38279,35.0572],[-98.3828,35.05804],[-98.38013,35.05799],[-98.3801,35.05722],[-98.37972,35.05711],[-98.37939,35.05798],[-98.37827,35.05797],[-98.37787,35.05705],[-98.37741,35.05685],[-98.37714,35.05745],[-98.37711,35.05796],[-98.37616,35.05791],[-98.37594,35.05732],[-98.3755,35.05694],[-98.37546,35.05633],[-98.37484,35.05525]]]},"properties":{"fire_id":"ufid:2024-OKANA-001457","source_collection":"history-2024","source_objectid":31588,"incident_name":"FIREWORK","mapped_acres":0.1,"mapped_acres_source":"poly_GISAcres","gis_acres":0.1,"auto_acres":37.871458155729684,"reported_acres":44.0,"percent_contained":null,"state":"OK","state_wfigs":"US-OK","county":"Caddo","discovery_time_utc":"2024-07-04T18:50:00Z","perimeter_time_utc":"2024-08-28T18:35:11Z","perimeter_edit_time_utc":"2024-08-28T18:35:12Z","incident_modified_time_utc":"2024-07-11T19:47:47Z","containment_time_utc":"2024-07-08T17:00:00Z","control_time_utc":"2024-07-08T17:00:00Z","fire_out_time_utc":"2024-07-08T17:00:00Z","fire_cause":"Human","fire_cause_general":"Fireworks","map_method":"Hand Sketch","source_dataset":"FFP","unique_fire_identifier":"2024-OKANA-001457","irwin_id":"{14A6C0FF-B7E4-4557-A6B7-861F189C744B}","global_id":"bc6b86b0-056f-4a0e-aeda-ead666261ce1"}},{"type":"Feature","geometry":{"type":"Polygon","coordinates":[[[-98.72326,35.60133],[-98.72369,35.60085],[-98.7234,35.59963],[-98.72386,35.59862],[-98.72443,35.59795],[-98.72553,35.59761],[-98.72611,35.59693],[-98.72806,35.59619],[-98.7286,35.59609],[-98.72916,35.59651],[-98.72845,35.59719],[-98.72809,35.59809],[-98.72684,35.59943],[-98.72607,35.60058],[-98.72538,35.60127],[-98.72517,35.60178],[-98.72481,35.60219],[-98.7234,35.60223],[-98.72361,35.60155],[-98.72326,35.60133]]]},"properties":{"fire_id":"ufid:2024-OKCAT-001237","source_collection":"history-2024","source_objectid":31590,"incident_name":"YELLOWEEAGLE","mapped_acres":0.1,"mapped_acres_source":"poly_GISAcres","gis_acres":0.1,"auto_acres":39.93254830521619,"reported_acres":44.0,"percent_contained":null,"state":"OK","state_wfigs":"US-OK","county":"Custer","discovery_time_utc":"2024-06-09T20:00:00Z","perimeter_time_utc":"2024-08-28T19:46:01Z","perimeter_edit_time_utc":"2024-08-28T19:46:01Z","incident_modified_time_utc":"2024-07-01T13:39:55Z","containment_time_utc":"2024-06-09T23:30:00Z","control_time_utc":"2024-06-10T00:30:00Z","fire_out_time_utc":"2024-07-01T13:00:00Z","fire_cause":"Human","fire_cause_general":"Debris and open burning","map_method":"Hand Sketch","source_dataset":"FFP","unique_fire_identifier":"2024-OKCAT-001237","irwin_id":"{2E195872-6A94-4F68-82FE-5A1B6735A553}","global_id":"2f35ef57-ffed-48e4-918e-338907fbfa8c"}},{"type":"Feature","geometry":{"type":"MultiPolygon","coordinates":[[[[-99.85154,35.65805],[-99.85152,35.65807],[-99.85149,35.65806],[-99.85154,35.65805]]],[[[-99.85625,35.65683],[-99.85736,35.65769],[-99.8581,35.65789],[-99.85849,35.65841],[-99.85897,35.65857],[-99.85951,35.65852],[-99.85959,35.65866],[-99.85913,35.65869],[-99.85894,35.65895],[-99.85923,35.65922],[-99.8592,35.6596],[-99.85876,35.66019],[-99.8586,35.66086],[-99.85609,35.66137],[-99.8551,35.66144],[-99.85487,35.66095],[-99.85487,35.66814],[-99.847,35.66808],[-99.84691,35.66751],[-99.84705,35.66716],[-99.84823,35.66531],[-99.84938,35.66409],[-99.85129,35.66238],[-99.85226,35.66172],[-99.853,35.6615],[-99.85378,35.66221],[-99.85444,35.66195],[-99.85464,35.66119],[-99.85373,35.6608],[-99.85429,35.66063],[-99.85445,35.66034],[-99.85466,35.66031],[-99.85454,35.6598],[-99.8542,35.65989],[-99.85409,35.65968],[-99.85425,35.65954],[-99.85403,35.65948],[-99.85371,35.6591],[-99.85307,35.65943],[-99.85276,35.6598],[-99.85246,35.6598],[-99.8524,35.65961],[-99.85282,35.65937],[-99.85271,35.65908],[-99.85228,35.65876],[-99.85152,35.65954],[-99.85108,35.65971],[-99.85097,35.6594],[-99.85152,35.65807],[-99.85252,35.65771],[-99.8537,35.65691],[-99.8554,35.65683],[-99.85594,35.65695],[-99.85625,35.65683]]]]},"properties":{"fire_id":"ufid:2024-NMCIF-000370","source_collection":"history-2024","source_objectid":32928,"incident_name":"UNIT 56","mapped_acres":0.1,"mapped_acres_source":"poly_GISAcres","gis_acres":0.1,"auto_acres":152.3008266963449,"reported_acres":152.6,"percent_contained":null,"state":"OK","state_wfigs":"US-OK","county":"Roger Mills","discovery_time_utc":"2024-09-15T03:00:00Z","perimeter_time_utc":"2024-09-30T22:06:49Z","perimeter_edit_time_utc":"2024-09-30T22:06:50Z","incident_modified_time_utc":"2024-09-30T14:41:19Z","containment_time_utc":"2024-09-15T07:30:00Z","control_time_utc":"2024-09-18T21:30:00Z","fire_out_time_utc":"2024-09-24T14:00:00Z","fire_cause":"Natural","fire_cause_general":"Natural","map_method":"Hand Sketch","source_dataset":"FFP","unique_fire_identifier":"2024-NMCIF-000370","irwin_id":"{00A2BA80-3D98-428E-8115-CA2AECCE5EF1}","global_id":"61d13c89-0a62-45f1-a7bc-5b0510a27c15"}},{"type":"Feature","geometry":{"type":"Polygon","coordinates":[[[-95.00876,35.3151],[-95.00877,35.31868],[-95.00756,35.31877],[-95.00716,35.31863],[-95.00431,35.31867],[-95.00431,35.31513],[-95.00876,35.3151]]]},"properties":{"fire_id":"ufid:2024-OKTLA-002715","source_collection":"history-2024","source_objectid":34057,"incident_name":"SLEEPING CAT 2","mapped_acres":40.0,"mapped_acres_source":"poly_GISAcres","gis_acres":40.0,"auto_acres":39.55402620988366,"reported_acres":40.0,"percent_contained":null,"state":"OK","state_wfigs":"US-OK","county":"Haskell","discovery_time_utc":"2024-10-19T20:00:00Z","perimeter_time_utc":"2024-10-20T13:09:44Z","perimeter_edit_time_utc":"2024-10-31T13:34:35Z","incident_modified_time_utc":"2024-10-31T15:45:33Z","containment_time_utc":"2024-10-20T00:00:00Z","control_time_utc":"2024-10-31T14:00:00Z","fire_out_time_utc":"2024-10-31T14:00:00Z","fire_cause":"Undetermined","fire_cause_general":null,"map_method":"Auto-generated for InFORM","source_dataset":"2024 NIFS","unique_fire_identifier":"2024-OKTLA-002715","irwin_id":"{96847DFB-6132-49A8-8445-14C3C0F60F58}","global_id":"f4a87345-72aa-459b-a4d3-f9e75e16ade5"}},{"type":"Feature","geometry":{"type":"Polygon","coordinates":[[[-95.01293,35.31622],[-95.01335,35.31707],[-95.01323,35.31718],[-95.01107,35.31757],[-95.01092,35.3177],[-95.01043,35.31749],[-95.01006,35.3167],[-95.01029,35.31654],[-95.01019,35.31633],[-95.01057,35.31611],[-95.01075,35.31573],[-95.01119,35.31555],[-95.01142,35.3158],[-95.01293,35.31622]]]},"properties":{"fire_id":"ufid:2024-OKTLA-002716","source_collection":"history-2024","source_objectid":34058,"incident_name":"SLEEPING CAT 3","mapped_acres":11.0,"mapped_acres_source":"poly_GISAcres","gis_acres":11.0,"auto_acres":10.98868124584235,"reported_acres":11.0,"percent_contained":null,"state":"OK","state_wfigs":"US-OK","county":"Haskell","discovery_time_utc":"2024-10-19T20:00:00Z","perimeter_time_utc":"2024-10-20T13:18:36Z","perimeter_edit_time_utc":"2024-10-31T13:32:25Z","incident_modified_time_utc":"2024-10-31T15:45:56Z","containment_time_utc":"2024-10-20T00:00:00Z","control_time_utc":"2024-10-31T14:00:00Z","fire_out_time_utc":"2024-10-31T14:00:00Z","fire_cause":"Undetermined","fire_cause_general":null,"map_method":"Auto-generated for InFORM","source_dataset":"2024 NIFS","unique_fire_identifier":"2024-OKTLA-002716","irwin_id":"{F874BB0E-FB06-458A-B619-F40278875C95}","global_id":"ad4e3a7b-cbaf-4159-946f-83d953726f34"}},{"type":"Feature","geometry":{"type":"Polygon","coordinates":[[[-98.2499,35.15127],[-98.25082,35.15092],[-98.25153,35.15115],[-98.25219,35.15072],[-98.25418,35.14903],[-98.25465,35.14828],[-98.25561,35.14777],[-98.25625,35.14673],[-98.25695,35.14629],[-98.25706,35.1478],[-98.25605,35.14867],[-98.25605,35.14923],[-98.25686,35.14915],[-98.25631,35.14966],[-98.25625,35.15014],[-98.25579,35.15022],[-98.25515,35.15012],[-98.25413,35.15164],[-98.25326,35.15206],[-98.25173,35.15216],[-98.2513,35.15265],[-98.25,35.15272],[-98.2499,35.15127]]]},"properties":{"fire_id":"ufid:2024-OKANA-001886","source_collection":"history-2024","source_objectid":34339,"incident_name":"CAMP CREEK","mapped_acres":12.0,"mapped_acres_source":"poly_GISAcres","gis_acres":12.0,"auto_acres":35.47045801038601,"reported_acres":12.0,"percent_contained":null,"state":"OK","state_wfigs":"US-OK","county":"Caddo","discovery_time_utc":"2024-08-07T17:00:00Z","perimeter_time_utc":"2024-11-07T16:52:16Z","perimeter_edit_time_utc":"2024-11-07T16:52:17Z","incident_modified_time_utc":"2024-08-13T16:56:52Z","containment_time_utc":"2024-08-11T17:00:00Z","control_time_utc":"2024-08-11T17:00:00Z","fire_out_time_utc":"2024-08-12T17:00:00Z","fire_cause":"Human","fire_cause_general":"Equipment and vehicle use","map_method":"Hand Sketch","source_dataset":"FFP","unique_fire_identifier":"2024-OKANA-001886","irwin_id":"{CC143EC3-6381-4661-AFD0-E0C928F9BF09}","global_id":"1280e1de-8223-4d52-894d-00d55bbf9081"}},{"type":"Feature","geometry":{"type":"Polygon","coordinates":[[[-98.31904,35.1439],[-98.31721,35.14493],[-98.31757,35.14441],[-98.31773,35.14391],[-98.31866,35.14281],[-98.31942,35.14229],[-98.31943,35.14194],[-98.31954,35.14192],[-98.31957,35.14312],[-98.31946,35.14335],[-98.31912,35.14358],[-98.31904,35.1439]]]},"properties":{"fire_id":"ufid:2024-OKANA-002482","source_collection":"history-2024","source_objectid":34341,"incident_name":"STOCKTON","mapped_acres":4.6,"mapped_acres_source":"poly_GISAcres","gis_acres":4.6,"auto_acres":5.725203656830032,"reported_acres":4.6,"percent_contained":null,"state":"OK","state_wfigs":"US-OK","county":"Caddo","discovery_time_utc":"2024-10-02T18:15:00Z","perimeter_time_utc":"2024-11-07T16:42:04Z","perimeter_edit_time_utc":"2024-11-07T16:42:05Z","incident_modified_time_utc":"2024-10-23T15:12:18Z","containment_time_utc":"2024-10-02T19:00:00Z","control_time_utc":"2024-10-22T17:00:00Z","fire_out_time_utc":"2024-10-22T17:00:00Z","fire_cause":"Human","fire_cause_general":"Equipment and vehicle use","map_method":"Hand Sketch","source_dataset":"FFP","unique_fire_identifier":"2024-OKANA-002482","irwin_id":"{B99D2AC3-BFA7-40ED-95D4-BF02326CA9D3}","global_id":"5c270756-defc-4143-ac01-6e69e17d3f99"}},{"type":"Feature","geometry":{"type":"Polygon","coordinates":[[[-98.00373,35.61793],[-98.00306,35.61772],[-98.00326,35.61568],[-98.00367,35.61538],[-98.00479,35.61521],[-98.00541,35.6178],[-98.00516,35.61789],[-98.00483,35.61756],[-98.00453,35.61785],[-98.00415,35.61758],[-98.00396,35.61785],[-98.00373,35.61793]]]},"properties":{"fire_id":"ufid:2024-OKCOA-002879","source_collection":"history-2024","source_objectid":34362,"incident_name":"02 BRAVO","mapped_acres":12.5,"mapped_acres_source":"poly_GISAcres","gis_acres":12.5,"auto_acres":11.667233478140432,"reported_acres":12.5,"percent_contained":null,"state":"OK","state_wfigs":"US-OK","county":"Canadian","discovery_time_utc":"2024-08-28T22:00:00Z","perimeter_time_utc":"2024-11-07T22:20:47Z","perimeter_edit_time_utc":"2024-11-07T22:20:47Z","incident_modified_time_utc":"2024-10-30T20:17:44Z","containment_time_utc":"2024-08-29T16:00:00Z","control_time_utc":"2024-08-29T16:30:00Z","fire_out_time_utc":"2024-08-29T17:00:00Z","fire_cause":"Human","fire_cause_general":"Equipment and vehicle use","map_method":"Auto-generated for InFORM","source_dataset":"FFP","unique_fire_identifier":"2024-OKCOA-002879","irwin_id":"{536C68D8-9734-4EA1-A366-F6D5CFEECB8F}","global_id":"49a72f37-a43c-41c7-88a0-821e3f66114a"}},{"type":"Feature","geometry":{"type":"Polygon","coordinates":[[[-96.69656,36.00031],[-96.69672,35.99476],[-96.6978,35.995],[-96.69961,35.9948],[-96.70092,35.99288],[-96.70099,35.99309],[-96.70121,35.99313],[-96.70183,35.99361],[-96.70196,35.99644],[-96.70106,35.99776],[-96.70023,35.99788],[-96.70047,35.99884],[-96.69784,36.00031],[-96.69656,36.00031]]]},"properties":{"fire_id":"ufid:2024-OKPAA-002664","source_collection":"history-2024","source_objectid":34376,"incident_name":"02 BRAVO PAA","mapped_acres":62.3,"mapped_acres_source":"poly_GISAcres","gis_acres":62.3,"auto_acres":62.34896398125177,"reported_acres":62.3,"percent_contained":null,"state":"OK","state_wfigs":"US-OK","county":"Payne","discovery_time_utc":"2024-10-16T00:00:00Z","perimeter_time_utc":"2024-11-08T15:18:40Z","perimeter_edit_time_utc":"2024-11-08T15:18:40Z","incident_modified_time_utc":"2024-10-31T15:19:26Z","containment_time_utc":"2024-10-16T01:00:00Z","control_time_utc":"2024-10-16T01:00:00Z","fire_out_time_utc":"2024-10-17T17:00:00Z","fire_cause":"Human","fire_cause_general":"Arson","map_method":"Hand Sketch","source_dataset":"FFP","unique_fire_identifier":"2024-OKPAA-002664","irwin_id":"{81398D1D-4916-4E77-827A-A609314D7357}","global_id":"c8291966-a94d-4685-8478-f68babc902b6"}},{"type":"Feature","geometry":{"type":"Polygon","coordinates":[[[-97.06237,36.99203],[-97.06268,36.99052],[-97.06279,36.98915],[-97.06281,36.98658],[-97.06249,36.98581],[-97.06249,36.98516],[-97.06393,36.98514],[-97.06397,36.98675],[-97.06425,36.98721],[-97.06441,36.9904],[-97.06429,36.99116],[-97.06473,36.99136],[-97.06443,36.99179],[-97.06439,36.99225],[-97.06399,36.99282],[-97.06446,36.99315],[-97.06479,36.99426],[-97.06476,36.99812],[-97.06458,36.99896],[-97.06383,36.99892],[-97.06319,36.99802],[-97.06245,36.99739],[-97.0622,36.99608],[-97.06109,36.99376],[-97.06117,36.99289],[-97.06202,36.9924],[-97.06237,36.99203]]]},"properties":{"fire_id":"ufid:2024-OKPAA-000549","source_collection":"history-2024","source_objectid":34378,"incident_name":"CHILOCCO","mapped_acres":70.5,"mapped_acres_source":"poly_GISAcres","gis_acres":70.5,"auto_acres":69.69022905902393,"reported_acres":70.5,"percent_contained":null,"state":"OK","state_wfigs":"US-OK","county":"Kay","discovery_time_utc":"2024-02-28T02:30:00Z","perimeter_time_utc":"2024-11-08T15:50:26Z","perimeter_edit_time_utc":"2024-11-08T15:50:26Z","incident_modified_time_utc":"2024-03-11T13:58:23Z","containment_time_utc":"2024-02-28T23:00:00Z","control_time_utc":"2024-03-10T17:00:00Z","fire_out_time_utc":"2024-03-10T17:00:00Z","fire_cause":"Human","fire_cause_general":"Arson","map_method":"Hand Sketch","source_dataset":"FFP","unique_fire_identifier":"2024-OKPAA-000549","irwin_id":"{A7B6DEAB-5FC4-4843-B460-D824CD932F38}","global_id":"1e9c37d3-a1f6-4895-bf8e-c7d8ae958c3e"}},{"type":"Feature","geometry":{"type":"Polygon","coordinates":[[[-96.77873,36.08095],[-96.78086,36.07967],[-96.78442,36.07983],[-96.78458,36.08248],[-96.7844,36.08388],[-96.78393,36.08458],[-96.78337,36.08614],[-96.78131,36.08636],[-96.7775,36.08762],[-96.77715,36.08675],[-96.77872,36.08383],[-96.77873,36.08095]]]},"properties":{"fire_id":"ufid:2024-OKPAA-000750","source_collection":"history-2024","source_objectid":34380,"incident_name":"COUNCIL VALLEY","mapped_acres":100.0,"mapped_acres_source":"poly_GISAcres","gis_acres":100.0,"auto_acres":97.14037737946454,"reported_acres":100.0,"percent_contained":null,"state":"OK","state_wfigs":"US-OK","county":"Payne","discovery_time_utc":"2024-03-10T17:00:00Z","perimeter_time_utc":"2024-11-08T15:32:48Z","perimeter_edit_time_utc":"2024-11-08T15:32:48Z","incident_modified_time_utc":"2024-03-23T14:09:44Z","containment_time_utc":"2024-03-10T22:00:00Z","control_time_utc":"2024-03-12T17:00:00Z","fire_out_time_utc":"2024-03-14T17:00:00Z","fire_cause":"Human","fire_cause_general":"Debris and open burning","map_method":"Hand Sketch","source_dataset":"FFP","unique_fire_identifier":"2024-OKPAA-000750","irwin_id":"{1FED2B63-2DAC-4D27-8979-9E99CD94C401}","global_id":"61f62e7c-6ac7-4105-9091-311a6f3f88ae"}},{"type":"Feature","geometry":{"type":"Polygon","coordinates":[[[-96.39667,36.7863],[-96.39578,36.78544],[-96.39508,36.78417],[-96.39488,36.78354],[-96.39551,36.78286],[-96.39717,36.7818],[-96.39905,36.78192],[-96.39915,36.78245],[-96.39849,36.78389],[-96.39869,36.78409],[-96.39868,36.78437],[-96.39727,36.78648],[-96.39714,36.78657],[-96.39667,36.7863]]]},"properties":{"fire_id":"ufid:2024-OKOSA-000217","source_collection":"history-2024","source_objectid":35646,"incident_name":"CRAPPIE POND","mapped_acres":31.2,"mapped_acres_source":"poly_GISAcres","gis_acres":31.2,"auto_acres":31.15601792841026,"reported_acres":31.2,"percent_contained":null,"state":"OK","state_wfigs":"US-OK","county":"Osage","discovery_time_utc":"2024-02-08T16:15:00Z","perimeter_time_utc":"2024-12-11T18:41:15Z","perimeter_edit_time_utc":"2024-12-11T18:41:15Z","incident_modified_time_utc":"2024-02-22T23:18:49Z","containment_time_utc":"2024-02-22T18:00:00Z","control_time_utc":"2024-02-22T18:00:00Z","fire_out_time_utc":"2024-02-22T18:00:00Z","fire_cause":"Human","fire_cause_general":"Debris and open burning","map_method":"Auto-generated","source_dataset":"FFP","unique_fire_identifier":"2024-OKOSA-000217","irwin_id":"{01D61944-4F33-4FAC-876D-1A2D25F01FE2}","global_id":"caabbc6a-83be-4902-9464-f30d21031d06"}},{"type":"Feature","geometry":{"type":"Polygon","coordinates":[[[-96.28818,36.52487],[-96.28829,36.52563],[-96.28758,36.52536],[-96.28798,36.52469],[-96.28724,36.52436],[-96.28658,36.52583],[-96.28714,36.52602],[-96.28676,36.52677],[-96.28691,36.52715],[-96.28671,36.52731],[-96.28687,36.52744],[-96.28659,36.52806],[-96.28645,36.529],[-96.28614,36.52894],[-96.28568,36.52939],[-96.28554,36.52937],[-96.28523,36.529],[-96.28484,36.52899],[-96.28465,36.52883],[-96.28479,36.52858],[-96.28459,36.52841],[-96.28364,36.52814],[-96.28369,36.528],[-96.28487,36.52785],[-96.28509,36.5277],[-96.28486,36.52774],[-96.28449,36.52755],[-96.28414,36.52688],[-96.28428,36.52487],[-96.28442,36.52459],[-96.28536,36.52376],[-96.2857,36.52232],[-96.28683,36.52262],[-96.28851,36.52334],[-96.28863,36.52357],[-96.28856,36.52424],[-96.28838,36.52474],[-96.28818,36.52487]]]},"properties":{"fire_id":"ufid:2024-OKOSA-000213","source_collection":"history-2024","source_objectid":35647,"incident_name":"BEAVER JAW","mapped_acres":43.0,"mapped_acres_source":"poly_GISAcres","gis_acres":43.0,"auto_acres":43.021974975620246,"reported_acres":42.6,"percent_contained":null,"state":"OK","state_wfigs":"US-OK","county":"Osage","discovery_time_utc":"2024-02-13T19:46:00Z","perimeter_time_utc":"2024-12-11T18:47:08Z","perimeter_edit_time_utc":"2024-12-11T18:47:09Z","incident_modified_time_utc":"2024-02-22T23:17:46Z","containment_time_utc":"2024-02-22T18:00:00Z","control_time_utc":"2024-02-22T18:00:00Z","fire_out_time_utc":"2024-02-22T18:00:00Z","fire_cause":"Human","fire_cause_general":"Equipment and vehicle use","map_method":"Auto-generated","source_dataset":"FFP","unique_fire_identifier":"2024-OKOSA-000213","irwin_id":"{305AACDA-F64B-4BDC-8D33-B22D476EFE01}","global_id":"18d3feee-9887-42e6-83ce-6d4e91ee34de"}},{"type":"Feature","geometry":{"type":"Polygon","coordinates":[[[-96.50559,36.54496],[-96.50582,36.54001],[-96.5058,36.53862],[-96.50552,36.53806],[-96.50579,36.53746],[-96.50576,36.53563],[-96.50628,36.53541],[-96.50637,36.53479],[-96.50799,36.53379],[-96.50851,36.53368],[-96.50889,36.5334],[-96.50939,36.5326],[-96.50943,36.53221],[-96.50982,36.53196],[-96.5099,36.53144],[-96.50982,36.53118],[-96.50917,36.53107],[-96.5092,36.53092],[-96.51316,36.52933],[-96.5142,36.52921],[-96.51444,36.5293],[-96.51442,36.52971],[-96.51469,36.5299],[-96.51443,36.53089],[-96.51371,36.5321],[-96.51339,36.53312],[-96.51178,36.53602],[-96.51151,36.53617],[-96.51122,36.5357],[-96.51061,36.53581],[-96.51087,36.53592],[-96.51096,36.53611],[-96.51063,36.53653],[-96.51088,36.53685],[-96.51093,36.53714],[-96.51187,36.53763],[-96.51183,36.53791],[-96.51216,36.53801],[-96.51239,36.53844],[-96.51252,36.5385],[-96.51262,36.53832],[-96.51348,36.53882],[-96.51378,36.53865],[-96.51424,36.53897],[-96.51384,36.53934],[-96.51412,36.53979],[-96.51382,36.54006],[-96.51355,36.53982],[-96.51347,36.54013],[-96.51314,36.54037],[-96.51295,36.54073],[-96.51295,36.54109],[-96.51272,36.54135],[-96.5128,36.54144],[-96.51255,36.54217],[-96.51239,36.54231],[-96.51161,36.54268],[-96.51113,36.54259],[-96.50857,36.54367],[-96.50647,36.54415],[-96.50611,36.54408],[-96.50577,36.54434],[-96.50573,36.54502],[-96.50559,36.54496]]]},"properties":{"fire_id":"ufid:2024-OKOSA-000319","source_collection":"history-2024","source_objectid":35650,"incident_name":"MONDAY","mapped_acres":198.0,"mapped_acres_source":"poly_GISAcres","gis_acres":198.0,"auto_acres":197.99511125286722,"reported_acres":198.0,"percent_contained":null,"state":"OK","state_wfigs":"US-OK","county":"Osage","discovery_time_utc":"2024-02-18T21:30:00Z","perimeter_time_utc":"2024-12-11T18:57:49Z","perimeter_edit_time_utc":"2024-12-11T18:57:50Z","incident_modified_time_utc":"2024-03-11T13:17:24Z","containment_time_utc":"2024-03-03T21:00:00Z","control_time_utc":"2024-03-11T13:00:00Z","fire_out_time_utc":"2024-03-11T13:00:00Z","fire_cause":"Human","fire_cause_general":"Power generation / transmission / distribution","map_method":"GPS-Walked/Driven","source_dataset":"FFP","unique_fire_identifier":"2024-OKOSA-000319","irwin_id":"{2819626D-7151-4AE3-8C06-46D1C46ACA1B}","global_id":"b47bd29a-fe38-4eab-9af6-af74dea9c8bc"}},{"type":"Feature","geometry":{"type":"Polygon","coordinates":[[[-96.05877,36.39872],[-96.05857,36.39846],[-96.05837,36.39844],[-96.05848,36.39826],[-96.05824,36.39799],[-96.05836,36.39762],[-96.05863,36.39757],[-96.05892,36.39722],[-96.05965,36.39704],[-96.06086,36.39601],[-96.06108,36.39599],[-96.06132,36.39555],[-96.06179,36.39564],[-96.06213,36.39552],[-96.06277,36.39556],[-96.06258,36.39605],[-96.06253,36.39702],[-96.06179,36.39741],[-96.06189,36.39822],[-96.06111,36.39886],[-96.06003,36.3992],[-96.05877,36.39872]]]},"properties":{"fire_id":"ufid:2024-OKOSA-000476","source_collection":"history-2024","source_objectid":35655,"incident_name":"ROUND HORSE","mapped_acres":22.6,"mapped_acres_source":"poly_GISAcres","gis_acres":22.6,"auto_acres":22.608359579601153,"reported_acres":22.0,"percent_contained":null,"state":"OK","state_wfigs":"US-OK","county":"Osage","discovery_time_utc":"2024-02-25T17:45:00Z","perimeter_time_utc":"2024-12-11T19:09:21Z","perimeter_edit_time_utc":"2024-12-11T19:09:22Z","incident_modified_time_utc":"2024-03-11T14:09:43Z","containment_time_utc":"2024-03-10T17:00:00Z","control_time_utc":"2024-03-10T17:00:00Z","fire_out_time_utc":"2024-03-10T17:00:00Z","fire_cause":"Human","fire_cause_general":"Debris and open burning","map_method":"GPS-Walked","source_dataset":"FFP","unique_fire_identifier":"2024-OKOSA-000476","irwin_id":"{22813DEA-D232-4B7C-B206-99211AA2BB7B}","global_id":"fff1f4df-bd0a-494a-95b2-76a31dd4eff9"}},{"type":"Feature","geometry":{"type":"Polygon","coordinates":[[[-96.08545,36.25375],[-96.08515,36.25344],[-96.08525,36.25313],[-96.08492,36.25295],[-96.08497,36.25283],[-96.08536,36.2528],[-96.08549,36.25014],[-96.08611,36.24968],[-96.0863,36.24894],[-96.08616,36.24842],[-96.08619,36.24796],[-96.08665,36.24775],[-96.08759,36.24845],[-96.08911,36.25009],[-96.08918,36.25027],[-96.08906,36.25033],[-96.08889,36.25139],[-96.08904,36.25152],[-96.08895,36.25206],[-96.08936,36.25344],[-96.0892,36.25358],[-96.09013,36.2544],[-96.08986,36.2547],[-96.0891,36.25476],[-96.08909,36.25505],[-96.08874,36.25532],[-96.08777,36.25556],[-96.08729,36.2553],[-96.08739,36.25506],[-96.08717,36.25392],[-96.08698,36.2539],[-96.08659,36.25333],[-96.08603,36.25393],[-96.08545,36.25375]]]},"properties":{"fire_id":"ufid:2024-OKOSA-000411","source_collection":"history-2024","source_objectid":35660,"incident_name":"HUNGRY HORSE","mapped_acres":53.3,"mapped_acres_source":"poly_GISAcres","gis_acres":53.3,"auto_acres":53.34931557003028,"reported_acres":53.35,"percent_contained":null,"state":"OK","state_wfigs":"US-OK","county":"Osage","discovery_time_utc":"2024-02-23T18:55:00Z","perimeter_time_utc":"2024-12-11T19:03:20Z","perimeter_edit_time_utc":"2024-12-11T19:03:21Z","incident_modified_time_utc":"2024-03-11T13:21:48Z","containment_time_utc":"2024-03-10T17:00:00Z","control_time_utc":"2024-03-10T17:00:00Z","fire_out_time_utc":"2024-03-10T17:00:00Z","fire_cause":"Human","fire_cause_general":"Debris and open burning","map_method":"GPS-Walked/Driven","source_dataset":"FFP","unique_fire_identifier":"2024-OKOSA-000411","irwin_id":"{7E6502A0-AA89-49E7-ADB4-688FF724E243}","global_id":"8579a4be-e4d8-4a6d-993b-b95de5b9b6dc"}},{"type":"Feature","geometry":{"type":"MultiPolygon","coordinates":[[[[-96.1692,36.61282],[-96.17055,36.61285],[-96.17029,36.61312],[-96.1692,36.61282]]],[[[-96.17252,36.59454],[-96.1755,36.59502],[-96.17853,36.59696],[-96.18168,36.59805],[-96.18523,36.59865],[-96.17347,36.61261],[-96.17253,36.613],[-96.17055,36.61285],[-96.16924,36.61118],[-96.1693,36.60781],[-96.16868,36.6075],[-96.16972,36.60717],[-96.16893,36.60278],[-96.16769,36.59833],[-96.16979,36.59792],[-96.17042,36.59684],[-96.1717,36.59564],[-96.17252,36.59454]]]]},"properties":{"fire_id":"ufid:2024-OKOSA-002635","source_collection":"history-2024","source_objectid":35670,"incident_name":"LANE","mapped_acres":1.0,"mapped_acres_source":"poly_GISAcres","gis_acres":1.0,"auto_acres":432.67493940537827,"reported_acres":456.0,"percent_contained":null,"state":"OK","state_wfigs":"US-OK","county":"Osage","discovery_time_utc":"2024-10-15T18:15:39Z","perimeter_time_utc":"2024-12-11T20:15:14Z","perimeter_edit_time_utc":"2024-12-11T20:15:14Z","incident_modified_time_utc":"2024-11-13T16:55:15Z","containment_time_utc":"2024-11-08T18:00:00Z","control_time_utc":"2024-11-08T18:00:00Z","fire_out_time_utc":"2024-11-12T18:00:00Z","fire_cause":"Human","fire_cause_general":"Power generation / transmission / distribution","map_method":"Hand Sketch","source_dataset":"FFP","unique_fire_identifier":"2024-OKOSA-002635","irwin_id":"{B79D8101-A641-443E-97E2-BF1A9167F2CC}","global_id":"fdbc9485-7430-47ae-b03b-c679eac7a19a"}},{"type":"Feature","geometry":{"type":"Polygon","coordinates":[[[-96.30748,36.24476],[-96.30657,36.24466],[-96.30633,36.24453],[-96.30559,36.24302],[-96.30532,36.24276],[-96.3058,36.24246],[-96.30551,36.24192],[-96.30609,36.23998],[-96.30636,36.2398],[-96.30635,36.23958],[-96.30655,36.23938],[-96.30707,36.23955],[-96.30738,36.23942],[-96.30755,36.23916],[-96.30758,36.23873],[-96.30828,36.23823],[-96.30901,36.23736],[-96.31002,36.23696],[-96.31117,36.23677],[-96.31161,36.23655],[-96.31273,36.23655],[-96.31271,36.23688],[-96.3129,36.23714],[-96.3131,36.23717],[-96.31328,36.23749],[-96.3138,36.23756],[-96.31375,36.23771],[-96.31395,36.23806],[-96.31354,36.23849],[-96.31287,36.23831],[-96.3124,36.23855],[-96.31122,36.23854],[-96.31101,36.23865],[-96.31111,36.23907],[-96.31099,36.23985],[-96.31119,36.23995],[-96.31125,36.24053],[-96.31109,36.24185],[-96.31095,36.24205],[-96.31047,36.24223],[-96.30923,36.24181],[-96.30876,36.24179],[-96.30831,36.24195],[-96.3078,36.24275],[-96.30804,36.24318],[-96.30789,36.24347],[-96.30776,36.24442],[-96.30748,36.24476]]]},"properties":{"fire_id":"ufid:2024-OKOSA-000675","source_collection":"history-2024","source_objectid":35671,"incident_name":"IRON HORSE","mapped_acres":74.5,"mapped_acres_source":"poly_GISAcres","gis_acres":74.5,"auto_acres":74.54863110812529,"reported_acres":77.0,"percent_contained":null,"state":"OK","state_wfigs":"US-OK","county":"Osage","discovery_time_utc":"2024-03-10T20:15:00Z","perimeter_time_utc":"2024-12-11T20:14:50Z","perimeter_edit_time_utc":"2024-12-11T20:14:50Z","incident_modified_time_utc":"2024-06-26T12:58:34Z","containment_time_utc":"2024-03-22T17:00:00Z","control_time_utc":"2024-03-22T17:00:00Z","fire_out_time_utc":"2024-03-22T17:00:00Z","fire_cause":"Human","fire_cause_general":"Debris and open burning","map_method":"GPS-Walked/Driven","source_dataset":"FFP","unique_fire_identifier":"2024-OKOSA-000675","irwin_id":"{2559961A-5625-48F8-8FB9-54895F4FC472}","global_id":"c7bef04d-f9d8-4de2-884a-0daa3575da19"}},{"type":"Feature","geometry":{"type":"Polygon","coordinates":[[[-96.04943,36.31027],[-96.05178,36.31017],[-96.05178,36.31079],[-96.05322,36.31087],[-96.05323,36.31128],[-96.0514,36.31163],[-96.05073,36.31193],[-96.04952,36.31205],[-96.04943,36.31027]]]},"properties":{"fire_id":"ufid:2024-OKOSA-002560","source_collection":"history-2024","source_objectid":35681,"incident_name":"JUMPALINE","mapped_acres":11.5,"mapped_acres_source":"poly_GISAcres","gis_acres":11.5,"auto_acres":11.437244695358707,"reported_acres":11.5,"percent_contained":null,"state":"OK","state_wfigs":"US-OK","county":"Osage","discovery_time_utc":"2024-10-08T18:30:00Z","perimeter_time_utc":"2024-12-11T21:13:14Z","perimeter_edit_time_utc":"2024-12-11T21:13:14Z","incident_modified_time_utc":"2024-10-23T14:26:12Z","containment_time_utc":"2024-10-08T21:30:00Z","control_time_utc":"2024-10-22T17:00:00Z","fire_out_time_utc":"2024-10-22T17:00:00Z","fire_cause":"Human","fire_cause_general":"Equipment and vehicle use","map_method":"Hand Sketch","source_dataset":"FFP","unique_fire_identifier":"2024-OKOSA-002560","irwin_id":"{1D4AFAEB-095D-4595-BD07-04B6E9B0E681}","global_id":"43fcb11d-3a91-4dc8-9611-b52413c4425b"}},{"type":"Feature","geometry":{"type":"Polygon","coordinates":[[[-96.02136,36.6798],[-96.02443,36.67975],[-96.0242,36.68075],[-96.02372,36.6805],[-96.02159,36.68124],[-96.0213,36.68111],[-96.02136,36.6798]]]},"properties":{"fire_id":"ufid:2024-OKOSA-002414","source_collection":"history-2024","source_objectid":35689,"incident_name":"FOWLER","mapped_acres":0.1,"mapped_acres_source":"poly_GISAcres","gis_acres":0.1,"auto_acres":7.576300131583726,"reported_acres":8.0,"percent_contained":null,"state":"OK","state_wfigs":"US-OK","county":"Osage","discovery_time_utc":"2024-09-22T12:15:00Z","perimeter_time_utc":"2024-12-11T21:34:54Z","perimeter_edit_time_utc":"2024-12-11T21:34:54Z","incident_modified_time_utc":"2024-12-11T21:31:12Z","containment_time_utc":"2024-10-01T17:00:00Z","control_time_utc":"2024-10-01T17:00:00Z","fire_out_time_utc":"2024-10-01T17:00:00Z","fire_cause":"Human","fire_cause_general":"Power generation / transmission / distribution","map_method":"Hand Sketch","source_dataset":"FFP","unique_fire_identifier":"2024-OKOSA-002414","irwin_id":"{DD5464E6-5D84-43C9-927B-5B11FC01DE1F}","global_id":"f032dc55-fc4a-42a8-a357-1098dd9febbe"}},{"type":"Feature","geometry":{"type":"Polygon","coordinates":[[[-96.29036,36.55628],[-96.29048,36.55728],[-96.29121,36.55887],[-96.29104,36.56059],[-96.29014,36.56238],[-96.28928,36.56369],[-96.28847,36.56621],[-96.28868,36.56734],[-96.28808,36.56848],[-96.28606,36.56865],[-96.28473,36.56821],[-96.28413,36.56659],[-96.28392,36.5651],[-96.28418,36.56317],[-96.28525,36.56149],[-96.28774,36.56078],[-96.28804,36.56007],[-96.28802,36.5584],[-96.289,36.55657],[-96.28971,36.55616],[-96.29036,36.55628]]]},"properties":{"fire_id":"ufid:2024-OKOSA-003043","source_collection":"history-2024","source_objectid":36395,"incident_name":"CORNER POST","mapped_acres":118.42,"mapped_acres_source":"poly_GISAcres","gis_acres":118.42,"auto_acres":118.42450039202261,"reported_acres":19.0,"percent_contained":null,"state":"OK","state_wfigs":"US-OK","county":"Osage","discovery_time_utc":"2024-12-12T16:17:00Z","perimeter_time_utc":"2025-01-08T20:43:05Z","perimeter_edit_time_utc":"2025-01-08T20:43:05Z","incident_modified_time_utc":"2025-01-06T22:32:52Z","containment_time_utc":"2025-01-01T18:00:00Z","control_time_utc":"2025-01-01T18:00:00Z","fire_out_time_utc":"2025-01-01T18:00:00Z","fire_cause":"Human","fire_cause_general":"Equipment and vehicle use","map_method":"Hand Sketch","source_dataset":"FFP","unique_fire_identifier":"2024-OKOSA-003043","irwin_id":"{42E941EE-5D85-4A13-A9E5-C301C0EE39D7}","global_id":"652a86ee-47ea-4f4b-9f47-271cef589eff"}},{"type":"Feature","geometry":{"type":"Polygon","coordinates":[[[-96.32278,36.63687],[-96.3226,36.63649],[-96.32216,36.63638],[-96.322,36.63608],[-96.32155,36.63594],[-96.32087,36.63455],[-96.3196,36.63359],[-96.31941,36.63279],[-96.3192,36.63246],[-96.31965,36.6325],[-96.32033,36.632],[-96.32089,36.63181],[-96.32111,36.63148],[-96.3208,36.6303],[-96.32091,36.63006],[-96.32064,36.62875],[-96.32215,36.62673],[-96.32307,36.62645],[-96.32406,36.62533],[-96.32516,36.62461],[-96.32549,36.6245],[-96.32605,36.62456],[-96.32675,36.62371],[-96.32743,36.62219],[-96.3275,36.62083],[-96.32728,36.6198],[-96.32728,36.6183],[-96.32694,36.61685],[-96.32733,36.61663],[-96.32823,36.61697],[-96.32956,36.61658],[-96.3319,36.61475],[-96.33183,36.60519],[-96.33297,36.605],[-96.33338,36.60509],[-96.33357,36.60545],[-96.33387,36.6055],[-96.33436,36.60528],[-96.33741,36.60357],[-96.33833,36.60282],[-96.33911,36.60177],[-96.33889,36.60092],[-96.3385,36.60013],[-96.33846,36.59847],[-96.33825,36.59754],[-96.33762,36.59634],[-96.3381,36.59453],[-96.33913,36.59325],[-96.34938,36.59339],[-96.34981,36.59374],[-96.35011,36.59842],[-96.35216,36.60161],[-96.35277,36.60307],[-96.35359,36.60395],[-96.35977,36.60405],[-96.35968,36.60761],[-96.36054,36.60796],[-96.35775,36.60927],[-96.35728,36.6099],[-96.35702,36.61078],[-96.35629,36.61156],[-96.35108,36.61306],[-96.35048,36.61338],[-96.35001,36.61412],[-96.34756,36.62031],[-96.34782,36.6241],[-96.3484,36.62494],[-96.34962,36.62616],[-96.34994,36.62682],[-96.34988,36.62875],[-96.35034,36.62969],[-96.35165,36.63415],[-96.35173,36.635],[-96.35147,36.63581],[-96.35074,36.63707],[-96.35144,36.63828],[-96.35269,36.6394],[-96.35431,36.63992],[-96.3563,36.64032],[-96.35621,36.64071],[-96.35575,36.64105],[-96.35517,36.64106],[-96.35433,36.64148],[-96.3539,36.64145],[-96.3535,36.6418],[-96.35276,36.64216],[-96.35325,36.6426],[-96.35392,36.6428],[-96.35462,36.64277],[-96.35505,36.64255],[-96.35534,36.64261],[-96.35568,36.64312],[-96.35557,36.64352],[-96.35626,36.64379],[-96.3604,36.64391],[-96.36113,36.6449],[-96.36124,36.64558],[-96.36229,36.64622],[-96.36253,36.64691],[-96.36205,36.6477],[-96.36216,36.64944],[-96.36137,36.65345],[-96.35798,36.65714],[-96.35727,36.65715],[-96.35605,36.6577],[-96.35334,36.65838],[-96.35302,36.65782],[-96.35206,36.65748],[-96.35051,36.65722],[-96.34966,36.65688],[-96.34961,36.65613],[-96.34665,36.65614],[-96.34601,36.65633],[-96.34599,36.656],[-96.34538,36.65597],[-96.34514,36.65572],[-96.34203,36.65565],[-96.34205,36.65455],[-96.34164,36.65399],[-96.33938,36.65268],[-96.33925,36.65286],[-96.33884,36.6553],[-96.3379,36.65492],[-96.33688,36.65478],[-96.33615,36.65527],[-96.33626,36.656],[-96.33614,36.65615],[-96.33307,36.65737],[-96.33172,36.65826],[-96.3316,36.65498],[-96.33048,36.6543],[-96.32963,36.65409],[-96.32959,36.6526],[-96.32887,36.65013],[-96.32824,36.64858],[-96.32837,36.64828],[-96.32925,36.64764],[-96.32912,36.64669],[-96.32693,36.64566],[-96.32672,36.64532],[-96.3263,36.64324],[-96.32657,36.63887],[-96.32648,36.63837],[-96.3261,36.63783],[-96.32545,36.63755],[-96.32278,36.63687]]]},"properties":{"fire_id":"ufid:2024-OKOSA-002855","source_collection":"history-2024","source_objectid":36397,"incident_name":"NORTH ROAD","mapped_acres":3584.0,"mapped_acres_source":"poly_GISAcres","gis_acres":3584.0,"auto_acres":3800.174834719496,"reported_acres":3584.0,"percent_contained":null,"state":"OK","state_wfigs":"US-OK","county":"Osage","discovery_time_utc":"2024-10-29T21:14:47Z","perimeter_time_utc":"2025-01-08T20:40:48Z","perimeter_edit_time_utc":"2025-01-08T20:40:48Z","incident_modified_time_utc":"2024-12-02T16:12:36Z","containment_time_utc":"2024-11-04T17:00:00Z","control_time_utc":"2024-12-02T16:00:00Z","fire_out_time_utc":"2024-12-02T16:00:00Z","fire_cause":"Undetermined","fire_cause_general":"Undetermined","map_method":"Auto-generated for InFORM","source_dataset":"FFP","unique_fire_identifier":"2024-OKOSA-002855","irwin_id":"{B2C6CDED-85EA-4770-80F5-4C272BF8754C}","global_id":"0c813982-e8ea-4528-90bf-bc0c06fdcaa6"}},{"type":"Feature","geometry":{"type":"Polygon","coordinates":[[[-96.45679,36.48944],[-96.45608,36.49278],[-96.45823,36.49527],[-96.45681,36.49622],[-96.45437,36.49751],[-96.45383,36.49801],[-96.45145,36.49956],[-96.44624,36.49949],[-96.44628,36.4998],[-96.44574,36.5008],[-96.44516,36.50107],[-96.44398,36.50123],[-96.44325,36.50118],[-96.44308,36.4994],[-96.44271,36.49854],[-96.44305,36.49806],[-96.44417,36.49778],[-96.44537,36.49773],[-96.44608,36.49694],[-96.44623,36.49642],[-96.44571,36.49609],[-96.44518,36.49542],[-96.44569,36.49402],[-96.4461,36.49343],[-96.44563,36.49245],[-96.44589,36.49223],[-96.44717,36.49175],[-96.44724,36.49124],[-96.44758,36.49042],[-96.44833,36.49034],[-96.44919,36.48982],[-96.44956,36.49011],[-96.4502,36.48991],[-96.45052,36.4893],[-96.45063,36.48877],[-96.45142,36.48889],[-96.45187,36.48939],[-96.45247,36.48848],[-96.45385,36.48837],[-96.45464,36.48884],[-96.45679,36.48944]]]},"properties":{"fire_id":"ufid:2024-OKOSA-002032","source_collection":"history-2024","source_objectid":36399,"incident_name":"HOLCOMB","mapped_acres":340.79,"mapped_acres_source":"poly_GISAcres","gis_acres":340.79,"auto_acres":269.3788490716953,"reported_acres":117.0,"percent_contained":null,"state":"OK","state_wfigs":"US-OK","county":"Osage","discovery_time_utc":"2024-08-21T19:04:00Z","perimeter_time_utc":"2025-01-08T21:21:33Z","perimeter_edit_time_utc":"2025-01-08T21:21:34Z","incident_modified_time_utc":"2024-09-04T16:19:04Z","containment_time_utc":"2024-09-04T15:00:00Z","control_time_utc":"2024-09-04T15:00:00Z","fire_out_time_utc":"2024-09-04T15:00:00Z","fire_cause":"Human","fire_cause_general":"Debris and open burning","map_method":"Hand Sketch","source_dataset":"FFP","unique_fire_identifier":"2024-OKOSA-002032","irwin_id":"{5F334A71-3599-4853-9179-090B42496D78}","global_id":"13b62970-8c3d-40f0-8428-04df9ee425cb"}},{"type":"Feature","geometry":{"type":"Polygon","coordinates":[[[-96.78952,36.57331],[-96.78982,36.57324],[-96.79015,36.57345],[-96.79093,36.5733],[-96.79092,36.57455],[-96.78829,36.57483],[-96.78782,36.57444],[-96.78721,36.57463],[-96.78682,36.57443],[-96.78654,36.57388],[-96.78658,36.57337],[-96.78816,36.57323],[-96.78868,36.57355],[-96.78915,36.57365],[-96.78961,36.57358],[-96.78952,36.57331]]]},"properties":{"fire_id":"ufid:2024-OKOSA-000541","source_collection":"history-2024","source_objectid":36404,"incident_name":"DREXIL","mapped_acres":13.54,"mapped_acres_source":"poly_GISAcres","gis_acres":13.54,"auto_acres":13.542592436329393,"reported_acres":14.5,"percent_contained":null,"state":"OK","state_wfigs":"US-OK","county":"Osage","discovery_time_utc":"2024-02-28T01:11:00Z","perimeter_time_utc":"2025-01-08T22:13:54Z","perimeter_edit_time_utc":"2025-01-08T22:13:54Z","incident_modified_time_utc":"2024-03-11T13:58:06Z","containment_time_utc":"2024-03-10T17:00:00Z","control_time_utc":"2024-03-10T17:00:00Z","fire_out_time_utc":"2024-03-10T17:00:00Z","fire_cause":"Human","fire_cause_general":"Power generation / transmission / distribution","map_method":"Hand Sketch","source_dataset":"FFP","unique_fire_identifier":"2024-OKOSA-000541","irwin_id":"{A090FB1A-B7E8-4669-9097-52789DE1B7FB}","global_id":"b903904f-7f6c-46aa-8fa4-8301e5414625"}},{"type":"Feature","geometry":{"type":"Polygon","coordinates":[[[-96.452,36.48112],[-96.45208,36.48188],[-96.45187,36.48768],[-96.45213,36.48923],[-96.45178,36.48937],[-96.45131,36.48875],[-96.45067,36.48882],[-96.45007,36.48992],[-96.44951,36.49002],[-96.44925,36.48978],[-96.44887,36.4902],[-96.44784,36.49051],[-96.44728,36.4913],[-96.44719,36.49189],[-96.44616,36.49202],[-96.44556,36.49227],[-96.44496,36.49196],[-96.44337,36.49275],[-96.44234,36.49296],[-96.44174,36.49296],[-96.44093,36.4924],[-96.44002,36.4924],[-96.43887,36.49306],[-96.43822,36.49396],[-96.43633,36.49403],[-96.43518,36.49427],[-96.43432,36.49509],[-96.43359,36.49527],[-96.43329,36.49461],[-96.43329,36.49327],[-96.43367,36.49292],[-96.43363,36.4853],[-96.43346,36.48398],[-96.43509,36.48329],[-96.43689,36.48364],[-96.44629,36.48147],[-96.44711,36.48181],[-96.44882,36.48164],[-96.44899,36.4815],[-96.44912,36.48095],[-96.44985,36.48057],[-96.45007,36.48033],[-96.45062,36.48084],[-96.452,36.48112]]]},"properties":{"fire_id":"ufid:2024-OKOSA-001346","source_collection":"history-2024","source_objectid":36407,"incident_name":"HOLLOW TREE","mapped_acres":311.0,"mapped_acres_source":"poly_GISAcres","gis_acres":311.0,"auto_acres":450.9859408107215,"reported_acres":311.0,"percent_contained":null,"state":"OK","state_wfigs":"US-OK","county":"Osage","discovery_time_utc":"2024-06-26T20:00:00Z","perimeter_time_utc":"2025-01-08T22:07:08Z","perimeter_edit_time_utc":"2025-01-08T22:07:08Z","incident_modified_time_utc":"2025-01-06T22:09:32Z","containment_time_utc":"2024-07-01T17:00:00Z","control_time_utc":"2024-07-08T17:00:00Z","fire_out_time_utc":"2024-07-08T17:00:00Z","fire_cause":"Undetermined","fire_cause_general":"Undetermined","map_method":"Auto-generated for InFORM","source_dataset":"FFP","unique_fire_identifier":"2024-OKOSA-001346","irwin_id":"{BD4B5441-32CA-4A4E-A00B-6BC5EEDB5AB7}","global_id":"10bb9506-c4dc-4075-ac0d-475c3abf1e02"}},{"type":"Feature","geometry":{"type":"Polygon","coordinates":[[[-96.18618,36.77655],[-96.18944,36.7814],[-96.18854,36.78332],[-96.18673,36.78511],[-96.1845,36.78669],[-96.1833,36.78738],[-96.18206,36.78611],[-96.18154,36.78501],[-96.1818,36.78391],[-96.18279,36.78195],[-96.18253,36.78082],[-96.1821,36.78064],[-96.18154,36.78016],[-96.18141,36.77948],[-96.17978,36.77913],[-96.17875,36.77913],[-96.17811,36.77978],[-96.17721,36.77954],[-96.17437,36.78071],[-96.17317,36.78033],[-96.17197,36.78051],[-96.17038,36.7815],[-96.16905,36.78302],[-96.16669,36.78508],[-96.16498,36.78601],[-96.16416,36.78738],[-96.16472,36.78865],[-96.16468,36.79016],[-96.16382,36.79054],[-96.16004,36.79494],[-96.15802,36.79611],[-96.15305,36.79621],[-96.15253,36.79549],[-96.1524,36.79491],[-96.15292,36.79401],[-96.1527,36.79133],[-96.15227,36.79006],[-96.15262,36.78735],[-96.15171,36.7836],[-96.15202,36.77776],[-96.1512,36.77683],[-96.15004,36.776],[-96.1485,36.77528],[-96.14704,36.77356],[-96.14725,36.77205],[-96.14837,36.77023],[-96.15073,36.7682],[-96.15425,36.76896],[-96.15712,36.76813],[-96.15922,36.76813],[-96.15991,36.76799],[-96.1618,36.76703],[-96.16334,36.76665],[-96.16545,36.76682],[-96.16725,36.76473],[-96.16815,36.76187],[-96.17073,36.7637],[-96.17854,36.76652],[-96.18146,36.77126],[-96.18618,36.77655]]]},"properties":{"fire_id":"ufid:2024-OKOSA-001022","source_collection":"history-2024","source_objectid":36414,"incident_name":"SUNSET","mapped_acres":1723.0,"mapped_acres_source":"poly_GISAcres","gis_acres":1723.0,"auto_acres":1722.9910177128133,"reported_acres":1582.0,"percent_contained":null,"state":"OK","state_wfigs":"US-OK","county":"Osage","discovery_time_utc":"2024-04-06T17:00:00Z","perimeter_time_utc":"2025-01-09T17:36:25Z","perimeter_edit_time_utc":"2025-01-09T17:36:25Z","incident_modified_time_utc":"2025-01-06T21:46:17Z","containment_time_utc":"2024-04-10T17:00:00Z","control_time_utc":"2024-04-10T18:00:00Z","fire_out_time_utc":"2024-04-20T17:00:00Z","fire_cause":"Human","fire_cause_general":"Debris and open burning","map_method":"Hand Sketch","source_dataset":"FFP","unique_fire_identifier":"2024-OKOSA-001022","irwin_id":"{5725905A-6CD3-4EBF-888A-D3010FF6C29E}","global_id":"d28dedea-c282-4d4f-8617-1c815339b2e0"}},{"type":"Feature","geometry":{"type":"Polygon","coordinates":[[[-96.21256,36.59308],[-96.20213,36.59508],[-96.20295,36.59208],[-96.20097,36.5904],[-96.20101,36.58626],[-96.18381,36.58578],[-96.18372,36.5833],[-96.18063,36.58302],[-96.18072,36.58164],[-96.18132,36.58164],[-96.18145,36.58027],[-96.18183,36.57965],[-96.18248,36.57927],[-96.18299,36.57847],[-96.18273,36.57727],[-96.18282,36.57647],[-96.18329,36.57603],[-96.18415,36.57606],[-96.18492,36.5753],[-96.18484,36.57444],[-96.18505,36.57299],[-96.18599,36.57134],[-96.18857,36.56989],[-96.1899,36.56748],[-96.19466,36.56755],[-96.19608,36.56638],[-96.1981,36.56631],[-96.20642,36.5672],[-96.21466,36.57165],[-96.21608,36.57189],[-96.21788,36.57175],[-96.22007,36.57272],[-96.22149,36.57751],[-96.22131,36.57906],[-96.22226,36.58047],[-96.22243,36.58182],[-96.22196,36.58247],[-96.2226,36.58371],[-96.22337,36.58478],[-96.22286,36.5865],[-96.22058,36.58798],[-96.2193,36.58957],[-96.21603,36.59091],[-96.21419,36.59091],[-96.21325,36.59129],[-96.21256,36.59308]]]},"properties":{"fire_id":"ufid:2024-OKOSA-001026","source_collection":"history-2024","source_objectid":36415,"incident_name":"STABLER","mapped_acres":1833.0,"mapped_acres_source":"poly_GISAcres","gis_acres":1833.0,"auto_acres":1911.2320847793912,"reported_acres":1833.0,"percent_contained":null,"state":"OK","state_wfigs":"US-OK","county":"Osage","discovery_time_utc":"2024-04-05T17:00:00Z","perimeter_time_utc":"2025-01-09T17:56:20Z","perimeter_edit_time_utc":"2025-01-09T17:56:21Z","incident_modified_time_utc":"2025-01-06T21:40:10Z","containment_time_utc":"2024-04-10T17:00:00Z","control_time_utc":"2024-04-10T18:00:00Z","fire_out_time_utc":"2024-04-20T17:00:00Z","fire_cause":"Human","fire_cause_general":"Debris and open burning","map_method":"Auto-generated for InFORM","source_dataset":"FFP","unique_fire_identifier":"2024-OKOSA-001026","irwin_id":"{1BD6573A-3DA5-4B3E-ADA4-0B8AD652D3CD}","global_id":"8f95af20-69e3-43f5-9e58-793f7fc1cd14"}},{"type":"Feature","geometry":{"type":"Polygon","coordinates":[[[-96.18244,36.55989],[-96.18003,36.55975],[-96.17767,36.55827],[-96.17433,36.55696],[-96.17154,36.55678],[-96.17046,36.55706],[-96.16579,36.55699],[-96.16592,36.55061],[-96.16489,36.54634],[-96.16695,36.54641],[-96.16695,36.54482],[-96.16428,36.54482],[-96.16137,36.54172],[-96.16081,36.54041],[-96.16141,36.53934],[-96.1666,36.53975],[-96.16746,36.53937],[-96.16982,36.53762],[-96.17081,36.5392],[-96.17231,36.53913],[-96.17364,36.5382],[-96.17287,36.53689],[-96.17089,36.5362],[-96.17038,36.53503],[-96.17162,36.53448],[-96.17283,36.5342],[-96.1736,36.53489],[-96.17514,36.53593],[-96.176,36.53634],[-96.17557,36.53468],[-96.17484,36.53441],[-96.17416,36.53348],[-96.17398,36.53255],[-96.17295,36.53034],[-96.1736,36.52965],[-96.17304,36.52941],[-96.17235,36.52872],[-96.17308,36.52799],[-96.17484,36.52789],[-96.17647,36.52679],[-96.17656,36.52493],[-96.17746,36.52437],[-96.17858,36.52465],[-96.17905,36.52637],[-96.17978,36.52817],[-96.17776,36.52986],[-96.17669,36.53037],[-96.1763,36.53086],[-96.17634,36.53158],[-96.17712,36.5321],[-96.17892,36.53186],[-96.17883,36.54237],[-96.18506,36.54241],[-96.18501,36.54561],[-96.18557,36.54655],[-96.18574,36.54827],[-96.18647,36.54899],[-96.1881,36.54975],[-96.18926,36.55054],[-96.19046,36.55075],[-96.19175,36.55168],[-96.19124,36.55285],[-96.18956,36.5551],[-96.1878,36.55644],[-96.1851,36.55906],[-96.18381,36.55913],[-96.18244,36.55989]]]},"properties":{"fire_id":"ufid:2024-OKOSA-000807","source_collection":"history-2024","source_objectid":36416,"incident_name":"BAPTIST","mapped_acres":1164.81,"mapped_acres_source":"poly_GISAcres","gis_acres":1164.81,"auto_acres":1164.8006462969545,"reported_acres":1250.0,"percent_contained":null,"state":"OK","state_wfigs":"US-OK","county":"Osage","discovery_time_utc":"2024-03-17T12:00:00Z","perimeter_time_utc":"2025-01-09T18:09:10Z","perimeter_edit_time_utc":"2025-01-09T18:09:11Z","incident_modified_time_utc":"2024-12-11T21:49:42Z","containment_time_utc":"2024-04-07T17:00:00Z","control_time_utc":"2024-04-10T17:00:00Z","fire_out_time_utc":"2024-04-10T17:00:00Z","fire_cause":"Human","fire_cause_general":"Arson","map_method":"Hand Sketch","source_dataset":"FFP","unique_fire_identifier":"2024-OKOSA-000807","irwin_id":"{40CE1386-837A-47A8-BC63-97782EA0CCEA}","global_id":"99c8ed21-1471-45cb-8c48-de397cd94e3c"}},{"type":"Feature","geometry":{"type":"Polygon","coordinates":[[[-96.39527,36.69375],[-96.39536,36.69451],[-96.39476,36.69495],[-96.38868,36.69525],[-96.38748,36.69501],[-96.38669,36.69461],[-96.38622,36.69475],[-96.38467,36.69439],[-96.38306,36.69385],[-96.3824,36.69344],[-96.38173,36.69344],[-96.38049,36.69381],[-96.37928,36.69232],[-96.37891,36.69216],[-96.37579,36.69281],[-96.3754,36.69223],[-96.37554,36.69144],[-96.37504,36.69101],[-96.37417,36.69097],[-96.37307,36.6917],[-96.37286,36.69074],[-96.37367,36.68972],[-96.37408,36.68881],[-96.37413,36.68726],[-96.3743,36.68671],[-96.37464,36.68602],[-96.37554,36.68525],[-96.37625,36.68394],[-96.37685,36.68384],[-96.37689,36.68047],[-96.37709,36.68028],[-96.38029,36.68025],[-96.38122,36.6812],[-96.38592,36.68112],[-96.3859,36.6875],[-96.39493,36.68765],[-96.39505,36.68801],[-96.39485,36.69292],[-96.39501,36.69352],[-96.39527,36.69375]]]},"properties":{"fire_id":"ufid:2024-OKOSA-000805","source_collection":"history-2024","source_objectid":36447,"incident_name":"REDBUD","mapped_acres":495.85,"mapped_acres_source":"poly_GISAcres","gis_acres":495.85,"auto_acres":495.842773195531,"reported_acres":475.0,"percent_contained":null,"state":"OK","state_wfigs":"US-OK","county":"Osage","discovery_time_utc":"2024-03-17T05:52:00Z","perimeter_time_utc":"2025-01-13T17:19:55Z","perimeter_edit_time_utc":"2025-01-13T17:19:55Z","incident_modified_time_utc":"2024-12-11T21:47:56Z","containment_time_utc":"2024-04-01T17:00:00Z","control_time_utc":"2024-04-01T17:00:00Z","fire_out_time_utc":"2024-04-01T17:00:00Z","fire_cause":"Human","fire_cause_general":"Other causes","map_method":"Hand Sketch","source_dataset":"FFP","unique_fire_identifier":"2024-OKOSA-000805","irwin_id":"{7A2FFA6A-A588-4CFE-A3B9-3D82E054B325}","global_id":"d31fc131-3924-44ec-b6a3-955d9a4fc7c5"}},{"type":"Feature","geometry":{"type":"Polygon","coordinates":[[[-96.32815,36.53553],[-96.30842,36.5355],[-96.30817,36.5105],[-96.30871,36.50286],[-96.31717,36.50296],[-96.32199,36.50322],[-96.32312,36.50415],[-96.32651,36.50451],[-96.32822,36.50543],[-96.32829,36.50913],[-96.32808,36.50984],[-96.32957,36.50989],[-96.33201,36.51022],[-96.3331,36.51074],[-96.33518,36.51114],[-96.33527,36.51231],[-96.33618,36.51258],[-96.33785,36.51252],[-96.34273,36.51301],[-96.34439,36.51299],[-96.34452,36.52242],[-96.33749,36.52595],[-96.332,36.53082],[-96.3299,36.53311],[-96.32815,36.53553]]]},"properties":{"fire_id":"ufid:2024-OKOSA-001029","source_collection":"history-2024","source_objectid":36448,"incident_name":"HOWELL","mapped_acres":2110.0,"mapped_acres_source":"poly_GISAcres","gis_acres":2110.0,"auto_acres":2204.291576338698,"reported_acres":2110.0,"percent_contained":null,"state":"OK","state_wfigs":"US-OK","county":"Osage","discovery_time_utc":"2024-04-05T02:30:00Z","perimeter_time_utc":"2025-01-13T17:06:42Z","perimeter_edit_time_utc":"2025-01-13T17:06:42Z","incident_modified_time_utc":"2025-01-06T21:38:04Z","containment_time_utc":"2024-04-10T05:00:00Z","control_time_utc":"2024-04-10T18:00:00Z","fire_out_time_utc":"2024-04-20T17:00:00Z","fire_cause":"Human","fire_cause_general":"Debris and open burning","map_method":"Auto-generated for InFORM","source_dataset":"FFP","unique_fire_identifier":"2024-OKOSA-001029","irwin_id":"{1461646A-A49D-4E1A-9825-66D3C236F72F}","global_id":"0a800212-ff38-4003-9c5e-a364215e7660"}},{"type":"Feature","geometry":{"type":"Polygon","coordinates":[[[-96.29572,36.61225],[-96.29439,36.61312],[-96.29366,36.61508],[-96.2928,36.61639],[-96.29182,36.61663],[-96.28928,36.61646],[-96.28834,36.61656],[-96.28727,36.61732],[-96.28632,36.6177],[-96.28637,36.61828],[-96.28564,36.61877],[-96.28448,36.61928],[-96.28332,36.61959],[-96.2825,36.61959],[-96.28083,36.61932],[-96.27903,36.61815],[-96.2774,36.61759],[-96.27675,36.61801],[-96.27529,36.61856],[-96.27414,36.61739],[-96.27418,36.61666],[-96.27693,36.61215],[-96.27628,36.61174],[-96.27581,36.61122],[-96.27482,36.60957],[-96.27577,36.60915],[-96.27637,36.60853],[-96.27688,36.60843],[-96.27791,36.60847],[-96.27866,36.6081],[-96.27914,36.6082],[-96.27974,36.6077],[-96.28036,36.60637],[-96.27946,36.60611],[-96.27886,36.60515],[-96.27836,36.60477],[-96.2778,36.60403],[-96.27783,36.60343],[-96.27881,36.59867],[-96.2786,36.59791],[-96.27843,36.59612],[-96.27924,36.59581],[-96.28019,36.59464],[-96.28105,36.59395],[-96.28152,36.59326],[-96.29598,36.59333],[-96.29598,36.60677],[-96.29628,36.60729],[-96.29581,36.60818],[-96.29572,36.61225]]]},"properties":{"fire_id":"ufid:2024-OKOSA-000920","source_collection":"history-2024","source_objectid":36450,"incident_name":"PEAR TREE","mapped_acres":1080.22,"mapped_acres_source":"poly_GISAcres","gis_acres":1080.22,"auto_acres":1080.2125123147061,"reported_acres":1041.0,"percent_contained":null,"state":"OK","state_wfigs":"US-OK","county":"Osage","discovery_time_utc":"2024-03-28T17:00:00Z","perimeter_time_utc":"2025-01-13T17:47:55Z","perimeter_edit_time_utc":"2025-01-13T17:47:55Z","incident_modified_time_utc":"2024-12-11T22:10:05Z","containment_time_utc":"2024-04-10T05:00:00Z","control_time_utc":"2024-04-10T05:00:00Z","fire_out_time_utc":"2024-04-10T05:00:00Z","fire_cause":"Human","fire_cause_general":"Arson","map_method":"Hand Sketch","source_dataset":"FFP","unique_fire_identifier":"2024-OKOSA-000920","irwin_id":"{BBE2CA85-39C0-4CFA-A913-43107D993763}","global_id":"aebb7fdb-2ff5-4c06-97f4-1206b12540f3"}},{"type":"Feature","geometry":{"type":"Polygon","coordinates":[[[-96.11039,36.56806],[-96.10962,36.56817],[-96.10629,36.57032],[-96.10515,36.5707],[-96.10322,36.57097],[-96.10133,36.57161],[-96.09862,36.57218],[-96.09587,36.57194],[-96.09516,36.57142],[-96.09476,36.57063],[-96.09261,36.57012],[-96.09118,36.56942],[-96.09068,36.56935],[-96.08961,36.56871],[-96.08901,36.56819],[-96.08882,36.56776],[-96.08896,36.56746],[-96.0888,36.56712],[-96.08957,36.5658],[-96.08903,36.56479],[-96.08839,36.56467],[-96.09388,36.56001],[-96.09501,36.5596],[-96.09583,36.55908],[-96.09937,36.55986],[-96.10115,36.56048],[-96.10152,36.5607],[-96.10137,36.56108],[-96.10169,36.56136],[-96.10229,36.56103],[-96.1031,36.56091],[-96.10435,36.56136],[-96.10574,36.56329],[-96.10643,36.56301],[-96.10748,36.56284],[-96.1087,36.56331],[-96.10984,36.56551],[-96.10935,36.56582],[-96.10894,36.56629],[-96.10915,36.56689],[-96.11039,36.56806]]]},"properties":{"fire_id":"ufid:2024-OKOSA-000946","source_collection":"history-2024","source_objectid":36451,"incident_name":"WAXHOMA","mapped_acres":408.73,"mapped_acres_source":"poly_GISAcres","gis_acres":408.73,"auto_acres":468.3823554647377,"reported_acres":400.0,"percent_contained":null,"state":"OK","state_wfigs":"US-OK","county":"Osage","discovery_time_utc":"2024-03-29T03:00:00Z","perimeter_time_utc":"2025-01-13T18:16:14Z","perimeter_edit_time_utc":"2025-01-13T18:16:14Z","incident_modified_time_utc":"2024-12-11T22:13:52Z","containment_time_utc":"2024-04-03T05:00:00Z","control_time_utc":"2024-04-03T05:00:00Z","fire_out_time_utc":"2024-04-04T17:00:00Z","fire_cause":"Human","fire_cause_general":"Arson","map_method":"Hand Sketch","source_dataset":"FFP","unique_fire_identifier":"2024-OKOSA-000946","irwin_id":"{185E985C-A627-41DA-90E7-5483DD794E56}","global_id":"31960013-dcd9-49f5-9a24-dcceba3653d2"}},{"type":"Feature","geometry":{"type":"Polygon","coordinates":[[[-96.27642,36.29017],[-96.29625,36.28983],[-96.29788,36.29045],[-96.2984,36.29204],[-96.30775,36.29757],[-96.30895,36.29889],[-96.31067,36.29937],[-96.32749,36.30961],[-96.32629,36.31203],[-96.32432,36.31417],[-96.32466,36.31756],[-96.32372,36.31798],[-96.32063,36.31839],[-96.31968,36.32005],[-96.31496,36.32565],[-96.31016,36.32635],[-96.30672,36.32538],[-96.2978,36.32946],[-96.29505,36.33126],[-96.28784,36.33921],[-96.28724,36.34128],[-96.28484,36.34259],[-96.28363,36.34481],[-96.28415,36.34785],[-96.28338,36.35068],[-96.28338,36.35428],[-96.28089,36.35684],[-96.28037,36.3605],[-96.27771,36.35621],[-96.27479,36.35531],[-96.27179,36.35518],[-96.26973,36.35469],[-96.26818,36.3531],[-96.26389,36.34813],[-96.26218,36.34778],[-96.26029,36.3484],[-96.25857,36.34868],[-96.25651,36.34833],[-96.25488,36.34667],[-96.25213,36.34142],[-96.25179,36.33955],[-96.25076,36.33637],[-96.25068,36.33471],[-96.25016,36.33243],[-96.24853,36.33174],[-96.2475,36.33188],[-96.24776,36.33292],[-96.24681,36.33305],[-96.24578,36.33361],[-96.24613,36.33582],[-96.24535,36.3361],[-96.24415,36.33561],[-96.24381,36.33395],[-96.24261,36.33215],[-96.23969,36.33195],[-96.23737,36.32759],[-96.23737,36.32614],[-96.22905,36.32607],[-96.23566,36.32137],[-96.2384,36.31998],[-96.24278,36.31092],[-96.25119,36.31106],[-96.25531,36.31148],[-96.25711,36.31044],[-96.25943,36.30878],[-96.26209,36.30747],[-96.26372,36.3056],[-96.26484,36.30207],[-96.26698,36.30069],[-96.26896,36.29778],[-96.2717,36.29425],[-96.27514,36.29156],[-96.27642,36.29017]]]},"properties":{"fire_id":"ufid:2024-OKOSA-000758","source_collection":"history-2024","source_objectid":36453,"incident_name":"ZINK","mapped_acres":8101.89,"mapped_acres_source":"poly_GISAcres","gis_acres":8101.89,"auto_acres":8101.836434547039,"reported_acres":8410.0,"percent_contained":null,"state":"OK","state_wfigs":"US-OK","county":"Osage","discovery_time_utc":"2024-03-15T02:30:00Z","perimeter_time_utc":"2025-01-13T18:44:21Z","perimeter_edit_time_utc":"2025-01-13T18:44:22Z","incident_modified_time_utc":"2024-12-11T21:02:04Z","containment_time_utc":"2024-04-10T17:00:00Z","control_time_utc":"2024-04-10T17:00:00Z","fire_out_time_utc":"2024-04-10T17:00:00Z","fire_cause":"Human","fire_cause_general":"Debris and open burning","map_method":"Hand Sketch","source_dataset":"FFP","unique_fire_identifier":"2024-OKOSA-000758","irwin_id":"{5A136590-F9F7-449F-8505-038AFB893FA4}","global_id":"87b9a751-e5fd-42e1-858f-75f96f5ce8da"}},{"type":"Feature","geometry":{"type":"Polygon","coordinates":[[[-96.67234,36.50714],[-96.67079,36.50735],[-96.6695,36.50793],[-96.66719,36.50848],[-96.66586,36.50848],[-96.66427,36.509],[-96.66332,36.50904],[-96.66191,36.50886],[-96.66066,36.50841],[-96.66019,36.50772],[-96.65873,36.50741],[-96.65749,36.50755],[-96.65629,36.50707],[-96.6544,36.506],[-96.65332,36.5059],[-96.65187,36.50524],[-96.65045,36.50528],[-96.64925,36.5049],[-96.63843,36.49813],[-96.63856,36.49703],[-96.63912,36.49637],[-96.63912,36.4951],[-96.63882,36.49179],[-96.64066,36.49037],[-96.64268,36.48944],[-96.64294,36.48885],[-96.64388,36.48844],[-96.64504,36.48847],[-96.64551,36.48941],[-96.64624,36.48944],[-96.64749,36.48896],[-96.64732,36.48392],[-96.67362,36.49603],[-96.67646,36.49703],[-96.67628,36.50148],[-96.67573,36.50269],[-96.67435,36.50393],[-96.67324,36.50586],[-96.67234,36.50714]]]},"properties":{"fire_id":"ufid:2024-OKOSA-000752","source_collection":"history-2024","source_objectid":36455,"incident_name":"RUNNING HORSE","mapped_acres":1390.05,"mapped_acres_source":"poly_GISAcres","gis_acres":1390.05,"auto_acres":1390.0282486342417,"reported_acres":1216.0,"percent_contained":null,"state":"OK","state_wfigs":"US-OK","county":"Osage","discovery_time_utc":"2024-03-14T22:00:06Z","perimeter_time_utc":"2025-01-13T19:15:58Z","perimeter_edit_time_utc":"2025-01-13T19:15:59Z","incident_modified_time_utc":"2024-12-11T20:58:30Z","containment_time_utc":"2024-03-27T17:00:00Z","control_time_utc":"2024-04-01T17:00:00Z","fire_out_time_utc":"2024-04-01T17:00:00Z","fire_cause":"Human","fire_cause_general":"Equipment and vehicle use","map_method":"Hand Sketch","source_dataset":"FFP","unique_fire_identifier":"2024-OKOSA-000752","irwin_id":"{8578F472-BB44-46B7-B2A4-71EC774A1087}","global_id":"39dba548-8b0b-468d-af44-53ab91d30b27"}},{"type":"Feature","geometry":{"type":"Polygon","coordinates":[[[-96.31309,36.28517],[-96.31069,36.28631],[-96.30983,36.28686],[-96.30545,36.28786],[-96.30215,36.28828],[-96.2991,36.28904],[-96.29378,36.28921],[-96.29326,36.28852],[-96.29322,36.28541],[-96.29305,36.28468],[-96.29219,36.28371],[-96.29163,36.28402],[-96.28919,36.28472],[-96.28833,36.28409],[-96.28786,36.28354],[-96.28678,36.28278],[-96.28528,36.28261],[-96.2852,36.28084],[-96.28627,36.27887],[-96.2843,36.27776],[-96.28361,36.277],[-96.28331,36.27593],[-96.28318,36.27368],[-96.28357,36.2716],[-96.28507,36.27043],[-96.28687,36.26994],[-96.28687,36.26967],[-96.28902,36.26846],[-96.28932,36.26742],[-96.29048,36.26721],[-96.29172,36.26759],[-96.29305,36.26766],[-96.29635,36.26901],[-96.30035,36.26963],[-96.30258,36.26932],[-96.30421,36.26936],[-96.30571,36.27039],[-96.30687,36.27468],[-96.30592,36.27711],[-96.30738,36.28081],[-96.30979,36.28164],[-96.31133,36.28323],[-96.31219,36.28444],[-96.31309,36.28517]]]},"properties":{"fire_id":"ufid:2024-OKOSA-000769","source_collection":"history-2024","source_objectid":36456,"incident_name":"OAK","mapped_acres":1033.05,"mapped_acres_source":"poly_GISAcres","gis_acres":1033.05,"auto_acres":1033.048274207889,"reported_acres":1200.0,"percent_contained":null,"state":"OK","state_wfigs":"US-OK","county":"Osage","discovery_time_utc":"2024-03-17T14:54:59Z","perimeter_time_utc":"2025-01-13T19:26:22Z","perimeter_edit_time_utc":"2025-01-13T19:26:22Z","incident_modified_time_utc":"2024-06-26T13:17:53Z","containment_time_utc":"2024-04-01T17:00:00Z","control_time_utc":"2024-04-01T17:00:00Z","fire_out_time_utc":"2024-04-01T17:00:00Z","fire_cause":"Human","fire_cause_general":"Debris and open burning","map_method":"Hand Sketch","source_dataset":"FFP","unique_fire_identifier":"2024-OKOSA-000769","irwin_id":"{2E812C1E-E6C5-4DA4-BBC3-F9F34EDAE877}","global_id":"beeb8e3b-7b7c-4462-b57c-d4d8f25dfb70"}},{"type":"Feature","geometry":{"type":"Polygon","coordinates":[[[-96.4043,36.30793],[-96.40752,36.31023],[-96.4107,36.31296],[-96.40986,36.31509],[-96.41003,36.31777],[-96.40945,36.31889],[-96.4089,36.3195],[-96.40744,36.32031],[-96.40722,36.32031],[-96.40669,36.31993],[-96.40589,36.31907],[-96.40583,36.3181],[-96.40551,36.31773],[-96.40469,36.31723],[-96.40426,36.31607],[-96.40368,36.31552],[-96.40222,36.31493],[-96.40188,36.31428],[-96.40141,36.31376],[-96.40096,36.31352],[-96.40115,36.31236],[-96.40104,36.30969],[-96.40113,36.30931],[-96.4016,36.30878],[-96.40257,36.30821],[-96.40387,36.30812],[-96.4043,36.30793]]]},"properties":{"fire_id":"ufid:2024-OKOSA-000941","source_collection":"history-2024","source_objectid":36457,"incident_name":"1705","mapped_acres":173.0,"mapped_acres_source":"poly_GISAcres","gis_acres":173.0,"auto_acres":178.99526110192355,"reported_acres":173.0,"percent_contained":null,"state":"OK","state_wfigs":"US-OK","county":"Osage","discovery_time_utc":"2024-03-29T22:00:00Z","perimeter_time_utc":"2025-01-13T19:03:06Z","perimeter_edit_time_utc":"2025-01-13T19:03:06Z","incident_modified_time_utc":"2025-01-06T21:28:34Z","containment_time_utc":"2024-04-03T17:00:00Z","control_time_utc":"2024-04-05T17:00:00Z","fire_out_time_utc":"2024-04-10T17:00:00Z","fire_cause":"Undetermined","fire_cause_general":"Undetermined","map_method":"Auto-generated for InFORM","source_dataset":"FFP","unique_fire_identifier":"2024-OKOSA-000941","irwin_id":"{6E4D57A5-F2CC-40EE-8C11-B2F301B9757E}","global_id":"f3d2b9bd-9348-49f3-bcf0-691c8d272e9d"}},{"type":"Feature","geometry":{"type":"Polygon","coordinates":[[[-96.3391,36.24101],[-96.33833,36.2412],[-96.337,36.24056],[-96.33588,36.24073],[-96.33475,36.24162],[-96.33359,36.24186],[-96.3311,36.24146],[-96.33058,36.24084],[-96.32939,36.24072],[-96.32828,36.24089],[-96.32768,36.24111],[-96.32703,36.24191],[-96.32697,36.24226],[-96.32617,36.24165],[-96.32504,36.24122],[-96.32366,36.24115],[-96.32248,36.24148],[-96.32248,36.23869],[-96.32072,36.2386],[-96.31974,36.23919],[-96.31881,36.23947],[-96.31547,36.23954],[-96.31366,36.24132],[-96.31341,36.24106],[-96.31321,36.23982],[-96.31278,36.23933],[-96.31184,36.23876],[-96.31167,36.23824],[-96.31227,36.23777],[-96.31223,36.2367],[-96.31375,36.23635],[-96.31441,36.23604],[-96.31572,36.23592],[-96.31761,36.23611],[-96.32225,36.23628],[-96.32418,36.23601],[-96.32757,36.23623],[-96.33373,36.23606],[-96.33525,36.23589],[-96.33656,36.23552],[-96.3377,36.23552],[-96.33864,36.23618],[-96.33954,36.23727],[-96.33967,36.23879],[-96.34021,36.23987],[-96.34016,36.24094],[-96.33971,36.24118],[-96.3391,36.24101]]]},"properties":{"fire_id":"ufid:2024-OKOSA-000809","source_collection":"history-2024","source_objectid":36458,"incident_name":"LOG JAM","mapped_acres":305.88,"mapped_acres_source":"poly_GISAcres","gis_acres":305.88,"auto_acres":305.87719543222926,"reported_acres":109.0,"percent_contained":null,"state":"OK","state_wfigs":"US-OK","county":"Osage","discovery_time_utc":"2024-03-18T16:30:00Z","perimeter_time_utc":"2025-01-13T19:40:51Z","perimeter_edit_time_utc":"2025-01-13T19:40:52Z","incident_modified_time_utc":"2024-12-11T21:52:45Z","containment_time_utc":"2024-04-01T17:00:00Z","control_time_utc":"2024-04-01T17:00:00Z","fire_out_time_utc":"2024-04-01T17:00:00Z","fire_cause":"Human","fire_cause_general":"Power generation / transmission / distribution","map_method":"Hand Sketch","source_dataset":"FFP","unique_fire_identifier":"2024-OKOSA-000809","irwin_id":"{A6F79426-5C5A-4FB0-B451-788583D190B1}","global_id":"ed296a04-748f-4ff3-88a3-6e8f12cb51d4"}},{"type":"Feature","geometry":{"type":"Polygon","coordinates":[[[-96.12309,36.90994],[-96.11653,36.90972],[-96.11636,36.90644],[-96.1161,36.90551],[-96.11575,36.90503],[-96.11449,36.90395],[-96.11442,36.90314],[-96.11462,36.90265],[-96.11563,36.90191],[-96.11698,36.90148],[-96.11914,36.90151],[-96.12022,36.90244],[-96.12075,36.90211],[-96.1209,36.90143],[-96.12324,36.9015],[-96.12357,36.90217],[-96.1244,36.90268],[-96.12462,36.90301],[-96.12582,36.90361],[-96.12605,36.90409],[-96.12595,36.90495],[-96.12575,36.90543],[-96.12472,36.90634],[-96.12498,36.9069],[-96.12496,36.90742],[-96.12475,36.90767],[-96.12485,36.90853],[-96.1244,36.90877],[-96.12309,36.90994]]]},"properties":{"fire_id":"ufid:2024-OKOSA-001031","source_collection":"history-2024","source_objectid":36460,"incident_name":"HULAH","mapped_acres":110.0,"mapped_acres_source":"poly_GISAcres","gis_acres":110.0,"auto_acres":182.578541155312,"reported_acres":110.0,"percent_contained":null,"state":"OK","state_wfigs":"US-OK","county":"Osage","discovery_time_utc":"2024-04-01T23:00:00Z","perimeter_time_utc":"2025-01-13T19:54:02Z","perimeter_edit_time_utc":"2025-01-13T19:54:02Z","incident_modified_time_utc":"2025-01-06T21:35:21Z","containment_time_utc":"2024-04-05T17:00:00Z","control_time_utc":"2024-04-06T17:00:00Z","fire_out_time_utc":"2024-04-10T17:00:00Z","fire_cause":"Undetermined","fire_cause_general":"Undetermined","map_method":"Auto-generated for InFORM","source_dataset":"FFP","unique_fire_identifier":"2024-OKOSA-001031","irwin_id":"{EA2E3068-D5CD-4C87-B6FC-8D9A4391518B}","global_id":"349776bc-3a47-4b48-b1ed-ba507556cd3b"}},{"type":"Feature","geometry":{"type":"Polygon","coordinates":[[[-96.31445,36.569],[-96.31458,36.5695],[-96.31756,36.57164],[-96.3176,36.57538],[-96.31664,36.57597],[-96.31602,36.57605],[-96.31473,36.57524],[-96.31368,36.57512],[-96.31376,36.57507],[-96.31338,36.57495],[-96.31312,36.5745],[-96.31286,36.57435],[-96.31258,36.57448],[-96.31207,36.57517],[-96.31099,36.57454],[-96.31445,36.569]]]},"properties":{"fire_id":"ufid:2024-OKOSA-000940","source_collection":"history-2024","source_objectid":36463,"incident_name":"DEJA VU","mapped_acres":66.11,"mapped_acres_source":"poly_GISAcres","gis_acres":66.11,"auto_acres":66.10530188356698,"reported_acres":65.0,"percent_contained":null,"state":"OK","state_wfigs":"US-OK","county":"Osage","discovery_time_utc":"2024-03-28T18:40:00Z","perimeter_time_utc":"2025-01-13T20:01:51Z","perimeter_edit_time_utc":"2025-01-13T20:01:52Z","incident_modified_time_utc":"2024-12-11T22:11:52Z","containment_time_utc":"2024-04-03T05:00:00Z","control_time_utc":"2024-04-03T05:00:00Z","fire_out_time_utc":"2024-04-03T05:00:00Z","fire_cause":"Human","fire_cause_general":"Debris and open burning","map_method":"Hand Sketch","source_dataset":"FFP","unique_fire_identifier":"2024-OKOSA-000940","irwin_id":"{A7E67F84-83C1-4976-8785-F830ADD27A7B}","global_id":"fa33b65e-6a20-4075-b273-40f490817602"}},{"type":"Feature","geometry":{"type":"Polygon","coordinates":[[[-96.65367,35.19236],[-96.65242,35.1924],[-96.65246,35.18941],[-96.6529,35.18878],[-96.65328,35.18862],[-96.65372,35.18846],[-96.65482,35.18846],[-96.65477,35.19083],[-96.65482,35.19099],[-96.65531,35.19119],[-96.65524,35.19156],[-96.65409,35.19188],[-96.65367,35.19236]]]},"properties":{"fire_id":"ufid:2024-OKWEA-001569","source_collection":"history-2024","source_objectid":37404,"incident_name":"Mary","mapped_acres":17.0,"mapped_acres_source":"poly_GISAcres","gis_acres":17.0,"auto_acres":21.311878100113177,"reported_acres":17.0,"percent_contained":null,"state":"OK","state_wfigs":"US-OK","county":"Seminole","discovery_time_utc":"2024-07-17T20:45:00Z","perimeter_time_utc":"2025-03-10T17:24:03Z","perimeter_edit_time_utc":"2025-03-10T17:24:03Z","incident_modified_time_utc":"2024-07-24T13:33:21Z","containment_time_utc":"2024-07-17T21:45:00Z","control_time_utc":"2024-07-23T17:00:00Z","fire_out_time_utc":"2024-07-23T17:00:00Z","fire_cause":"Undetermined","fire_cause_general":"Undetermined","map_method":"Auto-generated for InFORM","source_dataset":"FFP","unique_fire_identifier":"2024-OKWEA-001569","irwin_id":"{17F7745E-E3D6-4251-A709-88D331FC4DDF}","global_id":"3ddadad6-790e-4a91-966a-b3b96fb06da4"}}]}
