{"type":"FeatureCollection","features":[{"type":"Feature","geometry":{"type":"Polygon","coordinates":[[[-122.06518,48.53879],[-122.06473,48.53931],[-122.06487,48.5396],[-122.06479,48.53967],[-122.065,48.53968],[-122.06504,48.5398],[-122.06479,48.53993],[-122.06484,48.54023],[-122.06461,48.54065],[-122.06386,48.54102],[-122.06399,48.54115],[-122.06457,48.54117],[-122.06491,48.54096],[-122.06489,48.54078],[-122.06536,48.54041],[-122.06552,48.54004],[-122.06654,48.53995],[-122.06651,48.54078],[-122.06699,48.54116],[-122.06694,48.54203],[-122.06674,48.54231],[-122.06632,48.54234],[-122.06602,48.5422],[-122.06557,48.54265],[-122.06591,48.54271],[-122.06606,48.54313],[-122.06591,48.54335],[-122.06536,48.54324],[-122.065,48.5434],[-122.06444,48.54339],[-122.06399,48.54369],[-122.06374,48.54362],[-122.06373,48.54399],[-122.06343,48.54426],[-122.06358,48.54454],[-122.06333,48.54443],[-122.06288,48.5446],[-122.06224,48.54418],[-122.06201,48.54428],[-122.06129,48.54366],[-122.06121,48.54325],[-122.06178,48.54322],[-122.0619,48.5431],[-122.06217,48.54316],[-122.06171,48.54285],[-122.06182,48.54256],[-122.0615,48.54227],[-122.06161,48.54204],[-122.06146,48.54197],[-122.06174,48.54157],[-122.06157,48.54142],[-122.06193,48.54143],[-122.06155,48.54117],[-122.06167,48.54099],[-122.06104,48.54052],[-122.06034,48.54043],[-122.06031,48.54026],[-122.06052,48.5401],[-122.061,48.54012],[-122.06071,48.53978],[-122.06105,48.53961],[-122.06084,48.53933],[-122.06106,48.53922],[-122.06097,48.53883],[-122.06112,48.53856],[-122.06153,48.53847],[-122.06174,48.53829],[-122.06267,48.53874],[-122.06325,48.53855],[-122.06333,48.53846],[-122.06309,48.53828],[-122.0639,48.53828],[-122.065,48.53864],[-122.06518,48.53879]],[[-122.06093,48.5402],[-122.06091,48.54022],[-122.06097,48.5402],[-122.06093,48.5402]]]},"properties":{"fire_id":"ufid:2024-WANWS-000020","source_collection":"history-2024","source_objectid":25612,"incident_name":"LYMAN","mapped_acres":50.3,"mapped_acres_source":"poly_GISAcres","gis_acres":50.3,"auto_acres":50.250422346035876,"reported_acres":50.0,"percent_contained":null,"state":"WA","state_wfigs":"US-WA","county":"Skagit","discovery_time_utc":"2024-04-20T22:05:00Z","perimeter_time_utc":"2024-04-21T03:05:00Z","perimeter_edit_time_utc":"2024-11-01T18:02:10Z","incident_modified_time_utc":"2024-06-26T14:03:10Z","containment_time_utc":"2024-04-24T01:30:00Z","control_time_utc":null,"fire_out_time_utc":"2024-06-06T16:00:00Z","fire_cause":"Undetermined","fire_cause_general":null,"map_method":"Mixed Methods","source_dataset":"2024 NIFS","unique_fire_identifier":"2024-WANWS-000020","irwin_id":"{E012C37D-6913-46E8-A7A1-498213D8B7E1}","global_id":"8d30cf6d-e4f7-44f8-b119-6f875e3513dd"}},{"type":"Feature","geometry":{"type":"Polygon","coordinates":[[[-122.44131,49.0007],[-122.4412,49.00041],[-122.44127,49.00022],[-122.44215,48.99951],[-122.44289,48.99924],[-122.44318,48.99938],[-122.44361,48.99937],[-122.44399,48.99915],[-122.44435,48.99917],[-122.44437,48.99904],[-122.44522,48.99906],[-122.44601,48.99916],[-122.44614,48.99939],[-122.44606,48.9996],[-122.44556,48.9997],[-122.44577,48.99993],[-122.44569,49.00028],[-122.44586,49.00047],[-122.44626,49.00057],[-122.44631,49.00106],[-122.44612,49.00143],[-122.4462,49.00168],[-122.44588,49.0018],[-122.44574,49.00213],[-122.44552,49.00228],[-122.44509,49.00228],[-122.44453,49.00207],[-122.44448,49.00227],[-122.44326,49.00222],[-122.44232,49.00209],[-122.44229,49.00183],[-122.44247,49.00172],[-122.44236,49.00159],[-122.44212,49.00141],[-122.44143,49.00153],[-122.44132,49.00146],[-122.44131,49.00105],[-122.44185,49.00106],[-122.44189,49.0009],[-122.44217,49.00081],[-122.44381,49.00095],[-122.44394,49.00082],[-122.44381,49.00066],[-122.44336,49.00046],[-122.44232,49.00043],[-122.44185,49.00045],[-122.44131,49.0007]]]},"properties":{"fire_id":"ufid:2024-WANWS-000019","source_collection":"history-2024","source_objectid":25650,"incident_name":"BENDER","mapped_acres":23.5,"mapped_acres_source":"poly_GISAcres","gis_acres":23.5,"auto_acres":23.504474469463208,"reported_acres":24.5,"percent_contained":null,"state":"WA","state_wfigs":"US-WA","county":"Whatcom","discovery_time_utc":"2024-04-20T21:10:01Z","perimeter_time_utc":"2024-04-21T02:10:01Z","perimeter_edit_time_utc":"2024-11-01T18:02:10Z","incident_modified_time_utc":"2024-05-03T18:15:03Z","containment_time_utc":"2024-04-23T07:00:00Z","control_time_utc":"2024-04-23T18:26:00Z","fire_out_time_utc":"2024-05-03T18:14:00Z","fire_cause":"Undetermined","fire_cause_general":null,"map_method":"Mixed Methods","source_dataset":"2024 NIFS","unique_fire_identifier":"2024-WANWS-000019","irwin_id":"{1C3A6B9F-D17B-4145-AFCD-E0FA74C91181}","global_id":"52555c71-071e-40b2-8fb7-427656ff8c47"}},{"type":"Feature","geometry":{"type":"Polygon","coordinates":[[[-122.17993,48.38317],[-122.17985,48.38301],[-122.18012,48.38285],[-122.18003,48.3826],[-122.18049,48.38269],[-122.18054,48.3829],[-122.18032,48.38293],[-122.18044,48.38309],[-122.17993,48.38317]]]},"properties":{"fire_id":"ufid:2024-WANWS-000027","source_collection":"history-2024","source_objectid":26786,"incident_name":"PETER BURNS","mapped_acres":0.5,"mapped_acres_source":"poly_GISAcres","gis_acres":0.5,"auto_acres":0.46620284447529564,"reported_acres":1.0,"percent_contained":null,"state":"WA","state_wfigs":"US-WA","county":"Skagit","discovery_time_utc":"2024-04-20T23:00:00Z","perimeter_time_utc":"2024-05-28T18:46:22Z","perimeter_edit_time_utc":"2024-09-28T20:47:53Z","incident_modified_time_utc":"2024-09-29T18:07:03Z","containment_time_utc":"2024-04-20T23:00:00Z","control_time_utc":"2024-04-20T23:30:00Z","fire_out_time_utc":"2024-05-07T17:26:00Z","fire_cause":"Undetermined","fire_cause_general":null,"map_method":"Mixed Methods","source_dataset":"2024 NIFS","unique_fire_identifier":"2024-WANWS-000027","irwin_id":"{2039EC15-5F84-410D-8EA4-F6D0526A50C4}","global_id":"033ec46a-8f39-4a12-9a35-4dab50e2bb7d"}},{"type":"Feature","geometry":{"type":"MultiPolygon","coordinates":[[[[-120.66158,48.33965],[-120.66287,48.34004],[-120.66347,48.33998],[-120.66362,48.34035],[-120.66309,48.34049],[-120.66425,48.34031],[-120.6646,48.33988],[-120.66308,48.3394],[-120.66195,48.33842],[-120.66051,48.33782],[-120.66047,48.33741],[-120.66065,48.33736],[-120.66041,48.33688],[-120.66047,48.33678],[-120.65973,48.33652],[-120.66053,48.33669],[-120.66066,48.33649],[-120.6609,48.3366],[-120.66143,48.33725],[-120.66187,48.33691],[-120.66217,48.33691],[-120.6622,48.33706],[-120.66238,48.33711],[-120.66271,48.33684],[-120.66251,48.33668],[-120.66267,48.33656],[-120.66416,48.33646],[-120.6643,48.33635],[-120.66362,48.33606],[-120.66347,48.33592],[-120.66354,48.33583],[-120.66407,48.33604],[-120.66461,48.3359],[-120.66468,48.33584],[-120.66445,48.33552],[-120.66475,48.33543],[-120.66495,48.33517],[-120.66555,48.33512],[-120.66576,48.33488],[-120.66511,48.33449],[-120.66544,48.334],[-120.66519,48.33386],[-120.66465,48.33307],[-120.66071,48.33263],[-120.65828,48.33265],[-120.65934,48.33363],[-120.65913,48.33393],[-120.65818,48.334],[-120.65741,48.33374],[-120.65703,48.33394],[-120.65718,48.33469],[-120.65785,48.33481],[-120.65786,48.33512],[-120.65754,48.33576],[-120.65684,48.33586],[-120.6564,48.33609],[-120.656,48.33652],[-120.65529,48.33658],[-120.65516,48.33682],[-120.65476,48.33667],[-120.65337,48.33694],[-120.65314,48.33716],[-120.65363,48.33753],[-120.65318,48.33774],[-120.65323,48.33797],[-120.65301,48.33808],[-120.65224,48.33788],[-120.65231,48.33771],[-120.65219,48.33736],[-120.65247,48.33711],[-120.65249,48.33689],[-120.65218,48.33662],[-120.653,48.33637],[-120.6524,48.3362],[-120.65205,48.3359],[-120.65271,48.33562],[-120.65312,48.33514],[-120.6532,48.33472],[-120.65341,48.33448],[-120.65318,48.33427],[-120.65337,48.33395],[-120.65448,48.33359],[-120.65482,48.33362],[-120.6548,48.33351],[-120.65387,48.33367],[-120.65405,48.33322],[-120.65403,48.33284],[-120.65442,48.33256],[-120.65295,48.33218],[-120.65117,48.33147],[-120.64866,48.33001],[-120.64635,48.32891],[-120.64482,48.32845],[-120.6425,48.32751],[-120.64024,48.32607],[-120.6433,48.32538],[-120.64095,48.32122],[-120.63924,48.32015],[-120.63565,48.3201],[-120.63511,48.32019],[-120.63111,48.32159],[-120.63004,48.32244],[-120.63027,48.32247],[-120.62797,48.32409],[-120.62654,48.32373],[-120.624,48.32142],[-120.62003,48.32035],[-120.61958,48.32087],[-120.61856,48.32132],[-120.61926,48.32199],[-120.61913,48.32235],[-120.61827,48.32231],[-120.61759,48.32268],[-120.61698,48.32257],[-120.61617,48.32314],[-120.61405,48.32299],[-120.61378,48.32305],[-120.61377,48.32323],[-120.61335,48.32313],[-120.61261,48.3233],[-120.6095,48.32448],[-120.60884,48.32436],[-120.60843,48.32455],[-120.60885,48.32503],[-120.60728,48.32483],[-120.60644,48.32505],[-120.6044,48.32456],[-120.60436,48.32421],[-120.60514,48.32388],[-120.60528,48.32349],[-120.60328,48.32327],[-120.60327,48.32347],[-120.60162,48.32339],[-120.5997,48.32264],[-120.59934,48.3216],[-120.59848,48.32007],[-120.60066,48.31876],[-120.60593,48.31726],[-120.60502,48.31585],[-120.60326,48.31517],[-120.604,48.3143],[-120.60487,48.31365],[-120.60608,48.31241],[-120.60562,48.31213],[-120.60651,48.31204],[-120.60719,48.31146],[-120.60681,48.31084],[-120.60742,48.30992],[-120.60686,48.30963],[-120.6061,48.30979],[-120.6056,48.30957],[-120.60615,48.30926],[-120.60548,48.3089],[-120.60367,48.30924],[-120.60301,48.30964],[-120.60205,48.3093],[-120.60184,48.30994],[-120.60094,48.3103],[-120.60049,48.30978],[-120.59978,48.30944],[-120.59869,48.30925],[-120.59893,48.30877],[-120.59895,48.30801],[-120.59928,48.30743],[-120.59815,48.30666],[-120.5941,48.30485],[-120.59238,48.30447],[-120.59181,48.30381],[-120.59134,48.3036],[-120.59124,48.30399],[-120.5903,48.30384],[-120.58961,48.30413],[-120.5892,48.30397],[-120.58855,48.30459],[-120.58958,48.30476],[-120.59068,48.3047],[-120.5909,48.30512],[-120.59016,48.3053],[-120.58873,48.30634],[-120.58839,48.30619],[-120.58825,48.30637],[-120.58893,48.30677],[-120.58874,48.30703],[-120.5883,48.30721],[-120.58796,48.30717],[-120.58771,48.30686],[-120.58707,48.30702],[-120.58577,48.30774],[-120.58393,48.3085],[-120.58348,48.30892],[-120.58324,48.30898],[-120.58226,48.30865],[-120.58192,48.30877],[-120.58062,48.31029],[-120.57989,48.3108],[-120.5794,48.31046],[-120.57928,48.30962],[-120.57884,48.3097],[-120.57828,48.3096],[-120.57727,48.31016],[-120.5767,48.31016],[-120.57591,48.30992],[-120.57582,48.30972],[-120.57593,48.30934],[-120.57683,48.3093],[-120.57774,48.30874],[-120.5776,48.30851],[-120.5776,48.30777],[-120.57629,48.30756],[-120.57578,48.30804],[-120.57527,48.30736],[-120.57416,48.30716],[-120.57284,48.30763],[-120.57213,48.30743],[-120.57173,48.30709],[-120.57132,48.30709],[-120.57082,48.30689],[-120.56991,48.30614],[-120.5692,48.30493],[-120.56859,48.3052],[-120.56561,48.30431],[-120.56535,48.30459],[-120.56535,48.30506],[-120.56403,48.30425],[-120.56261,48.30385],[-120.562,48.30324],[-120.56089,48.30007],[-120.56272,48.30049],[-120.56403,48.3004],[-120.56444,48.30142],[-120.56484,48.30142],[-120.56474,48.30027],[-120.56504,48.29986],[-120.56707,48.29973],[-120.56869,48.29932],[-120.56778,48.29878],[-120.56768,48.29811],[-120.56798,48.2979],[-120.56818,48.29743],[-120.56788,48.29716],[-120.56839,48.29662],[-120.56899,48.29682],[-120.56978,48.29665],[-120.56959,48.29629],[-120.56999,48.29622],[-120.5699,48.29618],[-120.56992,48.29588],[-120.57041,48.29617],[-120.57145,48.29516],[-120.57223,48.29528],[-120.57257,48.29544],[-120.57257,48.29572],[-120.57271,48.29575],[-120.57275,48.29561],[-120.57489,48.29518],[-120.57542,48.29497],[-120.57538,48.29476],[-120.57571,48.29458],[-120.57817,48.294],[-120.5778,48.29334],[-120.58121,48.29043],[-120.58034,48.28986],[-120.57973,48.28994],[-120.57936,48.28973],[-120.57957,48.28925],[-120.57867,48.28925],[-120.57838,48.28906],[-120.57742,48.28712],[-120.57739,48.28755],[-120.57666,48.28701],[-120.57556,48.28576],[-120.57404,48.28431],[-120.57387,48.28532],[-120.57637,48.2873],[-120.57674,48.28834],[-120.57766,48.28932],[-120.5763,48.28889],[-120.57557,48.28835],[-120.57584,48.28816],[-120.57516,48.28741],[-120.57383,48.28665],[-120.57403,48.28813],[-120.57187,48.28632],[-120.57121,48.28646],[-120.57216,48.28766],[-120.56927,48.28782],[-120.5688,48.28701],[-120.56886,48.28445],[-120.56737,48.28088],[-120.56654,48.28227],[-120.56643,48.28324],[-120.56418,48.2865],[-120.56367,48.28654],[-120.56214,48.28721],[-120.56053,48.28639],[-120.56192,48.28402],[-120.5611,48.28297],[-120.55784,48.28226],[-120.55568,48.28386],[-120.55401,48.28235],[-120.55293,48.28034],[-120.55358,48.27906],[-120.55606,48.27706],[-120.55516,48.27666],[-120.55508,48.27675],[-120.55394,48.27675],[-120.55403,48.27621],[-120.55271,48.27625],[-120.55257,48.27644],[-120.55295,48.27684],[-120.55213,48.27704],[-120.55146,48.27795],[-120.55022,48.28046],[-120.54761,48.27823],[-120.54747,48.27774],[-120.54659,48.2769],[-120.54665,48.27651],[-120.54709,48.27596],[-120.54707,48.27575],[-120.54677,48.27582],[-120.54515,48.2769],[-120.54494,48.27744],[-120.54211,48.27785],[-120.54089,48.27758],[-120.54048,48.27677],[-120.54048,48.27636],[-120.54028,48.27582],[-120.54048,48.27455],[-120.53913,48.27477],[-120.53829,48.27569],[-120.53727,48.27625],[-120.53711,48.27522],[-120.53721,48.2751],[-120.5369,48.27502],[-120.53696,48.27565],[-120.53661,48.27631],[-120.53603,48.27574],[-120.53593,48.27491],[-120.53603,48.27484],[-120.53484,48.27454],[-120.53416,48.27379],[-120.53373,48.27299],[-120.53373,48.27195],[-120.53424,48.27092],[-120.53459,48.26965],[-120.53459,48.26872],[-120.53434,48.26871],[-120.53366,48.26817],[-120.53394,48.26811],[-120.53436,48.26842],[-120.53396,48.26791],[-120.53414,48.26658],[-120.5337,48.26536],[-120.53232,48.26467],[-120.53152,48.26318],[-120.53109,48.26327],[-120.53032,48.26381],[-120.52913,48.26417],[-120.52795,48.26501],[-120.52732,48.265],[-120.52652,48.26533],[-120.52635,48.26515],[-120.52532,48.26573],[-120.52469,48.26564],[-120.52426,48.26542],[-120.52377,48.26548],[-120.52326,48.26533],[-120.523,48.26466],[-120.5231,48.26439],[-120.52419,48.26419],[-120.52412,48.26336],[-120.52277,48.26255],[-120.52249,48.2616],[-120.52199,48.26132],[-120.52036,48.26099],[-120.52003,48.26023],[-120.51944,48.26209],[-120.51914,48.26246],[-120.51851,48.2621],[-120.51798,48.26112],[-120.51619,48.2617],[-120.51622,48.26217],[-120.51649,48.2627],[-120.51559,48.26293],[-120.51517,48.2621],[-120.51433,48.26239],[-120.51392,48.26239],[-120.51396,48.26254],[-120.51342,48.26239],[-120.51217,48.26239],[-120.51219,48.26281],[-120.51186,48.26321],[-120.51102,48.26364],[-120.50938,48.26268],[-120.5077,48.26289],[-120.50937,48.26456],[-120.51077,48.26529],[-120.51154,48.26466],[-120.51293,48.26482],[-120.51369,48.26559],[-120.51631,48.26774],[-120.51511,48.26834],[-120.513,48.26869],[-120.51135,48.26912],[-120.51013,48.26778],[-120.50932,48.26795],[-120.50945,48.26916],[-120.50738,48.27005],[-120.50719,48.26905],[-120.50685,48.26831],[-120.50652,48.26805],[-120.50579,48.26816],[-120.50457,48.26902],[-120.50551,48.27007],[-120.50936,48.2716],[-120.51075,48.27248],[-120.51149,48.27335],[-120.51309,48.27442],[-120.51506,48.27507],[-120.51678,48.27492],[-120.51743,48.27445],[-120.51991,48.27524],[-120.52052,48.27595],[-120.51882,48.277],[-120.52013,48.27835],[-120.52277,48.28008],[-120.52114,48.28033],[-120.51967,48.28072],[-120.51976,48.28106],[-120.51857,48.28175],[-120.51893,48.28214],[-120.51951,48.28247],[-120.51929,48.28172],[-120.52032,48.28238],[-120.51947,48.28478],[-120.51793,48.28391],[-120.51645,48.28398],[-120.51382,48.28339],[-120.51306,48.28295],[-120.51245,48.28167],[-120.51162,48.28078],[-120.51153,48.28044],[-120.51077,48.28],[-120.51018,48.28058],[-120.51003,48.28134],[-120.50968,48.28183],[-120.51082,48.28216],[-120.51158,48.28253],[-120.51132,48.28345],[-120.51051,48.28361],[-120.50951,48.28309],[-120.50821,48.28263],[-120.50781,48.28177],[-120.50828,48.28102],[-120.50799,48.27886],[-120.50637,48.27739],[-120.50616,48.27681],[-120.5054,48.27629],[-120.50441,48.27666],[-120.50514,48.27753],[-120.50407,48.27633],[-120.50304,48.276],[-120.50229,48.27644],[-120.503,48.27725],[-120.50291,48.27772],[-120.50189,48.27763],[-120.4996,48.27802],[-120.49804,48.2762],[-120.49677,48.27539],[-120.49643,48.27465],[-120.49296,48.27245],[-120.49196,48.27202],[-120.49126,48.273],[-120.49205,48.27407],[-120.49249,48.27514],[-120.48973,48.27594],[-120.48853,48.27411],[-120.48747,48.27371],[-120.48642,48.27364],[-120.48521,48.27319],[-120.48225,48.27291],[-120.48052,48.27177],[-120.47959,48.27186],[-120.47914,48.27161],[-120.47655,48.26985],[-120.47779,48.26926],[-120.47708,48.26837],[-120.47762,48.26792],[-120.4777,48.26737],[-120.4796,48.26742],[-120.47826,48.26641],[-120.47852,48.26611],[-120.47836,48.2661],[-120.4784,48.26573],[-120.47865,48.26552],[-120.47853,48.265],[-120.47889,48.26523],[-120.47941,48.26465],[-120.47916,48.26456],[-120.47906,48.2643],[-120.47844,48.26448],[-120.47766,48.26436],[-120.47769,48.26463],[-120.47752,48.26476],[-120.47771,48.26489],[-120.47766,48.26518],[-120.47676,48.26483],[-120.47653,48.26439],[-120.47658,48.26414],[-120.47644,48.26382],[-120.47684,48.26369],[-120.47723,48.26307],[-120.47702,48.26267],[-120.47643,48.26256],[-120.47626,48.26179],[-120.47673,48.26129],[-120.47769,48.26101],[-120.47763,48.2608],[-120.47787,48.26073],[-120.47797,48.2604],[-120.47815,48.2604],[-120.47819,48.26008],[-120.4766,48.26003],[-120.47717,48.26017],[-120.47734,48.26041],[-120.47724,48.2607],[-120.47735,48.26088],[-120.47713,48.26104],[-120.47698,48.2609],[-120.47628,48.26089],[-120.47619,48.26073],[-120.47635,48.2604],[-120.47621,48.25997],[-120.4752,48.25971],[-120.47515,48.2599],[-120.47473,48.26027],[-120.47447,48.26029],[-120.47441,48.25968],[-120.47329,48.26049],[-120.47008,48.26078],[-120.46895,48.26032],[-120.46788,48.25948],[-120.46728,48.25953],[-120.46756,48.25898],[-120.46748,48.25877],[-120.46671,48.25866],[-120.46668,48.25818],[-120.46679,48.25787],[-120.46736,48.25752],[-120.46701,48.25745],[-120.46664,48.25767],[-120.46606,48.25735],[-120.46668,48.25699],[-120.46504,48.25661],[-120.46383,48.25672],[-120.46387,48.25698],[-120.46338,48.25782],[-120.46295,48.25778],[-120.46258,48.25751],[-120.46131,48.25771],[-120.46036,48.25771],[-120.45862,48.2573],[-120.4574,48.25675],[-120.45711,48.25677],[-120.45706,48.2566],[-120.4568,48.25649],[-120.45229,48.25579],[-120.45047,48.25498],[-120.449,48.25411],[-120.44657,48.2511],[-120.44665,48.2497],[-120.447,48.24831],[-120.44674,48.2475],[-120.44579,48.2475],[-120.44527,48.24704],[-120.44553,48.24622],[-120.44652,48.24578],[-120.44611,48.24561],[-120.44637,48.2454],[-120.44699,48.24557],[-120.44856,48.24553],[-120.44926,48.24576],[-120.45108,48.24582],[-120.45359,48.24408],[-120.45542,48.2435],[-120.45637,48.2435],[-120.45741,48.24309],[-120.45828,48.24321],[-120.45932,48.2439],[-120.45941,48.24419],[-120.46131,48.24385],[-120.464,48.24408],[-120.46262,48.24338],[-120.46071,48.24269],[-120.45871,48.2417],[-120.45758,48.24048],[-120.45819,48.23926],[-120.45828,48.23822],[-120.45828,48.23422],[-120.45792,48.23404],[-120.45814,48.23303],[-120.45848,48.23263],[-120.45806,48.23222],[-120.45892,48.23233],[-120.45948,48.23207],[-120.4588,48.23183],[-120.45895,48.23138],[-120.45856,48.23131],[-120.45879,48.23093],[-120.45906,48.23095],[-120.45917,48.23054],[-120.45886,48.23042],[-120.45908,48.23012],[-120.45988,48.23021],[-120.45987,48.2299],[-120.45964,48.22998],[-120.45928,48.22986],[-120.45908,48.22962],[-120.45919,48.22936],[-120.45863,48.22927],[-120.4583,48.22938],[-120.45802,48.22924],[-120.45782,48.22899],[-120.45789,48.22884],[-120.45818,48.22889],[-120.45808,48.22866],[-120.45823,48.22868],[-120.45824,48.2289],[-120.45848,48.22893],[-120.45885,48.22864],[-120.45994,48.22921],[-120.46038,48.22987],[-120.46042,48.23021],[-120.4609,48.23061],[-120.46093,48.23113],[-120.46143,48.23144],[-120.46177,48.23122],[-120.46119,48.23074],[-120.46181,48.23073],[-120.46221,48.23034],[-120.46093,48.23002],[-120.46097,48.22981],[-120.46196,48.22997],[-120.46289,48.22955],[-120.46316,48.22959],[-120.46339,48.22914],[-120.4629,48.22902],[-120.46289,48.22885],[-120.46355,48.22879],[-120.46363,48.22863],[-120.46482,48.22873],[-120.46464,48.22917],[-120.46502,48.2292],[-120.465,48.22944],[-120.46478,48.22948],[-120.4648,48.22972],[-120.46515,48.22977],[-120.46665,48.22924],[-120.46734,48.22877],[-120.46782,48.22883],[-120.46794,48.22899],[-120.46761,48.22948],[-120.46784,48.22966],[-120.46783,48.23012],[-120.46862,48.23006],[-120.47018,48.23029],[-120.47131,48.22989],[-120.47278,48.22965],[-120.47417,48.23018],[-120.47452,48.23052],[-120.47478,48.23168],[-120.47573,48.23313],[-120.47608,48.23319],[-120.47738,48.23389],[-120.4779,48.23371],[-120.47851,48.23296],[-120.48077,48.23292],[-120.48098,48.23327],[-120.48173,48.23308],[-120.48247,48.23311],[-120.48247,48.2328],[-120.48108,48.23269],[-120.48125,48.23243],[-120.48081,48.23232],[-120.48051,48.23201],[-120.48071,48.232],[-120.48072,48.23175],[-120.48098,48.23171],[-120.48115,48.23182],[-120.48112,48.23201],[-120.48197,48.23219],[-120.48191,48.23229],[-120.48206,48.23238],[-120.48239,48.23227],[-120.4823,48.23209],[-120.48241,48.23194],[-120.48203,48.2315],[-120.4817,48.23136],[-120.4819,48.23122],[-120.48151,48.23084],[-120.48156,48.23027],[-120.48181,48.22992],[-120.48257,48.22973],[-120.48275,48.22981],[-120.48289,48.23051],[-120.48346,48.23071],[-120.48381,48.23107],[-120.4843,48.23131],[-120.48634,48.2317],[-120.4867,48.23157],[-120.4872,48.23166],[-120.48815,48.23138],[-120.48869,48.23138],[-120.48916,48.23168],[-120.48923,48.23196],[-120.48995,48.23223],[-120.49007,48.23218],[-120.48928,48.23096],[-120.48915,48.22994],[-120.48874,48.22953],[-120.48936,48.22962],[-120.48947,48.22945],[-120.48875,48.22902],[-120.48866,48.22888],[-120.48887,48.22864],[-120.48907,48.22863],[-120.4891,48.22906],[-120.48962,48.22913],[-120.48949,48.22875],[-120.48929,48.22865],[-120.48947,48.2284],[-120.48916,48.22772],[-120.48928,48.2276],[-120.48859,48.22739],[-120.48889,48.22736],[-120.48845,48.2272],[-120.48855,48.22687],[-120.48824,48.22668],[-120.48783,48.22668],[-120.48754,48.22627],[-120.48758,48.22597],[-120.48741,48.22562],[-120.48679,48.22551],[-120.48648,48.22526],[-120.48653,48.22499],[-120.48728,48.22509],[-120.48782,48.22556],[-120.48837,48.22539],[-120.48865,48.22559],[-120.48881,48.22543],[-120.48833,48.22503],[-120.48937,48.22436],[-120.4895,48.22412],[-120.48994,48.22436],[-120.49024,48.22429],[-120.4903,48.2244],[-120.49095,48.22443],[-120.49106,48.22421],[-120.49132,48.22446],[-120.49171,48.22428],[-120.49143,48.22404],[-120.49155,48.22394],[-120.49202,48.22409],[-120.49209,48.22393],[-120.49257,48.2243],[-120.49318,48.22439],[-120.49322,48.2247],[-120.49376,48.22467],[-120.49404,48.22464],[-120.4941,48.22437],[-120.4943,48.22425],[-120.49492,48.22429],[-120.49468,48.22383],[-120.4956,48.22375],[-120.49621,48.22385],[-120.49646,48.22406],[-120.49633,48.22455],[-120.49712,48.22483],[-120.49694,48.22523],[-120.49812,48.225],[-120.49851,48.22463],[-120.49843,48.22432],[-120.49775,48.22433],[-120.49784,48.22402],[-120.49837,48.22404],[-120.49836,48.2238],[-120.49809,48.22371],[-120.49798,48.22296],[-120.49749,48.22308],[-120.49749,48.223],[-120.49822,48.22256],[-120.499,48.22256],[-120.49975,48.22281],[-120.49987,48.22262],[-120.49961,48.22234],[-120.50045,48.22231],[-120.50074,48.22246],[-120.50125,48.22244],[-120.501,48.22249],[-120.50204,48.22296],[-120.50243,48.22331],[-120.50235,48.22349],[-120.50261,48.22346],[-120.50304,48.22358],[-120.50305,48.22375],[-120.50357,48.22379],[-120.50383,48.22409],[-120.50488,48.22443],[-120.50513,48.22467],[-120.50577,48.22492],[-120.50566,48.22537],[-120.50704,48.22556],[-120.50715,48.22569],[-120.50905,48.22625],[-120.50924,48.22611],[-120.50961,48.2261],[-120.50931,48.22669],[-120.50987,48.22775],[-120.51125,48.22725],[-120.51264,48.22748],[-120.51234,48.22797],[-120.5137,48.22808],[-120.51452,48.22845],[-120.51524,48.22856],[-120.51526,48.22906],[-120.51562,48.22904],[-120.51572,48.22918],[-120.51546,48.22966],[-120.51546,48.22994],[-120.51678,48.2304],[-120.5174,48.23135],[-120.51839,48.23146],[-120.51899,48.23173],[-120.5192,48.23213],[-120.51879,48.23431],[-120.51818,48.23444],[-120.51702,48.23512],[-120.51531,48.23487],[-120.51519,48.23524],[-120.51623,48.23537],[-120.51577,48.23576],[-120.51604,48.23636],[-120.51722,48.23651],[-120.51749,48.23621],[-120.51762,48.23626],[-120.51763,48.23609],[-120.51775,48.23612],[-120.51805,48.23587],[-120.51831,48.2361],[-120.51805,48.23623],[-120.51833,48.23648],[-120.51806,48.23654],[-120.5179,48.23688],[-120.51764,48.23689],[-120.51792,48.23737],[-120.51854,48.23737],[-120.51917,48.23769],[-120.51991,48.23749],[-120.52009,48.23765],[-120.52038,48.23768],[-120.52005,48.23787],[-120.5192,48.23774],[-120.51916,48.23802],[-120.51985,48.23856],[-120.52111,48.23856],[-120.52215,48.23802],[-120.52422,48.23817],[-120.52744,48.23902],[-120.52882,48.23925],[-120.52921,48.23967],[-120.52917,48.23942],[-120.53037,48.23949],[-120.53158,48.24],[-120.53515,48.24246],[-120.53458,48.24279],[-120.53385,48.24297],[-120.53434,48.24417],[-120.53618,48.24448],[-120.53835,48.24456],[-120.53864,48.24401],[-120.53935,48.24358],[-120.53903,48.2433],[-120.53729,48.24325],[-120.5366,48.24269],[-120.53643,48.24202],[-120.53538,48.24188],[-120.5357,48.24156],[-120.53705,48.24103],[-120.53705,48.2403],[-120.53646,48.24061],[-120.53473,48.24084],[-120.53466,48.24052],[-120.53612,48.23996],[-120.53554,48.23986],[-120.53538,48.23927],[-120.53547,48.23905],[-120.53466,48.23945],[-120.53436,48.23938],[-120.53401,48.23959],[-120.53291,48.23955],[-120.53148,48.23921],[-120.53116,48.23885],[-120.531,48.23796],[-120.53071,48.23783],[-120.52785,48.23773],[-120.52709,48.23818],[-120.52665,48.23816],[-120.52616,48.23791],[-120.52575,48.23701],[-120.5252,48.23665],[-120.52489,48.23613],[-120.52503,48.2359],[-120.5266,48.23539],[-120.52552,48.23512],[-120.52512,48.23485],[-120.52465,48.23427],[-120.52457,48.23395],[-120.52528,48.23358],[-120.52656,48.23343],[-120.52866,48.23352],[-120.52884,48.23325],[-120.5287,48.2332],[-120.52926,48.23272],[-120.53053,48.23246],[-120.53125,48.23182],[-120.53186,48.2317],[-120.53156,48.23155],[-120.53169,48.23128],[-120.53164,48.23005],[-120.5314,48.2301],[-120.53139,48.23041],[-120.53084,48.23011],[-120.53017,48.2301],[-120.52937,48.22971],[-120.52924,48.22948],[-120.52924,48.22889],[-120.52936,48.22883],[-120.52928,48.22874],[-120.52938,48.22881],[-120.52929,48.22854],[-120.52753,48.22825],[-120.52772,48.22808],[-120.52775,48.22767],[-120.52833,48.2277],[-120.52871,48.22795],[-120.52919,48.22796],[-120.52938,48.22775],[-120.52901,48.22733],[-120.52935,48.22718],[-120.5302,48.2271],[-120.53046,48.22688],[-120.5315,48.22721],[-120.53217,48.22718],[-120.53227,48.22686],[-120.53206,48.22673],[-120.53207,48.22655],[-120.53228,48.22651],[-120.5318,48.22607],[-120.53069,48.22564],[-120.5314,48.2252],[-120.53315,48.22474],[-120.53482,48.225],[-120.53562,48.22548],[-120.53567,48.22586],[-120.53728,48.22569],[-120.53721,48.22538],[-120.53737,48.22502],[-120.53707,48.22483],[-120.53698,48.22458],[-120.53663,48.22444],[-120.53662,48.22419],[-120.53701,48.22393],[-120.53634,48.22391],[-120.53642,48.22352],[-120.53623,48.22347],[-120.53488,48.22372],[-120.53475,48.22378],[-120.5349,48.22383],[-120.53474,48.22458],[-120.53258,48.22432],[-120.53244,48.22406],[-120.53092,48.22426],[-120.53129,48.2241],[-120.53138,48.22393],[-120.52997,48.22353],[-120.52964,48.22394],[-120.52972,48.22405],[-120.52962,48.22417],[-120.52962,48.22376],[-120.5298,48.22348],[-120.52964,48.22343],[-120.52955,48.22309],[-120.52921,48.22294],[-120.52868,48.2232],[-120.52827,48.22306],[-120.52802,48.22351],[-120.5269,48.22292],[-120.52729,48.22283],[-120.52689,48.2221],[-120.52649,48.22231],[-120.52639,48.22274],[-120.52555,48.2232],[-120.52406,48.22363],[-120.52326,48.22451],[-120.52305,48.22436],[-120.52277,48.22449],[-120.52241,48.22491],[-120.52216,48.22492],[-120.52178,48.22471],[-120.52183,48.22427],[-120.52103,48.22393],[-120.5208,48.22356],[-120.52031,48.22366],[-120.52003,48.22348],[-120.52023,48.22323],[-120.51971,48.22311],[-120.51968,48.2229],[-120.51987,48.22278],[-120.51994,48.22242],[-120.51962,48.22233],[-120.51994,48.22218],[-120.51902,48.222],[-120.51888,48.22222],[-120.51848,48.22226],[-120.51815,48.222],[-120.51842,48.22151],[-120.51843,48.22106],[-120.51879,48.2208],[-120.51962,48.22058],[-120.51985,48.22038],[-120.52009,48.22041],[-120.52019,48.22017],[-120.52074,48.22022],[-120.52083,48.21979],[-120.52071,48.21922],[-120.51991,48.21943],[-120.51974,48.21974],[-120.51908,48.22001],[-120.51885,48.22001],[-120.51854,48.21974],[-120.51805,48.22004],[-120.51761,48.22004],[-120.51752,48.21968],[-120.51716,48.2195],[-120.51658,48.21965],[-120.51609,48.21959],[-120.51596,48.21902],[-120.51583,48.21893],[-120.51489,48.21947],[-120.51404,48.2195],[-120.5136,48.2195],[-120.51324,48.21914],[-120.5132,48.21894],[-120.5124,48.21962],[-120.51293,48.22001],[-120.51253,48.22078],[-120.51204,48.22075],[-120.51191,48.22036],[-120.51119,48.22027],[-120.51101,48.21986],[-120.51115,48.21944],[-120.51083,48.219],[-120.51119,48.21896],[-120.51073,48.21831],[-120.51024,48.21799],[-120.51078,48.21733],[-120.51095,48.21676],[-120.51064,48.21617],[-120.51084,48.21579],[-120.51046,48.21565],[-120.51054,48.2149],[-120.51095,48.21433],[-120.51161,48.21399],[-120.51145,48.21365],[-120.5117,48.21337],[-120.51153,48.21334],[-120.51153,48.21301],[-120.51181,48.21266],[-120.51154,48.21222],[-120.51087,48.21282],[-120.51096,48.2129],[-120.51085,48.21301],[-120.51031,48.21305],[-120.51036,48.21317],[-120.5102,48.21339],[-120.50979,48.21368],[-120.50942,48.2137],[-120.50921,48.21358],[-120.50866,48.21394],[-120.50885,48.2141],[-120.50869,48.21425],[-120.50814,48.21432],[-120.50702,48.21516],[-120.50699,48.2153],[-120.50617,48.21564],[-120.50648,48.21587],[-120.50605,48.21612],[-120.50605,48.21629],[-120.5064,48.21663],[-120.50608,48.21699],[-120.50448,48.21743],[-120.50448,48.21774],[-120.50401,48.21818],[-120.50308,48.21845],[-120.50249,48.21836],[-120.50255,48.21792],[-120.50282,48.21756],[-120.50282,48.21703],[-120.50255,48.2165],[-120.50267,48.21617],[-120.50231,48.21621],[-120.5025,48.21577],[-120.50221,48.21545],[-120.5026,48.21509],[-120.50204,48.21473],[-120.50204,48.21426],[-120.50258,48.21397],[-120.50311,48.21394],[-120.50271,48.21297],[-120.50399,48.21191],[-120.50368,48.21082],[-120.50537,48.20944],[-120.5073,48.20884],[-120.50826,48.20832],[-120.51342,48.20754],[-120.5166,48.20531],[-120.51823,48.20477],[-120.52002,48.20465],[-120.52199,48.20422],[-120.5244,48.20429],[-120.52843,48.20508],[-120.52861,48.20502],[-120.52873,48.2045],[-120.5296,48.20431],[-120.53009,48.20375],[-120.53,48.20333],[-120.52881,48.20272],[-120.52564,48.20195],[-120.52361,48.20114],[-120.51798,48.20137],[-120.51707,48.20192],[-120.51465,48.20175],[-120.51398,48.20231],[-120.51305,48.20279],[-120.51184,48.20306],[-120.50986,48.20269],[-120.50831,48.20295],[-120.50753,48.2026],[-120.50634,48.20246],[-120.50362,48.20244],[-120.5022,48.2026],[-120.49983,48.2024],[-120.49534,48.20189],[-120.49468,48.20153],[-120.49011,48.20096],[-120.48912,48.20005],[-120.48902,48.19948],[-120.48931,48.1994],[-120.48985,48.19879],[-120.49104,48.19904],[-120.49286,48.19886],[-120.49348,48.19854],[-120.4934,48.19824],[-120.49366,48.19785],[-120.49404,48.19787],[-120.49464,48.19726],[-120.49428,48.197],[-120.49471,48.19676],[-120.49451,48.1962],[-120.49516,48.1952],[-120.49525,48.19414],[-120.49686,48.19343],[-120.49567,48.19273],[-120.49545,48.1908],[-120.49384,48.19016],[-120.4906,48.18956],[-120.48815,48.1901],[-120.48736,48.19051],[-120.48624,48.19085],[-120.48468,48.19054],[-120.48524,48.18993],[-120.48462,48.18859],[-120.48574,48.18832],[-120.48714,48.18845],[-120.49026,48.18825],[-120.49464,48.1885],[-120.49726,48.18942],[-120.49788,48.18929],[-120.49953,48.18935],[-120.50227,48.18832],[-120.50247,48.18836],[-120.5024,48.18824],[-120.50334,48.18773],[-120.50329,48.18754],[-120.50391,48.18695],[-120.50434,48.18621],[-120.50609,48.18485],[-120.5062,48.18374],[-120.50688,48.18289],[-120.51278,48.18169],[-120.51368,48.18116],[-120.5181,48.17936],[-120.51838,48.17838],[-120.51832,48.17777],[-120.51785,48.17799],[-120.51714,48.17796],[-120.51384,48.17876],[-120.51414,48.17901],[-120.5141,48.17927],[-120.51363,48.17959],[-120.51328,48.17966],[-120.51282,48.17959],[-120.51274,48.17946],[-120.51228,48.17975],[-120.51203,48.17959],[-120.51136,48.1796],[-120.51109,48.17939],[-120.51114,48.17915],[-120.51128,48.17914],[-120.51071,48.17879],[-120.5097,48.17895],[-120.50948,48.17885],[-120.50949,48.17872],[-120.50795,48.17926],[-120.50757,48.1785],[-120.50727,48.1785],[-120.50705,48.17828],[-120.50683,48.17825],[-120.50678,48.17805],[-120.50598,48.1778],[-120.50502,48.17688],[-120.5048,48.17636],[-120.50455,48.17618],[-120.50448,48.17584],[-120.50518,48.1755],[-120.50491,48.17511],[-120.5031,48.17541],[-120.49949,48.17491],[-120.49828,48.17531],[-120.4994,48.17668],[-120.49779,48.1773],[-120.49742,48.17708],[-120.49697,48.17724],[-120.49625,48.17703],[-120.49612,48.17664],[-120.49639,48.17637],[-120.49673,48.17641],[-120.49608,48.17525],[-120.49569,48.17501],[-120.49432,48.17472],[-120.49378,48.17435],[-120.49303,48.17421],[-120.4925,48.17434],[-120.49124,48.17397],[-120.49099,48.174],[-120.49056,48.17443],[-120.49057,48.17484],[-120.49089,48.17494],[-120.49093,48.17507],[-120.49038,48.17548],[-120.49046,48.17559],[-120.49149,48.17549],[-120.49194,48.17572],[-120.49169,48.1759],[-120.49017,48.17631],[-120.48871,48.17648],[-120.48649,48.17709],[-120.48588,48.17732],[-120.48532,48.17784],[-120.48192,48.17935],[-120.4795,48.17938],[-120.4798,48.1802],[-120.4798,48.18063],[-120.47875,48.18063],[-120.47781,48.17995],[-120.47752,48.18007],[-120.47767,48.18063],[-120.47897,48.18114],[-120.48171,48.18109],[-120.48178,48.1824],[-120.47914,48.18241],[-120.47887,48.18359],[-120.47822,48.18417],[-120.47807,48.18417],[-120.47904,48.18502],[-120.47954,48.1857],[-120.47972,48.18523],[-120.48015,48.18494],[-120.48068,48.18576],[-120.48206,48.18616],[-120.48173,48.18728],[-120.48164,48.1881],[-120.48188,48.18875],[-120.4812,48.18915],[-120.47946,48.18956],[-120.47876,48.18945],[-120.47776,48.18891],[-120.47636,48.18941],[-120.47648,48.18945],[-120.47613,48.18997],[-120.47517,48.19003],[-120.47456,48.19032],[-120.47491,48.19056],[-120.47517,48.19132],[-120.47643,48.19155],[-120.4769,48.19178],[-120.47734,48.19176],[-120.47734,48.19112],[-120.47776,48.19105],[-120.47823,48.19133],[-120.47874,48.19196],[-120.47879,48.19231],[-120.47838,48.19295],[-120.47858,48.19319],[-120.47858,48.1936],[-120.47806,48.19401],[-120.47779,48.19396],[-120.47709,48.19431],[-120.47727,48.19472],[-120.47709,48.19565],[-120.47666,48.19583],[-120.47604,48.19554],[-120.47526,48.1956],[-120.47473,48.19548],[-120.47465,48.19495],[-120.47517,48.19454],[-120.47482,48.1936],[-120.47447,48.19337],[-120.4736,48.19407],[-120.47318,48.19478],[-120.47276,48.195],[-120.4729,48.19535],[-120.47221,48.19573],[-120.47178,48.19566],[-120.47167,48.19575],[-120.47178,48.19633],[-120.47208,48.19628],[-120.47302,48.19689],[-120.47311,48.19711],[-120.47303,48.19728],[-120.47579,48.19753],[-120.47732,48.19785],[-120.47916,48.19789],[-120.48226,48.19845],[-120.48401,48.20032],[-120.49263,48.20283],[-120.49701,48.20433],[-120.49904,48.2049],[-120.50274,48.20476],[-120.50189,48.20513],[-120.49994,48.20707],[-120.49971,48.20782],[-120.4997,48.20938],[-120.50454,48.20741],[-120.49792,48.21506],[-120.49754,48.21491],[-120.49733,48.21512],[-120.49528,48.21421],[-120.49377,48.21292],[-120.49352,48.21263],[-120.4934,48.2122],[-120.49267,48.21166],[-120.49286,48.2113],[-120.49407,48.21015],[-120.49413,48.20933],[-120.49327,48.20835],[-120.49271,48.20809],[-120.49071,48.20888],[-120.49029,48.20934],[-120.49006,48.21091],[-120.48901,48.21231],[-120.48784,48.21239],[-120.48632,48.2119],[-120.48462,48.21111],[-120.4845,48.21075],[-120.48457,48.20996],[-120.48531,48.2092],[-120.48713,48.20878],[-120.48689,48.20836],[-120.48729,48.20825],[-120.48747,48.20741],[-120.48787,48.20654],[-120.4909,48.20596],[-120.49105,48.20519],[-120.4891,48.20471],[-120.48448,48.20515],[-120.48289,48.20479],[-120.48128,48.20497],[-120.482,48.20557],[-120.47825,48.20584],[-120.47674,48.20535],[-120.47568,48.20358],[-120.47545,48.20279],[-120.46904,48.20035],[-120.46722,48.19919],[-120.46674,48.19903],[-120.4663,48.19937],[-120.46547,48.19925],[-120.46643,48.19969],[-120.46725,48.19978],[-120.4673,48.20019],[-120.46659,48.20046],[-120.46536,48.20024],[-120.46444,48.1996],[-120.46441,48.2002],[-120.46412,48.20099],[-120.46296,48.20283],[-120.46229,48.20338],[-120.46091,48.20494],[-120.4607,48.2056],[-120.46061,48.20707],[-120.45991,48.20807],[-120.45854,48.20941],[-120.45968,48.21119],[-120.45838,48.21181],[-120.45642,48.21303],[-120.45491,48.21211],[-120.45724,48.21083],[-120.45783,48.20947],[-120.45778,48.20817],[-120.45814,48.20651],[-120.45917,48.20471],[-120.45798,48.20477],[-120.45639,48.20446],[-120.45547,48.20366],[-120.45495,48.20506],[-120.45314,48.20685],[-120.45466,48.20785],[-120.45535,48.20884],[-120.45575,48.20982],[-120.45556,48.20995],[-120.454,48.21001],[-120.45194,48.20917],[-120.45001,48.20787],[-120.44828,48.20812],[-120.44678,48.20792],[-120.44523,48.20687],[-120.44361,48.20653],[-120.44176,48.20532],[-120.44297,48.20536],[-120.44422,48.20499],[-120.44697,48.20587],[-120.44841,48.20493],[-120.45058,48.20407],[-120.45101,48.20311],[-120.44954,48.202],[-120.44925,48.20199],[-120.44815,48.20151],[-120.44774,48.20174],[-120.447,48.20183],[-120.44637,48.20188],[-120.44615,48.20153],[-120.4456,48.20174],[-120.44585,48.20122],[-120.44401,48.20072],[-120.44398,48.20103],[-120.44362,48.20134],[-120.44369,48.20224],[-120.44392,48.20268],[-120.44012,48.20448],[-120.43788,48.20418],[-120.43677,48.20388],[-120.4361,48.20343],[-120.43509,48.20303],[-120.43445,48.20251],[-120.434,48.20261],[-120.43371,48.20242],[-120.43335,48.20246],[-120.4294,48.2008],[-120.42931,48.2004],[-120.42997,48.20023],[-120.4297,48.19997],[-120.42869,48.19981],[-120.42896,48.19956],[-120.4293,48.19947],[-120.4286,48.19843],[-120.42897,48.19833],[-120.42865,48.19748],[-120.42865,48.19687],[-120.4295,48.19704],[-120.42984,48.19731],[-120.43013,48.19719],[-120.42877,48.19671],[-120.42935,48.1965],[-120.42995,48.1965],[-120.43001,48.1963],[-120.4294,48.19605],[-120.42927,48.19572],[-120.42858,48.1954],[-120.42885,48.19513],[-120.42865,48.1951],[-120.42847,48.19477],[-120.42854,48.19467],[-120.42872,48.19487],[-120.42906,48.19472],[-120.42872,48.19422],[-120.42895,48.19415],[-120.42943,48.19441],[-120.42971,48.19441],[-120.42959,48.19469],[-120.43005,48.19492],[-120.43005,48.19422],[-120.43031,48.19364],[-120.42845,48.193],[-120.42519,48.19317],[-120.42469,48.19305],[-120.42428,48.1927],[-120.42434,48.19256],[-120.42389,48.19225],[-120.42385,48.192],[-120.42309,48.19158],[-120.42205,48.19148],[-120.42158,48.19117],[-120.42161,48.19093],[-120.42149,48.19081],[-120.42036,48.19034],[-120.42006,48.18986],[-120.4203,48.18968],[-120.42027,48.18956],[-120.41966,48.18961],[-120.41939,48.18991],[-120.41849,48.18975],[-120.41912,48.18939],[-120.4191,48.1893],[-120.42002,48.18908],[-120.41873,48.1889],[-120.41837,48.18907],[-120.41868,48.18924],[-120.4183,48.18923],[-120.41839,48.18925],[-120.41812,48.18951],[-120.41792,48.18945],[-120.41792,48.18926],[-120.41746,48.18943],[-120.41697,48.18921],[-120.41692,48.18912],[-120.41734,48.18896],[-120.41793,48.18894],[-120.41794,48.1888],[-120.41722,48.1884],[-120.41722,48.18785],[-120.4176,48.18729],[-120.41748,48.18717],[-120.41669,48.18728],[-120.41687,48.18709],[-120.4173,48.18695],[-120.41712,48.18691],[-120.41682,48.18649],[-120.41746,48.18626],[-120.41786,48.18642],[-120.41808,48.18618],[-120.41907,48.18656],[-120.41951,48.18634],[-120.41919,48.18624],[-120.41902,48.18585],[-120.41872,48.18575],[-120.41806,48.18517],[-120.41745,48.18533],[-120.41706,48.18518],[-120.41748,48.18514],[-120.41813,48.18473],[-120.41795,48.1841],[-120.41668,48.18404],[-120.41495,48.18204],[-120.41531,48.182],[-120.41486,48.18194],[-120.41422,48.18205],[-120.41366,48.18248],[-120.41308,48.18272],[-120.41295,48.18258],[-120.41308,48.18248],[-120.4128,48.18236],[-120.41325,48.18158],[-120.41286,48.18156],[-120.41259,48.18175],[-120.41169,48.18149],[-120.41157,48.18139],[-120.41166,48.18117],[-120.41276,48.18097],[-120.413,48.18078],[-120.414,48.18092],[-120.41454,48.18068],[-120.41512,48.18068],[-120.4163,48.18038],[-120.41646,48.18023],[-120.41679,48.18024],[-120.41675,48.18043],[-120.41697,48.18051],[-120.41781,48.18029],[-120.41912,48.18029],[-120.42059,48.18099],[-120.42136,48.1815],[-120.4221,48.18148],[-120.42267,48.18114],[-120.42336,48.18148],[-120.42456,48.18165],[-120.42551,48.18211],[-120.42582,48.18271],[-120.42746,48.18287],[-120.42806,48.18344],[-120.42879,48.18339],[-120.42951,48.18295],[-120.43045,48.18172],[-120.43104,48.18116],[-120.43086,48.1807],[-120.43124,48.18026],[-120.43102,48.17924],[-120.43124,48.17837],[-120.43134,48.17692],[-120.43232,48.17666],[-120.43254,48.17623],[-120.43249,48.17608],[-120.43194,48.17626],[-120.43156,48.17623],[-120.43178,48.17368],[-120.43249,48.17314],[-120.43325,48.1731],[-120.43384,48.17324],[-120.43466,48.17306],[-120.43476,48.17293],[-120.43263,48.17294],[-120.43159,48.17223],[-120.43134,48.17229],[-120.43113,48.17293],[-120.43018,48.17296],[-120.42981,48.17334],[-120.42829,48.1737],[-120.42771,48.17525],[-120.42691,48.17528],[-120.42674,48.1749],[-120.42685,48.17365],[-120.42653,48.17347],[-120.42647,48.17324],[-120.42656,48.17291],[-120.42707,48.17233],[-120.42723,48.17194],[-120.42766,48.17163],[-120.42899,48.17114],[-120.42909,48.17065],[-120.4301,48.17015],[-120.43115,48.17031],[-120.43148,48.17051],[-120.43183,48.17051],[-120.43206,48.17032],[-120.43191,48.16985],[-120.43162,48.16956],[-120.43035,48.16937],[-120.43024,48.16898],[-120.42979,48.16902],[-120.42872,48.1694],[-120.42771,48.16944],[-120.42714,48.16868],[-120.42496,48.16958],[-120.4244,48.16939],[-120.42364,48.16869],[-120.42277,48.16864],[-120.42122,48.1679],[-120.42077,48.16606],[-120.42135,48.16529],[-120.42199,48.16528],[-120.4233,48.165],[-120.42459,48.16452],[-120.4241,48.16401],[-120.42237,48.16397],[-120.4209,48.16466],[-120.41992,48.16488],[-120.4184,48.16546],[-120.4171,48.16535],[-120.41639,48.16502],[-120.41536,48.16502],[-120.41476,48.16488],[-120.41438,48.16462],[-120.41384,48.16474],[-120.41379,48.16442],[-120.41274,48.16438],[-120.41104,48.16457],[-120.41011,48.16484],[-120.40942,48.16438],[-120.40803,48.16455],[-120.40803,48.16425],[-120.40889,48.16421],[-120.40764,48.16385],[-120.40601,48.16314],[-120.40313,48.16096],[-120.40269,48.16114],[-120.40219,48.16094],[-120.40246,48.16052],[-120.40201,48.16017],[-120.40173,48.16019],[-120.40152,48.15994],[-120.40159,48.1598],[-120.4014,48.15963],[-120.40104,48.15854],[-120.4009,48.15745],[-120.40144,48.157],[-120.40109,48.15686],[-120.40189,48.15631],[-120.4018,48.15567],[-120.40283,48.15584],[-120.40251,48.15616],[-120.40276,48.15613],[-120.40312,48.15659],[-120.40352,48.1566],[-120.40367,48.15685],[-120.40416,48.15683],[-120.40537,48.15707],[-120.40664,48.15859],[-120.408,48.15988],[-120.40841,48.15999],[-120.40893,48.16041],[-120.41175,48.16091],[-120.41334,48.16089],[-120.41357,48.16041],[-120.41357,48.15961],[-120.41332,48.15886],[-120.4103,48.15872],[-120.40956,48.15833],[-120.40977,48.15732],[-120.40904,48.15659],[-120.40732,48.15536],[-120.4093,48.15528],[-120.40947,48.15505],[-120.40768,48.15482],[-120.40822,48.15295],[-120.40782,48.15265],[-120.40799,48.15205],[-120.40839,48.15182],[-120.41013,48.15143],[-120.40888,48.15056],[-120.4075,48.15079],[-120.40681,48.15071],[-120.40612,48.15017],[-120.40697,48.14943],[-120.40508,48.14906],[-120.40501,48.14864],[-120.40609,48.14842],[-120.40646,48.14804],[-120.40772,48.14809],[-120.40754,48.14798],[-120.40758,48.14782],[-120.40691,48.14778],[-120.40723,48.14762],[-120.40755,48.14725],[-120.40716,48.14663],[-120.40796,48.14609],[-120.40889,48.14648],[-120.40921,48.14617],[-120.40999,48.14638],[-120.41041,48.1467],[-120.40992,48.1469],[-120.41221,48.14756],[-120.41244,48.14786],[-120.41308,48.14794],[-120.41384,48.14859],[-120.41448,48.14858],[-120.41471,48.14906],[-120.41475,48.1496],[-120.41462,48.14987],[-120.41473,48.14999],[-120.41479,48.15079],[-120.41554,48.1515],[-120.41602,48.15154],[-120.41699,48.15213],[-120.41747,48.15087],[-120.41797,48.15029],[-120.41902,48.14988],[-120.41954,48.15027],[-120.41963,48.14978],[-120.42006,48.1499],[-120.4202,48.15073],[-120.42047,48.15081],[-120.42074,48.15125],[-120.42047,48.1515],[-120.42058,48.15208],[-120.42085,48.15256],[-120.42128,48.15256],[-120.4215,48.1523],[-120.4215,48.15197],[-120.42118,48.15176],[-120.42123,48.15143],[-120.42221,48.15139],[-120.42232,48.15114],[-120.42194,48.15081],[-120.42295,48.15083],[-120.42317,48.15031],[-120.42274,48.15032],[-120.42249,48.15007],[-120.4223,48.14952],[-120.42312,48.14914],[-120.42496,48.1498],[-120.42444,48.1486],[-120.42505,48.14765],[-120.42586,48.14724],[-120.42647,48.1471],[-120.42787,48.14721],[-120.42793,48.14709],[-120.42773,48.14682],[-120.42777,48.14653],[-120.42815,48.14658],[-120.42836,48.14689],[-120.42906,48.14692],[-120.42918,48.14643],[-120.42954,48.14604],[-120.43007,48.14482],[-120.43056,48.14434],[-120.43308,48.14404],[-120.43501,48.14396],[-120.43537,48.14425],[-120.43559,48.14482],[-120.43542,48.14613],[-120.43497,48.14768],[-120.43453,48.14819],[-120.43394,48.14841],[-120.43383,48.14881],[-120.43252,48.14892],[-120.43225,48.14916],[-120.4328,48.14914],[-120.43307,48.1495],[-120.43272,48.14985],[-120.43247,48.14978],[-120.43247,48.14954],[-120.43214,48.14925],[-120.4314,48.14956],[-120.43152,48.14966],[-120.43103,48.15023],[-120.43269,48.15012],[-120.43263,48.15048],[-120.43294,48.15083],[-120.43301,48.15019],[-120.43377,48.14965],[-120.43394,48.14936],[-120.43437,48.14939],[-120.4341,48.15012],[-120.4335,48.15023],[-120.43356,48.15117],[-120.43307,48.15161],[-120.43276,48.15137],[-120.43279,48.15187],[-120.43231,48.15188],[-120.43213,48.15216],[-120.43193,48.15208],[-120.43173,48.15245],[-120.43126,48.15243],[-120.43057,48.1531],[-120.43068,48.15368],[-120.43116,48.15445],[-120.43147,48.15434],[-120.43156,48.15416],[-120.43097,48.15368],[-120.43231,48.15348],[-120.43221,48.15377],[-120.43252,48.1539],[-120.43307,48.15368],[-120.43345,48.15394],[-120.43296,48.15466],[-120.43288,48.15505],[-120.43336,48.15494],[-120.43376,48.1546],[-120.43459,48.15444],[-120.43474,48.15416],[-120.43535,48.15411],[-120.4355,48.15426],[-120.43538,48.1545],[-120.43605,48.15478],[-120.43626,48.15511],[-120.436,48.15537],[-120.43534,48.15565],[-120.43501,48.15638],[-120.43434,48.15653],[-120.43402,48.15687],[-120.43274,48.15692],[-120.43216,48.15739],[-120.43247,48.15786],[-120.43247,48.15816],[-120.4335,48.15842],[-120.43473,48.15835],[-120.43558,48.15812],[-120.43574,48.1579],[-120.43627,48.15774],[-120.43742,48.15776],[-120.43804,48.15734],[-120.43909,48.15744],[-120.43917,48.15719],[-120.44105,48.15627],[-120.44147,48.15624],[-120.4421,48.15585],[-120.44293,48.15603],[-120.444,48.15596],[-120.44425,48.15618],[-120.44478,48.15627],[-120.44715,48.15605],[-120.44757,48.15581],[-120.44754,48.15554],[-120.44679,48.15514],[-120.44623,48.15506],[-120.44594,48.15481],[-120.44622,48.15454],[-120.44566,48.15409],[-120.44313,48.15353],[-120.44316,48.15329],[-120.44388,48.15291],[-120.44453,48.15289],[-120.44561,48.15312],[-120.4459,48.15331],[-120.44658,48.15336],[-120.4472,48.15369],[-120.44831,48.15382],[-120.44921,48.15441],[-120.45017,48.15468],[-120.45108,48.15449],[-120.45185,48.15399],[-120.45143,48.15334],[-120.452,48.15301],[-120.45223,48.1527],[-120.4519,48.15236],[-120.45144,48.15222],[-120.45152,48.15195],[-120.4521,48.15208],[-120.45222,48.15171],[-120.45276,48.15181],[-120.45281,48.15239],[-120.45348,48.15312],[-120.45323,48.15344],[-120.45323,48.15401],[-120.45357,48.15423],[-120.45441,48.15426],[-120.45473,48.15405],[-120.45478,48.15369],[-120.45508,48.15338],[-120.45587,48.15298],[-120.45584,48.1526],[-120.45529,48.15189],[-120.45411,48.1515],[-120.45433,48.15139],[-120.45567,48.15153],[-120.45604,48.15128],[-120.45589,48.15101],[-120.45611,48.15084],[-120.45571,48.15052],[-120.45593,48.15035],[-120.45665,48.15042],[-120.45692,48.15063],[-120.45689,48.15077],[-120.45732,48.1509],[-120.4573,48.15061],[-120.45746,48.15053],[-120.45745,48.15037],[-120.45711,48.15025],[-120.4567,48.14988],[-120.45544,48.14969],[-120.45513,48.14933],[-120.45449,48.14931],[-120.45407,48.14959],[-120.45342,48.14962],[-120.45321,48.14954],[-120.45317,48.14928],[-120.4529,48.14898],[-120.45296,48.14885],[-120.45349,48.14898],[-120.45372,48.14883],[-120.4529,48.14841],[-120.45225,48.1485],[-120.4515,48.14814],[-120.45157,48.14801],[-120.45218,48.14787],[-120.45388,48.14831],[-120.45413,48.14809],[-120.45499,48.14795],[-120.45556,48.14728],[-120.45478,48.14719],[-120.4543,48.14744],[-120.45336,48.14745],[-120.45272,48.14719],[-120.45196,48.14722],[-120.45117,48.147],[-120.44895,48.1469],[-120.44827,48.14665],[-120.44815,48.1465],[-120.44822,48.14614],[-120.44867,48.14603],[-120.44935,48.14612],[-120.44948,48.14606],[-120.44922,48.14595],[-120.44928,48.14568],[-120.44965,48.14551],[-120.45,48.14557],[-120.45039,48.14539],[-120.45053,48.14515],[-120.45095,48.14523],[-120.45113,48.14512],[-120.452,48.14507],[-120.45285,48.14523],[-120.45309,48.14514],[-120.45192,48.14461],[-120.45163,48.14416],[-120.45078,48.14388],[-120.45065,48.14362],[-120.45071,48.1434],[-120.45128,48.14324],[-120.45186,48.14331],[-120.45215,48.14314],[-120.45284,48.14304],[-120.45327,48.14311],[-120.45349,48.1433],[-120.45426,48.14331],[-120.45469,48.14365],[-120.45529,48.14348],[-120.45582,48.14392],[-120.45646,48.14401],[-120.45669,48.14428],[-120.45689,48.14428],[-120.45695,48.14402],[-120.45735,48.1438],[-120.45714,48.14361],[-120.45716,48.14335],[-120.45705,48.14324],[-120.45742,48.14306],[-120.45809,48.14337],[-120.45845,48.14389],[-120.45887,48.14412],[-120.45986,48.14422],[-120.45993,48.14447],[-120.46021,48.14452],[-120.46153,48.14451],[-120.46156,48.14413],[-120.46112,48.14339],[-120.46131,48.14309],[-120.46081,48.14248],[-120.46088,48.14225],[-120.46107,48.14219],[-120.46287,48.14259],[-120.46374,48.14208],[-120.46441,48.14193],[-120.46488,48.14158],[-120.46595,48.14128],[-120.46588,48.14095],[-120.46667,48.14072],[-120.4667,48.14061],[-120.46652,48.14049],[-120.46661,48.14034],[-120.46768,48.14022],[-120.46831,48.14032],[-120.46815,48.13998],[-120.46838,48.1397],[-120.46928,48.13932],[-120.46939,48.13914],[-120.46896,48.13881],[-120.46918,48.13868],[-120.46991,48.13864],[-120.47044,48.13801],[-120.47266,48.13701],[-120.47114,48.13509],[-120.47066,48.13419],[-120.47021,48.13464],[-120.47023,48.13549],[-120.47002,48.13535],[-120.46984,48.13479],[-120.46905,48.13584],[-120.46832,48.13652],[-120.46804,48.13662],[-120.46795,48.13697],[-120.4673,48.13745],[-120.46753,48.13644],[-120.46781,48.13624],[-120.46717,48.13625],[-120.46713,48.13645],[-120.46675,48.13668],[-120.46638,48.13656],[-120.46549,48.13693],[-120.46462,48.13697],[-120.46491,48.13647],[-120.4654,48.1363],[-120.46547,48.13614],[-120.46522,48.13599],[-120.4645,48.13598],[-120.46382,48.13571],[-120.46382,48.13538],[-120.46409,48.13535],[-120.46425,48.13527],[-120.46409,48.13516],[-120.46445,48.13508],[-120.46473,48.13521],[-120.46519,48.13515],[-120.46563,48.13452],[-120.46623,48.13448],[-120.4666,48.1348],[-120.46759,48.13476],[-120.46826,48.13447],[-120.46828,48.13403],[-120.46753,48.13383],[-120.46745,48.13363],[-120.46838,48.13297],[-120.46964,48.13331],[-120.47058,48.13314],[-120.47106,48.13247],[-120.47404,48.13023],[-120.47378,48.13001],[-120.47375,48.12978],[-120.47482,48.12931],[-120.47461,48.12893],[-120.47593,48.12849],[-120.47604,48.12835],[-120.47592,48.1282],[-120.47478,48.12821],[-120.47448,48.1281],[-120.47426,48.12834],[-120.47344,48.12834],[-120.47355,48.12884],[-120.4734,48.12961],[-120.47211,48.13017],[-120.47165,48.13012],[-120.47157,48.12976],[-120.47172,48.12915],[-120.47165,48.12864],[-120.47174,48.12815],[-120.47158,48.12816],[-120.47125,48.12853],[-120.46992,48.12847],[-120.46933,48.1282],[-120.4692,48.12788],[-120.46892,48.12773],[-120.46887,48.12746],[-120.46859,48.12727],[-120.46692,48.12671],[-120.46669,48.12629],[-120.46697,48.12576],[-120.46714,48.12572],[-120.46755,48.12618],[-120.46793,48.12616],[-120.46813,48.12586],[-120.46869,48.12574],[-120.46846,48.12561],[-120.46792,48.12574],[-120.46757,48.1256],[-120.46813,48.12541],[-120.46812,48.1253],[-120.46841,48.12514],[-120.4676,48.12467],[-120.46756,48.12454],[-120.46779,48.12435],[-120.46777,48.12422],[-120.46732,48.12407],[-120.46728,48.12382],[-120.46744,48.12377],[-120.46723,48.12328],[-120.46683,48.12298],[-120.46588,48.12303],[-120.4656,48.1228],[-120.46521,48.12274],[-120.46457,48.12239],[-120.46447,48.12193],[-120.46432,48.12184],[-120.46367,48.12174],[-120.46277,48.12199],[-120.46203,48.12093],[-120.46086,48.12065],[-120.46058,48.12044],[-120.4603,48.1206],[-120.45996,48.12044],[-120.46016,48.12013],[-120.4598,48.11987],[-120.46001,48.11925],[-120.45975,48.11903],[-120.46015,48.11868],[-120.45947,48.11825],[-120.45948,48.11809],[-120.45991,48.11805],[-120.45895,48.11746],[-120.45908,48.1173],[-120.45937,48.11727],[-120.46052,48.11765],[-120.46039,48.1173],[-120.46056,48.11714],[-120.46073,48.11639],[-120.4605,48.11592],[-120.45986,48.11549],[-120.45962,48.11552],[-120.45935,48.11532],[-120.45967,48.11582],[-120.45937,48.11584],[-120.45908,48.11619],[-120.45883,48.11627],[-120.45817,48.11627],[-120.45811,48.11689],[-120.45695,48.11718],[-120.45685,48.11697],[-120.4562,48.11692],[-120.45597,48.11636],[-120.45611,48.11617],[-120.45591,48.11616],[-120.45584,48.11603],[-120.45632,48.11576],[-120.45606,48.11563],[-120.45603,48.11548],[-120.45616,48.11541],[-120.4556,48.11519],[-120.45535,48.1148],[-120.4554,48.11464],[-120.45603,48.11451],[-120.45584,48.11405],[-120.45604,48.11381],[-120.45604,48.11357],[-120.45571,48.11335],[-120.45591,48.11317],[-120.45652,48.11302],[-120.45679,48.11261],[-120.45658,48.11245],[-120.45709,48.11175],[-120.45701,48.1116],[-120.45632,48.11144],[-120.45635,48.11127],[-120.45723,48.11095],[-120.45811,48.11086],[-120.4582,48.11068],[-120.45773,48.11043],[-120.45662,48.11028],[-120.45643,48.11004],[-120.45561,48.11],[-120.45545,48.10979],[-120.45645,48.10961],[-120.45507,48.10906],[-120.45528,48.10969],[-120.45506,48.1103],[-120.45514,48.11055],[-120.45537,48.11059],[-120.45551,48.11085],[-120.45512,48.11094],[-120.45498,48.11121],[-120.45455,48.11125],[-120.45488,48.11144],[-120.45477,48.11168],[-120.45441,48.11175],[-120.4543,48.11191],[-120.45355,48.11191],[-120.45338,48.1118],[-120.45339,48.11161],[-120.45365,48.11156],[-120.45323,48.11136],[-120.45311,48.11103],[-120.4532,48.11081],[-120.45271,48.10942],[-120.45293,48.10921],[-120.4528,48.10886],[-120.45374,48.1084],[-120.456,48.10865],[-120.45628,48.10828],[-120.45623,48.108],[-120.45811,48.10645],[-120.4587,48.10532],[-120.45759,48.10545],[-120.45742,48.10582],[-120.45643,48.10578],[-120.45632,48.10558],[-120.45653,48.10535],[-120.45641,48.10488],[-120.45627,48.10484],[-120.45597,48.10418],[-120.45673,48.10403],[-120.45708,48.10432],[-120.45761,48.10368],[-120.45796,48.10346],[-120.45965,48.1036],[-120.46017,48.10339],[-120.46086,48.10343],[-120.46131,48.10299],[-120.46211,48.10277],[-120.46164,48.10266],[-120.46145,48.10242],[-120.46165,48.10227],[-120.46228,48.10221],[-120.4625,48.10249],[-120.46326,48.1025],[-120.46356,48.10225],[-120.46515,48.10159],[-120.46841,48.10083],[-120.46932,48.10033],[-120.47477,48.09936],[-120.47621,48.09876],[-120.47901,48.09938],[-120.48036,48.09878],[-120.4804,48.09961],[-120.48103,48.09941],[-120.48155,48.09961],[-120.48227,48.09963],[-120.483,48.10004],[-120.48308,48.10045],[-120.48355,48.1005],[-120.48369,48.10066],[-120.48377,48.10097],[-120.48359,48.10114],[-120.48327,48.10106],[-120.48331,48.10117],[-120.4836,48.10127],[-120.48411,48.10112],[-120.4844,48.10125],[-120.48453,48.1011],[-120.48487,48.1011],[-120.48535,48.10139],[-120.48601,48.10199],[-120.48604,48.10224],[-120.48644,48.10251],[-120.4865,48.10272],[-120.48637,48.10289],[-120.48678,48.10316],[-120.48669,48.10327],[-120.48689,48.10332],[-120.48687,48.10354],[-120.4874,48.10383],[-120.48791,48.10365],[-120.48812,48.10377],[-120.48806,48.10404],[-120.48779,48.1043],[-120.48787,48.10462],[-120.48766,48.10506],[-120.4877,48.10522],[-120.48825,48.10532],[-120.48881,48.10584],[-120.48913,48.10585],[-120.48922,48.10604],[-120.48982,48.10634],[-120.48992,48.10663],[-120.48983,48.10677],[-120.49003,48.1072],[-120.48981,48.10731],[-120.48977,48.10784],[-120.49042,48.10797],[-120.49081,48.10833],[-120.49096,48.10882],[-120.4907,48.10904],[-120.49168,48.10993],[-120.49191,48.11032],[-120.49192,48.11184],[-120.4917,48.11226],[-120.49158,48.11357],[-120.49179,48.11374],[-120.49148,48.11432],[-120.491,48.11485],[-120.49119,48.11563],[-120.49086,48.11627],[-120.49089,48.1166],[-120.49067,48.11705],[-120.49069,48.11758],[-120.49035,48.11819],[-120.49066,48.11879],[-120.49057,48.11925],[-120.49082,48.1197],[-120.49125,48.12004],[-120.49125,48.12029],[-120.4907,48.12092],[-120.49084,48.12103],[-120.49073,48.12167],[-120.49133,48.12236],[-120.49129,48.12262],[-120.49096,48.12307],[-120.49023,48.12533],[-120.49031,48.1257],[-120.49015,48.12628],[-120.49061,48.127],[-120.49006,48.12776],[-120.49048,48.12805],[-120.49048,48.12852],[-120.49061,48.12874],[-120.49101,48.12892],[-120.49117,48.1295],[-120.49107,48.12975],[-120.49087,48.12984],[-120.49097,48.13042],[-120.49086,48.13066],[-120.49107,48.13089],[-120.49101,48.13132],[-120.49117,48.1317],[-120.49178,48.13214],[-120.49161,48.13262],[-120.49187,48.13363],[-120.49144,48.13453],[-120.49146,48.13502],[-120.492,48.13615],[-120.49196,48.13652],[-120.49167,48.13698],[-120.49191,48.13826],[-120.49116,48.13888],[-120.49133,48.13951],[-120.49124,48.14024],[-120.49177,48.1414],[-120.49219,48.14181],[-120.49249,48.14267],[-120.49212,48.14292],[-120.49218,48.14327],[-120.49274,48.14381],[-120.49338,48.1448],[-120.49468,48.14503],[-120.49528,48.14544],[-120.49605,48.14568],[-120.49719,48.14575],[-120.49817,48.14625],[-120.49871,48.14689],[-120.49911,48.14803],[-120.49887,48.14886],[-120.49827,48.14949],[-120.49861,48.14996],[-120.49814,48.15038],[-120.49783,48.15157],[-120.49803,48.15168],[-120.4982,48.15239],[-120.49906,48.15372],[-120.49991,48.15447],[-120.50073,48.15458],[-120.5013,48.15488],[-120.50244,48.15512],[-120.50295,48.15503],[-120.50342,48.15471],[-120.50446,48.15492],[-120.50451,48.15514],[-120.50472,48.15507],[-120.50501,48.15518],[-120.50547,48.15551],[-120.50562,48.1558],[-120.50555,48.15597],[-120.50628,48.15675],[-120.50623,48.157],[-120.50713,48.15701],[-120.50755,48.1573],[-120.50817,48.15726],[-120.50926,48.15742],[-120.50988,48.15773],[-120.51257,48.15806],[-120.51482,48.15877],[-120.51496,48.15897],[-120.51485,48.15933],[-120.5154,48.15946],[-120.51562,48.1598],[-120.51678,48.16047],[-120.51683,48.16062],[-120.51647,48.16089],[-120.5166,48.16115],[-120.51749,48.16132],[-120.5181,48.16178],[-120.51815,48.16197],[-120.51803,48.16217],[-120.51824,48.16232],[-120.51826,48.16256],[-120.51932,48.16273],[-120.51931,48.16306],[-120.52007,48.16323],[-120.5208,48.16377],[-120.52077,48.16403],[-120.52114,48.16429],[-120.52098,48.16461],[-120.52151,48.16516],[-120.52158,48.16544],[-120.52145,48.1658],[-120.52059,48.16649],[-120.52076,48.16748],[-120.52151,48.16794],[-120.5217,48.1683],[-120.52201,48.16843],[-120.52211,48.16862],[-120.52251,48.16873],[-120.5228,48.16906],[-120.52275,48.16926],[-120.52338,48.16963],[-120.52329,48.17017],[-120.52368,48.17048],[-120.52363,48.17097],[-120.52381,48.17112],[-120.52402,48.17184],[-120.52425,48.17223],[-120.52529,48.17277],[-120.526,48.17346],[-120.52586,48.17368],[-120.52609,48.17403],[-120.52597,48.17453],[-120.52615,48.17501],[-120.5264,48.17538],[-120.52662,48.17547],[-120.52685,48.17624],[-120.52708,48.17633],[-120.5273,48.17681],[-120.52608,48.17695],[-120.52601,48.17707],[-120.52553,48.17707],[-120.52462,48.17739],[-120.52486,48.17761],[-120.52502,48.17816],[-120.52523,48.1783],[-120.52547,48.17879],[-120.52586,48.17909],[-120.52657,48.17922],[-120.52682,48.17952],[-120.52665,48.1796],[-120.52687,48.17979],[-120.5261,48.18049],[-120.52631,48.18051],[-120.52632,48.18077],[-120.5265,48.18098],[-120.52658,48.18168],[-120.5287,48.18258],[-120.53005,48.18227],[-120.53126,48.18226],[-120.53137,48.18269],[-120.53189,48.18295],[-120.53201,48.18346],[-120.53235,48.18363],[-120.53232,48.18378],[-120.53249,48.184],[-120.53293,48.18409],[-120.53328,48.18497],[-120.53363,48.18516],[-120.53406,48.18566],[-120.53434,48.18573],[-120.53431,48.18607],[-120.53475,48.18612],[-120.53496,48.1864],[-120.5349,48.18654],[-120.53554,48.1868],[-120.53564,48.18704],[-120.53609,48.18742],[-120.53637,48.18802],[-120.53615,48.18844],[-120.53621,48.18873],[-120.53701,48.18932],[-120.53724,48.18936],[-120.53719,48.18957],[-120.53755,48.18972],[-120.53776,48.19012],[-120.53763,48.19024],[-120.53776,48.19043],[-120.53814,48.1906],[-120.53838,48.19095],[-120.53933,48.19116],[-120.53971,48.19169],[-120.5407,48.19208],[-120.5407,48.19234],[-120.54099,48.19259],[-120.54102,48.19296],[-120.54138,48.19322],[-120.54138,48.19357],[-120.54168,48.19376],[-120.54175,48.19404],[-120.54203,48.19419],[-120.54197,48.19433],[-120.54214,48.19454],[-120.54264,48.19488],[-120.54269,48.19521],[-120.54252,48.19544],[-120.5426,48.19562],[-120.54379,48.19625],[-120.54529,48.1967],[-120.5454,48.19694],[-120.54588,48.19713],[-120.54606,48.19762],[-120.54784,48.19825],[-120.54836,48.19817],[-120.54866,48.19834],[-120.5493,48.19959],[-120.55062,48.20042],[-120.55147,48.20078],[-120.55161,48.20111],[-120.55255,48.20221],[-120.55333,48.2028],[-120.55361,48.20327],[-120.55433,48.2038],[-120.55509,48.20411],[-120.55662,48.20504],[-120.55977,48.2062],[-120.56149,48.20588],[-120.56335,48.20641],[-120.56408,48.20688],[-120.5643,48.2082],[-120.56509,48.20856],[-120.56661,48.209],[-120.56807,48.2092],[-120.56908,48.20964],[-120.57068,48.20968],[-120.57214,48.21048],[-120.57316,48.21032],[-120.57479,48.21041],[-120.57485,48.21064],[-120.57535,48.21094],[-120.57595,48.21188],[-120.57637,48.21214],[-120.57674,48.2121],[-120.5775,48.21235],[-120.57757,48.21267],[-120.57788,48.21271],[-120.57798,48.21287],[-120.579,48.21276],[-120.57898,48.21242],[-120.57938,48.21245],[-120.58085,48.21289],[-120.58188,48.21301],[-120.58231,48.21336],[-120.58352,48.21317],[-120.58402,48.2134],[-120.58527,48.21316],[-120.58629,48.21333],[-120.58653,48.21351],[-120.58742,48.21372],[-120.58762,48.21393],[-120.58876,48.21405],[-120.58889,48.21427],[-120.58971,48.2145],[-120.59019,48.21494],[-120.59078,48.21509],[-120.59178,48.21578],[-120.5924,48.21588],[-120.59326,48.21625],[-120.59346,48.21674],[-120.59389,48.21707],[-120.5956,48.21715],[-120.59606,48.21756],[-120.59617,48.21817],[-120.59791,48.21876],[-120.59724,48.21931],[-120.59627,48.21945],[-120.59589,48.21967],[-120.59608,48.22029],[-120.59671,48.22053],[-120.59733,48.22059],[-120.598,48.22091],[-120.59952,48.22113],[-120.59977,48.22151],[-120.60077,48.222],[-120.60131,48.2229],[-120.60241,48.22336],[-120.60273,48.22362],[-120.60284,48.22384],[-120.6032,48.22403],[-120.60403,48.22485],[-120.60417,48.22548],[-120.60488,48.22573],[-120.60478,48.22604],[-120.60505,48.22618],[-120.60501,48.22641],[-120.60602,48.22676],[-120.60616,48.22715],[-120.60609,48.22749],[-120.60686,48.22792],[-120.60714,48.22922],[-120.60776,48.22955],[-120.60805,48.22997],[-120.60855,48.23033],[-120.60927,48.23158],[-120.60809,48.23247],[-120.60742,48.23317],[-120.60692,48.23338],[-120.60691,48.23432],[-120.6073,48.23608],[-120.60596,48.23797],[-120.60541,48.23849],[-120.60399,48.23861],[-120.60427,48.23899],[-120.6042,48.23917],[-120.60431,48.23935],[-120.60496,48.23962],[-120.60376,48.24055],[-120.60401,48.24064],[-120.60428,48.24096],[-120.60469,48.24098],[-120.60462,48.2412],[-120.60436,48.24135],[-120.60465,48.24147],[-120.60444,48.24169],[-120.60449,48.24193],[-120.60517,48.24226],[-120.60528,48.242],[-120.60597,48.24194],[-120.60621,48.2418],[-120.60637,48.24149],[-120.60772,48.24092],[-120.60849,48.24113],[-120.60897,48.24145],[-120.60957,48.24156],[-120.60969,48.24202],[-120.61002,48.24216],[-120.61038,48.24213],[-120.6103,48.24242],[-120.61074,48.24325],[-120.6108,48.24376],[-120.61128,48.24425],[-120.61253,48.24501],[-120.61289,48.24568],[-120.61345,48.24578],[-120.61295,48.24583],[-120.61335,48.24624],[-120.61347,48.24663],[-120.61529,48.24749],[-120.61532,48.24767],[-120.6156,48.24782],[-120.61563,48.24813],[-120.61595,48.24857],[-120.61635,48.24883],[-120.61644,48.24911],[-120.61626,48.24949],[-120.61647,48.24986],[-120.61624,48.25041],[-120.61615,48.25143],[-120.61741,48.2525],[-120.61753,48.25288],[-120.61737,48.25366],[-120.61791,48.25441],[-120.61857,48.25502],[-120.61873,48.25547],[-120.61914,48.25582],[-120.61927,48.25731],[-120.61968,48.25851],[-120.6193,48.25871],[-120.61935,48.25907],[-120.6198,48.25916],[-120.61979,48.25965],[-120.62038,48.25999],[-120.6206,48.26027],[-120.62057,48.26048],[-120.62011,48.26072],[-120.61992,48.26146],[-120.6196,48.26173],[-120.61951,48.26204],[-120.61995,48.26349],[-120.62086,48.26425],[-120.62077,48.26472],[-120.6215,48.26571],[-120.62107,48.26692],[-120.6212,48.26749],[-120.62177,48.26839],[-120.62249,48.26911],[-120.62299,48.26945],[-120.6233,48.26949],[-120.6232,48.27001],[-120.62369,48.27066],[-120.62523,48.27158],[-120.62552,48.27225],[-120.62591,48.27261],[-120.62599,48.27296],[-120.62626,48.27322],[-120.62705,48.27347],[-120.62722,48.27406],[-120.62797,48.27411],[-120.62827,48.27401],[-120.62921,48.27456],[-120.62965,48.27502],[-120.63001,48.27511],[-120.6301,48.27542],[-120.629,48.27615],[-120.62881,48.2768],[-120.62985,48.27788],[-120.62958,48.27832],[-120.62955,48.27863],[-120.62978,48.27976],[-120.63053,48.2803],[-120.6312,48.28126],[-120.63163,48.28147],[-120.63249,48.2815],[-120.63295,48.28134],[-120.6343,48.28145],[-120.63536,48.2821],[-120.63548,48.28238],[-120.63513,48.28256],[-120.63512,48.2828],[-120.63475,48.28279],[-120.63467,48.2826],[-120.63436,48.28256],[-120.63382,48.28264],[-120.63389,48.28305],[-120.63377,48.28322],[-120.63423,48.28372],[-120.63463,48.28361],[-120.63549,48.28365],[-120.63588,48.28343],[-120.63592,48.28375],[-120.63577,48.28412],[-120.63546,48.28449],[-120.63493,48.28563],[-120.63555,48.2867],[-120.63575,48.28763],[-120.63566,48.28844],[-120.63586,48.28908],[-120.63618,48.28958],[-120.63617,48.28978],[-120.63682,48.29027],[-120.63676,48.29033],[-120.63711,48.29074],[-120.63782,48.29111],[-120.63842,48.29119],[-120.63874,48.29159],[-120.63963,48.29206],[-120.63964,48.29227],[-120.6402,48.29301],[-120.64077,48.29332],[-120.64141,48.29345],[-120.64187,48.29398],[-120.64208,48.29444],[-120.64376,48.29532],[-120.64481,48.29668],[-120.64507,48.29686],[-120.64512,48.29708],[-120.64494,48.29722],[-120.64492,48.29783],[-120.64536,48.29799],[-120.64558,48.2984],[-120.64712,48.29965],[-120.64734,48.2999],[-120.64738,48.30026],[-120.64777,48.30057],[-120.64814,48.30113],[-120.64876,48.30113],[-120.64999,48.30151],[-120.64992,48.30184],[-120.65031,48.30204],[-120.65033,48.30281],[-120.65073,48.30305],[-120.65091,48.3034],[-120.65084,48.30387],[-120.65119,48.30451],[-120.65182,48.30501],[-120.65297,48.30535],[-120.65361,48.30589],[-120.65375,48.30621],[-120.65399,48.3063],[-120.65396,48.30656],[-120.6543,48.30666],[-120.65432,48.30683],[-120.65394,48.3069],[-120.65417,48.30711],[-120.65385,48.30809],[-120.65398,48.30847],[-120.65375,48.30895],[-120.65382,48.30911],[-120.65321,48.3093],[-120.65348,48.30937],[-120.65439,48.30912],[-120.65466,48.30954],[-120.65528,48.30994],[-120.65537,48.31041],[-120.65505,48.3108],[-120.65515,48.31116],[-120.65527,48.31139],[-120.65601,48.31197],[-120.6562,48.31236],[-120.65705,48.31272],[-120.65705,48.31295],[-120.6576,48.31312],[-120.65771,48.31334],[-120.65915,48.31421],[-120.66028,48.3152],[-120.66362,48.31689],[-120.66431,48.3174],[-120.6659,48.31796],[-120.66948,48.32069],[-120.67062,48.32177],[-120.67173,48.32245],[-120.67339,48.32322],[-120.6746,48.32333],[-120.67492,48.32383],[-120.67501,48.32366],[-120.67525,48.32376],[-120.67533,48.32365],[-120.67627,48.32389],[-120.67817,48.32499],[-120.67932,48.32548],[-120.68023,48.32658],[-120.68056,48.32735],[-120.68056,48.32774],[-120.68023,48.32774],[-120.68002,48.32742],[-120.68004,48.32754],[-120.67854,48.32732],[-120.67714,48.3275],[-120.67697,48.32737],[-120.67685,48.32785],[-120.67934,48.32883],[-120.6794,48.32905],[-120.68041,48.32944],[-120.68064,48.32976],[-120.67998,48.32996],[-120.67981,48.33013],[-120.67936,48.33007],[-120.6787,48.33026],[-120.67829,48.33009],[-120.67776,48.3304],[-120.67784,48.3306],[-120.67759,48.33071],[-120.67763,48.33123],[-120.67709,48.33154],[-120.67638,48.33151],[-120.67695,48.33196],[-120.67621,48.33199],[-120.67587,48.33227],[-120.67721,48.33295],[-120.67715,48.33336],[-120.6764,48.33396],[-120.67571,48.33421],[-120.67571,48.33479],[-120.67599,48.33505],[-120.67617,48.33553],[-120.67547,48.33577],[-120.67479,48.33566],[-120.67474,48.33597],[-120.67402,48.3361],[-120.67388,48.33642],[-120.67314,48.33644],[-120.67269,48.33663],[-120.67265,48.33696],[-120.67301,48.33717],[-120.6737,48.33792],[-120.67364,48.33813],[-120.67324,48.33838],[-120.67363,48.3386],[-120.67369,48.33885],[-120.67359,48.339],[-120.67212,48.33912],[-120.67204,48.33987],[-120.6728,48.34002],[-120.67247,48.34042],[-120.67203,48.34015],[-120.67203,48.34037],[-120.67075,48.34067],[-120.67003,48.3405],[-120.66893,48.33933],[-120.6685,48.33961],[-120.66873,48.33985],[-120.66878,48.34032],[-120.66859,48.34031],[-120.6689,48.34104],[-120.66875,48.34146],[-120.6669,48.34192],[-120.66556,48.34148],[-120.66503,48.34148],[-120.6645,48.34129],[-120.66403,48.34202],[-120.66346,48.34223],[-120.66253,48.34202],[-120.66218,48.34158],[-120.66255,48.34072],[-120.66198,48.34056],[-120.66198,48.34028],[-120.66158,48.34004],[-120.66158,48.33965]]],[[[-120.52644,48.22325],[-120.52614,48.22333],[-120.52636,48.22317],[-120.52644,48.22325]]],[[[-120.53054,48.22449],[-120.53053,48.22443],[-120.53075,48.22442],[-120.53054,48.22449]]],[[[-120.52464,48.27798],[-120.52403,48.278],[-120.52275,48.27751],[-120.52179,48.27673],[-120.52201,48.27619],[-120.52234,48.27595],[-120.5227,48.27595],[-120.52331,48.27623],[-120.52433,48.2771],[-120.52442,48.27743],[-120.52471,48.27776],[-120.52464,48.27798]]],[[[-120.52566,48.27874],[-120.52603,48.27846],[-120.52648,48.27844],[-120.52705,48.27883],[-120.52624,48.27921],[-120.52566,48.27874]]],[[[-120.51689,48.28423],[-120.51743,48.28431],[-120.51786,48.28456],[-120.51795,48.28493],[-120.51834,48.28525],[-120.51881,48.28526],[-120.51947,48.2857],[-120.51929,48.28595],[-120.5182,48.28537],[-120.51778,48.28558],[-120.51697,48.28528],[-120.51653,48.28475],[-120.51665,48.28443],[-120.51689,48.28423]]],[[[-120.56083,48.29558],[-120.5612,48.29594],[-120.56067,48.29597],[-120.56041,48.29582],[-120.56045,48.29559],[-120.56083,48.29558]]],[[[-120.56616,48.29919],[-120.56656,48.29899],[-120.56687,48.29919],[-120.56656,48.29939],[-120.56626,48.29939],[-120.56616,48.29919]]],[[[-120.65523,48.33731],[-120.65546,48.33733],[-120.65567,48.33751],[-120.65553,48.33763],[-120.65523,48.33731]]],[[[-120.66636,48.34279],[-120.66675,48.34255],[-120.66688,48.34285],[-120.66622,48.34328],[-120.66577,48.3433],[-120.66555,48.34309],[-120.66577,48.34283],[-120.66636,48.34279]]],[[[-120.6619,48.34332],[-120.6618,48.34346],[-120.66226,48.34366],[-120.66209,48.34397],[-120.66153,48.34406],[-120.6609,48.34366],[-120.66014,48.34431],[-120.65996,48.34426],[-120.66007,48.34388],[-120.65968,48.34352],[-120.65971,48.34329],[-120.66013,48.34276],[-120.66061,48.34291],[-120.66181,48.34277],[-120.6619,48.34332]]],[[[-120.66583,48.34372],[-120.66555,48.34393],[-120.66506,48.34389],[-120.66481,48.34402],[-120.66443,48.34366],[-120.66462,48.34352],[-120.665,48.34368],[-120.66538,48.34353],[-120.66581,48.34357],[-120.66583,48.34372]]],[[[-120.66376,48.35455],[-120.66309,48.35448],[-120.66286,48.35421],[-120.66202,48.35392],[-120.66174,48.35352],[-120.65966,48.35214],[-120.65837,48.35101],[-120.65936,48.35046],[-120.65883,48.34992],[-120.65908,48.34975],[-120.66099,48.34994],[-120.66118,48.35017],[-120.66158,48.35032],[-120.66312,48.35023],[-120.6644,48.35042],[-120.66443,48.34921],[-120.66533,48.34896],[-120.66555,48.34825],[-120.66508,48.34769],[-120.66782,48.34748],[-120.66657,48.34568],[-120.66717,48.34539],[-120.66909,48.34484],[-120.66812,48.34466],[-120.66854,48.34427],[-120.66904,48.34434],[-120.66926,48.34399],[-120.66991,48.34346],[-120.67165,48.3428],[-120.67183,48.3425],[-120.67227,48.34224],[-120.67348,48.34215],[-120.67409,48.34259],[-120.67462,48.34264],[-120.67475,48.34294],[-120.67429,48.34319],[-120.67395,48.34355],[-120.67555,48.34466],[-120.67579,48.34463],[-120.67504,48.34393],[-120.67508,48.34372],[-120.67535,48.34376],[-120.67552,48.34353],[-120.67575,48.34348],[-120.67601,48.34361],[-120.67596,48.34381],[-120.67553,48.34388],[-120.67634,48.34433],[-120.67649,48.34399],[-120.67688,48.344],[-120.67662,48.34371],[-120.6771,48.34345],[-120.67741,48.34358],[-120.67756,48.34347],[-120.67787,48.34355],[-120.67784,48.34377],[-120.67821,48.34385],[-120.67828,48.34432],[-120.67771,48.34432],[-120.67749,48.3446],[-120.67755,48.34472],[-120.67711,48.34488],[-120.67723,48.34551],[-120.6766,48.34583],[-120.67655,48.34601],[-120.6768,48.34655],[-120.67625,48.34656],[-120.67622,48.34709],[-120.67586,48.34729],[-120.67636,48.34784],[-120.67632,48.34811],[-120.677,48.34785],[-120.67723,48.34814],[-120.67704,48.34839],[-120.6771,48.34853],[-120.67681,48.34869],[-120.676,48.34877],[-120.67585,48.34903],[-120.67617,48.34926],[-120.67544,48.34916],[-120.67531,48.34935],[-120.67542,48.34963],[-120.67463,48.34987],[-120.67525,48.35014],[-120.67465,48.35024],[-120.67457,48.35059],[-120.67407,48.35093],[-120.67339,48.35096],[-120.67351,48.35137],[-120.67394,48.35138],[-120.67474,48.3517],[-120.67536,48.35174],[-120.67548,48.35188],[-120.67549,48.35225],[-120.67594,48.35245],[-120.676,48.35332],[-120.67578,48.35345],[-120.6754,48.35334],[-120.67521,48.35345],[-120.67496,48.35502],[-120.6739,48.3556],[-120.67296,48.35462],[-120.67278,48.35462],[-120.67273,48.35496],[-120.67306,48.35535],[-120.67307,48.35591],[-120.67261,48.35567],[-120.6724,48.35535],[-120.67196,48.35573],[-120.67157,48.35576],[-120.67115,48.356],[-120.67052,48.35597],[-120.66966,48.35545],[-120.66927,48.3557],[-120.66811,48.35599],[-120.66791,48.35587],[-120.66787,48.35566],[-120.66715,48.35569],[-120.66702,48.35604],[-120.66604,48.35624],[-120.66618,48.35654],[-120.66652,48.35677],[-120.66568,48.35677],[-120.66534,48.35662],[-120.66495,48.35726],[-120.66476,48.3573],[-120.66476,48.35702],[-120.66521,48.35656],[-120.66491,48.35566],[-120.66359,48.35592],[-120.66351,48.35575],[-120.66382,48.35515],[-120.66376,48.35455]]],[[[-120.46633,48.09647],[-120.4662,48.09653],[-120.46626,48.09645],[-120.46633,48.09647]]],[[[-120.46577,48.09835],[-120.4659,48.09798],[-120.46632,48.09776],[-120.46661,48.09779],[-120.46671,48.09811],[-120.46664,48.09849],[-120.46687,48.09853],[-120.46758,48.09791],[-120.46794,48.0978],[-120.46815,48.09784],[-120.46804,48.09793],[-120.4685,48.09816],[-120.46849,48.09828],[-120.46919,48.09838],[-120.46989,48.09883],[-120.46875,48.09888],[-120.46838,48.09932],[-120.46782,48.09921],[-120.46725,48.09935],[-120.46734,48.09958],[-120.4672,48.09962],[-120.46691,48.09962],[-120.46655,48.0994],[-120.46653,48.09978],[-120.46629,48.09983],[-120.46543,48.09985],[-120.46535,48.09972],[-120.46554,48.09964],[-120.46438,48.09958],[-120.46405,48.09927],[-120.4643,48.09916],[-120.46482,48.09926],[-120.46501,48.09889],[-120.46577,48.09835]]],[[[-120.46444,48.09911],[-120.46426,48.09892],[-120.46446,48.099],[-120.46444,48.09911]]],[[[-120.4628,48.10192],[-120.46318,48.10188],[-120.46318,48.1021],[-120.46285,48.10204],[-120.4628,48.10192]]],[[[-120.44896,48.10441],[-120.44866,48.10461],[-120.44825,48.10461],[-120.44802,48.10439],[-120.44786,48.10442],[-120.44783,48.10467],[-120.44744,48.10479],[-120.4478,48.10493],[-120.44782,48.10508],[-120.44765,48.10518],[-120.44713,48.10506],[-120.44681,48.10482],[-120.44676,48.10457],[-120.44632,48.10406],[-120.44696,48.10404],[-120.44806,48.10368],[-120.44885,48.10384],[-120.44873,48.10393],[-120.44896,48.10441]]],[[[-120.45467,48.11244],[-120.45465,48.11234],[-120.45478,48.11233],[-120.45497,48.11242],[-120.45467,48.11244]]],[[[-120.44818,48.15253],[-120.44872,48.15258],[-120.4507,48.15324],[-120.44994,48.15329],[-120.44818,48.15288],[-120.44666,48.15298],[-120.44727,48.15166],[-120.44788,48.15237],[-120.44818,48.15253]]],[[[-120.47579,48.19099],[-120.47566,48.19027],[-120.47648,48.19027],[-120.47692,48.19052],[-120.47673,48.19099],[-120.47642,48.19116],[-120.47579,48.19099]]],[[[-120.47693,48.19106],[-120.47679,48.19099],[-120.47725,48.19075],[-120.47748,48.19089],[-120.47693,48.19106]]],[[[-120.47985,48.19409],[-120.48006,48.19377],[-120.48028,48.19391],[-120.48055,48.19442],[-120.47996,48.19442],[-120.47985,48.19409]]],[[[-120.46209,48.20666],[-120.46269,48.20521],[-120.46281,48.2044],[-120.46358,48.20524],[-120.46362,48.20611],[-120.46271,48.20669],[-120.46209,48.20666]]],[[[-120.45647,48.2278],[-120.45691,48.22803],[-120.45676,48.22826],[-120.4562,48.22814],[-120.45647,48.2278]]],[[[-120.45847,48.2297],[-120.45867,48.22946],[-120.45882,48.22947],[-120.45881,48.23001],[-120.4586,48.23003],[-120.45847,48.2297]]],[[[-120.43448,48.1531],[-120.43405,48.1528],[-120.43397,48.15216],[-120.43406,48.15186],[-120.43435,48.15169],[-120.4346,48.1524],[-120.43487,48.15263],[-120.43477,48.15303],[-120.43448,48.1531]]],[[[-120.42052,48.16972],[-120.4202,48.16859],[-120.4209,48.16841],[-120.42183,48.16863],[-120.42188,48.16972],[-120.42052,48.16972]]],[[[-120.42599,48.20346],[-120.42635,48.20381],[-120.42608,48.20381],[-120.42594,48.20421],[-120.4253,48.20445],[-120.42506,48.20388],[-120.42504,48.20341],[-120.42445,48.20302],[-120.42452,48.20289],[-120.4251,48.20311],[-120.42559,48.20349],[-120.42599,48.20346]]],[[[-120.42059,48.2039],[-120.42112,48.2041],[-120.42252,48.20342],[-120.42269,48.20312],[-120.42365,48.20305],[-120.4237,48.20324],[-120.42402,48.20333],[-120.42422,48.20407],[-120.424,48.20439],[-120.4229,48.20485],[-120.42141,48.20477],[-120.42096,48.20463],[-120.42065,48.20473],[-120.42024,48.20459],[-120.42016,48.20431],[-120.42059,48.2039]]],[[[-120.41977,48.20513],[-120.42009,48.2055],[-120.41974,48.2055],[-120.41966,48.20515],[-120.41977,48.20513]]],[[[-120.4491,48.21818],[-120.44904,48.21929],[-120.44804,48.21879],[-120.4483,48.22014],[-120.44824,48.22073],[-120.4479,48.2215],[-120.44713,48.22144],[-120.44562,48.22002],[-120.44679,48.21872],[-120.44698,48.21752],[-120.44755,48.21732],[-120.44849,48.21753],[-120.4491,48.21818]]],[[[-120.44536,48.22134],[-120.44568,48.22124],[-120.44611,48.22142],[-120.44639,48.22209],[-120.44609,48.22216],[-120.44536,48.22134]]],[[[-120.44742,48.25289],[-120.44782,48.25291],[-120.44782,48.25301],[-120.44755,48.25305],[-120.44742,48.25289]]]]},"properties":{"fire_id":"ufid:2024-WASES-000173","source_collection":"history-2024","source_objectid":27096,"incident_name":"PIONEER","mapped_acres":38729.828674912176,"mapped_acres_source":"poly_GISAcres","gis_acres":38729.828674912176,"auto_acres":38729.67918951363,"reported_acres":38730.0,"percent_contained":100.0,"state":"WA","state_wfigs":"US-WA","county":"Chelan","discovery_time_utc":"2024-06-08T19:48:00Z","perimeter_time_utc":"2024-08-25T06:09:00Z","perimeter_edit_time_utc":"2024-09-07T01:30:01Z","incident_modified_time_utc":"2024-12-03T17:14:43Z","containment_time_utc":"2024-10-04T07:01:00Z","control_time_utc":"2024-12-03T00:30:00Z","fire_out_time_utc":"2024-12-03T00:30:00Z","fire_cause":"Human","fire_cause_general":null,"map_method":"IR Image Interpretation","source_dataset":"2024 NIFS","unique_fire_identifier":"2024-WASES-000173","irwin_id":"{03FE65C0-435C-4116-A78E-AFEFE1ADC9A7}","global_id":"caf9387f-4206-4e28-bf1e-37ee6ba02cad"}},{"type":"Feature","geometry":{"type":"MultiPolygon","coordinates":[[[[-123.1493,48.02291],[-123.14938,48.02294],[-123.1493,48.02292],[-123.1493,48.02291]]],[[[-123.14926,48.02305],[-123.14979,48.02295],[-123.14988,48.02318],[-123.14974,48.02331],[-123.14956,48.02319],[-123.14969,48.02348],[-123.14954,48.02321],[-123.14941,48.02326],[-123.14926,48.02305]]],[[[-123.15016,48.02396],[-123.15007,48.02417],[-123.14969,48.02348],[-123.15,48.02365],[-123.14995,48.02388],[-123.15016,48.02396]]],[[[-123.14985,48.0243],[-123.14967,48.02448],[-123.14943,48.02447],[-123.14936,48.02485],[-123.14932,48.02459],[-123.149,48.02435],[-123.14917,48.02432],[-123.14916,48.02365],[-123.14967,48.02348],[-123.14999,48.02411],[-123.14974,48.02417],[-123.14985,48.0243]]],[[[-123.14929,48.0248],[-123.14935,48.02491],[-123.1492,48.02483],[-123.14929,48.0248]]],[[[-123.14936,48.02485],[-123.14942,48.02487],[-123.14939,48.02493],[-123.14936,48.02485]]],[[[-123.14936,48.02491],[-123.14936,48.02492],[-123.14935,48.02491],[-123.14936,48.02491]]],[[[-123.14937,48.02492],[-123.14936,48.02494],[-123.14936,48.02492],[-123.14937,48.02492]]]]},"properties":{"fire_id":"ufid:2024-WAOLS-000009","source_collection":"history-2024","source_objectid":27258,"incident_name":"NORRIS ROAD","mapped_acres":1.9,"mapped_acres_source":"poly_GISAcres","gis_acres":1.9,"auto_acres":1.9346117439131738,"reported_acres":2.0,"percent_contained":null,"state":"WA","state_wfigs":"US-WA","county":"Clallam","discovery_time_utc":"2024-04-15T23:32:50Z","perimeter_time_utc":"2024-06-14T19:18:30Z","perimeter_edit_time_utc":"2024-06-14T19:18:30Z","incident_modified_time_utc":"2024-06-14T17:10:33Z","containment_time_utc":"2024-04-16T16:55:00Z","control_time_utc":"2024-04-16T16:55:00Z","fire_out_time_utc":"2024-04-29T21:47:00Z","fire_cause":"Human","fire_cause_general":"Debris and open burning","map_method":"Auto-generated","source_dataset":"FFP","unique_fire_identifier":"2024-WAOLS-000009","irwin_id":"{05D07381-89E2-4EF7-8B31-745823890D70}","global_id":"85ebbfa2-dfff-42fc-96c5-ea820a2632bd"}},{"type":"Feature","geometry":{"type":"Polygon","coordinates":[[[-120.46704,46.59605],[-120.46662,46.59578],[-120.46625,46.59571],[-120.46609,46.59582],[-120.4659,46.59565],[-120.46494,46.59551],[-120.46476,46.59566],[-120.46463,46.59559],[-120.46445,46.5959],[-120.46276,46.59556],[-120.4625,46.59532],[-120.46226,46.59545],[-120.46232,46.59558],[-120.46154,46.5956],[-120.46121,46.5951],[-120.46133,46.59496],[-120.46125,46.59477],[-120.4618,46.5945],[-120.46202,46.5946],[-120.46217,46.59449],[-120.46181,46.59425],[-120.46151,46.59383],[-120.4619,46.5936],[-120.46276,46.59354],[-120.46352,46.59312],[-120.46368,46.59321],[-120.46404,46.59307],[-120.46437,46.59307],[-120.46464,46.59333],[-120.46567,46.59354],[-120.46613,46.5939],[-120.46573,46.59406],[-120.46552,46.59441],[-120.4659,46.59464],[-120.46586,46.59506],[-120.467,46.59564],[-120.46704,46.59605]]]},"properties":{"fire_id":"ufid:2024-WASES-000228","source_collection":"history-2024","source_objectid":27431,"incident_name":"KEYS ROAD","mapped_acres":21.0,"mapped_acres_source":"poly_GISAcres","gis_acres":21.0,"auto_acres":21.030670481145417,"reported_acres":20.5,"percent_contained":null,"state":"WA","state_wfigs":"US-WA","county":"Yakima","discovery_time_utc":"2024-06-21T16:39:00Z","perimeter_time_utc":"2024-06-21T21:39:45Z","perimeter_edit_time_utc":"2024-11-01T18:02:10Z","incident_modified_time_utc":"2024-07-15T21:23:36Z","containment_time_utc":"2024-06-23T03:36:00Z","control_time_utc":"2024-06-27T01:00:00Z","fire_out_time_utc":"2024-07-07T00:05:00Z","fire_cause":"Human","fire_cause_general":null,"map_method":"Mixed Methods","source_dataset":"2024 NIFS","unique_fire_identifier":"2024-WASES-000228","irwin_id":"{D14A1BF3-3D94-4817-928E-88C065C02EDE}","global_id":"8e363345-05c1-4128-9425-af0917d53869"}},{"type":"Feature","geometry":{"type":"MultiPolygon","coordinates":[[[[-121.48985,48.33778],[-121.49014,48.3382],[-121.49045,48.3383],[-121.49156,48.33817],[-121.49167,48.33833],[-121.49264,48.33881],[-121.49277,48.33907],[-121.49358,48.33961],[-121.4937,48.34005],[-121.49346,48.34013],[-121.49339,48.34032],[-121.49359,48.34067],[-121.49411,48.34099],[-121.49401,48.34129],[-121.49317,48.34164],[-121.49353,48.34241],[-121.49331,48.34253],[-121.49338,48.34321],[-121.49367,48.34338],[-121.49349,48.34369],[-121.49277,48.3437],[-121.49274,48.34418],[-121.49216,48.34467],[-121.49192,48.34466],[-121.49167,48.3442],[-121.49175,48.34401],[-121.49135,48.34397],[-121.49137,48.34378],[-121.49084,48.34359],[-121.49119,48.34338],[-121.49108,48.3433],[-121.49108,48.34277],[-121.49091,48.34255],[-121.49102,48.34226],[-121.49075,48.34185],[-121.49022,48.34212],[-121.49013,48.3423],[-121.48996,48.34226],[-121.48986,48.34205],[-121.48935,48.34197],[-121.48957,48.34235],[-121.48931,48.34247],[-121.48969,48.34285],[-121.48972,48.34304],[-121.48948,48.34308],[-121.48907,48.34292],[-121.48899,48.34315],[-121.48865,48.34307],[-121.48857,48.34098],[-121.48876,48.34051],[-121.48899,48.3405],[-121.48904,48.34035],[-121.48878,48.34003],[-121.48918,48.33977],[-121.48886,48.33973],[-121.48893,48.33962],[-121.48882,48.33964],[-121.48873,48.33947],[-121.48856,48.33955],[-121.48836,48.33942],[-121.48861,48.33926],[-121.48847,48.33913],[-121.48899,48.33858],[-121.48906,48.33818],[-121.48985,48.33778]]],[[[-121.49325,48.34385],[-121.49283,48.34392],[-121.49287,48.34373],[-121.49325,48.34385]]]]},"properties":{"fire_id":"ufid:2024-WANWS-000046","source_collection":"history-2024","source_objectid":27443,"incident_name":"DEARINGER","mapped_acres":47.84170900204852,"mapped_acres_source":"poly_GISAcres","gis_acres":47.84170900204852,"auto_acres":47.84171039982298,"reported_acres":48.0,"percent_contained":100.0,"state":"WA","state_wfigs":"US-WA","county":"Skagit","discovery_time_utc":"2024-06-22T20:54:00Z","perimeter_time_utc":"2024-06-27T08:00:00Z","perimeter_edit_time_utc":"2024-06-28T13:06:50Z","incident_modified_time_utc":"2024-08-02T21:02:17Z","containment_time_utc":"2024-06-30T01:00:00Z","control_time_utc":"2024-06-30T01:15:00Z","fire_out_time_utc":"2024-08-02T21:01:00Z","fire_cause":"Undetermined","fire_cause_general":null,"map_method":"Mixed Methods","source_dataset":"2024 NIFS","unique_fire_identifier":"2024-WANWS-000046","irwin_id":"{C8B9091E-CB9D-4148-814C-3ECDA6566D7D}","global_id":"6786a546-75e9-46bd-b78e-9317c90fe7bf"}},{"type":"Feature","geometry":{"type":"Polygon","coordinates":[[[-120.07545,47.3268],[-120.07903,47.3269],[-120.07861,47.32864],[-120.07866,47.32899],[-120.07775,47.33036],[-120.07625,47.32854],[-120.07545,47.3268]]]},"properties":{"fire_id":"ufid:2024-WADGEN-000229","source_collection":"history-2024","source_objectid":27646,"incident_name":"ROCK ISLAND CLIFF","mapped_acres":15.2,"mapped_acres_source":"poly_GISAcres","gis_acres":15.2,"auto_acres":15.194504345234368,"reported_acres":15.0,"percent_contained":null,"state":"WA","state_wfigs":"US-WA","county":"Douglas","discovery_time_utc":"2024-06-21T20:57:32Z","perimeter_time_utc":"2024-06-26T20:53:20Z","perimeter_edit_time_utc":"2024-06-26T20:53:20Z","incident_modified_time_utc":"2024-06-22T21:08:52Z","containment_time_utc":"2024-06-22T00:15:00Z","control_time_utc":null,"fire_out_time_utc":null,"fire_cause":"Human","fire_cause_general":"Undetermined","map_method":"Hand Sketch","source_dataset":"FFP","unique_fire_identifier":"2024-WADGEN-000229","irwin_id":"{93F251A1-ED39-4F75-99D9-F17D60E34EB2}","global_id":"83f2baaf-8a1f-458d-9920-218e56b4cdd1"}},{"type":"Feature","geometry":{"type":"MultiPolygon","coordinates":[[[[-120.14988,47.40609],[-120.14989,47.40612],[-120.14988,47.40613],[-120.14988,47.40609]]],[[[-120.18001,47.40801],[-120.18045,47.40796],[-120.18206,47.40839],[-120.18238,47.40858],[-120.18254,47.40878],[-120.1825,47.40893],[-120.18279,47.40901],[-120.18362,47.40981],[-120.18359,47.4101],[-120.18412,47.41063],[-120.18411,47.411],[-120.18424,47.41111],[-120.1841,47.41138],[-120.18425,47.41189],[-120.18376,47.41295],[-120.18353,47.41312],[-120.18302,47.41293],[-120.1828,47.41345],[-120.18209,47.41377],[-120.18162,47.41364],[-120.1805,47.41371],[-120.17871,47.41422],[-120.1779,47.41429],[-120.17689,47.41479],[-120.17472,47.4153],[-120.17154,47.41544],[-120.16872,47.41518],[-120.16803,47.41449],[-120.16779,47.41446],[-120.16724,47.41493],[-120.16607,47.4151],[-120.16549,47.4155],[-120.16499,47.4156],[-120.16455,47.416],[-120.16368,47.41597],[-120.16278,47.41613],[-120.16261,47.41643],[-120.16172,47.4165],[-120.16163,47.41643],[-120.16183,47.416],[-120.1618,47.41516],[-120.16139,47.41477],[-120.16005,47.41402],[-120.1594,47.41381],[-120.15928,47.41321],[-120.15878,47.41253],[-120.15802,47.41239],[-120.1572,47.41251],[-120.1563,47.41284],[-120.15562,47.41274],[-120.15445,47.41223],[-120.1536,47.41142],[-120.15271,47.41096],[-120.15134,47.41065],[-120.14985,47.41079],[-120.14907,47.41068],[-120.14811,47.41035],[-120.1462,47.40918],[-120.14445,47.40832],[-120.14489,47.40809],[-120.14686,47.40805],[-120.14798,47.40766],[-120.14977,47.40659],[-120.14988,47.40613],[-120.15007,47.406],[-120.15009,47.40563],[-120.1508,47.4052],[-120.15067,47.4042],[-120.15079,47.40409],[-120.15101,47.40398],[-120.15265,47.40386],[-120.15402,47.40344],[-120.15458,47.40404],[-120.15534,47.40426],[-120.15662,47.40496],[-120.157,47.40489],[-120.15698,47.40467],[-120.1574,47.40461],[-120.15741,47.40438],[-120.15766,47.40434],[-120.15987,47.40519],[-120.16018,47.40549],[-120.16024,47.40594],[-120.16064,47.4063],[-120.16129,47.40649],[-120.16149,47.40704],[-120.16179,47.40729],[-120.16238,47.40721],[-120.16319,47.40649],[-120.16427,47.4062],[-120.16461,47.40623],[-120.16548,47.40712],[-120.16629,47.40858],[-120.16626,47.4089],[-120.16586,47.40928],[-120.167,47.40992],[-120.16725,47.40986],[-120.16772,47.40934],[-120.16821,47.40914],[-120.16901,47.40832],[-120.17079,47.40702],[-120.17182,47.40709],[-120.173,47.40696],[-120.17389,47.40715],[-120.17667,47.40735],[-120.17718,47.40754],[-120.18001,47.40801]]]]},"properties":{"fire_id":"ufid:2024-WADGEN-000161","source_collection":"history-2024","source_objectid":27647,"incident_name":"WEBB","mapped_acres":530.3,"mapped_acres_source":"poly_GISAcres","gis_acres":530.3,"auto_acres":539.5589872771499,"reported_acres":554.0,"percent_contained":null,"state":"WA","state_wfigs":"US-WA","county":"Douglas","discovery_time_utc":"2024-06-04T22:04:14Z","perimeter_time_utc":"2024-06-26T20:54:48Z","perimeter_edit_time_utc":"2024-06-26T20:54:48Z","incident_modified_time_utc":"2024-06-26T12:38:40Z","containment_time_utc":"2024-06-05T01:50:00Z","control_time_utc":null,"fire_out_time_utc":null,"fire_cause":"Human","fire_cause_general":"Undetermined","map_method":"Auto-generated","source_dataset":"FFP","unique_fire_identifier":"2024-WADGEN-000161","irwin_id":"{86C25C2A-B522-4821-B177-5BE9DC0D2EC2}","global_id":"a4e39f83-89f0-4fbc-9877-0baec3ee27b2"}},{"type":"Feature","geometry":{"type":"Polygon","coordinates":[[[-120.35766,47.46316],[-120.35649,47.46409],[-120.35465,47.46445],[-120.35278,47.46446],[-120.3507,47.4643],[-120.34966,47.46383],[-120.34783,47.46258],[-120.34748,47.46153],[-120.34716,47.46119],[-120.34652,47.4606],[-120.34586,47.46021],[-120.3452,47.46006],[-120.34487,47.45956],[-120.34503,47.4595],[-120.34699,47.46005],[-120.34674,47.45932],[-120.34735,47.45904],[-120.34792,47.45915],[-120.34853,47.459],[-120.34873,47.45884],[-120.34808,47.4584],[-120.34874,47.45855],[-120.3492,47.45811],[-120.35005,47.45823],[-120.35041,47.45859],[-120.35129,47.45887],[-120.35142,47.45908],[-120.35172,47.45914],[-120.35197,47.45903],[-120.3521,47.45888],[-120.35193,47.45836],[-120.35223,47.45815],[-120.35232,47.45786],[-120.35178,47.4577],[-120.35195,47.45748],[-120.35229,47.45741],[-120.35249,47.45672],[-120.35269,47.45647],[-120.35327,47.45703],[-120.35343,47.45697],[-120.35363,47.45598],[-120.35427,47.45595],[-120.35505,47.45545],[-120.35545,47.45484],[-120.35543,47.45416],[-120.35566,47.45398],[-120.35582,47.45362],[-120.35618,47.45345],[-120.35856,47.45136],[-120.36149,47.45197],[-120.36448,47.45335],[-120.36607,47.45341],[-120.367,47.45377],[-120.3672,47.45416],[-120.36781,47.45466],[-120.36735,47.45524],[-120.36728,47.45579],[-120.36581,47.45649],[-120.36532,47.45712],[-120.36497,47.4587],[-120.36439,47.45949],[-120.36494,47.45989],[-120.36496,47.4601],[-120.36396,47.45989],[-120.36317,47.4599],[-120.36188,47.46027],[-120.36067,47.46097],[-120.35929,47.46099],[-120.35844,47.46133],[-120.35978,47.46174],[-120.35955,47.46204],[-120.3586,47.46257],[-120.35893,47.46282],[-120.35849,47.46307],[-120.35766,47.46316]]]},"properties":{"fire_id":"ufid:2024-WASES-000331","source_collection":"history-2024","source_objectid":29047,"incident_name":"Balsam Root","mapped_acres":305.1460307615342,"mapped_acres_source":"poly_GISAcres","gis_acres":305.1460307615342,"auto_acres":305.1448555728957,"reported_acres":305.0,"percent_contained":100.0,"state":"WA","state_wfigs":"US-WA","county":"Chelan","discovery_time_utc":"2024-07-05T11:48:00Z","perimeter_time_utc":null,"perimeter_edit_time_utc":"2024-07-06T15:35:18Z","incident_modified_time_utc":"2026-01-14T23:46:29Z","containment_time_utc":"2024-07-08T01:00:00Z","control_time_utc":"2024-07-08T01:00:00Z","fire_out_time_utc":"2024-08-19T18:20:00Z","fire_cause":"Human","fire_cause_general":null,"map_method":"Mixed Methods","source_dataset":"2024 NIFS","unique_fire_identifier":"2024-WASES-000331","irwin_id":"{5ACAAD0A-5C51-4E23-805B-44A9B74A3441}","global_id":"d52432b0-7255-4b78-8644-e9a13c444d2f"}},{"type":"Feature","geometry":{"type":"MultiPolygon","coordinates":[[[[-123.46476,48.05755],[-123.46472,48.05756],[-123.46476,48.05753],[-123.46476,48.05755]]],[[[-123.46616,48.05801],[-123.46533,48.05797],[-123.46528,48.05784],[-123.46503,48.05785],[-123.46475,48.05768],[-123.46498,48.05725],[-123.46522,48.05714],[-123.46598,48.05728],[-123.46647,48.05769],[-123.46616,48.05801]]]]},"properties":{"fire_id":"ufid:2024-WAOLS-000050","source_collection":"history-2024","source_objectid":29371,"incident_name":"SPLIT HILLS","mapped_acres":2.0,"mapped_acres_source":"poly_GISAcres","gis_acres":2.0,"auto_acres":2.0090101309752937,"reported_acres":2.3,"percent_contained":null,"state":"WA","state_wfigs":"US-WA","county":"Clallam","discovery_time_utc":"2024-07-13T12:01:07Z","perimeter_time_utc":"2024-07-13T17:01:07Z","perimeter_edit_time_utc":"2024-07-13T18:41:09Z","incident_modified_time_utc":"2024-10-08T16:20:01Z","containment_time_utc":"2024-07-13T19:56:00Z","control_time_utc":"2024-07-14T22:15:00Z","fire_out_time_utc":"2024-07-19T21:40:00Z","fire_cause":"Human","fire_cause_general":null,"map_method":"Auto-generated","source_dataset":"2024 NIFS","unique_fire_identifier":"2024-WAOLS-000050","irwin_id":"{0995184E-1E44-493F-85D6-165E9DF7B9FD}","global_id":"1a30ddfc-cf25-48e5-b7c5-cb1e064396b2"}},{"type":"Feature","geometry":{"type":"Polygon","coordinates":[[[-123.30461,46.48164],[-123.30637,46.48113],[-123.30684,46.48117],[-123.30703,46.48099],[-123.30749,46.48109],[-123.30757,46.48086],[-123.30798,46.48071],[-123.30827,46.48065],[-123.30853,46.4808],[-123.30879,46.48038],[-123.30899,46.48029],[-123.3096,46.4803],[-123.30949,46.48043],[-123.30955,46.48057],[-123.30916,46.48087],[-123.30953,46.48108],[-123.30904,46.48116],[-123.30873,46.4814],[-123.30893,46.48209],[-123.30889,46.48247],[-123.30874,46.48282],[-123.30813,46.48343],[-123.30784,46.48403],[-123.3074,46.48426],[-123.30638,46.48439],[-123.30476,46.48413],[-123.30419,46.48436],[-123.30282,46.48445],[-123.30234,46.48423],[-123.30208,46.4835],[-123.30257,46.48257],[-123.30317,46.48256],[-123.30357,46.4827],[-123.3037,46.48249],[-123.30314,46.48226],[-123.30314,46.48209],[-123.30424,46.48161],[-123.30461,46.48164]]]},"properties":{"fire_id":"ufid:2024-WAPCS-001113","source_collection":"history-2024","source_objectid":29374,"incident_name":"DONKEY","mapped_acres":38.14844811143304,"mapped_acres_source":"poly_GISAcres","gis_acres":38.14844811143304,"auto_acres":38.14844919404298,"reported_acres":38.3,"percent_contained":100.0,"state":"WA","state_wfigs":"US-WA","county":"Lewis","discovery_time_utc":"2024-07-12T19:27:00Z","perimeter_time_utc":"2024-07-14T18:23:00Z","perimeter_edit_time_utc":"2024-07-16T03:31:57Z","incident_modified_time_utc":"2025-08-05T15:55:36Z","containment_time_utc":"2024-07-18T13:30:00Z","control_time_utc":"2024-07-19T21:30:00Z","fire_out_time_utc":"2024-07-22T01:01:00Z","fire_cause":"Human","fire_cause_general":null,"map_method":"Mixed Methods","source_dataset":"2024 NIFS","unique_fire_identifier":"2024-WAPCS-001113","irwin_id":"{1660EC76-2417-4B25-8813-E514A6E31891}","global_id":"9a06f1b5-de3f-42b5-9573-c3966917f603"}},{"type":"Feature","geometry":{"type":"MultiPolygon","coordinates":[[[[-122.72212,48.86343],[-122.72172,48.86359],[-122.72161,48.86369],[-122.72173,48.86379],[-122.72143,48.8639],[-122.72116,48.86382],[-122.72136,48.86364],[-122.72065,48.8636],[-122.72059,48.86342],[-122.72044,48.86339],[-122.72016,48.86347],[-122.71996,48.86378],[-122.7198,48.86374],[-122.71975,48.86387],[-122.71942,48.86399],[-122.71892,48.8639],[-122.71896,48.86367],[-122.718969,48.863767],[-122.71961,48.86369],[-122.71968,48.86346],[-122.71959,48.86338],[-122.71976,48.86313],[-122.72199,48.8631],[-122.72212,48.86343]]],[[[-122.71895,48.86365],[-122.71898,48.86363],[-122.71896,48.86367],[-122.71895,48.86365]]],[[[-122.71888,48.86393],[-122.71892,48.8639],[-122.71891,48.86391],[-122.71888,48.86393]]]]},"properties":{"fire_id":"ufid:2024-WANWS-000028","source_collection":"history-2024","source_objectid":29617,"incident_name":"Gulf","mapped_acres":2.7,"mapped_acres_source":"poly_GISAcres","gis_acres":2.7,"auto_acres":2.720267994983215,"reported_acres":5.0,"percent_contained":null,"state":"WA","state_wfigs":"US-WA","county":"Whatcom","discovery_time_utc":"2024-04-20T23:09:00Z","perimeter_time_utc":"2024-04-21T00:00:00Z","perimeter_edit_time_utc":"2024-07-18T18:37:13Z","incident_modified_time_utc":"2024-04-29T23:51:55Z","containment_time_utc":"2024-04-22T21:45:00Z","control_time_utc":"2024-04-22T21:45:00Z","fire_out_time_utc":"2024-04-29T21:30:00Z","fire_cause":"Undetermined","fire_cause_general":null,"map_method":"Mixed Methods","source_dataset":"2024 NIFS","unique_fire_identifier":"2024-WANWS-000028","irwin_id":"{FCEE416E-1F67-4FD6-B259-C9A2B6B215A7}","global_id":"a00f42a9-84d4-47db-9bfa-4c9cc83518ee"}},{"type":"Feature","geometry":{"type":"Polygon","coordinates":[[[-124.24525,47.82865],[-124.24585,47.82852],[-124.24578,47.82866],[-124.24592,47.82887],[-124.24544,47.82924],[-124.24537,47.82956],[-124.24501,47.82959],[-124.24476,47.82941],[-124.24454,47.82899],[-124.24445,47.82825],[-124.24502,47.82804],[-124.24584,47.82801],[-124.24558,47.82837],[-124.24517,47.82854],[-124.24525,47.82865]]]},"properties":{"fire_id":"ufid:2024-WAOLS-000043","source_collection":"history-2024","source_objectid":29839,"incident_name":"H3500","mapped_acres":3.2,"mapped_acres_source":"poly_GISAcres","gis_acres":3.2,"auto_acres":3.206031301178483,"reported_acres":3.2,"percent_contained":null,"state":"WA","state_wfigs":"US-WA","county":"Jefferson","discovery_time_utc":"2024-07-09T15:53:32Z","perimeter_time_utc":"2024-07-22T21:30:03Z","perimeter_edit_time_utc":"2024-07-22T21:30:03Z","incident_modified_time_utc":"2024-07-16T23:46:36Z","containment_time_utc":"2024-07-09T22:16:00Z","control_time_utc":"2024-07-10T20:23:00Z","fire_out_time_utc":"2024-07-15T21:21:00Z","fire_cause":"Human","fire_cause_general":"Recreation and ceremony","map_method":"Auto-generated","source_dataset":"FFP","unique_fire_identifier":"2024-WAOLS-000043","irwin_id":"{4B4AC9E2-B7B7-4588-9B91-D22719176906}","global_id":"a4228cef-2e9c-47bb-98bd-ff7a8aa1890d"}},{"type":"Feature","geometry":{"type":"MultiPolygon","coordinates":[[[[-121.01791,46.6952],[-121.01813,46.69507],[-121.01856,46.69537],[-121.01851,46.69563],[-121.01999,46.69545],[-121.0203,46.69596],[-121.0207,46.69618],[-121.02071,46.69664],[-121.02159,46.69719],[-121.0216,46.69748],[-121.02192,46.69753],[-121.02207,46.69832],[-121.022,46.69861],[-121.02156,46.69881],[-121.0213,46.69879],[-121.02063,46.69927],[-121.02079,46.69982],[-121.02131,46.70029],[-121.02139,46.69992],[-121.02215,46.69951],[-121.02263,46.69904],[-121.02314,46.69932],[-121.02496,46.69849],[-121.02478,46.69809],[-121.02504,46.69792],[-121.02551,46.69848],[-121.02597,46.69848],[-121.0264,46.69824],[-121.02646,46.6977],[-121.02689,46.69725],[-121.02732,46.69716],[-121.02771,46.69662],[-121.02836,46.69714],[-121.02888,46.69712],[-121.02899,46.6965],[-121.03085,46.69652],[-121.03121,46.69586],[-121.0319,46.69591],[-121.03218,46.69663],[-121.0331,46.69644],[-121.03401,46.697],[-121.03432,46.69811],[-121.03501,46.69819],[-121.03529,46.69902],[-121.03659,46.6991],[-121.03669,46.69853],[-121.03756,46.69832],[-121.03791,46.69789],[-121.03845,46.69828],[-121.03911,46.69793],[-121.03979,46.69792],[-121.04092,46.69855],[-121.04123,46.69841],[-121.04115,46.69782],[-121.04178,46.69749],[-121.04235,46.69757],[-121.04278,46.69733],[-121.04382,46.6972],[-121.04436,46.69695],[-121.04519,46.69692],[-121.0458,46.69726],[-121.04619,46.69728],[-121.04758,46.69698],[-121.04811,46.69714],[-121.05084,46.69561],[-121.05617,46.69942],[-121.05686,46.69998],[-121.05732,46.70068],[-121.05738,46.70302],[-121.05702,46.70376],[-121.0565,46.70571],[-121.05639,46.70765],[-121.05656,46.70866],[-121.05692,46.70968],[-121.05763,46.71058],[-121.05928,46.71132],[-121.0602,46.71205],[-121.06255,46.71569],[-121.06252,46.71618],[-121.06298,46.71698],[-121.06303,46.71733],[-121.0633,46.71765],[-121.06245,46.71816],[-121.06241,46.71876],[-121.0626,46.71926],[-121.06333,46.7185],[-121.06399,46.71881],[-121.06451,46.71888],[-121.06495,46.71979],[-121.06403,46.72044],[-121.06287,46.7219],[-121.06189,46.72217],[-121.05894,46.72194],[-121.05646,46.72192],[-121.05482,46.72159],[-121.05423,46.72159],[-121.05312,46.72125],[-121.05158,46.72144],[-121.05092,46.72176],[-121.0501,46.72306],[-121.0489,46.72366],[-121.04764,46.72404],[-121.04666,46.72457],[-121.04562,46.72553],[-121.04549,46.72623],[-121.04469,46.72682],[-121.04353,46.72807],[-121.04242,46.72871],[-121.04059,46.72937],[-121.03961,46.72996],[-121.0386,46.73072],[-121.03815,46.73147],[-121.03707,46.7322],[-121.03669,46.73269],[-121.03586,46.73329],[-121.03563,46.73371],[-121.03402,46.73468],[-121.03315,46.73554],[-121.03067,46.73717],[-121.0285,46.73806],[-121.0282,46.73796],[-121.02597,46.73834],[-121.02427,46.73823],[-121.02268,46.73922],[-121.02265,46.7398],[-121.02321,46.74027],[-121.0231,46.74118],[-121.0225,46.74142],[-121.02229,46.74173],[-121.0214,46.74229],[-121.0206,46.74309],[-121.01844,46.74348],[-121.01736,46.74411],[-121.01545,46.74555],[-121.01503,46.74572],[-121.01326,46.74575],[-121.01119,46.74648],[-121.0073,46.74901],[-121.00662,46.74965],[-121.00535,46.75029],[-121.00474,46.75082],[-121.00258,46.75149],[-121.00017,46.75191],[-120.99853,46.75187],[-120.99616,46.75149],[-120.99537,46.75159],[-120.99437,46.75239],[-120.99308,46.75276],[-120.99144,46.75361],[-120.98809,46.75403],[-120.98511,46.75561],[-120.98309,46.75591],[-120.98091,46.75658],[-120.9801,46.75641],[-120.97924,46.75646],[-120.9781,46.75681],[-120.97785,46.75715],[-120.97736,46.75743],[-120.97484,46.75809],[-120.97324,46.75885],[-120.97103,46.75837],[-120.96985,46.75852],[-120.96829,46.75846],[-120.96708,46.75854],[-120.96328,46.75936],[-120.96059,46.75939],[-120.95777,46.75964],[-120.95643,46.75957],[-120.95358,46.76013],[-120.95304,46.76044],[-120.95165,46.76167],[-120.95078,46.76284],[-120.94889,46.7642],[-120.94695,46.76591],[-120.94628,46.76624],[-120.94519,46.76773],[-120.94414,46.76833],[-120.94295,46.7684],[-120.94189,46.76905],[-120.93968,46.77005],[-120.9374,46.77005],[-120.93633,46.77029],[-120.93397,46.7704],[-120.93056,46.7712],[-120.92887,46.77173],[-120.92686,46.77181],[-120.92576,46.77146],[-120.9243,46.77128],[-120.92297,46.77084],[-120.91989,46.77028],[-120.91864,46.76952],[-120.91785,46.76921],[-120.91711,46.76935],[-120.91668,46.76928],[-120.91504,46.76961],[-120.91348,46.76952],[-120.91166,46.77039],[-120.90992,46.76998],[-120.90832,46.76987],[-120.9063,46.7685],[-120.89901,46.76635],[-120.89774,46.76546],[-120.89544,46.76315],[-120.89344,46.76152],[-120.89354,46.76076],[-120.89211,46.75861],[-120.88949,46.75512],[-120.88816,46.75388],[-120.88732,46.75342],[-120.88601,46.75374],[-120.88473,46.75294],[-120.88261,46.75242],[-120.87768,46.75152],[-120.87561,46.74994],[-120.87513,46.74906],[-120.87072,46.7477],[-120.86697,46.7472],[-120.86385,46.74607],[-120.86285,46.74661],[-120.8604,46.74654],[-120.85399,46.7479],[-120.85322,46.74832],[-120.85056,46.74921],[-120.84929,46.75014],[-120.84709,46.75027],[-120.84507,46.74856],[-120.8372,46.7409],[-120.83137,46.73825],[-120.82443,46.73358],[-120.82238,46.73207],[-120.82111,46.72968],[-120.82046,46.72785],[-120.81914,46.72719],[-120.81859,46.72656],[-120.81818,46.72568],[-120.81804,46.72502],[-120.81762,46.72466],[-120.81751,46.72434],[-120.81525,46.7239],[-120.81446,46.72395],[-120.81403,46.72381],[-120.81487,46.7231],[-120.81605,46.72158],[-120.81774,46.71997],[-120.8195,46.71939],[-120.82115,46.71968],[-120.82403,46.7208],[-120.8247,46.72093],[-120.82439,46.72061],[-120.82424,46.72],[-120.8236,46.71984],[-120.82277,46.71908],[-120.82066,46.71822],[-120.8177,46.71744],[-120.8157,46.71862],[-120.81433,46.71979],[-120.81416,46.71979],[-120.81376,46.71928],[-120.81302,46.719],[-120.81208,46.71841],[-120.81194,46.71752],[-120.81168,46.71685],[-120.81199,46.71634],[-120.81194,46.716],[-120.81245,46.71516],[-120.81801,46.71202],[-120.8224,46.71144],[-120.8238,46.71156],[-120.82558,46.71192],[-120.82567,46.71103],[-120.82755,46.7104],[-120.82813,46.71034],[-120.82891,46.70939],[-120.82891,46.70921],[-120.82841,46.70883],[-120.82791,46.7087],[-120.82796,46.70851],[-120.83116,46.70781],[-120.83253,46.70802],[-120.83292,46.70882],[-120.83338,46.70905],[-120.83433,46.70925],[-120.83402,46.70866],[-120.83459,46.70841],[-120.83845,46.70901],[-120.8397,46.70849],[-120.84114,46.7082],[-120.84195,46.70853],[-120.84155,46.70914],[-120.84181,46.7093],[-120.84318,46.70906],[-120.84383,46.70851],[-120.84476,46.70859],[-120.84571,46.70993],[-120.84611,46.71029],[-120.84691,46.70997],[-120.85565,46.70886],[-120.85673,46.7083],[-120.8583,46.70774],[-120.86016,46.70763],[-120.86122,46.70807],[-120.86386,46.70768],[-120.86541,46.70719],[-120.8651,46.70666],[-120.86518,46.70627],[-120.8655,46.7058],[-120.86614,46.70557],[-120.86658,46.70506],[-120.8664,46.70463],[-120.86555,46.70424],[-120.86297,46.70214],[-120.86165,46.70166],[-120.86108,46.70064],[-120.85685,46.69916],[-120.85579,46.69921],[-120.85745,46.69428],[-120.85756,46.68867],[-120.86009,46.68481],[-120.86024,46.6841],[-120.85965,46.68386],[-120.85921,46.68308],[-120.8594,46.68214],[-120.86035,46.68147],[-120.86167,46.68078],[-120.86311,46.67854],[-120.86316,46.67781],[-120.86266,46.67711],[-120.8625,46.6761],[-120.8622,46.67589],[-120.86142,46.67488],[-120.86056,46.67259],[-120.86066,46.67197],[-120.86139,46.67155],[-120.86151,46.67109],[-120.86383,46.66913],[-120.86762,46.66805],[-120.86916,46.66789],[-120.87037,46.66838],[-120.87181,46.66863],[-120.87261,46.66839],[-120.87384,46.66825],[-120.87458,46.66797],[-120.87602,46.66939],[-120.87679,46.66918],[-120.8781,46.66921],[-120.87858,46.66903],[-120.8796,46.66785],[-120.87931,46.66694],[-120.87933,46.66624],[-120.87967,46.66548],[-120.88052,46.66526],[-120.88132,46.6665],[-120.88087,46.66893],[-120.88053,46.66946],[-120.88131,46.66993],[-120.88394,46.67062],[-120.88493,46.67046],[-120.8863,46.66951],[-120.8867,46.66785],[-120.88719,46.66733],[-120.88797,46.66719],[-120.88749,46.66806],[-120.88801,46.66879],[-120.8872,46.67017],[-120.88831,46.67063],[-120.88888,46.67023],[-120.88917,46.66907],[-120.89133,46.66636],[-120.89157,46.6654],[-120.89118,46.66482],[-120.89165,46.66453],[-120.89205,46.66407],[-120.89324,46.66218],[-120.8954,46.66115],[-120.89728,46.65951],[-120.9001,46.65637],[-120.8998,46.65622],[-120.9006,46.653],[-120.89177,46.65056],[-120.88134,46.65062],[-120.8773,46.65251],[-120.87482,46.65174],[-120.87504,46.65125],[-120.87591,46.65065],[-120.87719,46.64876],[-120.87901,46.64709],[-120.88142,46.64398],[-120.87857,46.64415],[-120.87838,46.64369],[-120.87687,46.64347],[-120.87657,46.64314],[-120.87476,46.64199],[-120.87599,46.64187],[-120.87651,46.64125],[-120.87649,46.64031],[-120.87577,46.64004],[-120.87566,46.6398],[-120.87633,46.6395],[-120.8772,46.63888],[-120.87786,46.63891],[-120.8788,46.63831],[-120.88611,46.63912],[-120.8882,46.63916],[-120.8895,46.63934],[-120.89041,46.63904],[-120.88967,46.6385],[-120.88975,46.6383],[-120.8902,46.63798],[-120.8904,46.6375],[-120.89089,46.63737],[-120.89189,46.63754],[-120.89277,46.63743],[-120.89357,46.63785],[-120.89664,46.63688],[-120.89774,46.63628],[-120.89982,46.63653],[-120.90024,46.63673],[-120.90038,46.63706],[-120.89997,46.6384],[-120.90146,46.63969],[-120.90523,46.64064],[-120.90525,46.64106],[-120.90574,46.6416],[-120.90699,46.64171],[-120.90771,46.64163],[-120.90938,46.64355],[-120.91063,46.64357],[-120.91362,46.64273],[-120.91612,46.64233],[-120.91685,46.64252],[-120.91732,46.64245],[-120.91806,46.64286],[-120.92153,46.64199],[-120.92454,46.64034],[-120.9253,46.64012],[-120.92669,46.64039],[-120.92902,46.64036],[-120.92929,46.64012],[-120.93094,46.63936],[-120.93085,46.63908],[-120.93066,46.63897],[-120.93016,46.6393],[-120.92915,46.63953],[-120.92885,46.63943],[-120.92886,46.63913],[-120.92964,46.63875],[-120.93035,46.63764],[-120.9306,46.63757],[-120.93083,46.63782],[-120.93127,46.63791],[-120.93133,46.63764],[-120.93101,46.63733],[-120.93145,46.63723],[-120.93145,46.63709],[-120.93169,46.6369],[-120.93165,46.63674],[-120.93195,46.63651],[-120.93253,46.63656],[-120.93323,46.63643],[-120.93361,46.63661],[-120.93392,46.63644],[-120.93463,46.63685],[-120.93469,46.63675],[-120.9341,46.63635],[-120.93423,46.63623],[-120.93505,46.63646],[-120.93464,46.63611],[-120.93453,46.63583],[-120.93509,46.63589],[-120.93556,46.63619],[-120.93631,46.63618],[-120.93672,46.63648],[-120.93723,46.63663],[-120.93741,46.63687],[-120.93769,46.63669],[-120.93841,46.63685],[-120.94017,46.63676],[-120.94107,46.63712],[-120.94149,46.63714],[-120.94235,46.63682],[-120.94283,46.63683],[-120.94342,46.63708],[-120.94387,46.63748],[-120.94472,46.63746],[-120.94511,46.63761],[-120.94549,46.63802],[-120.94535,46.63828],[-120.94587,46.63844],[-120.94617,46.63834],[-120.94662,46.63846],[-120.94687,46.63831],[-120.94771,46.63819],[-120.94786,46.63827],[-120.94787,46.63853],[-120.94839,46.63846],[-120.949,46.63862],[-120.9492,46.63853],[-120.94851,46.63807],[-120.94889,46.63784],[-120.94862,46.63744],[-120.95036,46.63721],[-120.95117,46.63724],[-120.95176,46.6375],[-120.95229,46.638],[-120.95303,46.63844],[-120.95314,46.63831],[-120.95308,46.6381],[-120.95341,46.63777],[-120.95412,46.63772],[-120.95419,46.63734],[-120.95536,46.63753],[-120.95622,46.63736],[-120.95662,46.63751],[-120.95699,46.63728],[-120.95777,46.6372],[-120.95951,46.63768],[-120.96039,46.63773],[-120.96208,46.63825],[-120.96272,46.63827],[-120.9636,46.63797],[-120.96406,46.63802],[-120.96535,46.63841],[-120.96795,46.63973],[-120.96871,46.63989],[-120.96928,46.63842],[-120.97033,46.63776],[-120.96822,46.63727],[-120.96848,46.63698],[-120.96909,46.63693],[-120.96934,46.6367],[-120.96949,46.63604],[-120.97002,46.63547],[-120.9708,46.6356],[-120.97152,46.636],[-120.97185,46.63599],[-120.97298,46.63641],[-120.9733,46.63678],[-120.97404,46.6372],[-120.9746,46.63784],[-120.97497,46.63799],[-120.97504,46.63822],[-120.97549,46.63838],[-120.97555,46.63796],[-120.97579,46.63782],[-120.9763,46.63801],[-120.97632,46.63766],[-120.97691,46.63775],[-120.9769,46.63725],[-120.97757,46.63751],[-120.97865,46.63734],[-120.97866,46.63699],[-120.97903,46.63695],[-120.9793,46.63662],[-120.97915,46.63638],[-120.97931,46.63641],[-120.97931,46.63615],[-120.9796,46.63598],[-120.98002,46.63618],[-120.98012,46.63641],[-120.98042,46.63643],[-120.98048,46.63661],[-120.98092,46.63663],[-120.98089,46.6372],[-120.98174,46.63691],[-120.98239,46.63705],[-120.98278,46.63726],[-120.98265,46.6373],[-120.98296,46.63737],[-120.98306,46.63763],[-120.98268,46.63801],[-120.98275,46.63866],[-120.98261,46.63882],[-120.98292,46.63929],[-120.98334,46.63903],[-120.98359,46.63907],[-120.98361,46.63925],[-120.98419,46.63936],[-120.98463,46.63931],[-120.98463,46.63904],[-120.98487,46.63896],[-120.9852,46.63903],[-120.98551,46.63889],[-120.98606,46.63898],[-120.98651,46.63908],[-120.9866,46.63956],[-120.98756,46.64006],[-120.9883,46.64065],[-120.98978,46.64073],[-120.99087,46.64044],[-120.99406,46.64064],[-120.99521,46.64127],[-120.99574,46.64126],[-120.99579,46.64146],[-120.99564,46.64173],[-120.99617,46.64187],[-120.99652,46.64154],[-120.99673,46.64171],[-120.99783,46.64175],[-120.9987,46.64156],[-120.99941,46.64161],[-121.00104,46.64142],[-121.00141,46.64155],[-121.00249,46.64134],[-121.00309,46.64102],[-121.00273,46.64047],[-121.00388,46.64057],[-121.00498,46.64037],[-121.00588,46.63986],[-121.00688,46.64014],[-121.00728,46.63983],[-121.00788,46.64002],[-121.00885,46.63971],[-121.00923,46.63998],[-121.01001,46.64003],[-121.01268,46.64101],[-121.01319,46.64104],[-121.01321,46.64089],[-121.01363,46.64067],[-121.01461,46.64055],[-121.0156,46.64105],[-121.01579,46.64099],[-121.01602,46.64121],[-121.01609,46.64169],[-121.0167,46.64178],[-121.01742,46.6417],[-121.01707,46.64341],[-121.01811,46.644],[-121.01962,46.64407],[-121.02038,46.64406],[-121.02205,46.6437],[-121.02553,46.6425],[-121.02823,46.6419],[-121.02855,46.64199],[-121.0292,46.64189],[-121.0305,46.64254],[-121.03258,46.64592],[-121.03327,46.6455],[-121.03349,46.64567],[-121.03405,46.64572],[-121.03471,46.64548],[-121.03495,46.64556],[-121.03573,46.64545],[-121.03584,46.64566],[-121.03651,46.64599],[-121.03802,46.64603],[-121.03862,46.64623],[-121.03898,46.64657],[-121.0402,46.64669],[-121.04078,46.6472],[-121.04121,46.64732],[-121.04199,46.6479],[-121.04255,46.64806],[-121.04275,46.6483],[-121.04268,46.64847],[-121.04315,46.64908],[-121.04365,46.64937],[-121.04386,46.64976],[-121.04457,46.65032],[-121.04511,46.65043],[-121.04554,46.65032],[-121.04567,46.64988],[-121.04617,46.6496],[-121.04653,46.64975],[-121.04696,46.64938],[-121.04684,46.64931],[-121.04693,46.64919],[-121.0472,46.64922],[-121.04718,46.64936],[-121.04731,46.64931],[-121.04725,46.64951],[-121.04683,46.64967],[-121.04637,46.65026],[-121.04595,46.65045],[-121.04589,46.65067],[-121.04603,46.65083],[-121.04711,46.65127],[-121.04766,46.65186],[-121.0482,46.65172],[-121.0487,46.65195],[-121.04869,46.65206],[-121.0496,46.65223],[-121.05,46.65249],[-121.05034,46.65254],[-121.05053,46.65188],[-121.05098,46.65227],[-121.05102,46.65264],[-121.05444,46.65386],[-121.0561,46.65478],[-121.05714,46.65505],[-121.05755,46.65568],[-121.05825,46.65636],[-121.05872,46.65746],[-121.05808,46.66054],[-121.05828,46.66179],[-121.058,46.66214],[-121.05737,46.66245],[-121.05708,46.66275],[-121.05675,46.66326],[-121.05651,46.66421],[-121.05686,46.66464],[-121.05938,46.66533],[-121.06051,46.66649],[-121.06064,46.66735],[-121.06045,46.66781],[-121.061,46.66908],[-121.0616,46.66937],[-121.06191,46.66992],[-121.06223,46.67006],[-121.0621,46.67179],[-121.06198,46.67197],[-121.06051,46.67262],[-121.06016,46.67255],[-121.05901,46.67267],[-121.05805,46.67233],[-121.05746,46.6723],[-121.05631,46.67259],[-121.05564,46.67252],[-121.05485,46.67304],[-121.05297,46.67343],[-121.05207,46.67375],[-121.05216,46.67404],[-121.05163,46.67438],[-121.04935,46.67389],[-121.04915,46.67375],[-121.04679,46.67336],[-121.04309,46.6735],[-121.04209,46.67332],[-121.04124,46.67243],[-121.03943,46.67128],[-121.03807,46.67128],[-121.03583,46.67226],[-121.03539,46.67232],[-121.03384,46.672],[-121.03322,46.67167],[-121.03243,46.67163],[-121.03135,46.67186],[-121.0292,46.67107],[-121.02759,46.6716],[-121.02503,46.67152],[-121.02316,46.67162],[-121.02147,46.67206],[-121.021,46.67197],[-121.0206,46.6721],[-121.01892,46.67171],[-121.0177,46.67088],[-121.01731,46.67113],[-121.01599,46.67092],[-121.01571,46.67103],[-121.01575,46.67115],[-121.01545,46.67111],[-121.01496,46.67141],[-121.01341,46.67145],[-121.0127,46.67207],[-121.01164,46.6724],[-121.01094,46.67245],[-121.01062,46.67285],[-121.00906,46.67265],[-121.00836,46.67193],[-121.00761,46.67245],[-121.00796,46.67321],[-121.00859,46.6737],[-121.00935,46.67385],[-121.01042,46.67386],[-121.01293,46.67324],[-121.01364,46.67291],[-121.01373,46.67365],[-121.0141,46.67383],[-121.01463,46.6738],[-121.01487,46.67391],[-121.01584,46.67504],[-121.01533,46.67555],[-121.01496,46.67622],[-121.01447,46.67666],[-121.01421,46.67719],[-121.01269,46.67762],[-121.01001,46.67783],[-121.00971,46.67816],[-121.01041,46.6788],[-121.01054,46.6793],[-121.0103,46.68073],[-121.01064,46.68112],[-121.01066,46.68141],[-121.01013,46.68194],[-121.00961,46.68315],[-121.00942,46.68382],[-121.00967,46.6843],[-121.00933,46.68525],[-121.01004,46.68569],[-121.01037,46.68644],[-121.01056,46.68716],[-121.01052,46.68779],[-121.01026,46.68829],[-121.01047,46.68919],[-121.01151,46.69002],[-121.01099,46.69075],[-121.0127,46.69053],[-121.01334,46.69061],[-121.01365,46.69116],[-121.01454,46.69049],[-121.01497,46.69077],[-121.01529,46.69117],[-121.01522,46.69163],[-121.01548,46.69172],[-121.0157,46.69149],[-121.01669,46.69135],[-121.01723,46.69146],[-121.01778,46.69198],[-121.0175,46.69235],[-121.01673,46.69208],[-121.01635,46.69259],[-121.01595,46.69256],[-121.01594,46.69282],[-121.01609,46.69303],[-121.01749,46.69334],[-121.01752,46.69407],[-121.0177,46.69422],[-121.0176,46.69496],[-121.01791,46.6952]]],[[[-121.07452,46.6697],[-121.07442,46.66947],[-121.0747,46.66943],[-121.07472,46.66959],[-121.07485,46.66956],[-121.07481,46.66969],[-121.07452,46.6697]]]]},"properties":{"fire_id":"ufid:2024-WASES-000477","source_collection":"history-2024","source_objectid":30002,"incident_name":"Retreat","mapped_acres":45601.19232153556,"mapped_acres_source":"poly_GISAcres","gis_acres":45601.19232153556,"auto_acres":45601.20309329644,"reported_acres":45601.0,"percent_contained":95.0,"state":"WA","state_wfigs":"US-WA","county":"Yakima","discovery_time_utc":"2024-07-23T22:46:00Z","perimeter_time_utc":"2024-08-07T04:57:00Z","perimeter_edit_time_utc":"2024-08-08T18:30:06Z","incident_modified_time_utc":"2024-12-18T16:12:37Z","containment_time_utc":"2024-10-16T19:30:00Z","control_time_utc":"2024-10-16T19:30:00Z","fire_out_time_utc":"2024-12-18T16:00:00Z","fire_cause":"Human","fire_cause_general":null,"map_method":"IR Image Interpretation","source_dataset":"2024 NIFS","unique_fire_identifier":"2024-WASES-000477","irwin_id":"{AEC7C251-B36B-44D1-B407-FFFCD62788ED}","global_id":"19c41ea3-be63-4834-a93b-0d375139b39a"}},{"type":"Feature","geometry":{"type":"Polygon","coordinates":[[[-123.40899,46.99794],[-123.40866,46.99845],[-123.40802,46.99875],[-123.40735,46.99871],[-123.40717,46.99839],[-123.40695,46.9983],[-123.40722,46.99824],[-123.40714,46.99806],[-123.40753,46.99782],[-123.40886,46.99777],[-123.40899,46.99794]]]},"properties":{"fire_id":"ufid:2024-WAOLS-000051","source_collection":"history-2024","source_objectid":30036,"incident_name":"VANCE PARK","mapped_acres":2.9,"mapped_acres_source":"poly_GISAcres","gis_acres":2.9,"auto_acres":2.8550161993516188,"reported_acres":2.9,"percent_contained":null,"state":"WA","state_wfigs":"US-WA","county":"Grays Harbor","discovery_time_utc":"2024-07-13T20:57:05Z","perimeter_time_utc":"2024-07-25T19:03:42Z","perimeter_edit_time_utc":"2024-07-25T19:03:43Z","incident_modified_time_utc":"2024-07-25T17:38:08Z","containment_time_utc":"2024-07-13T21:45:00Z","control_time_utc":"2024-07-14T02:07:00Z","fire_out_time_utc":"2024-07-19T23:17:00Z","fire_cause":"Human","fire_cause_general":"Equipment and vehicle use","map_method":"Auto-generated","source_dataset":"FFP","unique_fire_identifier":"2024-WAOLS-000051","irwin_id":"{CB95779D-F8C8-426F-A2A5-F5651F5941E3}","global_id":"e18300eb-bb28-4f7c-9754-0b7393c8066e"}},{"type":"Feature","geometry":{"type":"Polygon","coordinates":[[[-120.43397,46.88905],[-120.43513,46.88868],[-120.43536,46.88839],[-120.43528,46.88792],[-120.43648,46.88706],[-120.43515,46.88661],[-120.43493,46.88624],[-120.43502,46.8861],[-120.43622,46.88562],[-120.43733,46.88565],[-120.43792,46.88589],[-120.43796,46.88615],[-120.43773,46.88646],[-120.43773,46.88693],[-120.43734,46.88721],[-120.43703,46.88767],[-120.436,46.88806],[-120.43599,46.88863],[-120.43562,46.88882],[-120.4356,46.88903],[-120.43516,46.88905],[-120.43471,46.88964],[-120.43437,46.8897],[-120.434,46.89002],[-120.43466,46.8904],[-120.43367,46.89001],[-120.43382,46.88984],[-120.43397,46.88905]]]},"properties":{"fire_id":"ufid:2024-WASPD-000306","source_collection":"history-2024","source_objectid":30450,"incident_name":"VANDERBILT","mapped_acres":12.9,"mapped_acres_source":"poly_GISAcres","gis_acres":12.9,"auto_acres":12.914278778584624,"reported_acres":10.0,"percent_contained":null,"state":"WA","state_wfigs":"US-WA","county":"Kittitas","discovery_time_utc":"2024-07-02T20:21:00Z","perimeter_time_utc":"2024-08-02T20:56:20Z","perimeter_edit_time_utc":"2024-08-02T20:56:21Z","incident_modified_time_utc":"2024-07-19T00:42:18Z","containment_time_utc":"2024-07-03T03:16:00Z","control_time_utc":"2024-07-03T23:40:00Z","fire_out_time_utc":"2024-07-18T20:00:00Z","fire_cause":"Human","fire_cause_general":"Equipment and vehicle use","map_method":"Phone/Tablet","source_dataset":"FFP","unique_fire_identifier":"2024-WASPD-000306","irwin_id":"{F82EC471-C95C-4FAD-B807-A823AF464297}","global_id":"2b39714c-3829-4334-b668-8f504b8f68f1"}},{"type":"Feature","geometry":{"type":"Polygon","coordinates":[[[-120.20208,46.43245],[-120.20161,46.43335],[-120.20151,46.43394],[-120.20097,46.4344],[-120.19744,46.43578],[-120.19547,46.43704],[-120.19502,46.43747],[-120.1939,46.43808],[-120.19114,46.43935],[-120.19014,46.43968],[-120.18967,46.44014],[-120.18876,46.44049],[-120.18774,46.44174],[-120.18775,46.4421],[-120.18675,46.44282],[-120.18641,46.44359],[-120.18549,46.44388],[-120.18527,46.44386],[-120.18513,46.44227],[-120.18468,46.44229],[-120.183,46.44304],[-120.1817,46.44404],[-120.18009,46.44471],[-120.17961,46.44469],[-120.17929,46.44377],[-120.17727,46.44355],[-120.17525,46.44298],[-120.17484,46.44205],[-120.1748,46.44157],[-120.17408,46.44086],[-120.17359,46.44057],[-120.17323,46.4392],[-120.17348,46.43855],[-120.17542,46.43841],[-120.17707,46.4379],[-120.17949,46.43773],[-120.18012,46.43748],[-120.18111,46.43795],[-120.18248,46.43801],[-120.18509,46.43865],[-120.18602,46.43618],[-120.18869,46.43663],[-120.18912,46.43532],[-120.18956,46.43496],[-120.19009,46.4348],[-120.19033,46.43438],[-120.19125,46.43393],[-120.19251,46.43352],[-120.20066,46.43328],[-120.201,46.43291],[-120.20208,46.43245]]]},"properties":{"fire_id":"ufid:2024-WAYKCN-000102","source_collection":"history-2024","source_objectid":30452,"incident_name":"DIAMONDBACK RIDGE","mapped_acres":268.7,"mapped_acres_source":"poly_GISAcres","gis_acres":268.7,"auto_acres":268.7488951217212,"reported_acres":300.0,"percent_contained":null,"state":"WA","state_wfigs":"US-WA","county":"Yakima","discovery_time_utc":"2024-05-17T18:31:58Z","perimeter_time_utc":"2024-08-02T20:58:02Z","perimeter_edit_time_utc":"2024-08-02T20:58:02Z","incident_modified_time_utc":"2024-05-17T22:53:11Z","containment_time_utc":null,"control_time_utc":null,"fire_out_time_utc":null,"fire_cause":"Human","fire_cause_general":"Undetermined","map_method":"Digitized-Image","source_dataset":"FFP","unique_fire_identifier":"2024-WAYKCN-000102","irwin_id":"{27250776-1C49-47D6-81D3-E97A798C6659}","global_id":"02a12087-6bba-4004-ab70-476b2cce1b7a"}},{"type":"Feature","geometry":{"type":"MultiPolygon","coordinates":[[[[-121.58532,46.1316],[-121.58572,46.13167],[-121.5854,46.13185],[-121.58532,46.1316]]],[[[-121.59382,46.13484],[-121.59412,46.1349],[-121.59413,46.13513],[-121.59377,46.13512],[-121.59369,46.13496],[-121.59382,46.13484]]],[[[-121.59623,46.13522],[-121.59602,46.13527],[-121.59606,46.13508],[-121.59623,46.13522]]],[[[-121.58286,46.13629],[-121.58292,46.136],[-121.5832,46.13612],[-121.58345,46.13592],[-121.5845,46.13602],[-121.58412,46.13659],[-121.58418,46.13685],[-121.58385,46.13743],[-121.58298,46.13789],[-121.58258,46.13796],[-121.58227,46.13768],[-121.58266,46.1374],[-121.58311,46.13739],[-121.58316,46.13691],[-121.58277,46.13687],[-121.58256,46.13627],[-121.58286,46.13629]]],[[[-121.57552,46.14477],[-121.57537,46.14491],[-121.57515,46.14488],[-121.57516,46.14465],[-121.57542,46.14458],[-121.57552,46.14477]]],[[[-121.57567,46.14578],[-121.57584,46.14581],[-121.5757,46.14586],[-121.57567,46.14578]]],[[[-121.57886,46.14644],[-121.57884,46.14651],[-121.57871,46.14641],[-121.57886,46.14644]]],[[[-121.57939,46.14741],[-121.57923,46.14751],[-121.57923,46.14737],[-121.57939,46.14741]]],[[[-121.57955,46.14885],[-121.57938,46.14905],[-121.5794,46.14883],[-121.57955,46.14885]]],[[[-121.60253,46.1508],[-121.60219,46.15084],[-121.60197,46.15072],[-121.6023,46.15051],[-121.60256,46.15062],[-121.60253,46.1508]]],[[[-121.60164,46.15173],[-121.60166,46.15153],[-121.6018,46.15157],[-121.60174,46.15173],[-121.60164,46.15173]]],[[[-121.60104,46.15192],[-121.60083,46.15205],[-121.60052,46.15182],[-121.6009,46.15173],[-121.60104,46.15192]]],[[[-121.60279,46.15229],[-121.60217,46.15215],[-121.60228,46.15196],[-121.60208,46.15171],[-121.6021,46.1515],[-121.60286,46.15213],[-121.60279,46.15229]]],[[[-121.57827,46.15542],[-121.57851,46.15539],[-121.5784,46.15553],[-121.57827,46.15542]]],[[[-121.60381,46.17612],[-121.60387,46.1763],[-121.60366,46.17659],[-121.60317,46.17653],[-121.60224,46.17686],[-121.60205,46.17676],[-121.60203,46.1765],[-121.6009,46.17659],[-121.60109,46.17631],[-121.60087,46.17607],[-121.60089,46.17592],[-121.60183,46.17561],[-121.60039,46.17558],[-121.60015,46.17538],[-121.59941,46.17529],[-121.59893,46.17594],[-121.598,46.17609],[-121.59733,46.17587],[-121.5971,46.17559],[-121.59667,46.17538],[-121.59598,46.1743],[-121.59544,46.17406],[-121.59481,46.17422],[-121.59432,46.17402],[-121.59423,46.17379],[-121.59337,46.17371],[-121.59267,46.17348],[-121.59228,46.17309],[-121.59228,46.1728],[-121.59245,46.17272],[-121.59238,46.17253],[-121.59117,46.17199],[-121.59145,46.17183],[-121.59185,46.17184],[-121.59187,46.17171],[-121.59064,46.17135],[-121.59026,46.17157],[-121.58965,46.17127],[-121.58919,46.17068],[-121.58891,46.17003],[-121.58811,46.16942],[-121.58778,46.16949],[-121.58759,46.1694],[-121.58751,46.16854],[-121.58703,46.16819],[-121.58715,46.16787],[-121.58678,46.16747],[-121.58689,46.16729],[-121.58636,46.16715],[-121.58642,46.1669],[-121.58688,46.16664],[-121.58644,46.16625],[-121.58548,46.16648],[-121.58473,46.16619],[-121.58477,46.16604],[-121.58511,46.16587],[-121.58499,46.16561],[-121.58507,46.16507],[-121.58485,46.16492],[-121.58524,46.16461],[-121.58485,46.16439],[-121.58449,46.16461],[-121.58375,46.16416],[-121.58374,46.16396],[-121.58427,46.16364],[-121.5837,46.16343],[-121.58352,46.1632],[-121.58375,46.16299],[-121.58459,46.16301],[-121.58447,46.16272],[-121.5847,46.16229],[-121.58435,46.16233],[-121.58433,46.16207],[-121.58407,46.16183],[-121.58358,46.16204],[-121.58304,46.16181],[-121.58305,46.16105],[-121.5826,46.16078],[-121.58227,46.16116],[-121.58192,46.16121],[-121.58234,46.16144],[-121.58226,46.16164],[-121.58282,46.16209],[-121.58328,46.16275],[-121.58268,46.16322],[-121.58297,46.16334],[-121.58282,46.16365],[-121.58209,46.1638],[-121.583,46.16451],[-121.58307,46.16502],[-121.58295,46.16512],[-121.58265,46.16514],[-121.58252,46.16481],[-121.58163,46.16471],[-121.58178,46.16515],[-121.58156,46.16536],[-121.58159,46.16558],[-121.58121,46.16562],[-121.5803,46.16524],[-121.58018,46.1651],[-121.58018,46.16454],[-121.58028,46.16439],[-121.58051,46.16435],[-121.58057,46.1641],[-121.58018,46.16399],[-121.58013,46.1637],[-121.57991,46.16371],[-121.57999,46.16349],[-121.57981,46.16328],[-121.57946,46.16354],[-121.57943,46.16381],[-121.57914,46.16386],[-121.57897,46.16415],[-121.57837,46.16437],[-121.57817,46.16468],[-121.57822,46.16536],[-121.57803,46.16551],[-121.57763,46.16547],[-121.57754,46.16532],[-121.57702,46.1651],[-121.5766,46.16509],[-121.57648,46.16483],[-121.57569,46.16463],[-121.57559,46.16442],[-121.5759,46.16379],[-121.57649,46.16348],[-121.57652,46.16335],[-121.57614,46.1628],[-121.57639,46.16253],[-121.57631,46.16244],[-121.57654,46.16188],[-121.57692,46.16158],[-121.57695,46.16113],[-121.57784,46.16101],[-121.57751,46.16062],[-121.57752,46.1597],[-121.57769,46.15934],[-121.57761,46.15813],[-121.57827,46.15779],[-121.5786,46.15742],[-121.57858,46.15731],[-121.57796,46.15736],[-121.57787,46.15723],[-121.57935,46.15658],[-121.57933,46.15617],[-121.57968,46.15634],[-121.57999,46.15678],[-121.58045,46.15685],[-121.58044,46.15671],[-121.57995,46.15634],[-121.57997,46.15617],[-121.58033,46.15597],[-121.5802,46.15558],[-121.57917,46.15551],[-121.5789,46.15522],[-121.57889,46.15498],[-121.57915,46.15464],[-121.5796,46.15477],[-121.58077,46.15442],[-121.58063,46.15422],[-121.58036,46.15416],[-121.57938,46.15427],[-121.57919,46.15412],[-121.57851,46.15437],[-121.57842,46.1551],[-121.57816,46.15516],[-121.57805,46.15493],[-121.57766,46.15477],[-121.57774,46.15412],[-121.57804,46.15409],[-121.57831,46.15377],[-121.57827,46.15351],[-121.57794,46.15322],[-121.57794,46.15306],[-121.57842,46.15289],[-121.57848,46.15266],[-121.578,46.15272],[-121.57772,46.15242],[-121.57719,46.15225],[-121.57703,46.15194],[-121.57723,46.15162],[-121.57808,46.1514],[-121.57763,46.15104],[-121.57696,46.15099],[-121.57689,46.1507],[-121.579,46.14938],[-121.57965,46.14931],[-121.58052,46.14973],[-121.58031,46.14996],[-121.58048,46.15005],[-121.58049,46.15036],[-121.58078,46.15066],[-121.58079,46.15116],[-121.58043,46.15145],[-121.58046,46.15159],[-121.57928,46.15165],[-121.57905,46.15203],[-121.57918,46.15228],[-121.58032,46.15235],[-121.58093,46.15267],[-121.58133,46.1526],[-121.58183,46.15311],[-121.5819,46.15349],[-121.58239,46.1534],[-121.58297,46.15291],[-121.58347,46.15283],[-121.58386,46.15248],[-121.58357,46.15242],[-121.58369,46.15221],[-121.58337,46.15202],[-121.58343,46.15189],[-121.58383,46.15186],[-121.58381,46.15134],[-121.58361,46.15124],[-121.58274,46.15147],[-121.58215,46.15186],[-121.58192,46.15175],[-121.58135,46.15184],[-121.58113,46.15125],[-121.58132,46.15107],[-121.58182,46.1514],[-121.58316,46.15114],[-121.58344,46.15087],[-121.58319,46.15069],[-121.58316,46.15033],[-121.58262,46.15002],[-121.58213,46.14999],[-121.58182,46.14979],[-121.5817,46.1493],[-121.58215,46.14913],[-121.58206,46.14871],[-121.58095,46.1488],[-121.5804,46.14827],[-121.58047,46.14812],[-121.58094,46.14802],[-121.5811,46.14774],[-121.58071,46.14737],[-121.57988,46.14723],[-121.57979,46.14705],[-121.58003,46.14657],[-121.5804,46.14657],[-121.58069,46.14637],[-121.58036,46.14611],[-121.58017,46.14575],[-121.58036,46.14551],[-121.58111,46.14528],[-121.58122,46.14508],[-121.5818,46.14515],[-121.58213,46.14462],[-121.58173,46.14462],[-121.58164,46.14449],[-121.58216,46.14427],[-121.5821,46.14401],[-121.58172,46.14388],[-121.58208,46.14374],[-121.58231,46.14342],[-121.58197,46.14306],[-121.58239,46.14268],[-121.58214,46.14197],[-121.58231,46.14181],[-121.5823,46.141],[-121.58258,46.14077],[-121.58311,46.14074],[-121.58362,46.14049],[-121.58364,46.14038],[-121.58318,46.14022],[-121.5834,46.13959],[-121.58364,46.13957],[-121.58382,46.13937],[-121.58403,46.13981],[-121.58426,46.13983],[-121.58452,46.13966],[-121.58488,46.13988],[-121.58484,46.1397],[-121.58498,46.13962],[-121.58542,46.13959],[-121.58563,46.13977],[-121.58591,46.13963],[-121.58647,46.13918],[-121.58629,46.13902],[-121.58614,46.13853],[-121.58655,46.13861],[-121.58662,46.13831],[-121.58726,46.138],[-121.58749,46.13804],[-121.58789,46.13778],[-121.58852,46.13783],[-121.58859,46.13771],[-121.58847,46.13769],[-121.58847,46.13755],[-121.58861,46.13752],[-121.58872,46.13719],[-121.58927,46.13684],[-121.58941,46.13712],[-121.58954,46.13693],[-121.58997,46.13699],[-121.58999,46.13659],[-121.58982,46.13654],[-121.58986,46.13636],[-121.58968,46.13626],[-121.59006,46.13577],[-121.59051,46.1357],[-121.59064,46.13549],[-121.59098,46.1355],[-121.591,46.13565],[-121.59154,46.1359],[-121.59156,46.1356],[-121.59214,46.13555],[-121.59217,46.13513],[-121.59275,46.13484],[-121.59319,46.13486],[-121.59353,46.13508],[-121.59351,46.13531],[-121.59407,46.13543],[-121.59424,46.13529],[-121.59459,46.13529],[-121.59474,46.13467],[-121.59485,46.13456],[-121.59513,46.13459],[-121.59523,46.13517],[-121.59546,46.13525],[-121.5955,46.13563],[-121.59584,46.13595],[-121.59576,46.13618],[-121.59625,46.13658],[-121.59631,46.13677],[-121.5963,46.13698],[-121.59559,46.1373],[-121.59555,46.13745],[-121.59608,46.1377],[-121.59616,46.1379],[-121.5959,46.13837],[-121.59554,46.13842],[-121.59534,46.13874],[-121.59599,46.13906],[-121.5961,46.13925],[-121.59599,46.1394],[-121.5969,46.13907],[-121.59683,46.13971],[-121.59693,46.13982],[-121.59728,46.13969],[-121.5976,46.13977],[-121.59737,46.13994],[-121.59724,46.14062],[-121.59646,46.14039],[-121.59595,46.14067],[-121.59567,46.14068],[-121.59499,46.14033],[-121.59483,46.1405],[-121.59494,46.14079],[-121.59522,46.14101],[-121.5952,46.14125],[-121.59444,46.14141],[-121.59322,46.14232],[-121.59289,46.14297],[-121.59251,46.14318],[-121.59292,46.14357],[-121.59293,46.14372],[-121.59231,46.14389],[-121.59236,46.14409],[-121.59212,46.14427],[-121.59265,46.14459],[-121.59276,46.14492],[-121.59306,46.14518],[-121.59372,46.14529],[-121.59389,46.14562],[-121.59446,46.1458],[-121.59472,46.14539],[-121.59515,46.14538],[-121.59532,46.14444],[-121.5955,46.14429],[-121.59587,46.14443],[-121.59633,46.14513],[-121.59619,46.14567],[-121.59588,46.14593],[-121.59588,46.14614],[-121.59531,46.1464],[-121.59543,46.14681],[-121.5949,46.14741],[-121.59509,46.14755],[-121.59505,46.14773],[-121.59464,46.1476],[-121.59469,46.14791],[-121.59502,46.14816],[-121.59557,46.14752],[-121.59598,46.14765],[-121.59667,46.14752],[-121.59702,46.14782],[-121.59708,46.14835],[-121.59723,46.14837],[-121.59756,46.14819],[-121.59761,46.14788],[-121.59781,46.14787],[-121.59807,46.14746],[-121.59845,46.14756],[-121.59861,46.14767],[-121.59852,46.14802],[-121.59907,46.14802],[-121.59954,46.14821],[-121.59958,46.14861],[-121.5994,46.14911],[-121.59977,46.14933],[-121.60012,46.14933],[-121.60029,46.14955],[-121.60025,46.14977],[-121.59969,46.15007],[-121.59915,46.15019],[-121.59886,46.1501],[-121.59861,46.15026],[-121.5986,46.15047],[-121.59886,46.15076],[-121.59949,46.15088],[-121.5999,46.15076],[-121.59997,46.151],[-121.60034,46.15136],[-121.60016,46.15158],[-121.59997,46.15156],[-121.59972,46.15122],[-121.59943,46.15136],[-121.59954,46.15175],[-121.59931,46.152],[-121.59971,46.1523],[-121.59974,46.15246],[-121.60017,46.15245],[-121.60053,46.15227],[-121.60089,46.15237],[-121.60055,46.15281],[-121.60076,46.15323],[-121.60097,46.15325],[-121.60227,46.15266],[-121.60306,46.15277],[-121.60323,46.15268],[-121.60328,46.15246],[-121.60354,46.15235],[-121.604,46.15247],[-121.60492,46.15227],[-121.60539,46.15272],[-121.60458,46.15308],[-121.60407,46.15311],[-121.60481,46.15354],[-121.60626,46.15405],[-121.60668,46.15437],[-121.6064,46.1547],[-121.60517,46.15487],[-121.60333,46.15479],[-121.60263,46.15506],[-121.60218,46.15551],[-121.60166,46.15566],[-121.60129,46.15602],[-121.60088,46.15608],[-121.60028,46.15601],[-121.60019,46.15564],[-121.59957,46.15512],[-121.59849,46.15523],[-121.59844,46.15504],[-121.59808,46.15488],[-121.59629,46.15525],[-121.5962,46.15534],[-121.59629,46.15548],[-121.59663,46.15558],[-121.59654,46.15613],[-121.59593,46.1564],[-121.59567,46.15727],[-121.59521,46.15738],[-121.59511,46.15706],[-121.59502,46.15707],[-121.59491,46.15741],[-121.59434,46.15751],[-121.59456,46.15773],[-121.59487,46.15768],[-121.59511,46.15782],[-121.59472,46.15808],[-121.59508,46.15834],[-121.59485,46.15858],[-121.59461,46.1586],[-121.59468,46.15904],[-121.59487,46.15933],[-121.59529,46.15916],[-121.59562,46.15923],[-121.59556,46.15949],[-121.59539,46.15954],[-121.59577,46.15989],[-121.59667,46.1603],[-121.59673,46.16048],[-121.59646,46.16061],[-121.5964,46.16097],[-121.5972,46.16104],[-121.59747,46.1614],[-121.59826,46.16186],[-121.59823,46.16206],[-121.59857,46.16205],[-121.59886,46.16225],[-121.59836,46.16269],[-121.59785,46.16266],[-121.59722,46.16281],[-121.59629,46.16267],[-121.596,46.16253],[-121.5962,46.16215],[-121.59591,46.16194],[-121.59557,46.16194],[-121.59551,46.1623],[-121.59538,46.16236],[-121.5943,46.16191],[-121.59431,46.16167],[-121.59455,46.16146],[-121.5944,46.16128],[-121.59459,46.16114],[-121.59448,46.16105],[-121.59381,46.16124],[-121.59342,46.16152],[-121.59371,46.16176],[-121.59373,46.16214],[-121.59395,46.16239],[-121.59377,46.16261],[-121.59346,46.16257],[-121.59312,46.16277],[-121.59233,46.1627],[-121.59234,46.16255],[-121.59282,46.16244],[-121.59252,46.16215],[-121.59221,46.16205],[-121.59209,46.16205],[-121.59181,46.16251],[-121.59143,46.16258],[-121.59154,46.16276],[-121.59215,46.16282],[-121.59219,46.16342],[-121.59285,46.16368],[-121.5938,46.16339],[-121.59458,46.16277],[-121.59632,46.16329],[-121.59629,46.16306],[-121.59569,46.16283],[-121.59669,46.16302],[-121.59725,46.16334],[-121.59732,46.16352],[-121.59812,46.16379],[-121.59858,46.16375],[-121.59863,46.16422],[-121.59975,46.16411],[-121.59985,46.16431],[-121.59961,46.1645],[-121.6,46.16496],[-121.60066,46.16507],[-121.60146,46.16544],[-121.60134,46.16566],[-121.60161,46.16603],[-121.60112,46.16616],[-121.60095,46.16651],[-121.60105,46.16674],[-121.60186,46.16706],[-121.60187,46.16733],[-121.6016,46.1677],[-121.60129,46.1678],[-121.60128,46.16815],[-121.60195,46.16856],[-121.60191,46.1687],[-121.6021,46.16882],[-121.60172,46.1691],[-121.6022,46.16915],[-121.60248,46.16843],[-121.603,46.16832],[-121.60332,46.16839],[-121.60319,46.1686],[-121.60334,46.16872],[-121.60347,46.16861],[-121.6034,46.16852],[-121.60391,46.16845],[-121.6038,46.16868],[-121.60411,46.16899],[-121.60409,46.16937],[-121.60494,46.17017],[-121.60472,46.17058],[-121.6054,46.17065],[-121.60562,46.17089],[-121.60561,46.17122],[-121.60577,46.17132],[-121.60683,46.17131],[-121.60698,46.17149],[-121.60705,46.17217],[-121.60774,46.1726],[-121.60772,46.17287],[-121.60704,46.17295],[-121.60716,46.17319],[-121.60757,46.17325],[-121.60754,46.17345],[-121.60718,46.17368],[-121.60717,46.17383],[-121.60768,46.17422],[-121.60759,46.17432],[-121.6071,46.17432],[-121.60681,46.17462],[-121.60717,46.17471],[-121.60709,46.1749],[-121.60725,46.17503],[-121.60704,46.17526],[-121.60681,46.17527],[-121.60687,46.17586],[-121.60713,46.17581],[-121.60714,46.17594],[-121.60687,46.17601],[-121.60681,46.17626],[-121.60647,46.1762],[-121.60673,46.17667],[-121.60616,46.17698],[-121.60581,46.17698],[-121.60576,46.17666],[-121.60471,46.17602],[-121.60444,46.17558],[-121.60394,46.1755],[-121.60371,46.17576],[-121.60391,46.17577],[-121.60401,46.17604],[-121.60381,46.17612]]],[[[-121.578,46.15589],[-121.57787,46.15591],[-121.57784,46.15576],[-121.578,46.15589]]],[[[-121.57969,46.15602],[-121.57968,46.1561],[-121.57956,46.15599],[-121.57969,46.15602]]],[[[-121.57827,46.15625],[-121.57913,46.15608],[-121.57912,46.15629],[-121.57836,46.15641],[-121.57819,46.15637],[-121.57827,46.15625]]],[[[-121.59379,46.16142],[-121.594,46.1615],[-121.59379,46.16158],[-121.59379,46.16142]]],[[[-121.58217,46.16544],[-121.58232,46.1655],[-121.58223,46.16553],[-121.58217,46.16544]]],[[[-121.60192,46.16649],[-121.6022,46.16648],[-121.60231,46.16635],[-121.6027,46.16649],[-121.60273,46.16667],[-121.60265,46.16685],[-121.60221,46.1669],[-121.60192,46.16649]]],[[[-121.58265,46.16593],[-121.58324,46.16601],[-121.58337,46.16584],[-121.58332,46.16556],[-121.58377,46.16556],[-121.58384,46.16578],[-121.58398,46.16566],[-121.58447,46.16571],[-121.58448,46.16596],[-121.58416,46.1662],[-121.58455,46.16632],[-121.58442,46.1666],[-121.58354,46.16667],[-121.58317,46.16723],[-121.58293,46.16736],[-121.58305,46.16762],[-121.58254,46.16796],[-121.58211,46.16796],[-121.58139,46.16763],[-121.58111,46.16709],[-121.58191,46.16704],[-121.58228,46.16678],[-121.58268,46.16675],[-121.5828,46.16642],[-121.5826,46.16618],[-121.58265,46.16593]]],[[[-121.58053,46.16819],[-121.58025,46.16802],[-121.58028,46.16775],[-121.58051,46.16768],[-121.58069,46.16781],[-121.58053,46.16819]]],[[[-121.5873,46.16895],[-121.58725,46.16906],[-121.58719,46.16892],[-121.5873,46.16895]]],[[[-121.5824,46.16979],[-121.58131,46.16963],[-121.58117,46.1694],[-121.58126,46.16929],[-121.58159,46.16935],[-121.5818,46.16924],[-121.58256,46.16941],[-121.5824,46.16979]]],[[[-121.59077,46.17176],[-121.59072,46.17158],[-121.59098,46.17159],[-121.59099,46.1717],[-121.59077,46.17176]]],[[[-121.60774,46.17692],[-121.60753,46.17723],[-121.60684,46.17715],[-121.60713,46.17679],[-121.60708,46.17641],[-121.60782,46.17641],[-121.60745,46.17676],[-121.60774,46.17692]]],[[[-121.53349,46.06545],[-121.53308,46.06528],[-121.53312,46.06501],[-121.5341,46.06461],[-121.53516,46.06494],[-121.53546,46.06536],[-121.53545,46.0656],[-121.53466,46.06601],[-121.53386,46.0659],[-121.53349,46.06545]]],[[[-121.53113,46.07215],[-121.53131,46.07207],[-121.53146,46.07212],[-121.53143,46.07222],[-121.53113,46.07215]]],[[[-121.56472,46.08746],[-121.56517,46.08783],[-121.56504,46.08843],[-121.56457,46.08843],[-121.56456,46.08857],[-121.56428,46.08864],[-121.56418,46.08889],[-121.56382,46.08887],[-121.56306,46.08823],[-121.56335,46.08803],[-121.56328,46.08778],[-121.56339,46.08769],[-121.56414,46.0878],[-121.56437,46.08754],[-121.56472,46.08746]]],[[[-121.56326,46.08961],[-121.56246,46.09003],[-121.56157,46.0896],[-121.56151,46.08932],[-121.56199,46.08901],[-121.56267,46.08923],[-121.56317,46.08918],[-121.5634,46.08934],[-121.56326,46.08961]]],[[[-121.55709,46.09065],[-121.55644,46.09058],[-121.55643,46.08991],[-121.55697,46.08969],[-121.55747,46.08969],[-121.55765,46.09003],[-121.55757,46.09028],[-121.55709,46.09065]]],[[[-121.56362,46.09339],[-121.56357,46.09355],[-121.5628,46.09382],[-121.56213,46.09313],[-121.56269,46.09274],[-121.56294,46.09276],[-121.56302,46.09292],[-121.56335,46.09292],[-121.56333,46.09317],[-121.56362,46.09339]]],[[[-121.56972,46.11026],[-121.56966,46.11005],[-121.5701,46.11],[-121.57023,46.11014],[-121.56972,46.11026]]],[[[-121.57048,46.11016],[-121.57074,46.11008],[-121.5708,46.11026],[-121.57044,46.11029],[-121.57048,46.11016]]],[[[-121.57246,46.1104],[-121.57257,46.11033],[-121.5727,46.11037],[-121.57262,46.11047],[-121.57246,46.1104]]],[[[-121.51089,46.15144],[-121.51077,46.15131],[-121.51017,46.15137],[-121.50996,46.15157],[-121.50959,46.1514],[-121.50958,46.15117],[-121.50946,46.15113],[-121.50968,46.15066],[-121.50962,46.15045],[-121.50975,46.15006],[-121.50957,46.14992],[-121.50938,46.15002],[-121.50974,46.1497],[-121.51024,46.14986],[-121.51149,46.14869],[-121.51172,46.1483],[-121.51169,46.14785],[-121.51127,46.14691],[-121.51113,46.14584],[-121.51061,46.14584],[-121.51027,46.14542],[-121.50984,46.14556],[-121.51003,46.14521],[-121.5097,46.14503],[-121.50975,46.14486],[-121.50892,46.1444],[-121.50754,46.14264],[-121.50618,46.14173],[-121.50601,46.1419],[-121.50598,46.14221],[-121.50556,46.14212],[-121.50573,46.14189],[-121.50572,46.14149],[-121.50505,46.14119],[-121.50496,46.14134],[-121.5051,46.14143],[-121.50491,46.14164],[-121.50448,46.14172],[-121.50422,46.14201],[-121.50415,46.14215],[-121.50426,46.14247],[-121.50398,46.1425],[-121.50344,46.14247],[-121.50346,46.14208],[-121.50267,46.1419],[-121.50215,46.14147],[-121.50148,46.14137],[-121.50163,46.14121],[-121.50251,46.14108],[-121.50284,46.14038],[-121.50281,46.14016],[-121.50266,46.14009],[-121.5035,46.13968],[-121.50379,46.13881],[-121.50431,46.13829],[-121.50585,46.13754],[-121.50619,46.13718],[-121.5065,46.13713],[-121.50645,46.13681],[-121.50708,46.1366],[-121.50674,46.13638],[-121.50588,46.13631],[-121.50581,46.1359],[-121.50683,46.13569],[-121.50718,46.13522],[-121.50793,46.13511],[-121.50799,46.1349],[-121.50868,46.13465],[-121.50931,46.13502],[-121.50961,46.1349],[-121.50959,46.1345],[-121.50969,46.1344],[-121.51003,46.13422],[-121.51112,46.13409],[-121.51114,46.13386],[-121.51142,46.13373],[-121.51108,46.13328],[-121.51042,46.13309],[-121.51023,46.13284],[-121.5087,46.13247],[-121.50731,46.13227],[-121.50691,46.13241],[-121.50667,46.13209],[-121.5051,46.13101],[-121.50418,46.13071],[-121.50351,46.13075],[-121.50292,46.13098],[-121.50248,46.1314],[-121.50171,46.13257],[-121.50123,46.13288],[-121.49969,46.13291],[-121.49811,46.13246],[-121.49617,46.13212],[-121.4956,46.13176],[-121.49553,46.13158],[-121.49731,46.12696],[-121.49719,46.12694],[-121.49713,46.12674],[-121.49755,46.12634],[-121.50012,46.11966],[-121.49977,46.11965],[-121.49945,46.1199],[-121.49912,46.11989],[-121.49898,46.11963],[-121.49861,46.1196],[-121.49848,46.11988],[-121.49803,46.11992],[-121.49783,46.11972],[-121.49777,46.11932],[-121.4974,46.11918],[-121.4968,46.11946],[-121.49646,46.1193],[-121.49625,46.11961],[-121.49595,46.11977],[-121.4958,46.1197],[-121.49576,46.11944],[-121.49495,46.11917],[-121.49487,46.11887],[-121.49504,46.11866],[-121.49511,46.11809],[-121.49542,46.11772],[-121.49652,46.11769],[-121.49691,46.11741],[-121.49748,46.11663],[-121.49846,46.11605],[-121.49835,46.11558],[-121.4976,46.11432],[-121.4967,46.1148],[-121.49509,46.11625],[-121.49548,46.11665],[-121.49506,46.11698],[-121.49519,46.11733],[-121.49455,46.11765],[-121.49345,46.11736],[-121.49319,46.11754],[-121.49305,46.11785],[-121.49269,46.11778],[-121.49202,46.11696],[-121.49048,46.11554],[-121.49048,46.11416],[-121.49037,46.11383],[-121.4896,46.11469],[-121.48889,46.11477],[-121.48863,46.11526],[-121.48927,46.11535],[-121.49004,46.11601],[-121.49047,46.11619],[-121.49069,46.11655],[-121.49066,46.11679],[-121.48927,46.11734],[-121.48912,46.11727],[-121.48902,46.11652],[-121.48883,46.11639],[-121.48851,46.11642],[-121.48826,46.11684],[-121.48777,46.1171],[-121.487,46.11727],[-121.48677,46.11758],[-121.4867,46.1177],[-121.48687,46.11797],[-121.48676,46.11822],[-121.4871,46.11854],[-121.48699,46.11873],[-121.4857,46.11906],[-121.48464,46.11906],[-121.48446,46.11882],[-121.48469,46.11833],[-121.48466,46.1181],[-121.48408,46.11789],[-121.48392,46.11708],[-121.48341,46.117],[-121.48328,46.11683],[-121.48325,46.11663],[-121.48357,46.11631],[-121.484,46.11633],[-121.48429,46.11663],[-121.48456,46.11645],[-121.48439,46.11593],[-121.48479,46.11539],[-121.48403,46.11464],[-121.48455,46.11449],[-121.48486,46.11419],[-121.48567,46.1138],[-121.48573,46.11356],[-121.48598,46.11338],[-121.48597,46.11314],[-121.4856,46.11295],[-121.48589,46.11268],[-121.48574,46.11243],[-121.48579,46.1123],[-121.48613,46.1122],[-121.48626,46.11189],[-121.4867,46.11159],[-121.48674,46.1111],[-121.487,46.11087],[-121.48699,46.11052],[-121.48757,46.11051],[-121.48796,46.10967],[-121.48904,46.11016],[-121.48965,46.11067],[-121.49011,46.11057],[-121.49018,46.11086],[-121.49055,46.11116],[-121.49097,46.11118],[-121.49147,46.11083],[-121.49159,46.11004],[-121.49177,46.10977],[-121.49243,46.10966],[-121.49299,46.11035],[-121.49426,46.11066],[-121.49523,46.11121],[-121.49622,46.11111],[-121.49632,46.11058],[-121.49691,46.11053],[-121.49704,46.11034],[-121.49741,46.11023],[-121.49751,46.11003],[-121.49741,46.10969],[-121.49656,46.10953],[-121.49618,46.10963],[-121.49522,46.10941],[-121.49492,46.10951],[-121.49466,46.10935],[-121.49468,46.10923],[-121.49505,46.10906],[-121.49484,46.10851],[-121.49552,46.10831],[-121.49552,46.10821],[-121.49503,46.10808],[-121.49455,46.10808],[-121.49407,46.10833],[-121.49329,46.10831],[-121.49324,46.10843],[-121.49245,46.10833],[-121.49156,46.1086],[-121.49032,46.1085],[-121.48984,46.10816],[-121.48853,46.10818],[-121.48843,46.1083],[-121.48781,46.10838],[-121.487,46.10881],[-121.4865,46.10873],[-121.48647,46.10856],[-121.48716,46.10813],[-121.48751,46.10774],[-121.48683,46.10712],[-121.48692,46.1066],[-121.48612,46.10519],[-121.48607,46.10468],[-121.4855,46.10438],[-121.48329,46.10416],[-121.48293,46.10361],[-121.483,46.10354],[-121.48279,46.10339],[-121.48284,46.10307],[-121.48308,46.10282],[-121.48289,46.10235],[-121.48087,46.10115],[-121.48088,46.10091],[-121.481,46.10084],[-121.48353,46.10103],[-121.48482,46.1008],[-121.48511,46.10059],[-121.48495,46.10038],[-121.48514,46.09965],[-121.48421,46.09913],[-121.48281,46.09909],[-121.48269,46.09949],[-121.48214,46.09973],[-121.48187,46.09936],[-121.48104,46.09876],[-121.48108,46.0982],[-121.48149,46.09789],[-121.4817,46.09789],[-121.48222,46.09823],[-121.48278,46.0981],[-121.48379,46.09815],[-121.484,46.09819],[-121.48405,46.09842],[-121.48443,46.09859],[-121.4854,46.09863],[-121.48623,46.09841],[-121.48644,46.0982],[-121.48626,46.09766],[-121.48636,46.09738],[-121.48693,46.09738],[-121.48717,46.09717],[-121.48758,46.09717],[-121.48886,46.09745],[-121.48881,46.09698],[-121.48823,46.09605],[-121.48782,46.09599],[-121.487,46.09635],[-121.48647,46.09622],[-121.48633,46.09565],[-121.48581,46.09509],[-121.48463,46.09502],[-121.48449,46.09485],[-121.4839,46.09494],[-121.48369,46.09479],[-121.48392,46.09449],[-121.48341,46.09418],[-121.48259,46.09426],[-121.48232,46.09384],[-121.48244,46.09373],[-121.48234,46.09337],[-121.48169,46.09307],[-121.48168,46.09291],[-121.48206,46.09274],[-121.4835,46.09256],[-121.48372,46.0924],[-121.4853,46.09219],[-121.48601,46.09167],[-121.48663,46.09141],[-121.48724,46.09096],[-121.48787,46.0902],[-121.48807,46.09014],[-121.48835,46.08928],[-121.48831,46.08867],[-121.48939,46.08861],[-121.49091,46.089],[-121.49074,46.08841],[-121.49082,46.08784],[-121.49117,46.08754],[-121.49128,46.08705],[-121.49147,46.08684],[-121.49231,46.0866],[-121.4934,46.08667],[-121.49421,46.0865],[-121.49559,46.08662],[-121.49735,46.08711],[-121.49785,46.08742],[-121.49822,46.08784],[-121.49892,46.08785],[-121.49931,46.08775],[-121.49958,46.08737],[-121.49985,46.08727],[-121.501,46.08764],[-121.50177,46.08726],[-121.50232,46.08762],[-121.50278,46.08767],[-121.50348,46.08722],[-121.50511,46.0866],[-121.50632,46.0863],[-121.50672,46.08632],[-121.50722,46.08647],[-121.50738,46.08673],[-121.50718,46.08718],[-121.50687,46.08728],[-121.50697,46.08756],[-121.5074,46.08755],[-121.50847,46.08798],[-121.50944,46.08791],[-121.50973,46.08799],[-121.51001,46.08834],[-121.51049,46.08829],[-121.51139,46.08782],[-121.51172,46.08786],[-121.51207,46.08815],[-121.51272,46.08782],[-121.51305,46.08791],[-121.51301,46.0885],[-121.5132,46.08881],[-121.51319,46.08907],[-121.51354,46.08933],[-121.51346,46.08991],[-121.51379,46.09012],[-121.51421,46.09015],[-121.51487,46.08982],[-121.51541,46.0899],[-121.51623,46.08958],[-121.51615,46.08912],[-121.517,46.089],[-121.51684,46.08867],[-121.51688,46.08843],[-121.51727,46.08853],[-121.5176,46.089],[-121.5185,46.08906],[-121.51844,46.08929],[-121.51863,46.08964],[-121.51912,46.08963],[-121.51983,46.08983],[-121.51995,46.08953],[-121.51939,46.08806],[-121.51962,46.08759],[-121.52109,46.08752],[-121.52125,46.08742],[-121.52161,46.08694],[-121.5216,46.08667],[-121.52135,46.08637],[-121.52225,46.08595],[-121.52235,46.08549],[-121.52156,46.08557],[-121.52076,46.08541],[-121.52025,46.08516],[-121.51987,46.08541],[-121.51951,46.0859],[-121.51844,46.08626],[-121.51743,46.08691],[-121.51681,46.08685],[-121.51672,46.08669],[-121.51692,46.08651],[-121.51655,46.08626],[-121.51685,46.08581],[-121.51795,46.08569],[-121.51831,46.08526],[-121.51893,46.08489],[-121.51908,46.08462],[-121.51967,46.08431],[-121.52134,46.08403],[-121.52135,46.0838],[-121.5219,46.08353],[-121.52208,46.08309],[-121.52138,46.08219],[-121.5197,46.08186],[-121.51887,46.08118],[-121.51832,46.08141],[-121.51821,46.08168],[-121.51765,46.08191],[-121.51757,46.08219],[-121.51693,46.08226],[-121.51625,46.08203],[-121.51591,46.08168],[-121.51585,46.0814],[-121.51561,46.08135],[-121.51528,46.08144],[-121.51476,46.08123],[-121.51429,46.08166],[-121.51408,46.08171],[-121.51384,46.08148],[-121.51327,46.08135],[-121.51199,46.08149],[-121.51129,46.0812],[-121.51126,46.08095],[-121.51083,46.08117],[-121.51033,46.08115],[-121.51001,46.08092],[-121.50954,46.08123],[-121.509,46.08125],[-121.50872,46.08103],[-121.50797,46.0809],[-121.50765,46.08067],[-121.50769,46.08039],[-121.50831,46.07983],[-121.50837,46.07942],[-121.50872,46.07949],[-121.50893,46.0797],[-121.50986,46.0793],[-121.50972,46.0791],[-121.50989,46.07878],[-121.50933,46.07863],[-121.50919,46.0784],[-121.50923,46.07814],[-121.50949,46.07813],[-121.5095,46.07751],[-121.50976,46.0774],[-121.50931,46.07703],[-121.5094,46.07678],[-121.51098,46.07582],[-121.51201,46.07571],[-121.51191,46.07533],[-121.51211,46.07472],[-121.51203,46.07459],[-121.5128,46.07448],[-121.51332,46.07414],[-121.51441,46.07407],[-121.51474,46.07452],[-121.51463,46.07475],[-121.51485,46.07492],[-121.51547,46.07508],[-121.51586,46.07485],[-121.51628,46.075],[-121.5163,46.07523],[-121.51605,46.07552],[-121.51618,46.07579],[-121.51662,46.0759],[-121.51709,46.07651],[-121.51775,46.0767],[-121.5186,46.07661],[-121.51918,46.0772],[-121.51956,46.07713],[-121.51975,46.07744],[-121.52001,46.07747],[-121.52018,46.07799],[-121.52083,46.07806],[-121.52156,46.07788],[-121.52185,46.07747],[-121.52176,46.07698],[-121.52188,46.07675],[-121.52249,46.07685],[-121.52271,46.07675],[-121.52328,46.07708],[-121.52394,46.07712],[-121.52454,46.07749],[-121.52516,46.0772],[-121.52559,46.07738],[-121.52621,46.07736],[-121.52644,46.07756],[-121.52622,46.07807],[-121.52658,46.07814],[-121.52677,46.07832],[-121.52727,46.07835],[-121.52754,46.07834],[-121.52808,46.07785],[-121.52826,46.07798],[-121.52844,46.07793],[-121.52928,46.07732],[-121.53099,46.0781],[-121.53131,46.07836],[-121.53158,46.07805],[-121.53152,46.07764],[-121.53178,46.07741],[-121.53108,46.07723],[-121.53101,46.07681],[-121.53129,46.07672],[-121.53109,46.07654],[-121.53115,46.07609],[-121.53168,46.07568],[-121.53247,46.07599],[-121.53288,46.07591],[-121.53325,46.076],[-121.53402,46.07584],[-121.53444,46.07606],[-121.53453,46.07627],[-121.53607,46.07624],[-121.53647,46.07635],[-121.53699,46.07597],[-121.53784,46.07598],[-121.53803,46.07586],[-121.53829,46.07526],[-121.5382,46.07453],[-121.5384,46.07427],[-121.53871,46.07429],[-121.53897,46.07447],[-121.53964,46.07445],[-121.54046,46.07522],[-121.54141,46.07575],[-121.54149,46.07566],[-121.54137,46.07563],[-121.54157,46.07544],[-121.54193,46.07532],[-121.54251,46.07523],[-121.54394,46.07533],[-121.54488,46.07586],[-121.54528,46.0764],[-121.54558,46.07659],[-121.54578,46.07689],[-121.54562,46.07823],[-121.54601,46.07842],[-121.54646,46.079],[-121.54653,46.07932],[-121.54724,46.08017],[-121.54813,46.08046],[-121.54873,46.08045],[-121.54933,46.0801],[-121.54988,46.07998],[-121.55052,46.08003],[-121.55115,46.08058],[-121.55121,46.08137],[-121.55111,46.08175],[-121.55127,46.08208],[-121.55183,46.08241],[-121.55186,46.08287],[-121.55237,46.08295],[-121.55323,46.08344],[-121.55313,46.08369],[-121.55261,46.08373],[-121.55246,46.08401],[-121.5513,46.08495],[-121.55083,46.08501],[-121.55008,46.08485],[-121.54945,46.08498],[-121.54942,46.08514],[-121.55027,46.08566],[-121.55013,46.08577],[-121.54943,46.08566],[-121.54938,46.08609],[-121.54994,46.08646],[-121.55121,46.08697],[-121.55146,46.0873],[-121.55168,46.08737],[-121.55163,46.08764],[-121.55092,46.08807],[-121.54997,46.08806],[-121.54938,46.08825],[-121.54867,46.08796],[-121.54654,46.08837],[-121.54567,46.08884],[-121.54577,46.08978],[-121.54599,46.09],[-121.54643,46.09011],[-121.54628,46.09049],[-121.54669,46.09127],[-121.54764,46.09126],[-121.54785,46.09165],[-121.54806,46.09172],[-121.54883,46.09119],[-121.54936,46.09117],[-121.54999,46.09143],[-121.55013,46.09193],[-121.54954,46.09233],[-121.55059,46.09237],[-121.55093,46.09202],[-121.55177,46.09196],[-121.55192,46.09169],[-121.55228,46.09155],[-121.55327,46.09174],[-121.55383,46.09214],[-121.55413,46.0921],[-121.55445,46.09235],[-121.55491,46.09219],[-121.55561,46.09225],[-121.55718,46.09299],[-121.55718,46.09341],[-121.55669,46.09384],[-121.55676,46.09441],[-121.55687,46.09458],[-121.55706,46.09461],[-121.55708,46.09497],[-121.55628,46.09524],[-121.55625,46.09558],[-121.55607,46.09562],[-121.55593,46.09552],[-121.55596,46.09516],[-121.55582,46.09504],[-121.55581,46.09521],[-121.55531,46.09531],[-121.55506,46.09497],[-121.55457,46.09507],[-121.55498,46.09517],[-121.55479,46.09528],[-121.55471,46.09558],[-121.5551,46.09559],[-121.55521,46.0954],[-121.55547,46.09544],[-121.55616,46.09595],[-121.55632,46.09637],[-121.55589,46.09659],[-121.55619,46.09694],[-121.55596,46.09713],[-121.55595,46.09734],[-121.55642,46.0975],[-121.55665,46.09787],[-121.55696,46.09801],[-121.5573,46.09843],[-121.55725,46.09861],[-121.55694,46.09871],[-121.55659,46.09842],[-121.55648,46.09848],[-121.55635,46.09859],[-121.55645,46.09898],[-121.55621,46.0993],[-121.55631,46.09938],[-121.55578,46.09938],[-121.55549,46.09956],[-121.55554,46.09972],[-121.55575,46.09977],[-121.55637,46.09957],[-121.55632,46.1],[-121.55587,46.10027],[-121.55636,46.1006],[-121.5569,46.10056],[-121.55694,46.10047],[-121.55637,46.10042],[-121.55624,46.10019],[-121.55668,46.1001],[-121.55681,46.0998],[-121.5573,46.09982],[-121.5579,46.1003],[-121.55779,46.10032],[-121.55783,46.10049],[-121.55716,46.1006],[-121.55728,46.1008],[-121.55755,46.10104],[-121.55813,46.1009],[-121.55863,46.10117],[-121.55891,46.10169],[-121.55884,46.10187],[-121.55808,46.10212],[-121.55856,46.10235],[-121.55813,46.10267],[-121.55791,46.10319],[-121.55768,46.10324],[-121.55761,46.10359],[-121.55711,46.10391],[-121.55757,46.10457],[-121.55749,46.10499],[-121.55712,46.1052],[-121.55726,46.10536],[-121.55763,46.10563],[-121.55863,46.10571],[-121.55887,46.10559],[-121.55838,46.10536],[-121.558,46.10496],[-121.55834,46.10459],[-121.5585,46.10412],[-121.55833,46.10376],[-121.55808,46.10371],[-121.55818,46.10342],[-121.55829,46.10342],[-121.55826,46.10294],[-121.55859,46.10273],[-121.5586,46.10251],[-121.55883,46.10249],[-121.55882,46.10225],[-121.55896,46.10208],[-121.55918,46.10196],[-121.55944,46.10205],[-121.55949,46.10171],[-121.55979,46.10179],[-121.55999,46.1016],[-121.55993,46.10139],[-121.5602,46.1012],[-121.56028,46.10049],[-121.55893,46.09991],[-121.55867,46.09963],[-121.55859,46.09925],[-121.55804,46.09902],[-121.55745,46.09922],[-121.55715,46.09911],[-121.55701,46.0989],[-121.55745,46.09882],[-121.55756,46.09867],[-121.55745,46.09866],[-121.55737,46.0983],[-121.55756,46.0983],[-121.55762,46.09858],[-121.55771,46.09853],[-121.55765,46.09837],[-121.55795,46.09834],[-121.55786,46.09819],[-121.55798,46.098],[-121.5579,46.0978],[-121.55763,46.09781],[-121.55768,46.0979],[-121.55718,46.09806],[-121.55679,46.09771],[-121.55685,46.09745],[-121.55748,46.09726],[-121.5571,46.09704],[-121.55718,46.09688],[-121.55709,46.0969],[-121.55709,46.09671],[-121.55687,46.09665],[-121.55709,46.09654],[-121.55663,46.09657],[-121.55642,46.0964],[-121.55666,46.09584],[-121.55718,46.09579],[-121.55688,46.09558],[-121.55678,46.09532],[-121.55704,46.09526],[-121.5572,46.09541],[-121.55748,46.09509],[-121.5581,46.09488],[-121.55876,46.09496],[-121.55956,46.09474],[-121.56047,46.09487],[-121.56133,46.09519],[-121.56153,46.09544],[-121.56177,46.09549],[-121.56196,46.09589],[-121.56192,46.09614],[-121.5625,46.09659],[-121.56244,46.09729],[-121.56316,46.09745],[-121.56348,46.09766],[-121.56433,46.09751],[-121.56436,46.09737],[-121.56539,46.09701],[-121.56545,46.09673],[-121.56584,46.09677],[-121.56598,46.09666],[-121.56658,46.09667],[-121.56687,46.09683],[-121.56732,46.09724],[-121.56733,46.09745],[-121.56715,46.09769],[-121.56741,46.09784],[-121.5678,46.09758],[-121.56815,46.09707],[-121.56932,46.09718],[-121.57019,46.09766],[-121.57021,46.09783],[-121.56948,46.09828],[-121.56905,46.09827],[-121.56811,46.09795],[-121.56769,46.09809],[-121.56757,46.09835],[-121.56795,46.09849],[-121.56832,46.09837],[-121.56827,46.09864],[-121.56851,46.0988],[-121.5689,46.09863],[-121.56923,46.099],[-121.56954,46.09899],[-121.56963,46.09951],[-121.56931,46.09975],[-121.56937,46.09999],[-121.57034,46.10057],[-121.57076,46.10058],[-121.57114,46.10096],[-121.57181,46.10134],[-121.57178,46.10171],[-121.57117,46.10239],[-121.57123,46.10335],[-121.57082,46.10359],[-121.5703,46.10352],[-121.5703,46.10368],[-121.57,46.10385],[-121.56988,46.10422],[-121.5702,46.10455],[-121.57125,46.10465],[-121.57109,46.10512],[-121.57052,46.1055],[-121.57077,46.1058],[-121.57124,46.10588],[-121.57156,46.1057],[-121.5724,46.10554],[-121.57273,46.10589],[-121.57327,46.10602],[-121.57346,46.10639],[-121.57278,46.10684],[-121.57297,46.10712],[-121.5723,46.10787],[-121.57221,46.10873],[-121.57149,46.1092],[-121.57134,46.10946],[-121.57047,46.10966],[-121.56987,46.10958],[-121.56958,46.10981],[-121.56921,46.10961],[-121.56872,46.10963],[-121.56858,46.1098],[-121.56827,46.10983],[-121.5683,46.10995],[-121.56939,46.11023],[-121.56975,46.11053],[-121.57036,46.11065],[-121.57169,46.11052],[-121.5721,46.11072],[-121.5721,46.11096],[-121.57184,46.11113],[-121.572,46.11155],[-121.57219,46.11166],[-121.57261,46.11151],[-121.57321,46.11156],[-121.57331,46.11192],[-121.57366,46.11225],[-121.57409,46.11224],[-121.57449,46.11258],[-121.5752,46.1124],[-121.57564,46.11266],[-121.57591,46.11256],[-121.57699,46.11277],[-121.57756,46.11253],[-121.57771,46.11267],[-121.57811,46.11262],[-121.57846,46.1128],[-121.57859,46.11224],[-121.57891,46.11215],[-121.58001,46.11322],[-121.57983,46.11348],[-121.5795,46.11362],[-121.57964,46.11383],[-121.58152,46.11366],[-121.58214,46.1138],[-121.58267,46.11425],[-121.58338,46.11398],[-121.58381,46.11409],[-121.58463,46.11397],[-121.585,46.1143],[-121.58477,46.11508],[-121.58518,46.1153],[-121.58526,46.11556],[-121.58659,46.11543],[-121.58795,46.11603],[-121.58836,46.11676],[-121.58894,46.11687],[-121.58905,46.1172],[-121.58889,46.11769],[-121.58864,46.11799],[-121.58868,46.11948],[-121.5884,46.12012],[-121.5879,46.12049],[-121.58756,46.12052],[-121.58785,46.12092],[-121.58785,46.1211],[-121.58762,46.1215],[-121.58752,46.12253],[-121.58637,46.12383],[-121.58655,46.12402],[-121.58722,46.12387],[-121.58734,46.12397],[-121.58732,46.12432],[-121.58704,46.12465],[-121.58688,46.12453],[-121.5862,46.12502],[-121.58602,46.12548],[-121.58608,46.12574],[-121.58591,46.12604],[-121.58598,46.12633],[-121.58544,46.12664],[-121.58539,46.12684],[-121.58565,46.12732],[-121.58586,46.12735],[-121.58566,46.12773],[-121.58524,46.12776],[-121.58507,46.12803],[-121.58524,46.12824],[-121.58504,46.12837],[-121.5855,46.12856],[-121.58596,46.12835],[-121.58631,46.12868],[-121.58614,46.12896],[-121.58584,46.12909],[-121.58552,46.12904],[-121.58523,46.13005],[-121.58485,46.1304],[-121.58467,46.1308],[-121.5848,46.13097],[-121.58496,46.13081],[-121.58522,46.1308],[-121.58544,46.13139],[-121.58485,46.13144],[-121.58467,46.13175],[-121.58429,46.13172],[-121.58423,46.13211],[-121.58373,46.13266],[-121.58402,46.13287],[-121.58368,46.13377],[-121.58373,46.13403],[-121.58289,46.13407],[-121.58234,46.13393],[-121.58256,46.13429],[-121.58254,46.13523],[-121.58211,46.13519],[-121.58198,46.13545],[-121.58158,46.13567],[-121.58071,46.13556],[-121.58074,46.13664],[-121.58028,46.13727],[-121.58022,46.13762],[-121.58065,46.13792],[-121.58099,46.13783],[-121.58135,46.13753],[-121.58155,46.13764],[-121.58168,46.13799],[-121.58096,46.1385],[-121.58043,46.13866],[-121.5801,46.13872],[-121.57998,46.13849],[-121.57939,46.13841],[-121.57922,46.13852],[-121.5792,46.13872],[-121.57857,46.13865],[-121.57865,46.13894],[-121.5778,46.13934],[-121.57794,46.13974],[-121.5785,46.13975],[-121.57878,46.14016],[-121.5791,46.14021],[-121.57969,46.14004],[-121.58022,46.14032],[-121.5803,46.14013],[-121.57955,46.13975],[-121.57943,46.13957],[-121.57968,46.1395],[-121.57989,46.13918],[-121.58043,46.13939],[-121.58065,46.13934],[-121.5807,46.13925],[-121.58049,46.13923],[-121.58053,46.13905],[-121.58077,46.13901],[-121.58089,46.13913],[-121.58121,46.13905],[-121.58143,46.13872],[-121.5817,46.1386],[-121.58199,46.13868],[-121.58213,46.13836],[-121.58268,46.13841],[-121.58263,46.13872],[-121.58245,46.13872],[-121.58227,46.13891],[-121.58238,46.13898],[-121.58235,46.13923],[-121.58158,46.13945],[-121.58154,46.13973],[-121.58115,46.1399],[-121.58107,46.14013],[-121.58063,46.14019],[-121.58075,46.14033],[-121.58066,46.14049],[-121.58106,46.14066],[-121.58156,46.14065],[-121.58166,46.14084],[-121.58141,46.14109],[-121.58099,46.14104],[-121.58118,46.14132],[-121.58101,46.14162],[-121.57957,46.14221],[-121.57953,46.14274],[-121.57969,46.14322],[-121.57934,46.14364],[-121.57911,46.14372],[-121.57881,46.14361],[-121.57819,46.14304],[-121.57761,46.14305],[-121.5774,46.14341],[-121.57723,46.1435],[-121.577,46.14343],[-121.57674,46.14375],[-121.57674,46.14389],[-121.57737,46.14408],[-121.57692,46.14463],[-121.57654,46.14471],[-121.57604,46.14445],[-121.57589,46.14419],[-121.57599,46.14364],[-121.57685,46.14335],[-121.57676,46.14304],[-121.57635,46.1432],[-121.57602,46.14318],[-121.5761,46.14297],[-121.57654,46.14279],[-121.57619,46.14262],[-121.57617,46.14233],[-121.57668,46.14234],[-121.57757,46.14202],[-121.57797,46.14204],[-121.57821,46.14227],[-121.57844,46.14225],[-121.57842,46.14201],[-121.57817,46.14189],[-121.57824,46.14165],[-121.5775,46.14116],[-121.57747,46.14105],[-121.57768,46.14099],[-121.57711,46.14067],[-121.57674,46.14066],[-121.5764,46.1411],[-121.57595,46.14115],[-121.57579,46.14132],[-121.57538,46.14127],[-121.5753,46.14102],[-121.57513,46.14106],[-121.57467,46.14129],[-121.57449,46.14163],[-121.57406,46.14176],[-121.57355,46.14212],[-121.57378,46.14228],[-121.57422,46.14228],[-121.57453,46.14197],[-121.57495,46.14184],[-121.57535,46.14201],[-121.57543,46.14247],[-121.57562,46.14275],[-121.57537,46.14291],[-121.57451,46.1429],[-121.57459,46.14338],[-121.57429,46.14344],[-121.57424,46.14386],[-121.57512,46.14379],[-121.57535,46.14407],[-121.57494,46.14411],[-121.57486,46.14438],[-121.57472,46.14441],[-121.57478,46.14457],[-121.574,46.14477],[-121.57388,46.14509],[-121.57358,46.14515],[-121.57345,46.14509],[-121.57356,46.14468],[-121.57343,46.14438],[-121.57347,46.144],[-121.57383,46.14336],[-121.5736,46.14328],[-121.57383,46.14301],[-121.57381,46.14279],[-121.57309,46.14261],[-121.57272,46.14276],[-121.57184,46.14281],[-121.57143,46.14198],[-121.57072,46.1415],[-121.56983,46.14144],[-121.56944,46.14197],[-121.56898,46.14209],[-121.56719,46.14181],[-121.56639,46.14196],[-121.56635,46.14231],[-121.56619,46.14249],[-121.56654,46.14297],[-121.5664,46.14319],[-121.56458,46.1431],[-121.56441,46.14318],[-121.56437,46.14344],[-121.56457,46.14377],[-121.56575,46.14376],[-121.56581,46.14443],[-121.56606,46.14492],[-121.56587,46.14538],[-121.56648,46.14533],[-121.56672,46.14546],[-121.56681,46.1457],[-121.56634,46.14606],[-121.56664,46.14611],[-121.56719,46.14697],[-121.56726,46.14761],[-121.56632,46.14762],[-121.56594,46.14738],[-121.56581,46.1476],[-121.56585,46.14826],[-121.56509,46.14843],[-121.56481,46.14831],[-121.56438,46.14849],[-121.56417,46.14873],[-121.56319,46.14866],[-121.56298,46.14856],[-121.56295,46.14837],[-121.56264,46.14833],[-121.56222,46.14841],[-121.56191,46.14863],[-121.56115,46.14869],[-121.5607,46.14859],[-121.56028,46.14888],[-121.55963,46.14895],[-121.55985,46.14922],[-121.559,46.14969],[-121.5586,46.1497],[-121.55821,46.14993],[-121.55712,46.1496],[-121.55618,46.14969],[-121.55605,46.14979],[-121.55658,46.15002],[-121.55668,46.15033],[-121.55653,46.15073],[-121.55619,46.15109],[-121.55524,46.15144],[-121.55493,46.15187],[-121.55475,46.15192],[-121.5546,46.15189],[-121.55454,46.15169],[-121.55362,46.15159],[-121.55393,46.15194],[-121.55382,46.1523],[-121.5533,46.15248],[-121.55248,46.15245],[-121.55202,46.15286],[-121.55213,46.15297],[-121.55169,46.15324],[-121.5515,46.15317],[-121.55146,46.153],[-121.5511,46.15292],[-121.55054,46.15311],[-121.5511,46.1534],[-121.5509,46.1537],[-121.55016,46.15398],[-121.54961,46.15435],[-121.5489,46.15444],[-121.54818,46.15491],[-121.54793,46.15486],[-121.54796,46.15475],[-121.54777,46.15465],[-121.54785,46.15451],[-121.54851,46.15404],[-121.54916,46.15305],[-121.55012,46.15284],[-121.55016,46.15267],[-121.55078,46.15228],[-121.55081,46.1517],[-121.54996,46.15181],[-121.54994,46.15224],[-121.54959,46.15234],[-121.54924,46.15229],[-121.54919,46.15212],[-121.54877,46.15234],[-121.5483,46.15229],[-121.54815,46.15214],[-121.54822,46.15174],[-121.54776,46.15163],[-121.54711,46.15168],[-121.5467,46.15189],[-121.54557,46.1517],[-121.54542,46.15154],[-121.54535,46.1511],[-121.54488,46.15066],[-121.54527,46.15049],[-121.54526,46.15016],[-121.54455,46.14977],[-121.5442,46.14938],[-121.54421,46.14924],[-121.54358,46.1494],[-121.54216,46.14927],[-121.54152,46.14904],[-121.54146,46.14886],[-121.54089,46.14874],[-121.5406,46.14827],[-121.5401,46.14806],[-121.53915,46.14815],[-121.53847,46.14729],[-121.53799,46.14707],[-121.53748,46.14702],[-121.53707,46.14746],[-121.53758,46.14754],[-121.53717,46.14764],[-121.53703,46.14755],[-121.53698,46.1477],[-121.53654,46.14783],[-121.53616,46.14767],[-121.53598,46.14738],[-121.53573,46.14726],[-121.53545,46.14736],[-121.53567,46.14773],[-121.53588,46.14769],[-121.53598,46.14782],[-121.53586,46.14796],[-121.53615,46.14807],[-121.53633,46.14853],[-121.53561,46.14857],[-121.53556,46.14905],[-121.53585,46.14917],[-121.53648,46.14914],[-121.53675,46.14944],[-121.53711,46.14937],[-121.53738,46.14948],[-121.53703,46.14979],[-121.53718,46.15007],[-121.53766,46.14998],[-121.53821,46.15037],[-121.5381,46.15056],[-121.53844,46.15061],[-121.53842,46.1509],[-121.5388,46.15112],[-121.53851,46.15123],[-121.53845,46.15158],[-121.5391,46.15158],[-121.53967,46.15176],[-121.53983,46.15207],[-121.54041,46.1517],[-121.54077,46.15169],[-121.54082,46.15179],[-121.54114,46.15167],[-121.54153,46.15135],[-121.54169,46.15101],[-121.54194,46.15105],[-121.54166,46.15067],[-121.54146,46.1506],[-121.54163,46.15039],[-121.54198,46.1505],[-121.54238,46.15039],[-121.54241,46.15004],[-121.54288,46.14987],[-121.54333,46.15004],[-121.54354,46.15038],[-121.54395,46.15058],[-121.54404,46.15082],[-121.54339,46.15133],[-121.54357,46.15146],[-121.54337,46.1517],[-121.54304,46.15157],[-121.54299,46.15143],[-121.5427,46.15142],[-121.54252,46.15173],[-121.54262,46.15176],[-121.54251,46.15198],[-121.54265,46.15223],[-121.54244,46.15234],[-121.54241,46.15265],[-121.54184,46.15251],[-121.54045,46.15282],[-121.5401,46.15275],[-121.53976,46.15295],[-121.53899,46.15284],[-121.53884,46.15291],[-121.53902,46.15306],[-121.53853,46.15327],[-121.53849,46.15348],[-121.53831,46.15354],[-121.53763,46.1535],[-121.53755,46.15328],[-121.53734,46.15348],[-121.53661,46.15359],[-121.5362,46.15336],[-121.53633,46.153],[-121.5361,46.15304],[-121.53606,46.15289],[-121.53604,46.15268],[-121.53642,46.15246],[-121.53576,46.15219],[-121.5347,46.1524],[-121.53393,46.15232],[-121.53402,46.15255],[-121.53382,46.15275],[-121.53287,46.15273],[-121.53269,46.15283],[-121.53247,46.15275],[-121.53213,46.15319],[-121.53154,46.15317],[-121.53003,46.15243],[-121.52938,46.15243],[-121.52912,46.15227],[-121.52949,46.15214],[-121.52908,46.15182],[-121.52958,46.15173],[-121.52965,46.15091],[-121.52998,46.15044],[-121.52972,46.15035],[-121.5292,46.15067],[-121.52859,46.1505],[-121.52821,46.15089],[-121.52775,46.15103],[-121.52775,46.15115],[-121.52745,46.15129],[-121.52713,46.15112],[-121.5273,46.15089],[-121.52679,46.15097],[-121.52623,46.15079],[-121.52536,46.14986],[-121.52505,46.14969],[-121.5237,46.14947],[-121.52392,46.15004],[-121.52429,46.1503],[-121.52419,46.1505],[-121.52429,46.15068],[-121.52409,46.15086],[-121.52445,46.15097],[-121.5243,46.15117],[-121.52401,46.15118],[-121.52398,46.15151],[-121.52449,46.15148],[-121.52473,46.15188],[-121.52447,46.15197],[-121.52436,46.15189],[-121.52444,46.15164],[-121.52397,46.15175],[-121.52451,46.15353],[-121.52415,46.15421],[-121.52368,46.15447],[-121.52295,46.15442],[-121.52237,46.1542],[-121.52134,46.15353],[-121.52036,46.15331],[-121.51972,46.15344],[-121.519144,46.153972],[-121.51928,46.15396],[-121.51803,46.15452],[-121.51735,46.15454],[-121.51633,46.15431],[-121.51459,46.15354],[-121.51335,46.15337],[-121.51286,46.15317],[-121.51241,46.15258],[-121.51229,46.15202],[-121.51171,46.15157],[-121.51089,46.15144]]],[[[-121.57412,46.14567],[-121.57426,46.14581],[-121.57408,46.14574],[-121.57412,46.14567]]],[[[-121.53694,46.14804],[-121.53701,46.1479],[-121.53721,46.14795],[-121.53703,46.14807],[-121.53694,46.14804]]],[[[-121.52983,46.15054],[-121.52969,46.1506],[-121.52969,46.15052],[-121.52983,46.15054]]],[[[-121.52948,46.15109],[-121.52946,46.15119],[-121.52928,46.15108],[-121.52948,46.15109]]],[[[-121.53964,46.15142],[-121.53963,46.15154],[-121.53944,46.15145],[-121.53964,46.15142]]],[[[-121.53524,46.15285],[-121.53561,46.15271],[-121.53567,46.15294],[-121.53524,46.15285]]],[[[-121.52987,46.1546],[-121.53005,46.15468],[-121.52987,46.15468],[-121.52987,46.1546]]],[[[-121.53135,46.1546],[-121.53143,46.15473],[-121.53123,46.15465],[-121.53135,46.1546]]],[[[-121.53114,46.15583],[-121.53113,46.15595],[-121.53099,46.15586],[-121.53114,46.15583]]],[[[-121.55014,46.15655],[-121.54983,46.15648],[-121.5498,46.15636],[-121.55016,46.15635],[-121.55014,46.15655]]],[[[-121.51848,46.08257],[-121.51814,46.08259],[-121.51808,46.08241],[-121.51844,46.0824],[-121.51848,46.08257]]],[[[-121.47772,46.09499],[-121.47772,46.0954],[-121.47759,46.09551],[-121.47752,46.09499],[-121.47772,46.09499]]],[[[-121.48318,46.09736],[-121.48308,46.09754],[-121.48281,46.09756],[-121.48261,46.09736],[-121.48271,46.09706],[-121.48296,46.09701],[-121.48315,46.09678],[-121.48346,46.09677],[-121.48363,46.09692],[-121.48361,46.09726],[-121.48318,46.09736]]],[[[-121.48494,46.09753],[-121.48471,46.09785],[-121.484,46.09766],[-121.48415,46.09735],[-121.48487,46.09729],[-121.48494,46.09753]]],[[[-121.48123,46.09789],[-121.48094,46.09801],[-121.4809,46.09777],[-121.48126,46.09773],[-121.48123,46.09789]]],[[[-121.478,46.09853],[-121.47769,46.09841],[-121.47756,46.09809],[-121.47763,46.09785],[-121.47809,46.09823],[-121.47824,46.09817],[-121.47828,46.09875],[-121.4781,46.09882],[-121.478,46.09853]]],[[[-121.47841,46.09957],[-121.4781,46.09947],[-121.47811,46.099],[-121.47849,46.09906],[-121.47841,46.09957]]],[[[-121.47947,46.09968],[-121.47922,46.09959],[-121.47909,46.09934],[-121.47922,46.0992],[-121.47993,46.09907],[-121.4802,46.09919],[-121.4802,46.09941],[-121.48005,46.09955],[-121.47947,46.09968]]],[[[-121.47811,46.10229],[-121.47812,46.10212],[-121.47872,46.10207],[-121.47888,46.10222],[-121.47999,46.10233],[-121.47977,46.10264],[-121.4798,46.10294],[-121.4792,46.10312],[-121.47905,46.10336],[-121.47877,46.10336],[-121.47858,46.1032],[-121.47869,46.10297],[-121.47892,46.10285],[-121.47889,46.10253],[-121.47829,46.10267],[-121.47833,46.10247],[-121.47811,46.10229]]],[[[-121.47922,46.10433],[-121.47895,46.10411],[-121.47892,46.10365],[-121.47903,46.10366],[-121.4791,46.10395],[-121.47943,46.10403],[-121.47942,46.10432],[-121.47922,46.10433]]],[[[-121.47898,46.10478],[-121.47923,46.10476],[-121.47927,46.10503],[-121.4799,46.10503],[-121.48017,46.10489],[-121.48033,46.10511],[-121.48055,46.10514],[-121.48104,46.10553],[-121.48123,46.10539],[-121.48126,46.10503],[-121.48177,46.10488],[-121.48215,46.10492],[-121.4822,46.10533],[-121.48174,46.10546],[-121.48164,46.10595],[-121.48079,46.10671],[-121.48037,46.10674],[-121.48007,46.10655],[-121.47887,46.10651],[-121.47887,46.10624],[-121.47871,46.10609],[-121.4788,46.10558],[-121.479,46.10536],[-121.47889,46.1052],[-121.47898,46.10478]]],[[[-121.48386,46.10604],[-121.48346,46.10609],[-121.48338,46.10566],[-121.48356,46.10558],[-121.4839,46.10571],[-121.48386,46.10604]]],[[[-121.49302,46.10891],[-121.49235,46.10861],[-121.49258,46.10849],[-121.49332,46.10866],[-121.49329,46.10882],[-121.49302,46.10891]]],[[[-121.49066,46.11786],[-121.49082,46.1183],[-121.49049,46.11846],[-121.49017,46.11834],[-121.4902,46.118],[-121.49038,46.11786],[-121.49066,46.11786]]],[[[-121.50653,46.14221],[-121.50664,46.14222],[-121.50654,46.14233],[-121.50653,46.14221]]],[[[-121.50643,46.14281],[-121.50687,46.14271],[-121.50675,46.14295],[-121.50649,46.14294],[-121.50643,46.14281]]],[[[-121.50333,46.14334],[-121.50281,46.14285],[-121.50303,46.14268],[-121.50363,46.14287],[-121.50388,46.14277],[-121.50415,46.14296],[-121.50381,46.14323],[-121.50333,46.14334]]],[[[-121.50949,46.14497],[-121.50954,46.14501],[-121.50941,46.145],[-121.50949,46.14497]]],[[[-121.50918,46.14502],[-121.50937,46.14513],[-121.50915,46.14512],[-121.50918,46.14502]]],[[[-121.50884,46.14933],[-121.50897,46.14941],[-121.5089,46.14948],[-121.50884,46.14933]]],[[[-121.50904,46.15014],[-121.509,46.15027],[-121.50872,46.15032],[-121.50904,46.15014]]],[[[-121.52685,46.15129],[-121.52702,46.15134],[-121.52687,46.15137],[-121.52685,46.15129]]],[[[-121.52805,46.15205],[-121.52801,46.15207],[-121.52796,46.15199],[-121.52805,46.15205]]],[[[-121.52831,46.15281],[-121.52829,46.1529],[-121.52818,46.15283],[-121.52831,46.15281]]],[[[-121.52867,46.15316],[-121.5287,46.15304],[-121.52879,46.15297],[-121.52883,46.15314],[-121.52867,46.15316]]],[[[-121.5217,46.15393],[-121.52142,46.15402],[-121.52151,46.15389],[-121.5217,46.15393]]],[[[-121.52341,46.15551],[-121.52366,46.15525],[-121.52409,46.15533],[-121.52394,46.15547],[-121.5238,46.15535],[-121.52355,46.15554],[-121.52341,46.15551]]],[[[-121.47719,46.09683],[-121.47754,46.0971],[-121.47736,46.09729],[-121.47649,46.09724],[-121.47643,46.09744],[-121.47623,46.09708],[-121.4766,46.09694],[-121.47665,46.09669],[-121.4768,46.0967],[-121.47706,46.09644],[-121.47725,46.09646],[-121.47719,46.09683]]],[[[-121.46976,46.09749],[-121.46956,46.09743],[-121.4696,46.09725],[-121.46981,46.09734],[-121.46976,46.09749]]],[[[-121.47407,46.0977],[-121.47377,46.09813],[-121.47354,46.09811],[-121.47341,46.09788],[-121.47363,46.09779],[-121.47362,46.09759],[-121.47338,46.09734],[-121.47343,46.09684],[-121.47352,46.09702],[-121.47412,46.09696],[-121.47426,46.0971],[-121.47407,46.0977]]],[[[-121.47268,46.09742],[-121.47312,46.09754],[-121.47299,46.09801],[-121.47277,46.09802],[-121.47253,46.09765],[-121.47268,46.09742]]],[[[-121.47684,46.09814],[-121.47666,46.09814],[-121.47666,46.09767],[-121.47694,46.09765],[-121.47704,46.09747],[-121.47737,46.09749],[-121.4774,46.09794],[-121.47694,46.0979],[-121.47684,46.09814]]],[[[-121.46594,46.09774],[-121.46656,46.09761],[-121.46649,46.09807],[-121.4664,46.09818],[-121.46611,46.09801],[-121.46591,46.09787],[-121.46594,46.09774]]],[[[-121.47028,46.09831],[-121.47022,46.09808],[-121.47051,46.09812],[-121.47042,46.09833],[-121.47028,46.09831]]],[[[-121.47592,46.09782],[-121.47596,46.09791],[-121.47601,46.09863],[-121.47578,46.09862],[-121.4757,46.09844],[-121.47578,46.09789],[-121.47592,46.09782]]],[[[-121.47144,46.09831],[-121.47217,46.09812],[-121.47222,46.09827],[-121.47207,46.09846],[-121.47144,46.09845],[-121.47144,46.09831]]],[[[-121.47138,46.09857],[-121.47137,46.09874],[-121.47101,46.09875],[-121.47094,46.09855],[-121.4711,46.09844],[-121.47138,46.09857]]],[[[-121.47287,46.09916],[-121.47251,46.09889],[-121.47253,46.09852],[-121.47289,46.09834],[-121.47287,46.09916]]],[[[-121.47576,46.09878],[-121.47594,46.09871],[-121.47596,46.09888],[-121.47576,46.09878]]],[[[-121.4662,46.09921],[-121.46624,46.09893],[-121.46645,46.09887],[-121.46657,46.09924],[-121.4662,46.09921]]],[[[-121.47066,46.09936],[-121.47039,46.09933],[-121.47029,46.09919],[-121.47037,46.09908],[-121.47072,46.09911],[-121.47066,46.09936]]],[[[-121.47167,46.09934],[-121.47175,46.09961],[-121.47127,46.09982],[-121.47118,46.09934],[-121.47167,46.09934]]],[[[-121.44923,46.09943],[-121.44999,46.09949],[-121.45012,46.09991],[-121.44981,46.09994],[-121.44932,46.09962],[-121.44923,46.09943]]],[[[-121.4699,46.0999],[-121.46999,46.09991],[-121.46988,46.09996],[-121.4699,46.0999]]],[[[-121.46585,46.10811],[-121.46552,46.10858],[-121.46507,46.10882],[-121.46482,46.1087],[-121.46479,46.10835],[-121.4652,46.10798],[-121.46679,46.10773],[-121.46676,46.10738],[-121.46641,46.10722],[-121.46601,46.10678],[-121.46599,46.10657],[-121.46577,46.10647],[-121.46589,46.10596],[-121.46682,46.10577],[-121.46703,46.10602],[-121.4669,46.10652],[-121.46663,46.10661],[-121.46659,46.10686],[-121.46728,46.10673],[-121.46765,46.10641],[-121.4675,46.10586],[-121.46784,46.10561],[-121.46759,46.10523],[-121.46705,46.1052],[-121.46699,46.10494],[-121.46713,46.10477],[-121.46809,46.10477],[-121.46839,46.10468],[-121.46843,46.10441],[-121.46938,46.10425],[-121.47024,46.10435],[-121.4705,46.10398],[-121.47058,46.10359],[-121.46986,46.10335],[-121.46941,46.1026],[-121.46871,46.10247],[-121.46833,46.10261],[-121.46808,46.10225],[-121.46661,46.10215],[-121.46615,46.10182],[-121.46501,46.1016],[-121.46426,46.10185],[-121.46352,46.10172],[-121.46355,46.10191],[-121.46285,46.10213],[-121.46196,46.1021],[-121.46038,46.10271],[-121.45977,46.10273],[-121.45936,46.10248],[-121.45934,46.10204],[-121.46088,46.10177],[-121.46101,46.10155],[-121.46095,46.10131],[-121.46044,46.10105],[-121.46006,46.10103],[-121.45961,46.10138],[-121.45942,46.10183],[-121.45885,46.10179],[-121.4589,46.10216],[-121.45881,46.10225],[-121.45846,46.10192],[-121.45785,46.10178],[-121.45736,46.10186],[-121.45726,46.10175],[-121.45732,46.1014],[-121.45772,46.10105],[-121.4578,46.10026],[-121.4583,46.10015],[-121.45854,46.09988],[-121.45917,46.09984],[-121.45982,46.09962],[-121.46009,46.09962],[-121.46031,46.09989],[-121.46059,46.09994],[-121.46161,46.09978],[-121.46202,46.09984],[-121.46314,46.09864],[-121.46305,46.09793],[-121.46293,46.09783],[-121.46356,46.09715],[-121.46492,46.09632],[-121.46745,46.09591],[-121.46799,46.09599],[-121.4698,46.09469],[-121.47188,46.09453],[-121.4767,46.0935],[-121.47795,46.09348],[-121.4791,46.09321],[-121.47986,46.09326],[-121.47973,46.09396],[-121.47992,46.09417],[-121.47991,46.0945],[-121.4773,46.09488],[-121.47728,46.09545],[-121.47711,46.09548],[-121.47699,46.0949],[-121.47649,46.09493],[-121.47641,46.09497],[-121.47676,46.09544],[-121.4766,46.09575],[-121.47676,46.09577],[-121.47671,46.09595],[-121.47658,46.09576],[-121.47635,46.09585],[-121.47639,46.09599],[-121.47658,46.09604],[-121.47655,46.09638],[-121.47574,46.09613],[-121.47473,46.09696],[-121.47454,46.09694],[-121.4744,46.0967],[-121.47398,46.09667],[-121.4738,46.09631],[-121.47423,46.09603],[-121.47496,46.09593],[-121.47503,46.0958],[-121.47482,46.09548],[-121.47496,46.09532],[-121.47451,46.09531],[-121.47345,46.09553],[-121.47339,46.09593],[-121.47322,46.09606],[-121.47335,46.09637],[-121.47325,46.09662],[-121.47272,46.09626],[-121.47209,46.09621],[-121.47164,46.09576],[-121.4714,46.09596],[-121.47124,46.09594],[-121.47119,46.09567],[-121.4707,46.09573],[-121.47037,46.09605],[-121.47061,46.09626],[-121.47067,46.09657],[-121.47104,46.09658],[-121.47141,46.09634],[-121.47165,46.09634],[-121.47196,46.0966],[-121.47218,46.09647],[-121.47223,46.09668],[-121.47257,46.09668],[-121.47264,46.09653],[-121.47298,46.09668],[-121.47264,46.09728],[-121.47237,46.09729],[-121.47226,46.09705],[-121.47197,46.09726],[-121.47166,46.09712],[-121.47144,46.09724],[-121.47124,46.0977],[-121.47095,46.09764],[-121.47051,46.09729],[-121.4704,46.09646],[-121.47027,46.09637],[-121.46988,46.09648],[-121.46978,46.09629],[-121.46919,46.0965],[-121.46935,46.09708],[-121.46865,46.0977],[-121.4682,46.09772],[-121.46705,46.09728],[-121.4657,46.09759],[-121.46567,46.09783],[-121.4654,46.09787],[-121.46521,46.09813],[-121.46488,46.09791],[-121.46487,46.09819],[-121.46527,46.09861],[-121.46526,46.09884],[-121.46597,46.09896],[-121.46606,46.09905],[-121.46596,46.09931],[-121.46649,46.09975],[-121.46697,46.09942],[-121.46709,46.0991],[-121.46745,46.09896],[-121.46741,46.09851],[-121.46712,46.09848],[-121.46707,46.09829],[-121.4667,46.09808],[-121.46676,46.09759],[-121.46711,46.09758],[-121.46761,46.09805],[-121.46782,46.09781],[-121.46883,46.0979],[-121.46913,46.09826],[-121.46964,46.09833],[-121.46973,46.09859],[-121.46972,46.09881],[-121.46949,46.09896],[-121.46914,46.09871],[-121.46923,46.09895],[-121.46902,46.09914],[-121.46931,46.09951],[-121.46955,46.09954],[-121.46959,46.0997],[-121.46921,46.09988],[-121.4692,46.10012],[-121.46946,46.10022],[-121.47021,46.10024],[-121.4705,46.09964],[-121.47068,46.09966],[-121.47073,46.09989],[-121.47061,46.09999],[-121.47102,46.10035],[-121.4711,46.10025],[-121.47159,46.10023],[-121.47236,46.09975],[-121.47244,46.09946],[-121.47203,46.09908],[-121.4721,46.09885],[-121.47225,46.09883],[-121.47247,46.09932],[-121.47265,46.0992],[-121.47278,46.09944],[-121.47266,46.09969],[-121.47293,46.09975],[-121.47315,46.09924],[-121.47339,46.09924],[-121.47357,46.09869],[-121.47394,46.09875],[-121.4739,46.09934],[-121.4743,46.09949],[-121.47497,46.09954],[-121.47498,46.09925],[-121.47511,46.09914],[-121.4753,46.09928],[-121.47535,46.09962],[-121.47558,46.09954],[-121.4756,46.09936],[-121.47611,46.09908],[-121.4761,46.09883],[-121.47622,46.0988],[-121.47646,46.09894],[-121.47635,46.09938],[-121.4766,46.09923],[-121.47683,46.09936],[-121.47728,46.0992],[-121.4774,46.09942],[-121.47767,46.09953],[-121.47796,46.09943],[-121.47805,46.09962],[-121.47771,46.09964],[-121.47769,46.09979],[-121.47825,46.09994],[-121.4786,46.09975],[-121.479,46.09975],[-121.47971,46.10021],[-121.47955,46.10048],[-121.4791,46.10019],[-121.47877,46.10019],[-121.47875,46.10034],[-121.47903,46.10041],[-121.47909,46.10056],[-121.47887,46.10085],[-121.47834,46.10095],[-121.47862,46.10111],[-121.47853,46.10118],[-121.47819,46.10124],[-121.47859,46.1015],[-121.47855,46.10161],[-121.47839,46.10168],[-121.47835,46.10188],[-121.47788,46.10183],[-121.47767,46.10194],[-121.47788,46.10213],[-121.47798,46.10278],[-121.47768,46.10304],[-121.47782,46.10316],[-121.47826,46.1031],[-121.47853,46.10332],[-121.47844,46.10356],[-121.47865,46.10356],[-121.47866,46.10367],[-121.47838,46.10378],[-121.47816,46.10405],[-121.47814,46.10417],[-121.47842,46.10427],[-121.47817,46.10478],[-121.47721,46.10474],[-121.47703,46.10453],[-121.47694,46.10477],[-121.47641,46.10437],[-121.47606,46.1048],[-121.47628,46.10489],[-121.4763,46.10508],[-121.47611,46.10503],[-121.47604,46.10527],[-121.47579,46.1053],[-121.47588,46.10551],[-121.4757,46.10576],[-121.47575,46.10589],[-121.47538,46.10631],[-121.47492,46.10635],[-121.47447,46.10675],[-121.47413,46.10675],[-121.47402,46.10687],[-121.47414,46.10705],[-121.47364,46.10708],[-121.47335,46.10742],[-121.47304,46.10745],[-121.47297,46.10779],[-121.47228,46.10768],[-121.472,46.10792],[-121.47153,46.10774],[-121.47118,46.10783],[-121.47101,46.10756],[-121.47069,46.10781],[-121.47077,46.10809],[-121.47061,46.10811],[-121.47048,46.10787],[-121.47019,46.1079],[-121.47021,46.10835],[-121.47006,46.10839],[-121.4699,46.10839],[-121.46985,46.10795],[-121.46937,46.1079],[-121.46905,46.108],[-121.4689,46.10837],[-121.46844,46.10878],[-121.46799,46.10886],[-121.46781,46.10858],[-121.46749,46.10857],[-121.46737,46.10816],[-121.46704,46.10805],[-121.46675,46.10836],[-121.46627,46.10805],[-121.46585,46.10811]]],[[[-121.46908,46.10353],[-121.46899,46.10327],[-121.46924,46.10333],[-121.46908,46.10353]]],[[[-121.45316,46.10391],[-121.453,46.10392],[-121.45283,46.10376],[-121.45294,46.10363],[-121.45318,46.10371],[-121.45316,46.10391]]],[[[-121.47701,46.10495],[-121.47697,46.10518],[-121.47679,46.10517],[-121.47679,46.10494],[-121.47701,46.10495]]],[[[-121.47662,46.10621],[-121.47655,46.10603],[-121.47603,46.10579],[-121.47632,46.10566],[-121.47712,46.1058],[-121.47687,46.10633],[-121.47662,46.10621]]],[[[-121.46095,46.10893],[-121.46102,46.10871],[-121.46133,46.10876],[-121.46119,46.10905],[-121.46095,46.10893]]],[[[-121.46277,46.11068],[-121.46231,46.11056],[-121.46233,46.11023],[-121.46344,46.10948],[-121.46385,46.10948],[-121.46449,46.10922],[-121.46569,46.10935],[-121.46597,46.10968],[-121.46594,46.10992],[-121.46649,46.11015],[-121.46648,46.11054],[-121.46739,46.11084],[-121.46743,46.11111],[-121.46699,46.11157],[-121.4664,46.11159],[-121.46607,46.11188],[-121.46572,46.11188],[-121.46491,46.11148],[-121.46488,46.1113],[-121.46522,46.1109],[-121.46519,46.11056],[-121.46483,46.11022],[-121.46382,46.11059],[-121.46277,46.11068]]]]},"properties":{"fire_id":"ufid:2024-WAGPF-000813","source_collection":"history-2024","source_objectid":30642,"incident_name":"Williams Mine","mapped_acres":13085.896296013883,"mapped_acres_source":"poly_GISAcres","gis_acres":13085.896296013883,"auto_acres":13092.214084805128,"reported_acres":13092.0,"percent_contained":100.0,"state":"WA","state_wfigs":"US-WA","county":"Skamania","discovery_time_utc":"2024-08-05T19:03:00Z","perimeter_time_utc":"2024-09-14T02:12:00Z","perimeter_edit_time_utc":"2024-09-16T18:58:37Z","incident_modified_time_utc":"2025-11-17T17:16:35Z","containment_time_utc":"2024-10-31T19:52:00Z","control_time_utc":"2024-11-14T16:00:00Z","fire_out_time_utc":"2025-03-19T15:00:00Z","fire_cause":"Natural","fire_cause_general":null,"map_method":"IR Image Interpretation","source_dataset":"2024 NIFS","unique_fire_identifier":"2024-WAGPF-000813","irwin_id":"{74CCAF8D-B50F-45F0-B068-F04C794E73A6}","global_id":"4aa1c570-ddc4-4550-a195-3053be2640e1"}},{"type":"Feature","geometry":{"type":"Polygon","coordinates":[[[-120.33441,47.82231],[-120.33438,47.82238],[-120.33429,47.82233],[-120.33441,47.82231]]]},"properties":{"fire_id":"ufid:2024-WAOWF-000575","source_collection":"history-2024","source_objectid":31011,"incident_name":"POTATO","mapped_acres":0.0,"mapped_acres_source":"poly_GISAcres","gis_acres":0.0,"auto_acres":0.017085144373705157,"reported_acres":0.1,"percent_contained":null,"state":"WA","state_wfigs":"US-WA","county":"Chelan","discovery_time_utc":"2024-08-10T01:29:48Z","perimeter_time_utc":"2024-08-14T18:21:46Z","perimeter_edit_time_utc":"2024-08-14T18:21:46Z","incident_modified_time_utc":"2024-08-12T19:00:51Z","containment_time_utc":"2024-08-10T19:15:00Z","control_time_utc":"2024-08-11T01:00:00Z","fire_out_time_utc":"2024-08-12T19:00:00Z","fire_cause":"Natural","fire_cause_general":"Natural","map_method":"Auto-generated","source_dataset":"FFP","unique_fire_identifier":"2024-WAOWF-000575","irwin_id":"{958C4EFA-AE8A-4221-8275-FEF23027B443}","global_id":"8e0fb895-13b7-49c2-90ef-b4bcb9256382"}},{"type":"Feature","geometry":{"type":"Polygon","coordinates":[[[-120.42897,47.17736],[-120.4295,47.17756],[-120.42936,47.17796],[-120.42817,47.17782],[-120.42833,47.17759],[-120.42821,47.17751],[-120.42838,47.1774],[-120.42833,47.17724],[-120.42857,47.17719],[-120.42864,47.17737],[-120.42897,47.17736]]]},"properties":{"fire_id":"ufid:2024-WASES-000308","source_collection":"history-2024","source_objectid":31126,"incident_name":"BUMPY FLATS","mapped_acres":1.4,"mapped_acres_source":"poly_GISAcres","gis_acres":1.4,"auto_acres":1.3581034689203317,"reported_acres":2.0,"percent_contained":null,"state":"WA","state_wfigs":"US-WA","county":"Kittitas","discovery_time_utc":"2024-07-02T21:23:00Z","perimeter_time_utc":"2024-08-16T20:01:39Z","perimeter_edit_time_utc":"2024-08-16T20:01:39Z","incident_modified_time_utc":"2024-08-08T16:19:09Z","containment_time_utc":"2024-07-03T23:09:00Z","control_time_utc":"2024-07-03T23:09:00Z","fire_out_time_utc":"2024-08-08T16:30:00Z","fire_cause":"Human","fire_cause_general":"Recreation and ceremony","map_method":"Auto-generated","source_dataset":"FFP","unique_fire_identifier":"2024-WASES-000308","irwin_id":"{713460C9-2A5E-46D9-AB77-57E24AD24FE4}","global_id":"10808d3c-4d33-49ec-9e2e-d6d65fd7dd4c"}},{"type":"Feature","geometry":{"type":"Polygon","coordinates":[[[-120.33112,47.31111],[-120.33205,47.31079],[-120.33245,47.31108],[-120.3325,47.31125],[-120.33209,47.31144],[-120.33112,47.31111]]]},"properties":{"fire_id":"ufid:2024-WASES-000338","source_collection":"history-2024","source_objectid":31127,"incident_name":"ORR CREEK","mapped_acres":0.9,"mapped_acres_source":"poly_GISAcres","gis_acres":0.9,"auto_acres":1.078179163567509,"reported_acres":1.1,"percent_contained":null,"state":"WA","state_wfigs":"US-WA","county":"Chelan","discovery_time_utc":"2024-07-06T13:43:00Z","perimeter_time_utc":"2024-08-16T20:14:46Z","perimeter_edit_time_utc":"2024-08-16T20:14:47Z","incident_modified_time_utc":"2024-07-22T21:55:14Z","containment_time_utc":"2024-07-08T23:23:00Z","control_time_utc":"2024-07-08T23:23:00Z","fire_out_time_utc":"2024-07-22T21:55:00Z","fire_cause":"Human","fire_cause_general":"Debris and open burning","map_method":"Hand Sketch","source_dataset":"FFP","unique_fire_identifier":"2024-WASES-000338","irwin_id":"{8B75178D-27B3-47C2-BF1B-1B1CD563C644}","global_id":"1dd06a38-980e-464b-b172-0ca555160719"}},{"type":"Feature","geometry":{"type":"Polygon","coordinates":[[[-120.36485,47.41113],[-120.36451,47.41085],[-120.36467,47.41083],[-120.36476,47.41059],[-120.36472,47.40994],[-120.36495,47.40998],[-120.36545,47.40978],[-120.3659,47.40941],[-120.36616,47.40938],[-120.36623,47.4096],[-120.36657,47.40986],[-120.36649,47.41015],[-120.36688,47.41048],[-120.36712,47.41124],[-120.36706,47.41203],[-120.36799,47.41245],[-120.36795,47.41285],[-120.36819,47.41294],[-120.36826,47.41317],[-120.36796,47.41326],[-120.36835,47.41362],[-120.36827,47.41395],[-120.36841,47.41415],[-120.36759,47.41426],[-120.36734,47.41448],[-120.36747,47.41458],[-120.36766,47.41452],[-120.36807,47.41494],[-120.36837,47.41485],[-120.36854,47.41512],[-120.36788,47.41535],[-120.36761,47.415],[-120.36729,47.41491],[-120.36699,47.41436],[-120.36667,47.41428],[-120.36683,47.4141],[-120.36663,47.41404],[-120.36636,47.41364],[-120.36659,47.41257],[-120.36644,47.41234],[-120.3662,47.41236],[-120.36611,47.4125],[-120.3658,47.41244],[-120.36604,47.41214],[-120.36531,47.41173],[-120.36485,47.41113]]]},"properties":{"fire_id":"ufid:2024-WASES-000248","source_collection":"history-2024","source_objectid":31128,"incident_name":"NUMBER TWO","mapped_acres":100.0,"mapped_acres_source":"poly_GISAcres","gis_acres":100.0,"auto_acres":18.570461223691684,"reported_acres":25.0,"percent_contained":null,"state":"WA","state_wfigs":"US-WA","county":"Chelan","discovery_time_utc":"2024-06-23T23:38:00Z","perimeter_time_utc":"2024-08-16T20:11:34Z","perimeter_edit_time_utc":"2024-08-16T20:11:34Z","incident_modified_time_utc":"2024-07-20T23:16:54Z","containment_time_utc":"2024-06-25T01:47:00Z","control_time_utc":"2024-06-25T02:55:00Z","fire_out_time_utc":"2024-07-08T19:47:00Z","fire_cause":"Human","fire_cause_general":"Equipment and vehicle use","map_method":"Hand Sketch","source_dataset":"FFP","unique_fire_identifier":"2024-WASES-000248","irwin_id":"{0169E65E-0594-4306-A0A7-30AFB4E90A77}","global_id":"72456ae7-3741-4350-9e63-55f82024ed79"}},{"type":"Feature","geometry":{"type":"Polygon","coordinates":[[[-120.3089,47.26332],[-120.30879,47.26344],[-120.3086,47.26342],[-120.30864,47.26328],[-120.3089,47.26332]]]},"properties":{"fire_id":"ufid:2024-WASES-000271","source_collection":"history-2024","source_objectid":31129,"incident_name":"Jump Off Inc #271","mapped_acres":0.1,"mapped_acres_source":"poly_GISAcres","gis_acres":0.1,"auto_acres":0.08496334703717791,"reported_acres":0.1,"percent_contained":null,"state":"WA","state_wfigs":"US-WA","county":"Chelan","discovery_time_utc":"2024-06-26T16:03:00Z","perimeter_time_utc":"2024-08-16T20:10:19Z","perimeter_edit_time_utc":"2024-08-16T20:10:19Z","incident_modified_time_utc":"2024-07-10T19:23:30Z","containment_time_utc":"2024-06-26T23:49:00Z","control_time_utc":"2024-06-26T23:49:00Z","fire_out_time_utc":"2024-06-28T20:35:00Z","fire_cause":"Natural","fire_cause_general":"Natural","map_method":"Mixed Methods","source_dataset":"FFP","unique_fire_identifier":"2024-WASES-000271","irwin_id":"{7AFF77AA-854F-43F7-A0B6-55AEA0360A26}","global_id":"fa5ad98a-b2f3-4331-ba02-89fc44476edc"}},{"type":"Feature","geometry":{"type":"Polygon","coordinates":[[[-120.39173,47.31709],[-120.39266,47.31751],[-120.39303,47.31798],[-120.39283,47.31822],[-120.39294,47.3185],[-120.39319,47.31859],[-120.39319,47.31879],[-120.3923,47.31901],[-120.39224,47.31887],[-120.39141,47.31842],[-120.3912,47.31809],[-120.39128,47.31776],[-120.39117,47.31755],[-120.39173,47.31709]]]},"properties":{"fire_id":"ufid:2024-WASES-000344","source_collection":"history-2024","source_objectid":31130,"incident_name":"BEEHIVE","mapped_acres":5.0,"mapped_acres_source":"poly_GISAcres","gis_acres":5.0,"auto_acres":5.005876099264942,"reported_acres":4.0,"percent_contained":null,"state":"WA","state_wfigs":"US-WA","county":"Chelan","discovery_time_utc":"2024-07-06T19:07:00Z","perimeter_time_utc":"2024-08-16T20:16:39Z","perimeter_edit_time_utc":"2024-08-16T20:16:39Z","incident_modified_time_utc":"2024-07-22T22:30:44Z","containment_time_utc":"2024-07-08T02:34:00Z","control_time_utc":"2024-07-08T02:34:00Z","fire_out_time_utc":"2024-07-22T22:30:00Z","fire_cause":"Human","fire_cause_general":"Firearms and explosives use","map_method":"Auto-generated","source_dataset":"FFP","unique_fire_identifier":"2024-WASES-000344","irwin_id":"{D2DC8894-22C8-44C8-998E-F494A911E7BA}","global_id":"6b39ae56-a502-43e9-bbe4-637f75d40284"}},{"type":"Feature","geometry":{"type":"Polygon","coordinates":[[[-120.0933,46.94607],[-120.10065,46.94594],[-120.10063,46.94622],[-120.09969,46.94708],[-120.09873,46.94711],[-120.09757,46.94755],[-120.09696,46.94756],[-120.09647,46.94782],[-120.09612,46.94744],[-120.09539,46.94738],[-120.09487,46.94686],[-120.09447,46.94672],[-120.09354,46.94671],[-120.09331,46.94651],[-120.0933,46.94607]]]},"properties":{"fire_id":"ufid:2024-WASES-000119","source_collection":"history-2024","source_objectid":31131,"incident_name":"Pump House Rd","mapped_acres":17.3,"mapped_acres_source":"poly_GISAcres","gis_acres":17.3,"auto_acres":17.25221509566532,"reported_acres":3.0,"percent_contained":null,"state":"WA","state_wfigs":"US-WA","county":"Kittitas","discovery_time_utc":"2024-05-20T23:38:02Z","perimeter_time_utc":"2024-08-16T20:03:43Z","perimeter_edit_time_utc":"2024-08-16T20:03:43Z","incident_modified_time_utc":"2024-06-25T20:30:47Z","containment_time_utc":"2024-05-21T02:21:00Z","control_time_utc":"2024-05-21T22:42:00Z","fire_out_time_utc":"2024-05-23T16:08:00Z","fire_cause":"Undetermined","fire_cause_general":"Undetermined","map_method":"Mixed Methods","source_dataset":"FFP","unique_fire_identifier":"2024-WASES-000119","irwin_id":"{2BC2D2C2-8ADA-464C-9E5C-FAB8C60F22B9}","global_id":"5866824e-1cae-43e8-9cb3-ba84ec6f9e52"}},{"type":"Feature","geometry":{"type":"Polygon","coordinates":[[[-120.08886,47.77546],[-120.09416,47.77479],[-120.09596,47.77492],[-120.09681,47.77528],[-120.09714,47.77569],[-120.09732,47.77646],[-120.09737,47.77789],[-120.09702,47.78028],[-120.097,47.7821],[-120.09662,47.78484],[-120.09634,47.78569],[-120.09563,47.78644],[-120.09363,47.78782],[-120.09287,47.78868],[-120.09244,47.78962],[-120.09226,47.79163],[-120.09202,47.79263],[-120.09126,47.7939],[-120.09092,47.79488],[-120.09036,47.79886],[-120.09005,47.79979],[-120.08956,47.80065],[-120.08833,47.8019],[-120.08575,47.80346],[-120.08447,47.80459],[-120.08328,47.80675],[-120.08309,47.8077],[-120.08255,47.80841],[-120.08196,47.81076],[-120.08001,47.81361],[-120.07906,47.8144],[-120.07833,47.81453],[-120.07541,47.81382],[-120.07093,47.81503],[-120.06937,47.81565],[-120.06854,47.81583],[-120.06513,47.81566],[-120.06381,47.81608],[-120.06172,47.81614],[-120.0601,47.8168],[-120.05941,47.81689],[-120.05551,47.81703],[-120.05357,47.81689],[-120.05187,47.81615],[-120.05108,47.81553],[-120.05019,47.81448],[-120.05008,47.81385],[-120.05086,47.81234],[-120.05101,47.81178],[-120.05093,47.81121],[-120.05036,47.81023],[-120.04858,47.80826],[-120.04722,47.80645],[-120.0469,47.80618],[-120.04514,47.80538],[-120.04451,47.80478],[-120.04414,47.80495],[-120.04045,47.80513],[-120.03952,47.80494],[-120.03925,47.80469],[-120.03929,47.80448],[-120.03973,47.80424],[-120.04292,47.80393],[-120.04348,47.80362],[-120.04404,47.80285],[-120.04426,47.80222],[-120.04494,47.80219],[-120.04522,47.80106],[-120.04508,47.80058],[-120.04361,47.79838],[-120.04334,47.79761],[-120.04327,47.79684],[-120.04341,47.79632],[-120.04378,47.79584],[-120.04434,47.79541],[-120.04728,47.79396],[-120.04926,47.79263],[-120.05123,47.79045],[-120.05431,47.78608],[-120.05536,47.78511],[-120.05602,47.78469],[-120.06448,47.78106],[-120.06755,47.77944],[-120.07038,47.77758],[-120.07163,47.77701],[-120.07257,47.77675],[-120.07493,47.77624],[-120.07917,47.77622],[-120.08302,47.77578],[-120.08886,47.77546]]]},"properties":{"fire_id":"ufid:2024-WASES-000700","source_collection":"history-2024","source_objectid":31278,"incident_name":"STAYMAN","mapped_acres":3117.7978433503686,"mapped_acres_source":"poly_GISAcres","gis_acres":3117.7978433503686,"auto_acres":3117.7858361795843,"reported_acres":3118.0,"percent_contained":100.0,"state":"WA","state_wfigs":"US-WA","county":"Chelan","discovery_time_utc":"2024-08-20T20:55:00Z","perimeter_time_utc":"2024-08-21T16:33:00Z","perimeter_edit_time_utc":"2024-08-21T23:30:17Z","incident_modified_time_utc":"2024-12-17T18:37:09Z","containment_time_utc":"2024-08-27T00:27:00Z","control_time_utc":"2024-08-27T00:27:00Z","fire_out_time_utc":"2024-12-17T16:00:00Z","fire_cause":"Human","fire_cause_general":null,"map_method":"GPS-Flight","source_dataset":"2024 NIFS","unique_fire_identifier":"2024-WASES-000700","irwin_id":"{E25CEA20-4EF2-4FB7-A63D-85DC9A5C98DC}","global_id":"b438cf8a-1094-4a6c-ac02-e924306fcfb4"}},{"type":"Feature","geometry":{"type":"Polygon","coordinates":[[[-120.70323,47.76024],[-120.70325,47.76009],[-120.7034,47.7601],[-120.70335,47.76028],[-120.70323,47.76024]]]},"properties":{"fire_id":"ufid:2024-WAOWF-000711","source_collection":"history-2024","source_objectid":31381,"incident_name":"PLAIN RIVER","mapped_acres":0.1,"mapped_acres_source":"poly_GISAcres","gis_acres":0.1,"auto_acres":0.06174830398109998,"reported_acres":0.1,"percent_contained":null,"state":"WA","state_wfigs":"US-WA","county":"Chelan","discovery_time_utc":"2024-08-22T19:48:34Z","perimeter_time_utc":"2024-08-23T00:48:34Z","perimeter_edit_time_utc":"2024-08-23T19:03:49Z","incident_modified_time_utc":"2024-10-10T21:16:28Z","containment_time_utc":"2024-08-23T01:00:00Z","control_time_utc":"2024-08-25T21:19:00Z","fire_out_time_utc":"2024-08-30T23:07:00Z","fire_cause":"Natural","fire_cause_general":null,"map_method":"Auto-generated","source_dataset":"2024 NIFS","unique_fire_identifier":"2024-WAOWF-000711","irwin_id":"{2CFC4A2B-3EDF-41D5-9CFF-4B6D3B461E18}","global_id":"e76c47b2-0d20-48d4-a8f1-209308ddc006"}},{"type":"Feature","geometry":{"type":"Polygon","coordinates":[[[-123.40455,48.11472],[-123.40397,48.11432],[-123.40438,48.11437],[-123.40455,48.11472]]]},"properties":{"fire_id":"ufid:2024-WAOLS-000060","source_collection":"history-2024","source_objectid":31834,"incident_name":"DISCOVERY FIRE","mapped_acres":0.1,"mapped_acres_source":"poly_GISAcres","gis_acres":0.1,"auto_acres":0.11994509241276045,"reported_acres":0.25,"percent_contained":null,"state":"WA","state_wfigs":"US-WA","county":"Clallam","discovery_time_utc":"2024-07-24T14:38:14Z","perimeter_time_utc":"2024-09-04T19:11:23Z","perimeter_edit_time_utc":"2024-09-04T19:11:23Z","incident_modified_time_utc":"2024-07-24T23:37:12Z","containment_time_utc":"2024-07-24T16:56:00Z","control_time_utc":"2024-07-24T16:56:00Z","fire_out_time_utc":null,"fire_cause":"Human","fire_cause_general":"Equipment and vehicle use","map_method":"Auto-generated","source_dataset":"FFP","unique_fire_identifier":"2024-WAOLS-000060","irwin_id":"{9AAA3093-11EE-4B9F-8DAE-DC65F90F733B}","global_id":"6efd4549-bf1b-441c-8bcf-cd3ba7f37edf"}},{"type":"Feature","geometry":{"type":"Polygon","coordinates":[[[-124.20372,47.20661],[-124.20426,47.2066],[-124.20421,47.20668],[-124.20455,47.20681],[-124.20476,47.20713],[-124.20454,47.2073],[-124.20422,47.20732],[-124.20394,47.20718],[-124.20372,47.20661]]]},"properties":{"fire_id":"ufid:2024-WAOLS-000019","source_collection":"history-2024","source_objectid":31835,"incident_name":"PACIFIC BEACH","mapped_acres":1.0,"mapped_acres_source":"poly_GISAcres","gis_acres":1.0,"auto_acres":1.0394283767331658,"reported_acres":1.0,"percent_contained":null,"state":"WA","state_wfigs":"US-WA","county":"Grays Harbor","discovery_time_utc":"2024-05-11T22:21:54Z","perimeter_time_utc":"2024-09-04T19:04:47Z","perimeter_edit_time_utc":"2024-09-04T19:04:47Z","incident_modified_time_utc":"2024-06-26T18:51:31Z","containment_time_utc":"2024-05-12T00:00:00Z","control_time_utc":"2024-05-12T01:10:00Z","fire_out_time_utc":"2024-05-29T20:00:00Z","fire_cause":"Human","fire_cause_general":"Recreation and ceremony","map_method":"Auto-generated","source_dataset":"FFP","unique_fire_identifier":"2024-WAOLS-000019","irwin_id":"{1AE7B933-B332-4A82-8D42-3C988777136D}","global_id":"7132073c-a624-4426-b8e4-7c735b35cce3"}},{"type":"Feature","geometry":{"type":"MultiPolygon","coordinates":[[[[-122.7851,47.75992],[-122.78513,47.75994],[-122.7851,47.76002],[-122.7851,47.75992]]],[[[-122.7851,47.76002],[-122.78512,47.76003],[-122.78511,47.76005],[-122.7851,47.76002]]],[[[-122.78511,47.76005],[-122.78513,47.7601],[-122.78507,47.76006],[-122.78511,47.76005]]],[[[-122.78523,47.76008],[-122.78527,47.76014],[-122.78511,47.76012],[-122.78523,47.76008]]]]},"properties":{"fire_id":"ufid:2024-WAOLS-000063","source_collection":"history-2024","source_objectid":31836,"incident_name":"OLD COYLE","mapped_acres":0.0,"mapped_acres_source":"poly_GISAcres","gis_acres":0.0,"auto_acres":0.022538898435765245,"reported_acres":0.1,"percent_contained":null,"state":"WA","state_wfigs":"US-WA","county":"Jefferson","discovery_time_utc":"2024-07-28T15:12:07Z","perimeter_time_utc":"2024-09-04T19:09:20Z","perimeter_edit_time_utc":"2024-09-04T19:09:20Z","incident_modified_time_utc":"2024-09-01T19:13:51Z","containment_time_utc":"2024-07-28T19:14:00Z","control_time_utc":"2024-07-28T21:06:00Z","fire_out_time_utc":"2024-08-02T07:00:00Z","fire_cause":"Human","fire_cause_general":"Debris and open burning","map_method":"Auto-generated","source_dataset":"FFP","unique_fire_identifier":"2024-WAOLS-000063","irwin_id":"{D649E089-1DC1-410A-B5F6-ED909945BA10}","global_id":"aa502448-cc83-46a9-9665-db7a8ddf682a"}},{"type":"Feature","geometry":{"type":"MultiPolygon","coordinates":[[[[-120.67123,47.2192],[-120.67129,47.21909],[-120.67109,47.219],[-120.67153,47.21899],[-120.67123,47.2192]]],[[[-120.666,47.21999],[-120.66642,47.22002],[-120.66666,47.2202],[-120.66637,47.22026],[-120.66624,47.22048],[-120.66592,47.22027],[-120.666,47.21999]]],[[[-120.67038,47.22086],[-120.67043,47.2204],[-120.67066,47.22049],[-120.67064,47.22068],[-120.67038,47.22086]]],[[[-120.67143,47.22611],[-120.67087,47.22547],[-120.67088,47.22507],[-120.67212,47.22458],[-120.67203,47.22441],[-120.67222,47.22414],[-120.6721,47.22398],[-120.67215,47.22335],[-120.67178,47.22302],[-120.67175,47.22256],[-120.67216,47.22244],[-120.67287,47.22178],[-120.67295,47.22146],[-120.67247,47.22148],[-120.67304,47.22109],[-120.67277,47.22096],[-120.67233,47.22102],[-120.67191,47.2207],[-120.67166,47.22098],[-120.67145,47.22085],[-120.67124,47.22094],[-120.67099,47.22087],[-120.671,47.22066],[-120.67114,47.22064],[-120.67094,47.22048],[-120.67116,47.22041],[-120.67037,47.22025],[-120.67051,47.22013],[-120.67038,47.22],[-120.66999,47.22006],[-120.66962,47.21985],[-120.6695,47.21993],[-120.66931,47.21967],[-120.66918,47.21975],[-120.66882,47.21961],[-120.66879,47.21982],[-120.66845,47.21996],[-120.66804,47.21973],[-120.66776,47.21981],[-120.66793,47.21976],[-120.66782,47.21963],[-120.66793,47.21935],[-120.66823,47.21919],[-120.66812,47.21903],[-120.66834,47.219],[-120.66834,47.21884],[-120.66904,47.21903],[-120.6694,47.21932],[-120.66977,47.2192],[-120.66978,47.21894],[-120.66991,47.21904],[-120.67044,47.21898],[-120.67072,47.21915],[-120.67064,47.2193],[-120.67102,47.21945],[-120.67081,47.2198],[-120.67064,47.21983],[-120.67077,47.22002],[-120.67091,47.21984],[-120.67145,47.21982],[-120.67149,47.21963],[-120.67192,47.2198],[-120.67173,47.21992],[-120.67184,47.22003],[-120.67214,47.22016],[-120.67246,47.22009],[-120.67249,47.22022],[-120.67315,47.22043],[-120.67333,47.22075],[-120.67379,47.22091],[-120.67431,47.22089],[-120.67458,47.22061],[-120.67528,47.22026],[-120.67479,47.21995],[-120.675,47.21965],[-120.6749,47.21953],[-120.67507,47.21952],[-120.6754,47.21905],[-120.6762,47.21884],[-120.67616,47.21865],[-120.67586,47.21859],[-120.67549,47.21881],[-120.67532,47.21862],[-120.67542,47.21853],[-120.67521,47.21845],[-120.67541,47.21842],[-120.67538,47.21823],[-120.67594,47.21711],[-120.67715,47.21586],[-120.67763,47.2149],[-120.67809,47.21431],[-120.67877,47.21406],[-120.68014,47.21411],[-120.68151,47.21444],[-120.68328,47.21566],[-120.68522,47.21525],[-120.68569,47.21564],[-120.68573,47.21586],[-120.68535,47.21608],[-120.68519,47.21644],[-120.68464,47.21663],[-120.68438,47.21719],[-120.68488,47.21745],[-120.68597,47.21716],[-120.68642,47.21736],[-120.68645,47.21758],[-120.68611,47.21793],[-120.6859,47.21795],[-120.68602,47.21807],[-120.68597,47.21829],[-120.6863,47.21829],[-120.68631,47.21843],[-120.68604,47.2185],[-120.68608,47.21861],[-120.68661,47.21883],[-120.68683,47.21881],[-120.68697,47.21863],[-120.68723,47.21868],[-120.68726,47.21879],[-120.68708,47.21886],[-120.68722,47.21898],[-120.68753,47.21898],[-120.68827,47.2193],[-120.6883,47.21942],[-120.68805,47.21965],[-120.68894,47.22061],[-120.68896,47.22079],[-120.68938,47.22093],[-120.69018,47.2209],[-120.69026,47.2211],[-120.69008,47.22143],[-120.69048,47.22153],[-120.69111,47.22198],[-120.69162,47.22207],[-120.69275,47.2221],[-120.69366,47.22194],[-120.69444,47.22155],[-120.69491,47.22164],[-120.69547,47.22155],[-120.69586,47.22182],[-120.69561,47.2223],[-120.69609,47.22238],[-120.69658,47.2229],[-120.69698,47.22303],[-120.69658,47.22334],[-120.69623,47.22312],[-120.69555,47.22305],[-120.69559,47.22326],[-120.69518,47.22326],[-120.69513,47.22363],[-120.69481,47.22366],[-120.69493,47.22378],[-120.69489,47.22393],[-120.69443,47.22408],[-120.69445,47.22422],[-120.69401,47.22429],[-120.69396,47.22415],[-120.69374,47.22435],[-120.69339,47.22411],[-120.69319,47.22415],[-120.69306,47.22398],[-120.69089,47.22358],[-120.69075,47.22376],[-120.69052,47.22362],[-120.69027,47.22393],[-120.69005,47.22386],[-120.69018,47.22412],[-120.68979,47.22402],[-120.68974,47.22415],[-120.68935,47.22383],[-120.68932,47.22359],[-120.68894,47.22346],[-120.68888,47.22338],[-120.689,47.22328],[-120.68838,47.22321],[-120.68836,47.22304],[-120.68771,47.22312],[-120.68743,47.22301],[-120.6869,47.22346],[-120.6863,47.22363],[-120.68638,47.22393],[-120.68622,47.22395],[-120.68625,47.22418],[-120.68591,47.22453],[-120.68427,47.2248],[-120.68366,47.22528],[-120.68294,47.22555],[-120.68195,47.22566],[-120.68002,47.22645],[-120.67887,47.22655],[-120.67854,47.22682],[-120.67777,47.22663],[-120.67681,47.22672],[-120.67601,47.22723],[-120.67526,47.22727],[-120.67389,47.22707],[-120.67225,47.22662],[-120.67143,47.22611]]]]},"properties":{"fire_id":"ufid:2024-WASES-000779","source_collection":"history-2024","source_objectid":32016,"incident_name":"SWAUK CREEK","mapped_acres":348.0,"mapped_acres_source":"poly_GISAcres","gis_acres":348.0,"auto_acres":347.87749452905103,"reported_acres":348.0,"percent_contained":100.0,"state":"WA","state_wfigs":"US-WA","county":"Kittitas","discovery_time_utc":"2024-09-08T22:54:00Z","perimeter_time_utc":"2024-09-20T16:13:00Z","perimeter_edit_time_utc":"2024-09-20T23:52:33Z","incident_modified_time_utc":"2024-11-19T23:30:41Z","containment_time_utc":"2024-10-08T16:00:00Z","control_time_utc":"2024-11-19T21:24:00Z","fire_out_time_utc":"2024-11-19T21:24:00Z","fire_cause":"Human","fire_cause_general":null,"map_method":"Mixed Methods","source_dataset":"2024 NIFS","unique_fire_identifier":"2024-WASES-000779","irwin_id":"{BE724922-1320-4435-8F68-D8528495ED06}","global_id":"b8c1923a-8bd3-4486-98e0-736237c99919"}},{"type":"Feature","geometry":{"type":"MultiPolygon","coordinates":[[[[-120.41608,47.58608],[-120.41609,47.58607],[-120.41608,47.58609],[-120.41608,47.58608]]],[[[-120.41603,47.58634],[-120.41605,47.58625],[-120.41604,47.58632],[-120.41603,47.58634]]],[[[-120.416,47.58646],[-120.41603,47.58634],[-120.416,47.58652],[-120.416,47.58646]]],[[[-120.41817,47.58538],[-120.41802,47.58584],[-120.41803,47.58647],[-120.41874,47.58698],[-120.41874,47.58722],[-120.41852,47.58733],[-120.41869,47.58776],[-120.41852,47.5877],[-120.41854,47.58793],[-120.41819,47.58823],[-120.4176,47.58821],[-120.41746,47.58809],[-120.41705,47.58814],[-120.41713,47.58762],[-120.41669,47.58766],[-120.41652,47.58719],[-120.41623,47.58718],[-120.41601,47.58691],[-120.41616,47.5859],[-120.41604,47.58555],[-120.41639,47.5854],[-120.41667,47.58548],[-120.4167,47.58527],[-120.4171,47.58519],[-120.41722,47.5849],[-120.41788,47.58512],[-120.41817,47.58538]]]]},"properties":{"fire_id":"ufid:2024-WASES-000780","source_collection":"history-2024","source_objectid":32074,"incident_name":"WYNNIE","mapped_acres":12.3,"mapped_acres_source":"poly_GISAcres","gis_acres":12.3,"auto_acres":12.312674357892881,"reported_acres":12.3,"percent_contained":null,"state":"WA","state_wfigs":"US-WA","county":"Chelan","discovery_time_utc":"2024-09-09T16:31:00Z","perimeter_time_utc":"2024-09-09T21:31:42Z","perimeter_edit_time_utc":"2024-11-01T18:02:10Z","incident_modified_time_utc":"2024-10-28T21:20:04Z","containment_time_utc":"2024-09-11T00:57:00Z","control_time_utc":"2024-09-15T18:51:00Z","fire_out_time_utc":"2024-10-28T21:20:00Z","fire_cause":"Human","fire_cause_general":null,"map_method":"Mixed Methods","source_dataset":"2024 NIFS","unique_fire_identifier":"2024-WASES-000780","irwin_id":"{CAEEC20E-1CA6-496A-8C19-3BC130E433B9}","global_id":"47c4f72e-ec74-4899-acf4-f3677bc41155"}},{"type":"Feature","geometry":{"type":"Polygon","coordinates":[[[-120.00949,47.10099],[-120.00944,47.10075],[-120.00961,47.1004],[-120.00953,47.10022],[-120.00968,47.10007],[-120.00963,47.09981],[-120.00979,47.09974],[-120.01017,47.09998],[-120.01021,47.10049],[-120.01067,47.10122],[-120.01065,47.1016],[-120.0102,47.10189],[-120.01051,47.10211],[-120.01033,47.10228],[-120.01045,47.10232],[-120.01046,47.1025],[-120.00942,47.1028],[-120.00912,47.10271],[-120.00865,47.10281],[-120.00885,47.10338],[-120.00871,47.10355],[-120.00883,47.10374],[-120.00832,47.10366],[-120.00809,47.10375],[-120.00822,47.10267],[-120.00805,47.10248],[-120.00856,47.10232],[-120.00921,47.10179],[-120.00976,47.10119],[-120.00964,47.10095],[-120.00949,47.10099]]]},"properties":{"fire_id":"ufid:2024-WASPD-000715","source_collection":"history-2024","source_objectid":32547,"incident_name":"BABCOCK","mapped_acres":8.2,"mapped_acres_source":"poly_GISAcres","gis_acres":8.2,"auto_acres":8.244756424629157,"reported_acres":8.24,"percent_contained":null,"state":"WA","state_wfigs":"US-WA","county":"Grant","discovery_time_utc":"2024-08-24T00:03:57Z","perimeter_time_utc":"2024-12-09T22:21:58Z","perimeter_edit_time_utc":"2024-12-09T22:21:59Z","incident_modified_time_utc":"2024-10-10T17:41:57Z","containment_time_utc":"2024-08-24T23:18:00Z","control_time_utc":"2024-08-24T23:18:00Z","fire_out_time_utc":"2024-09-10T21:11:00Z","fire_cause":"Natural","fire_cause_general":"Natural","map_method":"Phone/Tablet","source_dataset":"FFP","unique_fire_identifier":"2024-WASPD-000715","irwin_id":"{0A42978B-B373-4C3E-BD8F-34CED8816599}","global_id":"c88b284b-6fc6-49eb-adb5-23bd60f7a41e"}},{"type":"Feature","geometry":{"type":"Polygon","coordinates":[[[-120.01889,47.32959],[-120.01836,47.32946],[-120.0187,47.32908],[-120.01901,47.32901],[-120.01889,47.32959]]]},"properties":{"fire_id":"ufid:2024-WADGEN-000152","source_collection":"history-2024","source_objectid":32549,"incident_name":"PALISADES ORCHARD","mapped_acres":0.5,"mapped_acres_source":"poly_GISAcres","gis_acres":0.5,"auto_acres":0.5234124680378044,"reported_acres":0.5,"percent_contained":null,"state":"WA","state_wfigs":"US-WA","county":"Douglas","discovery_time_utc":"2024-06-03T19:55:33Z","perimeter_time_utc":"2024-12-03T22:30:00Z","perimeter_edit_time_utc":"2024-12-03T22:30:01Z","incident_modified_time_utc":"2024-10-10T16:25:51Z","containment_time_utc":null,"control_time_utc":null,"fire_out_time_utc":null,"fire_cause":"Human","fire_cause_general":"Undetermined","map_method":"Auto-generated","source_dataset":"FFP","unique_fire_identifier":"2024-WADGEN-000152","irwin_id":"{E8360E73-9AFF-4C1E-A56A-C025B7B29920}","global_id":"f3f880b9-02c6-4b37-8e5f-abc271655469"}},{"type":"Feature","geometry":{"type":"Polygon","coordinates":[[[-120.01804,47.28971],[-120.01836,47.28967],[-120.01844,47.28996],[-120.01879,47.29029],[-120.01993,47.29113],[-120.02036,47.29109],[-120.02051,47.29091],[-120.02039,47.29068],[-120.02066,47.29079],[-120.02068,47.29049],[-120.02099,47.29097],[-120.02162,47.291],[-120.02167,47.29179],[-120.0224,47.29196],[-120.02283,47.29228],[-120.02276,47.2929],[-120.0225,47.29319],[-120.02258,47.29327],[-120.02326,47.29314],[-120.02326,47.29294],[-120.02364,47.29279],[-120.02466,47.29306],[-120.0247,47.29317],[-120.02443,47.29336],[-120.02478,47.29377],[-120.02446,47.29422],[-120.02401,47.29408],[-120.02374,47.29438],[-120.02408,47.29491],[-120.02431,47.29504],[-120.02426,47.29524],[-120.0238,47.29528],[-120.02338,47.29554],[-120.0231,47.29594],[-120.02287,47.296],[-120.0229,47.29612],[-120.02313,47.29616],[-120.02307,47.29644],[-120.02368,47.29696],[-120.0235,47.2972],[-120.02354,47.29774],[-120.02298,47.29834],[-120.02329,47.29835],[-120.02361,47.29807],[-120.02384,47.29819],[-120.02393,47.29865],[-120.02422,47.29863],[-120.02435,47.29849],[-120.02475,47.29896],[-120.02392,47.2992],[-120.02295,47.29916],[-120.02244,47.29939],[-120.02198,47.29891],[-120.02159,47.29887],[-120.02173,47.29908],[-120.02125,47.29926],[-120.02058,47.29912],[-120.01974,47.29957],[-120.01938,47.2994],[-120.01934,47.29953],[-120.01889,47.29965],[-120.01829,47.29958],[-120.01853,47.29983],[-120.01823,47.29978],[-120.01788,47.29951],[-120.01732,47.29948],[-120.01706,47.2996],[-120.01734,47.30007],[-120.01723,47.30017],[-120.01742,47.30049],[-120.01781,47.30075],[-120.01772,47.30102],[-120.01789,47.30105],[-120.01791,47.30126],[-120.01805,47.30121],[-120.01819,47.30137],[-120.01843,47.3014],[-120.01846,47.3016],[-120.01886,47.30167],[-120.01923,47.30147],[-120.02006,47.30166],[-120.02041,47.30133],[-120.02026,47.30169],[-120.02034,47.30182],[-120.02196,47.303],[-120.02204,47.30289],[-120.02185,47.30272],[-120.0218,47.30247],[-120.02205,47.3023],[-120.02388,47.30259],[-120.02362,47.30292],[-120.02306,47.30305],[-120.02256,47.30352],[-120.02172,47.30354],[-120.02146,47.3037],[-120.0212,47.30528],[-120.02087,47.30581],[-120.02096,47.30609],[-120.02078,47.30649],[-120.02047,47.30689],[-120.02025,47.30698],[-120.02001,47.30654],[-120.01956,47.30641],[-120.01917,47.30708],[-120.01909,47.30733],[-120.01942,47.30783],[-120.01893,47.30814],[-120.01856,47.30884],[-120.01903,47.30903],[-120.01891,47.30917],[-120.01759,47.30978],[-120.0165,47.30986],[-120.0162,47.31014],[-120.01553,47.31035],[-120.01554,47.31065],[-120.01522,47.31048],[-120.01477,47.31046],[-120.0147,47.31057],[-120.0145,47.31036],[-120.01436,47.31057],[-120.01398,47.31074],[-120.01385,47.3107],[-120.01391,47.31049],[-120.0122,47.31064],[-120.01197,47.3106],[-120.01203,47.31039],[-120.01186,47.31032],[-120.01011,47.31029],[-120.00962,47.30995],[-120.00908,47.30982],[-120.00899,47.30962],[-120.00876,47.30961],[-120.00803,47.30987],[-120.00755,47.31023],[-120.0064,47.3105],[-120.00524,47.31028],[-120.00502,47.31046],[-120.00467,47.31024],[-120.00401,47.31017],[-120.00368,47.31042],[-120.0038,47.31058],[-120.0036,47.31076],[-120.00362,47.31096],[-120.00189,47.31154],[-120.00134,47.31147],[-120.001,47.31162],[-119.99996,47.31118],[-119.99949,47.31126],[-119.99912,47.31107],[-119.99878,47.3113],[-119.99935,47.31165],[-119.99767,47.31194],[-119.9965,47.31162],[-119.99561,47.31097],[-119.99519,47.31032],[-119.99391,47.31056],[-119.99392,47.31001],[-119.99377,47.30975],[-119.99344,47.30951],[-119.99284,47.30952],[-119.99263,47.30938],[-119.99257,47.30905],[-119.99361,47.30838],[-119.9939,47.30798],[-119.99388,47.30594],[-119.99866,47.30571],[-119.99922,47.30582],[-119.99939,47.30572],[-119.99967,47.30519],[-119.99931,47.30483],[-119.9988,47.30486],[-119.99886,47.3047],[-119.99931,47.30432],[-120.00085,47.30361],[-120.001,47.3034],[-120.00103,47.30315],[-120.00047,47.30211],[-120.00038,47.30156],[-120.00047,47.30145],[-120.00159,47.30134],[-120.00386,47.30033],[-120.00466,47.30033],[-120.00488,47.30056],[-120.00554,47.30086],[-120.00591,47.3008],[-120.00672,47.29978],[-120.00686,47.29851],[-120.0073,47.29783],[-120.01057,47.2971],[-120.0115,47.29623],[-120.01295,47.29612],[-120.01368,47.29666],[-120.01431,47.29693],[-120.01485,47.29701],[-120.01525,47.29686],[-120.01534,47.2963],[-120.01515,47.29571],[-120.01538,47.29429],[-120.01544,47.29141],[-120.01657,47.29049],[-120.01797,47.28962],[-120.01804,47.28971]]]},"properties":{"fire_id":"ufid:2024-WASPD-000183","source_collection":"history-2024","source_objectid":32550,"incident_name":"PALISADES ROAD","mapped_acres":20.0,"mapped_acres_source":"poly_GISAcres","gis_acres":20.0,"auto_acres":694.5808152251396,"reported_acres":693.0,"percent_contained":null,"state":"WA","state_wfigs":"US-WA","county":"Douglas","discovery_time_utc":"2024-06-11T05:58:00Z","perimeter_time_utc":"2024-10-10T17:40:42Z","perimeter_edit_time_utc":"2024-10-10T17:40:42Z","incident_modified_time_utc":"2024-10-10T16:26:11Z","containment_time_utc":null,"control_time_utc":null,"fire_out_time_utc":"2024-06-27T19:00:00Z","fire_cause":"Human","fire_cause_general":"Power generation / transmission / distribution","map_method":"Mixed Methods","source_dataset":"FFP","unique_fire_identifier":"2024-WASPD-000183","irwin_id":"{A8030B30-F2A7-4ED2-8BBA-CE636A659A70}","global_id":"c9d088b6-f095-4ea2-8831-a93ea4161f15"}},{"type":"Feature","geometry":{"type":"MultiPolygon","coordinates":[[[[-120.40663,46.49335],[-120.40662,46.49328],[-120.40667,46.49331],[-120.40663,46.49335]]],[[[-120.43451,46.51764],[-120.43451,46.51765],[-120.43448,46.51766],[-120.43451,46.51764]]],[[[-120.40663,46.49335],[-120.407,46.49397],[-120.40885,46.49385],[-120.40837,46.49653],[-120.4083,46.4989],[-120.40988,46.49893],[-120.41011,46.49884],[-120.41013,46.49811],[-120.41099,46.49789],[-120.41215,46.49707],[-120.4132,46.49806],[-120.41418,46.49812],[-120.41443,46.49825],[-120.41446,46.49993],[-120.41534,46.50036],[-120.41657,46.50071],[-120.41775,46.50148],[-120.42231,46.50163],[-120.42221,46.5006],[-120.42278,46.5006],[-120.42285,46.5023],[-120.42339,46.50301],[-120.42522,46.5033],[-120.42532,46.50449],[-120.42672,46.50458],[-120.42776,46.50529],[-120.42844,46.50605],[-120.43121,46.50613],[-120.43196,46.50663],[-120.43311,46.50769],[-120.43314,46.50875],[-120.43403,46.50896],[-120.43251,46.50979],[-120.43144,46.51135],[-120.43072,46.51193],[-120.42974,46.5126],[-120.42904,46.51287],[-120.42841,46.51347],[-120.42828,46.51429],[-120.4279,46.51455],[-120.42697,46.51461],[-120.42688,46.51627],[-120.42524,46.51666],[-120.42438,46.51762],[-120.42193,46.51827],[-120.42193,46.51853],[-120.42224,46.51901],[-120.42269,46.51896],[-120.42377,46.51847],[-120.4244,46.51852],[-120.42562,46.51896],[-120.42658,46.51999],[-120.42706,46.52028],[-120.42744,46.52031],[-120.42802,46.52058],[-120.43195,46.52078],[-120.43205,46.52031],[-120.43331,46.51985],[-120.43354,46.51934],[-120.43397,46.51908],[-120.43496,46.5189],[-120.43451,46.51765],[-120.43646,46.51638],[-120.43784,46.51461],[-120.43817,46.51352],[-120.43865,46.51349],[-120.4389,46.51412],[-120.4391,46.51548],[-120.4391,46.51688],[-120.43958,46.51771],[-120.43982,46.51848],[-120.44027,46.51809],[-120.4404,46.51766],[-120.44226,46.51842],[-120.44,46.51998],[-120.44081,46.51985],[-120.44108,46.52086],[-120.44062,46.5218],[-120.44015,46.52242],[-120.43975,46.52271],[-120.43908,46.52312],[-120.43754,46.52302],[-120.4371,46.52327],[-120.43555,46.52265],[-120.43539,46.52281],[-120.43547,46.52297],[-120.43528,46.52348],[-120.43405,46.52356],[-120.4353,46.52393],[-120.43548,46.52411],[-120.4354,46.52488],[-120.43495,46.52593],[-120.43506,46.52656],[-120.43605,46.52751],[-120.43686,46.52799],[-120.4374,46.52867],[-120.43736,46.52907],[-120.44016,46.52894],[-120.44547,46.53069],[-120.44765,46.53121],[-120.44978,46.53088],[-120.45337,46.53162],[-120.45481,46.53152],[-120.45623,46.53176],[-120.45719,46.53139],[-120.45776,46.53131],[-120.46036,46.53165],[-120.46055,46.53147],[-120.46096,46.53047],[-120.46124,46.53017],[-120.46308,46.52875],[-120.46538,46.52773],[-120.46554,46.52752],[-120.46581,46.52757],[-120.46613,46.52798],[-120.46663,46.52796],[-120.46773,46.52709],[-120.46826,46.52732],[-120.46942,46.52732],[-120.46966,46.52704],[-120.46982,46.52549],[-120.47006,46.52845],[-120.46997,46.52875],[-120.47014,46.52951],[-120.47006,46.53034],[-120.47017,46.53031],[-120.47018,46.53051],[-120.46994,46.53071],[-120.4695,46.53156],[-120.46852,46.53267],[-120.46658,46.53444],[-120.46449,46.53594],[-120.46254,46.53666],[-120.46074,46.53664],[-120.45998,46.53678],[-120.45944,46.5366],[-120.45817,46.53688],[-120.45774,46.53651],[-120.45632,46.53686],[-120.45535,46.53668],[-120.45508,46.53693],[-120.45511,46.53712],[-120.4547,46.53688],[-120.45254,46.53667],[-120.45178,46.53699],[-120.45046,46.53671],[-120.44972,46.53669],[-120.44923,46.53602],[-120.44666,46.53562],[-120.44645,46.53521],[-120.44624,46.53509],[-120.44398,46.53498],[-120.44373,46.53486],[-120.44261,46.53519],[-120.44127,46.53486],[-120.43965,46.53494],[-120.43938,46.53481],[-120.4388,46.53499],[-120.439,46.53606],[-120.43843,46.53682],[-120.43828,46.53735],[-120.43812,46.53751],[-120.43716,46.5377],[-120.43673,46.53763],[-120.43508,46.53825],[-120.43419,46.53845],[-120.43206,46.53873],[-120.42964,46.53881],[-120.42862,46.53791],[-120.42792,46.5364],[-120.42829,46.53608],[-120.42923,46.53345],[-120.4294,46.53232],[-120.42956,46.53208],[-120.42925,46.53055],[-120.42938,46.52995],[-120.4296,46.52963],[-120.43,46.52954],[-120.42998,46.52925],[-120.4282,46.52871],[-120.42682,46.52846],[-120.42586,46.52796],[-120.4247,46.52766],[-120.42416,46.52739],[-120.42388,46.52699],[-120.42329,46.52471],[-120.41996,46.52214],[-120.41916,46.52125],[-120.4173,46.52106],[-120.41655,46.52074],[-120.41486,46.52035],[-120.40306,46.51447],[-120.40287,46.51294],[-120.40186,46.51129],[-120.40155,46.50957],[-120.40162,46.5086],[-120.4018,46.50811],[-120.40125,46.5068],[-120.40063,46.5064],[-120.40004,46.50534],[-120.39972,46.50508],[-120.3978,46.50454],[-120.39616,46.5043],[-120.39612,46.50395],[-120.39674,46.50302],[-120.39684,46.5026],[-120.39772,46.50153],[-120.39776,46.50032],[-120.39746,46.49998],[-120.39723,46.49903],[-120.39655,46.49857],[-120.39627,46.49799],[-120.3965,46.49733],[-120.39648,46.49513],[-120.3968,46.49532],[-120.4002,46.49529],[-120.40037,46.49546],[-120.40122,46.49575],[-120.40258,46.49538],[-120.40329,46.49534],[-120.40476,46.49452],[-120.4054,46.49392],[-120.40663,46.49335]]]]},"properties":{"fire_id":"ufid:2024-WASPD-000332","source_collection":"history-2024","source_objectid":32554,"incident_name":"THORP ROAD","mapped_acres":1000.0,"mapped_acres_source":"poly_GISAcres","gis_acres":1000.0,"auto_acres":2090.987917595272,"reported_acres":2112.0,"percent_contained":null,"state":"WA","state_wfigs":"US-WA","county":"Yakima","discovery_time_utc":"2024-07-05T14:31:09Z","perimeter_time_utc":"2024-12-09T21:21:23Z","perimeter_edit_time_utc":"2024-12-09T21:21:23Z","incident_modified_time_utc":"2024-10-10T16:28:12Z","containment_time_utc":"2024-07-08T18:37:00Z","control_time_utc":"2024-07-09T17:09:00Z","fire_out_time_utc":"2024-07-20T22:00:00Z","fire_cause":"Human","fire_cause_general":"Fireworks","map_method":"Hand Sketch","source_dataset":"FFP","unique_fire_identifier":"2024-WASPD-000332","irwin_id":"{E5485E1B-D233-4AA8-8A77-90CC6CB53327}","global_id":"f9e46704-2fe3-4ac9-8cca-0c04f50f09a3"}},{"type":"Feature","geometry":{"type":"Polygon","coordinates":[[[-120.45523,46.73312],[-120.45719,46.73326],[-120.45718,46.73426],[-120.4557,46.7351],[-120.45537,46.736],[-120.45547,46.73683],[-120.45608,46.73735],[-120.45702,46.73771],[-120.45736,46.73813],[-120.45671,46.7383],[-120.45581,46.73811],[-120.45472,46.73704],[-120.45367,46.73663],[-120.45258,46.73685],[-120.45263,46.73785],[-120.45374,46.73888],[-120.45606,46.74011],[-120.45665,46.74073],[-120.45648,46.74131],[-120.45394,46.74155],[-120.45256,46.74186],[-120.45103,46.74189],[-120.45002,46.74171],[-120.44957,46.74088],[-120.4496,46.73936],[-120.44976,46.73885],[-120.45031,46.73796],[-120.45094,46.73733],[-120.45337,46.73559],[-120.45464,46.73369],[-120.45523,46.73312]]]},"properties":{"fire_id":"ufid:2024-WASPD-000200","source_collection":"history-2024","source_objectid":32555,"incident_name":"ROZA","mapped_acres":10.0,"mapped_acres_source":"poly_GISAcres","gis_acres":10.0,"auto_acres":69.39448467787291,"reported_acres":69.39,"percent_contained":null,"state":"WA","state_wfigs":"US-WA","county":"Kittitas","discovery_time_utc":"2024-06-14T17:54:00Z","perimeter_time_utc":"2024-12-03T23:09:25Z","perimeter_edit_time_utc":"2024-12-03T23:09:25Z","incident_modified_time_utc":"2024-10-10T16:27:02Z","containment_time_utc":"2024-06-15T14:41:00Z","control_time_utc":"2024-06-16T17:01:00Z","fire_out_time_utc":"2024-06-27T19:00:00Z","fire_cause":"Human","fire_cause_general":"Undetermined","map_method":"Hand Sketch","source_dataset":"FFP","unique_fire_identifier":"2024-WASPD-000200","irwin_id":"{22924926-2688-4622-BFED-6BA39BCAF764}","global_id":"3913959d-5b93-4857-88c4-296aae2db801"}},{"type":"Feature","geometry":{"type":"Polygon","coordinates":[[[-120.225,46.98046],[-120.22522,46.98021],[-120.22557,46.9803],[-120.22542,46.98048],[-120.22557,46.98059],[-120.225,46.98046]]]},"properties":{"fire_id":"ufid:2024-WASPD-000037","source_collection":"history-2024","source_objectid":32557,"incident_name":"VANTAGE CANYON","mapped_acres":0.3,"mapped_acres_source":"poly_GISAcres","gis_acres":0.3,"auto_acres":0.311755926760373,"reported_acres":0.31,"percent_contained":null,"state":"WA","state_wfigs":"US-WA","county":"Kittitas","discovery_time_utc":"2024-03-22T18:09:00Z","perimeter_time_utc":"2024-12-11T20:56:19Z","perimeter_edit_time_utc":"2024-12-11T20:56:19Z","incident_modified_time_utc":"2024-10-10T16:23:40Z","containment_time_utc":"2024-03-22T19:58:00Z","control_time_utc":"2024-03-22T22:01:00Z","fire_out_time_utc":"2024-03-29T17:30:00Z","fire_cause":"Human","fire_cause_general":"Debris and open burning","map_method":"Auto-generated","source_dataset":"FFP","unique_fire_identifier":"2024-WASPD-000037","irwin_id":"{96B77B47-279E-4400-9ED7-3FC2D5749C20}","global_id":"a1b0c73b-5512-4243-aee2-9e606be6ebff"}},{"type":"Feature","geometry":{"type":"Polygon","coordinates":[[[-120.68568,46.62078],[-120.68502,46.62087],[-120.68504,46.62102],[-120.68464,46.62112],[-120.68354,46.62087],[-120.68306,46.62106],[-120.68281,46.62087],[-120.68231,46.62082],[-120.68208,46.62014],[-120.67977,46.61988],[-120.67925,46.62001],[-120.67907,46.61997],[-120.67883,46.61959],[-120.67765,46.61946],[-120.67783,46.61688],[-120.67732,46.61673],[-120.67694,46.61622],[-120.67703,46.61582],[-120.67732,46.61603],[-120.67766,46.61606],[-120.67785,46.61585],[-120.67744,46.61445],[-120.67727,46.61423],[-120.6774,46.614],[-120.67781,46.61388],[-120.67785,46.61369],[-120.67742,46.6134],[-120.67687,46.61334],[-120.67657,46.61339],[-120.67641,46.61362],[-120.67491,46.61249],[-120.67443,46.61208],[-120.67458,46.6118],[-120.67475,46.61175],[-120.67442,46.61091],[-120.67477,46.61097],[-120.67476,46.61137],[-120.67503,46.61187],[-120.67631,46.61272],[-120.67663,46.61272],[-120.67685,46.61243],[-120.67694,46.61198],[-120.67776,46.61178],[-120.67791,46.61129],[-120.67791,46.61083],[-120.67773,46.61066],[-120.67779,46.60948],[-120.67748,46.60947],[-120.67752,46.6094],[-120.67787,46.60949],[-120.6779,46.61064],[-120.67879,46.61082],[-120.67916,46.61102],[-120.6793,46.61147],[-120.67952,46.61157],[-120.67997,46.61138],[-120.67967,46.61081],[-120.68104,46.61081],[-120.68217,46.61058],[-120.68371,46.61079],[-120.68556,46.61078],[-120.6859,46.61114],[-120.68612,46.61164],[-120.68654,46.61183],[-120.68614,46.6122],[-120.68623,46.61234],[-120.68736,46.61279],[-120.68741,46.6125],[-120.68779,46.61307],[-120.68811,46.61319],[-120.68841,46.61313],[-120.6889,46.61357],[-120.68947,46.61377],[-120.68943,46.61418],[-120.68968,46.61441],[-120.68943,46.61474],[-120.68954,46.61485],[-120.68955,46.61532],[-120.69031,46.61534],[-120.69055,46.61597],[-120.69033,46.61627],[-120.68941,46.61661],[-120.68964,46.61681],[-120.68942,46.61695],[-120.68949,46.61742],[-120.68937,46.61773],[-120.6895,46.61794],[-120.68982,46.61813],[-120.69009,46.61769],[-120.6905,46.61804],[-120.68986,46.619],[-120.69023,46.6194],[-120.69026,46.61972],[-120.69005,46.61987],[-120.68927,46.6199],[-120.68867,46.61976],[-120.6878,46.62006],[-120.68706,46.62004],[-120.68692,46.62025],[-120.68584,46.62051],[-120.68568,46.62078]]]},"properties":{"fire_id":"ufid:2024-WASPD-000304","source_collection":"history-2024","source_objectid":32558,"incident_name":"MARBLE","mapped_acres":231.5,"mapped_acres_source":"poly_GISAcres","gis_acres":231.5,"auto_acres":231.47968308774,"reported_acres":228.0,"percent_contained":null,"state":"WA","state_wfigs":"US-WA","county":"Yakima","discovery_time_utc":"2024-07-01T22:50:34Z","perimeter_time_utc":"2024-09-20T17:20:37Z","perimeter_edit_time_utc":"2024-09-20T17:20:37Z","incident_modified_time_utc":"2024-07-19T00:58:43Z","containment_time_utc":"2024-07-02T06:00:00Z","control_time_utc":"2024-07-18T20:00:00Z","fire_out_time_utc":"2024-07-18T20:00:00Z","fire_cause":"Human","fire_cause_general":"Equipment and vehicle use","map_method":"Phone/Tablet","source_dataset":"FFP","unique_fire_identifier":"2024-WASPD-000304","irwin_id":"{19D6FF7F-1E59-42D5-9063-018159CC63B6}","global_id":"bf745719-4f51-496c-ada5-d55f3738a034"}},{"type":"Feature","geometry":{"type":"Polygon","coordinates":[[[-120.3617,46.82395],[-120.36209,46.82427],[-120.36244,46.82418],[-120.36303,46.82472],[-120.3627,46.82488],[-120.36325,46.82534],[-120.36352,46.82521],[-120.3639,46.82543],[-120.36489,46.82667],[-120.36357,46.8267],[-120.36269,46.82577],[-120.36091,46.82436],[-120.3617,46.82395]]]},"properties":{"fire_id":"ufid:2024-WASPD-000382","source_collection":"history-2024","source_objectid":32559,"incident_name":"TEN DOLLAR SPRING","mapped_acres":4.0,"mapped_acres_source":"poly_GISAcres","gis_acres":4.0,"auto_acres":7.752419100837002,"reported_acres":4.5,"percent_contained":null,"state":"WA","state_wfigs":"US-WA","county":"Kittitas","discovery_time_utc":"2024-07-11T20:05:00Z","perimeter_time_utc":"2024-09-20T17:10:46Z","perimeter_edit_time_utc":"2024-09-20T17:10:46Z","incident_modified_time_utc":"2024-08-28T00:48:51Z","containment_time_utc":"2024-07-12T02:43:00Z","control_time_utc":"2024-07-20T20:00:00Z","fire_out_time_utc":"2024-07-20T20:00:00Z","fire_cause":"Human","fire_cause_general":"Undetermined","map_method":"Hand Sketch","source_dataset":"FFP","unique_fire_identifier":"2024-WASPD-000382","irwin_id":"{569EFC19-AAFB-4883-B70B-89E9F3D9F3BC}","global_id":"a1307e53-d3b9-4704-8fe0-13cc27523860"}},{"type":"Feature","geometry":{"type":"Polygon","coordinates":[[[-120.45751,46.54288],[-120.45707,46.54303],[-120.45712,46.54294],[-120.45751,46.54288]]]},"properties":{"fire_id":"ufid:2024-WASPD-000808","source_collection":"history-2024","source_objectid":32618,"incident_name":"GAMACHE","mapped_acres":0.1,"mapped_acres_source":"poly_GISAcres","gis_acres":0.1,"auto_acres":0.0930511792316353,"reported_acres":0.25,"percent_contained":null,"state":"WA","state_wfigs":"US-WA","county":"Yakima","discovery_time_utc":"2024-09-22T12:13:00Z","perimeter_time_utc":"2024-09-22T17:13:23Z","perimeter_edit_time_utc":"2024-10-22T22:00:32Z","incident_modified_time_utc":"2024-10-22T22:00:34Z","containment_time_utc":"2024-09-22T20:45:00Z","control_time_utc":"2024-09-22T20:45:00Z","fire_out_time_utc":"2024-10-16T21:00:00Z","fire_cause":"Human","fire_cause_general":null,"map_method":"Phone/Tablet","source_dataset":"2024 NIFS","unique_fire_identifier":"2024-WASPD-000808","irwin_id":"{66EBCF74-9082-467B-93AB-7A5496F512CB}","global_id":"b7bccde2-8f95-40e5-b21e-947e06042634"}},{"type":"Feature","geometry":{"type":"Polygon","coordinates":[[[-120.66627,45.82539],[-120.66632,45.82528],[-120.66784,45.82517],[-120.66895,45.82486],[-120.66959,45.82488],[-120.6709,45.82521],[-120.67136,45.82515],[-120.67161,45.82535],[-120.67264,45.82534],[-120.67396,45.82564],[-120.67437,45.82581],[-120.67439,45.82596],[-120.67537,45.82674],[-120.67612,45.82701],[-120.67633,45.82698],[-120.67644,45.82658],[-120.67641,45.82786],[-120.67538,45.82788],[-120.67521,45.8286],[-120.67642,45.82869],[-120.67637,45.83334],[-120.67567,45.83339],[-120.67595,45.83306],[-120.67548,45.83291],[-120.6746,45.83298],[-120.67465,45.83325],[-120.67439,45.83305],[-120.67408,45.83326],[-120.67358,45.83334],[-120.67132,45.83281],[-120.6709,45.83253],[-120.67012,45.83235],[-120.66964,45.83198],[-120.66758,45.8311],[-120.66704,45.83059],[-120.66631,45.83024],[-120.66609,45.83],[-120.6661,45.82833],[-120.66593,45.82811],[-120.66598,45.82754],[-120.66469,45.82696],[-120.66509,45.82687],[-120.66598,45.82711],[-120.66602,45.82686],[-120.66614,45.82683],[-120.66616,45.82529],[-120.66627,45.82539]],[[-120.67603,45.83305],[-120.67599,45.83304],[-120.67595,45.83306],[-120.67603,45.83305]]]},"properties":{"fire_id":"ufid:2024-WASES-000423","source_collection":"history-2024","source_objectid":32691,"incident_name":"LUNA","mapped_acres":149.3,"mapped_acres_source":"poly_GISAcres","gis_acres":149.3,"auto_acres":149.32158480673132,"reported_acres":149.0,"percent_contained":null,"state":"WA","state_wfigs":"US-WA","county":"Klickitat","discovery_time_utc":"2024-07-17T17:33:31Z","perimeter_time_utc":"2024-09-23T18:49:29Z","perimeter_edit_time_utc":"2024-09-23T18:49:30Z","incident_modified_time_utc":"2024-08-01T23:44:55Z","containment_time_utc":"2024-07-17T20:00:00Z","control_time_utc":"2024-07-18T00:25:00Z","fire_out_time_utc":"2024-07-22T19:00:00Z","fire_cause":"Undetermined","fire_cause_general":"Undetermined","map_method":"Auto-generated","source_dataset":"FFP","unique_fire_identifier":"2024-WASES-000423","irwin_id":"{4B39CE91-27C4-45F3-B926-316362EBF367}","global_id":"940b1675-614a-4811-ba7f-f16a3fe51954"}},{"type":"Feature","geometry":{"type":"Polygon","coordinates":[[[-120.15994,47.77986],[-120.16265,47.77962],[-120.16322,47.78076],[-120.16022,47.78088],[-120.15982,47.78042],[-120.15994,47.77986]]]},"properties":{"fire_id":"ufid:2024-WAOWF-000270","source_collection":"history-2024","source_objectid":32745,"incident_name":"GOOSETAIL","mapped_acres":10.0,"mapped_acres_source":"poly_GISAcres","gis_acres":10.0,"auto_acres":6.773949332670426,"reported_acres":6.77,"percent_contained":null,"state":"WA","state_wfigs":"US-WA","county":"Chelan","discovery_time_utc":"2024-06-26T15:47:00Z","perimeter_time_utc":"2024-12-09T18:22:27Z","perimeter_edit_time_utc":"2024-12-09T18:22:27Z","incident_modified_time_utc":"2024-07-15T19:57:36Z","containment_time_utc":"2024-06-27T19:13:00Z","control_time_utc":"2024-06-30T21:57:00Z","fire_out_time_utc":"2024-07-15T19:34:00Z","fire_cause":"Natural","fire_cause_general":"Natural","map_method":"Digitized-Other","source_dataset":"FFP","unique_fire_identifier":"2024-WAOWF-000270","irwin_id":"{90C8D387-5EDD-460D-BDA7-6716BA6360B8}","global_id":"299e116c-6cf1-4800-810c-577c2727d099"}},{"type":"Feature","geometry":{"type":"Polygon","coordinates":[[[-123.66876,46.98685],[-123.66871,46.98705],[-123.66847,46.98693],[-123.66864,46.98676],[-123.66876,46.98685]]]},"properties":{"fire_id":"ufid:2024-WAOLS-000073","source_collection":"history-2024","source_objectid":32933,"incident_name":"CLEMONS","mapped_acres":0.1,"mapped_acres_source":"poly_GISAcres","gis_acres":0.1,"auto_acres":0.11725821455135783,"reported_acres":0.25,"percent_contained":null,"state":"WA","state_wfigs":"US-WA","county":"Grays Harbor","discovery_time_utc":"2024-08-06T09:14:19Z","perimeter_time_utc":"2024-10-01T15:50:45Z","perimeter_edit_time_utc":"2024-10-07T14:23:34Z","incident_modified_time_utc":"2024-09-30T19:32:42Z","containment_time_utc":"2024-08-06T13:59:00Z","control_time_utc":"2024-08-06T15:23:00Z","fire_out_time_utc":"2024-08-16T23:47:00Z","fire_cause":"Human","fire_cause_general":"Undetermined","map_method":"Auto-generated","source_dataset":"FFP","unique_fire_identifier":"2024-WAOLS-000073","irwin_id":"{3127C281-6991-4F95-B460-BE5F54F0F3FC}","global_id":"614ef7c3-6ae2-4595-9cf9-d9db9073beb5"}},{"type":"Feature","geometry":{"type":"Polygon","coordinates":[[[-120.5563,45.78462],[-120.55656,45.78447],[-120.55693,45.78456],[-120.55696,45.78498],[-120.55667,45.78522],[-120.5563,45.78462]]]},"properties":{"fire_id":"ufid:2024-WASES-000735","source_collection":"history-2024","source_objectid":33031,"incident_name":"HOCTOR","mapped_acres":0.7,"mapped_acres_source":"poly_GISAcres","gis_acres":0.7,"auto_acres":0.6885487299076745,"reported_acres":0.25,"percent_contained":null,"state":"WA","state_wfigs":"US-WA","county":"Klickitat","discovery_time_utc":"2024-08-28T17:36:25Z","perimeter_time_utc":"2024-10-03T16:30:16Z","perimeter_edit_time_utc":"2024-10-03T16:30:17Z","incident_modified_time_utc":"2024-09-01T19:29:55Z","containment_time_utc":"2024-08-28T20:04:00Z","control_time_utc":"2024-08-28T20:04:00Z","fire_out_time_utc":"2024-09-01T19:23:00Z","fire_cause":"Human","fire_cause_general":"Power generation / transmission / distribution","map_method":"Auto-generated","source_dataset":"FFP","unique_fire_identifier":"2024-WASES-000735","irwin_id":"{D43C2808-5869-4930-BA83-975CC5C0BA2F}","global_id":"7fe25721-53c5-464a-a130-918ca0e41956"}},{"type":"Feature","geometry":{"type":"MultiPolygon","coordinates":[[[[-120.59471,47.33593],[-120.59472,47.33592],[-120.59475,47.33591],[-120.59471,47.33593]]],[[[-120.59487,47.33639],[-120.59526,47.33686],[-120.59509,47.33726],[-120.5952,47.33734],[-120.59539,47.33724],[-120.59556,47.33739],[-120.59554,47.33759],[-120.59577,47.33766],[-120.59556,47.33781],[-120.59575,47.33801],[-120.59563,47.33813],[-120.59554,47.33805],[-120.59553,47.3382],[-120.59528,47.33825],[-120.59501,47.33791],[-120.5947,47.33805],[-120.5951,47.33813],[-120.59484,47.3384],[-120.59459,47.33843],[-120.59459,47.33817],[-120.59438,47.3382],[-120.59441,47.33811],[-120.59375,47.33822],[-120.59386,47.33838],[-120.59367,47.33847],[-120.59337,47.33819],[-120.59348,47.33805],[-120.5926,47.338],[-120.59267,47.33809],[-120.59248,47.33808],[-120.59233,47.33837],[-120.59214,47.33842],[-120.59218,47.33874],[-120.59181,47.33876],[-120.59178,47.33894],[-120.59149,47.33892],[-120.59148,47.33915],[-120.59105,47.33904],[-120.59113,47.33885],[-120.5914,47.33871],[-120.5912,47.33861],[-120.5913,47.33813],[-120.591,47.338],[-120.5911,47.33774],[-120.59093,47.33763],[-120.59116,47.33687],[-120.59303,47.33659],[-120.59471,47.33593],[-120.59462,47.33619],[-120.59507,47.33633],[-120.59487,47.33639]]],[[[-120.59501,47.33641],[-120.59495,47.33638],[-120.595,47.33637],[-120.59501,47.33641]]],[[[-120.59488,47.33639],[-120.5949,47.33639],[-120.5949,47.3364],[-120.59488,47.33639]]],[[[-120.59558,47.33814],[-120.59555,47.33815],[-120.59559,47.33812],[-120.59558,47.33814]]],[[[-120.59183,47.3389],[-120.59184,47.33889],[-120.59184,47.3389],[-120.59183,47.3389]]],[[[-120.59183,47.33896],[-120.59184,47.3389],[-120.59187,47.33893],[-120.59183,47.33896]]],[[[-120.5916,47.33917],[-120.59152,47.33917],[-120.5915,47.33912],[-120.5916,47.33917]]],[[[-120.59147,47.33915],[-120.59148,47.33915],[-120.59152,47.33917],[-120.59147,47.33915]]],[[[-120.59152,47.33919],[-120.59152,47.33917],[-120.59153,47.33918],[-120.59152,47.33919]]],[[[-120.59152,47.33921],[-120.5915,47.3392],[-120.59152,47.33919],[-120.59152,47.33921]]],[[[-120.59099,47.33904],[-120.59105,47.33904],[-120.59104,47.33906],[-120.59099,47.33904]]],[[[-120.59104,47.33909],[-120.59106,47.33906],[-120.59109,47.33917],[-120.59104,47.33909]]],[[[-120.59115,47.33918],[-120.59112,47.33917],[-120.59117,47.33917],[-120.59115,47.33918]]],[[[-120.59116,47.33918],[-120.59117,47.33917],[-120.59117,47.33919],[-120.59116,47.33918]]],[[[-120.59112,47.33919],[-120.59111,47.33917],[-120.59113,47.33919],[-120.59112,47.33919]]],[[[-120.59119,47.3392],[-120.59118,47.3392],[-120.59118,47.33918],[-120.59119,47.3392]]],[[[-120.59113,47.3392],[-120.59115,47.33918],[-120.59116,47.33922],[-120.59112,47.33921],[-120.59113,47.3392]]],[[[-120.59113,47.3392],[-120.5911,47.33923],[-120.59109,47.33917],[-120.59113,47.3392]]],[[[-120.59116,47.33922],[-120.59118,47.33921],[-120.59115,47.33923],[-120.59116,47.33922]]],[[[-120.59146,47.33923],[-120.59152,47.33921],[-120.59152,47.33925],[-120.59146,47.33923]]]]},"properties":{"fire_id":"ufid:2024-WAOWF-000767","source_collection":"history-2024","source_objectid":33185,"incident_name":"BLEWETT","mapped_acres":11.79501,"mapped_acres_source":"poly_GISAcres","gis_acres":11.79501,"auto_acres":16.324194627413988,"reported_acres":16.32,"percent_contained":null,"state":"WA","state_wfigs":"US-WA","county":"Kittitas","discovery_time_utc":"2024-09-04T21:23:00Z","perimeter_time_utc":"2024-10-28T23:34:03Z","perimeter_edit_time_utc":"2024-10-28T23:34:03Z","incident_modified_time_utc":"2024-10-28T22:05:48Z","containment_time_utc":"2024-10-01T19:09:00Z","control_time_utc":"2024-10-01T19:09:00Z","fire_out_time_utc":"2024-10-28T23:30:50Z","fire_cause":"Human","fire_cause_general":"Undetermined","map_method":"IR Image Interpretation","source_dataset":"FFP","unique_fire_identifier":"2024-WAOWF-000767","irwin_id":"{4E697493-637E-4FE3-8DE3-980B4EC98448}","global_id":"456e8331-aa43-49e8-9496-1bbfdfb964e7"}},{"type":"Feature","geometry":{"type":"Polygon","coordinates":[[[-123.32725,47.41756],[-123.32754,47.41759],[-123.32756,47.41743],[-123.32784,47.41755],[-123.32777,47.41745],[-123.32792,47.41743],[-123.32824,47.41761],[-123.32867,47.41751],[-123.32868,47.4174],[-123.32905,47.4175],[-123.32909,47.41733],[-123.32937,47.41739],[-123.32896,47.41801],[-123.32842,47.41811],[-123.3284,47.41801],[-123.32758,47.41784],[-123.32765,47.4177],[-123.3273,47.41772],[-123.32725,47.41756]]]},"properties":{"fire_id":"ufid:2024-WAOLF-000153","source_collection":"history-2024","source_objectid":33279,"incident_name":"Le Bar","mapped_acres":1.7,"mapped_acres_source":"poly_GISAcres","gis_acres":1.7,"auto_acres":1.7268534566740026,"reported_acres":1.73,"percent_contained":null,"state":"WA","state_wfigs":"US-WA","county":"Mason","discovery_time_utc":"2024-07-07T04:40:00Z","perimeter_time_utc":"2024-10-09T18:02:47Z","perimeter_edit_time_utc":"2024-10-09T18:02:47Z","incident_modified_time_utc":"2024-10-08T19:24:58Z","containment_time_utc":"2024-07-10T18:40:00Z","control_time_utc":"2024-07-15T00:00:00Z","fire_out_time_utc":"2024-07-29T00:00:00Z","fire_cause":"Human","fire_cause_general":"Fireworks","map_method":"Auto-generated","source_dataset":"FFP","unique_fire_identifier":"2024-WAOLF-000153","irwin_id":"{EB76EA9D-C12E-4BEE-B393-C637F6C53E77}","global_id":"3ecab5c0-4100-4f45-ba88-8476e4b5eb05"}},{"type":"Feature","geometry":{"type":"Polygon","coordinates":[[[-122.97608,47.68699],[-122.9759,47.68759],[-122.97561,47.68772],[-122.97486,47.68792],[-122.97429,47.68785],[-122.97418,47.68763],[-122.97386,47.68755],[-122.97372,47.68694],[-122.97353,47.68673],[-122.97259,47.68717],[-122.97268,47.68747],[-122.97257,47.68756],[-122.97155,47.68765],[-122.97127,47.68788],[-122.97076,47.68786],[-122.97051,47.68812],[-122.97048,47.68899],[-122.9702,47.68977],[-122.97028,47.69006],[-122.97042,47.69011],[-122.97053,47.69066],[-122.97043,47.69118],[-122.97088,47.69218],[-122.97061,47.69234],[-122.97018,47.69228],[-122.97008,47.69213],[-122.97006,47.69224],[-122.96961,47.69233],[-122.9697,47.69242],[-122.96957,47.69264],[-122.96991,47.69273],[-122.97014,47.69295],[-122.97012,47.69348],[-122.96988,47.69359],[-122.96903,47.69343],[-122.96877,47.69361],[-122.96826,47.69368],[-122.96832,47.69403],[-122.96754,47.69437],[-122.96693,47.69507],[-122.96683,47.6955],[-122.96655,47.69576],[-122.96635,47.69559],[-122.96625,47.69503],[-122.96584,47.69493],[-122.96578,47.69479],[-122.96551,47.69488],[-122.96557,47.69475],[-122.96528,47.69471],[-122.965,47.69447],[-122.96461,47.69443],[-122.96472,47.69425],[-122.96424,47.6942],[-122.96405,47.69371],[-122.96373,47.69362],[-122.96366,47.69348],[-122.9632,47.69363],[-122.96328,47.69311],[-122.96319,47.69304],[-122.96296,47.69309],[-122.96299,47.69324],[-122.96121,47.69287],[-122.96128,47.69243],[-122.9619,47.69204],[-122.96199,47.69173],[-122.96189,47.69122],[-122.96161,47.69101],[-122.96161,47.69069],[-122.96209,47.69039],[-122.96227,47.69008],[-122.96311,47.68993],[-122.96266,47.68948],[-122.96275,47.68899],[-122.96191,47.68847],[-122.96181,47.68822],[-122.96189,47.68804],[-122.9636,47.6884],[-122.96389,47.68824],[-122.96359,47.68789],[-122.96356,47.6873],[-122.96392,47.68732],[-122.96391,47.68767],[-122.96416,47.68785],[-122.96416,47.6877],[-122.96451,47.68741],[-122.96398,47.68712],[-122.96391,47.6865],[-122.96452,47.68586],[-122.96446,47.68557],[-122.96476,47.68527],[-122.96521,47.68511],[-122.96516,47.68499],[-122.96532,47.68499],[-122.9654,47.68485],[-122.96513,47.68471],[-122.9655,47.68451],[-122.96528,47.68442],[-122.96543,47.68403],[-122.96514,47.68407],[-122.96573,47.6838],[-122.9657,47.68367],[-122.96506,47.68377],[-122.96465,47.68352],[-122.96435,47.6835],[-122.96435,47.68337],[-122.96468,47.68333],[-122.96474,47.6832],[-122.96438,47.68252],[-122.96484,47.68198],[-122.96454,47.68192],[-122.96462,47.68155],[-122.96484,47.68154],[-122.96482,47.68115],[-122.96527,47.68078],[-122.96531,47.68043],[-122.96566,47.68031],[-122.96534,47.68021],[-122.96539,47.67991],[-122.9657,47.6799],[-122.96577,47.67979],[-122.9662,47.67984],[-122.96722,47.68059],[-122.9677,47.68053],[-122.96763,47.68029],[-122.96779,47.68013],[-122.96748,47.68002],[-122.96749,47.67985],[-122.96768,47.67976],[-122.96773,47.67943],[-122.96826,47.67937],[-122.96827,47.67953],[-122.96868,47.6794],[-122.9687,47.67929],[-122.96906,47.67952],[-122.96951,47.67947],[-122.96954,47.67918],[-122.96991,47.67896],[-122.96981,47.6788],[-122.97004,47.67849],[-122.97078,47.67834],[-122.97108,47.67813],[-122.9714,47.67837],[-122.97319,47.67843],[-122.97334,47.67869],[-122.97356,47.67862],[-122.97431,47.67893],[-122.97435,47.67875],[-122.97478,47.67875],[-122.9746,47.67917],[-122.97443,47.67927],[-122.97463,47.67952],[-122.97502,47.67931],[-122.97555,47.67933],[-122.97554,47.67951],[-122.97596,47.67932],[-122.97612,47.67945],[-122.97628,47.67929],[-122.97683,47.67949],[-122.97708,47.67943],[-122.97711,47.67931],[-122.97751,47.6794],[-122.97789,47.67918],[-122.97794,47.679],[-122.97806,47.67913],[-122.97834,47.67903],[-122.9783,47.67881],[-122.97874,47.67867],[-122.97871,47.67855],[-122.97897,47.67864],[-122.9792,47.67851],[-122.97922,47.67864],[-122.97881,47.67906],[-122.97918,47.67934],[-122.97911,47.67942],[-122.97951,47.67946],[-122.98001,47.67981],[-122.98079,47.67999],[-122.98064,47.68024],[-122.98065,47.68071],[-122.98112,47.68041],[-122.98127,47.68056],[-122.98129,47.68094],[-122.98159,47.68113],[-122.98143,47.68123],[-122.98142,47.6814],[-122.98174,47.68159],[-122.98168,47.68181],[-122.98231,47.68189],[-122.98192,47.68233],[-122.98169,47.6824],[-122.9817,47.68262],[-122.98182,47.68242],[-122.98187,47.68264],[-122.98245,47.68246],[-122.98264,47.68259],[-122.98364,47.68271],[-122.98362,47.68316],[-122.98376,47.6831],[-122.98402,47.6835],[-122.98423,47.68354],[-122.98396,47.68406],[-122.98357,47.68428],[-122.98363,47.68449],[-122.98243,47.68441],[-122.98262,47.6848],[-122.98226,47.68502],[-122.98234,47.68508],[-122.98222,47.68542],[-122.98198,47.68556],[-122.98193,47.68576],[-122.98175,47.68576],[-122.98163,47.68602],[-122.98104,47.68628],[-122.98099,47.6865],[-122.98041,47.68673],[-122.98047,47.68635],[-122.98015,47.68634],[-122.98036,47.68613],[-122.9799,47.68603],[-122.97976,47.68621],[-122.97996,47.68628],[-122.97985,47.68638],[-122.97945,47.68622],[-122.97923,47.68627],[-122.97909,47.68635],[-122.97906,47.68656],[-122.97915,47.68659],[-122.97877,47.68679],[-122.97867,47.68662],[-122.97846,47.68663],[-122.97853,47.68682],[-122.97781,47.68692],[-122.97762,47.68709],[-122.97738,47.68701],[-122.97724,47.68714],[-122.97689,47.68692],[-122.97671,47.68719],[-122.97633,47.68695],[-122.97628,47.68709],[-122.97608,47.68699]]]},"properties":{"fire_id":"ufid:2024-WAOLS-000079","source_collection":"history-2024","source_objectid":33313,"incident_name":"2620 Road","mapped_acres":398.3205,"mapped_acres_source":"poly_GISAcres","gis_acres":398.3205,"auto_acres":396.699962723576,"reported_acres":398.0,"percent_contained":null,"state":"WA","state_wfigs":"US-WA","county":"Jefferson","discovery_time_utc":"2024-08-15T00:06:00Z","perimeter_time_utc":"2024-10-10T19:09:03Z","perimeter_edit_time_utc":"2024-10-10T19:09:04Z","incident_modified_time_utc":"2024-10-10T17:32:06Z","containment_time_utc":"2024-09-08T07:00:00Z","control_time_utc":"2024-09-08T22:04:00Z","fire_out_time_utc":"2024-09-26T22:01:00Z","fire_cause":"Human","fire_cause_general":"Equipment and vehicle use","map_method":"Mixed Methods","source_dataset":"FFP","unique_fire_identifier":"2024-WAOLS-000079","irwin_id":"{2BB873F5-35FE-4791-9733-7502A8F7E392}","global_id":"b88e239b-1a8b-4898-a5ac-68059472c6f7"}},{"type":"Feature","geometry":{"type":"Polygon","coordinates":[[[-120.50553,47.4452],[-120.50576,47.44524],[-120.50562,47.44543],[-120.50584,47.44571],[-120.50543,47.44596],[-120.5057,47.44633],[-120.50512,47.44666],[-120.50521,47.44684],[-120.50508,47.447],[-120.50519,47.44705],[-120.50505,47.4472],[-120.50513,47.44735],[-120.50486,47.44777],[-120.50466,47.44775],[-120.50444,47.44744],[-120.50457,47.44703],[-120.50444,47.44689],[-120.50456,47.44679],[-120.50445,47.44668],[-120.50455,47.44655],[-120.50443,47.44621],[-120.50448,47.44564],[-120.50478,47.44542],[-120.50498,47.44546],[-120.50553,47.4452]]]},"properties":{"fire_id":"ufid:2024-WAOWF-000654","source_collection":"history-2024","source_objectid":33321,"incident_name":"MISSION CREEK","mapped_acres":0.5,"mapped_acres_source":"poly_GISAcres","gis_acres":0.5,"auto_acres":4.153261985529082,"reported_acres":4.2,"percent_contained":null,"state":"WA","state_wfigs":"US-WA","county":"Chelan","discovery_time_utc":"2024-08-18T03:22:00Z","perimeter_time_utc":"2024-10-10T21:17:45Z","perimeter_edit_time_utc":"2024-10-10T21:17:45Z","incident_modified_time_utc":"2024-10-10T17:39:25Z","containment_time_utc":"2024-08-19T02:30:00Z","control_time_utc":"2024-08-27T17:35:00Z","fire_out_time_utc":"2024-09-06T19:48:00Z","fire_cause":"Natural","fire_cause_general":"Natural","map_method":"Auto-generated","source_dataset":"FFP","unique_fire_identifier":"2024-WAOWF-000654","irwin_id":"{9965A6D8-E811-4E4D-9C70-18C130841049}","global_id":"5da0bd09-7372-464d-bab9-feddf98a1750"}},{"type":"Feature","geometry":{"type":"Polygon","coordinates":[[[-120.62619,47.67759],[-120.62635,47.67764],[-120.62612,47.6777],[-120.62619,47.67759]]]},"properties":{"fire_id":"ufid:2024-WAOWF-000611","source_collection":"history-2024","source_objectid":33323,"incident_name":"CLARK CANYON","mapped_acres":0.0,"mapped_acres_source":"poly_GISAcres","gis_acres":0.0,"auto_acres":0.038837976055906824,"reported_acres":0.1,"percent_contained":null,"state":"WA","state_wfigs":"US-WA","county":"Chelan","discovery_time_utc":"2024-08-12T14:16:50Z","perimeter_time_utc":"2024-10-10T21:20:37Z","perimeter_edit_time_utc":"2024-10-10T21:20:37Z","incident_modified_time_utc":"2024-08-17T19:03:03Z","containment_time_utc":"2024-08-13T03:00:00Z","control_time_utc":"2024-08-14T00:40:00Z","fire_out_time_utc":"2024-08-17T19:02:00Z","fire_cause":"Natural","fire_cause_general":"Natural","map_method":"Hand Sketch","source_dataset":"FFP","unique_fire_identifier":"2024-WAOWF-000611","irwin_id":"{EA73D7D7-EE84-4F7A-897A-AF5CBDDD3FCC}","global_id":"304ef1d3-a8c4-4894-b139-0203e597ad87"}},{"type":"Feature","geometry":{"type":"Polygon","coordinates":[[[-121.01334,47.7659],[-121.01366,47.76596],[-121.01354,47.76604],[-121.01334,47.7659]]]},"properties":{"fire_id":"ufid:2024-WAOWF-000773","source_collection":"history-2024","source_objectid":33324,"incident_name":"LANHAM CREEK","mapped_acres":0.1,"mapped_acres_source":"poly_GISAcres","gis_acres":0.1,"auto_acres":0.051812117667094544,"reported_acres":0.1,"percent_contained":null,"state":"WA","state_wfigs":"US-WA","county":"Chelan","discovery_time_utc":"2024-09-07T17:52:40Z","perimeter_time_utc":"2024-10-10T21:12:03Z","perimeter_edit_time_utc":"2024-10-10T21:12:04Z","incident_modified_time_utc":"2024-10-10T17:48:06Z","containment_time_utc":"2024-09-10T02:07:00Z","control_time_utc":"2024-09-11T01:00:00Z","fire_out_time_utc":"2024-10-08T17:49:00Z","fire_cause":"Natural","fire_cause_general":"Natural","map_method":"Auto-generated","source_dataset":"FFP","unique_fire_identifier":"2024-WAOWF-000773","irwin_id":"{AB5ED030-786B-4FAF-864C-796FAB5E0521}","global_id":"8232b97c-7b0a-407c-b36e-307fb5bb3fd5"}},{"type":"Feature","geometry":{"type":"Polygon","coordinates":[[[-120.32135,47.36667],[-120.32059,47.3681],[-120.31916,47.36826],[-120.31882,47.36801],[-120.31267,47.3702],[-120.30922,47.37057],[-120.30783,47.37009],[-120.30698,47.36847],[-120.30773,47.3675],[-120.30985,47.36705],[-120.31001,47.36683],[-120.30992,47.36499],[-120.30752,47.36359],[-120.30753,47.36308],[-120.30815,47.36285],[-120.31032,47.36102],[-120.31178,47.3604],[-120.31527,47.3612],[-120.31605,47.35894],[-120.31659,47.35846],[-120.31736,47.35833],[-120.31769,47.35862],[-120.31731,47.35877],[-120.31777,47.3591],[-120.31753,47.35951],[-120.3178,47.3602],[-120.31721,47.36095],[-120.31957,47.36226],[-120.32132,47.36555],[-120.32135,47.36667]]]},"properties":{"fire_id":"ufid:2024-WAWFS-000865","source_collection":"history-2024","source_objectid":33425,"incident_name":"SQUILCHUCK ROAD","mapped_acres":216.0,"mapped_acres_source":"poly_GISAcres","gis_acres":216.0,"auto_acres":216.8413334216026,"reported_acres":1.0,"percent_contained":null,"state":"WA","state_wfigs":"US-WA","county":"Chelan","discovery_time_utc":"2024-10-13T21:17:22Z","perimeter_time_utc":"2024-10-14T02:17:22Z","perimeter_edit_time_utc":"2024-10-14T19:44:40Z","incident_modified_time_utc":"2024-10-14T00:44:33Z","containment_time_utc":null,"control_time_utc":null,"fire_out_time_utc":null,"fire_cause":"Undetermined","fire_cause_general":null,"map_method":"GPS-Flight","source_dataset":"2024 NIFS","unique_fire_identifier":"2024-WAWFS-000865","irwin_id":"{4B5E5AF6-2972-4F9A-B56C-FA502E51FBBB}","global_id":"99ea1995-25f1-4e89-8b6b-9ba97c4ad5fe"}},{"type":"Feature","geometry":{"type":"MultiPolygon","coordinates":[[[[-120.98268,47.22752],[-120.98272,47.22749],[-120.98264,47.2275],[-120.98268,47.22752]]],[[[-120.9827,47.22752],[-120.98326,47.22785],[-120.98331,47.2282],[-120.98354,47.22837],[-120.98216,47.22884],[-120.98338,47.22928],[-120.98331,47.2295],[-120.98242,47.22965],[-120.9826,47.22933],[-120.98312,47.22919],[-120.98213,47.22886],[-120.98168,47.22893],[-120.9815,47.22876],[-120.98145,47.22841],[-120.98116,47.22816],[-120.9827,47.22752]]]]},"properties":{"fire_id":"ufid:2024-WASES-000868","source_collection":"history-2024","source_objectid":33474,"incident_name":"CRYSTAL CREEK","mapped_acres":4.5,"mapped_acres_source":"poly_GISAcres","gis_acres":4.5,"auto_acres":4.474645923811709,"reported_acres":6.17,"percent_contained":null,"state":"WA","state_wfigs":"US-WA","county":"Kittitas","discovery_time_utc":"2024-10-15T00:29:00Z","perimeter_time_utc":"2024-10-15T05:29:10Z","perimeter_edit_time_utc":"2024-10-17T17:33:54Z","incident_modified_time_utc":"2024-11-03T18:04:18Z","containment_time_utc":"2024-10-17T00:10:00Z","control_time_utc":"2024-10-19T21:10:00Z","fire_out_time_utc":"2024-11-03T17:31:00Z","fire_cause":"Human","fire_cause_general":null,"map_method":"Auto-generated","source_dataset":"2024 NIFS","unique_fire_identifier":"2024-WASES-000868","irwin_id":"{A76B83C1-5EC9-4A4B-B7DA-1B76DFD94175}","global_id":"9632c826-4a1c-4896-8216-c4a58fdc582d"}},{"type":"Feature","geometry":{"type":"Polygon","coordinates":[[[-120.13244,47.81466],[-120.13222,47.81429],[-120.13232,47.81414],[-120.13314,47.81458],[-120.1329,47.81473],[-120.13244,47.81466]]]},"properties":{"fire_id":"ufid:2024-WASES-000204","source_collection":"history-2024","source_objectid":33727,"incident_name":"KNAPP COULEE","mapped_acres":0.6,"mapped_acres_source":"poly_GISAcres","gis_acres":0.6,"auto_acres":0.5786362642129418,"reported_acres":1.0,"percent_contained":null,"state":"WA","state_wfigs":"US-WA","county":"Chelan","discovery_time_utc":"2024-06-15T18:56:00Z","perimeter_time_utc":"2024-10-22T20:00:35Z","perimeter_edit_time_utc":"2024-10-22T20:00:36Z","incident_modified_time_utc":"2024-07-11T20:02:19Z","containment_time_utc":"2024-06-15T22:27:00Z","control_time_utc":"2024-06-16T03:05:00Z","fire_out_time_utc":"2024-06-19T23:00:00Z","fire_cause":"Human","fire_cause_general":"Debris and open burning","map_method":"Auto-generated","source_dataset":"FFP","unique_fire_identifier":"2024-WASES-000204","irwin_id":"{CC330605-6AFF-4B15-9409-ABD5C01EE8CE}","global_id":"6e5cd1f1-6737-4e8b-ae03-40314b61fc71"}},{"type":"Feature","geometry":{"type":"Polygon","coordinates":[[[-120.63367,47.60623],[-120.63416,47.60622],[-120.63426,47.60656],[-120.6341,47.60666],[-120.6339,47.60629],[-120.63367,47.60623]]]},"properties":{"fire_id":"ufid:2024-WASES-000118","source_collection":"history-2024","source_objectid":33730,"incident_name":"NORTH","mapped_acres":0.3,"mapped_acres_source":"poly_GISAcres","gis_acres":0.3,"auto_acres":0.2863858990698925,"reported_acres":0.3,"percent_contained":null,"state":"WA","state_wfigs":"US-WA","county":"Chelan","discovery_time_utc":"2024-05-20T21:24:00Z","perimeter_time_utc":"2024-10-22T20:01:40Z","perimeter_edit_time_utc":"2024-10-22T20:01:41Z","incident_modified_time_utc":"2024-08-16T21:12:51Z","containment_time_utc":"2024-05-20T23:00:00Z","control_time_utc":"2024-05-20T23:00:00Z","fire_out_time_utc":"2024-05-26T20:03:00Z","fire_cause":"Human","fire_cause_general":"Debris and open burning","map_method":"Mixed Methods","source_dataset":"FFP","unique_fire_identifier":"2024-WASES-000118","irwin_id":"{D1BB0506-B14B-4C00-BF9E-D918FE6DDA6D}","global_id":"038fc6dd-8902-4a25-9b04-bf13ef97272d"}},{"type":"Feature","geometry":{"type":"Polygon","coordinates":[[[-121.16062,47.30384],[-121.16152,47.30374],[-121.16151,47.30357],[-121.16162,47.30353],[-121.16175,47.30374],[-121.16218,47.30384],[-121.16206,47.30402],[-121.16261,47.30417],[-121.16267,47.30436],[-121.1624,47.30454],[-121.16254,47.30465],[-121.16227,47.30483],[-121.16232,47.30507],[-121.15984,47.30545],[-121.1595,47.30531],[-121.15883,47.30529],[-121.15881,47.30503],[-121.15893,47.30498],[-121.1588,47.30492],[-121.15877,47.3047],[-121.15888,47.30461],[-121.15957,47.30461],[-121.15962,47.3044],[-121.16021,47.30421],[-121.16013,47.30411],[-121.16026,47.30414],[-121.16062,47.30384]]]},"properties":{"fire_id":"ufid:2024-WAOWF-000576","source_collection":"history-2024","source_objectid":33751,"incident_name":"THOMAS","mapped_acres":9.128039,"mapped_acres_source":"poly_GISAcres","gis_acres":9.128039,"auto_acres":9.12800375055682,"reported_acres":9.0,"percent_contained":null,"state":"WA","state_wfigs":"US-WA","county":"Kittitas","discovery_time_utc":"2024-08-10T02:21:00Z","perimeter_time_utc":"2024-10-23T17:05:59Z","perimeter_edit_time_utc":"2024-10-23T17:06:00Z","incident_modified_time_utc":"2024-09-17T18:02:05Z","containment_time_utc":null,"control_time_utc":null,"fire_out_time_utc":"2024-10-01T15:29:00Z","fire_cause":"Natural","fire_cause_general":"Natural","map_method":"Mixed Methods","source_dataset":"FFP","unique_fire_identifier":"2024-WAOWF-000576","irwin_id":"{D9300872-8828-4EF9-81E4-1EC7E8015A55}","global_id":"141916e4-5961-48b8-ab1d-f636e22f44ac"}},{"type":"Feature","geometry":{"type":"Polygon","coordinates":[[[-120.60332,47.66458],[-120.60302,47.66442],[-120.60335,47.66422],[-120.60354,47.6639],[-120.60351,47.66413],[-120.60369,47.66421],[-120.60359,47.66427],[-120.60364,47.66448],[-120.60332,47.66458]]]},"properties":{"fire_id":"ufid:2024-WASES-000655","source_collection":"history-2024","source_objectid":33827,"incident_name":"WALKER","mapped_acres":0.4,"mapped_acres_source":"poly_GISAcres","gis_acres":0.4,"auto_acres":0.42055334982290926,"reported_acres":0.3,"percent_contained":null,"state":"WA","state_wfigs":"US-WA","county":"Chelan","discovery_time_utc":"2024-08-18T03:50:00Z","perimeter_time_utc":"2024-10-25T19:10:21Z","perimeter_edit_time_utc":"2024-10-25T19:10:22Z","incident_modified_time_utc":"2024-09-23T00:23:45Z","containment_time_utc":"2024-08-19T00:47:00Z","control_time_utc":"2024-08-19T20:20:00Z","fire_out_time_utc":"2024-09-03T23:31:00Z","fire_cause":"Natural","fire_cause_general":"Natural","map_method":"Auto-generated","source_dataset":"FFP","unique_fire_identifier":"2024-WASES-000655","irwin_id":"{E6FC5AF4-E6D1-4480-85BB-F4FF217D0840}","global_id":"adc68855-c830-4b7b-88a2-3d7e3b8fb6f2"}},{"type":"Feature","geometry":{"type":"Polygon","coordinates":[[[-120.4648,47.53592],[-120.46436,47.53581],[-120.46466,47.5352],[-120.46477,47.53533],[-120.46501,47.53525],[-120.46512,47.53554],[-120.46545,47.53563],[-120.46521,47.53586],[-120.4648,47.53592]]]},"properties":{"fire_id":"ufid:2024-WASES-000707","source_collection":"history-2024","source_objectid":33828,"incident_name":"NAHAHUM CANYON","mapped_acres":1.5,"mapped_acres_source":"poly_GISAcres","gis_acres":1.5,"auto_acres":1.0208229532695952,"reported_acres":1.5,"percent_contained":null,"state":"WA","state_wfigs":"US-WA","county":"Chelan","discovery_time_utc":"2024-08-21T12:01:31Z","perimeter_time_utc":"2024-10-25T19:16:49Z","perimeter_edit_time_utc":"2024-10-25T19:16:49Z","incident_modified_time_utc":"2024-09-22T23:57:59Z","containment_time_utc":"2024-08-21T18:45:00Z","control_time_utc":"2024-08-21T23:09:00Z","fire_out_time_utc":"2024-09-14T19:12:00Z","fire_cause":"Human","fire_cause_general":"Undetermined","map_method":"Auto-generated","source_dataset":"FFP","unique_fire_identifier":"2024-WASES-000707","irwin_id":"{3AD83A49-6DF0-483F-87CD-140E0B2F1BF0}","global_id":"3632d602-d241-432b-93e8-ca4d343aeb9f"}},{"type":"Feature","geometry":{"type":"MultiPolygon","coordinates":[[[[-120.647,47.77851],[-120.64701,47.77853],[-120.647,47.77853],[-120.647,47.77851]]],[[[-120.64696,47.77854],[-120.64731,47.77849],[-120.64741,47.77857],[-120.64733,47.77883],[-120.64746,47.77897],[-120.64773,47.77895],[-120.64784,47.77905],[-120.64769,47.77916],[-120.64823,47.77933],[-120.64813,47.77955],[-120.64823,47.77973],[-120.64772,47.77983],[-120.64805,47.77988],[-120.64802,47.7801],[-120.64743,47.78002],[-120.64746,47.77989],[-120.64724,47.77988],[-120.64703,47.77964],[-120.64693,47.77966],[-120.64702,47.77985],[-120.64687,47.77988],[-120.64699,47.77991],[-120.64663,47.78001],[-120.64641,47.77989],[-120.64667,47.77958],[-120.64619,47.77965],[-120.64607,47.77951],[-120.64616,47.77941],[-120.64568,47.7792],[-120.64558,47.7788],[-120.64615,47.77861],[-120.64633,47.77832],[-120.64666,47.77836],[-120.64693,47.77819],[-120.64707,47.77835],[-120.64696,47.77854]]],[[[-120.64703,47.77969],[-120.64707,47.77969],[-120.64706,47.77972],[-120.64703,47.77969]]],[[[-120.64706,47.77972],[-120.64708,47.77973],[-120.64707,47.77974],[-120.64706,47.77972]]],[[[-120.64707,47.77974],[-120.64708,47.77975],[-120.64702,47.77977],[-120.64707,47.77974]]],[[[-120.64705,47.77984],[-120.64703,47.77985],[-120.64704,47.77983],[-120.64705,47.77984]]]]},"properties":{"fire_id":"ufid:2024-WASES-000660","source_collection":"history-2024","source_objectid":33829,"incident_name":"SHUGART","mapped_acres":5.7,"mapped_acres_source":"poly_GISAcres","gis_acres":5.7,"auto_acres":5.707939751197698,"reported_acres":8.0,"percent_contained":null,"state":"WA","state_wfigs":"US-WA","county":"Chelan","discovery_time_utc":"2024-08-18T04:11:00Z","perimeter_time_utc":"2024-10-25T19:09:20Z","perimeter_edit_time_utc":"2024-10-25T19:09:20Z","incident_modified_time_utc":"2024-09-23T00:45:33Z","containment_time_utc":"2024-08-23T00:29:00Z","control_time_utc":"2024-08-23T00:29:00Z","fire_out_time_utc":"2024-09-14T21:00:00Z","fire_cause":"Natural","fire_cause_general":"Natural","map_method":"Auto-generated","source_dataset":"FFP","unique_fire_identifier":"2024-WASES-000660","irwin_id":"{129234F3-CDF1-4DE6-9C24-7E316A0D898F}","global_id":"7446c2ce-c540-4ee7-bbda-9295acd04a3c"}},{"type":"Feature","geometry":{"type":"Polygon","coordinates":[[[-120.47632,47.46132],[-120.47679,47.46151],[-120.4768,47.46163],[-120.47659,47.46177],[-120.47642,47.46216],[-120.47654,47.46256],[-120.47626,47.46302],[-120.47633,47.46396],[-120.47559,47.46426],[-120.47513,47.46478],[-120.47507,47.46528],[-120.47407,47.46675],[-120.47412,47.46692],[-120.4736,47.46711],[-120.47334,47.46703],[-120.47336,47.46674],[-120.47286,47.46651],[-120.47275,47.46628],[-120.47344,47.46583],[-120.47367,47.46516],[-120.47251,47.46446],[-120.47246,47.46403],[-120.47275,47.46368],[-120.47316,47.46358],[-120.47306,47.46341],[-120.47327,47.46327],[-120.47324,47.46304],[-120.47369,47.46263],[-120.47424,47.46239],[-120.47422,47.46255],[-120.47453,47.46257],[-120.47533,47.46208],[-120.47595,47.46196],[-120.47616,47.46141],[-120.47632,47.46132]]]},"properties":{"fire_id":"ufid:2024-WASES-000663","source_collection":"history-2024","source_objectid":33830,"incident_name":"YAKSUM","mapped_acres":22.9,"mapped_acres_source":"poly_GISAcres","gis_acres":22.9,"auto_acres":22.898973929423594,"reported_acres":23.0,"percent_contained":null,"state":"WA","state_wfigs":"US-WA","county":"Chelan","discovery_time_utc":"2024-08-18T04:44:00Z","perimeter_time_utc":"2024-10-25T19:13:28Z","perimeter_edit_time_utc":"2024-10-25T19:13:28Z","incident_modified_time_utc":"2024-10-20T16:59:08Z","containment_time_utc":"2024-08-19T02:40:00Z","control_time_utc":"2024-08-20T01:48:00Z","fire_out_time_utc":"2024-08-28T19:41:00Z","fire_cause":"Natural","fire_cause_general":"Natural","map_method":"Auto-generated","source_dataset":"FFP","unique_fire_identifier":"2024-WASES-000663","irwin_id":"{59CDCFD1-5E8A-4AC2-8708-6A6316E28CB8}","global_id":"524ed7e2-0e09-4a88-987d-a418949ef7d0"}},{"type":"Feature","geometry":{"type":"Polygon","coordinates":[[[-120.859381,47.109504],[-120.85934,47.10966],[-120.85838,47.10989],[-120.85865,47.11013],[-120.85854,47.11057],[-120.85823,47.11046],[-120.85791,47.11055],[-120.85751,47.11028],[-120.85742,47.10991],[-120.85758,47.10977],[-120.8578,47.10992],[-120.85812,47.10989],[-120.85838,47.10974],[-120.85847,47.10946],[-120.85921,47.10936],[-120.859381,47.109504]]]},"properties":{"fire_id":"ufid:2024-WASES-000784","source_collection":"history-2024","source_objectid":33835,"incident_name":"TANEUM CREEK","mapped_acres":2.1,"mapped_acres_source":"poly_GISAcres","gis_acres":2.1,"auto_acres":2.1148089337767852,"reported_acres":2.5,"percent_contained":null,"state":"WA","state_wfigs":"US-WA","county":"Kittitas","discovery_time_utc":"2024-09-11T03:55:00Z","perimeter_time_utc":"2024-10-25T19:30:51Z","perimeter_edit_time_utc":"2024-10-25T19:30:51Z","incident_modified_time_utc":"2024-10-20T16:27:42Z","containment_time_utc":"2024-09-12T07:00:00Z","control_time_utc":"2024-09-13T00:00:00Z","fire_out_time_utc":"2024-09-26T21:24:00Z","fire_cause":"Undetermined","fire_cause_general":"Undetermined","map_method":"Mixed Methods","source_dataset":"FFP","unique_fire_identifier":"2024-WASES-000784","irwin_id":"{7B698C9A-381D-4CDE-B7ED-9F2180969BA4}","global_id":"6bde992c-d444-452c-8b2c-bdfdcc47f8d0"}},{"type":"Feature","geometry":{"type":"MultiPolygon","coordinates":[[[[-121.12499,45.64894],[-121.12432,45.64851],[-121.124,45.64855],[-121.12338,45.64816],[-121.1233,45.64841],[-121.12233,45.64824],[-121.12225,45.64802],[-121.12173,45.64794],[-121.12085,45.64753],[-121.12068,45.64765],[-121.12037,45.64763],[-121.11857,45.64693],[-121.11763,45.64672],[-121.11679,45.64632],[-121.11493,45.64708],[-121.11421,45.6471],[-121.11343,45.64695],[-121.11189,45.64697],[-121.11125,45.64711],[-121.11067,45.64705],[-121.11147,45.64696],[-121.11147,45.6468],[-121.11087,45.6467],[-121.1115,45.64653],[-121.11167,45.64641],[-121.11162,45.64632],[-121.11131,45.64616],[-121.10994,45.64633],[-121.11024,45.64621],[-121.11011,45.64585],[-121.10965,45.64596],[-121.10893,45.64546],[-121.10802,45.64552],[-121.10796,45.64543],[-121.10823,45.64486],[-121.10816,45.64478],[-121.1067,45.64387],[-121.10622,45.64372],[-121.10634,45.64341],[-121.10671,45.6433],[-121.10841,45.64393],[-121.10933,45.64383],[-121.11002,45.64413],[-121.11029,45.64442],[-121.11024,45.64465],[-121.11071,45.64487],[-121.11054,45.64515],[-121.11162,45.64534],[-121.11187,45.64484],[-121.11165,45.64437],[-121.10796,45.64312],[-121.10802,45.64303],[-121.10952,45.64327],[-121.11043,45.6437],[-121.1116,45.64368],[-121.1115,45.64333],[-121.11167,45.64336],[-121.11183,45.64319],[-121.11193,45.64287],[-121.11235,45.64235],[-121.11323,45.64225],[-121.11414,45.64247],[-121.11437,45.64181],[-121.11473,45.64149],[-121.11566,45.64153],[-121.1158,45.64163],[-121.11582,45.64189],[-121.116,45.64197],[-121.11589,45.64265],[-121.11604,45.64276],[-121.11649,45.64264],[-121.11656,45.6417],[-121.11749,45.64148],[-121.11739,45.64133],[-121.11625,45.64133],[-121.11646,45.641],[-121.11686,45.64082],[-121.11654,45.64044],[-121.11662,45.64028],[-121.11692,45.64029],[-121.11701,45.64006],[-121.11848,45.64054],[-121.11905,45.64089],[-121.12033,45.64088],[-121.12072,45.64045],[-121.12168,45.64032],[-121.12218,45.64053],[-121.12229,45.64071],[-121.12268,45.6407],[-121.12272,45.64093],[-121.12305,45.6411],[-121.1229,45.64141],[-121.12333,45.64161],[-121.12412,45.64173],[-121.12418,45.64235],[-121.12445,45.64234],[-121.125,45.64259],[-121.1251,45.64314],[-121.12559,45.64318],[-121.12608,45.64298],[-121.12627,45.6431],[-121.12618,45.6433],[-121.12626,45.64362],[-121.12612,45.6437],[-121.12656,45.64381],[-121.12719,45.64374],[-121.12752,45.64404],[-121.12772,45.64393],[-121.12768,45.64408],[-121.12783,45.64392],[-121.12811,45.644],[-121.12833,45.64435],[-121.12831,45.64469],[-121.1286,45.64459],[-121.12915,45.64507],[-121.12937,45.64577],[-121.12999,45.6463],[-121.13038,45.64628],[-121.13061,45.647],[-121.13067,45.64631],[-121.13078,45.64622],[-121.13073,45.64635],[-121.13103,45.64665],[-121.13145,45.64682],[-121.13166,45.6471],[-121.13238,45.64753],[-121.1326,45.64778],[-121.13277,45.64835],[-121.13333,45.64882],[-121.1333,45.64925],[-121.13373,45.64966],[-121.13368,45.64993],[-121.13341,45.64992],[-121.13351,45.65003],[-121.13334,45.65008],[-121.13074,45.64998],[-121.12896,45.64963],[-121.1287,45.64949],[-121.12867,45.64926],[-121.12831,45.64914],[-121.1285,45.64893],[-121.12837,45.64885],[-121.1277,45.64891],[-121.12728,45.64919],[-121.12593,45.64921],[-121.1256,45.649],[-121.12499,45.64894]]],[[[-121.13123,45.64596],[-121.1313,45.64591],[-121.13127,45.64594],[-121.13123,45.64596]]],[[[-121.13123,45.64596],[-121.13097,45.64608],[-121.13112,45.64597],[-121.13123,45.64596]]],[[[-121.13097,45.64608],[-121.13093,45.64612],[-121.13092,45.64611],[-121.13097,45.64608]]],[[[-121.13093,45.64612],[-121.13093,45.64614],[-121.13083,45.64618],[-121.13093,45.64612]]],[[[-121.13083,45.64618],[-121.13078,45.64622],[-121.1308,45.6462],[-121.13083,45.64618]]],[[[-121.11925,45.6472],[-121.11924,45.6472],[-121.11923,45.64719],[-121.11925,45.6472]]]]},"properties":{"fire_id":"ufid:2024-WASES-000503","source_collection":"history-2024","source_objectid":33836,"incident_name":"HORSETHIEF","mapped_acres":262.5,"mapped_acres_source":"poly_GISAcres","gis_acres":262.5,"auto_acres":262.4971875012584,"reported_acres":259.0,"percent_contained":null,"state":"WA","state_wfigs":"US-WA","county":"Klickitat","discovery_time_utc":"2024-07-28T02:53:00Z","perimeter_time_utc":"2024-10-25T20:57:49Z","perimeter_edit_time_utc":"2024-10-25T20:57:49Z","incident_modified_time_utc":"2024-10-20T16:58:39Z","containment_time_utc":"2024-08-06T23:13:00Z","control_time_utc":"2024-08-07T03:17:00Z","fire_out_time_utc":"2024-08-12T18:26:00Z","fire_cause":"Undetermined","fire_cause_general":"Undetermined","map_method":"Mixed Methods","source_dataset":"FFP","unique_fire_identifier":"2024-WASES-000503","irwin_id":"{BC717FBB-2780-4199-B4CC-58F4ACA34567}","global_id":"43462578-80f0-4005-bcd0-12a2a455d038"}},{"type":"Feature","geometry":{"type":"Polygon","coordinates":[[[-121.1871,47.40623],[-121.18682,47.40639],[-121.18648,47.40628],[-121.1866,47.40572],[-121.18674,47.40558],[-121.18579,47.40527],[-121.18567,47.40518],[-121.18578,47.40512],[-121.18562,47.4048],[-121.18574,47.40486],[-121.18617,47.40464],[-121.18669,47.4047],[-121.18676,47.4045],[-121.18727,47.40446],[-121.18806,47.40407],[-121.18868,47.40412],[-121.18874,47.40435],[-121.18921,47.40457],[-121.18864,47.40521],[-121.18866,47.40553],[-121.18917,47.40567],[-121.1891,47.40594],[-121.18938,47.406],[-121.18931,47.4062],[-121.18875,47.40633],[-121.18882,47.40668],[-121.18808,47.40693],[-121.18733,47.40692],[-121.18725,47.40674],[-121.18803,47.40659],[-121.18817,47.40637],[-121.18767,47.40622],[-121.1871,47.40623]]]},"properties":{"fire_id":"ufid:2024-WAOWF-000580","source_collection":"history-2024","source_objectid":33896,"incident_name":"STAVE CREEK","mapped_acres":12.13585,"mapped_acres_source":"poly_GISAcres","gis_acres":12.13585,"auto_acres":12.135802721348686,"reported_acres":12.14,"percent_contained":null,"state":"WA","state_wfigs":"US-WA","county":"Kittitas","discovery_time_utc":"2024-08-10T03:15:00Z","perimeter_time_utc":"2024-11-14T17:43:29Z","perimeter_edit_time_utc":"2024-11-14T17:43:29Z","incident_modified_time_utc":"2024-11-14T16:36:56Z","containment_time_utc":null,"control_time_utc":null,"fire_out_time_utc":"2024-10-28T16:00:00Z","fire_cause":"Natural","fire_cause_general":"Natural","map_method":"Mixed Methods","source_dataset":"FFP","unique_fire_identifier":"2024-WAOWF-000580","irwin_id":"{38AFEDF3-47AC-4179-B38F-D447CC609197}","global_id":"54c2750e-6974-45b4-b5c8-967e5fd1218c"}},{"type":"Feature","geometry":{"type":"Polygon","coordinates":[[[-120.13039,47.91541],[-120.12918,47.91537],[-120.129,47.91555],[-120.12849,47.91561],[-120.12828,47.91544],[-120.1281,47.91486],[-120.1287,47.9147],[-120.13039,47.91541]]]},"properties":{"fire_id":"ufid:2024-WASES-000875","source_collection":"history-2024","source_objectid":33939,"incident_name":"KESTREL LANE","mapped_acres":2.2,"mapped_acres_source":"poly_GISAcres","gis_acres":2.2,"auto_acres":2.24246509846931,"reported_acres":2.0,"percent_contained":null,"state":"WA","state_wfigs":"US-WA","county":"Chelan","discovery_time_utc":"2024-10-19T23:24:00Z","perimeter_time_utc":"2024-10-28T20:46:07Z","perimeter_edit_time_utc":"2024-10-28T20:46:07Z","incident_modified_time_utc":"2024-10-27T19:29:06Z","containment_time_utc":"2024-10-20T01:14:00Z","control_time_utc":"2024-10-20T01:14:00Z","fire_out_time_utc":null,"fire_cause":"Human","fire_cause_general":"Debris and open burning","map_method":"Auto-generated for InFORM","source_dataset":"FFP","unique_fire_identifier":"2024-WASES-000875","irwin_id":"{B4494E3F-AA16-4C02-AF5E-A1204833D64A}","global_id":"49bbb5b1-a3aa-441e-9b9a-7843eb7773fd"}},{"type":"Feature","geometry":{"type":"Polygon","coordinates":[[[-121.07405,47.91937],[-121.07744,47.91965],[-121.07871,47.92001],[-121.08156,47.92008],[-121.08141,47.92047],[-121.08247,47.92117],[-121.08313,47.92205],[-121.08442,47.92293],[-121.08384,47.92504],[-121.08354,47.92563],[-121.08071,47.92574],[-121.07794,47.92517],[-121.07528,47.92546],[-121.07343,47.92544],[-121.07154,47.92523],[-121.07053,47.92491],[-121.06736,47.92337],[-121.06796,47.92239],[-121.06929,47.92224],[-121.07049,47.9218],[-121.0724,47.91983],[-121.07405,47.91937]]]},"properties":{"fire_id":"ufid:2024-WAOWF-000573","source_collection":"history-2024","source_objectid":34080,"incident_name":"LITTLE WENATCHEE","mapped_acres":33.43183,"mapped_acres_source":"poly_GISAcres","gis_acres":33.43183,"auto_acres":156.41845080187548,"reported_acres":156.42,"percent_contained":null,"state":"WA","state_wfigs":"US-WA","county":"Chelan","discovery_time_utc":"2024-08-10T01:15:00Z","perimeter_time_utc":"2024-11-18T22:30:21Z","perimeter_edit_time_utc":"2024-11-18T22:30:22Z","incident_modified_time_utc":"2024-10-31T15:26:12Z","containment_time_utc":"2024-10-30T16:30:00Z","control_time_utc":"2024-10-30T16:45:00Z","fire_out_time_utc":"2024-10-31T16:00:00Z","fire_cause":"Natural","fire_cause_general":"Natural","map_method":"Mixed Methods","source_dataset":"FFP","unique_fire_identifier":"2024-WAOWF-000573","irwin_id":"{31C9DBBC-2683-43DE-B49F-267C29D5FF27}","global_id":"88004cab-8187-4cd3-8b6c-a6f1c6b3d66f"}},{"type":"Feature","geometry":{"type":"Polygon","coordinates":[[[-121.09746,47.88088],[-121.09616,47.88069],[-121.09579,47.88036],[-121.09542,47.88042],[-121.0945,47.87977],[-121.09411,47.87982],[-121.09373,47.88009],[-121.09377,47.87976],[-121.0945,47.87975],[-121.09504,47.87946],[-121.09555,47.87946],[-121.09594,47.87984],[-121.09649,47.87947],[-121.09632,47.87898],[-121.09554,47.87844],[-121.09518,47.87807],[-121.09525,47.8778],[-121.09482,47.87747],[-121.09572,47.87725],[-121.09629,47.87748],[-121.09682,47.87745],[-121.0972,47.87725],[-121.09726,47.87695],[-121.09792,47.87678],[-121.09784,47.87704],[-121.09798,47.87714],[-121.09906,47.87748],[-121.09972,47.87705],[-121.10018,47.87719],[-121.10079,47.87677],[-121.10149,47.87686],[-121.10161,47.87712],[-121.10152,47.87764],[-121.10227,47.87691],[-121.10207,47.87629],[-121.10147,47.87603],[-121.10106,47.87545],[-121.10118,47.87495],[-121.1016,47.87482],[-121.10201,47.87491],[-121.10214,47.87518],[-121.10372,47.87544],[-121.10451,47.87516],[-121.10474,47.87489],[-121.1055,47.87451],[-121.10552,47.87435],[-121.10657,47.8744],[-121.10656,47.87414],[-121.10677,47.874],[-121.10718,47.87404],[-121.10752,47.87371],[-121.10798,47.87362],[-121.10836,47.87365],[-121.10844,47.8739],[-121.10818,47.87408],[-121.10848,47.87415],[-121.10882,47.87461],[-121.10932,47.87475],[-121.10978,47.87459],[-121.11059,47.8749],[-121.11162,47.87552],[-121.11165,47.87568],[-121.11116,47.8759],[-121.11096,47.87617],[-121.11055,47.8762],[-121.10831,47.87723],[-121.10778,47.87717],[-121.10786,47.87741],[-121.10762,47.87754],[-121.10636,47.87786],[-121.10404,47.87886],[-121.10385,47.87907],[-121.10394,47.8794],[-121.10361,47.87965],[-121.10343,47.87959],[-121.10299,47.87975],[-121.1029,47.87953],[-121.10231,47.87963],[-121.1007,47.87947],[-121.09982,47.87979],[-121.09872,47.88039],[-121.09773,47.88057],[-121.09746,47.88088]]]},"properties":{"fire_id":"ufid:2024-WAOWF-000367","source_collection":"history-2024","source_objectid":34081,"incident_name":"Shoofly","mapped_acres":103.7182,"mapped_acres_source":"poly_GISAcres","gis_acres":103.7182,"auto_acres":103.71780898412737,"reported_acres":103.72,"percent_contained":null,"state":"WA","state_wfigs":"US-WA","county":"Chelan","discovery_time_utc":"2024-07-08T21:11:00Z","perimeter_time_utc":"2024-12-02T23:55:52Z","perimeter_edit_time_utc":"2024-12-02T23:55:52Z","incident_modified_time_utc":"2024-12-02T23:46:02Z","containment_time_utc":null,"control_time_utc":"2024-10-30T16:44:00Z","fire_out_time_utc":"2024-10-31T16:00:00Z","fire_cause":"Undetermined","fire_cause_general":"Undetermined","map_method":"IR Image Interpretation","source_dataset":"FFP","unique_fire_identifier":"2024-WAOWF-000367","irwin_id":"{A9AD0525-1E8E-430D-96CA-116203179249}","global_id":"4d2c1a4a-2244-4f88-a422-8eaca09bafa3"}},{"type":"Feature","geometry":{"type":"MultiPolygon","coordinates":[[[[-120.56041,47.15845],[-120.56052,47.15858],[-120.56087,47.15857],[-120.56097,47.15875],[-120.56056,47.15874],[-120.56065,47.15892],[-120.56052,47.15891],[-120.56052,47.15906],[-120.56034,47.15874],[-120.56041,47.15845]]],[[[-120.55708,47.15428],[-120.55746,47.1546],[-120.55885,47.15469],[-120.55896,47.15487],[-120.55949,47.15472],[-120.55991,47.155],[-120.56037,47.15465],[-120.56067,47.15486],[-120.56112,47.15484],[-120.56147,47.15516],[-120.56195,47.15519],[-120.56228,47.15506],[-120.5621,47.15485],[-120.56219,47.15464],[-120.56375,47.15459],[-120.56397,47.15441],[-120.56491,47.15443],[-120.56587,47.15462],[-120.56625,47.15441],[-120.56649,47.15448],[-120.56675,47.15434],[-120.5676,47.15439],[-120.5677,47.15457],[-120.56751,47.15565],[-120.5669,47.15674],[-120.56686,47.15704],[-120.56528,47.15703],[-120.56496,47.15662],[-120.56459,47.1566],[-120.56377,47.15688],[-120.56355,47.15713],[-120.5637,47.15728],[-120.56338,47.15749],[-120.56323,47.15708],[-120.56264,47.15666],[-120.56205,47.15744],[-120.56183,47.15743],[-120.56165,47.1572],[-120.56139,47.15722],[-120.56128,47.15727],[-120.56131,47.15758],[-120.56079,47.15791],[-120.56044,47.15789],[-120.56003,47.1576],[-120.55967,47.15779],[-120.55981,47.15812],[-120.55962,47.15824],[-120.55957,47.15857],[-120.55992,47.15893],[-120.56052,47.15906],[-120.56011,47.15918],[-120.56054,47.15951],[-120.56033,47.15974],[-120.56044,47.15996],[-120.55995,47.16022],[-120.55979,47.15995],[-120.55946,47.15985],[-120.55952,47.15972],[-120.55918,47.15948],[-120.55903,47.15897],[-120.55909,47.15866],[-120.55884,47.15868],[-120.55867,47.15892],[-120.55826,47.15904],[-120.55825,47.15927],[-120.55916,47.16005],[-120.55913,47.16042],[-120.55937,47.16097],[-120.55971,47.16088],[-120.55949,47.16029],[-120.56001,47.16031],[-120.55975,47.16059],[-120.55993,47.16081],[-120.55969,47.16113],[-120.56003,47.16134],[-120.55988,47.16187],[-120.56005,47.16206],[-120.56025,47.16183],[-120.56095,47.16159],[-120.56084,47.16104],[-120.56054,47.16081],[-120.56058,47.16063],[-120.56119,47.1604],[-120.56156,47.16057],[-120.56186,47.16025],[-120.56207,47.16052],[-120.56151,47.16078],[-120.56164,47.16101],[-120.56123,47.1614],[-120.56129,47.16221],[-120.56158,47.16285],[-120.56152,47.16316],[-120.56134,47.16309],[-120.56114,47.16321],[-120.56111,47.16353],[-120.56094,47.16354],[-120.56066,47.16291],[-120.5605,47.16294],[-120.56023,47.1627],[-120.56011,47.16283],[-120.55988,47.1626],[-120.55972,47.16202],[-120.55913,47.16173],[-120.5589,47.16177],[-120.55942,47.16208],[-120.55932,47.16215],[-120.55958,47.16246],[-120.55919,47.16233],[-120.55922,47.16256],[-120.55892,47.16259],[-120.55893,47.16275],[-120.55871,47.16277],[-120.55873,47.163],[-120.55856,47.16305],[-120.55879,47.16317],[-120.55911,47.16311],[-120.55931,47.16372],[-120.55912,47.16385],[-120.55854,47.16339],[-120.55831,47.1629],[-120.55803,47.16287],[-120.55794,47.16269],[-120.55759,47.16273],[-120.55766,47.1623],[-120.55797,47.16183],[-120.55776,47.16185],[-120.55778,47.16167],[-120.55799,47.16159],[-120.55794,47.16146],[-120.55759,47.16148],[-120.55753,47.16182],[-120.55689,47.162],[-120.55663,47.16163],[-120.55629,47.16145],[-120.55586,47.1619],[-120.55576,47.1618],[-120.55634,47.16109],[-120.55614,47.16113],[-120.55591,47.1609],[-120.55605,47.16126],[-120.55597,47.16146],[-120.55574,47.16164],[-120.55577,47.16141],[-120.55541,47.16157],[-120.55534,47.16125],[-120.55506,47.16117],[-120.55486,47.16076],[-120.55452,47.16057],[-120.55464,47.1603],[-120.55432,47.15983],[-120.55422,47.15831],[-120.5546,47.15772],[-120.55459,47.15741],[-120.55486,47.15709],[-120.55477,47.15668],[-120.55494,47.15644],[-120.5549,47.15533],[-120.55592,47.1545],[-120.55708,47.15428]]]]},"properties":{"fire_id":"ufid:2024-WASES-000848","source_collection":"history-2024","source_objectid":34122,"incident_name":"CURRIER CANYON","mapped_acres":123.3,"mapped_acres_source":"poly_GISAcres","gis_acres":123.3,"auto_acres":123.32317045349576,"reported_acres":160.5,"percent_contained":null,"state":"WA","state_wfigs":"US-WA","county":"Kittitas","discovery_time_utc":"2024-10-05T21:39:24Z","perimeter_time_utc":"2024-10-09T20:54:48Z","perimeter_edit_time_utc":"2024-11-01T21:09:25Z","incident_modified_time_utc":"2024-11-03T18:04:03Z","containment_time_utc":"2024-10-08T01:00:00Z","control_time_utc":"2024-10-10T01:00:00Z","fire_out_time_utc":"2024-11-03T17:31:00Z","fire_cause":"Human","fire_cause_general":null,"map_method":"Mixed Methods","source_dataset":"2024 NIFS","unique_fire_identifier":"2024-WASES-000848","irwin_id":"{06103DC2-A047-443B-8916-B5B310E33828}","global_id":"678d0a84-d7b8-4459-bf94-d681e5561646"}},{"type":"Feature","geometry":{"type":"MultiPolygon","coordinates":[[[[-120.0111,46.93941],[-120.01109,46.93942],[-120.01112,46.93939],[-120.0111,46.93941]]],[[[-120.02018,46.939],[-120.02113,46.93913],[-120.02109,46.93942],[-120.02058,46.93997],[-120.0209,46.94052],[-120.02087,46.94086],[-120.02137,46.94095],[-120.0224,46.94088],[-120.02295,46.94124],[-120.02272,46.94149],[-120.0224,46.94134],[-120.02219,46.94139],[-120.0213,46.94207],[-120.02101,46.94212],[-120.02077,46.94169],[-120.02089,46.94127],[-120.02041,46.94098],[-120.01978,46.94099],[-120.01941,46.94068],[-120.01925,46.9403],[-120.01889,46.94044],[-120.01856,46.94106],[-120.01833,46.94123],[-120.01826,46.94135],[-120.01842,46.94147],[-120.01839,46.9417],[-120.018,46.94151],[-120.01686,46.94153],[-120.01676,46.94177],[-120.01699,46.94233],[-120.01669,46.94296],[-120.0165,46.94284],[-120.01598,46.94282],[-120.01504,46.9433],[-120.0143,46.94282],[-120.01262,46.94284],[-120.0124,46.94266],[-120.01238,46.94224],[-120.01219,46.94182],[-120.01179,46.94153],[-120.01179,46.94125],[-120.01149,46.94059],[-120.01181,46.94004],[-120.01108,46.93972],[-120.01093,46.93951],[-120.01122,46.93935],[-120.01131,46.93914],[-120.01302,46.93878],[-120.01543,46.9385],[-120.0169,46.93848],[-120.02013,46.93884],[-120.02018,46.939]]]]},"properties":{"fire_id":"ufid:2024-WASES-000815","source_collection":"history-2024","source_objectid":34126,"incident_name":"RYEGRASS","mapped_acres":68.3,"mapped_acres_source":"poly_GISAcres","gis_acres":68.3,"auto_acres":68.30757792143096,"reported_acres":68.3,"percent_contained":null,"state":"WA","state_wfigs":"US-WA","county":"Kittitas","discovery_time_utc":"2024-09-24T19:20:00Z","perimeter_time_utc":"2024-09-24T22:33:47Z","perimeter_edit_time_utc":"2024-11-01T22:33:58Z","incident_modified_time_utc":"2024-10-25T19:23:33Z","containment_time_utc":"2024-09-25T02:40:00Z","control_time_utc":"2024-09-30T20:09:00Z","fire_out_time_utc":"2024-09-30T20:09:00Z","fire_cause":"Human","fire_cause_general":null,"map_method":"Mixed Methods","source_dataset":"2024 NIFS","unique_fire_identifier":"2024-WASES-000815","irwin_id":"{5A1DAA97-2C2D-46AC-ACF9-96E932ACF986}","global_id":"ed386173-7aa8-4c77-8388-17bb93e520b0"}},{"type":"Feature","geometry":{"type":"Polygon","coordinates":[[[-120.78845,47.21035],[-120.78841,47.21046],[-120.78811,47.21044],[-120.78845,47.21035]]]},"properties":{"fire_id":"ufid:2024-WASES-000437","source_collection":"history-2024","source_objectid":34131,"incident_name":"WEIHL ROAD","mapped_acres":0.08,"mapped_acres_source":"poly_GISAcres","gis_acres":0.08,"auto_acres":0.07966768992184882,"reported_acres":0.25,"percent_contained":null,"state":"WA","state_wfigs":"US-WA","county":"Kittitas","discovery_time_utc":"2024-07-18T06:09:47Z","perimeter_time_utc":"2024-07-18T18:03:46Z","perimeter_edit_time_utc":"2024-11-01T23:28:16Z","incident_modified_time_utc":"2024-10-20T16:55:38Z","containment_time_utc":"2024-07-18T18:29:00Z","control_time_utc":"2024-07-18T18:29:00Z","fire_out_time_utc":"2024-08-19T18:48:00Z","fire_cause":"Human","fire_cause_general":null,"map_method":"GPS-Walked","source_dataset":"2024 NIFS","unique_fire_identifier":"2024-WASES-000437","irwin_id":"{5923DF18-16C6-4336-9695-EF148ADC84AA}","global_id":"83728040-211e-4e45-965b-b38b737e3dfc"}},{"type":"Feature","geometry":{"type":"Polygon","coordinates":[[[-120.46049,46.5863],[-120.46072,46.58655],[-120.4649,46.58772],[-120.46643,46.58844],[-120.4673,46.58917],[-120.46843,46.59084],[-120.46946,46.59417],[-120.46847,46.59425],[-120.46686,46.59392],[-120.46672,46.59405],[-120.4668,46.5943],[-120.46702,46.59444],[-120.46695,46.59462],[-120.46658,46.59475],[-120.46589,46.59473],[-120.46552,46.59441],[-120.46572,46.5941],[-120.46609,46.59388],[-120.46562,46.59356],[-120.46488,46.59345],[-120.46454,46.59333],[-120.46451,46.59319],[-120.46404,46.59308],[-120.46365,46.59321],[-120.46352,46.59312],[-120.46275,46.59354],[-120.46187,46.5936],[-120.46148,46.59381],[-120.46079,46.59281],[-120.4604,46.59293],[-120.46005,46.59265],[-120.45997,46.59252],[-120.46062,46.59199],[-120.45984,46.58859],[-120.4598,46.58709],[-120.45961,46.58682],[-120.46049,46.5863]]]},"properties":{"fire_id":"ufid:2024-WASES-000316","source_collection":"history-2024","source_objectid":34153,"incident_name":"KEYS DIKE","mapped_acres":106.6,"mapped_acres_source":"poly_GISAcres","gis_acres":106.6,"auto_acres":106.55986363792915,"reported_acres":106.6,"percent_contained":null,"state":"WA","state_wfigs":"US-WA","county":"Yakima","discovery_time_utc":"2024-07-04T05:29:00Z","perimeter_time_utc":"2024-11-04T15:41:09Z","perimeter_edit_time_utc":"2024-11-04T15:41:10Z","incident_modified_time_utc":"2024-08-15T21:26:43Z","containment_time_utc":"2024-07-06T03:20:00Z","control_time_utc":"2024-07-20T00:20:00Z","fire_out_time_utc":"2024-08-15T21:26:00Z","fire_cause":"Human","fire_cause_general":"Undetermined","map_method":"Mixed Methods","source_dataset":"FFP","unique_fire_identifier":"2024-WASES-000316","irwin_id":"{A432C529-4CFF-40BC-8421-B3768A2AB7A9}","global_id":"e8eeb314-7af9-4bb6-80ec-36a222c5848f"}},{"type":"Feature","geometry":{"type":"Polygon","coordinates":[[[-120.55177,46.75283],[-120.55186,46.75504],[-120.55055,46.75501],[-120.54796,46.75381],[-120.54541,46.75225],[-120.54075,46.7491],[-120.53849,46.74679],[-120.53656,46.74536],[-120.53579,46.74484],[-120.53495,46.7445],[-120.53436,46.74397],[-120.5328,46.74322],[-120.53167,46.74233],[-120.53083,46.74221],[-120.52954,46.74125],[-120.52894,46.74048],[-120.52802,46.73962],[-120.52757,46.73933],[-120.52627,46.73889],[-120.52567,46.73824],[-120.52825,46.73819],[-120.52898,46.73842],[-120.52968,46.73823],[-120.5405,46.73837],[-120.54089,46.73881],[-120.54236,46.73985],[-120.54439,46.74201],[-120.54615,46.74468],[-120.54624,46.74498],[-120.5466,46.74523],[-120.54659,46.74561],[-120.54686,46.74649],[-120.5481,46.74785],[-120.54826,46.74871],[-120.55014,46.75097],[-120.55043,46.75153],[-120.55177,46.75283]]]},"properties":{"fire_id":"ufid:2024-WASES-000337","source_collection":"history-2024","source_objectid":34154,"incident_name":"SHEEP COMPANY","mapped_acres":330.0,"mapped_acres_source":"poly_GISAcres","gis_acres":330.0,"auto_acres":329.9691376345726,"reported_acres":330.0,"percent_contained":null,"state":"WA","state_wfigs":"US-WA","county":"Yakima","discovery_time_utc":"2024-07-06T08:43:00Z","perimeter_time_utc":"2024-11-04T16:02:25Z","perimeter_edit_time_utc":"2024-11-04T16:02:26Z","incident_modified_time_utc":"2024-08-23T19:58:48Z","containment_time_utc":"2024-07-06T13:25:00Z","control_time_utc":"2024-07-07T19:14:00Z","fire_out_time_utc":"2024-07-13T22:50:00Z","fire_cause":"Human","fire_cause_general":"Fireworks","map_method":"Mixed Methods","source_dataset":"FFP","unique_fire_identifier":"2024-WASES-000337","irwin_id":"{370AB6AE-B9EC-4462-A54C-E07FD296E65D}","global_id":"ce943dea-d583-4132-811a-c7a7c68d20b2"}},{"type":"Feature","geometry":{"type":"Polygon","coordinates":[[[-120.8662,46.52894],[-120.86594,46.52886],[-120.86583,46.52864],[-120.86615,46.52867],[-120.86628,46.52882],[-120.8662,46.52894]]]},"properties":{"fire_id":"ufid:2024-WASES-000696","source_collection":"history-2024","source_objectid":34155,"incident_name":"SOUTH FORK AHTANUM","mapped_acres":0.2,"mapped_acres_source":"poly_GISAcres","gis_acres":0.2,"auto_acres":0.19249522446050263,"reported_acres":0.5,"percent_contained":null,"state":"WA","state_wfigs":"US-WA","county":"Yakima","discovery_time_utc":"2024-08-19T23:18:58Z","perimeter_time_utc":"2024-11-04T16:15:25Z","perimeter_edit_time_utc":"2024-11-04T16:15:26Z","incident_modified_time_utc":"2024-10-20T17:29:06Z","containment_time_utc":"2024-08-20T01:28:00Z","control_time_utc":"2024-08-20T02:30:00Z","fire_out_time_utc":"2024-08-23T19:00:00Z","fire_cause":"Natural","fire_cause_general":"Natural","map_method":"Auto-generated","source_dataset":"FFP","unique_fire_identifier":"2024-WASES-000696","irwin_id":"{9C6EA69C-27AA-4C6D-81CB-E8ED79F782A6}","global_id":"0ef464bb-389d-4545-96dc-d8ee448061dc"}},{"type":"Feature","geometry":{"type":"Polygon","coordinates":[[[-121.00947,46.90191],[-121.0087,46.90185],[-121.00912,46.90149],[-121.00977,46.90165],[-121.00975,46.90181],[-121.00947,46.90191]]]},"properties":{"fire_id":"ufid:2024-WASES-000345","source_collection":"history-2024","source_objectid":34157,"incident_name":"Lefthand Fork","mapped_acres":0.7,"mapped_acres_source":"poly_GISAcres","gis_acres":0.7,"auto_acres":0.6987653289994565,"reported_acres":8.5,"percent_contained":null,"state":"WA","state_wfigs":"US-WA","county":"Yakima","discovery_time_utc":"2024-07-06T20:03:00Z","perimeter_time_utc":"2024-11-04T16:39:49Z","perimeter_edit_time_utc":"2024-11-04T16:39:50Z","incident_modified_time_utc":"2024-08-02T00:03:49Z","containment_time_utc":"2024-07-09T03:00:00Z","control_time_utc":"2024-07-16T21:25:00Z","fire_out_time_utc":"2024-07-16T21:25:00Z","fire_cause":"Human","fire_cause_general":"Undetermined","map_method":"Mixed Methods","source_dataset":"FFP","unique_fire_identifier":"2024-WASES-000345","irwin_id":"{6E48A79D-44EE-4820-8EE8-A0FE70F33F0E}","global_id":"1eb9c185-b948-4f76-a038-bdb4c76da60b"}},{"type":"Feature","geometry":{"type":"MultiPolygon","coordinates":[[[[-120.67477,46.8194],[-120.67615,46.82045],[-120.67541,46.82026],[-120.67536,46.82083],[-120.67501,46.82148],[-120.67597,46.82185],[-120.67654,46.82239],[-120.67743,46.82245],[-120.67725,46.82605],[-120.67911,46.82631],[-120.6797,46.82666],[-120.67999,46.82737],[-120.67961,46.82811],[-120.67926,46.82808],[-120.67915,46.82843],[-120.67769,46.82878],[-120.67785,46.8292],[-120.67767,46.82946],[-120.6777,46.8299],[-120.67997,46.82981],[-120.68936,46.82612],[-120.69005,46.82651],[-120.69018,46.82677],[-120.69118,46.8276],[-120.69314,46.82839],[-120.69466,46.82864],[-120.69517,46.8289],[-120.69579,46.82941],[-120.6963,46.82959],[-120.69694,46.83048],[-120.69747,46.83078],[-120.69747,46.83141],[-120.69843,46.8331],[-120.69866,46.83419],[-120.69856,46.83478],[-120.69902,46.83564],[-120.70103,46.83647],[-120.70133,46.83684],[-120.70196,46.83726],[-120.7023,46.83771],[-120.70238,46.83803],[-120.70221,46.83849],[-120.7029,46.83998],[-120.70276,46.84034],[-120.70294,46.84065],[-120.70296,46.84137],[-120.70312,46.84176],[-120.70342,46.84205],[-120.70347,46.84238],[-120.70383,46.84256],[-120.7036,46.84298],[-120.70386,46.84335],[-120.70376,46.84404],[-120.70537,46.84478],[-120.70576,46.84524],[-120.70636,46.84536],[-120.70718,46.84412],[-120.708,46.84254],[-120.7087,46.83971],[-120.71056,46.83621],[-120.7119,46.83502],[-120.7125,46.83551],[-120.71239,46.83573],[-120.71257,46.83609],[-120.71249,46.83677],[-120.71297,46.83775],[-120.71303,46.83835],[-120.71257,46.83949],[-120.71208,46.83977],[-120.71188,46.8401],[-120.71164,46.84079],[-120.71167,46.84115],[-120.71263,46.84204],[-120.71458,46.8432],[-120.71652,46.84513],[-120.71852,46.84617],[-120.72013,46.8462],[-120.72133,46.84653],[-120.72517,46.84797],[-120.73103,46.84991],[-120.73416,46.85177],[-120.73429,46.85224],[-120.73465,46.85256],[-120.73384,46.85308],[-120.73383,46.85342],[-120.73422,46.85368],[-120.7334,46.85448],[-120.73283,46.85528],[-120.73284,46.85624],[-120.73263,46.85677],[-120.73305,46.85703],[-120.73416,46.8568],[-120.73445,46.85704],[-120.73403,46.85774],[-120.73472,46.85843],[-120.73519,46.85863],[-120.73646,46.85809],[-120.73686,46.85838],[-120.73734,46.85952],[-120.73855,46.86041],[-120.73867,46.86075],[-120.73865,46.86239],[-120.7385,46.86281],[-120.73826,46.86294],[-120.73825,46.86447],[-120.73753,46.86562],[-120.73655,46.86663],[-120.73675,46.86695],[-120.73815,46.86696],[-120.73838,46.86822],[-120.73954,46.86869],[-120.74042,46.86842],[-120.74115,46.86875],[-120.7429,46.86831],[-120.7445,46.86771],[-120.74534,46.86795],[-120.74881,46.86828],[-120.74888,46.86779],[-120.74926,46.86747],[-120.75246,46.86823],[-120.75345,46.86876],[-120.75375,46.86902],[-120.75369,46.86917],[-120.7551,46.86977],[-120.75514,46.86998],[-120.75484,46.8703],[-120.75505,46.87064],[-120.7553,46.87078],[-120.75568,46.87086],[-120.75621,46.87069],[-120.7576,46.87071],[-120.75854,46.87133],[-120.75917,46.87149],[-120.75898,46.87197],[-120.75975,46.87211],[-120.76024,46.8724],[-120.75994,46.87358],[-120.76072,46.87377],[-120.76128,46.8736],[-120.76227,46.87388],[-120.76299,46.87371],[-120.76369,46.87406],[-120.7645,46.87403],[-120.76508,46.87417],[-120.76917,46.87651],[-120.76968,46.87727],[-120.77306,46.87823],[-120.77286,46.87849],[-120.77291,46.87916],[-120.77358,46.88126],[-120.77332,46.88188],[-120.77084,46.88501],[-120.76704,46.88827],[-120.76665,46.89026],[-120.76602,46.89097],[-120.76573,46.8911],[-120.7615,46.89034],[-120.75942,46.89063],[-120.75064,46.89584],[-120.75096,46.8948],[-120.75541,46.89139],[-120.75298,46.89128],[-120.74914,46.89585],[-120.74831,46.8971],[-120.74648,46.89682],[-120.74753,46.89373],[-120.75008,46.89173],[-120.74839,46.8918],[-120.74551,46.89309],[-120.74375,46.89482],[-120.74391,46.89586],[-120.74339,46.89615],[-120.74159,46.89582],[-120.73994,46.898],[-120.73803,46.89934],[-120.73593,46.89916],[-120.73575,46.89819],[-120.73773,46.89695],[-120.73853,46.8969],[-120.73829,46.89597],[-120.73951,46.89563],[-120.74652,46.89017],[-120.74662,46.88954],[-120.74571,46.88927],[-120.74324,46.89011],[-120.74045,46.89187],[-120.73952,46.89309],[-120.73778,46.89489],[-120.73616,46.89644],[-120.73494,46.8973],[-120.73352,46.89627],[-120.73274,46.89589],[-120.73273,46.89527],[-120.73208,46.89457],[-120.73285,46.8939],[-120.73697,46.89239],[-120.73784,46.89135],[-120.73617,46.89131],[-120.72937,46.89351],[-120.72689,46.89306],[-120.72252,46.89122],[-120.72215,46.89072],[-120.72098,46.89091],[-120.71985,46.89152],[-120.71971,46.89141],[-120.71513,46.89374],[-120.71367,46.89466],[-120.71197,46.89443],[-120.71002,46.89536],[-120.70584,46.89367],[-120.70426,46.89487],[-120.70169,46.89475],[-120.69838,46.89069],[-120.70197,46.89119],[-120.70358,46.89037],[-120.70513,46.89028],[-120.7059,46.88863],[-120.7052,46.88594],[-120.70465,46.88598],[-120.70214,46.8852],[-120.70015,46.88303],[-120.699,46.88285],[-120.69983,46.88089],[-120.70099,46.8805],[-120.69962,46.87942],[-120.70096,46.87952],[-120.70278,46.87836],[-120.70352,46.87739],[-120.70251,46.87658],[-120.70379,46.87698],[-120.70693,46.87413],[-120.70785,46.87166],[-120.70722,46.87023],[-120.70776,46.86643],[-120.70942,46.86511],[-120.7111,46.86493],[-120.71471,46.86412],[-120.71843,46.86445],[-120.72174,46.86448],[-120.72107,46.86069],[-120.71888,46.86078],[-120.71709,46.85931],[-120.71754,46.85788],[-120.71919,46.85687],[-120.72055,46.85694],[-120.72219,46.85737],[-120.72238,46.85634],[-120.71896,46.85533],[-120.71758,46.85577],[-120.71606,46.85591],[-120.71348,46.85482],[-120.71311,46.85548],[-120.713,46.85682],[-120.7116,46.85786],[-120.70925,46.85798],[-120.70696,46.85686],[-120.70539,46.85713],[-120.70354,46.8571],[-120.70071,46.85503],[-120.69932,46.85447],[-120.69694,46.85312],[-120.69552,46.85326],[-120.69461,46.85424],[-120.69291,46.85408],[-120.68383,46.84988],[-120.68128,46.85045],[-120.67656,46.84915],[-120.6723,46.84836],[-120.66922,46.84735],[-120.66459,46.84903],[-120.66197,46.85112],[-120.65957,46.85434],[-120.65826,46.85771],[-120.65705,46.86023],[-120.65621,46.86035],[-120.65565,46.8611],[-120.65646,46.86189],[-120.65568,46.86351],[-120.65762,46.86479],[-120.65696,46.86654],[-120.65463,46.86639],[-120.65438,46.86704],[-120.65375,46.86767],[-120.65162,46.8677],[-120.6495,46.86812],[-120.64621,46.8676],[-120.64623,46.86751],[-120.64341,46.86692],[-120.64267,46.86574],[-120.64302,46.86466],[-120.64258,46.86352],[-120.64383,46.86289],[-120.64465,46.86302],[-120.64686,46.86224],[-120.64779,46.86044],[-120.64706,46.86016],[-120.64747,46.85975],[-120.64855,46.86021],[-120.65091,46.85872],[-120.65077,46.85839],[-120.64842,46.85856],[-120.64922,46.85842],[-120.64921,46.85801],[-120.64821,46.85785],[-120.64932,46.85771],[-120.64826,46.85721],[-120.64887,46.85682],[-120.65024,46.85644],[-120.64987,46.85604],[-120.65065,46.8554],[-120.65365,46.85558],[-120.65392,46.85512],[-120.65381,46.85484],[-120.65459,46.85381],[-120.65246,46.85313],[-120.65233,46.85275],[-120.65343,46.85158],[-120.65428,46.85165],[-120.6552,46.85301],[-120.6575,46.84995],[-120.65781,46.84938],[-120.65643,46.84905],[-120.65675,46.84878],[-120.65862,46.84912],[-120.66263,46.84623],[-120.66049,46.84344],[-120.65802,46.84355],[-120.65673,46.8443],[-120.65584,46.84659],[-120.65362,46.84933],[-120.65133,46.85163],[-120.64847,46.85504],[-120.64914,46.85578],[-120.64838,46.85516],[-120.64759,46.85611],[-120.64785,46.85426],[-120.64863,46.85127],[-120.64787,46.84885],[-120.64971,46.84444],[-120.65135,46.84291],[-120.65373,46.84105],[-120.65398,46.83953],[-120.64659,46.83869],[-120.64227,46.84116],[-120.63855,46.84407],[-120.63711,46.84664],[-120.63478,46.84834],[-120.63357,46.84832],[-120.63008,46.84785],[-120.62599,46.84791],[-120.62459,46.84728],[-120.62676,46.84535],[-120.62806,46.84475],[-120.62912,46.84326],[-120.62892,46.84113],[-120.62659,46.83832],[-120.62057,46.83892],[-120.61981,46.83774],[-120.61838,46.83674],[-120.62766,46.82969],[-120.6302,46.82473],[-120.62857,46.81741],[-120.63748,46.81403],[-120.64042,46.81517],[-120.64412,46.81687],[-120.64475,46.81669],[-120.64515,46.81556],[-120.64569,46.81452],[-120.64668,46.81437],[-120.64677,46.81422],[-120.64655,46.81397],[-120.64666,46.81393],[-120.64715,46.81414],[-120.64821,46.81565],[-120.64821,46.81603],[-120.64854,46.81681],[-120.64853,46.81739],[-120.65009,46.81791],[-120.65063,46.81864],[-120.65065,46.81851],[-120.65117,46.81847],[-120.65103,46.81836],[-120.65114,46.81832],[-120.65199,46.81869],[-120.65284,46.81932],[-120.65397,46.81958],[-120.65649,46.82056],[-120.65766,46.82081],[-120.65872,46.82136],[-120.66,46.8204],[-120.6607,46.81889],[-120.66137,46.818],[-120.66172,46.8178],[-120.66172,46.81758],[-120.66233,46.81691],[-120.66244,46.81613],[-120.66227,46.81574],[-120.66145,46.8156],[-120.66144,46.81538],[-120.66097,46.81513],[-120.6598,46.81543],[-120.65884,46.8153],[-120.65774,46.81591],[-120.6567,46.81612],[-120.65636,46.81603],[-120.65576,46.8162],[-120.65552,46.81633],[-120.65573,46.81636],[-120.65565,46.81656],[-120.655,46.8167],[-120.65451,46.81649],[-120.65445,46.81608],[-120.65455,46.81584],[-120.65517,46.8153],[-120.6597,46.81423],[-120.66113,46.81408],[-120.66324,46.81442],[-120.6647,46.81353],[-120.66719,46.81302],[-120.66802,46.81312],[-120.67053,46.81419],[-120.6708,46.81471],[-120.67056,46.8169],[-120.67116,46.81886],[-120.67169,46.81951],[-120.67411,46.81927],[-120.67477,46.8194]]],[[[-120.70311,46.85916],[-120.70483,46.85899],[-120.70573,46.85948],[-120.70622,46.86063],[-120.70583,46.86175],[-120.70426,46.86209],[-120.7024,46.86215],[-120.70137,46.8613],[-120.70152,46.86001],[-120.70178,46.85963],[-120.70311,46.85916]]],[[[-120.6752,46.81969],[-120.67501,46.81954],[-120.67506,46.81958],[-120.6752,46.81969]]]]},"properties":{"fire_id":"ufid:2024-WASES-000475","source_collection":"history-2024","source_objectid":34162,"incident_name":"Black Canyon","mapped_acres":9277.612,"mapped_acres_source":"poly_GISAcres","gis_acres":9277.612,"auto_acres":9277.997860132751,"reported_acres":9211.0,"percent_contained":null,"state":"WA","state_wfigs":"US-WA","county":"Yakima","discovery_time_utc":"2024-07-23T02:21:23Z","perimeter_time_utc":"2024-11-04T18:10:33Z","perimeter_edit_time_utc":"2024-11-04T18:10:34Z","incident_modified_time_utc":"2024-10-21T19:00:14Z","containment_time_utc":"2024-07-31T02:06:00Z","control_time_utc":"2024-07-31T02:06:00Z","fire_out_time_utc":"2024-10-21T19:00:00Z","fire_cause":"Human","fire_cause_general":"Undetermined","map_method":"Mixed Methods","source_dataset":"FFP","unique_fire_identifier":"2024-WASES-000475","irwin_id":"{563AC10C-62BE-48CD-A722-AF157206A498}","global_id":"8a6c71b2-5f1d-46d4-b12d-84f62be86f05"}},{"type":"Feature","geometry":{"type":"Polygon","coordinates":[[[-120.77948,45.87211],[-120.78003,45.87273],[-120.78055,45.87301],[-120.78088,45.87356],[-120.78107,45.87692],[-120.78101,45.87743],[-120.78054,45.87788],[-120.77999,45.87815],[-120.77966,45.87815],[-120.77944,45.87785],[-120.7792,45.87806],[-120.77902,45.87804],[-120.77918,45.87849],[-120.77914,45.87866],[-120.77893,45.87873],[-120.77781,45.87824],[-120.77779,45.87802],[-120.77763,45.8779],[-120.77783,45.8776],[-120.77775,45.8771],[-120.778,45.8767],[-120.77807,45.87612],[-120.77793,45.87579],[-120.77724,45.87561],[-120.77715,45.87536],[-120.77769,45.87467],[-120.77798,45.87396],[-120.77828,45.87368],[-120.77855,45.87259],[-120.77899,45.87208],[-120.77948,45.87211]]]},"properties":{"fire_id":"ufid:2024-WASES-000910","source_collection":"history-2024","source_objectid":34321,"incident_name":"COZY NOOK","mapped_acres":37.0,"mapped_acres_source":"poly_GISAcres","gis_acres":37.0,"auto_acres":36.96172732782575,"reported_acres":37.0,"percent_contained":null,"state":"WA","state_wfigs":"US-WA","county":"Klickitat","discovery_time_utc":"2024-11-06T20:13:01Z","perimeter_time_utc":"2024-11-06T21:05:41Z","perimeter_edit_time_utc":"2024-11-06T21:22:22Z","incident_modified_time_utc":"2024-11-19T18:05:01Z","containment_time_utc":"2024-11-06T21:50:00Z","control_time_utc":"2024-11-07T01:30:00Z","fire_out_time_utc":"2024-11-07T01:30:00Z","fire_cause":"Human","fire_cause_general":null,"map_method":"Auto-generated for InFORM","source_dataset":"2024 NIFS","unique_fire_identifier":"2024-WASES-000910","irwin_id":"{4C5BB227-5188-47C1-9B29-34C0172E15AD}","global_id":"9b49153e-519d-40a7-a55d-e02d696a16bb"}},{"type":"Feature","geometry":{"type":"MultiPolygon","coordinates":[[[[-120.96149,48.40801],[-120.96137,48.40709],[-120.96108,48.40705],[-120.96082,48.40668],[-120.9609,48.40638],[-120.96055,48.40608],[-120.96033,48.40626],[-120.95927,48.40585],[-120.96006,48.40544],[-120.95981,48.40493],[-120.96026,48.4049],[-120.96013,48.40467],[-120.96032,48.4044],[-120.96086,48.40453],[-120.96115,48.40445],[-120.96293,48.40535],[-120.96391,48.40484],[-120.9651,48.40452],[-120.96524,48.40544],[-120.96563,48.40577],[-120.96658,48.40554],[-120.96739,48.40591],[-120.96758,48.40631],[-120.96695,48.40675],[-120.96543,48.40678],[-120.96506,48.40698],[-120.96297,48.40736],[-120.96295,48.40793],[-120.96222,48.40772],[-120.96149,48.40801]]],[[[-120.95883,48.40726],[-120.95869,48.40682],[-120.95907,48.40686],[-120.95921,48.40735],[-120.95883,48.40726]]],[[[-120.96239,48.40884],[-120.96266,48.40878],[-120.9626,48.40899],[-120.96239,48.40884]]],[[[-120.96143,48.41055],[-120.96265,48.4102],[-120.96334,48.41045],[-120.96389,48.41082],[-120.96423,48.41157],[-120.96369,48.41199],[-120.96257,48.41247],[-120.96143,48.41271],[-120.96087,48.41243],[-120.96115,48.41103],[-120.96143,48.41055]]]]},"properties":{"fire_id":"ufid:2024-WAOWF-000524","source_collection":"history-2024","source_objectid":34370,"incident_name":"Flat Creek","mapped_acres":42.74274,"mapped_acres_source":"poly_GISAcres","gis_acres":42.74274,"auto_acres":42.742576011966435,"reported_acres":42.74,"percent_contained":null,"state":"WA","state_wfigs":"US-WA","county":"Chelan","discovery_time_utc":"2024-08-02T18:58:00Z","perimeter_time_utc":"2024-11-19T22:41:32Z","perimeter_edit_time_utc":"2024-11-19T22:41:32Z","incident_modified_time_utc":"2024-11-07T23:51:05Z","containment_time_utc":"2024-10-18T21:00:00Z","control_time_utc":null,"fire_out_time_utc":"2024-11-07T23:45:51Z","fire_cause":"Natural","fire_cause_general":"Natural","map_method":"IR Image Interpretation","source_dataset":"FFP","unique_fire_identifier":"2024-WAOWF-000524","irwin_id":"{5E063565-A088-4EB7-9367-C91D1F010A21}","global_id":"997e12d7-c217-426b-815f-61ab02c92227"}},{"type":"Feature","geometry":{"type":"Polygon","coordinates":[[[-120.02931,48.16519],[-120.02935,48.16539],[-120.02914,48.16551],[-120.02929,48.16567],[-120.0288,48.16549],[-120.02838,48.1655],[-120.02819,48.16574],[-120.02839,48.16578],[-120.02815,48.16594],[-120.02825,48.16606],[-120.02849,48.16587],[-120.02897,48.16598],[-120.02857,48.16621],[-120.02888,48.16645],[-120.02845,48.1665],[-120.02804,48.16631],[-120.02798,48.1664],[-120.02847,48.1666],[-120.02815,48.16665],[-120.02797,48.16686],[-120.02745,48.16674],[-120.02697,48.16633],[-120.02706,48.16591],[-120.02696,48.16568],[-120.0272,48.16533],[-120.02713,48.16522],[-120.02744,48.16502],[-120.02827,48.16506],[-120.02879,48.1649],[-120.02931,48.16519]]]},"properties":{"fire_id":"ufid:2024-WANES-000821","source_collection":"history-2024","source_objectid":34406,"incident_name":"Pete Creek","mapped_acres":5.6,"mapped_acres_source":"poly_GISAcres","gis_acres":5.6,"auto_acres":5.625139692858759,"reported_acres":4.0,"percent_contained":null,"state":"WA","state_wfigs":"US-WA","county":"Okanogan","discovery_time_utc":"2024-09-25T21:23:00Z","perimeter_time_utc":"2024-11-08T20:58:41Z","perimeter_edit_time_utc":"2024-11-08T20:58:41Z","incident_modified_time_utc":"2024-10-09T21:13:18Z","containment_time_utc":"2024-09-26T18:00:00Z","control_time_utc":"2024-09-26T20:30:00Z","fire_out_time_utc":"2024-10-09T21:12:00Z","fire_cause":"Natural","fire_cause_general":"Natural","map_method":"Mixed Methods","source_dataset":"FFP","unique_fire_identifier":"2024-WANES-000821","irwin_id":"{3F06DE39-4DDD-4190-A2A6-1E15D78C374E}","global_id":"0ddfaf72-20a4-4358-9a1c-b6d832652123"}},{"type":"Feature","geometry":{"type":"Polygon","coordinates":[[[-120.0872,48.3371],[-120.08776,48.33703],[-120.08819,48.33749],[-120.08936,48.33829],[-120.08833,48.33836],[-120.0879,48.33818],[-120.088,48.33808],[-120.08795,48.33789],[-120.08748,48.33782],[-120.087,48.33801],[-120.08677,48.33862],[-120.08662,48.33786],[-120.08639,48.33774],[-120.08679,48.33739],[-120.08726,48.33739],[-120.0872,48.3371]]]},"properties":{"fire_id":"ufid:2024-WANES-000632","source_collection":"history-2024","source_objectid":34407,"incident_name":"BEAVER POND","mapped_acres":3.7,"mapped_acres_source":"poly_GISAcres","gis_acres":3.7,"auto_acres":3.7256432036595,"reported_acres":2.97,"percent_contained":null,"state":"WA","state_wfigs":"US-WA","county":"Okanogan","discovery_time_utc":"2024-08-14T22:00:00Z","perimeter_time_utc":"2024-11-08T20:43:53Z","perimeter_edit_time_utc":"2024-11-08T20:43:54Z","incident_modified_time_utc":"2024-08-25T19:25:31Z","containment_time_utc":"2024-08-15T04:10:00Z","control_time_utc":"2024-08-16T00:39:00Z","fire_out_time_utc":"2024-08-25T19:19:00Z","fire_cause":"Human","fire_cause_general":"Undetermined","map_method":"Mixed Methods","source_dataset":"FFP","unique_fire_identifier":"2024-WANES-000632","irwin_id":"{8678FDB2-B227-4112-B1D9-D26F250FB56D}","global_id":"880e99d4-ece0-49ee-b0da-43e47345674d"}},{"type":"Feature","geometry":{"type":"Polygon","coordinates":[[[-120.397,48.58708],[-120.39657,48.58642],[-120.3968,48.58641],[-120.39696,48.58661],[-120.39728,48.58666],[-120.397,48.58685],[-120.39711,48.58699],[-120.397,48.58708]]]},"properties":{"fire_id":"ufid:2024-WANES-000870","source_collection":"history-2024","source_objectid":34409,"incident_name":"MAZAMA","mapped_acres":0.4,"mapped_acres_source":"poly_GISAcres","gis_acres":0.4,"auto_acres":0.4131173761021972,"reported_acres":0.1,"percent_contained":null,"state":"WA","state_wfigs":"US-WA","county":"Okanogan","discovery_time_utc":"2024-10-15T13:13:00Z","perimeter_time_utc":"2024-11-08T21:09:55Z","perimeter_edit_time_utc":"2024-11-08T21:09:55Z","incident_modified_time_utc":"2024-10-23T19:07:52Z","containment_time_utc":"2024-10-15T19:51:00Z","control_time_utc":"2024-10-15T21:11:00Z","fire_out_time_utc":"2024-10-23T18:49:00Z","fire_cause":"Human","fire_cause_general":"Undetermined","map_method":"Mixed Methods","source_dataset":"FFP","unique_fire_identifier":"2024-WANES-000870","irwin_id":"{586B0496-4369-4DDC-9DA8-8181CF5828F3}","global_id":"084c9d96-371b-43c3-ab71-9e126b09a2e3"}},{"type":"Feature","geometry":{"type":"MultiPolygon","coordinates":[[[[-122.78676,47.75004],[-122.78678,47.75003],[-122.78679,47.75005],[-122.78676,47.75004]]],[[[-122.78672,47.75006],[-122.78675,47.75004],[-122.78675,47.75005],[-122.78672,47.75006]]],[[[-122.78652,47.75011],[-122.78671,47.75006],[-122.78668,47.75008],[-122.78652,47.75011]]],[[[-122.78708,47.75027],[-122.78714,47.7504],[-122.78697,47.75056],[-122.78668,47.75057],[-122.78649,47.75014],[-122.78684,47.75005],[-122.78721,47.75024],[-122.78708,47.75027]]]]},"properties":{"fire_id":"ufid:2024-WAOLS-000070","source_collection":"history-2024","source_objectid":34522,"incident_name":"COYLE ROAD","mapped_acres":0.5,"mapped_acres_source":"poly_GISAcres","gis_acres":0.5,"auto_acres":0.548250929428354,"reported_acres":0.5,"percent_contained":null,"state":"WA","state_wfigs":"US-WA","county":"Jefferson","discovery_time_utc":"2024-08-04T23:56:05Z","perimeter_time_utc":"2024-11-14T17:47:11Z","perimeter_edit_time_utc":"2024-11-14T17:47:11Z","incident_modified_time_utc":"2024-11-13T22:47:26Z","containment_time_utc":"2024-08-05T05:26:00Z","control_time_utc":"2024-08-05T05:26:00Z","fire_out_time_utc":"2024-08-09T19:54:00Z","fire_cause":"Human","fire_cause_general":"Arson","map_method":"Auto-generated","source_dataset":"FFP","unique_fire_identifier":"2024-WAOLS-000070","irwin_id":"{F903AD71-E8DB-4874-9533-53B708EF9863}","global_id":"a60bc6c0-0062-44fa-9a51-dd32f3ff0d5b"}},{"type":"Feature","geometry":{"type":"MultiPolygon","coordinates":[[[[-122.73228,47.81967],[-122.73251,47.81975],[-122.73226,47.81985],[-122.7323,47.81998],[-122.73206,47.82003],[-122.73228,47.81967]]],[[[-122.73238,47.81985],[-122.7324,47.81983],[-122.7324,47.81985],[-122.73238,47.81985]]],[[[-122.7321,47.82004],[-122.73214,47.82005],[-122.7321,47.82005],[-122.7321,47.82004]]]]},"properties":{"fire_id":"ufid:2024-WAOLS-000065","source_collection":"history-2024","source_objectid":34523,"incident_name":"THORNDYKE RD","mapped_acres":0.2,"mapped_acres_source":"poly_GISAcres","gis_acres":0.2,"auto_acres":0.15326888706523822,"reported_acres":0.1,"percent_contained":null,"state":"WA","state_wfigs":"US-WA","county":"Jefferson","discovery_time_utc":"2024-07-29T00:12:00Z","perimeter_time_utc":"2024-11-14T17:48:56Z","perimeter_edit_time_utc":"2024-11-14T17:48:57Z","incident_modified_time_utc":"2024-11-13T22:37:24Z","containment_time_utc":"2024-07-29T05:39:00Z","control_time_utc":"2024-07-29T17:55:00Z","fire_out_time_utc":"2024-08-02T19:31:00Z","fire_cause":"Human","fire_cause_general":"Debris and open burning","map_method":"Auto-generated","source_dataset":"FFP","unique_fire_identifier":"2024-WAOLS-000065","irwin_id":"{DD0BE054-D3EF-499B-98C0-AEDDAA3790C4}","global_id":"482d19f3-3347-4f1a-b7f2-a7911587d89d"}},{"type":"Feature","geometry":{"type":"Polygon","coordinates":[[[-121.39495,46.91997],[-121.39426,46.92122],[-121.39375,46.92141],[-121.39339,46.92143],[-121.39264,46.92101],[-121.39207,46.92222],[-121.39182,46.92196],[-121.39154,46.92084],[-121.39091,46.91999],[-121.39033,46.91891],[-121.39054,46.91791],[-121.39083,46.91737],[-121.39138,46.91689],[-121.39217,46.91658],[-121.39299,46.9165],[-121.39373,46.91663],[-121.39428,46.91695],[-121.39486,46.91771],[-121.39513,46.91864],[-121.39495,46.91997]]]},"properties":{"fire_id":"ufid:2024-WAOWF-000621","source_collection":"history-2024","source_objectid":34690,"incident_name":"LODGEPOLE","mapped_acres":39.01662,"mapped_acres_source":"poly_GISAcres","gis_acres":39.01662,"auto_acres":39.016473479912605,"reported_acres":39.02,"percent_contained":null,"state":"WA","state_wfigs":"US-WA","county":"Yakima","discovery_time_utc":"2024-08-12T22:37:00Z","perimeter_time_utc":"2024-11-19T17:58:50Z","perimeter_edit_time_utc":"2024-11-19T17:58:50Z","incident_modified_time_utc":"2024-11-13T23:29:13Z","containment_time_utc":null,"control_time_utc":null,"fire_out_time_utc":"2024-11-19T17:55:47Z","fire_cause":"Undetermined","fire_cause_general":"Undetermined","map_method":"Hand Sketch","source_dataset":"FFP","unique_fire_identifier":"2024-WAOWF-000621","irwin_id":"{A484EAD4-93CB-4B34-9FB6-18C84FB9AED1}","global_id":"90934117-d1c5-464c-b19b-910e1d0c216c"}},{"type":"Feature","geometry":{"type":"MultiPolygon","coordinates":[[[[-121.19419,46.60062],[-121.19359,46.60089],[-121.19342,46.60129],[-121.19365,46.6015],[-121.19367,46.60214],[-121.19337,46.60231],[-121.19349,46.60247],[-121.19339,46.60261],[-121.19319,46.60245],[-121.19304,46.60261],[-121.19247,46.60247],[-121.19244,46.60232],[-121.19217,46.60242],[-121.19197,46.60225],[-121.19144,46.60251],[-121.19112,46.60219],[-121.19086,46.60229],[-121.19072,46.60226],[-121.19073,46.60209],[-121.19061,46.60218],[-121.19044,46.60203],[-121.19018,46.60211],[-121.18989,46.60186],[-121.18985,46.60161],[-121.18963,46.60154],[-121.18967,46.60168],[-121.18928,46.60158],[-121.18837,46.60179],[-121.18882,46.60139],[-121.18856,46.60118],[-121.18841,46.60135],[-121.18817,46.60114],[-121.18808,46.60124],[-121.18816,46.60135],[-121.18797,46.60132],[-121.18782,46.60147],[-121.18763,46.6012],[-121.1878,46.60066],[-121.18804,46.60054],[-121.18803,46.60039],[-121.18681,46.60067],[-121.18672,46.60046],[-121.1878,46.6003],[-121.18714,46.6001],[-121.18734,46.59973],[-121.18815,46.59974],[-121.18832,46.59963],[-121.18866,46.59993],[-121.18892,46.59996],[-121.1892,46.59978],[-121.19011,46.59994],[-121.19058,46.59972],[-121.1908,46.59993],[-121.1912,46.59974],[-121.1917,46.59993],[-121.19222,46.5998],[-121.19338,46.60038],[-121.19376,46.60033],[-121.19419,46.60062]]],[[[-121.19339,46.60261],[-121.19342,46.60266],[-121.1934,46.60272],[-121.19339,46.60261]]]]},"properties":{"fire_id":"ufid:2024-WAOWF-000294","source_collection":"history-2024","source_objectid":34718,"incident_name":"SOUTH FORK","mapped_acres":0.1,"mapped_acres_source":"poly_GISAcres","gis_acres":0.1,"auto_acres":27.220229386536243,"reported_acres":27.22,"percent_contained":null,"state":"WA","state_wfigs":"US-WA","county":"Yakima","discovery_time_utc":"2024-06-27T20:19:00Z","perimeter_time_utc":"2024-11-19T21:14:21Z","perimeter_edit_time_utc":"2024-11-19T21:14:21Z","incident_modified_time_utc":"2024-07-07T20:33:30Z","containment_time_utc":"2024-07-07T20:31:00Z","control_time_utc":null,"fire_out_time_utc":"2024-10-31T20:00:00Z","fire_cause":"Natural","fire_cause_general":"Natural","map_method":"Hand Sketch","source_dataset":"FFP","unique_fire_identifier":"2024-WAOWF-000294","irwin_id":"{C8F5291D-09B0-4800-A37B-42D01B64046C}","global_id":"2ada28d8-39c1-4372-bd8f-42165467c6f1"}},{"type":"Feature","geometry":{"type":"Polygon","coordinates":[[[-121.12389,47.81455],[-121.12377,47.8155],[-121.12359,47.8135],[-121.12399,47.81357],[-121.12421,47.81383],[-121.12389,47.81455]]]},"properties":{"fire_id":"ufid:2024-WAMSF-000201","source_collection":"history-2024","source_objectid":35374,"incident_name":"Rapid River","mapped_acres":0.97,"mapped_acres_source":"poly_GISAcres","gis_acres":0.97,"auto_acres":1.3112525515465994,"reported_acres":1.31,"percent_contained":null,"state":"WA","state_wfigs":"US-WA","county":"Snohomish","discovery_time_utc":"2024-07-18T00:28:00Z","perimeter_time_utc":"2024-12-05T19:16:49Z","perimeter_edit_time_utc":"2024-12-05T19:16:49Z","incident_modified_time_utc":"2024-10-30T00:56:49Z","containment_time_utc":"2024-07-23T20:18:00Z","control_time_utc":"2024-08-27T20:20:00Z","fire_out_time_utc":"2024-08-27T20:20:00Z","fire_cause":"Natural","fire_cause_general":"Natural","map_method":"Hand Sketch","source_dataset":"FFP","unique_fire_identifier":"2024-WAMSF-000201","irwin_id":"{244F7EB9-77CB-411D-985C-9FB9CC0730E5}","global_id":"cecb22ed-7ddb-4521-82fa-ae17be17125c"}},{"type":"Feature","geometry":{"type":"MultiPolygon","coordinates":[[[[-120.49524,46.88755],[-120.49376,46.88556],[-120.49454,46.88583],[-120.49564,46.88749],[-120.49562,46.88781],[-120.49524,46.88755]]],[[[-120.46812,46.89574],[-120.46836,46.8943],[-120.46744,46.89322],[-120.46795,46.89202],[-120.46898,46.89123],[-120.47051,46.89039],[-120.47025,46.88947],[-120.46998,46.88904],[-120.47143,46.88823],[-120.47175,46.88731],[-120.47296,46.88675],[-120.47466,46.88674],[-120.47526,46.88748],[-120.47601,46.88694],[-120.47675,46.88614],[-120.47675,46.88567],[-120.47708,46.88545],[-120.47772,46.88536],[-120.4819,46.88579],[-120.48354,46.88549],[-120.48496,46.88487],[-120.48673,46.88381],[-120.48874,46.88349],[-120.49026,46.88354],[-120.49243,46.88436],[-120.49324,46.88502],[-120.4948,46.88702],[-120.49318,46.88752],[-120.49271,46.88833],[-120.49153,46.88928],[-120.49095,46.89028],[-120.4901,46.89102],[-120.48934,46.89191],[-120.48884,46.89303],[-120.48568,46.89243],[-120.4855,46.89299],[-120.48515,46.89349],[-120.48371,46.89365],[-120.4827,46.8935],[-120.48216,46.89328],[-120.48155,46.89326],[-120.48171,46.89352],[-120.48131,46.89418],[-120.48089,46.89433],[-120.48028,46.89493],[-120.47932,46.89519],[-120.47765,46.89521],[-120.47634,46.89479],[-120.47621,46.89441],[-120.47539,46.89456],[-120.47539,46.89493],[-120.47493,46.89548],[-120.47413,46.8955],[-120.47266,46.89503],[-120.4719,46.89531],[-120.47157,46.89574],[-120.47076,46.89556],[-120.47045,46.89499],[-120.47045,46.89449],[-120.46951,46.89431],[-120.46882,46.8947],[-120.46869,46.89591],[-120.46812,46.89574]]]]},"properties":{"fire_id":"ufid:2024-WASPD-000500","source_collection":"history-2024","source_objectid":35514,"incident_name":"UMTANUM","mapped_acres":30.0,"mapped_acres_source":"poly_GISAcres","gis_acres":30.0,"auto_acres":412.0384733030123,"reported_acres":410.0,"percent_contained":null,"state":"WA","state_wfigs":"US-WA","county":"Kittitas","discovery_time_utc":"2024-07-27T22:46:00Z","perimeter_time_utc":"2024-12-09T21:22:16Z","perimeter_edit_time_utc":"2024-12-09T21:22:17Z","incident_modified_time_utc":"2024-11-18T19:56:26Z","containment_time_utc":"2024-07-29T18:21:00Z","control_time_utc":"2024-07-30T01:07:00Z","fire_out_time_utc":"2024-08-19T20:00:00Z","fire_cause":"Human","fire_cause_general":"Equipment and vehicle use","map_method":"Hand Sketch","source_dataset":"FFP","unique_fire_identifier":"2024-WASPD-000500","irwin_id":"{39A61A2B-0FE1-491E-9D97-9CD57353C410}","global_id":"5ba76138-8167-4211-862d-ce141d3cabcf"}},{"type":"Feature","geometry":{"type":"Polygon","coordinates":[[[-120.44655,46.77021],[-120.44683,46.7699],[-120.44707,46.77001],[-120.44718,46.76982],[-120.44672,46.76973],[-120.44675,46.76987],[-120.44659,46.76988],[-120.44631,46.76951],[-120.44567,46.76947],[-120.44568,46.76905],[-120.44619,46.76881],[-120.44617,46.76865],[-120.44761,46.76857],[-120.44778,46.76888],[-120.4482,46.76901],[-120.4483,46.76945],[-120.44802,46.76998],[-120.44705,46.77034],[-120.44655,46.77021]]]},"properties":{"fire_id":"ufid:2024-WASPD-000758","source_collection":"history-2024","source_objectid":35519,"incident_name":"BURBANK CREEK","mapped_acres":5.1,"mapped_acres_source":"poly_GISAcres","gis_acres":5.1,"auto_acres":6.4125837698081005,"reported_acres":6.4,"percent_contained":null,"state":"WA","state_wfigs":"US-WA","county":"Kittitas","discovery_time_utc":"2024-09-03T08:46:16Z","perimeter_time_utc":"2024-12-09T21:46:36Z","perimeter_edit_time_utc":"2024-12-09T21:46:36Z","incident_modified_time_utc":"2024-10-30T17:24:04Z","containment_time_utc":"2024-09-04T00:00:00Z","control_time_utc":"2024-09-05T21:53:00Z","fire_out_time_utc":"2024-10-30T17:23:00Z","fire_cause":"Human","fire_cause_general":"Arson","map_method":"Hand Sketch","source_dataset":"FFP","unique_fire_identifier":"2024-WASPD-000758","irwin_id":"{A959B17E-AE1A-40D2-991D-943ADC42D387}","global_id":"1dddd8c1-3c0f-4e5a-955c-ea704cd220f2"}},{"type":"Feature","geometry":{"type":"Polygon","coordinates":[[[-120.37236,46.7784],[-120.37129,46.77875],[-120.37134,46.77853],[-120.37239,46.77667],[-120.37259,46.77655],[-120.37258,46.77675],[-120.37291,46.7769],[-120.37308,46.77732],[-120.37282,46.77799],[-120.37263,46.77817],[-120.37244,46.77812],[-120.37231,46.77825],[-120.37236,46.7784]]]},"properties":{"fire_id":"ufid:2024-WASPD-000357","source_collection":"history-2024","source_objectid":35526,"incident_name":"ROSE SPRINGS","mapped_acres":3.8,"mapped_acres_source":"poly_GISAcres","gis_acres":3.8,"auto_acres":3.7673549578308716,"reported_acres":3.88,"percent_contained":null,"state":"WA","state_wfigs":"US-WA","county":"Kittitas","discovery_time_utc":"2024-07-07T22:03:00Z","perimeter_time_utc":"2024-12-09T23:20:33Z","perimeter_edit_time_utc":"2024-12-09T23:20:33Z","incident_modified_time_utc":"2024-10-10T20:04:51Z","containment_time_utc":"2024-07-08T04:00:00Z","control_time_utc":"2024-07-18T20:00:00Z","fire_out_time_utc":"2024-07-18T20:00:00Z","fire_cause":"Human","fire_cause_general":"Undetermined","map_method":"GPS-Walked","source_dataset":"FFP","unique_fire_identifier":"2024-WASPD-000357","irwin_id":"{5B463B96-83C8-41C7-AB8C-93C35485BF26}","global_id":"9b70808d-0339-4654-99c0-7cc766aff283"}},{"type":"Feature","geometry":{"type":"Polygon","coordinates":[[[-120.20134,47.63041],[-120.20141,47.63074],[-120.20124,47.63064],[-120.20122,47.63048],[-120.20134,47.63041]]]},"properties":{"fire_id":"ufid:2024-WASPD-000913","source_collection":"history-2024","source_objectid":35532,"incident_name":"CORBALEY DRIVE","mapped_acres":0.1,"mapped_acres_source":"poly_GISAcres","gis_acres":0.1,"auto_acres":0.0942897252909713,"reported_acres":0.3,"percent_contained":null,"state":"WA","state_wfigs":"US-WA","county":"Douglas","discovery_time_utc":"2024-11-08T00:02:16Z","perimeter_time_utc":"2024-12-09T23:01:11Z","perimeter_edit_time_utc":"2024-12-09T23:01:11Z","incident_modified_time_utc":"2024-11-18T21:54:36Z","containment_time_utc":"2024-11-08T01:30:00Z","control_time_utc":"2024-11-08T01:30:00Z","fire_out_time_utc":"2024-11-08T17:25:00Z","fire_cause":"Human","fire_cause_general":"Equipment and vehicle use","map_method":"Mixed Methods","source_dataset":"FFP","unique_fire_identifier":"2024-WASPD-000913","irwin_id":"{55C0F9F0-C847-424C-8500-3BC04C8FD604}","global_id":"a9804a35-ef2e-4ce6-b8c8-f50bdc04cbfc"}},{"type":"Feature","geometry":{"type":"Polygon","coordinates":[[[-120.44073,46.80973],[-120.44032,46.80889],[-120.44063,46.80888],[-120.44132,46.80926],[-120.44125,46.809],[-120.44206,46.80997],[-120.4417,46.80994],[-120.44146,46.81006],[-120.44125,46.8098],[-120.44073,46.80973]]]},"properties":{"fire_id":"ufid:2024-WASPD-000712","source_collection":"history-2024","source_objectid":35533,"incident_name":"LMUMA CREEK","mapped_acres":1.9,"mapped_acres_source":"poly_GISAcres","gis_acres":1.9,"auto_acres":1.8923514303617608,"reported_acres":1.89,"percent_contained":null,"state":"WA","state_wfigs":"US-WA","county":"Kittitas","discovery_time_utc":"2024-08-22T23:18:00Z","perimeter_time_utc":"2024-12-09T23:18:45Z","perimeter_edit_time_utc":"2024-12-09T23:18:45Z","incident_modified_time_utc":"2024-09-10T22:29:59Z","containment_time_utc":"2024-08-23T07:00:00Z","control_time_utc":"2024-08-23T19:53:00Z","fire_out_time_utc":"2024-09-10T21:11:00Z","fire_cause":"Human","fire_cause_general":"Undetermined","map_method":"Auto-generated","source_dataset":"FFP","unique_fire_identifier":"2024-WASPD-000712","irwin_id":"{F43CA161-9996-451B-A7B7-17BED4227AFD}","global_id":"7f1bc5da-d74f-4d3a-91aa-29f62a5576c9"}},{"type":"Feature","geometry":{"type":"Polygon","coordinates":[[[-120.4621,46.58469],[-120.46211,46.58452],[-120.46171,46.5843],[-120.46153,46.58383],[-120.46116,46.58343],[-120.46097,46.58346],[-120.46095,46.58311],[-120.46056,46.58272],[-120.4604,46.58225],[-120.46102,46.58166],[-120.46168,46.58178],[-120.4624,46.58244],[-120.46324,46.58362],[-120.46283,46.58386],[-120.46294,46.58415],[-120.46365,46.5843],[-120.46376,46.58451],[-120.4621,46.58469]]]},"properties":{"fire_id":"ufid:2024-WAYKCN-000379","source_collection":"history-2024","source_objectid":35678,"incident_name":"ARBORETUM","mapped_acres":5.0,"mapped_acres_source":"poly_GISAcres","gis_acres":5.0,"auto_acres":10.405529991452717,"reported_acres":10.0,"percent_contained":null,"state":"WA","state_wfigs":"US-WA","county":"Yakima","discovery_time_utc":"2024-07-11T03:10:03Z","perimeter_time_utc":"2024-12-11T21:15:11Z","perimeter_edit_time_utc":"2024-12-11T21:15:11Z","incident_modified_time_utc":"2024-10-05T00:13:45Z","containment_time_utc":"2024-07-11T19:52:00Z","control_time_utc":"2024-07-11T19:52:00Z","fire_out_time_utc":"2024-07-11T19:52:00Z","fire_cause":"Human","fire_cause_general":"Undetermined","map_method":"Hand Sketch","source_dataset":"FFP","unique_fire_identifier":"2024-WAYKCN-000379","irwin_id":"{0BE71FFF-C28B-411D-8577-104C3C9B0460}","global_id":"e7b4f151-3cc3-4a1b-98d1-3d72b352462f"}},{"type":"Feature","geometry":{"type":"Polygon","coordinates":[[[-120.39035,46.74909],[-120.39038,46.74925],[-120.39025,46.7493],[-120.39035,46.74909]]]},"properties":{"fire_id":"ufid:2024-WASPD-000807","source_collection":"history-2024","source_objectid":35680,"incident_name":"LOC-Burbank","mapped_acres":0.0,"mapped_acres_source":"poly_GISAcres","gis_acres":0.0,"auto_acres":0.03013780298171529,"reported_acres":0.03,"percent_contained":null,"state":"WA","state_wfigs":"US-WA","county":"Kittitas","discovery_time_utc":"2024-09-22T01:41:24Z","perimeter_time_utc":"2024-12-11T21:19:35Z","perimeter_edit_time_utc":"2024-12-11T21:19:36Z","incident_modified_time_utc":"2024-10-22T21:53:48Z","containment_time_utc":"2024-09-22T01:58:00Z","control_time_utc":"2024-09-22T02:08:00Z","fire_out_time_utc":"2024-10-21T18:00:00Z","fire_cause":"Human","fire_cause_general":"Undetermined","map_method":"Mixed Methods","source_dataset":"FFP","unique_fire_identifier":"2024-WASPD-000807","irwin_id":"{FEE81263-4F1A-4C47-8588-9CA446349A52}","global_id":"e0d40e39-cd75-49c3-8d98-5404ea672b46"}},{"type":"Feature","geometry":{"type":"Polygon","coordinates":[[[-121.15384,48.47267],[-121.15489,48.47269],[-121.15585,48.47295],[-121.15683,48.473],[-121.15749,48.47319],[-121.15768,48.47346],[-121.15766,48.47367],[-121.15712,48.47399],[-121.15592,48.47424],[-121.15446,48.47524],[-121.15477,48.47594],[-121.15398,48.47572],[-121.15301,48.47598],[-121.15195,48.47606],[-121.14975,48.47577],[-121.14808,48.47574],[-121.14359,48.47469],[-121.14011,48.47461],[-121.13696,48.47424],[-121.13583,48.47423],[-121.13441,48.47399],[-121.13382,48.47364],[-121.13371,48.47315],[-121.1347,48.4717],[-121.13532,48.47132],[-121.13695,48.47089],[-121.1384,48.47071],[-121.13854,48.4705],[-121.13824,48.47011],[-121.13831,48.46986],[-121.13858,48.46971],[-121.13926,48.46964],[-121.14038,48.46982],[-121.14078,48.46973],[-121.14155,48.46869],[-121.14238,48.46794],[-121.14324,48.46765],[-121.14436,48.46754],[-121.14522,48.46779],[-121.14624,48.46897],[-121.14657,48.46913],[-121.14792,48.46925],[-121.14812,48.46945],[-121.14803,48.47016],[-121.14895,48.47101],[-121.15384,48.47267]]]},"properties":{"fire_id":"ufid:2024-WAMSF-000216","source_collection":"history-2024","source_objectid":35955,"incident_name":"Pincer Two","mapped_acres":211.0,"mapped_acres_source":"poly_GISAcres","gis_acres":211.0,"auto_acres":211.01870955965083,"reported_acres":211.0,"percent_contained":null,"state":"WA","state_wfigs":"US-WA","county":"Skagit","discovery_time_utc":"2024-07-18T23:09:00Z","perimeter_time_utc":"2024-12-18T19:10:00Z","perimeter_edit_time_utc":"2024-12-18T19:10:00Z","incident_modified_time_utc":"2024-12-18T16:34:42Z","containment_time_utc":"2024-11-13T20:30:00Z","control_time_utc":"2024-11-13T20:30:00Z","fire_out_time_utc":"2024-12-11T19:15:00Z","fire_cause":"Natural","fire_cause_general":"Natural","map_method":"IR Image Interpretation","source_dataset":"FFP","unique_fire_identifier":"2024-WAMSF-000216","irwin_id":"{3C20174B-792C-4CE4-B45D-F2101B9ED1C6}","global_id":"b7bf5b7b-d901-47db-9155-e0ab097a8ae8"}},{"type":"Feature","geometry":{"type":"Polygon","coordinates":[[[-120.12943,48.20466],[-120.12786,48.20427],[-120.12664,48.20358],[-120.12623,48.20354],[-120.12614,48.20328],[-120.12639,48.20296],[-120.12709,48.20343],[-120.12747,48.20334],[-120.12719,48.20311],[-120.12719,48.20286],[-120.12667,48.2025],[-120.1265,48.20207],[-120.12601,48.20201],[-120.12579,48.20212],[-120.12538,48.20202],[-120.12569,48.20238],[-120.12601,48.20247],[-120.12606,48.20264],[-120.12593,48.20289],[-120.12537,48.20328],[-120.12494,48.20301],[-120.12497,48.2028],[-120.12478,48.2028],[-120.12414,48.20231],[-120.12399,48.20215],[-120.12409,48.20211],[-120.12405,48.20195],[-120.12387,48.20178],[-120.12464,48.20125],[-120.12539,48.20046],[-120.12578,48.19947],[-120.12596,48.19938],[-120.12571,48.19927],[-120.12586,48.19926],[-120.12598,48.19901],[-120.12619,48.19898],[-120.12632,48.1988],[-120.12609,48.19844],[-120.12636,48.19842],[-120.12637,48.19818],[-120.12679,48.19787],[-120.12661,48.19783],[-120.12672,48.19769],[-120.12709,48.19766],[-120.12682,48.19748],[-120.12687,48.19734],[-120.12712,48.19724],[-120.12718,48.19703],[-120.12733,48.19705],[-120.12729,48.19692],[-120.12753,48.19693],[-120.12773,48.19671],[-120.12783,48.1968],[-120.12784,48.19666],[-120.12816,48.19668],[-120.12857,48.1963],[-120.12771,48.19619],[-120.12759,48.19606],[-120.12777,48.19602],[-120.12771,48.1959],[-120.12872,48.1954],[-120.12773,48.19558],[-120.12715,48.19592],[-120.12672,48.19558],[-120.12605,48.19537],[-120.12591,48.19503],[-120.12558,48.1949],[-120.12529,48.19438],[-120.12552,48.19418],[-120.12538,48.194],[-120.12546,48.19367],[-120.1253,48.19352],[-120.12504,48.19353],[-120.12465,48.19313],[-120.12465,48.1926],[-120.12417,48.19235],[-120.1244,48.19207],[-120.12501,48.1923],[-120.12495,48.19188],[-120.1246,48.1919],[-120.12454,48.19154],[-120.12472,48.19151],[-120.12476,48.19133],[-120.12492,48.1917],[-120.12475,48.19083],[-120.12493,48.19084],[-120.12476,48.19068],[-120.12483,48.19026],[-120.12397,48.18937],[-120.12409,48.18936],[-120.12405,48.18915],[-120.12374,48.18911],[-120.12368,48.18891],[-120.12381,48.18882],[-120.12353,48.18828],[-120.12382,48.18824],[-120.12367,48.18813],[-120.12373,48.18805],[-120.12455,48.18795],[-120.12497,48.18777],[-120.12532,48.18728],[-120.1257,48.18716],[-120.12608,48.18729],[-120.12672,48.1871],[-120.12737,48.18713],[-120.12746,48.18692],[-120.12769,48.18702],[-120.12809,48.18694],[-120.12888,48.18725],[-120.12914,48.18723],[-120.12965,48.1876],[-120.13005,48.1877],[-120.13053,48.18838],[-120.13073,48.18848],[-120.1306,48.18851],[-120.13056,48.18872],[-120.1308,48.18918],[-120.13067,48.18936],[-120.13076,48.18954],[-120.13109,48.18981],[-120.13129,48.18982],[-120.13133,48.18997],[-120.13151,48.18995],[-120.13142,48.1901],[-120.13214,48.19063],[-120.13193,48.19085],[-120.13206,48.19134],[-120.13186,48.19154],[-120.13195,48.19161],[-120.13191,48.19196],[-120.13239,48.19177],[-120.13336,48.19187],[-120.13331,48.19162],[-120.1335,48.19152],[-120.13423,48.19179],[-120.1348,48.19169],[-120.13473,48.19216],[-120.13507,48.19326],[-120.1353,48.19355],[-120.13564,48.1936],[-120.13571,48.19394],[-120.136,48.19402],[-120.13584,48.19408],[-120.13598,48.19447],[-120.13585,48.19465],[-120.13591,48.19485],[-120.13547,48.19498],[-120.13575,48.19532],[-120.13564,48.19551],[-120.13584,48.19565],[-120.13571,48.19581],[-120.1358,48.19601],[-120.13564,48.19617],[-120.13575,48.19643],[-120.13567,48.19668],[-120.13552,48.19659],[-120.13533,48.19689],[-120.1352,48.19678],[-120.13475,48.19691],[-120.13445,48.19729],[-120.13429,48.19798],[-120.13351,48.19797],[-120.13343,48.19782],[-120.13308,48.1977],[-120.133,48.19747],[-120.13262,48.19741],[-120.1328,48.19798],[-120.13341,48.19861],[-120.13435,48.19911],[-120.1349,48.19958],[-120.13487,48.19982],[-120.13412,48.20021],[-120.13395,48.20037],[-120.13402,48.20043],[-120.13379,48.20045],[-120.13295,48.20122],[-120.13314,48.20185],[-120.1329,48.20241],[-120.13307,48.20251],[-120.13321,48.20289],[-120.13297,48.20313],[-120.13302,48.20332],[-120.13286,48.20353],[-120.1319,48.20403],[-120.13183,48.20429],[-120.13154,48.20445],[-120.12943,48.20466]]]},"properties":{"fire_id":"ufid:2024-WANES-000239","source_collection":"history-2024","source_objectid":35996,"incident_name":"Gold Creek","mapped_acres":278.3074,"mapped_acres_source":"poly_GISAcres","gis_acres":278.3074,"auto_acres":278.2189429139348,"reported_acres":278.0,"percent_contained":null,"state":"WA","state_wfigs":"US-WA","county":"Okanogan","discovery_time_utc":"2024-06-22T23:46:00Z","perimeter_time_utc":"2024-12-19T17:44:26Z","perimeter_edit_time_utc":"2024-12-19T17:44:26Z","incident_modified_time_utc":"2024-09-18T19:05:03Z","containment_time_utc":"2024-06-29T03:15:00Z","control_time_utc":"2024-11-19T17:00:00Z","fire_out_time_utc":"2024-11-19T17:00:00Z","fire_cause":"Human","fire_cause_general":"Equipment and vehicle use","map_method":"Mixed Methods","source_dataset":"FFP","unique_fire_identifier":"2024-WANES-000239","irwin_id":"{A9C2E869-43D4-45E8-8EC8-9367F11CA0F8}","global_id":"e873710f-e727-4da2-9a9a-491869f461ba"}},{"type":"Feature","geometry":{"type":"MultiPolygon","coordinates":[[[[-120.00726,48.35952],[-120.00793,48.35997],[-120.0092,48.36013],[-120.01015,48.36048],[-120.0109,48.3605],[-120.01151,48.36086],[-120.01149,48.36099],[-120.01206,48.36116],[-120.01224,48.36184],[-120.01262,48.36202],[-120.01266,48.36218],[-120.01378,48.36237],[-120.01384,48.36254],[-120.01369,48.36302],[-120.01135,48.36374],[-120.01045,48.36419],[-120.00974,48.36427],[-120.0098,48.36377],[-120.00959,48.36377],[-120.00968,48.36357],[-120.00941,48.36355],[-120.00944,48.3634],[-120.00852,48.36358],[-120.00817,48.36344],[-120.00818,48.36405],[-120.00764,48.36411],[-120.00771,48.36435],[-120.00758,48.36454],[-120.00677,48.36477],[-120.00659,48.36504],[-120.0063,48.36486],[-120.00521,48.36546],[-120.00384,48.3656],[-120.00303,48.36521],[-120.00272,48.3654],[-120.00224,48.36539],[-120.00201,48.36571],[-120.00183,48.3657],[-120.00168,48.366],[-120.0014,48.36598],[-120.00117,48.36613],[-120.00041,48.36603],[-119.99966,48.36613],[-119.99829,48.36571],[-119.99835,48.36609],[-119.99774,48.36607],[-119.99767,48.36621],[-119.99708,48.36636],[-119.9963,48.36619],[-119.99583,48.36626],[-119.99522,48.36598],[-119.99528,48.3658],[-119.99481,48.3657],[-119.99423,48.36571],[-119.99417,48.36588],[-119.9939,48.36591],[-119.9932,48.36574],[-119.99302,48.36558],[-119.99144,48.36542],[-119.99073,48.36489],[-119.99115,48.36454],[-119.99019,48.36376],[-119.99017,48.3636],[-119.99035,48.36354],[-119.99011,48.36286],[-119.99019,48.36248],[-119.99243,48.36143],[-119.99298,48.36139],[-119.99346,48.36117],[-119.99405,48.36126],[-119.9944,48.36098],[-119.99476,48.36105],[-119.99537,48.36083],[-119.99546,48.36058],[-119.99565,48.36047],[-119.99665,48.36115],[-119.99712,48.36119],[-119.99768,48.3609],[-119.99862,48.36079],[-119.99907,48.36047],[-119.99973,48.36032],[-120.00142,48.35955],[-120.00221,48.35945],[-120.00309,48.35956],[-120.00518,48.35923],[-120.00726,48.35952]]],[[[-119.9964,48.36625],[-119.99643,48.36624],[-119.99646,48.36625],[-119.9964,48.36625]]]]},"properties":{"fire_id":"ufid:2024-WANES-000461","source_collection":"history-2024","source_objectid":35998,"incident_name":"FRAZER CROSSING","mapped_acres":2.5,"mapped_acres_source":"poly_GISAcres","gis_acres":2.5,"auto_acres":218.98047651692625,"reported_acres":220.0,"percent_contained":null,"state":"WA","state_wfigs":"US-WA","county":"Okanogan","discovery_time_utc":"2024-07-21T19:18:00Z","perimeter_time_utc":"2024-12-19T17:32:42Z","perimeter_edit_time_utc":"2024-12-19T17:32:42Z","incident_modified_time_utc":"2024-07-25T18:36:24Z","containment_time_utc":"2024-07-23T21:45:00Z","control_time_utc":"2024-07-25T18:36:00Z","fire_out_time_utc":"2024-11-19T17:00:00Z","fire_cause":"Undetermined","fire_cause_general":"Undetermined","map_method":"Hand Sketch","source_dataset":"FFP","unique_fire_identifier":"2024-WANES-000461","irwin_id":"{2951A1BD-3687-4B7C-8492-290E1B117649}","global_id":"7d252566-ba72-4e36-a084-fe6b9bfb5962"}},{"type":"Feature","geometry":{"type":"Polygon","coordinates":[[[-121.90872,48.95336],[-121.90914,48.95336],[-121.90922,48.95357],[-121.90865,48.95357],[-121.90872,48.95336]]]},"properties":{"fire_id":"ufid:2024-WAMSF-000286","source_collection":"history-2024","source_objectid":35999,"incident_name":"Canyon Creek","mapped_acres":0.1,"mapped_acres_source":"poly_GISAcres","gis_acres":0.1,"auto_acres":0.25173213046847887,"reported_acres":0.25,"percent_contained":null,"state":"WA","state_wfigs":"US-WA","county":"Whatcom","discovery_time_utc":"2024-08-09T19:34:39Z","perimeter_time_utc":"2024-12-19T17:39:26Z","perimeter_edit_time_utc":"2024-12-19T17:39:27Z","incident_modified_time_utc":"2024-12-19T17:32:35Z","containment_time_utc":"2024-08-12T03:55:00Z","control_time_utc":"2024-08-13T03:51:00Z","fire_out_time_utc":"2024-08-13T17:27:00Z","fire_cause":"Natural","fire_cause_general":"Natural","map_method":"Hand Sketch","source_dataset":"FFP","unique_fire_identifier":"2024-WAMSF-000286","irwin_id":"{3EAB40DD-57B6-43DD-BBCB-E13FCFF94DA4}","global_id":"12c7d092-841c-4458-b560-95e28dd53e9f"}},{"type":"Feature","geometry":{"type":"Polygon","coordinates":[[[-123.39303,47.1668],[-123.39292,47.16985],[-123.39021,47.16944],[-123.38965,47.16956],[-123.38948,47.16948],[-123.38945,47.16902],[-123.3897,47.16877],[-123.38944,47.16816],[-123.38947,47.16768],[-123.38933,47.16734],[-123.39203,47.16682],[-123.39303,47.1668]]]},"properties":{"fire_id":"ufid:2024-WASPC-000033","source_collection":"history-2024","source_objectid":36017,"incident_name":"WARDEN","mapped_acres":19.2,"mapped_acres_source":"poly_GISAcres","gis_acres":19.2,"auto_acres":19.14741527377927,"reported_acres":15.6,"percent_contained":null,"state":"WA","state_wfigs":"US-WA","county":"Mason","discovery_time_utc":"2024-06-17T23:45:00Z","perimeter_time_utc":"2024-12-19T22:03:09Z","perimeter_edit_time_utc":"2024-12-19T22:03:10Z","incident_modified_time_utc":"2024-08-30T16:25:19Z","containment_time_utc":"2024-06-19T02:00:00Z","control_time_utc":"2024-06-20T00:40:00Z","fire_out_time_utc":"2024-08-30T16:23:00Z","fire_cause":"Human","fire_cause_general":"Undetermined","map_method":"Mixed Methods","source_dataset":"FFP","unique_fire_identifier":"2024-WASPC-000033","irwin_id":"{B889D465-9838-4B19-9D3D-D43FDD2798D1}","global_id":"d137fa21-589d-43e2-aafd-e9ad7fb9e162"}},{"type":"Feature","geometry":{"type":"MultiPolygon","coordinates":[[[[-122.55021,46.95932],[-122.55021,46.95916],[-122.54982,46.95895],[-122.54986,46.95858],[-122.54965,46.95842],[-122.54911,46.95735],[-122.54945,46.95719],[-122.54938,46.95684],[-122.54903,46.95651],[-122.54897,46.95627],[-122.54939,46.95606],[-122.54992,46.95606],[-122.54989,46.95619],[-122.55011,46.95622],[-122.55002,46.95651],[-122.55017,46.95626],[-122.5504,46.95631],[-122.55046,46.9562],[-122.55082,46.95623],[-122.55098,46.95645],[-122.55043,46.95929],[-122.55021,46.95932]]],[[[-122.54839,46.9675],[-122.54844,46.96717],[-122.5488,46.96708],[-122.54898,46.96727],[-122.54891,46.96762],[-122.54851,46.96773],[-122.54839,46.9675]]],[[[-122.54969,46.96685],[-122.54921,46.96696],[-122.54963,46.96697],[-122.54945,46.9671],[-122.54963,46.96724],[-122.54945,46.9675],[-122.54974,46.96756],[-122.54965,46.96767],[-122.54975,46.96791],[-122.54941,46.96805],[-122.54911,46.96797],[-122.54914,46.96778],[-122.54891,46.96762],[-122.54928,46.96677],[-122.54969,46.96685]]]]},"properties":{"fire_id":"ufid:2024-WASPC-000083","source_collection":"history-2024","source_objectid":36023,"incident_name":"507","mapped_acres":10.36,"mapped_acres_source":"poly_GISAcres","gis_acres":10.36,"auto_acres":10.361087250636006,"reported_acres":10.4,"percent_contained":null,"state":"WA","state_wfigs":"US-WA","county":"Pierce","discovery_time_utc":"2024-07-09T22:43:00Z","perimeter_time_utc":"2024-12-19T20:52:10Z","perimeter_edit_time_utc":"2024-12-19T20:52:11Z","incident_modified_time_utc":"2024-07-27T01:14:37Z","containment_time_utc":"2024-07-13T00:58:00Z","control_time_utc":"2024-07-13T00:58:00Z","fire_out_time_utc":"2024-07-26T19:10:00Z","fire_cause":"Human","fire_cause_general":"Railroad operations and maintenance","map_method":"Mixed Methods","source_dataset":"FFP","unique_fire_identifier":"2024-WASPC-000083","irwin_id":"{FF9B5340-BB25-4994-8EDA-02BEE40613CE}","global_id":"2a2eee18-2452-4b9c-9c5a-c5b3d0169e1c"}},{"type":"Feature","geometry":{"type":"Polygon","coordinates":[[[-121.80846,48.41049],[-121.8086,48.41048],[-121.80832,48.41058],[-121.80849,48.41071],[-121.80836,48.41093],[-121.80824,48.41059],[-121.80838,48.4105],[-121.80767,48.41053],[-121.8076,48.41027],[-121.80773,48.40995],[-121.80878,48.41007],[-121.80869,48.41037],[-121.80971,48.41026],[-121.81041,48.40957],[-121.81005,48.40822],[-121.81044,48.40794],[-121.81011,48.40715],[-121.80983,48.40692],[-121.80997,48.4065],[-121.81047,48.40637],[-121.81045,48.40607],[-121.8096,48.4062],[-121.80931,48.40596],[-121.80862,48.40626],[-121.80765,48.40746],[-121.80751,48.40783],[-121.80751,48.40833],[-121.80794,48.40878],[-121.8073,48.40903],[-121.80641,48.40909],[-121.80583,48.40986],[-121.80492,48.41032],[-121.80438,48.41044],[-121.80371,48.41031],[-121.80352,48.41042],[-121.80194,48.41033],[-121.80059,48.40997],[-121.8008,48.40934],[-121.8017,48.40919],[-121.80188,48.4097],[-121.80166,48.40993],[-121.80226,48.4102],[-121.80262,48.40982],[-121.80307,48.40902],[-121.80367,48.40909],[-121.8039,48.40942],[-121.80358,48.40995],[-121.80383,48.41029],[-121.80431,48.4104],[-121.80423,48.40997],[-121.80462,48.40981],[-121.80484,48.41032],[-121.80566,48.40991],[-121.80531,48.40993],[-121.8051,48.40932],[-121.80476,48.40916],[-121.80485,48.40873],[-121.80527,48.40875],[-121.80587,48.40952],[-121.80585,48.40971],[-121.80634,48.40905],[-121.80622,48.40882],[-121.8067,48.40834],[-121.8071,48.40825],[-121.80747,48.40836],[-121.80747,48.40781],[-121.80604,48.40753],[-121.80546,48.4076],[-121.80499,48.4074],[-121.80459,48.40682],[-121.80521,48.40571],[-121.80591,48.40551],[-121.80731,48.40437],[-121.80825,48.40407],[-121.80865,48.40422],[-121.81035,48.40422],[-121.8101,48.40454],[-121.80998,48.40553],[-121.81021,48.40579],[-121.81147,48.4057],[-121.81147,48.40593],[-121.81051,48.406],[-121.81076,48.40683],[-121.81016,48.40707],[-121.81042,48.40775],[-121.81079,48.40777],[-121.81091,48.40802],[-121.81051,48.40843],[-121.81034,48.40886],[-121.81044,48.40953],[-121.81093,48.40946],[-121.81104,48.40989],[-121.81073,48.41013],[-121.80846,48.41049]]]},"properties":{"fire_id":"ufid:2024-WAMSF-000435","source_collection":"history-2024","source_objectid":36024,"incident_name":"Gee Lake","mapped_acres":40.0,"mapped_acres_source":"poly_GISAcres","gis_acres":40.0,"auto_acres":40.06804411566656,"reported_acres":40.0,"percent_contained":null,"state":"WA","state_wfigs":"US-WA","county":"Skagit","discovery_time_utc":"2024-10-05T00:21:00Z","perimeter_time_utc":"2024-12-19T20:32:31Z","perimeter_edit_time_utc":"2024-12-19T20:32:31Z","incident_modified_time_utc":"2024-12-19T19:53:28Z","containment_time_utc":"2024-10-15T23:56:00Z","control_time_utc":"2024-10-20T23:00:00Z","fire_out_time_utc":"2024-12-13T18:00:00Z","fire_cause":"Human","fire_cause_general":"Debris and open burning","map_method":"Hand Sketch","source_dataset":"FFP","unique_fire_identifier":"2024-WAMSF-000435","irwin_id":"{702052CD-9CBD-4CE7-A079-811227F06089}","global_id":"8715f542-decc-4629-9012-8ba23c1ccda5"}},{"type":"Feature","geometry":{"type":"Polygon","coordinates":[[[-121.11627,48.22335],[-121.11235,48.22437],[-121.11157,48.2253],[-121.11391,48.22641],[-121.1156,48.22699],[-121.11529,48.22792],[-121.11458,48.22867],[-121.11365,48.22878],[-121.11297,48.22927],[-121.11211,48.22927],[-121.11203,48.22874],[-121.11121,48.228],[-121.11012,48.22774],[-121.10825,48.22756],[-121.10698,48.2279],[-121.10598,48.22685],[-121.10531,48.22694],[-121.1048,48.22753],[-121.10416,48.2266],[-121.10405,48.22594],[-121.10325,48.22554],[-121.10087,48.22529],[-121.09991,48.225],[-121.09948,48.22421],[-121.09986,48.22337],[-121.09975,48.22297],[-121.09927,48.22185],[-121.09867,48.22105],[-121.09904,48.21977],[-121.09912,48.21877],[-121.09966,48.21838],[-121.09981,48.21704],[-121.10125,48.21517],[-121.10227,48.2148],[-121.104,48.21502],[-121.10713,48.21685],[-121.10857,48.21813],[-121.10859,48.21934],[-121.10995,48.21976],[-121.10861,48.21932],[-121.1138,48.21858],[-121.11514,48.21934],[-121.11511,48.22113],[-121.11627,48.22335]]]},"properties":{"fire_id":"ufid:2024-WAMSF-000209","source_collection":"history-2024","source_objectid":36025,"incident_name":"Sulphur Thirty-four","mapped_acres":310.0,"mapped_acres_source":"poly_GISAcres","gis_acres":310.0,"auto_acres":310.0481019688659,"reported_acres":310.0,"percent_contained":null,"state":"WA","state_wfigs":"US-WA","county":"Snohomish","discovery_time_utc":"2024-07-18T14:49:16Z","perimeter_time_utc":"2024-12-20T00:14:42Z","perimeter_edit_time_utc":"2024-12-20T00:14:42Z","incident_modified_time_utc":"2024-12-19T23:12:11Z","containment_time_utc":"2024-11-13T20:00:00Z","control_time_utc":"2024-11-13T20:00:00Z","fire_out_time_utc":"2024-11-14T02:00:00Z","fire_cause":"Natural","fire_cause_general":"Natural","map_method":"Hand Sketch","source_dataset":"FFP","unique_fire_identifier":"2024-WAMSF-000209","irwin_id":"{C888D9F1-F9F4-4026-9276-AA9106FA48D0}","global_id":"befe9e8c-8873-4136-8fd2-d27e83de378e"}},{"type":"Feature","geometry":{"type":"Polygon","coordinates":[[[-121.08262,48.19407],[-121.08289,48.19452],[-121.07678,48.19427],[-121.07548,48.19379],[-121.07565,48.19361],[-121.07596,48.19259],[-121.07552,48.19238],[-121.07548,48.19171],[-121.07589,48.19111],[-121.07847,48.19121],[-121.07955,48.19141],[-121.08023,48.19232],[-121.08094,48.19268],[-121.08262,48.19407]]]},"properties":{"fire_id":"ufid:2024-WAMSF-000211","source_collection":"history-2024","source_objectid":36026,"incident_name":"Dolly Creek","mapped_acres":34.12,"mapped_acres_source":"poly_GISAcres","gis_acres":34.12,"auto_acres":34.11614324666248,"reported_acres":34.12,"percent_contained":null,"state":"WA","state_wfigs":"US-WA","county":"Snohomish","discovery_time_utc":"2024-07-18T14:57:30Z","perimeter_time_utc":"2024-12-19T21:47:50Z","perimeter_edit_time_utc":"2024-12-19T21:47:51Z","incident_modified_time_utc":"2024-11-18T18:13:55Z","containment_time_utc":"2024-11-13T20:00:00Z","control_time_utc":"2024-11-13T20:00:00Z","fire_out_time_utc":"2024-11-14T02:00:00Z","fire_cause":"Natural","fire_cause_general":"Natural","map_method":"IR Image Interpretation","source_dataset":"FFP","unique_fire_identifier":"2024-WAMSF-000211","irwin_id":"{AC4AC549-C2F3-4C84-8E07-1E5AC71A63E9}","global_id":"f4a8fef7-dd86-431e-95d1-63807f808f2c"}},{"type":"Feature","geometry":{"type":"Polygon","coordinates":[[[-121.10378,48.21566],[-121.10502,48.21578],[-121.10618,48.21679],[-121.10609,48.21793],[-121.10559,48.21841],[-121.10543,48.21972],[-121.10359,48.22029],[-121.10282,48.22027],[-121.10191,48.21925],[-121.10184,48.21772],[-121.10223,48.21661],[-121.10173,48.21583],[-121.10311,48.21506],[-121.10378,48.21566]]]},"properties":{"fire_id":"ufid:2024-WAMSF-000208","source_collection":"history-2024","source_objectid":36027,"incident_name":"Sulphur Three","mapped_acres":34.4,"mapped_acres_source":"poly_GISAcres","gis_acres":34.4,"auto_acres":34.39872875937916,"reported_acres":0.1,"percent_contained":null,"state":"WA","state_wfigs":"US-WA","county":"Snohomish","discovery_time_utc":"2024-07-18T14:49:15Z","perimeter_time_utc":"2024-12-19T22:57:44Z","perimeter_edit_time_utc":"2024-12-19T22:57:44Z","incident_modified_time_utc":"2024-11-18T18:10:17Z","containment_time_utc":"2024-11-13T20:00:00Z","control_time_utc":"2024-11-13T20:00:00Z","fire_out_time_utc":"2024-11-14T02:00:00Z","fire_cause":"Natural","fire_cause_general":"Natural","map_method":"IR Image Interpretation","source_dataset":"FFP","unique_fire_identifier":"2024-WAMSF-000208","irwin_id":"{1FBFAFA7-AB5D-4ADA-953E-1CE22C9287F3}","global_id":"bed0e3c3-163e-477a-8d79-27b2d9be6354"}},{"type":"Feature","geometry":{"type":"Polygon","coordinates":[[[-121.01512,48.18738],[-121.0149,48.18845],[-121.01524,48.18942],[-121.01302,48.18898],[-121.013,48.18802],[-121.01263,48.1877],[-121.01269,48.18725],[-121.01325,48.18691],[-121.01447,48.18674],[-121.01467,48.18706],[-121.01512,48.18738]]]},"properties":{"fire_id":"ufid:2024-WAMSF-000249","source_collection":"history-2024","source_objectid":36028,"incident_name":"Middle Ridge","mapped_acres":9.89,"mapped_acres_source":"poly_GISAcres","gis_acres":9.89,"auto_acres":9.976026115901753,"reported_acres":9.89,"percent_contained":null,"state":"WA","state_wfigs":"US-WA","county":"Snohomish","discovery_time_utc":"2024-07-28T19:21:48Z","perimeter_time_utc":"2024-12-19T21:45:51Z","perimeter_edit_time_utc":"2024-12-19T21:45:51Z","incident_modified_time_utc":"2024-11-18T21:12:05Z","containment_time_utc":"2024-11-14T02:00:00Z","control_time_utc":"2024-11-14T02:00:00Z","fire_out_time_utc":"2024-11-14T02:00:00Z","fire_cause":"Natural","fire_cause_general":"Natural","map_method":"IR Image Interpretation","source_dataset":"FFP","unique_fire_identifier":"2024-WAMSF-000249","irwin_id":"{C0E3FA5C-2B43-4996-9358-F6CEDA6D35F1}","global_id":"a19fbd4e-a98a-4b24-8494-0e880865433c"}},{"type":"Feature","geometry":{"type":"Polygon","coordinates":[[[-121.1269,48.23319],[-121.12555,48.23303],[-121.12478,48.23187],[-121.12438,48.23061],[-121.12384,48.23034],[-121.12333,48.23101],[-121.12153,48.23182],[-121.12041,48.23118],[-121.12028,48.23085],[-121.1197,48.23047],[-121.11963,48.22962],[-121.12106,48.22757],[-121.12185,48.22715],[-121.12166,48.22621],[-121.12227,48.22585],[-121.12368,48.22588],[-121.12525,48.22484],[-121.12427,48.22371],[-121.12525,48.22354],[-121.12643,48.22279],[-121.12819,48.22238],[-121.12862,48.22202],[-121.12961,48.22166],[-121.13119,48.22171],[-121.13519,48.22224],[-121.13663,48.22312],[-121.13758,48.22349],[-121.13897,48.22375],[-121.14046,48.22448],[-121.14129,48.2246],[-121.14306,48.22534],[-121.14326,48.22669],[-121.14347,48.22696],[-121.14715,48.22941],[-121.14856,48.23099],[-121.15095,48.23271],[-121.1534,48.23509],[-121.15384,48.23675],[-121.15412,48.23872],[-121.15335,48.24151],[-121.15176,48.24453],[-121.15162,48.2471],[-121.15111,48.24748],[-121.15054,48.24729],[-121.14928,48.2453],[-121.14918,48.24442],[-121.14786,48.24374],[-121.14645,48.24385],[-121.14438,48.24262],[-121.14454,48.24183],[-121.14378,48.24043],[-121.14533,48.24015],[-121.14469,48.2392],[-121.14501,48.23878],[-121.14343,48.23853],[-121.14127,48.23724],[-121.13993,48.23629],[-121.13846,48.23409],[-121.13753,48.23382],[-121.13678,48.23338],[-121.13521,48.23218],[-121.13381,48.23145],[-121.13282,48.23141],[-121.13081,48.23084],[-121.12996,48.23102],[-121.1269,48.23319]]]},"properties":{"fire_id":"ufid:2024-WAMSF-000219","source_collection":"history-2024","source_objectid":36029,"incident_name":"Upper Sulphur Thirty-two","mapped_acres":0.1,"mapped_acres_source":"poly_GISAcres","gis_acres":0.1,"auto_acres":711.2899491371377,"reported_acres":711.29,"percent_contained":null,"state":"WA","state_wfigs":"US-WA","county":"Snohomish","discovery_time_utc":"2024-07-19T20:51:12Z","perimeter_time_utc":"2024-12-20T16:11:36Z","perimeter_edit_time_utc":"2024-12-20T16:11:37Z","incident_modified_time_utc":"2024-12-19T21:41:53Z","containment_time_utc":"2024-11-13T20:00:00Z","control_time_utc":"2024-11-13T20:00:00Z","fire_out_time_utc":"2024-11-14T02:00:00Z","fire_cause":"Natural","fire_cause_general":"Natural","map_method":"Hand Sketch","source_dataset":"FFP","unique_fire_identifier":"2024-WAMSF-000219","irwin_id":"{26C2ADD7-9128-4A08-9745-ED61EDD98D96}","global_id":"0dc6241a-47c9-45c8-982b-8362bf9669aa"}},{"type":"Feature","geometry":{"type":"Polygon","coordinates":[[[-121.11454,48.21904],[-121.11447,48.21906],[-121.11449,48.21902],[-121.11454,48.21904]]]},"properties":{"fire_id":"ufid:2024-WAMSF-000214","source_collection":"history-2024","source_objectid":36030,"incident_name":"Sulphur Four","mapped_acres":29.85,"mapped_acres_source":"poly_GISAcres","gis_acres":29.85,"auto_acres":0.005023157795548881,"reported_acres":0.1,"percent_contained":null,"state":"WA","state_wfigs":"US-WA","county":"Snohomish","discovery_time_utc":"2024-07-18T22:49:00Z","perimeter_time_utc":"2024-12-20T00:36:23Z","perimeter_edit_time_utc":"2024-12-20T00:36:24Z","incident_modified_time_utc":"2024-12-19T23:45:54Z","containment_time_utc":"2024-11-13T20:00:00Z","control_time_utc":"2024-11-13T20:00:00Z","fire_out_time_utc":"2024-11-14T02:00:00Z","fire_cause":"Natural","fire_cause_general":"Natural","map_method":"IR Image Interpretation","source_dataset":"FFP","unique_fire_identifier":"2024-WAMSF-000214","irwin_id":"{41BC9562-94FE-4F3A-BAEF-95961ADC9D22}","global_id":"f0a9aa77-63f8-40c3-86bf-634d30f15839"}},{"type":"Feature","geometry":{"type":"Polygon","coordinates":[[[-120.97896,48.21383],[-120.97996,48.21393],[-120.98236,48.21469],[-120.98296,48.21525],[-120.98152,48.21552],[-120.98094,48.21539],[-120.97747,48.21519],[-120.97659,48.21492],[-120.97779,48.21436],[-120.97863,48.21413],[-120.97896,48.21383]]]},"properties":{"fire_id":"ufid:2024-WAMSF-000227","source_collection":"history-2024","source_objectid":36032,"incident_name":"Plummer Mountain","mapped_acres":12.57,"mapped_acres_source":"poly_GISAcres","gis_acres":12.57,"auto_acres":12.573201106599399,"reported_acres":0.1,"percent_contained":0.0,"state":"WA","state_wfigs":"US-WA","county":"Snohomish","discovery_time_utc":"2024-07-21T01:23:46Z","perimeter_time_utc":"2024-12-19T21:44:51Z","perimeter_edit_time_utc":"2024-12-19T21:44:52Z","incident_modified_time_utc":"2025-01-08T17:42:14Z","containment_time_utc":"2024-11-13T20:00:00Z","control_time_utc":"2024-11-13T20:00:00Z","fire_out_time_utc":"2024-11-14T02:00:00Z","fire_cause":"Undetermined","fire_cause_general":null,"map_method":"IR Image Interpretation","source_dataset":"Decertified","unique_fire_identifier":"2024-WAMSF-000227","irwin_id":"{76C63243-7F03-48C9-A44C-AEE0345F6313}","global_id":"170a09c2-758b-4161-8397-2b5b35ebf146"}},{"type":"Feature","geometry":{"type":"Polygon","coordinates":[[[-121.07714,48.1767],[-121.0764,48.17692],[-121.07633,48.17618],[-121.07685,48.17558],[-121.07797,48.17515],[-121.0783,48.17545],[-121.07867,48.17645],[-121.0778,48.17692],[-121.07763,48.17721],[-121.07713,48.17705],[-121.07738,48.17702],[-121.07714,48.1767]]]},"properties":{"fire_id":"ufid:2024-WAMSF-000210","source_collection":"history-2024","source_objectid":36033,"incident_name":"Vista Ridge","mapped_acres":0.1,"mapped_acres_source":"poly_GISAcres","gis_acres":0.1,"auto_acres":6.016257569741141,"reported_acres":6.02,"percent_contained":null,"state":"WA","state_wfigs":"US-WA","county":"Snohomish","discovery_time_utc":"2024-07-18T14:49:17Z","perimeter_time_utc":"2024-12-19T22:28:20Z","perimeter_edit_time_utc":"2024-12-19T22:28:21Z","incident_modified_time_utc":"2024-12-19T21:41:13Z","containment_time_utc":"2024-11-13T20:00:00Z","control_time_utc":"2024-11-13T20:00:00Z","fire_out_time_utc":"2024-11-14T02:00:00Z","fire_cause":"Natural","fire_cause_general":"Natural","map_method":"Hand Sketch","source_dataset":"FFP","unique_fire_identifier":"2024-WAMSF-000210","irwin_id":"{057C8CFD-839F-44F7-86DD-B43F32F86807}","global_id":"4fbd526d-436a-476b-a220-f03e516e1391"}},{"type":"Feature","geometry":{"type":"Polygon","coordinates":[[[-121.03169,48.20537],[-121.03052,48.20653],[-121.02957,48.20682],[-121.02709,48.2064],[-121.02766,48.20601],[-121.02748,48.20543],[-121.02788,48.20521],[-121.02805,48.20482],[-121.0286,48.20466],[-121.02983,48.20519],[-121.03027,48.20519],[-121.03039,48.2048],[-121.03076,48.20457],[-121.03188,48.20475],[-121.03169,48.20537]]]},"properties":{"fire_id":"ufid:2024-WAMSF-000203","source_collection":"history-2024","source_objectid":36034,"incident_name":"Miners","mapped_acres":13.82,"mapped_acres_source":"poly_GISAcres","gis_acres":13.82,"auto_acres":13.822159829354968,"reported_acres":13.82,"percent_contained":null,"state":"WA","state_wfigs":"US-WA","county":"Snohomish","discovery_time_utc":"2024-07-18T01:39:00Z","perimeter_time_utc":"2024-12-19T22:33:21Z","perimeter_edit_time_utc":"2024-12-19T22:33:22Z","incident_modified_time_utc":"2024-12-19T22:31:45Z","containment_time_utc":"2024-11-13T20:30:00Z","control_time_utc":"2024-11-13T20:30:00Z","fire_out_time_utc":"2024-11-14T02:00:00Z","fire_cause":"Natural","fire_cause_general":"Natural","map_method":"IR Image Interpretation","source_dataset":"FFP","unique_fire_identifier":"2024-WAMSF-000203","irwin_id":"{E6B29755-8473-43C4-81EC-1EFB77F8C9DF}","global_id":"1619a1cc-e185-43a6-8814-128963852ff5"}},{"type":"Feature","geometry":{"type":"Polygon","coordinates":[[[-123.48061,47.00677],[-123.48024,47.00692],[-123.47974,47.00681],[-123.47954,47.00652],[-123.48046,47.0062],[-123.48058,47.0064],[-123.48037,47.0065],[-123.4806,47.00656],[-123.48061,47.00677]]]},"properties":{"fire_id":"ufid:2024-WAOLS-000042","source_collection":"history-2024","source_objectid":36260,"incident_name":"MOORE ROAD","mapped_acres":1.0,"mapped_acres_source":"poly_GISAcres","gis_acres":1.0,"auto_acres":1.0076919115363427,"reported_acres":1.0,"percent_contained":null,"state":"WA","state_wfigs":"US-WA","county":"Grays Harbor","discovery_time_utc":"2024-07-08T21:54:59Z","perimeter_time_utc":"2025-01-02T21:07:30Z","perimeter_edit_time_utc":"2025-01-02T21:07:30Z","incident_modified_time_utc":"2024-08-14T00:02:12Z","containment_time_utc":"2024-07-09T05:04:00Z","control_time_utc":"2024-07-09T05:04:00Z","fire_out_time_utc":"2024-07-15T21:46:00Z","fire_cause":"Human","fire_cause_general":"Debris and open burning","map_method":"Auto-generated","source_dataset":"FFP","unique_fire_identifier":"2024-WAOLS-000042","irwin_id":"{44262AFC-1326-48D7-85C2-7DC9BBD21461}","global_id":"4a372ef8-3d87-4d82-a007-1ef34fcd13ac"}},{"type":"Feature","geometry":{"type":"MultiPolygon","coordinates":[[[[-120.73804,48.57335],[-120.73774,48.57328],[-120.73804,48.57295],[-120.73865,48.57275],[-120.73885,48.57295],[-120.73804,48.57335]]],[[[-120.74261,48.57523],[-120.74241,48.57516],[-120.74241,48.57489],[-120.74281,48.57463],[-120.74322,48.57483],[-120.74261,48.57523]]],[[[-120.73642,48.57637],[-120.73692,48.5759],[-120.73682,48.57563],[-120.73631,48.57523],[-120.73662,48.57456],[-120.73753,48.57436],[-120.73885,48.57382],[-120.73904,48.57432],[-120.73825,48.5747],[-120.73845,48.57516],[-120.73845,48.5755],[-120.73906,48.57604],[-120.73926,48.57644],[-120.73916,48.57765],[-120.74017,48.57778],[-120.74017,48.57819],[-120.73906,48.57859],[-120.73784,48.57859],[-120.73733,48.57778],[-120.73703,48.57698],[-120.73611,48.57691],[-120.73642,48.57637]]],[[[-120.79112,48.61059],[-120.78797,48.61015],[-120.78722,48.60987],[-120.78649,48.61003],[-120.7858,48.60958],[-120.78588,48.60942],[-120.78519,48.60861],[-120.7853,48.60823],[-120.78578,48.60798],[-120.78537,48.60707],[-120.78561,48.60694],[-120.7855,48.60661],[-120.78579,48.60572],[-120.78529,48.60436],[-120.78446,48.60341],[-120.78434,48.60284],[-120.78463,48.60262],[-120.78479,48.60201],[-120.78541,48.60202],[-120.78637,48.6017],[-120.78743,48.60106],[-120.78916,48.60154],[-120.78904,48.601],[-120.78872,48.6008],[-120.78839,48.60078],[-120.78833,48.60065],[-120.78917,48.60028],[-120.78966,48.60032],[-120.79005,48.60016],[-120.78979,48.59973],[-120.789,48.59966],[-120.78803,48.60015],[-120.78718,48.60037],[-120.78665,48.60073],[-120.78665,48.60085],[-120.78443,48.60115],[-120.78283,48.60169],[-120.78167,48.60192],[-120.78157,48.60215],[-120.78091,48.60229],[-120.78013,48.60199],[-120.78055,48.60191],[-120.78018,48.60161],[-120.77953,48.60164],[-120.77923,48.60133],[-120.77927,48.60115],[-120.77949,48.6009],[-120.78035,48.60056],[-120.78068,48.60023],[-120.78044,48.59994],[-120.7808,48.59976],[-120.78065,48.5997],[-120.78061,48.59948],[-120.78086,48.59921],[-120.78012,48.59895],[-120.78002,48.59883],[-120.78018,48.59877],[-120.7799,48.59857],[-120.77935,48.59864],[-120.77863,48.59793],[-120.77871,48.59784],[-120.77916,48.59796],[-120.77945,48.59747],[-120.77969,48.59753],[-120.77984,48.59737],[-120.77547,48.59542],[-120.77367,48.59406],[-120.77183,48.59235],[-120.7713,48.59225],[-120.77097,48.59196],[-120.77099,48.5918],[-120.77116,48.59173],[-120.77043,48.59106],[-120.76977,48.59118],[-120.76978,48.59084],[-120.76991,48.59069],[-120.76945,48.59027],[-120.76875,48.59002],[-120.76868,48.58987],[-120.76927,48.58975],[-120.76875,48.58917],[-120.76824,48.58932],[-120.76754,48.58923],[-120.76724,48.58893],[-120.76754,48.58876],[-120.76804,48.5889],[-120.76847,48.58885],[-120.76725,48.58748],[-120.76582,48.58773],[-120.76572,48.58759],[-120.76598,48.58747],[-120.76669,48.58738],[-120.76701,48.58721],[-120.76663,48.58677],[-120.76592,48.58685],[-120.76466,48.58646],[-120.76403,48.5859],[-120.76433,48.58583],[-120.76574,48.58637],[-120.7663,48.58641],[-120.76593,48.58597],[-120.76615,48.58595],[-120.76619,48.58532],[-120.76662,48.58469],[-120.7672,48.5846],[-120.76727,48.58416],[-120.76607,48.58397],[-120.7663,48.58359],[-120.76533,48.58344],[-120.76527,48.58322],[-120.76607,48.58318],[-120.76869,48.58216],[-120.76926,48.5825],[-120.77165,48.58194],[-120.77222,48.58137],[-120.77239,48.58077],[-120.77347,48.58069],[-120.77381,48.58039],[-120.77416,48.5803],[-120.77364,48.5801],[-120.7725,48.58017],[-120.77233,48.57998],[-120.77171,48.57987],[-120.7708,48.5799],[-120.77,48.58002],[-120.76994,48.58009],[-120.77011,48.58024],[-120.77006,48.58062],[-120.76795,48.58088],[-120.76664,48.58036],[-120.76522,48.58043],[-120.76516,48.58017],[-120.76561,48.57998],[-120.76579,48.57975],[-120.7655,48.57938],[-120.76556,48.57926],[-120.76641,48.57896],[-120.76687,48.57949],[-120.76778,48.57983],[-120.76806,48.57964],[-120.76778,48.57938],[-120.76795,48.57923],[-120.76823,48.57926],[-120.7684,48.57957],[-120.7688,48.57923],[-120.77028,48.57923],[-120.77028,48.57874],[-120.77137,48.57813],[-120.77154,48.57844],[-120.77151,48.57821],[-120.77375,48.57815],[-120.7736,48.57792],[-120.77118,48.57709],[-120.77053,48.57619],[-120.77051,48.57575],[-120.77001,48.57533],[-120.76985,48.57497],[-120.76934,48.57461],[-120.76956,48.57456],[-120.76941,48.57403],[-120.76751,48.57337],[-120.76677,48.57355],[-120.76667,48.57348],[-120.76703,48.57301],[-120.76482,48.5731],[-120.76499,48.57294],[-120.7644,48.57253],[-120.76309,48.57213],[-120.76253,48.57177],[-120.76403,48.5715],[-120.76269,48.57104],[-120.76248,48.57067],[-120.76221,48.57048],[-120.76217,48.57022],[-120.7617,48.5702],[-120.76154,48.57041],[-120.76111,48.57049],[-120.7609,48.57077],[-120.7604,48.57097],[-120.75724,48.57108],[-120.75665,48.57135],[-120.75548,48.57153],[-120.75536,48.57132],[-120.75551,48.57099],[-120.75523,48.57102],[-120.75504,48.5708],[-120.75483,48.57042],[-120.7547,48.56969],[-120.75442,48.56936],[-120.75331,48.56969],[-120.75283,48.5702],[-120.75246,48.57024],[-120.75261,48.5706],[-120.75283,48.57077],[-120.75265,48.57102],[-120.75338,48.57162],[-120.75328,48.57202],[-120.75292,48.57243],[-120.7522,48.57239],[-120.75131,48.57272],[-120.75104,48.57234],[-120.75054,48.57227],[-120.75034,48.57254],[-120.74992,48.57179],[-120.7499,48.57101],[-120.74746,48.57221],[-120.74788,48.57244],[-120.74817,48.57282],[-120.74813,48.57315],[-120.7477,48.57339],[-120.74784,48.57349],[-120.74744,48.57408],[-120.74793,48.57416],[-120.74819,48.57471],[-120.74801,48.5749],[-120.7482,48.57597],[-120.74783,48.57657],[-120.74822,48.57731],[-120.74823,48.57786],[-120.74763,48.57808],[-120.74721,48.57855],[-120.74631,48.57835],[-120.74567,48.57844],[-120.74456,48.57747],[-120.74369,48.57753],[-120.74317,48.5772],[-120.74302,48.57758],[-120.7417,48.57778],[-120.7418,48.57758],[-120.74159,48.57725],[-120.74109,48.57731],[-120.74109,48.57704],[-120.7418,48.57671],[-120.74149,48.57631],[-120.74078,48.57617],[-120.74027,48.57563],[-120.74068,48.5753],[-120.74149,48.57523],[-120.7421,48.57584],[-120.74266,48.57602],[-120.74281,48.57576],[-120.74241,48.57584],[-120.74231,48.57557],[-120.74271,48.5753],[-120.74299,48.57537],[-120.74321,48.57516],[-120.74379,48.57517],[-120.74373,48.57498],[-120.74401,48.57458],[-120.74378,48.57412],[-120.74399,48.5739],[-120.74383,48.57376],[-120.74333,48.5739],[-120.74104,48.574],[-120.74033,48.57324],[-120.7415,48.57321],[-120.74148,48.57284],[-120.74163,48.57258],[-120.74198,48.5726],[-120.74151,48.57227],[-120.74145,48.57216],[-120.74164,48.57201],[-120.74212,48.57215],[-120.74219,48.57248],[-120.74253,48.57258],[-120.74272,48.57254],[-120.7431,48.57214],[-120.74296,48.57179],[-120.74307,48.57166],[-120.74447,48.57182],[-120.74476,48.57173],[-120.74483,48.57149],[-120.74504,48.57154],[-120.74562,48.57043],[-120.74585,48.57036],[-120.74588,48.57018],[-120.7456,48.56977],[-120.74566,48.56965],[-120.74693,48.56924],[-120.74651,48.56884],[-120.74648,48.56833],[-120.74735,48.56837],[-120.74752,48.56859],[-120.74745,48.56869],[-120.74792,48.5688],[-120.74872,48.5694],[-120.74907,48.56895],[-120.74916,48.56837],[-120.74927,48.56837],[-120.74814,48.56753],[-120.74788,48.56705],[-120.74921,48.56747],[-120.75,48.56741],[-120.7502,48.56754],[-120.75019,48.56811],[-120.7503,48.56827],[-120.75072,48.56822],[-120.75128,48.56898],[-120.75218,48.56917],[-120.75401,48.56898],[-120.75362,48.56867],[-120.75361,48.5684],[-120.75371,48.56836],[-120.75367,48.56821],[-120.75421,48.56784],[-120.75407,48.56774],[-120.75421,48.56763],[-120.75387,48.56724],[-120.75387,48.56701],[-120.75351,48.56648],[-120.75365,48.56648],[-120.75363,48.56632],[-120.75398,48.56649],[-120.75415,48.56681],[-120.75508,48.56623],[-120.75548,48.56645],[-120.75637,48.5664],[-120.75669,48.5658],[-120.75765,48.56656],[-120.75822,48.56612],[-120.75842,48.56549],[-120.75905,48.56529],[-120.75974,48.56526],[-120.76078,48.56544],[-120.76145,48.56568],[-120.76268,48.56587],[-120.7632,48.56621],[-120.7632,48.56586],[-120.76528,48.56573],[-120.7655,48.566],[-120.76645,48.5661],[-120.76731,48.56688],[-120.76774,48.56689],[-120.76842,48.56668],[-120.76854,48.56691],[-120.77016,48.56743],[-120.77046,48.56708],[-120.77224,48.56741],[-120.77407,48.56734],[-120.77445,48.56808],[-120.77407,48.56813],[-120.77338,48.56785],[-120.77231,48.56764],[-120.77181,48.56776],[-120.7721,48.56785],[-120.77212,48.5681],[-120.77388,48.56854],[-120.77375,48.56889],[-120.7738,48.56913],[-120.77424,48.56921],[-120.77412,48.56949],[-120.77461,48.56936],[-120.77628,48.56852],[-120.77728,48.56838],[-120.77788,48.5697],[-120.77687,48.57025],[-120.77666,48.5702],[-120.77639,48.57043],[-120.77624,48.57113],[-120.77632,48.572],[-120.77613,48.57262],[-120.77571,48.5731],[-120.77669,48.57368],[-120.77654,48.57397],[-120.77609,48.57401],[-120.77617,48.57423],[-120.77814,48.57462],[-120.77878,48.57521],[-120.77939,48.57585],[-120.77837,48.5758],[-120.77953,48.57684],[-120.77887,48.57705],[-120.77817,48.57694],[-120.778,48.57767],[-120.77788,48.57768],[-120.77799,48.57789],[-120.77759,48.57795],[-120.77921,48.57935],[-120.781,48.57903],[-120.78236,48.57946],[-120.78449,48.5795],[-120.78483,48.5801],[-120.7865,48.58044],[-120.79012,48.58077],[-120.79009,48.58262],[-120.79023,48.58357],[-120.79091,48.58457],[-120.79454,48.58451],[-120.79555,48.58553],[-120.79415,48.58691],[-120.79436,48.58735],[-120.79478,48.58768],[-120.79467,48.58785],[-120.79508,48.58821],[-120.79639,48.58847],[-120.79818,48.58907],[-120.79851,48.58943],[-120.79957,48.58958],[-120.79975,48.58996],[-120.79988,48.58999],[-120.80042,48.59005],[-120.80157,48.58946],[-120.80164,48.58979],[-120.80099,48.59019],[-120.80197,48.59113],[-120.80311,48.59086],[-120.80347,48.5922],[-120.80341,48.59249],[-120.80365,48.59387],[-120.80387,48.59459],[-120.80424,48.59514],[-120.80455,48.59646],[-120.80558,48.59734],[-120.80631,48.59825],[-120.80644,48.59824],[-120.80633,48.59827],[-120.80672,48.59831],[-120.80786,48.59941],[-120.80778,48.59978],[-120.81022,48.60156],[-120.81166,48.60288],[-120.81129,48.60292],[-120.80977,48.60367],[-120.80963,48.60394],[-120.80969,48.60419],[-120.80996,48.60436],[-120.80997,48.60465],[-120.80953,48.60543],[-120.81033,48.60933],[-120.80705,48.61066],[-120.80209,48.61159],[-120.80058,48.61166],[-120.79822,48.61156],[-120.79711,48.61132],[-120.79592,48.61082],[-120.79447,48.6109],[-120.79229,48.61053],[-120.79112,48.61059]]]]},"properties":{"fire_id":"ufid:2024-WAOWF-000435","source_collection":"history-2024","source_objectid":36449,"incident_name":"EASY","mapped_acres":2130.38,"mapped_acres_source":"poly_GISAcres","gis_acres":2130.38,"auto_acres":2130.3716968595795,"reported_acres":2130.0,"percent_contained":null,"state":"WA","state_wfigs":"US-WA","county":"Skagit","discovery_time_utc":"2024-07-18T02:55:00Z","perimeter_time_utc":"2025-01-13T17:08:54Z","perimeter_edit_time_utc":"2025-01-13T17:08:54Z","incident_modified_time_utc":"2025-01-06T18:04:50Z","containment_time_utc":null,"control_time_utc":null,"fire_out_time_utc":"2025-01-31T17:07:00Z","fire_cause":"Natural","fire_cause_general":"Natural","map_method":"Mixed Methods","source_dataset":"FFP","unique_fire_identifier":"2024-WAOWF-000435","irwin_id":"{FD556A20-0FCF-44B0-8B91-B98C164F9249}","global_id":"523c9e85-4d65-4d39-b04f-0850b42f9929"}},{"type":"Feature","geometry":{"type":"Polygon","coordinates":[[[-120.88733,45.65434],[-120.88852,45.65173],[-120.88963,45.65134],[-120.8904,45.65027],[-120.8936,45.64856],[-120.89452,45.64826],[-120.89558,45.64816],[-120.89849,45.6482],[-120.90083,45.64779],[-120.90264,45.64833],[-120.90444,45.64815],[-120.90724,45.64755],[-120.90867,45.64744],[-120.90923,45.6476],[-120.90933,45.64837],[-120.90853,45.6492],[-120.90886,45.65035],[-120.90859,45.65109],[-120.90832,45.65158],[-120.90705,45.65301],[-120.90643,45.65431],[-120.90492,45.65542],[-120.90262,45.65635],[-120.90231,45.65672],[-120.89882,45.65779],[-120.8974,45.65809],[-120.89621,45.65904],[-120.89576,45.65959],[-120.89443,45.66031],[-120.89379,45.66035],[-120.88953,45.65935],[-120.88911,45.65938],[-120.88762,45.6586],[-120.88673,45.65704],[-120.88727,45.65631],[-120.88733,45.65434]]]},"properties":{"fire_id":"ufid:2024-ORCGF-001400","source_collection":"history-2024","source_objectid":36703,"incident_name":"MILLER ISLAND","mapped_acres":402.6603,"mapped_acres_source":"poly_GISAcres","gis_acres":402.6603,"auto_acres":402.6587785765622,"reported_acres":402.66,"percent_contained":null,"state":"WA","state_wfigs":"US-WA","county":"Klickitat","discovery_time_utc":"2024-10-16T22:52:17Z","perimeter_time_utc":"2025-01-24T23:08:32Z","perimeter_edit_time_utc":"2025-01-24T23:08:32Z","incident_modified_time_utc":"2024-12-06T23:46:30Z","containment_time_utc":"2024-10-30T18:49:00Z","control_time_utc":"2024-11-04T16:48:00Z","fire_out_time_utc":"2024-11-22T16:48:00Z","fire_cause":"Human","fire_cause_general":"Undetermined","map_method":"Mixed Methods","source_dataset":"FFP","unique_fire_identifier":"2024-ORCGF-001400","irwin_id":"{A711A56D-CBB3-48AA-BE5C-6F88DF9C25D6}","global_id":"7d292a1c-8cfa-48a0-9242-2a8e43fd30df"}},{"type":"Feature","geometry":{"type":"Polygon","coordinates":[[[-121.39011,45.72484],[-121.39083,45.72535],[-121.39098,45.72537],[-121.39092,45.72525],[-121.3914,45.72536],[-121.39196,45.72559],[-121.39202,45.72574],[-121.39275,45.72595],[-121.39318,45.72654],[-121.39477,45.72736],[-121.3951,45.72818],[-121.39436,45.72895],[-121.39329,45.72863],[-121.39173,45.72767],[-121.39158,45.72734],[-121.3905,45.72653],[-121.38796,45.72531],[-121.38722,45.72527],[-121.38702,45.72493],[-121.38612,45.72499],[-121.38518,45.72457],[-121.38483,45.72464],[-121.38378,45.72452],[-121.3832,45.72427],[-121.38316,45.72414],[-121.3828,45.72414],[-121.38123,45.72363],[-121.38048,45.72351],[-121.37994,45.72318],[-121.37969,45.72386],[-121.37941,45.72357],[-121.37792,45.72274],[-121.37765,45.72246],[-121.37676,45.72209],[-121.37628,45.72206],[-121.37595,45.72178],[-121.37587,45.72188],[-121.3752,45.72162],[-121.37499,45.7214],[-121.37456,45.72127],[-121.37401,45.72089],[-121.37383,45.72092],[-121.3733,45.7205],[-121.37276,45.72029],[-121.37202,45.71966],[-121.36993,45.71857],[-121.36893,45.71841],[-121.3689,45.71817],[-121.36863,45.71808],[-121.36805,45.71748],[-121.36747,45.71718],[-121.36673,45.71653],[-121.36655,45.71614],[-121.36696,45.71554],[-121.36712,45.71566],[-121.3674,45.71561],[-121.36798,45.71608],[-121.36815,45.71608],[-121.36851,45.71582],[-121.36853,45.71563],[-121.36907,45.71536],[-121.36946,45.71531],[-121.36962,45.71552],[-121.36995,45.71544],[-121.37005,45.71527],[-121.37074,45.71488],[-121.3713,45.71491],[-121.3722,45.71549],[-121.37256,45.71562],[-121.37273,45.71552],[-121.3725,45.71573],[-121.37275,45.71577],[-121.37296,45.71605],[-121.37274,45.71621],[-121.37273,45.71649],[-121.37251,45.71662],[-121.37285,45.71672],[-121.37303,45.71693],[-121.37319,45.71674],[-121.37372,45.71692],[-121.37378,45.71711],[-121.37395,45.71711],[-121.37412,45.71731],[-121.3768,45.71816],[-121.37681,45.71834],[-121.37716,45.7184],[-121.37723,45.71835],[-121.37712,45.71825],[-121.37742,45.71805],[-121.37746,45.71783],[-121.37759,45.71773],[-121.37784,45.7178],[-121.37808,45.71796],[-121.37825,45.71834],[-121.37964,45.71942],[-121.37937,45.71981],[-121.3795,45.72026],[-121.38101,45.72081],[-121.38146,45.72085],[-121.38143,45.72099],[-121.38193,45.7211],[-121.38188,45.7212],[-121.38231,45.72163],[-121.38309,45.72173],[-121.38342,45.72164],[-121.38411,45.72187],[-121.38443,45.72222],[-121.38514,45.72258],[-121.3856,45.72266],[-121.38582,45.72291],[-121.38576,45.7231],[-121.38631,45.72315],[-121.38646,45.72289],[-121.38659,45.72288],[-121.38697,45.72309],[-121.38732,45.72302],[-121.38807,45.72335],[-121.389,45.72349],[-121.38884,45.72354],[-121.38948,45.72404],[-121.38969,45.72402],[-121.38954,45.72409],[-121.38967,45.72424],[-121.38961,45.72433],[-121.39,45.72463],[-121.38991,45.72467],[-121.39,45.72476],[-121.39023,45.72478],[-121.39011,45.72484]]]},"properties":{"fire_id":"ufid:2024-ORCGF-001390","source_collection":"history-2024","source_objectid":36717,"incident_name":"TOP OF THE WORLD","mapped_acres":170.8026,"mapped_acres_source":"poly_GISAcres","gis_acres":170.8026,"auto_acres":170.80194888709383,"reported_acres":171.0,"percent_contained":null,"state":"WA","state_wfigs":"US-WA","county":"Klickitat","discovery_time_utc":"2024-10-14T23:47:26Z","perimeter_time_utc":"2025-01-25T00:33:34Z","perimeter_edit_time_utc":"2025-01-25T00:33:34Z","incident_modified_time_utc":"2024-10-25T18:07:56Z","containment_time_utc":"2024-10-25T18:00:00Z","control_time_utc":"2025-01-24T23:42:30Z","fire_out_time_utc":"2025-01-24T23:42:30Z","fire_cause":"Human","fire_cause_general":"Debris and open burning","map_method":"Mixed Methods","source_dataset":"FFP","unique_fire_identifier":"2024-ORCGF-001390","irwin_id":"{B18E005C-277C-4EFE-A4B0-82093CFAC532}","global_id":"7272d060-4772-4c9b-81ad-42e421f25c04"}},{"type":"Feature","geometry":{"type":"MultiPolygon","coordinates":[[[[-121.03787,48.67346],[-121.03757,48.67344],[-121.03702,48.67288],[-121.03766,48.6729],[-121.03792,48.67304],[-121.03787,48.67346]]],[[[-121.03808,48.67369],[-121.03805,48.67355],[-121.03828,48.67372],[-121.03808,48.67369]]],[[[-121.06433,48.68005],[-121.06324,48.67945],[-121.06302,48.67902],[-121.06351,48.67912],[-121.06436,48.67956],[-121.06472,48.67981],[-121.06484,48.68011],[-121.06433,48.68005]]],[[[-121.06281,48.68008],[-121.06335,48.68049],[-121.06272,48.68027],[-121.06251,48.68005],[-121.06281,48.68008]]],[[[-121.06262,48.68149],[-121.0625,48.68161],[-121.06209,48.68158],[-121.06202,48.68144],[-121.06072,48.68086],[-121.06065,48.68057],[-121.06246,48.68113],[-121.06262,48.68149]]],[[[-121.03838,48.68615],[-121.03806,48.68565],[-121.03417,48.68396],[-121.03327,48.68411],[-121.03294,48.68364],[-121.03282,48.68279],[-121.03164,48.68221],[-121.02973,48.68219],[-121.02945,48.6817],[-121.02907,48.68146],[-121.03023,48.68062],[-121.02872,48.67995],[-121.02531,48.67895],[-121.0233,48.67978],[-121.02282,48.67945],[-121.02265,48.67986],[-121.02326,48.68026],[-121.02438,48.68054],[-121.02491,48.68107],[-121.02481,48.6816],[-121.02507,48.68155],[-121.02527,48.68197],[-121.02497,48.68241],[-121.02497,48.68266],[-121.02554,48.68314],[-121.02629,48.68354],[-121.0267,48.68351],[-121.02693,48.68342],[-121.02666,48.68306],[-121.0273,48.68282],[-121.02771,48.68292],[-121.02825,48.68337],[-121.02834,48.68407],[-121.02884,48.68424],[-121.02905,48.68469],[-121.02875,48.68504],[-121.02877,48.68564],[-121.02925,48.68632],[-121.02725,48.68562],[-121.026,48.68546],[-121.02629,48.68609],[-121.02718,48.68692],[-121.02738,48.68737],[-121.0278,48.68767],[-121.02789,48.68797],[-121.02961,48.68803],[-121.02977,48.68839],[-121.02973,48.68863],[-121.02934,48.68893],[-121.02937,48.68943],[-121.0301,48.68969],[-121.03023,48.68995],[-121.03007,48.69008],[-121.0298,48.69006],[-121.02843,48.68956],[-121.02736,48.68907],[-121.02698,48.68857],[-121.02664,48.68849],[-121.02613,48.68867],[-121.02513,48.68848],[-121.02381,48.68791],[-121.02247,48.68766],[-121.02149,48.68763],[-121.02131,48.68772],[-121.02145,48.688],[-121.02311,48.68869],[-121.02388,48.68932],[-121.02415,48.68977],[-121.02446,48.68982],[-121.02447,48.68998],[-121.02427,48.68998],[-121.02418,48.69025],[-121.02317,48.6904],[-121.02299,48.69058],[-121.02279,48.69084],[-121.02302,48.69136],[-121.02283,48.69158],[-121.02165,48.6909],[-121.02254,48.69069],[-121.02119,48.6905],[-121.02081,48.69033],[-121.0204,48.68987],[-121.01981,48.68959],[-121.01908,48.689],[-121.01953,48.68851],[-121.01953,48.68828],[-121.02005,48.68807],[-121.01925,48.6879],[-121.0188,48.68804],[-121.0175,48.68799],[-121.01747,48.68821],[-121.01709,48.68821],[-121.01702,48.68814],[-121.0172,48.68794],[-121.01654,48.68771],[-121.01396,48.68764],[-121.01391,48.68745],[-121.01415,48.68725],[-121.01444,48.68736],[-121.01557,48.68695],[-121.01604,48.6869],[-121.01531,48.68639],[-121.01483,48.68631],[-121.01449,48.68652],[-121.01442,48.68636],[-121.01458,48.68615],[-121.01411,48.68601],[-121.01383,48.68619],[-121.01383,48.6859],[-121.01406,48.68558],[-121.01443,48.68537],[-121.01342,48.68521],[-121.01338,48.68488],[-121.01372,48.68402],[-121.01278,48.68382],[-121.0124,48.68412],[-121.01151,48.68416],[-121.01044,48.6837],[-121.01011,48.68337],[-121.01062,48.68325],[-121.01033,48.68296],[-121.01051,48.68282],[-121.01122,48.68296],[-121.01145,48.68282],[-121.01218,48.68306],[-121.01313,48.68271],[-121.01368,48.6829],[-121.01406,48.68285],[-121.0144,48.68308],[-121.01515,48.68287],[-121.01453,48.68253],[-121.01508,48.68149],[-121.01568,48.68166],[-121.0159,48.68255],[-121.01693,48.68211],[-121.01765,48.68296],[-121.01756,48.68256],[-121.0184,48.68269],[-121.01863,48.68321],[-121.01939,48.68392],[-121.02079,48.6838],[-121.02125,48.68342],[-121.02102,48.68303],[-121.02004,48.68277],[-121.01907,48.68204],[-121.01763,48.68168],[-121.0168,48.6818],[-121.0167,48.68153],[-121.01657,48.68149],[-121.01666,48.68092],[-121.01645,48.68068],[-121.01619,48.68064],[-121.01606,48.68024],[-121.01566,48.68007],[-121.01551,48.6797],[-121.01488,48.67938],[-121.01476,48.67921],[-121.01488,48.679],[-121.01412,48.67878],[-121.01343,48.67836],[-121.01298,48.67765],[-121.01313,48.67754],[-121.01324,48.67711],[-121.0136,48.67716],[-121.01445,48.677],[-121.01462,48.67731],[-121.01504,48.67762],[-121.01544,48.67763],[-121.01666,48.67825],[-121.01686,48.67815],[-121.01704,48.67781],[-121.01697,48.6776],[-121.01666,48.67757],[-121.01657,48.67777],[-121.01638,48.67766],[-121.0163,48.67735],[-121.01602,48.67723],[-121.0163,48.67712],[-121.01635,48.67696],[-121.01708,48.67711],[-121.01711,48.67689],[-121.01691,48.67688],[-121.01702,48.6767],[-121.01686,48.67668],[-121.0168,48.67652],[-121.01629,48.67646],[-121.01629,48.67636],[-121.01599,48.67626],[-121.01621,48.67601],[-121.01622,48.67576],[-121.0166,48.6757],[-121.01663,48.67553],[-121.01694,48.67546],[-121.0166,48.67532],[-121.01693,48.67524],[-121.01657,48.67499],[-121.01668,48.67474],[-121.01702,48.67457],[-121.01744,48.67472],[-121.01771,48.67467],[-121.01746,48.67456],[-121.01747,48.67434],[-121.01775,48.67398],[-121.01758,48.67355],[-121.01814,48.67361],[-121.01838,48.6739],[-121.01889,48.67391],[-121.018,48.67419],[-121.01819,48.67448],[-121.01799,48.67461],[-121.01816,48.67481],[-121.01854,48.67494],[-121.01901,48.67435],[-121.0193,48.67439],[-121.01956,48.67528],[-121.02007,48.67549],[-121.02024,48.67569],[-121.02228,48.67626],[-121.0233,48.67616],[-121.02293,48.67576],[-121.02244,48.67566],[-121.02258,48.6749],[-121.02147,48.67479],[-121.02048,48.67444],[-121.02077,48.67428],[-121.02144,48.67433],[-121.02173,48.67409],[-121.02201,48.67358],[-121.02234,48.67376],[-121.02308,48.67364],[-121.02253,48.67337],[-121.02229,48.67297],[-121.02204,48.67284],[-121.02215,48.67251],[-121.02242,48.67237],[-121.02257,48.67193],[-121.02282,48.67182],[-121.02313,48.67193],[-121.02403,48.67182],[-121.024,48.67191],[-121.02495,48.6723],[-121.02568,48.67219],[-121.02624,48.67229],[-121.02632,48.67254],[-121.02662,48.67265],[-121.02651,48.67289],[-121.02657,48.67315],[-121.02749,48.67318],[-121.02838,48.67372],[-121.0286,48.6737],[-121.02888,48.67329],[-121.02947,48.67331],[-121.02966,48.67286],[-121.02946,48.67277],[-121.0298,48.6727],[-121.03041,48.67297],[-121.03049,48.67346],[-121.03107,48.67374],[-121.03123,48.67424],[-121.03215,48.67437],[-121.03184,48.67469],[-121.03192,48.67505],[-121.0328,48.67507],[-121.03372,48.67484],[-121.03388,48.6746],[-121.03422,48.67461],[-121.0342,48.67487],[-121.03527,48.67462],[-121.03563,48.67465],[-121.03557,48.67447],[-121.03602,48.6745],[-121.03593,48.6742],[-121.03637,48.67431],[-121.03651,48.67457],[-121.03778,48.6745],[-121.03782,48.67432],[-121.03865,48.67392],[-121.03869,48.67356],[-121.03913,48.6737],[-121.0398,48.67345],[-121.03972,48.67308],[-121.03897,48.67304],[-121.03858,48.67274],[-121.03823,48.67266],[-121.03809,48.67246],[-121.03856,48.67254],[-121.03894,48.67281],[-121.03951,48.67281],[-121.03957,48.67258],[-121.03937,48.67245],[-121.03944,48.67224],[-121.03897,48.672],[-121.03912,48.6719],[-121.03926,48.672],[-121.03947,48.67182],[-121.0395,48.67156],[-121.03992,48.67138],[-121.04029,48.6716],[-121.04092,48.6717],[-121.04095,48.67117],[-121.04135,48.67112],[-121.04153,48.67149],[-121.04207,48.67162],[-121.04241,48.67207],[-121.04317,48.6723],[-121.0432,48.67256],[-121.04203,48.6725],[-121.04278,48.67282],[-121.04273,48.67325],[-121.04292,48.67333],[-121.04293,48.67315],[-121.04411,48.67282],[-121.0454,48.67321],[-121.0456,48.67309],[-121.04608,48.67329],[-121.04611,48.67349],[-121.04644,48.67345],[-121.04643,48.67374],[-121.04611,48.67396],[-121.04671,48.67513],[-121.04672,48.67489],[-121.04716,48.67479],[-121.04812,48.67498],[-121.04829,48.6754],[-121.04914,48.67517],[-121.04915,48.67481],[-121.04944,48.67467],[-121.05054,48.67456],[-121.05071,48.67484],[-121.04967,48.67517],[-121.04957,48.67546],[-121.04921,48.67577],[-121.04993,48.67579],[-121.05053,48.67609],[-121.0508,48.67646],[-121.05125,48.67644],[-121.05217,48.6761],[-121.05217,48.67584],[-121.05235,48.67567],[-121.05273,48.67571],[-121.05287,48.67588],[-121.05265,48.67611],[-121.05272,48.67619],[-121.05248,48.67673],[-121.05259,48.67747],[-121.05311,48.67779],[-121.05452,48.67777],[-121.05542,48.67856],[-121.05546,48.67806],[-121.0566,48.67752],[-121.05624,48.67701],[-121.05689,48.67645],[-121.05823,48.67585],[-121.05839,48.67564],[-121.05904,48.67532],[-121.05896,48.67512],[-121.05958,48.67506],[-121.06031,48.67526],[-121.0616,48.67519],[-121.06263,48.67545],[-121.06278,48.67586],[-121.06327,48.67597],[-121.06325,48.67617],[-121.06289,48.67644],[-121.06291,48.67688],[-121.06273,48.67713],[-121.06133,48.67781],[-121.06032,48.67762],[-121.05904,48.67693],[-121.05854,48.67685],[-121.05835,48.67758],[-121.06006,48.67861],[-121.06063,48.67833],[-121.06125,48.6785],[-121.06137,48.67885],[-121.06041,48.67967],[-121.06025,48.6799],[-121.06017,48.68041],[-121.05957,48.68044],[-121.05932,48.68074],[-121.05963,48.68146],[-121.06059,48.68138],[-121.06123,48.68161],[-121.06147,48.68191],[-121.06151,48.68234],[-121.06125,48.68276],[-121.06137,48.68292],[-121.06129,48.68314],[-121.05852,48.6836],[-121.05812,48.68337],[-121.05777,48.68358],[-121.0585,48.68374],[-121.05861,48.68425],[-121.05769,48.68425],[-121.05742,48.68583],[-121.05892,48.68567],[-121.05919,48.68554],[-121.05903,48.68543],[-121.05857,48.68548],[-121.05866,48.68517],[-121.05857,48.68518],[-121.05847,48.68485],[-121.05847,48.68471],[-121.05903,48.68443],[-121.0592,48.68497],[-121.05939,48.68509],[-121.0601,48.68506],[-121.06085,48.68543],[-121.06065,48.68647],[-121.06133,48.6868],[-121.06133,48.68693],[-121.06008,48.68747],[-121.05998,48.68903],[-121.06018,48.68939],[-121.05982,48.69052],[-121.06051,48.69068],[-121.061,48.69197],[-121.06083,48.69263],[-121.06062,48.69283],[-121.05858,48.69338],[-121.05823,48.69331],[-121.05766,48.69279],[-121.05701,48.69191],[-121.0571,48.69177],[-121.0579,48.69146],[-121.05819,48.69111],[-121.05756,48.69128],[-121.0571,48.69123],[-121.05675,48.69071],[-121.05474,48.69046],[-121.05265,48.69082],[-121.0519,48.69226],[-121.05099,48.69301],[-121.0485,48.6937],[-121.04622,48.69392],[-121.03913,48.68731],[-121.03881,48.68681],[-121.03732,48.68692],[-121.03714,48.68647],[-121.03838,48.68615]]],[[[-121.06175,48.6829],[-121.06199,48.68272],[-121.06213,48.68276],[-121.06211,48.68296],[-121.06193,48.68311],[-121.06175,48.6829]]],[[[-121.05976,48.68395],[-121.06019,48.68368],[-121.06087,48.68357],[-121.06149,48.68387],[-121.06171,48.68421],[-121.06177,48.68484],[-121.06013,48.68486],[-121.05958,48.68466],[-121.05964,48.68431],[-121.05952,48.68409],[-121.05975,48.68407],[-121.05976,48.68395]]],[[[-121.06523,48.68825],[-121.06464,48.68795],[-121.06554,48.68825],[-121.06523,48.68825]]],[[[-121.06369,48.68851],[-121.06445,48.68854],[-121.06463,48.68881],[-121.06369,48.68851]]],[[[-121.04135,48.69204],[-121.04134,48.69181],[-121.04208,48.69191],[-121.04254,48.69233],[-121.04174,48.69228],[-121.04135,48.69204]]],[[[-121.06138,48.69285],[-121.06138,48.69294],[-121.0613,48.69288],[-121.06138,48.69285]]],[[[-121.05538,48.69211],[-121.05578,48.69242],[-121.05302,48.6943],[-121.05117,48.69371],[-121.05538,48.69211]]],[[[-121.03384,48.67387],[-121.03338,48.67384],[-121.03295,48.67415],[-121.0328,48.67408],[-121.03252,48.67348],[-121.03348,48.67336],[-121.03392,48.67373],[-121.03384,48.67387]]],[[[-121.01253,48.67972],[-121.01344,48.67979],[-121.01314,48.68003],[-121.01365,48.67995],[-121.01349,48.68009],[-121.01358,48.68014],[-121.01249,48.68017],[-121.01221,48.68043],[-121.01181,48.68012],[-121.01199,48.67974],[-121.01232,48.67986],[-121.01253,48.67972]]],[[[-121.01093,48.6805],[-121.01081,48.68054],[-121.01073,48.68034],[-121.01029,48.68034],[-121.01029,48.68019],[-121.01065,48.68015],[-121.01088,48.68028],[-121.01093,48.6805]]],[[[-121.02643,48.68111],[-121.02571,48.68066],[-121.02567,48.68047],[-121.02659,48.68064],[-121.02654,48.68083],[-121.02668,48.68089],[-121.02643,48.68111]]],[[[-121.00791,48.68189],[-121.00816,48.68165],[-121.00751,48.68122],[-121.00812,48.68108],[-121.00798,48.68081],[-121.00831,48.68037],[-121.00803,48.68021],[-121.00875,48.68005],[-121.00914,48.67983],[-121.00956,48.67988],[-121.00982,48.68014],[-121.01004,48.6801],[-121.01011,48.68019],[-121.00989,48.68063],[-121.00995,48.68078],[-121.00967,48.6808],[-121.00979,48.68108],[-121.00957,48.68112],[-121.00975,48.68127],[-121.00956,48.68136],[-121.00953,48.68158],[-121.01018,48.68151],[-121.01011,48.68166],[-121.01031,48.68169],[-121.0102,48.68207],[-121.00943,48.68224],[-121.00876,48.68223],[-121.00868,48.68216],[-121.00887,48.68208],[-121.00827,48.68208],[-121.00791,48.68189]]],[[[-121.01311,48.68623],[-121.01315,48.68642],[-121.01271,48.68623],[-121.0121,48.68642],[-121.01188,48.68633],[-121.01194,48.68622],[-121.0118,48.68608],[-121.01286,48.68606],[-121.01311,48.68623]]],[[[-121.01685,48.68855],[-121.01665,48.68874],[-121.01665,48.68892],[-121.01619,48.68904],[-121.01489,48.68875],[-121.01521,48.68855],[-121.01609,48.68858],[-121.01628,48.68871],[-121.01685,48.68855]]],[[[-121.03003,48.6895],[-121.0298,48.68938],[-121.02991,48.68912],[-121.03023,48.68911],[-121.03063,48.68934],[-121.03003,48.6895]]],[[[-121.01651,48.6895],[-121.01616,48.68932],[-121.01651,48.68932],[-121.01651,48.6895]]],[[[-121.01611,48.6895],[-121.01608,48.68942],[-121.01624,48.68947],[-121.01611,48.6895]]],[[[-121.02423,48.69088],[-121.02332,48.69068],[-121.0233,48.69056],[-121.02397,48.69061],[-121.02423,48.69088]]],[[[-121.02451,48.69167],[-121.02433,48.69188],[-121.02404,48.69169],[-121.0241,48.69162],[-121.02451,48.69167]]]]},"properties":{"fire_id":"ufid:2024-WANCP-000285","source_collection":"history-2024","source_objectid":36942,"incident_name":"Ruby","mapped_acres":1336.411,"mapped_acres_source":"poly_GISAcres","gis_acres":1336.411,"auto_acres":1336.4058662821408,"reported_acres":1336.0,"percent_contained":null,"state":"WA","state_wfigs":"US-WA","county":"Whatcom","discovery_time_utc":"2024-08-09T14:20:00Z","perimeter_time_utc":"2025-02-10T18:52:53Z","perimeter_edit_time_utc":"2025-02-10T18:52:54Z","incident_modified_time_utc":"2025-01-24T15:51:47Z","containment_time_utc":"2024-10-22T14:00:00Z","control_time_utc":"2024-10-29T14:00:00Z","fire_out_time_utc":"2024-11-12T15:00:00Z","fire_cause":"Natural","fire_cause_general":"Natural","map_method":"Mixed Methods","source_dataset":"FFP","unique_fire_identifier":"2024-WANCP-000285","irwin_id":"{8CA2DE36-192C-4F5B-BA55-8183C652609A}","global_id":"cef81233-78e9-45ca-baa1-0650469e48df"}},{"type":"Feature","geometry":{"type":"MultiPolygon","coordinates":[[[[-120.97983,48.63084],[-120.97975,48.63061],[-120.97932,48.63063],[-120.97908,48.63018],[-120.97758,48.63011],[-120.97763,48.62987],[-120.97824,48.62964],[-120.97802,48.62968],[-120.97764,48.62951],[-120.97754,48.62925],[-120.97768,48.6289],[-120.97754,48.62866],[-120.97736,48.62927],[-120.97686,48.62908],[-120.9767,48.62863],[-120.97675,48.62837],[-120.97595,48.62812],[-120.97595,48.62789],[-120.97623,48.6277],[-120.97567,48.62718],[-120.97559,48.62737],[-120.9748,48.62751],[-120.97405,48.62754],[-120.97379,48.62737],[-120.97384,48.62686],[-120.9746,48.62641],[-120.97374,48.62599],[-120.97378,48.62569],[-120.97422,48.62513],[-120.97483,48.62477],[-120.97427,48.62474],[-120.9739,48.62446],[-120.97327,48.62444],[-120.97317,48.62424],[-120.97336,48.62402],[-120.9739,48.62402],[-120.97517,48.62447],[-120.97569,48.62389],[-120.9749,48.62377],[-120.97465,48.62352],[-120.97465,48.62331],[-120.97603,48.62332],[-120.97631,48.62252],[-120.97664,48.62225],[-120.97698,48.62249],[-120.97694,48.62296],[-120.97709,48.6236],[-120.97768,48.6239],[-120.97932,48.62385],[-120.98036,48.62397],[-120.98148,48.62434],[-120.98286,48.62444],[-120.98326,48.62469],[-120.98386,48.62463],[-120.98393,48.62481],[-120.98366,48.62508],[-120.98397,48.6255],[-120.98383,48.62599],[-120.9829,48.62648],[-120.98282,48.6269],[-120.98312,48.62788],[-120.98345,48.62815],[-120.98334,48.62906],[-120.98151,48.63014],[-120.98171,48.63058],[-120.98164,48.63081],[-120.98063,48.63107],[-120.97983,48.63084]]],[[[-120.97462,48.62093],[-120.97542,48.62089],[-120.97516,48.62147],[-120.97453,48.62162],[-120.97453,48.6221],[-120.97425,48.62232],[-120.9735,48.62247],[-120.97373,48.62175],[-120.97411,48.62128],[-120.97462,48.62093]]]]},"properties":{"fire_id":"ufid:2024-WANCP-000215","source_collection":"history-2024","source_objectid":36950,"incident_name":"Red Mountain","mapped_acres":107.4634,"mapped_acres_source":"poly_GISAcres","gis_acres":107.4634,"auto_acres":107.4629511003661,"reported_acres":104.46,"percent_contained":null,"state":"WA","state_wfigs":"US-WA","county":"Skagit","discovery_time_utc":"2024-07-18T22:54:00Z","perimeter_time_utc":"2025-02-10T19:07:15Z","perimeter_edit_time_utc":"2025-02-10T19:07:16Z","incident_modified_time_utc":"2024-11-12T16:31:30Z","containment_time_utc":"2024-10-22T14:00:00Z","control_time_utc":"2024-10-29T14:00:00Z","fire_out_time_utc":"2024-11-12T15:00:00Z","fire_cause":"Natural","fire_cause_general":"Natural","map_method":"IR Image Interpretation","source_dataset":"FFP","unique_fire_identifier":"2024-WANCP-000215","irwin_id":"{92F1DF66-8957-491C-B96E-7495DDF362A3}","global_id":"020016a9-ffcc-47b1-8971-674b6ac4d8ee"}},{"type":"Feature","geometry":{"type":"Polygon","coordinates":[[[-120.61965,48.38777],[-120.62045,48.38796],[-120.62068,48.38767],[-120.62118,48.38739],[-120.62142,48.38678],[-120.62306,48.38779],[-120.62343,48.3879],[-120.62389,48.38831],[-120.62456,48.38857],[-120.62458,48.38923],[-120.62582,48.38976],[-120.62744,48.3909],[-120.62749,48.3913],[-120.62735,48.39186],[-120.62777,48.39282],[-120.62719,48.39415],[-120.62659,48.3948],[-120.62491,48.39541],[-120.62437,48.39574],[-120.62372,48.39557],[-120.62435,48.39475],[-120.62395,48.39428],[-120.62485,48.39329],[-120.62413,48.39307],[-120.62352,48.39352],[-120.62299,48.39419],[-120.62209,48.39439],[-120.62182,48.39394],[-120.62215,48.39312],[-120.62188,48.39201],[-120.61933,48.39116],[-120.61735,48.39108],[-120.61698,48.39085],[-120.61756,48.38995],[-120.61758,48.38967],[-120.61704,48.38942],[-120.61583,48.38968],[-120.61712,48.38848],[-120.61737,48.38783],[-120.61732,48.38732],[-120.61781,48.38738],[-120.61837,48.38704],[-120.61854,48.38767],[-120.61836,48.38819],[-120.61847,48.38829],[-120.61965,48.38777]]]},"properties":{"fire_id":"ufid:2024-WANCP-000314","source_collection":"history-2024","source_objectid":36952,"incident_name":"Rennie Creek","mapped_acres":99.8,"mapped_acres_source":"poly_GISAcres","gis_acres":99.8,"auto_acres":99.81150300386935,"reported_acres":100.0,"percent_contained":null,"state":"WA","state_wfigs":"US-WA","county":"Chelan","discovery_time_utc":"2024-08-17T21:35:00Z","perimeter_time_utc":"2025-02-10T19:37:04Z","perimeter_edit_time_utc":"2025-02-10T19:37:04Z","incident_modified_time_utc":"2025-02-10T19:36:39Z","containment_time_utc":"2024-10-22T14:00:00Z","control_time_utc":"2024-10-29T14:00:00Z","fire_out_time_utc":"2024-11-12T15:00:00Z","fire_cause":"Natural","fire_cause_general":"Natural","map_method":"GPS-Flight","source_dataset":"FFP","unique_fire_identifier":"2024-WANCP-000314","irwin_id":"{1CA05658-F5DF-45B6-8A68-B2207E50AF9A}","global_id":"1cb30a6c-35e1-4ad8-a0d2-dd95f7f77b3c"}},{"type":"Feature","geometry":{"type":"Polygon","coordinates":[[[-120.44924,46.72052],[-120.44949,46.72074],[-120.4497,46.72067],[-120.44986,46.72091],[-120.44959,46.72122],[-120.44974,46.72145],[-120.45048,46.72154],[-120.45072,46.72145],[-120.45083,46.72154],[-120.4506,46.7219],[-120.45043,46.72193],[-120.45077,46.72195],[-120.4506,46.7222],[-120.45093,46.72233],[-120.45077,46.72263],[-120.45108,46.72273],[-120.45039,46.72386],[-120.45018,46.72381],[-120.44999,46.72392],[-120.44944,46.72451],[-120.44951,46.72475],[-120.44913,46.72519],[-120.44951,46.72566],[-120.44936,46.72603],[-120.44846,46.72597],[-120.44861,46.72588],[-120.44852,46.72581],[-120.44811,46.72582],[-120.448,46.72593],[-120.44808,46.72565],[-120.44785,46.7254],[-120.44832,46.72554],[-120.44842,46.72542],[-120.44869,46.72547],[-120.44898,46.72507],[-120.44889,46.72494],[-120.44772,46.72509],[-120.44764,46.72486],[-120.44741,46.72481],[-120.44704,46.72514],[-120.44701,46.72482],[-120.44663,46.72457],[-120.4464,46.72458],[-120.44627,46.72473],[-120.44585,46.72456],[-120.44496,46.72458],[-120.44523,46.72457],[-120.44534,46.72439],[-120.44556,46.72453],[-120.44576,46.72439],[-120.44568,46.72426],[-120.44509,46.72414],[-120.44494,46.72424],[-120.44519,46.724],[-120.44507,46.72381],[-120.44533,46.72375],[-120.44519,46.7239],[-120.44531,46.72399],[-120.44549,46.72387],[-120.44588,46.72393],[-120.44583,46.72378],[-120.44602,46.72368],[-120.44601,46.72353],[-120.44659,46.72332],[-120.44654,46.72313],[-120.44644,46.72322],[-120.44687,46.72272],[-120.44686,46.72258],[-120.44706,46.72266],[-120.44713,46.7224],[-120.44752,46.72211],[-120.4482,46.72219],[-120.44861,46.7218],[-120.44849,46.72178],[-120.44845,46.7216],[-120.44811,46.72176],[-120.44759,46.72148],[-120.44721,46.72179],[-120.44722,46.72207],[-120.44664,46.72223],[-120.44698,46.72163],[-120.44721,46.72151],[-120.44711,46.72144],[-120.44631,46.72206],[-120.44588,46.72214],[-120.44582,46.7224],[-120.44522,46.72286],[-120.44486,46.72291],[-120.44404,46.72275],[-120.44502,46.72228],[-120.44505,46.72207],[-120.44574,46.72139],[-120.44684,46.72108],[-120.44696,46.72125],[-120.44783,46.72075],[-120.44854,46.72077],[-120.44924,46.72052]]]},"properties":{"fire_id":"ufid:2024-WASPD-000820","source_collection":"history-2024","source_objectid":39958,"incident_name":"SELAH BUTTE","mapped_acres":36.9,"mapped_acres_source":"poly_GISAcres","gis_acres":36.9,"auto_acres":37.013033364858785,"reported_acres":37.01,"percent_contained":null,"state":"WA","state_wfigs":"US-WA","county":"Yakima","discovery_time_utc":"2024-09-25T20:55:38Z","perimeter_time_utc":"2025-05-20T20:31:36Z","perimeter_edit_time_utc":null,"incident_modified_time_utc":"2024-12-11T21:22:13Z","containment_time_utc":"2024-09-26T21:42:00Z","control_time_utc":"2024-09-27T22:45:00Z","fire_out_time_utc":"2024-10-30T17:18:00Z","fire_cause":"Human","fire_cause_general":"Arson","map_method":"Mixed Methods","source_dataset":"FFP","unique_fire_identifier":"2024-WASPD-000820","irwin_id":"{4562C8DE-C30F-4AC6-9BA3-F5B4D4C49223}","global_id":"bf539518-2070-4e3b-a2b6-07b39d8cf443"}},{"type":"Feature","geometry":{"type":"Polygon","coordinates":[[[-120.44926,46.72614],[-120.44856,46.72623],[-120.44835,46.72614],[-120.44899,46.72601],[-120.44926,46.72614]]]},"properties":{"fire_id":"ufid:2024-WASPD-000825","source_collection":"history-2024","source_objectid":39959,"incident_name":"YAKIMA RIVER","mapped_acres":0.07,"mapped_acres_source":"poly_GISAcres","gis_acres":0.07,"auto_acres":0.29457383195770753,"reported_acres":0.25,"percent_contained":null,"state":"WA","state_wfigs":"US-WA","county":"Yakima","discovery_time_utc":"2024-06-14T20:15:00Z","perimeter_time_utc":"2025-05-20T20:33:01Z","perimeter_edit_time_utc":null,"incident_modified_time_utc":"2024-09-27T21:36:40Z","containment_time_utc":"2024-06-27T19:00:00Z","control_time_utc":"2024-06-27T19:00:00Z","fire_out_time_utc":"2024-06-27T19:00:00Z","fire_cause":"Human","fire_cause_general":"Arson","map_method":"Hand Sketch","source_dataset":"FFP","unique_fire_identifier":"2024-WASPD-000825","irwin_id":"{4B2365CF-3AD1-4AE6-9C81-7DE6E44A7B78}","global_id":"930757a4-10ba-40d5-bbed-fae91468ba88"}},{"type":"Feature","geometry":{"type":"Polygon","coordinates":[[[-120.11882,46.43263],[-120.1196,46.43101],[-120.11992,46.43073],[-120.12051,46.4305],[-120.12073,46.43025],[-120.12155,46.43018],[-120.12175,46.42975],[-120.12212,46.42981],[-120.12204,46.43],[-120.123,46.43025],[-120.12469,46.43132],[-120.12506,46.43188],[-120.12517,46.43236],[-120.12509,46.43271],[-120.12543,46.43284],[-120.12562,46.43312],[-120.12575,46.43294],[-120.1255,46.4321],[-120.12558,46.43012],[-120.12532,46.42848],[-120.12552,46.42808],[-120.1255,46.4274],[-120.1268,46.42749],[-120.12691,46.42763],[-120.12879,46.42814],[-120.12954,46.42848],[-120.13289,46.42931],[-120.13323,46.42949],[-120.134,46.43043],[-120.13464,46.4303],[-120.13482,46.43051],[-120.13451,46.43061],[-120.13452,46.43073],[-120.13581,46.43008],[-120.13664,46.42992],[-120.13662,46.4301],[-120.13681,46.43013],[-120.13719,46.43061],[-120.13743,46.43062],[-120.1374,46.43073],[-120.13757,46.43079],[-120.13787,46.43066],[-120.13805,46.43137],[-120.13848,46.43152],[-120.13892,46.43144],[-120.13877,46.43076],[-120.13898,46.43067],[-120.13887,46.43022],[-120.13907,46.43035],[-120.13908,46.43003],[-120.13896,46.42935],[-120.13883,46.42921],[-120.1389,46.42913],[-120.14031,46.42914],[-120.14192,46.42871],[-120.14351,46.42793],[-120.14444,46.42765],[-120.14565,46.42754],[-120.14621,46.42803],[-120.14625,46.42839],[-120.14642,46.42812],[-120.14716,46.42794],[-120.14906,46.42826],[-120.15026,46.42866],[-120.15031,46.4288],[-120.15141,46.42922],[-120.15158,46.42913],[-120.15521,46.43094],[-120.15578,46.43087],[-120.15643,46.43102],[-120.15643,46.43287],[-120.15657,46.43312],[-120.15915,46.43154],[-120.15871,46.43325],[-120.15985,46.43327],[-120.1594,46.4337],[-120.15916,46.43419],[-120.15842,46.43491],[-120.15834,46.43516],[-120.15748,46.43591],[-120.15699,46.43659],[-120.15632,46.43717],[-120.15589,46.43718],[-120.15451,46.43801],[-120.15474,46.43804],[-120.15489,46.43842],[-120.15476,46.43866],[-120.15495,46.43888],[-120.15483,46.43919],[-120.15492,46.43954],[-120.15525,46.43963],[-120.15507,46.43992],[-120.15512,46.44009],[-120.15434,46.4412],[-120.15403,46.44146],[-120.15353,46.44238],[-120.14767,46.44467],[-120.14712,46.44518],[-120.14699,46.44554],[-120.14712,46.44579],[-120.14709,46.44613],[-120.1468,46.44641],[-120.14699,46.44684],[-120.14597,46.44742],[-120.14571,46.4479],[-120.14503,46.44834],[-120.14492,46.44853],[-120.14498,46.44953],[-120.14424,46.45015],[-120.14419,46.45043],[-120.14396,46.45059],[-120.14327,46.4507],[-120.14323,46.4509],[-120.14359,46.45117],[-120.14352,46.45133],[-120.14277,46.45152],[-120.14293,46.45203],[-120.1412,46.4535],[-120.13977,46.45395],[-120.13557,46.45567],[-120.13435,46.45599],[-120.13376,46.45624],[-120.13342,46.45655],[-120.13211,46.45686],[-120.13209,46.45701],[-120.13066,46.45733],[-120.12969,46.4577],[-120.12957,46.45787],[-120.12964,46.458],[-120.12907,46.45837],[-120.12815,46.45865],[-120.12783,46.45893],[-120.1273,46.45902],[-120.12589,46.45971],[-120.12565,46.4601],[-120.12255,46.46241],[-120.12174,46.46245],[-120.12048,46.46224],[-120.11936,46.46168],[-120.11852,46.4615],[-120.11564,46.46139],[-120.11379,46.46116],[-120.11227,46.46125],[-120.11052,46.46163],[-120.10808,46.46137],[-120.10483,46.46137],[-120.10377,46.46154],[-120.10265,46.46153],[-120.10247,46.46186],[-120.10183,46.46208],[-120.10144,46.46251],[-120.10047,46.46267],[-120.09934,46.46352],[-120.09837,46.46386],[-120.09767,46.46429],[-120.0953,46.46495],[-120.09455,46.46529],[-120.09349,46.46589],[-120.09345,46.46632],[-120.09297,46.46628],[-120.09287,46.46633],[-120.09301,46.46642],[-120.09288,46.46647],[-120.0928,46.46629],[-120.09233,46.46678],[-120.09063,46.46744],[-120.0911,46.46731],[-120.09077,46.46758],[-120.09028,46.46766],[-120.09013,46.46801],[-120.08935,46.46817],[-120.08828,46.46873],[-120.08756,46.4689],[-120.08704,46.46928],[-120.08705,46.46939],[-120.08661,46.46957],[-120.08672,46.46971],[-120.08485,46.47053],[-120.08443,46.47098],[-120.08278,46.47176],[-120.08105,46.47232],[-120.08042,46.47265],[-120.08019,46.47281],[-120.07978,46.4735],[-120.07925,46.47381],[-120.07742,46.47434],[-120.07669,46.47592],[-120.07629,46.47644],[-120.07587,46.47672],[-120.07433,46.4773],[-120.07291,46.47752],[-120.07251,46.47739],[-120.07225,46.47688],[-120.07094,46.47617],[-120.07083,46.47643],[-120.0703,46.4768],[-120.07018,46.47707],[-120.07005,46.47706],[-120.07004,46.47682],[-120.06907,46.4763],[-120.06894,46.47654],[-120.0687,46.47651],[-120.06863,46.47667],[-120.06843,46.4765],[-120.0675,46.47643],[-120.06754,46.47682],[-120.06712,46.47657],[-120.06693,46.47662],[-120.06686,46.47679],[-120.06672,46.47651],[-120.067,46.47646],[-120.06698,46.47602],[-120.0667,46.47616],[-120.06651,46.4758],[-120.06656,46.47566],[-120.06632,46.47563],[-120.06635,46.47599],[-120.06614,46.47619],[-120.06629,46.47632],[-120.06637,46.47709],[-120.0671,46.47839],[-120.06761,46.47846],[-120.06768,46.47891],[-120.06728,46.47926],[-120.06641,46.47946],[-120.06514,46.47942],[-120.06466,46.47915],[-120.06456,46.47922],[-120.06198,46.47834],[-120.06173,46.47855],[-120.06063,46.47888],[-120.06107,46.47844],[-120.06185,46.47824],[-120.06183,46.47813],[-120.06136,46.47805],[-120.06183,46.47775],[-120.06172,46.47771],[-120.0624,46.47753],[-120.06261,46.4773],[-120.06256,46.47721],[-120.06132,46.47776],[-120.06118,46.47795],[-120.05959,46.47819],[-120.0595,46.47803],[-120.05837,46.47847],[-120.05811,46.47824],[-120.05675,46.47862],[-120.05567,46.47862],[-120.05444,46.47884],[-120.05198,46.47898],[-120.05011,46.4794],[-120.04799,46.47936],[-120.04716,46.47949],[-120.04663,46.4794],[-120.04476,46.47863],[-120.04363,46.4779],[-120.04282,46.47815],[-120.04034,46.4793],[-120.0406,46.48013],[-120.04047,46.4803],[-120.04054,46.48039],[-120.04014,46.4805],[-120.03869,46.47992],[-120.03785,46.4798],[-120.03696,46.47931],[-120.03573,46.47901],[-120.03484,46.47849],[-120.02954,46.47614],[-120.02689,46.4748],[-120.02681,46.47458],[-120.02744,46.47358],[-120.02795,46.47165],[-120.02777,46.47074],[-120.02739,46.46995],[-120.02743,46.46912],[-120.02714,46.46867],[-120.02753,46.46778],[-120.0274,46.46673],[-120.0277,46.46561],[-120.02768,46.46464],[-120.02745,46.46449],[-120.02754,46.46441],[-120.02649,46.4632],[-120.0261,46.4624],[-120.02465,46.46076],[-120.02413,46.45991],[-120.02412,46.45952],[-120.02531,46.45764],[-120.02675,46.45625],[-120.02784,46.4554],[-120.03039,46.45399],[-120.03186,46.45289],[-120.03211,46.45216],[-120.03205,46.45165],[-120.03126,46.45009],[-120.03186,46.44984],[-120.03274,46.44998],[-120.03454,46.44945],[-120.03462,46.44926],[-120.03379,46.44925],[-120.0337,46.44912],[-120.03436,46.44906],[-120.03471,46.44877],[-120.03568,46.44836],[-120.03609,46.44826],[-120.03688,46.44832],[-120.03795,46.448],[-120.03885,46.44735],[-120.03911,46.44745],[-120.03908,46.44776],[-120.03945,46.44778],[-120.03994,46.44765],[-120.04027,46.44774],[-120.04061,46.44763],[-120.04046,46.44756],[-120.04077,46.44737],[-120.04195,46.44724],[-120.04274,46.44752],[-120.04352,46.44801],[-120.04383,46.44798],[-120.044,46.44822],[-120.04401,46.44851],[-120.04419,46.44829],[-120.04405,46.44797],[-120.0442,46.44768],[-120.0449,46.44706],[-120.04536,46.44682],[-120.04618,46.4467],[-120.04671,46.44697],[-120.04701,46.44676],[-120.04831,46.44677],[-120.04855,46.44702],[-120.04916,46.44704],[-120.0497,46.44722],[-120.05127,46.44695],[-120.05223,46.4465],[-120.05271,46.44617],[-120.05232,46.4463],[-120.05241,46.4462],[-120.05337,46.44572],[-120.05473,46.44568],[-120.05757,46.44592],[-120.05858,46.44626],[-120.05936,46.4462],[-120.05932,46.44635],[-120.05961,46.44632],[-120.05965,46.44643],[-120.06049,46.44547],[-120.06089,46.44435],[-120.06144,46.44411],[-120.0619,46.44361],[-120.06256,46.44333],[-120.06405,46.4422],[-120.06501,46.4417],[-120.06615,46.44162],[-120.06682,46.44079],[-120.06752,46.4405],[-120.06811,46.44048],[-120.06799,46.43992],[-120.07006,46.43974],[-120.06996,46.43922],[-120.06914,46.43796],[-120.06884,46.43724],[-120.06998,46.43711],[-120.07051,46.43635],[-120.07046,46.43625],[-120.07022,46.43634],[-120.0704,46.43616],[-120.07115,46.43556],[-120.07254,46.435],[-120.07251,46.43487],[-120.07234,46.43487],[-120.07159,46.43525],[-120.07288,46.43441],[-120.07349,46.4338],[-120.07451,46.43371],[-120.07572,46.43381],[-120.07602,46.43368],[-120.07601,46.43395],[-120.07635,46.43411],[-120.07754,46.43346],[-120.07742,46.43333],[-120.07734,46.43252],[-120.07749,46.4323],[-120.0789,46.43212],[-120.07905,46.43221],[-120.07958,46.43142],[-120.07976,46.43097],[-120.07974,46.43067],[-120.07992,46.43051],[-120.08067,46.4304],[-120.08139,46.42988],[-120.08179,46.42928],[-120.08235,46.42834],[-120.0823,46.42795],[-120.08247,46.42732],[-120.08236,46.4268],[-120.08331,46.4269],[-120.0839,46.4273],[-120.08439,46.42797],[-120.08512,46.42817],[-120.08436,46.4268],[-120.08242,46.42569],[-120.08236,46.42555],[-120.0838,46.42548],[-120.08488,46.42608],[-120.08513,46.4264],[-120.08548,46.42626],[-120.08618,46.4264],[-120.08707,46.42634],[-120.08931,46.42665],[-120.09014,46.42657],[-120.09014,46.42637],[-120.09059,46.42618],[-120.09153,46.42637],[-120.09187,46.42664],[-120.09205,46.42665],[-120.09213,46.4265],[-120.09263,46.42669],[-120.09294,46.42644],[-120.09325,46.42583],[-120.09468,46.42626],[-120.09564,46.42698],[-120.09586,46.42733],[-120.09606,46.42827],[-120.09726,46.42881],[-120.09742,46.42873],[-120.09798,46.42902],[-120.09822,46.42892],[-120.09832,46.42917],[-120.09802,46.42978],[-120.09843,46.42972],[-120.10022,46.42989],[-120.10085,46.43027],[-120.10106,46.43015],[-120.10119,46.43035],[-120.10152,46.43045],[-120.10258,46.43031],[-120.10353,46.43036],[-120.10371,46.4306],[-120.10372,46.43161],[-120.10463,46.43261],[-120.10548,46.43299],[-120.10597,46.43297],[-120.10661,46.43242],[-120.10752,46.43225],[-120.1077,46.43268],[-120.1085,46.43289],[-120.10849,46.43232],[-120.10795,46.43187],[-120.10787,46.43158],[-120.108,46.43133],[-120.11027,46.43184],[-120.11065,46.43209],[-120.11188,46.43243],[-120.11241,46.43283],[-120.11277,46.43241],[-120.11378,46.43234],[-120.11454,46.43268],[-120.11636,46.4329],[-120.11647,46.43302],[-120.11843,46.43289],[-120.11882,46.43263]]]},"properties":{"fire_id":"ufid:2024-WASPD-000205","source_collection":"history-2024","source_objectid":39960,"incident_name":"BEAM ROAD","mapped_acres":8542.406,"mapped_acres_source":"poly_GISAcres","gis_acres":8542.406,"auto_acres":8536.941384321422,"reported_acres":8542.0,"percent_contained":null,"state":"WA","state_wfigs":"US-WA","county":"Yakima","discovery_time_utc":"2024-06-15T19:22:00Z","perimeter_time_utc":"2025-05-20T20:39:48Z","perimeter_edit_time_utc":null,"incident_modified_time_utc":"2025-01-16T22:43:27Z","containment_time_utc":"2024-06-19T03:00:00Z","control_time_utc":"2024-06-19T22:00:00Z","fire_out_time_utc":"2024-06-27T19:00:00Z","fire_cause":"Human","fire_cause_general":"Equipment and vehicle use","map_method":"Mixed Methods","source_dataset":"FFP","unique_fire_identifier":"2024-WASPD-000205","irwin_id":"{4F69F724-6FC6-4F13-9E8B-2A971398042A}","global_id":"c527dc78-1df3-4ecf-8e32-2bbc97d22a21"}},{"type":"Feature","geometry":{"type":"Polygon","coordinates":[[[-122.9127,46.47722],[-122.91166,46.47792],[-122.91102,46.47786],[-122.9105,46.47735],[-122.91057,46.47674],[-122.911,46.47649],[-122.91141,46.47661],[-122.91153,46.47682],[-122.91213,46.47672],[-122.9127,46.47722]]]},"properties":{"fire_id":"ufid:2024-WAPCS-001160","source_collection":"history-2024","source_objectid":50440,"incident_name":"FERRIER","mapped_acres":4.3,"mapped_acres_source":"poly_GISAcres","gis_acres":4.3,"auto_acres":4.249909213409192,"reported_acres":4.19,"percent_contained":null,"state":"WA","state_wfigs":"US-WA","county":"Lewis","discovery_time_utc":"2024-08-08T18:04:00Z","perimeter_time_utc":"2026-01-21T19:58:51Z","perimeter_edit_time_utc":null,"incident_modified_time_utc":"2024-08-16T21:19:05Z","containment_time_utc":"2024-08-08T22:40:00Z","control_time_utc":"2024-08-08T22:54:00Z","fire_out_time_utc":"2024-08-16T21:09:00Z","fire_cause":"Human","fire_cause_general":"Debris and open burning","map_method":"Auto-generated","source_dataset":"FFP","unique_fire_identifier":"2024-WAPCS-001160","irwin_id":"{BB46F7B1-7044-4E60-8768-38B1DD3E6DA0}","global_id":"d2e8bb48-95e8-44e2-b13f-51a3df0e48bf"}},{"type":"Feature","geometry":{"type":"MultiPolygon","coordinates":[[[[-123.27565,46.40332],[-123.27555,46.40357],[-123.27578,46.40369],[-123.27557,46.40401],[-123.27612,46.4044],[-123.276,46.40462],[-123.27617,46.40476],[-123.27617,46.40503],[-123.27599,46.40509],[-123.27728,46.40539],[-123.2777,46.40567],[-123.27774,46.40584],[-123.27809,46.40574],[-123.27877,46.40585],[-123.27893,46.40638],[-123.2786,46.40669],[-123.27886,46.40661],[-123.2791,46.40672],[-123.28009,46.40552],[-123.28015,46.40441],[-123.28091,46.40395],[-123.28115,46.40334],[-123.28247,46.40305],[-123.28399,46.40191],[-123.28455,46.4025],[-123.28463,46.4029],[-123.28492,46.40318],[-123.28676,46.40258],[-123.28697,46.4023],[-123.28679,46.40195],[-123.28697,46.40171],[-123.28723,46.40206],[-123.28746,46.40173],[-123.28818,46.40181],[-123.28892,46.40217],[-123.28904,46.40245],[-123.28875,46.40269],[-123.2889,46.40305],[-123.28951,46.40335],[-123.28993,46.4038],[-123.29063,46.40356],[-123.29092,46.40322],[-123.29107,46.40339],[-123.29043,46.40374],[-123.29087,46.40416],[-123.29134,46.40422],[-123.29106,46.40448],[-123.29097,46.405],[-123.28973,46.40453],[-123.28904,46.40447],[-123.28842,46.40465],[-123.28813,46.40484],[-123.28827,46.40542],[-123.28784,46.40594],[-123.28686,46.4064],[-123.28639,46.40692],[-123.28572,46.40719],[-123.2859,46.40734],[-123.28647,46.40715],[-123.28674,46.4074],[-123.28807,46.40799],[-123.28824,46.40829],[-123.28862,46.40851],[-123.28875,46.40894],[-123.28901,46.40927],[-123.28898,46.41003],[-123.28933,46.41081],[-123.28983,46.41119],[-123.29058,46.4115],[-123.29067,46.41166],[-123.29048,46.41189],[-123.29089,46.41196],[-123.29103,46.41213],[-123.29047,46.41218],[-123.28967,46.41185],[-123.28923,46.41134],[-123.28853,46.41093],[-123.28851,46.41111],[-123.28829,46.41127],[-123.28771,46.41106],[-123.28759,46.41125],[-123.28673,46.41142],[-123.28665,46.41153],[-123.28677,46.41154],[-123.28658,46.41161],[-123.28645,46.41153],[-123.28536,46.41241],[-123.28503,46.41246],[-123.28483,46.41234],[-123.2844,46.41247],[-123.28426,46.41233],[-123.28344,46.41262],[-123.28319,46.41249],[-123.28289,46.41258],[-123.28214,46.41233],[-123.28228,46.41215],[-123.28322,46.41198],[-123.28396,46.41127],[-123.28435,46.41035],[-123.28408,46.41006],[-123.28375,46.41059],[-123.28081,46.41106],[-123.28045,46.41142],[-123.27942,46.41146],[-123.27943,46.41156],[-123.27865,46.41193],[-123.27813,46.41205],[-123.2784,46.41224],[-123.2784,46.41239],[-123.27805,46.41243],[-123.2776,46.41288],[-123.27702,46.41294],[-123.27621,46.41275],[-123.27615,46.41247],[-123.27549,46.4123],[-123.27631,46.41196],[-123.27665,46.41167],[-123.27589,46.4112],[-123.27544,46.4112],[-123.27534,46.41097],[-123.27619,46.41046],[-123.27612,46.41036],[-123.27638,46.41008],[-123.27632,46.40976],[-123.27504,46.40991],[-123.27401,46.40983],[-123.27376,46.40943],[-123.27394,46.40924],[-123.27359,46.4091],[-123.27424,46.40856],[-123.27378,46.40776],[-123.27269,46.40726],[-123.27224,46.40689],[-123.27208,46.40615],[-123.27186,46.40594],[-123.2709,46.40564],[-123.27006,46.40563],[-123.26992,46.40511],[-123.2697,46.40481],[-123.26978,46.40429],[-123.27013,46.40407],[-123.2698,46.40402],[-123.26951,46.40373],[-123.26952,46.40362],[-123.27,46.40347],[-123.27016,46.40307],[-123.26997,46.40251],[-123.27037,46.40253],[-123.27046,46.40242],[-123.27053,46.40253],[-123.27093,46.40256],[-123.27104,46.40252],[-123.27098,46.40228],[-123.27231,46.40242],[-123.2732,46.40235],[-123.27346,46.40222],[-123.27382,46.40229],[-123.27382,46.40264],[-123.27519,46.40297],[-123.27528,46.40317],[-123.27565,46.40332]]],[[[-123.27756,46.40246],[-123.27671,46.40272],[-123.27696,46.40241],[-123.27756,46.40246]]],[[[-123.29085,46.40397],[-123.29086,46.40381],[-123.29107,46.4039],[-123.29085,46.40397]]],[[[-123.29906,46.41469],[-123.29893,46.41463],[-123.29927,46.41469],[-123.29906,46.41469]]],[[[-123.29336,46.41549],[-123.29485,46.41495],[-123.29553,46.41569],[-123.2969,46.41643],[-123.29748,46.41693],[-123.29762,46.41742],[-123.29789,46.41755],[-123.29769,46.41804],[-123.29808,46.41831],[-123.2963,46.41844],[-123.2953,46.41833],[-123.29479,46.41807],[-123.29446,46.41763],[-123.29423,46.4166],[-123.29402,46.41631],[-123.29304,46.41582],[-123.29336,46.41549]]]]},"properties":{"fire_id":"ufid:2024-WAPCS-001191","source_collection":"history-2024","source_objectid":50455,"incident_name":"HUCKLEBERRY RIDGE","mapped_acres":300.0,"mapped_acres_source":"poly_GISAcres","gis_acres":300.0,"auto_acres":299.4198279425264,"reported_acres":300.0,"percent_contained":null,"state":"WA","state_wfigs":"US-WA","county":"Lewis","discovery_time_utc":"2024-09-04T22:47:00Z","perimeter_time_utc":"2026-01-22T19:07:41Z","perimeter_edit_time_utc":null,"incident_modified_time_utc":"2025-08-19T22:12:01Z","containment_time_utc":"2024-09-15T19:00:00Z","control_time_utc":"2024-09-17T19:00:00Z","fire_out_time_utc":"2024-09-20T19:00:00Z","fire_cause":"Natural","fire_cause_general":"Natural","map_method":"Mixed Methods","source_dataset":"FFP","unique_fire_identifier":"2024-WAPCS-001191","irwin_id":"{3D85EFBC-8DF6-40B1-B67E-6C6970BBC5CA}","global_id":"472327d6-9a5e-4f41-9c69-835ac5a0bbd5"}},{"type":"Feature","geometry":{"type":"Polygon","coordinates":[[[-120.14341,46.20878],[-120.14261,46.209],[-120.14275,46.20918],[-120.14253,46.2095],[-120.14182,46.20949],[-120.14154,46.20915],[-120.14162,46.20896],[-120.14096,46.2085],[-120.14092,46.20812],[-120.14064,46.20783],[-120.14044,46.20676],[-120.14131,46.20592],[-120.14137,46.20515],[-120.14166,46.20484],[-120.14177,46.2053],[-120.14232,46.20547],[-120.14232,46.2056],[-120.14253,46.20565],[-120.14242,46.20574],[-120.14261,46.20575],[-120.1424,46.2059],[-120.14256,46.20593],[-120.14245,46.2062],[-120.14284,46.20663],[-120.14271,46.20692],[-120.14284,46.20703],[-120.14275,46.20723],[-120.14372,46.20757],[-120.14384,46.20748],[-120.14374,46.20743],[-120.14445,46.20737],[-120.14414,46.20796],[-120.14398,46.20798],[-120.14409,46.20802],[-120.144,46.20838],[-120.14385,46.20841],[-120.144,46.20857],[-120.14389,46.20877],[-120.14348,46.20889],[-120.14341,46.20878]]]},"properties":{"fire_id":"ufid:2024-WAYAA-000007","source_collection":"history-2024","source_objectid":50513,"incident_name":"PASCO & PIERRE","mapped_acres":19.24,"mapped_acres_source":"poly_GISAcres","gis_acres":19.24,"auto_acres":19.24097652007588,"reported_acres":19.24,"percent_contained":null,"state":"WA","state_wfigs":"US-WA","county":"Yakima","discovery_time_utc":"2024-04-17T03:52:00Z","perimeter_time_utc":"2026-01-29T18:30:47Z","perimeter_edit_time_utc":null,"incident_modified_time_utc":"2025-02-12T18:03:06Z","containment_time_utc":"2024-04-18T21:05:00Z","control_time_utc":"2024-04-18T22:09:00Z","fire_out_time_utc":"2024-04-18T22:10:00Z","fire_cause":"Human","fire_cause_general":"Debris and open burning","map_method":"Hand Sketch","source_dataset":"FFP","unique_fire_identifier":"2024-WAYAA-000007","irwin_id":"{718A1B34-706D-452C-8BCF-9BDED72E9D95}","global_id":"fe942c1f-813e-4392-ae7e-4707e1cf3a1e"}},{"type":"Feature","geometry":{"type":"Polygon","coordinates":[[[-120.38485,46.39751],[-120.38571,46.39745],[-120.38569,46.39781],[-120.3859,46.39776],[-120.38582,46.39858],[-120.38592,46.39945],[-120.38544,46.39951],[-120.3844,46.40003],[-120.38402,46.40001],[-120.38391,46.40068],[-120.37981,46.40066],[-120.37925,46.40053],[-120.3793,46.40037],[-120.37971,46.40024],[-120.38053,46.40016],[-120.38086,46.39988],[-120.3814,46.39986],[-120.38235,46.39954],[-120.38273,46.39957],[-120.38218,46.39937],[-120.38137,46.39951],[-120.38214,46.39894],[-120.38284,46.39894],[-120.38284,46.39873],[-120.3832,46.39884],[-120.38347,46.39867],[-120.38301,46.39833],[-120.38355,46.39808],[-120.38369,46.39813],[-120.38485,46.39751]]]},"properties":{"fire_id":"ufid:2024-WAYAA-000019","source_collection":"history-2024","source_objectid":50514,"incident_name":"OLDENWAY 1","mapped_acres":20.75,"mapped_acres_source":"poly_GISAcres","gis_acres":20.75,"auto_acres":20.725768824947966,"reported_acres":20.75,"percent_contained":null,"state":"WA","state_wfigs":"US-WA","county":"Yakima","discovery_time_utc":"2024-06-04T20:09:00Z","perimeter_time_utc":"2026-01-29T18:32:14Z","perimeter_edit_time_utc":null,"incident_modified_time_utc":"2025-02-12T18:26:03Z","containment_time_utc":"2024-06-05T00:13:00Z","control_time_utc":"2024-06-05T00:31:00Z","fire_out_time_utc":"2024-06-05T20:30:00Z","fire_cause":"Human","fire_cause_general":"Debris and open burning","map_method":"Hand Sketch","source_dataset":"FFP","unique_fire_identifier":"2024-WAYAA-000019","irwin_id":"{652E7B05-8F80-4933-B21A-7B82F3154278}","global_id":"ba4eccbb-d17b-4387-b71b-7bfec6b586eb"}},{"type":"Feature","geometry":{"type":"Polygon","coordinates":[[[-120.41876,46.47244],[-120.4178,46.47143],[-120.41691,46.47075],[-120.41598,46.47038],[-120.41653,46.46968],[-120.41689,46.46895],[-120.41883,46.47003],[-120.42009,46.47163],[-120.42107,46.47221],[-120.42233,46.47347],[-120.42339,46.47364],[-120.42434,46.47417],[-120.42315,46.47426],[-120.42205,46.47418],[-120.42144,46.47339],[-120.42042,46.47338],[-120.41876,46.47244]]]},"properties":{"fire_id":"ufid:2024-WAYAA-000080","source_collection":"history-2024","source_objectid":50515,"incident_name":"NORTH CAMAS","mapped_acres":1.0,"mapped_acres_source":"poly_GISAcres","gis_acres":1.0,"auto_acres":23.060802424629134,"reported_acres":25.0,"percent_contained":null,"state":"WA","state_wfigs":"US-WA","county":"Yakima","discovery_time_utc":"2024-08-01T22:49:00Z","perimeter_time_utc":"2026-01-29T18:35:33Z","perimeter_edit_time_utc":null,"incident_modified_time_utc":"2025-02-12T18:32:27Z","containment_time_utc":"2024-08-05T02:00:00Z","control_time_utc":"2024-08-05T20:30:00Z","fire_out_time_utc":"2024-08-05T20:30:00Z","fire_cause":"Human","fire_cause_general":"Debris and open burning","map_method":"Hand Sketch","source_dataset":"FFP","unique_fire_identifier":"2024-WAYAA-000080","irwin_id":"{A1242BDE-A9ED-4E6D-ADF9-BDC1674CDA2F}","global_id":"6e2e7cb4-6a03-45b4-a0bc-ff5d96edf737"}},{"type":"Feature","geometry":{"type":"MultiPolygon","coordinates":[[[[-120.40621,46.45365],[-120.40623,46.45363],[-120.40626,46.45363],[-120.40621,46.45365]]],[[[-120.40616,46.45846],[-120.40613,46.45844],[-120.40615,46.45845],[-120.40616,46.45846]]],[[[-120.40447,46.45434],[-120.40538,46.45389],[-120.40652,46.45359],[-120.40732,46.45371],[-120.40834,46.45412],[-120.40844,46.45436],[-120.40894,46.45463],[-120.40989,46.45492],[-120.41039,46.45489],[-120.41093,46.45535],[-120.41118,46.45543],[-120.4116,46.45527],[-120.4121,46.45573],[-120.41278,46.45594],[-120.41349,46.45644],[-120.41358,46.45674],[-120.41417,46.45682],[-120.41471,46.45718],[-120.41471,46.4575],[-120.41485,46.45771],[-120.41471,46.45799],[-120.41484,46.4582],[-120.41578,46.45837],[-120.41587,46.45903],[-120.4157,46.45905],[-120.41532,46.45957],[-120.41484,46.45945],[-120.41463,46.45913],[-120.41412,46.45894],[-120.41345,46.45895],[-120.4131,46.45867],[-120.41209,46.45867],[-120.41196,46.45879],[-120.41191,46.45932],[-120.41172,46.45898],[-120.41117,46.45898],[-120.41092,46.45884],[-120.40838,46.45896],[-120.40711,46.45881],[-120.40615,46.45845],[-120.40608,46.45825],[-120.40672,46.45715],[-120.40673,46.45683],[-120.40648,46.45639],[-120.4063,46.45537],[-120.40554,46.45495],[-120.40447,46.45469],[-120.40447,46.45434]]],[[[-120.4088,46.46148],[-120.40703,46.46203],[-120.40659,46.46106],[-120.40605,46.46078],[-120.40579,46.46095],[-120.40602,46.46124],[-120.40627,46.46197],[-120.40686,46.46201],[-120.4069,46.46212],[-120.4039,46.46204],[-120.40553,46.46056],[-120.40674,46.45966],[-120.40726,46.45997],[-120.40811,46.45993],[-120.4095,46.46044],[-120.40999,46.46048],[-120.41067,46.46041],[-120.41092,46.45991],[-120.41179,46.45974],[-120.41161,46.45995],[-120.41181,46.46079],[-120.41167,46.46137],[-120.41125,46.46139],[-120.41079,46.46109],[-120.41028,46.461],[-120.40925,46.46098],[-120.4088,46.46148]]]]},"properties":{"fire_id":"ufid:2024-WAYAA-000031","source_collection":"history-2024","source_objectid":50516,"incident_name":"CAMAS & INDUSTRIAL","mapped_acres":92.11536,"mapped_acres_source":"poly_GISAcres","gis_acres":92.11536,"auto_acres":92.11499950536464,"reported_acres":92.7,"percent_contained":null,"state":"WA","state_wfigs":"US-WA","county":"Yakima","discovery_time_utc":"2024-06-15T22:31:00Z","perimeter_time_utc":"2026-01-29T18:38:36Z","perimeter_edit_time_utc":null,"incident_modified_time_utc":"2025-02-12T18:09:15Z","containment_time_utc":"2024-06-19T18:58:00Z","control_time_utc":"2024-06-19T18:58:00Z","fire_out_time_utc":"2024-06-19T18:58:00Z","fire_cause":"Human","fire_cause_general":"Equipment and vehicle use","map_method":"GPS-Walked","source_dataset":"FFP","unique_fire_identifier":"2024-WAYAA-000031","irwin_id":"{B8870F2D-C187-4F9E-8D7C-E4DF032B657C}","global_id":"437de893-4398-458d-9ccd-f0e50afe0a7d"}},{"type":"Feature","geometry":{"type":"Polygon","coordinates":[[[-120.6556,46.3672],[-120.65506,46.36758],[-120.65477,46.36731],[-120.65455,46.36761],[-120.654,46.36782],[-120.65369,46.36814],[-120.65349,46.36802],[-120.65312,46.36828],[-120.65237,46.36833],[-120.65208,46.36866],[-120.65151,46.369],[-120.65075,46.36873],[-120.65091,46.36848],[-120.65089,46.3678],[-120.65076,46.36759],[-120.65143,46.36763],[-120.65377,46.3667],[-120.65443,46.36625],[-120.65779,46.36496],[-120.66085,46.36431],[-120.66281,46.36415],[-120.66335,46.36399],[-120.66369,46.36406],[-120.66486,46.36483],[-120.66514,46.36486],[-120.66545,46.36458],[-120.66569,46.36456],[-120.66651,46.36498],[-120.66649,46.36517],[-120.66984,46.36523],[-120.66982,46.36114],[-120.66941,46.3611],[-120.66802,46.36145],[-120.66714,46.36245],[-120.66636,46.36269],[-120.66581,46.36314],[-120.66423,46.36282],[-120.66229,46.3631],[-120.66219,46.36298],[-120.66353,46.3622],[-120.66425,46.36154],[-120.66491,46.36127],[-120.66477,46.36087],[-120.66501,46.3605],[-120.6648,46.3602],[-120.66483,46.35986],[-120.6658,46.3596],[-120.667,46.35858],[-120.66699,46.3582],[-120.66803,46.35788],[-120.66891,46.35699],[-120.66772,46.35695],[-120.66757,46.3563],[-120.66798,46.3552],[-120.66961,46.35464],[-120.66965,46.35369],[-120.67097,46.35314],[-120.67206,46.35286],[-120.67246,46.35235],[-120.67339,46.35235],[-120.67325,46.35201],[-120.67265,46.35149],[-120.67291,46.35088],[-120.6734,46.35072],[-120.67435,46.35069],[-120.67484,46.35029],[-120.67573,46.35023],[-120.67618,46.35048],[-120.67618,46.35065],[-120.67645,46.35065],[-120.67668,46.35081],[-120.67712,46.35068],[-120.67778,46.35024],[-120.67808,46.34988],[-120.6792,46.34928],[-120.68056,46.34932],[-120.68064,46.3476],[-120.68177,46.34695],[-120.6823,46.34694],[-120.68241,46.34628],[-120.68301,46.34614],[-120.68065,46.34614],[-120.6759,46.34641],[-120.67536,46.34714],[-120.6742,46.34739],[-120.67397,46.34726],[-120.67291,46.34755],[-120.67277,46.34785],[-120.67214,46.34782],[-120.6706,46.34895],[-120.67008,46.34881],[-120.67062,46.3472],[-120.67177,46.34627],[-120.67008,46.34613],[-120.66987,46.34306],[-120.67019,46.34279],[-120.67127,46.34277],[-120.6719,46.34254],[-120.67372,46.34233],[-120.67416,46.34191],[-120.67403,46.34157],[-120.67436,46.34157],[-120.67471,46.34113],[-120.6755,46.3408],[-120.67561,46.34058],[-120.67604,46.34037],[-120.67764,46.34071],[-120.67809,46.34114],[-120.67884,46.34083],[-120.67913,46.34117],[-120.67945,46.34124],[-120.6794,46.34108],[-120.67968,46.34087],[-120.68001,46.34082],[-120.68039,46.3411],[-120.68043,46.34082],[-120.68023,46.34066],[-120.68026,46.3405],[-120.68053,46.3404],[-120.68062,46.34012],[-120.68048,46.33946],[-120.6807,46.33916],[-120.68128,46.33941],[-120.68147,46.33901],[-120.68185,46.33919],[-120.68216,46.33954],[-120.68235,46.34024],[-120.68216,46.34043],[-120.68225,46.34077],[-120.68244,46.34113],[-120.68284,46.34133],[-120.6828,46.34163],[-120.68298,46.3421],[-120.68437,46.34192],[-120.68465,46.34227],[-120.68547,46.3421],[-120.68559,46.34108],[-120.68492,46.34093],[-120.68515,46.34032],[-120.68482,46.33973],[-120.68562,46.33874],[-120.68555,46.33835],[-120.6853,46.33813],[-120.68551,46.33777],[-120.68609,46.33755],[-120.68591,46.33693],[-120.68599,46.33658],[-120.68675,46.33556],[-120.68813,46.33546],[-120.68829,46.33571],[-120.68817,46.33704],[-120.68786,46.33765],[-120.68829,46.33809],[-120.68814,46.33757],[-120.68868,46.33658],[-120.68949,46.33624],[-120.68984,46.33672],[-120.69063,46.33597],[-120.6907,46.33892],[-120.69592,46.33892],[-120.69595,46.33538],[-120.69991,46.33542],[-120.70022,46.3353],[-120.70117,46.33406],[-120.70112,46.33192],[-120.70265,46.33109],[-120.70649,46.32966],[-120.70693,46.3293],[-120.71085,46.32859],[-120.71176,46.32856],[-120.71175,46.3291],[-120.71348,46.32892],[-120.71398,46.32825],[-120.71947,46.32827],[-120.71958,46.32878],[-120.71981,46.32896],[-120.7217,46.32897],[-120.72233,46.32914],[-120.72238,46.32823],[-120.72829,46.32832],[-120.72953,46.32843],[-120.72942,46.32875],[-120.72968,46.32904],[-120.73039,46.32928],[-120.73051,46.32952],[-120.73102,46.32958],[-120.732,46.32999],[-120.73203,46.33018],[-120.73176,46.33049],[-120.7324,46.33122],[-120.73232,46.3315],[-120.73241,46.33191],[-120.73066,46.33265],[-120.73033,46.33349],[-120.73041,46.33388],[-120.73002,46.33436],[-120.72969,46.3345],[-120.72995,46.33501],[-120.72984,46.33513],[-120.72995,46.33528],[-120.72976,46.33551],[-120.72895,46.336],[-120.72819,46.33599],[-120.72784,46.33657],[-120.72699,46.3369],[-120.72707,46.33725],[-120.72749,46.33749],[-120.72803,46.33805],[-120.72812,46.33839],[-120.72796,46.33866],[-120.72807,46.33885],[-120.72862,46.33921],[-120.72842,46.33952],[-120.72872,46.34018],[-120.72831,46.34162],[-120.7277,46.34204],[-120.72645,46.34242],[-120.72609,46.34269],[-120.72315,46.34356],[-120.7227,46.34384],[-120.72241,46.34439],[-120.72232,46.34525],[-120.72206,46.34542],[-120.71978,46.34576],[-120.71877,46.34538],[-120.71787,46.3454],[-120.71702,46.3457],[-120.71716,46.34613],[-120.71484,46.34623],[-120.71172,46.34744],[-120.71175,46.34804],[-120.71232,46.34795],[-120.71272,46.34771],[-120.71383,46.34784],[-120.71523,46.34738],[-120.71556,46.34721],[-120.71561,46.34704],[-120.7151,46.34707],[-120.71398,46.34679],[-120.71414,46.3466],[-120.7145,46.34645],[-120.71681,46.34645],[-120.71685,46.3498],[-120.71396,46.34972],[-120.71387,46.34938],[-120.71348,46.34918],[-120.71173,46.34954],[-120.71152,46.34969],[-120.71168,46.3499],[-120.714,46.34999],[-120.71137,46.35202],[-120.70849,46.35204],[-120.70698,46.35369],[-120.70644,46.35489],[-120.70607,46.35532],[-120.70493,46.35631],[-120.7041,46.35646],[-120.70374,46.35687],[-120.70329,46.35703],[-120.70404,46.35779],[-120.7033,46.35878],[-120.70325,46.35905],[-120.70174,46.35991],[-120.70086,46.36077],[-120.70028,46.3608],[-120.6999,46.36123],[-120.69814,46.36175],[-120.69766,46.36203],[-120.69744,46.3624],[-120.69576,46.36313],[-120.69507,46.36323],[-120.69322,46.36429],[-120.69195,46.36447],[-120.69136,46.36435],[-120.69132,46.36413],[-120.69016,46.36441],[-120.68866,46.36497],[-120.68807,46.36534],[-120.68781,46.36573],[-120.68746,46.36582],[-120.68705,46.36637],[-120.686,46.36664],[-120.6857,46.36688],[-120.68558,46.36679],[-120.68544,46.36565],[-120.68445,46.36602],[-120.68414,46.3664],[-120.68321,46.36703],[-120.68295,46.36738],[-120.68239,46.36757],[-120.68228,46.3675],[-120.6816,46.36774],[-120.67563,46.36781],[-120.67537,46.36801],[-120.67524,46.36893],[-120.67493,46.36935],[-120.67441,46.36945],[-120.67417,46.36963],[-120.67356,46.36969],[-120.67363,46.36998],[-120.67312,46.37065],[-120.67094,46.37063],[-120.66986,46.37099],[-120.66992,46.36894],[-120.66909,46.36911],[-120.66903,46.36947],[-120.66939,46.36949],[-120.66976,46.37011],[-120.66945,46.37039],[-120.66895,46.37028],[-120.66861,46.36985],[-120.66888,46.36954],[-120.66788,46.36951],[-120.66803,46.37009],[-120.66762,46.37031],[-120.66615,46.37025],[-120.6654,46.37036],[-120.66448,46.37075],[-120.66377,46.37076],[-120.66193,46.37004],[-120.661,46.36985],[-120.66188,46.36948],[-120.66291,46.36866],[-120.66277,46.36823],[-120.66051,46.36845],[-120.65999,46.3683],[-120.65934,46.36839],[-120.6595,46.36869],[-120.65892,46.36858],[-120.65773,46.36911],[-120.65645,46.36926],[-120.65572,46.36907],[-120.65626,46.36779],[-120.65648,46.36686],[-120.6556,46.3672]],[[-120.70956,46.35135],[-120.7105,46.35123],[-120.71038,46.35059],[-120.71068,46.35047],[-120.71088,46.35013],[-120.71163,46.3499],[-120.70949,46.35032],[-120.70929,46.35052],[-120.70936,46.35104],[-120.70956,46.35135]]]},"properties":{"fire_id":"ufid:2024-WAYAA-000035","source_collection":"history-2024","source_objectid":50517,"incident_name":"1980 SLIDE RANCH","mapped_acres":3103.853,"mapped_acres_source":"poly_GISAcres","gis_acres":3103.853,"auto_acres":3103.8411476966407,"reported_acres":3166.0,"percent_contained":null,"state":"WA","state_wfigs":"US-WA","county":"Yakima","discovery_time_utc":"2024-06-22T22:41:00Z","perimeter_time_utc":"2026-01-29T18:40:07Z","perimeter_edit_time_utc":null,"incident_modified_time_utc":"2025-02-12T18:44:02Z","containment_time_utc":"2024-07-08T23:18:00Z","control_time_utc":"2024-07-12T03:32:00Z","fire_out_time_utc":"2024-07-31T17:00:00Z","fire_cause":"Human","fire_cause_general":"Debris and open burning","map_method":"GPS-Flight","source_dataset":"FFP","unique_fire_identifier":"2024-WAYAA-000035","irwin_id":"{9D3B6709-B373-44F5-ACAA-8A2204E37C88}","global_id":"f9b5e1db-a0d4-47a7-858a-81563a764270"}},{"type":"Feature","geometry":{"type":"Polygon","coordinates":[[[-120.74248,46.38644],[-120.74337,46.38577],[-120.74344,46.38592],[-120.74374,46.38593],[-120.744,46.38548],[-120.74417,46.38541],[-120.74584,46.38556],[-120.74643,46.38532],[-120.74655,46.38493],[-120.74711,46.38469],[-120.7475,46.38469],[-120.74752,46.38429],[-120.74676,46.38426],[-120.74674,46.3841],[-120.74684,46.38389],[-120.74723,46.38376],[-120.74757,46.38391],[-120.74834,46.38333],[-120.74818,46.38254],[-120.75192,46.38258],[-120.75261,46.38301],[-120.75286,46.38332],[-120.75338,46.38489],[-120.75312,46.38485],[-120.75299,46.38462],[-120.75297,46.38546],[-120.75141,46.38594],[-120.75021,46.38612],[-120.74983,46.38654],[-120.74936,46.38672],[-120.74887,46.38712],[-120.74812,46.38725],[-120.74743,46.38773],[-120.74675,46.38789],[-120.74617,46.38743],[-120.74339,46.38665],[-120.74266,46.38658],[-120.74248,46.38644]]]},"properties":{"fire_id":"ufid:2024-WAYAA-000071","source_collection":"history-2024","source_objectid":50518,"incident_name":"861 W. WHITE SWAN","mapped_acres":68.2,"mapped_acres_source":"poly_GISAcres","gis_acres":68.2,"auto_acres":61.06029432369455,"reported_acres":58.0,"percent_contained":null,"state":"WA","state_wfigs":"US-WA","county":"Yakima","discovery_time_utc":"2024-07-23T00:08:00Z","perimeter_time_utc":"2026-01-29T19:45:21Z","perimeter_edit_time_utc":null,"incident_modified_time_utc":"2025-02-12T18:54:38Z","containment_time_utc":"2024-07-25T02:01:00Z","control_time_utc":"2024-07-29T00:15:00Z","fire_out_time_utc":"2024-07-29T00:15:00Z","fire_cause":"Human","fire_cause_general":"Equipment and vehicle use","map_method":"Hand Sketch","source_dataset":"FFP","unique_fire_identifier":"2024-WAYAA-000071","irwin_id":"{818AAB6F-4D3A-488F-AEF2-641D42F9C25E}","global_id":"e5958450-e112-4b17-b591-0ae998111ca8"}}]}
