{"type":"FeatureCollection","features":[{"type":"Feature","geometry":{"type":"MultiPolygon","coordinates":[[[[-120.63329,38.32714],[-120.6336,38.32696],[-120.63375,38.32719],[-120.63397,38.32716],[-120.63399,38.32696],[-120.63417,38.32703],[-120.63415,38.3274],[-120.63393,38.32771],[-120.63361,38.32759],[-120.63354,38.32731],[-120.63329,38.32714]]],[[[-120.67931,38.34088],[-120.67845,38.34148],[-120.6783,38.34152],[-120.67812,38.34133],[-120.67788,38.34142],[-120.67755,38.3418],[-120.67724,38.3417],[-120.67706,38.34189],[-120.67723,38.34209],[-120.67705,38.34245],[-120.67772,38.34286],[-120.67723,38.34358],[-120.67626,38.34411],[-120.67614,38.34487],[-120.67576,38.34487],[-120.67532,38.34452],[-120.67556,38.34444],[-120.67519,38.34436],[-120.67441,38.34489],[-120.67349,38.34488],[-120.67241,38.34524],[-120.66972,38.34568],[-120.66916,38.34558],[-120.66802,38.34482],[-120.66687,38.34451],[-120.66539,38.34306],[-120.66509,38.34303],[-120.66451,38.34269],[-120.66402,38.34266],[-120.66239,38.34309],[-120.6613,38.34373],[-120.65848,38.34326],[-120.65738,38.344],[-120.65687,38.34413],[-120.65572,38.34477],[-120.65514,38.3446],[-120.65456,38.34465],[-120.65331,38.34523],[-120.65267,38.34513],[-120.65087,38.34516],[-120.65026,38.34484],[-120.6499,38.34431],[-120.64967,38.34438],[-120.64939,38.34483],[-120.64881,38.34499],[-120.64824,38.34507],[-120.64801,38.34484],[-120.64751,38.34487],[-120.64727,38.34505],[-120.64736,38.34528],[-120.64763,38.34542],[-120.6477,38.3458],[-120.64692,38.34631],[-120.64653,38.34684],[-120.64653,38.34715],[-120.64621,38.34743],[-120.6463,38.3484],[-120.64604,38.34848],[-120.64593,38.34891],[-120.64552,38.34912],[-120.64539,38.34967],[-120.64513,38.34975],[-120.64501,38.34996],[-120.64468,38.34995],[-120.64455,38.35136],[-120.64425,38.35192],[-120.64355,38.35213],[-120.64354,38.35251],[-120.6433,38.35273],[-120.64286,38.35255],[-120.64231,38.35258],[-120.64194,38.35231],[-120.64083,38.35204],[-120.64071,38.35214],[-120.64059,38.35186],[-120.64101,38.35184],[-120.64084,38.35143],[-120.64099,38.35118],[-120.64077,38.35081],[-120.64082,38.35069],[-120.64103,38.35068],[-120.64151,38.35117],[-120.64309,38.35075],[-120.64303,38.35048],[-120.64284,38.35045],[-120.64256,38.35074],[-120.64237,38.35067],[-120.64199,38.3508],[-120.6414,38.35017],[-120.64077,38.3504],[-120.64062,38.35065],[-120.64034,38.35051],[-120.64029,38.35023],[-120.63996,38.35027],[-120.63978,38.35043],[-120.63943,38.35045],[-120.63964,38.35055],[-120.63956,38.3509],[-120.63858,38.35139],[-120.6386,38.35119],[-120.63823,38.3508],[-120.63806,38.35082],[-120.63815,38.35068],[-120.63804,38.3506],[-120.63881,38.35032],[-120.63859,38.35009],[-120.63773,38.35043],[-120.63746,38.35021],[-120.63753,38.35],[-120.63721,38.3499],[-120.63731,38.35042],[-120.63705,38.35057],[-120.63695,38.35054],[-120.63701,38.3504],[-120.63683,38.35059],[-120.63678,38.35107],[-120.63719,38.35112],[-120.63751,38.35096],[-120.63737,38.35124],[-120.63767,38.35129],[-120.63767,38.35152],[-120.63791,38.35174],[-120.63852,38.35188],[-120.6387,38.35204],[-120.63861,38.3521],[-120.63925,38.3523],[-120.63901,38.35266],[-120.63938,38.35314],[-120.63906,38.35333],[-120.63902,38.35359],[-120.63856,38.35383],[-120.63879,38.35387],[-120.63874,38.35419],[-120.63918,38.35501],[-120.6391,38.3551],[-120.6392,38.35568],[-120.63963,38.35592],[-120.63954,38.35617],[-120.63876,38.35601],[-120.63839,38.35639],[-120.63855,38.35678],[-120.63949,38.35714],[-120.63962,38.35769],[-120.63888,38.35821],[-120.63885,38.35843],[-120.63908,38.35882],[-120.63889,38.35883],[-120.63883,38.35861],[-120.63863,38.35878],[-120.63876,38.35898],[-120.63888,38.35894],[-120.63925,38.35957],[-120.63895,38.35978],[-120.63894,38.36036],[-120.63883,38.36041],[-120.63915,38.36085],[-120.6388,38.3611],[-120.63848,38.362],[-120.63847,38.36241],[-120.6383,38.36253],[-120.63748,38.36247],[-120.6373,38.36198],[-120.63704,38.3617],[-120.63655,38.36183],[-120.63584,38.36225],[-120.63569,38.36265],[-120.63602,38.3628],[-120.6358,38.36306],[-120.63588,38.36337],[-120.63601,38.36331],[-120.63633,38.36363],[-120.63705,38.36335],[-120.63675,38.36316],[-120.63695,38.36306],[-120.63708,38.36322],[-120.63716,38.36309],[-120.63769,38.36318],[-120.63783,38.36352],[-120.63772,38.36429],[-120.63722,38.36457],[-120.6369,38.36445],[-120.63657,38.36495],[-120.63664,38.36527],[-120.63606,38.36506],[-120.63605,38.36478],[-120.63645,38.36481],[-120.63661,38.36462],[-120.6364,38.3643],[-120.63582,38.36425],[-120.63541,38.3637],[-120.63485,38.36392],[-120.63458,38.36389],[-120.6344,38.36362],[-120.63416,38.36374],[-120.63418,38.36407],[-120.63444,38.36426],[-120.63409,38.3645],[-120.63428,38.36473],[-120.63408,38.36555],[-120.63462,38.36551],[-120.63467,38.36569],[-120.63496,38.36574],[-120.63464,38.36609],[-120.63351,38.36604],[-120.63308,38.36613],[-120.63288,38.36631],[-120.63246,38.36606],[-120.6306,38.36594],[-120.62993,38.36612],[-120.62976,38.36637],[-120.62848,38.36687],[-120.62767,38.3669],[-120.62743,38.36666],[-120.6272,38.36671],[-120.62737,38.367],[-120.6272,38.36724],[-120.62713,38.36778],[-120.62685,38.36817],[-120.6268,38.36861],[-120.62766,38.36958],[-120.62763,38.36981],[-120.6274,38.3699],[-120.62739,38.37017],[-120.62758,38.37031],[-120.62775,38.37073],[-120.62725,38.371],[-120.62663,38.371],[-120.62637,38.37134],[-120.62532,38.37144],[-120.62494,38.37183],[-120.62436,38.37216],[-120.62428,38.37246],[-120.62396,38.37247],[-120.62322,38.37288],[-120.62149,38.37272],[-120.6207,38.3723],[-120.62029,38.37242],[-120.61992,38.37237],[-120.61898,38.37201],[-120.61894,38.37187],[-120.61787,38.37134],[-120.61683,38.37113],[-120.61536,38.37106],[-120.61508,38.37076],[-120.61519,38.37046],[-120.61505,38.37019],[-120.61564,38.36875],[-120.61586,38.36853],[-120.61776,38.36774],[-120.61813,38.36715],[-120.61861,38.36687],[-120.61888,38.36633],[-120.61897,38.36536],[-120.61769,38.36327],[-120.61759,38.3625],[-120.61787,38.36139],[-120.61923,38.35858],[-120.61979,38.35797],[-120.62026,38.35771],[-120.62085,38.35766],[-120.62237,38.35787],[-120.62382,38.35781],[-120.62634,38.3571],[-120.62748,38.35658],[-120.62828,38.35598],[-120.62899,38.35337],[-120.62925,38.351],[-120.63022,38.34894],[-120.63103,38.34763],[-120.63095,38.34725],[-120.63033,38.34727],[-120.63017,38.34716],[-120.6303,38.34698],[-120.62986,38.34728],[-120.62973,38.34716],[-120.62984,38.3469],[-120.62979,38.34697],[-120.62972,38.34677],[-120.62938,38.34687],[-120.62938,38.34661],[-120.6292,38.34679],[-120.62857,38.34687],[-120.62831,38.34666],[-120.62793,38.34674],[-120.62744,38.34657],[-120.62722,38.34691],[-120.62645,38.34693],[-120.62615,38.34725],[-120.6257,38.34711],[-120.62571,38.3473],[-120.62546,38.34736],[-120.62535,38.34709],[-120.62492,38.34728],[-120.62461,38.34719],[-120.62483,38.347],[-120.62455,38.34693],[-120.62446,38.34678],[-120.62397,38.34688],[-120.6238,38.3468],[-120.62369,38.34659],[-120.62376,38.3462],[-120.62329,38.34606],[-120.62361,38.34582],[-120.62362,38.34566],[-120.62316,38.34533],[-120.6227,38.34535],[-120.62263,38.34552],[-120.6215,38.34507],[-120.62009,38.34535],[-120.61996,38.34473],[-120.61964,38.34456],[-120.61876,38.34335],[-120.61871,38.34296],[-120.61933,38.34185],[-120.61932,38.34146],[-120.61876,38.34131],[-120.6186,38.34106],[-120.61896,38.34093],[-120.61865,38.34057],[-120.61825,38.34044],[-120.61833,38.34006],[-120.61844,38.34023],[-120.61879,38.34028],[-120.61902,38.33996],[-120.61923,38.33991],[-120.61939,38.33943],[-120.6181,38.33896],[-120.61798,38.33851],[-120.61766,38.33834],[-120.61777,38.33811],[-120.61952,38.33733],[-120.619,38.33659],[-120.61892,38.33635],[-120.61903,38.3361],[-120.6194,38.33596],[-120.6202,38.33599],[-120.62033,38.33564],[-120.62062,38.33542],[-120.62112,38.33536],[-120.62121,38.33509],[-120.62155,38.33478],[-120.62195,38.33459],[-120.62233,38.33473],[-120.62268,38.3346],[-120.62281,38.33405],[-120.62255,38.33319],[-120.62275,38.33282],[-120.6227,38.33257],[-120.62357,38.33216],[-120.62439,38.33239],[-120.62487,38.33231],[-120.62502,38.33216],[-120.62552,38.33215],[-120.62572,38.33194],[-120.6256,38.33169],[-120.62587,38.33139],[-120.6266,38.33115],[-120.62799,38.33142],[-120.62837,38.33137],[-120.62832,38.33098],[-120.62881,38.33055],[-120.62952,38.33032],[-120.63014,38.33048],[-120.63058,38.33043],[-120.63097,38.33],[-120.63135,38.33023],[-120.63128,38.33037],[-120.63147,38.3306],[-120.6319,38.33073],[-120.63371,38.33096],[-120.63476,38.33093],[-120.63462,38.33064],[-120.63343,38.33077],[-120.63283,38.33038],[-120.6331,38.33034],[-120.6331,38.3302],[-120.63323,38.33031],[-120.63413,38.33013],[-120.63452,38.33036],[-120.63501,38.33034],[-120.6362,38.32943],[-120.63584,38.32911],[-120.63597,38.32871],[-120.63624,38.32842],[-120.63628,38.32741],[-120.6364,38.32752],[-120.6387,38.32718],[-120.63969,38.32673],[-120.63971,38.32645],[-120.64,38.32635],[-120.63997,38.32619],[-120.64075,38.32603],[-120.64066,38.32549],[-120.64009,38.3252],[-120.63804,38.3253],[-120.63737,38.32545],[-120.63713,38.3254],[-120.63709,38.32528],[-120.63751,38.32505],[-120.63752,38.32484],[-120.63922,38.32383],[-120.63922,38.32359],[-120.64002,38.32299],[-120.64063,38.32267],[-120.64096,38.3227],[-120.64187,38.32333],[-120.64246,38.32321],[-120.64299,38.32336],[-120.64345,38.32379],[-120.64385,38.32363],[-120.64428,38.32374],[-120.64405,38.32397],[-120.64437,38.32405],[-120.64467,38.32395],[-120.64495,38.32439],[-120.64544,38.32441],[-120.6457,38.32426],[-120.6458,38.32336],[-120.64604,38.32306],[-120.64557,38.32292],[-120.64565,38.32243],[-120.64622,38.32211],[-120.64648,38.32171],[-120.64742,38.32173],[-120.64762,38.32143],[-120.64743,38.32129],[-120.64814,38.32129],[-120.64858,38.32156],[-120.64847,38.32132],[-120.64897,38.3213],[-120.64987,38.32189],[-120.65119,38.32199],[-120.65107,38.32232],[-120.65146,38.32239],[-120.65166,38.32328],[-120.6539,38.32424],[-120.65411,38.32477],[-120.65436,38.32451],[-120.65501,38.3244],[-120.65507,38.32414],[-120.65573,38.32385],[-120.65557,38.32324],[-120.6562,38.32267],[-120.6562,38.3224],[-120.6566,38.3223],[-120.65727,38.32161],[-120.65828,38.32096],[-120.65997,38.32041],[-120.66043,38.32054],[-120.66043,38.32086],[-120.66068,38.32099],[-120.6611,38.32098],[-120.66167,38.32059],[-120.66172,38.32042],[-120.66159,38.32039],[-120.66211,38.32014],[-120.66282,38.31946],[-120.66302,38.31941],[-120.66328,38.31898],[-120.66326,38.31872],[-120.66346,38.31869],[-120.66355,38.31852],[-120.66332,38.31831],[-120.66281,38.31825],[-120.66235,38.31793],[-120.66133,38.31753],[-120.66124,38.31687],[-120.66183,38.31598],[-120.66233,38.31548],[-120.66229,38.31532],[-120.66284,38.31491],[-120.66299,38.31497],[-120.66319,38.31537],[-120.66413,38.31564],[-120.66447,38.31542],[-120.66451,38.31508],[-120.66494,38.31495],[-120.66582,38.31551],[-120.66604,38.31581],[-120.66692,38.31576],[-120.66712,38.31589],[-120.66806,38.31581],[-120.66921,38.31553],[-120.6697,38.31569],[-120.67023,38.31554],[-120.67065,38.31573],[-120.67146,38.31551],[-120.67168,38.31602],[-120.67112,38.31618],[-120.67116,38.31642],[-120.6717,38.31651],[-120.67172,38.3169],[-120.67213,38.31708],[-120.67242,38.31745],[-120.67316,38.31799],[-120.67277,38.31836],[-120.67221,38.31858],[-120.6725,38.31915],[-120.67282,38.31885],[-120.67329,38.31866],[-120.67439,38.31878],[-120.67488,38.31834],[-120.67471,38.31814],[-120.67428,38.31824],[-120.67372,38.3175],[-120.67508,38.31766],[-120.67574,38.31792],[-120.67593,38.31823],[-120.67645,38.31847],[-120.67724,38.31844],[-120.67773,38.31901],[-120.67841,38.31919],[-120.67838,38.31858],[-120.67862,38.31863],[-120.67928,38.31952],[-120.67983,38.31932],[-120.67993,38.3195],[-120.67964,38.31998],[-120.67939,38.3201],[-120.68007,38.32141],[-120.68048,38.32154],[-120.68063,38.32103],[-120.68088,38.32093],[-120.681,38.3204],[-120.68217,38.32051],[-120.68257,38.32084],[-120.68279,38.32068],[-120.68328,38.32065],[-120.68358,38.321],[-120.68393,38.32101],[-120.68398,38.32123],[-120.68433,38.32132],[-120.68451,38.32165],[-120.68446,38.3222],[-120.68503,38.32189],[-120.68523,38.32208],[-120.68553,38.32202],[-120.68587,38.32125],[-120.68655,38.3204],[-120.68748,38.32006],[-120.68774,38.31974],[-120.68877,38.31924],[-120.68884,38.3191],[-120.6894,38.31915],[-120.68979,38.31895],[-120.69016,38.3191],[-120.69052,38.31887],[-120.69164,38.31869],[-120.69175,38.31842],[-120.69224,38.31823],[-120.69287,38.31816],[-120.6932,38.31833],[-120.69326,38.31816],[-120.69415,38.31815],[-120.69431,38.31847],[-120.6952,38.31865],[-120.69523,38.31889],[-120.69551,38.31894],[-120.69561,38.31911],[-120.69532,38.31949],[-120.69553,38.31973],[-120.69483,38.31995],[-120.69483,38.32028],[-120.69469,38.32038],[-120.69459,38.32015],[-120.69446,38.32016],[-120.69435,38.32074],[-120.69459,38.3209],[-120.69445,38.32119],[-120.69454,38.32147],[-120.69424,38.32191],[-120.69425,38.32216],[-120.69479,38.32306],[-120.69518,38.32303],[-120.69559,38.32321],[-120.69555,38.32364],[-120.69481,38.32452],[-120.69415,38.32486],[-120.69365,38.32574],[-120.69341,38.32663],[-120.69318,38.32683],[-120.69363,38.32724],[-120.69329,38.32792],[-120.69306,38.32799],[-120.69321,38.3283],[-120.69357,38.32853],[-120.69337,38.32913],[-120.69289,38.32931],[-120.69266,38.32976],[-120.69211,38.33],[-120.69188,38.33025],[-120.69129,38.33039],[-120.69018,38.33012],[-120.68958,38.33035],[-120.68981,38.33044],[-120.68972,38.33065],[-120.68936,38.33063],[-120.68905,38.33044],[-120.68884,38.33075],[-120.68847,38.33049],[-120.68826,38.3307],[-120.68763,38.33079],[-120.68704,38.33111],[-120.68695,38.33091],[-120.68687,38.331],[-120.68676,38.33091],[-120.68683,38.33072],[-120.68647,38.33101],[-120.68561,38.33025],[-120.68569,38.33104],[-120.68623,38.33124],[-120.68602,38.33152],[-120.68627,38.33178],[-120.68683,38.33192],[-120.6869,38.33225],[-120.68669,38.33232],[-120.68633,38.33282],[-120.68582,38.33302],[-120.68589,38.33315],[-120.68561,38.33337],[-120.68512,38.33326],[-120.68484,38.33335],[-120.68519,38.33388],[-120.68489,38.33483],[-120.68456,38.3352],[-120.68483,38.33548],[-120.68485,38.33593],[-120.68469,38.33628],[-120.68454,38.33644],[-120.68424,38.33633],[-120.68354,38.33652],[-120.68345,38.33661],[-120.68369,38.33671],[-120.68356,38.33683],[-120.6836,38.33709],[-120.68266,38.33733],[-120.68272,38.33749],[-120.68248,38.33761],[-120.68221,38.33759],[-120.68198,38.33735],[-120.68157,38.33746],[-120.68114,38.33785],[-120.68154,38.33817],[-120.68158,38.33846],[-120.68147,38.33862],[-120.68169,38.33874],[-120.68191,38.33925],[-120.68169,38.3392],[-120.6817,38.33946],[-120.68182,38.3396],[-120.68183,38.34],[-120.68198,38.34013],[-120.68149,38.3399],[-120.68115,38.34018],[-120.68091,38.34006],[-120.68085,38.33978],[-120.68065,38.33966],[-120.68054,38.33974],[-120.68062,38.33997],[-120.68039,38.34022],[-120.67984,38.34009],[-120.68013,38.34046],[-120.67998,38.34055],[-120.67934,38.34024],[-120.67929,38.34035],[-120.67946,38.34056],[-120.67942,38.3409],[-120.6793,38.34099],[-120.67931,38.34088]]]]},"properties":{"fire_id":"ufid:2022-CAAEU-017769","source_collection":"history-2022","source_objectid":953,"incident_name":"Electra","mapped_acres":4470.39640928622,"mapped_acres_source":"poly_GISAcres","gis_acres":4470.39640928622,"auto_acres":4467.07757850867,"reported_acres":0.01,"percent_contained":100.0,"state":"CA","state_wfigs":"US-CA","county":"Amador","discovery_time_utc":"2022-07-04T22:44:57Z","perimeter_time_utc":null,"perimeter_edit_time_utc":"2022-07-11T02:43:50Z","incident_modified_time_utc":"2024-08-30T00:54:48Z","containment_time_utc":"2022-07-23T22:00:00Z","control_time_utc":"2022-07-27T14:00:00Z","fire_out_time_utc":"2022-07-28T13:24:00Z","fire_cause":"Undetermined","fire_cause_general":null,"map_method":"Mixed Methods","source_dataset":"2022 NIFS","unique_fire_identifier":"2022-CAAEU-017769","irwin_id":"{984CC819-3E50-4361-9028-C04AC66C5230}","global_id":"f3b6fcb7-7c33-41d8-bc86-563301fa96bb"}},{"type":"Feature","geometry":{"type":"Polygon","coordinates":[[[-121.31759,39.29315],[-121.31837,39.29312],[-121.3188,39.29282],[-121.32012,39.29293],[-121.32051,39.29339],[-121.32043,39.29374],[-121.32013,39.29394],[-121.32001,39.29422],[-121.32026,39.29433],[-121.32018,39.29465],[-121.32054,39.29497],[-121.32023,39.29515],[-121.32043,39.29537],[-121.32024,39.29572],[-121.32026,39.29631],[-121.32055,39.29678],[-121.32016,39.29697],[-121.32002,39.29746],[-121.32018,39.29778],[-121.31967,39.29834],[-121.31939,39.29834],[-121.3192,39.29864],[-121.31894,39.29872],[-121.3183,39.29844],[-121.31817,39.29856],[-121.31787,39.29838],[-121.31722,39.29842],[-121.31725,39.29828],[-121.31746,39.29832],[-121.31749,39.29809],[-121.3178,39.29785],[-121.31786,39.29765],[-121.31854,39.29747],[-121.31875,39.29716],[-121.31856,39.29703],[-121.31836,39.29715],[-121.31831,39.29698],[-121.31812,39.29699],[-121.31801,39.29718],[-121.31772,39.29692],[-121.31721,39.29681],[-121.31705,39.29661],[-121.31703,39.29628],[-121.31648,39.29606],[-121.31678,39.29587],[-121.31666,39.2953],[-121.31685,39.29512],[-121.31689,39.29487],[-121.31713,39.29469],[-121.31692,39.29452],[-121.31699,39.29387],[-121.31734,39.29364],[-121.31759,39.29315]]]},"properties":{"fire_id":"ufid:2022-CANEU-020340","source_collection":"history-2022","source_objectid":1824,"incident_name":"Apple","mapped_acres":41.0978465348019,"mapped_acres_source":"poly_GISAcres","gis_acres":41.0978465348019,"auto_acres":38.6603549887091,"reported_acres":39.0,"percent_contained":null,"state":"CA","state_wfigs":"US-CA","county":"Yuba","discovery_time_utc":"2022-07-27T22:04:16Z","perimeter_time_utc":null,"perimeter_edit_time_utc":"2022-07-28T03:46:47Z","incident_modified_time_utc":"2022-08-02T18:26:05Z","containment_time_utc":"2022-07-30T00:00:00Z","control_time_utc":"2022-08-02T18:03:00Z","fire_out_time_utc":null,"fire_cause":"Undetermined","fire_cause_general":null,"map_method":"Mixed Methods","source_dataset":"2022 NIFS","unique_fire_identifier":"2022-CANEU-020340","irwin_id":"{DDF0B253-E5BF-4F01-AC35-DFFCA86DD006}","global_id":"7ab9e023-3a6b-434d-9a95-22c5292c9f62"}},{"type":"Feature","geometry":{"type":"Polygon","coordinates":[[[-120.59912,39.12945],[-120.59933,39.12948],[-120.59921,39.12972],[-120.59902,39.12963],[-120.59912,39.12945]]]},"properties":{"fire_id":"ufid:2022-CATNF-000633","source_collection":"history-2022","source_objectid":2055,"incident_name":"LOST","mapped_acres":0.1,"mapped_acres_source":"poly_GISAcres","gis_acres":0.1,"auto_acres":0.116819688062126,"reported_acres":0.27,"percent_contained":null,"state":"CA","state_wfigs":"US-CA","county":"Placer","discovery_time_utc":"2022-06-17T21:48:00Z","perimeter_time_utc":"2022-06-18T02:48:04Z","perimeter_edit_time_utc":"2022-10-30T15:55:46Z","incident_modified_time_utc":"2022-06-21T20:53:47Z","containment_time_utc":"2022-06-18T00:11:00Z","control_time_utc":"2022-06-18T17:11:00Z","fire_out_time_utc":"2022-06-20T20:48:00Z","fire_cause":"Undetermined","fire_cause_general":null,"map_method":"Hand Sketch","source_dataset":"2022 NIFS","unique_fire_identifier":"2022-CATNF-000633","irwin_id":"{E212F207-0BF7-45CB-8980-E1175E5B5588}","global_id":"605c6931-decc-4790-92a6-fbcb0dbda7c3"}},{"type":"Feature","geometry":{"type":"Polygon","coordinates":[[[-120.81997,39.12597],[-120.81983,39.12644],[-120.82,39.12664],[-120.81948,39.12695],[-120.81819,39.12716],[-120.81677,39.12658],[-120.81659,39.12638],[-120.81644,39.12562],[-120.81651,39.1252],[-120.81716,39.12487],[-120.81733,39.12509],[-120.81771,39.12522],[-120.81871,39.1259],[-120.81929,39.12575],[-120.81997,39.12597]]]},"properties":{"fire_id":"ufid:2022-CANEU-024621","source_collection":"history-2022","source_objectid":2189,"incident_name":"Hill","mapped_acres":11.4577748517302,"mapped_acres_source":"poly_GISAcres","gis_acres":11.4577748517302,"auto_acres":11.457731313083,"reported_acres":13.1,"percent_contained":null,"state":"CA","state_wfigs":"US-CA","county":"Placer","discovery_time_utc":"2022-09-06T13:08:14Z","perimeter_time_utc":null,"perimeter_edit_time_utc":"2022-09-06T20:46:38Z","incident_modified_time_utc":"2022-09-15T22:55:58Z","containment_time_utc":"2022-09-07T00:58:00Z","control_time_utc":"2022-09-15T22:55:53Z","fire_out_time_utc":null,"fire_cause":"Undetermined","fire_cause_general":null,"map_method":"Mixed Methods","source_dataset":"2022 NIFS","unique_fire_identifier":"2022-CANEU-024621","irwin_id":"{73088573-1A4E-4A12-90CA-DC33791C8B20}","global_id":"6b3709b3-25f8-4fb0-985d-439bd80fc79f"}},{"type":"Feature","geometry":{"type":"Polygon","coordinates":[[[-122.44906,40.00339],[-122.45042,40.00256],[-122.45052,40.00233],[-122.45044,40.00168],[-122.45106,40.00113],[-122.4512,40.00082],[-122.45106,39.99946],[-122.45143,39.99854],[-122.45142,39.99781],[-122.45133,39.99748],[-122.45097,39.99733],[-122.45087,39.99713],[-122.45121,39.99651],[-122.45121,39.99583],[-122.45043,39.99471],[-122.45026,39.99411],[-122.45016,39.99277],[-122.45045,39.99141],[-122.4521,39.98901],[-122.45248,39.98815],[-122.45325,39.98749],[-122.45365,39.98648],[-122.45439,39.98325],[-122.45564,39.98119],[-122.45636,39.98059],[-122.45751,39.98045],[-122.45832,39.98015],[-122.46089,39.97985],[-122.46115,39.97975],[-122.46166,39.97924],[-122.46212,39.9791],[-122.46338,39.97908],[-122.4664,39.97932],[-122.46855,39.98012],[-122.46911,39.98124],[-122.46892,39.98194],[-122.46812,39.98246],[-122.46703,39.98391],[-122.46587,39.98414],[-122.46582,39.98446],[-122.46608,39.98521],[-122.46594,39.98581],[-122.46511,39.98702],[-122.46426,39.98759],[-122.46358,39.98955],[-122.46168,39.99099],[-122.46159,39.99141],[-122.46128,39.99186],[-122.46038,39.99266],[-122.46025,39.99328],[-122.45996,39.9937],[-122.45948,39.99388],[-122.45917,39.99425],[-122.4588,39.99429],[-122.45812,39.99496],[-122.45816,39.99506],[-122.45877,39.99518],[-122.45887,39.99548],[-122.45862,39.99574],[-122.45713,39.99635],[-122.45677,39.99664],[-122.45715,39.99769],[-122.45665,39.99883],[-122.45488,39.99987],[-122.45472,40.00008],[-122.45462,40.00065],[-122.45417,40.00089],[-122.45417,40.0011],[-122.45473,40.00143],[-122.45485,40.00255],[-122.45514,40.0033],[-122.45511,40.00368],[-122.45302,40.00531],[-122.45307,40.00587],[-122.4529,40.0065],[-122.45314,40.00721],[-122.45275,40.0081],[-122.4519,40.00863],[-122.45094,40.01],[-122.45025,40.01012],[-122.44982,40.01035],[-122.45019,40.01061],[-122.45009,40.01085],[-122.44932,40.01121],[-122.44914,40.01118],[-122.44906,40.01079],[-122.44936,40.00998],[-122.44935,40.00936],[-122.44893,40.00836],[-122.44831,40.00765],[-122.4482,40.0068],[-122.44828,40.00653],[-122.44885,40.00619],[-122.449,40.00591],[-122.44913,40.00454],[-122.44855,40.00387],[-122.44906,40.00339]]]},"properties":{"fire_id":"ufid:2022-CATGU-006986","source_collection":"history-2022","source_objectid":2405,"incident_name":"RANCHO TEHAMA RD  RTR","mapped_acres":0.01,"mapped_acres_source":"poly_GISAcres","gis_acres":0.01,"auto_acres":585.891631347168,"reported_acres":593.0,"percent_contained":95.0,"state":"CA","state_wfigs":"US-CA","county":"Tehama","discovery_time_utc":"2022-06-13T23:16:51Z","perimeter_time_utc":"2022-06-14T04:16:51Z","perimeter_edit_time_utc":"2022-08-01T21:38:09Z","incident_modified_time_utc":"2022-06-27T20:28:11Z","containment_time_utc":"2022-06-20T03:00:00Z","control_time_utc":"2022-06-27T20:25:00Z","fire_out_time_utc":null,"fire_cause":"Undetermined","fire_cause_general":null,"map_method":"Image Interpretation","source_dataset":"2022 NIFS","unique_fire_identifier":"2022-CATGU-006986","irwin_id":"{055F1E57-2DFF-4452-B0AB-71B1E553F1C3}","global_id":"8dd3e643-9619-46a7-963d-88ec9636b750"}},{"type":"Feature","geometry":{"type":"Polygon","coordinates":[[[-121.27364,39.32508],[-121.27369,39.32523],[-121.27349,39.32529],[-121.27345,39.32516],[-121.27364,39.32508]]]},"properties":{"fire_id":"ufid:2022-CANEU-019408","source_collection":"history-2022","source_objectid":2692,"incident_name":"Winding","mapped_acres":0.108933153161628,"mapped_acres_source":"poly_GISAcres","gis_acres":0.108933153161628,"auto_acres":0.108932736472938,"reported_acres":80.0,"percent_contained":null,"state":"CA","state_wfigs":"US-CA","county":"Yuba","discovery_time_utc":"2022-07-18T23:43:45Z","perimeter_time_utc":null,"perimeter_edit_time_utc":"2022-07-19T03:15:15Z","incident_modified_time_utc":"2022-07-29T23:18:14Z","containment_time_utc":"2022-07-19T04:50:00Z","control_time_utc":"2022-07-29T23:18:08Z","fire_out_time_utc":null,"fire_cause":"Undetermined","fire_cause_general":null,"map_method":"Mixed Methods","source_dataset":"2022 NIFS","unique_fire_identifier":"2022-CANEU-019408","irwin_id":"{633C7DC0-D95B-4BC9-8C04-F088E65A3A14}","global_id":"9c1290a1-b4be-4f65-b62d-2a8abbd1f82d"}},{"type":"Feature","geometry":{"type":"MultiPolygon","coordinates":[[[[-123.31342,39.36745],[-123.31137,39.36722],[-123.31081,39.36726],[-123.31066,39.36721],[-123.31061,39.36695],[-123.31053,39.36723],[-123.31011,39.36733],[-123.30937,39.36698],[-123.30841,39.36713],[-123.30774,39.36663],[-123.30747,39.36661],[-123.30729,39.36643],[-123.30707,39.36653],[-123.30684,39.36603],[-123.30628,39.36556],[-123.30659,39.36542],[-123.30655,39.36522],[-123.30732,39.36478],[-123.3067,39.36469],[-123.3068,39.36441],[-123.30644,39.36406],[-123.30645,39.36389],[-123.30672,39.36389],[-123.30674,39.3641],[-123.3073,39.36427],[-123.30781,39.36343],[-123.30762,39.36307],[-123.30801,39.36272],[-123.30885,39.36229],[-123.30965,39.36229],[-123.31016,39.3621],[-123.31038,39.36161],[-123.31105,39.36176],[-123.31173,39.36142],[-123.31334,39.36128],[-123.31393,39.36105],[-123.31435,39.36106],[-123.31501,39.36132],[-123.31518,39.36127],[-123.31535,39.36099],[-123.31582,39.36097],[-123.31528,39.36231],[-123.31508,39.36406],[-123.31526,39.36521],[-123.31604,39.36685],[-123.31561,39.36717],[-123.31496,39.36734],[-123.31479,39.36764],[-123.31457,39.36774],[-123.31317,39.36782],[-123.31313,39.36756],[-123.31342,39.36745]]],[[[-123.30915,39.36181],[-123.30931,39.36186],[-123.30906,39.36209],[-123.309,39.36195],[-123.30915,39.36181]]],[[[-123.30742,39.3626],[-123.30752,39.3626],[-123.30753,39.36273],[-123.30742,39.3626]]],[[[-123.30678,39.36314],[-123.30719,39.36329],[-123.30698,39.36335],[-123.30678,39.36314]]],[[[-123.30094,39.36389],[-123.30106,39.36396],[-123.30097,39.36399],[-123.30094,39.36389]]],[[[-123.306,39.36516],[-123.30546,39.3651],[-123.30561,39.36494],[-123.306,39.36516]]],[[[-123.30906,39.36715],[-123.30937,39.36715],[-123.30938,39.36727],[-123.30914,39.36737],[-123.30906,39.36715]]],[[[-123.30365,39.36798],[-123.30338,39.36763],[-123.30245,39.36751],[-123.30244,39.36683],[-123.30216,39.36669],[-123.30279,39.36645],[-123.30254,39.36598],[-123.30232,39.36591],[-123.30202,39.36633],[-123.30141,39.36655],[-123.3015,39.36572],[-123.30137,39.36532],[-123.30162,39.36501],[-123.30158,39.36466],[-123.30306,39.36487],[-123.30394,39.36539],[-123.30431,39.3663],[-123.30437,39.3673],[-123.30419,39.36774],[-123.30385,39.36777],[-123.30365,39.36798]]]]},"properties":{"fire_id":"ufid:2022-CAMEU-010062","source_collection":"history-2022","source_objectid":2775,"incident_name":"Walker","mapped_acres":123.295681303037,"mapped_acres_source":"poly_GISAcres","gis_acres":123.295681303037,"auto_acres":123.295210024522,"reported_acres":124.0,"percent_contained":100.0,"state":"CA","state_wfigs":"US-CA","county":"Mendocino","discovery_time_utc":"2022-09-01T22:57:51Z","perimeter_time_utc":"2022-09-02T03:57:51Z","perimeter_edit_time_utc":"2022-09-09T23:57:13Z","incident_modified_time_utc":"2022-09-18T17:54:22Z","containment_time_utc":"2022-09-16T15:30:18Z","control_time_utc":"2022-09-18T17:54:17Z","fire_out_time_utc":null,"fire_cause":"Undetermined","fire_cause_general":null,"map_method":"IR Image Interpretation","source_dataset":"2022 NIFS","unique_fire_identifier":"2022-CAMEU-010062","irwin_id":"{14620D4A-3D6E-4CAD-BE96-754458B8EF94}","global_id":"52e4e878-d0d2-42a2-a2ea-cbff841852ff"}},{"type":"Feature","geometry":{"type":"Polygon","coordinates":[[[-121.17585,39.33578],[-121.1756,39.33599],[-121.17467,39.33581],[-121.17446,39.33555],[-121.17451,39.33497],[-121.17419,39.33463],[-121.17377,39.33463],[-121.1737,39.33439],[-121.17304,39.33406],[-121.17273,39.3343],[-121.17246,39.33429],[-121.17208,39.33401],[-121.17202,39.3338],[-121.17185,39.33412],[-121.17192,39.33426],[-121.17145,39.33519],[-121.17166,39.33526],[-121.17156,39.33543],[-121.17113,39.33535],[-121.17092,39.33567],[-121.17106,39.33592],[-121.17038,39.3362],[-121.16994,39.33615],[-121.16974,39.33643],[-121.16949,39.33639],[-121.16935,39.33665],[-121.16899,39.33676],[-121.16929,39.33692],[-121.16916,39.33755],[-121.16909,39.33768],[-121.16879,39.33772],[-121.16869,39.3381],[-121.16827,39.33842],[-121.16735,39.33868],[-121.16698,39.33851],[-121.16683,39.3383],[-121.16581,39.33828],[-121.16583,39.33842],[-121.16569,39.33848],[-121.16529,39.33825],[-121.16538,39.33815],[-121.1649,39.33814],[-121.16452,39.33793],[-121.16353,39.33553],[-121.16352,39.33418],[-121.1643,39.33236],[-121.16429,39.3317],[-121.16451,39.33153],[-121.16442,39.33129],[-121.16478,39.33076],[-121.16459,39.33022],[-121.1647,39.33018],[-121.16481,39.32963],[-121.16531,39.32927],[-121.16547,39.32899],[-121.16551,39.3285],[-121.16602,39.32793],[-121.16615,39.32744],[-121.16741,39.32663],[-121.1684,39.32632],[-121.16934,39.32552],[-121.16974,39.32491],[-121.17004,39.32486],[-121.17178,39.32539],[-121.17195,39.32499],[-121.17253,39.32479],[-121.17328,39.32389],[-121.17372,39.32378],[-121.17368,39.32317],[-121.17419,39.32256],[-121.17413,39.32154],[-121.17455,39.32115],[-121.17466,39.32009],[-121.17486,39.31991],[-121.17577,39.32],[-121.17604,39.31977],[-121.17638,39.3197],[-121.17654,39.31915],[-121.17678,39.31891],[-121.17773,39.31855],[-121.17779,39.31836],[-121.17837,39.31788],[-121.17864,39.31792],[-121.17976,39.3175],[-121.17985,39.31724],[-121.17975,39.31684],[-121.17996,39.31643],[-121.1801,39.31635],[-121.18036,39.31647],[-121.18071,39.31613],[-121.18144,39.31591],[-121.18127,39.31518],[-121.18135,39.31507],[-121.18177,39.31506],[-121.18182,39.31469],[-121.18224,39.31453],[-121.18223,39.31428],[-121.1827,39.31411],[-121.18289,39.31344],[-121.18268,39.313],[-121.1829,39.31257],[-121.18375,39.31264],[-121.18445,39.31237],[-121.18485,39.3125],[-121.18523,39.31221],[-121.18563,39.31226],[-121.18612,39.31209],[-121.18604,39.31179],[-121.18627,39.31167],[-121.18688,39.31199],[-121.18726,39.31203],[-121.18767,39.31169],[-121.18849,39.31153],[-121.18876,39.311],[-121.18905,39.31087],[-121.18967,39.31091],[-121.18989,39.31109],[-121.19036,39.31064],[-121.19046,39.31027],[-121.19093,39.31024],[-121.19093,39.31004],[-121.19109,39.30993],[-121.19096,39.30976],[-121.19159,39.30934],[-121.19179,39.30899],[-121.19146,39.30906],[-121.1912,39.30884],[-121.19127,39.30863],[-121.19163,39.30851],[-121.19182,39.30828],[-121.19273,39.30836],[-121.19335,39.30824],[-121.19364,39.30838],[-121.19387,39.30822],[-121.19442,39.3082],[-121.19494,39.30839],[-121.19556,39.30909],[-121.19648,39.30885],[-121.19744,39.3091],[-121.19754,39.31026],[-121.19728,39.31046],[-121.19734,39.31085],[-121.19584,39.31129],[-121.19588,39.31182],[-121.19632,39.312],[-121.1965,39.31224],[-121.19632,39.31243],[-121.19633,39.31274],[-121.19647,39.31287],[-121.19609,39.31364],[-121.19603,39.31425],[-121.19512,39.31533],[-121.19448,39.3155],[-121.19414,39.31586],[-121.1937,39.31706],[-121.19376,39.31719],[-121.19362,39.3172],[-121.19364,39.31743],[-121.19284,39.31826],[-121.19253,39.31896],[-121.19251,39.31937],[-121.19173,39.3196],[-121.1913,39.31985],[-121.19126,39.32001],[-121.19058,39.32029],[-121.19034,39.32127],[-121.18917,39.32139],[-121.18873,39.32184],[-121.18863,39.32214],[-121.18819,39.32213],[-121.18815,39.32265],[-121.18779,39.3233],[-121.18818,39.32352],[-121.18853,39.3243],[-121.18851,39.32499],[-121.18802,39.32543],[-121.18772,39.32536],[-121.1874,39.32645],[-121.18718,39.32667],[-121.18617,39.32674],[-121.18585,39.32665],[-121.18502,39.32689],[-121.18389,39.32751],[-121.18397,39.32804],[-121.1835,39.32858],[-121.18269,39.32864],[-121.18216,39.3284],[-121.18132,39.32829],[-121.18098,39.32852],[-121.18088,39.32876],[-121.18006,39.32928],[-121.18007,39.32985],[-121.17919,39.33049],[-121.17898,39.33103],[-121.17904,39.33189],[-121.17822,39.33227],[-121.17809,39.33246],[-121.17827,39.33257],[-121.17817,39.33276],[-121.1785,39.33297],[-121.1783,39.33307],[-121.17841,39.33335],[-121.17871,39.33343],[-121.17875,39.33359],[-121.1784,39.33378],[-121.17842,39.33403],[-121.17821,39.33417],[-121.17836,39.33441],[-121.17758,39.33447],[-121.17752,39.33462],[-121.1778,39.33466],[-121.17779,39.33478],[-121.17749,39.33498],[-121.17729,39.33489],[-121.17721,39.33519],[-121.17701,39.33526],[-121.17655,39.3351],[-121.17653,39.33539],[-121.17683,39.33553],[-121.17682,39.33563],[-121.17636,39.33553],[-121.17602,39.33584],[-121.17585,39.33578]]]},"properties":{"fire_id":"ufid:2022-CANEU-017228","source_collection":"history-2022","source_objectid":3056,"incident_name":"Rices","mapped_acres":920.917761391127,"mapped_acres_source":"poly_GISAcres","gis_acres":920.917761391127,"auto_acres":920.914261248123,"reported_acres":0.01,"percent_contained":98.0,"state":"CA","state_wfigs":"US-CA","county":"Nevada","discovery_time_utc":"2022-06-28T21:00:56Z","perimeter_time_utc":null,"perimeter_edit_time_utc":"2022-07-04T00:38:28Z","incident_modified_time_utc":"2022-09-26T21:34:51Z","containment_time_utc":"2022-07-11T15:00:00Z","control_time_utc":"2022-07-13T22:52:31Z","fire_out_time_utc":"2022-08-19T13:51:00Z","fire_cause":"Undetermined","fire_cause_general":null,"map_method":"Mixed Methods","source_dataset":"2022 NIFS","unique_fire_identifier":"2022-CANEU-017228","irwin_id":"{B5D8929C-9C4A-4DE6-A4DC-C9C69A412C35}","global_id":"eede52dd-a654-4bee-8f22-34087c80d159"}},{"type":"Feature","geometry":{"type":"MultiPolygon","coordinates":[[[[-120.93895,39.05504],[-120.93859,39.05497],[-120.93833,39.05512],[-120.93829,39.05501],[-120.93836,39.05471],[-120.93868,39.05474],[-120.93859,39.05452],[-120.93879,39.05448],[-120.93835,39.05417],[-120.93831,39.05387],[-120.93838,39.05358],[-120.93872,39.05327],[-120.93874,39.05306],[-120.93941,39.05296],[-120.94022,39.05312],[-120.94064,39.05292],[-120.94101,39.05246],[-120.94149,39.05249],[-120.94206,39.0522],[-120.94235,39.05224],[-120.94252,39.05243],[-120.94338,39.05224],[-120.94338,39.0532],[-120.94356,39.05359],[-120.94341,39.05389],[-120.94348,39.05414],[-120.94183,39.05397],[-120.94111,39.05454],[-120.94004,39.05455],[-120.94006,39.05491],[-120.93968,39.05532],[-120.93933,39.05539],[-120.93895,39.05504]]],[[[-120.92165,39.06026],[-120.92223,39.06016],[-120.92237,39.06035],[-120.92228,39.06065],[-120.922,39.06074],[-120.9215,39.06062],[-120.92165,39.06026]]]]},"properties":{"fire_id":"ufid:2022-CANEU-022418","source_collection":"history-2022","source_objectid":4015,"incident_name":"Oak","mapped_acres":23.0929591180643,"mapped_acres_source":"poly_GISAcres","gis_acres":23.0929591180643,"auto_acres":23.0928675777267,"reported_acres":0.01,"percent_contained":null,"state":"CA","state_wfigs":"US-CA","county":"Placer","discovery_time_utc":"2022-08-15T21:49:12Z","perimeter_time_utc":"2022-08-15T20:00:00Z","perimeter_edit_time_utc":"2022-08-16T06:11:55Z","incident_modified_time_utc":"2022-10-17T16:44:58Z","containment_time_utc":"2022-08-15T23:55:00Z","control_time_utc":"2022-09-15T19:00:45Z","fire_out_time_utc":null,"fire_cause":"Undetermined","fire_cause_general":null,"map_method":"GPS-Walked","source_dataset":"2022 NIFS","unique_fire_identifier":"2022-CANEU-022418","irwin_id":"{0356FBDC-2A06-48BE-97BC-5B6D1C12AAFC}","global_id":"fc6f1c48-0809-4304-9fbb-f138cb7f9eda"}},{"type":"Feature","geometry":{"type":"Polygon","coordinates":[[[-121.17166,39.52943],[-121.1717,39.52949],[-121.17158,39.52948],[-121.17166,39.52943]]]},"properties":{"fire_id":"ufid:2022-CAPNF-001155","source_collection":"history-2022","source_objectid":5780,"incident_name":"Laporte","mapped_acres":0.5,"mapped_acres_source":"poly_GISAcres","gis_acres":0.5,"auto_acres":0.015220539071733891,"reported_acres":0.22,"percent_contained":null,"state":"CA","state_wfigs":"US-CA","county":"Butte","discovery_time_utc":"2022-07-15T12:37:00Z","perimeter_time_utc":"2022-10-29T15:08:10Z","perimeter_edit_time_utc":"2023-03-14T15:13:42Z","incident_modified_time_utc":"2022-07-18T21:11:17Z","containment_time_utc":"2022-07-15T17:00:00Z","control_time_utc":"2022-07-15T19:28:00Z","fire_out_time_utc":"2022-07-18T21:11:00Z","fire_cause":"Human","fire_cause_general":"Undetermined","map_method":"Hand Sketch","source_dataset":"FFP","unique_fire_identifier":"2022-CAPNF-001155","irwin_id":"{AC73F651-34CA-4603-A1BA-0C42688B06A6}","global_id":"d364e39d-8430-428d-ad0f-27f3a81493e0"}},{"type":"Feature","geometry":{"type":"Polygon","coordinates":[[[-121.22685,39.47526],[-121.22675,39.47563],[-121.22641,39.47582],[-121.22596,39.47588],[-121.2258,39.4755],[-121.22594,39.47518],[-121.22579,39.47495],[-121.22627,39.47489],[-121.22671,39.47504],[-121.22685,39.47526]]]},"properties":{"fire_id":"ufid:2022-CAPNF-000210","source_collection":"history-2022","source_objectid":7241,"incident_name":"Pike","mapped_acres":1.854848215839311,"mapped_acres_source":"poly_Acres_AutoCalc_fallback","gis_acres":null,"auto_acres":1.854848215839311,"reported_acres":2.8,"percent_contained":null,"state":"CA","state_wfigs":"US-CA","county":"Yuba","discovery_time_utc":"2022-03-10T18:11:56Z","perimeter_time_utc":"2022-10-29T15:09:13Z","perimeter_edit_time_utc":"2023-03-14T15:13:42Z","incident_modified_time_utc":"2022-03-18T23:21:57Z","containment_time_utc":"2022-03-11T02:35:00Z","control_time_utc":"2022-03-12T22:00:00Z","fire_out_time_utc":"2022-03-18T23:21:00Z","fire_cause":"Natural","fire_cause_general":"Natural","map_method":"Hand Sketch","source_dataset":"FFP","unique_fire_identifier":"2022-CAPNF-000210","irwin_id":"{7EB451C9-A131-4B36-BF43-3C679597A6BB}","global_id":"37d90071-4d60-4572-b551-bdaf10b7cb70"}},{"type":"Feature","geometry":{"type":"Polygon","coordinates":[[[-120.93473,39.98042],[-120.93443,39.98052],[-120.93431,39.98028],[-120.93449,39.98014],[-120.93476,39.98014],[-120.93473,39.98042]]]},"properties":{"fire_id":"ufid:2022-CAPNF-002255","source_collection":"history-2022","source_objectid":8050,"incident_name":"Spanish","mapped_acres":0.1,"mapped_acres_source":"poly_GISAcres","gis_acres":0.1,"auto_acres":0.3266379290239322,"reported_acres":0.3,"percent_contained":null,"state":"CA","state_wfigs":"US-CA","county":"Plumas","discovery_time_utc":"2022-10-23T22:17:00Z","perimeter_time_utc":"2022-11-03T15:31:29Z","perimeter_edit_time_utc":"2023-03-14T15:13:42Z","incident_modified_time_utc":"2022-11-02T15:06:28Z","containment_time_utc":"2022-10-23T22:58:00Z","control_time_utc":"2022-10-24T00:50:00Z","fire_out_time_utc":"2022-10-27T22:15:00Z","fire_cause":"Human","fire_cause_general":"Undetermined","map_method":"Auto-generated","source_dataset":"FFP","unique_fire_identifier":"2022-CAPNF-002255","irwin_id":"{78024DE8-B9A4-4BB5-8420-FF59946544FA}","global_id":"47920010-f294-4ee4-8d80-703170f926a2"}},{"type":"Feature","geometry":{"type":"Polygon","coordinates":[[[-120.77944,38.98299],[-120.77936,38.98309],[-120.77952,38.98318],[-120.7795,38.98337],[-120.77826,38.98346],[-120.77919,38.98439],[-120.77879,38.98431],[-120.77873,38.98451],[-120.77837,38.98462],[-120.7775,38.98425],[-120.77771,38.98397],[-120.77774,38.9837],[-120.77743,38.98322],[-120.77729,38.98315],[-120.7766,38.98336],[-120.77636,38.98329],[-120.77609,38.98348],[-120.77589,38.98322],[-120.77599,38.98254],[-120.77639,38.98197],[-120.7767,38.98183],[-120.7778,38.98172],[-120.77786,38.98143],[-120.77808,38.98131],[-120.7783,38.9815],[-120.77858,38.98139],[-120.77876,38.98149],[-120.77905,38.982],[-120.77888,38.9821],[-120.7789,38.98232],[-120.77944,38.98299]]]},"properties":{"fire_id":"ufid:2022-CAENF-006355","source_collection":"history-2022","source_objectid":8111,"incident_name":"PAYMASTER","mapped_acres":15.14,"mapped_acres_source":"poly_GISAcres","gis_acres":15.14,"auto_acres":15.139121627928208,"reported_acres":15.1,"percent_contained":null,"state":"CA","state_wfigs":"US-CA","county":"El Dorado","discovery_time_utc":"2022-03-08T19:19:28Z","perimeter_time_utc":"2022-11-12T22:21:53Z","perimeter_edit_time_utc":"2023-03-14T15:13:42Z","incident_modified_time_utc":"2022-04-24T20:29:12Z","containment_time_utc":"2022-03-08T23:30:00Z","control_time_utc":"2022-03-11T23:21:00Z","fire_out_time_utc":"2022-04-24T19:43:00Z","fire_cause":"Human","fire_cause_general":"Debris and open burning","map_method":"Hand Sketch","source_dataset":"FFP","unique_fire_identifier":"2022-CAENF-006355","irwin_id":"{0C5EEC47-48D6-400F-B75C-4E0DDE0919F1}","global_id":"b507eedb-dacd-4e8c-835a-c31c0fb1855a"}},{"type":"Feature","geometry":{"type":"Polygon","coordinates":[[[-121.02552,39.96695],[-121.02542,39.96676],[-121.02561,39.96667],[-121.02589,39.96681],[-121.02552,39.96695]]]},"properties":{"fire_id":"ufid:2022-CAPNF-000887","source_collection":"history-2022","source_objectid":8284,"incident_name":"Snake","mapped_acres":0.25171141751661585,"mapped_acres_source":"poly_Acres_AutoCalc_fallback","gis_acres":null,"auto_acres":0.25171141751661585,"reported_acres":0.25,"percent_contained":null,"state":"CA","state_wfigs":"US-CA","county":"Plumas","discovery_time_utc":"2022-06-18T00:01:00Z","perimeter_time_utc":"2022-08-24T18:35:47Z","perimeter_edit_time_utc":"2023-03-14T15:13:42Z","incident_modified_time_utc":"2022-06-24T15:18:09Z","containment_time_utc":"2022-06-18T03:22:00Z","control_time_utc":"2022-06-18T03:22:00Z","fire_out_time_utc":"2022-06-21T19:40:00Z","fire_cause":"Human","fire_cause_general":"Recreation and ceremony","map_method":"Phone/Tablet","source_dataset":"FFP","unique_fire_identifier":"2022-CAPNF-000887","irwin_id":"{28995A88-3EB9-424B-B1AF-3D59A5B1D939}","global_id":"e7013839-23f8-44f7-8ac2-561610498616"}},{"type":"Feature","geometry":{"type":"Polygon","coordinates":[[[-121.07276,39.4313],[-121.07252,39.43101],[-121.0727,39.43097],[-121.07253,39.4309],[-121.07261,39.43083],[-121.07241,39.43084],[-121.07245,39.43068],[-121.07222,39.43062],[-121.07226,39.4304],[-121.07212,39.43035],[-121.072,39.43],[-121.0725,39.42991],[-121.07244,39.4296],[-121.07291,39.42954],[-121.07301,39.42932],[-121.07333,39.42953],[-121.07339,39.4294],[-121.07321,39.42929],[-121.07342,39.42917],[-121.07346,39.42899],[-121.07376,39.42886],[-121.07437,39.4288],[-121.075,39.42985],[-121.07502,39.42957],[-121.07538,39.42925],[-121.07549,39.42933],[-121.07564,39.42918],[-121.07593,39.42924],[-121.07612,39.42897],[-121.07652,39.42899],[-121.07674,39.4285],[-121.07663,39.42828],[-121.07686,39.42806],[-121.07722,39.42821],[-121.07777,39.42799],[-121.07806,39.4281],[-121.07811,39.42839],[-121.078,39.42863],[-121.07847,39.42881],[-121.07851,39.42895],[-121.07811,39.4295],[-121.0781,39.43005],[-121.07755,39.4301],[-121.07741,39.43022],[-121.07692,39.43008],[-121.07688,39.43017],[-121.07657,39.42997],[-121.07622,39.43021],[-121.07558,39.42998],[-121.07563,39.43015],[-121.07547,39.43027],[-121.07502,39.42998],[-121.07422,39.43031],[-121.07332,39.43045],[-121.07327,39.43093],[-121.07302,39.43087],[-121.07292,39.43106],[-121.07271,39.43105],[-121.07286,39.43119],[-121.07276,39.4313]]]},"properties":{"fire_id":"ufid:2022-CATNF-000506","source_collection":"history-2022","source_objectid":8881,"incident_name":"GOLDEN","mapped_acres":0.01,"mapped_acres_source":"poly_GISAcres","gis_acres":0.01,"auto_acres":19.44222646794209,"reported_acres":19.5,"percent_contained":null,"state":"CA","state_wfigs":"US-CA","county":"Yuba","discovery_time_utc":"2022-05-20T14:17:00Z","perimeter_time_utc":"2022-07-07T23:40:51Z","perimeter_edit_time_utc":"2023-03-14T15:13:42Z","incident_modified_time_utc":"2022-07-07T23:31:22Z","containment_time_utc":"2022-05-23T00:36:00Z","control_time_utc":"2022-05-31T18:03:00Z","fire_out_time_utc":"2022-07-07T23:13:00Z","fire_cause":"Human","fire_cause_general":"Power generation / transmission / distribution","map_method":"Hand Sketch","source_dataset":"FFP","unique_fire_identifier":"2022-CATNF-000506","irwin_id":"{C287A1C8-056E-47EC-A1E6-D7F169455621}","global_id":"1c8fdda1-511e-46fc-b403-86dc05abed47"}},{"type":"Feature","geometry":{"type":"MultiPolygon","coordinates":[[[[-120.95267,39.95522],[-120.95235,39.95528],[-120.95252,39.95511],[-120.95267,39.95522]]],[[[-120.95268,39.95522],[-120.95263,39.95514],[-120.9527,39.95519],[-120.95268,39.95522]]],[[[-120.95268,39.95522],[-120.95268,39.95523],[-120.95267,39.95522],[-120.95268,39.95522]]]]},"properties":{"fire_id":"ufid:2022-CAPNF-001217","source_collection":"history-2022","source_objectid":9287,"incident_name":"Hill","mapped_acres":0.06,"mapped_acres_source":"poly_GISAcres","gis_acres":0.06,"auto_acres":0.06463266714258255,"reported_acres":0.1,"percent_contained":null,"state":"CA","state_wfigs":"US-CA","county":"Plumas","discovery_time_utc":"2022-07-20T20:44:00Z","perimeter_time_utc":"2022-08-24T18:36:37Z","perimeter_edit_time_utc":"2023-03-14T15:13:42Z","incident_modified_time_utc":"2022-07-23T20:36:54Z","containment_time_utc":"2022-07-20T21:46:00Z","control_time_utc":"2022-07-21T00:48:00Z","fire_out_time_utc":"2022-07-23T20:36:00Z","fire_cause":"Undetermined","fire_cause_general":"Undetermined","map_method":"Phone/Tablet","source_dataset":"FFP","unique_fire_identifier":"2022-CAPNF-001217","irwin_id":"{1276D757-EBEA-47B5-9E3E-D06896FC7592}","global_id":"4b5492dc-39c5-4b85-88ff-5c6ad71c3b0e"}},{"type":"Feature","geometry":{"type":"Polygon","coordinates":[[[-120.38168,35.24862],[-120.38056,35.24845],[-120.38039,35.24791],[-120.37985,35.24763],[-120.38,35.24705],[-120.37922,35.24638],[-120.37931,35.24564],[-120.37873,35.24451],[-120.37949,35.24313],[-120.38067,35.24161],[-120.38135,35.24116],[-120.38331,35.2417],[-120.38292,35.24261],[-120.38246,35.24204],[-120.38193,35.24194],[-120.38123,35.24251],[-120.38132,35.24327],[-120.38087,35.24305],[-120.38051,35.24326],[-120.38001,35.24389],[-120.38067,35.24479],[-120.38031,35.24493],[-120.38056,35.24579],[-120.38127,35.24618],[-120.3808,35.24662],[-120.38211,35.24838],[-120.38347,35.24937],[-120.38261,35.24967],[-120.38177,35.24936],[-120.38168,35.24862]]]},"properties":{"fire_id":"ufid:2022-CALPF-001155","source_collection":"history-2022","source_objectid":9833,"incident_name":"LOPEZ","mapped_acres":0.1,"mapped_acres_source":"poly_GISAcres","gis_acres":0.1,"auto_acres":30.637938916110038,"reported_acres":30.0,"percent_contained":null,"state":"CA","state_wfigs":"US-CA","county":"San Luis Obispo","discovery_time_utc":"2022-06-06T22:46:06Z","perimeter_time_utc":"2022-12-23T17:50:38Z","perimeter_edit_time_utc":"2023-03-14T15:13:42Z","incident_modified_time_utc":"2022-06-08T01:13:15Z","containment_time_utc":null,"control_time_utc":null,"fire_out_time_utc":null,"fire_cause":"Undetermined","fire_cause_general":"Undetermined","map_method":"Hand Sketch","source_dataset":"FFP","unique_fire_identifier":"2022-CALPF-001155","irwin_id":"{69F847D6-AA60-4610-B9AC-8680F0B434ED}","global_id":"8c155cff-2875-4b6f-9f02-859bfd7a5f59"}},{"type":"Feature","geometry":{"type":"Polygon","coordinates":[[[-120.28213,35.38028],[-120.28024,35.37976],[-120.27976,35.37974],[-120.27578,35.38014],[-120.2754,35.37959],[-120.2754,35.37916],[-120.27792,35.37876],[-120.27816,35.37858],[-120.27882,35.37841],[-120.27907,35.37808],[-120.27978,35.3778],[-120.28199,35.37638],[-120.28229,35.37724],[-120.28185,35.37873],[-120.28207,35.37946],[-120.28246,35.37967],[-120.28213,35.38028]]]},"properties":{"fire_id":"ufid:2022-CALPF-000869","source_collection":"history-2022","source_objectid":10033,"incident_name":"NAVAJO","mapped_acres":34.36,"mapped_acres_source":"poly_GISAcres","gis_acres":34.36,"auto_acres":31.543990197458424,"reported_acres":31.0,"percent_contained":null,"state":"CA","state_wfigs":"US-CA","county":"San Luis Obispo","discovery_time_utc":"2022-05-08T20:48:00Z","perimeter_time_utc":"2022-12-19T20:36:09Z","perimeter_edit_time_utc":"2023-03-14T15:13:42Z","incident_modified_time_utc":"2022-10-13T19:02:48Z","containment_time_utc":"2022-05-11T22:00:00Z","control_time_utc":"2022-05-18T22:30:00Z","fire_out_time_utc":"2022-05-18T22:45:00Z","fire_cause":"Human","fire_cause_general":"Undetermined","map_method":"Hand Sketch","source_dataset":"FFP","unique_fire_identifier":"2022-CALPF-000869","irwin_id":"{AF64D8F8-DDCA-40C0-8E4F-813D269E1531}","global_id":"8f413b9d-c1ab-469e-a600-7411671452c3"}},{"type":"Feature","geometry":{"type":"Polygon","coordinates":[[[-120.01512,39.44547],[-120.01512,39.44562],[-120.01536,39.44581],[-120.0155,39.44555],[-120.01553,39.44578],[-120.0157,39.44584],[-120.01607,39.4456],[-120.0164,39.44575],[-120.01653,39.44595],[-120.01573,39.44633],[-120.01552,39.4467],[-120.01448,39.44666],[-120.01417,39.44703],[-120.0136,39.44685],[-120.01329,39.4466],[-120.01309,39.44667],[-120.01299,39.44658],[-120.01303,39.44561],[-120.01327,39.44545],[-120.01369,39.44531],[-120.01411,39.44543],[-120.01442,39.44524],[-120.01512,39.44547]]]},"properties":{"fire_id":"ufid:2022-NVHTF-030965","source_collection":"history-2022","source_objectid":10667,"incident_name":"Stateline","mapped_acres":8.95595,"mapped_acres_source":"poly_GISAcres","gis_acres":8.95595,"auto_acres":8.955914526402449,"reported_acres":9.0,"percent_contained":null,"state":"CA","state_wfigs":"US-CA","county":"Sierra","discovery_time_utc":"2022-09-28T18:05:00Z","perimeter_time_utc":"2022-10-18T21:01:22Z","perimeter_edit_time_utc":"2023-03-14T15:13:42Z","incident_modified_time_utc":"2022-09-29T22:30:14Z","containment_time_utc":"2022-09-29T01:57:00Z","control_time_utc":"2022-09-29T22:30:00Z","fire_out_time_utc":"2022-10-17T19:00:52Z","fire_cause":"Undetermined","fire_cause_general":"Undetermined","map_method":"Mixed Methods","source_dataset":"FFP","unique_fire_identifier":"2022-NVHTF-030965","irwin_id":"{9B2D1A32-54CE-4720-BA79-7E1F832144CB}","global_id":"d12171b9-f59d-48f4-a80c-e8f2f12a9434"}},{"type":"Feature","geometry":{"type":"Polygon","coordinates":[[[-120.53977,39.81344],[-120.53956,39.8134],[-120.53961,39.81327],[-120.53977,39.81344]]]},"properties":{"fire_id":"ufid:2022-CAPNF-001402","source_collection":"history-2022","source_objectid":12425,"incident_name":"Penman","mapped_acres":0.08366087254315271,"mapped_acres_source":"poly_Acres_AutoCalc_fallback","gis_acres":null,"auto_acres":0.08366087254315271,"reported_acres":0.1,"percent_contained":null,"state":"CA","state_wfigs":"US-CA","county":"Plumas","discovery_time_utc":"2022-08-03T18:58:00Z","perimeter_time_utc":"2022-09-01T17:52:37Z","perimeter_edit_time_utc":"2023-03-14T15:13:42Z","incident_modified_time_utc":"2022-08-06T22:20:40Z","containment_time_utc":"2022-08-03T19:57:00Z","control_time_utc":"2022-08-03T22:04:00Z","fire_out_time_utc":"2022-08-06T22:21:00Z","fire_cause":"Undetermined","fire_cause_general":"Undetermined","map_method":"Mixed Methods","source_dataset":"FFP","unique_fire_identifier":"2022-CAPNF-001402","irwin_id":"{B9A3CBA6-456B-4CDB-8C60-0CF98A4E5CA4}","global_id":"e71a2cf0-536e-4074-b9f2-e6d51244b554"}},{"type":"Feature","geometry":{"type":"Polygon","coordinates":[[[-121.47834,36.23698],[-121.47853,36.23708],[-121.47822,36.23701],[-121.47834,36.23698]]]},"properties":{"fire_id":"ufid:2022-CALPF-001017","source_collection":"history-2022","source_objectid":12654,"incident_name":"Bridge","mapped_acres":0.1,"mapped_acres_source":"poly_GISAcres","gis_acres":0.1,"auto_acres":0.06590376869041525,"reported_acres":0.1,"percent_contained":null,"state":"CA","state_wfigs":"US-CA","county":"Monterey","discovery_time_utc":"2022-05-22T23:38:29Z","perimeter_time_utc":"2022-08-24T18:23:51Z","perimeter_edit_time_utc":"2023-03-14T15:13:42Z","incident_modified_time_utc":"2022-05-25T17:10:52Z","containment_time_utc":"2022-05-23T01:30:00Z","control_time_utc":"2022-05-23T18:00:00Z","fire_out_time_utc":"2022-05-25T14:30:00Z","fire_cause":"Human","fire_cause_general":"Recreation and ceremony","map_method":"Hand Sketch","source_dataset":"FFP","unique_fire_identifier":"2022-CALPF-001017","irwin_id":"{8E346B6E-FF70-479A-8AF7-A62FF2D253B9}","global_id":"b0edcf26-336e-44ff-9293-9f41e2ac75f9"}},{"type":"Feature","geometry":{"type":"Polygon","coordinates":[[[-120.77904,38.91896],[-120.77968,38.91882],[-120.77967,38.91909],[-120.77922,38.91923],[-120.77908,38.91915],[-120.77904,38.91896]]]},"properties":{"fire_id":"ufid:2022-CAENF-007455","source_collection":"history-2022","source_objectid":12964,"incident_name":"LION","mapped_acres":0.48,"mapped_acres_source":"poly_GISAcres","gis_acres":0.48,"auto_acres":0.4827508713835783,"reported_acres":0.01,"percent_contained":null,"state":"CA","state_wfigs":"US-CA","county":"El Dorado","discovery_time_utc":"2022-03-20T21:35:50Z","perimeter_time_utc":"2022-08-05T21:13:38Z","perimeter_edit_time_utc":"2023-03-14T15:13:42Z","incident_modified_time_utc":"2022-04-03T16:06:15Z","containment_time_utc":"2022-03-20T22:14:00Z","control_time_utc":"2022-03-20T22:15:00Z","fire_out_time_utc":"2022-03-20T22:16:00Z","fire_cause":"Undetermined","fire_cause_general":null,"map_method":"Hand Sketch","source_dataset":"FFP","unique_fire_identifier":"2022-CAENF-007455","irwin_id":"{76A8985B-42AB-4097-96AD-C9CC795ED25F}","global_id":"b9d13884-5be9-4fe7-9cf9-1c62a05c61b2"}},{"type":"Feature","geometry":{"type":"Polygon","coordinates":[[[-122.53826,39.72618],[-122.53949,39.72667],[-122.53958,39.72711],[-122.53986,39.7274],[-122.53964,39.7278],[-122.53988,39.72812],[-122.53986,39.72874],[-122.54036,39.72857],[-122.5407,39.72871],[-122.54075,39.73078],[-122.5406,39.73146],[-122.54077,39.73153],[-122.54149,39.7313],[-122.54191,39.73147],[-122.5419,39.73175],[-122.54151,39.73227],[-122.54184,39.73315],[-122.54162,39.73407],[-122.54178,39.7343],[-122.54281,39.73473],[-122.543,39.73548],[-122.54285,39.73595],[-122.54281,39.7369],[-122.54213,39.73777],[-122.54184,39.73864],[-122.54127,39.73944],[-122.54022,39.7401],[-122.53945,39.74034],[-122.53915,39.74076],[-122.53867,39.74109],[-122.53878,39.74195],[-122.53906,39.74239],[-122.53891,39.74324],[-122.53857,39.7436],[-122.5374,39.74433],[-122.53668,39.74458],[-122.53615,39.74548],[-122.53617,39.7458],[-122.53684,39.74645],[-122.53685,39.74664],[-122.53468,39.74744],[-122.53401,39.74731],[-122.53373,39.74743],[-122.53303,39.7462],[-122.53336,39.7457],[-122.53365,39.74484],[-122.53399,39.74442],[-122.53451,39.74259],[-122.53433,39.74088],[-122.53457,39.74023],[-122.53469,39.73882],[-122.53515,39.73771],[-122.53506,39.73705],[-122.53483,39.73662],[-122.53465,39.73507],[-122.53469,39.73489],[-122.53506,39.73458],[-122.5352,39.73417],[-122.53511,39.73341],[-122.53483,39.73298],[-122.53486,39.73198],[-122.5354,39.73165],[-122.53563,39.73136],[-122.53528,39.73098],[-122.5346,39.7309],[-122.53457,39.72999],[-122.53499,39.72957],[-122.5369,39.72948],[-122.5371,39.72936],[-122.53681,39.72905],[-122.53562,39.72874],[-122.53523,39.72875],[-122.53497,39.72852],[-122.53515,39.72814],[-122.5359,39.72768],[-122.53606,39.72711],[-122.53563,39.72657],[-122.53597,39.72628],[-122.53615,39.72593],[-122.53658,39.72577],[-122.53736,39.72587],[-122.53814,39.72557],[-122.53831,39.72572],[-122.53826,39.72618]]]},"properties":{"fire_id":"ufid:2022-CATGU-007620","source_collection":"history-2022","source_objectid":13487,"incident_name":"BURROWS GAP ELKCK","mapped_acres":317.0,"mapped_acres_source":"poly_GISAcres","gis_acres":317.0,"auto_acres":270.751965754001,"reported_acres":317.0,"percent_contained":100.0,"state":"CA","state_wfigs":"US-CA","county":"Glenn","discovery_time_utc":"2022-06-28T18:26:25Z","perimeter_time_utc":"2022-06-28T23:26:25Z","perimeter_edit_time_utc":"2022-08-01T22:00:55Z","incident_modified_time_utc":"2022-07-02T23:28:52Z","containment_time_utc":"2022-06-30T14:30:00Z","control_time_utc":"2022-07-02T19:21:00Z","fire_out_time_utc":null,"fire_cause":"Undetermined","fire_cause_general":null,"map_method":"Image Interpretation","source_dataset":"2022 NIFS","unique_fire_identifier":"2022-CATGU-007620","irwin_id":"{43FDB5CA-464E-4066-B928-C68A8F998873}","global_id":"bcc675c5-8a92-4f58-8a67-2d44724503ac"}},{"type":"Feature","geometry":{"type":"Polygon","coordinates":[[[-121.0751,37.0738],[-121.0764,37.07385],[-121.07819,37.07497],[-121.07941,37.07512],[-121.08006,37.07481],[-121.08048,37.07478],[-121.08157,37.07511],[-121.08266,37.07576],[-121.08382,37.07687],[-121.08383,37.07758],[-121.08425,37.07801],[-121.08556,37.07787],[-121.08644,37.07804],[-121.08656,37.07828],[-121.08691,37.07844],[-121.08756,37.07906],[-121.08908,37.07948],[-121.09229,37.08138],[-121.0931,37.08237],[-121.09309,37.08336],[-121.09273,37.08349],[-121.08927,37.08355],[-121.08178,37.08353],[-121.08158,37.08327],[-121.08181,37.08275],[-121.08296,37.08243],[-121.08306,37.08202],[-121.08281,37.08194],[-121.08192,37.0822],[-121.08111,37.08163],[-121.08005,37.08149],[-121.07927,37.08161],[-121.07879,37.0815],[-121.07874,37.08138],[-121.07901,37.08127],[-121.08044,37.08129],[-121.08081,37.08083],[-121.08058,37.08051],[-121.0792,37.08026],[-121.07906,37.07972],[-121.07599,37.07975],[-121.07375,37.08016],[-121.07315,37.07997],[-121.07115,37.07993],[-121.06984,37.07903],[-121.06888,37.07868],[-121.06802,37.07854],[-121.06722,37.07886],[-121.06531,37.07902],[-121.06455,37.07892],[-121.0631,37.07907],[-121.06265,37.07893],[-121.06213,37.07908],[-121.06125,37.07907],[-121.06064,37.07899],[-121.06026,37.07877],[-121.05928,37.07882],[-121.05909,37.07866],[-121.05913,37.07851],[-121.05978,37.07826],[-121.06037,37.07786],[-121.06041,37.0777],[-121.05976,37.07733],[-121.05898,37.07751],[-121.05819,37.0774],[-121.05759,37.07756],[-121.05727,37.07748],[-121.05697,37.07654],[-121.05732,37.07583],[-121.05751,37.07586],[-121.05774,37.07624],[-121.05871,37.07625],[-121.05992,37.07666],[-121.06043,37.07696],[-121.06177,37.07681],[-121.06312,37.0772],[-121.06449,37.0763],[-121.06565,37.07631],[-121.06621,37.07653],[-121.06722,37.0766],[-121.06856,37.0769],[-121.06901,37.07706],[-121.06954,37.07749],[-121.07055,37.07791],[-121.07074,37.07773],[-121.0709,37.07633],[-121.07129,37.07567],[-121.07224,37.0754],[-121.07312,37.07497],[-121.074,37.07403],[-121.0751,37.0738]]]},"properties":{"fire_id":"ufid:2022-CAMMU-013586","source_collection":"history-2022","source_objectid":13625,"incident_name":"ROMERO","mapped_acres":349.0,"mapped_acres_source":"poly_GISAcres","gis_acres":349.0,"auto_acres":339.670913418195,"reported_acres":349.0,"percent_contained":100.0,"state":"CA","state_wfigs":"US-CA","county":"Merced","discovery_time_utc":"2022-06-24T01:36:57Z","perimeter_time_utc":"2022-06-24T06:36:57Z","perimeter_edit_time_utc":"2022-08-01T23:03:03Z","incident_modified_time_utc":"2022-06-24T23:17:53Z","containment_time_utc":"2022-06-24T19:52:05Z","control_time_utc":"2022-06-24T19:52:25Z","fire_out_time_utc":null,"fire_cause":"Undetermined","fire_cause_general":null,"map_method":"Image Interpretation","source_dataset":"2022 NIFS","unique_fire_identifier":"2022-CAMMU-013586","irwin_id":"{26624059-2753-42B2-972B-8DB3A128C72D}","global_id":"b0b3ab57-9ffd-4602-86e2-df0b11ca42dc"}},{"type":"Feature","geometry":{"type":"Polygon","coordinates":[[[-120.65245,37.20378],[-120.6528,37.20385],[-120.65314,37.2042],[-120.65376,37.20451],[-120.65406,37.20494],[-120.65456,37.20521],[-120.65487,37.206],[-120.65464,37.20654],[-120.65547,37.20671],[-120.65575,37.20745],[-120.65594,37.20763],[-120.65709,37.20787],[-120.65907,37.20727],[-120.66072,37.20742],[-120.66097,37.20762],[-120.66097,37.20828],[-120.6616,37.20856],[-120.66182,37.20889],[-120.66048,37.20879],[-120.66037,37.20898],[-120.66159,37.20934],[-120.66183,37.20961],[-120.66193,37.21002],[-120.66209,37.21012],[-120.66265,37.21008],[-120.66322,37.20953],[-120.66347,37.20964],[-120.66334,37.21077],[-120.66349,37.2119],[-120.66378,37.21281],[-120.66377,37.21348],[-120.66406,37.21437],[-120.66342,37.21537],[-120.66348,37.21659],[-120.66361,37.217],[-120.66352,37.21736],[-120.66335,37.21765],[-120.66285,37.21803],[-120.66243,37.21869],[-120.66269,37.21952],[-120.66239,37.22075],[-120.66185,37.22121],[-120.66134,37.22143],[-120.66087,37.22146],[-120.65987,37.22108],[-120.65971,37.21988],[-120.65933,37.21937],[-120.65938,37.21883],[-120.65887,37.21862],[-120.65848,37.2182],[-120.65855,37.2171],[-120.65879,37.21656],[-120.6576,37.21563],[-120.65717,37.21553],[-120.6562,37.21557],[-120.65522,37.21517],[-120.6529,37.21507],[-120.65273,37.21482],[-120.653,37.2139],[-120.65277,37.21356],[-120.65218,37.21384],[-120.65066,37.2136],[-120.6474,37.21245],[-120.64664,37.21205],[-120.64606,37.21209],[-120.64501,37.2117],[-120.64453,37.21139],[-120.64421,37.21084],[-120.64319,37.21124],[-120.6429,37.21116],[-120.64285,37.20898],[-120.64232,37.20848],[-120.64217,37.20808],[-120.64235,37.20777],[-120.64301,37.20745],[-120.64356,37.20779],[-120.64403,37.20789],[-120.6472,37.20799],[-120.64734,37.20815],[-120.64617,37.20839],[-120.64618,37.20911],[-120.64635,37.20948],[-120.64713,37.20969],[-120.64731,37.20963],[-120.64742,37.20938],[-120.64876,37.20989],[-120.64966,37.20978],[-120.64975,37.20954],[-120.64962,37.20841],[-120.64863,37.2081],[-120.64958,37.20786],[-120.65079,37.20781],[-120.65142,37.20797],[-120.65122,37.20747],[-120.65239,37.20674],[-120.65252,37.20565],[-120.65227,37.20396],[-120.65245,37.20378]]]},"properties":{"fire_id":"ufid:2022-CAMMU-010386","source_collection":"history-2022","source_objectid":13634,"incident_name":"SANDY","mapped_acres":370.0,"mapped_acres_source":"poly_GISAcres","gis_acres":370.0,"auto_acres":372.434876785163,"reported_acres":370.0,"percent_contained":null,"state":"CA","state_wfigs":"US-CA","county":"Merced","discovery_time_utc":"2022-05-15T20:18:32Z","perimeter_time_utc":"2022-05-16T01:18:32Z","perimeter_edit_time_utc":"2022-08-01T22:52:25Z","incident_modified_time_utc":"2022-05-16T05:35:44Z","containment_time_utc":"2022-05-15T23:47:40Z","control_time_utc":"2022-05-16T05:35:36Z","fire_out_time_utc":null,"fire_cause":"Undetermined","fire_cause_general":null,"map_method":"Image Interpretation","source_dataset":"2022 NIFS","unique_fire_identifier":"2022-CAMMU-010386","irwin_id":"{13082349-D003-4028-8C1F-13A1D8B4709F}","global_id":"a4eb2bca-8928-4fd3-9a0b-5294da27bd7c"}},{"type":"Feature","geometry":{"type":"MultiPolygon","coordinates":[[[[-121.99844,39.23799],[-121.99657,39.23732],[-121.99635,39.23676],[-121.9965,39.23653],[-121.99625,39.23602],[-121.99761,39.23405],[-121.99789,39.23321],[-121.99726,39.2323],[-121.99608,39.2315],[-121.99631,39.23116],[-121.996,39.23061],[-121.99587,39.23003],[-121.99604,39.22973],[-121.99631,39.22964],[-121.99736,39.22959],[-121.99766,39.22947],[-121.99984,39.22729],[-122.00007,39.22691],[-121.99991,39.22661],[-121.99894,39.22582],[-121.99863,39.22479],[-121.999,39.22387],[-121.99902,39.22344],[-121.99987,39.22166],[-122.00027,39.22121],[-122.00162,39.22077],[-122.00703,39.22062],[-122.00789,39.22039],[-122.00811,39.21991],[-122.00774,39.21854],[-122.00729,39.21813],[-122.00657,39.21802],[-122.00517,39.21747],[-122.00543,39.21722],[-122.0075,39.21731],[-122.00876,39.21712],[-122.01065,39.21735],[-122.01069,39.21765],[-122.01021,39.21811],[-122.01025,39.21847],[-122.00982,39.21881],[-122.00954,39.21923],[-122.00889,39.21957],[-122.00898,39.21998],[-122.00706,39.22099],[-122.00641,39.22108],[-122.00591,39.22169],[-122.00571,39.22225],[-122.00578,39.22363],[-122.00643,39.22486],[-122.00684,39.225],[-122.00718,39.22547],[-122.00733,39.22589],[-122.00735,39.2266],[-122.00728,39.22695],[-122.00626,39.22766],[-122.00569,39.2286],[-122.00481,39.22907],[-122.00338,39.2291],[-122.0024,39.22877],[-122.00138,39.22882],[-122.0013,39.22837],[-122.00162,39.22811],[-122.00143,39.22744],[-122.00124,39.22731],[-122.0004,39.22727],[-122.00019,39.22743],[-122.00013,39.22789],[-122.00029,39.22809],[-122.00076,39.22821],[-122.00096,39.2286],[-122.00087,39.22881],[-122.00055,39.22898],[-121.99985,39.22906],[-121.9987,39.22977],[-121.99849,39.23004],[-121.99748,39.2306],[-121.99708,39.2304],[-121.9969,39.23054],[-121.99686,39.23086],[-121.99731,39.23113],[-121.99743,39.23181],[-121.99808,39.23291],[-121.99847,39.23308],[-121.99902,39.23371],[-122.0008,39.23476],[-122.00106,39.23537],[-122.00102,39.23587],[-122.00053,39.23663],[-122.00002,39.23707],[-121.99939,39.2373],[-121.99874,39.23796],[-121.99844,39.23799]]],[[[-122.00739,39.24125],[-122.00725,39.24155],[-122.00725,39.24241],[-122.00762,39.24249],[-122.00846,39.24139],[-122.00852,39.24085],[-122.00869,39.24058],[-122.00921,39.24038],[-122.00948,39.24055],[-122.00781,39.24513],[-122.00814,39.24694],[-122.00793,39.25064],[-122.0083,39.25261],[-122.00857,39.25333],[-122.00841,39.25372],[-122.00811,39.25382],[-122.00778,39.25279],[-122.00731,39.25233],[-122.00695,39.25142],[-122.00624,39.25046],[-122.00559,39.25],[-122.00527,39.2495],[-122.0043,39.24886],[-122.00281,39.24694],[-122.00009,39.24431],[-121.99987,39.24345],[-121.99962,39.24298],[-121.99928,39.24267],[-121.99895,39.24131],[-121.99937,39.2397],[-121.99973,39.23945],[-121.99999,39.23902],[-122.00076,39.23843],[-122.00145,39.23761],[-122.00332,39.23649],[-122.00373,39.23592],[-122.00333,39.23568],[-122.00282,39.23502],[-122.0018,39.23431],[-122.00156,39.23398],[-121.99943,39.23281],[-121.99873,39.23213],[-121.99863,39.2312],[-121.99884,39.23066],[-121.99927,39.23021],[-122.00065,39.22974],[-122.00194,39.22977],[-122.00225,39.23],[-122.00324,39.23017],[-122.00404,39.23062],[-122.00426,39.23031],[-122.00521,39.23],[-122.00619,39.22948],[-122.00767,39.22821],[-122.00779,39.22796],[-122.00767,39.22779],[-122.00827,39.22729],[-122.00842,39.22701],[-122.00827,39.22639],[-122.00851,39.22615],[-122.00842,39.22596],[-122.00814,39.22585],[-122.00808,39.22554],[-122.00788,39.22553],[-122.00796,39.2249],[-122.00776,39.22459],[-122.00774,39.22388],[-122.00762,39.22381],[-122.00773,39.22318],[-122.00819,39.22223],[-122.00771,39.22183],[-122.00797,39.22147],[-122.00894,39.22091],[-122.00942,39.22108],[-122.0099,39.22094],[-122.01008,39.22138],[-122.01031,39.22148],[-122.01153,39.22131],[-122.01198,39.22142],[-122.01239,39.22124],[-122.01274,39.22125],[-122.01301,39.2214],[-122.0131,39.22165],[-122.0127,39.22221],[-122.0127,39.22247],[-122.0134,39.22243],[-122.01357,39.22262],[-122.01283,39.22311],[-122.01252,39.22401],[-122.01252,39.22473],[-122.01211,39.22533],[-122.01289,39.22591],[-122.01357,39.22618],[-122.01396,39.2261],[-122.01436,39.22625],[-122.01534,39.23037],[-122.01539,39.2315],[-122.01335,39.23537],[-122.0106,39.23952],[-122.01013,39.23941],[-122.00962,39.239],[-122.01008,39.23814],[-122.00985,39.23784],[-122.00998,39.23756],[-122.00931,39.23732],[-122.00926,39.23602],[-122.00898,39.23594],[-122.00866,39.23539],[-122.00857,39.23448],[-122.00814,39.23374],[-122.00794,39.23368],[-122.0053,39.23473],[-122.00406,39.2356],[-122.00417,39.2358],[-122.00503,39.23613],[-122.00648,39.23744],[-122.00713,39.23821],[-122.00731,39.23866],[-122.00742,39.2396],[-122.00723,39.24086],[-122.00739,39.24125]]]]},"properties":{"fire_id":"ufid:2022-CALNU-008760","source_collection":"history-2022","source_objectid":13663,"incident_name":"HWY 45  / BROWN RD","mapped_acres":600.0,"mapped_acres_source":"poly_GISAcres","gis_acres":600.0,"auto_acres":741.454736353973,"reported_acres":600.0,"percent_contained":null,"state":"CA","state_wfigs":"US-CA","county":"Colusa","discovery_time_utc":"2022-05-24T20:32:57Z","perimeter_time_utc":"2022-05-25T01:32:57Z","perimeter_edit_time_utc":"2022-08-01T22:24:39Z","incident_modified_time_utc":"2022-05-25T17:08:51Z","containment_time_utc":"2022-05-25T17:08:44Z","control_time_utc":null,"fire_out_time_utc":null,"fire_cause":"Undetermined","fire_cause_general":null,"map_method":"Image Interpretation","source_dataset":"2022 NIFS","unique_fire_identifier":"2022-CALNU-008760","irwin_id":"{82A292D2-EF87-4AEF-A516-735E7F0E8FF3}","global_id":"6980c44c-91c9-42e7-8a4c-c52494e23e4e"}},{"type":"Feature","geometry":{"type":"Polygon","coordinates":[[[-120.00388,37.49524],[-120.00293,37.49478],[-120.00225,37.49493],[-120.00182,37.49488],[-120.00131,37.49441],[-120.00143,37.49386],[-120.00128,37.49353],[-120.00005,37.49304],[-119.9995,37.49247],[-119.99987,37.49174],[-119.99996,37.49056],[-119.99982,37.48986],[-120.00146,37.48963],[-120.00239,37.48883],[-120.0032,37.48869],[-120.00346,37.48838],[-120.00399,37.48824],[-120.00424,37.48781],[-120.00571,37.48671],[-120.00714,37.48664],[-120.00801,37.48626],[-120.00839,37.48634],[-120.00868,37.48656],[-120.0089,37.48652],[-120.00926,37.48616],[-120.00936,37.48585],[-120.00927,37.48563],[-120.00907,37.48557],[-120.00918,37.48585],[-120.00905,37.48597],[-120.00872,37.48562],[-120.00868,37.48532],[-120.00885,37.48472],[-120.01041,37.4838],[-120.01053,37.48338],[-120.01072,37.48407],[-120.01094,37.48408],[-120.01121,37.48328],[-120.01104,37.48286],[-120.01075,37.48263],[-120.01086,37.48251],[-120.01131,37.48254],[-120.0121,37.48301],[-120.0136,37.48352],[-120.01426,37.48346],[-120.01469,37.48327],[-120.01483,37.48304],[-120.01477,37.48282],[-120.01381,37.48198],[-120.0132,37.48119],[-120.01318,37.48076],[-120.01337,37.48058],[-120.0136,37.48058],[-120.01435,37.48098],[-120.0151,37.48155],[-120.01562,37.48215],[-120.016,37.482],[-120.01653,37.48143],[-120.01617,37.48067],[-120.01618,37.48042],[-120.01633,37.48029],[-120.0183,37.4812],[-120.01938,37.48144],[-120.02015,37.48143],[-120.02125,37.48168],[-120.02218,37.48133],[-120.02223,37.4812],[-120.02209,37.48106],[-120.02096,37.48074],[-120.02037,37.47998],[-120.0203,37.47946],[-120.01997,37.47911],[-120.01988,37.47822],[-120.0193,37.47772],[-120.01916,37.47724],[-120.01865,37.47637],[-120.01868,37.47616],[-120.01911,37.47621],[-120.02003,37.47676],[-120.0212,37.47671],[-120.02297,37.47743],[-120.02389,37.47753],[-120.02406,37.47789],[-120.02408,37.47956],[-120.02498,37.4801],[-120.02613,37.4804],[-120.02618,37.48065],[-120.02484,37.48141],[-120.02447,37.48195],[-120.02481,37.48214],[-120.02549,37.48217],[-120.02559,37.48238],[-120.02538,37.48292],[-120.02562,37.4833],[-120.02621,37.48319],[-120.02695,37.48351],[-120.02697,37.48371],[-120.02526,37.48451],[-120.02408,37.48429],[-120.02381,37.48455],[-120.02385,37.48481],[-120.0234,37.48509],[-120.02282,37.48494],[-120.02294,37.48455],[-120.0228,37.48442],[-120.02254,37.48454],[-120.02218,37.48506],[-120.02216,37.48458],[-120.02195,37.4844],[-120.02179,37.48472],[-120.02156,37.48485],[-120.02146,37.48546],[-120.02066,37.4857],[-120.01996,37.48619],[-120.01971,37.48689],[-120.01973,37.48733],[-120.01922,37.4877],[-120.01881,37.48844],[-120.0185,37.48858],[-120.0178,37.48855],[-120.01696,37.48873],[-120.01631,37.49001],[-120.01459,37.49019],[-120.01436,37.4907],[-120.01375,37.49115],[-120.01289,37.49085],[-120.01285,37.49068],[-120.01308,37.49041],[-120.0129,37.49026],[-120.0122,37.49063],[-120.01142,37.49077],[-120.01057,37.49056],[-120.00979,37.49086],[-120.00871,37.49092],[-120.00768,37.49163],[-120.00747,37.4925],[-120.00717,37.49282],[-120.00688,37.49293],[-120.0059,37.49285],[-120.00546,37.49261],[-120.00531,37.49239],[-120.00537,37.49195],[-120.00476,37.49188],[-120.00506,37.49156],[-120.00497,37.49122],[-120.00318,37.49172],[-120.00301,37.49193],[-120.00319,37.49214],[-120.00403,37.49243],[-120.00507,37.49255],[-120.006,37.49328],[-120.00551,37.49368],[-120.00461,37.49399],[-120.00536,37.49412],[-120.0055,37.49435],[-120.00538,37.49461],[-120.00433,37.49523],[-120.00388,37.49524]]]},"properties":{"fire_id":"ufid:2022-CAMMU-015784","source_collection":"history-2022","source_objectid":14085,"incident_name":"AGUA","mapped_acres":421.0,"mapped_acres_source":"poly_GISAcres","gis_acres":421.0,"auto_acres":419.752784586693,"reported_acres":421.0,"percent_contained":100.0,"state":"CA","state_wfigs":"US-CA","county":"Mariposa","discovery_time_utc":"2022-07-18T20:13:50Z","perimeter_time_utc":null,"perimeter_edit_time_utc":"2022-08-01T22:36:22Z","incident_modified_time_utc":"2022-07-25T21:49:03Z","containment_time_utc":"2022-07-24T20:01:01Z","control_time_utc":"2022-07-24T20:01:27Z","fire_out_time_utc":null,"fire_cause":"Undetermined","fire_cause_general":null,"map_method":"Image Interpretation","source_dataset":"2022 NIFS","unique_fire_identifier":"2022-CAMMU-015784","irwin_id":"{CDBAB21B-3583-4590-8F24-721FB1974136}","global_id":"001db86a-6ffd-4b9a-8576-4fc3815761a0"}},{"type":"Feature","geometry":{"type":"MultiPolygon","coordinates":[[[[-121.89995,36.38946],[-121.89966,36.38954],[-121.89975,36.38969],[-121.89953,36.39024],[-121.89915,36.39025],[-121.89905,36.39041],[-121.89916,36.39054],[-121.89886,36.39072],[-121.89868,36.39113],[-121.8994,36.39137],[-121.8996,36.39163],[-121.89938,36.39199],[-121.89956,36.39234],[-121.89951,36.39251],[-121.89905,36.39257],[-121.89911,36.3927],[-121.89887,36.39286],[-121.89893,36.39315],[-121.89921,36.3931],[-121.89945,36.39323],[-121.89964,36.39314],[-121.8996,36.39329],[-121.90001,36.39332],[-121.89998,36.39344],[-121.90013,36.39348],[-121.89992,36.3935],[-121.89978,36.39368],[-121.89964,36.39363],[-121.89954,36.39399],[-121.89931,36.39409],[-121.89954,36.39435],[-121.89936,36.39449],[-121.89969,36.39476],[-121.89985,36.39552],[-121.89969,36.39622],[-121.89947,36.39632],[-121.8994,36.39657],[-121.89837,36.39696],[-121.8976,36.3967],[-121.89691,36.3968],[-121.89583,36.3962],[-121.89513,36.39632],[-121.89429,36.39596],[-121.89301,36.39589],[-121.89272,36.3954],[-121.89273,36.39508],[-121.89164,36.39459],[-121.89152,36.39442],[-121.89166,36.39432],[-121.89152,36.39419],[-121.89158,36.39379],[-121.8918,36.39378],[-121.89229,36.39331],[-121.89207,36.39297],[-121.8917,36.3927],[-121.89111,36.39274],[-121.89066,36.39243],[-121.89,36.39232],[-121.89015,36.39212],[-121.88982,36.39194],[-121.8889,36.39218],[-121.88846,36.39219],[-121.88831,36.39205],[-121.88816,36.39154],[-121.889,36.39133],[-121.88889,36.39072],[-121.88861,36.39062],[-121.88861,36.39049],[-121.8888,36.39046],[-121.88857,36.389],[-121.88824,36.38857],[-121.88748,36.38826],[-121.88733,36.38796],[-121.88702,36.3879],[-121.88706,36.38774],[-121.88665,36.38757],[-121.88674,36.38738],[-121.8865,36.38741],[-121.88656,36.3873],[-121.88641,36.38722],[-121.88652,36.38707],[-121.88614,36.38688],[-121.88578,36.38603],[-121.88554,36.38608],[-121.88558,36.38589],[-121.88537,36.38578],[-121.88524,36.38601],[-121.88491,36.38608],[-121.88393,36.38583],[-121.88284,36.38626],[-121.88152,36.38645],[-121.87983,36.38622],[-121.87928,36.38564],[-121.87874,36.38544],[-121.87731,36.38529],[-121.87684,36.38489],[-121.87617,36.38499],[-121.87564,36.38477],[-121.87532,36.38487],[-121.87492,36.38451],[-121.8747,36.38443],[-121.87465,36.38453],[-121.87465,36.38395],[-121.87448,36.38384],[-121.87429,36.38403],[-121.87395,36.38364],[-121.87409,36.3836],[-121.87415,36.38336],[-121.87386,36.38331],[-121.87358,36.38282],[-121.87385,36.38287],[-121.87399,36.38266],[-121.87418,36.38272],[-121.87428,36.38262],[-121.87417,36.38243],[-121.8743,36.38239],[-121.87468,36.38252],[-121.87484,36.38226],[-121.87513,36.38225],[-121.87542,36.38178],[-121.8757,36.38194],[-121.87603,36.38189],[-121.87616,36.38205],[-121.87656,36.38183],[-121.87765,36.38162],[-121.87761,36.3812],[-121.87713,36.38077],[-121.8771,36.38055],[-121.87691,36.38044],[-121.87699,36.38032],[-121.87775,36.38023],[-121.87812,36.38062],[-121.87888,36.38083],[-121.87918,36.38123],[-121.88191,36.38154],[-121.8846,36.37985],[-121.88515,36.37973],[-121.88781,36.37969],[-121.88853,36.38016],[-121.88979,36.37924],[-121.88987,36.37882],[-121.89017,36.37858],[-121.89099,36.3783],[-121.89186,36.37779],[-121.89528,36.37701],[-121.89615,36.37709],[-121.89647,36.37736],[-121.89707,36.37743],[-121.8985,36.37717],[-121.89848,36.37741],[-121.89816,36.37763],[-121.8983,36.37796],[-121.89812,36.37792],[-121.89821,36.37828],[-121.89797,36.37828],[-121.89783,36.37843],[-121.89797,36.37853],[-121.89779,36.37857],[-121.89791,36.37882],[-121.89784,36.37924],[-121.89839,36.37949],[-121.89852,36.3794],[-121.89857,36.37907],[-121.89889,36.37902],[-121.89908,36.37922],[-121.89888,36.37931],[-121.89891,36.37944],[-121.89871,36.37967],[-121.89907,36.37993],[-121.89925,36.37987],[-121.899,36.38015],[-121.89909,36.38021],[-121.89959,36.38025],[-121.90064,36.38062],[-121.90081,36.38052],[-121.90093,36.38066],[-121.90133,36.38043],[-121.9006,36.38166],[-121.90023,36.38279],[-121.89951,36.38281],[-121.89994,36.38308],[-121.89976,36.38325],[-121.8999,36.38333],[-121.89986,36.38369],[-121.89967,36.38374],[-121.89964,36.3834],[-121.89893,36.38366],[-121.89889,36.38394],[-121.89844,36.38404],[-121.89847,36.38415],[-121.89833,36.3842],[-121.89798,36.38422],[-121.89775,36.38406],[-121.89778,36.38415],[-121.8976,36.38415],[-121.89763,36.38428],[-121.89741,36.38421],[-121.89771,36.38459],[-121.89752,36.38472],[-121.89734,36.38469],[-121.89724,36.3845],[-121.89701,36.38476],[-121.89664,36.38484],[-121.89617,36.38457],[-121.89611,36.38468],[-121.89564,36.3847],[-121.89528,36.38444],[-121.8949,36.38464],[-121.89458,36.38458],[-121.89485,36.38476],[-121.89468,36.38488],[-121.89495,36.38503],[-121.89499,36.38539],[-121.89513,36.38537],[-121.89524,36.38572],[-121.89518,36.38598],[-121.89562,36.38567],[-121.89582,36.38572],[-121.8959,36.38553],[-121.8957,36.38542],[-121.89579,36.38546],[-121.89578,36.38525],[-121.89615,36.38552],[-121.89636,36.38551],[-121.89631,36.38573],[-121.89683,36.38561],[-121.89742,36.38567],[-121.89758,36.38548],[-121.89789,36.38545],[-121.89849,36.38574],[-121.89802,36.38606],[-121.89796,36.38639],[-121.89755,36.3868],[-121.89758,36.3869],[-121.89774,36.38685],[-121.89763,36.3874],[-121.8979,36.3874],[-121.89795,36.38712],[-121.89834,36.38715],[-121.89853,36.38727],[-121.89849,36.38743],[-121.89876,36.38757],[-121.89871,36.38775],[-121.89886,36.38789],[-121.89917,36.3877],[-121.89967,36.3878],[-121.89978,36.38761],[-121.90009,36.3876],[-121.90023,36.3877],[-121.90022,36.38798],[-121.90044,36.38819],[-121.90058,36.38816],[-121.90095,36.38845],[-121.90124,36.38845],[-121.90137,36.38918],[-121.9013,36.38971],[-121.90086,36.38944],[-121.90072,36.38955],[-121.89995,36.38946]]],[[[-121.90487,36.37364],[-121.90461,36.37446],[-121.90457,36.37548],[-121.90468,36.37582],[-121.90419,36.37652],[-121.9041,36.37693],[-121.90474,36.37695],[-121.90493,36.37752],[-121.90486,36.37771],[-121.90446,36.37787],[-121.90393,36.37788],[-121.90327,36.37857],[-121.90356,36.37876],[-121.90359,36.37897],[-121.90337,36.37922],[-121.90343,36.37964],[-121.90296,36.37954],[-121.90269,36.37972],[-121.90189,36.37939],[-121.90183,36.37918],[-121.90216,36.37895],[-121.90224,36.37874],[-121.90215,36.37842],[-121.90194,36.37831],[-121.90114,36.37884],[-121.90098,36.37871],[-121.90116,36.37836],[-121.90042,36.37824],[-121.89967,36.37829],[-121.89981,36.37822],[-121.89958,36.3779],[-121.90004,36.37727],[-121.89969,36.37662],[-121.89952,36.37575],[-121.89969,36.37549],[-121.90034,36.3753],[-121.90147,36.37535],[-121.90241,36.37489],[-121.90242,36.37439],[-121.90271,36.37436],[-121.90269,36.37414],[-121.90214,36.37367],[-121.90178,36.37286],[-121.90193,36.37256],[-121.9022,36.37242],[-121.90289,36.37256],[-121.9044,36.37313],[-121.90487,36.37364]]]]},"properties":{"fire_id":"ufid:2022-CABEU-000419","source_collection":"history-2022","source_objectid":14234,"incident_name":"Colorado","mapped_acres":687.420647067582,"mapped_acres_source":"poly_GISAcres","gis_acres":687.420647067582,"auto_acres":687.418000471349,"reported_acres":687.0,"percent_contained":100.0,"state":"CA","state_wfigs":"US-CA","county":"Monterey","discovery_time_utc":"2022-01-22T03:17:25Z","perimeter_time_utc":null,"perimeter_edit_time_utc":"2022-10-21T14:56:02Z","incident_modified_time_utc":"2022-02-03T01:17:36Z","containment_time_utc":null,"control_time_utc":null,"fire_out_time_utc":null,"fire_cause":"Undetermined","fire_cause_general":null,"map_method":"Mixed Methods","source_dataset":"2022 NIFS","unique_fire_identifier":"2022-CABEU-000419","irwin_id":"{AB4FCB89-2F15-4E68-A215-206FD00FD4F1}","global_id":"059a118e-3c74-46dc-b625-a43336f2f0a2"}},{"type":"Feature","geometry":{"type":"MultiPolygon","coordinates":[[[[-120.68303,38.92315],[-120.68329,38.92368],[-120.68344,38.92369],[-120.68337,38.92376],[-120.68371,38.92375],[-120.68371,38.92393],[-120.6844,38.92407],[-120.68445,38.92431],[-120.68486,38.92416],[-120.68546,38.92484],[-120.6856,38.92474],[-120.6865,38.92506],[-120.68712,38.92501],[-120.68711,38.92547],[-120.68719,38.92576],[-120.68729,38.92577],[-120.6862,38.92646],[-120.68588,38.927],[-120.68627,38.92716],[-120.68618,38.92746],[-120.68627,38.92771],[-120.68575,38.92793],[-120.68567,38.92891],[-120.68516,38.93004],[-120.68506,38.93068],[-120.68554,38.93053],[-120.68591,38.93058],[-120.68663,38.93115],[-120.68683,38.93174],[-120.68706,38.93192],[-120.68779,38.93071],[-120.6878,38.93053],[-120.68732,38.92973],[-120.68742,38.92926],[-120.68837,38.92794],[-120.68885,38.92778],[-120.68884,38.92808],[-120.68854,38.92853],[-120.68865,38.92959],[-120.68952,38.93032],[-120.68941,38.93152],[-120.68961,38.93166],[-120.68949,38.9326],[-120.69069,38.93339],[-120.69087,38.93338],[-120.691,38.93326],[-120.69091,38.93313],[-120.6912,38.93292],[-120.69218,38.93249],[-120.69218,38.93211],[-120.69251,38.9319],[-120.69276,38.93195],[-120.6928,38.93183],[-120.6933,38.93204],[-120.69475,38.9322],[-120.6954,38.93248],[-120.69577,38.93287],[-120.69581,38.93353],[-120.69669,38.9334],[-120.69729,38.93373],[-120.69787,38.93347],[-120.69847,38.93363],[-120.69882,38.9338],[-120.69879,38.93401],[-120.69862,38.93402],[-120.69878,38.93415],[-120.69944,38.93431],[-120.69951,38.93463],[-120.70028,38.93482],[-120.7008,38.93528],[-120.70188,38.93525],[-120.70221,38.93538],[-120.70241,38.93567],[-120.70269,38.93559],[-120.70313,38.9357],[-120.70334,38.9359],[-120.70328,38.93607],[-120.70346,38.93653],[-120.7046,38.93633],[-120.7048,38.93638],[-120.70498,38.93686],[-120.70558,38.9369],[-120.70567,38.93674],[-120.70612,38.93673],[-120.7057,38.93649],[-120.70569,38.93625],[-120.70602,38.93622],[-120.70607,38.93605],[-120.70627,38.93603],[-120.70622,38.93626],[-120.70643,38.93642],[-120.70679,38.93626],[-120.70741,38.93636],[-120.70765,38.93652],[-120.70761,38.93677],[-120.70733,38.93687],[-120.70752,38.93707],[-120.70937,38.93779],[-120.70995,38.93784],[-120.70991,38.93803],[-120.71066,38.93847],[-120.71041,38.9387],[-120.71067,38.93888],[-120.71079,38.93878],[-120.71197,38.93877],[-120.71302,38.93931],[-120.7129,38.9395],[-120.71317,38.9402],[-120.71322,38.94076],[-120.71285,38.94103],[-120.713,38.94125],[-120.71296,38.94172],[-120.71366,38.94171],[-120.71432,38.94201],[-120.71394,38.94215],[-120.71395,38.94227],[-120.71409,38.94232],[-120.71424,38.94265],[-120.71414,38.94296],[-120.71448,38.94324],[-120.71414,38.94342],[-120.71423,38.94353],[-120.71399,38.94388],[-120.7142,38.9441],[-120.71383,38.94459],[-120.71283,38.9446],[-120.71262,38.94477],[-120.71307,38.94489],[-120.71289,38.94502],[-120.71306,38.94531],[-120.71294,38.94535],[-120.713,38.94553],[-120.71281,38.94555],[-120.71303,38.94574],[-120.71322,38.94674],[-120.71295,38.94689],[-120.71281,38.94673],[-120.71231,38.94708],[-120.71232,38.9473],[-120.71271,38.94791],[-120.71259,38.94802],[-120.71266,38.94834],[-120.71235,38.94862],[-120.71219,38.94867],[-120.71181,38.94849],[-120.71099,38.94868],[-120.71084,38.94915],[-120.71149,38.94953],[-120.71168,38.95005],[-120.71158,38.95037],[-120.71168,38.95061],[-120.71192,38.95064],[-120.71173,38.95086],[-120.71118,38.95105],[-120.71069,38.95159],[-120.71069,38.95222],[-120.71052,38.95226],[-120.71081,38.95244],[-120.71156,38.9521],[-120.71202,38.95219],[-120.71211,38.95239],[-120.71184,38.95273],[-120.71156,38.95353],[-120.71129,38.95368],[-120.71148,38.95394],[-120.71141,38.95422],[-120.71112,38.95437],[-120.71156,38.95514],[-120.71201,38.95508],[-120.71238,38.95527],[-120.71221,38.95562],[-120.71201,38.95571],[-120.71089,38.95572],[-120.71063,38.95654],[-120.71099,38.95692],[-120.71102,38.95722],[-120.71176,38.95742],[-120.7117,38.95802],[-120.71215,38.95834],[-120.71225,38.95858],[-120.71172,38.95862],[-120.71166,38.95885],[-120.71183,38.9591],[-120.71073,38.95963],[-120.71031,38.96027],[-120.70968,38.95967],[-120.70942,38.95923],[-120.70883,38.95962],[-120.70868,38.96004],[-120.70837,38.96007],[-120.70823,38.96021],[-120.70787,38.96013],[-120.70765,38.95983],[-120.70716,38.95982],[-120.70709,38.96],[-120.70739,38.96035],[-120.70713,38.9607],[-120.70657,38.9605],[-120.70622,38.96091],[-120.70575,38.96098],[-120.7057,38.96126],[-120.70502,38.96122],[-120.70424,38.96179],[-120.70401,38.96169],[-120.70408,38.96198],[-120.7047,38.96199],[-120.70476,38.96261],[-120.70463,38.96266],[-120.70466,38.96286],[-120.70368,38.96424],[-120.70354,38.96451],[-120.70359,38.96469],[-120.70264,38.96519],[-120.70255,38.96543],[-120.70348,38.96553],[-120.70378,38.96545],[-120.7041,38.96514],[-120.70448,38.96531],[-120.70517,38.96537],[-120.70538,38.96552],[-120.70524,38.96574],[-120.70524,38.96628],[-120.70549,38.96663],[-120.70622,38.9669],[-120.70655,38.96734],[-120.70693,38.96726],[-120.70723,38.9681],[-120.70761,38.96821],[-120.70765,38.96845],[-120.70846,38.96843],[-120.70934,38.9691],[-120.71069,38.96952],[-120.71243,38.96979],[-120.71293,38.97018],[-120.71369,38.97019],[-120.7139,38.9704],[-120.71515,38.97056],[-120.71581,38.97046],[-120.71588,38.97088],[-120.71573,38.97139],[-120.71618,38.97176],[-120.71756,38.97245],[-120.71773,38.97314],[-120.71805,38.97329],[-120.71841,38.97319],[-120.71847,38.97338],[-120.71882,38.97361],[-120.71982,38.97388],[-120.71987,38.97437],[-120.72042,38.97465],[-120.72062,38.97459],[-120.72088,38.97491],[-120.72155,38.97518],[-120.72199,38.97568],[-120.72217,38.97563],[-120.72243,38.97577],[-120.72272,38.97626],[-120.72379,38.97702],[-120.72434,38.97726],[-120.72554,38.97742],[-120.72655,38.97795],[-120.7268,38.97839],[-120.72702,38.97921],[-120.72758,38.97983],[-120.72772,38.98067],[-120.72872,38.98185],[-120.72904,38.98256],[-120.7297,38.98247],[-120.72996,38.98277],[-120.73035,38.98273],[-120.73094,38.98292],[-120.73099,38.98317],[-120.7313,38.98336],[-120.7313,38.98354],[-120.73179,38.98338],[-120.73268,38.98388],[-120.73299,38.98477],[-120.73291,38.98507],[-120.7339,38.98591],[-120.73402,38.98623],[-120.73395,38.98683],[-120.73491,38.98756],[-120.73526,38.98767],[-120.73557,38.98729],[-120.73566,38.98603],[-120.7368,38.98543],[-120.73776,38.98561],[-120.7383,38.98591],[-120.73752,38.98651],[-120.73817,38.98742],[-120.73853,38.9875],[-120.73864,38.98704],[-120.73885,38.98711],[-120.73946,38.98697],[-120.74012,38.98708],[-120.74034,38.98793],[-120.74049,38.98789],[-120.74062,38.9881],[-120.74102,38.98811],[-120.7413,38.98777],[-120.74235,38.98811],[-120.7427,38.98809],[-120.74292,38.98794],[-120.74336,38.98805],[-120.74352,38.98826],[-120.74444,38.98817],[-120.74464,38.98829],[-120.74494,38.98881],[-120.74613,38.98893],[-120.74659,38.98912],[-120.74703,38.98904],[-120.74816,38.98921],[-120.74877,38.98912],[-120.74865,38.98896],[-120.74876,38.98879],[-120.74978,38.98897],[-120.75045,38.98883],[-120.75069,38.9886],[-120.75171,38.98871],[-120.75216,38.98894],[-120.75233,38.98884],[-120.75339,38.98916],[-120.75484,38.98906],[-120.75496,38.98962],[-120.75522,38.98953],[-120.75529,38.9893],[-120.75591,38.98913],[-120.75801,38.98919],[-120.75952,38.98938],[-120.76197,38.99019],[-120.76235,38.99045],[-120.76233,38.99066],[-120.76261,38.99074],[-120.76379,38.99058],[-120.76434,38.99008],[-120.76498,38.98987],[-120.76571,38.99005],[-120.76616,38.99042],[-120.76664,38.99039],[-120.76747,38.99058],[-120.76797,38.99044],[-120.7696,38.99062],[-120.7707,38.9906],[-120.77136,38.99023],[-120.77139,38.98999],[-120.77102,38.98924],[-120.77098,38.98888],[-120.77123,38.98876],[-120.77206,38.98888],[-120.773,38.98876],[-120.77324,38.98891],[-120.77304,38.98941],[-120.7732,38.98948],[-120.77316,38.9896],[-120.77346,38.98997],[-120.77388,38.98982],[-120.77444,38.98997],[-120.77472,38.98992],[-120.7749,38.98982],[-120.77494,38.98948],[-120.77547,38.98915],[-120.77584,38.98841],[-120.7765,38.98807],[-120.7767,38.98787],[-120.77674,38.98759],[-120.77703,38.98743],[-120.77741,38.98746],[-120.77729,38.98695],[-120.77744,38.98668],[-120.77851,38.98664],[-120.77892,38.98635],[-120.77982,38.98637],[-120.78156,38.98572],[-120.78167,38.98546],[-120.78111,38.98526],[-120.78105,38.985],[-120.78118,38.98476],[-120.78271,38.9836],[-120.78384,38.9831],[-120.78472,38.983],[-120.78497,38.98314],[-120.78528,38.98303],[-120.7854,38.98285],[-120.78519,38.98277],[-120.78682,38.98219],[-120.78955,38.98173],[-120.7903,38.98182],[-120.79046,38.98176],[-120.79071,38.98114],[-120.79156,38.98058],[-120.79215,38.98104],[-120.79223,38.98148],[-120.79285,38.98266],[-120.79303,38.98278],[-120.79284,38.98311],[-120.79293,38.98341],[-120.79321,38.98355],[-120.79394,38.98355],[-120.79406,38.9836],[-120.79392,38.98365],[-120.79385,38.98388],[-120.79438,38.98418],[-120.79489,38.98415],[-120.79489,38.98434],[-120.79512,38.98449],[-120.79514,38.98488],[-120.79554,38.98519],[-120.79684,38.98551],[-120.79746,38.98589],[-120.7988,38.98624],[-120.79931,38.9865],[-120.8008,38.98619],[-120.80154,38.98646],[-120.80217,38.98644],[-120.8031,38.98601],[-120.8031,38.98586],[-120.80378,38.9857],[-120.80404,38.9854],[-120.80391,38.98535],[-120.80456,38.98476],[-120.80509,38.98462],[-120.8052,38.98439],[-120.80592,38.98418],[-120.80626,38.98389],[-120.80661,38.98379],[-120.80766,38.98287],[-120.80889,38.98302],[-120.80998,38.98278],[-120.81167,38.98309],[-120.81238,38.983],[-120.81269,38.98279],[-120.81406,38.9827],[-120.81458,38.98319],[-120.81522,38.98336],[-120.81618,38.98387],[-120.8166,38.98385],[-120.81827,38.983],[-120.81814,38.98291],[-120.82042,38.98191],[-120.82093,38.98152],[-120.82111,38.98094],[-120.82149,38.98071],[-120.82284,38.98006],[-120.82342,38.97996],[-120.82395,38.97947],[-120.82513,38.97887],[-120.82515,38.97873],[-120.82647,38.97827],[-120.82758,38.97817],[-120.82869,38.97745],[-120.82963,38.97656],[-120.83092,38.97598],[-120.832,38.97599],[-120.83232,38.97612],[-120.83336,38.97586],[-120.83478,38.97572],[-120.83542,38.9755],[-120.83597,38.97557],[-120.83621,38.97545],[-120.83633,38.97582],[-120.83741,38.97742],[-120.83829,38.97816],[-120.83875,38.97879],[-120.8386,38.98037],[-120.83889,38.9808],[-120.83898,38.98128],[-120.83945,38.9819],[-120.83972,38.983],[-120.84004,38.98359],[-120.84112,38.98465],[-120.8412,38.98538],[-120.84073,38.98563],[-120.83992,38.98686],[-120.84017,38.98743],[-120.84025,38.98826],[-120.84007,38.98921],[-120.84103,38.99091],[-120.84131,38.99111],[-120.84159,38.99112],[-120.84189,38.99179],[-120.84199,38.99313],[-120.8423,38.99355],[-120.84328,38.99423],[-120.84386,38.99423],[-120.84424,38.99458],[-120.84496,38.99487],[-120.84542,38.99562],[-120.8453,38.99659],[-120.84476,38.99703],[-120.84493,38.99723],[-120.84476,38.9975],[-120.84445,38.9976],[-120.84447,38.99837],[-120.84527,38.99898],[-120.84509,38.99923],[-120.84535,38.99949],[-120.84545,38.9999],[-120.84531,39.0002],[-120.84565,39.00084],[-120.84532,39.00165],[-120.84491,39.00209],[-120.84502,39.0024],[-120.84583,39.00238],[-120.84587,39.00308],[-120.84519,39.00404],[-120.84465,39.00441],[-120.84463,39.00487],[-120.84428,39.00488],[-120.84356,39.00517],[-120.84329,39.00555],[-120.84339,39.00573],[-120.84319,39.0063],[-120.84207,39.00678],[-120.84179,39.00734],[-120.84157,39.00742],[-120.8415,39.00788],[-120.84103,39.00873],[-120.84055,39.00888],[-120.83979,39.0095],[-120.83937,39.01029],[-120.83972,39.01075],[-120.83949,39.0116],[-120.83809,39.01281],[-120.83752,39.01367],[-120.83766,39.01401],[-120.83671,39.0143],[-120.8362,39.01506],[-120.83534,39.01559],[-120.83498,39.01556],[-120.83394,39.01603],[-120.83399,39.01623],[-120.83443,39.01628],[-120.83435,39.01645],[-120.83338,39.01669],[-120.8334,39.01695],[-120.83273,39.01698],[-120.83168,39.01725],[-120.83142,39.01719],[-120.83099,39.01736],[-120.83017,39.01735],[-120.82989,39.01769],[-120.8293,39.01775],[-120.82845,39.01805],[-120.8279,39.0185],[-120.82702,39.01872],[-120.82554,39.01826],[-120.82488,39.01842],[-120.82382,39.01813],[-120.82345,39.01787],[-120.82314,39.01793],[-120.82326,39.01783],[-120.82323,39.01764],[-120.82112,39.0166],[-120.82065,39.01764],[-120.81917,39.01818],[-120.81788,39.01809],[-120.81767,39.0182],[-120.81817,39.01838],[-120.81798,39.01855],[-120.81745,39.01859],[-120.81762,39.01886],[-120.8157,39.0192],[-120.81547,39.01904],[-120.81511,39.01744],[-120.81484,39.01725],[-120.81404,39.01716],[-120.81376,39.01701],[-120.81362,39.01662],[-120.81282,39.01631],[-120.81202,39.01621],[-120.80974,39.01699],[-120.80964,39.01693],[-120.80925,39.01731],[-120.80866,39.01756],[-120.80835,39.0175],[-120.8082,39.01701],[-120.80835,39.0168],[-120.80821,39.01671],[-120.80799,39.01673],[-120.80814,39.01676],[-120.80788,39.01712],[-120.80725,39.01701],[-120.80702,39.0167],[-120.80686,39.01669],[-120.80677,39.0164],[-120.80765,39.01517],[-120.8078,39.0143],[-120.80706,39.01368],[-120.80555,39.01301],[-120.80311,39.01264],[-120.80311,39.01254],[-120.80262,39.01274],[-120.80239,39.01302],[-120.80265,39.01396],[-120.80238,39.01427],[-120.80271,39.01482],[-120.80253,39.01498],[-120.80218,39.01493],[-120.80219,39.01532],[-120.8019,39.01536],[-120.80182,39.01587],[-120.80149,39.0163],[-120.80168,39.01664],[-120.80211,39.01672],[-120.80185,39.01671],[-120.80186,39.01688],[-120.80218,39.01692],[-120.80212,39.01701],[-120.80191,39.01695],[-120.8019,39.01717],[-120.8022,39.01723],[-120.80247,39.01748],[-120.80291,39.01747],[-120.80294,39.0176],[-120.80271,39.01773],[-120.80309,39.01803],[-120.80309,39.01852],[-120.80291,39.0187],[-120.80297,39.01928],[-120.80257,39.01949],[-120.80254,39.01968],[-120.80275,39.01989],[-120.80277,39.02026],[-120.80296,39.02028],[-120.803,39.02045],[-120.80264,39.02059],[-120.80255,39.02094],[-120.80172,39.02123],[-120.80168,39.02137],[-120.80205,39.02147],[-120.80187,39.02159],[-120.80109,39.0218],[-120.80085,39.02173],[-120.79978,39.02259],[-120.79969,39.02258],[-120.79974,39.02248],[-120.79951,39.02252],[-120.79928,39.02279],[-120.79919,39.02302],[-120.79939,39.02293],[-120.79961,39.0231],[-120.79924,39.02321],[-120.79974,39.02325],[-120.79947,39.02352],[-120.79989,39.02366],[-120.79987,39.02391],[-120.80055,39.02439],[-120.80012,39.02462],[-120.8004,39.02464],[-120.80045,39.02488],[-120.80018,39.02491],[-120.80034,39.02523],[-120.80023,39.02532],[-120.80049,39.02555],[-120.80026,39.02558],[-120.8004,39.02592],[-120.7989,39.02706],[-120.7985,39.02716],[-120.79841,39.02737],[-120.79871,39.02731],[-120.79865,39.02748],[-120.79808,39.02784],[-120.79778,39.02835],[-120.7974,39.02859],[-120.79681,39.02861],[-120.7967,39.02875],[-120.79591,39.02874],[-120.79556,39.02848],[-120.795,39.02867],[-120.79485,39.02925],[-120.79509,39.02926],[-120.79479,39.02932],[-120.79418,39.02975],[-120.7938,39.0296],[-120.79316,39.02964],[-120.79257,39.02939],[-120.79134,39.02958],[-120.79084,39.02936],[-120.79057,39.0296],[-120.79124,39.02962],[-120.79108,39.02986],[-120.79133,39.02991],[-120.79126,39.03016],[-120.79055,39.03022],[-120.78877,39.02994],[-120.78867,39.03035],[-120.78831,39.03062],[-120.78742,39.0304],[-120.78747,39.03029],[-120.78716,39.02999],[-120.78684,39.02991],[-120.78686,39.02976],[-120.78651,39.02925],[-120.78649,39.02863],[-120.78634,39.0284],[-120.78642,39.02837],[-120.78615,39.02831],[-120.78637,39.02854],[-120.78609,39.02914],[-120.78345,39.03013],[-120.78321,39.03005],[-120.78156,39.03028],[-120.78088,39.02995],[-120.78056,39.03017],[-120.78012,39.03008],[-120.78001,39.02987],[-120.77819,39.03045],[-120.77823,39.03064],[-120.77791,39.03105],[-120.77721,39.03078],[-120.77715,39.03051],[-120.7769,39.03045],[-120.77693,39.03023],[-120.77715,39.03016],[-120.77678,39.03005],[-120.77649,39.03029],[-120.77692,39.03063],[-120.7766,39.03065],[-120.77623,39.03031],[-120.77627,39.03054],[-120.7761,39.03084],[-120.77642,39.03083],[-120.77683,39.03112],[-120.77602,39.0312],[-120.77586,39.03136],[-120.77438,39.03171],[-120.77428,39.03209],[-120.77402,39.03219],[-120.77243,39.03216],[-120.77178,39.03255],[-120.77197,39.03254],[-120.77152,39.03327],[-120.77117,39.0333],[-120.77105,39.03313],[-120.77075,39.03325],[-120.77062,39.03353],[-120.77045,39.03343],[-120.77041,39.03322],[-120.76975,39.03396],[-120.76839,39.03415],[-120.76791,39.03458],[-120.76803,39.03502],[-120.76777,39.03544],[-120.76758,39.03548],[-120.76761,39.03568],[-120.76736,39.03626],[-120.76692,39.03681],[-120.76646,39.03691],[-120.76579,39.03681],[-120.76523,39.03699],[-120.76534,39.03725],[-120.76448,39.03757],[-120.76443,39.0381],[-120.76391,39.03862],[-120.76368,39.03848],[-120.76317,39.03863],[-120.76318,39.03882],[-120.76288,39.03903],[-120.76247,39.0391],[-120.7618,39.03951],[-120.76166,39.03994],[-120.76174,39.04017],[-120.75917,39.04175],[-120.75869,39.04166],[-120.75802,39.04184],[-120.75764,39.04251],[-120.7577,39.04309],[-120.75706,39.04341],[-120.75692,39.04378],[-120.75663,39.04399],[-120.75548,39.04439],[-120.75536,39.04428],[-120.75511,39.04432],[-120.75437,39.04486],[-120.75243,39.04534],[-120.75228,39.04526],[-120.75174,39.04542],[-120.75074,39.04602],[-120.74974,39.04619],[-120.7488,39.04687],[-120.74887,39.04706],[-120.74791,39.04755],[-120.74556,39.04787],[-120.74553,39.04798],[-120.74596,39.04802],[-120.74584,39.04823],[-120.74503,39.04869],[-120.74416,39.04862],[-120.74381,39.04843],[-120.74373,39.04864],[-120.74354,39.04868],[-120.74309,39.04842],[-120.74305,39.04825],[-120.7422,39.04806],[-120.74213,39.04791],[-120.74231,39.04775],[-120.74213,39.0473],[-120.74181,39.04711],[-120.74186,39.0468],[-120.74254,39.0463],[-120.74266,39.04608],[-120.74241,39.04592],[-120.74246,39.04573],[-120.74256,39.04552],[-120.74318,39.04524],[-120.74316,39.04486],[-120.74296,39.04513],[-120.74199,39.0451],[-120.74197,39.04527],[-120.74224,39.04531],[-120.74196,39.04533],[-120.74192,39.04566],[-120.74211,39.0458],[-120.74189,39.04572],[-120.74171,39.04602],[-120.74126,39.04617],[-120.74056,39.04606],[-120.7398,39.04623],[-120.73899,39.04682],[-120.73859,39.04727],[-120.73802,39.0483],[-120.73694,39.04948],[-120.73617,39.04977],[-120.73594,39.0497],[-120.7353,39.04982],[-120.73559,39.04988],[-120.7352,39.05032],[-120.73461,39.05218],[-120.73411,39.05297],[-120.73421,39.05313],[-120.73204,39.05524],[-120.73116,39.05569],[-120.73087,39.05605],[-120.73117,39.05706],[-120.73205,39.05863],[-120.73203,39.05877],[-120.73102,39.05962],[-120.73113,39.05969],[-120.73008,39.06024],[-120.73013,39.06138],[-120.73039,39.06231],[-120.73033,39.06331],[-120.73016,39.06355],[-120.73034,39.06357],[-120.73032,39.06383],[-120.73066,39.06421],[-120.73143,39.0647],[-120.73158,39.06532],[-120.73097,39.06616],[-120.72908,39.06772],[-120.72868,39.06838],[-120.7284,39.06954],[-120.72796,39.07024],[-120.72705,39.07106],[-120.72662,39.07175],[-120.72679,39.07252],[-120.72666,39.07257],[-120.72652,39.07241],[-120.7265,39.07264],[-120.72688,39.07278],[-120.72692,39.07294],[-120.72733,39.07298],[-120.72706,39.07282],[-120.727,39.0726],[-120.72711,39.0726],[-120.72763,39.07302],[-120.72761,39.07313],[-120.72791,39.07322],[-120.72797,39.07363],[-120.72811,39.07363],[-120.72756,39.07473],[-120.72692,39.07734],[-120.72664,39.07802],[-120.72688,39.07876],[-120.7267,39.07944],[-120.72698,39.08106],[-120.72645,39.08197],[-120.72566,39.08406],[-120.72476,39.08585],[-120.7253,39.08632],[-120.72552,39.08679],[-120.72652,39.08659],[-120.72709,39.08708],[-120.72758,39.08719],[-120.72787,39.08755],[-120.72813,39.08758],[-120.72808,39.08772],[-120.72831,39.08795],[-120.7283,39.08812],[-120.72797,39.08817],[-120.72764,39.08792],[-120.72725,39.0879],[-120.72619,39.08753],[-120.72583,39.08714],[-120.72555,39.08727],[-120.72566,39.08754],[-120.72517,39.08801],[-120.72599,39.0897],[-120.72618,39.09076],[-120.72589,39.09196],[-120.72567,39.092],[-120.72541,39.09277],[-120.72437,39.09462],[-120.72373,39.09533],[-120.72369,39.09556],[-120.72324,39.09618],[-120.72232,39.09681],[-120.72191,39.0973],[-120.72049,39.09842],[-120.71967,39.09869],[-120.71945,39.09897],[-120.71934,39.09961],[-120.71832,39.10048],[-120.71814,39.10078],[-120.71723,39.10104],[-120.71751,39.10205],[-120.71718,39.10234],[-120.7172,39.10262],[-120.71699,39.10273],[-120.71657,39.10378],[-120.71667,39.10445],[-120.71642,39.10481],[-120.71622,39.10489],[-120.71648,39.10511],[-120.7165,39.1054],[-120.71706,39.1059],[-120.71697,39.10649],[-120.71774,39.10779],[-120.71767,39.10837],[-120.71785,39.10851],[-120.71786,39.10888],[-120.71849,39.10979],[-120.71852,39.11045],[-120.71837,39.11074],[-120.71846,39.11094],[-120.71809,39.11143],[-120.7176,39.11177],[-120.7171,39.1118],[-120.71691,39.11199],[-120.71646,39.11207],[-120.71572,39.11202],[-120.71523,39.11175],[-120.71478,39.11131],[-120.71467,39.11092],[-120.71277,39.113],[-120.71241,39.11291],[-120.71185,39.1125],[-120.711,39.11255],[-120.71085,39.11291],[-120.71109,39.11295],[-120.71109,39.11313],[-120.71085,39.11349],[-120.71016,39.11386],[-120.70983,39.11448],[-120.71002,39.11524],[-120.70996,39.11604],[-120.70977,39.11622],[-120.70972,39.11664],[-120.70933,39.11726],[-120.70938,39.11758],[-120.70895,39.11797],[-120.70839,39.11807],[-120.70808,39.11851],[-120.70865,39.11946],[-120.70928,39.11978],[-120.7094,39.12004],[-120.70916,39.12086],[-120.70824,39.12213],[-120.70804,39.12282],[-120.70734,39.12282],[-120.70699,39.1235],[-120.70687,39.12378],[-120.7067,39.12585],[-120.70647,39.12631],[-120.70596,39.127],[-120.70526,39.12728],[-120.70423,39.12793],[-120.70271,39.1317],[-120.70284,39.13191],[-120.70255,39.13213],[-120.70174,39.13441],[-120.70045,39.13622],[-120.69916,39.13716],[-120.69886,39.13717],[-120.69786,39.13824],[-120.69728,39.13811],[-120.69502,39.13903],[-120.69241,39.13989],[-120.6911,39.14053],[-120.68648,39.1449],[-120.68343,39.14635],[-120.68125,39.14759],[-120.67824,39.14891],[-120.67695,39.14992],[-120.67506,39.15171],[-120.67005,39.15454],[-120.67007,39.15472],[-120.66845,39.15611],[-120.66516,39.15765],[-120.66483,39.1577],[-120.66424,39.15831],[-120.6639,39.15845],[-120.66374,39.15872],[-120.6627,39.15932],[-120.66189,39.16037],[-120.6606,39.16357],[-120.6597,39.1653],[-120.6588,39.16601],[-120.65699,39.16677],[-120.65634,39.16718],[-120.65411,39.16882],[-120.65241,39.17042],[-120.65164,39.17143],[-120.65119,39.17229],[-120.65047,39.17481],[-120.64997,39.17587],[-120.64894,39.17706],[-120.64773,39.17794],[-120.64675,39.17833],[-120.64577,39.17848],[-120.64047,39.17815],[-120.63794,39.17773],[-120.63674,39.17688],[-120.63585,39.17601],[-120.63441,39.17629],[-120.63313,39.17721],[-120.62917,39.17795],[-120.62914,39.17778],[-120.62844,39.17738],[-120.62821,39.1771],[-120.62814,39.17673],[-120.62827,39.17614],[-120.62799,39.17521],[-120.62829,39.17387],[-120.62795,39.17294],[-120.62892,39.17229],[-120.62947,39.17169],[-120.62946,39.17097],[-120.62918,39.17048],[-120.62935,39.16991],[-120.62925,39.16933],[-120.6295,39.16865],[-120.62952,39.16818],[-120.63083,39.16426],[-120.63089,39.16306],[-120.63181,39.16097],[-120.63297,39.15998],[-120.63319,39.15915],[-120.63354,39.15854],[-120.63552,39.15611],[-120.63609,39.15502],[-120.63853,39.15286],[-120.63985,39.15101],[-120.63987,39.15073],[-120.64012,39.15047],[-120.64008,39.15021],[-120.64032,39.15011],[-120.64098,39.14924],[-120.64221,39.14855],[-120.64294,39.14792],[-120.64333,39.14742],[-120.64323,39.14725],[-120.64331,39.14702],[-120.64375,39.14682],[-120.64397,39.14685],[-120.64398,39.14663],[-120.64477,39.14621],[-120.64472,39.14568],[-120.6442,39.14526],[-120.64409,39.14492],[-120.64516,39.14403],[-120.64479,39.14351],[-120.64536,39.14323],[-120.64536,39.14298],[-120.64623,39.14256],[-120.64643,39.14193],[-120.6464,39.14137],[-120.64726,39.14072],[-120.6476,39.13981],[-120.64887,39.13883],[-120.64917,39.1376],[-120.64991,39.13659],[-120.6509,39.13606],[-120.65177,39.13585],[-120.65289,39.13496],[-120.65491,39.13381],[-120.65538,39.1337],[-120.65643,39.13315],[-120.6582,39.13182],[-120.65968,39.13137],[-120.66055,39.13084],[-120.66132,39.13103],[-120.66231,39.13052],[-120.6624,39.13016],[-120.6622,39.12995],[-120.66235,39.12955],[-120.66252,39.12944],[-120.66232,39.1291],[-120.6621,39.12904],[-120.66178,39.12867],[-120.66184,39.12793],[-120.6622,39.12796],[-120.66239,39.12732],[-120.66308,39.12656],[-120.66407,39.12508],[-120.66456,39.123],[-120.66437,39.12287],[-120.6645,39.12189],[-120.66483,39.12122],[-120.66508,39.12134],[-120.66506,39.12149],[-120.66556,39.12113],[-120.66578,39.12038],[-120.66314,39.12177],[-120.66264,39.12191],[-120.66215,39.12169],[-120.6616,39.12178],[-120.66134,39.122],[-120.66147,39.12225],[-120.66093,39.12242],[-120.6606,39.12226],[-120.6603,39.12188],[-120.66037,39.12177],[-120.66009,39.12154],[-120.6595,39.1216],[-120.65976,39.12074],[-120.65948,39.12055],[-120.65882,39.12082],[-120.65862,39.12063],[-120.65844,39.1211],[-120.65901,39.12222],[-120.65886,39.12221],[-120.65806,39.12099],[-120.65836,39.12051],[-120.65786,39.11974],[-120.6585,39.11929],[-120.65841,39.11907],[-120.65775,39.11959],[-120.65728,39.11885],[-120.65587,39.11834],[-120.6552,39.11754],[-120.65479,39.11781],[-120.65494,39.11819],[-120.65447,39.11865],[-120.65406,39.11872],[-120.65445,39.11943],[-120.65399,39.1199],[-120.65413,39.12026],[-120.65327,39.12054],[-120.65306,39.12103],[-120.65253,39.12118],[-120.65232,39.12169],[-120.65189,39.12186],[-120.65168,39.12277],[-120.65137,39.1231],[-120.65148,39.12327],[-120.65074,39.12417],[-120.65086,39.12474],[-120.65064,39.12495],[-120.65097,39.12544],[-120.65035,39.1257],[-120.65046,39.12586],[-120.64928,39.12623],[-120.64902,39.12646],[-120.64926,39.12744],[-120.64838,39.12836],[-120.64855,39.12876],[-120.64878,39.12886],[-120.64891,39.1294],[-120.64833,39.13003],[-120.64841,39.13035],[-120.64829,39.13061],[-120.64655,39.13142],[-120.64591,39.13121],[-120.64562,39.13158],[-120.64586,39.13159],[-120.6458,39.13195],[-120.64517,39.13221],[-120.64443,39.13377],[-120.6437,39.1346],[-120.64122,39.13616],[-120.64087,39.13631],[-120.63913,39.13651],[-120.63826,39.13687],[-120.63688,39.13722],[-120.63611,39.13803],[-120.63605,39.1383],[-120.63619,39.13847],[-120.63579,39.13877],[-120.63571,39.139],[-120.63553,39.13898],[-120.63551,39.13925],[-120.63537,39.13935],[-120.63543,39.13948],[-120.63515,39.13978],[-120.63454,39.13989],[-120.63417,39.13974],[-120.63377,39.13893],[-120.63316,39.1392],[-120.63148,39.13904],[-120.63138,39.13821],[-120.63186,39.1378],[-120.6322,39.13687],[-120.6319,39.13651],[-120.63068,39.13616],[-120.63043,39.13569],[-120.63122,39.13351],[-120.63092,39.13204],[-120.63113,39.13132],[-120.63152,39.13113],[-120.63128,39.13079],[-120.6329,39.12988],[-120.63289,39.12946],[-120.63215,39.12906],[-120.63218,39.12884],[-120.63193,39.12864],[-120.63215,39.12839],[-120.63294,39.12827],[-120.63307,39.12884],[-120.63342,39.12924],[-120.63353,39.12882],[-120.63339,39.1284],[-120.63285,39.12769],[-120.63179,39.12722],[-120.63169,39.12692],[-120.63172,39.12568],[-120.63213,39.12468],[-120.63181,39.12473],[-120.63163,39.12401],[-120.63188,39.12398],[-120.63196,39.12446],[-120.63226,39.12444],[-120.63247,39.12405],[-120.63208,39.12356],[-120.63255,39.12337],[-120.63276,39.12286],[-120.63299,39.12277],[-120.63313,39.12242],[-120.63241,39.12238],[-120.63251,39.12221],[-120.63312,39.12216],[-120.63294,39.12194],[-120.63304,39.12169],[-120.63374,39.12142],[-120.63384,39.12117],[-120.63377,39.12107],[-120.63319,39.12113],[-120.6333,39.12092],[-120.63358,39.12083],[-120.63356,39.12043],[-120.63379,39.12035],[-120.63389,39.12009],[-120.63351,39.11943],[-120.63346,39.11905],[-120.63361,39.11886],[-120.63248,39.11857],[-120.63314,39.11844],[-120.63312,39.11819],[-120.63355,39.11794],[-120.6337,39.11754],[-120.635,39.11679],[-120.63469,39.11641],[-120.63404,39.11686],[-120.63289,39.11691],[-120.6327,39.11629],[-120.63345,39.11541],[-120.63285,39.11456],[-120.63241,39.1142],[-120.63241,39.11362],[-120.63263,39.11343],[-120.63251,39.11248],[-120.63212,39.11258],[-120.632,39.11304],[-120.63168,39.11315],[-120.63142,39.11261],[-120.63093,39.1131],[-120.63107,39.11363],[-120.63069,39.11402],[-120.63123,39.11454],[-120.63112,39.1146],[-120.63052,39.11439],[-120.63001,39.11392],[-120.6297,39.11403],[-120.62906,39.11367],[-120.62875,39.1131],[-120.62857,39.11305],[-120.62932,39.11222],[-120.62847,39.11174],[-120.629,39.11151],[-120.62926,39.11113],[-120.62884,39.11097],[-120.62916,39.11094],[-120.62942,39.11069],[-120.62964,39.11098],[-120.63052,39.11089],[-120.63089,39.11043],[-120.6307,39.1102],[-120.63095,39.10994],[-120.63124,39.10991],[-120.63248,39.10846],[-120.63494,39.10849],[-120.63608,39.1088],[-120.63628,39.10858],[-120.63647,39.10889],[-120.63796,39.10889],[-120.64017,39.10861],[-120.64024,39.1089],[-120.6404,39.10889],[-120.64038,39.10865],[-120.64067,39.10823],[-120.64151,39.10837],[-120.6418,39.10891],[-120.64168,39.10916],[-120.64178,39.11004],[-120.64249,39.1099],[-120.64285,39.11011],[-120.64186,39.11077],[-120.64187,39.11091],[-120.64343,39.11106],[-120.6447,39.11055],[-120.64545,39.11126],[-120.64534,39.11226],[-120.64661,39.11188],[-120.64715,39.1119],[-120.64785,39.11224],[-120.64792,39.11213],[-120.64773,39.11199],[-120.64799,39.11166],[-120.64879,39.11111],[-120.64881,39.11023],[-120.65022,39.10935],[-120.65149,39.10908],[-120.6525,39.10809],[-120.65248,39.10791],[-120.65293,39.10725],[-120.65349,39.10725],[-120.65329,39.10684],[-120.65367,39.1067],[-120.65356,39.1063],[-120.65376,39.10584],[-120.65316,39.10601],[-120.65288,39.1059],[-120.65258,39.10523],[-120.65266,39.105],[-120.653,39.10494],[-120.65286,39.10445],[-120.65361,39.10372],[-120.65485,39.10342],[-120.65504,39.10302],[-120.65493,39.10288],[-120.65512,39.10267],[-120.65437,39.10242],[-120.65431,39.10216],[-120.65498,39.10156],[-120.65323,39.10153],[-120.65295,39.10116],[-120.65354,39.10044],[-120.65289,39.09999],[-120.65257,39.09941],[-120.6516,39.09958],[-120.65149,39.09948],[-120.6518,39.09924],[-120.65251,39.09921],[-120.65259,39.09904],[-120.65158,39.09816],[-120.65091,39.09725],[-120.65112,39.09622],[-120.651,39.09545],[-120.65116,39.09502],[-120.6511,39.09399],[-120.65123,39.09387],[-120.65096,39.09293],[-120.65176,39.09248],[-120.65241,39.09172],[-120.65236,39.09151],[-120.65146,39.09049],[-120.65109,39.09025],[-120.65088,39.09023],[-120.6499,39.09094],[-120.65,39.0905],[-120.64993,39.09026],[-120.64965,39.09015],[-120.64888,39.09056],[-120.64857,39.09049],[-120.64848,39.09036],[-120.64905,39.0902],[-120.64905,39.09009],[-120.64931,39.08997],[-120.64892,39.08968],[-120.64847,39.0898],[-120.64817,39.08972],[-120.64794,39.08932],[-120.6464,39.08984],[-120.64599,39.08972],[-120.64556,39.08928],[-120.6445,39.0903],[-120.64346,39.09088],[-120.64204,39.09143],[-120.64095,39.09138],[-120.64069,39.09157],[-120.63899,39.09143],[-120.63701,39.0915],[-120.63633,39.0913],[-120.63445,39.09134],[-120.63456,39.09166],[-120.63425,39.09164],[-120.63401,39.09108],[-120.63363,39.09119],[-120.63342,39.09171],[-120.63232,39.09171],[-120.63175,39.09187],[-120.63044,39.09193],[-120.63074,39.09161],[-120.62935,39.09189],[-120.62844,39.09222],[-120.62648,39.09249],[-120.62434,39.09242],[-120.62395,39.09227],[-120.62372,39.09253],[-120.62386,39.09308],[-120.62358,39.09313],[-120.62339,39.09336],[-120.62347,39.09356],[-120.62289,39.09428],[-120.62261,39.09433],[-120.62234,39.09467],[-120.62272,39.0948],[-120.62344,39.09478],[-120.62297,39.09529],[-120.62248,39.09527],[-120.62231,39.09584],[-120.62141,39.09716],[-120.62058,39.09801],[-120.61536,39.10056],[-120.61275,39.10156],[-120.61257,39.10312],[-120.61179,39.10359],[-120.6109,39.10393],[-120.60955,39.10319],[-120.60817,39.10297],[-120.60804,39.10272],[-120.6082,39.10273],[-120.60801,39.10267],[-120.60765,39.10062],[-120.60692,39.09932],[-120.60454,39.09873],[-120.60383,39.09777],[-120.60389,39.09731],[-120.60373,39.09737],[-120.6034,39.09708],[-120.60335,39.09643],[-120.60287,39.09622],[-120.60348,39.09564],[-120.60327,39.09493],[-120.6034,39.09476],[-120.60306,39.09437],[-120.6035,39.09409],[-120.60386,39.09364],[-120.60377,39.09322],[-120.60424,39.09297],[-120.60408,39.09258],[-120.60422,39.0924],[-120.6042,39.09217],[-120.60453,39.092],[-120.60455,39.09172],[-120.60489,39.09154],[-120.60485,39.0914],[-120.60508,39.09105],[-120.60554,39.09097],[-120.60589,39.09052],[-120.60619,39.09044],[-120.60651,39.09006],[-120.60642,39.08985],[-120.60703,39.08912],[-120.60804,39.08875],[-120.6087,39.08883],[-120.60885,39.08914],[-120.60948,39.08907],[-120.60906,39.08854],[-120.6085,39.08841],[-120.60822,39.08827],[-120.60826,39.08817],[-120.60797,39.08811],[-120.60841,39.08708],[-120.60952,39.08681],[-120.61047,39.08739],[-120.61061,39.08797],[-120.61106,39.08875],[-120.61173,39.08889],[-120.61316,39.08849],[-120.61354,39.08823],[-120.61346,39.0879],[-120.61363,39.08768],[-120.61369,39.08712],[-120.61479,39.08676],[-120.61499,39.0865],[-120.61469,39.08638],[-120.61463,39.08621],[-120.61477,39.086],[-120.61541,39.08572],[-120.61498,39.08545],[-120.61469,39.08542],[-120.61457,39.08571],[-120.61387,39.08584],[-120.61346,39.08536],[-120.61288,39.08511],[-120.61276,39.08476],[-120.61354,39.08444],[-120.61361,39.08415],[-120.61264,39.08441],[-120.61258,39.08424],[-120.61276,39.08402],[-120.61264,39.08367],[-120.61235,39.08354],[-120.61166,39.08368],[-120.61127,39.08288],[-120.61085,39.08274],[-120.61073,39.08239],[-120.61095,39.08235],[-120.61107,39.08215],[-120.6105,39.08209],[-120.61032,39.08219],[-120.61047,39.08269],[-120.61027,39.08287],[-120.6098,39.08295],[-120.60951,39.08282],[-120.60888,39.08097],[-120.60857,39.08078],[-120.60847,39.08001],[-120.60818,39.07992],[-120.60811,39.08013],[-120.6075,39.08026],[-120.60719,39.08081],[-120.60669,39.08101],[-120.60608,39.08102],[-120.60592,39.0813],[-120.60544,39.08159],[-120.60497,39.08167],[-120.60443,39.08157],[-120.60426,39.08179],[-120.60512,39.08208],[-120.60511,39.08252],[-120.603,39.083],[-120.60305,39.08364],[-120.60229,39.08355],[-120.60205,39.08419],[-120.60171,39.08392],[-120.60141,39.08392],[-120.60133,39.08341],[-120.60154,39.08323],[-120.60151,39.08295],[-120.60173,39.08253],[-120.60153,39.08247],[-120.60136,39.08193],[-120.60159,39.08156],[-120.60112,39.08164],[-120.60107,39.08148],[-120.60162,39.08119],[-120.60149,39.08078],[-120.60161,39.08038],[-120.60233,39.07979],[-120.60231,39.07959],[-120.60276,39.07936],[-120.60346,39.07828],[-120.60315,39.07794],[-120.60314,39.07769],[-120.60387,39.07737],[-120.6045,39.07757],[-120.60567,39.07702],[-120.60596,39.07716],[-120.60616,39.07708],[-120.60602,39.07662],[-120.60623,39.07628],[-120.6067,39.07598],[-120.60731,39.07583],[-120.60755,39.07559],[-120.60988,39.0753],[-120.61028,39.07503],[-120.6102,39.07483],[-120.61007,39.07487],[-120.60985,39.07463],[-120.60985,39.0742],[-120.6102,39.07398],[-120.6102,39.07383],[-120.61082,39.07386],[-120.61126,39.07405],[-120.61238,39.07271],[-120.61179,39.07225],[-120.61229,39.0716],[-120.61284,39.07141],[-120.61307,39.07051],[-120.61399,39.06955],[-120.61398,39.06928],[-120.61527,39.06739],[-120.61492,39.06741],[-120.61482,39.06724],[-120.61523,39.06692],[-120.61519,39.06683],[-120.61483,39.0667],[-120.61385,39.06576],[-120.61409,39.0655],[-120.61384,39.06347],[-120.61434,39.06294],[-120.61426,39.06281],[-120.61453,39.06241],[-120.61491,39.06207],[-120.61478,39.06113],[-120.61423,39.06115],[-120.61424,39.06078],[-120.61458,39.06043],[-120.61534,39.0601],[-120.61574,39.05966],[-120.61563,39.05911],[-120.61624,39.05894],[-120.616,39.05883],[-120.61623,39.05864],[-120.61586,39.05777],[-120.61521,39.05792],[-120.6147,39.05779],[-120.6144,39.0575],[-120.61441,39.05732],[-120.6147,39.05672],[-120.61516,39.05622],[-120.61569,39.05606],[-120.61682,39.05612],[-120.61674,39.05531],[-120.61711,39.05493],[-120.61771,39.05479],[-120.61778,39.05443],[-120.61715,39.05409],[-120.61718,39.05386],[-120.61656,39.05372],[-120.6164,39.05322],[-120.61656,39.05283],[-120.61589,39.05267],[-120.61577,39.05231],[-120.61589,39.05204],[-120.61618,39.05201],[-120.61602,39.05171],[-120.61575,39.05154],[-120.61584,39.0513],[-120.61502,39.05096],[-120.61442,39.05127],[-120.61406,39.05125],[-120.61351,39.05085],[-120.61276,39.05064],[-120.61266,39.05048],[-120.61235,39.05057],[-120.61212,39.05022],[-120.61231,39.04987],[-120.61278,39.04961],[-120.61247,39.04886],[-120.61285,39.04871],[-120.61306,39.04844],[-120.61268,39.048],[-120.61375,39.04786],[-120.6146,39.04725],[-120.61534,39.04703],[-120.61644,39.04642],[-120.61595,39.04621],[-120.61588,39.04605],[-120.61601,39.04583],[-120.61573,39.04571],[-120.61511,39.04602],[-120.61458,39.04536],[-120.61289,39.04594],[-120.61277,39.04573],[-120.611,39.04603],[-120.61098,39.04562],[-120.6105,39.04558],[-120.61063,39.04472],[-120.61267,39.04378],[-120.6129,39.04378],[-120.61287,39.04342],[-120.61199,39.04266],[-120.61223,39.04228],[-120.61122,39.04188],[-120.60897,39.04174],[-120.6078,39.04179],[-120.6077,39.04159],[-120.60796,39.04131],[-120.60873,39.04101],[-120.60954,39.04039],[-120.61052,39.04039],[-120.61122,39.04003],[-120.61146,39.04021],[-120.61152,39.04046],[-120.61184,39.04035],[-120.61192,39.0405],[-120.61277,39.04019],[-120.61308,39.04024],[-120.61346,39.03994],[-120.61328,39.03958],[-120.61351,39.03914],[-120.61462,39.03909],[-120.6148,39.03955],[-120.6152,39.03994],[-120.6159,39.04022],[-120.61666,39.04036],[-120.61794,39.04019],[-120.61861,39.0403],[-120.61848,39.04057],[-120.61912,39.04071],[-120.61901,39.0412],[-120.61783,39.04091],[-120.61725,39.04116],[-120.61696,39.04086],[-120.61659,39.04074],[-120.61596,39.04075],[-120.61541,39.0412],[-120.61616,39.04186],[-120.61793,39.04197],[-120.61814,39.04183],[-120.62122,39.04252],[-120.62183,39.04246],[-120.6218,39.04221],[-120.62283,39.04141],[-120.62422,39.04064],[-120.62462,39.04058],[-120.62426,39.03968],[-120.62392,39.03949],[-120.62587,39.03862],[-120.62447,39.03861],[-120.62456,39.03766],[-120.62491,39.03722],[-120.6244,39.03703],[-120.62399,39.03652],[-120.62455,39.03612],[-120.62351,39.03603],[-120.62352,39.03578],[-120.62221,39.03417],[-120.62218,39.03395],[-120.62229,39.03387],[-120.62344,39.03388],[-120.62323,39.03367],[-120.62277,39.03221],[-120.62252,39.03201],[-120.62133,39.03202],[-120.61915,39.03172],[-120.61868,39.03092],[-120.6167,39.03087],[-120.61676,39.03071],[-120.61715,39.03056],[-120.61655,39.03007],[-120.61629,39.0293],[-120.61439,39.02824],[-120.61425,39.02789],[-120.61463,39.02748],[-120.61419,39.02739],[-120.61338,39.02751],[-120.61296,39.02824],[-120.61084,39.02889],[-120.60992,39.02903],[-120.60905,39.02903],[-120.60857,39.02855],[-120.60836,39.02775],[-120.60781,39.02784],[-120.60796,39.02814],[-120.60719,39.0281],[-120.60688,39.02784],[-120.60553,39.02801],[-120.60584,39.02829],[-120.60584,39.02846],[-120.60501,39.0284],[-120.60459,39.02816],[-120.60455,39.02689],[-120.60433,39.02641],[-120.6037,39.02626],[-120.60323,39.02672],[-120.60305,39.02666],[-120.60252,39.0263],[-120.60263,39.02581],[-120.60255,39.02555],[-120.60156,39.02578],[-120.60056,39.02577],[-120.60015,39.02533],[-120.60057,39.02504],[-120.60093,39.02457],[-120.60095,39.02417],[-120.60004,39.02353],[-120.59933,39.02473],[-120.59901,39.02455],[-120.59811,39.02478],[-120.59746,39.02429],[-120.59725,39.02451],[-120.5973,39.02469],[-120.59654,39.02479],[-120.59624,39.02464],[-120.59621,39.024],[-120.59608,39.02379],[-120.59582,39.02376],[-120.59587,39.02362],[-120.5962,39.02356],[-120.59586,39.02333],[-120.5956,39.02291],[-120.59533,39.02286],[-120.59527,39.02265],[-120.59595,39.02246],[-120.59564,39.02165],[-120.59528,39.0218],[-120.59466,39.02162],[-120.59446,39.02182],[-120.59466,39.022],[-120.5945,39.02209],[-120.59418,39.02198],[-120.5938,39.02204],[-120.59368,39.02193],[-120.59335,39.02202],[-120.59325,39.0218],[-120.59327,39.02167],[-120.59346,39.02162],[-120.59334,39.02153],[-120.59341,39.0214],[-120.59352,39.02148],[-120.59385,39.02137],[-120.594,39.02112],[-120.59366,39.0209],[-120.59375,39.02082],[-120.59358,39.02066],[-120.59372,39.02047],[-120.59357,39.02049],[-120.59354,39.02033],[-120.59323,39.02033],[-120.59309,39.02003],[-120.59266,39.01989],[-120.59277,39.01954],[-120.59253,39.01954],[-120.59223,39.01999],[-120.59197,39.01996],[-120.59201,39.02007],[-120.5916,39.01991],[-120.59159,39.02],[-120.59145,39.01983],[-120.59123,39.01995],[-120.59107,39.01962],[-120.59086,39.02014],[-120.59035,39.02018],[-120.58975,39.0197],[-120.58973,39.01953],[-120.58933,39.01939],[-120.58864,39.01883],[-120.58871,39.01872],[-120.58847,39.01864],[-120.58919,39.0183],[-120.58934,39.01852],[-120.58988,39.01868],[-120.59001,39.01906],[-120.59046,39.01919],[-120.59084,39.0191],[-120.59058,39.01835],[-120.58987,39.01784],[-120.5898,39.01761],[-120.58997,39.01736],[-120.59022,39.01728],[-120.59016,39.01711],[-120.59064,39.01694],[-120.59115,39.01696],[-120.59108,39.01624],[-120.59162,39.01606],[-120.59121,39.01573],[-120.59036,39.01539],[-120.5916,39.01503],[-120.59201,39.01529],[-120.59255,39.0154],[-120.59277,39.01519],[-120.59313,39.01513],[-120.59367,39.01569],[-120.59445,39.0155],[-120.59425,39.01589],[-120.59446,39.01619],[-120.59463,39.01617],[-120.59496,39.01584],[-120.59513,39.01605],[-120.59551,39.01604],[-120.5955,39.01655],[-120.5958,39.01666],[-120.5958,39.01707],[-120.59608,39.01722],[-120.5961,39.01762],[-120.59649,39.01788],[-120.59647,39.01775],[-120.59662,39.01769],[-120.59697,39.01787],[-120.59703,39.01772],[-120.59781,39.01738],[-120.59775,39.01722],[-120.59819,39.01707],[-120.59849,39.01715],[-120.59877,39.01695],[-120.5987,39.01651],[-120.59935,39.01628],[-120.59945,39.01645],[-120.59979,39.01621],[-120.60023,39.01618],[-120.60017,39.01703],[-120.60034,39.01768],[-120.6001,39.01782],[-120.60057,39.01879],[-120.60085,39.01874],[-120.60167,39.01812],[-120.60144,39.01799],[-120.60127,39.01728],[-120.60137,39.01653],[-120.60183,39.0158],[-120.6025,39.01559],[-120.60258,39.01573],[-120.60291,39.01582],[-120.60301,39.01603],[-120.6035,39.01602],[-120.60393,39.01516],[-120.60462,39.01492],[-120.6049,39.01508],[-120.60571,39.01465],[-120.60572,39.01449],[-120.60876,39.01221],[-120.6084,39.0116],[-120.60767,39.01148],[-120.60741,39.01109],[-120.60721,39.01116],[-120.6071,39.01094],[-120.60671,39.01117],[-120.60668,39.01064],[-120.60689,39.01044],[-120.60675,39.00979],[-120.6072,39.00956],[-120.60718,39.00944],[-120.60748,39.00961],[-120.60809,39.00947],[-120.60821,39.00913],[-120.60852,39.00946],[-120.60871,39.00949],[-120.60891,39.00929],[-120.6097,39.00934],[-120.60978,39.00922],[-120.61043,39.00916],[-120.61116,39.00886],[-120.61098,39.00815],[-120.61062,39.00811],[-120.61086,39.00781],[-120.61046,39.00745],[-120.61033,39.00695],[-120.60984,39.00668],[-120.61021,39.00642],[-120.61019,39.00602],[-120.60894,39.00558],[-120.60893,39.00525],[-120.60875,39.00493],[-120.60882,39.00465],[-120.60873,39.00455],[-120.60833,39.00459],[-120.60803,39.00379],[-120.60799,39.00328],[-120.60759,39.00303],[-120.607,39.00312],[-120.60652,39.00362],[-120.60631,39.00362],[-120.60618,39.00347],[-120.60582,39.00356],[-120.60479,39.00459],[-120.60512,39.00489],[-120.60608,39.00459],[-120.60643,39.00495],[-120.60655,39.00528],[-120.60718,39.00525],[-120.60736,39.00553],[-120.60768,39.00566],[-120.60747,39.00593],[-120.60768,39.00613],[-120.6077,39.00637],[-120.60755,39.00647],[-120.60776,39.00667],[-120.60768,39.00699],[-120.60787,39.00722],[-120.60777,39.00767],[-120.60789,39.0078],[-120.60828,39.00771],[-120.60848,39.00788],[-120.60755,39.00839],[-120.60644,39.00941],[-120.60624,39.00988],[-120.60657,39.01008],[-120.6061,39.01019],[-120.60561,39.00981],[-120.60534,39.01003],[-120.60461,39.00972],[-120.60419,39.00978],[-120.60387,39.0093],[-120.6028,39.00898],[-120.60281,39.00837],[-120.60321,39.00807],[-120.6028,39.00812],[-120.60249,39.00759],[-120.60293,39.00744],[-120.60306,39.00719],[-120.60283,39.00723],[-120.60264,39.00681],[-120.60278,39.00677],[-120.6027,39.00625],[-120.60227,39.00632],[-120.60192,39.00669],[-120.60094,39.00682],[-120.60012,39.00786],[-120.59905,39.00853],[-120.59915,39.00908],[-120.59806,39.00892],[-120.59737,39.00927],[-120.59629,39.00866],[-120.59501,39.009],[-120.59316,39.00904],[-120.59344,39.00869],[-120.59265,39.00821],[-120.59178,39.00815],[-120.59155,39.00842],[-120.59073,39.00821],[-120.59052,39.008],[-120.59055,39.00781],[-120.59086,39.00759],[-120.5909,39.00742],[-120.59027,39.00677],[-120.58997,39.00668],[-120.59005,39.00615],[-120.5919,39.00514],[-120.59316,39.00392],[-120.59375,39.00374],[-120.59378,39.00365],[-120.5935,39.00348],[-120.59376,39.00318],[-120.5937,39.00306],[-120.59472,39.00269],[-120.59455,39.00237],[-120.59346,39.00197],[-120.59271,39.00229],[-120.59278,39.00249],[-120.59232,39.0026],[-120.59216,39.00283],[-120.59193,39.00289],[-120.59162,39.00271],[-120.59112,39.00268],[-120.59098,39.00235],[-120.59087,39.00238],[-120.59075,39.00306],[-120.59083,39.00334],[-120.59067,39.00357],[-120.59042,39.00359],[-120.59025,39.00386],[-120.59008,39.0039],[-120.5902,39.00434],[-120.58977,39.00459],[-120.5891,39.00475],[-120.58817,39.00471],[-120.58798,39.00439],[-120.58767,39.00449],[-120.58768,39.00475],[-120.58719,39.00486],[-120.58711,39.00519],[-120.58683,39.00534],[-120.58668,39.00513],[-120.58654,39.00516],[-120.58622,39.00593],[-120.5863,39.00608],[-120.58705,39.00641],[-120.58639,39.00667],[-120.58633,39.00728],[-120.58621,39.00727],[-120.58589,39.008],[-120.5856,39.00806],[-120.58581,39.00814],[-120.58599,39.00873],[-120.58569,39.00875],[-120.58518,39.00833],[-120.58471,39.00878],[-120.58374,39.00877],[-120.5839,39.00799],[-120.58376,39.00789],[-120.58386,39.00776],[-120.58374,39.00751],[-120.58355,39.00743],[-120.58348,39.0071],[-120.58258,39.00611],[-120.5827,39.00575],[-120.58245,39.00553],[-120.58246,39.00537],[-120.58192,39.00524],[-120.58137,39.00609],[-120.58154,39.00641],[-120.58117,39.007],[-120.58178,39.00695],[-120.58205,39.00712],[-120.5821,39.00745],[-120.58183,39.00758],[-120.58186,39.00789],[-120.58141,39.00862],[-120.58141,39.00897],[-120.58118,39.00943],[-120.58027,39.00985],[-120.58033,39.01059],[-120.57964,39.01118],[-120.5794,39.01119],[-120.57898,39.01155],[-120.57943,39.01167],[-120.57947,39.01211],[-120.57923,39.01212],[-120.579,39.01232],[-120.57901,39.0125],[-120.57829,39.01253],[-120.57826,39.01217],[-120.57847,39.01196],[-120.57823,39.0118],[-120.57822,39.01162],[-120.57796,39.01145],[-120.57692,39.01143],[-120.57639,39.01171],[-120.57643,39.01208],[-120.57597,39.01211],[-120.57587,39.01225],[-120.57596,39.01245],[-120.57576,39.01251],[-120.57557,39.01305],[-120.57514,39.01307],[-120.57468,39.01365],[-120.5747,39.01384],[-120.57422,39.01385],[-120.57399,39.01371],[-120.57372,39.01379],[-120.57353,39.01346],[-120.57368,39.01322],[-120.57396,39.01309],[-120.57382,39.01309],[-120.57381,39.01296],[-120.57307,39.01311],[-120.57342,39.01317],[-120.57344,39.01335],[-120.57275,39.01339],[-120.57269,39.01317],[-120.57067,39.01349],[-120.57072,39.01376],[-120.57113,39.01391],[-120.57114,39.01429],[-120.57176,39.01451],[-120.57217,39.01493],[-120.57225,39.01532],[-120.57202,39.01562],[-120.57203,39.01579],[-120.57255,39.01573],[-120.5728,39.01589],[-120.57285,39.01624],[-120.57222,39.01623],[-120.57208,39.01648],[-120.57242,39.01656],[-120.57245,39.01675],[-120.57221,39.01676],[-120.572,39.01696],[-120.57153,39.01699],[-120.57152,39.0167],[-120.57181,39.01658],[-120.57155,39.01652],[-120.57171,39.01612],[-120.5715,39.01618],[-120.5715,39.01665],[-120.57105,39.01674],[-120.57031,39.01743],[-120.56992,39.01751],[-120.56972,39.01739],[-120.56985,39.01724],[-120.5697,39.01709],[-120.56943,39.01695],[-120.56918,39.01702],[-120.56909,39.01686],[-120.56938,39.01678],[-120.56936,39.01654],[-120.5699,39.01647],[-120.56993,39.0167],[-120.57018,39.01681],[-120.57036,39.01644],[-120.57032,39.01616],[-120.57053,39.01594],[-120.57087,39.01584],[-120.57074,39.01569],[-120.57101,39.01558],[-120.57109,39.01539],[-120.57001,39.01537],[-120.56994,39.01544],[-120.57015,39.01582],[-120.56992,39.01593],[-120.56999,39.01604],[-120.56935,39.01619],[-120.56896,39.01576],[-120.56981,39.01537],[-120.5699,39.01511],[-120.56934,39.01509],[-120.56935,39.01521],[-120.569,39.01526],[-120.56885,39.01486],[-120.56856,39.01492],[-120.56817,39.01528],[-120.56746,39.01532],[-120.56711,39.0152],[-120.56692,39.01541],[-120.56657,39.01536],[-120.56656,39.01563],[-120.56681,39.01552],[-120.56726,39.01573],[-120.56743,39.01569],[-120.56751,39.01587],[-120.56709,39.01619],[-120.56687,39.01669],[-120.56649,39.01691],[-120.56596,39.01748],[-120.56565,39.0174],[-120.56518,39.01755],[-120.56491,39.01723],[-120.56515,39.01706],[-120.56486,39.01695],[-120.56466,39.01708],[-120.56403,39.01707],[-120.5636,39.01647],[-120.56314,39.0162],[-120.56316,39.01577],[-120.5629,39.01573],[-120.56265,39.01595],[-120.56235,39.0156],[-120.56202,39.01584],[-120.56178,39.01586],[-120.5615,39.0153],[-120.56125,39.01512],[-120.56123,39.01493],[-120.56166,39.01491],[-120.56171,39.01481],[-120.56157,39.01471],[-120.5615,39.01427],[-120.5625,39.01374],[-120.56258,39.01358],[-120.56227,39.01354],[-120.56223,39.01336],[-120.56161,39.01358],[-120.56091,39.01416],[-120.55954,39.01428],[-120.55925,39.01424],[-120.55919,39.014],[-120.55801,39.01408],[-120.55764,39.01378],[-120.55625,39.01383],[-120.55579,39.01404],[-120.55556,39.01387],[-120.55484,39.01383],[-120.5549,39.01396],[-120.55444,39.01408],[-120.55352,39.01379],[-120.5534,39.01397],[-120.55276,39.01424],[-120.55184,39.01439],[-120.5517,39.01462],[-120.55148,39.01468],[-120.55132,39.01452],[-120.54981,39.01494],[-120.54966,39.01518],[-120.54921,39.0153],[-120.54781,39.01532],[-120.54774,39.01538],[-120.54794,39.01583],[-120.5478,39.01606],[-120.54724,39.01603],[-120.54726,39.01615],[-120.54678,39.01619],[-120.54671,39.0163],[-120.54718,39.01641],[-120.5463,39.01691],[-120.54617,39.0168],[-120.54623,39.01653],[-120.54613,39.01638],[-120.54587,39.0164],[-120.54597,39.01684],[-120.5458,39.01694],[-120.54577,39.01724],[-120.54529,39.01769],[-120.544,39.01803],[-120.54367,39.01826],[-120.54338,39.01872],[-120.54276,39.0189],[-120.54277,39.01908],[-120.54193,39.01928],[-120.54143,39.01826],[-120.54077,39.01811],[-120.54026,39.01833],[-120.54024,39.0181],[-120.5398,39.01806],[-120.53896,39.01821],[-120.53873,39.0176],[-120.53843,39.01733],[-120.53775,39.01745],[-120.53765,39.01724],[-120.53746,39.01725],[-120.53711,39.01698],[-120.53702,39.01668],[-120.53726,39.0161],[-120.53831,39.01566],[-120.53885,39.01487],[-120.5392,39.01463],[-120.53942,39.01435],[-120.53928,39.01389],[-120.53943,39.01388],[-120.53943,39.01369],[-120.53973,39.0135],[-120.54097,39.01411],[-120.54186,39.01388],[-120.54203,39.01423],[-120.54234,39.01435],[-120.54258,39.01488],[-120.54292,39.01504],[-120.54298,39.01516],[-120.54269,39.01532],[-120.54311,39.01546],[-120.54285,39.01567],[-120.54248,39.01575],[-120.54254,39.01587],[-120.54221,39.01589],[-120.54326,39.01689],[-120.5446,39.01662],[-120.54524,39.01631],[-120.54503,39.01587],[-120.54396,39.01607],[-120.54388,39.01556],[-120.54406,39.01523],[-120.54381,39.01501],[-120.54388,39.0149],[-120.54421,39.01507],[-120.5445,39.01495],[-120.54406,39.01454],[-120.54376,39.01477],[-120.54314,39.01457],[-120.54325,39.01421],[-120.54356,39.014],[-120.54445,39.01369],[-120.54397,39.0128],[-120.54419,39.01256],[-120.54401,39.01198],[-120.54431,39.01197],[-120.5445,39.01258],[-120.54472,39.01269],[-120.54517,39.01214],[-120.54502,39.01151],[-120.54585,39.01108],[-120.54552,39.01081],[-120.5449,39.01095],[-120.54479,39.01055],[-120.54557,39.01044],[-120.54608,39.01008],[-120.54639,39.00941],[-120.547,39.00882],[-120.54694,39.00851],[-120.54749,39.00848],[-120.54759,39.0087],[-120.54855,39.00816],[-120.54848,39.00805],[-120.54822,39.00806],[-120.5481,39.00752],[-120.5474,39.00722],[-120.54737,39.00703],[-120.54789,39.00699],[-120.54832,39.00732],[-120.54898,39.00725],[-120.54905,39.00696],[-120.5492,39.00686],[-120.54836,39.00645],[-120.54832,39.00627],[-120.54915,39.00618],[-120.54907,39.00582],[-120.54959,39.0058],[-120.54983,39.00616],[-120.55044,39.00613],[-120.55036,39.00578],[-120.55116,39.00593],[-120.55139,39.00609],[-120.55143,39.00628],[-120.55095,39.0063],[-120.55104,39.00657],[-120.55132,39.00666],[-120.55332,39.00638],[-120.55293,39.00603],[-120.55267,39.00604],[-120.55263,39.00585],[-120.5534,39.00582],[-120.55382,39.00622],[-120.55424,39.00607],[-120.55383,39.00533],[-120.55343,39.00523],[-120.5537,39.00508],[-120.55395,39.00446],[-120.55425,39.00431],[-120.55469,39.00432],[-120.55481,39.00419],[-120.5541,39.00371],[-120.55456,39.00266],[-120.55448,39.00222],[-120.55424,39.00208],[-120.55424,39.00192],[-120.55465,39.00177],[-120.55509,39.00193],[-120.55589,39.00171],[-120.5561,39.00159],[-120.55602,39.00104],[-120.55703,39.00071],[-120.55671,39.00032],[-120.5572,38.99964],[-120.5562,38.99972],[-120.55627,38.99987],[-120.55528,39.00025],[-120.55471,39.00004],[-120.55403,39.00012],[-120.55339,38.99911],[-120.55384,38.99899],[-120.55399,38.99933],[-120.55419,38.99939],[-120.55475,38.99923],[-120.55534,38.99858],[-120.55479,38.9986],[-120.55453,38.99842],[-120.55453,38.99822],[-120.55423,38.99811],[-120.55377,38.99824],[-120.5537,38.99807],[-120.55385,38.99783],[-120.5537,38.99748],[-120.55439,38.99729],[-120.55447,38.99688],[-120.55473,38.99682],[-120.55472,38.99671],[-120.55519,38.99668],[-120.55536,38.99654],[-120.55539,38.99628],[-120.55564,38.99627],[-120.55556,38.99579],[-120.55568,38.99536],[-120.5554,38.99535],[-120.55539,38.99498],[-120.55563,38.99497],[-120.55587,38.99477],[-120.55562,38.9946],[-120.55561,38.99442],[-120.55601,38.99421],[-120.556,38.9941],[-120.55632,38.99401],[-120.5563,38.99365],[-120.55674,38.99347],[-120.55674,38.99272],[-120.55747,38.99268],[-120.55767,38.99231],[-120.5579,38.9923],[-120.55848,38.99163],[-120.55752,38.99203],[-120.55679,38.99192],[-120.55806,38.99087],[-120.55992,38.99032],[-120.56224,38.98909],[-120.56335,38.9882],[-120.56396,38.98723],[-120.56435,38.98736],[-120.56486,38.98722],[-120.56522,38.98727],[-120.56641,38.98784],[-120.5672,38.98774],[-120.56836,38.98829],[-120.56845,38.98791],[-120.5687,38.98783],[-120.56899,38.98737],[-120.56892,38.98716],[-120.56906,38.98687],[-120.56888,38.98656],[-120.56826,38.98656],[-120.56816,38.98639],[-120.56827,38.98553],[-120.56853,38.98544],[-120.56891,38.98552],[-120.56931,38.98522],[-120.56876,38.98462],[-120.56903,38.98429],[-120.56948,38.98402],[-120.56945,38.98394],[-120.56913,38.98404],[-120.56969,38.98253],[-120.56956,38.98235],[-120.56971,38.98108],[-120.56904,38.98084],[-120.56818,38.98084],[-120.56723,38.98047],[-120.56718,38.9803],[-120.56539,38.98002],[-120.56479,38.98025],[-120.56401,38.97982],[-120.56359,38.9798],[-120.56338,38.98082],[-120.56346,38.98091],[-120.56326,38.9811],[-120.56332,38.98131],[-120.5631,38.98152],[-120.56356,38.98211],[-120.56372,38.98255],[-120.56368,38.98283],[-120.56335,38.98325],[-120.56248,38.98364],[-120.56175,38.98363],[-120.56156,38.98375],[-120.5615,38.98364],[-120.56137,38.98377],[-120.56116,38.98361],[-120.56073,38.98396],[-120.56019,38.98394],[-120.56011,38.98374],[-120.56004,38.98389],[-120.56014,38.98401],[-120.56002,38.98412],[-120.55946,38.98402],[-120.55893,38.98419],[-120.55857,38.98484],[-120.5582,38.98504],[-120.55774,38.98495],[-120.55758,38.98462],[-120.5579,38.98432],[-120.5579,38.98396],[-120.55828,38.98368],[-120.5583,38.98335],[-120.55867,38.98303],[-120.5585,38.98281],[-120.55848,38.98239],[-120.55864,38.98226],[-120.55859,38.98209],[-120.55874,38.98186],[-120.55923,38.98171],[-120.55978,38.98177],[-120.55988,38.98126],[-120.56006,38.98121],[-120.55983,38.98105],[-120.55989,38.98091],[-120.56013,38.98092],[-120.56036,38.98073],[-120.56031,38.98052],[-120.55967,38.98027],[-120.5596,38.98013],[-120.55987,38.98004],[-120.56003,38.98015],[-120.56038,38.98],[-120.56053,38.97942],[-120.55987,38.97924],[-120.56018,38.97887],[-120.56016,38.97856],[-120.56039,38.97852],[-120.56039,38.97829],[-120.56181,38.97795],[-120.56187,38.97807],[-120.56249,38.97801],[-120.56291,38.97815],[-120.5631,38.97795],[-120.56307,38.97777],[-120.56371,38.97752],[-120.56365,38.97716],[-120.56478,38.97704],[-120.56498,38.97732],[-120.56615,38.97723],[-120.5661,38.97698],[-120.56541,38.97686],[-120.56527,38.97637],[-120.56536,38.97618],[-120.56518,38.97605],[-120.56512,38.97615],[-120.56502,38.97603],[-120.56483,38.97607],[-120.56431,38.97506],[-120.56387,38.97497],[-120.56392,38.9745],[-120.56375,38.97464],[-120.56332,38.97456],[-120.56279,38.97476],[-120.56264,38.97507],[-120.56185,38.97507],[-120.56161,38.97524],[-120.56133,38.97514],[-120.56116,38.97534],[-120.56097,38.97528],[-120.56093,38.97544],[-120.56055,38.97552],[-120.56055,38.97569],[-120.56034,38.97589],[-120.56014,38.97585],[-120.55994,38.9754],[-120.55961,38.97522],[-120.55966,38.97497],[-120.55943,38.97513],[-120.55929,38.97458],[-120.55913,38.97461],[-120.55902,38.97434],[-120.55934,38.97396],[-120.55909,38.97392],[-120.55946,38.97368],[-120.55942,38.97344],[-120.5597,38.97273],[-120.55936,38.97238],[-120.55933,38.97185],[-120.55953,38.97165],[-120.55976,38.97163],[-120.55978,38.97172],[-120.55988,38.97154],[-120.56099,38.97114],[-120.56155,38.97073],[-120.5617,38.97046],[-120.56222,38.97027],[-120.56237,38.97],[-120.56263,38.9699],[-120.56295,38.96935],[-120.56349,38.96915],[-120.56365,38.96887],[-120.56419,38.96867],[-120.56435,38.96839],[-120.56463,38.96828],[-120.56472,38.96842],[-120.56663,38.96731],[-120.56711,38.96725],[-120.56723,38.9671],[-120.56775,38.96696],[-120.56845,38.96705],[-120.56891,38.96686],[-120.57081,38.96663],[-120.57109,38.96679],[-120.5723,38.96665],[-120.57257,38.96679],[-120.57307,38.96674],[-120.57362,38.96692],[-120.57415,38.96673],[-120.57426,38.96657],[-120.57419,38.96643],[-120.57442,38.96635],[-120.57475,38.96583],[-120.57466,38.96565],[-120.57432,38.96555],[-120.57415,38.9652],[-120.57445,38.96469],[-120.57436,38.96452],[-120.57489,38.96366],[-120.57487,38.96337],[-120.57511,38.9633],[-120.57525,38.96306],[-120.57516,38.9629],[-120.57565,38.96272],[-120.57523,38.96249],[-120.57474,38.96176],[-120.5744,38.96177],[-120.57452,38.96259],[-120.57405,38.9626],[-120.57371,38.96239],[-120.57357,38.96215],[-120.5737,38.9614],[-120.57363,38.96111],[-120.57317,38.96068],[-120.57332,38.96005],[-120.57369,38.95971],[-120.57505,38.95978],[-120.57529,38.95936],[-120.57484,38.95925],[-120.57454,38.95879],[-120.57461,38.95853],[-120.57523,38.95806],[-120.5766,38.95778],[-120.57654,38.95734],[-120.57663,38.95726],[-120.57614,38.95724],[-120.57597,38.95635],[-120.57559,38.95652],[-120.57542,38.95603],[-120.575,38.95606],[-120.57463,38.95542],[-120.57418,38.95545],[-120.57348,38.95612],[-120.57295,38.95608],[-120.57221,38.95667],[-120.57149,38.95699],[-120.57152,38.95738],[-120.57119,38.95739],[-120.57106,38.95703],[-120.57073,38.95682],[-120.57081,38.95636],[-120.57028,38.95641],[-120.57014,38.95667],[-120.57025,38.95713],[-120.57014,38.95714],[-120.57014,38.9574],[-120.56992,38.95753],[-120.56919,38.95773],[-120.56852,38.95755],[-120.56725,38.95786],[-120.56698,38.95768],[-120.56705,38.95753],[-120.56776,38.95748],[-120.56751,38.9573],[-120.56763,38.95705],[-120.56737,38.95653],[-120.56744,38.95639],[-120.56702,38.9565],[-120.56637,38.95695],[-120.56559,38.95717],[-120.56535,38.95661],[-120.56601,38.95641],[-120.56629,38.95611],[-120.56754,38.95572],[-120.56762,38.95553],[-120.56813,38.95559],[-120.56896,38.95529],[-120.5701,38.95522],[-120.5701,38.95488],[-120.57038,38.95445],[-120.57079,38.95429],[-120.57108,38.95445],[-120.57125,38.95362],[-120.57153,38.95342],[-120.57169,38.95283],[-120.5723,38.95269],[-120.57224,38.9525],[-120.57196,38.95252],[-120.57176,38.9523],[-120.57169,38.95193],[-120.57192,38.95182],[-120.57201,38.95122],[-120.57182,38.95062],[-120.57144,38.95046],[-120.57162,38.95013],[-120.57153,38.94988],[-120.57171,38.94985],[-120.57139,38.94958],[-120.57144,38.94941],[-120.57231,38.94897],[-120.57238,38.94875],[-120.57183,38.94844],[-120.57208,38.94817],[-120.57286,38.94783],[-120.57321,38.94731],[-120.5741,38.94704],[-120.57493,38.94624],[-120.57548,38.94602],[-120.57569,38.94575],[-120.57638,38.9457],[-120.57673,38.94589],[-120.57754,38.94562],[-120.57749,38.94592],[-120.577,38.94634],[-120.57678,38.94697],[-120.577,38.94699],[-120.57715,38.94724],[-120.5775,38.9469],[-120.57806,38.94663],[-120.57833,38.94625],[-120.57883,38.94617],[-120.57799,38.94538],[-120.57801,38.94497],[-120.57852,38.94504],[-120.58076,38.94457],[-120.58083,38.9443],[-120.58052,38.94415],[-120.58059,38.94386],[-120.58028,38.94377],[-120.57994,38.94411],[-120.58025,38.94417],[-120.58031,38.94434],[-120.57986,38.94445],[-120.57973,38.94434],[-120.5792,38.94468],[-120.57863,38.94469],[-120.57734,38.94506],[-120.57714,38.94533],[-120.57739,38.9456],[-120.57717,38.94565],[-120.57711,38.94547],[-120.57617,38.94532],[-120.57635,38.94477],[-120.57673,38.94445],[-120.57655,38.94438],[-120.57649,38.94418],[-120.57601,38.94422],[-120.57599,38.94402],[-120.57567,38.94411],[-120.57503,38.9439],[-120.5748,38.94397],[-120.57471,38.94379],[-120.57494,38.94372],[-120.57508,38.94348],[-120.57481,38.94338],[-120.57441,38.94379],[-120.57348,38.944],[-120.57362,38.94463],[-120.5731,38.94468],[-120.57304,38.94448],[-120.5727,38.94458],[-120.57261,38.94441],[-120.57227,38.94435],[-120.57204,38.94387],[-120.57174,38.94369],[-120.57147,38.94369],[-120.57137,38.94311],[-120.57038,38.9427],[-120.57034,38.94213],[-120.57007,38.94197],[-120.56988,38.94145],[-120.57013,38.94125],[-120.57038,38.94123],[-120.57052,38.94112],[-120.57041,38.94094],[-120.57075,38.94083],[-120.57071,38.94033],[-120.5711,38.9399],[-120.57109,38.93973],[-120.57094,38.93968],[-120.5711,38.93919],[-120.57174,38.93825],[-120.57207,38.93812],[-120.57229,38.93824],[-120.57216,38.93858],[-120.57242,38.9383],[-120.57288,38.93816],[-120.57276,38.93791],[-120.57283,38.93771],[-120.57319,38.93734],[-120.57275,38.93667],[-120.57292,38.93594],[-120.57323,38.93551],[-120.57381,38.93563],[-120.57409,38.93547],[-120.57451,38.93557],[-120.57476,38.93535],[-120.57474,38.93504],[-120.57492,38.93502],[-120.57482,38.93482],[-120.5751,38.93473],[-120.57499,38.93431],[-120.57586,38.934],[-120.57563,38.93391],[-120.57521,38.93403],[-120.57519,38.93357],[-120.57562,38.93345],[-120.57573,38.93324],[-120.5766,38.93297],[-120.57703,38.93331],[-120.57764,38.93313],[-120.57776,38.93357],[-120.57802,38.9335],[-120.57823,38.93359],[-120.57851,38.93341],[-120.57948,38.93347],[-120.57929,38.93304],[-120.5795,38.93298],[-120.57978,38.93342],[-120.58014,38.93333],[-120.58023,38.93297],[-120.58198,38.93231],[-120.58193,38.93218],[-120.58352,38.93182],[-120.58412,38.9319],[-120.58392,38.93149],[-120.58414,38.93143],[-120.58453,38.93156],[-120.58439,38.93196],[-120.58472,38.93203],[-120.58578,38.93165],[-120.58746,38.93147],[-120.58655,38.9307],[-120.5865,38.93045],[-120.58722,38.92995],[-120.58763,38.92996],[-120.58802,38.93081],[-120.58931,38.9301],[-120.5898,38.93026],[-120.59025,38.93068],[-120.58922,38.93135],[-120.58761,38.93153],[-120.58763,38.93227],[-120.58843,38.93191],[-120.5897,38.93169],[-120.5899,38.93147],[-120.59039,38.93136],[-120.59204,38.9313],[-120.59391,38.93179],[-120.59418,38.93206],[-120.59418,38.93335],[-120.59439,38.93415],[-120.59494,38.93539],[-120.59556,38.93539],[-120.59625,38.9356],[-120.59611,38.93587],[-120.59464,38.93649],[-120.59487,38.93664],[-120.5948,38.93683],[-120.59641,38.93667],[-120.59635,38.93651],[-120.59721,38.9361],[-120.59738,38.93652],[-120.59708,38.93664],[-120.59787,38.93708],[-120.59945,38.93682],[-120.60142,38.93606],[-120.60157,38.93584],[-120.60137,38.93556],[-120.60204,38.93487],[-120.60231,38.93513],[-120.6026,38.9349],[-120.60367,38.93454],[-120.60341,38.93418],[-120.60366,38.93393],[-120.60332,38.93381],[-120.60346,38.93348],[-120.60365,38.93341],[-120.60352,38.93305],[-120.60384,38.93292],[-120.60371,38.93269],[-120.60331,38.93261],[-120.6029,38.93175],[-120.60235,38.93179],[-120.60238,38.93195],[-120.60165,38.93219],[-120.60129,38.93174],[-120.60192,38.9314],[-120.60133,38.93119],[-120.60115,38.93063],[-120.60078,38.93076],[-120.60047,38.93069],[-120.60015,38.93027],[-120.59961,38.93007],[-120.59917,38.93032],[-120.59851,38.93035],[-120.59814,38.93083],[-120.59792,38.93082],[-120.59796,38.93049],[-120.59816,38.93036],[-120.59753,38.93039],[-120.5975,38.93081],[-120.59726,38.93104],[-120.59656,38.93132],[-120.59659,38.93115],[-120.59633,38.93083],[-120.59654,38.93042],[-120.59695,38.93031],[-120.5967,38.92967],[-120.59831,38.92944],[-120.59872,38.92973],[-120.59885,38.92969],[-120.59885,38.92943],[-120.5985,38.92918],[-120.59815,38.9294],[-120.59778,38.92936],[-120.59748,38.92898],[-120.59837,38.92878],[-120.59829,38.92835],[-120.59805,38.92824],[-120.59784,38.92765],[-120.59811,38.92722],[-120.59914,38.92701],[-120.59825,38.92647],[-120.59777,38.92636],[-120.59694,38.92679],[-120.59674,38.92669],[-120.59649,38.92678],[-120.59632,38.92645],[-120.59656,38.92638],[-120.59648,38.92623],[-120.59618,38.92624],[-120.5963,38.92583],[-120.5969,38.9258],[-120.59674,38.92627],[-120.59722,38.92615],[-120.59729,38.92522],[-120.59632,38.92511],[-120.59595,38.9253],[-120.59576,38.9251],[-120.59576,38.92564],[-120.59529,38.92566],[-120.59488,38.92601],[-120.59438,38.92579],[-120.59407,38.92593],[-120.59394,38.9256],[-120.59358,38.92548],[-120.5931,38.92542],[-120.59291,38.92562],[-120.59278,38.92559],[-120.59278,38.92538],[-120.59213,38.92512],[-120.59133,38.92517],[-120.5911,38.92465],[-120.59098,38.92467],[-120.59102,38.92443],[-120.59183,38.92411],[-120.59137,38.92398],[-120.59133,38.92363],[-120.59185,38.92347],[-120.59228,38.92364],[-120.59311,38.9234],[-120.59233,38.92283],[-120.59145,38.9226],[-120.59121,38.92213],[-120.59195,38.92193],[-120.59185,38.92177],[-120.59162,38.92163],[-120.59124,38.92185],[-120.59108,38.92134],[-120.59011,38.92088],[-120.5897,38.92045],[-120.59027,38.92054],[-120.59184,38.92136],[-120.59227,38.92102],[-120.59265,38.92099],[-120.59292,38.92116],[-120.5933,38.92087],[-120.59356,38.92084],[-120.5938,38.921],[-120.5943,38.92068],[-120.59468,38.92066],[-120.59463,38.92055],[-120.59483,38.92049],[-120.59468,38.92014],[-120.59505,38.91981],[-120.59497,38.91963],[-120.59531,38.91933],[-120.59532,38.919],[-120.59594,38.91883],[-120.59598,38.91924],[-120.59619,38.91936],[-120.59673,38.91772],[-120.597,38.91759],[-120.59683,38.91726],[-120.59637,38.91727],[-120.5963,38.91687],[-120.59575,38.91706],[-120.5953,38.91697],[-120.59576,38.91645],[-120.59589,38.91587],[-120.59639,38.91569],[-120.59602,38.91564],[-120.59586,38.91528],[-120.59614,38.91491],[-120.59592,38.91468],[-120.59603,38.91423],[-120.59486,38.91379],[-120.59423,38.91402],[-120.5933,38.91321],[-120.59235,38.91295],[-120.59204,38.91299],[-120.59198,38.91252],[-120.59135,38.9126],[-120.59103,38.91232],[-120.5909,38.91173],[-120.59076,38.9118],[-120.5906,38.91249],[-120.59019,38.91247],[-120.58969,38.91266],[-120.58926,38.91261],[-120.58878,38.91234],[-120.58796,38.91261],[-120.58776,38.91235],[-120.58757,38.91164],[-120.58725,38.91152],[-120.58735,38.91082],[-120.58756,38.91041],[-120.58856,38.91027],[-120.58875,38.90984],[-120.58751,38.90855],[-120.58693,38.90899],[-120.58673,38.90877],[-120.58617,38.90895],[-120.58599,38.90889],[-120.58648,38.90841],[-120.58633,38.90819],[-120.58654,38.90792],[-120.58531,38.90736],[-120.58509,38.9075],[-120.58493,38.90745],[-120.58463,38.9072],[-120.58459,38.90671],[-120.58478,38.90659],[-120.5847,38.90637],[-120.58538,38.90498],[-120.58576,38.90502],[-120.58604,38.90467],[-120.58652,38.90483],[-120.58687,38.90547],[-120.58735,38.90596],[-120.58839,38.9066],[-120.58814,38.90707],[-120.58831,38.90732],[-120.58822,38.90744],[-120.58832,38.90773],[-120.58802,38.9081],[-120.58935,38.91004],[-120.59067,38.90971],[-120.59128,38.90939],[-120.59197,38.90982],[-120.5928,38.91063],[-120.5948,38.91159],[-120.59529,38.91197],[-120.59542,38.91293],[-120.59582,38.91283],[-120.59625,38.91224],[-120.59729,38.91321],[-120.59874,38.91321],[-120.60053,38.91278],[-120.60256,38.91329],[-120.60371,38.91419],[-120.60394,38.91478],[-120.60421,38.91496],[-120.60701,38.91513],[-120.60773,38.91529],[-120.6083,38.91502],[-120.60948,38.91544],[-120.60974,38.9153],[-120.61023,38.91536],[-120.61027,38.91571],[-120.61064,38.9161],[-120.61153,38.91631],[-120.61236,38.91728],[-120.61235,38.91747],[-120.61205,38.91781],[-120.6121,38.91819],[-120.61155,38.91843],[-120.61137,38.91872],[-120.61143,38.91896],[-120.61289,38.91912],[-120.61285,38.91974],[-120.6133,38.92021],[-120.61327,38.92058],[-120.61343,38.92112],[-120.61423,38.92133],[-120.6153,38.92118],[-120.61555,38.92162],[-120.61814,38.92297],[-120.61825,38.92311],[-120.61807,38.92382],[-120.61837,38.92432],[-120.6183,38.92546],[-120.61846,38.92583],[-120.61864,38.92602],[-120.61933,38.92615],[-120.61988,38.92641],[-120.61995,38.92694],[-120.62077,38.92723],[-120.62153,38.92717],[-120.62241,38.92746],[-120.62467,38.92767],[-120.62513,38.92793],[-120.62587,38.92774],[-120.62607,38.92752],[-120.62679,38.92753],[-120.62744,38.92732],[-120.62891,38.92801],[-120.62937,38.92799],[-120.62964,38.92833],[-120.63039,38.92812],[-120.63095,38.92855],[-120.63115,38.92933],[-120.63168,38.92948],[-120.63184,38.93004],[-120.63272,38.93029],[-120.63458,38.93017],[-120.63599,38.9303],[-120.63704,38.93004],[-120.63788,38.93003],[-120.63962,38.93037],[-120.64015,38.93073],[-120.6416,38.93121],[-120.64146,38.93082],[-120.64167,38.93033],[-120.64222,38.93011],[-120.64225,38.92998],[-120.64255,38.92996],[-120.64261,38.92985],[-120.64234,38.92976],[-120.64252,38.92961],[-120.64293,38.92971],[-120.64323,38.92944],[-120.64319,38.9292],[-120.64336,38.92907],[-120.64336,38.92882],[-120.64301,38.92859],[-120.64319,38.92849],[-120.64295,38.9284],[-120.64286,38.92802],[-120.64236,38.92765],[-120.64247,38.92751],[-120.64261,38.9277],[-120.64303,38.92746],[-120.64382,38.9275],[-120.644,38.92723],[-120.64389,38.92678],[-120.64414,38.92613],[-120.644,38.9253],[-120.64338,38.92528],[-120.64303,38.92482],[-120.64264,38.92495],[-120.64251,38.92485],[-120.64258,38.92464],[-120.64247,38.92456],[-120.64283,38.92419],[-120.64333,38.92396],[-120.64303,38.92354],[-120.64332,38.92312],[-120.64419,38.92275],[-120.64555,38.92319],[-120.64566,38.92339],[-120.64618,38.92368],[-120.64651,38.92371],[-120.64677,38.92428],[-120.64717,38.92415],[-120.64862,38.92335],[-120.64874,38.92255],[-120.64927,38.92255],[-120.64946,38.92269],[-120.6496,38.92244],[-120.64988,38.92236],[-120.65032,38.92249],[-120.65145,38.92249],[-120.65155,38.92237],[-120.65133,38.92228],[-120.65153,38.92201],[-120.65137,38.92194],[-120.65144,38.92174],[-120.65163,38.92164],[-120.65168,38.92135],[-120.652,38.92115],[-120.65204,38.92094],[-120.65235,38.92084],[-120.65285,38.92096],[-120.65346,38.92069],[-120.65415,38.9209],[-120.65475,38.9204],[-120.65468,38.92019],[-120.65501,38.92005],[-120.65473,38.91994],[-120.65458,38.91972],[-120.65511,38.91958],[-120.65535,38.91978],[-120.65548,38.91966],[-120.65606,38.91968],[-120.65757,38.91912],[-120.65829,38.91914],[-120.6589,38.91851],[-120.65913,38.918],[-120.65941,38.9178],[-120.6603,38.91796],[-120.66095,38.9183],[-120.661,38.91845],[-120.66189,38.91844],[-120.66257,38.91908],[-120.66351,38.91952],[-120.66311,38.9201],[-120.66305,38.92048],[-120.66277,38.92051],[-120.6627,38.92078],[-120.66237,38.92083],[-120.66229,38.9211],[-120.66204,38.92104],[-120.66197,38.92127],[-120.66153,38.92172],[-120.6621,38.92167],[-120.66295,38.92121],[-120.66346,38.92109],[-120.66327,38.92093],[-120.66336,38.92065],[-120.66446,38.92002],[-120.66489,38.91998],[-120.6655,38.92021],[-120.66556,38.92042],[-120.66527,38.92045],[-120.66559,38.92062],[-120.66583,38.92055],[-120.66602,38.92077],[-120.66667,38.92079],[-120.66703,38.92034],[-120.66772,38.92065],[-120.6678,38.9204],[-120.66828,38.92048],[-120.66886,38.91999],[-120.66923,38.91994],[-120.66952,38.92038],[-120.66963,38.92019],[-120.66953,38.91975],[-120.66961,38.91922],[-120.66998,38.91903],[-120.67022,38.91914],[-120.67061,38.91891],[-120.67103,38.91894],[-120.67103,38.91925],[-120.67131,38.9195],[-120.67131,38.92002],[-120.67153,38.92035],[-120.67185,38.92054],[-120.67213,38.92053],[-120.67232,38.92086],[-120.67263,38.92086],[-120.67292,38.92067],[-120.6732,38.92076],[-120.67345,38.92095],[-120.67348,38.92129],[-120.67377,38.92122],[-120.67398,38.92151],[-120.67435,38.92155],[-120.67476,38.92136],[-120.67537,38.92223],[-120.67624,38.92216],[-120.67678,38.92255],[-120.67699,38.92249],[-120.67704,38.92213],[-120.67753,38.92194],[-120.67784,38.92214],[-120.67848,38.92223],[-120.67886,38.92252],[-120.67928,38.92258],[-120.67935,38.9228],[-120.67998,38.9228],[-120.67992,38.92295],[-120.68005,38.92296],[-120.68009,38.92338],[-120.68,38.92357],[-120.6803,38.92365],[-120.68032,38.92376],[-120.68043,38.92344],[-120.6811,38.92326],[-120.68119,38.923],[-120.68114,38.92246],[-120.68057,38.92224],[-120.6805,38.92196],[-120.68198,38.92181],[-120.68241,38.92243],[-120.6829,38.92254],[-120.68301,38.92279],[-120.68341,38.92303],[-120.68342,38.92315],[-120.68308,38.92301],[-120.68318,38.92319],[-120.68303,38.92315]]],[[[-120.618,39.0359],[-120.61897,39.0364],[-120.61814,39.03692],[-120.6188,39.03736],[-120.61884,39.03765],[-120.61903,39.03776],[-120.61871,39.03891],[-120.61799,39.03815],[-120.61818,39.03768],[-120.61687,39.037],[-120.61677,39.03742],[-120.61693,39.03808],[-120.61651,39.038],[-120.61616,39.03774],[-120.61643,39.03724],[-120.61639,39.0368],[-120.61577,39.0363],[-120.6158,39.03616],[-120.61651,39.03641],[-120.61715,39.03622],[-120.61733,39.03602],[-120.61724,39.03587],[-120.61776,39.03575],[-120.61788,39.03551],[-120.61828,39.03527],[-120.61841,39.03532],[-120.61806,39.03558],[-120.618,39.0359]]],[[[-120.62457,39.11817],[-120.62431,39.11845],[-120.62356,39.11873],[-120.62327,39.11863],[-120.6228,39.1188],[-120.62251,39.1187],[-120.62241,39.11831],[-120.62263,39.11823],[-120.62252,39.11803],[-120.62356,39.11763],[-120.6243,39.11774],[-120.62457,39.11817]]],[[[-120.57192,39.05675],[-120.57262,39.05666],[-120.57275,39.05705],[-120.57216,39.05739],[-120.57186,39.05789],[-120.57153,39.05795],[-120.57079,39.05777],[-120.57072,39.05755],[-120.57106,39.05712],[-120.57184,39.05691],[-120.57192,39.05675]]],[[[-120.54602,39.02255],[-120.54534,39.02268],[-120.54488,39.02228],[-120.54472,39.02256],[-120.54445,39.02268],[-120.5441,39.02257],[-120.54383,39.02172],[-120.54386,39.02139],[-120.54435,39.02145],[-120.54468,39.02166],[-120.54454,39.02182],[-120.54461,39.022],[-120.54533,39.0218],[-120.54547,39.02196],[-120.54503,39.0222],[-120.54517,39.02239],[-120.54587,39.02223],[-120.54602,39.02255]]],[[[-120.60234,39.0985],[-120.60203,39.09846],[-120.6015,39.09774],[-120.60175,39.09737],[-120.602,39.09738],[-120.60243,39.09703],[-120.60277,39.09708],[-120.60302,39.09733],[-120.60293,39.09773],[-120.60279,39.09804],[-120.60233,39.09821],[-120.60234,39.0985]]],[[[-120.5663,38.9863],[-120.56777,38.98533],[-120.56778,38.98561],[-120.56692,38.98651],[-120.56773,38.98709],[-120.5676,38.98727],[-120.56682,38.98726],[-120.56624,38.98647],[-120.5663,38.9863]]],[[[-120.58395,39.02021],[-120.58475,39.01946],[-120.58468,39.01968],[-120.58494,39.01999],[-120.58458,39.02048],[-120.58483,39.02075],[-120.58539,39.02093],[-120.58482,39.02111],[-120.58417,39.0207],[-120.58395,39.02021]]],[[[-120.64412,39.1072],[-120.64474,39.10716],[-120.64387,39.10815],[-120.64352,39.10821],[-120.64351,39.10749],[-120.64412,39.1072]]],[[[-120.58656,39.01993],[-120.58674,39.02052],[-120.58621,39.02073],[-120.5859,39.02052],[-120.58571,39.02005],[-120.5861,39.01999],[-120.58622,39.01978],[-120.58648,39.01974],[-120.58644,39.01993],[-120.58656,39.01993]]],[[[-120.59863,39.086],[-120.59858,39.08582],[-120.59927,39.0857],[-120.59938,39.08605],[-120.59903,39.0865],[-120.5988,39.08654],[-120.59851,39.0864],[-120.59846,39.08622],[-120.59863,39.086]]],[[[-120.60046,39.08397],[-120.60069,39.08393],[-120.60106,39.08412],[-120.60123,39.08465],[-120.60076,39.08473],[-120.60037,39.08448],[-120.60028,39.08419],[-120.60046,39.08397]]],[[[-120.63899,39.10712],[-120.63936,39.107],[-120.63918,39.10741],[-120.63862,39.10802],[-120.63852,39.10781],[-120.63899,39.10712]]],[[[-120.60019,39.0143],[-120.60003,39.01472],[-120.59969,39.01472],[-120.5995,39.01455],[-120.59962,39.01423],[-120.60019,39.0143]]],[[[-120.56781,38.98481],[-120.56861,38.9843],[-120.56869,38.98445],[-120.56827,38.98482],[-120.56786,38.98507],[-120.56771,38.985],[-120.56781,38.98481]]],[[[-120.5427,39.02118],[-120.54299,39.02125],[-120.54284,39.02142],[-120.54255,39.0213],[-120.5427,39.02118]]],[[[-120.74825,39.04936],[-120.74841,39.04933],[-120.74842,39.04956],[-120.7482,39.04959],[-120.74825,39.04936]]],[[[-120.74747,39.04804],[-120.74735,39.04802],[-120.74743,39.04797],[-120.74747,39.04804]]]]},"properties":{"fire_id":"ufid:2022-CATNF-001371","source_collection":"history-2022","source_objectid":14571,"incident_name":"MOSQUITO","mapped_acres":76771.14,"mapped_acres_source":"poly_GISAcres","gis_acres":76771.14,"auto_acres":76771.15612463532,"reported_acres":76788.0,"percent_contained":null,"state":"CA","state_wfigs":"US-CA","county":"Placer","discovery_time_utc":"2022-09-07T01:27:00Z","perimeter_time_utc":"2024-07-24T00:31:52Z","perimeter_edit_time_utc":"2024-07-24T00:31:52Z","incident_modified_time_utc":"2022-12-01T19:48:58Z","containment_time_utc":null,"control_time_utc":"2022-11-11T02:00:00Z","fire_out_time_utc":"2023-08-01T19:00:00Z","fire_cause":"Human","fire_cause_general":"Power generation / transmission / distribution","map_method":"IR Image Interpretation","source_dataset":"FFP","unique_fire_identifier":"2022-CATNF-001371","irwin_id":"{44773D0C-F5B6-4413-BAE1-4C929BF9E912}","global_id":"20501ca7-6a51-4667-a5a9-e8f3dcf6ef1c"}},{"type":"Feature","geometry":{"type":"MultiPolygon","coordinates":[[[[-120.84119,39.42673],[-120.84117,39.42677],[-120.84114,39.42679],[-120.84119,39.42673]]],[[[-120.84195,39.42684],[-120.84193,39.42691],[-120.84181,39.42694],[-120.84195,39.42684]]],[[[-120.8408,39.42689],[-120.840993,39.426927],[-120.84114,39.42679],[-120.84107,39.42699],[-120.84119,39.42709],[-120.84153,39.4269],[-120.84204,39.42698],[-120.84199,39.42708],[-120.84212,39.42698],[-120.84208,39.42711],[-120.84234,39.42703],[-120.84248,39.42683],[-120.84248,39.42739],[-120.84264,39.42715],[-120.84293,39.42707],[-120.84258,39.4277],[-120.84246,39.42766],[-120.84239,39.42798],[-120.84228,39.42777],[-120.84206,39.42813],[-120.84164,39.42818],[-120.84126,39.42853],[-120.84133,39.42843],[-120.84108,39.42846],[-120.84064,39.42863],[-120.84075,39.4285],[-120.84053,39.42845],[-120.84025,39.42874],[-120.84041,39.42914],[-120.84007,39.42936],[-120.83988,39.42907],[-120.83925,39.42906],[-120.83918,39.42862],[-120.83887,39.4286],[-120.83898,39.42854],[-120.83885,39.42842],[-120.83917,39.42807],[-120.83895,39.42792],[-120.83915,39.42781],[-120.83901,39.42785],[-120.83895,39.42766],[-120.83916,39.42764],[-120.83908,39.4275],[-120.83932,39.42751],[-120.83956,39.4272],[-120.84034,39.4273],[-120.84025,39.42711],[-120.84039,39.42703],[-120.84042,39.42715],[-120.8405,39.42707],[-120.84073,39.42717],[-120.840935,39.42698],[-120.8408,39.42689]]],[[[-120.84271,39.42689],[-120.84273,39.42699],[-120.84261,39.42703],[-120.84271,39.42689]]],[[[-120.84215,39.42695],[-120.84215,39.42699],[-120.84214,39.42696],[-120.84215,39.42695]]],[[[-120.84212,39.42697],[-120.84214,39.42696],[-120.84212,39.42698],[-120.84212,39.42697]]],[[[-120.84211,39.42698],[-120.84212,39.42696],[-120.84212,39.42697],[-120.84211,39.42698]]],[[[-120.84085,39.42705],[-120.84082,39.42701],[-120.84088,39.42703],[-120.84085,39.42705]]],[[[-120.84263,39.4271],[-120.8426,39.42706],[-120.84261,39.42703],[-120.84263,39.4271]]],[[[-120.84265,39.42708],[-120.84264,39.42715],[-120.84263,39.4271],[-120.84265,39.42708]]],[[[-120.84246,39.42779],[-120.84254,39.42809],[-120.84243,39.42792],[-120.84246,39.42779]]],[[[-120.84108,39.4285],[-120.84109,39.42852],[-120.84106,39.42853],[-120.84108,39.4285]]],[[[-120.84101,39.4285],[-120.84104,39.42853],[-120.84098,39.42851],[-120.84101,39.4285]]],[[[-120.84104,39.42853],[-120.84106,39.42853],[-120.84105,39.42854],[-120.84104,39.42853]]],[[[-120.84105,39.42854],[-120.84108,39.42855],[-120.84107,39.42859],[-120.84105,39.42854]]],[[[-120.84041,39.4288],[-120.84044,39.42884],[-120.84038,39.42884],[-120.84041,39.4288]]],[[[-120.84034,39.42691],[-120.8404,39.42702],[-120.84034,39.42702],[-120.84034,39.42691]]],[[[-120.83987,39.42716],[-120.83991,39.42716],[-120.83988,39.42718],[-120.83987,39.42716]]],[[[-120.83984,39.42719],[-120.83988,39.42718],[-120.83988,39.42719],[-120.83984,39.42719]]],[[[-120.83945,39.42728],[-120.83947,39.4273],[-120.83945,39.42731],[-120.83945,39.42728]]],[[[-120.83886,39.4278],[-120.8389,39.42785],[-120.83889,39.42793],[-120.83886,39.4278]]],[[[-120.83898,39.42788],[-120.83897,39.42789],[-120.83897,39.42787],[-120.83898,39.42788]]],[[[-120.8389,39.42786],[-120.83895,39.4279],[-120.83893,39.42796],[-120.8389,39.42786]]],[[[-120.83888,39.42793],[-120.8389,39.42795],[-120.83886,39.42795],[-120.83888,39.42793]]],[[[-120.83891,39.42794],[-120.83891,39.42795],[-120.8389,39.42795],[-120.83891,39.42794]]],[[[-120.83895,39.42796],[-120.83896,39.42798],[-120.83893,39.428],[-120.83895,39.42796]]],[[[-120.83894,39.428],[-120.83895,39.42799],[-120.83895,39.428],[-120.83894,39.428]]],[[[-120.83894,39.42801],[-120.83895,39.428],[-120.83897,39.42802],[-120.83894,39.42801]]],[[[-120.83893,39.428],[-120.83894,39.42801],[-120.83892,39.42802],[-120.83893,39.428]]],[[[-120.84041,39.4288],[-120.84032,39.42875],[-120.84041,39.42876],[-120.84041,39.4288]]]]},"properties":{"fire_id":"ufid:2022-CATNF-001110","source_collection":"history-2022","source_objectid":15091,"incident_name":"PLUM","mapped_acres":0.1,"mapped_acres_source":"poly_GISAcres","gis_acres":0.1,"auto_acres":12.2805460088378,"reported_acres":12.28,"percent_contained":null,"state":"CA","state_wfigs":"US-CA","county":"Nevada","discovery_time_utc":"2022-08-11T22:19:00Z","perimeter_time_utc":"2022-11-04T00:01:46Z","perimeter_edit_time_utc":"2022-11-04T00:01:46Z","incident_modified_time_utc":"2022-11-03T23:34:05Z","containment_time_utc":"2022-08-15T22:30:00Z","control_time_utc":"2022-08-22T20:50:00Z","fire_out_time_utc":"2022-11-03T23:33:00Z","fire_cause":"Human","fire_cause_general":null,"map_method":"Hand Sketch","source_dataset":"Decertified","unique_fire_identifier":"2022-CATNF-001110","irwin_id":"{15FEA6D7-CF15-495B-8BD4-EE8AEF8CEB51}","global_id":"abc30bd7-829b-4f45-81fe-586aefb4a70d"}},{"type":"Feature","geometry":{"type":"Polygon","coordinates":[[[-120.11593,37.78073],[-120.11641,37.78072],[-120.11719,37.78112],[-120.117,37.7818],[-120.11643,37.78186],[-120.11623,37.78167],[-120.11593,37.78073]]]},"properties":{"fire_id":"ufid:2022-CAMMU-004123","source_collection":"history-2022","source_objectid":15161,"incident_name":"SMITH","mapped_acres":2.34,"mapped_acres_source":"poly_GISAcres","gis_acres":2.34,"auto_acres":2.344877748629301,"reported_acres":2.0,"percent_contained":null,"state":"CA","state_wfigs":"US-CA","county":"Mariposa","discovery_time_utc":"2022-02-20T18:41:01Z","perimeter_time_utc":"2023-01-19T22:47:49Z","perimeter_edit_time_utc":"2023-03-14T15:13:42Z","incident_modified_time_utc":"2022-02-20T20:35:02Z","containment_time_utc":"2022-02-20T22:14:00Z","control_time_utc":null,"fire_out_time_utc":"2022-03-14T19:00:00Z","fire_cause":"Human","fire_cause_general":"Debris and open burning","map_method":"Hand Sketch","source_dataset":"FFP","unique_fire_identifier":"2022-CAMMU-004123","irwin_id":"{8673E32F-97ED-4EAF-AE6C-3FC09AB698B1}","global_id":"901bfc46-63ac-4c0d-8134-a824824d4bbb"}},{"type":"Feature","geometry":{"type":"Polygon","coordinates":[[[-120.03043,39.87581],[-120.03029,39.87591],[-120.03042,39.87575],[-120.03043,39.87581]]]},"properties":{"fire_id":"ufid:2022-NVCCD-030853","source_collection":"history-2022","source_objectid":15234,"incident_name":"Rock Rail","mapped_acres":0.02964937,"mapped_acres_source":"poly_GISAcres","gis_acres":0.02964937,"auto_acres":0.029649248547443267,"reported_acres":0.03,"percent_contained":null,"state":"CA","state_wfigs":"US-CA","county":"Lassen","discovery_time_utc":"2022-08-31T14:55:00Z","perimeter_time_utc":"2023-01-20T23:46:01Z","perimeter_edit_time_utc":"2023-03-14T15:13:42Z","incident_modified_time_utc":"2022-09-12T21:20:01Z","containment_time_utc":"2022-09-01T19:45:00Z","control_time_utc":"2022-09-01T19:45:00Z","fire_out_time_utc":"2022-09-12T20:59:00Z","fire_cause":"Human","fire_cause_general":"Undetermined","map_method":"Mixed Methods","source_dataset":"FFP","unique_fire_identifier":"2022-NVCCD-030853","irwin_id":"{573689E5-7495-49E2-9484-7B2D4654360B}","global_id":"4d5c9c73-3478-48ff-a081-385b61c00faa"}},{"type":"Feature","geometry":{"type":"Polygon","coordinates":[[[-122.45714,38.14555],[-122.45675,38.14555],[-122.45712,38.14523],[-122.45719,38.14487],[-122.457,38.1445],[-122.4558,38.14377],[-122.45303,38.14276],[-122.45245,38.14104],[-122.45254,38.1411],[-122.45232,38.14094],[-122.45231,38.14068],[-122.45201,38.14047],[-122.45212,38.14048],[-122.45209,38.14029],[-122.45225,38.14021],[-122.45166,38.13848],[-122.4523,38.13889],[-122.4527,38.13898],[-122.4538,38.13979],[-122.45559,38.14058],[-122.45705,38.14153],[-122.4577,38.1416],[-122.4584,38.14199],[-122.45856,38.14171],[-122.45879,38.14177],[-122.45978,38.14232],[-122.46086,38.14314],[-122.46074,38.14333],[-122.45714,38.14555]]]},"properties":{"fire_id":"ufid:2022-CALNU-013286","source_collection":"history-2022","source_objectid":51974,"incident_name":"POINT","mapped_acres":58.68,"mapped_acres_source":"poly_GISAcres","gis_acres":58.68,"auto_acres":58.6748004514894,"reported_acres":58.67,"percent_contained":null,"state":"CA","state_wfigs":"US-CA","county":"Sonoma","discovery_time_utc":"2022-07-27T23:56:47Z","perimeter_time_utc":"2026-04-02T21:01:03Z","perimeter_edit_time_utc":null,"incident_modified_time_utc":"2022-07-28T05:30:52Z","containment_time_utc":"2022-07-28T01:41:00Z","control_time_utc":null,"fire_out_time_utc":null,"fire_cause":"Undetermined","fire_cause_general":"Undetermined","map_method":"Hand Sketch","source_dataset":"FFP","unique_fire_identifier":"2022-CALNU-013286","irwin_id":"{A9D9C877-BEAE-4FE9-9620-0E4926DA7440}","global_id":"8624f29c-0beb-431c-9fb5-4da70bbb4042"}}]}
