{"type":"FeatureCollection","features":[{"type":"Feature","geometry":{"type":"Polygon","coordinates":[[[-89.13891,33.53663],[-89.13804,33.53645],[-89.13645,33.53651],[-89.13624,33.53636],[-89.13604,33.53579],[-89.13615,33.53527],[-89.13604,33.53482],[-89.13639,33.5341],[-89.13735,33.53354],[-89.13808,33.53336],[-89.13845,33.53306],[-89.13792,33.53281],[-89.13703,33.53291],[-89.13654,33.53278],[-89.13642,33.53264],[-89.13633,33.53192],[-89.13655,33.53155],[-89.13768,33.53138],[-89.13794,33.5312],[-89.13822,33.53066],[-89.13863,33.5303],[-89.13889,33.52937],[-89.13927,33.52925],[-89.14031,33.52926],[-89.14069,33.52959],[-89.14061,33.531],[-89.14078,33.53134],[-89.14272,33.53088],[-89.14335,33.53114],[-89.14379,33.53169],[-89.1445,33.53225],[-89.14482,33.53352],[-89.14471,33.53421],[-89.14493,33.535],[-89.14467,33.53629],[-89.14467,33.53714],[-89.14454,33.53735],[-89.14399,33.53726],[-89.14388,33.53748],[-89.14355,33.53759],[-89.14216,33.53746],[-89.14238,33.53769],[-89.14201,33.53829],[-89.14214,33.53868],[-89.14198,33.53915],[-89.14213,33.53983],[-89.14205,33.54],[-89.14182,33.54007],[-89.14152,33.53983],[-89.14164,33.53908],[-89.14094,33.53853],[-89.1403,33.53826],[-89.13978,33.53731],[-89.13979,33.53695],[-89.13917,33.53695],[-89.13891,33.53663]]]},"properties":{"fire_id":"ufid:2022-MSNAP-000005","source_collection":"history-2022","source_objectid":1425,"incident_name":"WILLIS","mapped_acres":145.48,"mapped_acres_source":"poly_GISAcres","gis_acres":145.48,"auto_acres":139.526690453936,"reported_acres":140.0,"percent_contained":null,"state":"MS","state_wfigs":"US-MS","county":"Webster","discovery_time_utc":"2022-02-15T20:30:00Z","perimeter_time_utc":"2022-02-16T00:00:00Z","perimeter_edit_time_utc":"2022-03-31T18:18:33Z","incident_modified_time_utc":"2022-02-16T20:05:33Z","containment_time_utc":"2022-02-16T19:30:00Z","control_time_utc":null,"fire_out_time_utc":null,"fire_cause":"Human","fire_cause_general":"Debris/Open Burning","map_method":"IR Image Interpretation","source_dataset":"2022 NIFS","unique_fire_identifier":"2022-MSNAP-000005","irwin_id":"{4CF69993-7790-4C9E-9A5F-F66B3A2F817B}","global_id":"2a9a7b5a-68f5-4a77-be3e-bac0d53606e9"}},{"type":"Feature","geometry":{"type":"Polygon","coordinates":[[[-88.45335,30.39846],[-88.45148,30.39835],[-88.45123,30.39825],[-88.4513,30.39814],[-88.45103,30.3982],[-88.45029,30.39806],[-88.44946,30.3975],[-88.44949,30.3972],[-88.45023,30.39713],[-88.45054,30.39695],[-88.45049,30.39687],[-88.45083,30.39664],[-88.45083,30.3965],[-88.45061,30.39638],[-88.45022,30.39647],[-88.45008,30.39627],[-88.44941,30.39637],[-88.44888,30.39625],[-88.44881,30.39654],[-88.44801,30.3967],[-88.4478,30.39623],[-88.44714,30.39572],[-88.44709,30.39504],[-88.44635,30.3944],[-88.4463,30.39399],[-88.44643,30.39371],[-88.44544,30.39355],[-88.44508,30.39336],[-88.44489,30.39304],[-88.44492,30.39278],[-88.44565,30.39156],[-88.44642,30.39078],[-88.44572,30.38955],[-88.44572,30.38926],[-88.4459,30.38902],[-88.44644,30.38897],[-88.44793,30.38847],[-88.44969,30.3875],[-88.45078,30.38679],[-88.45259,30.38511],[-88.45331,30.3848],[-88.45377,30.3843],[-88.45482,30.38359],[-88.45584,30.38327],[-88.45716,30.38261],[-88.45824,30.38268],[-88.45884,30.38304],[-88.46,30.38453],[-88.46063,30.38565],[-88.46174,30.38715],[-88.4628,30.38804],[-88.46351,30.38884],[-88.4649,30.38986],[-88.46673,30.39082],[-88.4669,30.39134],[-88.46717,30.39134],[-88.4672,30.39155],[-88.46769,30.39189],[-88.46789,30.39283],[-88.46832,30.39319],[-88.46875,30.39316],[-88.46925,30.39284],[-88.46951,30.39187],[-88.47009,30.39177],[-88.47069,30.39189],[-88.47108,30.39238],[-88.47097,30.39323],[-88.47078,30.39361],[-88.47078,30.39408],[-88.47095,30.39436],[-88.47127,30.39456],[-88.47086,30.39483],[-88.4702,30.39431],[-88.46955,30.39433],[-88.46822,30.39473],[-88.46723,30.39473],[-88.46575,30.39447],[-88.46424,30.39495],[-88.46286,30.39502],[-88.46244,30.39469],[-88.46186,30.39465],[-88.46186,30.39511],[-88.46158,30.39531],[-88.46072,30.39559],[-88.45958,30.39564],[-88.45942,30.39621],[-88.45964,30.39647],[-88.45964,30.39671],[-88.45897,30.39742],[-88.45878,30.39726],[-88.45891,30.39644],[-88.45821,30.39656],[-88.45705,30.39734],[-88.45633,30.39746],[-88.45541,30.39793],[-88.45449,30.39718],[-88.45415,30.39711],[-88.45413,30.39804],[-88.45393,30.39829],[-88.45335,30.39846]]]},"properties":{"fire_id":"ufid:2022-MSMSS-224601769","source_collection":"history-2022","source_objectid":2492,"incident_name":"Jackson Co. Bayou Cumbest Rd","mapped_acres":719.0,"mapped_acres_source":"poly_GISAcres","gis_acres":719.0,"auto_acres":577.530842262916,"reported_acres":719.0,"percent_contained":100.0,"state":"MS","state_wfigs":"US-MS","county":"Jackson","discovery_time_utc":"2022-05-16T18:45:00Z","perimeter_time_utc":"2022-05-16T23:45:00Z","perimeter_edit_time_utc":"2022-12-15T22:22:30Z","incident_modified_time_utc":"2022-05-19T21:05:33Z","containment_time_utc":null,"control_time_utc":null,"fire_out_time_utc":null,"fire_cause":"Human","fire_cause_general":null,"map_method":"Image Interpretation","source_dataset":"2022 NIFS","unique_fire_identifier":"2022-MSMSS-224601769","irwin_id":"{13B55689-FE6D-43F3-BB48-BDEDDEE4C1A0}","global_id":"35749511-76a3-4a5f-86d8-e342f47b1eb1"}},{"type":"Feature","geometry":{"type":"Polygon","coordinates":[[[-88.70831,34.32855],[-88.70818,34.32845],[-88.70833,34.32841],[-88.70831,34.32855]]]},"properties":{"fire_id":"ufid:2022-MSNAP-000020","source_collection":"history-2022","source_objectid":3208,"incident_name":"Blackbird","mapped_acres":0.04,"mapped_acres_source":"poly_GISAcres","gis_acres":0.04,"auto_acres":0.0444435699210186,"reported_acres":0.1,"percent_contained":null,"state":"MS","state_wfigs":"US-MS","county":"Lee","discovery_time_utc":"2022-12-11T17:00:30Z","perimeter_time_utc":null,"perimeter_edit_time_utc":"2022-12-12T22:16:01Z","incident_modified_time_utc":"2022-12-12T22:10:51Z","containment_time_utc":null,"control_time_utc":null,"fire_out_time_utc":null,"fire_cause":null,"fire_cause_general":null,"map_method":"Hand Sketch","source_dataset":"2022 NIFS","unique_fire_identifier":"2022-MSNAP-000020","irwin_id":"{3FD56E22-58E7-4626-990D-ABB92692D593}","global_id":"575496fa-e825-43df-9cbd-72b1e1f01072"}},{"type":"Feature","geometry":{"type":"MultiPolygon","coordinates":[[[[-89.72683,32.68665],[-89.72656,32.68633],[-89.72665,32.68627],[-89.72683,32.68665]]],[[[-89.72665,32.68662],[-89.72637,32.68645],[-89.72656,32.68633],[-89.72665,32.68662]]]]},"properties":{"fire_id":"ufid:2022-MSNAP-000341","source_collection":"history-2022","source_objectid":3956,"incident_name":"NAP MARTIN DRIVE","mapped_acres":1.0,"mapped_acres_source":"poly_GISAcres","gis_acres":1.0,"auto_acres":0.140562762391458,"reported_acres":0.1,"percent_contained":null,"state":"MS","state_wfigs":"US-MS","county":"Leake","discovery_time_utc":"2022-05-04T20:08:00Z","perimeter_time_utc":"2022-05-05T01:08:49Z","perimeter_edit_time_utc":"2022-05-11T15:27:57Z","incident_modified_time_utc":"2022-09-02T16:25:22Z","containment_time_utc":"2022-05-04T21:00:00Z","control_time_utc":"2022-05-04T21:00:00Z","fire_out_time_utc":"2022-09-02T15:00:00Z","fire_cause":"Human","fire_cause_general":null,"map_method":"Hand Sketch","source_dataset":"2022 NIFS","unique_fire_identifier":"2022-MSNAP-000341","irwin_id":"{C54B65D0-1756-4CB4-B93C-E3AF55938621}","global_id":"92dc098f-d506-4d6b-9841-c7f7d9144ff5"}},{"type":"Feature","geometry":{"type":"MultiPolygon","coordinates":[[[[-88.80226,31.50007],[-88.80181,31.49971],[-88.80195,31.49917],[-88.80166,31.49866],[-88.80179,31.49778],[-88.80239,31.49739],[-88.80342,31.4976],[-88.80325,31.49847],[-88.80271,31.49974],[-88.80258,31.49973],[-88.80226,31.50007]]],[[[-88.80236,31.50024],[-88.80271,31.50024],[-88.80268,31.50137],[-88.80253,31.50188],[-88.80258,31.50164],[-88.80237,31.50159],[-88.80236,31.50134],[-88.80202,31.50123],[-88.80236,31.50024]]]]},"properties":{"fire_id":"ufid:2022-MSMNF-000365","source_collection":"history-2022","source_objectid":4252,"incident_name":"Jim Walley Loop Fire","mapped_acres":9.745430030835456,"mapped_acres_source":"poly_Acres_AutoCalc_fallback","gis_acres":null,"auto_acres":9.745430030835456,"reported_acres":11.0,"percent_contained":null,"state":"MS","state_wfigs":"US-MS","county":"Wayne","discovery_time_utc":"2022-06-02T11:57:00Z","perimeter_time_utc":"2022-09-15T17:01:30Z","perimeter_edit_time_utc":"2023-03-14T15:13:42Z","incident_modified_time_utc":"2022-09-02T17:59:50Z","containment_time_utc":"2022-06-02T14:12:00Z","control_time_utc":"2022-09-02T14:55:00Z","fire_out_time_utc":"2022-09-02T15:00:00Z","fire_cause":"Human","fire_cause_general":"Arson","map_method":"GPS-Walked","source_dataset":"FFP","unique_fire_identifier":"2022-MSMNF-000365","irwin_id":"{F2E038F8-763C-43A4-B170-8EA65215D816}","global_id":"1c29c54d-df82-4165-a5e0-a05f6a858902"}},{"type":"Feature","geometry":{"type":"Polygon","coordinates":[[[-89.53479,32.26184],[-89.53541,32.26051],[-89.53584,32.26094],[-89.53562,32.26163],[-89.53491,32.26199],[-89.53479,32.26184]]]},"properties":{"fire_id":"ufid:2022-MSMNF-000122","source_collection":"history-2022","source_objectid":4441,"incident_name":"caney creek","mapped_acres":2.1,"mapped_acres_source":"poly_GISAcres","gis_acres":2.1,"auto_acres":2.077927413019477,"reported_acres":2.5,"percent_contained":null,"state":"MS","state_wfigs":"US-MS","county":"Scott","discovery_time_utc":"2022-02-13T21:32:00Z","perimeter_time_utc":"2022-08-05T21:11:11Z","perimeter_edit_time_utc":"2023-03-14T15:13:42Z","incident_modified_time_utc":"2022-03-05T17:40:24Z","containment_time_utc":"2022-02-13T23:49:00Z","control_time_utc":"2022-02-13T23:49:00Z","fire_out_time_utc":"2022-02-23T18:00:00Z","fire_cause":"Human","fire_cause_general":"Arson","map_method":"Mixed Methods","source_dataset":"FFP","unique_fire_identifier":"2022-MSMNF-000122","irwin_id":"{134ABDDD-8AC8-4180-A362-999A3225E2F1}","global_id":"3dc156c5-d17d-4ece-8f98-ea595fabebb1"}},{"type":"Feature","geometry":{"type":"Polygon","coordinates":[[[-88.76722,31.4344],[-88.76708,31.43486],[-88.76707,31.43458],[-88.76722,31.4344]]]},"properties":{"fire_id":"ufid:2022-MSMNF-000342","source_collection":"history-2022","source_objectid":4442,"incident_name":"Beaver Pond","mapped_acres":0.07,"mapped_acres_source":"poly_GISAcres","gis_acres":0.07,"auto_acres":0.07116738642516798,"reported_acres":1.25,"percent_contained":null,"state":"MS","state_wfigs":"US-MS","county":"Wayne","discovery_time_utc":"2022-05-04T21:15:00Z","perimeter_time_utc":"2022-06-24T16:09:55Z","perimeter_edit_time_utc":"2023-03-14T15:13:42Z","incident_modified_time_utc":"2022-05-05T14:48:56Z","containment_time_utc":"2022-05-04T22:20:00Z","control_time_utc":"2022-05-06T13:00:00Z","fire_out_time_utc":"2022-05-10T13:00:00Z","fire_cause":"Human","fire_cause_general":"Arson","map_method":"Mixed Methods","source_dataset":"FFP","unique_fire_identifier":"2022-MSMNF-000342","irwin_id":"{2FACA940-9636-44C6-88E6-C2322696D77A}","global_id":"e69d1a8f-3948-4e64-bcb0-00bac659d6b7"}},{"type":"Feature","geometry":{"type":"Polygon","coordinates":[[[-89.06924,30.52965],[-89.06987,30.53018],[-89.07032,30.53032],[-89.07032,30.53076],[-89.06951,30.53122],[-89.06866,30.53134],[-89.06844,30.53183],[-89.06812,30.5321],[-89.06736,30.53172],[-89.06573,30.53149],[-89.0652,30.53124],[-89.06395,30.52999],[-89.06486,30.52963],[-89.06518,30.52928],[-89.06714,30.52921],[-89.06698,30.52897],[-89.06698,30.52864],[-89.06714,30.52844],[-89.0676,30.52828],[-89.06857,30.5282],[-89.06924,30.52965]]]},"properties":{"fire_id":"ufid:2022-MSMNF-000181","source_collection":"history-2022","source_objectid":4595,"incident_name":"Bear","mapped_acres":35.14221652375246,"mapped_acres_source":"poly_Acres_AutoCalc_fallback","gis_acres":null,"auto_acres":35.14221652375246,"reported_acres":35.0,"percent_contained":null,"state":"MS","state_wfigs":"US-MS","county":"Harrison","discovery_time_utc":"2022-03-03T13:01:00Z","perimeter_time_utc":null,"perimeter_edit_time_utc":"2023-03-14T15:13:42Z","incident_modified_time_utc":"2022-03-15T13:16:28Z","containment_time_utc":"2022-03-03T20:14:00Z","control_time_utc":"2022-03-08T14:20:00Z","fire_out_time_utc":"2022-03-15T13:00:00Z","fire_cause":"Human","fire_cause_general":"Recreation and ceremony","map_method":"Hand Sketch","source_dataset":"FFP","unique_fire_identifier":"2022-MSMNF-000181","irwin_id":"{7F7B454C-51F3-4471-B94F-93AF218163D8}","global_id":"f3b3c7cf-0662-4a6a-93bb-afd05f8e405b"}},{"type":"Feature","geometry":{"type":"Polygon","coordinates":[[[-89.14474,31.1491],[-89.14512,31.14982],[-89.14357,31.15119],[-89.14341,31.15174],[-89.14274,31.15234],[-89.14246,31.15514],[-89.14218,31.15542],[-89.142,31.15606],[-89.14218,31.15626],[-89.14163,31.15732],[-89.14163,31.15776],[-89.14191,31.15827],[-89.14353,31.15981],[-89.14575,31.16157],[-89.14639,31.16237],[-89.1466,31.16389],[-89.14896,31.16638],[-89.15077,31.16748],[-89.15141,31.1681],[-89.15296,31.17083],[-89.15363,31.17149],[-89.15166,31.17269],[-89.15013,31.17439],[-89.15002,31.17492],[-89.15075,31.1762],[-89.15064,31.17664],[-89.14863,31.1777],[-89.14781,31.17796],[-89.14693,31.17871],[-89.14627,31.18007],[-89.14609,31.18188],[-89.14547,31.18225],[-89.14442,31.18361],[-89.1419,31.18339],[-89.14087,31.18365],[-89.14004,31.18365],[-89.13803,31.18224],[-89.13711,31.18185],[-89.13607,31.18171],[-89.13563,31.18244],[-89.13424,31.18363],[-89.13378,31.18423],[-89.13298,31.18594],[-89.13203,31.18941],[-89.13208,31.18981],[-89.13249,31.19054],[-89.13002,31.19298],[-89.12977,31.19355],[-89.12982,31.1939],[-89.1309,31.19417],[-89.13142,31.19452],[-89.13116,31.19478],[-89.12864,31.19434],[-89.125,31.1933],[-89.12297,31.19178],[-89.12163,31.19198],[-89.11939,31.19277],[-89.11877,31.19272],[-89.11773,31.19239],[-89.11742,31.19192],[-89.11778,31.19025],[-89.11765,31.18979],[-89.11696,31.18948],[-89.11477,31.18948],[-89.1114,31.18902],[-89.11093,31.18829],[-89.11039,31.18805],[-89.11024,31.18785],[-89.11454,31.18739],[-89.11549,31.18684],[-89.11639,31.18554],[-89.11716,31.18512],[-89.11958,31.18488],[-89.12013,31.18448],[-89.11989,31.18373],[-89.11989,31.18334],[-89.12013,31.1827],[-89.11995,31.18197],[-89.11948,31.18144],[-89.11871,31.18105],[-89.11819,31.18058],[-89.11729,31.18025],[-89.11711,31.18005],[-89.11706,31.17953],[-89.11734,31.17895],[-89.11729,31.17796],[-89.11752,31.17741],[-89.11709,31.17675],[-89.11665,31.17646],[-89.11639,31.17611],[-89.11631,31.17508],[-89.11553,31.17309],[-89.11567,31.17277],[-89.11503,31.17283],[-89.11432,31.17237],[-89.11291,31.17198],[-89.11145,31.17163],[-89.11063,31.17168],[-89.11011,31.17152],[-89.10938,31.17094],[-89.10787,31.17035],[-89.10725,31.1704],[-89.10644,31.17071],[-89.10549,31.17074],[-89.10455,31.17034],[-89.10345,31.17007],[-89.10274,31.16971],[-89.10701,31.16477],[-89.10766,31.16209],[-89.10845,31.16031],[-89.10829,31.15962],[-89.10698,31.15699],[-89.1059,31.15527],[-89.106,31.15494],[-89.10848,31.15246],[-89.10982,31.15147],[-89.11137,31.14831],[-89.1117,31.14792],[-89.11489,31.1464],[-89.11616,31.14731],[-89.11672,31.14737],[-89.11878,31.1468],[-89.11936,31.14633],[-89.12145,31.14338],[-89.12219,31.14316],[-89.12284,31.1432],[-89.12709,31.1451],[-89.12789,31.1455],[-89.12943,31.14673],[-89.13504,31.14873],[-89.13563,31.14879],[-89.14045,31.14831],[-89.14362,31.14974],[-89.14423,31.14953],[-89.14474,31.1491]]]},"properties":{"fire_id":"ufid:2022-MSMNF-000054","source_collection":"history-2022","source_objectid":4615,"incident_name":"Range 40","mapped_acres":3837.5533506809597,"mapped_acres_source":"poly_Acres_AutoCalc_fallback","gis_acres":null,"auto_acres":3837.5533506809597,"reported_acres":3837.0,"percent_contained":null,"state":"MS","state_wfigs":"US-MS","county":"Perry","discovery_time_utc":"2022-01-30T19:56:00Z","perimeter_time_utc":null,"perimeter_edit_time_utc":"2023-03-14T15:13:42Z","incident_modified_time_utc":"2022-02-04T21:13:10Z","containment_time_utc":"2022-02-01T02:00:00Z","control_time_utc":"2022-02-02T19:30:00Z","fire_out_time_utc":"2022-02-04T21:10:00Z","fire_cause":"Human","fire_cause_general":"Firearms and explosives use","map_method":"Hand Sketch","source_dataset":"FFP","unique_fire_identifier":"2022-MSMNF-000054","irwin_id":"{B4881DF8-5370-4568-82CA-73EA2DA3A063}","global_id":"66bb562f-bf50-4f01-984c-4a3e80d71958"}},{"type":"Feature","geometry":{"type":"Polygon","coordinates":[[[-89.04851,31.07651],[-89.04872,31.0767],[-89.04937,31.07908],[-89.04891,31.07971],[-89.04852,31.07995],[-89.04785,31.08005],[-89.04753,31.07856],[-89.04734,31.07847],[-89.04717,31.07792],[-89.04735,31.07781],[-89.04723,31.07749],[-89.04749,31.07726],[-89.04756,31.07688],[-89.04851,31.07651]]]},"properties":{"fire_id":"ufid:2022-MSMNF-000376","source_collection":"history-2022","source_objectid":4805,"incident_name":"Deuce Fire","mapped_acres":1.0,"mapped_acres_source":"poly_GISAcres","gis_acres":1.0,"auto_acres":13.244414806012879,"reported_acres":13.2,"percent_contained":null,"state":"MS","state_wfigs":"US-MS","county":"Perry","discovery_time_utc":"2022-06-28T02:28:00Z","perimeter_time_utc":"2022-07-05T17:13:24Z","perimeter_edit_time_utc":"2023-03-14T15:13:42Z","incident_modified_time_utc":"2022-07-05T15:42:15Z","containment_time_utc":"2022-06-28T06:00:00Z","control_time_utc":"2022-07-01T18:20:00Z","fire_out_time_utc":"2022-07-05T15:45:00Z","fire_cause":"Undetermined","fire_cause_general":"Undetermined","map_method":"Auto-generated","source_dataset":"FFP","unique_fire_identifier":"2022-MSMNF-000376","irwin_id":"{D6709E20-A63B-4A93-858C-75E3FF15BFE8}","global_id":"1fc29a3b-fb30-4fc4-80ea-3382b3bff438"}},{"type":"Feature","geometry":{"type":"Polygon","coordinates":[[[-88.85872,30.6138],[-88.85851,30.61392],[-88.85817,30.61387],[-88.85777,30.61329],[-88.85809,30.61316],[-88.85872,30.6138]]]},"properties":{"fire_id":"ufid:2022-MSMNF-000231","source_collection":"history-2022","source_objectid":4834,"incident_name":"406B","mapped_acres":0.59,"mapped_acres_source":"poly_GISAcres","gis_acres":0.59,"auto_acres":0.9792984994007405,"reported_acres":1.38,"percent_contained":null,"state":"MS","state_wfigs":"US-MS","county":"Jackson","discovery_time_utc":"2022-03-18T12:24:00Z","perimeter_time_utc":"2022-06-22T15:54:27Z","perimeter_edit_time_utc":"2023-03-14T15:13:42Z","incident_modified_time_utc":"2022-06-22T15:30:23Z","containment_time_utc":"2022-03-18T14:21:00Z","control_time_utc":"2022-03-19T14:13:00Z","fire_out_time_utc":"2022-04-10T21:48:00Z","fire_cause":"Human","fire_cause_general":"Arson","map_method":"Hand Sketch","source_dataset":"FFP","unique_fire_identifier":"2022-MSMNF-000231","irwin_id":"{438115C5-FC5A-484A-BF5F-B3F36B356EF4}","global_id":"95064c65-ca77-41e5-b48e-b66cf43821d2"}},{"type":"Feature","geometry":{"type":"Polygon","coordinates":[[[-88.36971,34.496],[-88.36973,34.496],[-88.36972,34.49601],[-88.36971,34.496]]]},"properties":{"fire_id":"ufid:2022-MSNAP-000366","source_collection":"history-2022","source_objectid":5284,"incident_name":"ROARING HOLLOW","mapped_acres":1.0,"mapped_acres_source":"poly_GISAcres","gis_acres":1.0,"auto_acres":0.00012684034038637048,"reported_acres":0.1,"percent_contained":null,"state":"MS","state_wfigs":"US-MS","county":"Prentiss","discovery_time_utc":"2022-05-29T01:07:00Z","perimeter_time_utc":"2022-09-06T19:40:54Z","perimeter_edit_time_utc":"2023-03-14T15:13:42Z","incident_modified_time_utc":"2022-06-02T20:03:41Z","containment_time_utc":"2022-05-29T02:00:00Z","control_time_utc":"2022-05-29T02:00:00Z","fire_out_time_utc":"2022-06-02T17:30:00Z","fire_cause":"Human","fire_cause_general":"Equipment and vehicle use","map_method":"Hand Sketch","source_dataset":"FFP","unique_fire_identifier":"2022-MSNAP-000366","irwin_id":"{AF63516C-F4F0-454D-B044-C2BF3275E51E}","global_id":"1e529bd6-30f2-4c0d-9176-862ddf379678"}},{"type":"Feature","geometry":{"type":"Polygon","coordinates":[[[-89.08683,31.00146],[-89.08531,31.00085],[-89.08449,31.00063],[-89.08364,31.00064],[-89.08328,31.00039],[-89.08305,30.99983],[-89.08322,30.99967],[-89.08375,30.9996],[-89.08319,30.99906],[-89.08367,30.99897],[-89.0834,30.99856],[-89.08293,30.99837],[-89.08292,30.99796],[-89.08313,30.99769],[-89.08352,30.99764],[-89.08429,30.99819],[-89.08431,30.9978],[-89.08377,30.99733],[-89.08413,30.99707],[-89.08529,30.99725],[-89.08521,30.99707],[-89.08465,30.99682],[-89.08404,30.99676],[-89.08365,30.99594],[-89.08387,30.99538],[-89.08534,30.99584],[-89.08554,30.99615],[-89.08632,30.99664],[-89.08668,30.99709],[-89.08668,30.99748],[-89.08582,30.99806],[-89.08647,30.99825],[-89.08641,30.99886],[-89.08622,30.99903],[-89.08581,30.99907],[-89.08563,30.99927],[-89.08611,30.99954],[-89.08622,30.99995],[-89.08657,31.00026],[-89.08773,31.00037],[-89.0881,31.00085],[-89.088,31.00125],[-89.08753,31.00147],[-89.08683,31.00146]]]},"properties":{"fire_id":"ufid:2022-MSMNF-000227","source_collection":"history-2022","source_objectid":5309,"incident_name":"New York","mapped_acres":107.77,"mapped_acres_source":"poly_GISAcres","gis_acres":107.77,"auto_acres":39.560087274964225,"reported_acres":39.0,"percent_contained":null,"state":"MS","state_wfigs":"US-MS","county":"Perry","discovery_time_utc":"2022-03-15T23:50:00Z","perimeter_time_utc":"2022-07-19T16:34:41Z","perimeter_edit_time_utc":"2023-03-14T15:13:42Z","incident_modified_time_utc":"2022-03-24T19:49:41Z","containment_time_utc":"2022-03-16T01:13:00Z","control_time_utc":"2022-03-24T19:48:00Z","fire_out_time_utc":"2022-03-30T17:00:00Z","fire_cause":"Human","fire_cause_general":"Arson","map_method":"Hand Sketch","source_dataset":"FFP","unique_fire_identifier":"2022-MSMNF-000227","irwin_id":"{2EAE9615-852B-4423-A517-BC0BD194745C}","global_id":"4266f7b4-8380-467b-bb07-df621546c198"}},{"type":"Feature","geometry":{"type":"Polygon","coordinates":[[[-88.8029,31.01165],[-88.80423,31.01164],[-88.80444,31.01325],[-88.80363,31.01278],[-88.80293,31.01265],[-88.8029,31.01165]]]},"properties":{"fire_id":"ufid:2022-MSMNF-000321","source_collection":"history-2022","source_objectid":5352,"incident_name":"Hidden","mapped_acres":4.5178,"mapped_acres_source":"poly_GISAcres","gis_acres":4.5178,"auto_acres":4.5672574598976485,"reported_acres":5.0,"percent_contained":null,"state":"MS","state_wfigs":"US-MS","county":"Greene","discovery_time_utc":"2022-04-25T12:07:00Z","perimeter_time_utc":"2022-07-12T17:46:01Z","perimeter_edit_time_utc":"2023-03-14T15:13:42Z","incident_modified_time_utc":"2022-05-09T12:45:11Z","containment_time_utc":"2022-05-09T11:00:00Z","control_time_utc":"2022-05-09T11:30:00Z","fire_out_time_utc":"2022-05-09T12:00:00Z","fire_cause":"Human","fire_cause_general":"Arson","map_method":"Mixed Methods","source_dataset":"FFP","unique_fire_identifier":"2022-MSMNF-000321","irwin_id":"{FECD260D-B4B1-4CF0-98BF-C55164CC2045}","global_id":"285eb3ef-024c-4378-876d-9ede43673e3b"}},{"type":"Feature","geometry":{"type":"Polygon","coordinates":[[[-89.37416,34.64399],[-89.37396,34.64379],[-89.37419,34.64359],[-89.37428,34.64395],[-89.37416,34.64399]]]},"properties":{"fire_id":"ufid:2022-MSMNF-000075","source_collection":"history-2022","source_objectid":5447,"incident_name":"Mynott","mapped_acres":0.25,"mapped_acres_source":"poly_GISAcres","gis_acres":0.25,"auto_acres":0.2540781071687241,"reported_acres":0.5,"percent_contained":null,"state":"MS","state_wfigs":"US-MS","county":"Marshall","discovery_time_utc":"2022-02-02T02:24:00Z","perimeter_time_utc":"2022-08-05T16:59:57Z","perimeter_edit_time_utc":"2023-03-14T15:13:42Z","incident_modified_time_utc":"2022-02-08T20:48:25Z","containment_time_utc":"2022-02-02T03:30:00Z","control_time_utc":"2022-02-07T22:00:00Z","fire_out_time_utc":"2022-02-07T22:05:00Z","fire_cause":"Human","fire_cause_general":"Undetermined","map_method":"Hand Sketch","source_dataset":"FFP","unique_fire_identifier":"2022-MSMNF-000075","irwin_id":"{A2CC08B1-8D4C-439E-BEDA-8A1895BCC415}","global_id":"770a2e0e-40eb-4416-97bf-4f38728fe684"}},{"type":"Feature","geometry":{"type":"Polygon","coordinates":[[[-89.0532,31.05508],[-89.05413,31.05512],[-89.05457,31.05529],[-89.05495,31.05577],[-89.0549,31.05601],[-89.05433,31.05651],[-89.05338,31.0565],[-89.0532,31.05508]]]},"properties":{"fire_id":"ufid:2022-MSMNF-000124","source_collection":"history-2022","source_objectid":5515,"incident_name":"ST JOHN","mapped_acres":4.19,"mapped_acres_source":"poly_GISAcres","gis_acres":4.19,"auto_acres":5.504092686159892,"reported_acres":5.5,"percent_contained":null,"state":"MS","state_wfigs":"US-MS","county":"Perry","discovery_time_utc":"2022-02-13T22:42:00Z","perimeter_time_utc":"2022-07-13T13:54:34Z","perimeter_edit_time_utc":"2023-03-14T15:13:42Z","incident_modified_time_utc":"2022-03-09T17:15:45Z","containment_time_utc":"2022-02-18T16:50:00Z","control_time_utc":"2022-02-18T17:00:00Z","fire_out_time_utc":"2022-02-18T20:00:00Z","fire_cause":"Human","fire_cause_general":"Arson","map_method":"Hand Sketch","source_dataset":"FFP","unique_fire_identifier":"2022-MSMNF-000124","irwin_id":"{5B83AC46-BC7B-4B2E-B705-35F568A0E882}","global_id":"50862b14-322f-4ba0-bfc8-52a1ca089573"}},{"type":"Feature","geometry":{"type":"Polygon","coordinates":[[[-88.75525,31.47318],[-88.75547,31.47345],[-88.75485,31.47405],[-88.75486,31.47364],[-88.75525,31.47318]]]},"properties":{"fire_id":"ufid:2022-MSMNF-000166","source_collection":"history-2022","source_objectid":6043,"incident_name":"Hickory Grove Fire","mapped_acres":0.71,"mapped_acres_source":"poly_GISAcres","gis_acres":0.71,"auto_acres":0.7098980615049145,"reported_acres":1.0,"percent_contained":null,"state":"MS","state_wfigs":"US-MS","county":"Wayne","discovery_time_utc":"2022-02-23T23:30:00Z","perimeter_time_utc":"2022-08-05T20:47:52Z","perimeter_edit_time_utc":"2023-03-14T15:13:42Z","incident_modified_time_utc":"2022-02-24T02:11:01Z","containment_time_utc":"2022-02-24T00:45:00Z","control_time_utc":"2022-02-25T14:00:00Z","fire_out_time_utc":"2022-02-25T14:00:00Z","fire_cause":"Human","fire_cause_general":"Arson","map_method":"GPS-Walked","source_dataset":"FFP","unique_fire_identifier":"2022-MSMNF-000166","irwin_id":"{40EC7F6E-EE9A-4822-8F79-4974F55A4BAB}","global_id":"cf1213ed-2dfc-48cc-a7e2-c67c4feffaa0"}},{"type":"Feature","geometry":{"type":"Polygon","coordinates":[[[-88.99469,30.92656],[-88.99448,30.92649],[-88.99417,30.9268],[-88.99328,30.9267],[-88.993,30.92655],[-88.9928,30.92615],[-88.99221,30.92583],[-88.99209,30.92559],[-88.9922,30.92494],[-88.99244,30.92462],[-88.99279,30.92446],[-88.99352,30.92457],[-88.9936,30.92423],[-88.99385,30.92414],[-88.99392,30.92357],[-88.99435,30.92353],[-88.9947,30.92317],[-88.99501,30.92331],[-88.99505,30.92347],[-88.99489,30.92383],[-88.99449,30.92423],[-88.99412,30.92516],[-88.99485,30.92578],[-88.99469,30.92656]]]},"properties":{"fire_id":"ufid:2022-MSMNF-000173","source_collection":"history-2022","source_objectid":6064,"incident_name":"Bug","mapped_acres":14.724360647980802,"mapped_acres_source":"poly_Acres_AutoCalc_fallback","gis_acres":null,"auto_acres":14.724360647980802,"reported_acres":14.72,"percent_contained":null,"state":"MS","state_wfigs":"US-MS","county":"Perry","discovery_time_utc":"2022-03-01T17:31:00Z","perimeter_time_utc":"2022-07-12T15:08:03Z","perimeter_edit_time_utc":"2023-03-14T15:13:42Z","incident_modified_time_utc":"2022-03-07T22:53:38Z","containment_time_utc":"2022-03-01T23:17:00Z","control_time_utc":"2022-03-07T23:00:00Z","fire_out_time_utc":"2022-03-31T17:00:00Z","fire_cause":"Human","fire_cause_general":"Arson","map_method":"Mixed Methods","source_dataset":"FFP","unique_fire_identifier":"2022-MSMNF-000173","irwin_id":"{B8190D6C-C492-42F4-9485-AA6CEC925E43}","global_id":"2853788a-cf6e-4448-ba42-53dd8340751b"}},{"type":"Feature","geometry":{"type":"Polygon","coordinates":[[[-88.74226,31.51524],[-88.74171,31.51428],[-88.74176,31.51369],[-88.74244,31.51257],[-88.74291,31.51243],[-88.74318,31.51258],[-88.74315,31.51272],[-88.7436,31.5129],[-88.74364,31.51321],[-88.74403,31.51389],[-88.74364,31.51421],[-88.74298,31.51433],[-88.74297,31.51472],[-88.74243,31.51523],[-88.74226,31.51524]]]},"properties":{"fire_id":"ufid:2022-MSMNF-000087","source_collection":"history-2022","source_objectid":6144,"incident_name":"247-A Fire","mapped_acres":10.0,"mapped_acres_source":"poly_GISAcres","gis_acres":10.0,"auto_acres":9.976164455635706,"reported_acres":7.0,"percent_contained":null,"state":"MS","state_wfigs":"US-MS","county":"Wayne","discovery_time_utc":"2022-02-08T19:29:00Z","perimeter_time_utc":"2022-08-05T21:13:54Z","perimeter_edit_time_utc":"2023-03-14T15:13:42Z","incident_modified_time_utc":"2022-02-13T19:47:09Z","containment_time_utc":"2022-02-08T22:18:00Z","control_time_utc":"2022-02-11T14:00:00Z","fire_out_time_utc":"2022-02-14T14:59:00Z","fire_cause":"Human","fire_cause_general":"Arson","map_method":"GPS-Walked","source_dataset":"FFP","unique_fire_identifier":"2022-MSMNF-000087","irwin_id":"{C14826F6-559A-443D-A19E-7FC28CBF92CC}","global_id":"2cd948bc-add6-4a24-b11d-d1d5a32aa3ce"}},{"type":"Feature","geometry":{"type":"Polygon","coordinates":[[[-89.19115,30.66622],[-89.19285,30.66628],[-89.19284,30.6691],[-89.19325,30.66979],[-89.19282,30.67059],[-89.19197,30.671],[-89.19122,30.67111],[-89.19097,30.67181],[-89.19065,30.67204],[-89.18973,30.67177],[-89.18898,30.67336],[-89.18753,30.67468],[-89.18557,30.67554],[-89.18456,30.67511],[-89.18409,30.67437],[-89.18423,30.67214],[-89.18621,30.67114],[-89.18605,30.67041],[-89.18561,30.6701],[-89.18514,30.67011],[-89.18514,30.66988],[-89.18581,30.66989],[-89.18672,30.66917],[-89.18792,30.6685],[-89.18819,30.66762],[-89.18903,30.66642],[-89.19115,30.66622]]]},"properties":{"fire_id":"ufid:2022-MSMNF-000438","source_collection":"history-2022","source_objectid":6187,"incident_name":"407G","mapped_acres":1.0,"mapped_acres_source":"poly_GISAcres","gis_acres":1.0,"auto_acres":120.13592219332263,"reported_acres":50.0,"percent_contained":null,"state":"MS","state_wfigs":"US-MS","county":"Harrison","discovery_time_utc":"2022-10-23T19:04:00Z","perimeter_time_utc":"2022-11-13T16:44:59Z","perimeter_edit_time_utc":"2023-03-14T15:13:42Z","incident_modified_time_utc":"2022-11-13T16:30:37Z","containment_time_utc":"2022-10-24T20:00:00Z","control_time_utc":"2022-11-13T16:20:00Z","fire_out_time_utc":"2022-11-13T16:35:00Z","fire_cause":"Human","fire_cause_general":"Debris and open burning","map_method":"Hand Sketch","source_dataset":"FFP","unique_fire_identifier":"2022-MSMNF-000438","irwin_id":"{D2623B65-3172-443E-B6D0-6F7D393CF965}","global_id":"ac89a2b2-6cb9-4ff6-b061-7fcd0534eef7"}},{"type":"Feature","geometry":{"type":"Polygon","coordinates":[[[-88.76277,31.519],[-88.76292,31.51906],[-88.76281,31.51908],[-88.76277,31.519]]]},"properties":{"fire_id":"ufid:2022-MSMNF-000369","source_collection":"history-2022","source_objectid":6216,"incident_name":"Popcorn","mapped_acres":0.1,"mapped_acres_source":"poly_GISAcres","gis_acres":0.1,"auto_acres":0.015970195394137,"reported_acres":0.1,"percent_contained":null,"state":"MS","state_wfigs":"US-MS","county":"Wayne","discovery_time_utc":"2022-06-09T23:29:00Z","perimeter_time_utc":"2022-09-19T15:01:43Z","perimeter_edit_time_utc":"2023-03-14T15:13:42Z","incident_modified_time_utc":"2022-09-02T18:02:31Z","containment_time_utc":"2022-09-02T14:50:00Z","control_time_utc":"2022-09-02T14:55:00Z","fire_out_time_utc":"2022-09-02T15:00:00Z","fire_cause":"Human","fire_cause_general":"Arson","map_method":"Hand Sketch","source_dataset":"FFP","unique_fire_identifier":"2022-MSMNF-000369","irwin_id":"{5FADCB4E-D89C-4B3B-AAEF-BD47B85FD443}","global_id":"97a8d67b-2665-401f-891e-4693bd0941ef"}},{"type":"Feature","geometry":{"type":"Polygon","coordinates":[[[-88.99506,30.93498],[-88.99494,30.93519],[-88.99509,30.93575],[-88.99431,30.93546],[-88.99438,30.9353],[-88.99506,30.93498]]]},"properties":{"fire_id":"ufid:2022-MSMNF-000161","source_collection":"history-2022","source_objectid":6470,"incident_name":"Bug Branch 4","mapped_acres":0.84,"mapped_acres_source":"poly_GISAcres","gis_acres":0.84,"auto_acres":0.8547734756594078,"reported_acres":1.0,"percent_contained":null,"state":"MS","state_wfigs":"US-MS","county":"Perry","discovery_time_utc":"2022-02-20T17:04:00Z","perimeter_time_utc":"2022-07-12T14:31:31Z","perimeter_edit_time_utc":"2023-03-14T15:13:42Z","incident_modified_time_utc":"2022-02-25T21:39:05Z","containment_time_utc":"2022-02-23T20:46:00Z","control_time_utc":"2022-02-23T20:46:00Z","fire_out_time_utc":"2022-02-23T20:46:00Z","fire_cause":"Human","fire_cause_general":"Arson","map_method":"Hand Sketch","source_dataset":"FFP","unique_fire_identifier":"2022-MSMNF-000161","irwin_id":"{0D8C3C33-D385-4152-B768-87BDCE543CF4}","global_id":"452d2ac0-7c09-475a-94ac-83e581e72c7d"}},{"type":"Feature","geometry":{"type":"MultiPolygon","coordinates":[[[[-89.05468,31.56859],[-89.05309,31.56875],[-89.05265,31.56869],[-89.05251,31.56859],[-89.05263,31.5684],[-89.05241,31.56797],[-89.05244,31.5675],[-89.05262,31.56745],[-89.05293,31.56763],[-89.05384,31.56731],[-89.05408,31.56737],[-89.05409,31.56767],[-89.05457,31.56798],[-89.05468,31.56859]]],[[[-89.05468,31.56859],[-89.05476,31.56861],[-89.05473,31.56867],[-89.05468,31.56859]]]]},"properties":{"fire_id":"ufid:2022-MSMNF-000114","source_collection":"history-2022","source_objectid":6548,"incident_name":"Wildow Landrum Fire","mapped_acres":6.3,"mapped_acres_source":"poly_GISAcres","gis_acres":6.3,"auto_acres":6.310392832960933,"reported_acres":6.45,"percent_contained":null,"state":"MS","state_wfigs":"US-MS","county":"Jones","discovery_time_utc":"2022-02-12T20:28:00Z","perimeter_time_utc":"2022-08-05T21:11:26Z","perimeter_edit_time_utc":"2023-03-14T15:13:42Z","incident_modified_time_utc":"2022-03-05T17:38:24Z","containment_time_utc":"2022-02-12T22:54:00Z","control_time_utc":"2022-02-15T14:00:00Z","fire_out_time_utc":"2022-02-15T14:00:00Z","fire_cause":"Human","fire_cause_general":"Arson","map_method":"GPS-Walked","source_dataset":"FFP","unique_fire_identifier":"2022-MSMNF-000114","irwin_id":"{D67B36B9-3A66-49D4-BB3F-A4A9F4BDC419}","global_id":"53b4cba2-240a-44fe-ac46-619c5da52f7e"}},{"type":"Feature","geometry":{"type":"Polygon","coordinates":[[[-88.95561,30.81169],[-88.95634,30.81166],[-88.95638,30.813],[-88.95554,30.8138],[-88.95487,30.81387],[-88.95396,30.81463],[-88.95338,30.81474],[-88.95305,30.81438],[-88.95328,30.81411],[-88.9528,30.8136],[-88.95294,30.81345],[-88.95293,30.81309],[-88.95272,30.81273],[-88.95403,30.81189],[-88.95487,30.81198],[-88.95552,30.81187],[-88.95561,30.81169]]]},"properties":{"fire_id":"ufid:2022-MSMNF-000272","source_collection":"history-2022","source_objectid":6610,"incident_name":"Pat fire","mapped_acres":13.84,"mapped_acres_source":"poly_GISAcres","gis_acres":13.84,"auto_acres":18.89054793090537,"reported_acres":14.0,"percent_contained":null,"state":"MS","state_wfigs":"US-MS","county":"Stone","discovery_time_utc":"2022-03-28T12:13:00Z","perimeter_time_utc":"2022-07-06T13:49:38Z","perimeter_edit_time_utc":"2023-03-14T15:13:42Z","incident_modified_time_utc":"2022-06-22T15:26:30Z","containment_time_utc":"2022-03-29T20:38:00Z","control_time_utc":"2022-03-31T14:56:00Z","fire_out_time_utc":"2022-04-10T21:48:00Z","fire_cause":"Human","fire_cause_general":"Arson","map_method":"Mixed Methods","source_dataset":"FFP","unique_fire_identifier":"2022-MSMNF-000272","irwin_id":"{BB5E101F-ACC9-4A55-B1BB-A32DFBC00CC1}","global_id":"7e134eae-c412-4592-a8f1-54f9c05795c2"}},{"type":"Feature","geometry":{"type":"Polygon","coordinates":[[[-89.11357,34.82248],[-89.11322,34.82117],[-89.11328,34.82063],[-89.1135,34.82024],[-89.11383,34.82019],[-89.1149,34.81918],[-89.11533,34.81756],[-89.11521,34.81725],[-89.11494,34.81709],[-89.1149,34.81683],[-89.11529,34.81695],[-89.11546,34.81687],[-89.11563,34.81774],[-89.11527,34.8186],[-89.11546,34.81955],[-89.11522,34.82017],[-89.11519,34.82154],[-89.11474,34.82254],[-89.11357,34.82248]]]},"properties":{"fire_id":"ufid:2022-MSMNF-000208","source_collection":"history-2022","source_objectid":6734,"incident_name":"Friendship","mapped_acres":14.65,"mapped_acres_source":"poly_GISAcres","gis_acres":14.65,"auto_acres":14.645319150437885,"reported_acres":42.0,"percent_contained":null,"state":"MS","state_wfigs":"US-MS","county":"Benton","discovery_time_utc":"2022-03-07T00:12:00Z","perimeter_time_utc":"2022-08-03T15:41:28Z","perimeter_edit_time_utc":"2023-03-14T15:13:42Z","incident_modified_time_utc":"2022-03-07T13:08:18Z","containment_time_utc":"2022-03-07T03:24:00Z","control_time_utc":null,"fire_out_time_utc":"2022-03-27T15:29:00Z","fire_cause":"Human","fire_cause_general":null,"map_method":"Hand Sketch","source_dataset":"FFP","unique_fire_identifier":"2022-MSMNF-000208","irwin_id":"{1D31FF0F-00C8-42AC-ADA1-066DD745FBC0}","global_id":"26cf1d0e-4a3f-49b4-a32a-7707bbdb239b"}},{"type":"Feature","geometry":{"type":"Polygon","coordinates":[[[-89.0582,31.06757],[-89.05735,31.06756],[-89.05457,31.06682],[-89.05416,31.0665],[-89.05398,31.06589],[-89.05449,31.06455],[-89.05502,31.0638],[-89.05616,31.06265],[-89.05636,31.06133],[-89.05755,31.05965],[-89.05878,31.05824],[-89.0609,31.05683],[-89.06239,31.05639],[-89.06357,31.05581],[-89.06445,31.05374],[-89.06589,31.0544],[-89.06687,31.05599],[-89.06702,31.05762],[-89.06615,31.05851],[-89.06563,31.05873],[-89.06476,31.06071],[-89.06476,31.06477],[-89.0645,31.06578],[-89.06301,31.06636],[-89.05981,31.06649],[-89.05868,31.06742],[-89.0582,31.06757]]]},"properties":{"fire_id":"ufid:2022-MSMNF-000066","source_collection":"history-2022","source_objectid":6854,"incident_name":"RD 305E","mapped_acres":248.3415630347656,"mapped_acres_source":"poly_Acres_AutoCalc_fallback","gis_acres":null,"auto_acres":248.3415630347656,"reported_acres":248.0,"percent_contained":null,"state":"MS","state_wfigs":"US-MS","county":"Perry","discovery_time_utc":"2022-01-31T21:21:00Z","perimeter_time_utc":null,"perimeter_edit_time_utc":"2023-03-14T15:13:42Z","incident_modified_time_utc":"2022-02-05T21:36:08Z","containment_time_utc":"2022-02-02T22:53:00Z","control_time_utc":"2022-02-02T22:53:00Z","fire_out_time_utc":"2022-02-04T16:00:00Z","fire_cause":"Human","fire_cause_general":"Recreation and ceremony","map_method":"Hand Sketch","source_dataset":"FFP","unique_fire_identifier":"2022-MSMNF-000066","irwin_id":"{A41C72B0-07F6-4D0B-B36F-4262D6DF2A1C}","global_id":"f1414302-6e62-4ee7-8aa8-b62d2214de0a"}},{"type":"Feature","geometry":{"type":"Polygon","coordinates":[[[-88.7399,31.49298],[-88.74101,31.49332],[-88.74215,31.49405],[-88.74233,31.49465],[-88.74214,31.49569],[-88.7399,31.49298]]]},"properties":{"fire_id":"ufid:2022-MSMNF-000363","source_collection":"history-2022","source_objectid":6866,"incident_name":"Crawfish","mapped_acres":10.0,"mapped_acres_source":"poly_GISAcres","gis_acres":10.0,"auto_acres":6.0592295021788365,"reported_acres":10.0,"percent_contained":null,"state":"MS","state_wfigs":"US-MS","county":"Wayne","discovery_time_utc":"2022-05-21T04:01:00Z","perimeter_time_utc":"2022-06-24T16:40:57Z","perimeter_edit_time_utc":"2023-03-14T15:13:42Z","incident_modified_time_utc":"2022-05-21T04:29:17Z","containment_time_utc":"2022-05-21T04:50:00Z","control_time_utc":"2022-05-24T13:00:00Z","fire_out_time_utc":"2022-05-27T13:01:00Z","fire_cause":"Human","fire_cause_general":"Arson","map_method":"Hand Sketch","source_dataset":"FFP","unique_fire_identifier":"2022-MSMNF-000363","irwin_id":"{266639BD-1405-47F3-A36B-2710C856E3BC}","global_id":"68dcd79a-19cd-4b3d-af1f-315c5ac9d7d1"}},{"type":"Feature","geometry":{"type":"MultiPolygon","coordinates":[[[[-88.77578,31.44353],[-88.77518,31.44404],[-88.7747,31.44408],[-88.7747,31.44216],[-88.77493,31.44218],[-88.7751,31.44254],[-88.77557,31.4428],[-88.77565,31.44303],[-88.77578,31.44353]],[[-88.775644,31.443058],[-88.775646,31.443063],[-88.77565,31.44306],[-88.775644,31.443058]]],[[[-88.77519,31.44405],[-88.77517,31.44405],[-88.77518,31.44404],[-88.77519,31.44405]]],[[[-88.77517,31.44405],[-88.77513,31.4441],[-88.77511,31.44407],[-88.77517,31.44405]]],[[[-88.77507,31.44237],[-88.77504,31.44236],[-88.77505,31.44235],[-88.77507,31.44237]]],[[[-88.77507,31.4424],[-88.77503,31.44237],[-88.77504,31.44236],[-88.77507,31.4424]]],[[[-88.77466,31.4436],[-88.77465,31.44357],[-88.77466,31.44355],[-88.77466,31.4436]]],[[[-88.77509,31.44409],[-88.77507,31.44408],[-88.77511,31.44405],[-88.77509,31.44409]]],[[[-88.77513,31.4441],[-88.77505,31.44417],[-88.77509,31.44409],[-88.77513,31.4441]]]]},"properties":{"fire_id":"ufid:2022-MSMNF-000130","source_collection":"history-2022","source_objectid":6960,"incident_name":"Brewertown Fire","mapped_acres":3.9,"mapped_acres_source":"poly_GISAcres","gis_acres":3.9,"auto_acres":3.881060212034544,"reported_acres":4.0,"percent_contained":null,"state":"MS","state_wfigs":"US-MS","county":"Wayne","discovery_time_utc":"2022-02-14T20:22:00Z","perimeter_time_utc":"2022-08-05T21:11:04Z","perimeter_edit_time_utc":"2023-03-14T15:13:42Z","incident_modified_time_utc":"2022-02-14T22:07:48Z","containment_time_utc":"2022-02-14T22:25:00Z","control_time_utc":"2022-02-18T14:00:00Z","fire_out_time_utc":"2022-02-18T14:00:00Z","fire_cause":"Human","fire_cause_general":"Arson","map_method":"GPS-Walked","source_dataset":"FFP","unique_fire_identifier":"2022-MSMNF-000130","irwin_id":"{00D15334-5A55-465A-B880-8C554479E07B}","global_id":"73d3e0ee-beeb-402c-97ee-ed3a1661c786"}},{"type":"Feature","geometry":{"type":"Polygon","coordinates":[[[-88.95641,30.817],[-88.95639,30.81651],[-88.95664,30.81683],[-88.95641,30.817]]]},"properties":{"fire_id":"ufid:2022-MSMNF-000236","source_collection":"history-2022","source_objectid":6985,"incident_name":"Hickman 2","mapped_acres":0.14130535871465902,"mapped_acres_source":"poly_Acres_AutoCalc_fallback","gis_acres":null,"auto_acres":0.14130535871465902,"reported_acres":0.1,"percent_contained":null,"state":"MS","state_wfigs":"US-MS","county":"Stone","discovery_time_utc":"2022-03-19T15:57:00Z","perimeter_time_utc":"2022-06-22T16:22:14Z","perimeter_edit_time_utc":"2023-03-14T15:13:42Z","incident_modified_time_utc":"2022-06-22T15:50:11Z","containment_time_utc":"2022-03-19T16:40:00Z","control_time_utc":"2022-03-21T01:00:00Z","fire_out_time_utc":"2022-04-10T21:48:00Z","fire_cause":"Undetermined","fire_cause_general":null,"map_method":"Mixed Methods","source_dataset":"FFP","unique_fire_identifier":"2022-MSMNF-000236","irwin_id":"{3E86085E-A773-49B9-BADC-9FE6931F31EC}","global_id":"3dd6ec45-a327-4ba6-82a0-02367ec070d3"}},{"type":"Feature","geometry":{"type":"Polygon","coordinates":[[[-89.17847,31.02445],[-89.17918,31.02454],[-89.17971,31.02528],[-89.17912,31.0256],[-89.17854,31.0256],[-89.1782,31.02594],[-89.17788,31.02591],[-89.17766,31.02498],[-89.17811,31.02458],[-89.17847,31.02445]]]},"properties":{"fire_id":"ufid:2022-MSMNF-000459","source_collection":"history-2022","source_objectid":7120,"incident_name":"Home Town","mapped_acres":5.198693822758103,"mapped_acres_source":"poly_Acres_AutoCalc_fallback","gis_acres":null,"auto_acres":5.198693822758103,"reported_acres":5.0,"percent_contained":null,"state":"MS","state_wfigs":"US-MS","county":"Forrest","discovery_time_utc":"2022-11-05T13:26:00Z","perimeter_time_utc":"2022-11-09T19:10:31Z","perimeter_edit_time_utc":"2023-03-14T15:13:42Z","incident_modified_time_utc":"2022-11-08T17:39:37Z","containment_time_utc":"2022-11-07T18:00:00Z","control_time_utc":"2022-11-07T18:00:00Z","fire_out_time_utc":"2022-11-08T18:00:00Z","fire_cause":"Human","fire_cause_general":"Arson","map_method":"Mixed Methods","source_dataset":"FFP","unique_fire_identifier":"2022-MSMNF-000459","irwin_id":"{615C5F15-437B-4802-85A2-04F2624F1F7E}","global_id":"9f123aab-1563-4b01-a669-3fbaf577d83d"}},{"type":"Feature","geometry":{"type":"Polygon","coordinates":[[[-89.08093,30.54759],[-89.08081,30.54626],[-89.08014,30.54491],[-89.07996,30.54298],[-89.08002,30.5398],[-89.07896,30.53944],[-89.07839,30.53908],[-89.07879,30.53871],[-89.0797,30.53911],[-89.08134,30.53867],[-89.08247,30.53859],[-89.08463,30.53954],[-89.08738,30.53966],[-89.08826,30.5411],[-89.08985,30.54205],[-89.0905,30.54259],[-89.09036,30.54397],[-89.08704,30.54395],[-89.08691,30.55182],[-89.08628,30.55281],[-89.08611,30.55351],[-89.08457,30.5552],[-89.0844,30.55361],[-89.08384,30.55243],[-89.08316,30.55156],[-89.08269,30.55124],[-89.0822,30.55039],[-89.08156,30.54861],[-89.08093,30.54759]]]},"properties":{"fire_id":"ufid:2022-MSMNF-000315","source_collection":"history-2022","source_objectid":7359,"incident_name":"Palmer Creek","mapped_acres":1.0,"mapped_acres_source":"poly_GISAcres","gis_acres":1.0,"auto_acres":248.5811728291923,"reported_acres":249.0,"percent_contained":null,"state":"MS","state_wfigs":"US-MS","county":"Harrison","discovery_time_utc":"2022-04-23T01:17:00Z","perimeter_time_utc":"2022-06-22T15:59:30Z","perimeter_edit_time_utc":"2023-03-14T15:13:42Z","incident_modified_time_utc":"2022-06-22T14:38:47Z","containment_time_utc":"2022-04-23T23:30:00Z","control_time_utc":"2022-05-13T22:30:00Z","fire_out_time_utc":"2022-05-13T23:00:00Z","fire_cause":"Human","fire_cause_general":"Arson","map_method":"Hand Sketch","source_dataset":"FFP","unique_fire_identifier":"2022-MSMNF-000315","irwin_id":"{7CEF0558-47B4-4DC5-B765-C1C38A085EF1}","global_id":"9fba5730-fa98-4cb3-96c7-86559c8efbd3"}},{"type":"Feature","geometry":{"type":"Polygon","coordinates":[[[-89.10346,31.14206],[-89.10144,31.14162],[-89.10033,31.14127],[-89.09977,31.14094],[-89.09897,31.14028],[-89.09549,31.13827],[-89.09557,31.13774],[-89.09534,31.13719],[-89.09564,31.13702],[-89.09629,31.13728],[-89.09691,31.1373],[-89.09886,31.13708],[-89.09941,31.13728],[-89.09966,31.13832],[-89.10018,31.13886],[-89.10068,31.13898],[-89.10126,31.13938],[-89.10237,31.14116],[-89.10374,31.14158],[-89.10346,31.14206]]]},"properties":{"fire_id":"ufid:2022-MSMNF-000039","source_collection":"history-2022","source_objectid":7463,"incident_name":"Range 50","mapped_acres":40.20095667061389,"mapped_acres_source":"poly_Acres_AutoCalc_fallback","gis_acres":null,"auto_acres":40.20095667061389,"reported_acres":40.0,"percent_contained":null,"state":"MS","state_wfigs":"US-MS","county":"Perry","discovery_time_utc":"2022-01-28T21:08:00Z","perimeter_time_utc":null,"perimeter_edit_time_utc":"2023-03-14T15:13:42Z","incident_modified_time_utc":"2022-02-04T21:17:32Z","containment_time_utc":"2022-01-29T16:39:00Z","control_time_utc":"2022-02-04T14:00:00Z","fire_out_time_utc":"2022-02-04T15:00:00Z","fire_cause":"Human","fire_cause_general":"Recreation and ceremony","map_method":"Hand Sketch","source_dataset":"FFP","unique_fire_identifier":"2022-MSMNF-000039","irwin_id":"{FFA7D455-A743-444E-9DD4-41C63A3DC6CA}","global_id":"b445e248-95b6-451f-b529-092525490455"}},{"type":"Feature","geometry":{"type":"Polygon","coordinates":[[[-88.92896,31.08096],[-88.92951,31.08082],[-88.92999,31.08043],[-88.92999,31.07931],[-88.93054,31.07924],[-88.93143,31.07994],[-88.9319,31.08108],[-88.93152,31.08179],[-88.92965,31.08135],[-88.92896,31.08096]]]},"properties":{"fire_id":"ufid:2022-MSMNF-000460","source_collection":"history-2022","source_objectid":7516,"incident_name":"Bob White","mapped_acres":10.0,"mapped_acres_source":"poly_GISAcres","gis_acres":10.0,"auto_acres":10.363525006581614,"reported_acres":10.0,"percent_contained":null,"state":"MS","state_wfigs":"US-MS","county":"Perry","discovery_time_utc":"2022-11-05T16:18:00Z","perimeter_time_utc":"2022-11-22T15:57:02Z","perimeter_edit_time_utc":"2023-03-14T15:13:42Z","incident_modified_time_utc":"2022-11-22T15:55:30Z","containment_time_utc":"2022-11-09T20:01:00Z","control_time_utc":"2022-11-20T15:30:00Z","fire_out_time_utc":"2022-11-22T15:30:00Z","fire_cause":"Human","fire_cause_general":"Arson","map_method":"Hand Sketch","source_dataset":"FFP","unique_fire_identifier":"2022-MSMNF-000460","irwin_id":"{D4EE8C78-00BA-4635-BE3B-2FD03342D794}","global_id":"73272d8d-e03e-4874-88e9-cb2ed21bed57"}},{"type":"Feature","geometry":{"type":"Polygon","coordinates":[[[-89.51837,32.28613],[-89.51844,32.28603],[-89.51657,32.28638],[-89.51549,32.28626],[-89.51452,32.28594],[-89.51388,32.28557],[-89.51378,32.28422],[-89.5141,32.28381],[-89.51574,32.283],[-89.51644,32.2838],[-89.51774,32.28495],[-89.51873,32.28552],[-89.51854,32.28611],[-89.51837,32.28613]]]},"properties":{"fire_id":"ufid:2022-MSMNF-000123","source_collection":"history-2022","source_objectid":7539,"incident_name":"barber creek","mapped_acres":25.96,"mapped_acres_source":"poly_GISAcres","gis_acres":25.96,"auto_acres":25.9610830187456,"reported_acres":27.5,"percent_contained":null,"state":"MS","state_wfigs":"US-MS","county":"Scott","discovery_time_utc":"2022-02-13T22:36:00Z","perimeter_time_utc":"2022-08-05T20:50:08Z","perimeter_edit_time_utc":"2023-03-14T15:13:42Z","incident_modified_time_utc":"2022-03-05T17:40:56Z","containment_time_utc":"2022-02-13T23:57:00Z","control_time_utc":null,"fire_out_time_utc":"2022-02-23T18:00:00Z","fire_cause":"Human","fire_cause_general":"Arson","map_method":"Mixed Methods","source_dataset":"FFP","unique_fire_identifier":"2022-MSMNF-000123","irwin_id":"{FBBAD160-C644-46D6-B188-290BDB2A1B7F}","global_id":"0e733ad4-3d0f-4331-a851-4400b58f14c7"}},{"type":"Feature","geometry":{"type":"Polygon","coordinates":[[[-88.92543,33.94219],[-88.92532,33.94187],[-88.92595,33.94188],[-88.92597,33.94212],[-88.92543,33.94219]]]},"properties":{"fire_id":"ufid:2022-MSNAP-000380","source_collection":"history-2022","source_objectid":7610,"incident_name":"Pioneer","mapped_acres":1.0,"mapped_acres_source":"poly_GISAcres","gis_acres":1.0,"auto_acres":0.42250270786707955,"reported_acres":0.42,"percent_contained":null,"state":"MS","state_wfigs":"US-MS","county":"Chickasaw","discovery_time_utc":"2022-09-15T20:00:00Z","perimeter_time_utc":"2022-12-12T19:12:58Z","perimeter_edit_time_utc":"2023-03-14T15:13:42Z","incident_modified_time_utc":"2022-09-15T22:07:39Z","containment_time_utc":"2022-09-15T22:00:00Z","control_time_utc":"2022-09-15T22:01:00Z","fire_out_time_utc":"2022-09-15T22:10:00Z","fire_cause":"Human","fire_cause_general":"Equipment and vehicle use","map_method":"Hand Sketch","source_dataset":"FFP","unique_fire_identifier":"2022-MSNAP-000380","irwin_id":"{B637AC03-BB2E-443B-842B-5D19EFC88A5B}","global_id":"8109b08a-f3f1-4609-9025-469cbadfedee"}},{"type":"Feature","geometry":{"type":"MultiPolygon","coordinates":[[[[-88.77712,31.59615],[-88.7772,31.59626],[-88.77718,31.59671],[-88.77712,31.59615]]],[[[-88.77688,31.59818],[-88.77665,31.59858],[-88.77616,31.599],[-88.77597,31.59948],[-88.77603,31.60084],[-88.77702,31.60104],[-88.77773,31.60145],[-88.77827,31.60221],[-88.7778,31.60239],[-88.77814,31.60291],[-88.77818,31.60341],[-88.77688,31.60378],[-88.77609,31.60341],[-88.77609,31.60401],[-88.77327,31.60458],[-88.77317,31.60243],[-88.77355,31.60182],[-88.77343,31.6004],[-88.77221,31.59994],[-88.77155,31.5995],[-88.76956,31.59713],[-88.76893,31.5969],[-88.76814,31.59684],[-88.76614,31.59615],[-88.76518,31.59549],[-88.76492,31.59502],[-88.76312,31.59431],[-88.76271,31.59391],[-88.762,31.59372],[-88.76282,31.5933],[-88.76365,31.59322],[-88.76502,31.59272],[-88.76549,31.59295],[-88.76617,31.59301],[-88.7669,31.59287],[-88.76746,31.59297],[-88.7688,31.59345],[-88.77045,31.59297],[-88.77169,31.59276],[-88.77316,31.59278],[-88.77368,31.59314],[-88.77425,31.59321],[-88.77472,31.59288],[-88.77565,31.59274],[-88.77611,31.59308],[-88.7761,31.5946],[-88.77648,31.59518],[-88.77703,31.59568],[-88.77718,31.59672],[-88.77688,31.59818]]]]},"properties":{"fire_id":"ufid:2022-MSMNF-000200","source_collection":"history-2022","source_objectid":7620,"incident_name":"Clara","mapped_acres":212.54603539427634,"mapped_acres_source":"poly_Acres_AutoCalc_fallback","gis_acres":null,"auto_acres":212.54603539427634,"reported_acres":213.0,"percent_contained":null,"state":"MS","state_wfigs":"US-MS","county":"Wayne","discovery_time_utc":"2022-03-05T18:13:00Z","perimeter_time_utc":"2022-09-19T15:20:51Z","perimeter_edit_time_utc":"2023-03-14T15:13:42Z","incident_modified_time_utc":"2022-09-02T18:24:52Z","containment_time_utc":"2022-09-02T14:50:00Z","control_time_utc":"2022-09-02T14:55:00Z","fire_out_time_utc":"2022-09-02T15:00:00Z","fire_cause":"Human","fire_cause_general":"Arson","map_method":"Mixed Methods","source_dataset":"FFP","unique_fire_identifier":"2022-MSMNF-000200","irwin_id":"{4778ABE4-E39C-44EC-8140-69858C7BE4B8}","global_id":"cac47f71-d4b8-4217-bc1e-b05a0371b213"}},{"type":"Feature","geometry":{"type":"Polygon","coordinates":[[[-88.94684,30.63975],[-88.94723,30.63952],[-88.9476,30.63961],[-88.94761,30.63989],[-88.94735,30.63995],[-88.9472,30.64014],[-88.94687,30.64007],[-88.94684,30.63975]]]},"properties":{"fire_id":"ufid:2022-MSMNF-000278","source_collection":"history-2022","source_objectid":7897,"incident_name":"HURRICANE BAY","mapped_acres":1.0,"mapped_acres_source":"poly_GISAcres","gis_acres":1.0,"auto_acres":0.8499689118029853,"reported_acres":2.34,"percent_contained":null,"state":"MS","state_wfigs":"US-MS","county":"Harrison","discovery_time_utc":"2022-04-01T16:26:00Z","perimeter_time_utc":"2022-07-06T16:16:42Z","perimeter_edit_time_utc":"2023-03-14T15:13:42Z","incident_modified_time_utc":"2022-06-22T14:48:45Z","containment_time_utc":"2022-04-01T20:50:00Z","control_time_utc":"2022-04-07T19:30:00Z","fire_out_time_utc":"2022-05-13T23:00:00Z","fire_cause":"Human","fire_cause_general":"Arson","map_method":"Hand Sketch","source_dataset":"FFP","unique_fire_identifier":"2022-MSMNF-000278","irwin_id":"{4D08E5A8-54C1-4C62-9E90-656262470033}","global_id":"10d6be18-a962-43f5-9dfc-165177901415"}},{"type":"Feature","geometry":{"type":"Polygon","coordinates":[[[-88.74694,31.50092],[-88.74572,31.50182],[-88.74509,31.50194],[-88.74428,31.50158],[-88.74562,31.5012],[-88.74576,31.50072],[-88.74616,31.50045],[-88.74649,31.50052],[-88.74694,31.50092]]]},"properties":{"fire_id":"ufid:2022-MSMNF-000086","source_collection":"history-2022","source_objectid":7902,"incident_name":"247","mapped_acres":4.15,"mapped_acres_source":"poly_GISAcres","gis_acres":4.15,"auto_acres":4.146906062582638,"reported_acres":3.0,"percent_contained":null,"state":"MS","state_wfigs":"US-MS","county":"Wayne","discovery_time_utc":"2022-02-08T19:00:00Z","perimeter_time_utc":"2022-08-05T20:50:02Z","perimeter_edit_time_utc":"2023-03-14T15:13:42Z","incident_modified_time_utc":"2022-02-13T19:47:20Z","containment_time_utc":"2022-02-08T21:01:00Z","control_time_utc":null,"fire_out_time_utc":"2022-02-10T14:00:00Z","fire_cause":"Human","fire_cause_general":"Arson","map_method":"GPS-Walked","source_dataset":"FFP","unique_fire_identifier":"2022-MSMNF-000086","irwin_id":"{DC334277-61FB-4E17-9CE3-FFA3B15ED775}","global_id":"33925c74-c4f5-482b-8f9c-7c9efba15b1d"}},{"type":"Feature","geometry":{"type":"Polygon","coordinates":[[[-89.04808,30.55119],[-89.04833,30.54954],[-89.04978,30.54967],[-89.05066,30.55039],[-89.04998,30.55142],[-89.04932,30.55168],[-89.04826,30.55139],[-89.04808,30.55119]]]},"properties":{"fire_id":"ufid:2022-MSMNF-000472","source_collection":"history-2022","source_objectid":7927,"incident_name":"Question","mapped_acres":10.69,"mapped_acres_source":"poly_GISAcres","gis_acres":10.69,"auto_acres":10.693340168258368,"reported_acres":4.0,"percent_contained":null,"state":"MS","state_wfigs":"US-MS","county":"Harrison","discovery_time_utc":"2022-12-27T19:46:00Z","perimeter_time_utc":"2023-01-04T13:20:37Z","perimeter_edit_time_utc":"2023-03-14T15:13:42Z","incident_modified_time_utc":"2022-12-29T15:04:25Z","containment_time_utc":"2022-12-28T16:35:00Z","control_time_utc":"2022-12-31T15:00:00Z","fire_out_time_utc":"2023-01-03T19:45:00Z","fire_cause":"Human","fire_cause_general":"Arson","map_method":"Hand Sketch","source_dataset":"FFP","unique_fire_identifier":"2022-MSMNF-000472","irwin_id":"{CE71B9FD-607F-4914-9F26-541D217DBA08}","global_id":"5a999558-79ba-4c23-8c50-6b1aab4a51f5"}},{"type":"Feature","geometry":{"type":"Polygon","coordinates":[[[-88.99106,31.01131],[-88.99367,31.01129],[-88.99368,31.01023],[-88.99396,31.0108],[-88.99395,31.01128],[-88.99379,31.01145],[-88.99243,31.01173],[-88.99168,31.01165],[-88.99106,31.01131]]]},"properties":{"fire_id":"ufid:2022-MSMNF-000237","source_collection":"history-2022","source_objectid":8435,"incident_name":"Patterson","mapped_acres":7.61,"mapped_acres_source":"poly_GISAcres","gis_acres":7.61,"auto_acres":2.7377628218265966,"reported_acres":2.85,"percent_contained":null,"state":"MS","state_wfigs":"US-MS","county":"Perry","discovery_time_utc":"2022-03-19T22:01:00Z","perimeter_time_utc":"2022-07-12T17:24:54Z","perimeter_edit_time_utc":"2023-03-14T15:13:42Z","incident_modified_time_utc":"2022-04-01T14:37:04Z","containment_time_utc":"2022-03-20T18:00:00Z","control_time_utc":"2022-04-01T14:30:00Z","fire_out_time_utc":"2022-04-30T17:00:00Z","fire_cause":"Human","fire_cause_general":"Debris and open burning","map_method":"Hand Sketch","source_dataset":"FFP","unique_fire_identifier":"2022-MSMNF-000237","irwin_id":"{92B7DF7E-CB1D-4056-B17F-703FE4278F7E}","global_id":"803e6734-9abb-4986-afd8-652ee7e39bd9"}},{"type":"Feature","geometry":{"type":"Polygon","coordinates":[[[-88.77636,31.49677],[-88.77702,31.49715],[-88.77748,31.49801],[-88.77586,31.49787],[-88.77636,31.49677]]]},"properties":{"fire_id":"ufid:2022-MSMNF-000362","source_collection":"history-2022","source_objectid":8493,"incident_name":"Hushpuppy","mapped_acres":2.0,"mapped_acres_source":"poly_GISAcres","gis_acres":2.0,"auto_acres":2.966400104659164,"reported_acres":2.0,"percent_contained":null,"state":"MS","state_wfigs":"US-MS","county":"Wayne","discovery_time_utc":"2022-05-21T03:58:00Z","perimeter_time_utc":"2022-06-24T16:26:07Z","perimeter_edit_time_utc":"2023-03-14T15:13:42Z","incident_modified_time_utc":"2022-05-21T20:53:14Z","containment_time_utc":"2022-05-21T04:40:00Z","control_time_utc":"2022-05-24T13:00:00Z","fire_out_time_utc":"2022-05-27T13:00:00Z","fire_cause":"Human","fire_cause_general":"Arson","map_method":"Hand Sketch","source_dataset":"FFP","unique_fire_identifier":"2022-MSMNF-000362","irwin_id":"{C4024CCF-262D-421B-8126-8488B8186D0A}","global_id":"f9059a14-2e83-45b1-a6c5-7f28045b2e59"}},{"type":"Feature","geometry":{"type":"MultiPolygon","coordinates":[[[[-88.97762,31.08955],[-88.97743,31.08954],[-88.97746,31.08998],[-88.97775,31.09016],[-88.97771,31.09037],[-88.97716,31.09128],[-88.97579,31.0928],[-88.97504,31.0939],[-88.97463,31.09404],[-88.97364,31.09356],[-88.97233,31.09348],[-88.97243,31.09315],[-88.97229,31.09299],[-88.97233,31.09232],[-88.97249,31.09174],[-88.97269,31.09166],[-88.97251,31.09147],[-88.97259,31.09118],[-88.97221,31.09082],[-88.97219,31.09063],[-88.97243,31.09047],[-88.97259,31.09006],[-88.9729,31.08994],[-88.97308,31.08965],[-88.97381,31.08929],[-88.97442,31.08934],[-88.97517,31.08904],[-88.97689,31.08909],[-88.97751,31.08937],[-88.97762,31.08955]]],[[[-88.97234,31.09349],[-88.97236,31.0935],[-88.97235,31.09353],[-88.97234,31.09349]]]]},"properties":{"fire_id":"ufid:2022-MSMNF-000059","source_collection":"history-2022","source_objectid":8533,"incident_name":"303-B final","mapped_acres":49.3680512342489,"mapped_acres_source":"poly_Acres_AutoCalc_fallback","gis_acres":null,"auto_acres":49.3680512342489,"reported_acres":49.4,"percent_contained":null,"state":"MS","state_wfigs":"US-MS","county":"Perry","discovery_time_utc":"2022-01-31T15:02:00Z","perimeter_time_utc":"2022-02-01T21:15:00Z","perimeter_edit_time_utc":"2023-03-14T15:13:42Z","incident_modified_time_utc":"2022-02-05T21:19:40Z","containment_time_utc":"2022-01-31T20:22:00Z","control_time_utc":"2022-02-03T19:09:00Z","fire_out_time_utc":"2022-02-04T16:00:00Z","fire_cause":"Human","fire_cause_general":"Recreation and ceremony","map_method":"Mixed Methods","source_dataset":"FFP","unique_fire_identifier":"2022-MSMNF-000059","irwin_id":"{664E698E-CC86-4522-9039-55A28C73751F}","global_id":"044e2466-a29b-42b2-9662-f32fe507f7f0"}},{"type":"Feature","geometry":{"type":"Polygon","coordinates":[[[-88.35899,34.50175],[-88.35948,34.5015],[-88.36002,34.50153],[-88.36033,34.50191],[-88.35937,34.50246],[-88.35907,34.50234],[-88.35899,34.50175]]]},"properties":{"fire_id":"ufid:2022-MSNAP-000456","source_collection":"history-2022","source_objectid":8604,"incident_name":"Soggy Bottom","mapped_acres":1.0,"mapped_acres_source":"poly_GISAcres","gis_acres":1.0,"auto_acres":2.1032498888915283,"reported_acres":2.0,"percent_contained":null,"state":"MS","state_wfigs":"US-MS","county":"Prentiss","discovery_time_utc":"2022-11-03T13:10:00Z","perimeter_time_utc":"2023-11-15T19:31:13Z","perimeter_edit_time_utc":"2023-11-15T19:31:13Z","incident_modified_time_utc":"2022-11-06T19:55:35Z","containment_time_utc":"2022-11-05T08:00:00Z","control_time_utc":"2022-11-05T18:00:00Z","fire_out_time_utc":"2022-12-12T19:21:00Z","fire_cause":"Human","fire_cause_general":"Arson","map_method":"Hand Sketch","source_dataset":"FFP","unique_fire_identifier":"2022-MSNAP-000456","irwin_id":"{6ED8135F-EA23-45E0-89B3-0823E6704F4D}","global_id":"e941a7a1-3d39-45cd-a3d9-b98a5772abfe"}},{"type":"Feature","geometry":{"type":"Polygon","coordinates":[[[-88.76924,31.45822],[-88.77042,31.45883],[-88.77071,31.46009],[-88.77013,31.45985],[-88.76977,31.46043],[-88.76956,31.4619],[-88.76903,31.46264],[-88.76908,31.4635],[-88.76811,31.46384],[-88.7678,31.46312],[-88.76782,31.46228],[-88.7681,31.46117],[-88.76924,31.45822]]]},"properties":{"fire_id":"ufid:2022-MSMNF-000201","source_collection":"history-2022","source_objectid":8735,"incident_name":"Brewtown A Fire","mapped_acres":20.319482947008463,"mapped_acres_source":"poly_Acres_AutoCalc_fallback","gis_acres":null,"auto_acres":20.319482947008463,"reported_acres":18.0,"percent_contained":null,"state":"MS","state_wfigs":"US-MS","county":"Wayne","discovery_time_utc":"2022-03-05T19:02:00Z","perimeter_time_utc":"2022-09-19T15:06:41Z","perimeter_edit_time_utc":"2023-03-14T15:13:42Z","incident_modified_time_utc":"2022-09-02T17:42:58Z","containment_time_utc":"2022-09-02T14:50:00Z","control_time_utc":"2022-03-08T14:00:00Z","fire_out_time_utc":"2022-03-10T14:00:00Z","fire_cause":"Human","fire_cause_general":"Arson","map_method":"GPS-Walked","source_dataset":"FFP","unique_fire_identifier":"2022-MSMNF-000201","irwin_id":"{8DBF0CBA-555E-4447-9DB9-6DC4291D34EC}","global_id":"69ee1e3e-7c2b-4f2f-85c3-ff9e1c64b868"}},{"type":"Feature","geometry":{"type":"Polygon","coordinates":[[[-88.93929,30.59933],[-88.93879,30.59964],[-88.93864,30.59992],[-88.93816,30.60018],[-88.93829,30.6005],[-88.93769,30.60124],[-88.93743,30.60129],[-88.93687,30.60114],[-88.93674,30.60199],[-88.93663,30.60208],[-88.93604,30.60228],[-88.93539,30.60223],[-88.93425,30.60269],[-88.9322,30.6025],[-88.93167,30.60196],[-88.93134,30.60181],[-88.93116,30.60147],[-88.93077,30.60125],[-88.93353,30.59577],[-88.93384,30.59495],[-88.93394,30.5942],[-88.93424,30.59438],[-88.93566,30.5965],[-88.936,30.5967],[-88.9378,30.59697],[-88.93823,30.59728],[-88.93909,30.59822],[-88.93929,30.59933]]]},"properties":{"fire_id":"ufid:2022-MSMNF-000065","source_collection":"history-2022","source_objectid":9005,"incident_name":"RCW Block","mapped_acres":104.94517276038106,"mapped_acres_source":"poly_Acres_AutoCalc_fallback","gis_acres":null,"auto_acres":104.94517276038106,"reported_acres":104.0,"percent_contained":null,"state":"MS","state_wfigs":"US-MS","county":"Harrison","discovery_time_utc":"2022-01-31T17:15:00Z","perimeter_time_utc":null,"perimeter_edit_time_utc":"2023-03-14T15:13:42Z","incident_modified_time_utc":"2022-02-09T17:45:30Z","containment_time_utc":"2022-02-01T19:18:00Z","control_time_utc":"2022-02-04T15:00:00Z","fire_out_time_utc":"2022-02-04T16:00:00Z","fire_cause":"Human","fire_cause_general":"Recreation and ceremony","map_method":"Hand Sketch","source_dataset":"FFP","unique_fire_identifier":"2022-MSMNF-000065","irwin_id":"{A6E69EC1-8137-4D8D-9267-A7EF57DA3D33}","global_id":"5a6bf5a6-d571-466b-9e31-ca635d77049e"}},{"type":"Feature","geometry":{"type":"Polygon","coordinates":[[[-88.8075,31.0105],[-88.80863,31.0128],[-88.80828,31.01302],[-88.80804,31.01347],[-88.80786,31.0143],[-88.80739,31.01469],[-88.80664,31.0149],[-88.80569,31.01478],[-88.80482,31.01431],[-88.8043,31.01363],[-88.80482,31.01187],[-88.8054,31.01171],[-88.80691,31.01169],[-88.80689,31.01068],[-88.8075,31.0105]]]},"properties":{"fire_id":"ufid:2022-MSMNF-000184","source_collection":"history-2022","source_objectid":9009,"incident_name":"Corner Pocket","mapped_acres":28.94,"mapped_acres_source":"poly_GISAcres","gis_acres":28.94,"auto_acres":30.16512774356209,"reported_acres":30.0,"percent_contained":null,"state":"MS","state_wfigs":"US-MS","county":"Greene","discovery_time_utc":"2022-03-03T19:57:00Z","perimeter_time_utc":"2022-07-13T13:44:12Z","perimeter_edit_time_utc":"2023-03-14T15:13:42Z","incident_modified_time_utc":"2022-03-24T19:23:49Z","containment_time_utc":"2022-03-04T00:00:00Z","control_time_utc":"2022-03-24T19:20:00Z","fire_out_time_utc":"2022-03-31T17:00:00Z","fire_cause":"Human","fire_cause_general":"Arson","map_method":"Hand Sketch","source_dataset":"FFP","unique_fire_identifier":"2022-MSMNF-000184","irwin_id":"{52E5BA0E-AF13-4CEE-9CF5-CDC75C449B1C}","global_id":"038721b1-cfcc-4a98-9b28-c45a64163ba8"}},{"type":"Feature","geometry":{"type":"Polygon","coordinates":[[[-88.78676,34.19231],[-88.78781,34.19231],[-88.78865,34.19306],[-88.78818,34.19357],[-88.78676,34.19231]]]},"properties":{"fire_id":"ufid:2022-MSNAP-000301","source_collection":"history-2022","source_objectid":9072,"incident_name":"PALMETTO","mapped_acres":1.0,"mapped_acres_source":"poly_GISAcres","gis_acres":1.0,"auto_acres":2.669339882523187,"reported_acres":16.5,"percent_contained":null,"state":"MS","state_wfigs":"US-MS","county":"Lee","discovery_time_utc":"2022-04-11T00:02:00Z","perimeter_time_utc":"2022-09-06T19:47:25Z","perimeter_edit_time_utc":"2023-03-14T15:13:42Z","incident_modified_time_utc":"2022-04-19T17:19:39Z","containment_time_utc":"2022-04-11T12:30:00Z","control_time_utc":"2022-04-13T17:24:00Z","fire_out_time_utc":"2022-04-15T18:00:00Z","fire_cause":"Human","fire_cause_general":"Debris and open burning","map_method":"Hand Sketch","source_dataset":"FFP","unique_fire_identifier":"2022-MSNAP-000301","irwin_id":"{430C4309-78E1-4B2B-ADC7-9922039904E9}","global_id":"ff3be88f-87bd-440c-8cb0-29ebe199efed"}},{"type":"Feature","geometry":{"type":"Polygon","coordinates":[[[-89.10594,30.5683],[-89.10597,30.56753],[-89.10585,30.56722],[-89.10667,30.56657],[-89.10785,30.56452],[-89.10862,30.5639],[-89.10984,30.56346],[-89.10965,30.56463],[-89.1109,30.56711],[-89.11104,30.56913],[-89.11181,30.57102],[-89.11201,30.57189],[-89.11199,30.57232],[-89.11169,30.5729],[-89.10837,30.57269],[-89.10823,30.5729],[-89.1078,30.57305],[-89.10706,30.57274],[-89.10724,30.5724],[-89.10789,30.57197],[-89.10798,30.57167],[-89.10706,30.57042],[-89.10625,30.56989],[-89.10627,30.56967],[-89.10575,30.56918],[-89.10573,30.56887],[-89.10594,30.5683]]]},"properties":{"fire_id":"ufid:2022-MSMNF-000267","source_collection":"history-2022","source_objectid":9131,"incident_name":"Scarboro Road","mapped_acres":95.0,"mapped_acres_source":"poly_GISAcres","gis_acres":95.0,"auto_acres":96.16139617717839,"reported_acres":97.0,"percent_contained":null,"state":"MS","state_wfigs":"US-MS","county":"Harrison","discovery_time_utc":"2022-03-27T17:13:00Z","perimeter_time_utc":"2022-07-19T15:38:49Z","perimeter_edit_time_utc":"2023-03-14T15:13:42Z","incident_modified_time_utc":"2022-04-07T18:30:33Z","containment_time_utc":"2022-03-29T22:45:00Z","control_time_utc":"2022-03-31T19:30:00Z","fire_out_time_utc":"2022-04-07T18:30:00Z","fire_cause":"Human","fire_cause_general":"Arson","map_method":"Mixed Methods","source_dataset":"FFP","unique_fire_identifier":"2022-MSMNF-000267","irwin_id":"{F1B61713-3DE4-4265-B8A5-C19ED308D7C1}","global_id":"53462cf3-8af9-4bb5-b93f-f9d57b7db207"}},{"type":"Feature","geometry":{"type":"Polygon","coordinates":[[[-89.05278,31.04054],[-89.05283,31.04108],[-89.05236,31.04168],[-89.05166,31.04164],[-89.05089,31.04108],[-89.05078,31.04068],[-89.05079,31.04055],[-89.05278,31.04054]]]},"properties":{"fire_id":"ufid:2022-MSMNF-000225","source_collection":"history-2022","source_objectid":9212,"incident_name":"Big Branch","mapped_acres":4.56,"mapped_acres_source":"poly_GISAcres","gis_acres":4.56,"auto_acres":4.896654767375621,"reported_acres":5.0,"percent_contained":null,"state":"MS","state_wfigs":"US-MS","county":"Perry","discovery_time_utc":"2022-03-14T23:01:00Z","perimeter_time_utc":"2022-07-13T15:41:20Z","perimeter_edit_time_utc":"2023-03-14T15:13:42Z","incident_modified_time_utc":"2022-03-15T20:30:38Z","containment_time_utc":"2022-03-15T00:45:00Z","control_time_utc":"2022-03-21T23:00:00Z","fire_out_time_utc":"2022-03-30T17:00:00Z","fire_cause":"Human","fire_cause_general":"Other causes","map_method":"Hand Sketch","source_dataset":"FFP","unique_fire_identifier":"2022-MSMNF-000225","irwin_id":"{235126EB-910A-416C-864A-DB0217CFADD7}","global_id":"3feb88f2-c51f-44f5-98be-0c14cb48be70"}},{"type":"Feature","geometry":{"type":"Polygon","coordinates":[[[-89.14289,31.02068],[-89.1422,31.01973],[-89.14209,31.0185],[-89.14233,31.01689],[-89.14262,31.01623],[-89.14306,31.01619],[-89.14398,31.01688],[-89.14455,31.01772],[-89.14501,31.01884],[-89.14504,31.01948],[-89.14486,31.02016],[-89.14444,31.02064],[-89.14393,31.02086],[-89.14336,31.02086],[-89.14289,31.02068]]]},"properties":{"fire_id":"ufid:2022-MSMNF-000118","source_collection":"history-2022","source_objectid":9279,"incident_name":"319 L","mapped_acres":56.74,"mapped_acres_source":"poly_GISAcres","gis_acres":56.74,"auto_acres":26.773454313460256,"reported_acres":26.0,"percent_contained":null,"state":"MS","state_wfigs":"US-MS","county":"Perry","discovery_time_utc":"2022-02-12T07:53:00Z","perimeter_time_utc":"2022-07-13T16:37:15Z","perimeter_edit_time_utc":"2023-03-14T15:13:42Z","incident_modified_time_utc":"2022-02-18T17:02:27Z","containment_time_utc":"2022-02-14T17:30:00Z","control_time_utc":"2022-02-18T17:00:00Z","fire_out_time_utc":"2022-02-28T18:00:00Z","fire_cause":"Human","fire_cause_general":"Arson","map_method":"Hand Sketch","source_dataset":"FFP","unique_fire_identifier":"2022-MSMNF-000118","irwin_id":"{16F6A875-605C-49FB-BEEE-1B8C2AC38402}","global_id":"900c40ef-d5db-4661-a89f-0ef979627771"}},{"type":"Feature","geometry":{"type":"Polygon","coordinates":[[[-88.7528,31.50123],[-88.75219,31.5012],[-88.75204,31.50093],[-88.75212,31.50075],[-88.75253,31.50052],[-88.75293,31.50061],[-88.75316,31.50088],[-88.7528,31.50123]]]},"properties":{"fire_id":"ufid:2022-MSMNF-000367","source_collection":"history-2022","source_objectid":9438,"incident_name":"Peach Cobbler Fire","mapped_acres":1.46,"mapped_acres_source":"poly_GISAcres","gis_acres":1.46,"auto_acres":1.4698727019388607,"reported_acres":1.5,"percent_contained":null,"state":"MS","state_wfigs":"US-MS","county":"Wayne","discovery_time_utc":"2022-06-02T22:26:00Z","perimeter_time_utc":"2022-09-15T17:10:42Z","perimeter_edit_time_utc":"2023-03-14T15:13:42Z","incident_modified_time_utc":"2022-09-02T18:00:23Z","containment_time_utc":"2022-06-03T00:00:00Z","control_time_utc":"2022-09-02T14:55:00Z","fire_out_time_utc":"2022-09-02T15:00:00Z","fire_cause":"Human","fire_cause_general":"Arson","map_method":"GPS-Walked","source_dataset":"FFP","unique_fire_identifier":"2022-MSMNF-000367","irwin_id":"{4C650A7A-42B1-44E8-A2B9-10B463DDA6CB}","global_id":"610b4b76-74e8-4277-a1d9-a1f55f5933f0"}},{"type":"Feature","geometry":{"type":"Polygon","coordinates":[[[-88.74748,31.50114],[-88.76095,31.5016],[-88.76359,31.50179],[-88.76306,31.50378],[-88.76252,31.50428],[-88.76087,31.50418],[-88.76043,31.50516],[-88.76073,31.506],[-88.75933,31.5068],[-88.75808,31.50725],[-88.75672,31.50713],[-88.75591,31.50722],[-88.75472,31.50837],[-88.75039,31.50749],[-88.74802,31.50725],[-88.74666,31.50739],[-88.74383,31.50883],[-88.74424,31.50659],[-88.745,31.50601],[-88.74556,31.50431],[-88.7456,31.50373],[-88.74599,31.5032],[-88.74742,31.50265],[-88.74748,31.50114]]]},"properties":{"fire_id":"ufid:2022-MSMNF-000368","source_collection":"history-2022","source_objectid":9543,"incident_name":"Corn Salad","mapped_acres":5.0,"mapped_acres_source":"poly_GISAcres","gis_acres":5.0,"auto_acres":257.8554860099121,"reported_acres":258.0,"percent_contained":null,"state":"MS","state_wfigs":"US-MS","county":"Wayne","discovery_time_utc":"2022-06-09T17:51:00Z","perimeter_time_utc":"2022-11-04T15:06:02Z","perimeter_edit_time_utc":"2023-03-14T15:13:42Z","incident_modified_time_utc":"2022-09-02T18:01:10Z","containment_time_utc":"2022-09-02T14:50:00Z","control_time_utc":"2022-09-02T14:55:00Z","fire_out_time_utc":"2022-09-02T15:00:00Z","fire_cause":"Human","fire_cause_general":"Arson","map_method":"Hand Sketch","source_dataset":"FFP","unique_fire_identifier":"2022-MSMNF-000368","irwin_id":"{1A82CC65-63D1-4DDB-8092-8CFD5A6E1D4F}","global_id":"1afebf19-a494-4833-acb5-be6a071187c9"}},{"type":"Feature","geometry":{"type":"Polygon","coordinates":[[[-88.83332,31.56905],[-88.83336,31.56821],[-88.83364,31.56761],[-88.83468,31.56796],[-88.83507,31.56835],[-88.83482,31.56862],[-88.8336,31.5687],[-88.83332,31.56905]]]},"properties":{"fire_id":"ufid:2022-MSMNF-000055","source_collection":"history-2022","source_objectid":9559,"incident_name":"Betty S","mapped_acres":3.6,"mapped_acres_source":"poly_GISAcres","gis_acres":3.6,"auto_acres":3.5934181013026723,"reported_acres":4.1,"percent_contained":null,"state":"MS","state_wfigs":"US-MS","county":"Wayne","discovery_time_utc":"2022-01-30T20:32:00Z","perimeter_time_utc":"2022-08-05T21:12:53Z","perimeter_edit_time_utc":"2023-03-14T15:13:42Z","incident_modified_time_utc":"2022-02-11T13:58:32Z","containment_time_utc":"2022-01-30T22:27:00Z","control_time_utc":"2022-02-11T14:00:00Z","fire_out_time_utc":"2022-02-11T14:00:00Z","fire_cause":"Human","fire_cause_general":"Debris and open burning","map_method":"GPS-Walked","source_dataset":"FFP","unique_fire_identifier":"2022-MSMNF-000055","irwin_id":"{D071129E-9D05-4F54-A69F-C0C601480547}","global_id":"c6808110-e667-4292-9d49-26f77eda7ecf"}},{"type":"Feature","geometry":{"type":"Polygon","coordinates":[[[-89.12054,30.60613],[-89.12094,30.6057],[-89.12099,30.60597],[-89.12087,30.60613],[-89.12069,30.60626],[-89.12054,30.60613]]]},"properties":{"fire_id":"ufid:2022-MSMNF-000283","source_collection":"history-2022","source_objectid":9780,"incident_name":"TAYLOR RD","mapped_acres":1.0,"mapped_acres_source":"poly_GISAcres","gis_acres":1.0,"auto_acres":0.296649786636457,"reported_acres":1.0,"percent_contained":null,"state":"MS","state_wfigs":"US-MS","county":"Harrison","discovery_time_utc":"2022-04-02T18:39:00Z","perimeter_time_utc":"2022-07-06T13:52:01Z","perimeter_edit_time_utc":"2023-03-14T15:13:42Z","incident_modified_time_utc":"2022-06-22T16:02:59Z","containment_time_utc":"2022-04-02T21:23:00Z","control_time_utc":"2022-04-07T18:30:00Z","fire_out_time_utc":"2022-04-07T18:30:00Z","fire_cause":"Human","fire_cause_general":"Arson","map_method":"Hand Sketch","source_dataset":"FFP","unique_fire_identifier":"2022-MSMNF-000283","irwin_id":"{85B4AC70-86A7-4409-AD0A-55C2CFCBE551}","global_id":"223f36e3-fd1c-43bc-8031-7996cf083a68"}},{"type":"Feature","geometry":{"type":"Polygon","coordinates":[[[-88.93291,31.06112],[-88.93373,31.06037],[-88.93514,31.05951],[-88.93578,31.0588],[-88.93643,31.05779],[-88.93741,31.05824],[-88.93761,31.05873],[-88.93734,31.05951],[-88.93636,31.06005],[-88.93623,31.06031],[-88.93628,31.06066],[-88.93548,31.06126],[-88.93467,31.06152],[-88.93395,31.06151],[-88.93291,31.06112]]]},"properties":{"fire_id":"ufid:2022-MSMNF-000429","source_collection":"history-2022","source_objectid":9831,"incident_name":"Hickory","mapped_acres":19.2,"mapped_acres_source":"poly_GISAcres","gis_acres":19.2,"auto_acres":19.11806012389716,"reported_acres":19.2,"percent_contained":null,"state":"MS","state_wfigs":"US-MS","county":"Perry","discovery_time_utc":"2022-10-17T18:02:00Z","perimeter_time_utc":"2022-11-09T20:49:39Z","perimeter_edit_time_utc":"2023-03-14T15:13:42Z","incident_modified_time_utc":"2022-11-04T21:38:13Z","containment_time_utc":"2022-10-20T17:44:00Z","control_time_utc":"2022-11-04T21:35:00Z","fire_out_time_utc":"2022-11-04T21:38:00Z","fire_cause":"Human","fire_cause_general":"Arson","map_method":"Hand Sketch","source_dataset":"FFP","unique_fire_identifier":"2022-MSMNF-000429","irwin_id":"{9E5CEED8-C717-4FD4-AA18-3FE2F7D247D8}","global_id":"017416b5-5340-4ae0-a02f-3bb94e874228"}},{"type":"Feature","geometry":{"type":"Polygon","coordinates":[[[-88.93019,31.11754],[-88.92883,31.11839],[-88.92847,31.11809],[-88.92868,31.11751],[-88.92838,31.1172],[-88.92857,31.11651],[-88.9288,31.11641],[-88.92967,31.11644],[-88.93043,31.11575],[-88.93099,31.11593],[-88.9307,31.11609],[-88.93081,31.11637],[-88.93112,31.11662],[-88.93019,31.11754]]]},"properties":{"fire_id":"ufid:2022-MSMNF-000423","source_collection":"history-2022","source_objectid":9861,"incident_name":"314","mapped_acres":8.3,"mapped_acres_source":"poly_GISAcres","gis_acres":8.3,"auto_acres":9.84395288657203,"reported_acres":8.3,"percent_contained":null,"state":"MS","state_wfigs":"US-MS","county":"Perry","discovery_time_utc":"2022-10-09T17:24:00Z","perimeter_time_utc":"2022-11-09T20:38:00Z","perimeter_edit_time_utc":"2023-03-14T15:13:42Z","incident_modified_time_utc":"2022-10-20T22:26:54Z","containment_time_utc":"2022-10-09T19:25:00Z","control_time_utc":"2022-10-20T22:30:00Z","fire_out_time_utc":"2022-11-09T20:33:04Z","fire_cause":"Human","fire_cause_general":"Arson","map_method":"Hand Sketch","source_dataset":"FFP","unique_fire_identifier":"2022-MSMNF-000423","irwin_id":"{FA5E1E57-4BFF-40AE-A506-427F325BF796}","global_id":"36bf2c40-1efd-419f-9420-f3a88f6d1085"}},{"type":"Feature","geometry":{"type":"Polygon","coordinates":[[[-88.86635,31.10753],[-88.86826,31.10842],[-88.86912,31.10853],[-88.87061,31.10928],[-88.87068,31.10979],[-88.87056,31.11007],[-88.86982,31.11009],[-88.86877,31.11044],[-88.86789,31.11041],[-88.86731,31.11053],[-88.86636,31.11008],[-88.86635,31.10753]]]},"properties":{"fire_id":"ufid:2022-MSMNF-000430","source_collection":"history-2022","source_objectid":9893,"incident_name":"Weldy","mapped_acres":10.0,"mapped_acres_source":"poly_GISAcres","gis_acres":10.0,"auto_acres":21.54867601252398,"reported_acres":21.5,"percent_contained":null,"state":"MS","state_wfigs":"US-MS","county":"Perry","discovery_time_utc":"2022-10-19T18:40:00Z","perimeter_time_utc":"2022-11-09T20:58:19Z","perimeter_edit_time_utc":"2023-03-14T15:13:42Z","incident_modified_time_utc":"2022-10-21T13:23:27Z","containment_time_utc":"2022-10-20T00:22:00Z","control_time_utc":"2022-11-09T20:56:06Z","fire_out_time_utc":"2022-11-09T20:56:06Z","fire_cause":"Human","fire_cause_general":"Arson","map_method":"Hand Sketch","source_dataset":"FFP","unique_fire_identifier":"2022-MSMNF-000430","irwin_id":"{0F0C83DF-EDA1-4C1F-8D3E-F058C6007D7E}","global_id":"bde55857-83d5-45d0-8e1a-f56a6e7468f6"}},{"type":"Feature","geometry":{"type":"Polygon","coordinates":[[[-88.90387,30.57669],[-88.90308,30.57608],[-88.90209,30.5756],[-88.90091,30.57522],[-88.89861,30.57494],[-88.89755,30.57441],[-88.89696,30.57438],[-88.89614,30.57482],[-88.8956,30.57468],[-88.89524,30.5743],[-88.89504,30.57252],[-88.89454,30.57193],[-88.8942,30.57162],[-88.89371,30.57227],[-88.89336,30.57227],[-88.89318,30.57193],[-88.89323,30.57125],[-88.89252,30.56953],[-88.89198,30.56934],[-88.88987,30.56931],[-88.88934,30.5691],[-88.88887,30.56859],[-88.88871,30.56797],[-88.88803,30.56713],[-88.888,30.56542],[-88.88605,30.5636],[-88.88665,30.56303],[-88.88709,30.5639],[-88.88789,30.56421],[-88.8888,30.56647],[-88.88906,30.56747],[-88.89083,30.56828],[-88.89171,30.56853],[-88.89319,30.56862],[-88.89362,30.56882],[-88.89469,30.56979],[-88.89521,30.56996],[-88.89567,30.56998],[-88.89633,30.56969],[-88.89862,30.56967],[-88.9017,30.57077],[-88.90268,30.5708],[-88.90641,30.57143],[-88.90982,30.57321],[-88.90929,30.57407],[-88.90485,30.5741],[-88.90497,30.57585],[-88.90446,30.57647],[-88.90387,30.57669]]]},"properties":{"fire_id":"ufid:2022-MSMNF-000228","source_collection":"history-2022","source_objectid":10413,"incident_name":"428","mapped_acres":192.3,"mapped_acres_source":"poly_GISAcres","gis_acres":192.3,"auto_acres":192.29496230342303,"reported_acres":192.0,"percent_contained":null,"state":"MS","state_wfigs":"US-MS","county":"Harrison","discovery_time_utc":"2022-03-16T21:32:00Z","perimeter_time_utc":"2022-07-08T17:41:26Z","perimeter_edit_time_utc":"2023-03-14T15:13:42Z","incident_modified_time_utc":"2022-03-25T16:36:59Z","containment_time_utc":"2022-03-17T02:00:00Z","control_time_utc":"2022-03-24T18:43:00Z","fire_out_time_utc":"2022-03-25T16:35:00Z","fire_cause":"Human","fire_cause_general":"Arson","map_method":"Hand Sketch","source_dataset":"FFP","unique_fire_identifier":"2022-MSMNF-000228","irwin_id":"{03B01144-2B88-4FD3-BC70-D663691D39B8}","global_id":"4fd9288a-afd1-44be-acf9-707d75e2d6a1"}},{"type":"Feature","geometry":{"type":"Polygon","coordinates":[[[-88.89015,34.02104],[-88.88956,34.02135],[-88.88913,34.02104],[-88.88933,34.02074],[-88.89003,34.02056],[-88.89022,34.02063],[-88.89022,34.02083],[-88.89015,34.02104]]]},"properties":{"fire_id":"ufid:2022-MSNAP-000003","source_collection":"history-2022","source_objectid":10537,"incident_name":"GANN","mapped_acres":1.47,"mapped_acres_source":"poly_GISAcres","gis_acres":1.47,"auto_acres":1.4723830321992746,"reported_acres":10.0,"percent_contained":null,"state":"MS","state_wfigs":"US-MS","county":"Chickasaw","discovery_time_utc":"2022-02-14T19:16:00Z","perimeter_time_utc":"2022-12-12T19:30:48Z","perimeter_edit_time_utc":"2023-03-14T15:13:42Z","incident_modified_time_utc":"2022-03-04T16:45:04Z","containment_time_utc":null,"control_time_utc":null,"fire_out_time_utc":"2022-02-17T20:30:00Z","fire_cause":"Human","fire_cause_general":"Arson","map_method":"Hand Sketch","source_dataset":"FFP","unique_fire_identifier":"2022-MSNAP-000003","irwin_id":"{003E96F1-4E4F-4652-B9FA-8880C3C515F2}","global_id":"f4fde176-4107-4ddc-ae9d-a1f5ac635b37"}},{"type":"Feature","geometry":{"type":"Polygon","coordinates":[[[-88.84611,31.49879],[-88.84659,31.49866],[-88.84671,31.4988],[-88.84665,31.49914],[-88.84631,31.49926],[-88.84611,31.49907],[-88.84611,31.49879]]]},"properties":{"fire_id":"ufid:2022-MSMNF-000360","source_collection":"history-2022","source_objectid":10609,"incident_name":"Boggy Branch","mapped_acres":0.774,"mapped_acres_source":"poly_GISAcres","gis_acres":0.774,"auto_acres":0.7741796989040379,"reported_acres":0.77,"percent_contained":null,"state":"MS","state_wfigs":"US-MS","county":"Wayne","discovery_time_utc":"2022-05-20T15:53:00Z","perimeter_time_utc":"2022-06-24T15:29:18Z","perimeter_edit_time_utc":"2023-03-14T15:13:42Z","incident_modified_time_utc":"2022-05-20T17:28:17Z","containment_time_utc":"2022-05-20T17:17:00Z","control_time_utc":"2022-05-24T13:00:00Z","fire_out_time_utc":"2022-05-31T13:00:00Z","fire_cause":"Human","fire_cause_general":"Arson","map_method":"Mixed Methods","source_dataset":"FFP","unique_fire_identifier":"2022-MSMNF-000360","irwin_id":"{4EB863EB-69AD-4526-AB2B-D5889575ACF6}","global_id":"d24723fa-661b-40ed-b3aa-fc62053056e2"}},{"type":"Feature","geometry":{"type":"Polygon","coordinates":[[[-89.1789,34.57315],[-89.17928,34.57336],[-89.17925,34.57359],[-89.17953,34.57406],[-89.17951,34.57468],[-89.17965,34.57489],[-89.17549,34.57464],[-89.1755,34.57348],[-89.17563,34.57321],[-89.1761,34.57306],[-89.1771,34.57302],[-89.17828,34.57324],[-89.1789,34.57315]]]},"properties":{"fire_id":"ufid:2022-MSMNF-000373","source_collection":"history-2022","source_objectid":10825,"incident_name":"County Road 2","mapped_acres":16.135002366320375,"mapped_acres_source":"poly_Acres_AutoCalc_fallback","gis_acres":null,"auto_acres":16.135002366320375,"reported_acres":15.0,"percent_contained":null,"state":"MS","state_wfigs":"US-MS","county":"Union","discovery_time_utc":"2022-06-20T20:59:00Z","perimeter_time_utc":"2022-07-22T18:11:24Z","perimeter_edit_time_utc":"2023-03-14T15:13:42Z","incident_modified_time_utc":"2022-06-23T18:52:57Z","containment_time_utc":"2022-06-21T19:16:00Z","control_time_utc":"2022-06-22T17:35:00Z","fire_out_time_utc":"2022-06-23T17:35:00Z","fire_cause":"Human","fire_cause_general":"Undetermined","map_method":"GPS-Walked","source_dataset":"FFP","unique_fire_identifier":"2022-MSMNF-000373","irwin_id":"{D86EADA1-F9E1-475E-B2B8-D1E62D85A4D2}","global_id":"a5e62136-4b0f-4886-a757-184055dc8195"}},{"type":"Feature","geometry":{"type":"Polygon","coordinates":[[[-89.01496,31.06183],[-89.01482,31.06238],[-89.01061,31.06236],[-89.01059,31.06288],[-89.01033,31.0624],[-89.01041,31.06219],[-89.01084,31.06185],[-89.01152,31.06186],[-89.01276,31.06217],[-89.01432,31.0618],[-89.01496,31.06183]]]},"properties":{"fire_id":"ufid:2022-MSMNF-000249","source_collection":"history-2022","source_objectid":11043,"incident_name":"Burnt Bridge","mapped_acres":13.41,"mapped_acres_source":"poly_GISAcres","gis_acres":13.41,"auto_acres":5.00772030331659,"reported_acres":5.0,"percent_contained":null,"state":"MS","state_wfigs":"US-MS","county":"Perry","discovery_time_utc":"2022-03-22T00:18:00Z","perimeter_time_utc":"2022-07-13T15:16:16Z","perimeter_edit_time_utc":"2023-03-14T15:13:42Z","incident_modified_time_utc":"2022-09-06T15:11:50Z","containment_time_utc":"2022-03-24T19:00:00Z","control_time_utc":"2022-03-24T19:20:00Z","fire_out_time_utc":"2022-09-06T15:00:00Z","fire_cause":"Undetermined","fire_cause_general":null,"map_method":"Hand Sketch","source_dataset":"Decertified","unique_fire_identifier":"2022-MSMNF-000249","irwin_id":"{3B46436A-4AB3-4BF7-ADEE-CBC7C4558D18}","global_id":"203bafe9-bf4a-4e4f-b593-61fea3e8e214"}},{"type":"Feature","geometry":{"type":"Polygon","coordinates":[[[-88.99905,30.93227],[-88.99835,30.93203],[-88.99835,30.93172],[-88.99921,30.93202],[-88.99905,30.93227]]]},"properties":{"fire_id":"ufid:2022-MSMNF-000151","source_collection":"history-2022","source_objectid":11069,"incident_name":"Bug Branch 2","mapped_acres":1.92,"mapped_acres_source":"poly_GISAcres","gis_acres":1.92,"auto_acres":0.5870228033343199,"reported_acres":0.5,"percent_contained":null,"state":"MS","state_wfigs":"US-MS","county":"Perry","discovery_time_utc":"2022-02-20T00:14:00Z","perimeter_time_utc":"2022-07-12T15:01:27Z","perimeter_edit_time_utc":"2023-03-14T15:13:42Z","incident_modified_time_utc":"2022-02-25T20:21:23Z","containment_time_utc":"2022-02-20T02:30:00Z","control_time_utc":"2022-02-23T23:22:00Z","fire_out_time_utc":"2022-02-23T23:22:00Z","fire_cause":"Human","fire_cause_general":"Arson","map_method":"Hand Sketch","source_dataset":"FFP","unique_fire_identifier":"2022-MSMNF-000151","irwin_id":"{69FD87CB-674B-49BD-BBB0-354B903D6EE9}","global_id":"c82741c9-849d-4c00-9b3e-b1a9752d43c0"}},{"type":"Feature","geometry":{"type":"Polygon","coordinates":[[[-89.53124,32.06968],[-89.531,32.06946],[-89.5312,32.06953],[-89.53124,32.06968]]]},"properties":{"fire_id":"ufid:2022-MSMNF-000136","source_collection":"history-2022","source_objectid":11229,"incident_name":"528","mapped_acres":0.1,"mapped_acres_source":"poly_GISAcres","gis_acres":0.1,"auto_acres":0.08897264400520995,"reported_acres":0.5,"percent_contained":null,"state":"MS","state_wfigs":"US-MS","county":"Smith","discovery_time_utc":"2022-02-15T22:24:00Z","perimeter_time_utc":"2022-08-05T20:49:15Z","perimeter_edit_time_utc":"2023-03-14T15:13:42Z","incident_modified_time_utc":"2022-02-16T21:15:27Z","containment_time_utc":null,"control_time_utc":null,"fire_out_time_utc":"2022-03-23T17:00:00Z","fire_cause":"Human","fire_cause_general":"Debris and open burning","map_method":"Mixed Methods","source_dataset":"FFP","unique_fire_identifier":"2022-MSMNF-000136","irwin_id":"{0EAC152D-7900-4A0A-B515-D278BBC8FF5A}","global_id":"9eece92d-dc2a-4757-a88a-df5c0db8b0e6"}},{"type":"Feature","geometry":{"type":"Polygon","coordinates":[[[-88.911,31.14666],[-88.9108,31.14728],[-88.90997,31.14808],[-88.90856,31.14889],[-88.90798,31.14905],[-88.90598,31.14892],[-88.90494,31.1481],[-88.90426,31.14705],[-88.90416,31.14684],[-88.90462,31.1464],[-88.90411,31.14579],[-88.90392,31.14493],[-88.90436,31.14446],[-88.9047,31.14431],[-88.90507,31.14438],[-88.90586,31.14373],[-88.90654,31.14379],[-88.90751,31.14505],[-88.91079,31.14652],[-88.911,31.14666]]]},"properties":{"fire_id":"ufid:2022-MSMNF-000111","source_collection":"history-2022","source_objectid":11239,"incident_name":"314 D","mapped_acres":86.67,"mapped_acres_source":"poly_GISAcres","gis_acres":86.67,"auto_acres":60.62416419013305,"reported_acres":60.5,"percent_contained":null,"state":"MS","state_wfigs":"US-MS","county":"Perry","discovery_time_utc":"2022-02-12T18:58:00Z","perimeter_time_utc":"2022-07-27T15:43:12Z","perimeter_edit_time_utc":"2023-03-14T15:13:42Z","incident_modified_time_utc":"2022-02-13T02:30:05Z","containment_time_utc":"2022-02-13T03:15:00Z","control_time_utc":"2022-02-19T18:00:00Z","fire_out_time_utc":"2022-02-28T18:00:00Z","fire_cause":"Human","fire_cause_general":"Debris and open burning","map_method":"Hand Sketch","source_dataset":"FFP","unique_fire_identifier":"2022-MSMNF-000111","irwin_id":"{6C734563-B8DD-4CDC-BCDA-43C0A8C036A4}","global_id":"458bdbec-7b6d-476f-844a-3858bf1c7fcf"}},{"type":"Feature","geometry":{"type":"Polygon","coordinates":[[[-88.739,31.52127],[-88.7313,31.52119],[-88.71727,31.52131],[-88.7162,31.52002],[-88.71548,31.51947],[-88.7154,31.51894],[-88.71436,31.51708],[-88.71289,31.51637],[-88.71255,31.51645],[-88.71088,31.51588],[-88.70966,31.51529],[-88.71023,31.5147],[-88.71049,31.51365],[-88.71054,31.51262],[-88.71185,31.51049],[-88.71237,31.50995],[-88.71308,31.5095],[-88.71555,31.50862],[-88.71609,31.50673],[-88.71937,31.50656],[-88.71928,31.50349],[-88.72046,31.50287],[-88.72138,31.50263],[-88.72351,31.50323],[-88.72421,31.50318],[-88.72593,31.50351],[-88.72748,31.50477],[-88.72807,31.50545],[-88.72902,31.50593],[-88.73076,31.50646],[-88.73137,31.50619],[-88.73167,31.50525],[-88.73207,31.50457],[-88.73298,31.50347],[-88.73522,31.50314],[-88.7372,31.50345],[-88.7382,31.50337],[-88.73913,31.50368],[-88.73976,31.50433],[-88.74065,31.5046],[-88.74163,31.50473],[-88.74213,31.50466],[-88.74218,31.50408],[-88.74273,31.5034],[-88.74264,31.5029],[-88.74236,31.50253],[-88.74277,31.50216],[-88.74445,31.50167],[-88.74477,31.50185],[-88.74565,31.50176],[-88.74695,31.50092],[-88.74748,31.50222],[-88.74729,31.50269],[-88.74559,31.50338],[-88.74535,31.50388],[-88.74532,31.50446],[-88.74387,31.50754],[-88.7436,31.51036],[-88.74363,31.51128],[-88.74329,31.51258],[-88.74291,31.51239],[-88.74262,31.51247],[-88.7421,31.51316],[-88.74181,31.51387],[-88.74182,31.51435],[-88.74223,31.51507],[-88.74251,31.51518],[-88.74256,31.51535],[-88.74238,31.51583],[-88.74173,31.51727],[-88.73936,31.52015],[-88.739,31.52127]]]},"properties":{"fire_id":"ufid:2022-MSMNF-000220","source_collection":"history-2022","source_objectid":11251,"incident_name":"Catfish Fire","mapped_acres":1300.0,"mapped_acres_source":"poly_GISAcres","gis_acres":1300.0,"auto_acres":1299.746076245839,"reported_acres":1300.0,"percent_contained":null,"state":"MS","state_wfigs":"US-MS","county":"Wayne","discovery_time_utc":"2022-03-14T14:29:00Z","perimeter_time_utc":"2022-08-05T21:09:54Z","perimeter_edit_time_utc":"2023-03-14T15:13:42Z","incident_modified_time_utc":"2022-03-15T14:27:52Z","containment_time_utc":null,"control_time_utc":null,"fire_out_time_utc":null,"fire_cause":"Undetermined","fire_cause_general":null,"map_method":"GPS-Walked","source_dataset":"FFP","unique_fire_identifier":"2022-MSMNF-000220","irwin_id":"{9D528F41-C45E-4659-B049-DC1399E02BEE}","global_id":"930c10aa-2244-43f1-9eda-d1e1b857c279"}},{"type":"Feature","geometry":{"type":"Polygon","coordinates":[[[-89.3755,34.62244],[-89.37487,34.62213],[-89.37456,34.62159],[-89.37449,34.62129],[-89.3746,34.62074],[-89.37518,34.62087],[-89.37558,34.62125],[-89.37583,34.62238],[-89.3755,34.62244]]]},"properties":{"fire_id":"ufid:2022-MSMNF-000074","source_collection":"history-2022","source_objectid":11385,"incident_name":"Lebanon","mapped_acres":3.77,"mapped_acres_source":"poly_GISAcres","gis_acres":3.77,"auto_acres":3.766144961160471,"reported_acres":1.5,"percent_contained":null,"state":"MS","state_wfigs":"US-MS","county":"Marshall","discovery_time_utc":"2022-02-02T00:18:00Z","perimeter_time_utc":"2022-08-05T16:52:59Z","perimeter_edit_time_utc":"2023-03-14T15:13:42Z","incident_modified_time_utc":"2022-02-08T16:53:04Z","containment_time_utc":"2022-02-07T21:55:00Z","control_time_utc":"2022-02-07T22:00:00Z","fire_out_time_utc":"2022-02-07T22:05:00Z","fire_cause":"Human","fire_cause_general":"Undetermined","map_method":"Hand Sketch","source_dataset":"FFP","unique_fire_identifier":"2022-MSMNF-000074","irwin_id":"{727DCF7B-D667-44AE-8413-4108822590B9}","global_id":"21aa1c63-1730-4a16-9cbe-8b90f663e659"}},{"type":"Feature","geometry":{"type":"Polygon","coordinates":[[[-88.77877,31.44628],[-88.7792,31.44624],[-88.77893,31.44651],[-88.77877,31.44644],[-88.77877,31.44628]]]},"properties":{"fire_id":"ufid:2022-MSMNF-000323","source_collection":"history-2022","source_objectid":11529,"incident_name":"Temple Fire","mapped_acres":0.20615,"mapped_acres_source":"poly_GISAcres","gis_acres":0.20615,"auto_acres":0.20614933739827826,"reported_acres":0.21,"percent_contained":null,"state":"MS","state_wfigs":"US-MS","county":"Wayne","discovery_time_utc":"2022-04-25T19:49:00Z","perimeter_time_utc":"2022-06-24T15:37:26Z","perimeter_edit_time_utc":"2023-03-14T15:13:42Z","incident_modified_time_utc":"2022-04-25T20:39:28Z","containment_time_utc":"2022-04-25T20:32:00Z","control_time_utc":"2022-04-28T13:00:00Z","fire_out_time_utc":"2022-06-30T13:00:00Z","fire_cause":"Human","fire_cause_general":"Arson","map_method":"GPS-Walked","source_dataset":"FFP","unique_fire_identifier":"2022-MSMNF-000323","irwin_id":"{FFEE28D3-7F1D-4A94-9803-196A6C2F7FAE}","global_id":"303e86ad-8684-4d88-9e35-72855a0fef19"}},{"type":"Feature","geometry":{"type":"Polygon","coordinates":[[[-88.79338,31.001],[-88.79061,31.00103],[-88.79055,31.00074],[-88.79213,31.00063],[-88.79304,31.00078],[-88.79338,31.001]]]},"properties":{"fire_id":"ufid:2022-MSMNF-000263","source_collection":"history-2022","source_objectid":11813,"incident_name":"Mack Goff","mapped_acres":2.93,"mapped_acres_source":"poly_GISAcres","gis_acres":2.93,"auto_acres":2.356682720998317,"reported_acres":2.0,"percent_contained":null,"state":"MS","state_wfigs":"US-MS","county":"Greene","discovery_time_utc":"2022-03-25T23:29:00Z","perimeter_time_utc":"2022-07-12T17:34:14Z","perimeter_edit_time_utc":"2023-03-14T15:13:42Z","incident_modified_time_utc":"2022-03-26T00:25:04Z","containment_time_utc":"2022-03-25T23:30:00Z","control_time_utc":"2022-03-25T23:30:00Z","fire_out_time_utc":"2022-03-25T23:30:00Z","fire_cause":"Human","fire_cause_general":"Arson","map_method":"Hand Sketch","source_dataset":"FFP","unique_fire_identifier":"2022-MSMNF-000263","irwin_id":"{9566AE9B-164E-40DB-9160-1FDB0FD30CA9}","global_id":"46940463-5986-4fab-b244-0f3c0ea067ae"}},{"type":"Feature","geometry":{"type":"Polygon","coordinates":[[[-88.85813,30.79482],[-88.8592,30.79486],[-88.85968,30.79503],[-88.85953,30.79602],[-88.85938,30.79611],[-88.85925,30.79525],[-88.85863,30.79524],[-88.85837,30.79504],[-88.8581,30.79502],[-88.85813,30.79482]]]},"properties":{"fire_id":"ufid:2022-MSMNF-000293","source_collection":"history-2022","source_objectid":11975,"incident_name":"Oil Well","mapped_acres":1.0,"mapped_acres_source":"poly_GISAcres","gis_acres":1.0,"auto_acres":1.8203852437981791,"reported_acres":2.0,"percent_contained":null,"state":"MS","state_wfigs":"US-MS","county":"George","discovery_time_utc":"2022-04-07T23:36:00Z","perimeter_time_utc":"2022-07-08T17:27:57Z","perimeter_edit_time_utc":"2023-03-14T15:13:42Z","incident_modified_time_utc":"2022-06-22T14:44:56Z","containment_time_utc":"2022-04-08T01:26:00Z","control_time_utc":"2022-05-13T22:30:00Z","fire_out_time_utc":"2022-05-13T23:00:00Z","fire_cause":"Human","fire_cause_general":"Arson","map_method":"Hand Sketch","source_dataset":"FFP","unique_fire_identifier":"2022-MSMNF-000293","irwin_id":"{DD1329AD-C8C0-495B-9BF5-49D0DC8CE462}","global_id":"a5435944-ec42-4de1-a025-fa5b69a9a51d"}},{"type":"Feature","geometry":{"type":"Polygon","coordinates":[[[-88.84962,30.54539],[-88.8686,30.54524],[-88.87252,30.55608],[-88.86832,30.5561],[-88.86829,30.55661],[-88.86766,30.55698],[-88.86716,30.55698],[-88.8668,30.55612],[-88.86274,30.55615],[-88.86267,30.5568],[-88.86298,30.55707],[-88.86273,30.55743],[-88.86267,30.55973],[-88.86574,30.55973],[-88.86648,30.56011],[-88.86698,30.5601],[-88.86725,30.56079],[-88.86707,30.56114],[-88.86714,30.56343],[-88.86802,30.56371],[-88.86823,30.56396],[-88.86793,30.56433],[-88.86732,30.56416],[-88.86722,30.56438],[-88.86758,30.56482],[-88.86729,30.56546],[-88.8675,30.56694],[-88.86815,30.56709],[-88.86836,30.56786],[-88.86922,30.5691],[-88.86926,30.56968],[-88.86854,30.57033],[-88.86768,30.57014],[-88.86775,30.56863],[-88.86425,30.56977],[-88.86297,30.56862],[-88.85978,30.56628],[-88.85914,30.5653],[-88.85839,30.56535],[-88.85799,30.56461],[-88.85744,30.56422],[-88.85537,30.56371],[-88.8541,30.56299],[-88.8532,30.56201],[-88.85284,30.5604],[-88.85277,30.55825],[-88.85137,30.55651],[-88.84901,30.55711],[-88.84819,30.55716],[-88.84771,30.55594],[-88.84722,30.55539],[-88.84705,30.5538],[-88.84712,30.55323],[-88.84699,30.55278],[-88.84637,30.55218],[-88.8466,30.55143],[-88.84783,30.54976],[-88.84816,30.54886],[-88.84953,30.54645],[-88.84962,30.54539]]]},"properties":{"fire_id":"ufid:2022-MSMNF-000248","source_collection":"history-2022","source_objectid":12028,"incident_name":"See","mapped_acres":1012.81,"mapped_acres_source":"poly_GISAcres","gis_acres":1012.81,"auto_acres":1013.31731005159,"reported_acres":985.0,"percent_contained":100.0,"state":"MS","state_wfigs":"US-MS","county":"Jackson","discovery_time_utc":"2022-03-21T15:16:00Z","perimeter_time_utc":"2022-06-22T14:19:13Z","perimeter_edit_time_utc":"2023-03-14T15:13:42Z","incident_modified_time_utc":"2022-04-07T18:31:57Z","containment_time_utc":"2022-03-24T18:20:00Z","control_time_utc":"2022-03-31T17:53:00Z","fire_out_time_utc":"2022-04-07T18:30:00Z","fire_cause":"Undetermined","fire_cause_general":null,"map_method":"Hand Sketch","source_dataset":"Decertified","unique_fire_identifier":"2022-MSMNF-000248","irwin_id":"{10DBC982-BF3E-4E30-A873-EB55CD079284}","global_id":"4a6e84f2-510e-427f-8395-e2ddfa2acb0c"}},{"type":"Feature","geometry":{"type":"Polygon","coordinates":[[[-89.06462,30.98204],[-89.06476,30.98206],[-89.06505,30.98245],[-89.06543,30.98257],[-89.06521,30.98272],[-89.06469,30.98221],[-89.06424,30.9814],[-89.06441,30.98102],[-89.06435,30.98131],[-89.06456,30.98142],[-89.06472,30.98182],[-89.06462,30.98204]]]},"properties":{"fire_id":"ufid:2022-MSMNF-000226","source_collection":"history-2022","source_objectid":12045,"incident_name":"Airport","mapped_acres":0.7975561051548041,"mapped_acres_source":"poly_Acres_AutoCalc_fallback","gis_acres":null,"auto_acres":0.7975561051548041,"reported_acres":0.9,"percent_contained":null,"state":"MS","state_wfigs":"US-MS","county":"Perry","discovery_time_utc":"2022-03-15T22:41:00Z","perimeter_time_utc":"2022-07-13T16:18:32Z","perimeter_edit_time_utc":"2023-03-14T15:13:42Z","incident_modified_time_utc":"2022-03-18T17:22:52Z","containment_time_utc":"2022-03-16T00:00:00Z","control_time_utc":"2022-03-18T17:10:00Z","fire_out_time_utc":"2022-03-18T17:12:00Z","fire_cause":"Human","fire_cause_general":"Arson","map_method":"Mixed Methods","source_dataset":"FFP","unique_fire_identifier":"2022-MSMNF-000226","irwin_id":"{9869169D-9E17-4D97-AFF6-8647091A3397}","global_id":"7e8f4113-f6f8-498d-affa-ab8a59da4065"}},{"type":"Feature","geometry":{"type":"Polygon","coordinates":[[[-89.38192,34.62925],[-89.3816,34.62915],[-89.38124,34.62872],[-89.3812,34.62842],[-89.38141,34.62824],[-89.38301,34.62841],[-89.38354,34.62861],[-89.38325,34.6288],[-89.38286,34.62873],[-89.38281,34.62895],[-89.38244,34.62898],[-89.38192,34.62925]]]},"properties":{"fire_id":"ufid:2022-MSMNF-000072","source_collection":"history-2022","source_objectid":12182,"incident_name":"CCC","mapped_acres":3.52,"mapped_acres_source":"poly_GISAcres","gis_acres":3.52,"auto_acres":3.522280258679758,"reported_acres":4.0,"percent_contained":null,"state":"MS","state_wfigs":"US-MS","county":"Marshall","discovery_time_utc":"2022-02-01T22:59:00Z","perimeter_time_utc":"2022-08-05T17:04:44Z","perimeter_edit_time_utc":"2023-03-14T15:13:42Z","incident_modified_time_utc":"2022-02-08T16:50:50Z","containment_time_utc":"2022-02-02T00:00:00Z","control_time_utc":"2022-02-07T22:00:00Z","fire_out_time_utc":"2022-02-07T22:05:00Z","fire_cause":"Human","fire_cause_general":"Undetermined","map_method":"Hand Sketch","source_dataset":"FFP","unique_fire_identifier":"2022-MSMNF-000072","irwin_id":"{F79FF83C-2680-460B-9967-DEAAD56629CF}","global_id":"d481053e-ba47-4047-98a4-716c80296173"}},{"type":"Feature","geometry":{"type":"Polygon","coordinates":[[[-88.40069,34.4812],[-88.40097,34.47269],[-88.40166,34.47269],[-88.40254,34.47307],[-88.40432,34.4734],[-88.40498,34.47367],[-88.4056,34.47441],[-88.40631,34.4745],[-88.40711,34.47443],[-88.40867,34.47393],[-88.40884,34.47501],[-88.40781,34.4763],[-88.40732,34.47722],[-88.40635,34.4782],[-88.40492,34.47919],[-88.40414,34.47954],[-88.40198,34.48202],[-88.40181,34.48209],[-88.40123,34.48184],[-88.40069,34.4812]]]},"properties":{"fire_id":"ufid:2022-MSNAP-MS-NAP","source_collection":"history-2022","source_objectid":12325,"incident_name":"Pharr","mapped_acres":110.12,"mapped_acres_source":"poly_GISAcres","gis_acres":110.12,"auto_acres":110.12306879027038,"reported_acres":52.6,"percent_contained":null,"state":"MS","state_wfigs":"US-MS","county":"Prentiss","discovery_time_utc":"2022-01-29T21:30:09Z","perimeter_time_utc":"2023-01-03T16:45:27Z","perimeter_edit_time_utc":"2023-03-14T15:13:42Z","incident_modified_time_utc":"2022-03-04T16:40:50Z","containment_time_utc":"2022-02-01T22:30:00Z","control_time_utc":"2022-02-02T19:00:00Z","fire_out_time_utc":"2022-02-16T20:00:00Z","fire_cause":"Human","fire_cause_general":"Debris and open burning","map_method":"Hand Sketch","source_dataset":"FFP","unique_fire_identifier":"2022-MSNAP-MS-NAP","irwin_id":"{EB01E9DD-CE12-4F6E-A4E1-C7A2D44EE919}","global_id":"4b24dccf-052a-41fd-9621-52019f6af113"}},{"type":"Feature","geometry":{"type":"Polygon","coordinates":[[[-88.92503,31.0891],[-88.92405,31.08444],[-88.92405,31.08352],[-88.92444,31.08264],[-88.92531,31.08277],[-88.92575,31.08314],[-88.92654,31.08424],[-88.92709,31.08477],[-88.927,31.08556],[-88.92821,31.08588],[-88.92748,31.08709],[-88.92645,31.08794],[-88.92559,31.08891],[-88.92503,31.0891]]]},"properties":{"fire_id":"ufid:2022-MSMNF-000386","source_collection":"history-2022","source_objectid":12392,"incident_name":"Herring","mapped_acres":1.0,"mapped_acres_source":"poly_GISAcres","gis_acres":1.0,"auto_acres":38.268938376485444,"reported_acres":35.0,"percent_contained":null,"state":"MS","state_wfigs":"US-MS","county":"Perry","discovery_time_utc":"2022-09-27T19:42:00Z","perimeter_time_utc":"2022-11-09T19:57:29Z","perimeter_edit_time_utc":"2023-03-14T15:13:42Z","incident_modified_time_utc":"2022-10-10T23:05:21Z","containment_time_utc":"2022-09-29T18:39:00Z","control_time_utc":"2022-10-10T23:05:00Z","fire_out_time_utc":"2022-11-09T19:55:30Z","fire_cause":"Human","fire_cause_general":"Arson","map_method":"Hand Sketch","source_dataset":"FFP","unique_fire_identifier":"2022-MSMNF-000386","irwin_id":"{CA5638F2-F946-4AB5-8DCF-D9D3E327D81C}","global_id":"760ea88a-3160-4efd-a778-9dd3bf3a9e10"}},{"type":"Feature","geometry":{"type":"Polygon","coordinates":[[[-88.68696,31.46827],[-88.68685,31.46747],[-88.68729,31.4665],[-88.68864,31.46612],[-88.68904,31.46621],[-88.68923,31.46689],[-88.68924,31.46772],[-88.68948,31.46813],[-88.6893,31.46865],[-88.68781,31.46822],[-88.68696,31.46827]]]},"properties":{"fire_id":"ufid:2022-MSMNF-000121","source_collection":"history-2022","source_objectid":12561,"incident_name":"Super Bowl Fire","mapped_acres":12.2,"mapped_acres_source":"poly_GISAcres","gis_acres":12.2,"auto_acres":12.181050296930842,"reported_acres":12.0,"percent_contained":null,"state":"MS","state_wfigs":"US-MS","county":"Wayne","discovery_time_utc":"2022-02-13T21:07:00Z","perimeter_time_utc":"2022-08-05T20:50:06Z","perimeter_edit_time_utc":"2023-03-14T15:13:42Z","incident_modified_time_utc":"2022-03-05T17:39:39Z","containment_time_utc":"2022-02-13T22:50:00Z","control_time_utc":"2022-02-16T14:00:00Z","fire_out_time_utc":"2022-02-16T14:00:00Z","fire_cause":"Human","fire_cause_general":"Arson","map_method":"GPS-Walked","source_dataset":"FFP","unique_fire_identifier":"2022-MSMNF-000121","irwin_id":"{FB5ADDBC-87F5-4739-A02D-FCF5A2BBE565}","global_id":"4fae84a4-e306-407f-9c1a-0e3b3a9cf358"}},{"type":"Feature","geometry":{"type":"Polygon","coordinates":[[[-89.51084,32.33292],[-89.51084,32.33282],[-89.50973,32.33271],[-89.5094,32.33229],[-89.5093,32.33181],[-89.51028,32.3313],[-89.5114,32.33178],[-89.51152,32.33234],[-89.51144,32.33276],[-89.51128,32.33302],[-89.51084,32.33292]]]},"properties":{"fire_id":"ufid:2022-MSMNF-000085","source_collection":"history-2022","source_objectid":12578,"incident_name":"microwave tower","mapped_acres":6.83,"mapped_acres_source":"poly_GISAcres","gis_acres":6.83,"auto_acres":6.833378130622138,"reported_acres":7.0,"percent_contained":null,"state":"MS","state_wfigs":"US-MS","county":"Scott","discovery_time_utc":"2022-02-08T18:41:00Z","perimeter_time_utc":"2022-08-05T20:49:17Z","perimeter_edit_time_utc":"2023-03-14T15:13:42Z","incident_modified_time_utc":"2022-03-05T16:40:42Z","containment_time_utc":"2022-02-08T22:00:00Z","control_time_utc":null,"fire_out_time_utc":"2022-02-23T21:41:00Z","fire_cause":"Human","fire_cause_general":"Arson","map_method":"Mixed Methods","source_dataset":"FFP","unique_fire_identifier":"2022-MSMNF-000085","irwin_id":"{2E367972-C1FD-430D-95EA-D37C9664F1BF}","global_id":"c6f7636c-4ad9-4f95-9e10-b11a9a50a2af"}},{"type":"Feature","geometry":{"type":"Polygon","coordinates":[[[-89.00404,30.9315],[-89.00205,30.93122],[-89.0009,30.93125],[-89.00033,30.93147],[-89.00007,30.93113],[-89.00011,30.92975],[-89.00114,30.92816],[-89.00172,30.92784],[-89.00249,30.9277],[-89.00293,30.92779],[-89.00292,30.92856],[-89.005,30.92859],[-89.00493,30.92929],[-89.00404,30.9315]]]},"properties":{"fire_id":"ufid:2022-MSMNF-000150","source_collection":"history-2022","source_objectid":12594,"incident_name":"Bug Branch 3","mapped_acres":32.28,"mapped_acres_source":"poly_GISAcres","gis_acres":32.28,"auto_acres":35.08910459595367,"reported_acres":35.0,"percent_contained":null,"state":"MS","state_wfigs":"US-MS","county":"Perry","discovery_time_utc":"2022-02-19T22:18:00Z","perimeter_time_utc":"2022-07-12T14:50:35Z","perimeter_edit_time_utc":"2023-03-14T15:13:42Z","incident_modified_time_utc":"2022-03-29T13:54:39Z","containment_time_utc":"2022-02-20T02:30:00Z","control_time_utc":"2022-02-27T15:45:00Z","fire_out_time_utc":"2022-02-28T18:00:00Z","fire_cause":"Human","fire_cause_general":"Arson","map_method":"Hand Sketch","source_dataset":"FFP","unique_fire_identifier":"2022-MSMNF-000150","irwin_id":"{F395C004-0DE5-4E24-93DA-BEEB31939840}","global_id":"e78108ed-45ee-4701-8ec8-0e099499bf54"}},{"type":"Feature","geometry":{"type":"Polygon","coordinates":[[[-88.73525,31.48682],[-88.73514,31.4868],[-88.73526,31.48674],[-88.73525,31.48682]]]},"properties":{"fire_id":"ufid:2022-MSMNF-000371","source_collection":"history-2022","source_objectid":12755,"incident_name":"TR Dunnam Fire","mapped_acres":0.019595922715125547,"mapped_acres_source":"poly_Acres_AutoCalc_fallback","gis_acres":null,"auto_acres":0.019595922715125547,"reported_acres":0.1,"percent_contained":null,"state":"MS","state_wfigs":"US-MS","county":"Wayne","discovery_time_utc":"2022-06-17T22:22:00Z","perimeter_time_utc":"2022-09-19T15:11:18Z","perimeter_edit_time_utc":"2023-03-14T15:13:42Z","incident_modified_time_utc":"2022-09-02T18:02:50Z","containment_time_utc":"2022-06-24T12:45:00Z","control_time_utc":"2022-06-24T13:00:00Z","fire_out_time_utc":"2022-09-02T15:00:00Z","fire_cause":"Human","fire_cause_general":"Arson","map_method":"GPS-Walked","source_dataset":"FFP","unique_fire_identifier":"2022-MSMNF-000371","irwin_id":"{76B0B7D4-CC2C-4579-98AD-A9F407230497}","global_id":"d7dad8f3-90ab-4539-b19a-0bb803332241"}},{"type":"Feature","geometry":{"type":"Polygon","coordinates":[[[-89.05152,34.84334],[-89.05266,34.84383],[-89.05308,34.84414],[-89.05311,34.84429],[-89.05344,34.84437],[-89.05364,34.84463],[-89.05419,34.84492],[-89.0542,34.84514],[-89.05437,34.84532],[-89.05435,34.84581],[-89.05469,34.84638],[-89.05407,34.84693],[-89.05348,34.8468],[-89.05319,34.84644],[-89.05251,34.8461],[-89.05206,34.84622],[-89.05137,34.84589],[-89.05134,34.84649],[-89.05117,34.84657],[-89.0509,34.84711],[-89.05053,34.84746],[-89.05016,34.84747],[-89.05006,34.84721],[-89.05013,34.84672],[-89.05111,34.84353],[-89.05152,34.84334]]]},"properties":{"fire_id":"ufid:2022-MSMNF-000073","source_collection":"history-2022","source_objectid":12802,"incident_name":"Rolfe","mapped_acres":24.96,"mapped_acres_source":"poly_GISAcres","gis_acres":24.96,"auto_acres":24.961135015650104,"reported_acres":45.0,"percent_contained":null,"state":"MS","state_wfigs":"US-MS","county":"Benton","discovery_time_utc":"2022-02-01T23:25:00Z","perimeter_time_utc":"2022-08-03T16:03:50Z","perimeter_edit_time_utc":"2023-03-14T15:13:42Z","incident_modified_time_utc":"2022-02-08T16:54:58Z","containment_time_utc":"2022-02-07T21:55:00Z","control_time_utc":"2022-02-07T22:00:00Z","fire_out_time_utc":"2022-02-07T22:05:00Z","fire_cause":"Human","fire_cause_general":"Undetermined","map_method":"Hand Sketch","source_dataset":"FFP","unique_fire_identifier":"2022-MSMNF-000073","irwin_id":"{CA57A3E9-D743-4A6F-B3AB-5299DC890F15}","global_id":"03245de2-fbf2-4b97-bc85-353bd3fc4dce"}},{"type":"Feature","geometry":{"type":"Polygon","coordinates":[[[-88.84452,30.58113],[-88.84487,30.58085],[-88.84476,30.58121],[-88.84452,30.58113]]]},"properties":{"fire_id":"ufid:2022-MSMNF-000251","source_collection":"history-2022","source_objectid":12855,"incident_name":"Dee","mapped_acres":0.2521274813285928,"mapped_acres_source":"poly_Acres_AutoCalc_fallback","gis_acres":null,"auto_acres":0.2521274813285928,"reported_acres":0.25,"percent_contained":null,"state":"MS","state_wfigs":"US-MS","county":"Jackson","discovery_time_utc":"2022-03-22T00:49:00Z","perimeter_time_utc":"2022-06-22T15:44:35Z","perimeter_edit_time_utc":"2023-03-14T15:13:42Z","incident_modified_time_utc":"2022-06-22T15:40:05Z","containment_time_utc":"2022-03-22T01:30:00Z","control_time_utc":"2022-03-24T17:49:00Z","fire_out_time_utc":"2022-04-10T21:48:00Z","fire_cause":"Human","fire_cause_general":"Arson","map_method":"Mixed Methods","source_dataset":"FFP","unique_fire_identifier":"2022-MSMNF-000251","irwin_id":"{BEBA1462-09C3-4D76-AA68-4535931F0E1D}","global_id":"b8be7c12-63d0-47c1-991a-08e75726b6f0"}},{"type":"Feature","geometry":{"type":"Polygon","coordinates":[[[-89.22164,31.14519],[-89.22109,31.14518],[-89.22157,31.1441],[-89.22164,31.14519]]]},"properties":{"fire_id":"ufid:2022-MSMNF-000389","source_collection":"history-2022","source_objectid":12929,"incident_name":"Jay West","mapped_acres":1.0,"mapped_acres_source":"poly_GISAcres","gis_acres":1.0,"auto_acres":0.8430100989072389,"reported_acres":0.84,"percent_contained":null,"state":"MS","state_wfigs":"US-MS","county":"Forrest","discovery_time_utc":"2022-09-29T19:19:00Z","perimeter_time_utc":"2022-11-13T16:46:08Z","perimeter_edit_time_utc":"2023-03-14T15:13:42Z","incident_modified_time_utc":"2022-11-13T16:29:41Z","containment_time_utc":"2022-10-04T23:45:00Z","control_time_utc":"2022-10-05T00:00:00Z","fire_out_time_utc":"2022-11-13T16:25:00Z","fire_cause":"Human","fire_cause_general":"Debris and open burning","map_method":"Auto-generated","source_dataset":"FFP","unique_fire_identifier":"2022-MSMNF-000389","irwin_id":"{2FFE243F-F44D-4EAC-8823-3420693C185F}","global_id":"db144b03-8336-4942-8991-db63de3a9594"}},{"type":"Feature","geometry":{"type":"Polygon","coordinates":[[[-89.20305,34.54388],[-89.20225,34.5429],[-89.20107,34.54255],[-89.20048,34.54214],[-89.20011,34.54174],[-89.19996,34.54131],[-89.20022,34.53994],[-89.20145,34.538],[-89.20159,34.53743],[-89.20327,34.53802],[-89.20414,34.5387],[-89.20548,34.53907],[-89.20598,34.53979],[-89.20639,34.54122],[-89.20706,34.54146],[-89.20717,34.54162],[-89.20707,34.5422],[-89.20669,34.54224],[-89.20649,34.54249],[-89.20631,34.54331],[-89.20611,34.5436],[-89.20488,34.54366],[-89.20418,34.54395],[-89.20371,34.54381],[-89.20305,34.54388]]]},"properties":{"fire_id":"ufid:2022-MSMNF-000186","source_collection":"history-2022","source_objectid":13013,"incident_name":"Hound Dog","mapped_acres":74.8,"mapped_acres_source":"poly_GISAcres","gis_acres":74.8,"auto_acres":74.80081196509461,"reported_acres":75.0,"percent_contained":null,"state":"MS","state_wfigs":"US-MS","county":"Union","discovery_time_utc":"2022-03-03T20:55:00Z","perimeter_time_utc":"2022-08-03T18:30:37Z","perimeter_edit_time_utc":"2023-03-14T15:13:42Z","incident_modified_time_utc":"2022-03-06T15:33:39Z","containment_time_utc":"2022-03-04T00:48:00Z","control_time_utc":null,"fire_out_time_utc":"2022-03-27T18:18:00Z","fire_cause":"Human","fire_cause_general":null,"map_method":"GPS-Walked","source_dataset":"FFP","unique_fire_identifier":"2022-MSMNF-000186","irwin_id":"{2519F9F5-A5E2-4375-B79F-9E45605AC6D4}","global_id":"6fb84e80-eb31-40c5-96f6-71334082cf63"}},{"type":"Feature","geometry":{"type":"Polygon","coordinates":[[[-89.37625,30.70929],[-89.37626,30.70897],[-89.37637,30.70891],[-89.37694,30.70952],[-89.37778,30.70981],[-89.37832,30.71032],[-89.37882,30.71093],[-89.37878,30.71189],[-89.37949,30.71301],[-89.37937,30.71359],[-89.37852,30.71391],[-89.37821,30.71417],[-89.37823,30.7146],[-89.37803,30.71536],[-89.37787,30.71552],[-89.3776,30.7155],[-89.37606,30.71466],[-89.3754,30.7148],[-89.37454,30.71529],[-89.37361,30.71531],[-89.37215,30.71437],[-89.3716,30.71332],[-89.37079,30.71305],[-89.36992,30.71316],[-89.36957,30.7139],[-89.36929,30.7141],[-89.36771,30.7133],[-89.36716,30.71277],[-89.36671,30.71276],[-89.36608,30.71296],[-89.36596,30.71288],[-89.36617,30.71227],[-89.36581,30.71106],[-89.36603,30.71085],[-89.36643,30.71088],[-89.36694,30.71147],[-89.36795,30.71201],[-89.36952,30.71209],[-89.36997,30.71184],[-89.37012,30.71137],[-89.36999,30.71104],[-89.36956,30.71065],[-89.36867,30.71031],[-89.36851,30.7101],[-89.369,30.70947],[-89.36894,30.70893],[-89.3693,30.70862],[-89.36941,30.70815],[-89.36956,30.70803],[-89.37115,30.70802],[-89.37265,30.70773],[-89.37302,30.70783],[-89.37315,30.70814],[-89.37308,30.70829],[-89.37192,30.70827],[-89.37118,30.70883],[-89.37064,30.70883],[-89.37051,30.70899],[-89.37091,30.71011],[-89.37186,30.71054],[-89.37224,30.71019],[-89.37229,30.70935],[-89.37244,30.7091],[-89.37307,30.70881],[-89.3737,30.7088],[-89.37345,30.70952],[-89.37404,30.70954],[-89.37412,30.70968],[-89.37393,30.71011],[-89.37342,30.71048],[-89.37367,30.7109],[-89.37281,30.71089],[-89.37242,30.71136],[-89.37244,30.71153],[-89.37277,30.7117],[-89.37301,30.71214],[-89.37457,30.71125],[-89.37477,30.71076],[-89.37498,30.71063],[-89.37537,30.71086],[-89.37557,30.71117],[-89.37531,30.71205],[-89.37587,30.71207],[-89.37631,30.71088],[-89.37579,30.70999],[-89.37655,30.70965],[-89.37625,30.70929]]]},"properties":{"fire_id":"ufid:2022-MSMSS-224401772","source_collection":"history-2022","source_objectid":13571,"incident_name":"Pearl River County Silver Run","mapped_acres":130.0,"mapped_acres_source":"poly_GISAcres","gis_acres":130.0,"auto_acres":130.116336915767,"reported_acres":409.0,"percent_contained":100.0,"state":"MS","state_wfigs":"US-MS","county":"Pearl River","discovery_time_utc":"2022-05-17T01:00:00Z","perimeter_time_utc":"2022-05-17T06:00:00Z","perimeter_edit_time_utc":"2022-08-11T17:01:09Z","incident_modified_time_utc":"2022-05-18T21:49:02Z","containment_time_utc":null,"control_time_utc":null,"fire_out_time_utc":null,"fire_cause":"Undetermined","fire_cause_general":null,"map_method":"Image Interpretation","source_dataset":"2022 NIFS","unique_fire_identifier":"2022-MSMSS-224401772","irwin_id":"{2EDA7B60-0528-48A1-9B9C-33A9159A5892}","global_id":"b4eb54ac-adf0-483c-a7f0-2038769150dd"}},{"type":"Feature","geometry":{"type":"Polygon","coordinates":[[[-89.06725,34.93553],[-89.06708,34.93603],[-89.06673,34.93619],[-89.06645,34.93613],[-89.06626,34.93586],[-89.06614,34.93614],[-89.06569,34.936],[-89.06573,34.93673],[-89.06655,34.93709],[-89.06738,34.93716],[-89.06769,34.9375],[-89.06765,34.93775],[-89.06788,34.93792],[-89.06781,34.93812],[-89.06815,34.93804],[-89.0688,34.93864],[-89.06936,34.93871],[-89.0694,34.93901],[-89.06979,34.93913],[-89.07008,34.93939],[-89.06984,34.93939],[-89.06975,34.93953],[-89.06977,34.93975],[-89.07002,34.93994],[-89.06953,34.94029],[-89.06961,34.94048],[-89.06923,34.94074],[-89.06873,34.94156],[-89.06849,34.94169],[-89.06786,34.94137],[-89.0679,34.94103],[-89.0675,34.94117],[-89.06746,34.94103],[-89.06724,34.94098],[-89.06617,34.94095],[-89.06589,34.94108],[-89.06498,34.94062],[-89.06435,34.94086],[-89.06424,34.94077],[-89.06429,34.94046],[-89.06376,34.93988],[-89.06345,34.93985],[-89.06329,34.93965],[-89.06326,34.9394],[-89.06363,34.93919],[-89.0634,34.93895],[-89.06346,34.93876],[-89.063,34.93871],[-89.06302,34.93845],[-89.06373,34.93813],[-89.06395,34.93829],[-89.06415,34.9382],[-89.0642,34.93789],[-89.06448,34.938],[-89.06461,34.93785],[-89.06444,34.93754],[-89.06403,34.93742],[-89.06419,34.93672],[-89.06409,34.93533],[-89.06422,34.93453],[-89.06441,34.9348],[-89.06513,34.93501],[-89.06562,34.93473],[-89.06665,34.93487],[-89.0668,34.93493],[-89.06686,34.93515],[-89.06706,34.93516],[-89.06725,34.93553]]]},"properties":{"fire_id":"ufid:2022-MSMNF-000206","source_collection":"history-2022","source_objectid":13854,"incident_name":"Traveler","mapped_acres":64.5,"mapped_acres_source":"poly_GISAcres","gis_acres":64.5,"auto_acres":64.50138067809858,"reported_acres":25.0,"percent_contained":null,"state":"MS","state_wfigs":"US-MS","county":"Benton","discovery_time_utc":"2022-03-06T18:41:00Z","perimeter_time_utc":"2022-08-03T15:57:30Z","perimeter_edit_time_utc":"2023-03-14T15:13:42Z","incident_modified_time_utc":"2022-03-07T14:32:19Z","containment_time_utc":"2022-03-06T23:16:00Z","control_time_utc":null,"fire_out_time_utc":"2022-03-27T15:53:00Z","fire_cause":"Human","fire_cause_general":"Debris and open burning","map_method":"GPS-Walked","source_dataset":"FFP","unique_fire_identifier":"2022-MSMNF-000206","irwin_id":"{59994BFC-3EEA-4790-A246-B8002EEBCD36}","global_id":"3958bb45-dd67-478a-b145-7a30cd1501ee"}},{"type":"Feature","geometry":{"type":"MultiPolygon","coordinates":[[[[-89.14718,30.94663],[-89.14836,30.94747],[-89.14846,30.94789],[-89.14839,30.9483],[-89.1486,30.94877],[-89.14842,30.94974],[-89.14849,30.95025],[-89.1481,30.95059],[-89.14821,30.95097],[-89.148,30.95123],[-89.14821,30.95148],[-89.14796,30.95201],[-89.14857,30.95273],[-89.14851,30.9538],[-89.14823,30.95422],[-89.14787,30.95429],[-89.14741,30.95419],[-89.14764,30.95493],[-89.14714,30.95603],[-89.14807,30.9572],[-89.14786,30.95856],[-89.14804,30.95906],[-89.14827,30.95914],[-89.14854,30.95966],[-89.14859,30.96012],[-89.14831,30.96053],[-89.14846,30.96078],[-89.14812,30.96126],[-89.14816,30.96154],[-89.14793,30.96174],[-89.14761,30.96175],[-89.14743,30.96204],[-89.1472,30.96202],[-89.14726,30.96234],[-89.14708,30.96247],[-89.1468,30.96249],[-89.14652,30.96222],[-89.1463,30.96231],[-89.14617,30.96217],[-89.14583,30.96242],[-89.14589,30.96221],[-89.14521,30.96201],[-89.145,30.96241],[-89.14556,30.96265],[-89.1459,30.96301],[-89.14532,30.96363],[-89.14509,30.9637],[-89.14494,30.96399],[-89.1441,30.96423],[-89.1433,30.96383],[-89.14354,30.96332],[-89.14327,30.96299],[-89.14331,30.96259],[-89.14286,30.96248],[-89.14274,30.96225],[-89.14221,30.96194],[-89.14201,30.96139],[-89.142,30.95981],[-89.14135,30.95941],[-89.1408,30.95796],[-89.14072,30.95763],[-89.14084,30.95729],[-89.14148,30.95717],[-89.14209,30.95687],[-89.14132,30.95621],[-89.14127,30.95562],[-89.14147,30.95524],[-89.14101,30.95497],[-89.14086,30.95403],[-89.14114,30.95376],[-89.14099,30.95289],[-89.14179,30.95133],[-89.14072,30.9516],[-89.14051,30.95106],[-89.1406,30.95032],[-89.14101,30.94969],[-89.14177,30.94979],[-89.14174,30.9495],[-89.14205,30.94914],[-89.14303,30.94867],[-89.14366,30.9486],[-89.14348,30.94839],[-89.14346,30.94799],[-89.14366,30.94758],[-89.14393,30.94739],[-89.1459,30.94708],[-89.14663,30.9467],[-89.14718,30.94663]]],[[[-89.14101,30.94969],[-89.14097,30.94969],[-89.14101,30.94967],[-89.14101,30.94969]]]]},"properties":{"fire_id":"ufid:2022-MSMNF-000439","source_collection":"history-2022","source_objectid":13873,"incident_name":"Jack Davis","mapped_acres":268.74129890913065,"mapped_acres_source":"poly_Acres_AutoCalc_fallback","gis_acres":null,"auto_acres":268.74129890913065,"reported_acres":269.0,"percent_contained":null,"state":"MS","state_wfigs":"US-MS","county":"Forrest","discovery_time_utc":"2022-10-23T20:55:00Z","perimeter_time_utc":"2022-11-13T15:17:55Z","perimeter_edit_time_utc":"2023-03-14T15:13:42Z","incident_modified_time_utc":"2022-11-10T14:57:32Z","containment_time_utc":"2022-10-25T23:40:00Z","control_time_utc":"2022-11-10T14:47:00Z","fire_out_time_utc":"2022-11-12T21:00:00Z","fire_cause":"Human","fire_cause_general":"Arson","map_method":"Mixed Methods","source_dataset":"FFP","unique_fire_identifier":"2022-MSMNF-000439","irwin_id":"{D407D896-8679-44AC-B919-C845BA3BAAB7}","global_id":"1957f702-f77f-41c8-8179-798f1a559900"}},{"type":"Feature","geometry":{"type":"MultiPolygon","coordinates":[[[[-88.80545,34.82889],[-88.80544,34.82903],[-88.80531,34.82902],[-88.80531,34.8289],[-88.80545,34.82889]]],[[[-88.87109,34.84086],[-88.87062,34.8406],[-88.87003,34.83962],[-88.86959,34.83736],[-88.86928,34.83708],[-88.86792,34.8364],[-88.86787,34.83592],[-88.86806,34.83511],[-88.86919,34.83508],[-88.87031,34.83544],[-88.87336,34.83559],[-88.87613,34.83512],[-88.87735,34.83519],[-88.87844,34.83509],[-88.87875,34.83523],[-88.87881,34.83547],[-88.87864,34.83585],[-88.87748,34.83705],[-88.8772,34.83797],[-88.8771,34.83913],[-88.87642,34.83942],[-88.87491,34.83922],[-88.87529,34.83953],[-88.87613,34.83975],[-88.87609,34.84005],[-88.87566,34.84012],[-88.8752,34.8399],[-88.87454,34.84035],[-88.87412,34.84037],[-88.87391,34.84017],[-88.87392,34.83955],[-88.87314,34.8392],[-88.87368,34.83878],[-88.87321,34.83846],[-88.87238,34.83846],[-88.87226,34.83853],[-88.87236,34.83944],[-88.87266,34.84002],[-88.8718,34.84066],[-88.87109,34.84086]]],[[[-88.86253,34.84253],[-88.86195,34.84227],[-88.86086,34.84212],[-88.86031,34.84085],[-88.85974,34.84049],[-88.85987,34.83978],[-88.85978,34.83946],[-88.85933,34.83929],[-88.85859,34.83929],[-88.85837,34.83915],[-88.85846,34.8388],[-88.85909,34.83828],[-88.85955,34.83808],[-88.85989,34.83745],[-88.86044,34.83702],[-88.86008,34.8367],[-88.85856,34.83632],[-88.85836,34.83645],[-88.85853,34.83692],[-88.85837,34.83715],[-88.85729,34.83669],[-88.85725,34.83656],[-88.85752,34.83632],[-88.85724,34.83628],[-88.85585,34.83685],[-88.85605,34.83762],[-88.85583,34.83791],[-88.85553,34.83802],[-88.85472,34.83785],[-88.85479,34.83831],[-88.85435,34.8382],[-88.85409,34.83845],[-88.85416,34.83879],[-88.8548,34.839],[-88.85505,34.8398],[-88.85585,34.83913],[-88.85599,34.83926],[-88.85597,34.8399],[-88.85653,34.83998],[-88.85708,34.84036],[-88.85767,34.84026],[-88.85838,34.83976],[-88.85889,34.83985],[-88.85919,34.84035],[-88.85918,34.84064],[-88.85855,34.84134],[-88.85833,34.84142],[-88.85633,34.84052],[-88.85585,34.84043],[-88.8549,34.84051],[-88.85379,34.84015],[-88.85244,34.8392],[-88.85207,34.83871],[-88.85159,34.83867],[-88.85121,34.83836],[-88.85087,34.83779],[-88.85103,34.83732],[-88.85036,34.83684],[-88.84975,34.83674],[-88.85007,34.83703],[-88.84986,34.83713],[-88.84719,34.83627],[-88.84643,34.83647],[-88.84637,34.83678],[-88.84737,34.83778],[-88.84777,34.8378],[-88.84771,34.83825],[-88.84726,34.83832],[-88.84712,34.83847],[-88.84757,34.83882],[-88.8483,34.83907],[-88.84783,34.83938],[-88.84683,34.83965],[-88.84652,34.83951],[-88.84637,34.83907],[-88.8461,34.83907],[-88.84592,34.83922],[-88.84589,34.83996],[-88.84569,34.84007],[-88.84555,34.83981],[-88.84558,34.83775],[-88.84572,34.83689],[-88.8436,34.83663],[-88.84296,34.83692],[-88.84297,34.83641],[-88.84342,34.83618],[-88.84602,34.83613],[-88.84722,34.83553],[-88.84961,34.8353],[-88.85056,34.83509],[-88.85103,34.83479],[-88.85112,34.83448],[-88.85152,34.83446],[-88.85179,34.83407],[-88.85227,34.834],[-88.85276,34.83364],[-88.85435,34.83225],[-88.85446,34.83125],[-88.85482,34.83098],[-88.8556,34.83117],[-88.85557,34.83142],[-88.85581,34.83178],[-88.85661,34.8321],[-88.85705,34.83213],[-88.85704,34.83263],[-88.85752,34.83292],[-88.85743,34.83316],[-88.85787,34.83306],[-88.8583,34.83259],[-88.8585,34.8326],[-88.85897,34.83351],[-88.85919,34.83367],[-88.86221,34.83385],[-88.86254,34.8336],[-88.86277,34.83288],[-88.86293,34.83281],[-88.86311,34.83312],[-88.8629,34.83376],[-88.8638,34.83398],[-88.86516,34.83464],[-88.86554,34.83514],[-88.86542,34.83591],[-88.86696,34.83659],[-88.8664,34.83679],[-88.86619,34.83706],[-88.86541,34.83676],[-88.86435,34.83682],[-88.86377,34.83719],[-88.86354,34.8377],[-88.86343,34.8393],[-88.86368,34.8405],[-88.8643,34.84099],[-88.8629,34.84241],[-88.86253,34.84253]]],[[[-88.80545,34.82889],[-88.80619,34.82832],[-88.8061,34.82753],[-88.8067,34.8273],[-88.80723,34.82632],[-88.80747,34.82682],[-88.80838,34.82723],[-88.80844,34.82759],[-88.8082,34.82817],[-88.80688,34.82977],[-88.80668,34.83122],[-88.80738,34.8308],[-88.80719,34.83052],[-88.80732,34.83025],[-88.80754,34.83019],[-88.80803,34.83041],[-88.80835,34.8304],[-88.80914,34.82936],[-88.80972,34.8294],[-88.81039,34.82966],[-88.8117,34.82921],[-88.8133,34.82956],[-88.81467,34.83099],[-88.8149,34.83146],[-88.81449,34.83208],[-88.81479,34.83277],[-88.81503,34.83293],[-88.8153,34.83293],[-88.81556,34.83275],[-88.81563,34.8325],[-88.81546,34.83228],[-88.81556,34.83219],[-88.81605,34.83223],[-88.81674,34.83187],[-88.81739,34.83172],[-88.81768,34.83194],[-88.81767,34.83229],[-88.81699,34.83237],[-88.81687,34.83262],[-88.81787,34.83291],[-88.81881,34.83345],[-88.82217,34.834],[-88.82404,34.83397],[-88.8246,34.83411],[-88.82565,34.83394],[-88.82592,34.83416],[-88.82645,34.83432],[-88.82934,34.8346],[-88.82958,34.83472],[-88.83001,34.83535],[-88.83119,34.8356],[-88.8356,34.83558],[-88.83577,34.83616],[-88.83528,34.83652],[-88.83409,34.83608],[-88.83363,34.8363],[-88.83434,34.83696],[-88.83481,34.83866],[-88.83518,34.83941],[-88.83518,34.83993],[-88.83503,34.84009],[-88.83449,34.84019],[-88.83427,34.84057],[-88.83409,34.83964],[-88.8339,34.83932],[-88.83305,34.83962],[-88.8326,34.83961],[-88.83193,34.83845],[-88.83177,34.83837],[-88.83148,34.83947],[-88.83164,34.84052],[-88.83149,34.84079],[-88.83126,34.84085],[-88.83099,34.84054],[-88.83075,34.83923],[-88.8304,34.83836],[-88.82945,34.83808],[-88.82896,34.83815],[-88.82861,34.83793],[-88.82792,34.838],[-88.82749,34.83773],[-88.82721,34.83774],[-88.82708,34.83801],[-88.82735,34.83854],[-88.82786,34.8389],[-88.82889,34.83914],[-88.82901,34.8395],[-88.82875,34.83974],[-88.82829,34.83961],[-88.8272,34.839],[-88.82626,34.83817],[-88.82625,34.83854],[-88.82687,34.83951],[-88.82676,34.83986],[-88.82636,34.84025],[-88.82758,34.84069],[-88.82781,34.84146],[-88.82875,34.84181],[-88.8289,34.84202],[-88.82892,34.84237],[-88.82865,34.84289],[-88.82762,34.84316],[-88.82802,34.84355],[-88.82807,34.84376],[-88.82608,34.84384],[-88.82542,34.84332],[-88.82565,34.84084],[-88.82555,34.83992],[-88.82566,34.83893],[-88.82525,34.83745],[-88.82465,34.83732],[-88.82486,34.83701],[-88.8248,34.83692],[-88.82392,34.83679],[-88.82324,34.83688],[-88.82211,34.83786],[-88.8212,34.83846],[-88.82082,34.8389],[-88.82075,34.83844],[-88.82136,34.83771],[-88.82115,34.83745],[-88.82096,34.83748],[-88.82024,34.83825],[-88.81981,34.83822],[-88.81926,34.83793],[-88.81933,34.83857],[-88.81887,34.83971],[-88.81846,34.84027],[-88.81801,34.84062],[-88.81787,34.84113],[-88.81759,34.8414],[-88.81694,34.84104],[-88.81696,34.84087],[-88.81726,34.84066],[-88.81713,34.84035],[-88.81601,34.8398],[-88.81562,34.83909],[-88.81545,34.83815],[-88.81509,34.83772],[-88.81451,34.8378],[-88.81372,34.83849],[-88.81328,34.83933],[-88.81277,34.8399],[-88.81246,34.83965],[-88.81168,34.83856],[-88.81129,34.83835],[-88.81001,34.83806],[-88.80956,34.83742],[-88.80926,34.83731],[-88.80885,34.8375],[-88.80699,34.83915],[-88.80574,34.84108],[-88.80494,34.8418],[-88.80461,34.84312],[-88.80397,34.84382],[-88.80355,34.84451],[-88.80185,34.846],[-88.80117,34.84675],[-88.8004,34.84659],[-88.8001,34.84622],[-88.80005,34.84586],[-88.80023,34.84549],[-88.80094,34.84488],[-88.8009,34.84473],[-88.80065,34.84478],[-88.80062,34.84464],[-88.80106,34.84336],[-88.80153,34.84296],[-88.80295,34.84235],[-88.80314,34.84265],[-88.80344,34.84251],[-88.80347,34.84307],[-88.80357,34.8431],[-88.80375,34.84276],[-88.80384,34.84185],[-88.80406,34.84242],[-88.80419,34.84231],[-88.80426,34.84113],[-88.80457,34.84174],[-88.80482,34.84071],[-88.80538,34.84011],[-88.80532,34.83989],[-88.80508,34.83978],[-88.80457,34.84058],[-88.80442,34.84054],[-88.80448,34.83945],[-88.80492,34.8384],[-88.80484,34.83832],[-88.80454,34.83851],[-88.80461,34.83683],[-88.80454,34.83632],[-88.80433,34.83625],[-88.80417,34.83641],[-88.80415,34.83719],[-88.80385,34.83798],[-88.80385,34.83851],[-88.8041,34.83922],[-88.80397,34.84043],[-88.80351,34.84074],[-88.80256,34.84058],[-88.80273,34.83972],[-88.80344,34.83882],[-88.80346,34.83825],[-88.80293,34.83741],[-88.80248,34.83629],[-88.80193,34.83569],[-88.80225,34.83521],[-88.80222,34.83464],[-88.8014,34.83312],[-88.80202,34.83211],[-88.80189,34.83159],[-88.80239,34.83099],[-88.80248,34.82978],[-88.80268,34.82943],[-88.80367,34.82858],[-88.80392,34.82822],[-88.8042,34.82833],[-88.8043,34.82874],[-88.80473,34.82867],[-88.80477,34.82898],[-88.80451,34.8292],[-88.80445,34.82945],[-88.80461,34.82979],[-88.80488,34.82989],[-88.80479,34.83029],[-88.80454,34.83079],[-88.80387,34.83151],[-88.80397,34.8318],[-88.80435,34.83206],[-88.80456,34.83186],[-88.80481,34.83091],[-88.80526,34.83065],[-88.80548,34.83034],[-88.80563,34.82905],[-88.80545,34.82889]]]]},"properties":{"fire_id":"ufid:2022-MSMSS-221200210","source_collection":"history-2022","source_objectid":14167,"incident_name":"1686  County Road 202","mapped_acres":933.876625631185,"mapped_acres_source":"poly_GISAcres","gis_acres":933.876625631185,"auto_acres":933.873289649066,"reported_acres":1041.0,"percent_contained":100.0,"state":"MS","state_wfigs":"US-MS","county":"Tippah","discovery_time_utc":"2022-01-31T23:00:00Z","perimeter_time_utc":null,"perimeter_edit_time_utc":"2022-10-21T14:56:35Z","incident_modified_time_utc":"2022-02-04T17:21:54Z","containment_time_utc":null,"control_time_utc":null,"fire_out_time_utc":null,"fire_cause":"Undetermined","fire_cause_general":null,"map_method":"Image Interpretation","source_dataset":"2022 NIFS","unique_fire_identifier":"2022-MSMSS-221200210","irwin_id":"{073CF308-872F-4F24-9211-EBBDD6DBE80E}","global_id":"54a37f45-2dad-438a-aa01-f22f414fa744"}},{"type":"Feature","geometry":{"type":"Polygon","coordinates":[[[-89.21677,31.09473],[-89.21627,31.09501],[-89.21531,31.09513],[-89.21507,31.09503],[-89.21489,31.09465],[-89.21492,31.09452],[-89.21677,31.09473]]]},"properties":{"fire_id":"ufid:2022-MSMNF-000413","source_collection":"history-2022","source_objectid":15162,"incident_name":"Campground","mapped_acres":1.82,"mapped_acres_source":"poly_GISAcres","gis_acres":1.82,"auto_acres":1.823642263285184,"reported_acres":2.0,"percent_contained":null,"state":"MS","state_wfigs":"US-MS","county":"Perry","discovery_time_utc":"2022-10-06T22:16:00Z","perimeter_time_utc":"2023-02-23T21:31:35Z","perimeter_edit_time_utc":"2023-03-14T15:13:42Z","incident_modified_time_utc":"2022-12-06T19:40:16Z","containment_time_utc":"2022-10-07T15:00:00Z","control_time_utc":"2022-10-20T22:27:00Z","fire_out_time_utc":"2022-12-06T19:00:00Z","fire_cause":"Human","fire_cause_general":"Debris and open burning","map_method":"Hand Sketch","source_dataset":"FFP","unique_fire_identifier":"2022-MSMNF-000413","irwin_id":"{714A937B-876D-4140-BAB0-961F7C373A2E}","global_id":"fc05e831-daeb-41d5-bd47-f7f54b31fd91"}},{"type":"Feature","geometry":{"type":"Polygon","coordinates":[[[-89.23365,31.14387],[-89.2329,31.14199],[-89.23423,31.14197],[-89.23461,31.14258],[-89.23435,31.14376],[-89.23365,31.14387]]]},"properties":{"fire_id":"ufid:2022-MSMNF-000269","source_collection":"history-2022","source_objectid":15193,"incident_name":"Paul B","mapped_acres":8.05,"mapped_acres_source":"poly_GISAcres","gis_acres":8.05,"auto_acres":5.864038487271965,"reported_acres":5.39,"percent_contained":null,"state":"MS","state_wfigs":"US-MS","county":"Forrest","discovery_time_utc":"2022-03-27T19:50:00Z","perimeter_time_utc":"2023-02-24T17:37:46Z","perimeter_edit_time_utc":"2023-03-14T15:13:42Z","incident_modified_time_utc":"2022-09-06T15:13:09Z","containment_time_utc":"2022-03-27T22:00:00Z","control_time_utc":"2022-04-02T18:45:00Z","fire_out_time_utc":"2022-09-06T15:00:00Z","fire_cause":"Human","fire_cause_general":"Debris and open burning","map_method":"Hand Sketch","source_dataset":"FFP","unique_fire_identifier":"2022-MSMNF-000269","irwin_id":"{A4875753-A558-4D36-BE6C-F60D93576760}","global_id":"82683231-5473-4922-a6e7-fea23761eb05"}},{"type":"Feature","geometry":{"type":"Polygon","coordinates":[[[-88.86167,31.10812],[-88.86203,31.10836],[-88.86213,31.109],[-88.86186,31.10984],[-88.86158,31.10991],[-88.86164,31.11019],[-88.85978,31.10839],[-88.86053,31.10845],[-88.86167,31.10812]]]},"properties":{"fire_id":"ufid:2022-MSMSS-000180","source_collection":"history-2022","source_objectid":15225,"incident_name":"Bunker Hill","mapped_acres":6.5536741203517925,"mapped_acres_source":"poly_Acres_AutoCalc_fallback","gis_acres":null,"auto_acres":6.5536741203517925,"reported_acres":6.6,"percent_contained":null,"state":"MS","state_wfigs":"US-MS","county":"Perry","discovery_time_utc":"2022-03-02T20:26:19Z","perimeter_time_utc":"2023-02-02T19:26:18Z","perimeter_edit_time_utc":"2023-03-14T15:13:42Z","incident_modified_time_utc":"2022-09-02T16:38:45Z","containment_time_utc":"2022-03-02T23:30:00Z","control_time_utc":"2022-03-06T20:00:00Z","fire_out_time_utc":"2022-09-02T15:00:00Z","fire_cause":"Human","fire_cause_general":"Arson","map_method":"Mixed Methods","source_dataset":"FFP","unique_fire_identifier":"2022-MSMSS-000180","irwin_id":"{CDB8BF9B-91A5-4B57-AD33-0E161017E2B6}","global_id":"bcf443ab-ad94-4aec-863f-a8dce78d3ee5"}},{"type":"Feature","geometry":{"type":"Polygon","coordinates":[[[-89.10463,31.01232],[-89.10423,31.01235],[-89.10332,31.01159],[-89.10344,31.01126],[-89.10432,31.01115],[-89.10468,31.01143],[-89.10485,31.01206],[-89.10463,31.01232]]]},"properties":{"fire_id":"ufid:2022-MSMNF-000446","source_collection":"history-2022","source_objectid":15238,"incident_name":"Armstrong 1","mapped_acres":3.29,"mapped_acres_source":"poly_GISAcres","gis_acres":3.29,"auto_acres":null,"reported_acres":0.5,"percent_contained":null,"state":"MS","state_wfigs":"US-MS","county":"Perry","discovery_time_utc":"2022-10-28T02:00:00Z","perimeter_time_utc":null,"perimeter_edit_time_utc":null,"incident_modified_time_utc":"2022-12-06T19:29:52Z","containment_time_utc":"2022-10-28T16:12:00Z","control_time_utc":"2022-11-10T14:00:00Z","fire_out_time_utc":"2022-11-10T14:05:00Z","fire_cause":"Human","fire_cause_general":null,"map_method":"Hand Sketch","source_dataset":"Inspector","unique_fire_identifier":"2022-MSMNF-000446","irwin_id":"{2FAC9144-D062-4744-AED7-62CAC1D10A2D}","global_id":"122e6733-5e76-4424-92d0-41a8dfc3257d"}},{"type":"Feature","geometry":{"type":"Polygon","coordinates":[[[-88.87143,31.11013],[-88.87107,31.10916],[-88.86984,31.10739],[-88.86911,31.10525],[-88.86915,31.10419],[-88.8699,31.10296],[-88.87044,31.10273],[-88.87103,31.10213],[-88.87341,31.10137],[-88.87446,31.10137],[-88.87534,31.10157],[-88.87711,31.10232],[-88.87795,31.10234],[-88.87872,31.10216],[-88.87897,31.10281],[-88.87897,31.10375],[-88.87845,31.10379],[-88.87817,31.10494],[-88.87764,31.10569],[-88.87709,31.10597],[-88.87494,31.10605],[-88.87489,31.10756],[-88.87457,31.10763],[-88.87361,31.10843],[-88.8728,31.10849],[-88.87216,31.10879],[-88.87216,31.10908],[-88.87186,31.10926],[-88.87177,31.10957],[-88.87188,31.10988],[-88.87143,31.11013]]]},"properties":{"fire_id":"ufid:2022-MSMNF-000289","source_collection":"history-2022","source_objectid":15240,"incident_name":"SAND RIDGE","mapped_acres":119.71,"mapped_acres_source":"poly_GISAcres","gis_acres":119.71,"auto_acres":130.52404848837125,"reported_acres":130.0,"percent_contained":null,"state":"MS","state_wfigs":"US-MS","county":"Perry","discovery_time_utc":"2022-04-04T22:30:00Z","perimeter_time_utc":"2023-02-02T19:41:01Z","perimeter_edit_time_utc":"2023-03-14T15:13:42Z","incident_modified_time_utc":"2022-09-06T15:13:45Z","containment_time_utc":"2022-04-05T02:15:00Z","control_time_utc":"2022-04-12T20:00:00Z","fire_out_time_utc":"2022-09-06T15:00:00Z","fire_cause":"Human","fire_cause_general":"Arson","map_method":"Hand Sketch","source_dataset":"FFP","unique_fire_identifier":"2022-MSMNF-000289","irwin_id":"{CDFC38AC-4949-4993-90F3-284487152815}","global_id":"49a4b209-9724-4866-a3c6-608c68faaa4b"}},{"type":"Feature","geometry":{"type":"Polygon","coordinates":[[[-89.07214,31.04405],[-89.07182,31.04668],[-89.07144,31.0465],[-89.07086,31.04648],[-89.0707,31.04675],[-89.07086,31.04717],[-89.06928,31.04736],[-89.06894,31.04726],[-89.06897,31.04616],[-89.06922,31.04578],[-89.0691,31.04545],[-89.06784,31.04464],[-89.06805,31.04426],[-89.06936,31.04312],[-89.06984,31.04288],[-89.06988,31.04405],[-89.07214,31.04405]]]},"properties":{"fire_id":"ufid:2022-MSMNF-000385","source_collection":"history-2022","source_objectid":15247,"incident_name":"Mill Creek Rd","mapped_acres":50.37,"mapped_acres_source":"poly_GISAcres","gis_acres":50.37,"auto_acres":27.882586621900156,"reported_acres":28.0,"percent_contained":null,"state":"MS","state_wfigs":"US-MS","county":"Perry","discovery_time_utc":"2022-09-27T19:26:00Z","perimeter_time_utc":"2023-02-08T20:47:01Z","perimeter_edit_time_utc":"2023-03-14T15:13:42Z","incident_modified_time_utc":"2022-12-06T19:36:28Z","containment_time_utc":"2022-09-28T19:39:00Z","control_time_utc":"2022-10-20T22:35:00Z","fire_out_time_utc":"2022-12-06T19:00:00Z","fire_cause":"Human","fire_cause_general":"Arson","map_method":"Hand Sketch","source_dataset":"FFP","unique_fire_identifier":"2022-MSMNF-000385","irwin_id":"{77320282-B7BD-46B8-A442-A03C7FA7FB2F}","global_id":"12f1cba0-0b43-48a9-976a-94594c2091b5"}},{"type":"Feature","geometry":{"type":"Polygon","coordinates":[[[-89.07124,31.0374],[-89.07149,31.03659],[-89.07147,31.03623],[-89.07139,31.03571],[-89.07066,31.03472],[-89.07049,31.03251],[-89.07064,31.0301],[-89.07042,31.02941],[-89.07044,31.02861],[-89.07094,31.02744],[-89.07154,31.02665],[-89.07224,31.02661],[-89.07302,31.02683],[-89.07338,31.02641],[-89.07394,31.02492],[-89.07523,31.02512],[-89.0769,31.02567],[-89.07707,31.02576],[-89.07686,31.02652],[-89.07609,31.02775],[-89.07609,31.02891],[-89.07636,31.02977],[-89.07682,31.03047],[-89.0775,31.03128],[-89.07789,31.03148],[-89.07806,31.03185],[-89.07847,31.03213],[-89.07821,31.0329],[-89.07791,31.03312],[-89.07789,31.03349],[-89.07621,31.03601],[-89.07499,31.03636],[-89.0746,31.03678],[-89.07411,31.03687],[-89.07383,31.03733],[-89.07388,31.0375],[-89.07325,31.03757],[-89.07124,31.0374]]]},"properties":{"fire_id":"ufid:2022-MSMSS-000387","source_collection":"history-2022","source_objectid":15264,"incident_name":"Carter Rd","mapped_acres":179.46,"mapped_acres_source":"poly_GISAcres","gis_acres":179.46,"auto_acres":179.4559316920085,"reported_acres":180.6,"percent_contained":null,"state":"MS","state_wfigs":"US-MS","county":"Perry","discovery_time_utc":"2022-09-27T20:12:38Z","perimeter_time_utc":"2023-02-23T21:05:29Z","perimeter_edit_time_utc":"2023-03-14T15:13:42Z","incident_modified_time_utc":"2022-12-06T19:36:51Z","containment_time_utc":"2022-09-28T19:30:00Z","control_time_utc":"2022-10-20T22:40:00Z","fire_out_time_utc":"2022-12-06T19:00:00Z","fire_cause":"Human","fire_cause_general":"Debris and open burning","map_method":"Hand Sketch","source_dataset":"FFP","unique_fire_identifier":"2022-MSMSS-000387","irwin_id":"{B8EF1B8A-0FE8-4410-B27F-87CF57BE3FDB}","global_id":"a71a03bd-bf39-4fd5-bde9-dd953b0ecccd"}},{"type":"Feature","geometry":{"type":"Polygon","coordinates":[[[-89.23634,31.09726],[-89.23761,31.09764],[-89.23726,31.09801],[-89.23627,31.09809],[-89.23559,31.09873],[-89.23593,31.0996],[-89.23589,31.10016],[-89.23515,31.10075],[-89.23443,31.1009],[-89.23311,31.10078],[-89.2318,31.10041],[-89.23126,31.09999],[-89.23105,31.09966],[-89.23136,31.09898],[-89.23199,31.09813],[-89.23372,31.09712],[-89.23634,31.09726]]]},"properties":{"fire_id":"ufid:2022-MSMNF-000406","source_collection":"history-2022","source_objectid":15272,"incident_name":"365 B","mapped_acres":91.96,"mapped_acres_source":"poly_GISAcres","gis_acres":91.96,"auto_acres":39.86416872300526,"reported_acres":40.0,"percent_contained":null,"state":"MS","state_wfigs":"US-MS","county":"Forrest","discovery_time_utc":"2022-10-04T16:27:00Z","perimeter_time_utc":"2023-02-24T18:00:21Z","perimeter_edit_time_utc":"2023-03-14T15:13:42Z","incident_modified_time_utc":"2022-12-06T19:38:47Z","containment_time_utc":"2022-10-10T19:37:00Z","control_time_utc":"2022-10-20T22:40:00Z","fire_out_time_utc":"2022-12-06T19:00:00Z","fire_cause":"Human","fire_cause_general":"Arson","map_method":"Hand Sketch","source_dataset":"FFP","unique_fire_identifier":"2022-MSMNF-000406","irwin_id":"{F3356CE7-28C4-4313-AB2C-035930AE1E04}","global_id":"09101da2-fe29-49eb-962a-9dfe244d7b43"}},{"type":"Feature","geometry":{"type":"Polygon","coordinates":[[[-88.85963,31.4914],[-88.86011,31.4914],[-88.85968,31.49159],[-88.85963,31.4914]]]},"properties":{"fire_id":"ufid:2022-MSMNF-000450","source_collection":"history-2022","source_objectid":15276,"incident_name":"Natural Light","mapped_acres":0.22,"mapped_acres_source":"poly_GISAcres","gis_acres":0.22,"auto_acres":0.1556372751475064,"reported_acres":0.38,"percent_contained":null,"state":"MS","state_wfigs":"US-MS","county":"Wayne","discovery_time_utc":"2022-10-28T12:39:00Z","perimeter_time_utc":"2023-02-15T18:29:18Z","perimeter_edit_time_utc":"2023-03-14T15:13:42Z","incident_modified_time_utc":"2022-11-17T14:54:38Z","containment_time_utc":"2022-10-28T14:00:00Z","control_time_utc":"2022-11-17T14:05:00Z","fire_out_time_utc":"2022-11-17T14:10:00Z","fire_cause":"Human","fire_cause_general":"Arson","map_method":"Hand Sketch","source_dataset":"FFP","unique_fire_identifier":"2022-MSMNF-000450","irwin_id":"{D897B6AE-7239-4147-B259-879B443DCA2C}","global_id":"57bf2a32-aee9-4a7f-a90b-bb04b15d29e1"}},{"type":"Feature","geometry":{"type":"Polygon","coordinates":[[[-88.86371,31.12831],[-88.86323,31.12881],[-88.86303,31.12866],[-88.86311,31.12841],[-88.8633,31.1283],[-88.86371,31.12831]]]},"properties":{"fire_id":"ufid:2022-MSMNF-000138","source_collection":"history-2022","source_objectid":15279,"incident_name":"Little Creek","mapped_acres":0.05,"mapped_acres_source":"poly_GISAcres","gis_acres":0.05,"auto_acres":0.5426572574900962,"reported_acres":0.55,"percent_contained":null,"state":"MS","state_wfigs":"US-MS","county":"Perry","discovery_time_utc":"2022-02-16T19:07:00Z","perimeter_time_utc":"2023-02-02T19:57:16Z","perimeter_edit_time_utc":"2023-03-14T15:13:42Z","incident_modified_time_utc":"2022-09-06T15:00:06Z","containment_time_utc":"2022-02-16T21:00:00Z","control_time_utc":"2022-02-17T14:40:00Z","fire_out_time_utc":"2022-09-06T15:00:00Z","fire_cause":"Human","fire_cause_general":"Arson","map_method":"Hand Sketch","source_dataset":"FFP","unique_fire_identifier":"2022-MSMNF-000138","irwin_id":"{86C63402-85B7-4E82-A8FF-BC5C172485AA}","global_id":"9e90d3ee-a4e3-4dfd-9080-d89342ae6d38"}},{"type":"Feature","geometry":{"type":"Polygon","coordinates":[[[-88.77084,31.45589],[-88.77122,31.45608],[-88.7712,31.45682],[-88.77102,31.45713],[-88.77014,31.45706],[-88.77084,31.45589]]]},"properties":{"fire_id":"ufid:2022-MSMNF-000410","source_collection":"history-2022","source_objectid":15280,"incident_name":"Cornfield","mapped_acres":2.16,"mapped_acres_source":"poly_GISAcres","gis_acres":2.16,"auto_acres":2.157208739752388,"reported_acres":2.6,"percent_contained":null,"state":"MS","state_wfigs":"US-MS","county":"Wayne","discovery_time_utc":"2022-10-05T23:27:00Z","perimeter_time_utc":"2023-02-15T18:14:56Z","perimeter_edit_time_utc":"2023-03-14T15:13:42Z","incident_modified_time_utc":"2022-11-17T14:56:47Z","containment_time_utc":"2022-11-17T14:00:00Z","control_time_utc":"2022-11-17T14:05:00Z","fire_out_time_utc":"2022-11-17T14:10:00Z","fire_cause":"Human","fire_cause_general":"Arson","map_method":"Hand Sketch","source_dataset":"FFP","unique_fire_identifier":"2022-MSMNF-000410","irwin_id":"{4CE0BF87-D076-4AD6-A9ED-B2BDCB2252CE}","global_id":"293444d8-47e6-4e63-bcc0-a4049a9bf8a8"}},{"type":"Feature","geometry":{"type":"Polygon","coordinates":[[[-89.06121,31.02832],[-89.06097,31.02826],[-89.06088,31.02809],[-89.06098,31.02795],[-89.0613,31.02802],[-89.06121,31.02832]]]},"properties":{"fire_id":"ufid:2022-MSMNF-000428","source_collection":"history-2022","source_objectid":15400,"incident_name":"Red Gate","mapped_acres":0.3,"mapped_acres_source":"poly_GISAcres","gis_acres":0.3,"auto_acres":null,"reported_acres":0.1,"percent_contained":null,"state":"MS","state_wfigs":"US-MS","county":"Perry","discovery_time_utc":"2022-10-16T17:50:00Z","perimeter_time_utc":null,"perimeter_edit_time_utc":null,"incident_modified_time_utc":"2022-12-06T19:33:58Z","containment_time_utc":"2022-10-21T18:30:00Z","control_time_utc":"2022-11-10T14:00:00Z","fire_out_time_utc":"2022-11-10T14:05:00Z","fire_cause":"Human","fire_cause_general":null,"map_method":"Hand Sketch","source_dataset":"Inspector","unique_fire_identifier":"2022-MSMNF-000428","irwin_id":"{88BD8FD8-9045-422C-93D9-64A37DAE5DC1}","global_id":"282f5f86-c978-4f29-87e4-7cc0c8b69b59"}},{"type":"Feature","geometry":{"type":"Polygon","coordinates":[[[-88.92945,31.09331],[-88.9299,31.09367],[-88.93014,31.09424],[-88.92996,31.09476],[-88.92996,31.09582],[-88.93044,31.09631],[-88.93379,31.09775],[-88.93434,31.09818],[-88.93357,31.09811],[-88.93089,31.09851],[-88.92842,31.10063],[-88.9262,31.10142],[-88.92559,31.10124],[-88.92445,31.10032],[-88.92296,31.09847],[-88.92183,31.0978],[-88.92219,31.09719],[-88.9277,31.09459],[-88.92945,31.09331]]]},"properties":{"fire_id":"ufid:2022-MSMNF-000142","source_collection":"history-2022","source_objectid":15699,"incident_name":"314 - 2","mapped_acres":115.69,"mapped_acres_source":"poly_GISAcres","gis_acres":115.69,"auto_acres":114.88140435955408,"reported_acres":115.0,"percent_contained":null,"state":"MS","state_wfigs":"US-MS","county":"Perry","discovery_time_utc":"2022-02-17T01:30:00Z","perimeter_time_utc":"2023-03-28T23:41:25Z","perimeter_edit_time_utc":"2023-03-28T23:41:26Z","incident_modified_time_utc":"2022-02-22T17:05:15Z","containment_time_utc":"2022-02-17T03:50:00Z","control_time_utc":"2022-02-20T23:51:00Z","fire_out_time_utc":"2022-02-20T23:51:00Z","fire_cause":"Human","fire_cause_general":"Arson","map_method":"Hand Sketch","source_dataset":"FFP","unique_fire_identifier":"2022-MSMNF-000142","irwin_id":"{9E538FFA-4ED2-4F11-86A4-A99C22E0D375}","global_id":"dd72e5ae-0480-4248-97ca-856504892a62"}},{"type":"Feature","geometry":{"type":"MultiPolygon","coordinates":[[[[-89.08389,33.26726],[-89.08385,33.26726],[-89.08382,33.26725],[-89.08389,33.26726]]],[[[-89.08464,33.26786],[-89.08545,33.2677],[-89.08661,33.26867],[-89.08749,33.2692],[-89.08837,33.26948],[-89.08812,33.26967],[-89.08717,33.26949],[-89.08707,33.26978],[-89.08739,33.26991],[-89.08755,33.27021],[-89.08693,33.27069],[-89.08655,33.27068],[-89.08624,33.27033],[-89.08571,33.27047],[-89.08492,33.27036],[-89.08443,33.27073],[-89.08392,33.27056],[-89.08373,33.27019],[-89.08341,33.26993],[-89.0836,33.26952],[-89.08322,33.26869],[-89.08342,33.26845],[-89.08325,33.26776],[-89.08334,33.26745],[-89.0836,33.26726],[-89.08385,33.26726],[-89.08464,33.26786]]]]},"properties":{"fire_id":"ufid:2022-MSMNF-000286","source_collection":"history-2022","source_objectid":15714,"incident_name":"TOWER","mapped_acres":25.46,"mapped_acres_source":"poly_GISAcres","gis_acres":25.46,"auto_acres":null,"reported_acres":25.5,"percent_contained":null,"state":"MS","state_wfigs":"US-MS","county":"Winston","discovery_time_utc":"2022-04-03T22:33:00Z","perimeter_time_utc":null,"perimeter_edit_time_utc":null,"incident_modified_time_utc":"2022-09-07T16:57:16Z","containment_time_utc":"2022-04-11T21:00:00Z","control_time_utc":"2022-04-11T21:05:00Z","fire_out_time_utc":"2022-09-07T17:00:00Z","fire_cause":"Undetermined","fire_cause_general":null,"map_method":"Hand Sketch","source_dataset":"Inspector","unique_fire_identifier":"2022-MSMNF-000286","irwin_id":"{592191F5-637A-4331-A79A-A101E4B04515}","global_id":"9f8b98e9-6672-47ac-83bd-866b81b0e15b"}},{"type":"Feature","geometry":{"type":"Polygon","coordinates":[[[-88.93134,34.06818],[-88.93191,34.06819],[-88.93236,34.06852],[-88.93248,34.06882],[-88.93192,34.06882],[-88.93139,34.06861],[-88.93134,34.06818]]]},"properties":{"fire_id":"ufid:2022-MSMNF-000145","source_collection":"history-2022","source_objectid":15715,"incident_name":"Halsey","mapped_acres":1.35,"mapped_acres_source":"poly_GISAcres","gis_acres":1.35,"auto_acres":1.3530534412554889,"reported_acres":0.97,"percent_contained":null,"state":"MS","state_wfigs":"US-MS","county":"Chickasaw","discovery_time_utc":"2022-02-17T16:08:00Z","perimeter_time_utc":"2023-03-29T19:55:31Z","perimeter_edit_time_utc":"2023-03-29T19:55:31Z","incident_modified_time_utc":"2022-09-06T15:04:21Z","containment_time_utc":"2022-02-18T15:08:00Z","control_time_utc":"2022-02-18T17:34:00Z","fire_out_time_utc":"2022-09-06T15:00:00Z","fire_cause":"Human","fire_cause_general":"Arson","map_method":"Hand Sketch","source_dataset":"FFP","unique_fire_identifier":"2022-MSMNF-000145","irwin_id":"{81F5BB28-E075-4C15-99D3-26786A96779C}","global_id":"816d429a-14d3-4739-b4e4-3f8e0e4b2718"}},{"type":"Feature","geometry":{"type":"Polygon","coordinates":[[[-89.05203,34.93991],[-89.05064,34.94073],[-89.05029,34.94072],[-89.04995,34.94046],[-89.04996,34.94025],[-89.05015,34.94004],[-89.05068,34.93992],[-89.05141,34.93939],[-89.05203,34.93991]]]},"properties":{"fire_id":"ufid:2022-MSMNF-000424","source_collection":"history-2022","source_objectid":15721,"incident_name":"Pipeline","mapped_acres":3.48,"mapped_acres_source":"poly_GISAcres","gis_acres":3.48,"auto_acres":null,"reported_acres":3.5,"percent_contained":null,"state":"MS","state_wfigs":"US-MS","county":"Benton","discovery_time_utc":"2022-10-09T18:12:00Z","perimeter_time_utc":null,"perimeter_edit_time_utc":null,"incident_modified_time_utc":"2022-11-17T15:06:53Z","containment_time_utc":"2022-10-09T19:45:00Z","control_time_utc":"2022-11-17T14:00:00Z","fire_out_time_utc":"2022-11-17T14:05:00Z","fire_cause":"Human","fire_cause_general":null,"map_method":"Hand Sketch","source_dataset":"Inspector","unique_fire_identifier":"2022-MSMNF-000424","irwin_id":"{F837714C-1B77-42E8-9462-90FA324AB23C}","global_id":"4d8282a3-461e-4d66-af78-c837bd643411"}},{"type":"Feature","geometry":{"type":"Polygon","coordinates":[[[-88.91029,30.74947],[-88.90828,30.74992],[-88.90832,30.74646],[-88.9097,30.74646],[-88.90965,30.74669],[-88.90987,30.74711],[-88.91011,30.74718],[-88.91051,30.74694],[-88.91064,30.74708],[-88.91124,30.74696],[-88.91181,30.74757],[-88.91066,30.74872],[-88.91029,30.74947]]]},"properties":{"fire_id":"ufid:2022-MSMNF-000178","source_collection":"history-2022","source_objectid":15729,"incident_name":"Pile","mapped_acres":20.98,"mapped_acres_source":"poly_GISAcres","gis_acres":20.98,"auto_acres":20.979982008588244,"reported_acres":21.0,"percent_contained":null,"state":"MS","state_wfigs":"US-MS","county":"Stone","discovery_time_utc":"2022-03-02T20:12:00Z","perimeter_time_utc":"2023-03-29T23:05:23Z","perimeter_edit_time_utc":"2023-03-29T23:05:23Z","incident_modified_time_utc":"2022-03-15T13:17:55Z","containment_time_utc":"2022-03-04T00:33:00Z","control_time_utc":"2022-03-08T14:00:00Z","fire_out_time_utc":"2022-03-08T14:20:00Z","fire_cause":"Human","fire_cause_general":"Debris and open burning","map_method":"Hand Sketch","source_dataset":"FFP","unique_fire_identifier":"2022-MSMNF-000178","irwin_id":"{FC6FE46A-728F-42DB-A3D1-506CFA426AB2}","global_id":"3af5b98d-4334-4256-8683-3b6e97d1b734"}},{"type":"Feature","geometry":{"type":"Polygon","coordinates":[[[-89.0372,34.94813],[-89.03755,34.94852],[-89.03694,34.94882],[-89.0372,34.94813]]]},"properties":{"fire_id":"ufid:2022-MSMNF-000422","source_collection":"history-2022","source_objectid":15731,"incident_name":"Old Hwy 72","mapped_acres":0.5,"mapped_acres_source":"poly_GISAcres","gis_acres":0.5,"auto_acres":0.502906200792018,"reported_acres":1.0,"percent_contained":null,"state":"MS","state_wfigs":"US-MS","county":"Benton","discovery_time_utc":"2022-10-09T17:08:00Z","perimeter_time_utc":"2023-03-29T20:59:31Z","perimeter_edit_time_utc":"2023-03-29T20:59:31Z","incident_modified_time_utc":"2022-11-17T15:14:55Z","containment_time_utc":"2022-10-09T20:20:00Z","control_time_utc":"2022-11-17T14:00:00Z","fire_out_time_utc":"2022-11-17T14:05:00Z","fire_cause":"Human","fire_cause_general":"Arson","map_method":"Hand Sketch","source_dataset":"FFP","unique_fire_identifier":"2022-MSMNF-000422","irwin_id":"{BCF91C29-A77F-49BE-AC56-7A7CE9699F3E}","global_id":"be8c382e-8c0a-4201-ad2e-d43f2df44e8e"}},{"type":"Feature","geometry":{"type":"Polygon","coordinates":[[[-88.84538,30.61078],[-88.84496,30.6111],[-88.84472,30.61088],[-88.84472,30.61076],[-88.84538,30.61078]]]},"properties":{"fire_id":"ufid:2022-MSMNF-000056","source_collection":"history-2022","source_objectid":15732,"incident_name":"Rue #1","mapped_acres":0.4,"mapped_acres_source":"poly_GISAcres","gis_acres":0.4,"auto_acres":0.3988175080519489,"reported_acres":0.5,"percent_contained":null,"state":"MS","state_wfigs":"US-MS","county":"Jackson","discovery_time_utc":"2022-01-30T20:50:00Z","perimeter_time_utc":"2023-03-29T22:42:20Z","perimeter_edit_time_utc":"2023-03-29T22:42:21Z","incident_modified_time_utc":"2022-02-09T17:53:03Z","containment_time_utc":"2022-01-30T21:45:00Z","control_time_utc":"2022-01-30T21:45:00Z","fire_out_time_utc":"2022-02-04T15:00:00Z","fire_cause":"Human","fire_cause_general":"Recreation and ceremony","map_method":"Hand Sketch","source_dataset":"FFP","unique_fire_identifier":"2022-MSMNF-000056","irwin_id":"{CDEF7457-8863-477A-938C-C1924E0DEC3B}","global_id":"a1422e3a-d08c-4690-afdc-b96926bf87b8"}},{"type":"Feature","geometry":{"type":"Polygon","coordinates":[[[-89.10608,31.1891],[-89.10533,31.18974],[-89.10526,31.19073],[-89.10479,31.19263],[-89.10301,31.19496],[-89.10136,31.1974],[-89.09879,31.19762],[-89.09585,31.19701],[-89.09503,31.19591],[-89.09374,31.19027],[-89.09384,31.18864],[-89.0957,31.18758],[-89.09601,31.18599],[-89.0974,31.18406],[-89.09765,31.18115],[-89.09817,31.18027],[-89.0992,31.17903],[-89.09946,31.18066],[-89.10347,31.18657],[-89.1043,31.18758],[-89.10608,31.1891]]]},"properties":{"fire_id":"ufid:2022-MSMNF-000137","source_collection":"history-2022","source_objectid":15733,"incident_name":"Miles Branch","mapped_acres":338.9,"mapped_acres_source":"poly_GISAcres","gis_acres":338.9,"auto_acres":338.90173108149355,"reported_acres":338.0,"percent_contained":null,"state":"MS","state_wfigs":"US-MS","county":"Perry","discovery_time_utc":"2022-02-16T04:04:00Z","perimeter_time_utc":"2023-03-29T22:34:47Z","perimeter_edit_time_utc":"2023-03-29T22:34:48Z","incident_modified_time_utc":"2022-02-22T17:03:16Z","containment_time_utc":"2022-02-16T23:17:00Z","control_time_utc":"2022-02-18T17:00:00Z","fire_out_time_utc":"2022-02-20T22:33:00Z","fire_cause":"Human","fire_cause_general":"Firearms and explosives use","map_method":"Hand Sketch","source_dataset":"FFP","unique_fire_identifier":"2022-MSMNF-000137","irwin_id":"{A0DC171D-2B5F-459D-88E4-E71A0881A23E}","global_id":"877bb152-7fad-4fc8-a6aa-e69898d48ef7"}},{"type":"Feature","geometry":{"type":"Polygon","coordinates":[[[-88.94772,30.6281],[-88.94753,30.62804],[-88.94767,30.62797],[-88.94772,30.6281]]]},"properties":{"fire_id":"ufid:2022-MSMNF-000053","source_collection":"history-2022","source_objectid":15734,"incident_name":"426G","mapped_acres":0.05,"mapped_acres_source":"poly_GISAcres","gis_acres":0.05,"auto_acres":0.048304120993283066,"reported_acres":0.25,"percent_contained":null,"state":"MS","state_wfigs":"US-MS","county":"Harrison","discovery_time_utc":"2022-01-30T19:36:00Z","perimeter_time_utc":"2023-03-29T22:25:04Z","perimeter_edit_time_utc":"2023-03-29T22:25:04Z","incident_modified_time_utc":"2022-02-09T17:55:37Z","containment_time_utc":"2022-01-30T20:00:00Z","control_time_utc":"2022-02-01T17:43:00Z","fire_out_time_utc":"2022-02-04T16:10:00Z","fire_cause":"Human","fire_cause_general":"Arson","map_method":"Hand Sketch","source_dataset":"FFP","unique_fire_identifier":"2022-MSMNF-000053","irwin_id":"{F9AC2A24-0F86-4A8A-ABB6-A789EDDAC78D}","global_id":"db37ccac-0dd3-4e61-a112-c74929693ab3"}},{"type":"Feature","geometry":{"type":"Polygon","coordinates":[[[-88.98689,30.92173],[-88.98608,30.92137],[-88.9866,30.92127],[-88.98679,30.92138],[-88.98689,30.92173]]]},"properties":{"fire_id":"ufid:2022-MSMNF-000152","source_collection":"history-2022","source_objectid":15735,"incident_name":"Bug Branch 1","mapped_acres":0.49,"mapped_acres_source":"poly_GISAcres","gis_acres":0.49,"auto_acres":0.49220572608087965,"reported_acres":0.25,"percent_contained":null,"state":"MS","state_wfigs":"US-MS","county":"Perry","discovery_time_utc":"2022-02-20T00:17:00Z","perimeter_time_utc":"2023-03-29T22:59:36Z","perimeter_edit_time_utc":"2023-03-29T22:59:37Z","incident_modified_time_utc":"2022-02-20T22:26:48Z","containment_time_utc":"2022-02-20T02:30:00Z","control_time_utc":null,"fire_out_time_utc":"2022-02-28T18:00:00Z","fire_cause":"Human","fire_cause_general":"Arson","map_method":"Hand Sketch","source_dataset":"FFP","unique_fire_identifier":"2022-MSMNF-000152","irwin_id":"{8FD9FC22-FF47-41A0-BD6B-A3A54DD75049}","global_id":"817850e2-7b7f-4ccf-8cd9-c7b891d14513"}},{"type":"Feature","geometry":{"type":"Polygon","coordinates":[[[-88.97524,31.13641],[-88.97572,31.13236],[-88.97483,31.13006],[-88.97369,31.12821],[-88.97256,31.12745],[-88.97479,31.12701],[-88.97579,31.12666],[-88.97689,31.12577],[-88.97744,31.12466],[-88.97726,31.12416],[-88.97757,31.12354],[-88.97977,31.12289],[-88.98063,31.12189],[-88.98166,31.12157],[-88.98338,31.12154],[-88.98516,31.12101],[-88.98774,31.11977],[-88.98911,31.11971],[-88.99018,31.12024],[-88.9911,31.12171],[-88.99203,31.12371],[-88.99218,31.12605],[-88.99163,31.12758],[-88.99328,31.12952],[-88.99334,31.13046],[-88.99444,31.13116],[-88.99492,31.13169],[-88.99554,31.13175],[-88.99602,31.1321],[-88.99547,31.13257],[-88.99417,31.13475],[-88.99142,31.13716],[-88.98723,31.13857],[-88.98353,31.13769],[-88.98098,31.13675],[-88.97858,31.13616],[-88.97687,31.13528],[-88.97524,31.13641]]]},"properties":{"fire_id":"ufid:2022-MSMNF-000444","source_collection":"history-2022","source_objectid":15736,"incident_name":"Rattlesnake","mapped_acres":736.24,"mapped_acres_source":"poly_GISAcres","gis_acres":736.24,"auto_acres":715.3912029325506,"reported_acres":721.0,"percent_contained":null,"state":"MS","state_wfigs":"US-MS","county":"Perry","discovery_time_utc":"2022-10-26T23:05:32Z","perimeter_time_utc":"2023-03-30T00:29:32Z","perimeter_edit_time_utc":"2023-03-30T00:29:32Z","incident_modified_time_utc":"2023-03-13T17:32:07Z","containment_time_utc":"2022-11-05T18:00:00Z","control_time_utc":"2022-11-05T18:05:00Z","fire_out_time_utc":"2022-11-12T19:20:00Z","fire_cause":"Human","fire_cause_general":"Firearms and explosives use","map_method":"Hand Sketch","source_dataset":"FFP","unique_fire_identifier":"2022-MSMNF-000444","irwin_id":"{6F91FBA0-0465-4E99-9EEF-458B736932B4}","global_id":"90f4b95c-16ce-4d29-ab4a-c3d7ba3f6314"}},{"type":"Feature","geometry":{"type":"Polygon","coordinates":[[[-88.87569,30.57114],[-88.87555,30.57068],[-88.87575,30.57075],[-88.8759,30.57101],[-88.87586,30.57119],[-88.87569,30.57114]]]},"properties":{"fire_id":"ufid:2022-MSMNF-000067","source_collection":"history-2022","source_objectid":15737,"incident_name":"CASEY LANE","mapped_acres":0.3,"mapped_acres_source":"poly_GISAcres","gis_acres":0.3,"auto_acres":0.2980096840571976,"reported_acres":0.1,"percent_contained":null,"state":"MS","state_wfigs":"US-MS","county":"Jackson","discovery_time_utc":"2022-01-31T21:50:00Z","perimeter_time_utc":"2023-03-29T22:55:41Z","perimeter_edit_time_utc":"2023-03-29T22:55:41Z","incident_modified_time_utc":"2022-02-09T17:50:26Z","containment_time_utc":"2022-01-31T22:43:00Z","control_time_utc":"2022-02-01T19:39:00Z","fire_out_time_utc":"2022-02-04T16:00:00Z","fire_cause":"Human","fire_cause_general":"Debris and open burning","map_method":"Hand Sketch","source_dataset":"FFP","unique_fire_identifier":"2022-MSMNF-000067","irwin_id":"{346B6D86-3117-4934-8C3C-71891D91CEEC}","global_id":"fbfe2783-1fca-4cb1-8547-381850c34504"}},{"type":"Feature","geometry":{"type":"Polygon","coordinates":[[[-89.18301,34.64363],[-89.18359,34.64383],[-89.18356,34.64404],[-89.18291,34.64419],[-89.18246,34.64409],[-89.18301,34.64363]]]},"properties":{"fire_id":"ufid:2022-MSMNF-000441","source_collection":"history-2022","source_objectid":15738,"incident_name":"TVA-B","mapped_acres":0.94,"mapped_acres_source":"poly_GISAcres","gis_acres":0.94,"auto_acres":0.9380006282392904,"reported_acres":0.1,"percent_contained":null,"state":"MS","state_wfigs":"US-MS","county":"Benton","discovery_time_utc":"2022-10-24T19:18:00Z","perimeter_time_utc":"2023-03-29T21:12:27Z","perimeter_edit_time_utc":"2023-03-29T21:12:27Z","incident_modified_time_utc":"2022-11-17T15:01:11Z","containment_time_utc":"2022-10-24T20:54:00Z","control_time_utc":"2022-10-24T20:55:00Z","fire_out_time_utc":"2022-11-17T14:00:00Z","fire_cause":"Human","fire_cause_general":"Arson","map_method":"Hand Sketch","source_dataset":"FFP","unique_fire_identifier":"2022-MSMNF-000441","irwin_id":"{4CC2ECA5-55F6-4123-AAF2-1B0EAC777A42}","global_id":"5edd00ca-098b-4454-9bb9-f0d938cf0697"}},{"type":"Feature","geometry":{"type":"MultiPolygon","coordinates":[[[[-89.20195,34.63778],[-89.20189,34.63787],[-89.20193,34.63773],[-89.20195,34.63778]]],[[[-89.20188,34.63796],[-89.20258,34.638],[-89.20314,34.6382],[-89.20289,34.63818],[-89.2025,34.63883],[-89.20246,34.63912],[-89.20218,34.63902],[-89.20211,34.63865],[-89.20149,34.63863],[-89.20127,34.63848],[-89.20128,34.63833],[-89.20163,34.638],[-89.20128,34.63783],[-89.20176,34.63774],[-89.20162,34.63747],[-89.20188,34.63796]]]]},"properties":{"fire_id":"ufid:2022-MSMNF-000440","source_collection":"history-2022","source_objectid":15739,"incident_name":"TVA","mapped_acres":3.05,"mapped_acres_source":"poly_GISAcres","gis_acres":3.05,"auto_acres":3.0536123774440487,"reported_acres":3.0,"percent_contained":null,"state":"MS","state_wfigs":"US-MS","county":"Benton","discovery_time_utc":"2022-10-24T19:09:00Z","perimeter_time_utc":"2023-03-29T21:04:58Z","perimeter_edit_time_utc":"2023-03-29T21:04:59Z","incident_modified_time_utc":"2022-11-17T15:01:59Z","containment_time_utc":"2022-10-24T20:26:00Z","control_time_utc":"2022-11-17T14:00:00Z","fire_out_time_utc":"2022-11-17T14:10:00Z","fire_cause":"Human","fire_cause_general":"Arson","map_method":"Hand Sketch","source_dataset":"FFP","unique_fire_identifier":"2022-MSMNF-000440","irwin_id":"{76B298E8-0AF4-4B9B-BE76-9C35463A3FB1}","global_id":"0c253606-ab69-412b-ad6f-24e876825f2b"}},{"type":"Feature","geometry":{"type":"Polygon","coordinates":[[[-88.83706,30.60767],[-88.8372,30.60761],[-88.83723,30.60773],[-88.83706,30.60767]]]},"properties":{"fire_id":"ufid:2022-MSMNF-000057","source_collection":"history-2022","source_objectid":15740,"incident_name":"Rue #2","mapped_acres":0.05,"mapped_acres_source":"poly_GISAcres","gis_acres":0.05,"auto_acres":0.05098270618807965,"reported_acres":0.1,"percent_contained":null,"state":"MS","state_wfigs":"US-MS","county":"Jackson","discovery_time_utc":"2022-01-30T20:53:00Z","perimeter_time_utc":"2023-03-29T22:52:43Z","perimeter_edit_time_utc":"2023-03-29T22:52:44Z","incident_modified_time_utc":"2022-02-09T17:54:16Z","containment_time_utc":"2022-01-30T21:45:00Z","control_time_utc":"2022-01-30T21:45:00Z","fire_out_time_utc":"2022-02-04T16:00:00Z","fire_cause":"Human","fire_cause_general":"Recreation and ceremony","map_method":"Hand Sketch","source_dataset":"FFP","unique_fire_identifier":"2022-MSMNF-000057","irwin_id":"{E0897A28-3F43-4D0E-BBCA-70658BEC7201}","global_id":"66c19242-fd4c-46ef-b63e-6afdd76bad01"}},{"type":"Feature","geometry":{"type":"Polygon","coordinates":[[[-89.03354,34.95242],[-89.03309,34.95202],[-89.03328,34.95181],[-89.03378,34.95198],[-89.03354,34.95242]]]},"properties":{"fire_id":"ufid:2022-MSMNF-000420","source_collection":"history-2022","source_objectid":15741,"incident_name":"Elmer Rd","mapped_acres":0.61,"mapped_acres_source":"poly_GISAcres","gis_acres":0.61,"auto_acres":0.6070022478730014,"reported_acres":6.6,"percent_contained":null,"state":"MS","state_wfigs":"US-MS","county":"Benton","discovery_time_utc":"2022-10-09T11:56:00Z","perimeter_time_utc":"2023-03-29T21:15:13Z","perimeter_edit_time_utc":"2023-03-29T21:15:14Z","incident_modified_time_utc":"2022-11-17T15:14:17Z","containment_time_utc":"2022-10-09T15:00:00Z","control_time_utc":"2022-11-17T14:00:00Z","fire_out_time_utc":"2022-11-17T14:05:00Z","fire_cause":"Human","fire_cause_general":"Arson","map_method":"Hand Sketch","source_dataset":"FFP","unique_fire_identifier":"2022-MSMNF-000420","irwin_id":"{D6318F6A-3DB4-431C-AFC8-3C6BC6474E79}","global_id":"2b1b63fc-54e2-4a15-8920-88b4d1ec2843"}},{"type":"Feature","geometry":{"type":"Polygon","coordinates":[[[-88.9564,30.81155],[-88.95637,30.81096],[-88.95664,30.81117],[-88.9564,30.81155]]]},"properties":{"fire_id":"ufid:2022-MSMNF-000235","source_collection":"history-2022","source_objectid":15742,"incident_name":"Hickman","mapped_acres":0.29,"mapped_acres_source":"poly_GISAcres","gis_acres":0.29,"auto_acres":null,"reported_acres":0.25,"percent_contained":null,"state":"MS","state_wfigs":"US-MS","county":"Stone","discovery_time_utc":"2022-03-19T14:42:00Z","perimeter_time_utc":null,"perimeter_edit_time_utc":null,"incident_modified_time_utc":"2022-06-22T16:09:31Z","containment_time_utc":"2022-03-19T16:09:00Z","control_time_utc":"2022-03-28T01:00:00Z","fire_out_time_utc":"2022-04-10T21:48:00Z","fire_cause":"Undetermined","fire_cause_general":null,"map_method":"Hand Sketch","source_dataset":"Inspector","unique_fire_identifier":"2022-MSMNF-000235","irwin_id":"{FDA070D4-BA70-496C-88EF-AE44FAF914BC}","global_id":"d0a7aa06-def1-4548-9573-d79ee8560a1e"}},{"type":"Feature","geometry":{"type":"Polygon","coordinates":[[[-88.85033,30.61067],[-88.85044,30.6109],[-88.84941,30.61169],[-88.84848,30.61174],[-88.84539,30.61107],[-88.84539,30.61054],[-88.84688,30.61067],[-88.84915,30.61058],[-88.85033,30.61067]]]},"properties":{"fire_id":"ufid:2022-MSMNF-000233","source_collection":"history-2022","source_objectid":15743,"incident_name":"Larue","mapped_acres":10.47,"mapped_acres_source":"poly_GISAcres","gis_acres":10.47,"auto_acres":null,"reported_acres":6.0,"percent_contained":null,"state":"MS","state_wfigs":"US-MS","county":"Jackson","discovery_time_utc":"2022-03-18T21:47:00Z","perimeter_time_utc":null,"perimeter_edit_time_utc":null,"incident_modified_time_utc":"2022-06-22T15:52:12Z","containment_time_utc":"2022-03-19T00:42:00Z","control_time_utc":"2022-03-20T19:08:00Z","fire_out_time_utc":"2022-04-10T21:48:00Z","fire_cause":"Undetermined","fire_cause_general":null,"map_method":"Hand Sketch","source_dataset":"Inspector","unique_fire_identifier":"2022-MSMNF-000233","irwin_id":"{7E6DF6F2-F1F3-43F1-B914-714B0603D336}","global_id":"f7dcedb8-2de4-4205-9190-e9c1c399e798"}},{"type":"Feature","geometry":{"type":"Polygon","coordinates":[[[-89.10289,31.00523],[-89.10353,31.00512],[-89.10397,31.00536],[-89.10397,31.00591],[-89.10369,31.00631],[-89.10289,31.00626],[-89.10289,31.00523]]]},"properties":{"fire_id":"ufid:2022-MSMNF-000447","source_collection":"history-2022","source_objectid":15744,"incident_name":"Armstrong 2","mapped_acres":3.04,"mapped_acres_source":"poly_GISAcres","gis_acres":3.04,"auto_acres":null,"reported_acres":1.0,"percent_contained":null,"state":"MS","state_wfigs":"US-MS","county":"Perry","discovery_time_utc":"2022-10-28T02:05:00Z","perimeter_time_utc":null,"perimeter_edit_time_utc":null,"incident_modified_time_utc":"2022-11-10T14:14:57Z","containment_time_utc":"2022-10-28T16:12:00Z","control_time_utc":"2022-11-10T14:00:00Z","fire_out_time_utc":"2022-11-10T14:00:00Z","fire_cause":"Human","fire_cause_general":null,"map_method":"Hand Sketch","source_dataset":"Inspector","unique_fire_identifier":"2022-MSMNF-000447","irwin_id":"{86CB5638-7138-4E2D-9ADB-FA48E22ECA3C}","global_id":"c190a6eb-143a-4524-915b-d5a171af3e08"}},{"type":"Feature","geometry":{"type":"Polygon","coordinates":[[[-88.87686,30.5668],[-88.87662,30.56665],[-88.87658,30.56627],[-88.87688,30.56627],[-88.87686,30.5668]]]},"properties":{"fire_id":"ufid:2022-MSMNF-000250","source_collection":"history-2022","source_objectid":15745,"incident_name":"Fire Bug","mapped_acres":0.36,"mapped_acres_source":"poly_GISAcres","gis_acres":0.36,"auto_acres":null,"reported_acres":0.1,"percent_contained":null,"state":"MS","state_wfigs":"US-MS","county":"Jackson","discovery_time_utc":"2022-03-22T00:49:00Z","perimeter_time_utc":null,"perimeter_edit_time_utc":null,"incident_modified_time_utc":"2022-06-22T15:42:58Z","containment_time_utc":"2022-03-22T01:11:00Z","control_time_utc":"2022-03-24T17:31:00Z","fire_out_time_utc":"2022-04-10T21:48:00Z","fire_cause":"Human","fire_cause_general":null,"map_method":"Hand Sketch","source_dataset":"Inspector","unique_fire_identifier":"2022-MSMNF-000250","irwin_id":"{9F754086-E55A-445B-8307-A461F2781C7F}","global_id":"a6b956a8-6930-41e6-a023-340a9247bb0d"}},{"type":"Feature","geometry":{"type":"Polygon","coordinates":[[[-88.84776,30.57822],[-88.8476,30.57841],[-88.84722,30.57843],[-88.84735,30.57811],[-88.84776,30.57822]]]},"properties":{"fire_id":"ufid:2022-MSMNF-000253","source_collection":"history-2022","source_objectid":15751,"incident_name":"Smoke Ahead","mapped_acres":0.34,"mapped_acres_source":"poly_GISAcres","gis_acres":0.34,"auto_acres":0.3358037835002632,"reported_acres":0.01,"percent_contained":null,"state":"MS","state_wfigs":"US-MS","county":"Jackson","discovery_time_utc":"2022-03-22T17:54:00Z","perimeter_time_utc":"2023-03-30T01:19:43Z","perimeter_edit_time_utc":"2023-03-30T01:19:43Z","incident_modified_time_utc":"2022-06-22T15:33:54Z","containment_time_utc":"2022-03-22T18:00:00Z","control_time_utc":"2022-03-22T18:05:00Z","fire_out_time_utc":"2022-04-10T21:48:00Z","fire_cause":"Human","fire_cause_general":"Arson","map_method":"Hand Sketch","source_dataset":"FFP","unique_fire_identifier":"2022-MSMNF-000253","irwin_id":"{057393D6-94A0-4016-ADC7-24D343B3EA5E}","global_id":"72981c74-d050-47de-b02b-5f20e4799da4"}},{"type":"Feature","geometry":{"type":"Polygon","coordinates":[[[-88.88272,30.51667],[-88.8844,30.51647],[-88.88504,30.51656],[-88.88445,30.51745],[-88.88347,30.51747],[-88.88278,30.51727],[-88.88272,30.51667]]]},"properties":{"fire_id":"ufid:2022-MSMSS-000294","source_collection":"history-2022","source_objectid":15752,"incident_name":"JACKSON","mapped_acres":4.62,"mapped_acres_source":"poly_GISAcres","gis_acres":4.62,"auto_acres":4.617401919444435,"reported_acres":1.0,"percent_contained":null,"state":"MS","state_wfigs":"US-MS","county":"Jackson","discovery_time_utc":"2022-04-08T13:37:12Z","perimeter_time_utc":"2023-03-30T01:15:10Z","perimeter_edit_time_utc":"2023-03-30T01:15:10Z","incident_modified_time_utc":"2022-09-02T16:41:14Z","containment_time_utc":"2022-09-02T14:45:00Z","control_time_utc":"2022-09-02T14:50:00Z","fire_out_time_utc":"2022-09-02T15:00:00Z","fire_cause":"Human","fire_cause_general":"Arson","map_method":"Hand Sketch","source_dataset":"FFP","unique_fire_identifier":"2022-MSMSS-000294","irwin_id":"{37C1C68D-CB56-40C4-B88F-3377EFBF424A}","global_id":"ee6416c3-7731-4493-a561-a53176cde1db"}},{"type":"Feature","geometry":{"type":"Polygon","coordinates":[[[-88.99722,31.08735],[-88.99733,31.08775],[-88.99717,31.08819],[-88.99609,31.08824],[-88.99593,31.08788],[-88.99599,31.08718],[-88.99722,31.08735]]]},"properties":{"fire_id":"ufid:2022-MSMNF-000454","source_collection":"history-2022","source_objectid":15753,"incident_name":"Paret Tower Road","mapped_acres":3.17,"mapped_acres_source":"poly_GISAcres","gis_acres":3.17,"auto_acres":3.173387457521676,"reported_acres":0.1,"percent_contained":null,"state":"MS","state_wfigs":"US-MS","county":"Perry","discovery_time_utc":"2022-11-02T11:54:00Z","perimeter_time_utc":"2023-03-30T01:12:03Z","perimeter_edit_time_utc":"2023-03-30T01:12:03Z","incident_modified_time_utc":"2022-11-04T18:14:25Z","containment_time_utc":"2022-11-04T18:00:00Z","control_time_utc":"2022-11-04T18:05:00Z","fire_out_time_utc":"2022-11-04T18:10:00Z","fire_cause":"Human","fire_cause_general":"Arson","map_method":"Hand Sketch","source_dataset":"FFP","unique_fire_identifier":"2022-MSMNF-000454","irwin_id":"{153F843B-FA17-4101-80E1-FD26B6747140}","global_id":"b5def7b5-abe8-4adb-83b8-f21a7c8e00e5"}},{"type":"Feature","geometry":{"type":"Polygon","coordinates":[[[-89.10274,31.00402],[-89.10177,31.00399],[-89.10113,31.00305],[-89.10123,31.00259],[-89.10184,31.00248],[-89.10202,31.00299],[-89.10274,31.00402]]]},"properties":{"fire_id":"ufid:2022-MSMNF-000448","source_collection":"history-2022","source_objectid":15754,"incident_name":"Armstrong 3","mapped_acres":3.51,"mapped_acres_source":"poly_GISAcres","gis_acres":3.51,"auto_acres":3.5107292802040493,"reported_acres":1.0,"percent_contained":null,"state":"MS","state_wfigs":"US-MS","county":"Perry","discovery_time_utc":"2022-10-28T02:14:00Z","perimeter_time_utc":"2023-03-30T01:09:08Z","perimeter_edit_time_utc":"2023-03-30T01:09:08Z","incident_modified_time_utc":"2022-12-06T19:28:26Z","containment_time_utc":"2022-10-28T16:12:00Z","control_time_utc":"2022-11-10T14:00:00Z","fire_out_time_utc":"2022-11-10T14:05:00Z","fire_cause":"Human","fire_cause_general":"Arson","map_method":"Hand Sketch","source_dataset":"FFP","unique_fire_identifier":"2022-MSMNF-000448","irwin_id":"{7CC35FB5-43AF-48ED-9564-3499EE6098A5}","global_id":"0f0e24f7-017f-4d32-9968-8b4472332f82"}},{"type":"Feature","geometry":{"type":"Polygon","coordinates":[[[-88.86857,30.58566],[-88.86798,30.58575],[-88.86762,30.58559],[-88.86749,30.58491],[-88.86844,30.58544],[-88.86857,30.58566]]]},"properties":{"fire_id":"ufid:2022-MSMNF-000252","source_collection":"history-2022","source_objectid":15755,"incident_name":"Scarborough","mapped_acres":1.31,"mapped_acres_source":"poly_GISAcres","gis_acres":1.31,"auto_acres":1.31452641453297,"reported_acres":0.1,"percent_contained":null,"state":"MS","state_wfigs":"US-MS","county":"Jackson","discovery_time_utc":"2022-03-22T01:12:00Z","perimeter_time_utc":"2023-03-30T01:21:32Z","perimeter_edit_time_utc":"2023-03-30T01:21:33Z","incident_modified_time_utc":"2022-06-22T16:08:09Z","containment_time_utc":"2022-03-22T02:35:00Z","control_time_utc":"2022-03-24T17:39:00Z","fire_out_time_utc":"2022-04-10T21:48:00Z","fire_cause":"Human","fire_cause_general":null,"map_method":"Hand Sketch","source_dataset":"Decertified","unique_fire_identifier":"2022-MSMNF-000252","irwin_id":"{4512D162-C082-45D9-AFF8-C339E3D035C2}","global_id":"ea30985c-fd9f-415a-b922-c4cc4c37ba60"}},{"type":"Feature","geometry":{"type":"Polygon","coordinates":[[[-88.92521,30.7293],[-88.92514,30.72912],[-88.92533,30.72919],[-88.92521,30.7293]]]},"properties":{"fire_id":"ufid:2022-MSMNF-000416","source_collection":"history-2022","source_objectid":15756,"incident_name":"Little Snag","mapped_acres":0.07,"mapped_acres_source":"poly_GISAcres","gis_acres":0.07,"auto_acres":0.07367723400101764,"reported_acres":0.1,"percent_contained":null,"state":"MS","state_wfigs":"US-MS","county":"Stone","discovery_time_utc":"2022-10-07T14:11:00Z","perimeter_time_utc":"2023-03-30T01:46:58Z","perimeter_edit_time_utc":"2023-03-30T01:46:58Z","incident_modified_time_utc":"2022-11-13T16:29:59Z","containment_time_utc":"2022-10-07T15:19:00Z","control_time_utc":"2022-10-10T22:37:00Z","fire_out_time_utc":"2022-11-13T16:30:00Z","fire_cause":"Human","fire_cause_general":"Recreation and ceremony","map_method":"Hand Sketch","source_dataset":"FFP","unique_fire_identifier":"2022-MSMNF-000416","irwin_id":"{115C6CB8-9E27-4C7E-B5D3-B2F3F9AA399D}","global_id":"7163f5f3-5308-4c70-be74-f16410cc5dd3"}},{"type":"Feature","geometry":{"type":"Polygon","coordinates":[[[-89.09123,30.61493],[-89.08814,30.61507],[-89.08708,30.61387],[-89.086,30.61305],[-89.08639,30.61177],[-89.08608,30.6095],[-89.08652,30.60844],[-89.08688,30.60873],[-89.08816,30.6088],[-89.08886,30.60906],[-89.08868,30.60986],[-89.08878,30.61001],[-89.09009,30.61079],[-89.09074,30.61139],[-89.09128,30.61219],[-89.09164,30.61219],[-89.09179,30.61203],[-89.09244,30.61205],[-89.09264,30.61272],[-89.09215,30.61283],[-89.09205,30.61356],[-89.09267,30.61396],[-89.09244,30.61423],[-89.09185,30.61445],[-89.09123,30.61493]]]},"properties":{"fire_id":"ufid:2022-MSMSS-000296","source_collection":"history-2022","source_objectid":15757,"incident_name":"Turan","mapped_acres":71.07,"mapped_acres_source":"poly_GISAcres","gis_acres":71.07,"auto_acres":71.06914801878258,"reported_acres":66.0,"percent_contained":null,"state":"MS","state_wfigs":"US-MS","county":"Harrison","discovery_time_utc":"2022-04-08T15:08:45Z","perimeter_time_utc":"2023-03-30T00:37:43Z","perimeter_edit_time_utc":"2023-03-30T00:37:43Z","incident_modified_time_utc":"2022-09-06T15:14:07Z","containment_time_utc":"2022-04-08T19:30:00Z","control_time_utc":"2022-04-12T14:50:00Z","fire_out_time_utc":"2022-09-06T15:00:00Z","fire_cause":"Human","fire_cause_general":"Arson","map_method":"Hand Sketch","source_dataset":"FFP","unique_fire_identifier":"2022-MSMSS-000296","irwin_id":"{A775413C-68E2-4895-A543-D90CB90251F8}","global_id":"206184a5-4a5d-4baf-9c93-c9f658d369ee"}},{"type":"Feature","geometry":{"type":"Polygon","coordinates":[[[-89.21905,31.13216],[-89.21986,31.13248],[-89.22037,31.13309],[-89.2206,31.13394],[-89.21989,31.1351],[-89.21939,31.13534],[-89.21892,31.13512],[-89.21847,31.1347],[-89.21811,31.13393],[-89.21769,31.1335],[-89.21745,31.13287],[-89.21797,31.13227],[-89.21905,31.13216]]]},"properties":{"fire_id":"ufid:2022-MSMNF-000407","source_collection":"history-2022","source_objectid":17520,"incident_name":"Buckeye","mapped_acres":24.71,"mapped_acres_source":"poly_GISAcres","gis_acres":24.71,"auto_acres":16.977506869191885,"reported_acres":14.5,"percent_contained":null,"state":"MS","state_wfigs":"US-MS","county":"Forrest","discovery_time_utc":"2022-10-05T16:00:00Z","perimeter_time_utc":"2023-03-09T19:27:51Z","perimeter_edit_time_utc":"2023-03-14T15:13:42Z","incident_modified_time_utc":"2022-12-06T19:39:10Z","containment_time_utc":"2022-10-05T21:30:00Z","control_time_utc":"2022-10-27T17:50:00Z","fire_out_time_utc":"2022-12-06T19:00:00Z","fire_cause":"Human","fire_cause_general":"Arson","map_method":"Hand Sketch","source_dataset":"FFP","unique_fire_identifier":"2022-MSMNF-000407","irwin_id":"{D5B645A4-24A8-488A-B888-E5FC124F763B}","global_id":"f41fbf9c-f432-4980-abc3-10055ec98997"}},{"type":"Feature","geometry":{"type":"Polygon","coordinates":[[[-89.23052,31.11519],[-89.22978,31.11598],[-89.22895,31.11638],[-89.227,31.11642],[-89.22499,31.11468],[-89.22555,31.11358],[-89.2273,31.11274],[-89.22851,31.11274],[-89.23009,31.11349],[-89.23073,31.11468],[-89.23052,31.11519]]]},"properties":{"fire_id":"ufid:2022-MSMNF-000391","source_collection":"history-2022","source_objectid":17537,"incident_name":"Walls Creek","mapped_acres":104.73,"mapped_acres_source":"poly_GISAcres","gis_acres":104.73,"auto_acres":39.571731101660525,"reported_acres":40.0,"percent_contained":null,"state":"MS","state_wfigs":"US-MS","county":"Forrest","discovery_time_utc":"2022-09-30T22:15:00Z","perimeter_time_utc":"2023-03-07T01:59:34Z","perimeter_edit_time_utc":"2023-03-14T15:13:42Z","incident_modified_time_utc":"2022-12-06T19:37:35Z","containment_time_utc":"2022-10-01T16:30:00Z","control_time_utc":"2022-10-20T22:40:00Z","fire_out_time_utc":"2022-12-06T19:00:00Z","fire_cause":"Human","fire_cause_general":"Arson","map_method":"Hand Sketch","source_dataset":"FFP","unique_fire_identifier":"2022-MSMNF-000391","irwin_id":"{F035FCE4-C52B-4C96-81F4-9F2BF7967476}","global_id":"0fd14e2b-5dae-4c12-8337-a41a60bf85dd"}},{"type":"Feature","geometry":{"type":"Polygon","coordinates":[[[-89.10234,30.99723],[-89.10207,30.99709],[-89.10208,30.99686],[-89.10237,30.99663],[-89.10246,30.99666],[-89.10234,30.99723]]]},"properties":{"fire_id":"ufid:2022-MSMNF-000449","source_collection":"history-2022","source_objectid":17538,"incident_name":"Eather 1","mapped_acres":0.37,"mapped_acres_source":"poly_GISAcres","gis_acres":0.37,"auto_acres":0.41592220829352083,"reported_acres":0.5,"percent_contained":null,"state":"MS","state_wfigs":"US-MS","county":"Perry","discovery_time_utc":"2022-10-28T02:16:00Z","perimeter_time_utc":"2023-03-13T18:02:02Z","perimeter_edit_time_utc":"2023-03-14T15:13:42Z","incident_modified_time_utc":"2023-03-13T17:47:42Z","containment_time_utc":"2022-11-18T15:30:00Z","control_time_utc":"2022-11-20T15:30:00Z","fire_out_time_utc":"2022-11-22T15:30:00Z","fire_cause":"Human","fire_cause_general":"Arson","map_method":"Hand Sketch","source_dataset":"FFP","unique_fire_identifier":"2022-MSMNF-000449","irwin_id":"{5348749F-6229-4459-A993-EF09181CAF4A}","global_id":"248d78ad-a3e4-4b93-8869-79999077d894"}},{"type":"Feature","geometry":{"type":"Polygon","coordinates":[[[-89.06455,31.15606],[-89.06323,31.15579],[-89.06308,31.15509],[-89.06316,31.15463],[-89.06366,31.15445],[-89.06435,31.15445],[-89.06505,31.15455],[-89.06638,31.155],[-89.06635,31.1553],[-89.06596,31.15576],[-89.06455,31.15606]]]},"properties":{"fire_id":"ufid:2022-MSMNF-000336","source_collection":"history-2022","source_objectid":17543,"incident_name":"Air Strip","mapped_acres":4.96,"mapped_acres_source":"poly_GISAcres","gis_acres":4.96,"auto_acres":10.555375791954125,"reported_acres":10.6,"percent_contained":null,"state":"MS","state_wfigs":"US-MS","county":"Perry","discovery_time_utc":"2022-04-30T22:43:00Z","perimeter_time_utc":"2023-03-08T18:09:17Z","perimeter_edit_time_utc":"2023-03-14T15:13:42Z","incident_modified_time_utc":"2022-09-06T15:14:40Z","containment_time_utc":null,"control_time_utc":"2022-05-06T17:40:00Z","fire_out_time_utc":"2022-09-06T15:00:00Z","fire_cause":"Human","fire_cause_general":"Firearms and explosives use","map_method":"Hand Sketch","source_dataset":"FFP","unique_fire_identifier":"2022-MSMNF-000336","irwin_id":"{2A580469-AAD3-401F-941C-7915E219AF88}","global_id":"63700178-9f11-4e05-bd92-9232dd20ade5"}},{"type":"Feature","geometry":{"type":"MultiPolygon","coordinates":[[[[-88.9362,31.10243],[-88.93619,31.10263],[-88.93664,31.10263],[-88.93744,31.10306],[-88.93769,31.10337],[-88.93764,31.10366],[-88.93799,31.10392],[-88.93813,31.10393],[-88.93821,31.10373],[-88.93837,31.10386],[-88.9391,31.10395],[-88.93903,31.10415],[-88.93943,31.10469],[-88.93921,31.10483],[-88.93503,31.10297],[-88.93489,31.10244],[-88.93496,31.10222],[-88.93545,31.10255],[-88.93605,31.10233],[-88.9362,31.10243]]],[[[-88.9393,31.10524],[-88.9393,31.10525],[-88.93928,31.10522],[-88.9393,31.10524]]],[[[-88.93931,31.10525],[-88.9393,31.10526],[-88.9393,31.10525],[-88.93931,31.10525]]],[[[-88.9393,31.10526],[-88.93931,31.10528],[-88.93925,31.10532],[-88.9393,31.10526]]],[[[-88.93936,31.10493],[-88.93928,31.10522],[-88.93909,31.10527],[-88.93925,31.10532],[-88.93908,31.10558],[-88.93933,31.10581],[-88.93931,31.10596],[-88.93852,31.10668],[-88.93845,31.1069],[-88.93789,31.10701],[-88.93804,31.10727],[-88.93796,31.1076],[-88.93595,31.10732],[-88.93594,31.10612],[-88.93504,31.103],[-88.93936,31.10493]]],[[[-88.93593,31.1073],[-88.93591,31.10732],[-88.93591,31.10729],[-88.93593,31.1073]]]]},"properties":{"fire_id":"ufid:2022-MSMNF-000141","source_collection":"history-2022","source_objectid":17558,"incident_name":"314 - 1","mapped_acres":38.05472,"mapped_acres_source":"poly_GISAcres","gis_acres":38.05472,"auto_acres":38.05458975729127,"reported_acres":40.0,"percent_contained":null,"state":"MS","state_wfigs":"US-MS","county":"Perry","discovery_time_utc":"2022-02-16T22:14:00Z","perimeter_time_utc":"2023-03-13T18:17:39Z","perimeter_edit_time_utc":"2023-03-14T15:13:42Z","incident_modified_time_utc":"2022-02-22T17:04:55Z","containment_time_utc":"2022-02-17T03:50:00Z","control_time_utc":"2022-02-20T23:51:00Z","fire_out_time_utc":"2022-02-20T23:51:00Z","fire_cause":"Human","fire_cause_general":"Arson","map_method":"Mixed Methods","source_dataset":"FFP","unique_fire_identifier":"2022-MSMNF-000141","irwin_id":"{3029C961-FC02-4716-912B-DDA83C90749A}","global_id":"11982d6d-7fc0-4f67-af78-7348c1ae498e"}},{"type":"Feature","geometry":{"type":"Polygon","coordinates":[[[-89.10811,31.01402],[-89.10772,31.01418],[-89.10713,31.01391],[-89.10731,31.01374],[-89.10811,31.01402]]]},"properties":{"fire_id":"ufid:2022-MSMSS-000445","source_collection":"history-2022","source_objectid":17562,"incident_name":"York 1","mapped_acres":2.34,"mapped_acres_source":"poly_GISAcres","gis_acres":2.34,"auto_acres":0.7620014798756186,"reported_acres":0.5,"percent_contained":null,"state":"MS","state_wfigs":"US-MS","county":"Perry","discovery_time_utc":"2022-10-28T00:33:36Z","perimeter_time_utc":"2023-03-13T18:09:07Z","perimeter_edit_time_utc":"2023-03-14T15:13:42Z","incident_modified_time_utc":"2023-03-13T17:40:41Z","containment_time_utc":"2022-10-28T16:12:00Z","control_time_utc":"2022-11-10T14:00:00Z","fire_out_time_utc":"2022-11-10T14:05:00Z","fire_cause":"Human","fire_cause_general":"Arson","map_method":"Hand Sketch","source_dataset":"FFP","unique_fire_identifier":"2022-MSMSS-000445","irwin_id":"{0325962F-DA9C-43BE-ACFB-33597A192323}","global_id":"4c3f7df5-4f22-457b-9f09-efd026e11cf7"}},{"type":"Feature","geometry":{"type":"Polygon","coordinates":[[[-88.93002,31.09486],[-88.92822,31.09525],[-88.92708,31.09525],[-88.92564,31.09556],[-88.92255,31.09437],[-88.9224,31.09389],[-88.92271,31.09314],[-88.92384,31.09151],[-88.92446,31.09111],[-88.92461,31.09036],[-88.92497,31.08961],[-88.92621,31.0917],[-88.92958,31.09352],[-88.93044,31.09382],[-88.93002,31.09486]]]},"properties":{"fire_id":"ufid:2022-MSMNF-000143","source_collection":"history-2022","source_objectid":17563,"incident_name":"314 - 3","mapped_acres":119.51,"mapped_acres_source":"poly_GISAcres","gis_acres":119.51,"auto_acres":60.40326592965066,"reported_acres":60.5,"percent_contained":null,"state":"MS","state_wfigs":"US-MS","county":"Perry","discovery_time_utc":"2022-02-17T01:48:00Z","perimeter_time_utc":"2023-03-13T18:24:46Z","perimeter_edit_time_utc":"2023-03-14T15:13:42Z","incident_modified_time_utc":"2022-09-06T15:01:58Z","containment_time_utc":"2022-02-17T03:50:00Z","control_time_utc":"2022-02-18T16:00:00Z","fire_out_time_utc":"2022-09-06T15:00:00Z","fire_cause":"Human","fire_cause_general":"Arson","map_method":"Hand Sketch","source_dataset":"FFP","unique_fire_identifier":"2022-MSMNF-000143","irwin_id":"{3578F83A-E855-43DE-8A84-8D5C11586E46}","global_id":"54fddd63-98fa-4498-adf2-7b88e20ee9be"}},{"type":"Feature","geometry":{"type":"Polygon","coordinates":[[[-89.10262,31.08549],[-89.10632,31.08544],[-89.10782,31.08513],[-89.10957,31.08452],[-89.11142,31.08469],[-89.11281,31.085],[-89.11487,31.08478],[-89.11883,31.08619],[-89.12017,31.08626],[-89.12346,31.08452],[-89.1252,31.08447],[-89.1263,31.08531],[-89.12404,31.08712],[-89.12275,31.08912],[-89.12229,31.0895],[-89.12152,31.09162],[-89.12074,31.09201],[-89.12092,31.09466],[-89.12184,31.09574],[-89.12213,31.09766],[-89.1218,31.09845],[-89.12105,31.09932],[-89.11946,31.10011],[-89.12038,31.10185],[-89.121,31.10731],[-89.12234,31.10828],[-89.12167,31.10983],[-89.12175,31.11161],[-89.12086,31.11361],[-89.12093,31.11496],[-89.12055,31.11612],[-89.11887,31.11674],[-89.11772,31.11741],[-89.11725,31.11831],[-89.11567,31.1185],[-89.11453,31.11935],[-89.11297,31.11999],[-89.11158,31.12106],[-89.1116,31.12275],[-89.11148,31.12319],[-89.11107,31.12357],[-89.11041,31.12367],[-89.10981,31.12347],[-89.109,31.12222],[-89.10689,31.12072],[-89.1072,31.119],[-89.10618,31.11688],[-89.10504,31.11666],[-89.1035,31.11587],[-89.10123,31.11565],[-89.09871,31.116],[-89.09742,31.11543],[-89.09608,31.11543],[-89.095,31.11455],[-89.09346,31.11362],[-89.09227,31.11349],[-89.09165,31.1115],[-89.09062,31.11018],[-89.08856,31.10917],[-89.08836,31.10776],[-89.08753,31.10573],[-89.08717,31.1044],[-89.08779,31.10363],[-89.08877,31.10308],[-89.08996,31.10145],[-89.08908,31.09863],[-89.08784,31.09678],[-89.08805,31.09523],[-89.08944,31.09462],[-89.08913,31.09329],[-89.08954,31.09259],[-89.08949,31.09184],[-89.08862,31.09126],[-89.08707,31.09082],[-89.08676,31.09025],[-89.08805,31.08968],[-89.088,31.08871],[-89.08759,31.08791],[-89.08697,31.08738],[-89.08589,31.08721],[-89.08553,31.08602],[-89.08671,31.08593],[-89.08887,31.08478],[-89.09011,31.08452],[-89.09181,31.08443],[-89.09299,31.08491],[-89.09413,31.08509],[-89.09593,31.08513],[-89.10082,31.08474],[-89.10262,31.08549]]]},"properties":{"fire_id":"ufid:2022-MSMNF-000108","source_collection":"history-2022","source_objectid":17565,"incident_name":"Range 12","mapped_acres":753.1,"mapped_acres_source":"poly_GISAcres","gis_acres":753.1,"auto_acres":2754.3926289217666,"reported_acres":2754.0,"percent_contained":null,"state":"MS","state_wfigs":"US-MS","county":"Perry","discovery_time_utc":"2022-02-11T18:14:00Z","perimeter_time_utc":"2023-03-09T16:42:36Z","perimeter_edit_time_utc":"2023-03-14T15:13:42Z","incident_modified_time_utc":"2022-09-06T14:54:38Z","containment_time_utc":"2022-02-16T17:30:00Z","control_time_utc":"2022-02-18T16:00:00Z","fire_out_time_utc":"2022-09-06T15:00:00Z","fire_cause":"Human","fire_cause_general":"Firearms and explosives use","map_method":"Hand Sketch","source_dataset":"FFP","unique_fire_identifier":"2022-MSMNF-000108","irwin_id":"{A25DA2A5-B011-4C08-8EC9-B662875390D3}","global_id":"6aea07e4-131c-4459-ae41-f18a86409e20"}},{"type":"Feature","geometry":{"type":"Polygon","coordinates":[[[-89.189,30.66624],[-89.19286,30.66621],[-89.19301,30.66905],[-89.19325,30.66991],[-89.19255,30.67084],[-89.19168,30.67109],[-89.19052,30.67118],[-89.18996,30.67149],[-89.18853,30.67348],[-89.18743,30.67441],[-89.18699,30.67497],[-89.18634,30.67527],[-89.1852,30.6751],[-89.18436,30.67454],[-89.18382,30.6739],[-89.18375,30.67312],[-89.18421,30.67211],[-89.18532,30.67124],[-89.18557,30.67078],[-89.18519,30.66982],[-89.18557,30.66889],[-89.18624,30.66907],[-89.1874,30.66889],[-89.1891,30.66827],[-89.189,30.66624]]]},"properties":{"fire_id":"ufid:2022-MSMSS-008481","source_collection":"history-2022","source_objectid":17570,"incident_name":"Riceville Rd","mapped_acres":103.53,"mapped_acres_source":"poly_GISAcres","gis_acres":103.53,"auto_acres":118.02924352348796,"reported_acres":118.0,"percent_contained":null,"state":"MS","state_wfigs":"US-MS","county":"Harrison","discovery_time_utc":"2022-10-23T20:30:00Z","perimeter_time_utc":"2023-03-07T02:14:17Z","perimeter_edit_time_utc":"2023-03-14T15:13:42Z","incident_modified_time_utc":"2022-10-24T14:47:28Z","containment_time_utc":null,"control_time_utc":null,"fire_out_time_utc":"2023-03-07T02:09:27Z","fire_cause":"Human","fire_cause_general":"Debris and open burning","map_method":"Hand Sketch","source_dataset":"FFP","unique_fire_identifier":"2022-MSMSS-008481","irwin_id":"{15F39167-2C93-4ED6-9A3B-190B03EEC226}","global_id":"004106f9-ab85-4908-a3a2-f8178ff8d827"}},{"type":"Feature","geometry":{"type":"Polygon","coordinates":[[[-89.1454,31.08793],[-89.14599,31.08826],[-89.14735,31.0885],[-89.14969,31.08822],[-89.1519,31.08739],[-89.15351,31.08729],[-89.15432,31.08741],[-89.15489,31.08806],[-89.15604,31.08846],[-89.1568,31.08837],[-89.15758,31.08805],[-89.15963,31.08885],[-89.16021,31.0889],[-89.16109,31.0912],[-89.16081,31.0914],[-89.15699,31.0928],[-89.15418,31.09371],[-89.15279,31.09455],[-89.15172,31.09476],[-89.15102,31.09527],[-89.1505,31.09666],[-89.14939,31.09774],[-89.14785,31.09805],[-89.14678,31.09783],[-89.14404,31.09836],[-89.14341,31.09801],[-89.14314,31.09763],[-89.14486,31.0953],[-89.1462,31.09291],[-89.1454,31.08793]]]},"properties":{"fire_id":"ufid:2022-MSMNF-000262","source_collection":"history-2022","source_objectid":17603,"incident_name":"Just About","mapped_acres":281.73,"mapped_acres_source":"poly_GISAcres","gis_acres":281.73,"auto_acres":273.2840140135828,"reported_acres":273.0,"percent_contained":null,"state":"MS","state_wfigs":"US-MS","county":"Perry","discovery_time_utc":"2022-03-25T22:49:00Z","perimeter_time_utc":"2023-03-09T19:13:36Z","perimeter_edit_time_utc":"2023-03-14T15:13:42Z","incident_modified_time_utc":"2022-04-07T18:34:35Z","containment_time_utc":"2022-03-27T01:00:00Z","control_time_utc":"2022-04-02T20:10:00Z","fire_out_time_utc":"2022-04-07T18:31:00Z","fire_cause":"Human","fire_cause_general":"Firearms and explosives use","map_method":"Hand Sketch","source_dataset":"FFP","unique_fire_identifier":"2022-MSMNF-000262","irwin_id":"{F089C2D7-951A-4DE4-9C52-B34C0989D1FE}","global_id":"56a61707-4634-4a3d-9f7c-210971e49326"}},{"type":"Feature","geometry":{"type":"Polygon","coordinates":[[[-88.91917,31.03216],[-88.91868,31.03229],[-88.91828,31.03219],[-88.91754,31.03255],[-88.91708,31.03213],[-88.91726,31.03182],[-88.91702,31.03149],[-88.91674,31.03152],[-88.91636,31.03112],[-88.91612,31.03111],[-88.91599,31.03062],[-88.91653,31.03065],[-88.91658,31.03032],[-88.91635,31.03018],[-88.9171,31.03016],[-88.91759,31.02984],[-88.91778,31.02908],[-88.91774,31.02842],[-88.91761,31.02827],[-88.91777,31.02727],[-88.91788,31.02722],[-88.91908,31.0276],[-88.91935,31.02813],[-88.9192,31.0286],[-88.91948,31.0288],[-88.91941,31.02962],[-88.91881,31.02995],[-88.91837,31.02976],[-88.91832,31.02995],[-88.91831,31.03036],[-88.91849,31.03085],[-88.91868,31.03094],[-88.91871,31.03124],[-88.91904,31.03177],[-88.91895,31.03188],[-88.91917,31.03216]]]},"properties":{"fire_id":"ufid:2022-MSMNF-000112","source_collection":"history-2022","source_objectid":17915,"incident_name":"KILO","mapped_acres":22.9,"mapped_acres_source":"poly_GISAcres","gis_acres":22.9,"auto_acres":22.901179405069875,"reported_acres":22.0,"percent_contained":null,"state":"MS","state_wfigs":"US-MS","county":"Perry","discovery_time_utc":"2022-02-12T18:58:00Z","perimeter_time_utc":"2023-07-06T15:28:10Z","perimeter_edit_time_utc":"2023-07-06T15:28:10Z","incident_modified_time_utc":"2022-03-15T13:20:51Z","containment_time_utc":"2022-02-13T20:45:00Z","control_time_utc":"2022-02-18T17:00:00Z","fire_out_time_utc":"2022-02-22T13:00:00Z","fire_cause":"Human","fire_cause_general":"Recreation and ceremony","map_method":"Hand Sketch","source_dataset":"FFP","unique_fire_identifier":"2022-MSMNF-000112","irwin_id":"{6242AFBE-2D2E-41F2-ACE3-6E0C2E8D8222}","global_id":"a49efa5c-c66a-40f0-af1a-e79b47fa93de"}},{"type":"Feature","geometry":{"type":"Polygon","coordinates":[[[-89.16159,31.08877],[-89.16159,31.09225],[-89.16067,31.09308],[-89.1601,31.09411],[-89.15993,31.09514],[-89.15924,31.09583],[-89.15775,31.09637],[-89.15775,31.09705],[-89.1565,31.09828],[-89.15564,31.0997],[-89.15604,31.10077],[-89.15609,31.10161],[-89.15529,31.10273],[-89.15527,31.10489],[-89.15544,31.1068],[-89.15469,31.10773],[-89.15389,31.10905],[-89.15424,31.10989],[-89.15418,31.11067],[-89.15321,31.11072],[-89.15263,31.11243],[-89.15263,31.11376],[-89.15,31.11371],[-89.14886,31.11528],[-89.14834,31.11631],[-89.14806,31.11748],[-89.14851,31.1188],[-89.14926,31.11998],[-89.148,31.1216],[-89.14743,31.12262],[-89.14811,31.1237],[-89.1496,31.12488],[-89.1516,31.12767],[-89.1512,31.13012],[-89.1504,31.13203],[-89.15113,31.13271],[-89.15228,31.13418],[-89.15216,31.13683],[-89.1509,31.13918],[-89.15067,31.14094],[-89.14987,31.14231],[-89.14896,31.14476],[-89.14678,31.14564],[-89.14381,31.14976],[-89.14003,31.14809],[-89.13511,31.14868],[-89.12996,31.14682],[-89.12778,31.14535],[-89.12458,31.14417],[-89.12172,31.14329],[-89.12103,31.14388],[-89.11989,31.14623],[-89.11783,31.14731],[-89.11543,31.14721],[-89.11497,31.14623],[-89.11611,31.14457],[-89.11337,31.13987],[-89.11325,31.13712],[-89.11428,31.13399],[-89.11543,31.13183],[-89.11897,31.1286],[-89.11886,31.12693],[-89.1184,31.12478],[-89.11989,31.12106],[-89.11977,31.11724],[-89.1208,31.11577],[-89.12149,31.11283],[-89.12183,31.10999],[-89.12232,31.10777],[-89.12123,31.10684],[-89.12026,31.10174],[-89.11912,31.10037],[-89.12072,31.09949],[-89.12181,31.09826],[-89.12209,31.09606],[-89.1202,31.094],[-89.12352,31.08773],[-89.12593,31.08573],[-89.12611,31.08441],[-89.12863,31.08451],[-89.12863,31.08485],[-89.12886,31.08544],[-89.13075,31.08564],[-89.13287,31.08613],[-89.1351,31.08691],[-89.13659,31.08799],[-89.13796,31.08828],[-89.14294,31.08823],[-89.1438,31.0875],[-89.145,31.08789],[-89.14608,31.08843],[-89.14929,31.08843],[-89.15198,31.08735],[-89.15404,31.08735],[-89.15598,31.08863],[-89.15707,31.08814],[-89.15913,31.08887],[-89.16159,31.08877]]]},"properties":{"fire_id":"ufid:2022-MSMNF-000191","source_collection":"history-2022","source_objectid":22688,"incident_name":"2 for 1","mapped_acres":5304.71,"mapped_acres_source":"poly_GISAcres","gis_acres":5304.71,"auto_acres":5304.686415219892,"reported_acres":5305.0,"percent_contained":null,"state":"MS","state_wfigs":"US-MS","county":"Perry","discovery_time_utc":"2022-03-04T16:30:00Z","perimeter_time_utc":"2024-09-19T18:39:18Z","perimeter_edit_time_utc":"2024-09-19T18:39:18Z","incident_modified_time_utc":"2023-03-31T23:25:33Z","containment_time_utc":"2022-03-24T23:00:00Z","control_time_utc":"2022-03-24T23:05:00Z","fire_out_time_utc":"2022-09-06T14:00:00Z","fire_cause":"Human","fire_cause_general":"Firearms and explosives use","map_method":"Hand Sketch","source_dataset":"FFP","unique_fire_identifier":"2022-MSMNF-000191","irwin_id":"{A3167954-FEE5-4AE6-AC4E-06E50A817D7F}","global_id":"0eaaa845-0411-41e0-bb71-6132174ba2d3"}},{"type":"Feature","geometry":{"type":"Polygon","coordinates":[[[-89.0864,31.10468],[-89.08503,31.10609],[-89.08465,31.10687],[-89.08534,31.10805],[-89.08328,31.10955],[-89.08007,31.10922],[-89.07504,31.10988],[-89.07153,31.10779],[-89.07107,31.10635],[-89.06924,31.10537],[-89.07153,31.10328],[-89.07095,31.10233],[-89.07076,31.10106],[-89.07107,31.10024],[-89.07187,31.099],[-89.07324,31.09792],[-89.07347,31.09681],[-89.07572,31.09603],[-89.07607,31.09534],[-89.07862,31.09485],[-89.07938,31.09564],[-89.08152,31.09606],[-89.08286,31.0957],[-89.08434,31.0942],[-89.08507,31.09364],[-89.08652,31.09312],[-89.08667,31.09204],[-89.08701,31.09109],[-89.08759,31.09113],[-89.08923,31.09168],[-89.08946,31.09256],[-89.08892,31.09345],[-89.08934,31.09439],[-89.08778,31.09515],[-89.08766,31.09671],[-89.08797,31.0975],[-89.08919,31.09913],[-89.08976,31.10129],[-89.08869,31.10276],[-89.0864,31.10468]]]},"properties":{"fire_id":"ufid:2022-MSMNF-000266","source_collection":"history-2022","source_objectid":22696,"incident_name":"Range 7","mapped_acres":604.01,"mapped_acres_source":"poly_GISAcres","gis_acres":604.01,"auto_acres":604.010687761237,"reported_acres":604.0,"percent_contained":null,"state":"MS","state_wfigs":"US-MS","county":"Perry","discovery_time_utc":"2022-03-26T13:00:00Z","perimeter_time_utc":"2023-11-11T19:48:44Z","perimeter_edit_time_utc":"2023-11-11T19:48:44Z","incident_modified_time_utc":"2023-09-05T19:53:22Z","containment_time_utc":"2022-04-01T17:00:00Z","control_time_utc":"2022-04-15T17:00:00Z","fire_out_time_utc":"2022-04-30T17:00:00Z","fire_cause":"Human","fire_cause_general":"Firearms and explosives use","map_method":"Hand Sketch","source_dataset":"FFP","unique_fire_identifier":"2022-MSMNF-000266","irwin_id":"{696EB683-3FC4-4269-9784-0EB572338FF7}","global_id":"86cbdf5d-4071-44d6-a12a-074aef55f5ff"}}]}
