{"type":"FeatureCollection","features":[{"type":"Feature","geometry":{"type":"MultiPolygon","coordinates":[[[[-104.0562,32.50473],[-104.0562,32.50472],[-104.05621,32.50474],[-104.0562,32.50473]]],[[[-104.0562,32.50473],[-104.05619,32.50476],[-104.05617,32.50473],[-104.0562,32.50473]]],[[[-104.05621,32.50474],[-104.05623,32.50475],[-104.05623,32.50476],[-104.05621,32.50474]]],[[[-104.056243,32.504773],[-104.05615,32.50456],[-104.05639,32.50425],[-104.05689,32.50412],[-104.05853,32.50418],[-104.05894,32.50383],[-104.0597,32.50423],[-104.06061,32.50421],[-104.06085,32.50398],[-104.06087,32.50273],[-104.06202,32.50256],[-104.06306,32.50296],[-104.06415,32.50293],[-104.06416,32.50234],[-104.06334,32.50207],[-104.06531,32.5021],[-104.06548,32.50261],[-104.06567,32.50278],[-104.06594,32.50276],[-104.06677,32.50309],[-104.06679,32.50321],[-104.06697,32.50311],[-104.06738,32.50346],[-104.06741,32.50368],[-104.06703,32.50403],[-104.06681,32.50448],[-104.06683,32.50476],[-104.06649,32.50521],[-104.06625,32.50531],[-104.0663,32.50559],[-104.06615,32.50601],[-104.06602,32.50608],[-104.06547,32.50592],[-104.06535,32.50617],[-104.06434,32.50639],[-104.06427,32.50696],[-104.06508,32.50691],[-104.06526,32.50803],[-104.06503,32.50852],[-104.065,32.50891],[-104.06461,32.50932],[-104.06305,32.50928],[-104.06354,32.51045],[-104.0635,32.5107],[-104.06128,32.50995],[-104.06087,32.51081],[-104.06063,32.51092],[-104.06037,32.51128],[-104.06037,32.51163],[-104.05987,32.5116],[-104.05978,32.51181],[-104.05951,32.51188],[-104.05939,32.51147],[-104.05903,32.51108],[-104.05862,32.51087],[-104.05831,32.51092],[-104.05801,32.51072],[-104.05774,32.51077],[-104.05759,32.51065],[-104.05745,32.5109],[-104.05707,32.51082],[-104.05683,32.51105],[-104.05637,32.511],[-104.05625,32.51117],[-104.05608,32.51117],[-104.05644,32.51086],[-104.05635,32.51076],[-104.05646,32.51059],[-104.0563,32.51033],[-104.05669,32.51004],[-104.05684,32.50962],[-104.05709,32.50946],[-104.05738,32.5095],[-104.05796,32.50889],[-104.05799,32.50865],[-104.05855,32.5086],[-104.05866,32.50844],[-104.0577,32.50807],[-104.05746,32.50858],[-104.05696,32.50887],[-104.05689,32.5087],[-104.0563,32.50887],[-104.05618,32.50878],[-104.05566,32.50883],[-104.05629,32.50775],[-104.05628,32.50753],[-104.05426,32.50673],[-104.0543,32.50654],[-104.05483,32.50608],[-104.05487,32.50576],[-104.05565,32.50574],[-104.05583,32.50557],[-104.05574,32.50546],[-104.05584,32.50529],[-104.0562,32.50519],[-104.056243,32.504773]]],[[[-104.05621,32.5048],[-104.05618,32.5048],[-104.05619,32.50478],[-104.05621,32.5048]]],[[[-104.0562,32.50472],[-104.05602,32.50475],[-104.05606,32.50465],[-104.0562,32.50472]]],[[[-104.05619,32.50476],[-104.05619,32.50478],[-104.05618,32.50477],[-104.05619,32.50476]]],[[[-104.05618,32.50477],[-104.05618,32.5048],[-104.05616,32.50483],[-104.05618,32.50477]]],[[[-104.05607,32.51118],[-104.05607,32.51117],[-104.05608,32.51117],[-104.05607,32.51118]]],[[[-104.05607,32.5114],[-104.05584,32.51141],[-104.05607,32.51118],[-104.05607,32.5114]]]]},"properties":{"fire_id":"ufid:2022-NMN5S-000153","source_collection":"history-2022","source_objectid":75,"incident_name":"Landfill Fire","mapped_acres":177.75,"mapped_acres_source":"poly_GISAcres","gis_acres":177.75,"auto_acres":177.75304376031,"reported_acres":176.0,"percent_contained":null,"state":"NM","state_wfigs":"US-NM","county":"Eddy","discovery_time_utc":"2022-04-22T22:05:00Z","perimeter_time_utc":null,"perimeter_edit_time_utc":"2022-05-24T20:49:04Z","incident_modified_time_utc":"2022-04-26T15:09:42Z","containment_time_utc":"2022-04-23T01:41:00Z","control_time_utc":"2022-04-24T16:35:00Z","fire_out_time_utc":"2022-04-26T15:00:00Z","fire_cause":"Human","fire_cause_general":null,"map_method":"Mixed Methods","source_dataset":"2022 NIFS","unique_fire_identifier":"2022-NMN5S-000153","irwin_id":"{2B09B46A-76DE-40AB-B238-A3D0033E780E}","global_id":"37b48c14-6bf3-48dc-9c32-a44e06df7930"}},{"type":"Feature","geometry":{"type":"Polygon","coordinates":[[[-104.44157,33.35376],[-104.4412,33.35416],[-104.43813,33.35418],[-104.43804,33.35053],[-104.44202,33.35045],[-104.44202,33.35059],[-104.44163,33.35091],[-104.44178,33.35118],[-104.44144,33.35222],[-104.44145,33.35248],[-104.44163,33.35262],[-104.44146,33.35312],[-104.44157,33.35376]]]},"properties":{"fire_id":"ufid:2022-NMN5S-000300","source_collection":"history-2022","source_objectid":217,"incident_name":"School","mapped_acres":33.1475141559232,"mapped_acres_source":"poly_Acres_AutoCalc_fallback","gis_acres":null,"auto_acres":33.1475141559232,"reported_acres":33.1,"percent_contained":null,"state":"NM","state_wfigs":"US-NM","county":"Chaves","discovery_time_utc":"2022-05-28T20:53:00Z","perimeter_time_utc":null,"perimeter_edit_time_utc":"2022-05-31T16:26:50Z","incident_modified_time_utc":"2022-06-23T19:21:15Z","containment_time_utc":"2022-05-28T22:24:00Z","control_time_utc":"2022-06-11T01:00:00Z","fire_out_time_utc":"2022-06-11T01:00:00Z","fire_cause":"Human","fire_cause_general":null,"map_method":"Mixed Methods","source_dataset":"2022 NIFS","unique_fire_identifier":"2022-NMN5S-000300","irwin_id":"{8686F932-A1D7-4D8F-838A-EA4E152553E6}","global_id":"520e8fd6-de5d-4bb9-b896-7ee4cdf26a16"}},{"type":"Feature","geometry":{"type":"MultiPolygon","coordinates":[[[[-104.47799,33.08026],[-104.47801,33.08023],[-104.47804,33.08024],[-104.47799,33.08026]]],[[[-104.47956,33.07912],[-104.48018,33.07959],[-104.48073,33.07955],[-104.4814,33.07984],[-104.48146,33.07998],[-104.48067,33.08019],[-104.48012,33.08016],[-104.47982,33.08031],[-104.47877,33.08018],[-104.47859,33.0804],[-104.47833,33.0804],[-104.47795,33.08012],[-104.47775,33.07956],[-104.47796,33.07938],[-104.47809,33.07953],[-104.4783,33.07915],[-104.47899,33.07935],[-104.47956,33.07912]]]]},"properties":{"fire_id":"ufid:2022-NMN5S-000244","source_collection":"history-2022","source_objectid":669,"incident_name":"Calcite","mapped_acres":7.31794478053279,"mapped_acres_source":"poly_Acres_AutoCalc_fallback","gis_acres":null,"auto_acres":7.31794478053279,"reported_acres":7.0,"percent_contained":null,"state":"NM","state_wfigs":"US-NM","county":"Chaves","discovery_time_utc":"2022-05-15T19:48:00Z","perimeter_time_utc":null,"perimeter_edit_time_utc":"2022-05-16T20:58:52Z","incident_modified_time_utc":"2022-05-17T17:08:22Z","containment_time_utc":"2022-05-15T21:30:00Z","control_time_utc":"2022-05-16T18:26:00Z","fire_out_time_utc":"2022-05-17T17:05:00Z","fire_cause":"Human","fire_cause_general":null,"map_method":"Mixed Methods","source_dataset":"2022 NIFS","unique_fire_identifier":"2022-NMN5S-000244","irwin_id":"{C4ABC9DC-8527-4197-9A20-09C8DE84B19D}","global_id":"f9a92c5b-6be8-4380-86e7-29f57941a9c2"}},{"type":"Feature","geometry":{"type":"MultiPolygon","coordinates":[[[[-103.4851,32.21043],[-103.48525,32.21024],[-103.48645,32.21027],[-103.48663,32.2104],[-103.4851,32.21043]]],[[[-103.49456,32.23006],[-103.49225,32.22559],[-103.49307,32.22526],[-103.49237,32.22515],[-103.49194,32.22485],[-103.49175,32.2237],[-103.49051,32.22144],[-103.49044,32.22151],[-103.49071,32.22199],[-103.49066,32.22214],[-103.49024,32.22142],[-103.48936,32.22146],[-103.48968,32.22154],[-103.49044,32.22205],[-103.49122,32.2233],[-103.49109,32.2235],[-103.48832,32.2233],[-103.48821,32.2232],[-103.48815,32.22256],[-103.48726,32.22247],[-103.48732,32.22232],[-103.488,32.22196],[-103.48808,32.22161],[-103.48834,32.2215],[-103.48756,32.22129],[-103.48764,32.22081],[-103.48798,32.22013],[-103.48794,32.21989],[-103.48763,32.22008],[-103.48782,32.21972],[-103.48773,32.21935],[-103.48745,32.21942],[-103.48758,32.21907],[-103.48675,32.21902],[-103.48712,32.21981],[-103.48706,32.21991],[-103.48616,32.21914],[-103.4852,32.21903],[-103.48472,32.21935],[-103.48471,32.21916],[-103.48455,32.21912],[-103.48439,32.21918],[-103.48456,32.2198],[-103.48442,32.21994],[-103.48407,32.21966],[-103.48383,32.21926],[-103.48363,32.21937],[-103.48366,32.21962],[-103.48354,32.21967],[-103.48314,32.21909],[-103.48299,32.21641],[-103.48313,32.21625],[-103.48315,32.21594],[-103.48354,32.21546],[-103.48364,32.2147],[-103.48388,32.21448],[-103.4841,32.21381],[-103.48453,32.21344],[-103.48474,32.21286],[-103.48522,32.21278],[-103.48477,32.21179],[-103.48495,32.21095],[-103.48508,32.21082],[-103.48505,32.21049],[-103.48956,32.21047],[-103.4895,32.21069],[-103.48826,32.2107],[-103.48812,32.21083],[-103.48855,32.21095],[-103.48835,32.21118],[-103.48904,32.21161],[-103.48961,32.21164],[-103.4903,32.21239],[-103.49018,32.21244],[-103.49008,32.21307],[-103.49041,32.21404],[-103.49064,32.21421],[-103.49109,32.21505],[-103.49118,32.21575],[-103.49088,32.21592],[-103.49114,32.21631],[-103.49123,32.21673],[-103.49111,32.21681],[-103.49078,32.2167],[-103.4906,32.21633],[-103.49049,32.21657],[-103.49022,32.21649],[-103.48999,32.21665],[-103.48986,32.21695],[-103.49008,32.21725],[-103.48986,32.2172],[-103.48985,32.21786],[-103.48972,32.21814],[-103.4899,32.21848],[-103.48964,32.2186],[-103.48957,32.2189],[-103.49037,32.21988],[-103.49092,32.22025],[-103.49108,32.22095],[-103.49205,32.22253],[-103.49373,32.22422],[-103.49408,32.2248],[-103.49395,32.22531],[-103.49471,32.22646],[-103.49438,32.22658],[-103.49459,32.22673],[-103.49464,32.22753],[-103.49477,32.22772],[-103.49484,32.2303],[-103.49456,32.23006]]]]},"properties":{"fire_id":"ufid:2022-NMN5S-000297","source_collection":"history-2022","source_objectid":829,"incident_name":"Ochoa","mapped_acres":200.79,"mapped_acres_source":"poly_GISAcres","gis_acres":200.79,"auto_acres":201.289583770492,"reported_acres":201.3,"percent_contained":null,"state":"NM","state_wfigs":"US-NM","county":"Lea","discovery_time_utc":"2022-05-27T21:34:00Z","perimeter_time_utc":null,"perimeter_edit_time_utc":"2022-08-05T22:57:23Z","incident_modified_time_utc":"2022-07-15T20:52:27Z","containment_time_utc":"2022-05-28T16:03:00Z","control_time_utc":"2022-05-31T14:30:00Z","fire_out_time_utc":"2022-06-01T23:00:00Z","fire_cause":"Human","fire_cause_general":null,"map_method":"Mixed Methods","source_dataset":"2022 NIFS","unique_fire_identifier":"2022-NMN5S-000297","irwin_id":"{3A87AC39-F5BE-49B4-9D56-73D462FF421F}","global_id":"27d23fee-1a4b-4d39-b0a7-0c2601754593"}},{"type":"Feature","geometry":{"type":"MultiPolygon","coordinates":[[[[-104.30416,32.39237],[-104.30423,32.39236],[-104.30428,32.39238],[-104.30416,32.39237]]],[[[-104.3041,32.39237],[-104.30416,32.39237],[-104.30412,32.39238],[-104.3041,32.39237]]],[[[-104.30428,32.39238],[-104.30443,32.3924],[-104.30435,32.3924],[-104.30428,32.39238]]],[[[-104.30145,32.39185],[-104.30189,32.39198],[-104.30224,32.39232],[-104.30294,32.39229],[-104.30322,32.39243],[-104.30365,32.3923],[-104.3041,32.39237],[-104.30301,32.3926],[-104.3032,32.39271],[-104.30286,32.39267],[-104.30362,32.393],[-104.30365,32.39318],[-104.3032,32.39289],[-104.30255,32.3927],[-104.30255,32.39297],[-104.30224,32.39299],[-104.30183,32.39279],[-104.30173,32.3926],[-104.30149,32.39263],[-104.30142,32.39242],[-104.30009,32.39244],[-104.29954,32.39231],[-104.29915,32.39265],[-104.29902,32.3925],[-104.29851,32.39239],[-104.29852,32.39224],[-104.29892,32.3922],[-104.29907,32.39189],[-104.29932,32.39177],[-104.30016,32.39174],[-104.3007,32.39197],[-104.30145,32.39185]]],[[[-104.30593,32.39259],[-104.30554,32.39265],[-104.30549,32.39246],[-104.30538,32.39257],[-104.30446,32.39241],[-104.30554,32.39236],[-104.30593,32.39259]]]]},"properties":{"fire_id":"ufid:2022-NMN5S-000416","source_collection":"history-2022","source_objectid":914,"incident_name":"Werewolf","mapped_acres":7.70612315537466,"mapped_acres_source":"poly_Acres_AutoCalc_fallback","gis_acres":null,"auto_acres":7.70612315537466,"reported_acres":7.7,"percent_contained":null,"state":"NM","state_wfigs":"US-NM","county":"Eddy","discovery_time_utc":"2022-06-26T21:44:00Z","perimeter_time_utc":null,"perimeter_edit_time_utc":"2022-08-05T20:50:21Z","incident_modified_time_utc":"2022-07-15T16:41:47Z","containment_time_utc":"2022-06-27T16:57:00Z","control_time_utc":"2022-06-27T17:46:00Z","fire_out_time_utc":"2022-07-15T16:40:00Z","fire_cause":"Natural","fire_cause_general":null,"map_method":"Mixed Methods","source_dataset":"2022 NIFS","unique_fire_identifier":"2022-NMN5S-000416","irwin_id":"{8935FE35-D6E1-499B-B7CB-D2816EB6B421}","global_id":"c7f94a50-7560-4b72-821b-72f690a2ab96"}},{"type":"Feature","geometry":{"type":"MultiPolygon","coordinates":[[[[-104.40518,32.68741],[-104.40525,32.68732],[-104.40501,32.68706],[-104.40517,32.68678],[-104.40626,32.68632],[-104.40634,32.68647],[-104.40614,32.68662],[-104.40613,32.68705],[-104.40518,32.68741]]],[[[-104.40456,32.68752],[-104.40485,32.68744],[-104.40492,32.68746],[-104.40456,32.68752]]]]},"properties":{"fire_id":"ufid:2022-NMN5S-000243","source_collection":"history-2022","source_objectid":985,"incident_name":"Haven hill","mapped_acres":1.824,"mapped_acres_source":"poly_GISAcres","gis_acres":1.824,"auto_acres":1.84948626366949,"reported_acres":1.8,"percent_contained":null,"state":"NM","state_wfigs":"US-NM","county":"Eddy","discovery_time_utc":"2022-05-15T19:34:00Z","perimeter_time_utc":null,"perimeter_edit_time_utc":"2022-06-01T16:30:31Z","incident_modified_time_utc":"2022-05-17T17:33:10Z","containment_time_utc":"2022-05-15T20:37:00Z","control_time_utc":"2022-05-16T19:00:00Z","fire_out_time_utc":"2022-05-17T17:30:00Z","fire_cause":"Human","fire_cause_general":null,"map_method":"Mixed Methods","source_dataset":"2022 NIFS","unique_fire_identifier":"2022-NMN5S-000243","irwin_id":"{2423220D-41D5-4705-8AAF-D965796F4B34}","global_id":"2b083312-f97a-4d72-90b4-d6775d95ad05"}},{"type":"Feature","geometry":{"type":"Polygon","coordinates":[[[-104.407,32.55914],[-104.40811,32.56081],[-104.40831,32.5609],[-104.40825,32.56097],[-104.40848,32.5612],[-104.40871,32.56179],[-104.407,32.55914]]]},"properties":{"fire_id":"ufid:2022-NMCAD-000170","source_collection":"history-2022","source_objectid":1440,"incident_name":"Brantley Fire","mapped_acres":0.52722,"mapped_acres_source":"poly_GISAcres","gis_acres":0.52722,"auto_acres":0.527214019463955,"reported_acres":0.5,"percent_contained":null,"state":"NM","state_wfigs":"US-NM","county":"Eddy","discovery_time_utc":"2022-04-28T16:25:00Z","perimeter_time_utc":null,"perimeter_edit_time_utc":"2022-05-24T21:19:17Z","incident_modified_time_utc":"2022-04-29T20:30:33Z","containment_time_utc":"2022-04-28T17:40:00Z","control_time_utc":"2022-04-29T20:29:00Z","fire_out_time_utc":"2022-04-29T20:29:00Z","fire_cause":"Undetermined","fire_cause_general":null,"map_method":"Mixed Methods","source_dataset":"2022 NIFS","unique_fire_identifier":"2022-NMCAD-000170","irwin_id":"{26341095-184B-4E78-A227-2E15DE768294}","global_id":"896229ec-8c61-4311-8982-5c87ddc0d17a"}},{"type":"Feature","geometry":{"type":"MultiPolygon","coordinates":[[[[-104.14978,33.6525],[-104.14986,33.6525],[-104.14985,33.65251],[-104.14978,33.6525]]],[[[-104.1532,33.65186],[-104.15318,33.65208],[-104.14983,33.65256],[-104.1532,33.65186]]]]},"properties":{"fire_id":"ufid:2022-NMN5S-000325","source_collection":"history-2022","source_objectid":1493,"incident_name":"Olive","mapped_acres":1.44,"mapped_acres_source":"poly_GISAcres","gis_acres":1.44,"auto_acres":1.44121984276022,"reported_acres":1.4,"percent_contained":null,"state":"NM","state_wfigs":"US-NM","county":"Chaves","discovery_time_utc":"2022-06-04T17:56:00Z","perimeter_time_utc":null,"perimeter_edit_time_utc":"2022-06-07T18:00:05Z","incident_modified_time_utc":"2022-06-04T21:02:09Z","containment_time_utc":"2022-06-04T19:15:00Z","control_time_utc":"2022-06-04T20:16:00Z","fire_out_time_utc":"2022-06-04T21:00:00Z","fire_cause":"Human","fire_cause_general":null,"map_method":"Mixed Methods","source_dataset":"2022 NIFS","unique_fire_identifier":"2022-NMN5S-000325","irwin_id":"{AF0BAA73-2089-4569-953D-B0D18761C648}","global_id":"7c2f4c7f-ee0c-4e44-a039-18f2b4bfaa79"}},{"type":"Feature","geometry":{"type":"Polygon","coordinates":[[[-104.04933,32.15711],[-104.04935,32.15685],[-104.04971,32.15669],[-104.04981,32.15647],[-104.05101,32.15647],[-104.05105,32.15664],[-104.05144,32.15661],[-104.05124,32.15675],[-104.05126,32.15693],[-104.05105,32.15702],[-104.04933,32.15711]]]},"properties":{"fire_id":"ufid:2022-NMN5S-000372","source_collection":"history-2022","source_objectid":1741,"incident_name":"Salt","mapped_acres":2.51073452458398,"mapped_acres_source":"poly_Acres_AutoCalc_fallback","gis_acres":null,"auto_acres":2.51073452458398,"reported_acres":2.5,"percent_contained":null,"state":"NM","state_wfigs":"US-NM","county":"Eddy","discovery_time_utc":"2022-06-17T10:35:00Z","perimeter_time_utc":null,"perimeter_edit_time_utc":"2022-08-05T22:15:12Z","incident_modified_time_utc":"2022-06-22T20:04:22Z","containment_time_utc":"2022-06-18T14:40:00Z","control_time_utc":"2022-06-22T20:00:00Z","fire_out_time_utc":"2022-06-22T20:00:00Z","fire_cause":"Undetermined","fire_cause_general":null,"map_method":"Mixed Methods","source_dataset":"2022 NIFS","unique_fire_identifier":"2022-NMN5S-000372","irwin_id":"{C7B7DDE5-3911-437A-AA64-BE395D6734CA}","global_id":"7c139aaf-a1c2-4218-a0d4-b3a0e518a083"}},{"type":"Feature","geometry":{"type":"Polygon","coordinates":[[[-104.41688,32.58536],[-104.4168,32.58545],[-104.41681,32.58523],[-104.4163,32.58511],[-104.41629,32.58448],[-104.41618,32.58452],[-104.41615,32.58498],[-104.41606,32.58451],[-104.41593,32.58451],[-104.41597,32.58494],[-104.41588,32.58498],[-104.41586,32.58453],[-104.41571,32.58451],[-104.41568,32.58488],[-104.41551,32.5851],[-104.41494,32.58495],[-104.4148,32.58463],[-104.41491,32.58435],[-104.4147,32.58414],[-104.41549,32.58384],[-104.41651,32.58399],[-104.41696,32.58345],[-104.41698,32.58189],[-104.41711,32.58179],[-104.41721,32.58128],[-104.41709,32.58068],[-104.41687,32.58053],[-104.41667,32.58064],[-104.41622,32.58033],[-104.41599,32.58065],[-104.41547,32.58055],[-104.4165,32.58003],[-104.41638,32.57972],[-104.41704,32.57935],[-104.41816,32.5789],[-104.41851,32.57899],[-104.41909,32.57882],[-104.4198,32.57976],[-104.41944,32.57993],[-104.41954,32.58056],[-104.41931,32.5807],[-104.41899,32.58142],[-104.41897,32.58176],[-104.41881,32.58193],[-104.41882,32.58244],[-104.41896,32.58244],[-104.41909,32.58264],[-104.41936,32.58265],[-104.4191,32.58308],[-104.41914,32.58346],[-104.41896,32.58402],[-104.41841,32.58501],[-104.41716,32.58636],[-104.41703,32.58688],[-104.41694,32.58682],[-104.41688,32.58536]]]},"properties":{"fire_id":"ufid:2022-NMN5S-000313","source_collection":"history-2022","source_objectid":1747,"incident_name":"KOA","mapped_acres":43.54,"mapped_acres_source":"poly_GISAcres","gis_acres":43.54,"auto_acres":43.5406349406699,"reported_acres":43.0,"percent_contained":null,"state":"NM","state_wfigs":"US-NM","county":"Eddy","discovery_time_utc":"2022-05-30T19:32:00Z","perimeter_time_utc":null,"perimeter_edit_time_utc":"2022-06-01T15:55:56Z","incident_modified_time_utc":"2022-06-25T20:22:28Z","containment_time_utc":"2022-05-30T22:11:00Z","control_time_utc":"2022-06-25T20:22:00Z","fire_out_time_utc":"2022-06-25T20:22:00Z","fire_cause":"Human","fire_cause_general":null,"map_method":"Mixed Methods","source_dataset":"2022 NIFS","unique_fire_identifier":"2022-NMN5S-000313","irwin_id":"{909010C8-7B7D-41E7-93B5-449B10893A28}","global_id":"25d10fa5-78d1-4727-a05a-8d9e0106d547"}},{"type":"Feature","geometry":{"type":"MultiPolygon","coordinates":[[[[-103.54601,34.00115],[-103.54598,34.00123],[-103.54593,34.00118],[-103.54601,34.00115]]],[[[-103.58021,34.00294],[-103.58028,34.003],[-103.58021,34.003],[-103.58021,34.00294]]],[[[-103.54612,34.00125],[-103.54598,34.00092],[-103.5455,34.0006],[-103.54433,34.00093],[-103.54367,34.00092],[-103.54351,34.00066],[-103.54367,34.00008],[-103.54347,33.99995],[-103.53985,33.99967],[-103.54046,33.99949],[-103.54205,33.99945],[-103.54286,33.99907],[-103.54437,33.99937],[-103.54712,33.9995],[-103.54938,34.00011],[-103.55088,34.00103],[-103.55266,34.00189],[-103.5544,34.0017],[-103.55479,34.00147],[-103.55498,34.00106],[-103.55434,34.00049],[-103.55356,34.00009],[-103.55165,34.00031],[-103.55089,34.00013],[-103.55092,33.99992],[-103.55225,33.99939],[-103.55484,33.99941],[-103.55631,33.99967],[-103.55844,34.00042],[-103.55908,34.00083],[-103.56008,34.0008],[-103.56206,34.00159],[-103.56255,34.00144],[-103.56284,34.00099],[-103.56417,34.00088],[-103.56776,34.0027],[-103.57011,34.00313],[-103.57428,34.00507],[-103.57545,34.00572],[-103.5762,34.00643],[-103.57781,34.00749],[-103.57912,34.0079],[-103.58051,34.00853],[-103.58095,34.00885],[-103.58102,34.00912],[-103.58049,34.00968],[-103.57926,34.01049],[-103.57808,34.01067],[-103.57623,34.0105],[-103.5751,34.01057],[-103.56743,34.01161],[-103.56349,34.01233],[-103.56335,34.01231],[-103.5633,34.01214],[-103.5636,34.01111],[-103.56383,34.01063],[-103.5643,34.0102],[-103.5644,34.00994],[-103.56389,34.00924],[-103.564,34.00854],[-103.56298,34.00791],[-103.56278,34.00797],[-103.56256,34.00827],[-103.56272,34.00866],[-103.56332,34.00921],[-103.56311,34.00957],[-103.56223,34.01017],[-103.55965,34.01104],[-103.52672,34.01027],[-103.52642,34.00794],[-103.52749,34.00832],[-103.52753,34.0079],[-103.52741,34.00766],[-103.52719,34.00756],[-103.52637,34.00768],[-103.52616,34.0065],[-103.52724,34.00645],[-103.52739,34.00576],[-103.52759,34.00555],[-103.52715,34.00492],[-103.52728,34.00478],[-103.53012,34.00407],[-103.5322,34.00396],[-103.53242,34.0038],[-103.53241,34.00337],[-103.53314,34.00307],[-103.53417,34.003],[-103.53572,34.00327],[-103.53671,34.003],[-103.53828,34.00305],[-103.54009,34.00246],[-103.54133,34.00246],[-103.5425,34.00204],[-103.54349,34.00138],[-103.54431,34.00134],[-103.54483,34.00153],[-103.54597,34.0014],[-103.54612,34.00125]]]]},"properties":{"fire_id":"ufid:2022-NMN5S-000196","source_collection":"history-2022","source_objectid":2052,"incident_name":"TRUCK","mapped_acres":1500.0,"mapped_acres_source":"poly_GISAcres","gis_acres":1500.0,"auto_acres":1115.90019263166,"reported_acres":1500.0,"percent_contained":0.0,"state":"NM","state_wfigs":"US-NM","county":"Roosevelt","discovery_time_utc":"2022-05-02T20:08:00Z","perimeter_time_utc":"2022-05-03T01:08:00Z","perimeter_edit_time_utc":"2022-05-09T22:52:25Z","incident_modified_time_utc":"2022-06-23T18:59:15Z","containment_time_utc":"2022-05-02T22:25:00Z","control_time_utc":"2022-05-03T00:21:00Z","fire_out_time_utc":"2022-05-03T00:21:00Z","fire_cause":"Human","fire_cause_general":null,"map_method":"Image Interpretation","source_dataset":"2022 NIFS","unique_fire_identifier":"2022-NMN5S-000196","irwin_id":"{385F688E-1DA8-45FD-842C-D2C9EE95858B}","global_id":"ccdc6105-7d93-43ee-b658-8a9ede62ee46"}},{"type":"Feature","geometry":{"type":"Polygon","coordinates":[[[-103.34293,32.17713],[-103.34288,32.17692],[-103.34252,32.17668],[-103.34212,32.17614],[-103.34188,32.1754],[-103.34175,32.17169],[-103.34205,32.1708],[-103.34259,32.17096],[-103.34266,32.17209],[-103.34297,32.17219],[-103.3432,32.17211],[-103.34349,32.17283],[-103.34377,32.17272],[-103.34403,32.17388],[-103.34404,32.17496],[-103.34428,32.1751],[-103.34448,32.17463],[-103.34475,32.17452],[-103.34511,32.17374],[-103.34571,32.17312],[-103.34599,32.17299],[-103.34642,32.17229],[-103.34672,32.17213],[-103.34758,32.17108],[-103.348,32.17083],[-103.34825,32.17087],[-103.34866,32.17054],[-103.34894,32.17056],[-103.34892,32.1707],[-103.34871,32.17074],[-103.34838,32.17114],[-103.34813,32.17159],[-103.34715,32.17242],[-103.34721,32.17257],[-103.34744,32.17255],[-103.34733,32.17275],[-103.34659,32.17341],[-103.34548,32.17403],[-103.34515,32.17473],[-103.34552,32.17483],[-103.34593,32.17468],[-103.3461,32.17484],[-103.34608,32.17506],[-103.34505,32.17577],[-103.34476,32.17579],[-103.34463,32.17615],[-103.34504,32.17638],[-103.34502,32.17657],[-103.3441,32.17716],[-103.34293,32.17713]]]},"properties":{"fire_id":"ufid:2022-NMN5S-000272","source_collection":"history-2022","source_objectid":2151,"incident_name":"Hawk","mapped_acres":42.904,"mapped_acres_source":"poly_GISAcres","gis_acres":42.904,"auto_acres":42.9044028187716,"reported_acres":42.9,"percent_contained":null,"state":"NM","state_wfigs":"US-NM","county":"Lea","discovery_time_utc":"2022-05-21T18:58:00Z","perimeter_time_utc":null,"perimeter_edit_time_utc":"2022-05-25T16:21:35Z","incident_modified_time_utc":"2022-05-25T22:41:58Z","containment_time_utc":"2022-05-21T19:00:00Z","control_time_utc":"2022-05-22T18:35:00Z","fire_out_time_utc":"2022-05-25T22:30:00Z","fire_cause":"Human","fire_cause_general":null,"map_method":"Mixed Methods","source_dataset":"2022 NIFS","unique_fire_identifier":"2022-NMN5S-000272","irwin_id":"{A19FA458-B375-4244-A3A8-923B8C7A969A}","global_id":"f324b074-b1ef-4219-bb51-5d5b09314b35"}},{"type":"Feature","geometry":{"type":"Polygon","coordinates":[[[-104.76098,32.79949],[-104.7604,32.79948],[-104.76035,32.79923],[-104.76057,32.79875],[-104.76033,32.7985],[-104.76047,32.79821],[-104.76002,32.79823],[-104.75957,32.79912],[-104.7591,32.79817],[-104.75907,32.79785],[-104.75919,32.79775],[-104.75923,32.79739],[-104.76035,32.79603],[-104.76051,32.79555],[-104.76073,32.79532],[-104.76145,32.79514],[-104.76344,32.79523],[-104.76484,32.7962],[-104.76545,32.79727],[-104.76569,32.79839],[-104.76551,32.79852],[-104.76551,32.79914],[-104.76565,32.80023],[-104.76576,32.80036],[-104.76568,32.80071],[-104.76581,32.80132],[-104.76568,32.80155],[-104.76548,32.80159],[-104.76098,32.79949]]]},"properties":{"fire_id":"ufid:2022-NMN5S-000026","source_collection":"history-2022","source_objectid":2165,"incident_name":"Hope","mapped_acres":71.0599601861965,"mapped_acres_source":"poly_GISAcres","gis_acres":71.0599601861965,"auto_acres":71.0597018343582,"reported_acres":71.1,"percent_contained":null,"state":"NM","state_wfigs":"US-NM","county":"Eddy","discovery_time_utc":"2022-02-14T19:58:00Z","perimeter_time_utc":null,"perimeter_edit_time_utc":"2022-10-21T14:56:58Z","incident_modified_time_utc":"2022-02-22T14:54:10Z","containment_time_utc":"2022-02-14T22:16:00Z","control_time_utc":"2022-02-22T14:48:00Z","fire_out_time_utc":"2022-02-22T14:48:00Z","fire_cause":"Undetermined","fire_cause_general":null,"map_method":"Mixed Methods","source_dataset":"2022 NIFS","unique_fire_identifier":"2022-NMN5S-000026","irwin_id":"{4FC909A8-AFB1-4E79-8740-FD234913EEE5}","global_id":"a3e0154f-7126-45af-b29a-62457eb43b25"}},{"type":"Feature","geometry":{"type":"Polygon","coordinates":[[[-104.48933,32.63828],[-104.48885,32.63826],[-104.48891,32.63854],[-104.48866,32.63882],[-104.48851,32.63851],[-104.4882,32.63846],[-104.48765,32.63894],[-104.48804,32.63912],[-104.4874,32.63916],[-104.48713,32.63935],[-104.48579,32.63905],[-104.48529,32.63932],[-104.48493,32.63917],[-104.48501,32.63898],[-104.48486,32.63883],[-104.48448,32.63886],[-104.48439,32.63876],[-104.48511,32.63827],[-104.48563,32.63828],[-104.48591,32.63842],[-104.48623,32.63825],[-104.48672,32.63771],[-104.48667,32.63737],[-104.48681,32.63709],[-104.48722,32.63705],[-104.48763,32.63674],[-104.48802,32.63707],[-104.48854,32.6369],[-104.48903,32.637],[-104.48914,32.63713],[-104.48957,32.63714],[-104.48961,32.63732],[-104.48912,32.63737],[-104.48881,32.63757],[-104.4888,32.63778],[-104.48864,32.63793],[-104.48919,32.63793],[-104.48939,32.63808],[-104.48933,32.63828]]]},"properties":{"fire_id":"ufid:2022-NMN5S-000193","source_collection":"history-2022","source_objectid":2253,"incident_name":"Rockin’ R Fire","mapped_acres":16.3923,"mapped_acres_source":"poly_GISAcres","gis_acres":16.3923,"auto_acres":16.3923258041149,"reported_acres":16.0,"percent_contained":null,"state":"NM","state_wfigs":"US-NM","county":"Eddy","discovery_time_utc":"2022-05-03T01:57:00Z","perimeter_time_utc":null,"perimeter_edit_time_utc":"2022-05-24T21:44:44Z","incident_modified_time_utc":"2022-05-07T18:52:33Z","containment_time_utc":"2022-05-03T03:41:00Z","control_time_utc":"2022-05-03T20:40:00Z","fire_out_time_utc":"2022-05-07T19:00:00Z","fire_cause":"Undetermined","fire_cause_general":null,"map_method":"Mixed Methods","source_dataset":"2022 NIFS","unique_fire_identifier":"2022-NMN5S-000193","irwin_id":"{2F1D97B8-BE45-4776-B23D-32CE3F6E2C9A}","global_id":"85a36f10-fb1d-4769-8d8b-87193967a909"}},{"type":"Feature","geometry":{"type":"Polygon","coordinates":[[[-104.37851,32.72789],[-104.37863,32.72778],[-104.379,32.72807],[-104.37883,32.72855],[-104.37899,32.72857],[-104.37878,32.72877],[-104.37851,32.72864],[-104.37851,32.72789]]]},"properties":{"fire_id":"ufid:2022-NMN5S-000180","source_collection":"history-2022","source_objectid":2320,"incident_name":"Lake Fire","mapped_acres":0.8979,"mapped_acres_source":"poly_GISAcres","gis_acres":0.8979,"auto_acres":0.897933038043667,"reported_acres":1.0,"percent_contained":null,"state":"NM","state_wfigs":"US-NM","county":"Eddy","discovery_time_utc":"2022-04-30T18:47:00Z","perimeter_time_utc":null,"perimeter_edit_time_utc":"2022-05-24T21:25:32Z","incident_modified_time_utc":"2022-06-23T18:57:55Z","containment_time_utc":"2022-04-30T19:57:00Z","control_time_utc":"2022-04-30T23:00:00Z","fire_out_time_utc":"2022-04-30T23:00:00Z","fire_cause":"Human","fire_cause_general":null,"map_method":"Mixed Methods","source_dataset":"2022 NIFS","unique_fire_identifier":"2022-NMN5S-000180","irwin_id":"{121CEA51-BAE5-4EF3-BDDC-DBAB08C7E24A}","global_id":"afda51de-8c68-4ad0-be36-1339a9ef1ae0"}},{"type":"Feature","geometry":{"type":"Polygon","coordinates":[[[-104.23728,32.20439],[-104.23776,32.20492],[-104.23757,32.20495],[-104.23712,32.20457],[-104.23728,32.20439]]]},"properties":{"fire_id":"ufid:2022-NMN5S-000317","source_collection":"history-2022","source_objectid":2485,"incident_name":"Black River","mapped_acres":0.3827,"mapped_acres_source":"poly_GISAcres","gis_acres":0.3827,"auto_acres":0.382744772922509,"reported_acres":0.25,"percent_contained":null,"state":"NM","state_wfigs":"US-NM","county":"Eddy","discovery_time_utc":"2022-06-01T00:37:00Z","perimeter_time_utc":null,"perimeter_edit_time_utc":"2022-06-07T18:12:24Z","incident_modified_time_utc":"2022-06-23T20:17:28Z","containment_time_utc":"2022-06-01T03:00:00Z","control_time_utc":"2022-06-01T16:15:00Z","fire_out_time_utc":"2022-06-01T16:15:00Z","fire_cause":"Human","fire_cause_general":null,"map_method":"Mixed Methods","source_dataset":"2022 NIFS","unique_fire_identifier":"2022-NMN5S-000317","irwin_id":"{ADC7696A-6F7E-482D-8054-7E2E078C098A}","global_id":"90ada7be-65b6-42e5-8557-7d0dac008760"}},{"type":"Feature","geometry":{"type":"Polygon","coordinates":[[[-104.43964,32.99014],[-104.4395,32.98836],[-104.43963,32.98798],[-104.43964,32.99014]]]},"properties":{"fire_id":"ufid:2022-NMN5S-000266","source_collection":"history-2022","source_objectid":2504,"incident_name":"Walnut","mapped_acres":0.6,"mapped_acres_source":"poly_GISAcres","gis_acres":0.6,"auto_acres":0.59343031650823,"reported_acres":0.5,"percent_contained":null,"state":"NM","state_wfigs":"US-NM","county":"Chaves","discovery_time_utc":"2022-05-20T00:11:00Z","perimeter_time_utc":null,"perimeter_edit_time_utc":"2022-05-25T15:59:20Z","incident_modified_time_utc":"2022-05-20T01:33:39Z","containment_time_utc":"2022-05-20T01:10:00Z","control_time_utc":"2022-05-20T01:14:00Z","fire_out_time_utc":"2022-05-20T01:33:00Z","fire_cause":"Undetermined","fire_cause_general":null,"map_method":"Mixed Methods","source_dataset":"2022 NIFS","unique_fire_identifier":"2022-NMN5S-000266","irwin_id":"{693B64C2-F3E5-4E5C-9F28-CB7B4A445BF1}","global_id":"36dc5204-762c-4f61-aa32-ee675a8ae3d2"}},{"type":"Feature","geometry":{"type":"Polygon","coordinates":[[[-104.49551,33.32168],[-104.49543,33.32154],[-104.49686,33.32243],[-104.49551,33.32168]]]},"properties":{"fire_id":"ufid:2022-NMN5S-000309","source_collection":"history-2022","source_objectid":2600,"incident_name":"Mm 104","mapped_acres":0.567,"mapped_acres_source":"poly_GISAcres","gis_acres":0.567,"auto_acres":0.56769479888998,"reported_acres":0.57,"percent_contained":null,"state":"NM","state_wfigs":"US-NM","county":"Chaves","discovery_time_utc":"2022-05-29T21:00:00Z","perimeter_time_utc":null,"perimeter_edit_time_utc":"2022-06-01T16:03:24Z","incident_modified_time_utc":"2022-05-29T22:15:38Z","containment_time_utc":"2022-05-29T21:27:00Z","control_time_utc":"2022-05-29T22:08:00Z","fire_out_time_utc":"2022-05-29T22:15:00Z","fire_cause":"Human","fire_cause_general":null,"map_method":"Mixed Methods","source_dataset":"2022 NIFS","unique_fire_identifier":"2022-NMN5S-000309","irwin_id":"{DC62E79A-C7A5-44E7-9963-0DF4ECE581FA}","global_id":"c076e281-bc7c-4361-92b4-6921781a4885"}},{"type":"Feature","geometry":{"type":"Polygon","coordinates":[[[-103.86328,34.64814],[-103.85704,34.6478],[-103.8571,34.64679],[-103.85882,34.646],[-103.86054,34.64555],[-103.8628,34.64402],[-103.86171,34.64272],[-103.86274,34.64063],[-103.86301,34.64046],[-103.86596,34.64125],[-103.86466,34.64266],[-103.86576,34.64357],[-103.86651,34.64543],[-103.86603,34.64684],[-103.86473,34.64758],[-103.86328,34.64814]]]},"properties":{"fire_id":"ufid:2022-NMN4S-N4S-025","source_collection":"history-2022","source_objectid":2739,"incident_name":"Poole","mapped_acres":91.4475940790708,"mapped_acres_source":"poly_Acres_AutoCalc_fallback","gis_acres":null,"auto_acres":91.4475940790708,"reported_acres":10.0,"percent_contained":null,"state":"NM","state_wfigs":"US-NM","county":"Quay","discovery_time_utc":"2022-03-17T20:20:12Z","perimeter_time_utc":null,"perimeter_edit_time_utc":"2022-03-21T20:28:48Z","incident_modified_time_utc":"2022-03-21T20:28:49Z","containment_time_utc":null,"control_time_utc":null,"fire_out_time_utc":null,"fire_cause":"Human","fire_cause_general":"Equipment","map_method":"Hand Sketch","source_dataset":"2022 NIFS","unique_fire_identifier":"2022-NMN4S-N4S-025","irwin_id":"{2EF0E2E0-177E-4270-BFB6-AF29505831E2}","global_id":"c9539cbc-7aa5-4cc5-ae04-7a328f12ce2b"}},{"type":"Feature","geometry":{"type":"Polygon","coordinates":[[[-103.32635,32.16841],[-103.326,32.16956],[-103.32583,32.17069],[-103.32603,32.17089],[-103.32581,32.17198],[-103.32584,32.17318],[-103.32528,32.17379],[-103.3253,32.1741],[-103.3251,32.17449],[-103.32424,32.17553],[-103.32335,32.17616],[-103.32255,32.17639],[-103.3221,32.17668],[-103.32162,32.17664],[-103.3216,32.17682],[-103.32143,32.1768],[-103.3214,32.17703],[-103.32117,32.17717],[-103.32113,32.1768],[-103.32019,32.17588],[-103.31978,32.17515],[-103.31945,32.17437],[-103.31924,32.17324],[-103.31917,32.1697],[-103.31931,32.16934],[-103.31961,32.16688],[-103.32464,32.16681],[-103.32461,32.16856],[-103.32489,32.16839],[-103.32635,32.16841]]]},"properties":{"fire_id":"ufid:2022-NMN5S-000271","source_collection":"history-2022","source_objectid":2790,"incident_name":"Custer","mapped_acres":146.656,"mapped_acres_source":"poly_GISAcres","gis_acres":146.656,"auto_acres":146.655700289236,"reported_acres":146.7,"percent_contained":null,"state":"NM","state_wfigs":"US-NM","county":"Lea","discovery_time_utc":"2022-05-21T15:24:00Z","perimeter_time_utc":null,"perimeter_edit_time_utc":"2022-05-25T16:21:00Z","incident_modified_time_utc":"2022-05-25T22:36:51Z","containment_time_utc":"2022-05-21T19:00:00Z","control_time_utc":"2022-05-22T18:34:00Z","fire_out_time_utc":"2022-05-25T22:30:00Z","fire_cause":"Human","fire_cause_general":null,"map_method":"Mixed Methods","source_dataset":"2022 NIFS","unique_fire_identifier":"2022-NMN5S-000271","irwin_id":"{EE0B52B6-7A4B-4FAB-B00F-A39A89E7F2D3}","global_id":"d91ab47d-fd39-4668-b12c-fc510deced02"}},{"type":"Feature","geometry":{"type":"Polygon","coordinates":[[[-104.42042,32.60635],[-104.41978,32.60774],[-104.41894,32.60924],[-104.41883,32.60925],[-104.41886,32.60898],[-104.41953,32.60783],[-104.41958,32.6075],[-104.41975,32.60744],[-104.42006,32.60678],[-104.41982,32.60676],[-104.42035,32.60614],[-104.42042,32.60635]]]},"properties":{"fire_id":"ufid:2022-NMN5S-000171","source_collection":"history-2022","source_objectid":2806,"incident_name":"Vineyard Fire","mapped_acres":1.67,"mapped_acres_source":"poly_GISAcres","gis_acres":1.67,"auto_acres":1.66035792878156,"reported_acres":1.7,"percent_contained":null,"state":"NM","state_wfigs":"US-NM","county":"Eddy","discovery_time_utc":"2022-04-28T18:45:00Z","perimeter_time_utc":null,"perimeter_edit_time_utc":"2022-05-24T21:20:44Z","incident_modified_time_utc":"2022-05-11T17:33:38Z","containment_time_utc":"2022-04-28T20:46:00Z","control_time_utc":"2022-05-01T15:00:00Z","fire_out_time_utc":"2022-05-01T15:00:00Z","fire_cause":"Undetermined","fire_cause_general":null,"map_method":"Mixed Methods","source_dataset":"2022 NIFS","unique_fire_identifier":"2022-NMN5S-000171","irwin_id":"{78320471-DD23-471B-8000-B54C74B5896B}","global_id":"11e31e5d-5f74-4b53-b33b-d47d8ab82f0f"}},{"type":"Feature","geometry":{"type":"MultiPolygon","coordinates":[[[[-104.10771,33.66715],[-104.10757,33.66713],[-104.10755,33.66708],[-104.10771,33.66715]]],[[[-104.10757,33.66713],[-104.1076,33.66726],[-104.1072,33.66751],[-104.1067,33.66776],[-104.10639,33.66772],[-104.10757,33.66713]]]]},"properties":{"fire_id":"ufid:2022-NMN5S-000327","source_collection":"history-2022","source_objectid":2938,"incident_name":"Dunken","mapped_acres":0.646,"mapped_acres_source":"poly_GISAcres","gis_acres":0.646,"auto_acres":0.646128891232345,"reported_acres":0.65,"percent_contained":null,"state":"NM","state_wfigs":"US-NM","county":"Chaves","discovery_time_utc":"2022-06-04T18:27:00Z","perimeter_time_utc":null,"perimeter_edit_time_utc":"2022-06-07T18:01:09Z","incident_modified_time_utc":"2022-06-23T20:15:06Z","containment_time_utc":"2022-06-04T20:25:00Z","control_time_utc":"2022-06-05T16:15:00Z","fire_out_time_utc":"2022-06-05T16:15:00Z","fire_cause":"Human","fire_cause_general":null,"map_method":"Mixed Methods","source_dataset":"2022 NIFS","unique_fire_identifier":"2022-NMN5S-000327","irwin_id":"{5299DCA2-6FF7-49E5-A2F5-A2541C457377}","global_id":"ce6f7e96-8e17-45f9-904f-a0b521f3591c"}},{"type":"Feature","geometry":{"type":"Polygon","coordinates":[[[-104.25239,32.40611],[-104.25271,32.40591],[-104.25276,32.40652],[-104.25297,32.40685],[-104.25285,32.40717],[-104.25306,32.40729],[-104.25278,32.40744],[-104.25263,32.40742],[-104.25247,32.40709],[-104.25239,32.40611]]]},"properties":{"fire_id":"ufid:2022-NMN5S-000330","source_collection":"history-2022","source_objectid":3035,"incident_name":"Colfax","mapped_acres":1.4,"mapped_acres_source":"poly_GISAcres","gis_acres":1.4,"auto_acres":1.3942083672762,"reported_acres":1.4,"percent_contained":null,"state":"NM","state_wfigs":"US-NM","county":"Eddy","discovery_time_utc":"2022-06-06T22:06:00Z","perimeter_time_utc":null,"perimeter_edit_time_utc":"2022-06-07T17:49:24Z","incident_modified_time_utc":"2022-06-23T19:39:59Z","containment_time_utc":"2022-06-07T00:15:00Z","control_time_utc":"2022-06-23T19:40:00Z","fire_out_time_utc":"2022-06-23T19:40:00Z","fire_cause":"Human","fire_cause_general":null,"map_method":"Mixed Methods","source_dataset":"2022 NIFS","unique_fire_identifier":"2022-NMN5S-000330","irwin_id":"{3DEEFA8C-2801-4006-8F9F-E020B413DA37}","global_id":"9408b02b-bad5-419e-bcb6-61994a4df23d"}},{"type":"Feature","geometry":{"type":"Polygon","coordinates":[[[-103.76312,32.26467],[-103.76393,32.2651],[-103.76384,32.26527],[-103.76403,32.26555],[-103.76385,32.266],[-103.76306,32.26601],[-103.76294,32.26486],[-103.76312,32.26467]]]},"properties":{"fire_id":"ufid:2022-NMCAD-000156","source_collection":"history-2022","source_objectid":3478,"incident_name":"Twin Wells","mapped_acres":2.6934,"mapped_acres_source":"poly_GISAcres","gis_acres":2.6934,"auto_acres":2.69340060822249,"reported_acres":2.7,"percent_contained":null,"state":"NM","state_wfigs":"US-NM","county":"Eddy","discovery_time_utc":"2022-04-23T15:10:00Z","perimeter_time_utc":null,"perimeter_edit_time_utc":"2022-05-24T21:13:36Z","incident_modified_time_utc":"2022-04-26T16:12:54Z","containment_time_utc":"2022-04-23T16:45:00Z","control_time_utc":"2022-04-23T17:49:00Z","fire_out_time_utc":"2022-04-26T16:10:00Z","fire_cause":"Human","fire_cause_general":null,"map_method":"Mixed Methods","source_dataset":"2022 NIFS","unique_fire_identifier":"2022-NMCAD-000156","irwin_id":"{C68A581E-48C2-4095-9012-5DED61D84825}","global_id":"e5b61e4b-a8f8-4938-9d2e-0ae7f64f6630"}},{"type":"Feature","geometry":{"type":"Polygon","coordinates":[[[-103.84141,32.73955],[-103.84224,32.73945],[-103.84263,32.73959],[-103.84298,32.73994],[-103.84291,32.74014],[-103.84324,32.74022],[-103.84331,32.74038],[-103.84297,32.74054],[-103.84231,32.74042],[-103.84226,32.74027],[-103.84201,32.74037],[-103.84166,32.74082],[-103.8421,32.74105],[-103.84213,32.74129],[-103.8413,32.7416],[-103.84027,32.74065],[-103.84025,32.74033],[-103.84051,32.74025],[-103.84057,32.73999],[-103.8408,32.73985],[-103.84132,32.73978],[-103.84141,32.73955]]]},"properties":{"fire_id":"ufid:2022-NMCAD-000450","source_collection":"history-2022","source_objectid":3492,"incident_name":"SHUGART 2","mapped_acres":8.59565552735848,"mapped_acres_source":"poly_Acres_AutoCalc_fallback","gis_acres":null,"auto_acres":8.59565552735848,"reported_acres":8.6,"percent_contained":null,"state":"NM","state_wfigs":"US-NM","county":"Eddy","discovery_time_utc":"2022-07-22T21:48:00Z","perimeter_time_utc":null,"perimeter_edit_time_utc":"2022-07-25T17:48:07Z","incident_modified_time_utc":"2022-07-27T19:15:54Z","containment_time_utc":"2022-07-22T23:50:00Z","control_time_utc":"2022-07-27T19:00:00Z","fire_out_time_utc":"2022-07-27T19:00:00Z","fire_cause":"Human","fire_cause_general":null,"map_method":"Mixed Methods","source_dataset":"2022 NIFS","unique_fire_identifier":"2022-NMCAD-000450","irwin_id":"{481DCDAE-31AC-4EA0-B1D5-F31F967566F6}","global_id":"ff5d5b8d-7d94-4fce-adea-7b37d44b663b"}},{"type":"Feature","geometry":{"type":"MultiPolygon","coordinates":[[[[-104.59215,32.55988],[-104.59213,32.55987],[-104.59214,32.55986],[-104.59215,32.55988]]],[[[-104.59219,32.55995],[-104.59213,32.55983],[-104.59252,32.55953],[-104.59256,32.55975],[-104.5921,32.56034],[-104.59193,32.56022],[-104.59198,32.56002],[-104.59219,32.55995]],[[-104.59216,32.55986],[-104.59218,32.55986],[-104.5922,32.55984],[-104.59216,32.55986]]]]},"properties":{"fire_id":"ufid:2022-NMN5S-000222","source_collection":"history-2022","source_objectid":3644,"incident_name":"Pickett Fire","mapped_acres":0.5644,"mapped_acres_source":"poly_GISAcres","gis_acres":0.5644,"auto_acres":0.564480500971347,"reported_acres":0.5,"percent_contained":null,"state":"NM","state_wfigs":"US-NM","county":"Eddy","discovery_time_utc":"2022-05-09T20:01:00Z","perimeter_time_utc":null,"perimeter_edit_time_utc":"2022-05-24T21:58:37Z","incident_modified_time_utc":"2022-05-10T17:57:30Z","containment_time_utc":"2022-05-09T21:27:00Z","control_time_utc":"2022-05-10T17:30:00Z","fire_out_time_utc":"2022-05-10T17:30:00Z","fire_cause":"Human","fire_cause_general":null,"map_method":"Mixed Methods","source_dataset":"2022 NIFS","unique_fire_identifier":"2022-NMN5S-000222","irwin_id":"{1544F314-4848-42A0-8D5E-F74F5C85F26A}","global_id":"645e17fd-1a6a-4429-9ca6-0e6e5b28a918"}},{"type":"Feature","geometry":{"type":"MultiPolygon","coordinates":[[[[-104.7187,32.83187],[-104.71868,32.83191],[-104.71868,32.83189],[-104.7187,32.83187]]],[[[-104.71713,32.82978],[-104.71741,32.83018],[-104.71785,32.83017],[-104.71817,32.83051],[-104.71867,32.83196],[-104.7189,32.83219],[-104.71912,32.83221],[-104.71985,32.83357],[-104.72013,32.83448],[-104.72028,32.83462],[-104.72008,32.83505],[-104.72035,32.83544],[-104.72029,32.83577],[-104.72112,32.83606],[-104.72065,32.83613],[-104.72044,32.83596],[-104.71974,32.8363],[-104.71983,32.83693],[-104.71972,32.83713],[-104.71919,32.83699],[-104.71891,32.83676],[-104.71846,32.83675],[-104.71836,32.83629],[-104.71799,32.83609],[-104.71806,32.8357],[-104.71781,32.83565],[-104.71781,32.8354],[-104.71732,32.83483],[-104.71744,32.83477],[-104.71777,32.83527],[-104.71785,32.83523],[-104.71773,32.83473],[-104.71792,32.8348],[-104.71796,32.83469],[-104.71778,32.83441],[-104.71803,32.83438],[-104.71806,32.8342],[-104.71776,32.83406],[-104.71784,32.83379],[-104.71757,32.8335],[-104.71715,32.83335],[-104.71734,32.83305],[-104.7174,32.83251],[-104.71785,32.83273],[-104.71806,32.83229],[-104.7178,32.83211],[-104.71782,32.83192],[-104.71687,32.8304],[-104.71689,32.83016],[-104.71726,32.83019],[-104.71713,32.82978]]]]},"properties":{"fire_id":"ufid:2022-NMN5S-000429","source_collection":"history-2022","source_objectid":3929,"incident_name":"Hope","mapped_acres":30.8972498990058,"mapped_acres_source":"poly_Acres_AutoCalc_fallback","gis_acres":null,"auto_acres":30.8972498990058,"reported_acres":30.9,"percent_contained":null,"state":"NM","state_wfigs":"US-NM","county":"Eddy","discovery_time_utc":"2022-07-04T22:25:00Z","perimeter_time_utc":null,"perimeter_edit_time_utc":"2022-08-05T20:09:00Z","incident_modified_time_utc":"2022-07-15T16:42:26Z","containment_time_utc":"2022-07-05T00:50:00Z","control_time_utc":"2022-07-05T16:14:00Z","fire_out_time_utc":"2022-07-15T16:40:00Z","fire_cause":"Human","fire_cause_general":null,"map_method":"Mixed Methods","source_dataset":"2022 NIFS","unique_fire_identifier":"2022-NMN5S-000429","irwin_id":"{0E9018C8-E6F5-4CB6-B3EF-0B1ABE16EB09}","global_id":"5cdeced0-7ffa-4628-983b-1111dfb6fac0"}},{"type":"Feature","geometry":{"type":"Polygon","coordinates":[[[-104.36183,32.49452],[-104.36273,32.49483],[-104.36156,32.49452],[-104.36183,32.49452]]]},"properties":{"fire_id":"ufid:2022-NMN5S-000391","source_collection":"history-2022","source_objectid":4029,"incident_name":"CatClaw Draw","mapped_acres":0.217646698111517,"mapped_acres_source":"poly_Acres_AutoCalc_fallback","gis_acres":null,"auto_acres":0.217646698111517,"reported_acres":0.25,"percent_contained":null,"state":"NM","state_wfigs":"US-NM","county":"Eddy","discovery_time_utc":"2022-06-19T20:00:00Z","perimeter_time_utc":null,"perimeter_edit_time_utc":"2022-08-05T22:09:25Z","incident_modified_time_utc":"2022-06-25T20:19:42Z","containment_time_utc":"2022-06-19T20:47:00Z","control_time_utc":"2022-06-19T20:57:00Z","fire_out_time_utc":"2022-06-25T20:19:00Z","fire_cause":"Human","fire_cause_general":null,"map_method":"Mixed Methods","source_dataset":"2022 NIFS","unique_fire_identifier":"2022-NMN5S-000391","irwin_id":"{A601CF0F-AED8-4AF7-8A04-1C651B9A83E0}","global_id":"e809ae28-3a44-4049-8dd9-4d378f8120ca"}},{"type":"Feature","geometry":{"type":"Polygon","coordinates":[[[-103.95196,32.23951],[-103.95443,32.23961],[-103.9579,32.24362],[-103.95469,32.24551],[-103.95133,32.24544],[-103.95121,32.2464],[-103.95128,32.24802],[-103.95118,32.24806],[-103.94776,32.24448],[-103.94783,32.24381],[-103.94725,32.24347],[-103.9473,32.24142],[-103.94684,32.24132],[-103.94671,32.24056],[-103.94804,32.23956],[-103.95196,32.23951]]]},"properties":{"fire_id":"ufid:2022-NMCAD-000148","source_collection":"history-2022","source_objectid":4458,"incident_name":"Petry","mapped_acres":143.734,"mapped_acres_source":"poly_GISAcres","gis_acres":143.734,"auto_acres":143.7368899729788,"reported_acres":143.7,"percent_contained":null,"state":"NM","state_wfigs":"US-NM","county":"Eddy","discovery_time_utc":"2022-04-21T19:18:00Z","perimeter_time_utc":"2022-06-15T20:27:32Z","perimeter_edit_time_utc":"2023-03-14T15:13:42Z","incident_modified_time_utc":"2022-05-15T23:20:53Z","containment_time_utc":"2022-04-22T00:16:00Z","control_time_utc":"2022-04-24T16:21:00Z","fire_out_time_utc":"2022-04-26T15:00:00Z","fire_cause":"Human","fire_cause_general":"Equipment and vehicle use","map_method":"Mixed Methods","source_dataset":"FFP","unique_fire_identifier":"2022-NMCAD-000148","irwin_id":"{03B92DFC-C145-4FCB-9C55-DEF666DBD0E8}","global_id":"33deba7c-f998-41bb-9195-990a44f12529"}},{"type":"Feature","geometry":{"type":"Polygon","coordinates":[[[-104.7369,32.05054],[-104.73704,32.05001],[-104.73771,32.0504],[-104.7369,32.05054]]]},"properties":{"fire_id":"ufid:2022-NMLNF-000407","source_collection":"history-2022","source_objectid":4597,"incident_name":"LONESOME","mapped_acres":1.92,"mapped_acres_source":"poly_GISAcres","gis_acres":1.92,"auto_acres":0.5773694086820212,"reported_acres":12.8,"percent_contained":null,"state":"NM","state_wfigs":"US-NM","county":"Eddy","discovery_time_utc":"2022-06-25T16:52:50Z","perimeter_time_utc":"2022-09-07T20:53:13Z","perimeter_edit_time_utc":"2023-03-14T15:13:42Z","incident_modified_time_utc":"2022-07-07T22:58:30Z","containment_time_utc":"2022-06-28T18:01:00Z","control_time_utc":"2022-06-28T19:15:00Z","fire_out_time_utc":"2022-06-29T22:57:00Z","fire_cause":"Undetermined","fire_cause_general":"Undetermined","map_method":"Hand Sketch","source_dataset":"FFP","unique_fire_identifier":"2022-NMLNF-000407","irwin_id":"{4F1DECBD-9C13-4AAF-8218-3897EDC1F0FA}","global_id":"17fca35b-5042-48f4-8963-16e5ada81139"}},{"type":"Feature","geometry":{"type":"Polygon","coordinates":[[[-103.77284,32.40307],[-103.77267,32.40382],[-103.77282,32.40387],[-103.77289,32.4044],[-103.77247,32.40442],[-103.77214,32.40469],[-103.77265,32.40487],[-103.77297,32.40467],[-103.77305,32.40485],[-103.77203,32.40565],[-103.77202,32.40578],[-103.77145,32.40594],[-103.77114,32.40579],[-103.77085,32.40592],[-103.77078,32.40569],[-103.77051,32.40578],[-103.77031,32.40538],[-103.76986,32.40516],[-103.76984,32.40495],[-103.77026,32.40453],[-103.77008,32.40441],[-103.77005,32.40402],[-103.77049,32.40405],[-103.77061,32.40378],[-103.77099,32.40368],[-103.77097,32.40345],[-103.77146,32.40331],[-103.77156,32.40315],[-103.77142,32.40293],[-103.7717,32.40272],[-103.77195,32.40265],[-103.77217,32.40283],[-103.77273,32.40264],[-103.77284,32.40307]]]},"properties":{"fire_id":"ufid:2022-NMCAD-000478","source_collection":"history-2022","source_objectid":4855,"incident_name":"Livingston","mapped_acres":16.972501964780005,"mapped_acres_source":"poly_Acres_AutoCalc_fallback","gis_acres":null,"auto_acres":16.972501964780005,"reported_acres":17.0,"percent_contained":null,"state":"NM","state_wfigs":"US-NM","county":"Eddy","discovery_time_utc":"2022-08-05T01:30:00Z","perimeter_time_utc":"2022-11-14T20:18:08Z","perimeter_edit_time_utc":"2023-03-14T15:13:42Z","incident_modified_time_utc":"2022-08-25T14:58:54Z","containment_time_utc":"2022-08-05T16:02:00Z","control_time_utc":"2022-08-05T19:01:00Z","fire_out_time_utc":"2022-08-09T15:00:00Z","fire_cause":"Natural","fire_cause_general":"Natural","map_method":"Mixed Methods","source_dataset":"FFP","unique_fire_identifier":"2022-NMCAD-000478","irwin_id":"{D60AC399-C7D6-41B1-86E8-E8D38750D633}","global_id":"8cc73943-1384-4f28-bbb2-7f8ad750143d"}},{"type":"Feature","geometry":{"type":"Polygon","coordinates":[[[-103.63213,32.58687],[-103.63463,32.58608],[-103.64085,32.58366],[-103.64124,32.58352],[-103.6413,32.5836],[-103.62653,32.5893],[-103.62591,32.58919],[-103.6258,32.58888],[-103.62611,32.58867],[-103.62718,32.58845],[-103.62827,32.58783],[-103.62983,32.58735],[-103.63106,32.58679],[-103.63153,32.58665],[-103.63213,32.58687]]]},"properties":{"fire_id":"ufid:2022-NMCAD-000215","source_collection":"history-2022","source_objectid":4964,"incident_name":"Halfway Fire","mapped_acres":14.688,"mapped_acres_source":"poly_GISAcres","gis_acres":14.688,"auto_acres":14.68873643487793,"reported_acres":14.7,"percent_contained":null,"state":"NM","state_wfigs":"US-NM","county":"Lea","discovery_time_utc":"2022-05-08T14:54:00Z","perimeter_time_utc":"2022-06-15T20:24:46Z","perimeter_edit_time_utc":"2023-03-14T15:13:42Z","incident_modified_time_utc":"2022-05-10T17:48:47Z","containment_time_utc":"2022-05-08T15:58:00Z","control_time_utc":"2022-05-09T16:42:00Z","fire_out_time_utc":"2022-05-10T17:30:00Z","fire_cause":"Human","fire_cause_general":"Undetermined","map_method":"Mixed Methods","source_dataset":"FFP","unique_fire_identifier":"2022-NMCAD-000215","irwin_id":"{E445AE9C-737B-4E3A-8B77-882733D9280D}","global_id":"61aaf335-bdcb-4ead-8b14-5d9adda94c2a"}},{"type":"Feature","geometry":{"type":"Polygon","coordinates":[[[-103.94979,32.21477],[-103.94976,32.21419],[-103.95038,32.21388],[-103.95013,32.21346],[-103.95078,32.21324],[-103.95107,32.21361],[-103.95176,32.21382],[-103.95233,32.21421],[-103.95224,32.21375],[-103.95247,32.21369],[-103.95272,32.21431],[-103.953,32.21454],[-103.95305,32.21483],[-103.95259,32.21518],[-103.95207,32.21527],[-103.95199,32.21521],[-103.9521,32.21486],[-103.94991,32.2148],[-103.94979,32.21477]]]},"properties":{"fire_id":"ufid:2022-NMCAD-000253","source_collection":"history-2022","source_objectid":5297,"incident_name":"Dog Town Fire","mapped_acres":9.398873432419085,"mapped_acres_source":"poly_Acres_AutoCalc_fallback","gis_acres":null,"auto_acres":9.398873432419085,"reported_acres":9.4,"percent_contained":null,"state":"NM","state_wfigs":"US-NM","county":"Eddy","discovery_time_utc":"2022-05-17T17:43:00Z","perimeter_time_utc":"2022-11-10T21:43:20Z","perimeter_edit_time_utc":"2023-03-14T15:13:42Z","incident_modified_time_utc":"2022-05-23T22:06:08Z","containment_time_utc":"2022-05-17T21:34:00Z","control_time_utc":"2022-05-20T15:44:00Z","fire_out_time_utc":"2022-05-23T22:00:00Z","fire_cause":"Human","fire_cause_general":"Undetermined","map_method":"Mixed Methods","source_dataset":"FFP","unique_fire_identifier":"2022-NMCAD-000253","irwin_id":"{B8CDCF69-C74F-4D56-8DBE-CD17AF972DEE}","global_id":"69e60428-0bcb-4281-b0df-394e52485e22"}},{"type":"Feature","geometry":{"type":"Polygon","coordinates":[[[-103.93869,32.47396],[-103.93868,32.47432],[-103.93853,32.47405],[-103.93869,32.47396]]]},"properties":{"fire_id":"ufid:2022-NMCAD-000400","source_collection":"history-2022","source_objectid":5764,"incident_name":"Intrepid Fire","mapped_acres":0.15149992782188992,"mapped_acres_source":"poly_Acres_AutoCalc_fallback","gis_acres":null,"auto_acres":0.15149992782188992,"reported_acres":0.1,"percent_contained":null,"state":"NM","state_wfigs":"US-NM","county":"Eddy","discovery_time_utc":"2022-06-23T20:49:00Z","perimeter_time_utc":"2022-08-29T20:02:44Z","perimeter_edit_time_utc":"2023-03-14T15:13:42Z","incident_modified_time_utc":"2022-06-29T23:13:16Z","containment_time_utc":"2022-06-23T21:53:00Z","control_time_utc":"2022-06-24T16:53:00Z","fire_out_time_utc":"2022-06-29T23:00:00Z","fire_cause":"Human","fire_cause_general":"Undetermined","map_method":"Mixed Methods","source_dataset":"FFP","unique_fire_identifier":"2022-NMCAD-000400","irwin_id":"{E74433CE-7DDD-46D1-8DF5-A3BD34B263F4}","global_id":"545eb725-80d9-42e1-8f6d-cd03ff69980c"}},{"type":"Feature","geometry":{"type":"Polygon","coordinates":[[[-104.26758,32.3723],[-104.26684,32.37215],[-104.26775,32.37215],[-104.26758,32.3723]]]},"properties":{"fire_id":"ufid:2022-NMCAD-000462","source_collection":"history-2022","source_objectid":6189,"incident_name":"LaCueva","mapped_acres":0.34,"mapped_acres_source":"poly_GISAcres","gis_acres":0.34,"auto_acres":0.3478823275111307,"reported_acres":0.35,"percent_contained":null,"state":"NM","state_wfigs":"US-NM","county":"Eddy","discovery_time_utc":"2022-07-27T22:05:00Z","perimeter_time_utc":"2022-08-29T19:57:54Z","perimeter_edit_time_utc":"2023-03-14T15:13:42Z","incident_modified_time_utc":"2022-08-02T16:47:47Z","containment_time_utc":"2022-07-27T23:26:00Z","control_time_utc":"2022-07-27T23:36:00Z","fire_out_time_utc":"2022-08-02T17:00:00Z","fire_cause":"Human","fire_cause_general":"Undetermined","map_method":"Mixed Methods","source_dataset":"FFP","unique_fire_identifier":"2022-NMCAD-000462","irwin_id":"{1FAB3EAF-E88C-44B4-B299-087B1553A43B}","global_id":"89de67a5-c4cc-4484-a54c-16961a13e060"}},{"type":"Feature","geometry":{"type":"Polygon","coordinates":[[[-103.68097,32.08126],[-103.68121,32.07998],[-103.68166,32.07958],[-103.68239,32.07936],[-103.68351,32.07943],[-103.68379,32.07975],[-103.68422,32.07986],[-103.68519,32.0808],[-103.68525,32.08107],[-103.6854,32.08116],[-103.68097,32.08126]]]},"properties":{"fire_id":"ufid:2022-NMCAD-000458","source_collection":"history-2022","source_objectid":6394,"incident_name":"RED HILLS","mapped_acres":15.507266448258674,"mapped_acres_source":"poly_Acres_AutoCalc_fallback","gis_acres":null,"auto_acres":15.507266448258674,"reported_acres":15.5,"percent_contained":null,"state":"NM","state_wfigs":"US-NM","county":"Lea","discovery_time_utc":"2022-07-26T17:57:00Z","perimeter_time_utc":"2022-08-29T19:58:17Z","perimeter_edit_time_utc":"2023-03-14T15:13:42Z","incident_modified_time_utc":"2022-08-02T16:47:24Z","containment_time_utc":"2022-07-26T20:30:00Z","control_time_utc":"2022-07-27T17:12:00Z","fire_out_time_utc":"2022-08-02T17:00:00Z","fire_cause":"Undetermined","fire_cause_general":"Undetermined","map_method":"Mixed Methods","source_dataset":"FFP","unique_fire_identifier":"2022-NMCAD-000458","irwin_id":"{E70132CC-A895-488E-B35E-2A5758EF2F39}","global_id":"266313a0-db61-4a35-a519-683a7a56c9f0"}},{"type":"Feature","geometry":{"type":"Polygon","coordinates":[[[-103.76086,32.78936],[-103.762,32.78937],[-103.76152,32.78974],[-103.76135,32.78974],[-103.76137,32.78961],[-103.76099,32.7897],[-103.7605,32.79025],[-103.76011,32.79022],[-103.75984,32.79036],[-103.75977,32.79056],[-103.75949,32.79063],[-103.75967,32.79023],[-103.75941,32.79027],[-103.75939,32.79012],[-103.76023,32.78982],[-103.76039,32.78961],[-103.76086,32.78949],[-103.76086,32.78936]]]},"properties":{"fire_id":"ufid:2022-NMCAD-000302","source_collection":"history-2022","source_objectid":7541,"incident_name":"Maljamar","mapped_acres":2.73,"mapped_acres_source":"poly_GISAcres","gis_acres":2.73,"auto_acres":2.73238379748967,"reported_acres":2.7,"percent_contained":null,"state":"NM","state_wfigs":"US-NM","county":"Lea","discovery_time_utc":"2022-05-28T21:09:00Z","perimeter_time_utc":"2022-11-10T21:40:29Z","perimeter_edit_time_utc":"2023-03-14T15:13:42Z","incident_modified_time_utc":"2022-07-15T21:00:59Z","containment_time_utc":"2022-05-28T22:34:00Z","control_time_utc":"2022-05-31T14:30:00Z","fire_out_time_utc":"2022-05-31T14:30:00Z","fire_cause":"Human","fire_cause_general":"Undetermined","map_method":"Mixed Methods","source_dataset":"FFP","unique_fire_identifier":"2022-NMCAD-000302","irwin_id":"{E43FDED2-EAF0-490F-A356-88B42539027A}","global_id":"1220ac65-9c84-4567-91fe-505b7c0d4090"}},{"type":"Feature","geometry":{"type":"Polygon","coordinates":[[[-103.60258,32.5983],[-103.60258,32.5985],[-103.59996,32.59945],[-103.59979,32.59937],[-103.60258,32.5983]]]},"properties":{"fire_id":"ufid:2022-NMCAD-000432","source_collection":"history-2022","source_objectid":7707,"incident_name":"MM 76","mapped_acres":1.0,"mapped_acres_source":"poly_GISAcres","gis_acres":1.0,"auto_acres":1.0078967227515643,"reported_acres":1.0,"percent_contained":null,"state":"NM","state_wfigs":"US-NM","county":"Lea","discovery_time_utc":"2022-07-05T17:38:00Z","perimeter_time_utc":"2022-08-29T20:00:17Z","perimeter_edit_time_utc":"2023-03-14T15:13:42Z","incident_modified_time_utc":"2022-07-07T20:38:34Z","containment_time_utc":"2022-07-05T19:01:00Z","control_time_utc":"2022-07-05T20:14:00Z","fire_out_time_utc":"2022-07-07T20:00:00Z","fire_cause":"Undetermined","fire_cause_general":"Undetermined","map_method":"Mixed Methods","source_dataset":"FFP","unique_fire_identifier":"2022-NMCAD-000432","irwin_id":"{163275A1-3A1F-44CD-99B4-0050FE36CF2D}","global_id":"a1794649-dbcc-409e-b2c1-4b025dbf17b4"}},{"type":"Feature","geometry":{"type":"Polygon","coordinates":[[[-103.98702,32.7151],[-103.98645,32.71495],[-103.98616,32.7145],[-103.98621,32.71438],[-103.98651,32.71468],[-103.98662,32.71438],[-103.98736,32.7145],[-103.98745,32.7148],[-103.98702,32.7151]]]},"properties":{"fire_id":"ufid:2022-NMCAD-000120","source_collection":"history-2022","source_objectid":8918,"incident_name":"Grubbs","mapped_acres":1.406,"mapped_acres_source":"poly_GISAcres","gis_acres":1.406,"auto_acres":1.4062287808320943,"reported_acres":1.4,"percent_contained":null,"state":"NM","state_wfigs":"US-NM","county":"Eddy","discovery_time_utc":"2022-04-13T13:57:00Z","perimeter_time_utc":"2022-06-15T20:19:05Z","perimeter_edit_time_utc":"2023-03-14T15:13:42Z","incident_modified_time_utc":"2022-04-18T16:58:02Z","containment_time_utc":"2022-04-13T15:09:00Z","control_time_utc":"2022-04-14T16:15:00Z","fire_out_time_utc":"2022-04-18T15:00:00Z","fire_cause":"Human","fire_cause_general":"Undetermined","map_method":"Mixed Methods","source_dataset":"FFP","unique_fire_identifier":"2022-NMCAD-000120","irwin_id":"{30B5B125-38C9-4358-87F2-F349786F513A}","global_id":"d0320cb9-8e18-484c-b583-9f4d21e596ae"}},{"type":"Feature","geometry":{"type":"Polygon","coordinates":[[[-103.93666,32.4661],[-103.93693,32.46638],[-103.93695,32.46685],[-103.93716,32.4671],[-103.93707,32.46731],[-103.93693,32.46726],[-103.93689,32.46666],[-103.93666,32.4661]]]},"properties":{"fire_id":"ufid:2022-NMCAD-000512","source_collection":"history-2022","source_objectid":9332,"incident_name":"Mosaic","mapped_acres":0.5011592676620572,"mapped_acres_source":"poly_Acres_AutoCalc_fallback","gis_acres":null,"auto_acres":0.5011592676620572,"reported_acres":0.5,"percent_contained":null,"state":"NM","state_wfigs":"US-NM","county":"Eddy","discovery_time_utc":"2022-09-20T20:44:00Z","perimeter_time_utc":"2022-11-10T21:35:33Z","perimeter_edit_time_utc":"2023-03-14T15:13:42Z","incident_modified_time_utc":"2022-09-23T16:15:10Z","containment_time_utc":"2022-09-20T21:55:00Z","control_time_utc":"2022-09-23T16:12:00Z","fire_out_time_utc":"2022-09-23T16:12:00Z","fire_cause":"Human","fire_cause_general":"Equipment and vehicle use","map_method":"Mixed Methods","source_dataset":"FFP","unique_fire_identifier":"2022-NMCAD-000512","irwin_id":"{F0EBCCE5-D243-4BCE-B13E-E7442665D506}","global_id":"0bd1be6f-7e03-4673-b327-aec97704a39d"}},{"type":"Feature","geometry":{"type":"MultiPolygon","coordinates":[[[[-103.99576,32.34056],[-103.99622,32.34053],[-103.99554,32.34062],[-103.99576,32.34056]]],[[[-103.99552,32.34063],[-103.99529,32.34076],[-103.99514,32.34069],[-103.99552,32.34063]]],[[[-103.99554,32.34062],[-103.99553,32.34063],[-103.99552,32.34063],[-103.99554,32.34062]]]]},"properties":{"fire_id":"ufid:2022-NMCAD-000236","source_collection":"history-2022","source_objectid":9495,"incident_name":"Railroad Fire","mapped_acres":0.13,"mapped_acres_source":"poly_GISAcres","gis_acres":0.13,"auto_acres":0.1342257604939238,"reported_acres":0.1,"percent_contained":null,"state":"NM","state_wfigs":"US-NM","county":"Eddy","discovery_time_utc":"2022-05-14T00:17:00Z","perimeter_time_utc":"2022-11-10T21:44:33Z","perimeter_edit_time_utc":"2023-03-14T15:13:42Z","incident_modified_time_utc":"2022-05-17T17:33:24Z","containment_time_utc":"2022-05-14T00:54:00Z","control_time_utc":"2022-05-14T20:15:00Z","fire_out_time_utc":"2022-05-17T17:30:00Z","fire_cause":"Human","fire_cause_general":"Undetermined","map_method":"Mixed Methods","source_dataset":"FFP","unique_fire_identifier":"2022-NMCAD-000236","irwin_id":"{EC959D21-993B-4080-BE27-3AB65E8B11D1}","global_id":"e0576a37-4bdd-4dfb-afbd-c7659b5498da"}},{"type":"Feature","geometry":{"type":"MultiPolygon","coordinates":[[[[-103.65408,32.57877],[-103.65016,32.58028],[-103.64998,32.58037],[-103.65002,32.58048],[-103.64995,32.58039],[-103.64463,32.58233],[-103.65408,32.57866],[-103.65408,32.57877]]],[[[-103.65014,32.58076],[-103.64981,32.58096],[-103.64963,32.5817],[-103.6488,32.58252],[-103.6484,32.58261],[-103.64806,32.58248],[-103.64779,32.58281],[-103.6473,32.58301],[-103.64705,32.58271],[-103.6467,32.58282],[-103.64608,32.58274],[-103.64583,32.58312],[-103.6456,32.58294],[-103.64532,32.58307],[-103.64504,32.58273],[-103.64458,32.58307],[-103.64412,32.58309],[-103.64387,32.58335],[-103.64342,32.58332],[-103.64236,32.58376],[-103.64246,32.58336],[-103.65002,32.58048],[-103.65014,32.58076]]]]},"properties":{"fire_id":"ufid:2022-NMCAD-000263","source_collection":"history-2022","source_objectid":9863,"incident_name":"MM73","mapped_acres":19.34,"mapped_acres_source":"poly_GISAcres","gis_acres":19.34,"auto_acres":19.342770133931715,"reported_acres":19.3,"percent_contained":null,"state":"NM","state_wfigs":"US-NM","county":"Lea","discovery_time_utc":"2022-05-19T20:53:00Z","perimeter_time_utc":"2022-11-10T21:41:20Z","perimeter_edit_time_utc":"2023-03-14T15:13:42Z","incident_modified_time_utc":"2022-05-23T22:06:33Z","containment_time_utc":"2022-05-20T01:19:00Z","control_time_utc":"2022-05-20T16:39:00Z","fire_out_time_utc":"2022-05-23T22:00:00Z","fire_cause":"Undetermined","fire_cause_general":"Undetermined","map_method":"Mixed Methods","source_dataset":"FFP","unique_fire_identifier":"2022-NMCAD-000263","irwin_id":"{37E39336-0D29-4347-8061-190B3F973161}","global_id":"0ae9d449-9461-4e04-8dcc-158c1df1e605"}},{"type":"Feature","geometry":{"type":"Polygon","coordinates":[[[-104.35894,33.26867],[-104.36403,33.26896],[-104.36725,33.27041],[-104.36741,33.28495],[-104.36753,33.28681],[-104.36751,33.29307],[-104.36484,33.29416],[-104.36382,33.30032],[-104.36391,33.30062],[-104.36358,33.3034],[-104.36344,33.30351],[-104.36357,33.30377],[-104.36336,33.30638],[-104.36301,33.3072],[-104.36317,33.31551],[-104.36341,33.31883],[-104.36378,33.31937],[-104.36528,33.31936],[-104.36554,33.31953],[-104.3653,33.31968],[-104.36425,33.31976],[-104.36403,33.3201],[-104.36403,33.32063],[-104.36513,33.32068],[-104.36477,33.32304],[-104.36447,33.32344],[-104.36362,33.32397],[-104.36314,33.32481],[-104.3615,33.32522],[-104.36093,33.32552],[-104.36012,33.3254],[-104.35919,33.32585],[-104.35915,33.32835],[-104.35494,33.32842],[-104.3548,33.32775],[-104.3545,33.3277],[-104.35306,33.32688],[-104.3521,33.32606],[-104.3512,33.32408],[-104.35054,33.32311],[-104.34899,33.3221],[-104.34841,33.32188],[-104.34796,33.32144],[-104.34785,33.32084],[-104.34649,33.32086],[-104.34634,33.31964],[-104.35086,33.31861],[-104.35124,33.31694],[-104.35116,33.31473],[-104.35127,33.31278],[-104.35093,33.30976],[-104.34964,33.30901],[-104.34781,33.30833],[-104.34793,33.30694],[-104.34751,33.30315],[-104.34928,33.3018],[-104.34943,33.30116],[-104.34934,33.29945],[-104.34948,33.29511],[-104.34935,33.29329],[-104.35295,33.29149],[-104.35394,33.29054],[-104.35528,33.28957],[-104.35535,33.28837],[-104.35501,33.28749],[-104.35333,33.28523],[-104.35171,33.28424],[-104.35117,33.28299],[-104.35191,33.28107],[-104.35628,33.28134],[-104.35697,33.27842],[-104.35719,33.27783],[-104.35762,33.27732],[-104.35893,33.2764],[-104.3618,33.27555],[-104.36202,33.27531],[-104.36162,33.27352],[-104.36147,33.27179],[-104.3611,33.27082],[-104.36057,33.27007],[-104.35894,33.26867]]]},"properties":{"fire_id":"ufid:2022-NMROD-000103","source_collection":"history-2022","source_objectid":10134,"incident_name":"OVERFLOW","mapped_acres":1893.401,"mapped_acres_source":"poly_GISAcres","gis_acres":1893.401,"auto_acres":1893.3933843513655,"reported_acres":1893.0,"percent_contained":null,"state":"NM","state_wfigs":"US-NM","county":"Chaves","discovery_time_utc":"2022-04-07T19:25:00Z","perimeter_time_utc":"2022-06-15T20:30:35Z","perimeter_edit_time_utc":"2023-03-14T15:13:42Z","incident_modified_time_utc":"2022-04-29T00:10:28Z","containment_time_utc":"2022-04-13T14:30:00Z","control_time_utc":"2022-04-17T22:57:00Z","fire_out_time_utc":"2022-04-29T00:00:00Z","fire_cause":"Human","fire_cause_general":"Other causes","map_method":"Mixed Methods","source_dataset":"FFP","unique_fire_identifier":"2022-NMROD-000103","irwin_id":"{6BFA7F59-9745-4349-9ED7-2477608F23AD}","global_id":"99f1b7f2-6ca1-43d5-bd72-06db18a8b8e0"}},{"type":"Feature","geometry":{"type":"Polygon","coordinates":[[[-104.3022,32.44732],[-104.30327,32.44745],[-104.30311,32.44779],[-104.30318,32.44973],[-104.30384,32.44991],[-104.30434,32.45024],[-104.3033,32.45047],[-104.30321,32.45063],[-104.30334,32.45093],[-104.30291,32.451],[-104.30255,32.4507],[-104.30219,32.45061],[-104.30194,32.45015],[-104.30194,32.44917],[-104.30172,32.44883],[-104.30141,32.44745],[-104.3022,32.44732]]]},"properties":{"fire_id":"ufid:2022-NMCAD-000123","source_collection":"history-2022","source_objectid":10690,"incident_name":"Range","mapped_acres":13.55,"mapped_acres_source":"poly_GISAcres","gis_acres":13.55,"auto_acres":13.549519176479869,"reported_acres":13.5,"percent_contained":null,"state":"NM","state_wfigs":"US-NM","county":"Eddy","discovery_time_utc":"2022-04-14T21:15:00Z","perimeter_time_utc":"2022-06-15T20:30:00Z","perimeter_edit_time_utc":"2023-03-14T15:13:42Z","incident_modified_time_utc":"2022-04-18T17:00:41Z","containment_time_utc":"2022-04-14T23:00:00Z","control_time_utc":"2022-04-15T15:30:00Z","fire_out_time_utc":"2022-04-18T15:00:00Z","fire_cause":"Human","fire_cause_general":"Firearms and explosives use","map_method":"Mixed Methods","source_dataset":"FFP","unique_fire_identifier":"2022-NMCAD-000123","irwin_id":"{430948D7-873C-4A44-A24C-598D620C966C}","global_id":"24960526-933a-4113-8d29-467be13caf81"}},{"type":"Feature","geometry":{"type":"Polygon","coordinates":[[[-103.8403,32.76453],[-103.84019,32.76438],[-103.84031,32.76332],[-103.8405,32.76294],[-103.84108,32.76257],[-103.84133,32.76258],[-103.84138,32.76277],[-103.84204,32.76283],[-103.84203,32.76324],[-103.84241,32.76348],[-103.84236,32.76356],[-103.84284,32.76422],[-103.84273,32.76452],[-103.84254,32.76451],[-103.84184,32.76409],[-103.84169,32.76411],[-103.84166,32.76374],[-103.84146,32.7637],[-103.8413,32.76382],[-103.84124,32.76425],[-103.84131,32.76498],[-103.84118,32.76479],[-103.84124,32.76429],[-103.84108,32.76414],[-103.84085,32.7643],[-103.84068,32.76398],[-103.8403,32.76453]]]},"properties":{"fire_id":"ufid:2022-NMCAD-000449","source_collection":"history-2022","source_objectid":10846,"incident_name":"SHUGART","mapped_acres":7.518075612945748,"mapped_acres_source":"poly_Acres_AutoCalc_fallback","gis_acres":null,"auto_acres":7.518075612945748,"reported_acres":7.5,"percent_contained":null,"state":"NM","state_wfigs":"US-NM","county":"Eddy","discovery_time_utc":"2022-07-22T18:36:00Z","perimeter_time_utc":"2022-11-15T22:32:05Z","perimeter_edit_time_utc":"2023-03-14T15:13:42Z","incident_modified_time_utc":"2022-07-27T19:15:24Z","containment_time_utc":"2022-07-22T21:10:00Z","control_time_utc":"2022-07-22T23:50:00Z","fire_out_time_utc":"2022-07-27T19:00:00Z","fire_cause":"Human","fire_cause_general":"Power generation / transmission / distribution","map_method":"Mixed Methods","source_dataset":"FFP","unique_fire_identifier":"2022-NMCAD-000449","irwin_id":"{00274B90-C7AF-4038-A476-A8746FCD4079}","global_id":"bda600b3-ea39-4ace-95fc-8890b8f002cf"}},{"type":"Feature","geometry":{"type":"Polygon","coordinates":[[[-103.83287,32.18294],[-103.83281,32.18253],[-103.83304,32.18246],[-103.8331,32.18278],[-103.83287,32.18294]]]},"properties":{"fire_id":"ufid:2022-NMCAD-000168","source_collection":"history-2022","source_objectid":11255,"incident_name":"Big Sink","mapped_acres":0.32509,"mapped_acres_source":"poly_GISAcres","gis_acres":0.32509,"auto_acres":0.32509086556816785,"reported_acres":0.25,"percent_contained":null,"state":"NM","state_wfigs":"US-NM","county":"Eddy","discovery_time_utc":"2022-04-27T20:12:00Z","perimeter_time_utc":"2022-06-15T20:25:56Z","perimeter_edit_time_utc":"2023-03-14T15:13:42Z","incident_modified_time_utc":"2022-04-29T20:30:17Z","containment_time_utc":"2022-04-27T21:44:00Z","control_time_utc":"2022-04-29T20:29:00Z","fire_out_time_utc":"2022-04-29T20:29:00Z","fire_cause":"Human","fire_cause_general":"Power generation / transmission / distribution","map_method":"Mixed Methods","source_dataset":"FFP","unique_fire_identifier":"2022-NMCAD-000168","irwin_id":"{E74D2815-DF77-43DC-82AF-40AEAF0A48EB}","global_id":"1dd93d12-bcde-4602-a837-5a0b1df348c5"}},{"type":"Feature","geometry":{"type":"MultiPolygon","coordinates":[[[[-104.48266,32.02503],[-104.48318,32.02554],[-104.48297,32.02611],[-104.48205,32.02653],[-104.48165,32.02644],[-104.482,32.02613],[-104.48266,32.02503]]],[[[-104.48162,32.02647],[-104.48163,32.02649],[-104.48119,32.02713],[-104.48162,32.02647]]],[[[-104.48165,32.02644],[-104.48162,32.02647],[-104.48162,32.02646],[-104.48165,32.02644]]]]},"properties":{"fire_id":"ufid:2022-NMCAD-000219","source_collection":"history-2022","source_objectid":11927,"incident_name":"Flat Top","mapped_acres":2.7016,"mapped_acres_source":"poly_GISAcres","gis_acres":2.7016,"auto_acres":2.7016706173767684,"reported_acres":2.7,"percent_contained":null,"state":"NM","state_wfigs":"US-NM","county":"Eddy","discovery_time_utc":"2022-05-08T20:49:00Z","perimeter_time_utc":"2022-08-05T20:46:41Z","perimeter_edit_time_utc":"2023-03-14T15:13:42Z","incident_modified_time_utc":"2022-05-10T17:41:38Z","containment_time_utc":"2022-05-08T22:17:00Z","control_time_utc":"2022-05-09T17:00:00Z","fire_out_time_utc":"2022-05-10T17:30:00Z","fire_cause":"Human","fire_cause_general":"Undetermined","map_method":"Mixed Methods","source_dataset":"FFP","unique_fire_identifier":"2022-NMCAD-000219","irwin_id":"{B06A0B0E-3393-4677-A9A5-55065CBCDA69}","global_id":"fda2bf36-c99a-487e-aae7-3d4696c82715"}},{"type":"Feature","geometry":{"type":"MultiPolygon","coordinates":[[[[-103.95706,32.39852],[-103.95706,32.39868],[-103.95642,32.39881],[-103.95706,32.39852]]],[[[-103.95643,32.39874],[-103.95642,32.39874],[-103.95644,32.39871],[-103.95643,32.39874]]]]},"properties":{"fire_id":"ufid:2022-NMCAD-000298","source_collection":"history-2022","source_objectid":12766,"incident_name":"Salt Fire","mapped_acres":0.24,"mapped_acres_source":"poly_GISAcres","gis_acres":0.24,"auto_acres":0.24353151844895232,"reported_acres":0.25,"percent_contained":null,"state":"NM","state_wfigs":"US-NM","county":"Eddy","discovery_time_utc":"2022-05-28T13:20:00Z","perimeter_time_utc":"2022-06-15T20:22:54Z","perimeter_edit_time_utc":"2023-03-14T15:13:42Z","incident_modified_time_utc":"2022-05-31T16:41:13Z","containment_time_utc":"2022-05-28T13:50:00Z","control_time_utc":"2022-05-31T14:30:00Z","fire_out_time_utc":"2022-05-31T14:30:00Z","fire_cause":"Human","fire_cause_general":"Equipment and vehicle use","map_method":"Mixed Methods","source_dataset":"FFP","unique_fire_identifier":"2022-NMCAD-000298","irwin_id":"{7D32DFA5-BCB2-4CDA-841B-1DDF47913078}","global_id":"9345bd0b-da88-4b29-8d40-c7d3862c0c19"}},{"type":"Feature","geometry":{"type":"Polygon","coordinates":[[[-104.37418,32.50441],[-104.37425,32.50462],[-104.37414,32.50449],[-104.37418,32.50441]]]},"properties":{"fire_id":"ufid:2022-NMCAD-000295","source_collection":"history-2022","source_objectid":13168,"incident_name":"Capitan Fire","mapped_acres":0.0344,"mapped_acres_source":"poly_GISAcres","gis_acres":0.0344,"auto_acres":0.03442999903087779,"reported_acres":0.1,"percent_contained":null,"state":"NM","state_wfigs":"US-NM","county":"Eddy","discovery_time_utc":"2022-05-27T18:22:00Z","perimeter_time_utc":"2022-06-15T20:23:19Z","perimeter_edit_time_utc":"2023-03-14T15:13:42Z","incident_modified_time_utc":"2022-05-31T16:40:18Z","containment_time_utc":"2022-05-27T18:53:00Z","control_time_utc":"2022-05-31T14:30:00Z","fire_out_time_utc":"2022-05-31T14:30:00Z","fire_cause":"Undetermined","fire_cause_general":"Undetermined","map_method":"Mixed Methods","source_dataset":"FFP","unique_fire_identifier":"2022-NMCAD-000295","irwin_id":"{CB37FA9F-F411-4EDB-83C2-338E10F4C4FE}","global_id":"b7170c8c-2ac1-4378-bee1-f8f7fb7fcfa0"}},{"type":"Feature","geometry":{"type":"MultiPolygon","coordinates":[[[[-103.1606,33.94525],[-103.1606,33.9451],[-103.16071,33.94517],[-103.1606,33.94525]]],[[[-103.17549,34.04672],[-103.17547,34.04681],[-103.1754,34.04674],[-103.17549,34.04672]]],[[[-103.17549,34.04672],[-103.17524,34.0454],[-103.17482,34.04419],[-103.17457,34.04414],[-103.17453,34.04381],[-103.17482,34.04381],[-103.17479,34.04328],[-103.17416,34.04167],[-103.17404,34.03937],[-103.17374,34.03819],[-103.17356,34.03538],[-103.1733,34.03462],[-103.17308,34.03253],[-103.17289,34.03245],[-103.17262,34.03181],[-103.17265,34.0315],[-103.17242,34.03131],[-103.17217,34.03027],[-103.17178,34.02961],[-103.17183,34.0281],[-103.1717,34.0272],[-103.17153,34.02706],[-103.17141,34.02599],[-103.17154,34.02553],[-103.17141,34.02519],[-103.17143,34.02438],[-103.1718,34.02389],[-103.17237,34.02409],[-103.17315,34.02406],[-103.17352,34.02359],[-103.17315,34.02315],[-103.17248,34.02281],[-103.17241,34.02231],[-103.17307,34.02193],[-103.17307,34.01839],[-103.17324,34.01701],[-103.17292,34.01646],[-103.17276,34.01559],[-103.17282,34.01495],[-103.1726,34.01418],[-103.17267,34.01338],[-103.17248,34.01303],[-103.17241,34.01109],[-103.17173,34.00797],[-103.17151,34.00596],[-103.17124,34.00544],[-103.1713,34.00452],[-103.17107,34.00419],[-103.17128,34.00382],[-103.17122,34.00305],[-103.17104,34.0029],[-103.171,34.00143],[-103.17052,34.00041],[-103.17054,33.99885],[-103.17028,33.99825],[-103.17002,33.9966],[-103.17069,33.99634],[-103.17025,33.99578],[-103.16999,33.99326],[-103.1698,33.9931],[-103.16957,33.99203],[-103.16958,33.99146],[-103.16935,33.991],[-103.16957,33.9907],[-103.16937,33.99042],[-103.17004,33.98986],[-103.17024,33.98482],[-103.17046,33.98439],[-103.17067,33.98259],[-103.17047,33.982],[-103.17054,33.98176],[-103.17084,33.98169],[-103.17106,33.98118],[-103.17099,33.98094],[-103.17058,33.98054],[-103.17069,33.9802],[-103.17051,33.97985],[-103.17077,33.97961],[-103.17056,33.9792],[-103.17106,33.97894],[-103.17187,33.97884],[-103.17203,33.97901],[-103.17307,33.97915],[-103.17316,33.97793],[-103.173,33.97722],[-103.17278,33.97701],[-103.17255,33.97596],[-103.17226,33.97566],[-103.17196,33.97595],[-103.17196,33.97662],[-103.17181,33.97685],[-103.17092,33.97693],[-103.17091,33.97663],[-103.17114,33.9763],[-103.17073,33.97611],[-103.17047,33.97558],[-103.17018,33.9753],[-103.16997,33.9743],[-103.17044,33.97407],[-103.16979,33.97357],[-103.16914,33.97172],[-103.16899,33.97157],[-103.16891,33.97067],[-103.1688,33.97067],[-103.16839,33.96958],[-103.16837,33.96867],[-103.16888,33.96848],[-103.16908,33.96869],[-103.16965,33.96859],[-103.16952,33.96772],[-103.16979,33.96717],[-103.17009,33.96736],[-103.17013,33.96758],[-103.17028,33.96758],[-103.17074,33.96683],[-103.17006,33.96568],[-103.16987,33.96569],[-103.1696,33.96539],[-103.16935,33.96539],[-103.16847,33.96444],[-103.16824,33.96375],[-103.16806,33.96366],[-103.16797,33.96215],[-103.16765,33.96153],[-103.16757,33.9598],[-103.16742,33.95883],[-103.16724,33.95858],[-103.16721,33.95491],[-103.16708,33.95467],[-103.16697,33.95355],[-103.16678,33.95344],[-103.16671,33.95306],[-103.16675,33.95246],[-103.1674,33.95217],[-103.16793,33.95238],[-103.1681,33.95454],[-103.16828,33.95471],[-103.16842,33.95634],[-103.16861,33.9566],[-103.16888,33.95667],[-103.16899,33.95256],[-103.16929,33.9522],[-103.16973,33.95206],[-103.16985,33.95168],[-103.16956,33.94935],[-103.16967,33.94815],[-103.16957,33.94715],[-103.16972,33.94506],[-103.16983,33.94464],[-103.17011,33.94447],[-103.171,33.94502],[-103.17251,33.94488],[-103.173,33.94521],[-103.17303,33.94685],[-103.17285,33.94685],[-103.17262,33.94963],[-103.17229,33.95053],[-103.17216,33.95149],[-103.17181,33.9522],[-103.17514,33.95236],[-103.17531,33.95275],[-103.17509,33.95355],[-103.1744,33.95393],[-103.1746,33.9556],[-103.17486,33.95594],[-103.17493,33.95799],[-103.17476,33.95878],[-103.17478,33.96138],[-103.17459,33.96155],[-103.17449,33.96241],[-103.17414,33.96297],[-103.17375,33.9654],[-103.17302,33.96642],[-103.17267,33.9667],[-103.17429,33.96693],[-103.1748,33.96679],[-103.17807,33.96688],[-103.17832,33.96706],[-103.17896,33.96701],[-103.17911,33.96874],[-103.17903,33.97276],[-103.18,33.9729],[-103.18045,33.97268],[-103.18083,33.97298],[-103.18219,33.97308],[-103.18238,33.97387],[-103.18253,33.97403],[-103.18252,33.97441],[-103.1823,33.97486],[-103.18231,33.97544],[-103.18246,33.97558],[-103.18253,33.97633],[-103.18271,33.97674],[-103.18297,33.977],[-103.18361,33.97709],[-103.18449,33.97753],[-103.18461,33.9777],[-103.18443,33.978],[-103.18487,33.97814],[-103.18519,33.9781],[-103.18528,33.97844],[-103.1856,33.97856],[-103.18556,33.97893],[-103.18543,33.97877],[-103.18528,33.97912],[-103.1852,33.97972],[-103.18544,33.98034],[-103.1855,33.9811],[-103.18602,33.98116],[-103.18594,33.98139],[-103.18577,33.98143],[-103.18557,33.98258],[-103.18527,33.98297],[-103.18527,33.9837],[-103.18629,33.98401],[-103.18738,33.984],[-103.18735,33.98443],[-103.18692,33.98464],[-103.18749,33.98513],[-103.18722,33.98587],[-103.18678,33.98634],[-103.18648,33.98705],[-103.18599,33.98731],[-103.18603,33.98891],[-103.18766,33.98892],[-103.18787,33.9888],[-103.18796,33.98899],[-103.18828,33.98909],[-103.18861,33.98982],[-103.18903,33.99028],[-103.18942,33.9903],[-103.18961,33.98973],[-103.18979,33.98969],[-103.18992,33.98946],[-103.1905,33.98928],[-103.19107,33.98927],[-103.19147,33.98966],[-103.19152,33.99171],[-103.19167,33.99189],[-103.19191,33.99167],[-103.19198,33.99128],[-103.19248,33.99131],[-103.1926,33.99091],[-103.19273,33.99092],[-103.19283,33.9907],[-103.19318,33.99107],[-103.19346,33.9935],[-103.19337,33.99608],[-103.19369,33.99664],[-103.1939,33.99939],[-103.19375,33.99967],[-103.19386,33.99987],[-103.19376,34.00035],[-103.19393,34.00117],[-103.19417,34.00128],[-103.19436,34.00276],[-103.19411,34.00414],[-103.19354,34.00484],[-103.19333,34.00626],[-103.19288,34.00763],[-103.19341,34.00782],[-103.19303,34.00847],[-103.19286,34.00922],[-103.19206,34.00983],[-103.19176,34.01065],[-103.19259,34.01088],[-103.19256,34.01146],[-103.19291,34.01168],[-103.19314,34.01132],[-103.19365,34.0116],[-103.19386,34.01207],[-103.19385,34.01255],[-103.19407,34.01295],[-103.19432,34.01411],[-103.1946,34.01469],[-103.19428,34.01632],[-103.19432,34.01751],[-103.19415,34.01985],[-103.19444,34.0201],[-103.19489,34.02099],[-103.195,34.02266],[-103.19492,34.02312],[-103.19476,34.02328],[-103.19451,34.02503],[-103.19411,34.02557],[-103.19411,34.02587],[-103.19426,34.02609],[-103.19414,34.02779],[-103.19381,34.02818],[-103.19374,34.03131],[-103.19385,34.03447],[-103.19369,34.03469],[-103.19362,34.03551],[-103.19351,34.03555],[-103.19341,34.03613],[-103.1932,34.03648],[-103.19273,34.03678],[-103.19175,34.03701],[-103.19124,34.03772],[-103.19145,34.03782],[-103.19228,34.03742],[-103.19211,34.0377],[-103.19224,34.03816],[-103.19204,34.03847],[-103.192,34.03881],[-103.19181,34.03885],[-103.19132,34.03941],[-103.19161,34.03967],[-103.19152,34.04112],[-103.19087,34.04183],[-103.19078,34.04363],[-103.19052,34.04363],[-103.19038,34.04381],[-103.19023,34.04458],[-103.1894,34.04615],[-103.18919,34.04608],[-103.18889,34.04564],[-103.18837,34.04582],[-103.18821,34.04598],[-103.18811,34.04647],[-103.18779,34.04676],[-103.18792,34.04714],[-103.18844,34.04712],[-103.18872,34.04697],[-103.18872,34.04759],[-103.1889,34.04776],[-103.18943,34.04724],[-103.18913,34.04684],[-103.18944,34.04656],[-103.19028,34.04675],[-103.19042,34.04706],[-103.19006,34.04723],[-103.18985,34.04811],[-103.19002,34.0486],[-103.18976,34.04913],[-103.18927,34.04874],[-103.18903,34.04887],[-103.18891,34.04939],[-103.18897,34.05037],[-103.18916,34.05049],[-103.18915,34.05072],[-103.18932,34.05085],[-103.18941,34.05004],[-103.18982,34.04996],[-103.18998,34.05122],[-103.18998,34.05353],[-103.18981,34.0543],[-103.18967,34.05442],[-103.18959,34.05535],[-103.18942,34.05566],[-103.18942,34.05863],[-103.18931,34.05912],[-103.18901,34.05936],[-103.18893,34.05971],[-103.18872,34.0599],[-103.18862,34.06071],[-103.18841,34.0609],[-103.18832,34.0615],[-103.18782,34.0621],[-103.18778,34.06265],[-103.18789,34.06285],[-103.18788,34.06387],[-103.18826,34.0641],[-103.18834,34.06463],[-103.18862,34.06462],[-103.18873,34.06373],[-103.18954,34.06413],[-103.18952,34.06466],[-103.18908,34.06546],[-103.18953,34.06595],[-103.18937,34.06747],[-103.18919,34.06764],[-103.18912,34.0695],[-103.18901,34.06954],[-103.18893,34.07014],[-103.18893,34.07137],[-103.18849,34.0717],[-103.18872,34.07194],[-103.18871,34.07539],[-103.1886,34.07595],[-103.18877,34.07627],[-103.18855,34.07669],[-103.18856,34.07736],[-103.18839,34.07752],[-103.18818,34.07827],[-103.18832,34.07959],[-103.18818,34.07958],[-103.18806,34.08172],[-103.18789,34.08189],[-103.1883,34.08193],[-103.18837,34.08238],[-103.18817,34.08343],[-103.18822,34.0847],[-103.18785,34.08583],[-103.18793,34.08789],[-103.18812,34.08808],[-103.1882,34.08908],[-103.18786,34.09007],[-103.1879,34.09087],[-103.18776,34.09179],[-103.18767,34.09352],[-103.18778,34.09362],[-103.18781,34.0962],[-103.18763,34.09773],[-103.18741,34.09784],[-103.18727,34.09855],[-103.18745,34.10231],[-103.18736,34.10356],[-103.18744,34.10848],[-103.18767,34.10878],[-103.18766,34.10967],[-103.18752,34.10981],[-103.18744,34.11078],[-103.18729,34.11115],[-103.18706,34.11078],[-103.18674,34.11245],[-103.18646,34.113],[-103.18606,34.11331],[-103.18531,34.11284],[-103.18462,34.11182],[-103.18424,34.11173],[-103.1838,34.11132],[-103.18372,34.1107],[-103.18307,34.10933],[-103.18307,34.10905],[-103.18295,34.10908],[-103.18304,34.10861],[-103.18283,34.10794],[-103.18257,34.10761],[-103.18246,34.10705],[-103.18208,34.10629],[-103.18169,34.10596],[-103.18172,34.10561],[-103.18156,34.10519],[-103.18121,34.10482],[-103.18096,34.10475],[-103.18089,34.10442],[-103.18008,34.10323],[-103.17999,34.10234],[-103.17956,34.10172],[-103.17977,34.1008],[-103.17992,34.10067],[-103.17985,34.10043],[-103.17968,34.09994],[-103.17923,34.09972],[-103.1791,34.09882],[-103.17868,34.09849],[-103.17883,34.09751],[-103.17917,34.09692],[-103.17843,34.0962],[-103.17829,34.09529],[-103.17806,34.09478],[-103.17799,34.09385],[-103.17761,34.09344],[-103.1774,34.09246],[-103.17714,34.09191],[-103.17659,34.08901],[-103.17634,34.08874],[-103.17613,34.0877],[-103.17569,34.0869],[-103.17561,34.08613],[-103.17545,34.08615],[-103.17512,34.08402],[-103.175,34.08408],[-103.17486,34.08338],[-103.17449,34.08305],[-103.17456,34.08245],[-103.1753,34.08225],[-103.17524,34.08204],[-103.17454,34.08197],[-103.17473,34.08189],[-103.17436,34.08181],[-103.17404,34.08141],[-103.17382,34.08018],[-103.17361,34.08],[-103.17357,34.07974],[-103.17387,34.07918],[-103.174,34.07828],[-103.17515,34.07774],[-103.17548,34.07794],[-103.176,34.078],[-103.17705,34.07779],[-103.17746,34.07754],[-103.17754,34.07682],[-103.17817,34.07631],[-103.17832,34.07533],[-103.17873,34.07452],[-103.1791,34.07441],[-103.17866,34.07303],[-103.17821,34.07295],[-103.17777,34.07244],[-103.17704,34.07236],[-103.1765,34.07188],[-103.17685,34.07157],[-103.17766,34.07179],[-103.17814,34.07155],[-103.17823,34.07104],[-103.17939,34.07144],[-103.17975,34.07184],[-103.1802,34.07162],[-103.18064,34.0719],[-103.18163,34.07192],[-103.18167,34.07136],[-103.18148,34.07118],[-103.18121,34.07036],[-103.18147,34.06998],[-103.18126,34.06875],[-103.18022,34.06805],[-103.17999,34.06751],[-103.17943,34.06755],[-103.17914,34.06693],[-103.17834,34.0668],[-103.17814,34.06643],[-103.17841,34.06605],[-103.17902,34.06595],[-103.17911,34.06537],[-103.17955,34.06484],[-103.18001,34.06477],[-103.18057,34.06409],[-103.17964,34.06371],[-103.17868,34.06277],[-103.17829,34.06265],[-103.17821,34.06155],[-103.17799,34.06136],[-103.17835,34.06019],[-103.17789,34.05979],[-103.1777,34.05754],[-103.17746,34.0574],[-103.17736,34.05629],[-103.17711,34.05566],[-103.1771,34.05531],[-103.17694,34.05517],[-103.17705,34.05488],[-103.17691,34.05359],[-103.17709,34.05326],[-103.17692,34.05183],[-103.17707,34.05021],[-103.17687,34.04936],[-103.17635,34.04892],[-103.17598,34.04824],[-103.17579,34.04813],[-103.17574,34.04719],[-103.17549,34.04672]]]]},"properties":{"fire_id":"ufid:2022-NMN5S-000062","source_collection":"history-2022","source_objectid":13489,"incident_name":"ARCH","mapped_acres":5769.0,"mapped_acres_source":"poly_GISAcres","gis_acres":5769.0,"auto_acres":5768.86336212769,"reported_acres":5712.0,"percent_contained":0.0,"state":"NM","state_wfigs":"US-NM","county":"Roosevelt","discovery_time_utc":"2022-03-17T20:15:00Z","perimeter_time_utc":null,"perimeter_edit_time_utc":"2022-07-21T18:22:36Z","incident_modified_time_utc":"2022-03-27T17:11:46Z","containment_time_utc":"2022-03-18T21:00:00Z","control_time_utc":"2022-03-25T23:00:00Z","fire_out_time_utc":"2022-03-25T23:00:00Z","fire_cause":"Human","fire_cause_general":null,"map_method":"Image Interpretation","source_dataset":"2022 NIFS","unique_fire_identifier":"2022-NMN5S-000062","irwin_id":"{01016520-3324-4657-AEA4-41455BF7D44A}","global_id":"e5ef8a79-c805-4023-9d56-43ae2c6a1e07"}},{"type":"Feature","geometry":{"type":"MultiPolygon","coordinates":[[[[-103.76643,33.36885],[-103.76641,33.36864],[-103.7674,33.37018],[-103.76729,33.37017],[-103.76643,33.36885]]],[[[-103.76827,33.37083],[-103.76849,33.37138],[-103.76807,33.37121],[-103.76749,33.37017],[-103.76762,33.37023],[-103.76773,33.37059],[-103.76827,33.37083]]],[[[-103.75291,33.35762],[-103.7563,33.35987],[-103.75739,33.36093],[-103.7588,33.36176],[-103.75965,33.3626],[-103.76032,33.36297],[-103.76111,33.36395],[-103.76186,33.36444],[-103.76189,33.36465],[-103.7624,33.36497],[-103.76344,33.36638],[-103.76295,33.36631],[-103.76289,33.36689],[-103.76442,33.36752],[-103.76472,33.36803],[-103.76592,33.36872],[-103.7663,33.36866],[-103.76644,33.36926],[-103.76688,33.36967],[-103.76683,33.36995],[-103.76729,33.37017],[-103.76793,33.37115],[-103.76771,33.37104],[-103.7676,33.37114],[-103.76812,33.37143],[-103.77054,33.37511],[-103.77051,33.37587],[-103.77145,33.3765],[-103.77199,33.37732],[-103.77147,33.37651],[-103.77271,33.37709],[-103.77292,33.37747],[-103.77287,33.37768],[-103.77328,33.3779],[-103.77396,33.37857],[-103.77431,33.3788],[-103.7748,33.37872],[-103.77476,33.37899],[-103.77323,33.37903],[-103.77384,33.37947],[-103.77274,33.37901],[-103.77209,33.37906],[-103.77216,33.37921],[-103.77336,33.37987],[-103.77385,33.38066],[-103.77412,33.38085],[-103.77302,33.38311],[-103.77267,33.38319],[-103.77185,33.38488],[-103.77137,33.38449],[-103.77113,33.38452],[-103.77153,33.38516],[-103.77143,33.38547],[-103.77128,33.38552],[-103.77057,33.38524],[-103.76942,33.38439],[-103.76928,33.38444],[-103.76928,33.38459],[-103.76952,33.38506],[-103.76923,33.38494],[-103.76753,33.38303],[-103.76648,33.3816],[-103.76638,33.38228],[-103.7664,33.38213],[-103.76611,33.38184],[-103.7655,33.38134],[-103.76484,33.38108],[-103.76316,33.37941],[-103.7625,33.37925],[-103.76263,33.3796],[-103.76251,33.37965],[-103.76202,33.37925],[-103.76133,33.37838],[-103.76064,33.37798],[-103.76009,33.37743],[-103.7599,33.37703],[-103.75889,33.37615],[-103.75801,33.37467],[-103.75748,33.37416],[-103.75705,33.37322],[-103.75514,33.37087],[-103.75503,33.37031],[-103.7546,33.36991],[-103.75463,33.36972],[-103.75293,33.36767],[-103.75257,33.36747],[-103.75257,33.3671],[-103.75184,33.3662],[-103.75035,33.36377],[-103.74976,33.36315],[-103.74969,33.36284],[-103.75002,33.36245],[-103.74969,33.36161],[-103.74965,33.36112],[-103.74916,33.36047],[-103.74932,33.3599],[-103.74902,33.35865],[-103.749,33.35693],[-103.74938,33.35649],[-103.74992,33.35644],[-103.74997,33.35633],[-103.75127,33.3566],[-103.75241,33.35748],[-103.75291,33.35762]]],[[[-103.76793,33.37115],[-103.76823,33.37146],[-103.76812,33.37143],[-103.76793,33.37115]]],[[[-103.76987,33.37202],[-103.7706,33.37222],[-103.7716,33.37286],[-103.77242,33.37385],[-103.77229,33.37416],[-103.77238,33.37432],[-103.77353,33.37472],[-103.77285,33.37519],[-103.77382,33.37577],[-103.77384,33.37624],[-103.77355,33.37615],[-103.77324,33.37626],[-103.77367,33.37693],[-103.77366,33.37718],[-103.7717,33.37583],[-103.77138,33.37518],[-103.7709,33.375],[-103.77055,33.37509],[-103.76823,33.37146],[-103.76859,33.37177],[-103.76962,33.37174],[-103.76987,33.37202]]],[[[-103.77055,33.37509],[-103.77147,33.37651],[-103.77054,33.37511],[-103.77055,33.37509]]]]},"properties":{"fire_id":"ufid:2022-NMN5S-000277","source_collection":"history-2022","source_objectid":13515,"incident_name":"Tower","mapped_acres":731.18,"mapped_acres_source":"poly_GISAcres","gis_acres":731.18,"auto_acres":731.178038325399,"reported_acres":731.0,"percent_contained":100.0,"state":"NM","state_wfigs":"US-NM","county":"Chaves","discovery_time_utc":"2022-05-22T23:12:00Z","perimeter_time_utc":null,"perimeter_edit_time_utc":"2022-05-25T16:25:42Z","incident_modified_time_utc":"2022-06-23T19:18:32Z","containment_time_utc":"2022-05-23T03:27:00Z","control_time_utc":"2022-05-23T19:08:00Z","fire_out_time_utc":"2022-05-23T19:08:00Z","fire_cause":"Human","fire_cause_general":null,"map_method":"Mixed Methods","source_dataset":"2022 NIFS","unique_fire_identifier":"2022-NMN5S-000277","irwin_id":"{4D014369-0F6B-44EA-ACBF-9E3348527C57}","global_id":"4b90286e-b67d-4f80-88fd-fff9ddac7cd8"}},{"type":"Feature","geometry":{"type":"MultiPolygon","coordinates":[[[[-104.57902,32.80737],[-104.57903,32.80736],[-104.57904,32.80736],[-104.57902,32.80737]]],[[[-104.5724,32.80127],[-104.57233,32.80172],[-104.57287,32.8018],[-104.57347,32.80219],[-104.57384,32.80208],[-104.57484,32.80286],[-104.57514,32.80278],[-104.57607,32.80311],[-104.57642,32.8034],[-104.57702,32.8036],[-104.57746,32.80411],[-104.57862,32.80486],[-104.57882,32.8054],[-104.57984,32.80656],[-104.57989,32.80684],[-104.57976,32.80719],[-104.57892,32.80736],[-104.5788,32.80717],[-104.57846,32.80714],[-104.57781,32.80679],[-104.57753,32.80632],[-104.57686,32.80599],[-104.57638,32.80547],[-104.57615,32.80541],[-104.57564,32.80494],[-104.57541,32.80501],[-104.57515,32.80445],[-104.57495,32.80444],[-104.57442,32.80399],[-104.57408,32.80416],[-104.57389,32.80351],[-104.57272,32.80293],[-104.57263,32.80297],[-104.57271,32.8033],[-104.57246,32.80332],[-104.57265,32.8036],[-104.57237,32.80374],[-104.57219,32.80357],[-104.57192,32.80356],[-104.57143,32.80374],[-104.57188,32.80405],[-104.57275,32.80418],[-104.5729,32.80446],[-104.5737,32.80464],[-104.57354,32.80486],[-104.57284,32.8046],[-104.57284,32.80482],[-104.57334,32.80518],[-104.57396,32.80526],[-104.57391,32.80539],[-104.57346,32.80541],[-104.5741,32.80571],[-104.5741,32.80585],[-104.57429,32.80595],[-104.5742,32.80611],[-104.57426,32.8065],[-104.57455,32.80658],[-104.57484,32.80628],[-104.57512,32.80624],[-104.57588,32.80662],[-104.57588,32.80697],[-104.57538,32.80723],[-104.57576,32.80762],[-104.57476,32.8074],[-104.57452,32.8075],[-104.57395,32.80741],[-104.57378,32.80769],[-104.57383,32.80787],[-104.57355,32.80796],[-104.57326,32.80786],[-104.57313,32.80808],[-104.57283,32.80806],[-104.57266,32.80824],[-104.57157,32.80815],[-104.57056,32.80784],[-104.56977,32.80828],[-104.56963,32.8082],[-104.56982,32.80732],[-104.5697,32.80723],[-104.56946,32.80766],[-104.5692,32.80761],[-104.56911,32.80787],[-104.56877,32.8081],[-104.56848,32.80795],[-104.56826,32.80844],[-104.56797,32.80872],[-104.56759,32.80829],[-104.56792,32.80781],[-104.56761,32.80741],[-104.56812,32.80696],[-104.56759,32.80659],[-104.5667,32.80676],[-104.56659,32.80701],[-104.56668,32.80723],[-104.56642,32.80729],[-104.56654,32.80757],[-104.56688,32.80761],[-104.56727,32.8079],[-104.56719,32.808],[-104.56665,32.80797],[-104.56651,32.8077],[-104.56564,32.80737],[-104.56511,32.8077],[-104.56482,32.80761],[-104.56397,32.80784],[-104.56392,32.80796],[-104.56385,32.80789],[-104.56388,32.80726],[-104.56432,32.80671],[-104.56456,32.80655],[-104.56484,32.80661],[-104.56559,32.80639],[-104.56593,32.80615],[-104.56559,32.80594],[-104.56502,32.80597],[-104.56451,32.80617],[-104.56425,32.80586],[-104.56386,32.80567],[-104.56382,32.80542],[-104.56391,32.80512],[-104.56437,32.80466],[-104.56562,32.80396],[-104.56557,32.80362],[-104.56585,32.80318],[-104.56646,32.80299],[-104.56686,32.8032],[-104.56711,32.80318],[-104.56711,32.80289],[-104.56689,32.80295],[-104.56675,32.80283],[-104.56753,32.80235],[-104.56816,32.80174],[-104.56861,32.8018],[-104.56938,32.80146],[-104.56982,32.80154],[-104.57044,32.80128],[-104.57186,32.80155],[-104.5724,32.80127]]]]},"properties":{"fire_id":"ufid:2022-NMN5S-000315","source_collection":"history-2022","source_objectid":13538,"incident_name":"Rio Penasco Fire","mapped_acres":163.798,"mapped_acres_source":"poly_GISAcres","gis_acres":163.798,"auto_acres":163.797932657078,"reported_acres":163.8,"percent_contained":null,"state":"NM","state_wfigs":"US-NM","county":"Eddy","discovery_time_utc":"2022-05-31T19:46:00Z","perimeter_time_utc":null,"perimeter_edit_time_utc":"2022-06-01T15:52:06Z","incident_modified_time_utc":"2022-06-25T20:27:49Z","containment_time_utc":"2022-06-01T15:56:00Z","control_time_utc":"2022-06-25T20:27:00Z","fire_out_time_utc":"2022-06-25T20:27:00Z","fire_cause":"Human","fire_cause_general":null,"map_method":"Mixed Methods","source_dataset":"2022 NIFS","unique_fire_identifier":"2022-NMN5S-000315","irwin_id":"{7EC1929B-498E-4C22-B286-BC475B4D491D}","global_id":"46a2516f-af83-47fa-a55c-887bf85fd2a4"}},{"type":"Feature","geometry":{"type":"Polygon","coordinates":[[[-104.1964,32.65987],[-104.19751,32.65997],[-104.19766,32.65986],[-104.19827,32.65999],[-104.19876,32.65987],[-104.20056,32.66002],[-104.20102,32.65989],[-104.20149,32.66004],[-104.20261,32.66009],[-104.20312,32.66027],[-104.20317,32.66048],[-104.20342,32.66043],[-104.20413,32.66067],[-104.20421,32.66087],[-104.2049,32.66076],[-104.20523,32.66123],[-104.20543,32.66126],[-104.20526,32.66141],[-104.20534,32.66173],[-104.20556,32.66168],[-104.20574,32.66199],[-104.20573,32.66283],[-104.20523,32.66345],[-104.20552,32.66387],[-104.20369,32.66602],[-104.20249,32.66685],[-104.20237,32.66711],[-104.20185,32.66706],[-104.20164,32.66734],[-104.20204,32.66767],[-104.20158,32.66766],[-104.201,32.66791],[-104.20075,32.66774],[-104.20004,32.66761],[-104.1993,32.66777],[-104.19906,32.66767],[-104.19876,32.66779],[-104.19846,32.66773],[-104.19826,32.66795],[-104.19783,32.66802],[-104.19761,32.66844],[-104.19764,32.66886],[-104.19739,32.66916],[-104.19725,32.66913],[-104.19686,32.6685],[-104.19655,32.66899],[-104.19585,32.66937],[-104.19574,32.66926],[-104.19585,32.66906],[-104.19566,32.66859],[-104.1952,32.66911],[-104.19518,32.66959],[-104.19424,32.67045],[-104.19437,32.67059],[-104.19433,32.67086],[-104.19391,32.67142],[-104.19339,32.67143],[-104.19279,32.67184],[-104.19244,32.67171],[-104.19187,32.67214],[-104.19139,32.67195],[-104.19141,32.67174],[-104.19105,32.67168],[-104.19075,32.67203],[-104.19008,32.67212],[-104.18969,32.67249],[-104.18923,32.67257],[-104.18921,32.67118],[-104.18987,32.67114],[-104.19007,32.67079],[-104.19031,32.67071],[-104.19029,32.67048],[-104.19005,32.67024],[-104.19027,32.67005],[-104.19026,32.66903],[-104.19072,32.66857],[-104.19156,32.66805],[-104.19233,32.66794],[-104.1927,32.66741],[-104.19159,32.66793],[-104.19096,32.66776],[-104.19003,32.66832],[-104.18996,32.66774],[-104.19036,32.66759],[-104.19033,32.66699],[-104.19205,32.66689],[-104.19307,32.66709],[-104.19415,32.66642],[-104.19442,32.66652],[-104.19462,32.66637],[-104.19597,32.66682],[-104.19623,32.66642],[-104.19689,32.66592],[-104.19819,32.66614],[-104.19892,32.66661],[-104.20036,32.66702],[-104.20013,32.66679],[-104.19975,32.66679],[-104.19988,32.66654],[-104.19983,32.66635],[-104.19934,32.66592],[-104.19869,32.66575],[-104.19836,32.66582],[-104.19798,32.66552],[-104.19675,32.66575],[-104.1962,32.6656],[-104.19652,32.65997],[-104.1964,32.65987]]]},"properties":{"fire_id":"ufid:2022-NMN5S-000190","source_collection":"history-2022","source_objectid":13561,"incident_name":"Illinois","mapped_acres":226.3884,"mapped_acres_source":"poly_GISAcres","gis_acres":226.3884,"auto_acres":226.387509256135,"reported_acres":226.0,"percent_contained":null,"state":"NM","state_wfigs":"US-NM","county":"Eddy","discovery_time_utc":"2022-05-02T17:35:00Z","perimeter_time_utc":null,"perimeter_edit_time_utc":"2022-05-24T21:30:44Z","incident_modified_time_utc":"2022-05-07T18:58:21Z","containment_time_utc":"2022-05-02T22:10:00Z","control_time_utc":"2022-05-04T20:00:00Z","fire_out_time_utc":"2022-05-07T19:00:00Z","fire_cause":"Human","fire_cause_general":null,"map_method":"Mixed Methods","source_dataset":"2022 NIFS","unique_fire_identifier":"2022-NMN5S-000190","irwin_id":"{8AB33EB4-BF02-47E0-91D9-B956E66A5AFF}","global_id":"0c2cd647-2f68-41f6-9548-c3e9a68e961d"}},{"type":"Feature","geometry":{"type":"MultiPolygon","coordinates":[[[[-104.25978,32.37541],[-104.25979,32.3754],[-104.25982,32.3754],[-104.25978,32.37541]]],[[[-104.2592,32.37488],[-104.25957,32.37505],[-104.25948,32.37539],[-104.25973,32.3753],[-104.25973,32.3756],[-104.25922,32.37583],[-104.25897,32.37581],[-104.25895,32.37604],[-104.25875,32.37608],[-104.25832,32.3766],[-104.2584,32.37697],[-104.25816,32.3772],[-104.25778,32.37593],[-104.25763,32.37621],[-104.25784,32.37649],[-104.25763,32.37657],[-104.25764,32.37677],[-104.25749,32.37693],[-104.25789,32.37684],[-104.25782,32.37714],[-104.2571,32.37743],[-104.257,32.37678],[-104.25682,32.37685],[-104.25677,32.37743],[-104.25691,32.37795],[-104.25632,32.37855],[-104.25631,32.37893],[-104.25644,32.37909],[-104.2561,32.37898],[-104.25631,32.37953],[-104.25618,32.37964],[-104.25625,32.37982],[-104.25663,32.38001],[-104.25695,32.38],[-104.25675,32.38039],[-104.25702,32.38053],[-104.25661,32.38086],[-104.25679,32.38095],[-104.25664,32.38115],[-104.25625,32.38134],[-104.25597,32.38104],[-104.25541,32.38121],[-104.25543,32.38147],[-104.25511,32.3817],[-104.25435,32.38316],[-104.25455,32.38333],[-104.25479,32.38327],[-104.25492,32.38337],[-104.25439,32.3843],[-104.25357,32.385],[-104.25329,32.38495],[-104.2524,32.3857],[-104.25155,32.38599],[-104.25139,32.38616],[-104.2508,32.38612],[-104.25029,32.38644],[-104.24946,32.3864],[-104.2495,32.38614],[-104.25032,32.38522],[-104.25152,32.38521],[-104.25143,32.38502],[-104.25179,32.38496],[-104.25181,32.38481],[-104.25139,32.38469],[-104.2509,32.38489],[-104.25066,32.38484],[-104.25121,32.38412],[-104.25233,32.38386],[-104.25269,32.38402],[-104.2527,32.38387],[-104.25322,32.3837],[-104.25356,32.38312],[-104.25398,32.38279],[-104.25375,32.38273],[-104.25283,32.38323],[-104.2526,32.38324],[-104.25233,32.38314],[-104.25221,32.38291],[-104.2524,32.38251],[-104.25226,32.38241],[-104.25213,32.38263],[-104.25193,32.38255],[-104.25244,32.38118],[-104.25236,32.38109],[-104.25378,32.38007],[-104.25462,32.37885],[-104.25491,32.37781],[-104.2552,32.37563],[-104.25264,32.37553],[-104.2525,32.3754],[-104.25204,32.37546],[-104.25198,32.37532],[-104.25231,32.37505],[-104.25251,32.37527],[-104.25355,32.37533],[-104.25383,32.37523],[-104.25502,32.37531],[-104.2554,32.37521],[-104.2556,32.37533],[-104.25659,32.37536],[-104.25801,32.37592],[-104.25862,32.37554],[-104.25867,32.37517],[-104.25896,32.37474],[-104.25898,32.37495],[-104.2592,32.37488]]]]},"properties":{"fire_id":"ufid:2022-NMN5S-000264","source_collection":"history-2022","source_objectid":13591,"incident_name":"Arroyo Fire","mapped_acres":75.0,"mapped_acres_source":"poly_GISAcres","gis_acres":75.0,"auto_acres":75.038824118738,"reported_acres":75.0,"percent_contained":null,"state":"NM","state_wfigs":"US-NM","county":"Eddy","discovery_time_utc":"2022-05-19T20:59:00Z","perimeter_time_utc":"2022-05-20T00:00:00Z","perimeter_edit_time_utc":"2022-05-23T17:11:56Z","incident_modified_time_utc":"2022-06-23T19:12:44Z","containment_time_utc":"2022-05-20T23:39:00Z","control_time_utc":"2022-05-22T17:00:00Z","fire_out_time_utc":"2022-05-22T17:00:00Z","fire_cause":"Human","fire_cause_general":null,"map_method":"Mixed Methods","source_dataset":"2022 NIFS","unique_fire_identifier":"2022-NMN5S-000264","irwin_id":"{2BC96E73-DCF7-4F0F-A155-18B93575463C}","global_id":"3982aa1b-15f3-40e0-9316-83ef0531f2d8"}},{"type":"Feature","geometry":{"type":"MultiPolygon","coordinates":[[[[-103.67982,33.39796],[-103.67748,33.39585],[-103.67732,33.39556],[-103.67746,33.3951],[-103.67635,33.39399],[-103.67584,33.39322],[-103.6757,33.39269],[-103.67575,33.39219],[-103.67635,33.39127],[-103.67698,33.39132],[-103.67756,33.39232],[-103.67803,33.39268],[-103.6788,33.39559],[-103.67937,33.39607],[-103.67961,33.39681],[-103.68055,33.39773],[-103.6804,33.39797],[-103.67982,33.39796]]],[[[-103.69679,33.41952],[-103.69703,33.41963],[-103.69698,33.42011],[-103.69686,33.42036],[-103.69659,33.42044],[-103.69648,33.42033],[-103.69647,33.41995],[-103.69659,33.41965],[-103.69679,33.41952]]],[[[-103.65215,33.43762],[-103.65207,33.4373],[-103.65232,33.43715],[-103.65248,33.43726],[-103.65248,33.43751],[-103.65215,33.43762]]],[[[-103.65229,33.43819],[-103.65248,33.43819],[-103.65248,33.43838],[-103.65229,33.43838],[-103.65229,33.43819]]],[[[-103.64319,33.46511],[-103.64301,33.46544],[-103.64256,33.46573],[-103.64235,33.46572],[-103.6424,33.46539],[-103.64319,33.46511]]],[[[-103.64319,33.46511],[-103.64328,33.46456],[-103.64364,33.46398],[-103.64531,33.4628],[-103.64571,33.46192],[-103.64643,33.46152],[-103.64724,33.4606],[-103.64799,33.46015],[-103.64878,33.45907],[-103.64897,33.45912],[-103.64887,33.45977],[-103.64984,33.45939],[-103.6498,33.45917],[-103.64914,33.4588],[-103.64922,33.45854],[-103.64997,33.45824],[-103.65208,33.45795],[-103.65251,33.45769],[-103.65267,33.45727],[-103.65271,33.45661],[-103.65315,33.45572],[-103.65274,33.45438],[-103.65396,33.45306],[-103.65519,33.45214],[-103.65513,33.45129],[-103.655,33.45113],[-103.65469,33.45116],[-103.65326,33.45184],[-103.65242,33.45144],[-103.6519,33.45066],[-103.65229,33.45019],[-103.65261,33.44888],[-103.6525,33.44758],[-103.65228,33.44706],[-103.65237,33.44638],[-103.6532,33.44518],[-103.65495,33.44378],[-103.65524,33.44324],[-103.65545,33.44237],[-103.65524,33.44159],[-103.65471,33.44068],[-103.65367,33.44022],[-103.65352,33.43998],[-103.65448,33.43843],[-103.6554,33.43738],[-103.65544,33.43673],[-103.65524,33.43657],[-103.65499,33.4366],[-103.65452,33.43719],[-103.6541,33.43806],[-103.65328,33.4382],[-103.65314,33.43792],[-103.65361,33.43734],[-103.65379,33.43649],[-103.65357,33.43636],[-103.6528,33.43664],[-103.65231,33.43526],[-103.65283,33.43401],[-103.6534,33.43318],[-103.65346,33.43261],[-103.65372,33.43198],[-103.65438,33.43098],[-103.65464,33.43027],[-103.65488,33.43004],[-103.6557,33.42982],[-103.65612,33.42934],[-103.65647,33.42832],[-103.65637,33.42721],[-103.65756,33.4256],[-103.65815,33.4244],[-103.65966,33.42291],[-103.66062,33.42229],[-103.66252,33.42059],[-103.66349,33.41953],[-103.66431,33.4184],[-103.66475,33.41802],[-103.66544,33.41698],[-103.6662,33.41639],[-103.66718,33.41527],[-103.6677,33.41496],[-103.66972,33.41421],[-103.67065,33.41357],[-103.67125,33.41296],[-103.67204,33.41241],[-103.67316,33.41091],[-103.67457,33.40954],[-103.67572,33.40888],[-103.67814,33.40613],[-103.67929,33.4054],[-103.68029,33.40526],[-103.6807,33.40502],[-103.68099,33.4044],[-103.68194,33.40355],[-103.6823,33.40263],[-103.68285,33.40236],[-103.68301,33.40183],[-103.68335,33.40133],[-103.68306,33.40102],[-103.68134,33.40063],[-103.68128,33.4004],[-103.68153,33.39984],[-103.68154,33.39951],[-103.68121,33.39923],[-103.68061,33.39934],[-103.68037,33.39926],[-103.68027,33.39883],[-103.68047,33.39843],[-103.68118,33.39822],[-103.68161,33.39831],[-103.68167,33.3985],[-103.68146,33.39897],[-103.682,33.39943],[-103.68284,33.39928],[-103.68311,33.3988],[-103.68477,33.39906],[-103.68507,33.39968],[-103.68524,33.39978],[-103.68601,33.3996],[-103.68802,33.39778],[-103.69343,33.39381],[-103.69529,33.39229],[-103.6962,33.39186],[-103.69704,33.3919],[-103.69741,33.39171],[-103.69876,33.39023],[-103.69877,33.39005],[-103.69852,33.3897],[-103.69936,33.38965],[-103.69964,33.38944],[-103.69963,33.38919],[-103.69939,33.38886],[-103.69942,33.38832],[-103.6993,33.38814],[-103.69842,33.38925],[-103.69796,33.38904],[-103.69804,33.38823],[-103.69836,33.38786],[-103.69958,33.38729],[-103.70246,33.38836],[-103.70335,33.38884],[-103.70349,33.38909],[-103.70342,33.38938],[-103.70249,33.38883],[-103.70216,33.38889],[-103.70203,33.38914],[-103.70206,33.38941],[-103.70239,33.38989],[-103.70291,33.39007],[-103.703,33.39028],[-103.70238,33.39158],[-103.70242,33.39328],[-103.70169,33.39419],[-103.70128,33.39598],[-103.70122,33.39728],[-103.70154,33.39815],[-103.70131,33.39873],[-103.70139,33.3995],[-103.7012,33.40055],[-103.70134,33.40125],[-103.70081,33.40347],[-103.7009,33.40395],[-103.70069,33.40414],[-103.70002,33.40431],[-103.69985,33.40453],[-103.69989,33.40494],[-103.70035,33.40562],[-103.70045,33.40609],[-103.69972,33.40822],[-103.69941,33.40836],[-103.69913,33.40823],[-103.69907,33.40805],[-103.69962,33.4061],[-103.69911,33.40573],[-103.69861,33.4058],[-103.69849,33.40604],[-103.6987,33.40653],[-103.69793,33.40701],[-103.69764,33.40762],[-103.69746,33.40843],[-103.69753,33.40896],[-103.69803,33.4093],[-103.69826,33.40964],[-103.6982,33.41022],[-103.69867,33.41097],[-103.69899,33.41209],[-103.6993,33.41271],[-103.69938,33.41376],[-103.69898,33.41495],[-103.69908,33.41556],[-103.69862,33.41651],[-103.69877,33.4172],[-103.69874,33.41779],[-103.69821,33.41877],[-103.69734,33.41937],[-103.69718,33.4192],[-103.69733,33.4181],[-103.69707,33.41787],[-103.69615,33.41948],[-103.6954,33.41971],[-103.6952,33.41989],[-103.69404,33.42263],[-103.69335,33.42502],[-103.69267,33.42652],[-103.69256,33.42726],[-103.69265,33.42772],[-103.69339,33.42819],[-103.69342,33.42928],[-103.69369,33.42997],[-103.69267,33.43101],[-103.69248,33.43174],[-103.69224,33.43209],[-103.69213,33.43326],[-103.69222,33.43455],[-103.69177,33.43528],[-103.69112,33.43779],[-103.69087,33.43814],[-103.6899,33.43857],[-103.6886,33.43809],[-103.6881,33.43867],[-103.68824,33.43929],[-103.68925,33.43924],[-103.68967,33.43907],[-103.68984,33.43928],[-103.68967,33.44074],[-103.68978,33.44144],[-103.68929,33.44204],[-103.6891,33.44271],[-103.68938,33.4435],[-103.68916,33.44475],[-103.68824,33.44804],[-103.68763,33.4496],[-103.68652,33.45434],[-103.68464,33.46027],[-103.68417,33.46138],[-103.68331,33.46284],[-103.68253,33.46401],[-103.68184,33.46451],[-103.68181,33.4656],[-103.68161,33.46623],[-103.68045,33.46699],[-103.68027,33.46695],[-103.68002,33.46652],[-103.67945,33.46654],[-103.67892,33.46729],[-103.67791,33.46816],[-103.67735,33.4685],[-103.67633,33.46884],[-103.676,33.46942],[-103.67574,33.46913],[-103.67556,33.46914],[-103.67521,33.4699],[-103.67492,33.47008],[-103.67419,33.46969],[-103.67402,33.46873],[-103.67492,33.46833],[-103.67617,33.46709],[-103.67622,33.46665],[-103.67594,33.46637],[-103.67592,33.46616],[-103.67657,33.46539],[-103.67692,33.46464],[-103.67679,33.46422],[-103.6764,33.4637],[-103.67654,33.46298],[-103.67641,33.4627],[-103.67616,33.46287],[-103.676,33.46354],[-103.67585,33.4637],[-103.67384,33.4638],[-103.6731,33.46396],[-103.67229,33.46443],[-103.67219,33.46472],[-103.6724,33.46522],[-103.67232,33.46604],[-103.67257,33.46715],[-103.6725,33.46763],[-103.67232,33.46787],[-103.6719,33.46757],[-103.67127,33.46761],[-103.67067,33.46728],[-103.67016,33.46728],[-103.66985,33.46699],[-103.66929,33.4668],[-103.66866,33.46681],[-103.66744,33.46724],[-103.66695,33.46704],[-103.66618,33.46703],[-103.6651,33.46637],[-103.66468,33.4663],[-103.66414,33.4664],[-103.66356,33.46682],[-103.66312,33.46619],[-103.66321,33.46578],[-103.66412,33.46495],[-103.66501,33.46442],[-103.66524,33.46436],[-103.66562,33.46451],[-103.66585,33.46442],[-103.66621,33.46403],[-103.6663,33.46373],[-103.66598,33.46373],[-103.66556,33.46411],[-103.6654,33.46367],[-103.6652,33.46356],[-103.6634,33.46356],[-103.66155,33.46311],[-103.66057,33.46342],[-103.65801,33.46582],[-103.65719,33.46628],[-103.65646,33.46689],[-103.65583,33.46754],[-103.65523,33.46843],[-103.65423,33.46851],[-103.65357,33.46874],[-103.65333,33.46868],[-103.65326,33.46845],[-103.65356,33.46791],[-103.65478,33.46687],[-103.65547,33.46583],[-103.65617,33.46556],[-103.65702,33.46468],[-103.65759,33.46343],[-103.65761,33.46316],[-103.65747,33.46303],[-103.65695,33.46297],[-103.65622,33.46334],[-103.65557,33.46335],[-103.65502,33.46318],[-103.65464,33.46275],[-103.65436,33.46271],[-103.65314,33.4635],[-103.65273,33.46422],[-103.65177,33.46468],[-103.65135,33.46569],[-103.65116,33.46588],[-103.65074,33.4659],[-103.64893,33.46553],[-103.64775,33.46584],[-103.64709,33.46661],[-103.64677,33.46679],[-103.64651,33.46674],[-103.64601,33.46627],[-103.64522,33.46588],[-103.64467,33.4658],[-103.64319,33.46511]]]]},"properties":{"fire_id":"ufid:2022-NMN5S-000154","source_collection":"history-2022","source_objectid":14114,"incident_name":"380 FRIDAY","mapped_acres":1000.0,"mapped_acres_source":"poly_GISAcres","gis_acres":1000.0,"auto_acres":5770.81060302758,"reported_acres":6500.0,"percent_contained":100.0,"state":"NM","state_wfigs":"US-NM","county":"Lea","discovery_time_utc":"2022-04-22T22:22:00Z","perimeter_time_utc":"2022-04-23T03:22:35Z","perimeter_edit_time_utc":"2022-06-02T18:29:59Z","incident_modified_time_utc":"2022-06-23T18:57:00Z","containment_time_utc":"2022-04-24T23:00:00Z","control_time_utc":"2022-05-11T02:00:00Z","fire_out_time_utc":"2022-05-11T02:00:00Z","fire_cause":"Human","fire_cause_general":null,"map_method":"Image Interpretation","source_dataset":"2022 NIFS","unique_fire_identifier":"2022-NMN5S-000154","irwin_id":"{FC81514B-D366-48E6-BB58-8344B498E6BD}","global_id":"50d3f87e-0ca4-4349-a87c-9ba7909da45d"}},{"type":"Feature","geometry":{"type":"MultiPolygon","coordinates":[[[[-103.69101,33.38443],[-103.6906,33.38428],[-103.69059,33.384],[-103.69105,33.38395],[-103.69142,33.38414],[-103.69142,33.38436],[-103.69101,33.38443]]],[[[-103.67817,33.38548],[-103.6785,33.38539],[-103.67851,33.38556],[-103.67819,33.38564],[-103.67817,33.38548]]],[[[-103.64762,33.4168],[-103.64803,33.41661],[-103.64804,33.41676],[-103.64761,33.41706],[-103.64762,33.4168]]],[[[-103.64801,33.42183],[-103.64776,33.42163],[-103.64789,33.42142],[-103.64891,33.42125],[-103.64957,33.42133],[-103.64943,33.42151],[-103.64893,33.4217],[-103.64801,33.42183]]],[[[-103.65256,33.42331],[-103.65336,33.42219],[-103.65248,33.42231],[-103.65207,33.42271],[-103.65153,33.42176],[-103.6506,33.42173],[-103.65005,33.42232],[-103.64974,33.4225],[-103.64957,33.42244],[-103.65001,33.4212],[-103.65149,33.42088],[-103.65183,33.42063],[-103.65175,33.42032],[-103.65147,33.4202],[-103.65065,33.42042],[-103.64981,33.42088],[-103.64955,33.42086],[-103.64948,33.42067],[-103.64983,33.42006],[-103.65131,33.4187],[-103.65147,33.41823],[-103.65221,33.41713],[-103.65207,33.41686],[-103.65142,33.41659],[-103.65112,33.41598],[-103.65089,33.41587],[-103.65065,33.41596],[-103.65064,33.41638],[-103.65053,33.4165],[-103.64995,33.41625],[-103.64824,33.41648],[-103.64829,33.41614],[-103.64857,33.41582],[-103.64969,33.41588],[-103.65017,33.41567],[-103.65036,33.41534],[-103.65041,33.41468],[-103.65032,33.41455],[-103.64977,33.41469],[-103.64934,33.41419],[-103.64883,33.41406],[-103.64829,33.4137],[-103.64772,33.41443],[-103.6474,33.41451],[-103.64699,33.41439],[-103.64696,33.41424],[-103.64736,33.4137],[-103.64811,33.41299],[-103.64837,33.41247],[-103.64828,33.41234],[-103.64775,33.4124],[-103.64656,33.41289],[-103.64626,33.41378],[-103.64496,33.41442],[-103.64482,33.41512],[-103.64441,33.41576],[-103.64368,33.41616],[-103.64274,33.41641],[-103.64178,33.41771],[-103.64082,33.41817],[-103.63881,33.4184],[-103.63731,33.41923],[-103.63493,33.41929],[-103.63481,33.4192],[-103.63507,33.4189],[-103.63504,33.41864],[-103.63388,33.41822],[-103.63377,33.41804],[-103.63383,33.4178],[-103.63487,33.41739],[-103.63524,33.41763],[-103.63556,33.41765],[-103.63599,33.41723],[-103.63639,33.41713],[-103.63751,33.41727],[-103.63799,33.41684],[-103.63893,33.41664],[-103.63911,33.4164],[-103.63903,33.41611],[-103.63775,33.41601],[-103.63764,33.41586],[-103.63788,33.41563],[-103.63986,33.41511],[-103.64136,33.41444],[-103.64256,33.41437],[-103.64443,33.41353],[-103.6452,33.41309],[-103.64698,33.41173],[-103.64801,33.41125],[-103.64839,33.41081],[-103.6491,33.41039],[-103.64935,33.40993],[-103.64913,33.40951],[-103.64877,33.40921],[-103.6488,33.40897],[-103.65095,33.40707],[-103.65219,33.40645],[-103.65208,33.40472],[-103.6523,33.4037],[-103.65396,33.40273],[-103.65479,33.4025],[-103.65694,33.40061],[-103.65917,33.39887],[-103.66214,33.39718],[-103.66306,33.39595],[-103.66277,33.39529],[-103.66318,33.39417],[-103.66376,33.39377],[-103.66472,33.39346],[-103.66521,33.3926],[-103.66647,33.39154],[-103.66886,33.388],[-103.66938,33.38761],[-103.67077,33.38601],[-103.67139,33.38505],[-103.67294,33.38389],[-103.67298,33.38356],[-103.67259,33.38331],[-103.67278,33.38293],[-103.67439,33.38176],[-103.67455,33.38115],[-103.67618,33.38077],[-103.67648,33.38016],[-103.67745,33.37956],[-103.67755,33.37883],[-103.67788,33.37887],[-103.6781,33.37914],[-103.67766,33.38007],[-103.6778,33.38043],[-103.67825,33.38038],[-103.67869,33.38013],[-103.67878,33.37989],[-103.67867,33.37945],[-103.67883,33.37933],[-103.67963,33.37952],[-103.68064,33.38006],[-103.68047,33.38025],[-103.68002,33.38002],[-103.67952,33.38019],[-103.67901,33.38067],[-103.67884,33.38102],[-103.67884,33.38181],[-103.6791,33.38226],[-103.67931,33.38307],[-103.67967,33.38352],[-103.67968,33.38427],[-103.67914,33.38513],[-103.67834,33.38497],[-103.67775,33.38541],[-103.67753,33.3859],[-103.67775,33.38638],[-103.67742,33.3869],[-103.67759,33.38749],[-103.67846,33.38798],[-103.6788,33.38802],[-103.67963,33.38782],[-103.68098,33.38722],[-103.68155,33.38717],[-103.68271,33.38654],[-103.68351,33.38629],[-103.68379,33.38597],[-103.68408,33.38525],[-103.68461,33.38506],[-103.68493,33.38411],[-103.68563,33.3833],[-103.68583,33.3826],[-103.68532,33.3822],[-103.68539,33.38207],[-103.68597,33.38203],[-103.68896,33.38311],[-103.68965,33.38347],[-103.69009,33.38435],[-103.68995,33.38494],[-103.69068,33.38554],[-103.69028,33.38604],[-103.6905,33.3869],[-103.69028,33.38797],[-103.69037,33.38887],[-103.69073,33.38928],[-103.69076,33.38964],[-103.69031,33.39077],[-103.68956,33.3921],[-103.68953,33.39277],[-103.68892,33.39358],[-103.68849,33.39457],[-103.68727,33.39606],[-103.68652,33.39763],[-103.68608,33.39794],[-103.68524,33.39886],[-103.68449,33.3988],[-103.68414,33.3985],[-103.68361,33.39855],[-103.68332,33.3982],[-103.68311,33.39815],[-103.68259,33.39829],[-103.68213,33.39901],[-103.68181,33.39897],[-103.68173,33.39874],[-103.68186,33.39812],[-103.68098,33.39791],[-103.67955,33.39672],[-103.67929,33.39556],[-103.6787,33.39517],[-103.67842,33.39462],[-103.67798,33.3925],[-103.67694,33.39128],[-103.67664,33.39116],[-103.67632,33.39124],[-103.67577,33.39208],[-103.67579,33.39297],[-103.67617,33.39383],[-103.67553,33.39527],[-103.6748,33.39611],[-103.67457,33.39617],[-103.67419,33.39601],[-103.67396,33.39617],[-103.6737,33.39659],[-103.67355,33.39749],[-103.67337,33.39784],[-103.67282,33.39805],[-103.67244,33.39775],[-103.6722,33.39774],[-103.67206,33.39799],[-103.67245,33.39826],[-103.67239,33.39854],[-103.67153,33.39861],[-103.67105,33.39904],[-103.67036,33.39934],[-103.67037,33.39973],[-103.67112,33.40039],[-103.6709,33.40112],[-103.67044,33.40165],[-103.66981,33.40274],[-103.66923,33.40286],[-103.66895,33.40354],[-103.66865,33.4036],[-103.6681,33.40334],[-103.66755,33.4035],[-103.66746,33.40382],[-103.66756,33.40405],[-103.6678,33.40413],[-103.66824,33.40404],[-103.66837,33.40426],[-103.66772,33.40567],[-103.66767,33.4064],[-103.66737,33.40721],[-103.66651,33.4083],[-103.66588,33.40849],[-103.66568,33.40927],[-103.66508,33.41009],[-103.66485,33.41077],[-103.66446,33.41136],[-103.66179,33.41416],[-103.66152,33.41487],[-103.66055,33.41629],[-103.66034,33.41736],[-103.65981,33.41826],[-103.6589,33.41913],[-103.65866,33.4191],[-103.65829,33.41878],[-103.65769,33.41884],[-103.65775,33.41931],[-103.65831,33.41932],[-103.65842,33.41942],[-103.65793,33.42012],[-103.65692,33.42084],[-103.65643,33.42097],[-103.65599,33.42201],[-103.65492,33.4223],[-103.65404,33.42233],[-103.65395,33.42263],[-103.6544,33.42273],[-103.65442,33.42293],[-103.65358,33.42373],[-103.65307,33.42444],[-103.65256,33.42464],[-103.65233,33.42447],[-103.65256,33.42331]]]]},"properties":{"fire_id":"ufid:2022-NMN5S-000198","source_collection":"history-2022","source_objectid":14249,"incident_name":"380 MAY","mapped_acres":1500.0,"mapped_acres_source":"poly_GISAcres","gis_acres":1500.0,"auto_acres":1660.91530448201,"reported_acres":1833.0,"percent_contained":100.0,"state":"NM","state_wfigs":"US-NM","county":"Lea","discovery_time_utc":"2022-05-04T21:22:00Z","perimeter_time_utc":"2022-05-05T02:22:42Z","perimeter_edit_time_utc":"2022-06-02T18:31:25Z","incident_modified_time_utc":"2022-06-23T18:59:54Z","containment_time_utc":"2022-05-05T00:43:00Z","control_time_utc":"2022-05-16T02:31:00Z","fire_out_time_utc":"2022-05-16T02:31:00Z","fire_cause":"Human","fire_cause_general":null,"map_method":"Image Interpretation","source_dataset":"2022 NIFS","unique_fire_identifier":"2022-NMN5S-000198","irwin_id":"{733B1023-7250-420C-815C-ED72CBDF25A0}","global_id":"3a21f785-f2d7-42dd-96a7-2941cdadd002"}},{"type":"Feature","geometry":{"type":"Polygon","coordinates":[[[-103.80491,32.11353],[-103.80523,32.114],[-103.8052,32.11482],[-103.80467,32.11579],[-103.8038,32.11641],[-103.80393,32.11667],[-103.80385,32.11702],[-103.80275,32.11779],[-103.80245,32.11814],[-103.80207,32.11831],[-103.8017,32.11886],[-103.80027,32.11967],[-103.80001,32.12019],[-103.79946,32.1205],[-103.79962,32.12082],[-103.79946,32.12104],[-103.79844,32.12159],[-103.79815,32.12196],[-103.79811,32.12232],[-103.79735,32.12275],[-103.79699,32.12325],[-103.79626,32.12374],[-103.79487,32.12526],[-103.79277,32.12674],[-103.79221,32.12693],[-103.79208,32.12684],[-103.79218,32.12666],[-103.79189,32.1265],[-103.79226,32.12644],[-103.79214,32.12608],[-103.79177,32.12616],[-103.79127,32.12604],[-103.79054,32.12554],[-103.79023,32.12551],[-103.78987,32.12529],[-103.79026,32.12522],[-103.79053,32.12494],[-103.79144,32.12455],[-103.79137,32.12429],[-103.79112,32.12425],[-103.79076,32.12444],[-103.78991,32.12438],[-103.78985,32.12429],[-103.79012,32.12393],[-103.79006,32.12371],[-103.78946,32.12416],[-103.78876,32.12404],[-103.78864,32.12382],[-103.78827,32.12372],[-103.78797,32.12325],[-103.78736,32.12349],[-103.7866,32.12315],[-103.78666,32.12303],[-103.78655,32.12292],[-103.78542,32.12278],[-103.7856,32.12191],[-103.78494,32.12019],[-103.78566,32.11993],[-103.78549,32.11977],[-103.78496,32.11976],[-103.78477,32.11987],[-103.78469,32.11962],[-103.78527,32.11941],[-103.78606,32.11955],[-103.78634,32.11994],[-103.78691,32.12011],[-103.78711,32.1203],[-103.78731,32.12023],[-103.78747,32.1199],[-103.78819,32.11998],[-103.78817,32.11975],[-103.7876,32.1196],[-103.78772,32.11948],[-103.78769,32.1192],[-103.78788,32.11891],[-103.78825,32.11895],[-103.78869,32.1186],[-103.78852,32.11836],[-103.78809,32.11819],[-103.78792,32.11842],[-103.78705,32.11845],[-103.78714,32.11825],[-103.7876,32.11822],[-103.78796,32.11802],[-103.7878,32.11789],[-103.78722,32.11782],[-103.78718,32.1177],[-103.78758,32.11767],[-103.78804,32.11744],[-103.78845,32.11766],[-103.78892,32.11771],[-103.78902,32.11714],[-103.7889,32.11704],[-103.78748,32.11704],[-103.78725,32.11685],[-103.78717,32.11642],[-103.78672,32.11645],[-103.78667,32.11676],[-103.78649,32.11691],[-103.78608,32.1169],[-103.78592,32.11783],[-103.7857,32.1181],[-103.78554,32.11812],[-103.78542,32.11786],[-103.78564,32.11776],[-103.78565,32.11757],[-103.7853,32.11729],[-103.78523,32.11698],[-103.78481,32.11694],[-103.78374,32.1147],[-103.78376,32.11444],[-103.78424,32.11392],[-103.78401,32.11354],[-103.78411,32.11326],[-103.78394,32.11293],[-103.78473,32.11218],[-103.7844,32.11203],[-103.78315,32.11209],[-103.78289,32.112],[-103.78246,32.11208],[-103.78224,32.11239],[-103.78146,32.11235],[-103.78098,32.11255],[-103.78059,32.11255],[-103.77903,32.11313],[-103.77856,32.11347],[-103.77821,32.1135],[-103.77627,32.11454],[-103.77588,32.11454],[-103.77555,32.11473],[-103.77523,32.11468],[-103.77504,32.11448],[-103.77468,32.11468],[-103.77458,32.11487],[-103.77413,32.11505],[-103.77357,32.11461],[-103.77308,32.11469],[-103.77284,32.11486],[-103.77195,32.11468],[-103.77191,32.11443],[-103.77136,32.1143],[-103.77038,32.1148],[-103.76979,32.11558],[-103.76893,32.11582],[-103.76854,32.11569],[-103.76857,32.1155],[-103.76846,32.11548],[-103.76741,32.11589],[-103.7673,32.1161],[-103.76672,32.11626],[-103.7661,32.11676],[-103.76508,32.11654],[-103.76496,32.11663],[-103.76502,32.11689],[-103.76453,32.11704],[-103.76412,32.1174],[-103.76359,32.11737],[-103.7626,32.11781],[-103.76238,32.11756],[-103.7617,32.11765],[-103.76154,32.11805],[-103.76079,32.11842],[-103.76071,32.11872],[-103.76043,32.11871],[-103.75987,32.11914],[-103.75884,32.11952],[-103.75863,32.11948],[-103.75859,32.11929],[-103.75771,32.11961],[-103.75762,32.11953],[-103.75766,32.11848],[-103.75738,32.11843],[-103.75741,32.11821],[-103.75758,32.11824],[-103.75766,32.11807],[-103.75739,32.11783],[-103.75741,32.11717],[-103.75755,32.11717],[-103.75753,32.11741],[-103.75894,32.11736],[-103.75899,32.11617],[-103.75941,32.11605],[-103.75942,32.11547],[-103.76049,32.11554],[-103.76065,32.11539],[-103.76095,32.11555],[-103.76101,32.11543],[-103.76075,32.11518],[-103.76099,32.11508],[-103.76071,32.11493],[-103.76064,32.11456],[-103.76109,32.11433],[-103.76169,32.11441],[-103.76178,32.11449],[-103.76171,32.11464],[-103.76244,32.11525],[-103.76249,32.11546],[-103.76263,32.11547],[-103.76295,32.1152],[-103.7635,32.11506],[-103.76361,32.11481],[-103.76336,32.11444],[-103.76376,32.1142],[-103.76416,32.11438],[-103.76432,32.11428],[-103.76427,32.11408],[-103.7648,32.11393],[-103.76497,32.11345],[-103.76432,32.11351],[-103.76417,32.11341],[-103.76377,32.11356],[-103.76366,32.11347],[-103.76382,32.11304],[-103.76317,32.11302],[-103.76259,32.11249],[-103.76298,32.11226],[-103.76429,32.11225],[-103.76458,32.11205],[-103.76466,32.11064],[-103.76435,32.11011],[-103.76436,32.10934],[-103.76523,32.10923],[-103.76526,32.10945],[-103.76611,32.10971],[-103.7662,32.11027],[-103.76661,32.11014],[-103.7668,32.11025],[-103.76691,32.1106],[-103.76724,32.11092],[-103.767262,32.111518],[-103.76732,32.11016],[-103.76906,32.11005],[-103.76908,32.10873],[-103.76881,32.10871],[-103.76875,32.10859],[-103.76824,32.10863],[-103.76821,32.10847],[-103.77041,32.10837],[-103.77043,32.10611],[-103.77064,32.10596],[-103.77075,32.10544],[-103.76865,32.10538],[-103.76868,32.10521],[-103.76814,32.10519],[-103.76751,32.10476],[-103.76568,32.10477],[-103.76494,32.10493],[-103.76451,32.10525],[-103.76429,32.10516],[-103.76095,32.10527],[-103.75817,32.1052],[-103.75782,32.10472],[-103.75785,32.10306],[-103.75748,32.10289],[-103.75748,32.1019],[-103.75791,32.10171],[-103.75872,32.10182],[-103.76003,32.1021],[-103.76022,32.10224],[-103.76088,32.10229],[-103.76238,32.10285],[-103.76275,32.10285],[-103.76334,32.10262],[-103.76456,32.10276],[-103.7654,32.1032],[-103.76592,32.1032],[-103.76627,32.10337],[-103.76698,32.10341],[-103.76752,32.10364],[-103.76878,32.10384],[-103.77007,32.1042],[-103.77114,32.10476],[-103.77206,32.10485],[-103.77245,32.10508],[-103.77332,32.10531],[-103.77356,32.10556],[-103.77354,32.10571],[-103.77524,32.1065],[-103.77571,32.10688],[-103.77609,32.10697],[-103.77619,32.10803],[-103.77632,32.10824],[-103.77825,32.10835],[-103.7792,32.10822],[-103.77929,32.10783],[-103.7792,32.10652],[-103.77932,32.10643],[-103.78333,32.10644],[-103.78385,32.10683],[-103.78376,32.10701],[-103.78389,32.10716],[-103.78371,32.10745],[-103.78387,32.10763],[-103.78388,32.10827],[-103.78492,32.10822],[-103.78613,32.10838],[-103.78682,32.1083],[-103.78702,32.10813],[-103.78712,32.10829],[-103.78753,32.10799],[-103.79066,32.10649],[-103.79147,32.10642],[-103.79173,32.10697],[-103.79185,32.10837],[-103.79361,32.10842],[-103.7946,32.10861],[-103.79476,32.10853],[-103.79482,32.10815],[-103.79507,32.10844],[-103.79588,32.10848],[-103.79602,32.10854],[-103.796,32.10867],[-103.79704,32.10893],[-103.79783,32.10957],[-103.7978,32.10987],[-103.79818,32.10987],[-103.79859,32.11012],[-103.79946,32.1102],[-103.7998,32.11064],[-103.80052,32.11106],[-103.80049,32.11142],[-103.80094,32.11173],[-103.80143,32.11185],[-103.80184,32.1122],[-103.80229,32.11226],[-103.80276,32.11253],[-103.80323,32.11245],[-103.80326,32.11346],[-103.80491,32.11353]],[[-103.767238,32.112072],[-103.7671,32.11221],[-103.76651,32.11224],[-103.76723,32.11225],[-103.767238,32.112072]]]},"properties":{"fire_id":"ufid:2022-NMCAD-000144","source_collection":"history-2022","source_objectid":14353,"incident_name":"Buckthorn","mapped_acres":1151.988,"mapped_acres_source":"poly_GISAcres","gis_acres":1151.988,"auto_acres":1151.983638537873,"reported_acres":1152.0,"percent_contained":null,"state":"NM","state_wfigs":"US-NM","county":"Eddy","discovery_time_utc":"2022-04-20T20:35:00Z","perimeter_time_utc":"2022-06-15T20:28:19Z","perimeter_edit_time_utc":"2023-03-14T15:13:42Z","incident_modified_time_utc":"2022-04-26T15:08:10Z","containment_time_utc":"2022-04-21T21:10:00Z","control_time_utc":"2022-04-23T01:00:00Z","fire_out_time_utc":"2022-04-26T15:00:00Z","fire_cause":"Human","fire_cause_general":"Power generation / transmission / distribution","map_method":"Mixed Methods","source_dataset":"FFP","unique_fire_identifier":"2022-NMCAD-000144","irwin_id":"{31B8591A-101E-4325-A711-031C5C635BC7}","global_id":"2ec56840-d6f0-4343-91b8-dbb68477a89a"}},{"type":"Feature","geometry":{"type":"MultiPolygon","coordinates":[[[[-103.09422,33.26406],[-103.09438,33.26414],[-103.09422,33.26414],[-103.09422,33.26406]]],[[[-103.09422,33.26406],[-103.09391,33.26405],[-103.09329,33.26439],[-103.09226,33.26406],[-103.09244,33.2638],[-103.0932,33.2636],[-103.09376,33.26325],[-103.09446,33.26351],[-103.09515,33.26336],[-103.09554,33.26343],[-103.09601,33.26321],[-103.09581,33.26313],[-103.09593,33.2629],[-103.09619,33.26302],[-103.09663,33.26298],[-103.09624,33.26321],[-103.09686,33.26351],[-103.09771,33.26336],[-103.09794,33.26344],[-103.09823,33.26321],[-103.09829,33.26305],[-103.09794,33.26302],[-103.09756,33.26258],[-103.09655,33.26241],[-103.09601,33.26282],[-103.0957,33.26273],[-103.09564,33.263],[-103.09469,33.26283],[-103.09455,33.2629],[-103.09453,33.26313],[-103.0944,33.26305],[-103.09443,33.2629],[-103.09415,33.26259],[-103.09413,33.26236],[-103.09446,33.26192],[-103.09495,33.26187],[-103.09515,33.26197],[-103.09515,33.26166],[-103.09624,33.26192],[-103.09666,33.26158],[-103.09657,33.26099],[-103.0967,33.26063],[-103.09647,33.26065],[-103.09636,33.26135],[-103.0961,33.26141],[-103.09602,33.26127],[-103.09613,33.26081],[-103.09585,33.26057],[-103.09329,33.26061],[-103.09298,33.26079],[-103.09271,33.2605],[-103.09288,33.26034],[-103.09136,33.26028],[-103.09066,33.25997],[-103.09029,33.26036],[-103.0897,33.26042],[-103.08934,33.26085],[-103.08849,33.26087],[-103.08764,33.2611],[-103.08686,33.26067],[-103.08677,33.26044],[-103.08611,33.26011],[-103.08598,33.25988],[-103.08607,33.25964],[-103.08578,33.25926],[-103.08361,33.25929],[-103.08344,33.25919],[-103.08353,33.25897],[-103.08397,33.259],[-103.08492,33.25878],[-103.08593,33.259],[-103.08622,33.25892],[-103.08646,33.25864],[-103.086,33.25848],[-103.08604,33.25779],[-103.08554,33.25776],[-103.08534,33.25794],[-103.08518,33.25842],[-103.08485,33.25859],[-103.08438,33.25861],[-103.0841,33.2584],[-103.08415,33.25817],[-103.08454,33.25799],[-103.08523,33.25794],[-103.08485,33.25766],[-103.08384,33.25744],[-103.0819,33.25768],[-103.08144,33.25748],[-103.08175,33.25733],[-103.0819,33.25748],[-103.08195,33.25719],[-103.08175,33.25729],[-103.08144,33.25721],[-103.08059,33.25731],[-103.08026,33.25709],[-103.08043,33.25698],[-103.0809,33.25708],[-103.08113,33.25695],[-103.08175,33.25692],[-103.08206,33.25704],[-103.08241,33.25682],[-103.08314,33.25691],[-103.08423,33.25672],[-103.085,33.25688],[-103.08609,33.25679],[-103.08796,33.25695],[-103.09174,33.25686],[-103.0931,33.25712],[-103.09399,33.25748],[-103.09562,33.25749],[-103.09632,33.25767],[-103.09704,33.25755],[-103.09622,33.25734],[-103.09621,33.25705],[-103.09665,33.25701],[-103.09681,33.25686],[-103.09658,33.25658],[-103.09701,33.25662],[-103.09736,33.25705],[-103.09781,33.25718],[-103.09792,33.25709],[-103.09788,33.25692],[-103.09753,33.25662],[-103.09787,33.25638],[-103.09864,33.25647],[-103.09934,33.25631],[-103.09949,33.25667],[-103.09996,33.2567],[-103.10014,33.25649],[-103.10081,33.25638],[-103.10151,33.25609],[-103.10469,33.25603],[-103.10624,33.25611],[-103.1081,33.25651],[-103.10864,33.25637],[-103.1105,33.2563],[-103.11061,33.25624],[-103.11064,33.25592],[-103.11079,33.25587],[-103.11096,33.25624],[-103.11135,33.25637],[-103.11298,33.25616],[-103.1135,33.25587],[-103.11608,33.25609],[-103.1165,33.256],[-103.11677,33.25577],[-103.11801,33.25573],[-103.11928,33.25613],[-103.11995,33.25602],[-103.12104,33.25614],[-103.1229,33.25598],[-103.12375,33.25621],[-103.12406,33.25609],[-103.12576,33.25636],[-103.12689,33.25634],[-103.12786,33.25614],[-103.12809,33.25633],[-103.12894,33.25619],[-103.1322,33.25645],[-103.14335,33.25639],[-103.14529,33.25659],[-103.14576,33.25643],[-103.14638,33.25642],[-103.14723,33.2561],[-103.14893,33.25643],[-103.15041,33.25636],[-103.15327,33.25649],[-103.15552,33.25632],[-103.158,33.25642],[-103.15839,33.25656],[-103.15978,33.25639],[-103.16242,33.25658],[-103.16265,33.25644],[-103.16584,33.25648],[-103.16629,33.25658],[-103.16815,33.25649],[-103.16846,33.25637],[-103.16876,33.25648],[-103.1704,33.25656],[-103.17125,33.25633],[-103.17205,33.25649],[-103.17257,33.25637],[-103.17296,33.25647],[-103.17374,33.2564],[-103.17384,33.25634],[-103.17376,33.25608],[-103.17404,33.25581],[-103.17427,33.25586],[-103.17505,33.25565],[-103.17589,33.25584],[-103.17683,33.25587],[-103.1773,33.25569],[-103.17792,33.2551],[-103.17869,33.25518],[-103.17931,33.25494],[-103.17966,33.255],[-103.17966,33.25445],[-103.17939,33.25463],[-103.179,33.25458],[-103.17846,33.2548],[-103.1766,33.25507],[-103.17621,33.25538],[-103.17536,33.25519],[-103.17443,33.25531],[-103.17389,33.255],[-103.17342,33.25492],[-103.17274,33.25521],[-103.17195,33.25511],[-103.17133,33.25528],[-103.17102,33.25521],[-103.17102,33.255],[-103.17187,33.25476],[-103.17272,33.2547],[-103.173,33.25442],[-103.17337,33.25428],[-103.17319,33.25419],[-103.17172,33.25448],[-103.17125,33.25482],[-103.17096,33.25467],[-103.17098,33.25422],[-103.1728,33.25368],[-103.17451,33.25365],[-103.17482,33.25346],[-103.17534,33.25359],[-103.17536,33.25333],[-103.17482,33.25343],[-103.17451,33.25324],[-103.17427,33.25329],[-103.1742,33.25314],[-103.17466,33.25236],[-103.17447,33.25205],[-103.1748,33.25151],[-103.17457,33.25128],[-103.17478,33.25035],[-103.17544,33.25042],[-103.17582,33.25001],[-103.17621,33.25015],[-103.17732,33.2499],[-103.17892,33.24884],[-103.17939,33.24897],[-103.18001,33.24854],[-103.18097,33.24861],[-103.18084,33.24918],[-103.18108,33.24966],[-103.18125,33.24969],[-103.18154,33.24911],[-103.18114,33.24849],[-103.18218,33.24829],[-103.18218,33.24752],[-103.18303,33.24776],[-103.18413,33.2477],[-103.18504,33.24792],[-103.18662,33.24748],[-103.18717,33.24721],[-103.18729,33.24699],[-103.1876,33.24703],[-103.18845,33.2468],[-103.18867,33.24694],[-103.18855,33.24727],[-103.1877,33.24796],[-103.18714,33.2481],[-103.18706,33.24825],[-103.18729,33.24837],[-103.18838,33.24815],[-103.18892,33.24826],[-103.18979,33.24771],[-103.18966,33.24728],[-103.18918,33.24698],[-103.18919,33.24678],[-103.18954,33.24644],[-103.19101,33.24618],[-103.19148,33.24635],[-103.19148,33.24608],[-103.19231,33.24568],[-103.19318,33.24564],[-103.1945,33.24596],[-103.19613,33.24566],[-103.19721,33.24522],[-103.19806,33.24518],[-103.20016,33.24478],[-103.20605,33.2443],[-103.20721,33.24433],[-103.20822,33.24464],[-103.20864,33.24492],[-103.20984,33.24509],[-103.21046,33.24465],[-103.21108,33.24465],[-103.21178,33.24429],[-103.21209,33.24435],[-103.21232,33.2442],[-103.2137,33.24397],[-103.21421,33.24378],[-103.21438,33.24349],[-103.21465,33.24338],[-103.21496,33.2434],[-103.21651,33.24298],[-103.21651,33.24282],[-103.215,33.24271],[-103.21596,33.24236],[-103.21658,33.24251],[-103.21713,33.24238],[-103.21813,33.24275],[-103.21864,33.24279],[-103.21925,33.24319],[-103.21937,33.2436],[-103.22007,33.2433],[-103.22139,33.24321],[-103.22147,33.24292],[-103.22309,33.24231],[-103.22418,33.24235],[-103.22518,33.2426],[-103.22508,33.24288],[-103.22317,33.24407],[-103.22302,33.2459],[-103.22247,33.24589],[-103.2209,33.24645],[-103.22046,33.24632],[-103.22009,33.24673],[-103.21976,33.24686],[-103.21988,33.24779],[-103.21955,33.24858],[-103.21916,33.24864],[-103.21775,33.24936],[-103.21723,33.24998],[-103.21496,33.25134],[-103.21484,33.25112],[-103.21501,33.25089],[-103.21472,33.25073],[-103.21434,33.25092],[-103.2141,33.25082],[-103.21325,33.25146],[-103.21278,33.25197],[-103.21197,33.2534],[-103.21085,33.25484],[-103.20979,33.25554],[-103.2095,33.25593],[-103.20942,33.25627],[-103.20852,33.25717],[-103.20769,33.25732],[-103.20717,33.25794],[-103.20488,33.25894],[-103.20452,33.2592],[-103.20326,33.2595],[-103.20308,33.25978],[-103.20232,33.26026],[-103.20209,33.26056],[-103.20146,33.2605],[-103.20134,33.26073],[-103.20016,33.26152],[-103.19979,33.26207],[-103.19899,33.26258],[-103.19885,33.26283],[-103.19743,33.26382],[-103.19719,33.26411],[-103.19637,33.26437],[-103.19535,33.26493],[-103.19485,33.26573],[-103.19409,33.26644],[-103.19357,33.26675],[-103.19244,33.26712],[-103.19189,33.26711],[-103.19112,33.26755],[-103.18993,33.26849],[-103.18963,33.26911],[-103.18799,33.26963],[-103.18761,33.27012],[-103.18698,33.27063],[-103.18636,33.2706],[-103.18496,33.27119],[-103.18468,33.27119],[-103.18461,33.27088],[-103.1843,33.27073],[-103.18433,33.27042],[-103.18404,33.27011],[-103.18428,33.2698],[-103.18436,33.26949],[-103.18427,33.26941],[-103.18415,33.26968],[-103.18364,33.27003],[-103.18261,33.27132],[-103.18163,33.27172],[-103.18097,33.27238],[-103.17993,33.27303],[-103.17971,33.2739],[-103.17986,33.27491],[-103.17962,33.2753],[-103.1773,33.27669],[-103.17706,33.27702],[-103.17606,33.27746],[-103.17528,33.27809],[-103.17474,33.27814],[-103.17257,33.27925],[-103.17179,33.27938],[-103.17117,33.27965],[-103.17048,33.2801],[-103.16984,33.28062],[-103.16945,33.28117],[-103.16938,33.28134],[-103.16952,33.28165],[-103.16919,33.28231],[-103.16865,33.28246],[-103.16831,33.28274],[-103.16821,33.28303],[-103.16779,33.28346],[-103.16738,33.28367],[-103.16683,33.2844],[-103.16558,33.2849],[-103.16505,33.28563],[-103.16459,33.28578],[-103.16404,33.28576],[-103.16394,33.28599],[-103.16348,33.2862],[-103.16312,33.2867],[-103.16249,33.28694],[-103.16198,33.28731],[-103.16153,33.2879],[-103.16009,33.28854],[-103.1597,33.28856],[-103.15954,33.28892],[-103.15919,33.28909],[-103.15901,33.28935],[-103.15854,33.2894],[-103.15763,33.29002],[-103.15696,33.2903],[-103.15642,33.29087],[-103.15579,33.29199],[-103.15491,33.29274],[-103.15414,33.29313],[-103.15343,33.29311],[-103.15312,33.29369],[-103.15227,33.29452],[-103.1494,33.29581],[-103.14897,33.29642],[-103.14831,33.29687],[-103.14786,33.29693],[-103.14756,33.29746],[-103.14725,33.29772],[-103.14653,33.29792],[-103.14591,33.2984],[-103.14572,33.29839],[-103.14567,33.29809],[-103.14514,33.29808],[-103.14493,33.29839],[-103.14521,33.29862],[-103.14518,33.29878],[-103.14456,33.2996],[-103.14274,33.30049],[-103.142,33.30056],[-103.14087,33.30119],[-103.13956,33.3013],[-103.13878,33.30154],[-103.13806,33.30139],[-103.13724,33.3018],[-103.13615,33.30199],[-103.13576,33.30218],[-103.13544,33.30212],[-103.13539,33.3018],[-103.13522,33.30165],[-103.13529,33.30136],[-103.13429,33.30151],[-103.13352,33.30196],[-103.13322,33.30194],[-103.13305,33.30175],[-103.13251,33.302],[-103.13227,33.30196],[-103.13188,33.30257],[-103.13142,33.30274],[-103.13077,33.30325],[-103.12987,33.30371],[-103.12938,33.30366],[-103.1284,33.305],[-103.12808,33.30498],[-103.12799,33.30397],[-103.12755,33.304],[-103.12721,33.30451],[-103.12696,33.30467],[-103.12766,33.30506],[-103.12659,33.30604],[-103.12619,33.30622],[-103.12602,33.30647],[-103.12421,33.30776],[-103.12336,33.30812],[-103.12303,33.30813],[-103.12241,33.30884],[-103.12142,33.3093],[-103.12119,33.3093],[-103.12111,33.30947],[-103.12044,33.30986],[-103.11947,33.31025],[-103.11912,33.31073],[-103.11832,33.31127],[-103.11802,33.31125],[-103.11748,33.31078],[-103.11716,33.31073],[-103.11642,33.31145],[-103.1155,33.31184],[-103.11383,33.31208],[-103.11321,33.31199],[-103.11274,33.31214],[-103.11151,33.31288],[-103.11137,33.31322],[-103.11096,33.31354],[-103.11073,33.31331],[-103.11031,33.31338],[-103.1102,33.31318],[-103.10933,33.31316],[-103.10924,33.31336],[-103.1095,33.31358],[-103.10918,33.31373],[-103.10881,33.31358],[-103.10865,33.31333],[-103.10792,33.31317],[-103.10758,33.31361],[-103.10693,33.31375],[-103.10631,33.31416],[-103.10548,33.31499],[-103.10511,33.31509],[-103.10495,33.31536],[-103.10409,33.31608],[-103.10321,33.3166],[-103.10295,33.31714],[-103.10233,33.31776],[-103.10219,33.31836],[-103.10123,33.319],[-103.10106,33.31948],[-103.10066,33.31997],[-103.09933,33.32093],[-103.09842,33.32133],[-103.09803,33.3218],[-103.09616,33.32237],[-103.09501,33.32335],[-103.09399,33.32365],[-103.09296,33.32435],[-103.09259,33.32559],[-103.09229,33.32601],[-103.09097,33.32682],[-103.08874,33.32778],[-103.08702,33.32835],[-103.08535,33.32869],[-103.08293,33.33003],[-103.08226,33.33028],[-103.08082,33.33127],[-103.08028,33.33187],[-103.08014,33.33282],[-103.07896,33.33422],[-103.07791,33.33453],[-103.07725,33.33459],[-103.07697,33.33447],[-103.07693,33.33412],[-103.07671,33.33417],[-103.07646,33.33502],[-103.07596,33.33528],[-103.07599,33.33654],[-103.07552,33.33776],[-103.07539,33.33869],[-103.07518,33.33907],[-103.07522,33.34008],[-103.0747,33.3407],[-103.07459,33.34176],[-103.07394,33.34228],[-103.07291,33.34273],[-103.07225,33.34329],[-103.07152,33.34351],[-103.0709,33.34333],[-103.07012,33.34337],[-103.06811,33.34404],[-103.0664,33.34413],[-103.06466,33.34454],[-103.06369,33.34495],[-103.06261,33.34516],[-103.06175,33.34513],[-103.06044,33.34563],[-103.05958,33.34549],[-103.05892,33.34592],[-103.05765,33.34621],[-103.05718,33.34552],[-103.05634,33.3459],[-103.05393,33.34657],[-103.05137,33.34677],[-103.05059,33.34705],[-103.04757,33.34757],[-103.04667,33.34713],[-103.04762,33.34659],[-103.0475,33.34641],[-103.04726,33.34656],[-103.04704,33.3462],[-103.04707,33.34582],[-103.04693,33.34568],[-103.04571,33.34552],[-103.04424,33.3459],[-103.04347,33.34623],[-103.04168,33.34652],[-103.04095,33.34651],[-103.04037,33.34613],[-103.04087,33.34558],[-103.03932,33.34551],[-103.03936,33.34513],[-103.03984,33.34481],[-103.0397,33.34463],[-103.03827,33.34478],[-103.03812,33.34465],[-103.03833,33.34442],[-103.03792,33.34416],[-103.03718,33.34397],[-103.03572,33.34404],[-103.0351,33.34385],[-103.03479,33.34391],[-103.03378,33.34339],[-103.03341,33.34374],[-103.03208,33.34371],[-103.03083,33.34403],[-103.0302,33.34403],[-103.02925,33.34485],[-103.02843,33.34489],[-103.02833,33.34481],[-103.0283,33.34414],[-103.02865,33.34386],[-103.02944,33.34372],[-103.02929,33.34341],[-103.02952,33.34318],[-103.02927,33.34303],[-103.0296,33.34279],[-103.02905,33.34267],[-103.02879,33.34236],[-103.02807,33.34207],[-103.02732,33.34199],[-103.02665,33.34216],[-103.02595,33.34208],[-103.02557,33.34171],[-103.02413,33.34179],[-103.02419,33.34163],[-103.02521,33.3412],[-103.02553,33.34031],[-103.02526,33.34012],[-103.02439,33.33994],[-103.02448,33.33969],[-103.02394,33.33916],[-103.02347,33.33915],[-103.02254,33.33887],[-103.02177,33.33892],[-103.02169,33.33869],[-103.0221,33.33786],[-103.02206,33.33768],[-103.02167,33.33766],[-103.02113,33.33828],[-103.02034,33.33869],[-103.0194,33.3395],[-103.01891,33.33968],[-103.01875,33.33962],[-103.01875,33.33946],[-103.01964,33.33892],[-103.0198,33.33869],[-103.01975,33.33845],[-103.01952,33.33831],[-103.01867,33.33828],[-103.01805,33.33782],[-103.01805,33.33725],[-103.01748,33.33711],[-103.01734,33.33845],[-103.01723,33.33864],[-103.01697,33.33868],[-103.01599,33.33752],[-103.01388,33.33658],[-103.01146,33.33689],[-103.01007,33.33743],[-103.00952,33.33781],[-103.00921,33.33782],[-103.00909,33.33876],[-103.00898,33.33882],[-103.00891,33.33861],[-103.00875,33.33862],[-103.00858,33.33923],[-103.00839,33.33946],[-103.0088,33.33962],[-103.00842,33.3403],[-103.00853,33.34078],[-103.00839,33.34163],[-103.00774,33.34199],[-103.00613,33.3425],[-103.0058,33.34249],[-103.00575,33.34225],[-103.00654,33.34148],[-103.00754,33.34016],[-103.00818,33.33861],[-103.00846,33.33698],[-103.00838,33.33582],[-103.00814,33.33489],[-103.00748,33.33352],[-103.00684,33.33262],[-103.00517,33.33125],[-103.00357,33.33039],[-103.00247,33.33005],[-103.00223,33.32961],[-103.00255,33.32947],[-103.00361,33.32951],[-103.00402,33.32931],[-103.00653,33.32943],[-103.0072,33.32958],[-103.00805,33.3294],[-103.00898,33.32957],[-103.0103,33.32955],[-103.01154,33.32927],[-103.01216,33.32947],[-103.0127,33.32941],[-103.01386,33.32955],[-103.0147,33.3298],[-103.01519,33.3297],[-103.01975,33.32972],[-103.02016,33.32983],[-103.02068,33.33037],[-103.02148,33.33052],[-103.02192,33.33086],[-103.02222,33.33093],[-103.02404,33.33073],[-103.02464,33.33046],[-103.02513,33.33055],[-103.02564,33.33034],[-103.0257,33.32991],[-103.02611,33.32974],[-103.02696,33.32974],[-103.0275,33.32994],[-103.02898,33.32992],[-103.03022,33.33045],[-103.03122,33.32993],[-103.03221,33.33003],[-103.0327,33.33033],[-103.03347,33.33034],[-103.03998,33.32962],[-103.03998,33.32947],[-103.03961,33.32937],[-103.03958,33.32923],[-103.04153,33.32827],[-103.04206,33.32737],[-103.04238,33.32712],[-103.04243,33.32637],[-103.04207,33.3262],[-103.04057,33.32593],[-103.03982,33.32593],[-103.0387,33.32551],[-103.04004,33.32457],[-103.04029,33.32451],[-103.04055,33.32464],[-103.04055,33.32497],[-103.04079,33.32517],[-103.04061,33.32551],[-103.04071,33.32559],[-103.04121,33.32576],[-103.0425,33.32571],[-103.04246,33.32544],[-103.04211,33.3252],[-103.04238,33.32518],[-103.04255,33.3248],[-103.04213,33.32412],[-103.04213,33.32389],[-103.04176,33.32359],[-103.04091,33.3235],[-103.04114,33.32303],[-103.04089,33.32301],[-103.04083,33.32334],[-103.04041,33.3233],[-103.04034,33.32293],[-103.0406,33.32272],[-103.04028,33.32249],[-103.04064,33.3223],[-103.04232,33.32219],[-103.04254,33.32204],[-103.04258,33.32055],[-103.0428,33.31947],[-103.04266,33.31851],[-103.04278,33.31769],[-103.04292,33.31753],[-103.04579,33.31791],[-103.04695,33.31782],[-103.0475,33.31795],[-103.04951,33.31804],[-103.05023,33.31776],[-103.05013,33.31753],[-103.05023,33.31738],[-103.05044,33.31713],[-103.05079,33.31699],[-103.05053,33.31668],[-103.05098,33.3164],[-103.05346,33.31607],[-103.05447,33.31616],[-103.05486,33.31601],[-103.05525,33.31615],[-103.05633,33.316],[-103.05695,33.31614],[-103.05796,33.31597],[-103.05853,33.31645],[-103.05838,33.31753],[-103.05866,33.31772],[-103.05974,33.31785],[-103.0602,33.31778],[-103.0616,33.31816],[-103.06247,33.31792],[-103.06241,33.31776],[-103.06261,33.31732],[-103.06284,33.3173],[-103.06299,33.3179],[-103.06361,33.31796],[-103.06516,33.31738],[-103.06532,33.31747],[-103.06532,33.3173],[-103.06609,33.31714],[-103.06646,33.31691],[-103.06617,33.31652],[-103.06571,33.31652],[-103.0654,33.31676],[-103.0654,33.31656],[-103.06568,33.31637],[-103.0654,33.31594],[-103.06493,33.31604],[-103.06462,33.31588],[-103.06444,33.31598],[-103.06454,33.31614],[-103.06447,33.31629],[-103.06408,33.31642],[-103.06385,33.31614],[-103.06369,33.31637],[-103.06346,33.31625],[-103.06323,33.31652],[-103.06315,33.31645],[-103.06325,33.31598],[-103.06307,33.31583],[-103.06373,33.31501],[-103.06351,33.31463],[-103.06369,33.31454],[-103.06389,33.31466],[-103.06408,33.3149],[-103.06392,33.31505],[-103.064,33.31513],[-103.06416,33.31497],[-103.06447,33.31497],[-103.06493,33.31517],[-103.06506,33.31501],[-103.06444,33.31456],[-103.06516,33.31474],[-103.06555,33.31428],[-103.06617,33.31406],[-103.06652,33.31416],[-103.06655,33.31452],[-103.06687,33.31457],[-103.06702,33.31443],[-103.06706,33.31404],[-103.06749,33.31366],[-103.0678,33.31399],[-103.06806,33.31381],[-103.06788,33.3135],[-103.06881,33.31366],[-103.06863,33.31335],[-103.06819,33.31304],[-103.06726,33.31323],[-103.06683,33.31308],[-103.06679,33.31296],[-103.06539,33.31351],[-103.06529,33.31288],[-103.0646,33.31187],[-103.06485,33.31164],[-103.06524,33.31163],[-103.06555,33.31136],[-103.06594,33.31118],[-103.06617,33.31122],[-103.06622,33.3111],[-103.06525,33.31094],[-103.06426,33.31108],[-103.06401,33.31071],[-103.06501,33.31048],[-103.06499,33.31034],[-103.0646,33.31011],[-103.06465,33.30986],[-103.06563,33.30957],[-103.06726,33.30943],[-103.06782,33.30926],[-103.06856,33.3093],[-103.06935,33.30917],[-103.06997,33.30926],[-103.07119,33.30908],[-103.07129,33.30885],[-103.07067,33.30862],[-103.07067,33.30816],[-103.0714,33.30819],[-103.07152,33.30816],[-103.07152,33.30796],[-103.0721,33.30812],[-103.07214,33.30785],[-103.07245,33.30754],[-103.07268,33.30754],[-103.07287,33.30692],[-103.07322,33.30668],[-103.07308,33.30612],[-103.07229,33.30549],[-103.07202,33.3056],[-103.07175,33.30599],[-103.07176,33.30645],[-103.0716,33.30654],[-103.07144,33.30618],[-103.07113,33.30626],[-103.07082,33.30575],[-103.06997,33.30547],[-103.06966,33.30552],[-103.06958,33.30575],[-103.06903,33.30576],[-103.06869,33.30544],[-103.06875,33.30507],[-103.06901,33.30487],[-103.06935,33.30504],[-103.06993,33.3049],[-103.07028,33.30467],[-103.0702,33.30451],[-103.07043,33.30444],[-103.07051,33.30475],[-103.07064,33.30459],[-103.07051,33.30428],[-103.07086,33.30432],[-103.07105,33.30402],[-103.07136,33.30424],[-103.07152,33.30397],[-103.07167,33.30397],[-103.07198,33.30366],[-103.07206,33.30335],[-103.07245,33.30352],[-103.07299,33.30351],[-103.07307,33.30335],[-103.07345,33.30326],[-103.07382,33.30286],[-103.07439,33.30273],[-103.0747,33.30238],[-103.07495,33.30244],[-103.07516,33.30221],[-103.07532,33.30238],[-103.07594,33.3018],[-103.07626,33.30172],[-103.07625,33.30157],[-103.0778,33.30135],[-103.07818,33.30141],[-103.07821,33.3013],[-103.07792,33.30128],[-103.07803,33.3011],[-103.07865,33.30144],[-103.07904,33.3011],[-103.07953,33.30126],[-103.07966,33.30092],[-103.07989,33.30111],[-103.0801,33.301],[-103.08074,33.30102],[-103.08252,33.3008],[-103.08268,33.30067],[-103.08338,33.30064],[-103.08461,33.30031],[-103.08492,33.30045],[-103.08578,33.30025],[-103.08678,33.30039],[-103.0869,33.30017],[-103.08673,33.3],[-103.08655,33.29955],[-103.08663,33.29953],[-103.08768,33.29979],[-103.08771,33.30002],[-103.08746,33.30025],[-103.08756,33.30031],[-103.08808,33.29984],[-103.08857,33.29959],[-103.08884,33.29979],[-103.08892,33.30013],[-103.08919,33.30013],[-103.0893,33.29979],[-103.08914,33.29955],[-103.08946,33.2994],[-103.08946,33.29893],[-103.08973,33.29847],[-103.08996,33.29839],[-103.08979,33.29895],[-103.0903,33.29927],[-103.09043,33.29862],[-103.09074,33.29865],[-103.09095,33.29829],[-103.0912,33.29816],[-103.09128,33.29791],[-103.09142,33.29794],[-103.09145,33.29822],[-103.09167,33.29821],[-103.09169,33.29791],[-103.09136,33.29755],[-103.09084,33.29762],[-103.09081,33.29775],[-103.09102,33.29785],[-103.09089,33.298],[-103.09076,33.29783],[-103.09006,33.29783],[-103.08973,33.29753],[-103.08948,33.29762],[-103.08942,33.29785],[-103.08926,33.29753],[-103.08895,33.29775],[-103.0888,33.29758],[-103.08841,33.29761],[-103.08785,33.29864],[-103.08713,33.29855],[-103.0874,33.29824],[-103.08734,33.29806],[-103.08663,33.29813],[-103.0864,33.29801],[-103.08628,33.29808],[-103.08625,33.29862],[-103.08652,33.29901],[-103.08619,33.29919],[-103.08593,33.29965],[-103.08573,33.29955],[-103.08573,33.29917],[-103.08601,33.29824],[-103.0851,33.29822],[-103.08461,33.29789],[-103.084,33.29829],[-103.08365,33.29793],[-103.0833,33.29777],[-103.08231,33.29768],[-103.08121,33.29782],[-103.08122,33.2981],[-103.08097,33.2982],[-103.08028,33.29793],[-103.07958,33.29808],[-103.07935,33.29802],[-103.07919,33.29816],[-103.07811,33.29807],[-103.07764,33.29834],[-103.07702,33.2983],[-103.07671,33.29849],[-103.07609,33.29835],[-103.07594,33.29844],[-103.07547,33.29818],[-103.07501,33.29831],[-103.07501,33.29813],[-103.07439,33.29824],[-103.07435,33.29797],[-103.07454,33.29768],[-103.07512,33.29777],[-103.07514,33.29754],[-103.07535,33.29738],[-103.07535,33.29703],[-103.07564,33.29706],[-103.0757,33.29738],[-103.07618,33.29746],[-103.07632,33.29715],[-103.07609,33.29717],[-103.0759,33.29684],[-103.07617,33.2967],[-103.07639,33.29622],[-103.07709,33.29613],[-103.07707,33.29583],[-103.07718,33.29572],[-103.07819,33.29616],[-103.07997,33.29596],[-103.08035,33.29608],[-103.08066,33.29597],[-103.08144,33.29599],[-103.08338,33.29569],[-103.08369,33.29585],[-103.08415,33.29567],[-103.08585,33.29585],[-103.08686,33.29582],[-103.08724,33.29559],[-103.0878,33.29561],[-103.08841,33.2954],[-103.08895,33.29543],[-103.0895,33.29526],[-103.09045,33.29532],[-103.09128,33.29482],[-103.09337,33.29514],[-103.09358,33.29529],[-103.0936,33.29569],[-103.09394,33.29537],[-103.09379,33.29501],[-103.09407,33.2949],[-103.09485,33.29513],[-103.09521,33.29552],[-103.09546,33.29559],[-103.09639,33.2953],[-103.09763,33.29542],[-103.09856,33.29519],[-103.09949,33.29554],[-103.10042,33.29527],[-103.10089,33.29499],[-103.10112,33.295],[-103.1018,33.29467],[-103.10236,33.29419],[-103.10259,33.29421],[-103.10259,33.29452],[-103.10271,33.29455],[-103.10371,33.29439],[-103.10379,33.2939],[-103.10368,33.29366],[-103.10383,33.29354],[-103.104,33.29366],[-103.1041,33.29433],[-103.10463,33.29428],[-103.10511,33.29385],[-103.10571,33.29376],[-103.10593,33.29359],[-103.10595,33.2933],[-103.10647,33.29309],[-103.10696,33.2931],[-103.10779,33.29344],[-103.10855,33.29352],[-103.10887,33.29372],[-103.11019,33.29323],[-103.11057,33.29332],[-103.11104,33.29317],[-103.11398,33.29316],[-103.11507,33.29303],[-103.11786,33.29312],[-103.11832,33.29293],[-103.11892,33.29304],[-103.11943,33.29283],[-103.11987,33.29281],[-103.11994,33.29265],[-103.12026,33.29254],[-103.12158,33.29235],[-103.12158,33.29211],[-103.12127,33.29192],[-103.12162,33.29208],[-103.12207,33.29204],[-103.12218,33.29165],[-103.12199,33.29142],[-103.12217,33.29126],[-103.12204,33.29111],[-103.12156,33.29101],[-103.12158,33.29115],[-103.12181,33.29118],[-103.12142,33.29155],[-103.12073,33.29142],[-103.12057,33.29118],[-103.12057,33.29087],[-103.12034,33.29126],[-103.12018,33.29126],[-103.12011,33.29111],[-103.11964,33.29116],[-103.11949,33.29103],[-103.12018,33.29072],[-103.12008,33.29033],[-103.12026,33.2902],[-103.12049,33.29036],[-103.12065,33.29029],[-103.12109,33.29043],[-103.1214,33.29015],[-103.1216,33.29028],[-103.12166,33.29002],[-103.1227,33.28979],[-103.12243,33.28967],[-103.12226,33.2894],[-103.1226,33.28942],[-103.12266,33.28925],[-103.12243,33.28917],[-103.12228,33.2893],[-103.12197,33.28926],[-103.12124,33.28999],[-103.12084,33.28999],[-103.12049,33.28978],[-103.12034,33.2901],[-103.11971,33.29003],[-103.11928,33.28979],[-103.11925,33.28944],[-103.11902,33.28952],[-103.11875,33.2894],[-103.11875,33.28886],[-103.11902,33.28909],[-103.11918,33.28886],[-103.11898,33.2887],[-103.11894,33.28847],[-103.11868,33.28835],[-103.11863,33.28808],[-103.11848,33.28824],[-103.11817,33.28808],[-103.11853,33.28775],[-103.11879,33.2877],[-103.11925,33.28804],[-103.11972,33.28797],[-103.11972,33.28832],[-103.12007,33.28855],[-103.11992,33.2887],[-103.12005,33.28894],[-103.1198,33.2894],[-103.12026,33.28944],[-103.12071,33.28909],[-103.1207,33.28883],[-103.12198,33.28856],[-103.12199,33.28826],[-103.1222,33.28808],[-103.12251,33.28808],[-103.12228,33.28839],[-103.12293,33.28839],[-103.12297,33.28801],[-103.12317,33.28785],[-103.1229,33.28777],[-103.12295,33.2876],[-103.12326,33.28772],[-103.12352,33.28761],[-103.12507,33.28759],[-103.12576,33.28748],[-103.12615,33.28723],[-103.12669,33.28712],[-103.12724,33.28716],[-103.12747,33.28684],[-103.12693,33.28638],[-103.127,33.28628],[-103.12724,33.28641],[-103.12774,33.28591],[-103.12762,33.28576],[-103.12778,33.28568],[-103.12865,33.28554],[-103.12964,33.28574],[-103.13136,33.2857],[-103.13173,33.28557],[-103.13227,33.28569],[-103.13282,33.28554],[-103.13297,33.28527],[-103.13359,33.28514],[-103.13349,33.28483],[-103.13373,33.28443],[-103.13369,33.28421],[-103.1339,33.28403],[-103.13421,33.28409],[-103.13498,33.28385],[-103.13529,33.2839],[-103.13613,33.28342],[-103.13661,33.28345],[-103.13731,33.28321],[-103.13863,33.28314],[-103.1394,33.28289],[-103.14013,33.28294],[-103.14025,33.28307],[-103.14033,33.28274],[-103.14092,33.28294],[-103.14094,33.28243],[-103.14036,33.28212],[-103.14065,33.28166],[-103.14149,33.28149],[-103.14288,33.28158],[-103.14475,33.28143],[-103.1456,33.28071],[-103.14594,33.28061],[-103.14611,33.2808],[-103.1464,33.28083],[-103.14669,33.28041],[-103.14727,33.28045],[-103.14725,33.28016],[-103.14676,33.27998],[-103.14645,33.28024],[-103.14611,33.27998],[-103.146,33.27948],[-103.14577,33.27931],[-103.14545,33.27938],[-103.14523,33.27917],[-103.14543,33.27877],[-103.14568,33.279],[-103.14614,33.27879],[-103.14594,33.27868],[-103.14599,33.27824],[-103.14666,33.27806],[-103.1469,33.27778],[-103.14676,33.27742],[-103.14607,33.27729],[-103.14576,33.27747],[-103.14545,33.27789],[-103.14521,33.27775],[-103.14506,33.27789],[-103.14506,33.27809],[-103.14521,33.27807],[-103.14522,33.27824],[-103.1449,33.27875],[-103.14459,33.27879],[-103.14413,33.27824],[-103.14312,33.27892],[-103.14289,33.2788],[-103.14266,33.27886],[-103.14266,33.27836],[-103.14242,33.27854],[-103.14157,33.27871],[-103.14069,33.27922],[-103.1401,33.27933],[-103.13956,33.2792],[-103.13816,33.27963],[-103.13735,33.2801],[-103.13694,33.28059],[-103.13661,33.28066],[-103.13629,33.28095],[-103.13553,33.28113],[-103.13531,33.2811],[-103.13525,33.28096],[-103.13554,33.28065],[-103.13508,33.2804],[-103.13444,33.28042],[-103.13433,33.28084],[-103.1339,33.28094],[-103.1338,33.28088],[-103.1339,33.28065],[-103.13359,33.2804],[-103.13274,33.28015],[-103.13265,33.28027],[-103.13295,33.28041],[-103.13263,33.28077],[-103.13173,33.28081],[-103.13018,33.28128],[-103.12972,33.28122],[-103.12908,33.28148],[-103.12817,33.28158],[-103.12789,33.28146],[-103.12787,33.28127],[-103.12886,33.28107],[-103.1289,33.2808],[-103.12767,33.2806],[-103.12747,33.28034],[-103.12804,33.27995],[-103.12778,33.27992],[-103.12762,33.2797],[-103.12677,33.27973],[-103.12634,33.27995],[-103.12607,33.28018],[-103.12623,33.2808],[-103.12576,33.28114],[-103.12561,33.28088],[-103.12584,33.28034],[-103.12555,33.27995],[-103.12557,33.2796],[-103.12607,33.2792],[-103.12638,33.27914],[-103.12669,33.27933],[-103.12725,33.2791],[-103.12747,33.27871],[-103.12793,33.27855],[-103.12805,33.27832],[-103.12739,33.27811],[-103.12708,33.27817],[-103.12712,33.27832],[-103.12696,33.27832],[-103.12704,33.27786],[-103.12739,33.27762],[-103.12724,33.27735],[-103.12638,33.27761],[-103.12592,33.27757],[-103.12576,33.2777],[-103.12545,33.27751],[-103.12522,33.27762],[-103.12491,33.27739],[-103.12514,33.27716],[-103.12559,33.27699],[-103.12576,33.27664],[-103.12627,33.27654],[-103.12607,33.27638],[-103.12545,33.27654],[-103.12538,33.27638],[-103.12548,33.27613],[-103.1252,33.27601],[-103.12514,33.27576],[-103.12483,33.27605],[-103.1246,33.27576],[-103.12416,33.27561],[-103.12443,33.2752],[-103.12476,33.27522],[-103.12598,33.27491],[-103.12584,33.2747],[-103.12553,33.27489],[-103.1255,33.27452],[-103.12528,33.27437],[-103.12552,33.27404],[-103.12545,33.27369],[-103.12528,33.27366],[-103.12507,33.27386],[-103.12468,33.27367],[-103.12483,33.27336],[-103.12503,33.27328],[-103.12491,33.27305],[-103.12452,33.27313],[-103.12492,33.27235],[-103.1246,33.27225],[-103.12414,33.27231],[-103.12367,33.27268],[-103.12259,33.27306],[-103.12221,33.27345],[-103.12166,33.27362],[-103.12137,33.27352],[-103.12138,33.27331],[-103.12173,33.27313],[-103.12135,33.27305],[-103.12122,33.27282],[-103.12197,33.2727],[-103.12278,33.27197],[-103.12243,33.27161],[-103.12111,33.27231],[-103.12065,33.27211],[-103.12034,33.27169],[-103.11987,33.27172],[-103.11934,33.27221],[-103.11794,33.27266],[-103.11773,33.27297],[-103.11766,33.27339],[-103.11736,33.27364],[-103.11631,33.27393],[-103.11561,33.27437],[-103.11557,33.27495],[-103.11473,33.27561],[-103.11467,33.27614],[-103.11443,33.27652],[-103.11414,33.27664],[-103.11361,33.27662],[-103.11323,33.2771],[-103.11267,33.27735],[-103.11135,33.27787],[-103.11073,33.27789],[-103.10995,33.27839],[-103.10935,33.27838],[-103.10822,33.27798],[-103.10782,33.2784],[-103.10889,33.27861],[-103.10879,33.27872],[-103.10779,33.27889],[-103.10546,33.2799],[-103.1044,33.27987],[-103.10453,33.27964],[-103.10438,33.27946],[-103.10409,33.27966],[-103.1035,33.27966],[-103.10357,33.27953],[-103.10414,33.27948],[-103.10393,33.27925],[-103.10416,33.279],[-103.10383,33.27901],[-103.10337,33.27925],[-103.10317,33.2791],[-103.10329,33.27894],[-103.10317,33.27883],[-103.10252,33.27909],[-103.1019,33.27906],[-103.10139,33.27886],[-103.10179,33.27875],[-103.10182,33.2786],[-103.10159,33.27851],[-103.1012,33.27874],[-103.1012,33.2784],[-103.10197,33.27803],[-103.10298,33.27792],[-103.1036,33.27739],[-103.10391,33.27739],[-103.10373,33.27716],[-103.1038,33.27705],[-103.10424,33.27699],[-103.10448,33.27719],[-103.10461,33.27708],[-103.10452,33.27691],[-103.10484,33.2768],[-103.10507,33.27643],[-103.10562,33.27664],[-103.10633,33.27656],[-103.10647,33.27607],[-103.10616,33.27576],[-103.10494,33.27575],[-103.10484,33.27548],[-103.10469,33.27543],[-103.10453,33.27569],[-103.10329,33.27582],[-103.10259,33.2762],[-103.10166,33.27627],[-103.10159,33.2764],[-103.10081,33.2766],[-103.10056,33.27683],[-103.10017,33.27682],[-103.09949,33.27714],[-103.09918,33.27711],[-103.09906,33.27758],[-103.0988,33.27777],[-103.09833,33.27746],[-103.09748,33.27764],[-103.09725,33.27747],[-103.09745,33.27724],[-103.09717,33.27669],[-103.09645,33.27631],[-103.09708,33.27576],[-103.09729,33.27526],[-103.09718,33.2749],[-103.09677,33.27508],[-103.09654,33.27483],[-103.09674,33.27429],[-103.09705,33.27414],[-103.09704,33.2739],[-103.09742,33.27377],[-103.09771,33.27348],[-103.09826,33.27374],[-103.09838,33.27401],[-103.09907,33.27375],[-103.09899,33.27359],[-103.09918,33.27355],[-103.09934,33.27381],[-103.09957,33.27391],[-103.09977,33.27364],[-103.10053,33.27321],[-103.1005,33.27305],[-103.10115,33.27238],[-103.1012,33.27204],[-103.10058,33.27187],[-103.09949,33.27199],[-103.0988,33.27271],[-103.09856,33.27274],[-103.09799,33.27235],[-103.09775,33.27173],[-103.09709,33.27161],[-103.0967,33.27173],[-103.09422,33.27162],[-103.09415,33.27189],[-103.09345,33.27212],[-103.09337,33.2717],[-103.09291,33.27155],[-103.09249,33.27163],[-103.09221,33.27197],[-103.09203,33.27183],[-103.09207,33.27135],[-103.09262,33.27122],[-103.09284,33.27096],[-103.09279,33.27073],[-103.09213,33.27047],[-103.0919,33.27073],[-103.09159,33.27061],[-103.09128,33.27083],[-103.09097,33.27057],[-103.09097,33.27042],[-103.09142,33.27032],[-103.0921,33.26995],[-103.09212,33.26894],[-103.09159,33.26792],[-103.09136,33.26799],[-103.09128,33.26825],[-103.09142,33.26848],[-103.09129,33.26888],[-103.09105,33.2691],[-103.09125,33.26941],[-103.09089,33.26969],[-103.09081,33.26962],[-103.09066,33.26925],[-103.09074,33.26887],[-103.09089,33.26879],[-103.09089,33.26848],[-103.09066,33.26816],[-103.08986,33.26788],[-103.09,33.26763],[-103.08987,33.26739],[-103.08965,33.26732],[-103.08968,33.26708],[-103.08921,33.26636],[-103.08913,33.26563],[-103.08957,33.26561],[-103.09027,33.26723],[-103.09097,33.26778],[-103.09102,33.26732],[-103.0909,33.26692],[-103.0907,33.26689],[-103.09066,33.26675],[-103.09097,33.26662],[-103.09136,33.26674],[-103.09143,33.26654],[-103.09187,33.26628],[-103.09252,33.26628],[-103.09267,33.26606],[-103.09279,33.26631],[-103.09298,33.26625],[-103.09279,33.26546],[-103.09291,33.26509],[-103.09303,33.26533],[-103.09329,33.26541],[-103.0936,33.26515],[-103.09399,33.26505],[-103.09422,33.26515],[-103.09469,33.26507],[-103.0947,33.26524],[-103.0943,33.26538],[-103.09422,33.26553],[-103.09407,33.26535],[-103.0939,33.26536],[-103.09353,33.26546],[-103.09349,33.26569],[-103.09389,33.26595],[-103.09429,33.26593],[-103.09461,33.26575],[-103.09531,33.26596],[-103.09582,33.26577],[-103.09572,33.26561],[-103.0959,33.26538],[-103.09566,33.26515],[-103.09577,33.26484],[-103.09655,33.26491],[-103.09701,33.26467],[-103.09771,33.26471],[-103.09852,33.26445],[-103.09771,33.26436],[-103.09763,33.26453],[-103.0974,33.26453],[-103.09624,33.26442],[-103.09607,33.26431],[-103.09611,33.26398],[-103.09554,33.26384],[-103.09453,33.26385],[-103.09422,33.26406]]]]},"properties":{"fire_id":"ufid:2022-NMN5S-000083","source_collection":"history-2022","source_objectid":15445,"incident_name":"HWY 380 MM 237","mapped_acres":15102.48,"mapped_acres_source":"poly_GISAcres","gis_acres":15102.48,"auto_acres":null,"reported_acres":100.0,"percent_contained":null,"state":"NM","state_wfigs":"US-NM","county":"Lea","discovery_time_utc":"2022-03-29T20:34:00Z","perimeter_time_utc":null,"perimeter_edit_time_utc":null,"incident_modified_time_utc":"2022-06-23T20:36:52Z","containment_time_utc":"2022-03-30T22:55:00Z","control_time_utc":"2022-04-08T02:00:00Z","fire_out_time_utc":"2022-04-08T02:00:00Z","fire_cause":"Human","fire_cause_general":null,"map_method":"Hand Sketch","source_dataset":"Inspector","unique_fire_identifier":"2022-NMN5S-000083","irwin_id":"{1EFA6A36-DC48-452C-816E-760FE12E5C0D}","global_id":"bca1cd38-48f7-4433-9e19-6fea10d06fb4"}},{"type":"Feature","geometry":{"type":"Polygon","coordinates":[[[-103.21201,34.26677],[-103.21139,34.26656],[-103.21124,34.26635],[-103.2113,34.26607],[-103.21205,34.26562],[-103.21289,34.26487],[-103.21332,34.26435],[-103.21372,34.26339],[-103.2136,34.26183],[-103.21235,34.26034],[-103.21189,34.26017],[-103.21115,34.2596],[-103.21024,34.25946],[-103.20944,34.25915],[-103.208,34.25952],[-103.20688,34.26004],[-103.20592,34.26079],[-103.20536,34.26172],[-103.20513,34.26183],[-103.20489,34.26177],[-103.20484,34.26152],[-103.20441,34.26093],[-103.20362,34.26027],[-103.20238,34.25965],[-103.20089,34.2593],[-103.20127,34.25896],[-103.20283,34.25863],[-103.20378,34.25825],[-103.20498,34.25839],[-103.20588,34.25829],[-103.20705,34.25869],[-103.20788,34.25859],[-103.20952,34.25897],[-103.211,34.25845],[-103.21134,34.2583],[-103.21158,34.25795],[-103.21324,34.25662],[-103.21333,34.25588],[-103.21354,34.25551],[-103.21335,34.25491],[-103.21359,34.25462],[-103.21366,34.25417],[-103.21301,34.25343],[-103.21248,34.25314],[-103.21237,34.2528],[-103.21219,34.25266],[-103.21137,34.25224],[-103.20996,34.25196],[-103.20901,34.25195],[-103.208,34.25217],[-103.20685,34.25269],[-103.20558,34.2537],[-103.20491,34.2537],[-103.20462,34.25357],[-103.20438,34.25321],[-103.20353,34.25246],[-103.20241,34.25202],[-103.20258,34.25187],[-103.20253,34.25172],[-103.20365,34.25195],[-103.20446,34.25163],[-103.20491,34.25163],[-103.20504,34.25187],[-103.20444,34.25199],[-103.20413,34.25231],[-103.20424,34.25254],[-103.20474,34.25252],[-103.2055,34.25212],[-103.20572,34.25164],[-103.20626,34.25158],[-103.20638,34.25037],[-103.20677,34.25038],[-103.20764,34.25092],[-103.20877,34.25136],[-103.21013,34.25144],[-103.21176,34.25099],[-103.21281,34.25033],[-103.21368,34.24959],[-103.21449,34.24949],[-103.21495,34.24957],[-103.21569,34.24938],[-103.21717,34.24945],[-103.21821,34.2493],[-103.21866,34.24949],[-103.2191,34.24924],[-103.22059,34.24934],[-103.22148,34.24916],[-103.22193,34.24921],[-103.22379,34.24899],[-103.22505,34.24907],[-103.22564,34.24897],[-103.22802,34.24915],[-103.22921,34.24896],[-103.23003,34.24902],[-103.23055,34.24882],[-103.23189,34.24905],[-103.23403,34.24874],[-103.23548,34.24884],[-103.23612,34.24859],[-103.23865,34.2485],[-103.23947,34.2483],[-103.24051,34.24836],[-103.24126,34.24817],[-103.24192,34.24822],[-103.24274,34.24885],[-103.24318,34.24898],[-103.24348,34.24873],[-103.2463,34.24828],[-103.24727,34.24796],[-103.24883,34.24782],[-103.24955,34.2481],[-103.25032,34.24818],[-103.25284,34.2479],[-103.25412,34.2483],[-103.25407,34.24845],[-103.25322,34.24905],[-103.25299,34.24902],[-103.25268,34.24918],[-103.25242,34.24966],[-103.25121,34.25048],[-103.25119,34.24977],[-103.25145,34.24971],[-103.25125,34.24934],[-103.25084,34.24911],[-103.25021,34.24949],[-103.24987,34.24979],[-103.25026,34.24992],[-103.25054,34.25036],[-103.25076,34.25046],[-103.2504,34.25113],[-103.24995,34.25135],[-103.24905,34.25216],[-103.24779,34.25261],[-103.2478,34.25277],[-103.24758,34.253],[-103.24639,34.25388],[-103.24526,34.25467],[-103.2446,34.25477],[-103.24413,34.25527],[-103.24244,34.25541],[-103.24212,34.2553],[-103.2402,34.25529],[-103.23947,34.25545],[-103.23917,34.25564],[-103.23805,34.2553],[-103.2359,34.25523],[-103.23565,34.25556],[-103.23543,34.25645],[-103.2352,34.25674],[-103.23417,34.25742],[-103.23107,34.25887],[-103.23062,34.25923],[-103.23003,34.25941],[-103.22817,34.25944],[-103.22626,34.26074],[-103.22505,34.26109],[-103.22418,34.2617],[-103.22275,34.26216],[-103.22185,34.2629],[-103.21992,34.26346],[-103.21972,34.26368],[-103.21921,34.26379],[-103.21903,34.26395],[-103.21881,34.26375],[-103.21866,34.26395],[-103.21799,34.2641],[-103.2176,34.26434],[-103.21725,34.26486],[-103.21554,34.26565],[-103.21444,34.2659],[-103.21463,34.26562],[-103.21436,34.26539],[-103.2155,34.26506],[-103.21573,34.26472],[-103.21647,34.26458],[-103.21647,34.26439],[-103.21613,34.26433],[-103.2142,34.26468],[-103.21385,34.2651],[-103.21407,34.26554],[-103.21406,34.26599],[-103.21249,34.2667],[-103.21201,34.26677]]]},"properties":{"fire_id":"ufid:2022-NMN5S-N5S072","source_collection":"history-2022","source_objectid":15446,"incident_name":"BLACKWATER DRAW","mapped_acres":1025.6,"mapped_acres_source":"poly_GISAcres","gis_acres":1025.6,"auto_acres":null,"reported_acres":1482.0,"percent_contained":null,"state":"NM","state_wfigs":"US-NM","county":"Roosevelt","discovery_time_utc":"2022-03-29T20:54:49Z","perimeter_time_utc":null,"perimeter_edit_time_utc":null,"incident_modified_time_utc":"2023-02-03T19:03:00Z","containment_time_utc":null,"control_time_utc":null,"fire_out_time_utc":null,"fire_cause":null,"fire_cause_general":null,"map_method":"Hand Sketch","source_dataset":"Inspector","unique_fire_identifier":"2022-NMN5S-N5S072","irwin_id":"{C5A6FF01-1207-42CE-A377-0F1F7C093ED5}","global_id":"af7c796b-6aae-42af-8e98-b31f6242d9b0"}},{"type":"Feature","geometry":{"type":"Polygon","coordinates":[[[-103.86554,34.30028],[-103.86508,34.29988],[-103.86501,34.29862],[-103.86522,34.29755],[-103.86515,34.297],[-103.86529,34.29646],[-103.86528,34.29512],[-103.86556,34.29386],[-103.86568,34.29206],[-103.86621,34.28945],[-103.86627,34.28846],[-103.86731,34.28523],[-103.86756,34.28502],[-103.86774,34.28509],[-103.86783,34.28499],[-103.868,34.28386],[-103.8688,34.28253],[-103.8689,34.28207],[-103.86954,34.28122],[-103.86983,34.28143],[-103.8701,34.28138],[-103.87015,34.28118],[-103.87004,34.281],[-103.87017,34.28077],[-103.87044,34.28068],[-103.87057,34.281],[-103.87017,34.28217],[-103.87098,34.28271],[-103.87154,34.28226],[-103.87231,34.28064],[-103.87239,34.27992],[-103.87274,34.27929],[-103.87264,34.27884],[-103.87311,34.27792],[-103.87377,34.27752],[-103.874,34.27764],[-103.87374,34.27791],[-103.87361,34.27875],[-103.87333,34.27913],[-103.87316,34.2801],[-103.87242,34.28174],[-103.8737,34.28103],[-103.87428,34.28016],[-103.87458,34.27994],[-103.87528,34.27954],[-103.87601,34.27952],[-103.87694,34.27893],[-103.87835,34.27751],[-103.87954,34.27551],[-103.87928,34.2747],[-103.87949,34.27387],[-103.87988,34.2734],[-103.88051,34.27336],[-103.88063,34.2732],[-103.88134,34.27057],[-103.88142,34.26886],[-103.8817,34.26823],[-103.88174,34.26643],[-103.88204,34.26574],[-103.8821,34.26505],[-103.88269,34.26375],[-103.88342,34.26275],[-103.88465,34.26216],[-103.88663,34.26212],[-103.88887,34.26229],[-103.89031,34.26201],[-103.89076,34.26226],[-103.89157,34.26233],[-103.89211,34.26217],[-103.89247,34.2623],[-103.89373,34.26193],[-103.89476,34.26081],[-103.89589,34.26015],[-103.89634,34.25973],[-103.89669,34.25969],[-103.89695,34.2605],[-103.89683,34.26194],[-103.89697,34.26243],[-103.89725,34.26264],[-103.89678,34.2632],[-103.89697,34.26342],[-103.89771,34.2632],[-103.89747,34.26353],[-103.89743,34.26382],[-103.89757,34.2643],[-103.89807,34.26481],[-103.89705,34.26571],[-103.89684,34.26625],[-103.89724,34.26647],[-103.89734,34.26679],[-103.89663,34.26787],[-103.8967,34.26797],[-103.89733,34.26776],[-103.89802,34.26722],[-103.8993,34.26673],[-103.89914,34.26726],[-103.8988,34.2676],[-103.89908,34.26765],[-103.89927,34.26739],[-103.89975,34.26711],[-103.89993,34.26713],[-103.89997,34.26742],[-103.89948,34.26778],[-103.9001,34.26824],[-103.89913,34.26958],[-103.89838,34.27021],[-103.89887,34.27057],[-103.89884,34.27075],[-103.89813,34.27088],[-103.8977,34.27111],[-103.89771,34.27149],[-103.89713,34.27172],[-103.89697,34.27201],[-103.89652,34.27228],[-103.89652,34.27246],[-103.8967,34.27259],[-103.89795,34.27261],[-103.89941,34.27289],[-103.9013,34.27372],[-103.90065,34.27392],[-103.89867,34.27386],[-103.89749,34.27397],[-103.89665,34.2743],[-103.89653,34.27497],[-103.89722,34.27533],[-103.89701,34.27578],[-103.89698,34.27625],[-103.89661,34.27635],[-103.89656,34.27695],[-103.89679,34.2774],[-103.89757,34.27779],[-103.89786,34.27911],[-103.89763,34.2796],[-103.89693,34.2797],[-103.897,34.28001],[-103.89679,34.28044],[-103.89643,34.2802],[-103.89624,34.28028],[-103.89639,34.28064],[-103.89609,34.28152],[-103.89625,34.28181],[-103.8962,34.28203],[-103.89571,34.28213],[-103.89525,34.28252],[-103.89409,34.28298],[-103.89448,34.28343],[-103.89465,34.28395],[-103.89443,34.28452],[-103.89454,34.2846],[-103.89483,34.28442],[-103.89491,34.28461],[-103.89481,34.28487],[-103.89532,34.28469],[-103.8958,34.28431],[-103.89613,34.28435],[-103.89627,34.28451],[-103.89607,34.28487],[-103.89612,34.28514],[-103.8967,34.28534],[-103.89688,34.2857],[-103.89715,34.28552],[-103.89728,34.28567],[-103.89665,34.28603],[-103.89688,34.28617],[-103.89691,34.28634],[-103.89643,34.28657],[-103.89652,34.28671],[-103.8969,34.28664],[-103.89686,34.28702],[-103.89637,34.28738],[-103.89667,34.28774],[-103.89661,34.2881],[-103.89597,34.28846],[-103.896,34.28862],[-103.89643,34.28859],[-103.89676,34.28882],[-103.89712,34.28936],[-103.89706,34.28963],[-103.89679,34.2897],[-103.89672,34.28918],[-103.89661,34.28915],[-103.89646,34.28927],[-103.89646,34.28958],[-103.89613,34.28972],[-103.89652,34.29008],[-103.89608,34.2908],[-103.89612,34.29314],[-103.89579,34.29341],[-103.89615,34.29386],[-103.89628,34.29458],[-103.89616,34.29488],[-103.89558,34.29497],[-103.89472,34.29478],[-103.89379,34.29491],[-103.89368,34.29512],[-103.89436,34.29536],[-103.89544,34.29518],[-103.89528,34.2955],[-103.89346,34.29595],[-103.89193,34.29617],[-103.89004,34.29604],[-103.88824,34.29569],[-103.88752,34.2958],[-103.88716,34.29609],[-103.88636,34.29597],[-103.88546,34.29609],[-103.88519,34.29594],[-103.88453,34.2959],[-103.88294,34.2962],[-103.88195,34.29609],[-103.8815,34.29586],[-103.88122,34.29602],[-103.88132,34.2962],[-103.88174,34.2964],[-103.88174,34.29682],[-103.88149,34.29701],[-103.88106,34.29682],[-103.88096,34.29632],[-103.88069,34.29616],[-103.87907,34.2964],[-103.877,34.29626],[-103.87359,34.2965],[-103.87193,34.29623],[-103.87107,34.29585],[-103.87035,34.29598],[-103.86951,34.2959],[-103.86891,34.29645],[-103.86885,34.29691],[-103.86858,34.29748],[-103.86745,34.29862],[-103.86659,34.30008],[-103.86554,34.30028]]]},"properties":{"fire_id":"ufid:2022-NMN5S-000009","source_collection":"history-2022","source_objectid":15448,"incident_name":"SOUTHWEST MANEUVER A","mapped_acres":1992.16,"mapped_acres_source":"poly_GISAcres","gis_acres":1992.16,"auto_acres":null,"reported_acres":2016.0,"percent_contained":null,"state":"NM","state_wfigs":"US-NM","county":"Roosevelt","discovery_time_utc":"2022-07-21T02:13:12Z","perimeter_time_utc":null,"perimeter_edit_time_utc":null,"incident_modified_time_utc":"2023-01-30T18:29:24Z","containment_time_utc":null,"control_time_utc":null,"fire_out_time_utc":null,"fire_cause":null,"fire_cause_general":null,"map_method":"Hand Sketch","source_dataset":"Inspector","unique_fire_identifier":"2022-NMN5S-000009","irwin_id":"{F9F8494F-2F18-465A-8D72-D34AC71D247E}","global_id":"36cabd98-4513-40e6-a871-2131719f1c04"}}]}
