{"type":"FeatureCollection","features":[{"type":"Feature","geometry":{"type":"Polygon","coordinates":[[[-102.89535,43.66666],[-102.89522,43.66688],[-102.89493,43.66666],[-102.89433,43.66552],[-102.89449,43.66535],[-102.89495,43.66527],[-102.895,43.66547],[-102.89512,43.66548],[-102.89526,43.66537],[-102.89516,43.66522],[-102.8955,43.66509],[-102.89538,43.66575],[-102.89584,43.6662],[-102.89568,43.66651],[-102.89535,43.66666]]]},"properties":{"fire_id":"ufid:2022-SDPRA-000011","source_collection":"history-2022","source_objectid":436,"incident_name":"Bengals Fire","mapped_acres":3.07709132108585,"mapped_acres_source":"poly_GISAcres","gis_acres":3.07709132108585,"auto_acres":3.07707993016667,"reported_acres":3.1,"percent_contained":null,"state":"SD","state_wfigs":"US-SD","county":"Oglala Lakota","discovery_time_utc":"2022-02-13T21:41:30Z","perimeter_time_utc":null,"perimeter_edit_time_utc":"2022-10-21T14:56:53Z","incident_modified_time_utc":"2022-02-15T20:30:07Z","containment_time_utc":"2022-02-13T22:30:00Z","control_time_utc":"2022-02-13T22:45:00Z","fire_out_time_utc":"2022-02-14T01:00:00Z","fire_cause":"Human","fire_cause_general":"Other Human Cause","map_method":"Mixed Methods","source_dataset":"2022 NIFS","unique_fire_identifier":"2022-SDPRA-000011","irwin_id":"{55946E93-C202-4258-A74B-68C8F5D9CA87}","global_id":"05b85ebb-4b57-44bc-a577-fb9b2a6878fc"}},{"type":"Feature","geometry":{"type":"Polygon","coordinates":[[[-102.35304,43.30961],[-102.35352,43.30977],[-102.35339,43.30997],[-102.35279,43.30999],[-102.3527,43.3098],[-102.35292,43.30978],[-102.35304,43.30961]]]},"properties":{"fire_id":"ufid:2022-SDPRA-000049","source_collection":"history-2022","source_objectid":798,"incident_name":"LSKEG","mapped_acres":0.05,"mapped_acres_source":"poly_GISAcres","gis_acres":0.05,"auto_acres":0.420899645788128,"reported_acres":0.4,"percent_contained":null,"state":"SD","state_wfigs":"US-SD","county":"Oglala Lakota","discovery_time_utc":"2022-06-24T10:15:38Z","perimeter_time_utc":null,"perimeter_edit_time_utc":"2022-08-05T21:31:13Z","incident_modified_time_utc":"2022-06-27T17:01:09Z","containment_time_utc":null,"control_time_utc":null,"fire_out_time_utc":null,"fire_cause":null,"fire_cause_general":null,"map_method":"Mixed Methods","source_dataset":"2022 NIFS","unique_fire_identifier":"2022-SDPRA-000049","irwin_id":"{CED5E5FA-4990-43FC-A628-912B61A26473}","global_id":"2226a66a-8b2a-497e-81df-7fa3903e2813"}},{"type":"Feature","geometry":{"type":"MultiPolygon","coordinates":[[[[-103.62014,44.39521],[-103.61984,44.39539],[-103.61969,44.39526],[-103.62004,44.39511],[-103.62014,44.39521]]],[[[-103.62007,44.39535],[-103.62003,44.39536],[-103.62003,44.39535],[-103.62007,44.39535]]]]},"properties":{"fire_id":"ufid:2022-SDSDS-220028","source_collection":"history-2022","source_objectid":1106,"incident_name":"Warren","mapped_acres":0.185089855560769,"mapped_acres_source":"poly_GISAcres","gis_acres":0.185089855560769,"auto_acres":0.185089169351125,"reported_acres":0.19,"percent_contained":null,"state":"SD","state_wfigs":"US-SD","county":"Lawrence","discovery_time_utc":"2022-01-09T23:56:46Z","perimeter_time_utc":null,"perimeter_edit_time_utc":"2022-10-21T14:55:50Z","incident_modified_time_utc":"2022-03-14T21:51:57Z","containment_time_utc":"2022-01-10T00:50:00Z","control_time_utc":"2022-01-10T00:50:00Z","fire_out_time_utc":"2022-01-12T18:45:00Z","fire_cause":"Human","fire_cause_general":"Debris/Open Burning","map_method":"Mixed Methods","source_dataset":"2022 NIFS","unique_fire_identifier":"2022-SDSDS-220028","irwin_id":"{E3BE6DD7-C340-439F-8F11-A0CDB43C955F}","global_id":"d515443b-8c24-493e-a1b3-8697a12d644b"}},{"type":"Feature","geometry":{"type":"Polygon","coordinates":[[[-104.03737,44.54627],[-104.03628,44.5463],[-104.03675,44.54622],[-104.03737,44.54627]]]},"properties":{"fire_id":"ufid:2022-SDSDS-220242","source_collection":"history-2022","source_objectid":1116,"incident_name":"Mm 1","mapped_acres":0.1446,"mapped_acres_source":"poly_GISAcres","gis_acres":0.1446,"auto_acres":0.144634015274482,"reported_acres":0.14,"percent_contained":null,"state":"SD","state_wfigs":"US-SD","county":"Lawrence","discovery_time_utc":"2022-05-02T20:32:00Z","perimeter_time_utc":null,"perimeter_edit_time_utc":"2022-05-24T21:40:14Z","incident_modified_time_utc":"2022-05-03T18:03:24Z","containment_time_utc":"2022-05-02T21:00:00Z","control_time_utc":"2022-05-02T21:30:00Z","fire_out_time_utc":"2022-05-03T18:00:00Z","fire_cause":"Human","fire_cause_general":null,"map_method":"Mixed Methods","source_dataset":"2022 NIFS","unique_fire_identifier":"2022-SDSDS-220242","irwin_id":"{979FAFA4-623C-46EC-8611-AF517E33043D}","global_id":"d29938e9-6563-4129-b21e-df42c9e463fa"}},{"type":"Feature","geometry":{"type":"Polygon","coordinates":[[[-100.8367,43.25791],[-100.83675,43.25792],[-100.83674,43.25793],[-100.8367,43.25791]]]},"properties":{"fire_id":"ufid:2022-SDRBA-000136","source_collection":"history-2022","source_objectid":1546,"incident_name":"Front window","mapped_acres":0.1,"mapped_acres_source":"poly_GISAcres","gis_acres":0.1,"auto_acres":0.00134675346449707,"reported_acres":0.1,"percent_contained":null,"state":"SD","state_wfigs":"US-SD","county":"Todd","discovery_time_utc":"2022-12-08T19:15:00Z","perimeter_time_utc":"2022-12-09T01:15:00Z","perimeter_edit_time_utc":"2022-12-08T20:08:28Z","incident_modified_time_utc":"2022-12-08T19:36:57Z","containment_time_utc":null,"control_time_utc":null,"fire_out_time_utc":null,"fire_cause":"Human","fire_cause_general":"Other causes","map_method":"Hand Sketch","source_dataset":"2022 NIFS","unique_fire_identifier":"2022-SDRBA-000136","irwin_id":"{13D095EF-813B-4100-A24D-1AFC972773F2}","global_id":"81431e02-ea6e-4ccd-a2d5-5bbd5cada65b"}},{"type":"Feature","geometry":{"type":"Polygon","coordinates":[[[-101.14317,44.7234],[-101.14427,44.72336],[-101.14413,44.7228],[-101.14497,44.72307],[-101.14542,44.72277],[-101.14578,44.72274],[-101.14623,44.72295],[-101.14626,44.72308],[-101.14652,44.72285],[-101.14641,44.72258],[-101.14574,44.72253],[-101.14574,44.72239],[-101.14558,44.72232],[-101.14485,44.72257],[-101.14391,44.72216],[-101.14424,44.722],[-101.14305,44.72185],[-101.14289,44.72173],[-101.14319,44.72172],[-101.14299,44.72159],[-101.14358,44.72159],[-101.1451,44.72207],[-101.14506,44.72168],[-101.14521,44.72159],[-101.14368,44.72109],[-101.14343,44.72072],[-101.14384,44.72061],[-101.14411,44.71981],[-101.14453,44.71993],[-101.1462,44.71967],[-101.14683,44.71875],[-101.14645,44.71868],[-101.14638,44.71893],[-101.14569,44.71911],[-101.14588,44.71895],[-101.14568,44.71895],[-101.14521,44.7193],[-101.14513,44.71917],[-101.14534,44.71891],[-101.14581,44.71866],[-101.14635,44.71857],[-101.14812,44.71855],[-101.14927,44.71878],[-101.14943,44.71858],[-101.14939,44.71845],[-101.14855,44.71818],[-101.1481,44.71789],[-101.14822,44.71775],[-101.1487,44.71784],[-101.14935,44.7177],[-101.14963,44.71783],[-101.15016,44.71778],[-101.15143,44.71819],[-101.15208,44.71802],[-101.15204,44.71785],[-101.15181,44.71779],[-101.15194,44.71764],[-101.15287,44.71771],[-101.15339,44.71759],[-101.15312,44.71693],[-101.15341,44.71659],[-101.15402,44.71624],[-101.15583,44.71598],[-101.15694,44.71601],[-101.15734,44.717],[-101.15711,44.71743],[-101.15688,44.71754],[-101.15709,44.71788],[-101.15703,44.71798],[-101.15686,44.71818],[-101.15655,44.71822],[-101.15662,44.71878],[-101.15642,44.71896],[-101.1564,44.71924],[-101.15572,44.71971],[-101.15476,44.71981],[-101.15459,44.71998],[-101.15464,44.72025],[-101.1545,44.72055],[-101.1543,44.72073],[-101.15568,44.72179],[-101.15579,44.72204],[-101.15519,44.72272],[-101.15548,44.7229],[-101.15514,44.72313],[-101.15463,44.72323],[-101.15463,44.7234],[-101.15434,44.7235],[-101.15422,44.72372],[-101.15395,44.72367],[-101.15408,44.7236],[-101.15392,44.72333],[-101.15316,44.72362],[-101.15336,44.72396],[-101.15289,44.72426],[-101.1529,44.72437],[-101.15267,44.72442],[-101.15261,44.72466],[-101.15226,44.72482],[-101.15191,44.72535],[-101.15163,44.7254],[-101.15158,44.72563],[-101.15098,44.72579],[-101.15119,44.72614],[-101.15075,44.72628],[-101.15104,44.72674],[-101.15121,44.72678],[-101.14998,44.72709],[-101.14977,44.72777],[-101.14929,44.72782],[-101.14934,44.72813],[-101.14915,44.7286],[-101.14841,44.7289],[-101.14786,44.72929],[-101.14757,44.72978],[-101.14772,44.72983],[-101.14837,44.72952],[-101.14872,44.72967],[-101.14846,44.72977],[-101.1485,44.72994],[-101.14807,44.73022],[-101.1478,44.73019],[-101.14755,44.73034],[-101.14776,44.73045],[-101.14763,44.73076],[-101.14791,44.73085],[-101.14768,44.73138],[-101.14737,44.7315],[-101.14682,44.73135],[-101.14647,44.7314],[-101.14633,44.73131],[-101.14645,44.73116],[-101.14634,44.73111],[-101.14642,44.73095],[-101.14623,44.73094],[-101.14605,44.73068],[-101.14631,44.73048],[-101.14607,44.73039],[-101.14629,44.73],[-101.1462,44.72987],[-101.14638,44.7297],[-101.14626,44.72956],[-101.14607,44.72961],[-101.14635,44.72937],[-101.14616,44.72915],[-101.14635,44.72893],[-101.14611,44.72889],[-101.1462,44.72874],[-101.14667,44.72859],[-101.14644,44.72847],[-101.14641,44.72825],[-101.14594,44.72858],[-101.14588,44.72839],[-101.14607,44.72827],[-101.14605,44.72816],[-101.14652,44.72803],[-101.14652,44.72777],[-101.14666,44.72769],[-101.14655,44.72757],[-101.14668,44.72742],[-101.14724,44.72755],[-101.14692,44.72726],[-101.14711,44.72731],[-101.14723,44.72701],[-101.1467,44.7271],[-101.14642,44.72744],[-101.14617,44.72754],[-101.14598,44.72792],[-101.14596,44.72772],[-101.14612,44.72754],[-101.14601,44.72756],[-101.14603,44.72746],[-101.14565,44.72778],[-101.14542,44.72767],[-101.14579,44.72662],[-101.14567,44.72641],[-101.14596,44.72627],[-101.14647,44.72555],[-101.1466,44.7246],[-101.14647,44.72445],[-101.14584,44.72452],[-101.14555,44.72469],[-101.14514,44.72466],[-101.14485,44.72434],[-101.14459,44.7243],[-101.14357,44.72364],[-101.14336,44.72365],[-101.14317,44.7234]]]},"properties":{"fire_id":"ufid:2022-SDOAE-220351","source_collection":"history-2022","source_objectid":1550,"incident_name":"Cheyenne River Bottom","mapped_acres":0.1,"mapped_acres_source":"poly_GISAcres","gis_acres":0.1,"auto_acres":211.15597896078,"reported_acres":211.2,"percent_contained":null,"state":"SD","state_wfigs":"US-SD","county":"Haakon","discovery_time_utc":"2022-06-21T18:18:00Z","perimeter_time_utc":"2022-06-21T23:18:33Z","perimeter_edit_time_utc":"2022-06-22T20:29:08Z","incident_modified_time_utc":"2022-06-28T15:45:08Z","containment_time_utc":"2022-06-22T20:56:00Z","control_time_utc":null,"fire_out_time_utc":null,"fire_cause":"Natural","fire_cause_general":null,"map_method":"Auto-generated","source_dataset":"2022 NIFS","unique_fire_identifier":"2022-SDOAE-220351","irwin_id":"{7C9BB7B4-38C0-45D8-B9A5-BC22154FC076}","global_id":"b39030db-3414-42af-96b0-4bca12cb2873"}},{"type":"Feature","geometry":{"type":"Polygon","coordinates":[[[-100.91156,43.14502],[-100.91176,43.14536],[-100.91145,43.14552],[-100.91086,43.1454],[-100.9109,43.1452],[-100.91075,43.14517],[-100.91114,43.14489],[-100.91156,43.14502]]]},"properties":{"fire_id":"ufid:2022-SDRBA-000004","source_collection":"history-2022","source_objectid":1588,"incident_name":"Pop can","mapped_acres":0.938883585970774,"mapped_acres_source":"poly_GISAcres","gis_acres":0.938883585970774,"auto_acres":0.938880113558089,"reported_acres":0.1,"percent_contained":null,"state":"SD","state_wfigs":"US-SD","county":"Todd","discovery_time_utc":"2022-02-07T20:30:47Z","perimeter_time_utc":null,"perimeter_edit_time_utc":"2022-10-21T14:56:31Z","incident_modified_time_utc":"2022-02-10T18:53:43Z","containment_time_utc":null,"control_time_utc":null,"fire_out_time_utc":null,"fire_cause":null,"fire_cause_general":null,"map_method":"Mixed Methods","source_dataset":"2022 NIFS","unique_fire_identifier":"2022-SDRBA-000004","irwin_id":"{EA446C4C-8EB3-4442-88F3-F71AE5D61CAE}","global_id":"771f31ad-b312-46ab-aa97-521bcd28437e"}},{"type":"Feature","geometry":{"type":"Polygon","coordinates":[[[-103.88003,43.52795],[-103.88039,43.52826],[-103.88208,43.52857],[-103.88235,43.5287],[-103.88249,43.529],[-103.88347,43.52907],[-103.88465,43.5296],[-103.88462,43.5298],[-103.88499,43.52992],[-103.88505,43.5301],[-103.8848,43.53055],[-103.8848,43.53103],[-103.88458,43.53122],[-103.8846,43.53174],[-103.88431,43.5319],[-103.884,43.53187],[-103.88332,43.53142],[-103.88256,43.53129],[-103.88187,43.53072],[-103.88132,43.53075],[-103.88106,43.53014],[-103.88056,43.52965],[-103.88061,43.5295],[-103.87993,43.52864],[-103.88006,43.5283],[-103.87987,43.52804],[-103.88003,43.52795]],[[-103.88062,43.52951],[-103.88063,43.52949],[-103.88061,43.5295],[-103.88062,43.52951]]]},"properties":{"fire_id":"ufid:2022-SDSDS-220863","source_collection":"history-2022","source_objectid":2327,"incident_name":"Pleasant","mapped_acres":1.0,"mapped_acres_source":"poly_GISAcres","gis_acres":1.0,"auto_acres":22.3556588420787,"reported_acres":22.0,"percent_contained":null,"state":"SD","state_wfigs":"US-SD","county":"Custer","discovery_time_utc":"2022-11-30T18:42:00Z","perimeter_time_utc":"2022-12-01T00:42:00Z","perimeter_edit_time_utc":"2022-11-30T22:40:31Z","incident_modified_time_utc":"2026-06-26T22:23:02Z","containment_time_utc":"2022-12-01T16:13:00Z","control_time_utc":"2022-12-01T19:25:00Z","fire_out_time_utc":"2022-12-06T18:00:00Z","fire_cause":"Undetermined","fire_cause_general":null,"map_method":"Auto-generated","source_dataset":"2022 NIFS","unique_fire_identifier":"2022-SDSDS-220863","irwin_id":"{DA032507-8A66-4805-A586-5350858BD8A5}","global_id":"5134e7b0-8235-4e6d-8e7b-bed567dfa822"}},{"type":"Feature","geometry":{"type":"Polygon","coordinates":[[[-103.31109,44.22863],[-103.31086,44.22857],[-103.31105,44.22848],[-103.31109,44.22863]]]},"properties":{"fire_id":"ufid:2022-SDSDS-220211","source_collection":"history-2022","source_objectid":2473,"incident_name":"Trail","mapped_acres":0.07,"mapped_acres_source":"poly_GISAcres","gis_acres":0.07,"auto_acres":0.0754255921300976,"reported_acres":0.1,"percent_contained":null,"state":"SD","state_wfigs":"US-SD","county":"Meade","discovery_time_utc":"2022-04-20T18:20:00Z","perimeter_time_utc":null,"perimeter_edit_time_utc":"2022-05-24T21:07:54Z","incident_modified_time_utc":"2022-04-25T19:35:13Z","containment_time_utc":"2022-04-20T19:00:00Z","control_time_utc":"2022-04-20T19:00:00Z","fire_out_time_utc":"2022-04-25T19:32:00Z","fire_cause":"Human","fire_cause_general":null,"map_method":"Mixed Methods","source_dataset":"2022 NIFS","unique_fire_identifier":"2022-SDSDS-220211","irwin_id":"{E98C4BD7-10A7-4289-97BE-967F39E78229}","global_id":"bc937bd8-6013-48fa-89c1-617ed247d770"}},{"type":"Feature","geometry":{"type":"Polygon","coordinates":[[[-103.86636,44.54187],[-103.86566,44.5418],[-103.86607,44.54169],[-103.86562,44.54145],[-103.86602,44.54149],[-103.86612,44.54135],[-103.86584,44.54128],[-103.86634,44.54129],[-103.86659,44.54156],[-103.86668,44.54137],[-103.86686,44.54148],[-103.86684,44.54178],[-103.86636,44.54187]]]},"properties":{"fire_id":"ufid:2022-SDLAX-220592","source_collection":"history-2022","source_objectid":2744,"incident_name":"Rubble Fire","mapped_acres":1.03489864717077,"mapped_acres_source":"poly_Acres_AutoCalc_fallback","gis_acres":null,"auto_acres":1.03489864717077,"reported_acres":1.0,"percent_contained":null,"state":"SD","state_wfigs":"US-SD","county":"Lawrence","discovery_time_utc":"2022-08-07T22:45:00Z","perimeter_time_utc":null,"perimeter_edit_time_utc":"2022-08-17T16:26:13Z","incident_modified_time_utc":"2026-06-26T22:36:06Z","containment_time_utc":"2022-08-07T23:43:00Z","control_time_utc":"2022-08-07T23:43:00Z","fire_out_time_utc":null,"fire_cause":"Natural","fire_cause_general":null,"map_method":"Mixed Methods","source_dataset":"2022 NIFS","unique_fire_identifier":"2022-SDLAX-220592","irwin_id":"{0BF3E262-8989-470D-986C-10B64FC1AE7D}","global_id":"83dd7bf8-2240-4ae3-9b7c-26c18b03ce6c"}},{"type":"Feature","geometry":{"type":"Polygon","coordinates":[[[-103.83946,44.32426],[-103.83938,44.32439],[-103.83937,44.3243],[-103.83946,44.32426]]]},"properties":{"fire_id":"ufid:2022-SDSDS-220600","source_collection":"history-2022","source_objectid":2947,"incident_name":"Adventure Fire","mapped_acres":0.0226373842106772,"mapped_acres_source":"poly_Acres_AutoCalc_fallback","gis_acres":null,"auto_acres":0.0226373842106772,"reported_acres":0.1,"percent_contained":null,"state":"SD","state_wfigs":"US-SD","county":"Lawrence","discovery_time_utc":"2022-08-09T20:37:00Z","perimeter_time_utc":null,"perimeter_edit_time_utc":"2022-08-15T16:42:32Z","incident_modified_time_utc":"2022-08-11T20:14:50Z","containment_time_utc":"2022-08-09T22:00:00Z","control_time_utc":"2022-08-09T23:13:00Z","fire_out_time_utc":"2022-08-11T20:00:00Z","fire_cause":"Human","fire_cause_general":null,"map_method":"Mixed Methods","source_dataset":"2022 NIFS","unique_fire_identifier":"2022-SDSDS-220600","irwin_id":"{A2155CE2-8C20-40F2-B15E-49B21D534271}","global_id":"a208beb4-83cc-4b16-9c94-41a3171ba888"}},{"type":"Feature","geometry":{"type":"Polygon","coordinates":[[[-102.38334,43.34444],[-102.38295,43.34443],[-102.38306,43.34425],[-102.3826,43.34408],[-102.38266,43.3439],[-102.38235,43.34379],[-102.38243,43.34365],[-102.3822,43.34371],[-102.38233,43.34351],[-102.38224,43.34333],[-102.38236,43.34324],[-102.38218,43.34318],[-102.38216,43.34305],[-102.38287,43.34308],[-102.38334,43.34444]]]},"properties":{"fire_id":"ufid:2022-SDPRA-000008","source_collection":"history-2022","source_objectid":3026,"incident_name":"Tillamook","mapped_acres":1.94116380060273,"mapped_acres_source":"poly_GISAcres","gis_acres":1.94116380060273,"auto_acres":1.94115659643512,"reported_acres":1.9,"percent_contained":null,"state":"SD","state_wfigs":"US-SD","county":"Oglala Lakota","discovery_time_utc":"2022-02-08T18:48:56Z","perimeter_time_utc":null,"perimeter_edit_time_utc":"2022-10-21T14:56:35Z","incident_modified_time_utc":"2022-02-15T20:29:34Z","containment_time_utc":"2022-02-08T19:45:46Z","control_time_utc":"2022-02-08T20:45:46Z","fire_out_time_utc":"2022-02-08T22:00:00Z","fire_cause":"Human","fire_cause_general":"Equipment","map_method":"Mixed Methods","source_dataset":"2022 NIFS","unique_fire_identifier":"2022-SDPRA-000008","irwin_id":"{CD62EF82-988A-4347-B063-8EE9107CDD7B}","global_id":"f74321e0-6d83-4bcf-8160-6257106f2b17"}},{"type":"Feature","geometry":{"type":"MultiPolygon","coordinates":[[[[-103.96473,44.56283],[-103.9648,44.56284],[-103.96482,44.56285],[-103.96473,44.56283]]],[[[-103.96465,44.56251],[-103.96527,44.56262],[-103.96519,44.56285],[-103.9645,44.56276],[-103.96465,44.56251]]],[[[-103.96482,44.56285],[-103.96501,44.56288],[-103.9649,44.56288],[-103.96482,44.56285]]]]},"properties":{"fire_id":"ufid:2022-SDLAX-220430","source_collection":"history-2022","source_objectid":3382,"incident_name":"Chicken Creek","mapped_acres":0.5,"mapped_acres_source":"poly_GISAcres","gis_acres":0.5,"auto_acres":0.482492992467496,"reported_acres":0.48,"percent_contained":null,"state":"SD","state_wfigs":"US-SD","county":"Lawrence","discovery_time_utc":"2022-07-07T21:10:00Z","perimeter_time_utc":null,"perimeter_edit_time_utc":"2022-08-05T18:33:22Z","incident_modified_time_utc":"2022-07-07T23:02:52Z","containment_time_utc":"2022-07-07T21:15:00Z","control_time_utc":"2022-07-07T21:35:00Z","fire_out_time_utc":null,"fire_cause":"Human","fire_cause_general":null,"map_method":"Mixed Methods","source_dataset":"2022 NIFS","unique_fire_identifier":"2022-SDLAX-220430","irwin_id":"{DFE30E8A-AF99-498F-AED6-E3A65319840B}","global_id":"b7bce649-77a5-4560-b096-c1873261a512"}},{"type":"Feature","geometry":{"type":"MultiPolygon","coordinates":[[[[-103.41254,44.06826],[-103.41251,44.06828],[-103.41252,44.06825],[-103.41254,44.06826]]],[[[-103.41498,44.06731],[-103.41554,44.06774],[-103.4154,44.06857],[-103.41471,44.06814],[-103.41317,44.06816],[-103.41299,44.06828],[-103.41206,44.06822],[-103.41182,44.068],[-103.41135,44.06813],[-103.41134,44.06797],[-103.41206,44.06788],[-103.41232,44.06759],[-103.41427,44.06752],[-103.41498,44.06731]]],[[[-103.4146,44.06735],[-103.41464,44.06737],[-103.41463,44.06737],[-103.4146,44.06735]]],[[[-103.41135,44.06813],[-103.4113,44.06818],[-103.41124,44.06817],[-103.41135,44.06813]]]]},"properties":{"fire_id":"ufid:2022-SDBKF-220057","source_collection":"history-2022","source_objectid":3825,"incident_name":"Log Porch","mapped_acres":5.42777458646029,"mapped_acres_source":"poly_GISAcres","gis_acres":5.42777458646029,"auto_acres":5.42775439600844,"reported_acres":5.4,"percent_contained":null,"state":"SD","state_wfigs":"US-SD","county":"Pennington","discovery_time_utc":"2022-02-07T15:46:00Z","perimeter_time_utc":null,"perimeter_edit_time_utc":"2022-10-21T14:56:29Z","incident_modified_time_utc":"2022-02-11T18:45:12Z","containment_time_utc":"2022-02-07T21:31:00Z","control_time_utc":"2022-02-08T19:37:00Z","fire_out_time_utc":"2022-02-11T17:00:00Z","fire_cause":"Human","fire_cause_general":"Incendiary","map_method":"Mixed Methods","source_dataset":"2022 NIFS","unique_fire_identifier":"2022-SDBKF-220057","irwin_id":"{62AB4BF4-72C4-415A-A5E8-C7A0CBD53514}","global_id":"a082e3e5-afa0-4ec6-94f9-105253621210"}},{"type":"Feature","geometry":{"type":"Polygon","coordinates":[[[-103.76393,44.44447],[-103.76397,44.44458],[-103.7639,44.44452],[-103.76393,44.44447]]]},"properties":{"fire_id":"ufid:2022-SDSDS-220533","source_collection":"history-2022","source_objectid":3928,"incident_name":"Pendo Rd Fire","mapped_acres":0.015,"mapped_acres_source":"poly_GISAcres","gis_acres":0.015,"auto_acres":0.0151559692870415,"reported_acres":0.1,"percent_contained":null,"state":"SD","state_wfigs":"US-SD","county":"Lawrence","discovery_time_utc":"2022-07-30T15:35:00Z","perimeter_time_utc":null,"perimeter_edit_time_utc":"2022-08-10T22:29:03Z","incident_modified_time_utc":"2026-06-26T21:07:47Z","containment_time_utc":"2022-07-30T16:10:00Z","control_time_utc":"2022-07-30T16:10:00Z","fire_out_time_utc":"2022-08-04T17:43:00Z","fire_cause":"Undetermined","fire_cause_general":null,"map_method":"Mixed Methods","source_dataset":"2022 NIFS","unique_fire_identifier":"2022-SDSDS-220533","irwin_id":"{C22E0FDF-7EC3-49DA-A9D2-8CA2951AFE10}","global_id":"1f7856c9-fae4-4632-a46f-68a3049e2403"}},{"type":"Feature","geometry":{"type":"Polygon","coordinates":[[[-102.02767,43.29569],[-102.02805,43.2961],[-102.02807,43.29665],[-102.02791,43.29684],[-102.02805,43.29691],[-102.0279,43.29705],[-102.02801,43.29706],[-102.02788,43.29714],[-102.02754,43.297],[-102.02703,43.29704],[-102.02689,43.29678],[-102.02698,43.2966],[-102.0266,43.29648],[-102.02653,43.2964],[-102.02667,43.2963],[-102.02654,43.29626],[-102.02683,43.29626],[-102.02677,43.29602],[-102.02767,43.29569]]]},"properties":{"fire_id":"ufid:2022-SDPRA-000039","source_collection":"history-2022","source_objectid":4087,"incident_name":"Steep","mapped_acres":1.0,"mapped_acres_source":"poly_GISAcres","gis_acres":1.0,"auto_acres":3.270974686896998,"reported_acres":3.3,"percent_contained":null,"state":"SD","state_wfigs":"US-SD","county":"Bennett","discovery_time_utc":"2022-05-06T01:15:00Z","perimeter_time_utc":"2022-08-05T20:45:34Z","perimeter_edit_time_utc":"2023-03-14T15:13:42Z","incident_modified_time_utc":"2022-05-06T19:03:04Z","containment_time_utc":"2022-05-06T20:30:00Z","control_time_utc":"2022-05-06T21:30:00Z","fire_out_time_utc":"2022-05-08T00:30:00Z","fire_cause":"Human","fire_cause_general":"Other causes","map_method":"Hand Sketch","source_dataset":"FFP","unique_fire_identifier":"2022-SDPRA-000039","irwin_id":"{0F8D9CC2-A93C-4287-9792-ED4E49CEBBD1}","global_id":"4e5c2786-5819-4494-a05b-0f1bec8e2b04"}},{"type":"Feature","geometry":{"type":"MultiPolygon","coordinates":[[[[-102.7688,43.20693],[-102.76894,43.20694],[-102.76896,43.20698],[-102.7688,43.20693]]],[[[-102.76905,43.20832],[-102.76899,43.20696],[-102.76925,43.20702],[-102.7696,43.20691],[-102.76921,43.20691],[-102.76945,43.20672],[-102.76956,43.20679],[-102.77032,43.20648],[-102.77074,43.20648],[-102.77229,43.20583],[-102.77347,43.20609],[-102.77375,43.20591],[-102.77367,43.2056],[-102.77586,43.20619],[-102.7743,43.20831],[-102.77395,43.20858],[-102.77189,43.20873],[-102.7708,43.20848],[-102.77053,43.20862],[-102.77012,43.20924],[-102.76973,43.20926],[-102.76949,43.2101],[-102.76939,43.21178],[-102.76926,43.21172],[-102.7692,43.20945],[-102.76946,43.20906],[-102.76905,43.20832]]]]},"properties":{"fire_id":"ufid:2022-SDPRA-000128","source_collection":"history-2022","source_objectid":4132,"incident_name":"Schools In","mapped_acres":15.0,"mapped_acres_source":"poly_GISAcres","gis_acres":15.0,"auto_acres":35.56556422099723,"reported_acres":15.0,"percent_contained":null,"state":"SD","state_wfigs":"US-SD","county":"Oglala Lakota","discovery_time_utc":"2022-08-19T20:45:43Z","perimeter_time_utc":"2022-08-21T20:57:39Z","perimeter_edit_time_utc":"2023-03-14T15:13:42Z","incident_modified_time_utc":"2022-08-20T15:23:33Z","containment_time_utc":null,"control_time_utc":null,"fire_out_time_utc":"2022-08-21T18:25:00Z","fire_cause":"Human","fire_cause_general":"Equipment and vehicle use","map_method":"Auto-generated","source_dataset":"FFP","unique_fire_identifier":"2022-SDPRA-000128","irwin_id":"{6BE5C5EE-C199-4FF4-9083-63AFBB28C38B}","global_id":"e079bc73-f302-4ff0-9f09-5f14643cbd2d"}},{"type":"Feature","geometry":{"type":"MultiPolygon","coordinates":[[[[-103.40086,44.14347],[-103.40165,44.14486],[-103.40064,44.14569],[-103.39846,44.14505],[-103.39825,44.14491],[-103.39803,44.14413],[-103.39813,44.14419],[-103.39807,44.14408],[-103.39877,44.14363],[-103.39939,44.1437],[-103.40086,44.14347]]],[[[-103.40132,44.14412],[-103.40134,44.14415],[-103.40132,44.14416],[-103.40132,44.14412]]],[[[-103.40132,44.14412],[-103.40131,44.1441],[-103.40132,44.1441],[-103.40132,44.14412]]]]},"properties":{"fire_id":"ufid:2022-SDBKF-220158","source_collection":"history-2022","source_objectid":4233,"incident_name":"Rolling Hills","mapped_acres":12.093697596092337,"mapped_acres_source":"poly_Acres_AutoCalc_fallback","gis_acres":null,"auto_acres":12.093697596092337,"reported_acres":12.0,"percent_contained":null,"state":"SD","state_wfigs":"US-SD","county":"Meade","discovery_time_utc":"2022-03-26T18:50:00Z","perimeter_time_utc":"2022-08-05T21:11:13Z","perimeter_edit_time_utc":"2023-03-14T15:13:42Z","incident_modified_time_utc":"2022-04-05T20:04:59Z","containment_time_utc":"2022-03-27T00:16:00Z","control_time_utc":"2022-03-28T16:09:00Z","fire_out_time_utc":"2022-04-05T20:00:00Z","fire_cause":"Human","fire_cause_general":"Debris and open burning","map_method":"Mixed Methods","source_dataset":"FFP","unique_fire_identifier":"2022-SDBKF-220158","irwin_id":"{18574364-F04A-4EB9-93A3-BF212599EE50}","global_id":"22bc0a8f-dde3-49cd-9d7e-fa22af99368d"}},{"type":"Feature","geometry":{"type":"MultiPolygon","coordinates":[[[[-102.18606,43.43059],[-102.18526,43.43091],[-102.18506,43.43087],[-102.18505,43.43005],[-102.18518,43.42979],[-102.18719,43.42984],[-102.18606,43.43059]]],[[[-102.18607,43.43059],[-102.18606,43.4306],[-102.18606,43.43059],[-102.18607,43.43059]]]]},"properties":{"fire_id":"ufid:2022-SDPRA-000075","source_collection":"history-2022","source_objectid":4303,"incident_name":"Kyle","mapped_acres":3.0,"mapped_acres_source":"poly_GISAcres","gis_acres":3.0,"auto_acres":3.237233416825272,"reported_acres":3.0,"percent_contained":null,"state":"SD","state_wfigs":"US-SD","county":"Oglala Lakota","discovery_time_utc":"2022-07-04T21:37:00Z","perimeter_time_utc":"2022-08-30T21:12:26Z","perimeter_edit_time_utc":"2023-03-14T15:13:42Z","incident_modified_time_utc":"2022-07-04T22:52:56Z","containment_time_utc":"2022-07-04T22:20:00Z","control_time_utc":"2022-07-04T22:30:00Z","fire_out_time_utc":"2022-07-06T02:00:00Z","fire_cause":"Human","fire_cause_general":"Fireworks","map_method":"Auto-generated","source_dataset":"FFP","unique_fire_identifier":"2022-SDPRA-000075","irwin_id":"{5B180DC7-7D34-447B-96D7-F741A6C08C7B}","global_id":"a6100a71-8d72-46bd-a064-d9fceac7945c"}},{"type":"Feature","geometry":{"type":"Polygon","coordinates":[[[-102.37838,43.26551],[-102.37863,43.26566],[-102.37858,43.26582],[-102.37819,43.26571],[-102.37838,43.26551]]]},"properties":{"fire_id":"ufid:2022-SDPRA-000054","source_collection":"history-2022","source_objectid":4344,"incident_name":"Punch","mapped_acres":0.2,"mapped_acres_source":"poly_GISAcres","gis_acres":0.2,"auto_acres":0.20817761085685252,"reported_acres":0.2,"percent_contained":null,"state":"SD","state_wfigs":"US-SD","county":"Oglala Lakota","discovery_time_utc":"2022-06-27T16:40:02Z","perimeter_time_utc":"2022-07-14T14:12:16Z","perimeter_edit_time_utc":"2023-03-14T15:13:42Z","incident_modified_time_utc":"2022-06-28T14:22:33Z","containment_time_utc":"2022-06-27T17:55:00Z","control_time_utc":"2022-06-27T18:25:00Z","fire_out_time_utc":"2022-06-30T00:30:00Z","fire_cause":"Natural","fire_cause_general":"Natural","map_method":"Auto-generated","source_dataset":"FFP","unique_fire_identifier":"2022-SDPRA-000054","irwin_id":"{70398DFC-DBB5-40E8-8FCD-D522387A48BE}","global_id":"de3fa4fd-0ea5-4811-a855-b4817d290be7"}},{"type":"Feature","geometry":{"type":"Polygon","coordinates":[[[-103.75199,43.96915],[-103.75205,43.96928],[-103.75182,43.96948],[-103.75162,43.96943],[-103.75199,43.96915]]]},"properties":{"fire_id":"ufid:2022-SDSDS-220110","source_collection":"history-2022","source_objectid":4405,"incident_name":"Gillette","mapped_acres":0.15252565688894415,"mapped_acres_source":"poly_Acres_AutoCalc_fallback","gis_acres":null,"auto_acres":0.15252565688894415,"reported_acres":0.15,"percent_contained":null,"state":"SD","state_wfigs":"US-SD","county":"Pennington","discovery_time_utc":"2022-03-04T23:19:00Z","perimeter_time_utc":"2022-08-05T21:09:21Z","perimeter_edit_time_utc":"2023-03-14T15:13:42Z","incident_modified_time_utc":"2022-03-14T21:06:41Z","containment_time_utc":"2022-03-05T00:54:00Z","control_time_utc":"2022-03-05T01:27:00Z","fire_out_time_utc":"2022-03-14T20:59:00Z","fire_cause":"Human","fire_cause_general":"Debris and open burning","map_method":"GPS-Walked","source_dataset":"FFP","unique_fire_identifier":"2022-SDSDS-220110","irwin_id":"{1578E9A0-1F93-47BA-9384-F6683F50BE4D}","global_id":"04c70250-1f16-48d8-b0e7-aec950ad6b7c"}},{"type":"Feature","geometry":{"type":"Polygon","coordinates":[[[-100.90066,43.19786],[-100.90092,43.19822],[-100.90098,43.1987],[-100.9008,43.19874],[-100.90083,43.19851],[-100.90057,43.19839],[-100.90037,43.19794],[-100.90066,43.19786]]]},"properties":{"fire_id":"ufid:2022-SDRBA-000024","source_collection":"history-2022","source_objectid":4411,"incident_name":"Impala","mapped_acres":0.53,"mapped_acres_source":"poly_GISAcres","gis_acres":0.53,"auto_acres":0.5320507301749157,"reported_acres":0.53,"percent_contained":null,"state":"SD","state_wfigs":"US-SD","county":"Todd","discovery_time_utc":"2022-03-28T20:45:00Z","perimeter_time_utc":"2022-08-11T17:37:12Z","perimeter_edit_time_utc":"2023-03-14T15:13:42Z","incident_modified_time_utc":"2022-03-28T21:04:35Z","containment_time_utc":null,"control_time_utc":null,"fire_out_time_utc":"2022-03-30T23:30:00Z","fire_cause":"Human","fire_cause_general":"Equipment and vehicle use","map_method":"Mixed Methods","source_dataset":"FFP","unique_fire_identifier":"2022-SDRBA-000024","irwin_id":"{6A726371-2CF4-4D83-BB40-E9930452A10F}","global_id":"b39e2c54-7771-413c-88d5-913c4482f479"}},{"type":"Feature","geometry":{"type":"Polygon","coordinates":[[[-103.84028,44.58503],[-103.84132,44.58514],[-103.84165,44.58553],[-103.84155,44.58574],[-103.84172,44.5859],[-103.84153,44.58613],[-103.84109,44.58614],[-103.84092,44.58588],[-103.8404,44.58574],[-103.83998,44.58536],[-103.84028,44.58503]]]},"properties":{"fire_id":"ufid:2022-SDLAX-220532","source_collection":"history-2022","source_objectid":4456,"incident_name":"Hardin","mapped_acres":2.62,"mapped_acres_source":"poly_GISAcres","gis_acres":2.62,"auto_acres":2.625614251642652,"reported_acres":2.6,"percent_contained":null,"state":"SD","state_wfigs":"US-SD","county":"Lawrence","discovery_time_utc":"2022-07-29T22:39:00Z","perimeter_time_utc":"2022-08-24T14:32:36Z","perimeter_edit_time_utc":"2023-03-14T15:13:42Z","incident_modified_time_utc":"2022-08-04T23:06:53Z","containment_time_utc":"2022-07-29T23:20:00Z","control_time_utc":"2022-07-30T00:15:00Z","fire_out_time_utc":"2022-08-04T23:00:00Z","fire_cause":"Undetermined","fire_cause_general":"Undetermined","map_method":"Mixed Methods","source_dataset":"FFP","unique_fire_identifier":"2022-SDLAX-220532","irwin_id":"{42501F77-8CEC-45B5-87C5-11CCAD935EF3}","global_id":"7751ff70-d053-4598-bb92-d3b833f61e8b"}},{"type":"Feature","geometry":{"type":"Polygon","coordinates":[[[-100.84674,43.03005],[-100.84712,43.03005],[-100.84693,43.03064],[-100.8466,43.03063],[-100.84652,43.03038],[-100.84674,43.03005]]]},"properties":{"fire_id":"ufid:2022-SDRBA-000108","source_collection":"history-2022","source_objectid":4544,"incident_name":"34 Bales","mapped_acres":0.1,"mapped_acres_source":"poly_GISAcres","gis_acres":0.1,"auto_acres":0.5368229843206467,"reported_acres":0.1,"percent_contained":null,"state":"SD","state_wfigs":"US-SD","county":"Todd","discovery_time_utc":"2022-09-28T15:30:00Z","perimeter_time_utc":"2022-10-24T20:53:47Z","perimeter_edit_time_utc":"2023-03-14T15:13:42Z","incident_modified_time_utc":"2022-09-28T16:32:51Z","containment_time_utc":null,"control_time_utc":null,"fire_out_time_utc":"2022-09-30T23:30:00Z","fire_cause":"Human","fire_cause_general":"Other causes","map_method":"Auto-generated","source_dataset":"FFP","unique_fire_identifier":"2022-SDRBA-000108","irwin_id":"{FDBF627B-8309-4150-B0FE-75D9F67266CC}","global_id":"0e6ffb04-eefe-4b4a-bf8c-e995cf8856f9"}},{"type":"Feature","geometry":{"type":"MultiPolygon","coordinates":[[[[-103.21431,44.07158],[-103.21345,44.07181],[-103.21287,44.07163],[-103.21423,44.07105],[-103.21491,44.07104],[-103.21608,44.07142],[-103.21631,44.07134],[-103.21654,44.07156],[-103.2163,44.07207],[-103.216,44.07225],[-103.21541,44.07198],[-103.21527,44.07207],[-103.21529,44.07192],[-103.21516,44.07185],[-103.21463,44.07171],[-103.21444,44.07179],[-103.21431,44.07158]]],[[[-103.21419,44.07165],[-103.21414,44.07169],[-103.21414,44.07167],[-103.21419,44.07165]]]]},"properties":{"fire_id":"ufid:2022-SDPNX-220757","source_collection":"history-2022","source_objectid":4673,"incident_name":"Neptune","mapped_acres":1.0,"mapped_acres_source":"poly_GISAcres","gis_acres":1.0,"auto_acres":4.8294875312548475,"reported_acres":4.5,"percent_contained":null,"state":"SD","state_wfigs":"US-SD","county":"Pennington","discovery_time_utc":"2022-09-19T18:04:00Z","perimeter_time_utc":"2022-12-30T21:14:03Z","perimeter_edit_time_utc":"2023-03-14T15:13:42Z","incident_modified_time_utc":"2022-09-19T21:44:18Z","containment_time_utc":"2022-09-19T20:30:00Z","control_time_utc":null,"fire_out_time_utc":null,"fire_cause":"Undetermined","fire_cause_general":"Undetermined","map_method":"Hand Sketch","source_dataset":"FFP","unique_fire_identifier":"2022-SDPNX-220757","irwin_id":"{BF20D489-8909-471F-969B-1DB2627AF0EF}","global_id":"17372149-46fd-4d12-be15-e7c1f2af98ac"}},{"type":"Feature","geometry":{"type":"Polygon","coordinates":[[[-102.21691,43.48018],[-102.21667,43.48058],[-102.21629,43.48065],[-102.21637,43.48086],[-102.21607,43.48117],[-102.21368,43.48174],[-102.21382,43.48176],[-102.21364,43.48193],[-102.2137,43.48207],[-102.21299,43.48301],[-102.21266,43.48322],[-102.21253,43.48285],[-102.2128,43.48238],[-102.21275,43.4822],[-102.21216,43.48196],[-102.21195,43.48161],[-102.21216,43.48135],[-102.21232,43.48155],[-102.21293,43.48141],[-102.21301,43.48087],[-102.21388,43.48085],[-102.21385,43.48043],[-102.21406,43.47955],[-102.21468,43.47975],[-102.21665,43.47979],[-102.21711,43.48002],[-102.21706,43.48023],[-102.21691,43.48018]]]},"properties":{"fire_id":"ufid:2022-SDPRA-000181","source_collection":"history-2022","source_objectid":4681,"incident_name":"Out house","mapped_acres":5.0,"mapped_acres_source":"poly_GISAcres","gis_acres":5.0,"auto_acres":15.181416495303763,"reported_acres":15.2,"percent_contained":null,"state":"SD","state_wfigs":"US-SD","county":"Oglala Lakota","discovery_time_utc":"2022-11-05T19:21:00Z","perimeter_time_utc":"2022-12-09T19:52:16Z","perimeter_edit_time_utc":"2023-03-14T15:13:42Z","incident_modified_time_utc":"2022-11-05T21:24:50Z","containment_time_utc":"2022-11-05T21:14:00Z","control_time_utc":"2022-11-05T21:23:26Z","fire_out_time_utc":"2022-11-07T22:00:00Z","fire_cause":"Human","fire_cause_general":"Other causes","map_method":"Auto-generated","source_dataset":"FFP","unique_fire_identifier":"2022-SDPRA-000181","irwin_id":"{93C9EC6D-E249-4A0D-BC3B-33C3EA921D29}","global_id":"7356eb2f-fab9-415f-847c-5e7fc3d57e6e"}},{"type":"Feature","geometry":{"type":"MultiPolygon","coordinates":[[[[-102.43459,43.17678],[-102.43466,43.17692],[-102.43493,43.17678],[-102.43501,43.17721],[-102.43486,43.17751],[-102.43497,43.17759],[-102.43495,43.17803],[-102.43515,43.17836],[-102.43436,43.17923],[-102.43412,43.1793],[-102.43403,43.17921],[-102.43413,43.17915],[-102.43398,43.17912],[-102.43353,43.17923],[-102.4336,43.17909],[-102.4333,43.17898],[-102.43321,43.1787],[-102.43347,43.17878],[-102.43364,43.17869],[-102.43382,43.17891],[-102.43404,43.17861],[-102.43392,43.17851],[-102.43404,43.17838],[-102.43395,43.17831],[-102.43396,43.17773],[-102.43361,43.17703],[-102.43388,43.17713],[-102.43421,43.17672],[-102.43459,43.17678]]],[[[-102.43363,43.17708],[-102.43362,43.17709],[-102.43359,43.17706],[-102.43363,43.17708]]]]},"properties":{"fire_id":"ufid:2022-SDPRA-000026","source_collection":"history-2022","source_objectid":4697,"incident_name":"Hot line","mapped_acres":5.853560277950716,"mapped_acres_source":"poly_Acres_AutoCalc_fallback","gis_acres":null,"auto_acres":5.853560277950716,"reported_acres":5.6,"percent_contained":null,"state":"SD","state_wfigs":"US-SD","county":"Oglala Lakota","discovery_time_utc":"2022-03-23T15:40:38Z","perimeter_time_utc":"2022-08-05T21:10:09Z","perimeter_edit_time_utc":"2023-03-14T15:13:42Z","incident_modified_time_utc":"2022-03-24T17:07:00Z","containment_time_utc":"2022-03-23T17:00:00Z","control_time_utc":"2022-03-23T17:30:00Z","fire_out_time_utc":"2022-03-27T00:30:00Z","fire_cause":"Human","fire_cause_general":"Smoking","map_method":"Mixed Methods","source_dataset":"FFP","unique_fire_identifier":"2022-SDPRA-000026","irwin_id":"{C867F4B3-284B-4FB5-97AF-83E03361F4D4}","global_id":"885868d6-71bd-480a-aa05-b8392b9db5fa"}},{"type":"Feature","geometry":{"type":"Polygon","coordinates":[[[-103.30611,44.0743],[-103.30643,44.0745],[-103.30656,44.07477],[-103.30646,44.07508],[-103.30611,44.07535],[-103.3056,44.07518],[-103.30529,44.07486],[-103.30565,44.07438],[-103.30611,44.0743]]]},"properties":{"fire_id":"ufid:2022-SDSDS-220504","source_collection":"history-2022","source_objectid":4966,"incident_name":"Red Dale","mapped_acres":1.99,"mapped_acres_source":"poly_GISAcres","gis_acres":1.99,"auto_acres":1.9856096451312726,"reported_acres":2.0,"percent_contained":null,"state":"SD","state_wfigs":"US-SD","county":"Pennington","discovery_time_utc":"2022-07-22T23:41:00Z","perimeter_time_utc":"2022-09-07T20:11:39Z","perimeter_edit_time_utc":"2023-03-14T15:13:42Z","incident_modified_time_utc":"2022-07-29T21:59:51Z","containment_time_utc":"2022-07-23T01:40:00Z","control_time_utc":null,"fire_out_time_utc":null,"fire_cause":"Human","fire_cause_general":"Fireworks","map_method":"GPS-Walked","source_dataset":"FFP","unique_fire_identifier":"2022-SDSDS-220504","irwin_id":"{92536870-3169-40BA-84FE-8D4DE8F07E98}","global_id":"12d7b8d3-57fc-4d2d-9124-7c686ec36482"}},{"type":"Feature","geometry":{"type":"Polygon","coordinates":[[[-103.25999,44.20832],[-103.2591,44.2083],[-103.25935,44.20788],[-103.25904,44.2076],[-103.2594,44.20738],[-103.25943,44.20711],[-103.25989,44.20756],[-103.25994,44.20778],[-103.26035,44.20752],[-103.26054,44.20767],[-103.25999,44.20832]]]},"properties":{"fire_id":"ufid:2022-SDMDX-220321","source_collection":"history-2022","source_objectid":4972,"incident_name":"Husker CA","mapped_acres":1.98,"mapped_acres_source":"poly_GISAcres","gis_acres":1.98,"auto_acres":1.981241933419161,"reported_acres":1.98,"percent_contained":null,"state":"SD","state_wfigs":"US-SD","county":"Meade","discovery_time_utc":"2022-06-01T16:09:20Z","perimeter_time_utc":"2022-09-07T20:21:36Z","perimeter_edit_time_utc":"2023-03-14T15:13:42Z","incident_modified_time_utc":"2022-06-14T15:00:33Z","containment_time_utc":"2022-06-01T19:00:00Z","control_time_utc":"2022-06-01T20:00:00Z","fire_out_time_utc":"2022-06-14T15:00:00Z","fire_cause":"Undetermined","fire_cause_general":"Undetermined","map_method":"GPS-Walked","source_dataset":"FFP","unique_fire_identifier":"2022-SDMDX-220321","irwin_id":"{1FE99A54-A7D5-452A-88A9-C2C6482364AC}","global_id":"dcf4850a-ee90-4623-a6cc-f3860b7f01fd"}},{"type":"Feature","geometry":{"type":"Polygon","coordinates":[[[-102.33354,43.2459],[-102.33367,43.24584],[-102.3337,43.24587],[-102.33354,43.2459]]]},"properties":{"fire_id":"ufid:2022-SDPRA-000067","source_collection":"history-2022","source_objectid":5013,"incident_name":"Thunder","mapped_acres":0.1,"mapped_acres_source":"poly_GISAcres","gis_acres":0.1,"auto_acres":0.007944742614615533,"reported_acres":0.1,"percent_contained":null,"state":"SD","state_wfigs":"US-SD","county":"Oglala Lakota","discovery_time_utc":"2022-07-01T19:02:47Z","perimeter_time_utc":"2022-08-17T00:42:54Z","perimeter_edit_time_utc":"2023-03-14T15:13:42Z","incident_modified_time_utc":"2022-07-02T19:06:09Z","containment_time_utc":null,"control_time_utc":null,"fire_out_time_utc":"2022-07-01T19:50:00Z","fire_cause":"Human","fire_cause_general":"Fireworks","map_method":"Hand Sketch","source_dataset":"FFP","unique_fire_identifier":"2022-SDPRA-000067","irwin_id":"{12DFA735-D0EF-4583-B147-D4376AA47F80}","global_id":"512a8fc9-685b-4980-8560-3acc8167c944"}},{"type":"Feature","geometry":{"type":"MultiPolygon","coordinates":[[[[-103.55747,43.86999],[-103.5575,43.86999],[-103.55752,43.87],[-103.55747,43.86999]]],[[[-103.55755,43.87001],[-103.55752,43.87],[-103.55759,43.87001],[-103.55755,43.87001]]],[[[-103.55764,43.87001],[-103.55776,43.87003],[-103.55783,43.8701],[-103.55764,43.87001]]],[[[-103.55786,43.87015],[-103.55785,43.8703],[-103.55783,43.8701],[-103.55786,43.87015]]],[[[-103.55785,43.8703],[-103.55786,43.87031],[-103.55785,43.87031],[-103.55785,43.8703]]],[[[-103.55781,43.87045],[-103.55786,43.87031],[-103.55787,43.87055],[-103.55781,43.87045]]],[[[-103.55806,43.87052],[-103.55813,43.87057],[-103.55787,43.8706],[-103.55806,43.87052]]],[[[-103.55813,43.8708],[-103.55792,43.871],[-103.557862,43.870963],[-103.55813,43.87057],[-103.55813,43.8708]]],[[[-103.55785,43.87098],[-103.55751,43.87074],[-103.557862,43.870963],[-103.55785,43.87098]]],[[[-103.55787,43.871],[-103.55782,43.87118],[-103.55744,43.87117],[-103.55704,43.87139],[-103.55733,43.87112],[-103.55787,43.871]]],[[[-103.5569,43.87137],[-103.55704,43.87139],[-103.55699,43.87142],[-103.5569,43.87137]]],[[[-103.55675,43.86982],[-103.55747,43.86999],[-103.55718,43.87009],[-103.55698,43.86996],[-103.55641,43.86994],[-103.55675,43.86982]]],[[[-103.55639,43.86997],[-103.55638,43.86994],[-103.55642,43.86996],[-103.55639,43.86997]]],[[[-103.55639,43.86997],[-103.55586,43.87038],[-103.55563,43.87025],[-103.55594,43.86999],[-103.55639,43.86997]]],[[[-103.55644,43.86998],[-103.55751,43.87074],[-103.55639,43.86997],[-103.55644,43.86998]]],[[[-103.55592,43.87039],[-103.55588,43.8704],[-103.55586,43.87038],[-103.55592,43.87039]]],[[[-103.55575,43.8704],[-103.55579,43.87038],[-103.55579,43.87039],[-103.55575,43.8704]]],[[[-103.55584,43.8704],[-103.55586,43.8704],[-103.55584,43.87041],[-103.55584,43.8704]]],[[[-103.55585,43.87071],[-103.55584,43.87041],[-103.55602,43.87054],[-103.55608,43.87092],[-103.55585,43.87071]]],[[[-103.556,43.87102],[-103.55602,43.87096],[-103.55608,43.871],[-103.556,43.87102]]],[[[-103.55606,43.87105],[-103.55602,43.87106],[-103.55602,43.87103],[-103.55606,43.87105]]],[[[-103.55608,43.87092],[-103.55659,43.87126],[-103.55682,43.87123],[-103.5569,43.87137],[-103.55627,43.87147],[-103.5561,43.87133],[-103.55621,43.87117],[-103.55608,43.87092]]]]},"properties":{"fire_id":"ufid:2022-SDBKF-220147","source_collection":"history-2022","source_objectid":5079,"incident_name":"Lost Cabin","mapped_acres":1.44046744533203,"mapped_acres_source":"poly_Acres_AutoCalc_fallback","gis_acres":null,"auto_acres":1.44046744533203,"reported_acres":6.6,"percent_contained":null,"state":"SD","state_wfigs":"US-SD","county":"Pennington","discovery_time_utc":"2022-03-25T03:07:00Z","perimeter_time_utc":"2022-07-07T21:28:57Z","perimeter_edit_time_utc":"2023-03-14T15:13:42Z","incident_modified_time_utc":"2022-04-19T16:14:47Z","containment_time_utc":"2022-03-26T20:30:00Z","control_time_utc":"2022-03-31T16:09:00Z","fire_out_time_utc":"2022-04-19T16:11:00Z","fire_cause":null,"fire_cause_general":null,"map_method":"Mixed Methods","source_dataset":"FFP","unique_fire_identifier":"2022-SDBKF-220147","irwin_id":"{49B5D0E0-17DA-4B4E-90EF-3F1B096A7AF1}","global_id":"291d90ff-6447-42c7-857c-ce42c9b622f6"}},{"type":"Feature","geometry":{"type":"Polygon","coordinates":[[[-100.8825,43.32225],[-100.88268,43.32267],[-100.88236,43.32286],[-100.88206,43.32256],[-100.88216,43.32204],[-100.88234,43.3223],[-100.8825,43.32225]]]},"properties":{"fire_id":"ufid:2022-SDRBA-000012","source_collection":"history-2022","source_objectid":5108,"incident_name":"Cold One","mapped_acres":0.6684585922508206,"mapped_acres_source":"poly_Acres_AutoCalc_fallback","gis_acres":null,"auto_acres":0.6684585922508206,"reported_acres":0.3,"percent_contained":null,"state":"SD","state_wfigs":"US-SD","county":"Todd","discovery_time_utc":"2022-02-21T12:10:00Z","perimeter_time_utc":"2022-08-11T17:37:54Z","perimeter_edit_time_utc":"2023-03-14T15:13:42Z","incident_modified_time_utc":"2022-02-24T14:09:45Z","containment_time_utc":null,"control_time_utc":null,"fire_out_time_utc":"2022-02-21T14:30:00Z","fire_cause":"Human","fire_cause_general":"Arson","map_method":"Mixed Methods","source_dataset":"FFP","unique_fire_identifier":"2022-SDRBA-000012","irwin_id":"{FD1C996B-3106-409C-9135-22E47B19C6E0}","global_id":"3f8f6747-c486-4f21-9be6-c351d13c4ef7"}},{"type":"Feature","geometry":{"type":"Polygon","coordinates":[[[-103.7532,44.13026],[-103.75248,44.12986],[-103.7518,44.1299],[-103.75144,44.12972],[-103.75152,44.12943],[-103.75133,44.12927],[-103.75152,44.1288],[-103.75254,44.12895],[-103.75274,44.12914],[-103.75368,44.12933],[-103.7537,44.1295],[-103.75387,44.12957],[-103.75372,44.12973],[-103.75382,44.12984],[-103.75376,44.13008],[-103.75328,44.13009],[-103.7532,44.13026]]]},"properties":{"fire_id":"ufid:2022-SDSDS-220871","source_collection":"history-2022","source_objectid":5128,"incident_name":"Solomon","mapped_acres":4.81,"mapped_acres_source":"poly_GISAcres","gis_acres":4.81,"auto_acres":4.81444573652447,"reported_acres":4.81,"percent_contained":null,"state":"SD","state_wfigs":"US-SD","county":"Pennington","discovery_time_utc":"2022-12-02T07:49:00Z","perimeter_time_utc":"2022-12-30T21:03:41Z","perimeter_edit_time_utc":"2023-03-14T15:13:42Z","incident_modified_time_utc":"2022-12-09T22:05:30Z","containment_time_utc":"2022-12-03T21:00:00Z","control_time_utc":null,"fire_out_time_utc":"2022-12-09T22:00:00Z","fire_cause":"Human","fire_cause_general":"Other causes","map_method":"GPS-Walked","source_dataset":"FFP","unique_fire_identifier":"2022-SDSDS-220871","irwin_id":"{692F3301-2BBA-4C6D-89DB-B51FA6E7FA08}","global_id":"c04d48ce-3d40-4fcf-9f91-acb0cf8430a2"}},{"type":"Feature","geometry":{"type":"Polygon","coordinates":[[[-101.41817,43.32167],[-101.41922,43.32061],[-101.42066,43.31976],[-101.42107,43.31927],[-101.42248,43.31841],[-101.42286,43.31842],[-101.42308,43.31782],[-101.42395,43.31714],[-101.42412,43.31718],[-101.42444,43.31756],[-101.42543,43.31684],[-101.42596,43.31681],[-101.42627,43.317],[-101.42619,43.31771],[-101.42552,43.31907],[-101.42439,43.32017],[-101.42429,43.32049],[-101.42376,43.32084],[-101.42322,43.32194],[-101.42194,43.32271],[-101.4219,43.32316],[-101.42092,43.32469],[-101.42045,43.32502],[-101.41963,43.32593],[-101.41882,43.32635],[-101.4182,43.32685],[-101.41744,43.3269],[-101.41689,43.3265],[-101.41676,43.32605],[-101.41692,43.32575],[-101.41671,43.32519],[-101.41709,43.32473],[-101.4176,43.32372],[-101.41763,43.32302],[-101.41819,43.32184],[-101.41817,43.32167]]]},"properties":{"fire_id":"ufid:2022-SDPRA-000107","source_collection":"history-2022","source_objectid":5139,"incident_name":"Brush Butte","mapped_acres":100.0,"mapped_acres_source":"poly_GISAcres","gis_acres":100.0,"auto_acres":82.7819543361381,"reported_acres":100.0,"percent_contained":null,"state":"SD","state_wfigs":"US-SD","county":"Bennett","discovery_time_utc":"2022-08-02T23:45:50Z","perimeter_time_utc":"2022-08-30T21:19:04Z","perimeter_edit_time_utc":"2023-03-14T15:13:42Z","incident_modified_time_utc":"2022-08-03T02:21:57Z","containment_time_utc":null,"control_time_utc":null,"fire_out_time_utc":"2022-08-04T18:00:00Z","fire_cause":"Natural","fire_cause_general":"Natural","map_method":"Auto-generated","source_dataset":"FFP","unique_fire_identifier":"2022-SDPRA-000107","irwin_id":"{2A52CB97-2052-49BC-BE17-EC60516AD713}","global_id":"5a9bb3f4-bfdc-4d42-91f8-ea5f5e5c9673"}},{"type":"Feature","geometry":{"type":"Polygon","coordinates":[[[-103.44567,43.96209],[-103.44644,43.9619],[-103.44659,43.96207],[-103.44658,43.96245],[-103.44612,43.9627],[-103.44586,43.96262],[-103.44567,43.96209]]]},"properties":{"fire_id":"ufid:2022-SDBKF-220513","source_collection":"history-2022","source_objectid":5193,"incident_name":"Bluelead","mapped_acres":1.1130921882194913,"mapped_acres_source":"poly_Acres_AutoCalc_fallback","gis_acres":null,"auto_acres":1.1130921882194913,"reported_acres":1.11,"percent_contained":null,"state":"SD","state_wfigs":"US-SD","county":"Pennington","discovery_time_utc":"2022-07-24T20:20:09Z","perimeter_time_utc":"2022-08-04T16:09:12Z","perimeter_edit_time_utc":"2023-03-14T15:13:42Z","incident_modified_time_utc":"2022-07-30T16:55:50Z","containment_time_utc":"2022-07-25T16:00:00Z","control_time_utc":"2022-07-25T21:00:00Z","fire_out_time_utc":"2022-07-30T16:45:00Z","fire_cause":"Natural","fire_cause_general":"Natural","map_method":"Mixed Methods","source_dataset":"FFP","unique_fire_identifier":"2022-SDBKF-220513","irwin_id":"{6ADF12B3-8AB9-49E2-8343-BA5C27C1CBDF}","global_id":"f975e252-8ac9-48dd-9a74-4ce9bb5c18e8"}},{"type":"Feature","geometry":{"type":"MultiPolygon","coordinates":[[[[-101.99124,43.88212],[-101.99253,43.88271],[-101.99247,43.883],[-101.99279,43.88348],[-101.99273,43.88384],[-101.99282,43.88396],[-101.99266,43.88428],[-101.99292,43.88465],[-101.99283,43.8853],[-101.99294,43.88564],[-101.99274,43.88549],[-101.99201,43.88577],[-101.99194,43.88562],[-101.99207,43.88551],[-101.99154,43.88545],[-101.99165,43.88566],[-101.99182,43.88567],[-101.992,43.88623],[-101.99179,43.88677],[-101.99133,43.88643],[-101.9911,43.8859],[-101.99081,43.88559],[-101.99047,43.88454],[-101.99042,43.8841],[-101.99059,43.88339],[-101.99124,43.88212]]],[[[-101.9911,43.88229],[-101.9911,43.8823],[-101.99107,43.88232],[-101.9911,43.88229]]]]},"properties":{"fire_id":"ufid:2022-NENBF-220721","source_collection":"history-2022","source_objectid":5250,"incident_name":"Whitewater Creek","mapped_acres":20.0,"mapped_acres_source":"poly_GISAcres","gis_acres":20.0,"auto_acres":16.549832044801768,"reported_acres":16.67,"percent_contained":null,"state":"SD","state_wfigs":"US-SD","county":"Jackson","discovery_time_utc":"2022-09-07T21:38:00Z","perimeter_time_utc":"2022-09-14T17:52:22Z","perimeter_edit_time_utc":"2023-03-14T15:13:42Z","incident_modified_time_utc":"2022-09-10T19:59:37Z","containment_time_utc":"2022-09-08T02:00:00Z","control_time_utc":"2022-09-08T20:40:00Z","fire_out_time_utc":"2022-09-10T20:00:00Z","fire_cause":"Human","fire_cause_general":"Equipment and vehicle use","map_method":"Auto-generated","source_dataset":"FFP","unique_fire_identifier":"2022-NENBF-220721","irwin_id":"{BBA186C8-ADEC-415D-AFB6-9F15085B0C66}","global_id":"631263b5-5fe8-4275-a184-898db6ab807e"}},{"type":"Feature","geometry":{"type":"Polygon","coordinates":[[[-101.80835,43.24105],[-101.808,43.2412],[-101.80775,43.24093],[-101.80776,43.24074],[-101.80696,43.24063],[-101.8073,43.24037],[-101.80821,43.24057],[-101.80853,43.24075],[-101.80874,43.24109],[-101.80864,43.24118],[-101.80835,43.24105]]]},"properties":{"fire_id":"ufid:2022-SDPRA-000109","source_collection":"history-2022","source_objectid":5626,"incident_name":"Two 14","mapped_acres":6.0,"mapped_acres_source":"poly_GISAcres","gis_acres":6.0,"auto_acres":1.3533285613789245,"reported_acres":6.0,"percent_contained":null,"state":"SD","state_wfigs":"US-SD","county":"Bennett","discovery_time_utc":"2022-08-04T18:26:46Z","perimeter_time_utc":"2022-08-30T21:12:00Z","perimeter_edit_time_utc":"2023-03-14T15:13:42Z","incident_modified_time_utc":"2022-08-04T18:29:01Z","containment_time_utc":null,"control_time_utc":null,"fire_out_time_utc":"2022-08-08T02:00:00Z","fire_cause":"Natural","fire_cause_general":"Natural","map_method":"Auto-generated","source_dataset":"FFP","unique_fire_identifier":"2022-SDPRA-000109","irwin_id":"{D6E3E03F-E684-4DE5-8520-546535D27B16}","global_id":"83bf2a0b-6722-44f6-8633-ac0fc77151b3"}},{"type":"Feature","geometry":{"type":"Polygon","coordinates":[[[-100.70549,43.30544],[-100.70756,43.30544],[-100.70751,43.3056],[-100.7072,43.3058],[-100.7069,43.30577],[-100.70678,43.30611],[-100.70695,43.30635],[-100.70674,43.30714],[-100.70688,43.3072],[-100.70724,43.30695],[-100.70738,43.30701],[-100.70725,43.30736],[-100.70739,43.30745],[-100.70729,43.30746],[-100.70717,43.30782],[-100.7069,43.30787],[-100.70703,43.3082],[-100.7073,43.30836],[-100.70789,43.3083],[-100.70864,43.30843],[-100.71075,43.30903],[-100.71085,43.3092],[-100.71086,43.31324],[-100.71059,43.31519],[-100.70874,43.3162],[-100.70837,43.31709],[-100.70791,43.31733],[-100.70684,43.31714],[-100.70614,43.31671],[-100.70516,43.31535],[-100.70423,43.31343],[-100.70399,43.31254],[-100.70376,43.31244],[-100.70363,43.3122],[-100.70363,43.31112],[-100.70316,43.31027],[-100.70346,43.31008],[-100.7049,43.31009],[-100.70509,43.30996],[-100.70501,43.30826],[-100.70513,43.30773],[-100.70433,43.30743],[-100.7061,43.30743],[-100.70637,43.30712],[-100.70633,43.30577],[-100.70612,43.30564],[-100.70557,43.30561],[-100.70549,43.30544]]]},"properties":{"fire_id":"ufid:2022-SDRBA-000020","source_collection":"history-2022","source_objectid":5706,"incident_name":"Along the Fence","mapped_acres":120.3,"mapped_acres_source":"poly_GISAcres","gis_acres":120.3,"auto_acres":120.29539772121585,"reported_acres":120.3,"percent_contained":null,"state":"SD","state_wfigs":"US-SD","county":"Todd","discovery_time_utc":"2022-03-22T18:32:00Z","perimeter_time_utc":"2022-09-20T18:01:29Z","perimeter_edit_time_utc":"2023-03-14T15:13:42Z","incident_modified_time_utc":"2022-03-24T18:45:05Z","containment_time_utc":"2022-03-23T00:30:00Z","control_time_utc":null,"fire_out_time_utc":"2022-03-25T21:30:00Z","fire_cause":"Human","fire_cause_general":"Power generation / transmission / distribution","map_method":"Hand Sketch","source_dataset":"FFP","unique_fire_identifier":"2022-SDRBA-000020","irwin_id":"{93151A24-C1C4-4AD5-983E-7FDA4B99A8A7}","global_id":"5d1c0c90-a4c9-4308-9ac1-e8cf2d236519"}},{"type":"Feature","geometry":{"type":"MultiPolygon","coordinates":[[[[-101.12201,43.29055],[-101.12207,43.29051],[-101.12209,43.29051],[-101.12201,43.29055]]],[[[-101.12239,43.29048],[-101.12269,43.29056],[-101.12309,43.29083],[-101.12307,43.29093],[-101.12063,43.29136],[-101.12042,43.29128],[-101.12167,43.29063],[-101.12239,43.29048]]]]},"properties":{"fire_id":"ufid:2022-SDRBA-000089","source_collection":"history-2022","source_objectid":5750,"incident_name":"Lone Baler","mapped_acres":2.36,"mapped_acres_source":"poly_GISAcres","gis_acres":2.36,"auto_acres":2.3626600687265635,"reported_acres":2.4,"percent_contained":null,"state":"SD","state_wfigs":"US-SD","county":"Todd","discovery_time_utc":"2022-08-03T23:05:00Z","perimeter_time_utc":"2022-09-20T18:16:52Z","perimeter_edit_time_utc":"2023-03-14T15:13:42Z","incident_modified_time_utc":"2022-08-04T00:46:29Z","containment_time_utc":null,"control_time_utc":null,"fire_out_time_utc":"2022-08-05T23:30:00Z","fire_cause":"Human","fire_cause_general":"Equipment and vehicle use","map_method":"Hand Sketch","source_dataset":"FFP","unique_fire_identifier":"2022-SDRBA-000089","irwin_id":"{5A3944D4-E0CA-4D0F-9430-E779530662EE}","global_id":"1da49afb-8fe8-486f-8282-2b73392f2580"}},{"type":"Feature","geometry":{"type":"Polygon","coordinates":[[[-103.55803,43.84129],[-103.55868,43.84203],[-103.55854,43.84204],[-103.55843,43.8418],[-103.55808,43.84157],[-103.55786,43.84162],[-103.55783,43.84142],[-103.55803,43.84129]]]},"properties":{"fire_id":"ufid:2022-SDSDS-220177","source_collection":"history-2022","source_objectid":5819,"incident_name":"Needles","mapped_acres":0.1,"mapped_acres_source":"poly_GISAcres","gis_acres":0.1,"auto_acres":0.32674452752071775,"reported_acres":0.26,"percent_contained":null,"state":"SD","state_wfigs":"US-SD","county":"Custer","discovery_time_utc":"2022-04-06T13:19:00Z","perimeter_time_utc":"2022-08-05T20:47:27Z","perimeter_edit_time_utc":"2023-03-14T15:13:42Z","incident_modified_time_utc":"2022-04-14T18:52:29Z","containment_time_utc":"2022-04-06T15:10:00Z","control_time_utc":"2022-04-06T16:07:00Z","fire_out_time_utc":"2022-04-14T18:14:00Z","fire_cause":"Human","fire_cause_general":"Power generation / transmission / distribution","map_method":"Auto-generated","source_dataset":"FFP","unique_fire_identifier":"2022-SDSDS-220177","irwin_id":"{FD0C9587-0E30-4306-9424-A8B7DBDC30FE}","global_id":"dae30d6b-988a-4907-a820-d00278d20318"}},{"type":"Feature","geometry":{"type":"Polygon","coordinates":[[[-100.82659,43.49949],[-100.82653,43.49956],[-100.82682,43.5],[-100.82656,43.50033],[-100.82641,43.50027],[-100.82572,43.50057],[-100.8249,43.50016],[-100.82468,43.49992],[-100.82482,43.49974],[-100.82479,43.49952],[-100.8253,43.49914],[-100.82532,43.49893],[-100.82382,43.49794],[-100.82324,43.49768],[-100.82256,43.49762],[-100.82185,43.49727],[-100.8218,43.49709],[-100.8222,43.49676],[-100.82087,43.49562],[-100.82107,43.49533],[-100.82073,43.49493],[-100.82104,43.49476],[-100.82064,43.4943],[-100.82078,43.49427],[-100.82128,43.49471],[-100.8221,43.49488],[-100.82304,43.4959],[-100.82307,43.49634],[-100.82345,43.49659],[-100.82383,43.49652],[-100.82375,43.49594],[-100.82407,43.49605],[-100.82476,43.49691],[-100.8253,43.49715],[-100.82566,43.49769],[-100.82614,43.49802],[-100.8262,43.49813],[-100.82607,43.49824],[-100.82566,43.49826],[-100.8255,43.49839],[-100.82659,43.49949]]]},"properties":{"fire_id":"ufid:2022-SDRBA-000021","source_collection":"history-2022","source_objectid":5947,"incident_name":"Marsh","mapped_acres":23.828074700985713,"mapped_acres_source":"poly_Acres_AutoCalc_fallback","gis_acres":null,"auto_acres":23.828074700985713,"reported_acres":23.5,"percent_contained":null,"state":"SD","state_wfigs":"US-SD","county":"Mellette","discovery_time_utc":"2022-03-23T13:36:43Z","perimeter_time_utc":"2022-09-20T18:36:41Z","perimeter_edit_time_utc":"2023-03-14T15:13:42Z","incident_modified_time_utc":"2022-03-24T19:34:38Z","containment_time_utc":null,"control_time_utc":null,"fire_out_time_utc":"2022-03-25T21:34:00Z","fire_cause":"Human","fire_cause_general":"Debris and open burning","map_method":"Mixed Methods","source_dataset":"FFP","unique_fire_identifier":"2022-SDRBA-000021","irwin_id":"{54A6D1CA-27DA-4DD1-8AF8-2E01CE3C7199}","global_id":"d692ec6c-5c39-4417-aa34-cd3b6e7b81ae"}},{"type":"Feature","geometry":{"type":"Polygon","coordinates":[[[-100.92792,43.05817],[-100.9275,43.05735],[-100.92709,43.05704],[-100.92684,43.05657],[-100.92642,43.05463],[-100.92648,43.05428],[-100.92668,43.05413],[-100.92741,43.05427],[-100.92803,43.05492],[-100.92964,43.05727],[-100.92963,43.05782],[-100.92905,43.05765],[-100.92876,43.05784],[-100.9285,43.05737],[-100.92833,43.05739],[-100.9283,43.05772],[-100.92864,43.05835],[-100.92792,43.05817]]]},"properties":{"fire_id":"ufid:2022-SDRBA-000080","source_collection":"history-2022","source_objectid":5975,"incident_name":"Half Burnt","mapped_acres":16.0,"mapped_acres_source":"poly_GISAcres","gis_acres":16.0,"auto_acres":15.960539351818182,"reported_acres":16.0,"percent_contained":null,"state":"SD","state_wfigs":"US-SD","county":"Todd","discovery_time_utc":"2022-07-25T21:45:00Z","perimeter_time_utc":"2022-09-20T18:21:37Z","perimeter_edit_time_utc":"2023-03-14T15:13:42Z","incident_modified_time_utc":"2022-07-26T00:53:33Z","containment_time_utc":null,"control_time_utc":null,"fire_out_time_utc":"2022-07-27T23:30:00Z","fire_cause":"Natural","fire_cause_general":"Natural","map_method":"Mixed Methods","source_dataset":"FFP","unique_fire_identifier":"2022-SDRBA-000080","irwin_id":"{E91966F4-36F7-4F77-A647-26970847A2A0}","global_id":"15a27017-7bcd-43f1-89cb-b0bd1b8c80d2"}},{"type":"Feature","geometry":{"type":"Polygon","coordinates":[[[-102.48608,43.21363],[-102.4868,43.21374],[-102.48691,43.2139],[-102.48709,43.21377],[-102.48759,43.21388],[-102.48766,43.21411],[-102.48824,43.21427],[-102.48846,43.21528],[-102.4883,43.21607],[-102.48835,43.21644],[-102.48821,43.21648],[-102.48837,43.21671],[-102.4884,43.21708],[-102.48856,43.21712],[-102.48867,43.21739],[-102.48864,43.21807],[-102.48895,43.21896],[-102.489,43.21957],[-102.48764,43.21932],[-102.48685,43.21865],[-102.48652,43.21666],[-102.48605,43.21524],[-102.48605,43.21482],[-102.4859,43.21479],[-102.48584,43.21517],[-102.48572,43.21521],[-102.48559,43.21464],[-102.4858,43.21387],[-102.4861,43.21377],[-102.48608,43.21363]]]},"properties":{"fire_id":"ufid:2022-SDPRA-000177","source_collection":"history-2022","source_objectid":6054,"incident_name":"Tidy Cat","mapped_acres":15.0,"mapped_acres_source":"poly_GISAcres","gis_acres":15.0,"auto_acres":26.12280984522935,"reported_acres":26.12,"percent_contained":null,"state":"SD","state_wfigs":"US-SD","county":"Oglala Lakota","discovery_time_utc":"2022-11-02T02:00:00Z","perimeter_time_utc":"2022-12-06T21:44:31Z","perimeter_edit_time_utc":"2023-03-14T15:13:42Z","incident_modified_time_utc":"2022-11-02T04:39:29Z","containment_time_utc":"2022-11-02T03:37:00Z","control_time_utc":"2022-11-02T04:38:00Z","fire_out_time_utc":"2022-11-02T20:00:00Z","fire_cause":"Human","fire_cause_general":"Other causes","map_method":"Auto-generated","source_dataset":"FFP","unique_fire_identifier":"2022-SDPRA-000177","irwin_id":"{E2979551-1ABC-44CD-9BC3-3F2B2CB637A5}","global_id":"81704789-6d25-4dd0-82e5-618905c38e01"}},{"type":"Feature","geometry":{"type":"Polygon","coordinates":[[[-100.44654,44.24459],[-100.44643,44.24484],[-100.44579,44.24509],[-100.44497,44.24452],[-100.4462,44.24472],[-100.44654,44.24459]]]},"properties":{"fire_id":"ufid:2022-SDSDS-220097","source_collection":"history-2022","source_objectid":6127,"incident_name":"Military","mapped_acres":0.9823189359720487,"mapped_acres_source":"poly_Acres_AutoCalc_fallback","gis_acres":null,"auto_acres":0.9823189359720487,"reported_acres":1.0,"percent_contained":null,"state":"SD","state_wfigs":"US-SD","county":"Stanley","discovery_time_utc":"2022-03-01T14:52:00Z","perimeter_time_utc":"2022-12-30T21:20:24Z","perimeter_edit_time_utc":"2023-03-14T15:13:42Z","incident_modified_time_utc":"2022-03-04T21:58:31Z","containment_time_utc":"2022-03-01T17:00:00Z","control_time_utc":"2022-03-02T20:52:00Z","fire_out_time_utc":"2022-03-04T21:45:00Z","fire_cause":"Human","fire_cause_general":"Undetermined","map_method":"Mixed Methods","source_dataset":"FFP","unique_fire_identifier":"2022-SDSDS-220097","irwin_id":"{A911644C-13F3-4133-AEDD-C6A5313FAF5F}","global_id":"e89eee2b-50f9-40d0-a95d-7709cf93f15b"}},{"type":"Feature","geometry":{"type":"MultiPolygon","coordinates":[[[[-102.70112,43.53522],[-102.70105,43.53535],[-102.69825,43.53527],[-102.69865,43.53505],[-102.69898,43.53318],[-102.69939,43.53213],[-102.69959,43.53216],[-102.69977,43.53195],[-102.70012,43.53203],[-102.70046,43.5329],[-102.70071,43.53416],[-102.70066,43.53515],[-102.70112,43.53522]]],[[[-102.70114,43.53522],[-102.70112,43.53522],[-102.70111,43.5352],[-102.70114,43.53522]]]]},"properties":{"fire_id":"ufid:2022-SDPRA-000173","source_collection":"history-2022","source_objectid":6158,"incident_name":"Cell block","mapped_acres":7.0,"mapped_acres_source":"poly_GISAcres","gis_acres":7.0,"auto_acres":12.027903364358764,"reported_acres":12.03,"percent_contained":null,"state":"SD","state_wfigs":"US-SD","county":"Oglala Lakota","discovery_time_utc":"2022-10-21T20:17:00Z","perimeter_time_utc":"2022-11-23T22:40:23Z","perimeter_edit_time_utc":"2023-03-14T15:13:42Z","incident_modified_time_utc":"2022-10-21T21:25:17Z","containment_time_utc":"2022-10-21T21:17:00Z","control_time_utc":"2022-10-21T21:23:00Z","fire_out_time_utc":"2022-10-23T22:30:00Z","fire_cause":"Human","fire_cause_general":"Equipment and vehicle use","map_method":"Auto-generated","source_dataset":"FFP","unique_fire_identifier":"2022-SDPRA-000173","irwin_id":"{83A2F5D0-88D1-414C-A270-05CC57552369}","global_id":"1b751424-8fa7-4fe8-a88b-8a10a82877b3"}},{"type":"Feature","geometry":{"type":"Polygon","coordinates":[[[-102.50625,43.02738],[-102.50628,43.02726],[-102.50645,43.02741],[-102.50625,43.02738]]]},"properties":{"fire_id":"ufid:2022-SDPRA-000073","source_collection":"history-2022","source_objectid":6203,"incident_name":"Two spirit","mapped_acres":0.1,"mapped_acres_source":"poly_GISAcres","gis_acres":0.1,"auto_acres":0.04911035054656021,"reported_acres":0.1,"percent_contained":null,"state":"SD","state_wfigs":"US-SD","county":"Oglala Lakota","discovery_time_utc":"2022-07-04T02:49:00Z","perimeter_time_utc":"2022-08-30T21:02:09Z","perimeter_edit_time_utc":"2023-03-14T15:13:42Z","incident_modified_time_utc":"2022-07-04T02:57:04Z","containment_time_utc":"2022-07-04T02:58:00Z","control_time_utc":"2022-07-04T02:59:00Z","fire_out_time_utc":"2022-07-04T03:45:00Z","fire_cause":"Undetermined","fire_cause_general":"Undetermined","map_method":"Auto-generated","source_dataset":"FFP","unique_fire_identifier":"2022-SDPRA-000073","irwin_id":"{3E89E4F2-8226-480A-8EE1-5A56DCD3F8A0}","global_id":"0623b5c9-7255-4f47-879a-61a56fa3df12"}},{"type":"Feature","geometry":{"type":"Polygon","coordinates":[[[-103.21027,43.83996],[-103.21079,43.84037],[-103.21115,43.84121],[-103.21092,43.84116],[-103.21073,43.84073],[-103.21063,43.84112],[-103.21043,43.84065],[-103.21007,43.84048],[-103.21002,43.84026],[-103.21027,43.83996]]]},"properties":{"fire_id":"ufid:2022-SDSDS-220366","source_collection":"history-2022","source_objectid":6266,"incident_name":"Tayler Trail","mapped_acres":1.2247972011459645,"mapped_acres_source":"poly_Acres_AutoCalc_fallback","gis_acres":null,"auto_acres":1.2247972011459645,"reported_acres":1.22,"percent_contained":null,"state":"SD","state_wfigs":"US-SD","county":"Custer","discovery_time_utc":"2022-06-28T15:51:00Z","perimeter_time_utc":"2022-07-11T22:02:01Z","perimeter_edit_time_utc":"2023-03-14T15:13:42Z","incident_modified_time_utc":"2022-07-01T16:58:00Z","containment_time_utc":"2022-06-28T17:16:00Z","control_time_utc":"2022-06-28T20:17:00Z","fire_out_time_utc":null,"fire_cause":"Human","fire_cause_general":"Power generation / transmission / distribution","map_method":"Mixed Methods","source_dataset":"FFP","unique_fire_identifier":"2022-SDSDS-220366","irwin_id":"{6CEF1554-F497-4456-BAD8-2D650CE4B809}","global_id":"9d3288a0-789b-46bd-ad7c-5a618c8944d7"}},{"type":"Feature","geometry":{"type":"Polygon","coordinates":[[[-100.33999,44.12436],[-100.33791,44.12425],[-100.33684,44.12372],[-100.33284,44.12251],[-100.33281,44.12241],[-100.33999,44.12239],[-100.33999,44.12436]]]},"properties":{"fire_id":"ufid:2022-NENBF-220849","source_collection":"history-2022","source_objectid":6354,"incident_name":"Sioux East","mapped_acres":20.0,"mapped_acres_source":"poly_GISAcres","gis_acres":20.0,"auto_acres":18.836222937325708,"reported_acres":18.84,"percent_contained":null,"state":"SD","state_wfigs":"US-SD","county":"Lyman","discovery_time_utc":"2022-11-06T19:21:00Z","perimeter_time_utc":"2022-11-16T16:40:54Z","perimeter_edit_time_utc":"2023-03-14T15:13:42Z","incident_modified_time_utc":"2022-11-15T16:33:30Z","containment_time_utc":"2022-11-06T22:00:00Z","control_time_utc":"2022-11-08T20:56:00Z","fire_out_time_utc":"2022-11-15T16:30:00Z","fire_cause":"Human","fire_cause_general":"Equipment and vehicle use","map_method":"Auto-generated","source_dataset":"FFP","unique_fire_identifier":"2022-NENBF-220849","irwin_id":"{C84ACE62-2BEA-4B7B-8291-F19A46343930}","global_id":"36e27e43-3d15-4da8-828d-ee8850589dab"}},{"type":"Feature","geometry":{"type":"Polygon","coordinates":[[[-101.7851,43.87263],[-101.78476,43.87253],[-101.78465,43.87206],[-101.78404,43.87129],[-101.78442,43.87159],[-101.78442,43.8714],[-101.78355,43.8703],[-101.78259,43.86845],[-101.78334,43.86898],[-101.78477,43.87089],[-101.78519,43.8721],[-101.7851,43.87263]]]},"properties":{"fire_id":"ufid:2022-NENBF-220398","source_collection":"history-2022","source_objectid":6393,"incident_name":"Lone Cedar","mapped_acres":0.1,"mapped_acres_source":"poly_GISAcres","gis_acres":0.1,"auto_acres":5.491730890675614,"reported_acres":5.49,"percent_contained":null,"state":"SD","state_wfigs":"US-SD","county":"Jackson","discovery_time_utc":"2022-07-02T00:31:10Z","perimeter_time_utc":"2022-07-11T20:15:19Z","perimeter_edit_time_utc":"2023-03-14T15:13:42Z","incident_modified_time_utc":"2022-07-03T21:00:46Z","containment_time_utc":"2022-07-02T01:55:00Z","control_time_utc":"2022-07-02T18:00:00Z","fire_out_time_utc":"2022-07-03T20:54:00Z","fire_cause":"Natural","fire_cause_general":"Natural","map_method":"Auto-generated","source_dataset":"FFP","unique_fire_identifier":"2022-NENBF-220398","irwin_id":"{AC1B6868-1860-42A3-A277-104C03A3D99F}","global_id":"43b2affb-6501-458f-b719-0147ab2acabd"}},{"type":"Feature","geometry":{"type":"Polygon","coordinates":[[[-102.64222,43.08362],[-102.64349,43.08388],[-102.6436,43.08376],[-102.6438,43.08391],[-102.64413,43.08383],[-102.64428,43.08425],[-102.64461,43.08454],[-102.64465,43.08478],[-102.64483,43.08486],[-102.6446,43.0855],[-102.64471,43.08555],[-102.64441,43.08565],[-102.64425,43.08551],[-102.64379,43.08546],[-102.64355,43.0856],[-102.64333,43.08554],[-102.64333,43.08578],[-102.64302,43.0862],[-102.64135,43.08625],[-102.64198,43.08576],[-102.64175,43.08532],[-102.64182,43.08503],[-102.64212,43.08492],[-102.64189,43.08474],[-102.64224,43.08425],[-102.64222,43.08362]]]},"properties":{"fire_id":"ufid:2022-SDPRA-000063","source_collection":"history-2022","source_objectid":6439,"incident_name":"Braveheart","mapped_acres":10.0,"mapped_acres_source":"poly_GISAcres","gis_acres":10.0,"auto_acres":12.255745303178331,"reported_acres":12.3,"percent_contained":null,"state":"SD","state_wfigs":"US-SD","county":"Oglala Lakota","discovery_time_utc":"2022-06-30T00:00:00Z","perimeter_time_utc":"2022-08-17T00:44:22Z","perimeter_edit_time_utc":"2023-03-14T15:13:42Z","incident_modified_time_utc":"2022-06-30T01:12:33Z","containment_time_utc":null,"control_time_utc":null,"fire_out_time_utc":"2022-07-03T02:00:00Z","fire_cause":"Natural","fire_cause_general":"Natural","map_method":"Hand Sketch","source_dataset":"FFP","unique_fire_identifier":"2022-SDPRA-000063","irwin_id":"{87892005-292F-43C2-8DF8-EDB7002585B0}","global_id":"acec58b7-513a-48c7-b96d-f4982625db1a"}},{"type":"Feature","geometry":{"type":"MultiPolygon","coordinates":[[[[-102.81902,43.18504],[-102.81872,43.18491],[-102.81848,43.18459],[-102.81823,43.18328],[-102.81803,43.17934],[-102.81815,43.17923],[-102.81869,43.17935],[-102.81856,43.17979],[-102.81863,43.18],[-102.81925,43.17965],[-102.81914,43.18007],[-102.81881,43.18052],[-102.81899,43.18065],[-102.81965,43.17991],[-102.82021,43.17955],[-102.82035,43.17961],[-102.82008,43.17978],[-102.82008,43.17999],[-102.82028,43.17991],[-102.82047,43.17953],[-102.82089,43.17974],[-102.82057,43.18024],[-102.82031,43.18153],[-102.81968,43.1823],[-102.8194,43.1824],[-102.81914,43.1827],[-102.81908,43.18334],[-102.81943,43.18367],[-102.81945,43.18411],[-102.81957,43.1842],[-102.81935,43.18445],[-102.81936,43.18474],[-102.81902,43.18504]]],[[[-102.81872,43.18491],[-102.81872,43.18492],[-102.81871,43.18492],[-102.81872,43.18491]]]]},"properties":{"fire_id":"ufid:2022-SDPRA-000013","source_collection":"history-2022","source_objectid":6539,"incident_name":"Osni","mapped_acres":18.56178285520191,"mapped_acres_source":"poly_Acres_AutoCalc_fallback","gis_acres":null,"auto_acres":18.56178285520191,"reported_acres":10.0,"percent_contained":null,"state":"SD","state_wfigs":"US-SD","county":"Oglala Lakota","discovery_time_utc":"2022-02-21T02:38:00Z","perimeter_time_utc":null,"perimeter_edit_time_utc":"2023-03-14T15:13:42Z","incident_modified_time_utc":"2022-03-15T13:21:41Z","containment_time_utc":"2022-02-21T03:10:00Z","control_time_utc":"2022-02-21T03:45:00Z","fire_out_time_utc":"2022-02-21T05:30:00Z","fire_cause":"Human","fire_cause_general":"Misuse of fire by a minor","map_method":"Mixed Methods","source_dataset":"FFP","unique_fire_identifier":"2022-SDPRA-000013","irwin_id":"{DFF84ACC-8F0A-4A62-9022-FFBC8C40CEE5}","global_id":"a5396add-8ef9-4e8c-8d39-242d4dd7c1f5"}},{"type":"Feature","geometry":{"type":"MultiPolygon","coordinates":[[[[-103.43199,43.89609],[-103.43199,43.8961],[-103.43195,43.89609],[-103.43199,43.89609]]],[[[-103.4321,43.8961],[-103.43206,43.89612],[-103.43209,43.89609],[-103.4321,43.8961]]],[[[-103.43275,43.89616],[-103.43206,43.89651],[-103.43137,43.8964],[-103.43199,43.89623],[-103.43199,43.8961],[-103.43223,43.89626],[-103.43216,43.89613],[-103.43263,43.89589],[-103.43275,43.89616]]],[[[-103.43126,43.89644],[-103.43137,43.8964],[-103.43135,43.89645],[-103.43126,43.89644]]],[[[-103.43177,43.89651],[-103.43175,43.89654],[-103.43176,43.89652],[-103.43177,43.89651]]]]},"properties":{"fire_id":"ufid:2022-SDPNX-220823","source_collection":"history-2022","source_objectid":6565,"incident_name":"K Bar S","mapped_acres":2.0,"mapped_acres_source":"poly_GISAcres","gis_acres":2.0,"auto_acres":0.7094880298298287,"reported_acres":0.74,"percent_contained":null,"state":"SD","state_wfigs":"US-SD","county":"Pennington","discovery_time_utc":"2022-10-16T22:23:00Z","perimeter_time_utc":"2022-12-30T21:10:33Z","perimeter_edit_time_utc":"2023-03-14T15:13:42Z","incident_modified_time_utc":"2022-10-20T20:40:16Z","containment_time_utc":"2022-10-17T21:01:00Z","control_time_utc":null,"fire_out_time_utc":"2022-10-20T20:40:00Z","fire_cause":"Human","fire_cause_general":"Undetermined","map_method":"Hand Sketch","source_dataset":"FFP","unique_fire_identifier":"2022-SDPNX-220823","irwin_id":"{ACDDF3FD-44A3-4802-89B8-E6B61F95B8CF}","global_id":"2e886a2e-35fc-48f5-bbb0-bc7346a8672d"}},{"type":"Feature","geometry":{"type":"Polygon","coordinates":[[[-102.11183,43.31067],[-102.11246,43.3109],[-102.11266,43.31078],[-102.11353,43.31101],[-102.11378,43.31124],[-102.11403,43.31189],[-102.11424,43.31197],[-102.11425,43.31216],[-102.11392,43.31232],[-102.11315,43.31207],[-102.11301,43.3119],[-102.11279,43.31198],[-102.11205,43.31138],[-102.11196,43.3111],[-102.11158,43.31101],[-102.11183,43.31067]]]},"properties":{"fire_id":"ufid:2022-SDPRA-000104","source_collection":"history-2022","source_objectid":6593,"incident_name":"Taco","mapped_acres":5.0,"mapped_acres_source":"poly_GISAcres","gis_acres":5.0,"auto_acres":4.68114923514395,"reported_acres":4.7,"percent_contained":null,"state":"SD","state_wfigs":"US-SD","county":"Oglala Lakota","discovery_time_utc":"2022-08-02T01:15:00Z","perimeter_time_utc":"2022-08-30T21:11:40Z","perimeter_edit_time_utc":"2023-03-14T15:13:42Z","incident_modified_time_utc":"2022-08-02T04:55:45Z","containment_time_utc":null,"control_time_utc":null,"fire_out_time_utc":"2022-08-05T02:00:00Z","fire_cause":"Human","fire_cause_general":"Other causes","map_method":"Hand Sketch","source_dataset":"FFP","unique_fire_identifier":"2022-SDPRA-000104","irwin_id":"{1AECC48B-51EE-4520-9C83-104F2CDCB447}","global_id":"6961a5c0-5e61-44f5-ba26-5b71e017a218"}},{"type":"Feature","geometry":{"type":"Polygon","coordinates":[[[-103.3951,43.79126],[-103.39473,43.79092],[-103.39503,43.79082],[-103.39553,43.79029],[-103.39602,43.79017],[-103.39589,43.79006],[-103.39609,43.78997],[-103.39656,43.79003],[-103.39685,43.79035],[-103.39679,43.79024],[-103.3973,43.78985],[-103.39758,43.7901],[-103.39776,43.79009],[-103.398,43.79042],[-103.3981,43.79093],[-103.39781,43.79132],[-103.39769,43.79119],[-103.39757,43.79148],[-103.39734,43.79153],[-103.39723,43.79161],[-103.39729,43.79173],[-103.39688,43.79193],[-103.39601,43.79128],[-103.3951,43.79126]]]},"properties":{"fire_id":"ufid:2022-SDSDS-220403","source_collection":"history-2022","source_objectid":6764,"incident_name":"Grace Creek","mapped_acres":8.0,"mapped_acres_source":"poly_GISAcres","gis_acres":8.0,"auto_acres":8.733639826130755,"reported_acres":9.15,"percent_contained":null,"state":"SD","state_wfigs":"US-SD","county":"Custer","discovery_time_utc":"2022-07-02T18:58:00Z","perimeter_time_utc":"2022-07-11T16:15:57Z","perimeter_edit_time_utc":"2023-03-14T15:13:42Z","incident_modified_time_utc":"2022-07-10T20:51:38Z","containment_time_utc":"2022-07-03T16:00:00Z","control_time_utc":"2022-07-03T19:00:00Z","fire_out_time_utc":"2022-07-10T20:50:00Z","fire_cause":"Natural","fire_cause_general":"Natural","map_method":"Auto-generated","source_dataset":"FFP","unique_fire_identifier":"2022-SDSDS-220403","irwin_id":"{95E7C391-6A0A-4F0A-B4FA-A1B685884904}","global_id":"cd0186a0-6a61-4244-b1d5-13e9314ff5a4"}},{"type":"Feature","geometry":{"type":"MultiPolygon","coordinates":[[[[-103.4562,43.79469],[-103.45592,43.79497],[-103.4557,43.79491],[-103.45564,43.79468],[-103.4562,43.79469]]],[[[-103.45625,43.79468],[-103.4562,43.79469],[-103.45621,43.79467],[-103.45625,43.79468]]]]},"properties":{"fire_id":"ufid:2022-SDSDS-220383","source_collection":"history-2022","source_objectid":6805,"incident_name":"Norbeck","mapped_acres":0.5,"mapped_acres_source":"poly_GISAcres","gis_acres":0.5,"auto_acres":0.25616930669133564,"reported_acres":0.32,"percent_contained":null,"state":"SD","state_wfigs":"US-SD","county":"Custer","discovery_time_utc":"2022-06-30T13:12:00Z","perimeter_time_utc":"2022-07-11T16:05:49Z","perimeter_edit_time_utc":"2023-03-14T15:13:42Z","incident_modified_time_utc":"2022-07-06T17:48:20Z","containment_time_utc":"2022-06-30T17:51:00Z","control_time_utc":"2022-06-30T21:05:00Z","fire_out_time_utc":"2022-07-06T17:48:00Z","fire_cause":"Natural","fire_cause_general":"Natural","map_method":"GPS-Walked","source_dataset":"FFP","unique_fire_identifier":"2022-SDSDS-220383","irwin_id":"{C6CB8A8E-0B2E-415E-B4EA-4AF67E2ED900}","global_id":"211150a5-fb7a-428e-a2b5-8270e1bfc5ad"}},{"type":"Feature","geometry":{"type":"Polygon","coordinates":[[[-103.32928,44.09078],[-103.32937,44.09111],[-103.329,44.09103],[-103.32892,44.0908],[-103.32928,44.09078]]]},"properties":{"fire_id":"ufid:2022-SDSDS-220121","source_collection":"history-2022","source_objectid":6806,"incident_name":"South Canyon Fire","mapped_acres":0.2639337932519096,"mapped_acres_source":"poly_Acres_AutoCalc_fallback","gis_acres":null,"auto_acres":0.2639337932519096,"reported_acres":0.26,"percent_contained":null,"state":"SD","state_wfigs":"US-SD","county":"Pennington","discovery_time_utc":"2022-03-09T22:47:00Z","perimeter_time_utc":"2022-09-07T20:11:13Z","perimeter_edit_time_utc":"2023-03-14T15:13:42Z","incident_modified_time_utc":"2022-03-14T20:15:44Z","containment_time_utc":"2022-03-10T01:20:00Z","control_time_utc":"2022-03-10T18:42:00Z","fire_out_time_utc":"2022-03-14T19:44:00Z","fire_cause":"Human","fire_cause_general":"Debris and open burning","map_method":"GPS-Walked","source_dataset":"FFP","unique_fire_identifier":"2022-SDSDS-220121","irwin_id":"{BE178721-F6C0-4199-BB3D-041F127D76A4}","global_id":"0fa310de-19eb-41e6-befc-7d44bf70c616"}},{"type":"Feature","geometry":{"type":"Polygon","coordinates":[[[-103.57578,44.47876],[-103.57629,44.4773],[-103.57872,44.47689],[-103.57971,44.4779],[-103.57578,44.47876]]]},"properties":{"fire_id":"ufid:2022-SDSDS-220085","source_collection":"history-2022","source_objectid":6834,"incident_name":"Stampede CA","mapped_acres":8.875085477832656,"mapped_acres_source":"poly_Acres_AutoCalc_fallback","gis_acres":null,"auto_acres":8.875085477832656,"reported_acres":2.3,"percent_contained":null,"state":"SD","state_wfigs":"US-SD","county":"Lawrence","discovery_time_utc":"2022-02-20T18:50:00Z","perimeter_time_utc":null,"perimeter_edit_time_utc":"2023-03-14T15:13:42Z","incident_modified_time_utc":"2022-03-15T21:20:31Z","containment_time_utc":"2022-02-20T19:47:00Z","control_time_utc":"2022-02-20T19:47:00Z","fire_out_time_utc":"2022-03-15T18:00:00Z","fire_cause":"Human","fire_cause_general":"Debris and open burning","map_method":"Hand Sketch","source_dataset":"FFP","unique_fire_identifier":"2022-SDSDS-220085","irwin_id":"{844855F2-7F75-45A8-BB89-E049C1CDC585}","global_id":"8d76fbba-c874-47f5-870a-e7a6be2ed642"}},{"type":"Feature","geometry":{"type":"Polygon","coordinates":[[[-103.22263,43.76655],[-103.22326,43.76723],[-103.22282,43.76725],[-103.22242,43.76687],[-103.22228,43.76655],[-103.22244,43.76646],[-103.22263,43.76655]]]},"properties":{"fire_id":"ufid:2022-SDSDS-220047","source_collection":"history-2022","source_objectid":6878,"incident_name":"Horse Barn","mapped_acres":0.7449015315667921,"mapped_acres_source":"poly_Acres_AutoCalc_fallback","gis_acres":null,"auto_acres":0.7449015315667921,"reported_acres":0.75,"percent_contained":null,"state":"SD","state_wfigs":"US-SD","county":"Custer","discovery_time_utc":"2022-01-29T19:35:47Z","perimeter_time_utc":null,"perimeter_edit_time_utc":"2023-03-14T15:13:42Z","incident_modified_time_utc":"2022-02-08T21:59:40Z","containment_time_utc":"2022-01-29T21:30:00Z","control_time_utc":"2022-02-07T18:57:00Z","fire_out_time_utc":"2022-02-07T19:00:00Z","fire_cause":"Human","fire_cause_general":"Equipment and vehicle use","map_method":"GPS-Walked","source_dataset":"FFP","unique_fire_identifier":"2022-SDSDS-220047","irwin_id":"{810320CC-02FA-40BC-A4E2-AC2FA6D81711}","global_id":"5a5440cb-e154-4e44-b14d-6bb1c5f3df60"}},{"type":"Feature","geometry":{"type":"MultiPolygon","coordinates":[[[[-102.30742,43.39092],[-102.307046,43.391642],[-102.30723,43.39138],[-102.30726,43.39151],[-102.307042,43.391649],[-102.30686,43.392],[-102.30592,43.39197],[-102.30611,43.39108],[-102.30578,43.39099],[-102.30572,43.39085],[-102.30581,43.39062],[-102.3057,43.39029],[-102.30584,43.39004],[-102.30575,43.3894],[-102.30613,43.38913],[-102.30579,43.3891],[-102.30562,43.38874],[-102.30587,43.38871],[-102.30597,43.38839],[-102.30583,43.3882],[-102.30593,43.38809],[-102.30713,43.38767],[-102.30702,43.38753],[-102.30664,43.3876],[-102.30654,43.38742],[-102.30666,43.38728],[-102.30541,43.38645],[-102.30605,43.38642],[-102.30604,43.38633],[-102.3072,43.38583],[-102.30754,43.38552],[-102.30762,43.38556],[-102.30751,43.3858],[-102.30769,43.38617],[-102.30765,43.38712],[-102.30816,43.38734],[-102.3087,43.38723],[-102.30881,43.38706],[-102.30903,43.38719],[-102.30938,43.38702],[-102.30941,43.38743],[-102.30926,43.38777],[-102.30887,43.38811],[-102.30901,43.38829],[-102.30904,43.38871],[-102.30886,43.38885],[-102.30839,43.3898],[-102.30742,43.39092]]],[[[-102.30781,43.3906],[-102.30839,43.3898],[-102.30818,43.39033],[-102.30781,43.3906]]],[[[-102.3078,43.3906],[-102.30781,43.3906],[-102.30723,43.39138],[-102.3078,43.3906]]]]},"properties":{"fire_id":"ufid:2022-SDPRA-000134","source_collection":"history-2022","source_objectid":6897,"incident_name":"Dutchman","mapped_acres":29.599034974935822,"mapped_acres_source":"poly_Acres_AutoCalc_fallback","gis_acres":null,"auto_acres":29.599034974935822,"reported_acres":29.0,"percent_contained":null,"state":"SD","state_wfigs":"US-SD","county":"Oglala Lakota","discovery_time_utc":"2022-08-28T17:30:53Z","perimeter_time_utc":"2022-08-31T19:16:39Z","perimeter_edit_time_utc":"2023-03-14T15:13:42Z","incident_modified_time_utc":"2022-08-30T17:36:37Z","containment_time_utc":null,"control_time_utc":null,"fire_out_time_utc":"2022-08-30T00:30:00Z","fire_cause":"Human","fire_cause_general":"Equipment and vehicle use","map_method":"Mixed Methods","source_dataset":"FFP","unique_fire_identifier":"2022-SDPRA-000134","irwin_id":"{EB89E4CF-A632-408B-B0C2-596C48F0CF96}","global_id":"c731d1ae-418b-44fc-971c-9943b7ce87f9"}},{"type":"Feature","geometry":{"type":"Polygon","coordinates":[[[-103.78801,43.32707],[-103.78823,43.32709],[-103.78812,43.32718],[-103.78801,43.32707]]]},"properties":{"fire_id":"ufid:2022-SDSDS-220175","source_collection":"history-2022","source_objectid":6907,"incident_name":"Cut Across","mapped_acres":0.1,"mapped_acres_source":"poly_GISAcres","gis_acres":0.1,"auto_acres":0.029309614485912263,"reported_acres":0.1,"percent_contained":null,"state":"SD","state_wfigs":"US-SD","county":"Fall River","discovery_time_utc":"2022-04-05T02:03:07Z","perimeter_time_utc":"2022-11-22T17:04:41Z","perimeter_edit_time_utc":"2023-03-14T15:13:42Z","incident_modified_time_utc":"2022-04-11T19:05:24Z","containment_time_utc":"2022-04-05T03:08:00Z","control_time_utc":"2022-04-05T03:08:00Z","fire_out_time_utc":"2022-04-11T19:02:00Z","fire_cause":"Human","fire_cause_general":"Other causes","map_method":"Hand Sketch","source_dataset":"FFP","unique_fire_identifier":"2022-SDSDS-220175","irwin_id":"{01E43DB6-D86D-4C57-9A49-FC6DF60C36BE}","global_id":"71202ad8-0c26-4b16-bf9a-f2bb5d2e3135"}},{"type":"Feature","geometry":{"type":"Polygon","coordinates":[[[-103.2399,44.24582],[-103.23996,44.24505],[-103.24012,44.24466],[-103.24031,44.24458],[-103.2406,44.24471],[-103.24211,44.24465],[-103.24312,44.24518],[-103.24338,44.24549],[-103.24487,44.24581],[-103.24816,44.24783],[-103.24826,44.24809],[-103.24986,44.24942],[-103.24981,44.24984],[-103.2502,44.25027],[-103.25116,44.25096],[-103.25226,44.2523],[-103.25311,44.25275],[-103.25313,44.25299],[-103.25262,44.2535],[-103.25208,44.2536],[-103.25193,44.25345],[-103.25187,44.25308],[-103.25103,44.25286],[-103.2503,44.25203],[-103.2483,44.25123],[-103.24818,44.25069],[-103.24781,44.25026],[-103.24726,44.24997],[-103.24657,44.24986],[-103.2463,44.24965],[-103.24602,44.24918],[-103.24473,44.2479],[-103.24442,44.24698],[-103.2439,44.24698],[-103.24366,44.24678],[-103.24326,44.24592],[-103.24004,44.24594],[-103.2399,44.24582]]]},"properties":{"fire_id":"ufid:2022-SDMDX-220531","source_collection":"history-2022","source_objectid":7014,"incident_name":"141 CA","mapped_acres":53.7,"mapped_acres_source":"poly_GISAcres","gis_acres":53.7,"auto_acres":53.695419783143585,"reported_acres":53.7,"percent_contained":null,"state":"SD","state_wfigs":"US-SD","county":"Meade","discovery_time_utc":"2022-07-29T20:21:00Z","perimeter_time_utc":"2022-09-07T19:49:33Z","perimeter_edit_time_utc":"2023-03-14T15:13:42Z","incident_modified_time_utc":"2022-07-30T00:20:59Z","containment_time_utc":null,"control_time_utc":null,"fire_out_time_utc":null,"fire_cause":"Undetermined","fire_cause_general":"Undetermined","map_method":"GPS-Driven","source_dataset":"FFP","unique_fire_identifier":"2022-SDMDX-220531","irwin_id":"{91B839E4-2897-4AC7-89C2-B59E3EFAFC2C}","global_id":"71df63fe-5775-4a64-bb77-1d6b649660ee"}},{"type":"Feature","geometry":{"type":"Polygon","coordinates":[[[-100.64538,43.88512],[-100.64251,43.88388],[-100.64161,43.88407],[-100.64005,43.88326],[-100.63954,43.88312],[-100.63735,43.88187],[-100.63725,43.88168],[-100.63768,43.88172],[-100.63712,43.88136],[-100.63636,43.88108],[-100.63542,43.88047],[-100.63361,43.87978],[-100.63301,43.87937],[-100.63252,43.87927],[-100.64495,43.87934],[-100.64561,43.8797],[-100.64583,43.87991],[-100.64575,43.88011],[-100.64587,43.88019],[-100.64658,43.8804],[-100.64713,43.88074],[-100.64736,43.88097],[-100.64735,43.88155],[-100.6484,43.88266],[-100.64976,43.88346],[-100.6502,43.88349],[-100.65106,43.88407],[-100.65192,43.88518],[-100.654,43.88664],[-100.65453,43.88714],[-100.65473,43.88751],[-100.65505,43.88771],[-100.65505,43.88789],[-100.65639,43.88867],[-100.65683,43.88933],[-100.65787,43.89002],[-100.66057,43.8923],[-100.66221,43.89389],[-100.663,43.89392],[-100.66366,43.89455],[-100.66372,43.89484],[-100.66388,43.89486],[-100.66504,43.8942],[-100.66563,43.89451],[-100.66568,43.89465],[-100.66334,43.89593],[-100.66322,43.89579],[-100.66396,43.89524],[-100.66323,43.89517],[-100.66241,43.89561],[-100.66045,43.89388],[-100.65952,43.89387],[-100.65952,43.89376],[-100.65746,43.89303],[-100.65497,43.89104],[-100.65432,43.89077],[-100.65345,43.89006],[-100.65244,43.88964],[-100.65189,43.88903],[-100.65166,43.88903],[-100.65077,43.88848],[-100.64983,43.88769],[-100.64875,43.88718],[-100.64813,43.8872],[-100.6474,43.88696],[-100.64678,43.88633],[-100.64621,43.8861],[-100.64622,43.88583],[-100.64589,43.88548],[-100.64545,43.88537],[-100.64534,43.88528],[-100.64538,43.88512]]]},"properties":{"fire_id":"ufid:2022-SDJOX-220816","source_collection":"history-2022","source_objectid":7165,"incident_name":"East Fork","mapped_acres":233.5,"mapped_acres_source":"poly_GISAcres","gis_acres":233.5,"auto_acres":233.52579237208914,"reported_acres":233.5,"percent_contained":null,"state":"SD","state_wfigs":"US-SD","county":"Jones","discovery_time_utc":"2022-10-12T20:11:00Z","perimeter_time_utc":"2022-11-14T21:16:45Z","perimeter_edit_time_utc":"2023-03-14T15:13:42Z","incident_modified_time_utc":"2022-10-16T22:25:32Z","containment_time_utc":"2022-10-16T22:25:00Z","control_time_utc":null,"fire_out_time_utc":null,"fire_cause":"Undetermined","fire_cause_general":"Undetermined","map_method":"Auto-generated","source_dataset":"FFP","unique_fire_identifier":"2022-SDJOX-220816","irwin_id":"{0DA51A3A-ECA2-49BF-9BAC-87F822D78F10}","global_id":"b746b3f7-6630-4fb1-947c-461c13d4fe39"}},{"type":"Feature","geometry":{"type":"Polygon","coordinates":[[[-102.89688,43.19147],[-102.89678,43.192],[-102.89599,43.19249],[-102.89602,43.19221],[-102.89577,43.19207],[-102.89604,43.19197],[-102.89612,43.19181],[-102.89572,43.19159],[-102.89567,43.1915],[-102.8958,43.19143],[-102.89523,43.19139],[-102.89547,43.19184],[-102.89474,43.19249],[-102.89379,43.1928],[-102.89345,43.19273],[-102.8931,43.19291],[-102.89105,43.19313],[-102.891,43.19346],[-102.8901,43.19352],[-102.88967,43.19374],[-102.88689,43.19379],[-102.88597,43.19395],[-102.88558,43.1938],[-102.88481,43.19386],[-102.88448,43.19369],[-102.88369,43.19393],[-102.8833,43.19376],[-102.88218,43.19366],[-102.88031,43.1931],[-102.8792,43.19307],[-102.87845,43.19282],[-102.87813,43.19284],[-102.87782,43.1934],[-102.87731,43.19355],[-102.87721,43.19319],[-102.87723,43.18858],[-102.87728,43.18842],[-102.87752,43.18834],[-102.88706,43.18837],[-102.88917,43.18859],[-102.89092,43.18894],[-102.89316,43.18966],[-102.89677,43.19132],[-102.89688,43.19147]]]},"properties":{"fire_id":"ufid:2022-SDPRA-000093","source_collection":"history-2022","source_objectid":7183,"incident_name":"EM-2","mapped_acres":1.0,"mapped_acres_source":"poly_GISAcres","gis_acres":1.0,"auto_acres":190.42170932321767,"reported_acres":190.42,"percent_contained":null,"state":"SD","state_wfigs":"US-SD","county":"Oglala Lakota","discovery_time_utc":"2022-07-19T17:25:00Z","perimeter_time_utc":"2022-08-30T21:17:46Z","perimeter_edit_time_utc":"2023-03-14T15:13:42Z","incident_modified_time_utc":"2022-07-19T18:43:07Z","containment_time_utc":"2022-07-20T20:00:58Z","control_time_utc":null,"fire_out_time_utc":"2022-07-22T17:24:00Z","fire_cause":"Human","fire_cause_general":"Other causes","map_method":"Auto-generated","source_dataset":"FFP","unique_fire_identifier":"2022-SDPRA-000093","irwin_id":"{3F75C55A-9DC8-47BC-BFD7-391155C033AF}","global_id":"07ef1df9-2088-4793-a6e7-2f4875260fed"}},{"type":"Feature","geometry":{"type":"Polygon","coordinates":[[[-102.51091,43.60155],[-102.51074,43.60167],[-102.51073,43.60153],[-102.51067,43.60176],[-102.51093,43.60227],[-102.51078,43.60269],[-102.51088,43.60292],[-102.5108,43.60317],[-102.5105,43.60312],[-102.51034,43.60296],[-102.51037,43.60276],[-102.51011,43.60255],[-102.50984,43.60265],[-102.50966,43.60202],[-102.50947,43.60191],[-102.50949,43.60173],[-102.50931,43.60182],[-102.50931,43.60166],[-102.50915,43.60156],[-102.50818,43.59867],[-102.50812,43.59758],[-102.50796,43.59756],[-102.50774,43.59704],[-102.50683,43.59428],[-102.50685,43.59359],[-102.50664,43.59249],[-102.50708,43.59171],[-102.50763,43.59127],[-102.50782,43.59128],[-102.51029,43.59643],[-102.51105,43.5983],[-102.51142,43.59983],[-102.51157,43.60111],[-102.51147,43.60542],[-102.51133,43.60503],[-102.51123,43.60521],[-102.51125,43.60444],[-102.51109,43.60468],[-102.51086,43.60455],[-102.51127,43.60429],[-102.51104,43.60403],[-102.5113,43.60377],[-102.51082,43.60391],[-102.51129,43.60339],[-102.5113,43.60322],[-102.51121,43.60337],[-102.51112,43.60326],[-102.51133,43.60295],[-102.51115,43.60277],[-102.51135,43.60263],[-102.51109,43.60257],[-102.51115,43.60222],[-102.51078,43.60177],[-102.51091,43.60155]]]},"properties":{"fire_id":"ufid:2022-SDPRA-000175","source_collection":"history-2022","source_objectid":7265,"incident_name":"Lazy XU","mapped_acres":20.0,"mapped_acres_source":"poly_GISAcres","gis_acres":20.0,"auto_acres":61.61082304616147,"reported_acres":61.61,"percent_contained":null,"state":"SD","state_wfigs":"US-SD","county":"Oglala Lakota","discovery_time_utc":"2022-10-26T21:33:00Z","perimeter_time_utc":"2022-11-25T17:05:08Z","perimeter_edit_time_utc":"2023-03-14T15:13:42Z","incident_modified_time_utc":"2022-10-26T23:21:56Z","containment_time_utc":"2022-10-26T22:47:00Z","control_time_utc":"2022-10-26T22:50:00Z","fire_out_time_utc":"2022-10-27T20:00:00Z","fire_cause":"Human","fire_cause_general":"Other causes","map_method":"Auto-generated","source_dataset":"FFP","unique_fire_identifier":"2022-SDPRA-000175","irwin_id":"{D9EEFE00-8BD4-4E35-B943-0648B3357636}","global_id":"16670a00-92f6-4dc1-a041-3e59881aa593"}},{"type":"Feature","geometry":{"type":"MultiPolygon","coordinates":[[[[-100.10423,44.259],[-100.10411,44.25879],[-100.10445,44.25881],[-100.10638,44.25956],[-100.10637,44.25973],[-100.10601,44.25982],[-100.10656,44.26028],[-100.10667,44.26043],[-100.1065,44.26054],[-100.1068,44.26068],[-100.10692,44.26093],[-100.10613,44.26067],[-100.1053,44.25996],[-100.10421,44.25939],[-100.10423,44.259]]],[[[-100.104107,44.258962],[-100.1041,44.2591],[-100.1041,44.25896],[-100.104107,44.258962]]]]},"properties":{"fire_id":"ufid:2022-SDSTX-220124","source_collection":"history-2022","source_objectid":7606,"incident_name":"Sand Creek","mapped_acres":4.696722855994546,"mapped_acres_source":"poly_Acres_AutoCalc_fallback","gis_acres":null,"auto_acres":4.696722855994546,"reported_acres":4.7,"percent_contained":null,"state":"SD","state_wfigs":"US-SD","county":"Stanley","discovery_time_utc":"2022-03-13T17:23:00Z","perimeter_time_utc":"2022-12-30T21:26:10Z","perimeter_edit_time_utc":"2023-03-14T15:13:42Z","incident_modified_time_utc":"2022-03-22T14:58:23Z","containment_time_utc":"2022-03-13T20:34:00Z","control_time_utc":"2022-03-14T16:34:00Z","fire_out_time_utc":"2022-03-21T17:04:00Z","fire_cause":"Human","fire_cause_general":"Undetermined","map_method":"Mixed Methods","source_dataset":"FFP","unique_fire_identifier":"2022-SDSTX-220124","irwin_id":"{8BA9BB97-E241-4BD7-9114-93CF1F2B444C}","global_id":"c0dba0db-caa0-4973-b005-3a7cb8b86d5a"}},{"type":"Feature","geometry":{"type":"Polygon","coordinates":[[[-102.32893,43.22903],[-102.32892,43.22941],[-102.3294,43.22956],[-102.32965,43.23004],[-102.32939,43.23016],[-102.32898,43.23007],[-102.32864,43.22968],[-102.32789,43.229291],[-102.32786,43.22939],[-102.32781,43.22925],[-102.32844,43.22843],[-102.32893,43.22903]]]},"properties":{"fire_id":"ufid:2022-SDPRA-000027","source_collection":"history-2022","source_objectid":7645,"incident_name":"Shovels","mapped_acres":2.86,"mapped_acres_source":"poly_GISAcres","gis_acres":2.86,"auto_acres":2.856979820239356,"reported_acres":2.8,"percent_contained":null,"state":"SD","state_wfigs":"US-SD","county":"Oglala Lakota","discovery_time_utc":"2022-03-23T18:30:53Z","perimeter_time_utc":"2022-08-05T21:12:50Z","perimeter_edit_time_utc":"2023-03-14T15:13:42Z","incident_modified_time_utc":"2022-03-24T17:40:07Z","containment_time_utc":"2022-03-23T19:10:00Z","control_time_utc":"2022-03-23T19:30:00Z","fire_out_time_utc":"2022-03-26T00:30:00Z","fire_cause":"Human","fire_cause_general":"Undetermined","map_method":"Mixed Methods","source_dataset":"FFP","unique_fire_identifier":"2022-SDPRA-000027","irwin_id":"{B320BD55-FCAC-4ED0-90D8-BACCDB3DA2BD}","global_id":"9e2a92a4-c8e4-4300-9a6c-b07c8dfc4ff1"}},{"type":"Feature","geometry":{"type":"Polygon","coordinates":[[[-100.97264,43.12065],[-100.97291,43.12054],[-100.97317,43.12092],[-100.97291,43.12094],[-100.97264,43.12065]]]},"properties":{"fire_id":"ufid:2022-SDRBA-000073","source_collection":"history-2022","source_objectid":7923,"incident_name":"Charcoals fire","mapped_acres":0.2487,"mapped_acres_source":"poly_GISAcres","gis_acres":0.2487,"auto_acres":0.2487360586014851,"reported_acres":0.3,"percent_contained":null,"state":"SD","state_wfigs":"US-SD","county":"Todd","discovery_time_utc":"2022-07-10T01:30:00Z","perimeter_time_utc":"2022-09-20T17:58:05Z","perimeter_edit_time_utc":"2023-03-14T15:13:42Z","incident_modified_time_utc":"2022-07-10T02:19:41Z","containment_time_utc":null,"control_time_utc":null,"fire_out_time_utc":"2022-07-11T23:30:00Z","fire_cause":"Human","fire_cause_general":"Debris and open burning","map_method":"Mixed Methods","source_dataset":"FFP","unique_fire_identifier":"2022-SDRBA-000073","irwin_id":"{9CEB7661-74D0-4D07-BDBE-CE06A97D9CED}","global_id":"0daccd25-d063-46fe-baea-9e1527b9a95a"}},{"type":"Feature","geometry":{"type":"Polygon","coordinates":[[[-103.48007,43.8062],[-103.4803,43.80629],[-103.48032,43.8065],[-103.47992,43.80668],[-103.47964,43.80661],[-103.48007,43.8062]]]},"properties":{"fire_id":"ufid:2022-SDSDS-220728","source_collection":"history-2022","source_objectid":7946,"incident_name":"Wright","mapped_acres":1.0,"mapped_acres_source":"poly_GISAcres","gis_acres":1.0,"auto_acres":0.3653311709752736,"reported_acres":0.37,"percent_contained":null,"state":"SD","state_wfigs":"US-SD","county":"Custer","discovery_time_utc":"2022-09-10T19:39:00Z","perimeter_time_utc":"2022-10-05T15:48:25Z","perimeter_edit_time_utc":"2023-03-14T15:13:42Z","incident_modified_time_utc":"2022-09-13T16:38:44Z","containment_time_utc":"2022-09-10T21:15:00Z","control_time_utc":"2022-09-10T21:30:00Z","fire_out_time_utc":null,"fire_cause":"Natural","fire_cause_general":"Natural","map_method":"Auto-generated","source_dataset":"FFP","unique_fire_identifier":"2022-SDSDS-220728","irwin_id":"{5B445E79-CDC7-4119-BEDA-CBFECBF8016B}","global_id":"6efc924e-d2d1-4469-85e1-be93bde37035"}},{"type":"Feature","geometry":{"type":"Polygon","coordinates":[[[-100.30896,43.74243],[-100.31021,43.74258],[-100.31105,43.743],[-100.31125,43.74334],[-100.31121,43.74371],[-100.31173,43.74418],[-100.31532,43.74642],[-100.31544,43.74657],[-100.31533,43.74663],[-100.31532,43.74689],[-100.31468,43.74681],[-100.31599,43.74738],[-100.31672,43.74802],[-100.31751,43.74886],[-100.31747,43.74899],[-100.31722,43.74897],[-100.31733,43.74911],[-100.31726,43.74924],[-100.31756,43.74934],[-100.31771,43.74968],[-100.31835,43.74997],[-100.31815,43.75015],[-100.31842,43.75039],[-100.31877,43.75051],[-100.31923,43.7503],[-100.3197,43.7508],[-100.32078,43.75097],[-100.32157,43.75148],[-100.32154,43.75176],[-100.32106,43.75153],[-100.32103,43.75162],[-100.32134,43.75206],[-100.32174,43.75234],[-100.32173,43.75248],[-100.32272,43.75364],[-100.32258,43.75377],[-100.32268,43.75406],[-100.32238,43.75431],[-100.32205,43.75437],[-100.32267,43.75465],[-100.32272,43.75498],[-100.32206,43.75499],[-100.32147,43.75468],[-100.32132,43.75492],[-100.32062,43.75512],[-100.32037,43.75504],[-100.31976,43.75449],[-100.31866,43.75397],[-100.31745,43.75294],[-100.31724,43.75289],[-100.3167,43.75219],[-100.31552,43.75151],[-100.31534,43.75116],[-100.31504,43.75102],[-100.31504,43.75078],[-100.31467,43.7507],[-100.31432,43.75032],[-100.31426,43.75005],[-100.31273,43.74918],[-100.31079,43.74755],[-100.31044,43.74704],[-100.30923,43.74604],[-100.30903,43.7457],[-100.30911,43.74542],[-100.30836,43.74452],[-100.30787,43.74336],[-100.30795,43.74278],[-100.3082,43.74282],[-100.30896,43.74243]]]},"properties":{"fire_id":"ufid:2022-SDLYX-220551","source_collection":"history-2022","source_objectid":8081,"incident_name":"Buckaroo","mapped_acres":100.0,"mapped_acres_source":"poly_GISAcres","gis_acres":100.0,"auto_acres":123.21466352214667,"reported_acres":123.2,"percent_contained":null,"state":"SD","state_wfigs":"US-SD","county":"Lyman","discovery_time_utc":"2022-08-01T19:52:00Z","perimeter_time_utc":"2022-11-14T18:02:21Z","perimeter_edit_time_utc":"2023-03-14T15:13:42Z","incident_modified_time_utc":"2022-08-05T16:41:31Z","containment_time_utc":"2022-08-01T22:30:00Z","control_time_utc":null,"fire_out_time_utc":null,"fire_cause":"Undetermined","fire_cause_general":"Undetermined","map_method":"Auto-generated","source_dataset":"FFP","unique_fire_identifier":"2022-SDLYX-220551","irwin_id":"{8ABC7C4E-8B9E-42B8-AADE-9E450BB3C4C0}","global_id":"651608b9-e794-4415-9a22-243272f0e330"}},{"type":"Feature","geometry":{"type":"Polygon","coordinates":[[[-100.86158,43.23444],[-100.86144,43.23425],[-100.86159,43.23396],[-100.86226,43.23396],[-100.862,43.23435],[-100.86158,43.23444]]]},"properties":{"fire_id":"ufid:2022-SDRBA-000029","source_collection":"history-2022","source_objectid":8154,"incident_name":"Yuccas","mapped_acres":0.3,"mapped_acres_source":"poly_GISAcres","gis_acres":0.3,"auto_acres":0.665087969527355,"reported_acres":0.7,"percent_contained":null,"state":"SD","state_wfigs":"US-SD","county":"Todd","discovery_time_utc":"2022-04-19T02:08:39Z","perimeter_time_utc":"2022-08-11T17:32:04Z","perimeter_edit_time_utc":"2023-03-14T15:13:42Z","incident_modified_time_utc":"2022-04-19T03:32:58Z","containment_time_utc":null,"control_time_utc":null,"fire_out_time_utc":"2022-04-20T21:30:00Z","fire_cause":"Human","fire_cause_general":"Equipment and vehicle use","map_method":"Auto-generated","source_dataset":"FFP","unique_fire_identifier":"2022-SDRBA-000029","irwin_id":"{E354A882-1D0F-41B8-BDB7-C974A5D15276}","global_id":"c14306e6-34ff-4a9d-b7ea-afe593ff0623"}},{"type":"Feature","geometry":{"type":"Polygon","coordinates":[[[-103.84776,44.46937],[-103.84741,44.46989],[-103.84714,44.46985],[-103.84665,44.46928],[-103.84745,44.46904],[-103.84776,44.46937]]]},"properties":{"fire_id":"ufid:2022-SDLAX-220771","source_collection":"history-2022","source_objectid":8178,"incident_name":"Pit Fire bottom half","mapped_acres":1.223483894966883,"mapped_acres_source":"poly_Acres_AutoCalc_fallback","gis_acres":null,"auto_acres":1.223483894966883,"reported_acres":3.5,"percent_contained":null,"state":"SD","state_wfigs":"US-SD","county":"Lawrence","discovery_time_utc":"2022-09-24T22:36:00Z","perimeter_time_utc":"2022-12-19T18:11:21Z","perimeter_edit_time_utc":"2023-03-14T15:13:42Z","incident_modified_time_utc":"2022-09-26T14:35:16Z","containment_time_utc":"2022-09-25T01:40:00Z","control_time_utc":"2022-09-25T21:00:00Z","fire_out_time_utc":null,"fire_cause":"Human","fire_cause_general":"Firearms and explosives use","map_method":"Mixed Methods","source_dataset":"FFP","unique_fire_identifier":"2022-SDLAX-220771","irwin_id":"{0F616CF1-4704-4CCD-8151-FD5E9A2A8E92}","global_id":"d0708319-c4aa-41e7-a8b3-60360bd1e488"}},{"type":"Feature","geometry":{"type":"Polygon","coordinates":[[[-100.91763,43.15714],[-100.91756,43.15694],[-100.91774,43.15685],[-100.91732,43.1564],[-100.9175,43.15603],[-100.91775,43.1559],[-100.91795,43.156],[-100.91812,43.15633],[-100.91843,43.15636],[-100.91869,43.1566],[-100.91883,43.15719],[-100.91853,43.15728],[-100.91801,43.15712],[-100.91822,43.15731],[-100.91814,43.15736],[-100.91763,43.15714]]]},"properties":{"fire_id":"ufid:2022-SDRBA-000011","source_collection":"history-2022","source_objectid":8250,"incident_name":"Sandy Trail","mapped_acres":2.8440985649444004,"mapped_acres_source":"poly_Acres_AutoCalc_fallback","gis_acres":null,"auto_acres":2.8440985649444004,"reported_acres":2.84,"percent_contained":null,"state":"SD","state_wfigs":"US-SD","county":"Todd","discovery_time_utc":"2022-02-20T22:30:00Z","perimeter_time_utc":"2022-08-11T17:30:55Z","perimeter_edit_time_utc":"2023-03-14T15:13:42Z","incident_modified_time_utc":"2022-02-28T22:16:23Z","containment_time_utc":null,"control_time_utc":null,"fire_out_time_utc":"2022-02-23T22:30:00Z","fire_cause":"Human","fire_cause_general":"Equipment and vehicle use","map_method":"Mixed Methods","source_dataset":"FFP","unique_fire_identifier":"2022-SDRBA-000011","irwin_id":"{6C85B066-BAFF-4C22-8672-9E9B8E8E68C6}","global_id":"46d0515d-4586-4595-95a8-356dba8bd2e8"}},{"type":"Feature","geometry":{"type":"Polygon","coordinates":[[[-100.34016,43.54177],[-100.34052,43.54193],[-100.34059,43.54215],[-100.34029,43.54385],[-100.34037,43.54455],[-100.34078,43.54467],[-100.34086,43.54516],[-100.34139,43.54566],[-100.34132,43.54612],[-100.3408,43.54683],[-100.33998,43.54683],[-100.33912,43.54596],[-100.33855,43.54468],[-100.33854,43.54403],[-100.33832,43.54315],[-100.33813,43.5429],[-100.33825,43.54124],[-100.33836,43.54114],[-100.33877,43.54128],[-100.33893,43.5412],[-100.3388,43.54085],[-100.33903,43.54015],[-100.33926,43.54031],[-100.33938,43.54097],[-100.33973,43.54106],[-100.34001,43.54094],[-100.34016,43.54177]]]},"properties":{"fire_id":"ufid:2022-SDRBA-SDRBA082","source_collection":"history-2022","source_objectid":8280,"incident_name":"Wood Baler","mapped_acres":26.5,"mapped_acres_source":"poly_GISAcres","gis_acres":26.5,"auto_acres":26.496731168660087,"reported_acres":26.5,"percent_contained":null,"state":"SD","state_wfigs":"US-SD","county":"Mellette","discovery_time_utc":"2022-07-23T19:05:00Z","perimeter_time_utc":"2022-09-20T18:38:41Z","perimeter_edit_time_utc":"2023-03-14T15:13:42Z","incident_modified_time_utc":"2022-07-28T21:12:26Z","containment_time_utc":null,"control_time_utc":null,"fire_out_time_utc":"2022-07-23T23:30:00Z","fire_cause":"Human","fire_cause_general":"Equipment and vehicle use","map_method":"Mixed Methods","source_dataset":"FFP","unique_fire_identifier":"2022-SDRBA-SDRBA082","irwin_id":"{16CF8239-FF5A-4960-958F-45CAAD11294A}","global_id":"41630de7-789e-4979-8ffd-e84dc33bbfc5"}},{"type":"Feature","geometry":{"type":"MultiPolygon","coordinates":[[[[-103.42891,43.93649],[-103.42848,43.93654],[-103.42831,43.93644],[-103.42818,43.93601],[-103.42803,43.93593],[-103.42809,43.93549],[-103.42836,43.93546],[-103.42858,43.93561],[-103.42891,43.93649]]],[[[-103.42826,43.93635],[-103.42827,43.93636],[-103.42827,43.93637],[-103.42826,43.93635]]]]},"properties":{"fire_id":"ufid:2022-SDBKF-220157","source_collection":"history-2022","source_objectid":8437,"incident_name":"650","mapped_acres":1.2534428323239422,"mapped_acres_source":"poly_Acres_AutoCalc_fallback","gis_acres":null,"auto_acres":1.2534428323239422,"reported_acres":1.2,"percent_contained":null,"state":"SD","state_wfigs":"US-SD","county":"Pennington","discovery_time_utc":"2022-03-26T16:42:00Z","perimeter_time_utc":"2022-08-05T21:09:07Z","perimeter_edit_time_utc":"2023-03-14T15:13:42Z","incident_modified_time_utc":"2022-03-31T19:57:23Z","containment_time_utc":"2022-03-27T00:00:00Z","control_time_utc":"2022-03-27T17:00:00Z","fire_out_time_utc":"2022-03-31T19:33:00Z","fire_cause":"Human","fire_cause_general":"Undetermined","map_method":"Mixed Methods","source_dataset":"FFP","unique_fire_identifier":"2022-SDBKF-220157","irwin_id":"{94975281-3D91-4AC2-9EDD-73CAEF448940}","global_id":"133e9ffe-7fbf-4a4e-9135-4b9b8a2ce324"}},{"type":"Feature","geometry":{"type":"Polygon","coordinates":[[[-102.09736,43.43602],[-102.09882,43.43569],[-102.09914,43.43599],[-102.09816,43.43612],[-102.09819,43.43663],[-102.09784,43.43656],[-102.09733,43.43614],[-102.09736,43.43602]]]},"properties":{"fire_id":"ufid:2022-SDPRA-000085","source_collection":"history-2022","source_objectid":8605,"incident_name":"Bigfoot","mapped_acres":1.8,"mapped_acres_source":"poly_GISAcres","gis_acres":1.8,"auto_acres":1.5679555155643277,"reported_acres":1.6,"percent_contained":null,"state":"SD","state_wfigs":"US-SD","county":"Jackson","discovery_time_utc":"2022-07-08T18:59:00Z","perimeter_time_utc":"2022-08-30T21:17:08Z","perimeter_edit_time_utc":"2023-03-14T15:13:42Z","incident_modified_time_utc":"2022-07-08T20:30:23Z","containment_time_utc":"2022-07-08T20:00:00Z","control_time_utc":"2022-07-08T20:10:00Z","fire_out_time_utc":"2022-07-08T20:45:00Z","fire_cause":"Human","fire_cause_general":"Equipment and vehicle use","map_method":"Auto-generated","source_dataset":"FFP","unique_fire_identifier":"2022-SDPRA-000085","irwin_id":"{5A6D5C04-DF89-4C9A-A44F-DE9B8FF45E57}","global_id":"4ed4e89d-6b24-4e4d-a445-d0d60cdd487b"}},{"type":"Feature","geometry":{"type":"Polygon","coordinates":[[[-100.27161,44.20965],[-100.27153,44.20957],[-100.27169,44.2094],[-100.27196,44.20947],[-100.27161,44.20965]]]},"properties":{"fire_id":"ufid:2022-NENBF-220225","source_collection":"history-2022","source_objectid":8714,"incident_name":"Grass Creek","mapped_acres":0.1451064,"mapped_acres_source":"poly_GISAcres","gis_acres":0.1451064,"auto_acres":0.14471332120141167,"reported_acres":0.14,"percent_contained":null,"state":"SD","state_wfigs":"US-SD","county":"Stanley","discovery_time_utc":"2022-04-24T17:01:38Z","perimeter_time_utc":"2022-08-05T20:44:08Z","perimeter_edit_time_utc":"2023-03-14T15:13:42Z","incident_modified_time_utc":"2022-04-29T16:02:12Z","containment_time_utc":"2022-04-24T18:04:00Z","control_time_utc":"2022-04-24T18:04:00Z","fire_out_time_utc":"2022-04-29T16:00:00Z","fire_cause":"Natural","fire_cause_general":"Natural","map_method":"Mixed Methods","source_dataset":"FFP","unique_fire_identifier":"2022-NENBF-220225","irwin_id":"{F2CA63B6-4DE1-41C5-B7FE-664825020FCD}","global_id":"4377a0f9-efa0-4b59-a5b4-341af099563e"}},{"type":"Feature","geometry":{"type":"Polygon","coordinates":[[[-101.93177,43.35999],[-101.93188,43.36004],[-101.93177,43.36005],[-101.93177,43.35999]]]},"properties":{"fire_id":"ufid:2022-SDPRA-000050","source_collection":"history-2022","source_objectid":8749,"incident_name":"4 strike","mapped_acres":0.019271649900328033,"mapped_acres_source":"poly_Acres_AutoCalc_fallback","gis_acres":null,"auto_acres":0.019271649900328033,"reported_acres":0.1,"percent_contained":null,"state":"SD","state_wfigs":"US-SD","county":"Bennett","discovery_time_utc":"2022-06-25T00:00:56Z","perimeter_time_utc":"2022-08-05T21:17:50Z","perimeter_edit_time_utc":"2023-03-14T15:13:42Z","incident_modified_time_utc":"2022-06-27T17:03:05Z","containment_time_utc":"2022-06-25T01:45:00Z","control_time_utc":"2022-06-25T02:40:00Z","fire_out_time_utc":"2022-06-25T21:00:00Z","fire_cause":"Natural","fire_cause_general":"Natural","map_method":"Mixed Methods","source_dataset":"FFP","unique_fire_identifier":"2022-SDPRA-000050","irwin_id":"{24850CC9-3C97-4819-A5F1-5EB86424EC51}","global_id":"8ecf6d9d-20dd-4fc7-878e-1d12700a0e99"}},{"type":"Feature","geometry":{"type":"Polygon","coordinates":[[[-103.45316,43.91057],[-103.45326,43.91061],[-103.45307,43.91074],[-103.45266,43.91032],[-103.45302,43.91021],[-103.45305,43.9101],[-103.45341,43.91016],[-103.4536,43.91034],[-103.45343,43.91052],[-103.45316,43.91057]]]},"properties":{"fire_id":"ufid:2022-SDSDS-220093","source_collection":"history-2022","source_objectid":8754,"incident_name":"Ingersoll Mine","mapped_acres":0.77,"mapped_acres_source":"poly_GISAcres","gis_acres":0.77,"auto_acres":0.7730375222148118,"reported_acres":0.77,"percent_contained":null,"state":"SD","state_wfigs":"US-SD","county":"Pennington","discovery_time_utc":"2022-02-26T23:54:00Z","perimeter_time_utc":"2022-08-05T20:47:30Z","perimeter_edit_time_utc":"2023-03-14T15:13:42Z","incident_modified_time_utc":"2022-03-17T22:16:43Z","containment_time_utc":"2022-02-27T01:30:00Z","control_time_utc":"2022-02-27T19:42:00Z","fire_out_time_utc":"2022-03-17T21:35:00Z","fire_cause":"Human","fire_cause_general":"Other causes","map_method":"Mixed Methods","source_dataset":"FFP","unique_fire_identifier":"2022-SDSDS-220093","irwin_id":"{0B22F080-B3E1-4048-A0B2-AA98BBAB0328}","global_id":"357085a0-43c5-4261-8841-c80734a14937"}},{"type":"Feature","geometry":{"type":"Polygon","coordinates":[[[-102.69791,43.9021],[-102.69931,43.90418],[-102.69919,43.90491],[-102.69937,43.90538],[-102.69908,43.90584],[-102.69915,43.9061],[-102.69984,43.90695],[-102.70015,43.90775],[-102.69998,43.90805],[-102.69928,43.90841],[-102.69946,43.90907],[-102.69938,43.90969],[-102.70165,43.91092],[-102.70255,43.91074],[-102.70277,43.91094],[-102.70292,43.91134],[-102.7022,43.91155],[-102.70054,43.91121],[-102.70021,43.91131],[-102.70046,43.91131],[-102.70002,43.91153],[-102.68647,43.90816],[-102.68406,43.90712],[-102.6831,43.9065],[-102.68306,43.90599],[-102.68133,43.90281],[-102.68099,43.90145],[-102.68096,43.90081],[-102.68169,43.8992],[-102.68204,43.89869],[-102.68408,43.89656],[-102.68474,43.89633],[-102.6859,43.89637],[-102.68692,43.89661],[-102.68859,43.89778],[-102.68865,43.89769],[-102.68839,43.89725],[-102.68854,43.89718],[-102.69306,43.89718],[-102.69378,43.89744],[-102.69385,43.8972],[-102.69446,43.89719],[-102.69523,43.89756],[-102.69468,43.89839],[-102.69511,43.89908],[-102.69525,43.89927],[-102.69571,43.89943],[-102.69594,43.89993],[-102.69634,43.90023],[-102.69667,43.9007],[-102.69696,43.9014],[-102.69791,43.9021]]]},"properties":{"fire_id":"ufid:2022-SDSDS-220059","source_collection":"history-2022","source_objectid":8852,"incident_name":"44 CA","mapped_acres":430.14792533983143,"mapped_acres_source":"poly_Acres_AutoCalc_fallback","gis_acres":null,"auto_acres":430.14792533983143,"reported_acres":430.15,"percent_contained":null,"state":"SD","state_wfigs":"US-SD","county":"Pennington","discovery_time_utc":"2022-02-08T18:29:00Z","perimeter_time_utc":"2022-02-08T22:00:00Z","perimeter_edit_time_utc":"2023-03-14T15:13:42Z","incident_modified_time_utc":"2022-02-15T20:29:11Z","containment_time_utc":"2022-02-09T01:00:00Z","control_time_utc":"2022-02-09T19:21:00Z","fire_out_time_utc":"2022-02-11T16:35:00Z","fire_cause":"Human","fire_cause_general":"Other causes","map_method":"GPS-Driven","source_dataset":"FFP","unique_fire_identifier":"2022-SDSDS-220059","irwin_id":"{64FB07E5-42C7-4813-BC1B-6D48B6233EFA}","global_id":"8194ec6f-1d20-4fdb-a77b-55cc8cfcb501"}},{"type":"Feature","geometry":{"type":"Polygon","coordinates":[[[-102.248,43.20106],[-102.24848,43.20155],[-102.24846,43.20191],[-102.24801,43.20194],[-102.24775,43.20178],[-102.2477,43.20114],[-102.248,43.20106]]]},"properties":{"fire_id":"ufid:2022-SDPRA-000037","source_collection":"history-2022","source_objectid":8967,"incident_name":"The cash","mapped_acres":1.15873,"mapped_acres_source":"poly_GISAcres","gis_acres":1.15873,"auto_acres":1.1587379406484823,"reported_acres":1.13,"percent_contained":null,"state":"SD","state_wfigs":"US-SD","county":"Oglala Lakota","discovery_time_utc":"2022-04-26T20:35:23Z","perimeter_time_utc":"2022-08-05T20:43:30Z","perimeter_edit_time_utc":"2023-03-14T15:13:42Z","incident_modified_time_utc":"2022-05-02T14:45:52Z","containment_time_utc":"2022-04-26T21:25:00Z","control_time_utc":"2022-04-26T21:55:00Z","fire_out_time_utc":"2022-04-26T22:20:00Z","fire_cause":"Human","fire_cause_general":"Other causes","map_method":"Mixed Methods","source_dataset":"FFP","unique_fire_identifier":"2022-SDPRA-000037","irwin_id":"{B8715881-3D17-46E1-9CE1-B79F24C68DB3}","global_id":"55c1325b-2b50-4b30-be59-e597350bfb3c"}},{"type":"Feature","geometry":{"type":"Polygon","coordinates":[[[-101.93478,43.3087],[-101.93434,43.30948],[-101.93412,43.30943],[-101.93389,43.30915],[-101.93401,43.30886],[-101.93411,43.30891],[-101.93458,43.3086],[-101.93478,43.3087]]]},"properties":{"fire_id":"ufid:2022-SDPRA-000045","source_collection":"history-2022","source_objectid":8992,"incident_name":"Iron","mapped_acres":3.0,"mapped_acres_source":"poly_GISAcres","gis_acres":3.0,"auto_acres":1.0361372387464312,"reported_acres":1.04,"percent_contained":null,"state":"SD","state_wfigs":"US-SD","county":"Bennett","discovery_time_utc":"2022-06-17T19:15:00Z","perimeter_time_utc":"2022-07-14T14:13:06Z","perimeter_edit_time_utc":"2023-03-14T15:13:42Z","incident_modified_time_utc":"2022-06-22T20:38:39Z","containment_time_utc":"2022-06-17T20:37:00Z","control_time_utc":"2022-06-17T22:25:00Z","fire_out_time_utc":"2022-06-18T08:00:00Z","fire_cause":"Human","fire_cause_general":"Debris and open burning","map_method":"Auto-generated","source_dataset":"FFP","unique_fire_identifier":"2022-SDPRA-000045","irwin_id":"{82C43F4B-3F7D-4D86-B889-A9A687B0BA7F}","global_id":"81231390-865d-4982-83f1-4b5703026a21"}},{"type":"Feature","geometry":{"type":"MultiPolygon","coordinates":[[[[-100.94901,43.26713],[-100.94899,43.26689],[-100.94851,43.26665],[-100.94802,43.2665],[-100.94764,43.26661],[-100.94759,43.26647],[-100.94696,43.26624],[-100.94663,43.2664],[-100.94638,43.26627],[-100.94634,43.2661],[-100.94648,43.26595],[-100.9469,43.26603],[-100.94748,43.26589],[-100.94778,43.26601],[-100.94808,43.266],[-100.94806,43.26587],[-100.94857,43.26589],[-100.94838,43.26567],[-100.94869,43.26542],[-100.94912,43.26552],[-100.94927,43.26568],[-100.94964,43.26566],[-100.94986,43.26583],[-100.94973,43.26599],[-100.95008,43.26631],[-100.95056,43.26623],[-100.95071,43.26649],[-100.95109,43.26642],[-100.95144,43.26692],[-100.95072,43.26714],[-100.95062,43.26703],[-100.95051,43.26718],[-100.95022,43.26709],[-100.95007,43.26722],[-100.94972,43.26704],[-100.94971,43.26727],[-100.94938,43.26733],[-100.94901,43.26713]]],[[[-100.94938,43.26734],[-100.94938,43.26733],[-100.94941,43.26737],[-100.94938,43.26734]]]]},"properties":{"fire_id":"ufid:2022-SDRBA-000027","source_collection":"history-2022","source_objectid":9120,"incident_name":"Ironwood","mapped_acres":9.391890280879759,"mapped_acres_source":"poly_Acres_AutoCalc_fallback","gis_acres":null,"auto_acres":9.391890280879759,"reported_acres":9.4,"percent_contained":null,"state":"SD","state_wfigs":"US-SD","county":"Todd","discovery_time_utc":"2022-04-14T22:45:00Z","perimeter_time_utc":"2022-08-11T17:37:35Z","perimeter_edit_time_utc":"2023-03-14T15:13:42Z","incident_modified_time_utc":"2022-04-15T00:14:09Z","containment_time_utc":null,"control_time_utc":null,"fire_out_time_utc":"2022-04-18T21:30:00Z","fire_cause":"Human","fire_cause_general":"Recreation and ceremony","map_method":"Phone/Tablet","source_dataset":"FFP","unique_fire_identifier":"2022-SDRBA-000027","irwin_id":"{E05D56A0-88BE-42E8-A3E9-A7033F2343DB}","global_id":"97b57d19-c13d-49ee-b66c-e51c980bc0d5"}},{"type":"Feature","geometry":{"type":"Polygon","coordinates":[[[-101.046,43.15386],[-101.04634,43.15387],[-101.04669,43.15452],[-101.04665,43.15469],[-101.04591,43.15525],[-101.04608,43.15563],[-101.04602,43.15624],[-101.04586,43.15654],[-101.04641,43.1573],[-101.04612,43.15754],[-101.04543,43.15743],[-101.04381,43.15663],[-101.04321,43.15573],[-101.04231,43.1548],[-101.04177,43.15442],[-101.04183,43.15425],[-101.04221,43.15403],[-101.04222,43.15388],[-101.04066,43.15235],[-101.0424,43.15278],[-101.04285,43.15311],[-101.04313,43.15371],[-101.0434,43.15381],[-101.0438,43.15369],[-101.04439,43.15272],[-101.04481,43.15256],[-101.04534,43.15261],[-101.04582,43.15304],[-101.046,43.15386]]]},"properties":{"fire_id":"ufid:2022-SDRBA-220375","source_collection":"history-2022","source_objectid":9128,"incident_name":"FT 14","mapped_acres":33.02360647089365,"mapped_acres_source":"poly_Acres_AutoCalc_fallback","gis_acres":null,"auto_acres":33.02360647089365,"reported_acres":1.0,"percent_contained":null,"state":"SD","state_wfigs":"US-SD","county":"Todd","discovery_time_utc":"2022-06-29T22:25:00Z","perimeter_time_utc":"2022-09-20T18:13:33Z","perimeter_edit_time_utc":"2023-03-14T15:13:42Z","incident_modified_time_utc":"2022-07-12T16:58:53Z","containment_time_utc":null,"control_time_utc":null,"fire_out_time_utc":"2022-07-06T18:00:00Z","fire_cause":"Human","fire_cause_general":"Equipment and vehicle use","map_method":"Mixed Methods","source_dataset":"FFP","unique_fire_identifier":"2022-SDRBA-220375","irwin_id":"{EECBD2E6-0CC0-45F1-9F5A-3412DE6FC15E}","global_id":"7d6b777e-adbd-48ca-b8d6-a46612f76cf4"}},{"type":"Feature","geometry":{"type":"MultiPolygon","coordinates":[[[[-101.66268,43.55411],[-101.66306,43.55485],[-101.66426,43.55427],[-101.66442,43.55451],[-101.66475,43.55465],[-101.66485,43.55518],[-101.66466,43.55565],[-101.66494,43.55584],[-101.66501,43.55666],[-101.66471,43.55746],[-101.66491,43.5579],[-101.66471,43.5584],[-101.66483,43.55873],[-101.66465,43.55932],[-101.66468,43.55997],[-101.66436,43.56092],[-101.66443,43.56129],[-101.66458,43.56132],[-101.66438,43.56155],[-101.66469,43.56178],[-101.66402,43.56235],[-101.66398,43.56297],[-101.66386,43.56312],[-101.66311,43.56331],[-101.66245,43.56287],[-101.66248,43.56248],[-101.66229,43.56224],[-101.66197,43.56111],[-101.66179,43.56107],[-101.66179,43.55919],[-101.66285,43.5588],[-101.66268,43.55802],[-101.66253,43.55782],[-101.66203,43.5576],[-101.6619,43.55696],[-101.66194,43.55648],[-101.66228,43.55635],[-101.66239,43.5558],[-101.66218,43.55549],[-101.66272,43.55519],[-101.66268,43.55411]]],[[[-101.66179,43.56107],[-101.66179,43.56108],[-101.66178,43.56107],[-101.66179,43.56107]]]]},"properties":{"fire_id":"ufid:2022-SDPRA-000017","source_collection":"history-2022","source_objectid":9242,"incident_name":"Let Us","mapped_acres":46.48592994236683,"mapped_acres_source":"poly_Acres_AutoCalc_fallback","gis_acres":null,"auto_acres":46.48592994236683,"reported_acres":46.0,"percent_contained":null,"state":"SD","state_wfigs":"US-SD","county":"Jackson","discovery_time_utc":"2022-03-02T18:46:20Z","perimeter_time_utc":null,"perimeter_edit_time_utc":"2023-03-14T15:13:42Z","incident_modified_time_utc":"2022-03-07T17:25:02Z","containment_time_utc":"2022-03-02T19:55:00Z","control_time_utc":"2022-03-02T20:45:00Z","fire_out_time_utc":"2022-03-04T01:00:00Z","fire_cause":"Human","fire_cause_general":"Misuse of fire by a minor","map_method":"Mixed Methods","source_dataset":"FFP","unique_fire_identifier":"2022-SDPRA-000017","irwin_id":"{A57C7229-15AA-45D2-9EFB-BD8080761DAD}","global_id":"c04cbcf2-e4f1-4157-9cb0-a8bdc170cb8b"}},{"type":"Feature","geometry":{"type":"Polygon","coordinates":[[[-102.54167,43.32686],[-102.5401,43.32612],[-102.53996,43.32473],[-102.54007,43.32441],[-102.54211,43.32329],[-102.54299,43.32308],[-102.54373,43.3231],[-102.54373,43.32326],[-102.54304,43.32336],[-102.54276,43.32383],[-102.54212,43.32413],[-102.54218,43.32428],[-102.54262,43.32424],[-102.54314,43.32448],[-102.54318,43.32468],[-102.54277,43.32536],[-102.54285,43.32567],[-102.54274,43.32597],[-102.54243,43.32612],[-102.54222,43.32659],[-102.54167,43.32686]]]},"properties":{"fire_id":"ufid:2022-SDPRA-000032","source_collection":"history-2022","source_objectid":9435,"incident_name":"Snow","mapped_acres":17.79442633734976,"mapped_acres_source":"poly_Acres_AutoCalc_fallback","gis_acres":null,"auto_acres":17.79442633734976,"reported_acres":17.8,"percent_contained":null,"state":"SD","state_wfigs":"US-SD","county":"Oglala Lakota","discovery_time_utc":"2022-03-29T22:45:00Z","perimeter_time_utc":"2022-08-05T20:48:18Z","perimeter_edit_time_utc":"2023-03-14T15:13:42Z","incident_modified_time_utc":"2022-03-30T00:12:38Z","containment_time_utc":"2022-03-29T23:45:00Z","control_time_utc":"2022-03-30T00:30:00Z","fire_out_time_utc":"2022-03-30T02:00:00Z","fire_cause":"Human","fire_cause_general":"Undetermined","map_method":"Mixed Methods","source_dataset":"FFP","unique_fire_identifier":"2022-SDPRA-000032","irwin_id":"{9C5392F9-92C9-4594-A79D-75DF006AC5C7}","global_id":"45b703f4-cebd-4ab9-ae01-bf42847f5645"}},{"type":"Feature","geometry":{"type":"Polygon","coordinates":[[[-103.51142,43.61141],[-103.51148,43.61114],[-103.51176,43.61104],[-103.51219,43.61114],[-103.51226,43.61129],[-103.51218,43.61142],[-103.51195,43.61144],[-103.51204,43.61162],[-103.51182,43.61168],[-103.51157,43.61168],[-103.51142,43.61141]]]},"properties":{"fire_id":"ufid:2022-SDSDS-220174","source_collection":"history-2022","source_objectid":9710,"incident_name":"Rifle","mapped_acres":0.5,"mapped_acres_source":"poly_GISAcres","gis_acres":0.5,"auto_acres":0.8704324778105974,"reported_acres":0.99,"percent_contained":null,"state":"SD","state_wfigs":"US-SD","county":"Custer","discovery_time_utc":"2022-04-05T00:57:00Z","perimeter_time_utc":"2022-08-05T20:46:39Z","perimeter_edit_time_utc":"2023-03-14T15:13:42Z","incident_modified_time_utc":"2022-04-14T17:06:05Z","containment_time_utc":"2022-04-05T02:29:00Z","control_time_utc":"2022-04-08T20:30:00Z","fire_out_time_utc":"2022-04-14T17:04:00Z","fire_cause":"Human","fire_cause_general":"Power generation / transmission / distribution","map_method":"Auto-generated","source_dataset":"FFP","unique_fire_identifier":"2022-SDSDS-220174","irwin_id":"{ACDADCF7-6D7C-45DD-8071-40982D968212}","global_id":"83722ea8-70df-4840-bb66-178916f65c55"}},{"type":"Feature","geometry":{"type":"Polygon","coordinates":[[[-103.45088,43.89838],[-103.45075,43.89827],[-103.45082,43.89818],[-103.45067,43.89764],[-103.45099,43.8968],[-103.45121,43.89718],[-103.45122,43.89764],[-103.45108,43.89834],[-103.45088,43.89838]]]},"properties":{"fire_id":"ufid:2022-SDPNX-220870","source_collection":"history-2022","source_objectid":9726,"incident_name":"Echo Valley","mapped_acres":2.0,"mapped_acres_source":"poly_GISAcres","gis_acres":2.0,"auto_acres":1.1510877723041455,"reported_acres":1.27,"percent_contained":null,"state":"SD","state_wfigs":"US-SD","county":"Pennington","discovery_time_utc":"2022-12-02T06:12:00Z","perimeter_time_utc":"2022-12-30T21:09:39Z","perimeter_edit_time_utc":"2023-03-14T15:13:42Z","incident_modified_time_utc":"2022-12-28T16:07:20Z","containment_time_utc":"2022-12-02T17:25:00Z","control_time_utc":"2022-12-03T16:57:00Z","fire_out_time_utc":"2022-12-28T16:00:00Z","fire_cause":"Human","fire_cause_general":"Power generation / transmission / distribution","map_method":"Hand Sketch","source_dataset":"FFP","unique_fire_identifier":"2022-SDPNX-220870","irwin_id":"{3CFA6E6C-D766-42FA-B907-86E9A8D5FFE7}","global_id":"7218ea87-8f2c-446e-8b60-29cd01ddc9af"}},{"type":"Feature","geometry":{"type":"Polygon","coordinates":[[[-100.9033,43.1467],[-100.90332,43.14667],[-100.90336,43.14671],[-100.9033,43.1467]]]},"properties":{"fire_id":"ufid:2022-SDRBA-000105","source_collection":"history-2022","source_objectid":9811,"incident_name":"Wrong Directions","mapped_acres":0.1,"mapped_acres_source":"poly_GISAcres","gis_acres":0.1,"auto_acres":0.00408005238911354,"reported_acres":0.1,"percent_contained":null,"state":"SD","state_wfigs":"US-SD","county":"Todd","discovery_time_utc":"2022-09-18T23:15:48Z","perimeter_time_utc":"2022-10-24T20:56:31Z","perimeter_edit_time_utc":"2023-03-14T15:13:42Z","incident_modified_time_utc":"2022-09-19T00:42:58Z","containment_time_utc":null,"control_time_utc":null,"fire_out_time_utc":"2022-09-22T21:30:32Z","fire_cause":"Human","fire_cause_general":"Arson","map_method":"Hand Sketch","source_dataset":"FFP","unique_fire_identifier":"2022-SDRBA-000105","irwin_id":"{E00DDE13-A400-48C5-81FB-BB7B5170A78A}","global_id":"0856ae68-0499-4649-8a58-71fc93fb698e"}},{"type":"Feature","geometry":{"type":"MultiPolygon","coordinates":[[[[-103.27655,44.23476],[-103.27757,44.23546],[-103.27738,44.23598],[-103.27649,44.23615],[-103.2763,44.23607],[-103.27619,44.23561],[-103.27598,44.23536],[-103.27495,44.23507],[-103.27519,44.23489],[-103.27597,44.23493],[-103.27655,44.23476]]],[[[-103.27495,44.23507],[-103.27472,44.23505],[-103.27468,44.23502],[-103.27495,44.23507]]]]},"properties":{"fire_id":"ufid:2022-SDSDS-220058","source_collection":"history-2022","source_objectid":9867,"incident_name":"Ricard CA","mapped_acres":3.96,"mapped_acres_source":"poly_GISAcres","gis_acres":3.96,"auto_acres":3.959291765680999,"reported_acres":3.96,"percent_contained":null,"state":"SD","state_wfigs":"US-SD","county":"Meade","discovery_time_utc":"2022-02-08T09:53:00Z","perimeter_time_utc":"2022-09-07T21:13:11Z","perimeter_edit_time_utc":"2023-03-14T15:13:42Z","incident_modified_time_utc":"2022-02-14T18:39:11Z","containment_time_utc":"2022-02-08T15:45:00Z","control_time_utc":"2022-02-14T18:00:00Z","fire_out_time_utc":"2022-02-14T18:00:00Z","fire_cause":"Human","fire_cause_general":"Undetermined","map_method":"Mixed Methods","source_dataset":"FFP","unique_fire_identifier":"2022-SDSDS-220058","irwin_id":"{2EC928F6-4870-49FF-A708-6AC345B4B319}","global_id":"5e5170dc-78dc-430b-9a87-7916e907c784"}},{"type":"Feature","geometry":{"type":"Polygon","coordinates":[[[-100.98978,43.05206],[-100.99128,43.05242],[-100.99087,43.05264],[-100.99037,43.05271],[-100.98955,43.0523],[-100.98918,43.05183],[-100.98934,43.05176],[-100.98978,43.05206]]]},"properties":{"fire_id":"ufid:2022-SDRBA-000090","source_collection":"history-2022","source_objectid":9885,"incident_name":"6 Cows","mapped_acres":1.7,"mapped_acres_source":"poly_GISAcres","gis_acres":1.7,"auto_acres":1.727495717838968,"reported_acres":1.7,"percent_contained":null,"state":"SD","state_wfigs":"US-SD","county":"Todd","discovery_time_utc":"2022-08-04T23:35:00Z","perimeter_time_utc":"2022-08-11T14:24:16Z","perimeter_edit_time_utc":"2023-03-14T15:13:42Z","incident_modified_time_utc":"2022-08-05T20:49:13Z","containment_time_utc":null,"control_time_utc":null,"fire_out_time_utc":"2022-08-05T03:00:00Z","fire_cause":"Natural","fire_cause_general":"Natural","map_method":"Mixed Methods","source_dataset":"FFP","unique_fire_identifier":"2022-SDRBA-000090","irwin_id":"{4FE607F4-7FA7-4773-887F-574EA1D42807}","global_id":"78dd8fbc-7861-48a4-8eea-a244d1947ba6"}},{"type":"Feature","geometry":{"type":"Polygon","coordinates":[[[-103.55554,43.40394],[-103.55682,43.405],[-103.55689,43.40568],[-103.55648,43.40597],[-103.55598,43.40605],[-103.55466,43.40555],[-103.55447,43.40521],[-103.5548,43.40377],[-103.55554,43.40394]]]},"properties":{"fire_id":"ufid:2022-SDSDS-220589","source_collection":"history-2022","source_objectid":9918,"incident_name":"Minnekahta","mapped_acres":7.2,"mapped_acres_source":"poly_GISAcres","gis_acres":7.2,"auto_acres":8.341145031502657,"reported_acres":7.2,"percent_contained":null,"state":"SD","state_wfigs":"US-SD","county":"Fall River","discovery_time_utc":"2022-08-07T19:36:00Z","perimeter_time_utc":"2022-11-22T16:48:23Z","perimeter_edit_time_utc":"2023-03-14T15:13:42Z","incident_modified_time_utc":"2022-08-10T20:09:48Z","containment_time_utc":"2022-08-07T20:55:00Z","control_time_utc":"2022-08-07T22:30:00Z","fire_out_time_utc":"2022-08-12T20:00:00Z","fire_cause":"Natural","fire_cause_general":"Natural","map_method":"Hand Sketch","source_dataset":"FFP","unique_fire_identifier":"2022-SDSDS-220589","irwin_id":"{EC93F4EE-0FFE-48AD-AA9C-1B236A9AB392}","global_id":"3876b136-2fea-497f-908c-32f6fb705d6c"}},{"type":"Feature","geometry":{"type":"Polygon","coordinates":[[[-100.96015,43.21351],[-100.95903,43.2128],[-100.95769,43.21302],[-100.95629,43.21293],[-100.95444,43.2125],[-100.95314,43.21198],[-100.95216,43.21118],[-100.95093,43.20959],[-100.95063,43.20889],[-100.95019,43.2071],[-100.94932,43.20646],[-100.94862,43.2063],[-100.9482,43.20601],[-100.94706,43.20442],[-100.94619,43.20412],[-100.94556,43.20369],[-100.94371,43.2031],[-100.94242,43.20223],[-100.9421,43.20154],[-100.9422,43.20097],[-100.94142,43.19818],[-100.94148,43.19722],[-100.94134,43.19647],[-100.94175,43.19549],[-100.9418,43.195],[-100.94107,43.19295],[-100.94086,43.19152],[-100.94035,43.19131],[-100.93982,43.1908],[-100.93721,43.18946],[-100.93578,43.18833],[-100.93262,43.18643],[-100.93116,43.18516],[-100.92775,43.18309],[-100.92678,43.18191],[-100.92555,43.18078],[-100.92439,43.17944],[-100.92397,43.17921],[-100.92274,43.17806],[-100.91979,43.17473],[-100.92107,43.1754],[-100.92178,43.17546],[-100.92218,43.17511],[-100.92206,43.17475],[-100.92169,43.17465],[-100.92124,43.17483],[-100.92111,43.17507],[-100.92088,43.175],[-100.92006,43.1745],[-100.91884,43.17409],[-100.9172,43.17329],[-100.91627,43.17239],[-100.91583,43.1717],[-100.91556,43.17094],[-100.91511,43.16812],[-100.91468,43.16694],[-100.91358,43.16561],[-100.91147,43.1639],[-100.90963,43.16212],[-100.9091,43.16035],[-100.90922,43.16005],[-100.91034,43.1599],[-100.91038,43.15969],[-100.91255,43.16009],[-100.91259,43.16042],[-100.91328,43.16062],[-100.91381,43.16057],[-100.91385,43.16024],[-100.91341,43.15864],[-100.91275,43.15858],[-100.91226,43.15917],[-100.91139,43.15968],[-100.90989,43.15922],[-100.90901,43.15861],[-100.90992,43.15839],[-100.91017,43.15808],[-100.90956,43.15719],[-100.9096,43.15677],[-100.90841,43.15607],[-100.90782,43.15539],[-100.90734,43.15535],[-100.90669,43.1535],[-100.90674,43.15329],[-100.90714,43.15321],[-100.9073,43.15302],[-100.90718,43.15282],[-100.90688,43.15274],[-100.9065,43.15289],[-100.90623,43.15208],[-100.90719,43.15186],[-100.90671,43.1512],[-100.90673,43.15082],[-100.90579,43.1509],[-100.90563,43.15038],[-100.90557,43.15002],[-100.90673,43.1498],[-100.90666,43.14936],[-100.90555,43.14942],[-100.90553,43.14882],[-100.90737,43.14879],[-100.90744,43.1466],[-100.90763,43.14638],[-100.9076,43.14582],[-100.90789,43.14578],[-100.90806,43.14615],[-100.90874,43.14614],[-100.90864,43.14543],[-100.90848,43.14527],[-100.90861,43.14514],[-100.90909,43.14529],[-100.90923,43.14516],[-100.90814,43.14378],[-100.90765,43.14361],[-100.90764,43.14307],[-100.91037,43.14308],[-100.9105,43.14325],[-100.91035,43.14368],[-100.91035,43.14425],[-100.91047,43.14452],[-100.91129,43.14475],[-100.91153,43.14551],[-100.91194,43.14555],[-100.91234,43.14537],[-100.91237,43.14503],[-100.91183,43.14473],[-100.91089,43.14357],[-100.91079,43.14323],[-100.9109,43.14309],[-100.91363,43.14311],[-100.91391,43.14435],[-100.91489,43.14506],[-100.91539,43.14461],[-100.91461,43.14401],[-100.91411,43.14312],[-100.91486,43.1431],[-100.91586,43.14333],[-100.91679,43.14375],[-100.91759,43.14429],[-100.91839,43.14531],[-100.91878,43.14686],[-100.91869,43.14804],[-100.91774,43.14923],[-100.9178,43.14945],[-100.91881,43.15036],[-100.91961,43.15156],[-100.92249,43.15384],[-100.92304,43.15471],[-100.92437,43.15626],[-100.92495,43.15671],[-100.93048,43.16042],[-100.93398,43.16247],[-100.93513,43.16349],[-100.93589,43.16373],[-100.93657,43.16429],[-100.93664,43.16457],[-100.93733,43.16514],[-100.93745,43.16564],[-100.93701,43.16637],[-100.93716,43.16668],[-100.93752,43.16705],[-100.93836,43.16736],[-100.93935,43.16834],[-100.9398,43.16857],[-100.94056,43.16974],[-100.94198,43.16998],[-100.94227,43.17062],[-100.94288,43.17121],[-100.94341,43.17235],[-100.94348,43.17283],[-100.94453,43.1739],[-100.94517,43.17427],[-100.9459,43.17493],[-100.94596,43.17516],[-100.94571,43.17537],[-100.94556,43.17591],[-100.94572,43.17614],[-100.94635,43.17627],[-100.94672,43.17783],[-100.94729,43.17797],[-100.94808,43.17893],[-100.94838,43.17959],[-100.9491,43.18013],[-100.94942,43.18016],[-100.94913,43.17962],[-100.94919,43.17931],[-100.95022,43.17885],[-100.95193,43.17873],[-100.95288,43.17776],[-100.95337,43.17745],[-100.95541,43.17637],[-100.95656,43.17598],[-100.95801,43.17574],[-100.96092,43.17552],[-100.96225,43.17569],[-100.9629,43.17613],[-100.96313,43.17673],[-100.96304,43.17722],[-100.96262,43.1781],[-100.96149,43.17959],[-100.95982,43.1813],[-100.95966,43.18166],[-100.95964,43.18229],[-100.95993,43.18293],[-100.9605,43.1834],[-100.96168,43.18384],[-100.96369,43.18414],[-100.96429,43.18449],[-100.96444,43.18479],[-100.96451,43.18641],[-100.96466,43.18676],[-100.96627,43.1888],[-100.96712,43.19015],[-100.96718,43.19207],[-100.96424,43.19551],[-100.96417,43.19626],[-100.96548,43.19826],[-100.96582,43.19903],[-100.96573,43.20007],[-100.96522,43.20146],[-100.96463,43.20151],[-100.96437,43.20192],[-100.96434,43.20236],[-100.96378,43.20329],[-100.9637,43.20424],[-100.96379,43.20455],[-100.96406,43.2047],[-100.96338,43.20639],[-100.96274,43.20737],[-100.96125,43.21134],[-100.96102,43.21276],[-100.9612,43.21355],[-100.96015,43.21351]]]},"properties":{"fire_id":"ufid:2022-SDRBA-000045","source_collection":"history-2022","source_objectid":9969,"incident_name":"West SF","mapped_acres":1.0,"mapped_acres_source":"poly_GISAcres","gis_acres":1.0,"auto_acres":3388.9554064596005,"reported_acres":3389.0,"percent_contained":null,"state":"SD","state_wfigs":"US-SD","county":"Todd","discovery_time_utc":"2022-06-18T18:30:00Z","perimeter_time_utc":"2022-09-20T16:54:11Z","perimeter_edit_time_utc":"2023-03-14T15:13:42Z","incident_modified_time_utc":"2022-06-25T17:22:55Z","containment_time_utc":null,"control_time_utc":null,"fire_out_time_utc":"2022-07-08T21:30:00Z","fire_cause":"Human","fire_cause_general":"Power generation / transmission / distribution","map_method":"Mixed Methods","source_dataset":"FFP","unique_fire_identifier":"2022-SDRBA-000045","irwin_id":"{CF1FDA06-798E-4DA8-B760-007C2E9571E4}","global_id":"30f43d8f-e8bb-4fd5-819c-bf7efbec8da7"}},{"type":"Feature","geometry":{"type":"Polygon","coordinates":[[[-102.43059,43.45201],[-102.43062,43.45214],[-102.43083,43.4521],[-102.43074,43.45216],[-102.43087,43.45227],[-102.43079,43.45251],[-102.43131,43.45268],[-102.4312,43.45276],[-102.43152,43.45298],[-102.43176,43.45296],[-102.43206,43.45313],[-102.43205,43.45333],[-102.43177,43.45348],[-102.43174,43.45367],[-102.43133,43.45377],[-102.4317,43.45406],[-102.43158,43.45413],[-102.43165,43.45429],[-102.43118,43.45435],[-102.43042,43.45415],[-102.43041,43.45343],[-102.43064,43.45333],[-102.43083,43.45305],[-102.43048,43.45306],[-102.43044,43.45296],[-102.43059,43.45286],[-102.43018,43.45251],[-102.43016,43.45232],[-102.43059,43.45201]]]},"properties":{"fire_id":"ufid:2022-SDPRA-000064","source_collection":"history-2022","source_objectid":9992,"incident_name":"Pick it","mapped_acres":2.0,"mapped_acres_source":"poly_GISAcres","gis_acres":2.0,"auto_acres":4.99028568230972,"reported_acres":5.0,"percent_contained":null,"state":"SD","state_wfigs":"US-SD","county":"Oglala Lakota","discovery_time_utc":"2022-06-30T22:30:00Z","perimeter_time_utc":"2022-08-17T00:44:45Z","perimeter_edit_time_utc":"2023-03-14T15:13:42Z","incident_modified_time_utc":"2022-07-01T02:13:25Z","containment_time_utc":"2022-07-01T01:11:00Z","control_time_utc":"2022-07-01T01:26:00Z","fire_out_time_utc":"2022-07-01T02:12:00Z","fire_cause":"Human","fire_cause_general":"Equipment and vehicle use","map_method":"Hand Sketch","source_dataset":"FFP","unique_fire_identifier":"2022-SDPRA-000064","irwin_id":"{E5CC8975-FC2B-4B27-8F83-E475E67A4EFA}","global_id":"2002b0ae-621b-4332-b039-6157642d8358"}},{"type":"Feature","geometry":{"type":"Polygon","coordinates":[[[-102.34418,43.16464],[-102.34422,43.16479],[-102.34381,43.16506],[-102.34326,43.16522],[-102.34298,43.16515],[-102.3432,43.16508],[-102.34323,43.1648],[-102.34214,43.16475],[-102.34336,43.16444],[-102.34418,43.16464]]]},"properties":{"fire_id":"ufid:2022-SDPRA-000021","source_collection":"history-2022","source_objectid":10072,"incident_name":"Lookout","mapped_acres":1.7216593893450112,"mapped_acres_source":"poly_Acres_AutoCalc_fallback","gis_acres":null,"auto_acres":1.7216593893450112,"reported_acres":1.0,"percent_contained":null,"state":"SD","state_wfigs":"US-SD","county":"Oglala Lakota","discovery_time_utc":"2022-03-15T21:45:00Z","perimeter_time_utc":"2022-08-05T21:11:07Z","perimeter_edit_time_utc":"2023-03-14T15:13:42Z","incident_modified_time_utc":"2022-03-15T22:26:18Z","containment_time_utc":"2022-03-15T22:45:00Z","control_time_utc":"2022-03-15T23:00:00Z","fire_out_time_utc":"2022-03-16T18:00:00Z","fire_cause":"Human","fire_cause_general":"Smoking","map_method":"Mixed Methods","source_dataset":"FFP","unique_fire_identifier":"2022-SDPRA-000021","irwin_id":"{07BF208C-A97F-4741-8BDF-4E3AF87AE650}","global_id":"fd3829c2-e3a4-4cd2-b992-7b405c7cc218"}},{"type":"Feature","geometry":{"type":"Polygon","coordinates":[[[-103.82184,43.29598],[-103.82312,43.29542],[-103.82291,43.29681],[-103.82174,43.29681],[-103.82184,43.29598]]]},"properties":{"fire_id":"ufid:2022-SDSDS-220774","source_collection":"history-2022","source_objectid":10100,"incident_name":"Cottonwood","mapped_acres":2.0,"mapped_acres_source":"poly_GISAcres","gis_acres":2.0,"auto_acres":3.0216660242122195,"reported_acres":2.45,"percent_contained":null,"state":"SD","state_wfigs":"US-SD","county":"Fall River","discovery_time_utc":"2022-09-26T01:00:00Z","perimeter_time_utc":"2022-11-22T17:04:17Z","perimeter_edit_time_utc":"2023-03-14T15:13:42Z","incident_modified_time_utc":"2022-09-26T02:56:10Z","containment_time_utc":null,"control_time_utc":null,"fire_out_time_utc":null,"fire_cause":"Human","fire_cause_general":"Fireworks","map_method":"Hand Sketch","source_dataset":"FFP","unique_fire_identifier":"2022-SDSDS-220774","irwin_id":"{AE98E7AD-9FDC-41E4-8E86-EFF992631406}","global_id":"4704cb00-a1ae-4297-b0f5-ce97ccaf38e9"}},{"type":"Feature","geometry":{"type":"Polygon","coordinates":[[[-103.93808,43.77917],[-103.93857,43.77891],[-103.93876,43.77859],[-103.93894,43.77873],[-103.93914,43.77869],[-103.939,43.77883],[-103.9391,43.77892],[-103.93945,43.77879],[-103.93878,43.77924],[-103.93853,43.77926],[-103.9384,43.77953],[-103.93808,43.77917]]]},"properties":{"fire_id":"ufid:2022-SDBKF-220524","source_collection":"history-2022","source_objectid":10102,"incident_name":"Dead Horse","mapped_acres":1.0,"mapped_acres_source":"poly_GISAcres","gis_acres":1.0,"auto_acres":0.9737456621169838,"reported_acres":1.0,"percent_contained":null,"state":"SD","state_wfigs":"US-SD","county":"Custer","discovery_time_utc":"2022-07-28T00:57:10Z","perimeter_time_utc":"2022-08-07T17:16:31Z","perimeter_edit_time_utc":"2023-03-14T15:13:42Z","incident_modified_time_utc":"2022-07-31T19:12:59Z","containment_time_utc":"2022-07-28T14:30:00Z","control_time_utc":"2022-07-28T19:00:00Z","fire_out_time_utc":"2022-07-31T19:00:00Z","fire_cause":"Natural","fire_cause_general":"Natural","map_method":"Mixed Methods","source_dataset":"FFP","unique_fire_identifier":"2022-SDBKF-220524","irwin_id":"{31FBFEEC-B3CE-4628-9BF7-09138D0E05B9}","global_id":"a11bed98-ac55-42f7-873a-75a829c5cea6"}},{"type":"Feature","geometry":{"type":"Polygon","coordinates":[[[-102.7002,43.52472],[-102.7003,43.52517],[-102.70118,43.52656],[-102.70127,43.52708],[-102.70192,43.52805],[-102.70184,43.52893],[-102.703,43.53069],[-102.70178,43.52998],[-102.70102,43.52921],[-102.70033,43.52819],[-102.70024,43.52765],[-102.7004,43.52743],[-102.70074,43.52758],[-102.70161,43.52858],[-102.70179,43.52853],[-102.70182,43.5283],[-102.70142,43.52799],[-102.70047,43.52675],[-102.70009,43.52521],[-102.7002,43.52472]]]},"properties":{"fire_id":"ufid:2022-SDPRA-000174","source_collection":"history-2022","source_objectid":10610,"incident_name":"Jail Break","mapped_acres":10.0,"mapped_acres_source":"poly_GISAcres","gis_acres":10.0,"auto_acres":9.510258279138352,"reported_acres":9.51,"percent_contained":null,"state":"SD","state_wfigs":"US-SD","county":"Oglala Lakota","discovery_time_utc":"2022-10-21T23:32:00Z","perimeter_time_utc":"2022-11-23T22:40:39Z","perimeter_edit_time_utc":"2023-03-14T15:13:42Z","incident_modified_time_utc":"2022-10-22T16:40:25Z","containment_time_utc":"2022-10-22T16:39:45Z","control_time_utc":null,"fire_out_time_utc":"2022-10-23T22:30:00Z","fire_cause":"Human","fire_cause_general":"Equipment and vehicle use","map_method":"Auto-generated","source_dataset":"FFP","unique_fire_identifier":"2022-SDPRA-000174","irwin_id":"{5506C4E9-F339-4B43-941A-4933724F5D3B}","global_id":"75c42989-3f69-4b4c-acf2-6b5c4fb1fe9e"}},{"type":"Feature","geometry":{"type":"MultiPolygon","coordinates":[[[[-100.59545,43.71541],[-100.59781,43.71475],[-100.59776,43.71513],[-100.5971,43.71571],[-100.59705,43.71604],[-100.59719,43.71625],[-100.59757,43.7163],[-100.59733,43.7167],[-100.59683,43.71678],[-100.59661,43.71695],[-100.59659,43.71707],[-100.59695,43.71718],[-100.59662,43.71737],[-100.59221,43.71852],[-100.59154,43.7184],[-100.58875,43.71856],[-100.58821,43.71876],[-100.58784,43.71867],[-100.58709,43.71916],[-100.5872,43.71874],[-100.58858,43.71774],[-100.58999,43.71697],[-100.5919,43.71638],[-100.5939,43.71539],[-100.59423,43.71561],[-100.59545,43.71541]]],[[[-100.5897,43.71918],[-100.58731,43.71934],[-100.58709,43.71917],[-100.58821,43.71876],[-100.5897,43.71918]]],[[[-100.59015,43.71862],[-100.59015,43.71907],[-100.5897,43.71918],[-100.59015,43.71862]]],[[[-100.59024,43.7185],[-100.59015,43.71862],[-100.59015,43.71854],[-100.59024,43.7185]]]]},"properties":{"fire_id":"ufid:2022-SDRBA-1666278342","source_collection":"history-2022","source_objectid":10644,"incident_name":"New Holland","mapped_acres":45.0,"mapped_acres_source":"poly_GISAcres","gis_acres":45.0,"auto_acres":43.54717925469857,"reported_acres":45.0,"percent_contained":null,"state":"SD","state_wfigs":"US-SD","county":"Mellette","discovery_time_utc":"2022-10-17T22:06:00Z","perimeter_time_utc":"2022-10-24T20:58:49Z","perimeter_edit_time_utc":"2023-03-14T15:13:42Z","incident_modified_time_utc":"2022-10-19T15:09:05Z","containment_time_utc":null,"control_time_utc":null,"fire_out_time_utc":"2022-10-20T21:30:00Z","fire_cause":"Human","fire_cause_general":"Equipment and vehicle use","map_method":"Hand Sketch","source_dataset":"FFP","unique_fire_identifier":"2022-SDRBA-1666278342","irwin_id":"{5B791FF6-B744-401E-85DF-E2ADC80FF0BE}","global_id":"5b002aa9-6a90-42e8-8e25-164568757fa4"}},{"type":"Feature","geometry":{"type":"Polygon","coordinates":[[[-101.12495,43.28665],[-101.12626,43.28694],[-101.12653,43.28707],[-101.12653,43.28722],[-101.12557,43.28736],[-101.1252,43.28765],[-101.12451,43.28785],[-101.12181,43.28832],[-101.12114,43.28806],[-101.12073,43.28807],[-101.12022,43.28772],[-101.12029,43.28695],[-101.12042,43.28682],[-101.12133,43.28716],[-101.12241,43.28679],[-101.12334,43.28686],[-101.12495,43.28665]]]},"properties":{"fire_id":"ufid:2022-SDRBA-000088","source_collection":"history-2022","source_objectid":10744,"incident_name":"Lone Bale","mapped_acres":14.852676659962192,"mapped_acres_source":"poly_Acres_AutoCalc_fallback","gis_acres":null,"auto_acres":14.852676659962192,"reported_acres":14.9,"percent_contained":null,"state":"SD","state_wfigs":"US-SD","county":"Todd","discovery_time_utc":"2022-08-03T23:05:00Z","perimeter_time_utc":"2022-09-20T18:15:24Z","perimeter_edit_time_utc":"2023-03-14T15:13:42Z","incident_modified_time_utc":"2022-08-04T00:12:05Z","containment_time_utc":null,"control_time_utc":null,"fire_out_time_utc":"2022-08-05T23:30:00Z","fire_cause":"Human","fire_cause_general":"Equipment and vehicle use","map_method":"Mixed Methods","source_dataset":"FFP","unique_fire_identifier":"2022-SDRBA-000088","irwin_id":"{E2F5B03D-5B48-452D-A913-A280BF886717}","global_id":"c30a936f-8e38-4e9c-abac-4cac54e39a34"}},{"type":"Feature","geometry":{"type":"Polygon","coordinates":[[[-103.44518,43.63942],[-103.44498,43.63961],[-103.44483,43.63945],[-103.4445,43.63944],[-103.44383,43.63912],[-103.44398,43.63861],[-103.44367,43.63854],[-103.44342,43.63829],[-103.44343,43.63806],[-103.44374,43.63791],[-103.4444,43.63787],[-103.44486,43.63805],[-103.4455,43.63862],[-103.44536,43.6389],[-103.44575,43.63906],[-103.44547,43.63946],[-103.44518,43.63942]]]},"properties":{"fire_id":"ufid:2022-SDSDS-220371","source_collection":"history-2022","source_objectid":10815,"incident_name":"Highland","mapped_acres":5.3,"mapped_acres_source":"poly_GISAcres","gis_acres":5.3,"auto_acres":5.280958798489329,"reported_acres":5.3,"percent_contained":null,"state":"SD","state_wfigs":"US-SD","county":"Custer","discovery_time_utc":"2022-06-29T11:23:00Z","perimeter_time_utc":"2022-07-08T14:53:11Z","perimeter_edit_time_utc":"2023-03-14T15:13:42Z","incident_modified_time_utc":"2022-07-06T18:57:37Z","containment_time_utc":"2022-06-29T17:45:00Z","control_time_utc":"2022-07-01T20:00:00Z","fire_out_time_utc":"2022-07-06T18:50:00Z","fire_cause":"Natural","fire_cause_general":"Natural","map_method":"GPS-Walked","source_dataset":"FFP","unique_fire_identifier":"2022-SDSDS-220371","irwin_id":"{3E85DA2C-D411-4DFC-A547-E5829B7A0B23}","global_id":"f755968d-3c04-4380-a488-3df676d52b45"}},{"type":"Feature","geometry":{"type":"Polygon","coordinates":[[[-102.47306,43.2318],[-102.47322,43.232],[-102.47312,43.23213],[-102.47191,43.23199],[-102.47204,43.23154],[-102.47306,43.2318]]]},"properties":{"fire_id":"ufid:2022-SDPRA-000072","source_collection":"history-2022","source_objectid":10944,"incident_name":"1tree","mapped_acres":2.0,"mapped_acres_source":"poly_GISAcres","gis_acres":2.0,"auto_acres":1.1837517261195223,"reported_acres":2.0,"percent_contained":null,"state":"SD","state_wfigs":"US-SD","county":"Oglala Lakota","discovery_time_utc":"2022-07-03T14:18:00Z","perimeter_time_utc":"2022-08-30T20:59:09Z","perimeter_edit_time_utc":"2023-03-14T15:13:42Z","incident_modified_time_utc":"2022-07-04T03:02:33Z","containment_time_utc":"2022-07-04T02:44:00Z","control_time_utc":"2022-07-04T02:48:00Z","fire_out_time_utc":"2022-07-04T03:01:00Z","fire_cause":"Human","fire_cause_general":"Fireworks","map_method":"Auto-generated","source_dataset":"FFP","unique_fire_identifier":"2022-SDPRA-000072","irwin_id":"{F8CC68E1-880E-4AE4-84F2-09BAA3D2D64E}","global_id":"8aa21f96-f294-4d56-8ace-6eb6d115be45"}},{"type":"Feature","geometry":{"type":"Polygon","coordinates":[[[-102.81884,43.1857],[-102.81876,43.18487],[-102.81917,43.18496],[-102.8198,43.18531],[-102.82004,43.18559],[-102.82018,43.18628],[-102.82074,43.18707],[-102.82074,43.18748],[-102.82056,43.18754],[-102.82048,43.1874],[-102.82026,43.18748],[-102.82009,43.18737],[-102.81995,43.18708],[-102.82001,43.18689],[-102.8198,43.18701],[-102.81974,43.18667],[-102.81948,43.18632],[-102.81908,43.18613],[-102.81884,43.1857]]]},"properties":{"fire_id":"ufid:2022-SDPRA-000089","source_collection":"history-2022","source_objectid":10956,"incident_name":"Big screen","mapped_acres":1.0,"mapped_acres_source":"poly_GISAcres","gis_acres":1.0,"auto_acres":5.006267166438717,"reported_acres":1.0,"percent_contained":null,"state":"SD","state_wfigs":"US-SD","county":"Oglala Lakota","discovery_time_utc":"2022-07-17T23:56:00Z","perimeter_time_utc":"2022-08-30T21:18:25Z","perimeter_edit_time_utc":"2023-03-14T15:13:42Z","incident_modified_time_utc":"2022-07-18T01:52:01Z","containment_time_utc":"2022-07-18T00:41:00Z","control_time_utc":"2022-07-18T01:15:00Z","fire_out_time_utc":"2022-07-19T00:00:00Z","fire_cause":"Human","fire_cause_general":"Fireworks","map_method":"Auto-generated","source_dataset":"FFP","unique_fire_identifier":"2022-SDPRA-000089","irwin_id":"{9BE8894B-EF6A-4E83-B1A8-C9CA4F0CEABF}","global_id":"cd02a12c-9444-4fc7-98f3-dfa9ffe2357d"}},{"type":"Feature","geometry":{"type":"Polygon","coordinates":[[[-103.60987,43.41414],[-103.61026,43.41447],[-103.60989,43.41434],[-103.60987,43.41414]]]},"properties":{"fire_id":"ufid:2022-SDSDS-220342","source_collection":"history-2022","source_objectid":10981,"incident_name":"Eagle Point","mapped_acres":0.14831034860636308,"mapped_acres_source":"poly_Acres_AutoCalc_fallback","gis_acres":null,"auto_acres":0.14831034860636308,"reported_acres":0.25,"percent_contained":null,"state":"SD","state_wfigs":"US-SD","county":"Fall River","discovery_time_utc":"2022-06-14T21:23:00Z","perimeter_time_utc":"2022-11-22T16:51:56Z","perimeter_edit_time_utc":"2023-03-14T15:13:42Z","incident_modified_time_utc":"2022-06-17T18:26:45Z","containment_time_utc":"2022-06-14T23:30:00Z","control_time_utc":"2022-06-15T00:00:00Z","fire_out_time_utc":"2022-06-17T18:22:00Z","fire_cause":"Natural","fire_cause_general":"Natural","map_method":"Mixed Methods","source_dataset":"FFP","unique_fire_identifier":"2022-SDSDS-220342","irwin_id":"{71ED932D-66FC-4A63-86CE-E22994F1B7F1}","global_id":"3b3575d4-940c-4d81-a645-91d485ea3625"}},{"type":"Feature","geometry":{"type":"MultiPolygon","coordinates":[[[[-102.53103,43.05306],[-102.53094,43.05331],[-102.53126,43.05354],[-102.53124,43.05379],[-102.53085,43.05408],[-102.5308,43.05435],[-102.53054,43.05419],[-102.53019,43.05351],[-102.52854,43.0515],[-102.52798,43.05055],[-102.52722,43.04973],[-102.5269,43.04909],[-102.52776,43.04877],[-102.52836,43.04908],[-102.52892,43.0496],[-102.52957,43.05031],[-102.53071,43.052],[-102.53103,43.05306]]],[[[-102.53103,43.05306],[-102.53103,43.05318],[-102.53101,43.05312],[-102.53103,43.05306]]]]},"properties":{"fire_id":"ufid:2022-SDPRA-000120","source_collection":"history-2022","source_objectid":11010,"incident_name":"Last Chance","mapped_acres":25.0,"mapped_acres_source":"poly_GISAcres","gis_acres":25.0,"auto_acres":17.74812719942151,"reported_acres":25.0,"percent_contained":null,"state":"SD","state_wfigs":"US-SD","county":"Oglala Lakota","discovery_time_utc":"2022-08-12T02:20:00Z","perimeter_time_utc":"2022-08-30T21:04:23Z","perimeter_edit_time_utc":"2023-03-14T15:13:42Z","incident_modified_time_utc":"2022-08-12T03:18:05Z","containment_time_utc":null,"control_time_utc":null,"fire_out_time_utc":"2022-08-13T20:40:00Z","fire_cause":"Undetermined","fire_cause_general":"Undetermined","map_method":"Auto-generated","source_dataset":"FFP","unique_fire_identifier":"2022-SDPRA-000120","irwin_id":"{EBA7CFB5-9687-4681-AC15-1DF3A53F96F3}","global_id":"8cacc575-80ff-4f84-b52d-3efe6c239740"}},{"type":"Feature","geometry":{"type":"MultiPolygon","coordinates":[[[[-102.3416,43.32954],[-102.34162,43.32953],[-102.34162,43.32956],[-102.3416,43.32954]]],[[[-102.34447,43.3288],[-102.34511,43.33068],[-102.34539,43.33112],[-102.34492,43.33159],[-102.3435,43.33194],[-102.34317,43.33225],[-102.34282,43.33202],[-102.34222,43.33203],[-102.34215,43.33232],[-102.34149,43.33247],[-102.34125,43.33299],[-102.34086,43.33305],[-102.34075,43.33287],[-102.34091,43.33255],[-102.34139,43.33216],[-102.34112,43.33217],[-102.34124,43.33206],[-102.34103,43.33171],[-102.3419,43.33176],[-102.3421,43.3316],[-102.34119,43.33125],[-102.34123,43.33103],[-102.34154,43.33078],[-102.34148,43.33055],[-102.34175,43.33033],[-102.34184,43.33004],[-102.34177,43.32984],[-102.3416,43.32983],[-102.34163,43.32952],[-102.34133,43.32909],[-102.34135,43.32854],[-102.34169,43.32814],[-102.34218,43.32807],[-102.34274,43.32757],[-102.34332,43.32726],[-102.34447,43.3288]]]]},"properties":{"fire_id":"ufid:2022-SDPRA-000092","source_collection":"history-2022","source_objectid":11108,"incident_name":"Soul2","mapped_acres":20.0,"mapped_acres_source":"poly_GISAcres","gis_acres":20.0,"auto_acres":31.735352182135465,"reported_acres":31.74,"percent_contained":null,"state":"SD","state_wfigs":"US-SD","county":"Oglala Lakota","discovery_time_utc":"2022-07-18T11:55:00Z","perimeter_time_utc":"2022-09-14T22:31:00Z","perimeter_edit_time_utc":"2023-03-14T15:13:42Z","incident_modified_time_utc":"2022-07-18T13:06:09Z","containment_time_utc":null,"control_time_utc":null,"fire_out_time_utc":"2022-07-23T00:00:00Z","fire_cause":"Human","fire_cause_general":"Undetermined","map_method":"Auto-generated","source_dataset":"FFP","unique_fire_identifier":"2022-SDPRA-000092","irwin_id":"{7503B18C-DFA3-49AC-9D24-C2347A5135F7}","global_id":"1a0d411e-8d5c-46b0-acd2-79a57cd5cb05"}},{"type":"Feature","geometry":{"type":"Polygon","coordinates":[[[-102.89723,43.66811],[-102.89769,43.66801],[-102.89948,43.66805],[-102.90003,43.66787],[-102.90094,43.66786],[-102.90099,43.66752],[-102.90127,43.66745],[-102.90188,43.66753],[-102.90413,43.66738],[-102.90511,43.66763],[-102.90589,43.6682],[-102.90638,43.66817],[-102.90707,43.66882],[-102.90768,43.66906],[-102.90801,43.66937],[-102.90706,43.6696],[-102.90531,43.66974],[-102.9048,43.66962],[-102.90422,43.66973],[-102.90329,43.66956],[-102.90202,43.66959],[-102.90013,43.66936],[-102.89945,43.66914],[-102.89854,43.66928],[-102.89824,43.66909],[-102.89808,43.66882],[-102.89815,43.66872],[-102.89762,43.66838],[-102.89731,43.66842],[-102.89723,43.66811]]]},"properties":{"fire_id":"ufid:2022-SDPRA-000116","source_collection":"history-2022","source_objectid":11180,"incident_name":"Milk","mapped_acres":10.0,"mapped_acres_source":"poly_GISAcres","gis_acres":10.0,"auto_acres":36.20818343843384,"reported_acres":10.0,"percent_contained":null,"state":"SD","state_wfigs":"US-SD","county":"Oglala Lakota","discovery_time_utc":"2022-08-10T01:55:00Z","perimeter_time_utc":"2022-08-30T21:05:16Z","perimeter_edit_time_utc":"2023-03-14T15:13:42Z","incident_modified_time_utc":"2022-08-10T03:18:29Z","containment_time_utc":null,"control_time_utc":null,"fire_out_time_utc":"2022-08-13T02:00:00Z","fire_cause":"Human","fire_cause_general":"Misuse of fire by a minor","map_method":"Hand Sketch","source_dataset":"FFP","unique_fire_identifier":"2022-SDPRA-000116","irwin_id":"{2A40B80C-CA80-4797-8A88-63E7A8B96ECA}","global_id":"d34ac135-dee5-4ae4-807f-2ab8da29d767"}},{"type":"Feature","geometry":{"type":"Polygon","coordinates":[[[-102.10836,43.44897],[-102.10846,43.44904],[-102.10827,43.44936],[-102.10788,43.44963],[-102.10706,43.44976],[-102.10702,43.44945],[-102.10718,43.44915],[-102.10758,43.44917],[-102.10836,43.44897]]]},"properties":{"fire_id":"ufid:2022-SDPRA-000048","source_collection":"history-2022","source_objectid":11214,"incident_name":"East Kyle","mapped_acres":1.0,"mapped_acres_source":"poly_GISAcres","gis_acres":1.0,"auto_acres":1.5065884998752288,"reported_acres":1.51,"percent_contained":null,"state":"SD","state_wfigs":"US-SD","county":"Jackson","discovery_time_utc":"2022-06-24T00:30:00Z","perimeter_time_utc":"2022-07-14T14:15:54Z","perimeter_edit_time_utc":"2023-03-14T15:13:42Z","incident_modified_time_utc":"2022-06-24T01:38:49Z","containment_time_utc":"2022-06-24T01:10:00Z","control_time_utc":"2022-06-24T02:30:00Z","fire_out_time_utc":"2022-06-24T03:30:00Z","fire_cause":"Human","fire_cause_general":"Fireworks","map_method":"Auto-generated","source_dataset":"FFP","unique_fire_identifier":"2022-SDPRA-000048","irwin_id":"{64457653-5462-4018-A849-5C21CDE380E5}","global_id":"3bea9c7f-7a83-431e-93f3-846c37a60c14"}},{"type":"Feature","geometry":{"type":"Polygon","coordinates":[[[-103.58265,43.56553],[-103.58238,43.56541],[-103.58245,43.56531],[-103.58223,43.5653],[-103.58223,43.56495],[-103.58251,43.56492],[-103.58274,43.56507],[-103.58267,43.56515],[-103.58283,43.56515],[-103.5826,43.56535],[-103.58265,43.56553]]]},"properties":{"fire_id":"ufid:2022-SDBKF-220475","source_collection":"history-2022","source_objectid":11237,"incident_name":"Shirttail","mapped_acres":0.25,"mapped_acres_source":"poly_GISAcres","gis_acres":0.25,"auto_acres":0.44034379868749796,"reported_acres":0.44,"percent_contained":null,"state":"SD","state_wfigs":"US-SD","county":"Custer","discovery_time_utc":"2022-07-16T19:14:19Z","perimeter_time_utc":"2022-08-04T17:47:05Z","perimeter_edit_time_utc":"2023-03-14T15:13:42Z","incident_modified_time_utc":"2022-07-29T14:45:15Z","containment_time_utc":"2022-07-16T22:17:00Z","control_time_utc":"2022-07-17T01:33:00Z","fire_out_time_utc":"2022-07-20T18:45:00Z","fire_cause":"Natural","fire_cause_general":"Natural","map_method":"Auto-generated","source_dataset":"FFP","unique_fire_identifier":"2022-SDBKF-220475","irwin_id":"{EA27A93B-8EC3-4420-A57C-4ED53A97D078}","global_id":"9b29fa24-0849-4595-a4ad-d988fc7d349e"}},{"type":"Feature","geometry":{"type":"Polygon","coordinates":[[[-101.02785,43.11873],[-101.02804,43.11949],[-101.02845,43.11995],[-101.02839,43.12046],[-101.02734,43.12061],[-101.02719,43.12041],[-101.02734,43.12],[-101.02699,43.12006],[-101.02706,43.11988],[-101.02679,43.11975],[-101.02676,43.11931],[-101.02692,43.11895],[-101.02683,43.11878],[-101.02694,43.11861],[-101.02756,43.11857],[-101.02785,43.11873]]]},"properties":{"fire_id":"ufid:2022-SDRBA-000023","source_collection":"history-2022","source_objectid":11466,"incident_name":"Lagoon","mapped_acres":5.054676588237577,"mapped_acres_source":"poly_Acres_AutoCalc_fallback","gis_acres":null,"auto_acres":5.054676588237577,"reported_acres":5.1,"percent_contained":null,"state":"SD","state_wfigs":"US-SD","county":"Todd","discovery_time_utc":"2022-03-27T21:40:00Z","perimeter_time_utc":"2022-08-11T17:29:34Z","perimeter_edit_time_utc":"2023-03-14T15:13:42Z","incident_modified_time_utc":"2022-03-28T00:49:44Z","containment_time_utc":null,"control_time_utc":null,"fire_out_time_utc":"2022-03-30T23:30:00Z","fire_cause":"Human","fire_cause_general":"Arson","map_method":"Mixed Methods","source_dataset":"FFP","unique_fire_identifier":"2022-SDRBA-000023","irwin_id":"{C257BC91-0FB0-43FF-B767-9941659BC723}","global_id":"efec7468-66a7-4135-93b6-4ddf69db8777"}},{"type":"Feature","geometry":{"type":"MultiPolygon","coordinates":[[[[-102.46736,43.03656],[-102.46499,43.03783],[-102.46521,43.03769],[-102.46736,43.03656]]],[[[-102.46243,43.03918],[-102.46177,43.0395],[-102.46176,43.0394],[-102.46243,43.03918]]],[[[-102.46775,43.03624],[-102.46783,43.03627],[-102.46728,43.03652],[-102.46775,43.03624]]],[[[-102.46412,43.03827],[-102.46386,43.03841],[-102.46375,43.03836],[-102.46412,43.03827]]],[[[-102.46521,43.03769],[-102.46491,43.0378],[-102.46506,43.03767],[-102.46521,43.03769]]],[[[-102.46499,43.03783],[-102.46412,43.03827],[-102.46495,43.03783],[-102.46499,43.03783]]],[[[-102.4639,43.03841],[-102.46243,43.03918],[-102.46386,43.03841],[-102.4639,43.03841]]],[[[-102.46754,43.03646],[-102.46744,43.03653],[-102.46736,43.03656],[-102.46754,43.03646]]],[[[-102.46397,43.03837],[-102.46394,43.03839],[-102.4639,43.03841],[-102.46397,43.03837]]],[[[-102.46773,43.03636],[-102.46754,43.03646],[-102.46767,43.03638],[-102.46773,43.03636]]],[[[-102.46404,43.03833],[-102.46397,43.03837],[-102.46399,43.03835],[-102.46404,43.03833]]],[[[-102.46786,43.03628],[-102.46775,43.03634],[-102.46778,43.03633],[-102.46786,43.03628]]],[[[-102.46414,43.03828],[-102.46407,43.03831],[-102.46409,43.0383],[-102.46414,43.03828]]],[[[-102.46407,43.03831],[-102.46405,43.03832],[-102.46404,43.03833],[-102.46407,43.03831]]],[[[-102.46775,43.03634],[-102.46774,43.03635],[-102.46773,43.03636],[-102.46775,43.03634]]]]},"properties":{"fire_id":"ufid:2022-SDPRA-000125","source_collection":"history-2022","source_objectid":11671,"incident_name":"Wolf Creek","mapped_acres":0.5,"mapped_acres_source":"poly_GISAcres","gis_acres":0.5,"auto_acres":0.6774064791172125,"reported_acres":0.5,"percent_contained":null,"state":"SD","state_wfigs":"US-SD","county":"Oglala Lakota","discovery_time_utc":"2022-08-14T20:38:31Z","perimeter_time_utc":"2022-08-30T21:03:13Z","perimeter_edit_time_utc":"2023-03-14T15:13:42Z","incident_modified_time_utc":"2022-08-14T21:32:57Z","containment_time_utc":null,"control_time_utc":null,"fire_out_time_utc":"2022-08-15T15:30:00Z","fire_cause":"Human","fire_cause_general":"Equipment and vehicle use","map_method":"Auto-generated","source_dataset":"FFP","unique_fire_identifier":"2022-SDPRA-000125","irwin_id":"{C9F66DB4-ABA6-43CD-9BCB-BC3F93D6B921}","global_id":"836b96c0-9bdb-42b6-9269-63addcd0c032"}},{"type":"Feature","geometry":{"type":"MultiPolygon","coordinates":[[[[-100.86163,43.26882],[-100.86125,43.26904],[-100.86105,43.26972],[-100.86063,43.27021],[-100.86038,43.27028],[-100.85988,43.27093],[-100.85913,43.27138],[-100.85863,43.27143],[-100.85836,43.27131],[-100.85896,43.27105],[-100.85879,43.27088],[-100.85873,43.27049],[-100.85901,43.27001],[-100.85893,43.26982],[-100.85909,43.26953],[-100.85888,43.26885],[-100.85898,43.26875],[-100.85875,43.26829],[-100.85893,43.26801],[-100.85977,43.26817],[-100.85979,43.26831],[-100.85998,43.26834],[-100.86164,43.26822],[-100.86151,43.26797],[-100.86182,43.26781],[-100.86222,43.26708],[-100.86257,43.26703],[-100.86257,43.26726],[-100.86285,43.26774],[-100.86286,43.268],[-100.86269,43.26823],[-100.86274,43.26843],[-100.86222,43.2688],[-100.86163,43.26882]]],[[[-100.86043,43.27031],[-100.86038,43.2704],[-100.86038,43.27035],[-100.86043,43.27031]]]]},"properties":{"fire_id":"ufid:2022-SDRBA-000087","source_collection":"history-2022","source_objectid":11708,"incident_name":"Airport Fire","mapped_acres":16.8,"mapped_acres_source":"poly_GISAcres","gis_acres":16.8,"auto_acres":16.826524279046062,"reported_acres":16.9,"percent_contained":null,"state":"SD","state_wfigs":"US-SD","county":"Todd","discovery_time_utc":"2022-08-03T19:10:00Z","perimeter_time_utc":"2022-09-20T16:51:20Z","perimeter_edit_time_utc":"2023-03-14T15:13:42Z","incident_modified_time_utc":"2022-08-04T02:18:00Z","containment_time_utc":null,"control_time_utc":null,"fire_out_time_utc":"2022-08-05T23:30:00Z","fire_cause":"Human","fire_cause_general":"Equipment and vehicle use","map_method":"Mixed Methods","source_dataset":"FFP","unique_fire_identifier":"2022-SDRBA-000087","irwin_id":"{EC38C1A9-4875-4523-A122-0951EF2ADF8B}","global_id":"96977521-52b0-435c-9d45-10cd644464d7"}},{"type":"Feature","geometry":{"type":"Polygon","coordinates":[[[-100.16911,43.37539],[-100.17147,43.37637],[-100.17156,43.37699],[-100.17111,43.37682],[-100.17061,43.3769],[-100.17086,43.37735],[-100.16991,43.37767],[-100.1699,43.37786],[-100.1685,43.37794],[-100.16838,43.37609],[-100.16854,43.3758],[-100.16824,43.37563],[-100.16819,43.3754],[-100.16836,43.37529],[-100.16911,43.37539]]]},"properties":{"fire_id":"ufid:2022-SDRBA-000076","source_collection":"history-2022","source_objectid":11854,"incident_name":"Wheat Field","mapped_acres":12.74,"mapped_acres_source":"poly_GISAcres","gis_acres":12.74,"auto_acres":12.739069736229933,"reported_acres":12.7,"percent_contained":null,"state":"SD","state_wfigs":"US-SD","county":"Tripp","discovery_time_utc":"2022-07-15T22:00:00Z","perimeter_time_utc":"2022-09-20T16:09:37Z","perimeter_edit_time_utc":"2023-03-14T15:13:42Z","incident_modified_time_utc":"2022-07-18T15:36:33Z","containment_time_utc":null,"control_time_utc":null,"fire_out_time_utc":"2022-07-16T02:45:00Z","fire_cause":"Human","fire_cause_general":"Equipment and vehicle use","map_method":"Mixed Methods","source_dataset":"FFP","unique_fire_identifier":"2022-SDRBA-000076","irwin_id":"{E43EBD69-E635-4933-A3B5-B2D814194C0E}","global_id":"68243762-4c14-42b8-94e1-99d245dfdd6f"}},{"type":"Feature","geometry":{"type":"MultiPolygon","coordinates":[[[[-101.0333,43.12248],[-101.03382,43.12227],[-101.03442,43.12232],[-101.03484,43.12271],[-101.03493,43.12338],[-101.03462,43.12398],[-101.03398,43.12416],[-101.03385,43.12398],[-101.03393,43.12393],[-101.03377,43.12385],[-101.03337,43.12398],[-101.03318,43.12389],[-101.03295,43.12404],[-101.03265,43.12393],[-101.03275,43.12393],[-101.03255,43.12361],[-101.0326,43.1235],[-101.03236,43.12334],[-101.03261,43.12322],[-101.03295,43.12334],[-101.03292,43.12317],[-101.03345,43.12317],[-101.0333,43.12248]]],[[[-101.0328,43.12324],[-101.03271,43.12322],[-101.03281,43.12323],[-101.0328,43.12324]]],[[[-101.03284,43.12324],[-101.03281,43.12325],[-101.03281,43.12324],[-101.03284,43.12324]]],[[[-101.03284,43.12325],[-101.03282,43.12327],[-101.03283,43.12325],[-101.03284,43.12325]]],[[[-101.03235,43.12336],[-101.03235,43.12337],[-101.03234,43.12336],[-101.03235,43.12336]]],[[[-101.03234,43.12336],[-101.03225,43.12347],[-101.03228,43.12334],[-101.03234,43.12336]]],[[[-101.03231,43.12344],[-101.03231,43.12342],[-101.03233,43.12343],[-101.03231,43.12344]]]]},"properties":{"fire_id":"ufid:2022-SDRBA-000017","source_collection":"history-2022","source_objectid":12020,"incident_name":"V Fire","mapped_acres":6.73592595646298,"mapped_acres_source":"poly_Acres_AutoCalc_fallback","gis_acres":null,"auto_acres":6.73592595646298,"reported_acres":6.74,"percent_contained":null,"state":"SD","state_wfigs":"US-SD","county":"Todd","discovery_time_utc":"2022-03-19T22:45:21Z","perimeter_time_utc":"2022-09-20T18:12:49Z","perimeter_edit_time_utc":"2023-03-14T15:13:42Z","incident_modified_time_utc":"2022-03-20T05:23:05Z","containment_time_utc":null,"control_time_utc":null,"fire_out_time_utc":"2022-03-21T21:30:00Z","fire_cause":"Human","fire_cause_general":"Misuse of fire by a minor","map_method":"Mixed Methods","source_dataset":"FFP","unique_fire_identifier":"2022-SDRBA-000017","irwin_id":"{B607A304-6EC0-406A-870D-A7BEE2DDB1A8}","global_id":"d40e3335-973e-463b-8899-4cb82bd090da"}},{"type":"Feature","geometry":{"type":"Polygon","coordinates":[[[-103.51573,43.93409],[-103.51553,43.93393],[-103.51549,43.93371],[-103.51572,43.93386],[-103.51573,43.93409]]]},"properties":{"fire_id":"ufid:2022-SDSDS-220460","source_collection":"history-2022","source_objectid":12194,"incident_name":"Pink Cabin","mapped_acres":0.11436883808696104,"mapped_acres_source":"poly_Acres_AutoCalc_fallback","gis_acres":null,"auto_acres":0.11436883808696104,"reported_acres":0.3,"percent_contained":null,"state":"SD","state_wfigs":"US-SD","county":"Pennington","discovery_time_utc":"2022-07-13T22:45:00Z","perimeter_time_utc":"2022-09-08T19:10:06Z","perimeter_edit_time_utc":"2023-03-14T15:13:42Z","incident_modified_time_utc":"2022-07-17T18:25:50Z","containment_time_utc":"2022-07-13T23:15:00Z","control_time_utc":"2022-07-13T23:15:00Z","fire_out_time_utc":"2022-07-17T18:25:00Z","fire_cause":"Human","fire_cause_general":"Equipment and vehicle use","map_method":"Mixed Methods","source_dataset":"FFP","unique_fire_identifier":"2022-SDSDS-220460","irwin_id":"{B65DDB30-1400-4E23-A00C-93B5DFDE165B}","global_id":"ce63f910-dbf7-4b5f-8b6c-84c6b4f83731"}},{"type":"Feature","geometry":{"type":"Polygon","coordinates":[[[-101.87928,43.85276],[-101.87898,43.85342],[-101.87948,43.85322],[-101.87865,43.85452],[-101.87882,43.8545],[-101.87941,43.85376],[-101.87987,43.85356],[-101.88009,43.85365],[-101.88001,43.85396],[-101.87935,43.85455],[-101.87861,43.85491],[-101.87868,43.85538],[-101.87788,43.85599],[-101.87709,43.85588],[-101.87688,43.85551],[-101.87682,43.85496],[-101.87701,43.85459],[-101.87689,43.85436],[-101.87757,43.85404],[-101.87741,43.85392],[-101.87738,43.85354],[-101.87766,43.85299],[-101.87794,43.85296],[-101.87786,43.85255],[-101.87816,43.85198],[-101.87827,43.85231],[-101.87854,43.85199],[-101.87875,43.85214],[-101.87895,43.85198],[-101.87893,43.8523],[-101.87921,43.85228],[-101.87908,43.85245],[-101.87953,43.8525],[-101.87928,43.85276]]]},"properties":{"fire_id":"ufid:2022-NENBF-220378","source_collection":"history-2022","source_objectid":12272,"incident_name":"Big Buffalo","mapped_acres":20.0,"mapped_acres_source":"poly_GISAcres","gis_acres":20.0,"auto_acres":14.82782065461203,"reported_acres":15.38,"percent_contained":null,"state":"SD","state_wfigs":"US-SD","county":"Jackson","discovery_time_utc":"2022-06-29T23:45:00Z","perimeter_time_utc":"2022-07-11T20:17:32Z","perimeter_edit_time_utc":"2023-03-14T15:13:42Z","incident_modified_time_utc":"2022-07-01T18:02:51Z","containment_time_utc":"2022-06-30T04:00:00Z","control_time_utc":"2022-06-30T16:20:00Z","fire_out_time_utc":"2022-07-01T17:59:00Z","fire_cause":"Natural","fire_cause_general":"Natural","map_method":"Auto-generated","source_dataset":"FFP","unique_fire_identifier":"2022-NENBF-220378","irwin_id":"{9F71D9A4-6670-478F-A032-2CAA7CC8BDF2}","global_id":"aea4c8d5-afcd-4d07-9a67-de428500a990"}},{"type":"Feature","geometry":{"type":"Polygon","coordinates":[[[-102.54865,43.03014],[-102.54845,43.03021],[-102.54863,43.03031],[-102.54864,43.03056],[-102.54895,43.03111],[-102.54815,43.03109],[-102.54815,43.03072],[-102.54761,43.02997],[-102.54813,43.02988],[-102.54865,43.03014]]]},"properties":{"fire_id":"ufid:2022-SDPRA-000057","source_collection":"history-2022","source_objectid":12312,"incident_name":"Fire1","mapped_acres":1.8695746788191303,"mapped_acres_source":"poly_Acres_AutoCalc_fallback","gis_acres":null,"auto_acres":1.8695746788191303,"reported_acres":1.0,"percent_contained":null,"state":"SD","state_wfigs":"US-SD","county":"Oglala Lakota","discovery_time_utc":"2022-06-28T21:55:25Z","perimeter_time_utc":"2022-08-05T21:13:01Z","perimeter_edit_time_utc":"2023-03-14T15:13:42Z","incident_modified_time_utc":"2022-06-29T16:06:57Z","containment_time_utc":"2022-06-28T22:20:00Z","control_time_utc":"2022-06-28T22:45:00Z","fire_out_time_utc":"2022-06-28T23:00:00Z","fire_cause":"Human","fire_cause_general":"Fireworks","map_method":"Mixed Methods","source_dataset":"FFP","unique_fire_identifier":"2022-SDPRA-000057","irwin_id":"{3E923310-1A5A-456A-945A-85F5ADFCD9B6}","global_id":"9f64f14d-31ed-4e47-9a65-87ff8f407c41"}},{"type":"Feature","geometry":{"type":"Polygon","coordinates":[[[-100.80621,43.88526],[-100.80578,43.88574],[-100.80513,43.88559],[-100.8038,43.8848],[-100.80154,43.8839],[-100.80071,43.88342],[-100.79995,43.88312],[-100.79952,43.88316],[-100.79907,43.88303],[-100.79639,43.88168],[-100.79609,43.88169],[-100.79495,43.88102],[-100.79296,43.88017],[-100.79229,43.88002],[-100.79184,43.87955],[-100.79105,43.8792],[-100.79112,43.87893],[-100.79093,43.87867],[-100.79115,43.87854],[-100.79063,43.87833],[-100.79024,43.87793],[-100.78948,43.87748],[-100.78943,43.87729],[-100.78897,43.8773],[-100.78831,43.87648],[-100.78648,43.87546],[-100.78646,43.87505],[-100.78683,43.87519],[-100.78681,43.87501],[-100.78591,43.87445],[-100.78576,43.87457],[-100.78536,43.87217],[-100.7851,43.87209],[-100.78464,43.87126],[-100.78231,43.86922],[-100.78321,43.86905],[-100.78379,43.86919],[-100.78433,43.86942],[-100.78525,43.87019],[-100.78494,43.86957],[-100.78469,43.86934],[-100.78407,43.86909],[-100.78307,43.86892],[-100.7835,43.86858],[-100.78507,43.8689],[-100.78473,43.86843],[-100.78489,43.8683],[-100.78476,43.868],[-100.78483,43.86792],[-100.7856,43.86849],[-100.78531,43.86803],[-100.78564,43.86789],[-100.78552,43.86765],[-100.78576,43.86755],[-100.78577,43.86719],[-100.78492,43.86639],[-100.78504,43.86624],[-100.78537,43.86631],[-100.7856,43.86609],[-100.78602,43.86638],[-100.78631,43.86683],[-100.78675,43.86699],[-100.78766,43.8682],[-100.78679,43.86618],[-100.78588,43.86505],[-100.78506,43.86426],[-100.78386,43.8625],[-100.78426,43.86255],[-100.78409,43.86177],[-100.78329,43.8607],[-100.78278,43.85974],[-100.78246,43.85886],[-100.78219,43.85735],[-100.78174,43.85633],[-100.78148,43.85532],[-100.78171,43.85541],[-100.78271,43.8571],[-100.78303,43.85707],[-100.78347,43.85768],[-100.78357,43.85755],[-100.78334,43.8569],[-100.78217,43.85488],[-100.78193,43.85402],[-100.78211,43.85396],[-100.78281,43.85516],[-100.78282,43.85471],[-100.783,43.85471],[-100.78446,43.85632],[-100.78444,43.85599],[-100.785,43.85679],[-100.78505,43.85646],[-100.78464,43.85551],[-100.78444,43.85454],[-100.78467,43.85461],[-100.7855,43.85565],[-100.78553,43.85534],[-100.78522,43.85474],[-100.78512,43.85412],[-100.7853,43.85391],[-100.78511,43.85336],[-100.78592,43.85337],[-100.78731,43.8557],[-100.78777,43.85756],[-100.78816,43.85792],[-100.78838,43.85923],[-100.78822,43.85957],[-100.78899,43.85927],[-100.78912,43.85852],[-100.78883,43.85709],[-100.78887,43.85695],[-100.78907,43.85692],[-100.78943,43.8578],[-100.78955,43.8592],[-100.79042,43.86061],[-100.79,43.86141],[-100.79003,43.86174],[-100.79033,43.86201],[-100.7909,43.86341],[-100.79136,43.86512],[-100.7935,43.86861],[-100.79352,43.86914],[-100.7933,43.86934],[-100.79339,43.8695],[-100.79379,43.86948],[-100.79348,43.87002],[-100.79369,43.87146],[-100.7943,43.87208],[-100.79419,43.87221],[-100.79598,43.87466],[-100.79625,43.87471],[-100.79634,43.87448],[-100.79661,43.87463],[-100.79707,43.87532],[-100.79895,43.87727],[-100.8004,43.87934],[-100.80078,43.87944],[-100.80406,43.88232],[-100.80463,43.88322],[-100.80607,43.88485],[-100.80621,43.88526]]]},"properties":{"fire_id":"ufid:2022-SDSDS-220079","source_collection":"history-2022","source_objectid":12355,"incident_name":"Brake Drum","mapped_acres":495.8165,"mapped_acres_source":"poly_GISAcres","gis_acres":495.8165,"auto_acres":495.81469471962924,"reported_acres":495.8,"percent_contained":null,"state":"SD","state_wfigs":"US-SD","county":"Jones","discovery_time_utc":"2022-02-18T18:32:00Z","perimeter_time_utc":"2022-11-14T21:37:06Z","perimeter_edit_time_utc":"2023-03-14T15:13:42Z","incident_modified_time_utc":"2022-02-23T22:11:43Z","containment_time_utc":"2022-02-18T23:30:00Z","control_time_utc":"2022-02-18T23:35:00Z","fire_out_time_utc":"2022-02-23T22:00:00Z","fire_cause":"Human","fire_cause_general":"Equipment and vehicle use","map_method":"Mixed Methods","source_dataset":"FFP","unique_fire_identifier":"2022-SDSDS-220079","irwin_id":"{837AE2F2-0797-413C-8FE2-39D03353AF74}","global_id":"b602d0ac-9db7-428b-9ba5-78c8a79eda81"}},{"type":"Feature","geometry":{"type":"Polygon","coordinates":[[[-101.07419,43.27325],[-101.07415,43.27349],[-101.07467,43.27365],[-101.0748,43.27383],[-101.0757,43.27579],[-101.07545,43.27666],[-101.07557,43.27689],[-101.07522,43.2769],[-101.07515,43.27652],[-101.07491,43.27644],[-101.07481,43.27617],[-101.07431,43.27576],[-101.07391,43.27432],[-101.07398,43.27329],[-101.07419,43.27325]]]},"properties":{"fire_id":"ufid:2022-SDRBA-000066","source_collection":"history-2022","source_objectid":12413,"incident_name":"West Parm","mapped_acres":7.4,"mapped_acres_source":"poly_GISAcres","gis_acres":7.4,"auto_acres":7.367848325991582,"reported_acres":7.4,"percent_contained":null,"state":"SD","state_wfigs":"US-SD","county":"Todd","discovery_time_utc":"2022-07-04T00:30:00Z","perimeter_time_utc":"2022-09-20T18:18:19Z","perimeter_edit_time_utc":"2023-03-14T15:13:42Z","incident_modified_time_utc":"2022-07-04T00:59:17Z","containment_time_utc":null,"control_time_utc":null,"fire_out_time_utc":"2022-07-05T21:30:00Z","fire_cause":"Human","fire_cause_general":"Fireworks","map_method":"Phone/Tablet","source_dataset":"FFP","unique_fire_identifier":"2022-SDRBA-000066","irwin_id":"{44A54206-9D26-4FE1-89CC-514961AD82D7}","global_id":"4a3cfd42-42f9-403a-b650-9e2f6b5a2a34"}},{"type":"Feature","geometry":{"type":"MultiPolygon","coordinates":[[[[-102.55051,43.03215],[-102.55174,43.03241],[-102.55079,43.03312],[-102.54976,43.03325],[-102.54971,43.03302],[-102.54953,43.03296],[-102.5496,43.03267],[-102.55004,43.03268],[-102.55033,43.03226],[-102.55055,43.03227],[-102.55051,43.03215]]],[[[-102.55135,43.03284],[-102.55136,43.03284],[-102.55137,43.03287],[-102.55135,43.03284]]]]},"properties":{"fire_id":"ufid:2022-SDPRA-000191","source_collection":"history-2022","source_objectid":12437,"incident_name":"TyRich","mapped_acres":3.0,"mapped_acres_source":"poly_GISAcres","gis_acres":3.0,"auto_acres":3.025333233099804,"reported_acres":3.0,"percent_contained":null,"state":"SD","state_wfigs":"US-SD","county":"Oglala Lakota","discovery_time_utc":"2022-11-25T21:25:00Z","perimeter_time_utc":"2022-12-09T19:54:58Z","perimeter_edit_time_utc":"2023-03-14T15:13:42Z","incident_modified_time_utc":"2022-11-25T23:01:32Z","containment_time_utc":"2022-11-25T21:59:00Z","control_time_utc":"2022-11-25T22:15:00Z","fire_out_time_utc":"2022-11-27T18:00:00Z","fire_cause":"Human","fire_cause_general":"Arson","map_method":"Auto-generated","source_dataset":"FFP","unique_fire_identifier":"2022-SDPRA-000191","irwin_id":"{BE63F369-CF2F-4407-BB80-603660CDEAA0}","global_id":"5fe701a8-65e2-4b07-b719-63a0c3d1064c"}},{"type":"Feature","geometry":{"type":"Polygon","coordinates":[[[-101.91946,43.27216],[-101.91917,43.27234],[-101.91908,43.27219],[-101.91946,43.27216]]]},"properties":{"fire_id":"ufid:2022-SDPRA-000068","source_collection":"history-2022","source_objectid":12536,"incident_name":"Fishing","mapped_acres":0.5,"mapped_acres_source":"poly_GISAcres","gis_acres":0.5,"auto_acres":0.09135976508045024,"reported_acres":0.5,"percent_contained":null,"state":"SD","state_wfigs":"US-SD","county":"Bennett","discovery_time_utc":"2022-07-02T18:35:00Z","perimeter_time_utc":"2022-08-30T20:57:41Z","perimeter_edit_time_utc":"2023-03-14T15:13:42Z","incident_modified_time_utc":"2022-07-02T19:44:49Z","containment_time_utc":"2022-07-02T19:15:00Z","control_time_utc":"2022-07-02T19:20:00Z","fire_out_time_utc":"2022-07-02T19:43:39Z","fire_cause":"Human","fire_cause_general":"Fireworks","map_method":"Auto-generated","source_dataset":"FFP","unique_fire_identifier":"2022-SDPRA-000068","irwin_id":"{CF2335F8-63A9-4063-ABAF-A5F1FF1341CF}","global_id":"444b1678-92ff-4c21-b1ca-7d6857add251"}},{"type":"Feature","geometry":{"type":"Polygon","coordinates":[[[-102.54467,43.02288],[-102.54418,43.0231],[-102.54402,43.02289],[-102.54406,43.02261],[-102.54444,43.02239],[-102.54469,43.02262],[-102.54467,43.02288]]]},"properties":{"fire_id":"ufid:2022-SDPRA-000058","source_collection":"history-2022","source_objectid":12583,"incident_name":"Blue ridge","mapped_acres":0.7428109102583752,"mapped_acres_source":"poly_Acres_AutoCalc_fallback","gis_acres":null,"auto_acres":0.7428109102583752,"reported_acres":0.7,"percent_contained":null,"state":"SD","state_wfigs":"US-SD","county":"Oglala Lakota","discovery_time_utc":"2022-06-29T00:30:34Z","perimeter_time_utc":"2022-08-05T21:13:23Z","perimeter_edit_time_utc":"2023-03-14T15:13:42Z","incident_modified_time_utc":"2022-06-29T21:32:01Z","containment_time_utc":"2022-06-29T00:55:00Z","control_time_utc":"2022-06-29T01:05:00Z","fire_out_time_utc":"2022-06-29T01:25:00Z","fire_cause":"Human","fire_cause_general":"Fireworks","map_method":"Mixed Methods","source_dataset":"FFP","unique_fire_identifier":"2022-SDPRA-000058","irwin_id":"{113F35D0-DC82-48C4-8C55-E1C79965EDD6}","global_id":"0c41e6e9-7bd4-41c0-858d-cbdc421a80fe"}},{"type":"Feature","geometry":{"type":"Polygon","coordinates":[[[-103.3849,43.4226],[-103.38508,43.42245],[-103.38483,43.42279],[-103.3849,43.4226]]]},"properties":{"fire_id":"ufid:2022-SDSDS-220842","source_collection":"history-2022","source_objectid":12591,"incident_name":"Spring Canyon","mapped_acres":0.1,"mapped_acres_source":"poly_GISAcres","gis_acres":0.1,"auto_acres":0.07042856361474156,"reported_acres":0.1,"percent_contained":null,"state":"SD","state_wfigs":"US-SD","county":"Fall River","discovery_time_utc":"2022-10-30T22:50:00Z","perimeter_time_utc":"2022-11-22T17:07:50Z","perimeter_edit_time_utc":"2023-03-14T15:13:42Z","incident_modified_time_utc":"2022-10-30T23:41:25Z","containment_time_utc":"2022-10-30T23:20:00Z","control_time_utc":"2022-10-30T23:31:00Z","fire_out_time_utc":"2022-10-30T23:31:00Z","fire_cause":"Human","fire_cause_general":"Equipment and vehicle use","map_method":"Hand Sketch","source_dataset":"FFP","unique_fire_identifier":"2022-SDSDS-220842","irwin_id":"{8430EB42-2F09-4BA8-B3EE-ED3D2D8F3B63}","global_id":"b8e269f8-ff8f-4d1c-907e-064e662bc044"}},{"type":"Feature","geometry":{"type":"Polygon","coordinates":[[[-103.5517,43.78984],[-103.55154,43.78924],[-103.55189,43.78935],[-103.55193,43.78963],[-103.55215,43.78981],[-103.55192,43.78994],[-103.5517,43.78984]]]},"properties":{"fire_id":"ufid:2022-SDSDS-220297","source_collection":"history-2022","source_objectid":12866,"incident_name":"Calamity","mapped_acres":0.25,"mapped_acres_source":"poly_GISAcres","gis_acres":0.25,"auto_acres":0.44963956746022804,"reported_acres":0.45,"percent_contained":null,"state":"SD","state_wfigs":"US-SD","county":"Custer","discovery_time_utc":"2022-05-21T18:55:00Z","perimeter_time_utc":"2022-06-13T16:41:42Z","perimeter_edit_time_utc":"2023-03-14T15:13:42Z","incident_modified_time_utc":"2022-05-31T21:25:14Z","containment_time_utc":"2022-05-21T20:10:00Z","control_time_utc":"2022-05-21T21:00:00Z","fire_out_time_utc":"2022-05-31T18:49:00Z","fire_cause":"Human","fire_cause_general":"Debris and open burning","map_method":"Auto-generated","source_dataset":"FFP","unique_fire_identifier":"2022-SDSDS-220297","irwin_id":"{C90D5EA0-C132-45EE-8765-F6FE809F0CE6}","global_id":"a8bb58ba-71a4-459f-b1ac-55716cf52ba2"}},{"type":"Feature","geometry":{"type":"Polygon","coordinates":[[[-103.52065,43.94499],[-103.5207,43.94485],[-103.52092,43.94497],[-103.52065,43.94499]]]},"properties":{"fire_id":"ufid:2022-SDSDS-220359","source_collection":"history-2022","source_objectid":12897,"incident_name":"Saw Mill","mapped_acres":0.06960506191150716,"mapped_acres_source":"poly_Acres_AutoCalc_fallback","gis_acres":null,"auto_acres":0.06960506191150716,"reported_acres":0.1,"percent_contained":null,"state":"SD","state_wfigs":"US-SD","county":"Pennington","discovery_time_utc":"2022-06-25T19:03:00Z","perimeter_time_utc":"2022-09-08T19:11:52Z","perimeter_edit_time_utc":"2023-03-14T15:13:42Z","incident_modified_time_utc":"2022-07-01T17:55:33Z","containment_time_utc":"2022-06-25T20:20:00Z","control_time_utc":"2022-06-25T20:20:00Z","fire_out_time_utc":"2022-07-01T17:55:00Z","fire_cause":"Human","fire_cause_general":"Power generation / transmission / distribution","map_method":"Mixed Methods","source_dataset":"FFP","unique_fire_identifier":"2022-SDSDS-220359","irwin_id":"{733E6B7A-D7AC-4480-AA22-F1EAE45468DF}","global_id":"a32d1940-096a-4591-a9f2-fa988582a0af"}},{"type":"Feature","geometry":{"type":"Polygon","coordinates":[[[-100.96842,43.17252],[-100.9693,43.17259],[-100.96907,43.17297],[-100.96878,43.17303],[-100.9681,43.1728],[-100.96842,43.17252]]]},"properties":{"fire_id":"ufid:2022-SDRBA-000079","source_collection":"history-2022","source_objectid":13155,"incident_name":"Natan fire","mapped_acres":0.9935042394177647,"mapped_acres_source":"poly_Acres_AutoCalc_fallback","gis_acres":null,"auto_acres":0.9935042394177647,"reported_acres":1.0,"percent_contained":null,"state":"SD","state_wfigs":"US-SD","county":"Todd","discovery_time_utc":"2022-07-22T02:10:00Z","perimeter_time_utc":"2022-09-20T18:10:21Z","perimeter_edit_time_utc":"2023-03-14T15:13:42Z","incident_modified_time_utc":"2022-07-22T03:14:33Z","containment_time_utc":null,"control_time_utc":null,"fire_out_time_utc":"2022-07-22T21:30:00Z","fire_cause":"Natural","fire_cause_general":"Natural","map_method":"Mixed Methods","source_dataset":"FFP","unique_fire_identifier":"2022-SDRBA-000079","irwin_id":"{3D04C773-E4F3-47E9-9FD7-83D6578EBF34}","global_id":"4c141c17-1f4a-4cae-94ff-1422873a9122"}},{"type":"Feature","geometry":{"type":"Polygon","coordinates":[[[-100.7271,44.3843],[-100.72619,44.38356],[-100.72603,44.38323],[-100.7256,44.3831],[-100.72513,44.38256],[-100.72461,44.38244],[-100.72417,44.38203],[-100.72372,44.38054],[-100.72347,44.3805],[-100.72301,44.37961],[-100.72277,44.3782],[-100.72314,44.37822],[-100.72432,44.37867],[-100.72472,44.37862],[-100.72559,44.37831],[-100.72575,44.37803],[-100.72604,44.37816],[-100.72602,44.37773],[-100.72768,44.37754],[-100.72807,44.37779],[-100.72867,44.37856],[-100.72904,44.3786],[-100.72877,44.37917],[-100.7296,44.38035],[-100.72973,44.38024],[-100.72988,44.38029],[-100.72958,44.38061],[-100.73008,44.38094],[-100.73016,44.38144],[-100.72999,44.38173],[-100.73011,44.38191],[-100.73068,44.38218],[-100.73104,44.38203],[-100.73131,44.3823],[-100.73109,44.38281],[-100.73127,44.38308],[-100.73113,44.38333],[-100.73139,44.38404],[-100.73158,44.38398],[-100.73159,44.38472],[-100.73224,44.38566],[-100.73233,44.38642],[-100.73001,44.38607],[-100.7289,44.3853],[-100.72835,44.38508],[-100.72764,44.38446],[-100.7271,44.3843]]]},"properties":{"fire_id":"ufid:2022-SDSTX-220185","source_collection":"history-2022","source_objectid":13226,"incident_name":"Blackjack","mapped_acres":80.0,"mapped_acres_source":"poly_GISAcres","gis_acres":80.0,"auto_acres":92.52995767658545,"reported_acres":92.5,"percent_contained":null,"state":"SD","state_wfigs":"US-SD","county":"Stanley","discovery_time_utc":"2022-04-08T19:21:00Z","perimeter_time_utc":"2022-11-14T21:12:04Z","perimeter_edit_time_utc":"2023-03-14T15:13:42Z","incident_modified_time_utc":"2022-07-04T17:34:06Z","containment_time_utc":null,"control_time_utc":null,"fire_out_time_utc":null,"fire_cause":"Undetermined","fire_cause_general":"Undetermined","map_method":"Auto-generated","source_dataset":"FFP","unique_fire_identifier":"2022-SDSTX-220185","irwin_id":"{DF5B8D3D-652D-4593-80EF-1F0A366062E3}","global_id":"3e88bdc9-d738-4bdf-864f-038b61e85dcb"}},{"type":"Feature","geometry":{"type":"Polygon","coordinates":[[[-102.72334,43.20367],[-102.72287,43.2036],[-102.72281,43.20313],[-102.72241,43.20293],[-102.72218,43.203],[-102.72206,43.20277],[-102.72177,43.20264],[-102.72167,43.20193],[-102.72181,43.20169],[-102.72105,43.2011],[-102.72142,43.20054],[-102.72138,43.19954],[-102.72153,43.19904],[-102.72186,43.19871],[-102.7218,43.19809],[-102.722,43.19791],[-102.7223,43.19807],[-102.72218,43.19849],[-102.72271,43.19806],[-102.72249,43.19754],[-102.7227,43.19688],[-102.72309,43.19657],[-102.72289,43.19602],[-102.72297,43.19564],[-102.72324,43.19533],[-102.72357,43.19522],[-102.72475,43.19435],[-102.72662,43.19414],[-102.72655,43.19429],[-102.72703,43.1945],[-102.72711,43.19468],[-102.72654,43.19457],[-102.72654,43.19478],[-102.72552,43.19588],[-102.72523,43.19656],[-102.72553,43.19689],[-102.72541,43.19718],[-102.72599,43.19867],[-102.72606,43.19924],[-102.72571,43.19988],[-102.72583,43.20008],[-102.72493,43.20169],[-102.724,43.2019],[-102.72448,43.20216],[-102.72497,43.20201],[-102.72496,43.20235],[-102.72478,43.20243],[-102.72415,43.20231],[-102.72447,43.20288],[-102.72414,43.20346],[-102.72334,43.20367]]]},"properties":{"fire_id":"ufid:2022-SDPRA-000167","source_collection":"history-2022","source_objectid":13320,"incident_name":"Blue","mapped_acres":60.0,"mapped_acres_source":"poly_GISAcres","gis_acres":60.0,"auto_acres":65.87331270093739,"reported_acres":60.0,"percent_contained":null,"state":"SD","state_wfigs":"US-SD","county":"Oglala Lakota","discovery_time_utc":"2022-10-09T21:00:00Z","perimeter_time_utc":"2022-10-14T21:23:35Z","perimeter_edit_time_utc":"2023-03-14T15:13:42Z","incident_modified_time_utc":"2022-10-09T23:16:19Z","containment_time_utc":"2022-10-09T23:00:00Z","control_time_utc":"2022-10-09T23:15:00Z","fire_out_time_utc":"2022-10-11T22:30:00Z","fire_cause":"Human","fire_cause_general":"Other causes","map_method":"Auto-generated","source_dataset":"FFP","unique_fire_identifier":"2022-SDPRA-000167","irwin_id":"{1313F779-1665-4320-8121-4701DDAF2EC9}","global_id":"545c9b2a-365d-4c5d-80fb-793967913208"}},{"type":"Feature","geometry":{"type":"Polygon","coordinates":[[[-101.39986,43.23367],[-101.40013,43.23362],[-101.40059,43.23381],[-101.4011,43.23443],[-101.40136,43.2351],[-101.4012,43.23559],[-101.40063,43.23573],[-101.3998,43.23468],[-101.39951,43.23408],[-101.39986,43.23367]]]},"properties":{"fire_id":"ufid:2022-SDPRA-000105","source_collection":"history-2022","source_objectid":13342,"incident_name":"Marrs","mapped_acres":15.0,"mapped_acres_source":"poly_GISAcres","gis_acres":15.0,"auto_acres":5.221286051873603,"reported_acres":5.2,"percent_contained":null,"state":"SD","state_wfigs":"US-SD","county":"Bennett","discovery_time_utc":"2022-08-02T17:31:37Z","perimeter_time_utc":"2022-09-14T20:21:29Z","perimeter_edit_time_utc":"2023-03-14T15:13:42Z","incident_modified_time_utc":"2022-08-03T01:51:21Z","containment_time_utc":null,"control_time_utc":null,"fire_out_time_utc":"2022-08-04T00:00:00Z","fire_cause":"Human","fire_cause_general":"Equipment and vehicle use","map_method":"Hand Sketch","source_dataset":"FFP","unique_fire_identifier":"2022-SDPRA-000105","irwin_id":"{0FD9CF1C-3FF4-4241-B5CC-E28EA17E8E90}","global_id":"185432b6-825b-4b6c-9f28-058f5de1a5bc"}},{"type":"Feature","geometry":{"type":"Polygon","coordinates":[[[-103.3483,44.08938],[-103.34837,44.08932],[-103.34842,44.08939],[-103.3483,44.08938]]]},"properties":{"fire_id":"ufid:2022-SDBKF-220249","source_collection":"history-2022","source_objectid":13452,"incident_name":"Nemo","mapped_acres":0.1,"mapped_acres_source":"poly_GISAcres","gis_acres":0.1,"auto_acres":0.017979976295423018,"reported_acres":0.1,"percent_contained":null,"state":"SD","state_wfigs":"US-SD","county":"Pennington","discovery_time_utc":"2022-05-06T02:43:00Z","perimeter_time_utc":"2022-08-05T20:42:59Z","perimeter_edit_time_utc":"2023-03-14T15:13:42Z","incident_modified_time_utc":"2022-05-17T18:02:03Z","containment_time_utc":"2022-05-06T03:45:00Z","control_time_utc":"2022-05-06T03:55:00Z","fire_out_time_utc":"2022-05-16T18:00:00Z","fire_cause":"Undetermined","fire_cause_general":"Undetermined","map_method":"GPS-Walked","source_dataset":"FFP","unique_fire_identifier":"2022-SDBKF-220249","irwin_id":"{5039637B-EE56-413C-ADFC-096FE34473F0}","global_id":"55ddad1e-e38d-4e8f-9b29-ce0c0a2473f9"}},{"type":"Feature","geometry":{"type":"Polygon","coordinates":[[[-102.96143,44.24198],[-102.96146,44.24184],[-102.96185,44.24181],[-102.98496,44.24198],[-102.98501,44.24221],[-102.98418,44.24358],[-102.98484,44.24453],[-102.98504,44.2453],[-102.98573,44.24578],[-102.98658,44.24606],[-102.98898,44.2481],[-102.99009,44.24848],[-102.99016,44.24919],[-102.99078,44.24917],[-102.99147,44.24949],[-102.99404,44.25176],[-102.99434,44.2522],[-102.99494,44.25258],[-102.99502,44.25292],[-102.99574,44.25374],[-102.99725,44.25505],[-102.99747,44.25646],[-102.99827,44.2566],[-102.99878,44.25755],[-102.99915,44.25773],[-102.99958,44.25819],[-102.99963,44.25861],[-103.0012,44.26051],[-103.00139,44.26099],[-103.00136,44.26162],[-103.00102,44.26215],[-103.00021,44.26179],[-102.99968,44.26173],[-102.99891,44.26188],[-102.99688,44.26183],[-102.99544,44.26153],[-102.99494,44.26131],[-102.99332,44.26116],[-102.99227,44.26074],[-102.99146,44.26082],[-102.98976,44.26074],[-102.98913,44.26052],[-102.98774,44.25965],[-102.98606,44.25913],[-102.9833,44.25752],[-102.98204,44.25705],[-102.9813,44.25692],[-102.98087,44.25665],[-102.97989,44.25655],[-102.97858,44.25552],[-102.97711,44.25405],[-102.97709,44.25314],[-102.97694,44.25263],[-102.97668,44.25272],[-102.97596,44.25266],[-102.97276,44.25166],[-102.97124,44.2503],[-102.96992,44.24959],[-102.96979,44.24928],[-102.96934,44.24888],[-102.96587,44.24744],[-102.96348,44.24564],[-102.9625,44.24544],[-102.96143,44.24367],[-102.9604,44.2429],[-102.96055,44.24278],[-102.96136,44.24292],[-102.96205,44.24285],[-102.96204,44.24233],[-102.96143,44.24198]]]},"properties":{"fire_id":"ufid:2022-SDSDS-220493","source_collection":"history-2022","source_objectid":13488,"incident_name":"Elk Creek CA","mapped_acres":825.84,"mapped_acres_source":"poly_GISAcres","gis_acres":825.84,"auto_acres":825.840170487889,"reported_acres":828.0,"percent_contained":null,"state":"SD","state_wfigs":"US-SD","county":"Meade","discovery_time_utc":"2022-07-20T19:31:40Z","perimeter_time_utc":null,"perimeter_edit_time_utc":"2022-12-06T20:59:36Z","incident_modified_time_utc":"2022-07-21T22:24:16Z","containment_time_utc":null,"control_time_utc":null,"fire_out_time_utc":null,"fire_cause":"Human","fire_cause_general":null,"map_method":"Hand Sketch","source_dataset":"2022 NIFS","unique_fire_identifier":"2022-SDSDS-220493","irwin_id":"{18D40174-DA02-4358-B481-A0C516B76DB8}","global_id":"7adf2c01-679b-41f1-bb7a-c8639cb814e2"}},{"type":"Feature","geometry":{"type":"Polygon","coordinates":[[[-102.3294,43.25377],[-102.32954,43.25379],[-102.32964,43.25359],[-102.32991,43.25359],[-102.33059,43.25414],[-102.33052,43.25435],[-102.33089,43.25455],[-102.33056,43.25535],[-102.33063,43.2558],[-102.32993,43.25609],[-102.32975,43.25631],[-102.32986,43.257],[-102.32972,43.25765],[-102.32915,43.25884],[-102.32947,43.25944],[-102.32819,43.26036],[-102.32825,43.2606],[-102.32906,43.26118],[-102.32849,43.26174],[-102.32869,43.26238],[-102.32816,43.26277],[-102.32809,43.26297],[-102.32747,43.26267],[-102.32712,43.26306],[-102.32715,43.26332],[-102.3277,43.26394],[-102.3281,43.26479],[-102.3278,43.26497],[-102.32781,43.2655],[-102.32757,43.2659],[-102.32678,43.26613],[-102.32587,43.26599],[-102.3255,43.26583],[-102.3244,43.26465],[-102.32425,43.26261],[-102.32447,43.26162],[-102.32429,43.26117],[-102.32322,43.25979],[-102.32259,43.25726],[-102.32267,43.25607],[-102.32301,43.25568],[-102.32381,43.25538],[-102.32494,43.25528],[-102.32556,43.25457],[-102.32568,43.25401],[-102.32564,43.2529],[-102.32512,43.25226],[-102.32501,43.25144],[-102.32576,43.25189],[-102.32687,43.25206],[-102.32778,43.25262],[-102.32856,43.2529],[-102.32919,43.25333],[-102.3294,43.25377]]]},"properties":{"fire_id":"ufid:2022-SDPRA-000023","source_collection":"history-2022","source_objectid":13718,"incident_name":"Porcupine","mapped_acres":150.2402537097342,"mapped_acres_source":"poly_Acres_AutoCalc_fallback","gis_acres":null,"auto_acres":150.2402537097342,"reported_acres":150.0,"percent_contained":null,"state":"SD","state_wfigs":"US-SD","county":"Oglala Lakota","discovery_time_utc":"2022-03-20T20:30:00Z","perimeter_time_utc":"2022-08-05T21:09:27Z","perimeter_edit_time_utc":"2023-03-14T15:13:42Z","incident_modified_time_utc":"2022-03-30T16:12:50Z","containment_time_utc":"2022-03-21T12:00:00Z","control_time_utc":"2022-03-21T14:00:00Z","fire_out_time_utc":"2022-04-01T00:00:00Z","fire_cause":"Human","fire_cause_general":"Other causes","map_method":"Mixed Methods","source_dataset":"FFP","unique_fire_identifier":"2022-SDPRA-000023","irwin_id":"{3A70DA94-7C92-455B-B15C-81E1ADBEF99C}","global_id":"d3fa14f3-ebe7-445f-834f-72d980e683ea"}},{"type":"Feature","geometry":{"type":"MultiPolygon","coordinates":[[[[-100.64823,43.66672],[-100.64816,43.66666],[-100.6451,43.67004],[-100.64517,43.66985],[-100.64433,43.67019],[-100.64182,43.66876],[-100.64126,43.66862],[-100.63998,43.66863],[-100.6386,43.66809],[-100.6382,43.66816],[-100.63792,43.6677],[-100.63682,43.66717],[-100.63645,43.66722],[-100.636,43.66682],[-100.63597,43.66656],[-100.63539,43.66573],[-100.6343,43.66539],[-100.63326,43.66457],[-100.63299,43.66453],[-100.63169,43.66376],[-100.63137,43.66384],[-100.6311,43.66369],[-100.63013,43.66244],[-100.62974,43.66245],[-100.62906,43.66203],[-100.62795,43.66096],[-100.62784,43.66072],[-100.62799,43.66043],[-100.6279,43.66034],[-100.62814,43.66002],[-100.62826,43.6595],[-100.6286,43.65922],[-100.62909,43.65914],[-100.6297,43.65961],[-100.63006,43.65959],[-100.6297,43.65927],[-100.62945,43.65881],[-100.62937,43.65812],[-100.62959,43.65734],[-100.62949,43.65669],[-100.62906,43.65556],[-100.62877,43.6552],[-100.6288,43.65482],[-100.62914,43.6546],[-100.63015,43.65539],[-100.63039,43.65516],[-100.63122,43.65536],[-100.63209,43.65614],[-100.63247,43.65689],[-100.63277,43.65698],[-100.63297,43.65686],[-100.63329,43.65698],[-100.63399,43.65761],[-100.63447,43.65783],[-100.63447,43.65804],[-100.63506,43.65827],[-100.635,43.65835],[-100.63569,43.65946],[-100.63652,43.66006],[-100.63774,43.66065],[-100.63835,43.66148],[-100.64066,43.66355],[-100.64112,43.66371],[-100.64368,43.66363],[-100.64662,43.66528],[-100.6469,43.66648],[-100.64821,43.66664],[-100.64823,43.66672]]],[[[-100.64823,43.66672],[-100.64824,43.66699],[-100.64844,43.6671],[-100.64842,43.66737],[-100.64877,43.66748],[-100.64931,43.66842],[-100.64994,43.66917],[-100.65017,43.67051],[-100.6484,43.6707],[-100.64504,43.67024],[-100.64483,43.67002],[-100.6451,43.67004],[-100.64823,43.66672]]],[[[-100.63447,43.65783],[-100.63446,43.65782],[-100.63449,43.65784],[-100.63447,43.65783]]]]},"properties":{"fire_id":"ufid:2022-SDRBA-SDRBA0122","source_collection":"history-2022","source_objectid":13732,"incident_name":"Corral Fire","mapped_acres":200.0,"mapped_acres_source":"poly_GISAcres","gis_acres":200.0,"auto_acres":282.93560867566646,"reported_acres":303.0,"percent_contained":null,"state":"SD","state_wfigs":"US-SD","county":"Mellette","discovery_time_utc":"2022-10-29T20:22:00Z","perimeter_time_utc":"2022-12-01T20:39:47Z","perimeter_edit_time_utc":"2023-03-14T15:13:42Z","incident_modified_time_utc":"2022-10-29T23:25:38Z","containment_time_utc":null,"control_time_utc":null,"fire_out_time_utc":"2022-10-31T23:30:00Z","fire_cause":"Human","fire_cause_general":"Equipment and vehicle use","map_method":"Hand Sketch","source_dataset":"FFP","unique_fire_identifier":"2022-SDRBA-SDRBA0122","irwin_id":"{91D74A32-AC28-4DCC-BB37-3EB51B699266}","global_id":"9a0561c6-79b7-4573-9186-294c0bf5eaef"}},{"type":"Feature","geometry":{"type":"Polygon","coordinates":[[[-102.47297,43.23499],[-102.4732,43.23435],[-102.47384,43.23424],[-102.4741,43.23376],[-102.47446,43.23376],[-102.47468,43.23354],[-102.47494,43.23361],[-102.47522,43.23346],[-102.47519,43.23305],[-102.47487,43.23289],[-102.47497,43.23268],[-102.47486,43.23246],[-102.47501,43.2322],[-102.47547,43.23208],[-102.47596,43.2317],[-102.47692,43.23157],[-102.477,43.23144],[-102.4775,43.23148],[-102.47769,43.23135],[-102.47835,43.23133],[-102.47912,43.231],[-102.48017,43.23091],[-102.4803,43.23075],[-102.48007,43.23058],[-102.47977,43.23056],[-102.47964,43.23036],[-102.47976,43.23021],[-102.48155,43.23022],[-102.48148,43.2293],[-102.48275,43.22896],[-102.48365,43.22846],[-102.48385,43.22814],[-102.48468,43.22778],[-102.48494,43.22749],[-102.48494,43.22732],[-102.48511,43.22724],[-102.48497,43.22689],[-102.48513,43.2266],[-102.48666,43.22674],[-102.4872,43.22708],[-102.4877,43.22717],[-102.49017,43.22652],[-102.49065,43.22624],[-102.49104,43.22631],[-102.49135,43.22668],[-102.49176,43.22683],[-102.49239,43.22667],[-102.49267,43.22646],[-102.49372,43.22677],[-102.49413,43.22702],[-102.49505,43.22815],[-102.49481,43.22877],[-102.49293,43.22968],[-102.4926,43.23003],[-102.49164,43.23005],[-102.49258,43.23072],[-102.49252,43.23107],[-102.4921,43.2312],[-102.49034,43.23101],[-102.48869,43.23166],[-102.48847,43.23191],[-102.48814,43.23193],[-102.48826,43.23218],[-102.48799,43.23231],[-102.48788,43.23256],[-102.48747,43.23288],[-102.48705,43.23292],[-102.48686,43.23257],[-102.48652,43.2325],[-102.48621,43.2327],[-102.4855,43.23264],[-102.48492,43.23299],[-102.48384,43.23293],[-102.48341,43.23267],[-102.483,43.23263],[-102.4816,43.23365],[-102.48112,43.2338],[-102.48121,43.23386],[-102.48115,43.23406],[-102.48076,43.23438],[-102.47859,43.23479],[-102.47718,43.23545],[-102.47685,43.23545],[-102.47625,43.23575],[-102.47589,43.23579],[-102.47561,43.236],[-102.47407,43.236],[-102.47375,43.23568],[-102.47362,43.23525],[-102.47309,43.23514],[-102.47297,43.23499]]]},"properties":{"fire_id":"ufid:2022-SDPRA-0000142","source_collection":"history-2022","source_objectid":13751,"incident_name":"Manderson","mapped_acres":50.0,"mapped_acres_source":"poly_GISAcres","gis_acres":50.0,"auto_acres":196.5497284864877,"reported_acres":196.6,"percent_contained":null,"state":"SD","state_wfigs":"US-SD","county":"Oglala Lakota","discovery_time_utc":"2022-09-05T22:25:23Z","perimeter_time_utc":"2022-09-14T15:46:09Z","perimeter_edit_time_utc":"2023-03-14T15:13:42Z","incident_modified_time_utc":"2022-09-05T23:43:29Z","containment_time_utc":null,"control_time_utc":null,"fire_out_time_utc":"2022-09-13T00:00:00Z","fire_cause":"Human","fire_cause_general":"Debris and open burning","map_method":"Auto-generated","source_dataset":"FFP","unique_fire_identifier":"2022-SDPRA-0000142","irwin_id":"{9D0D684C-7723-4D41-B4D7-9D1193DED33A}","global_id":"a6f8afdc-7266-4e68-888b-01098aa0a026"}},{"type":"Feature","geometry":{"type":"Polygon","coordinates":[[[-102.99143,43.18601],[-102.98836,43.18737],[-102.98428,43.18837],[-102.97937,43.18906],[-102.9779,43.1891],[-102.97693,43.18893],[-102.97608,43.18849],[-102.97549,43.1878],[-102.97533,43.18739],[-102.97523,43.18609],[-102.97546,43.18386],[-102.97515,43.18246],[-102.9746,43.18159],[-102.9742,43.18119],[-102.97261,43.18028],[-102.96364,43.17788],[-102.95847,43.17631],[-102.95529,43.17517],[-102.94781,43.17212],[-102.94205,43.17024],[-102.93806,43.16922],[-102.91595,43.1643],[-102.90268,43.16063],[-102.89469,43.15801],[-102.88497,43.15453],[-102.87374,43.15007],[-102.86548,43.14635],[-102.85534,43.14121],[-102.85199,43.13984],[-102.84633,43.13792],[-102.8447,43.13723],[-102.84319,43.13636],[-102.84137,43.13498],[-102.83979,43.13343],[-102.83886,43.13211],[-102.83824,43.1307],[-102.83797,43.12928],[-102.83801,43.12787],[-102.83833,43.12513],[-102.838,43.12427],[-102.83725,43.12356],[-102.8362,43.12305],[-102.83261,43.12208],[-102.82898,43.12091],[-102.8197,43.11743],[-102.81284,43.11439],[-102.81139,43.11345],[-102.8106,43.11271],[-102.8098,43.11145],[-102.80942,43.10958],[-102.80905,43.09701],[-102.80911,43.09615],[-102.80935,43.09535],[-102.80981,43.09462],[-102.81053,43.09406],[-102.81097,43.09388],[-102.81193,43.09377],[-102.8124,43.09382],[-102.81328,43.09417],[-102.81395,43.09472],[-102.81444,43.09541],[-102.81501,43.09695],[-102.81517,43.09855],[-102.81481,43.10497],[-102.81499,43.10575],[-102.81542,43.10649],[-102.81652,43.10738],[-102.81748,43.10781],[-102.81909,43.10824],[-102.82768,43.10992],[-102.83079,43.11041],[-102.83435,43.11059],[-102.83647,43.1104],[-102.83803,43.11007],[-102.83955,43.10956],[-102.84146,43.10865],[-102.84273,43.10778],[-102.84378,43.10672],[-102.84545,43.10433],[-102.84837,43.09948],[-102.84895,43.09831],[-102.8493,43.09667],[-102.84975,43.09596],[-102.85052,43.09546],[-102.85344,43.09457],[-102.85506,43.09343],[-102.85641,43.09276],[-102.85836,43.09232],[-102.85978,43.09223],[-102.85776,43.08826],[-102.85414,43.08676],[-102.85126,43.08534],[-102.84822,43.08364],[-102.84726,43.08281],[-102.84696,43.08212],[-102.84736,43.08021],[-102.84726,43.07903],[-102.84683,43.07826],[-102.84526,43.07642],[-102.8449,43.07562],[-102.84495,43.07477],[-102.84512,43.07437],[-102.84573,43.07366],[-102.84706,43.07292],[-102.84863,43.07261],[-102.85016,43.07273],[-102.85148,43.07317],[-102.85713,43.0763],[-102.85866,43.07782],[-102.85897,43.07834],[-102.85936,43.0795],[-102.85968,43.07972],[-102.86017,43.07966],[-102.86066,43.07932],[-102.86238,43.0769],[-102.86335,43.07587],[-102.86487,43.07479],[-102.86601,43.07436],[-102.86639,43.07437],[-102.867,43.07467],[-102.86781,43.07584],[-102.86849,43.07631],[-102.86937,43.07659],[-102.87134,43.07686],[-102.87222,43.07714],[-102.87312,43.0779],[-102.87338,43.07856],[-102.87341,43.07924],[-102.87317,43.08027],[-102.87198,43.08226],[-102.87197,43.08293],[-102.87231,43.08354],[-102.87369,43.08476],[-102.87408,43.0853],[-102.87532,43.08927],[-102.8757,43.08982],[-102.87631,43.09028],[-102.87895,43.09111],[-102.88009,43.09174],[-102.88119,43.09285],[-102.88196,43.09411],[-102.88233,43.09544],[-102.88237,43.09679],[-102.88212,43.09917],[-102.88168,43.10116],[-102.88179,43.10182],[-102.88225,43.10239],[-102.88436,43.10374],[-102.88501,43.10464],[-102.88612,43.10691],[-102.88723,43.10957],[-102.88798,43.11196],[-102.88795,43.11267],[-102.88768,43.11335],[-102.88718,43.11398],[-102.88579,43.11508],[-102.88555,43.11539],[-102.88548,43.11609],[-102.88592,43.11674],[-102.88873,43.11855],[-102.88963,43.11948],[-102.89003,43.12056],[-102.89027,43.12347],[-102.8909,43.12446],[-102.89208,43.12517],[-102.89419,43.12556],[-102.89986,43.12562],[-102.90757,43.1253],[-102.90995,43.12536],[-102.91221,43.1258],[-102.91378,43.12636],[-102.91472,43.12684],[-102.92298,43.13297],[-102.92585,43.13581],[-102.9334,43.14385],[-102.93384,43.14442],[-102.93423,43.14535],[-102.93456,43.14727],[-102.93485,43.14818],[-102.93562,43.14952],[-102.93604,43.14994],[-102.93664,43.15007],[-102.93721,43.14984],[-102.93749,43.14929],[-102.93773,43.14815],[-102.93793,43.14779],[-102.9386,43.14724],[-102.93997,43.14696],[-102.94095,43.14708],[-102.94228,43.14754],[-102.94476,43.14883],[-102.94727,43.15057],[-102.94961,43.15248],[-102.95518,43.15753],[-102.95561,43.15766],[-102.95587,43.15758],[-102.95624,43.15714],[-102.95619,43.15546],[-102.95666,43.15495],[-102.95705,43.1548],[-102.95791,43.15476],[-102.95921,43.15517],[-102.96118,43.15629],[-102.96311,43.15761],[-102.96935,43.1626],[-102.97159,43.1642],[-102.9751,43.16647],[-102.97838,43.16834],[-102.97892,43.16891],[-102.97923,43.16958],[-102.97936,43.17061],[-102.97914,43.17238],[-102.97931,43.17308],[-102.97972,43.17374],[-102.9846,43.17852],[-102.98708,43.18125],[-102.99071,43.18451],[-102.99128,43.1852],[-102.99143,43.18601]]]},"properties":{"fire_id":"ufid:2022-SDPRA-220486","source_collection":"history-2022","source_objectid":13766,"incident_name":"Casino","mapped_acres":0.1,"mapped_acres_source":"poly_GISAcres","gis_acres":0.1,"auto_acres":12636.689831760947,"reported_acres":12636.0,"percent_contained":null,"state":"SD","state_wfigs":"US-SD","county":"Oglala Lakota","discovery_time_utc":"2022-07-19T19:45:00Z","perimeter_time_utc":"2022-08-01T16:08:17Z","perimeter_edit_time_utc":"2023-03-14T15:13:42Z","incident_modified_time_utc":"2022-07-27T16:17:54Z","containment_time_utc":null,"control_time_utc":null,"fire_out_time_utc":"2022-08-01T02:00:00Z","fire_cause":"Human","fire_cause_general":"Debris and open burning","map_method":"Auto-generated","source_dataset":"FFP","unique_fire_identifier":"2022-SDPRA-220486","irwin_id":"{88FFCFAD-1DEC-486E-B523-28B99DBDC192}","global_id":"18858a86-b974-4b7a-8999-ca78c456c8b6"}},{"type":"Feature","geometry":{"type":"Polygon","coordinates":[[[-102.18078,43.63974],[-102.18134,43.6391],[-102.18131,43.63883],[-102.18203,43.6391],[-102.18208,43.63899],[-102.18246,43.63945],[-102.18296,43.63928],[-102.18315,43.63908],[-102.1837,43.63944],[-102.18341,43.63983],[-102.18324,43.64047],[-102.18252,43.64133],[-102.18229,43.64185],[-102.18269,43.64202],[-102.1829,43.64258],[-102.18269,43.64273],[-102.18247,43.64255],[-102.18207,43.64259],[-102.18169,43.64279],[-102.1815,43.64275],[-102.18157,43.64286],[-102.18114,43.64291],[-102.18123,43.64302],[-102.18104,43.64298],[-102.18105,43.64307],[-102.18049,43.64311],[-102.1798,43.64287],[-102.17957,43.64294],[-102.17983,43.64353],[-102.17951,43.64369],[-102.17962,43.64384],[-102.1798,43.6436],[-102.18011,43.64376],[-102.18021,43.64396],[-102.18011,43.6441],[-102.1804,43.64438],[-102.18098,43.64442],[-102.18107,43.64424],[-102.18127,43.64439],[-102.18134,43.64404],[-102.18185,43.6438],[-102.18187,43.64363],[-102.18265,43.6437],[-102.1827,43.6439],[-102.18299,43.644],[-102.18297,43.64423],[-102.18263,43.64421],[-102.18295,43.64444],[-102.18262,43.64461],[-102.18236,43.64449],[-102.18215,43.64454],[-102.18194,43.645],[-102.18207,43.64511],[-102.18259,43.64513],[-102.18242,43.64516],[-102.18229,43.64537],[-102.18172,43.6455],[-102.18007,43.64504],[-102.17986,43.64453],[-102.17996,43.64418],[-102.17971,43.6441],[-102.17943,43.64422],[-102.17939,43.64443],[-102.17922,43.64444],[-102.17921,43.64433],[-102.17903,43.6445],[-102.17855,43.64453],[-102.17864,43.64408],[-102.17841,43.64375],[-102.17867,43.64356],[-102.17864,43.6434],[-102.17757,43.64336],[-102.17734,43.64323],[-102.17753,43.64296],[-102.17791,43.6428],[-102.17802,43.64248],[-102.17826,43.64232],[-102.17892,43.64227],[-102.17918,43.64241],[-102.17915,43.64265],[-102.17928,43.64258],[-102.17929,43.64233],[-102.17969,43.64206],[-102.17958,43.64202],[-102.17987,43.64164],[-102.17987,43.64084],[-102.17955,43.6404],[-102.17977,43.64004],[-102.17981,43.6396],[-102.17991,43.63953],[-102.18011,43.6397],[-102.18078,43.63974]]]},"properties":{"fire_id":"ufid:2022-SDPRA-000153","source_collection":"history-2022","source_objectid":13782,"incident_name":"Red Water","mapped_acres":10.0,"mapped_acres_source":"poly_GISAcres","gis_acres":10.0,"auto_acres":39.758629401424514,"reported_acres":40.0,"percent_contained":null,"state":"SD","state_wfigs":"US-SD","county":"Oglala Lakota","discovery_time_utc":"2022-09-17T21:45:39Z","perimeter_time_utc":"2022-10-03T18:35:03Z","perimeter_edit_time_utc":"2023-03-14T15:13:42Z","incident_modified_time_utc":"2022-09-17T23:16:42Z","containment_time_utc":null,"control_time_utc":null,"fire_out_time_utc":"2022-09-24T02:00:00Z","fire_cause":"Natural","fire_cause_general":"Natural","map_method":"Auto-generated","source_dataset":"FFP","unique_fire_identifier":"2022-SDPRA-000153","irwin_id":"{5C81EFA7-9846-4A54-AF6F-E26BC776C87E}","global_id":"4e36b8b8-fce3-4a63-8898-efe26d4561ea"}},{"type":"Feature","geometry":{"type":"MultiPolygon","coordinates":[[[[-102.82015,43.14739],[-102.82108,43.14724],[-102.8212,43.14666],[-102.82057,43.14636],[-102.82107,43.14591],[-102.82156,43.14602],[-102.82168,43.14595],[-102.82161,43.14569],[-102.82216,43.14576],[-102.82246,43.14566],[-102.82307,43.14492],[-102.82425,43.14416],[-102.82519,43.14374],[-102.82545,43.14338],[-102.82608,43.14289],[-102.82834,43.1426],[-102.82857,43.14223],[-102.83129,43.14081],[-102.83264,43.14086],[-102.83295,43.14102],[-102.83302,43.1415],[-102.83327,43.14189],[-102.83443,43.14263],[-102.83492,43.14329],[-102.83547,43.14344],[-102.83576,43.14338],[-102.83654,43.14262],[-102.83772,43.14276],[-102.83798,43.14266],[-102.8388,43.1429],[-102.83921,43.14274],[-102.8398,43.14298],[-102.84022,43.14296],[-102.84065,43.14281],[-102.84106,43.14235],[-102.84406,43.14127],[-102.84445,43.14093],[-102.84648,43.14],[-102.84713,43.13999],[-102.84751,43.14035],[-102.85024,43.13949],[-102.8515,43.13894],[-102.85282,43.13966],[-102.85389,43.14005],[-102.85225,43.14079],[-102.85093,43.14217],[-102.84914,43.14309],[-102.84923,43.14333],[-102.84915,43.14347],[-102.84769,43.14429],[-102.84283,43.14622],[-102.84191,43.14669],[-102.84086,43.14701],[-102.84046,43.14746],[-102.83992,43.14737],[-102.83952,43.14765],[-102.83818,43.1481],[-102.83744,43.14859],[-102.83612,43.14889],[-102.83278,43.15034],[-102.83041,43.15109],[-102.82921,43.15171],[-102.8279,43.1522],[-102.82519,43.15292],[-102.82247,43.15407],[-102.82191,43.15477],[-102.8202,43.15618],[-102.81866,43.15783],[-102.81813,43.15824],[-102.81718,43.15854],[-102.81624,43.15864],[-102.81605,43.15846],[-102.8157,43.15847],[-102.81502,43.15723],[-102.81523,43.15702],[-102.81509,43.15574],[-102.81523,43.1551],[-102.81592,43.15317],[-102.8164,43.15226],[-102.81757,43.15083],[-102.81819,43.15029],[-102.8183,43.15003],[-102.81821,43.14964],[-102.81897,43.14944],[-102.81914,43.14982],[-102.81939,43.15002],[-102.82021,43.14949],[-102.82047,43.14909],[-102.82005,43.14904],[-102.81986,43.14821],[-102.82011,43.148],[-102.82015,43.14739]]],[[[-102.82071,43.14722],[-102.82069,43.14725],[-102.82068,43.14727],[-102.82071,43.14722]]]]},"properties":{"fire_id":"ufid:2022-SDPRA-000115","source_collection":"history-2022","source_objectid":13829,"incident_name":"Two Bulls","mapped_acres":50.0,"mapped_acres_source":"poly_GISAcres","gis_acres":50.0,"auto_acres":553.420861010507,"reported_acres":500.0,"percent_contained":null,"state":"SD","state_wfigs":"US-SD","county":"Oglala Lakota","discovery_time_utc":"2022-08-09T23:00:16Z","perimeter_time_utc":"2022-08-30T21:05:00Z","perimeter_edit_time_utc":"2023-03-14T15:13:42Z","incident_modified_time_utc":"2022-08-12T21:45:01Z","containment_time_utc":null,"control_time_utc":null,"fire_out_time_utc":"2022-08-17T21:45:00Z","fire_cause":"Human","fire_cause_general":"Equipment and vehicle use","map_method":"Auto-generated","source_dataset":"FFP","unique_fire_identifier":"2022-SDPRA-000115","irwin_id":"{26B54FB3-7D57-404E-993F-8FA925419E04}","global_id":"2ca560fc-2c37-4b47-93f8-e81343e2d6cb"}},{"type":"Feature","geometry":{"type":"MultiPolygon","coordinates":[[[[-102.12273,43.25745],[-102.12276,43.25742],[-102.12275,43.25747],[-102.12273,43.25745]]],[[[-102.12326,43.25768],[-102.12303,43.25798],[-102.12322,43.25817],[-102.12308,43.25825],[-102.12309,43.25865],[-102.12297,43.25884],[-102.12337,43.25897],[-102.12332,43.25919],[-102.12355,43.25956],[-102.1234,43.25982],[-102.12348,43.26004],[-102.12321,43.26019],[-102.12254,43.25984],[-102.12237,43.25993],[-102.122,43.25983],[-102.12202,43.25993],[-102.12169,43.26],[-102.12197,43.26016],[-102.12144,43.26035],[-102.12185,43.26044],[-102.1222,43.26086],[-102.1221,43.26124],[-102.12181,43.26119],[-102.12152,43.26132],[-102.12169,43.26142],[-102.12167,43.26169],[-102.12101,43.2617],[-102.12054,43.26202],[-102.1204,43.26191],[-102.12047,43.26177],[-102.12036,43.26155],[-102.1202,43.26145],[-102.12062,43.26124],[-102.12071,43.26131],[-102.12069,43.26119],[-102.12096,43.26101],[-102.12069,43.26093],[-102.12064,43.26069],[-102.12028,43.2609],[-102.11973,43.26075],[-102.11931,43.26091],[-102.11884,43.26055],[-102.11847,43.26044],[-102.11857,43.26034],[-102.1185,43.26027],[-102.11786,43.26014],[-102.11787,43.25984],[-102.11725,43.25943],[-102.11727,43.25894],[-102.11744,43.25881],[-102.11742,43.25862],[-102.11766,43.25856],[-102.11792,43.25872],[-102.118597,43.258828],[-102.11847,43.25874],[-102.11847,43.25852],[-102.11807,43.25824],[-102.11842,43.25812],[-102.11848,43.25794],[-102.1188,43.25774],[-102.11914,43.25789],[-102.11954,43.25762],[-102.12015,43.25764],[-102.1201,43.2574],[-102.11974,43.25716],[-102.11907,43.25697],[-102.11907,43.25684],[-102.11956,43.25658],[-102.12023,43.25688],[-102.12055,43.25669],[-102.12095,43.25672],[-102.12091,43.25702],[-102.12151,43.25715],[-102.12153,43.25763],[-102.12219,43.25723],[-102.12284,43.25766],[-102.12314,43.25743],[-102.12326,43.25768]],[[-102.11946,43.25895],[-102.11925,43.2588],[-102.11905,43.25894],[-102.118611,43.258838],[-102.11863,43.25897],[-102.11931,43.25904],[-102.11946,43.25895]]],[[[-102.1222,43.2611],[-102.12216,43.26112],[-102.12216,43.26111],[-102.1222,43.2611]]]]},"properties":{"fire_id":"ufid:2022-SDPRA-000152","source_collection":"history-2022","source_objectid":13845,"incident_name":"Power Line","mapped_acres":10.0,"mapped_acres_source":"poly_GISAcres","gis_acres":10.0,"auto_acres":40.82896344598637,"reported_acres":40.0,"percent_contained":null,"state":"SD","state_wfigs":"US-SD","county":"Oglala Lakota","discovery_time_utc":"2022-09-17T20:30:00Z","perimeter_time_utc":"2022-10-03T18:34:41Z","perimeter_edit_time_utc":"2023-03-14T15:13:42Z","incident_modified_time_utc":"2022-09-17T21:44:34Z","containment_time_utc":null,"control_time_utc":null,"fire_out_time_utc":"2022-10-01T02:00:00Z","fire_cause":"Natural","fire_cause_general":"Natural","map_method":"Hand Sketch","source_dataset":"FFP","unique_fire_identifier":"2022-SDPRA-000152","irwin_id":"{5788F211-7949-4152-87DF-97F8FE772872}","global_id":"0bbe6876-d892-4db6-b086-9677bbba798a"}},{"type":"Feature","geometry":{"type":"Polygon","coordinates":[[[-102.51113,43.60839],[-102.51135,43.60735],[-102.51124,43.60725],[-102.51141,43.60709],[-102.511,43.61986],[-102.51084,43.62017],[-102.51065,43.62019],[-102.51058,43.62007],[-102.51076,43.61993],[-102.51075,43.61963],[-102.51019,43.61946],[-102.51012,43.61933],[-102.51031,43.61915],[-102.51016,43.61907],[-102.5099,43.61902],[-102.50967,43.61925],[-102.50971,43.6196],[-102.50946,43.61952],[-102.50958,43.61949],[-102.50954,43.61935],[-102.50916,43.61937],[-102.50911,43.61924],[-102.5087,43.6193],[-102.50909,43.61911],[-102.50911,43.61894],[-102.50973,43.61878],[-102.50983,43.61858],[-102.51016,43.61843],[-102.51018,43.61815],[-102.50929,43.61815],[-102.50923,43.61796],[-102.50983,43.6175],[-102.51006,43.6171],[-102.51049,43.61694],[-102.51037,43.61694],[-102.51048,43.61684],[-102.51005,43.61675],[-102.51032,43.6166],[-102.51032,43.61642],[-102.51006,43.61616],[-102.51045,43.6155],[-102.51093,43.6151],[-102.51083,43.61496],[-102.51098,43.61331],[-102.5108,43.61316],[-102.51114,43.61302],[-102.51118,43.61285],[-102.51117,43.61192],[-102.51093,43.61208],[-102.51122,43.6112],[-102.51125,43.61009],[-102.51109,43.61021],[-102.51109,43.60999],[-102.51127,43.6097],[-102.51125,43.60906],[-102.51096,43.60966],[-102.51,43.60997],[-102.51025,43.61005],[-102.51011,43.61013],[-102.51038,43.61028],[-102.50999,43.61076],[-102.51013,43.61097],[-102.50993,43.61126],[-102.51019,43.61129],[-102.51024,43.61153],[-102.50935,43.61157],[-102.50925,43.61176],[-102.50896,43.61167],[-102.50893,43.61208],[-102.50844,43.61194],[-102.50801,43.61157],[-102.50734,43.61157],[-102.50721,43.61145],[-102.50727,43.61125],[-102.5071,43.61116],[-102.50862,43.60974],[-102.50945,43.60934],[-102.50995,43.60877],[-102.51042,43.60862],[-102.51022,43.60855],[-102.5104,43.60839],[-102.51079,43.60823],[-102.51113,43.60839]]]},"properties":{"fire_id":"ufid:2022-SDPRA-000155","source_collection":"history-2022","source_objectid":13869,"incident_name":"XU","mapped_acres":20.0,"mapped_acres_source":"poly_GISAcres","gis_acres":20.0,"auto_acres":29.18529368426391,"reported_acres":29.2,"percent_contained":null,"state":"SD","state_wfigs":"US-SD","county":"Oglala Lakota","discovery_time_utc":"2022-09-18T22:11:00Z","perimeter_time_utc":"2022-10-14T21:12:28Z","perimeter_edit_time_utc":"2023-03-14T15:13:42Z","incident_modified_time_utc":"2022-09-18T23:04:30Z","containment_time_utc":null,"control_time_utc":null,"fire_out_time_utc":"2022-09-21T02:00:00Z","fire_cause":"Human","fire_cause_general":"Equipment and vehicle use","map_method":"Auto-generated","source_dataset":"FFP","unique_fire_identifier":"2022-SDPRA-000155","irwin_id":"{234D3A92-7F23-405B-A1A6-1F6747FEE8CB}","global_id":"3dc7dd44-b57e-4397-b5f9-1c08c8cd9328"}},{"type":"Feature","geometry":{"type":"Polygon","coordinates":[[[-103.55716,43.88439],[-103.55473,43.88629],[-103.55459,43.88626],[-103.55459,43.88589],[-103.55426,43.88593],[-103.55405,43.88611],[-103.55371,43.88608],[-103.55357,43.88589],[-103.55335,43.88587],[-103.55304,43.88543],[-103.55324,43.88523],[-103.55313,43.88478],[-103.55358,43.88459],[-103.5538,43.88428],[-103.55365,43.88401],[-103.55447,43.88348],[-103.55461,43.88324],[-103.55426,43.88268],[-103.55451,43.88239],[-103.55359,43.88143],[-103.55283,43.88123],[-103.55268,43.88102],[-103.552,43.8807],[-103.55169,43.88023],[-103.5518,43.87972],[-103.55164,43.87947],[-103.55181,43.87937],[-103.55165,43.8793],[-103.55168,43.87913],[-103.55253,43.87914],[-103.55329,43.87862],[-103.55423,43.87863],[-103.55452,43.87894],[-103.55376,43.87932],[-103.55393,43.87955],[-103.55566,43.88034],[-103.55622,43.88022],[-103.55672,43.87973],[-103.55709,43.87961],[-103.55756,43.87987],[-103.55783,43.8797],[-103.55844,43.87966],[-103.55925,43.87909],[-103.55948,43.87905],[-103.56006,43.87943],[-103.56068,43.87947],[-103.56132,43.88034],[-103.56171,43.88037],[-103.56168,43.88066],[-103.56113,43.88131],[-103.56109,43.88184],[-103.56127,43.88229],[-103.56144,43.8824],[-103.56104,43.88276],[-103.56034,43.88316],[-103.55924,43.88345],[-103.55904,43.88363],[-103.55904,43.88381],[-103.55808,43.88402],[-103.55716,43.88439]]]},"properties":{"fire_id":"ufid:2022-SDBKF-220841","source_collection":"history-2022","source_objectid":13905,"incident_name":"Palmer Gulch","mapped_acres":0.01,"mapped_acres_source":"poly_GISAcres","gis_acres":0.01,"auto_acres":88.16515362313217,"reported_acres":88.0,"percent_contained":null,"state":"SD","state_wfigs":"US-SD","county":"Pennington","discovery_time_utc":"2022-10-29T18:51:00Z","perimeter_time_utc":"2023-01-06T17:00:15Z","perimeter_edit_time_utc":"2023-03-14T15:13:42Z","incident_modified_time_utc":"2022-12-05T18:57:58Z","containment_time_utc":"2022-11-06T22:45:00Z","control_time_utc":"2022-11-14T16:00:00Z","fire_out_time_utc":"2022-12-05T19:00:00Z","fire_cause":"Human","fire_cause_general":"Undetermined","map_method":"GPS","source_dataset":"FFP","unique_fire_identifier":"2022-SDBKF-220841","irwin_id":"{D328D86F-8D05-49A1-96CE-6D8CA4CB6537}","global_id":"c8a88c13-b189-4b3b-af57-170cae44366b"}},{"type":"Feature","geometry":{"type":"MultiPolygon","coordinates":[[[[-100.67165,43.31036],[-100.67167,43.31037],[-100.67166,43.31037],[-100.67165,43.31036]]],[[[-100.6713,43.31187],[-100.67051,43.3136],[-100.66948,43.31502],[-100.66857,43.31565],[-100.66797,43.31569],[-100.66906,43.31465],[-100.6683,43.31449],[-100.66793,43.31454],[-100.66732,43.31535],[-100.66635,43.31603],[-100.66572,43.31623],[-100.66599,43.31569],[-100.66584,43.31561],[-100.66549,43.31577],[-100.66544,43.31561],[-100.6662,43.31493],[-100.66627,43.31442],[-100.66668,43.31394],[-100.6666,43.3138],[-100.66669,43.31344],[-100.66426,43.31463],[-100.6637,43.3146],[-100.66387,43.31429],[-100.6651,43.31355],[-100.66723,43.31185],[-100.66902,43.31079],[-100.67046,43.31021],[-100.67143,43.31019],[-100.67166,43.31037],[-100.6713,43.31187]]]]},"properties":{"fire_id":"ufid:2022-SDRBA-000085","source_collection":"history-2022","source_objectid":13947,"incident_name":"Sunrise Rager","mapped_acres":45.85,"mapped_acres_source":"poly_GISAcres","gis_acres":45.85,"auto_acres":45.85124594563155,"reported_acres":45.9,"percent_contained":null,"state":"SD","state_wfigs":"US-SD","county":"Todd","discovery_time_utc":"2022-08-02T21:00:00Z","perimeter_time_utc":"2022-09-20T18:02:20Z","perimeter_edit_time_utc":"2023-03-14T15:13:42Z","incident_modified_time_utc":"2022-08-02T21:59:57Z","containment_time_utc":null,"control_time_utc":null,"fire_out_time_utc":"2022-08-04T23:30:00Z","fire_cause":"Human","fire_cause_general":"Fireworks","map_method":"Hand Sketch","source_dataset":"FFP","unique_fire_identifier":"2022-SDRBA-000085","irwin_id":"{FECB12AE-D475-40D4-8A4F-297519635694}","global_id":"7e3f1c97-eab9-431c-892d-9b495cea603a"}},{"type":"Feature","geometry":{"type":"Polygon","coordinates":[[[-102.32154,43.18748],[-102.32122,43.18714],[-102.32079,43.18714],[-102.32043,43.18693],[-102.32059,43.1866],[-102.3205,43.1864],[-102.32024,43.18632],[-102.31888,43.18709],[-102.31814,43.18721],[-102.31765,43.18751],[-102.315,43.18752],[-102.3142,43.18767],[-102.31102,43.18967],[-102.31043,43.18978],[-102.30859,43.19078],[-102.30698,43.19146],[-102.30681,43.19162],[-102.30697,43.19192],[-102.30676,43.19229],[-102.30702,43.19254],[-102.30656,43.19276],[-102.30694,43.19295],[-102.30695,43.19332],[-102.30512,43.19459],[-102.30499,43.19455],[-102.30492,43.19424],[-102.30379,43.19374],[-102.30359,43.19335],[-102.30376,43.19293],[-102.30368,43.19271],[-102.30261,43.193],[-102.30157,43.19255],[-102.30112,43.19254],[-102.30073,43.19207],[-102.29952,43.19236],[-102.29827,43.19215],[-102.29856,43.19305],[-102.29847,43.19322],[-102.29722,43.19303],[-102.29651,43.1939],[-102.29394,43.19502],[-102.29236,43.19617],[-102.29038,43.19661],[-102.28841,43.19755],[-102.28666,43.19807],[-102.28624,43.19836],[-102.28605,43.19875],[-102.28568,43.19882],[-102.28528,43.19912],[-102.28486,43.19902],[-102.28461,43.19947],[-102.28344,43.19948],[-102.28266,43.19995],[-102.2823,43.19985],[-102.28243,43.19919],[-102.28197,43.19899],[-102.28159,43.1983],[-102.27963,43.19894],[-102.27849,43.19899],[-102.2774,43.19927],[-102.27703,43.19923],[-102.27681,43.19901],[-102.27646,43.19894],[-102.27622,43.19908],[-102.27491,43.19901],[-102.2734,43.19914],[-102.27111,43.19789],[-102.26984,43.19809],[-102.26811,43.19806],[-102.26823,43.19769],[-102.26772,43.19739],[-102.26751,43.19705],[-102.26754,43.19515],[-102.26739,43.19494],[-102.26757,43.18734],[-102.26819,43.186],[-102.26831,43.18514],[-102.26852,43.18505],[-102.27063,43.1848],[-102.27308,43.18473],[-102.27554,43.18512],[-102.28017,43.1853],[-102.28123,43.1855],[-102.28327,43.1862],[-102.28431,43.18637],[-102.28688,43.18752],[-102.28807,43.1874],[-102.28938,43.18659],[-102.29147,43.18746],[-102.29359,43.18713],[-102.29563,43.18712],[-102.29746,43.18735],[-102.29804,43.18715],[-102.29927,43.18605],[-102.30037,43.18608],[-102.30071,43.18555],[-102.30118,43.18522],[-102.30162,43.18528],[-102.30224,43.18579],[-102.3027,43.18595],[-102.30515,43.18586],[-102.30644,43.18546],[-102.30454,43.18416],[-102.30354,43.1838],[-102.30375,43.18351],[-102.30369,43.18327],[-102.30332,43.18333],[-102.30265,43.18298],[-102.30274,43.18274],[-102.30332,43.18247],[-102.30417,43.18256],[-102.30502,43.18286],[-102.3067,43.1828],[-102.3073,43.18297],[-102.30758,43.18292],[-102.30842,43.18324],[-102.30877,43.1832],[-102.31008,43.18255],[-102.31133,43.18241],[-102.31317,43.18244],[-102.31436,43.1827],[-102.3147,43.18263],[-102.31515,43.18316],[-102.31607,43.18342],[-102.31648,43.18367],[-102.31758,43.18393],[-102.31814,43.18451],[-102.31974,43.18508],[-102.32063,43.18586],[-102.32323,43.18687],[-102.32397,43.18733],[-102.32403,43.18753],[-102.32369,43.18789],[-102.32268,43.18812],[-102.32244,43.18839],[-102.32178,43.18841],[-102.32196,43.1882],[-102.32185,43.18793],[-102.32206,43.18776],[-102.32154,43.18748]]]},"properties":{"fire_id":"ufid:2022-SDPRA-000160","source_collection":"history-2022","source_objectid":13988,"incident_name":"FIR","mapped_acres":80.0,"mapped_acres_source":"poly_GISAcres","gis_acres":80.0,"auto_acres":1112.777280456713,"reported_acres":1112.0,"percent_contained":null,"state":"SD","state_wfigs":"US-SD","county":"Oglala Lakota","discovery_time_utc":"2022-09-30T19:05:32Z","perimeter_time_utc":"2022-10-14T21:13:07Z","perimeter_edit_time_utc":"2023-03-14T15:13:42Z","incident_modified_time_utc":"2022-10-07T20:36:38Z","containment_time_utc":null,"control_time_utc":null,"fire_out_time_utc":"2022-10-08T02:00:00Z","fire_cause":"Human","fire_cause_general":"Power generation / transmission / distribution","map_method":"Auto-generated","source_dataset":"FFP","unique_fire_identifier":"2022-SDPRA-000160","irwin_id":"{9107B966-D97C-4FDA-B97F-A3AF88FF0ECA}","global_id":"2626bff9-1b86-4503-9de3-6ff1fc7b0ce1"}},{"type":"Feature","geometry":{"type":"Polygon","coordinates":[[[-103.6486,43.75226],[-103.64841,43.75198],[-103.64836,43.75135],[-103.64801,43.75109],[-103.64803,43.75049],[-103.64823,43.75009],[-103.64801,43.74992],[-103.64814,43.74977],[-103.64815,43.74929],[-103.64782,43.74919],[-103.64686,43.74922],[-103.64657,43.74905],[-103.64606,43.74843],[-103.64511,43.74804],[-103.64461,43.74798],[-103.64358,43.74744],[-103.64357,43.74708],[-103.64428,43.74657],[-103.64403,43.74632],[-103.64519,43.74557],[-103.64566,43.7455],[-103.64689,43.74641],[-103.64717,43.74675],[-103.64753,43.74666],[-103.64747,43.74641],[-103.64765,43.74636],[-103.64705,43.74583],[-103.64707,43.74555],[-103.64844,43.74546],[-103.64917,43.74624],[-103.64877,43.74652],[-103.64853,43.74724],[-103.64917,43.74744],[-103.64995,43.74738],[-103.64984,43.74712],[-103.65024,43.74684],[-103.65166,43.74655],[-103.65184,43.74692],[-103.65228,43.74726],[-103.65331,43.74716],[-103.65349,43.74692],[-103.65377,43.74703],[-103.65401,43.74728],[-103.65375,43.74792],[-103.65329,43.74847],[-103.65327,43.74875],[-103.65287,43.74926],[-103.65375,43.74928],[-103.65476,43.74962],[-103.65567,43.75019],[-103.65456,43.75168],[-103.65468,43.75198],[-103.65448,43.75224],[-103.65489,43.75287],[-103.6543,43.75322],[-103.65343,43.75314],[-103.65277,43.75335],[-103.65187,43.75331],[-103.65105,43.75299],[-103.65061,43.75337],[-103.64988,43.75365],[-103.64943,43.75366],[-103.6489,43.75339],[-103.64904,43.75312],[-103.64901,43.75287],[-103.64916,43.75277],[-103.64908,43.75257],[-103.6486,43.75226]]]},"properties":{"fire_id":"ufid:2022-SDBKF-220181","source_collection":"history-2022","source_objectid":14061,"incident_name":"Wabash Spring","mapped_acres":0.1,"mapped_acres_source":"poly_GISAcres","gis_acres":0.1,"auto_acres":111.13385806532571,"reported_acres":111.0,"percent_contained":null,"state":"SD","state_wfigs":"US-SD","county":"Custer","discovery_time_utc":"2022-04-07T13:11:00Z","perimeter_time_utc":"2022-08-04T17:54:02Z","perimeter_edit_time_utc":"2023-03-14T15:13:42Z","incident_modified_time_utc":"2022-05-19T18:31:13Z","containment_time_utc":"2022-04-08T16:00:00Z","control_time_utc":"2022-04-09T20:30:00Z","fire_out_time_utc":"2022-05-19T15:30:00Z","fire_cause":"Undetermined","fire_cause_general":"Undetermined","map_method":"GPS-Unknown Travel Method","source_dataset":"FFP","unique_fire_identifier":"2022-SDBKF-220181","irwin_id":"{10076F67-8F9E-4AA5-BCC9-02CFF6048384}","global_id":"f9865a9a-456d-4109-a881-e3cfb66523d8"}},{"type":"Feature","geometry":{"type":"MultiPolygon","coordinates":[[[[-102.29405,44.42974],[-102.29363,44.42976],[-102.29347,44.42963],[-102.2924,44.42953],[-102.29144,44.42921],[-102.29035,44.4291],[-102.2901,44.42903],[-102.28996,44.42877],[-102.28968,44.42864],[-102.2893,44.42869],[-102.28897,44.42843],[-102.28849,44.42856],[-102.28814,44.42795],[-102.28782,44.42777],[-102.28755,44.42778],[-102.28705,44.42821],[-102.28675,44.42809],[-102.28607,44.42829],[-102.28595,44.42812],[-102.28602,44.42792],[-102.2858,44.42786],[-102.28582,44.4277],[-102.28598,44.42753],[-102.28636,44.42749],[-102.28558,44.42725],[-102.28556,44.42696],[-102.28505,44.4269],[-102.28474,44.42663],[-102.28329,44.42674],[-102.28271,44.42715],[-102.28208,44.42705],[-102.28132,44.42761],[-102.28074,44.42745],[-102.28022,44.42756],[-102.27987,44.42734],[-102.27851,44.42729],[-102.27771,44.42705],[-102.27748,44.42608],[-102.27676,44.4259],[-102.27621,44.42538],[-102.2755,44.42501],[-102.27536,44.4247],[-102.2749,44.42454],[-102.27436,44.424],[-102.27361,44.42374],[-102.27322,44.42329],[-102.27282,44.42316],[-102.27258,44.42283],[-102.27165,44.42255],[-102.2713,44.42195],[-102.271,44.4217],[-102.27018,44.42153],[-102.26977,44.42115],[-102.26855,44.42082],[-102.26848,44.4207],[-102.26787,44.42075],[-102.26636,44.42048],[-102.26628,44.42021],[-102.26662,44.42006],[-102.26672,44.41984],[-102.26606,44.41913],[-102.26607,44.41844],[-102.26567,44.41806],[-102.26513,44.4167],[-102.26383,44.41547],[-102.26376,44.41521],[-102.26398,44.41486],[-102.26334,44.41455],[-102.26325,44.41422],[-102.2614,44.41433],[-102.26095,44.41401],[-102.26036,44.4141],[-102.25821,44.41354],[-102.25764,44.41322],[-102.2562,44.41306],[-102.25588,44.41268],[-102.2561,44.41213],[-102.25584,44.41113],[-102.25604,44.41099],[-102.25682,44.41107],[-102.2583,44.41078],[-102.25982,44.41114],[-102.26058,44.41115],[-102.26161,44.41152],[-102.26177,44.41179],[-102.26208,44.41161],[-102.26229,44.41187],[-102.26293,44.41167],[-102.26328,44.4123],[-102.26359,44.41233],[-102.26397,44.41201],[-102.26523,44.41153],[-102.2659,44.41083],[-102.26684,44.41047],[-102.26752,44.41037],[-102.26905,44.40974],[-102.271,44.40875],[-102.27148,44.40837],[-102.27208,44.40838],[-102.27246,44.40864],[-102.27312,44.40865],[-102.27344,44.40963],[-102.27407,44.40995],[-102.27565,44.41031],[-102.27602,44.41102],[-102.2761,44.41133],[-102.27578,44.41194],[-102.27585,44.41234],[-102.27574,44.41272],[-102.2751,44.41286],[-102.27485,44.41314],[-102.27543,44.41349],[-102.27621,44.41364],[-102.27711,44.41431],[-102.27755,44.41449],[-102.27764,44.41471],[-102.27791,44.41474],[-102.2779,44.41504],[-102.27803,44.41517],[-102.27826,44.41487],[-102.27878,44.41514],[-102.27856,44.41558],[-102.2789,44.41585],[-102.27852,44.41625],[-102.27794,44.41632],[-102.27761,44.41662],[-102.27774,44.4167],[-102.27763,44.41686],[-102.27773,44.41699],[-102.27809,44.41702],[-102.2787,44.41672],[-102.27925,44.41675],[-102.27998,44.41697],[-102.27945,44.41756],[-102.27968,44.41778],[-102.28032,44.41785],[-102.28064,44.41756],[-102.28112,44.41743],[-102.28144,44.41768],[-102.28185,44.41777],[-102.28195,44.41794],[-102.28181,44.41798],[-102.28176,44.41822],[-102.28212,44.41827],[-102.28273,44.41868],[-102.28383,44.42035],[-102.28458,44.42103],[-102.28523,44.42111],[-102.28551,44.42093],[-102.28615,44.42109],[-102.28662,44.42096],[-102.28646,44.42124],[-102.28688,44.42109],[-102.28825,44.42138],[-102.29125,44.42258],[-102.29116,44.42277],[-102.2921,44.42325],[-102.29288,44.42328],[-102.29351,44.42303],[-102.29364,44.42323],[-102.29484,44.42352],[-102.29489,44.42394],[-102.2958,44.42395],[-102.29659,44.42434],[-102.29655,44.42445],[-102.29565,44.42452],[-102.29721,44.4248],[-102.29723,44.42491],[-102.29701,44.42495],[-102.29577,44.42501],[-102.2952,44.4252],[-102.29504,44.42513],[-102.29488,44.42554],[-102.29464,44.42572],[-102.2939,44.42483],[-102.2916,44.42362],[-102.29133,44.42357],[-102.29122,44.42373],[-102.29164,44.42394],[-102.29164,44.42412],[-102.29089,44.42418],[-102.29111,44.42501],[-102.29196,44.42521],[-102.29161,44.42547],[-102.29282,44.42577],[-102.29331,44.42576],[-102.29332,44.42612],[-102.29358,44.42644],[-102.29333,44.42676],[-102.29299,44.42674],[-102.29296,44.42689],[-102.29259,44.42701],[-102.2924,44.42735],[-102.29126,44.42753],[-102.29001,44.42802],[-102.29016,44.42813],[-102.29148,44.42775],[-102.29251,44.42806],[-102.29286,44.42862],[-102.29355,44.42886],[-102.29428,44.4296],[-102.29434,44.43002],[-102.29405,44.42974]]],[[[-102.27236,44.44901],[-102.27112,44.44824],[-102.27102,44.44796],[-102.27062,44.44766],[-102.27018,44.44739],[-102.26986,44.44746],[-102.26987,44.44734],[-102.26954,44.44718],[-102.26984,44.44693],[-102.26979,44.44684],[-102.27041,44.44686],[-102.27036,44.44671],[-102.26996,44.44679],[-102.2689,44.44666],[-102.26873,44.44654],[-102.26803,44.44658],[-102.26696,44.44636],[-102.26668,44.44619],[-102.26618,44.44617],[-102.26635,44.446],[-102.26621,44.44581],[-102.26675,44.44531],[-102.26683,44.44499],[-102.26658,44.44463],[-102.26663,44.4441],[-102.26689,44.44364],[-102.26674,44.44324],[-102.26683,44.44323],[-102.26677,44.44271],[-102.2665,44.44261],[-102.26628,44.44221],[-102.26582,44.44224],[-102.26556,44.44184],[-102.26579,44.44146],[-102.26561,44.4412],[-102.2657,44.44085],[-102.26552,44.44041],[-102.26556,44.44012],[-102.26618,44.43979],[-102.26631,44.43963],[-102.26613,44.4395],[-102.26636,44.43945],[-102.2665,44.43924],[-102.26651,44.4391],[-102.26619,44.43875],[-102.26621,44.43826],[-102.26675,44.43824],[-102.26657,44.43794],[-102.2665,44.43612],[-102.26657,44.43449],[-102.26676,44.43366],[-102.26765,44.43174],[-102.26823,44.43098],[-102.26897,44.43045],[-102.26955,44.43092],[-102.27026,44.43019],[-102.26745,44.43009],[-102.2674,44.42979],[-102.26762,44.42902],[-102.26921,44.42552],[-102.27088,44.4235],[-102.27127,44.4233],[-102.27247,44.42337],[-102.27338,44.42389],[-102.27385,44.42432],[-102.27395,44.42511],[-102.27593,44.42983],[-102.27698,44.43181],[-102.27859,44.43535],[-102.27781,44.43586],[-102.27807,44.43765],[-102.27883,44.4379],[-102.27941,44.43831],[-102.27938,44.43879],[-102.27962,44.43957],[-102.28066,44.44027],[-102.28118,44.44097],[-102.28093,44.44168],[-102.28113,44.44217],[-102.28102,44.44243],[-102.2811,44.44303],[-102.2809,44.44325],[-102.28056,44.44423],[-102.27953,44.44466],[-102.27926,44.44535],[-102.27868,44.44583],[-102.27812,44.4469],[-102.27811,44.44733],[-102.27931,44.44932],[-102.27909,44.44984],[-102.27913,44.45008],[-102.27759,44.45051],[-102.27409,44.45041],[-102.27302,44.45],[-102.2726,44.44954],[-102.27236,44.44901]]]]},"properties":{"fire_id":"ufid:2022-SDPNX-220601","source_collection":"history-2022","source_objectid":14491,"incident_name":"Duhamel 2","mapped_acres":1233.88,"mapped_acres_source":"poly_GISAcres","gis_acres":1233.88,"auto_acres":1233.8715930514143,"reported_acres":1234.0,"percent_contained":null,"state":"SD","state_wfigs":"US-SD","county":"Pennington","discovery_time_utc":"2022-08-09T21:12:00Z","perimeter_time_utc":"2022-09-07T21:19:34Z","perimeter_edit_time_utc":"2023-03-14T15:13:42Z","incident_modified_time_utc":"2022-08-11T15:39:50Z","containment_time_utc":"2022-08-15T00:00:00Z","control_time_utc":"2022-08-18T23:00:00Z","fire_out_time_utc":"2022-08-30T18:00:00Z","fire_cause":"Human","fire_cause_general":"Equipment and vehicle use","map_method":"Hand Sketch","source_dataset":"FFP","unique_fire_identifier":"2022-SDPNX-220601","irwin_id":"{C2921709-1D5D-46A8-97C7-C15DBD122B4F}","global_id":"8e2d3654-a0b6-4d7f-bfb3-ed8cac1badc8"}},{"type":"Feature","geometry":{"type":"MultiPolygon","coordinates":[[[[-102.54637,43.32038],[-102.54637,43.32035],[-102.54638,43.32037],[-102.54637,43.32038]]],[[[-102.57256,43.33397],[-102.57259,43.33396],[-102.57256,43.33398],[-102.57256,43.33397]]],[[[-102.57263,43.33451],[-102.57314,43.33585],[-102.573,43.33634],[-102.5727,43.33671],[-102.57274,43.3377],[-102.57341,43.3381],[-102.57371,43.33954],[-102.57314,43.34006],[-102.57321,43.34136],[-102.57305,43.34191],[-102.57319,43.342],[-102.57323,43.34239],[-102.57368,43.34292],[-102.57361,43.34322],[-102.5734,43.34336],[-102.57362,43.34384],[-102.57324,43.34417],[-102.57335,43.34557],[-102.57291,43.34611],[-102.57188,43.34614],[-102.57177,43.34662],[-102.57085,43.34665],[-102.57047,43.34679],[-102.57001,43.34667],[-102.57,43.34748],[-102.56963,43.34819],[-102.5685,43.34844],[-102.56753,43.34784],[-102.56736,43.34781],[-102.56728,43.34793],[-102.56758,43.3483],[-102.56787,43.34974],[-102.56774,43.35026],[-102.567,43.3512],[-102.56694,43.35322],[-102.56684,43.35389],[-102.56656,43.35457],[-102.56679,43.35618],[-102.56678,43.35672],[-102.56656,43.35726],[-102.56662,43.35745],[-102.56693,43.35764],[-102.56775,43.3577],[-102.56826,43.35822],[-102.56797,43.35841],[-102.56805,43.35852],[-102.56779,43.3594],[-102.56776,43.36004],[-102.56808,43.36294],[-102.56815,43.36514],[-102.56847,43.36534],[-102.5684,43.36681],[-102.56814,43.36783],[-102.56834,43.36808],[-102.56784,43.36988],[-102.5675,43.37021],[-102.56733,43.3709],[-102.56747,43.3733],[-102.56664,43.37455],[-102.56571,43.375],[-102.56511,43.37561],[-102.5645,43.37728],[-102.56446,43.37777],[-102.56461,43.37798],[-102.56508,43.37819],[-102.56586,43.37819],[-102.56568,43.37958],[-102.56547,43.38015],[-102.56572,43.38123],[-102.56529,43.38158],[-102.56532,43.38236],[-102.56508,43.38368],[-102.56516,43.38456],[-102.56426,43.38536],[-102.56407,43.38623],[-102.56331,43.38644],[-102.56348,43.3866],[-102.56328,43.38678],[-102.56334,43.38697],[-102.56252,43.38678],[-102.56225,43.38693],[-102.5624,43.38768],[-102.56258,43.38785],[-102.56282,43.38777],[-102.5627,43.38802],[-102.56303,43.38801],[-102.56329,43.38751],[-102.56346,43.38745],[-102.56376,43.3877],[-102.56415,43.38774],[-102.56409,43.38788],[-102.56455,43.38823],[-102.56431,43.38859],[-102.56455,43.38861],[-102.56445,43.38871],[-102.56461,43.38882],[-102.56449,43.38898],[-102.564,43.38909],[-102.56379,43.38933],[-102.56382,43.38976],[-102.56367,43.38994],[-102.5632,43.39007],[-102.56279,43.38965],[-102.56223,43.38949],[-102.56219,43.38959],[-102.56239,43.38978],[-102.56232,43.38999],[-102.5625,43.39018],[-102.56228,43.39023],[-102.56224,43.39043],[-102.56261,43.39065],[-102.56302,43.39059],[-102.56297,43.39083],[-102.56321,43.39093],[-102.56301,43.39108],[-102.56296,43.39131],[-102.56322,43.39154],[-102.56306,43.39168],[-102.56315,43.39175],[-102.56307,43.39185],[-102.56328,43.39205],[-102.56318,43.39223],[-102.56248,43.39251],[-102.56274,43.39259],[-102.56291,43.393],[-102.56328,43.39301],[-102.56314,43.39339],[-102.56358,43.39357],[-102.5633,43.39367],[-102.56346,43.39376],[-102.56353,43.39406],[-102.56374,43.39405],[-102.56361,43.3942],[-102.56361,43.3946],[-102.56433,43.39447],[-102.56414,43.39473],[-102.56442,43.39469],[-102.56438,43.39481],[-102.56475,43.3951],[-102.56435,43.39516],[-102.56446,43.39537],[-102.56526,43.39536],[-102.5653,43.39513],[-102.56552,43.39506],[-102.56556,43.3949],[-102.56516,43.39429],[-102.56488,43.39409],[-102.56477,43.39366],[-102.56388,43.3934],[-102.56414,43.39306],[-102.56387,43.39267],[-102.5638,43.39229],[-102.56399,43.39216],[-102.56407,43.39244],[-102.56432,43.39238],[-102.56426,43.39257],[-102.56441,43.39274],[-102.56428,43.39284],[-102.56428,43.39318],[-102.56457,43.3934],[-102.56475,43.39345],[-102.56452,43.39312],[-102.56469,43.39291],[-102.56548,43.39314],[-102.56559,43.39287],[-102.56548,43.39284],[-102.56552,43.3927],[-102.56576,43.3922],[-102.5654,43.39184],[-102.5656,43.39175],[-102.56549,43.39158],[-102.56563,43.39159],[-102.56552,43.3914],[-102.56563,43.39112],[-102.56549,43.39093],[-102.56598,43.39077],[-102.56626,43.39091],[-102.56654,43.39086],[-102.56651,43.39067],[-102.56626,43.39054],[-102.56639,43.39021],[-102.56631,43.38999],[-102.56615,43.38993],[-102.56625,43.38972],[-102.56613,43.38962],[-102.56668,43.38944],[-102.5666,43.38931],[-102.56708,43.38937],[-102.56719,43.38916],[-102.56722,43.38967],[-102.56755,43.39017],[-102.56769,43.39072],[-102.56766,43.3916],[-102.56784,43.39228],[-102.56771,43.39259],[-102.56787,43.39281],[-102.56775,43.393],[-102.56823,43.39359],[-102.56882,43.39565],[-102.56915,43.39629],[-102.56972,43.39856],[-102.57043,43.40048],[-102.57049,43.40111],[-102.5704,43.4014],[-102.57112,43.40232],[-102.57149,43.40259],[-102.57215,43.40265],[-102.57285,43.40305],[-102.57457,43.40342],[-102.57488,43.4036],[-102.57784,43.40347],[-102.58391,43.40393],[-102.58453,43.40389],[-102.58526,43.40353],[-102.58734,43.40301],[-102.58785,43.40326],[-102.5894,43.40352],[-102.58959,43.40433],[-102.58916,43.40445],[-102.58908,43.40468],[-102.58927,43.40484],[-102.58867,43.40553],[-102.58753,43.40581],[-102.58745,43.40607],[-102.58675,43.40643],[-102.58641,43.40643],[-102.58611,43.40667],[-102.58554,43.40679],[-102.58524,43.40672],[-102.58497,43.40605],[-102.58406,43.40596],[-102.58399,43.4062],[-102.58418,43.40632],[-102.58419,43.40662],[-102.58393,43.40674],[-102.58381,43.40707],[-102.58223,43.40793],[-102.5822,43.40846],[-102.58206,43.40842],[-102.58203,43.40817],[-102.58178,43.40815],[-102.58117,43.40844],[-102.58083,43.40844],[-102.58058,43.40866],[-102.57995,43.40871],[-102.57933,43.40896],[-102.57905,43.40926],[-102.57863,43.40923],[-102.57843,43.40928],[-102.57833,43.40946],[-102.57804,43.40943],[-102.57818,43.40963],[-102.57809,43.4097],[-102.57766,43.40963],[-102.57545,43.40987],[-102.57461,43.41024],[-102.57366,43.41018],[-102.57188,43.40912],[-102.57162,43.40916],[-102.57162,43.4093],[-102.57143,43.40937],[-102.57099,43.40934],[-102.5709,43.40956],[-102.5688,43.40981],[-102.56769,43.40961],[-102.56639,43.41],[-102.56518,43.40993],[-102.56496,43.41018],[-102.5647,43.41011],[-102.56388,43.41038],[-102.56376,43.41033],[-102.56378,43.40994],[-102.56365,43.40993],[-102.56201,43.41039],[-102.5619,43.41092],[-102.56141,43.41108],[-102.56172,43.41142],[-102.56116,43.41178],[-102.55978,43.41122],[-102.55999,43.41092],[-102.55997,43.4105],[-102.55944,43.41035],[-102.55963,43.41025],[-102.55961,43.41002],[-102.55904,43.40994],[-102.55895,43.40974],[-102.55877,43.40969],[-102.55841,43.41002],[-102.55795,43.40988],[-102.55765,43.40995],[-102.55724,43.41053],[-102.55669,43.41073],[-102.55646,43.41096],[-102.55612,43.41096],[-102.55484,43.41029],[-102.55459,43.40984],[-102.55409,43.40968],[-102.55369,43.40937],[-102.5536,43.40915],[-102.55291,43.40909],[-102.5526,43.40874],[-102.55215,43.4087],[-102.55209,43.40852],[-102.55175,43.40841],[-102.55097,43.4085],[-102.55014,43.40834],[-102.55084,43.40822],[-102.55646,43.40639],[-102.56156,43.40457],[-102.56173,43.40527],[-102.56156,43.4054],[-102.56152,43.4059],[-102.56137,43.40596],[-102.56176,43.40619],[-102.5616,43.40657],[-102.56175,43.40703],[-102.56209,43.40711],[-102.56207,43.40738],[-102.56237,43.40732],[-102.56244,43.40715],[-102.56302,43.40697],[-102.56319,43.4066],[-102.56349,43.40672],[-102.56363,43.40664],[-102.5636,43.40382],[-102.56376,43.40374],[-102.56378,43.40313],[-102.5637,43.40162],[-102.56359,43.40145],[-102.56158,43.40059],[-102.55799,43.39857],[-102.55173,43.39411],[-102.54859,43.39116],[-102.54846,43.39074],[-102.54867,43.39015],[-102.54859,43.39016],[-102.54864,43.3899],[-102.54784,43.38964],[-102.5471,43.38973],[-102.5466,43.38935],[-102.54529,43.38709],[-102.54505,43.38609],[-102.54434,43.38553],[-102.54367,43.38474],[-102.5429,43.38349],[-102.54244,43.38324],[-102.54084,43.38306],[-102.54076,43.38278],[-102.54105,43.38255],[-102.53999,43.3817],[-102.53946,43.38101],[-102.53913,43.38092],[-102.53896,43.38105],[-102.53878,43.38078],[-102.53807,43.38068],[-102.53735,43.38007],[-102.53678,43.38008],[-102.53712,43.37972],[-102.53665,43.37949],[-102.5358,43.37841],[-102.53544,43.37777],[-102.53537,43.37714],[-102.53476,43.37652],[-102.53412,43.37541],[-102.53403,43.37455],[-102.53362,43.37383],[-102.5336,43.3734],[-102.53345,43.37319],[-102.53411,43.37299],[-102.5342,43.3727],[-102.53344,43.37235],[-102.53265,43.37079],[-102.53231,43.37054],[-102.53174,43.36944],[-102.53094,43.36841],[-102.53073,43.36788],[-102.53038,43.36765],[-102.52975,43.36626],[-102.52888,43.36505],[-102.52892,43.36482],[-102.5294,43.36447],[-102.52878,43.36455],[-102.52864,43.36433],[-102.52849,43.36438],[-102.52848,43.36364],[-102.52825,43.36365],[-102.52793,43.36319],[-102.52851,43.36193],[-102.52818,43.36143],[-102.52803,43.36017],[-102.52838,43.35949],[-102.5287,43.35945],[-102.52887,43.35903],[-102.52917,43.35897],[-102.52906,43.35874],[-102.52934,43.35836],[-102.52962,43.35814],[-102.52993,43.35814],[-102.52972,43.35791],[-102.52964,43.3567],[-102.53042,43.35625],[-102.53113,43.35605],[-102.53132,43.35586],[-102.53127,43.35559],[-102.53142,43.35528],[-102.53057,43.35551],[-102.52989,43.35532],[-102.52923,43.35448],[-102.52908,43.35404],[-102.52801,43.35332],[-102.52733,43.35249],[-102.52661,43.35193],[-102.52631,43.35115],[-102.52562,43.35001],[-102.52551,43.34943],[-102.52491,43.34885],[-102.52482,43.34835],[-102.525,43.34809],[-102.5249,43.3475],[-102.52443,43.34712],[-102.52443,43.34678],[-102.52499,43.34645],[-102.52564,43.34548],[-102.5255,43.34465],[-102.5261,43.34374],[-102.52651,43.34349],[-102.52736,43.34356],[-102.52776,43.3434],[-102.52762,43.34313],[-102.52785,43.3431],[-102.52807,43.34277],[-102.52791,43.34259],[-102.5282,43.34257],[-102.52812,43.34241],[-102.52825,43.34233],[-102.52801,43.34197],[-102.52873,43.34215],[-102.52874,43.3425],[-102.52897,43.34262],[-102.52905,43.34301],[-102.52932,43.34281],[-102.52915,43.34262],[-102.52921,43.3425],[-102.52962,43.34257],[-102.52931,43.34239],[-102.53003,43.34231],[-102.52992,43.34211],[-102.52915,43.34224],[-102.52916,43.34204],[-102.52893,43.34177],[-102.52865,43.34174],[-102.52858,43.34184],[-102.52847,43.34171],[-102.52822,43.34172],[-102.52832,43.34135],[-102.52865,43.34098],[-102.52858,43.34065],[-102.52906,43.34046],[-102.52945,43.34062],[-102.52972,43.34049],[-102.52987,43.34056],[-102.53,43.34044],[-102.52994,43.34028],[-102.53025,43.3402],[-102.53055,43.34031],[-102.53087,43.34069],[-102.53113,43.34056],[-102.53134,43.34071],[-102.53224,43.34088],[-102.53203,43.34033],[-102.53329,43.34021],[-102.53335,43.34011],[-102.53261,43.33989],[-102.53221,43.33961],[-102.53128,43.33989],[-102.53112,43.33986],[-102.53111,43.33973],[-102.53119,43.33959],[-102.53163,43.33954],[-102.53196,43.33934],[-102.53195,43.33886],[-102.53261,43.33875],[-102.53273,43.33828],[-102.53309,43.33842],[-102.53328,43.33825],[-102.53342,43.33852],[-102.53375,43.33835],[-102.53414,43.33852],[-102.53413,43.33898],[-102.53456,43.33921],[-102.53469,43.33912],[-102.53468,43.3387],[-102.53494,43.3389],[-102.53518,43.33859],[-102.5358,43.33867],[-102.53557,43.33835],[-102.5351,43.33817],[-102.53522,43.33784],[-102.53513,43.33773],[-102.53486,43.33801],[-102.53467,43.3379],[-102.53431,43.33797],[-102.53408,43.33779],[-102.53389,43.33789],[-102.53398,43.33804],[-102.53355,43.33804],[-102.53349,43.33797],[-102.53376,43.33774],[-102.53338,43.33773],[-102.53326,43.33786],[-102.53329,43.33759],[-102.53416,43.33686],[-102.53462,43.33672],[-102.53544,43.33675],[-102.53562,43.33649],[-102.53544,43.33635],[-102.53563,43.33616],[-102.53611,43.33668],[-102.53641,43.33676],[-102.53645,43.33656],[-102.5362,43.33612],[-102.53634,43.33604],[-102.53686,43.33618],[-102.53678,43.33602],[-102.53686,43.33591],[-102.53622,43.33584],[-102.5363,43.3356],[-102.53614,43.33555],[-102.53585,43.33578],[-102.53483,43.3361],[-102.53463,43.3359],[-102.53469,43.33572],[-102.53491,43.33551],[-102.5354,43.33551],[-102.53546,43.33533],[-102.53577,43.33522],[-102.53579,43.33506],[-102.53652,43.33471],[-102.53666,43.33469],[-102.53691,43.33495],[-102.53702,43.33481],[-102.53695,43.33466],[-102.53709,43.33481],[-102.53723,43.33478],[-102.53718,43.3346],[-102.53732,43.33473],[-102.53767,43.33464],[-102.53812,43.33475],[-102.53808,43.33456],[-102.53772,43.33448],[-102.53765,43.33433],[-102.5383,43.33432],[-102.53874,43.33412],[-102.53821,43.33403],[-102.53801,43.33382],[-102.53839,43.33267],[-102.53895,43.33197],[-102.53825,43.33156],[-102.53794,43.33102],[-102.53725,43.33087],[-102.53653,43.33016],[-102.53582,43.32918],[-102.53602,43.32876],[-102.53587,43.32834],[-102.5356,43.32796],[-102.53462,43.32727],[-102.53444,43.32664],[-102.53455,43.32618],[-102.535,43.32624],[-102.53508,43.32569],[-102.53566,43.32528],[-102.53566,43.32497],[-102.53614,43.32496],[-102.53645,43.32536],[-102.53661,43.32536],[-102.53696,43.32518],[-102.53666,43.32475],[-102.5371,43.32444],[-102.53797,43.32412],[-102.53763,43.3238],[-102.53746,43.32317],[-102.53658,43.32255],[-102.53585,43.32179],[-102.53462,43.32016],[-102.53451,43.31993],[-102.53445,43.31876],[-102.53629,43.31845],[-102.5359,43.31813],[-102.5353,43.31723],[-102.53515,43.31665],[-102.53527,43.31661],[-102.53491,43.31649],[-102.53476,43.31615],[-102.53572,43.3156],[-102.53787,43.31396],[-102.53965,43.31371],[-102.54208,43.31372],[-102.54257,43.3135],[-102.54313,43.31292],[-102.54406,43.31271],[-102.54463,43.31274],[-102.54517,43.31309],[-102.5458,43.31304],[-102.54636,43.3132],[-102.5462,43.31343],[-102.54559,43.31361],[-102.54479,43.31326],[-102.5442,43.31325],[-102.54413,43.31357],[-102.5439,43.31342],[-102.54372,43.31349],[-102.54384,43.31369],[-102.54379,43.31412],[-102.54357,43.31477],[-102.54391,43.31526],[-102.54396,43.31668],[-102.54386,43.317],[-102.54396,43.31719],[-102.54381,43.31784],[-102.54359,43.31816],[-102.54361,43.31879],[-102.54309,43.3194],[-102.54257,43.31955],[-102.54267,43.3198],[-102.54245,43.3201],[-102.54452,43.32048],[-102.54637,43.32038],[-102.54649,43.32061],[-102.54722,43.32087],[-102.54725,43.32105],[-102.54673,43.32092],[-102.54714,43.32122],[-102.54676,43.32144],[-102.54737,43.32132],[-102.54744,43.32141],[-102.54732,43.32171],[-102.54776,43.3215],[-102.54803,43.32167],[-102.54818,43.32137],[-102.5496,43.32137],[-102.54971,43.32151],[-102.54991,43.32141],[-102.55004,43.32165],[-102.55028,43.32159],[-102.55084,43.32193],[-102.55112,43.32182],[-102.55191,43.32196],[-102.55188,43.32209],[-102.55144,43.32205],[-102.55118,43.32226],[-102.55119,43.32258],[-102.55142,43.32232],[-102.55171,43.32228],[-102.55215,43.32232],[-102.55234,43.32248],[-102.55211,43.32262],[-102.55218,43.32279],[-102.55186,43.32309],[-102.55191,43.32331],[-102.55167,43.32329],[-102.55124,43.32297],[-102.55067,43.32313],[-102.55082,43.32338],[-102.55056,43.32366],[-102.55088,43.32391],[-102.55079,43.32407],[-102.5505,43.32382],[-102.55026,43.32394],[-102.55051,43.3242],[-102.55068,43.32465],[-102.55031,43.32475],[-102.55058,43.32511],[-102.55035,43.32526],[-102.54992,43.32515],[-102.54977,43.32495],[-102.54947,43.3251],[-102.54937,43.32483],[-102.54917,43.32473],[-102.54907,43.32477],[-102.54913,43.32504],[-102.54875,43.32505],[-102.54868,43.32532],[-102.54827,43.32508],[-102.54833,43.32533],[-102.54811,43.32548],[-102.54767,43.32525],[-102.54746,43.3253],[-102.54798,43.32567],[-102.54791,43.32592],[-102.54737,43.32603],[-102.54728,43.32588],[-102.54701,43.32595],[-102.5466,43.32576],[-102.54602,43.32599],[-102.54562,43.32587],[-102.54564,43.32625],[-102.54599,43.32638],[-102.54597,43.32648],[-102.54655,43.32641],[-102.54659,43.32657],[-102.54678,43.32645],[-102.54692,43.32657],[-102.54728,43.32657],[-102.54779,43.3263],[-102.54835,43.32625],[-102.54795,43.32661],[-102.548,43.32685],[-102.54751,43.32706],[-102.54752,43.32719],[-102.54708,43.32732],[-102.54758,43.3275],[-102.54767,43.32743],[-102.54777,43.32758],[-102.5472,43.32838],[-102.54801,43.32793],[-102.5484,43.32761],[-102.54846,43.3274],[-102.54863,43.32764],[-102.54875,43.32723],[-102.54897,43.32704],[-102.54937,43.32711],[-102.54951,43.32739],[-102.55006,43.32747],[-102.55002,43.32708],[-102.54934,43.32647],[-102.55016,43.32614],[-102.55018,43.32589],[-102.55044,43.32576],[-102.55058,43.32617],[-102.55038,43.32612],[-102.55043,43.32662],[-102.55069,43.32681],[-102.55142,43.32617],[-102.55145,43.3257],[-102.55121,43.32537],[-102.55158,43.3254],[-102.55185,43.32497],[-102.55246,43.32474],[-102.55269,43.3244],[-102.55256,43.32435],[-102.55264,43.32421],[-102.5532,43.3242],[-102.55311,43.32439],[-102.55339,43.32423],[-102.55368,43.3243],[-102.55338,43.32469],[-102.55253,43.32532],[-102.55273,43.32545],[-102.55248,43.32552],[-102.55264,43.32574],[-102.55187,43.32586],[-102.55206,43.32599],[-102.55203,43.32624],[-102.55219,43.32659],[-102.55245,43.32666],[-102.55226,43.32677],[-102.55239,43.32704],[-102.55215,43.3275],[-102.55273,43.32685],[-102.55283,43.327],[-102.55307,43.32697],[-102.55338,43.32617],[-102.55359,43.32595],[-102.55372,43.3263],[-102.55367,43.3271],[-102.55324,43.32805],[-102.5516,43.32855],[-102.55064,43.32929],[-102.55078,43.32981],[-102.55077,43.33182],[-102.55039,43.33226],[-102.5504,43.33275],[-102.55023,43.3333],[-102.55126,43.33257],[-102.55178,43.33197],[-102.55364,43.33137],[-102.55551,43.331],[-102.55827,43.3309],[-102.56162,43.32924],[-102.56418,43.3283],[-102.56626,43.32788],[-102.5664,43.32833],[-102.56694,43.32874],[-102.56714,43.32851],[-102.56744,43.32844],[-102.56732,43.32803],[-102.56757,43.32821],[-102.56783,43.32816],[-102.56774,43.32768],[-102.56849,43.32771],[-102.56911,43.32756],[-102.5709,43.32772],[-102.57109,43.32793],[-102.57168,43.32786],[-102.57217,43.32824],[-102.57209,43.32846],[-102.57233,43.32863],[-102.57259,43.32915],[-102.57281,43.32993],[-102.57279,43.3302],[-102.57238,43.33094],[-102.57211,43.33119],[-102.57162,43.33114],[-102.57102,43.33145],[-102.5707,43.33142],[-102.5705,43.33123],[-102.57026,43.33138],[-102.57036,43.33163],[-102.57085,43.33204],[-102.57064,43.33292],[-102.57081,43.33308],[-102.5705,43.33324],[-102.57046,43.33338],[-102.5717,43.33365],[-102.57313,43.33303],[-102.57311,43.33358],[-102.57256,43.33397],[-102.57233,43.33406],[-102.57263,43.33451]]],[[[-102.56818,43.36488],[-102.56817,43.36495],[-102.56817,43.3649],[-102.56818,43.36488]]]]},"properties":{"fire_id":"ufid:2022-SDPRA-000185","source_collection":"history-2022","source_objectid":14556,"incident_name":"Turkey Day","mapped_acres":2000.0,"mapped_acres_source":"poly_GISAcres","gis_acres":2000.0,"auto_acres":5945.6184193226745,"reported_acres":5945.0,"percent_contained":null,"state":"SD","state_wfigs":"US-SD","county":"Oglala Lakota","discovery_time_utc":"2022-11-23T18:00:00Z","perimeter_time_utc":"2022-12-06T21:53:45Z","perimeter_edit_time_utc":"2023-03-14T15:13:42Z","incident_modified_time_utc":"2022-11-25T00:15:22Z","containment_time_utc":"2022-11-29T17:30:00Z","control_time_utc":null,"fire_out_time_utc":"2022-11-29T21:25:00Z","fire_cause":"Undetermined","fire_cause_general":"Undetermined","map_method":"Auto-generated","source_dataset":"FFP","unique_fire_identifier":"2022-SDPRA-000185","irwin_id":"{8403DEC8-A392-4B44-B200-55C500C23B93}","global_id":"efd0972e-9f22-4d6a-bb5f-8d8a1d768bbb"}},{"type":"Feature","geometry":{"type":"Polygon","coordinates":[[[-103.26722,44.75957],[-103.26394,44.75919],[-103.26097,44.75835],[-103.25989,44.75851],[-103.25914,44.75818],[-103.25827,44.75815],[-103.25719,44.75776],[-103.25656,44.7573],[-103.25579,44.75719],[-103.25534,44.75669],[-103.25476,44.75637],[-103.25341,44.75643],[-103.2526,44.75607],[-103.25179,44.75594],[-103.2517,44.75575],[-103.25197,44.75557],[-103.25233,44.75554],[-103.2524,44.7553],[-103.25045,44.75457],[-103.24989,44.75342],[-103.24919,44.75332],[-103.24887,44.753],[-103.24875,44.75269],[-103.24926,44.7524],[-103.24955,44.75161],[-103.24946,44.75143],[-103.2473,44.75105],[-103.24496,44.75031],[-103.24487,44.75017],[-103.24496,44.75009],[-103.24541,44.74999],[-103.24518,44.74968],[-103.24377,44.74947],[-103.24349,44.74903],[-103.24235,44.74846],[-103.24231,44.74828],[-103.24362,44.74684],[-103.24401,44.74666],[-103.24412,44.74619],[-103.2444,44.74592],[-103.24487,44.74575],[-103.24562,44.74573],[-103.24594,44.74594],[-103.246,44.74666],[-103.24638,44.7474],[-103.24775,44.7471],[-103.24926,44.74828],[-103.24946,44.7491],[-103.25045,44.7491],[-103.25122,44.7494],[-103.25152,44.74982],[-103.25161,44.75048],[-103.25197,44.75051],[-103.25255,44.74976],[-103.25311,44.74954],[-103.25311,44.74915],[-103.2533,44.74882],[-103.25323,44.74866],[-103.25296,44.74872],[-103.25224,44.74842],[-103.25217,44.74792],[-103.25136,44.74774],[-103.25134,44.74729],[-103.25089,44.74726],[-103.25053,44.74747],[-103.25027,44.74734],[-103.24991,44.74738],[-103.24892,44.74657],[-103.24883,44.74617],[-103.24799,44.74579],[-103.24786,44.74549],[-103.24801,44.74531],[-103.24793,44.74508],[-103.2473,44.7446],[-103.24638,44.74443],[-103.2462,44.74417],[-103.24593,44.74406],[-103.24604,44.74359],[-103.24685,44.74342],[-103.2477,44.74383],[-103.2517,44.74633],[-103.25395,44.74689],[-103.25482,44.74724],[-103.25637,44.74828],[-103.25782,44.74889],[-103.25872,44.74999],[-103.25906,44.7501],[-103.25953,44.75001],[-103.26034,44.75027],[-103.26062,44.75043],[-103.26076,44.75083],[-103.26133,44.75089],[-103.26112,44.75026],[-103.26143,44.74962],[-103.26119,44.74945],[-103.26142,44.74922],[-103.26187,44.74933],[-103.26386,44.7507],[-103.26435,44.75128],[-103.26455,44.7519],[-103.26599,44.75225],[-103.26674,44.75277],[-103.26721,44.75329],[-103.26744,44.75386],[-103.26784,44.75422],[-103.26812,44.75507],[-103.26846,44.75503],[-103.26862,44.7545],[-103.26879,44.75445],[-103.27051,44.75601],[-103.2704,44.75629],[-103.27061,44.75672],[-103.27062,44.75712],[-103.27048,44.75737],[-103.27005,44.75764],[-103.26996,44.75818],[-103.26912,44.75859],[-103.26888,44.75886],[-103.26834,44.75897],[-103.26762,44.75946],[-103.26722,44.75957]]]},"properties":{"fire_id":"ufid:2022-SDBTX-220770","source_collection":"history-2022","source_objectid":15957,"incident_name":"Butte Creek","mapped_acres":480.0,"mapped_acres_source":"poly_GISAcres","gis_acres":480.0,"auto_acres":405.69003095147764,"reported_acres":480.0,"percent_contained":null,"state":"SD","state_wfigs":"US-SD","county":"Butte","discovery_time_utc":"2022-09-24T19:35:00Z","perimeter_time_utc":"2022-12-19T18:10:36Z","perimeter_edit_time_utc":"2023-04-10T18:44:14Z","incident_modified_time_utc":"2022-09-25T22:52:01Z","containment_time_utc":"2022-09-24T20:00:00Z","control_time_utc":"2022-09-25T14:25:00Z","fire_out_time_utc":null,"fire_cause":"Undetermined","fire_cause_general":"Undetermined","map_method":"Auto-generated","source_dataset":"FFP","unique_fire_identifier":"2022-SDBTX-220770","irwin_id":"{611D3ADB-9F04-4FC2-B0AB-855B46161C3E}","global_id":"602b4ca1-a442-45a3-9f75-45395e0bf060"}},{"type":"Feature","geometry":{"type":"MultiPolygon","coordinates":[[[[-102.31519,43.50099],[-102.31337,43.50098],[-102.31272,43.50071],[-102.3125,43.50046],[-102.3131,43.50012],[-102.3151,43.50007],[-102.31524,43.5003],[-102.31519,43.50099]]],[[[-102.31486,43.50656],[-102.31472,43.50606],[-102.31432,43.50628],[-102.31381,43.50606],[-102.31342,43.50627],[-102.31156,43.50624],[-102.31153,43.5061],[-102.31183,43.50572],[-102.31153,43.50549],[-102.3115,43.50504],[-102.31257,43.50468],[-102.31368,43.50475],[-102.31394,43.50452],[-102.3138,43.50437],[-102.313,43.50418],[-102.3122,43.50425],[-102.31203,43.50413],[-102.31213,43.50393],[-102.31388,43.50339],[-102.31479,43.50358],[-102.3156,43.50356],[-102.31565,43.50341],[-102.31626,43.50374],[-102.31572,43.50377],[-102.31567,43.50414],[-102.31578,43.50443],[-102.31652,43.50511],[-102.31623,43.5058],[-102.31652,43.50626],[-102.31573,43.50635],[-102.31502,43.5066],[-102.31486,43.50656]]],[[[-102.30904,43.51255],[-102.30884,43.51217],[-102.30901,43.51178],[-102.30889,43.5117],[-102.30845,43.51174],[-102.30803,43.51229],[-102.30719,43.51247],[-102.3066,43.51223],[-102.30596,43.51228],[-102.30567,43.51196],[-102.30468,43.51174],[-102.30508,43.51101],[-102.30538,43.51074],[-102.30496,43.51035],[-102.30545,43.51023],[-102.30568,43.51002],[-102.30564,43.50945],[-102.3064,43.50986],[-102.30662,43.50981],[-102.30628,43.50895],[-102.30721,43.50884],[-102.30892,43.51011],[-102.30906,43.50987],[-102.30873,43.5091],[-102.30806,43.50858],[-102.308,43.50836],[-102.3082,43.50822],[-102.30921,43.50824],[-102.31069,43.50888],[-102.31106,43.50878],[-102.31139,43.50851],[-102.31242,43.50876],[-102.3125,43.50863],[-102.31215,43.50776],[-102.31262,43.50736],[-102.31293,43.50777],[-102.31311,43.50838],[-102.31451,43.50861],[-102.31512,43.50894],[-102.31514,43.50882],[-102.31465,43.50841],[-102.31472,43.50821],[-102.31555,43.50821],[-102.31607,43.50842],[-102.31621,43.50919],[-102.31615,43.50956],[-102.31494,43.51136],[-102.31421,43.51187],[-102.31136,43.51269],[-102.3111,43.51265],[-102.31111,43.51244],[-102.3099,43.51247],[-102.30909,43.51273],[-102.30898,43.5127],[-102.30904,43.51255]]],[[[-102.31579,43.51521],[-102.31529,43.51513],[-102.31509,43.51488],[-102.3147,43.51472],[-102.3142,43.51495],[-102.31319,43.51489],[-102.31266,43.51444],[-102.31165,43.51422],[-102.31157,43.51386],[-102.31134,43.51365],[-102.31161,43.5134],[-102.31203,43.51337],[-102.31461,43.51398],[-102.31572,43.51386],[-102.31592,43.51399],[-102.31601,43.51427],[-102.31595,43.51505],[-102.31579,43.51521]]]]},"properties":{"fire_id":"ufid:2022-SDBDP-220768","source_collection":"history-2022","source_objectid":18098,"incident_name":"Palmer Creek","mapped_acres":250.0,"mapped_acres_source":"poly_GISAcres","gis_acres":250.0,"auto_acres":120.8786047177637,"reported_acres":120.9,"percent_contained":null,"state":"SD","state_wfigs":"US-SD","county":"Oglala Lakota","discovery_time_utc":"2022-09-24T02:30:00Z","perimeter_time_utc":"2023-07-14T21:25:33Z","perimeter_edit_time_utc":"2023-07-14T21:25:34Z","incident_modified_time_utc":"2022-12-06T16:46:07Z","containment_time_utc":null,"control_time_utc":"2022-09-28T23:00:00Z","fire_out_time_utc":"2022-09-30T18:00:00Z","fire_cause":"Human","fire_cause_general":"Undetermined","map_method":"Remote Sensing Derived","source_dataset":"FFP","unique_fire_identifier":"2022-SDBDP-220768","irwin_id":"{98288C44-36A3-4DF3-AFB3-7E098FBF0AEC}","global_id":"ec74da62-97c9-4d2f-826b-fc2f6ffd30a6"}},{"type":"Feature","geometry":{"type":"MultiPolygon","coordinates":[[[[-100.24922,44.19048],[-100.24919,44.18987],[-100.24928,44.18979],[-100.24945,44.18996],[-100.24967,44.18989],[-100.24973,44.18895],[-100.24986,44.18892],[-100.25009,44.18956],[-100.25005,44.1892],[-100.25016,44.18914],[-100.2502,44.18926],[-100.25021,44.19119],[-100.24933,44.19189],[-100.24927,44.19212],[-100.24914,44.19208],[-100.24903,44.19161],[-100.24922,44.19048]]],[[[-100.25491,44.18789],[-100.25479,44.18766],[-100.2549,44.18766],[-100.25491,44.18789]]]]},"properties":{"fire_id":"ufid:2022-SDSTX-220144","source_collection":"history-2022","source_objectid":21938,"incident_name":"Stanley","mapped_acres":5.057241,"mapped_acres_source":"poly_GISAcres","gis_acres":5.057241,"auto_acres":5.043363515663197,"reported_acres":5.04,"percent_contained":null,"state":"SD","state_wfigs":"US-SD","county":"Stanley","discovery_time_utc":"2022-03-23T21:59:00Z","perimeter_time_utc":"2023-10-23T19:08:27Z","perimeter_edit_time_utc":"2023-10-23T19:08:28Z","incident_modified_time_utc":"2022-03-25T17:55:01Z","containment_time_utc":"2022-03-23T23:04:00Z","control_time_utc":"2022-03-24T18:00:00Z","fire_out_time_utc":"2022-03-25T16:40:00Z","fire_cause":"Undetermined","fire_cause_general":"Undetermined","map_method":"Mixed Methods","source_dataset":"FFP","unique_fire_identifier":"2022-SDSTX-220144","irwin_id":"{A83C47F2-742C-44F4-91AA-395B7446AAA7}","global_id":"d9229805-c3cc-4033-817d-91a9d4ecc83f"}},{"type":"Feature","geometry":{"type":"MultiPolygon","coordinates":[[[[-103.41584,43.94438],[-103.41511,43.94387],[-103.41527,43.94384],[-103.41592,43.94422],[-103.41584,43.94438]]],[[[-103.41572,43.94454],[-103.41589,43.94466],[-103.4159,43.94488],[-103.41556,43.94495],[-103.41553,43.94477],[-103.41568,43.94472],[-103.4156,43.94463],[-103.41572,43.94454]]],[[[-103.4157,43.94438],[-103.41566,43.94455],[-103.41558,43.94462],[-103.4157,43.94438]]],[[[-103.41554,43.94463],[-103.41548,43.94464],[-103.41545,43.94461],[-103.41554,43.94463]]],[[[-103.41558,43.94463],[-103.41551,43.94476],[-103.41557,43.94463],[-103.41558,43.94463]]],[[[-103.41558,43.94462],[-103.41557,43.94463],[-103.41554,43.94463],[-103.41558,43.94462]]],[[[-103.4156,43.94463],[-103.41558,43.94463],[-103.41559,43.94462],[-103.4156,43.94463]]]]},"properties":{"fire_id":"ufid:2022-SDSDS-220036","source_collection":"history-2022","source_objectid":21939,"incident_name":"Baretta Fire","mapped_acres":0.5753522,"mapped_acres_source":"poly_GISAcres","gis_acres":0.5753522,"auto_acres":0.5753500285781509,"reported_acres":2.1,"percent_contained":null,"state":"SD","state_wfigs":"US-SD","county":"Pennington","discovery_time_utc":"2022-01-21T22:08:06Z","perimeter_time_utc":"2023-10-23T19:06:20Z","perimeter_edit_time_utc":"2023-10-23T19:06:20Z","incident_modified_time_utc":"2022-02-25T16:09:16Z","containment_time_utc":"2022-01-22T01:35:00Z","control_time_utc":"2022-01-24T21:56:00Z","fire_out_time_utc":"2022-01-27T21:27:00Z","fire_cause":"Human","fire_cause_general":"Power generation / transmission / distribution","map_method":"Mixed Methods","source_dataset":"FFP","unique_fire_identifier":"2022-SDSDS-220036","irwin_id":"{4ACA4DF5-BD91-48CD-9E48-DDB096BD0D6F}","global_id":"8aaa96b5-4562-48dd-8545-26d48950f33d"}}]}
