Title: DVD's Flash Flood Detector Contours
RefreshSeconds: 30

Color: 0 255 0
Line: 3, 0, "2026-09-29 14:20:00 UTC\nMonitor Boundary"
  48.1499, -124.7341
  48.1389, -124.7264
  48.1371, -124.7239
  48.1244, -124.7211
  48.1116, -124.7079
  48.0989, -124.7040
  48.0861, -124.7011
  48.0734, -124.7049
  48.0607, -124.7044
  48.0479, -124.7034
  48.0403, -124.6978
  48.0352, -124.6925
  48.0224, -124.6873
  48.0097, -124.6923
  47.9969, -124.6929
  47.9842, -124.6907
  47.9714, -124.6844
  47.9587, -124.6829
  47.9459, -124.6735
  47.9413, -124.6692
  47.9332, -124.6611
  47.9204, -124.6620
  47.9077, -124.6457
  47.8949, -124.6461
  47.8827, -124.6406
  47.8822, -124.6402
  47.8695, -124.6186
  47.8663, -124.6120
  47.8569, -124.5834
  47.8567, -124.5831
  47.8440, -124.5678
  47.8312, -124.5585
  47.8277, -124.5548
  47.8185, -124.5346
  47.8150, -124.5262
  47.8185, -124.5105
  47.8235, -124.4976
  47.8185, -124.4930
  47.8057, -124.4888
  47.7930, -124.4724
  47.7802, -124.4835
  47.7675, -124.4822
  47.7554, -124.4690
  47.7547, -124.4678
  47.7420, -124.4535
  47.7354, -124.4404
  47.7292, -124.4323
  47.7165, -124.4306
  47.7038, -124.4234
  47.6910, -124.4243
  47.6783, -124.4144
  47.6754, -124.4117
  47.6655, -124.4040
  47.6528, -124.3989
  47.6400, -124.3942
  47.6273, -124.3948
  47.6145, -124.3909
  47.6070, -124.3831
  47.6145, -124.3633
  47.6183, -124.3545
  47.6145, -124.3482
  47.6042, -124.3545
  47.6018, -124.3583
  47.5890, -124.3649
  47.5763, -124.3623
  47.5635, -124.3550
  47.5624, -124.3545
  47.5508, -124.3486
  47.5381, -124.3368
  47.5323, -124.3545
  47.5253, -124.3612
  47.5126, -124.3648
  47.4998, -124.3571
  47.4915, -124.3545
  47.4871, -124.3511
  47.4743, -124.3457
  47.4616, -124.3358
  47.4488, -124.3353
  47.4361, -124.3448
  47.4233, -124.3408
  47.4106, -124.3434
  47.3978, -124.3417
  47.3851, -124.3261
  47.3723, -124.3332
  47.3596, -124.3340
  47.3485, -124.3259
  47.3469, -124.3225
  47.3367, -124.2973
  47.3341, -124.2921
  47.3214, -124.2930
  47.3086, -124.2915
  47.2959, -124.2702
  47.2954, -124.2687
  47.2959, -124.2656
  47.3026, -124.2401
  47.2959, -124.2308
  47.2831, -124.2226
  47.2704, -124.2275
  47.2576, -124.2329
  47.2449, -124.2278
  47.2353, -124.2115
  47.2321, -124.2054
  47.2194, -124.1942
  47.2066, -124.1829
  47.1939, -124.1850
  47.1812, -124.2015
  47.1684, -124.2030
  47.1557, -124.2000
  47.1429, -124.1958
  47.1302, -124.1869
  47.1267, -124.1829
  47.1302, -124.1716
  47.1350, -124.1543
  47.1429, -124.1395
  47.1557, -124.1351
  47.1684, -124.1380
  47.1812, -124.1377
  47.1939, -124.1352
  47.2066, -124.1423
  47.2175, -124.1543
  47.2194, -124.1578
  47.2321, -124.1563
  47.2449, -124.1608
  47.2476, -124.1543
  47.2449, -124.1514
  47.2321, -124.1511
  47.2250, -124.1257
  47.2321, -124.1143
  47.2449, -124.1023
  47.2554, -124.0971
  47.2449, -124.0871
  47.2362, -124.0685
  47.2449, -124.0562
  47.2556, -124.0399
  47.2576, -124.0350
  47.2704, -124.0181
  47.2792, -124.0113
  47.2704, -124.0032
  47.2576, -123.9970
  47.2467, -123.9827
  47.2449, -123.9792
  47.2321, -123.9608
  47.2274, -123.9541
  47.2321, -123.9381
  47.2433, -123.9255
  47.2449, -123.9244
  47.2465, -123.9255
  47.2576, -123.9376
  47.2704, -123.9367
  47.2831, -123.9390
  47.2959, -123.9287
  47.2976, -123.9255
  47.3065, -123.8969
  47.2959, -123.8862
  47.2906, -123.8969
  47.2831, -123.9068
  47.2704, -123.9090
  47.2592, -123.8969
  47.2654, -123.8683
  47.2576, -123.8606
  47.2453, -123.8397
  47.2449, -123.8388
  47.2444, -123.8397
  47.2347, -123.8683
  47.2321, -123.8722
  47.2194, -123.8838
  47.2066, -123.8814
  47.1953, -123.8683
  47.1939, -123.8647
  47.1812, -123.8665
  47.1796, -123.8683
  47.1684, -123.8845
  47.1631, -123.8969
  47.1557, -123.9229
  47.1550, -123.9255
  47.1429, -123.9410
  47.1302, -123.9431
  47.1174, -123.9297
  47.1150, -123.9255
  47.1094, -123.8969
  47.1047, -123.8889
  47.0953, -123.8683
  47.0919, -123.8629
  47.0792, -123.8448
  47.0756, -123.8397
  47.0735, -123.8111
  47.0664, -123.8012
  47.0566, -123.7825
  47.0664, -123.7609
  47.0792, -123.7573
  47.0919, -123.7682
  47.1047, -123.7561
  47.1050, -123.7538
  47.1047, -123.7522
  47.0919, -123.7415
  47.0792, -123.7374
  47.0762, -123.7252
  47.0792, -123.7191
  47.0888, -123.6966
  47.0919, -123.6951
  47.1047, -123.6890
  47.1174, -123.6852
  47.1302, -123.6933
  47.1375, -123.6966
  47.1429, -123.7059
  47.1449, -123.6966
  47.1557, -123.6809
  47.1684, -123.6699
  47.1703, -123.6680
  47.1684, -123.6593
  47.1658, -123.6394
  47.1592, -123.6108
  47.1603, -123.5822
  47.1664, -123.5536
  47.1580, -123.5250
  47.1684, -123.5166
  47.1812, -123.5135
  47.1939, -123.4994
  47.1951, -123.4964
  47.1939, -123.4930
  47.1812, -123.4771
  47.1700, -123.4678
  47.1684, -123.4660
  47.1557, -123.4520
  47.1455, -123.4392
  47.1455, -123.4106
  47.1557, -123.3927
  47.1654, -123.3820
  47.1592, -123.3534
  47.1557, -123.3269
  47.1549, -123.3248
  47.1429, -123.3137
  47.1373, -123.2962
  47.1429, -123.2903
  47.1557, -123.2850
  47.1684, -123.2855
  47.1812, -123.2941
  47.1829, -123.2962
  47.1812, -123.3172
  47.1684, -123.3246
  47.1649, -123.3248
  47.1684, -123.3251
  47.1812, -123.3262
  47.1939, -123.3252
  47.2066, -123.3293
  47.2194, -123.3364
  47.2321, -123.3381
  47.2449, -123.3533
  47.2450, -123.3534
  47.2576, -123.3687
  47.2704, -123.3570
  47.2831, -123.3595
  47.2948, -123.3820
  47.2959, -123.3839
  47.3086, -123.3973
  47.3153, -123.3820
  47.3214, -123.3736
  47.3341, -123.3651
  47.3468, -123.3534
  47.3341, -123.3338
  47.3279, -123.3248
  47.3214, -123.2971
  47.3154, -123.3248
  47.3086, -123.3350
  47.2959, -123.3447
  47.2831, -123.3455
  47.2750, -123.3248
  47.2831, -123.3065
  47.2889, -123.2962
  47.2831, -123.2852
  47.2704, -123.2688
  47.2695, -123.2676
  47.2704, -123.2591
  47.2743, -123.2390
  47.2831, -123.2351
  47.2959, -123.2383
  47.2968, -123.2390
  47.3086, -123.2617
  47.3132, -123.2676
  47.3214, -123.2949
  47.3341, -123.2822
  47.3469, -123.2760
  47.3596, -123.2869
  47.3650, -123.2962
  47.3675, -123.3248
  47.3723, -123.3290
  47.3750, -123.3248
  47.3851, -123.3184
  47.3978, -123.3153
  47.4106, -123.3231
  47.4121, -123.3248
  47.4149, -123.3534
  47.4195, -123.3820
  47.4164, -123.4106
  47.4106, -123.4150
  47.3978, -123.4149
  47.3872, -123.4106
  47.3851, -123.4086
  47.3845, -123.4106
  47.3723, -123.4302
  47.3596, -123.4315
  47.3469, -123.4139
  47.3341, -123.4286
  47.3214, -123.4324
  47.3155, -123.4392
  47.3214, -123.4470
  47.3341, -123.4510
  47.3435, -123.4678
  47.3341, -123.4884
  47.3214, -123.4928
  47.3175, -123.4964
  47.3214, -123.5025
  47.3341, -123.5006
  47.3469, -123.5112
  47.3596, -123.5217
  47.3622, -123.5250
  47.3596, -123.5361
  47.3502, -123.5536
  47.3596, -123.5782
  47.3603, -123.5822
  47.3596, -123.5902
  47.3561, -123.6108
  47.3596, -123.6195
  47.3723, -123.6228
  47.3755, -123.6108
  47.3851, -123.5987
  47.3978, -123.5847
  47.4001, -123.5822
  47.4106, -123.5702
  47.4233, -123.5729
  47.4298, -123.5822
  47.4361, -123.5991
  47.4488, -123.6037
  47.4583, -123.6108
  47.4580, -123.6394
  47.4616, -123.6427
  47.4743, -123.6513
  47.4847, -123.6680
  47.4743, -123.6844
  47.4616, -123.6842
  47.4488, -123.6734
  47.4452, -123.6680
  47.4361, -123.6466
  47.4318, -123.6394
  47.4233, -123.6182
  47.4106, -123.6325
  47.4082, -123.6394
  47.3978, -123.6559
  47.3936, -123.6680
  47.3851, -123.6882
  47.3808, -123.6966
  47.3851, -123.7065
  47.3978, -123.7120
  47.4106, -123.7232
  47.4124, -123.7252
  47.4106, -123.7328
  47.4001, -123.7538
  47.4106, -123.7657
  47.4233, -123.7654
  47.4361, -123.7563
  47.4488, -123.7620
  47.4616, -123.7619
  47.4743, -123.7563
  47.4871, -123.7661
  47.4931, -123.7538
  47.4871, -123.7429
  47.4782, -123.7252
  47.4871, -123.6966
  47.4871, -123.6966
  47.4998, -123.6948
  47.5018, -123.6966
  47.5121, -123.7252
  47.5126, -123.7258
  47.5199, -123.7252
  47.5253, -123.7246
  47.5261, -123.7252
  47.5381, -123.7385
  47.5427, -123.7538
  47.5381, -123.7599
  47.5253, -123.7694
  47.5126, -123.7738
  47.4998, -123.7666
  47.4934, -123.7825
  47.4991, -123.8111
  47.4985, -123.8397
  47.4871, -123.8554
  47.4794, -123.8683
  47.4871, -123.8754
  47.4998, -123.8876
  47.5126, -123.8843
  47.5253, -123.8732
  47.5308, -123.8683
  47.5331, -123.8397
  47.5381, -123.8364
  47.5508, -123.8360
  47.5568, -123.8397
  47.5593, -123.8683
  47.5508, -123.8821
  47.5449, -123.8969
  47.5381, -123.9066
  47.5253, -123.9150
  47.5126, -123.9110
  47.5050, -123.9255
  47.4998, -123.9345
  47.4871, -123.9505
  47.4776, -123.9541
  47.4871, -123.9612
  47.4998, -123.9744
  47.5126, -123.9655
  47.5253, -123.9678
  47.5381, -123.9581
  47.5508, -123.9572
  47.5635, -123.9786
  47.5649, -123.9827
  47.5646, -124.0113
  47.5635, -124.0175
  47.5571, -124.0399
  47.5590, -124.0685
  47.5530, -124.0971
  47.5635, -124.1067
  47.5750, -124.1257
  47.5763, -124.1401
  47.5794, -124.1257
  47.5890, -124.1143
  47.5951, -124.0971
  47.6018, -124.0784
  47.6053, -124.0685
  47.6018, -124.0629
  47.5890, -124.0448
  47.5856, -124.0399
  47.5890, -124.0319
  47.6018, -124.0175
  47.6145, -124.0220
  47.6273, -124.0343
  47.6400, -124.0355
  47.6470, -124.0399
  47.6490, -124.0685
  47.6400, -124.0835
  47.6349, -124.0971
  47.6316, -124.1257
  47.6400, -124.1427
  47.6450, -124.1543
  47.6446, -124.1829
  47.6400, -124.1926
  47.6338, -124.2115
  47.6343, -124.2401
  47.6400, -124.2491
  47.6516, -124.2401
  47.6498, -124.2115
  47.6528, -124.2043
  47.6596, -124.1829
  47.6655, -124.1719
  47.6783, -124.1559
  47.6910, -124.1558
  47.7038, -124.1559
  47.7165, -124.1555
  47.7184, -124.1543
  47.7292, -124.1332
  47.7315, -124.1257
  47.7292, -124.1221
  47.7166, -124.0971
  47.7292, -124.0797
  47.7362, -124.0685
  47.7420, -124.0617
  47.7547, -124.0550
  47.7675, -124.0574
  47.7802, -124.0562
  47.7930, -124.0673
  47.7939, -124.0685
  47.7936, -124.0971
  47.8057, -124.1098
  47.8150, -124.1257
  47.8150, -124.1543
  47.8185, -124.1689
  47.8312, -124.1659
  47.8440, -124.1592
  47.8540, -124.1543
  47.8440, -124.1461
  47.8376, -124.1257
  47.8440, -124.1193
  47.8567, -124.1151
  47.8695, -124.1223
  47.8726, -124.1257
  47.8822, -124.1354
  47.8949, -124.1406
  47.9077, -124.1496
  47.9116, -124.1543
  47.9077, -124.1725
  47.9015, -124.1829
  47.9077, -124.1861
  47.9204, -124.2021
  47.9297, -124.2115
  47.9332, -124.2299
  47.9353, -124.2115
  47.9459, -124.1907
  47.9587, -124.1835
  47.9592, -124.1829
  47.9714, -124.1655
  47.9842, -124.1559
  47.9969, -124.1638
  48.0097, -124.1784
  48.0150, -124.1543
  48.0224, -124.1433
  48.0352, -124.1350
  48.0479, -124.1437
  48.0550, -124.1543
  48.0607, -124.1688
  48.0734, -124.1652
  48.0861, -124.1680
  48.0989, -124.1582
  48.1116, -124.1571
  48.1244, -124.1671
  48.1371, -124.1743
  48.1499, -124.1819
  48.1508, -124.1829
  48.1499, -124.1907
  48.1448, -124.2115
  48.1379, -124.2401
  48.1371, -124.2412
  48.1244, -124.2605
  48.1188, -124.2687
  48.1244, -124.2780
  48.1371, -124.2961
  48.1499, -124.2934
  48.1626, -124.2852
  48.1754, -124.2891
  48.1833, -124.2973
  48.1881, -124.3058
  48.2009, -124.3203
  48.2027, -124.3259
  48.2009, -124.3334
  48.1932, -124.3545
  48.2009, -124.3620
  48.2136, -124.3557
  48.2264, -124.3649
  48.2352, -124.3831
  48.2391, -124.3879
  48.2427, -124.3831
  48.2518, -124.3657
  48.2646, -124.3553
  48.2721, -124.3545
  48.2646, -124.3525
  48.2575, -124.3259
  48.2646, -124.3189
  48.2773, -124.3152
  48.2901, -124.3229
  48.2927, -124.3259
  48.2901, -124.3356
  48.2782, -124.3545
  48.2849, -124.3831
  48.2773, -124.4090
  48.2748, -124.4117
  48.2646, -124.4178
  48.2518, -124.4308
  48.2391, -124.4314
  48.2264, -124.4142
  48.2253, -124.4117
  48.2136, -124.3976
  48.2009, -124.4018
  48.1881, -124.4032
  48.1754, -124.4018
  48.1647, -124.3831
  48.1626, -124.3803
  48.1499, -124.3633
  48.1450, -124.3545
  48.1371, -124.3389
  48.1244, -124.3375
  48.1116, -124.3502
  48.0995, -124.3545
  48.1116, -124.3585
  48.1231, -124.3831
  48.1244, -124.3869
  48.1371, -124.4079
  48.1398, -124.4117
  48.1499, -124.4223
  48.1626, -124.4173
  48.1754, -124.4231
  48.1842, -124.4404
  48.1810, -124.4690
  48.1853, -124.4976
  48.1754, -124.5018
  48.1626, -124.5103
  48.1528, -124.5262
  48.1499, -124.5365
  48.1431, -124.5548
  48.1430, -124.5834
  48.1499, -124.6016
  48.1536, -124.6120
  48.1499, -124.6175
  48.1371, -124.6248
  48.1244, -124.6274
  48.1116, -124.6258
  48.1052, -124.6120
  48.0989, -124.5991
  48.0936, -124.6120
  48.0989, -124.6261
  48.1051, -124.6406
  48.1116, -124.6487
  48.1244, -124.6565
  48.1371, -124.6633
  48.1461, -124.6692
  48.1499, -124.6722
  48.1524, -124.6692
  48.1626, -124.6553
  48.1754, -124.6468
  48.1881, -124.6564
  48.2009, -124.6478
  48.2136, -124.6490
  48.2264, -124.6587
  48.2340, -124.6692
  48.2300, -124.6978
  48.2264, -124.7010
  48.2136, -124.7049
  48.2009, -124.7036
  48.1881, -124.7143
  48.1754, -124.7192
  48.1709, -124.7264
  48.1626, -124.7331
  48.1499, -124.7341
End:

Color: 0 255 0
Line: 3, 0, "2026-09-29 14:20:00 UTC\nMonitor Boundary"
  48.3666, -124.7028
  48.3602, -124.6978
  48.3560, -124.6692
  48.3666, -124.6581
  48.3793, -124.6559
  48.3921, -124.6664
  48.3941, -124.6692
  48.3921, -124.6863
  48.3899, -124.6978
  48.3793, -124.7044
  48.3666, -124.7028
End:

Color: 0 255 0
Line: 3, 0, "2026-09-29 14:20:00 UTC\nMonitor Boundary"
  48.2518, -124.6787
  48.2447, -124.6692
  48.2518, -124.6565
  48.2646, -124.6468
  48.2773, -124.6471
  48.2901, -124.6597
  48.2945, -124.6692
  48.2901, -124.6798
  48.2773, -124.6932
  48.2646, -124.6909
  48.2518, -124.6787
End:

Color: 0 255 0
Line: 3, 0, "2026-09-29 14:20:00 UTC\nMonitor Boundary"
  48.0224, -124.6453
  48.0256, -124.6406
  48.0352, -124.6294
  48.0479, -124.6220
  48.0564, -124.6120
  48.0551, -124.5834
  48.0479, -124.5698
  48.0378, -124.5548
  48.0479, -124.5266
  48.0514, -124.5262
  48.0607, -124.5254
  48.0734, -124.5144
  48.0855, -124.4976
  48.0734, -124.4855
  48.0607, -124.4839
  48.0479, -124.4902
  48.0434, -124.4976
  48.0352, -124.5170
  48.0224, -124.5234
  48.0097, -124.5069
  48.0017, -124.5262
  47.9969, -124.5303
  47.9842, -124.5350
  47.9714, -124.5353
  47.9587, -124.5273
  47.9521, -124.5548
  47.9557, -124.5834
  47.9587, -124.5871
  47.9714, -124.5936
  47.9842, -124.5940
  47.9969, -124.5868
  48.0097, -124.6011
  48.0136, -124.6120
  48.0172, -124.6406
  48.0224, -124.6453
End:

Color: 0 255 0
Line: 3, 0, "2026-09-29 14:20:00 UTC\nMonitor Boundary"
  48.3156, -124.6511
  48.3059, -124.6406
  48.3156, -124.6220
  48.3283, -124.6175
  48.3411, -124.6329
  48.3442, -124.6406
  48.3411, -124.6455
  48.3283, -124.6544
  48.3156, -124.6511
End:

Color: 0 255 0
Line: 3, 0, "2026-09-29 14:20:00 UTC\nMonitor Boundary"
  48.2009, -124.5878
  48.1970, -124.5834
  48.1980, -124.5548
  48.2009, -124.5517
  48.2136, -124.5451
  48.2264, -124.5494
  48.2319, -124.5548
  48.2329, -124.5834
  48.2264, -124.5902
  48.2136, -124.5949
  48.2009, -124.5878
End:

Color: 0 255 0
Line: 3, 0, "2026-09-29 14:20:00 UTC\nMonitor Boundary"
  47.9077, -124.5581
  47.9078, -124.5548
  47.9172, -124.5262
  47.9204, -124.5225
  47.9332, -124.5151
  47.9459, -124.5149
  47.9552, -124.4976
  47.9459, -124.4690
  47.9459, -124.4690
  47.9356, -124.4404
  47.9459, -124.4261
  47.9562, -124.4117
  47.9587, -124.4048
  47.9714, -124.3874
  47.9783, -124.3831
  47.9714, -124.3760
  47.9635, -124.3545
  47.9587, -124.3397
  47.9472, -124.3545
  47.9459, -124.3631
  47.9449, -124.3831
  47.9332, -124.4001
  47.9204, -124.4026
  47.9077, -124.3966
  47.9047, -124.4117
  47.9077, -124.4207
  47.9144, -124.4404
  47.9077, -124.4540
  47.8949, -124.4631
  47.8870, -124.4690
  47.8899, -124.4976
  47.8933, -124.5262
  47.8949, -124.5294
  47.9076, -124.5548
  47.9077, -124.5581
End:

Color: 0 255 0
Line: 3, 0, "2026-09-29 14:20:00 UTC\nMonitor Boundary"
  48.0734, -124.5561
  48.0837, -124.5548
  48.0734, -124.5510
  48.0723, -124.5548
  48.0734, -124.5561
End:

Color: 0 255 0
Line: 3, 0, "2026-09-29 14:20:00 UTC\nMonitor Boundary"
  48.0989, -124.5665
  48.1061, -124.5548
  48.0989, -124.5451
  48.0867, -124.5548
  48.0989, -124.5665
End:

Color: 0 255 0
Line: 3, 0, "2026-09-29 14:20:00 UTC\nMonitor Boundary"
  48.1371, -124.5098
  48.1494, -124.4976
  48.1413, -124.4690
  48.1371, -124.4636
  48.1346, -124.4690
  48.1247, -124.4976
  48.1371, -124.5098
End:

Color: 0 255 0
Line: 3, 0, "2026-09-29 14:20:00 UTC\nMonitor Boundary"
  48.2009, -124.5045
  48.1898, -124.4976
  48.1944, -124.4690
  48.2009, -124.4640
  48.2136, -124.4666
  48.2163, -124.4690
  48.2200, -124.4976
  48.2136, -124.5033
  48.2009, -124.5045
End:

Color: 0 255 0
Line: 3, 0, "2026-09-29 14:20:00 UTC\nMonitor Boundary"
  47.9969, -124.4769
  48.0014, -124.4690
  47.9969, -124.4650
  47.9946, -124.4690
  47.9969, -124.4769
End:

Color: 0 255 0
Line: 3, 0, "2026-09-29 14:20:00 UTC\nMonitor Boundary"
  48.2901, -124.4743
  48.2815, -124.4690
  48.2823, -124.4404
  48.2901, -124.4315
  48.3028, -124.4364
  48.3078, -124.4404
  48.3086, -124.4690
  48.3028, -124.4731
  48.2901, -124.4743
End:

Color: 0 255 0
Line: 3, 0, "2026-09-29 14:20:00 UTC\nMonitor Boundary"
  48.0989, -124.4564
  48.1116, -124.4410
  48.1125, -124.4404
  48.1116, -124.4338
  48.0989, -124.4230
  48.0944, -124.4404
  48.0989, -124.4564
End:

Color: 0 255 0
Line: 3, 0, "2026-09-29 14:20:00 UTC\nMonitor Boundary"
  47.8057, -124.4129
  47.8062, -124.4117
  47.8088, -124.3831
  47.8057, -124.3805
  47.8009, -124.3831
  47.8046, -124.4117
  47.8057, -124.4129
End:

Color: 0 255 0
Line: 3, 0, "2026-09-29 14:20:00 UTC\nMonitor Boundary"
  48.0352, -124.4138
  48.0479, -124.4232
  48.0607, -124.4178
  48.0734, -124.4186
  48.0838, -124.4117
  48.0734, -124.3901
  48.0607, -124.4058
  48.0479, -124.4010
  48.0352, -124.3874
  48.0347, -124.4117
  48.0352, -124.4138
End:

Color: 0 255 0
Line: 3, 0, "2026-09-29 14:20:00 UTC\nMonitor Boundary"
  47.7420, -124.3892
  47.7547, -124.3879
  47.7569, -124.3831
  47.7550, -124.3545
  47.7547, -124.3395
  47.7420, -124.3456
  47.7355, -124.3545
  47.7409, -124.3831
  47.7420, -124.3892
End:

Color: 0 255 0
Line: 3, 0, "2026-09-29 14:20:00 UTC\nMonitor Boundary"
  47.8949, -124.3953
  47.9043, -124.3831
  47.8949, -124.3713
  47.8857, -124.3831
  47.8949, -124.3953
End:

Color: 0 255 0
Line: 3, 0, "2026-09-29 14:20:00 UTC\nMonitor Boundary"
  47.9969, -124.3978
  48.0047, -124.3831
  47.9969, -124.3781
  47.9908, -124.3831
  47.9969, -124.3978
End:

Color: 0 255 0
Line: 3, 0, "2026-09-29 14:20:00 UTC\nMonitor Boundary"
  48.0352, -124.3821
  48.0479, -124.3672
  48.0607, -124.3671
  48.0734, -124.3791
  48.0861, -124.3608
  48.0983, -124.3545
  48.0861, -124.3506
  48.0734, -124.3401
  48.0607, -124.3382
  48.0483, -124.3259
  48.0479, -124.3254
  48.0473, -124.3259
  48.0352, -124.3477
  48.0324, -124.3545
  48.0352, -124.3821
End:

Color: 0 255 0
Line: 3, 0, "2026-09-29 14:20:00 UTC\nMonitor Boundary"
  47.8822, -124.3529
  47.8887, -124.3259
  47.8867, -124.2973
  47.8822, -124.2754
  47.8720, -124.2973
  47.8704, -124.3259
  47.8822, -124.3529
End:

Color: 0 255 0
Line: 3, 0, "2026-09-29 14:20:00 UTC\nMonitor Boundary"
  47.3851, -124.3190
  47.3871, -124.2973
  47.3978, -124.2949
  47.4106, -124.2858
  47.4233, -124.2877
  47.4361, -124.2940
  47.4423, -124.2973
  47.4488, -124.3055
  47.4616, -124.3074
  47.4652, -124.2973
  47.4728, -124.2687
  47.4616, -124.2624
  47.4488, -124.2476
  47.4456, -124.2401
  47.4361, -124.2239
  47.4233, -124.2249
  47.4106, -124.2175
  47.3978, -124.2306
  47.3943, -124.2401
  47.3851, -124.2574
  47.3758, -124.2687
  47.3849, -124.2973
  47.3851, -124.3190
End:

Color: 0 255 0
Line: 3, 0, "2026-09-29 14:20:00 UTC\nMonitor Boundary"
  47.5253, -124.2997
  47.5381, -124.3144
  47.5471, -124.2973
  47.5508, -124.2889
  47.5554, -124.2687
  47.5508, -124.2612
  47.5381, -124.2623
  47.5346, -124.2687
  47.5253, -124.2960
  47.5243, -124.2973
  47.5253, -124.2997
End:

Color: 0 255 0
Line: 3, 0, "2026-09-29 14:20:00 UTC\nMonitor Boundary"
  47.5763, -124.2977
  47.5766, -124.2973
  47.5763, -124.2969
  47.5716, -124.2973
  47.5763, -124.2977
End:

Color: 0 255 0
Line: 3, 0, "2026-09-29 14:20:00 UTC\nMonitor Boundary"
  47.7547, -124.3240
  47.7675, -124.3080
  47.7769, -124.2973
  47.7675, -124.2846
  47.7547, -124.2821
  47.7502, -124.2973
  47.7547, -124.3240
End:

Color: 0 255 0
Line: 3, 0, "2026-09-29 14:20:00 UTC\nMonitor Boundary"
  48.2136, -124.3043
  48.2096, -124.2973
  48.2134, -124.2687
  48.2136, -124.2686
  48.2264, -124.2641
  48.2353, -124.2687
  48.2391, -124.2844
  48.2406, -124.2973
  48.2391, -124.2993
  48.2264, -124.3049
  48.2136, -124.3043
End:

Color: 0 255 0
Line: 3, 0, "2026-09-29 14:20:00 UTC\nMonitor Boundary"
  47.3469, -124.2744
  47.3524, -124.2687
  47.3469, -124.2620
  47.3446, -124.2687
  47.3469, -124.2744
End:

Color: 0 255 0
Line: 3, 0, "2026-09-29 14:20:00 UTC\nMonitor Boundary"
  47.6018, -124.2807
  47.6145, -124.2769
  47.6242, -124.2687
  47.6145, -124.2631
  47.6018, -124.2532
  47.5946, -124.2687
  47.6018, -124.2807
End:

Color: 0 255 0
Line: 3, 0, "2026-09-29 14:20:00 UTC\nMonitor Boundary"
  47.7802, -124.2753
  47.7930, -124.2783
  47.7961, -124.2687
  47.7930, -124.2493
  47.7802, -124.2676
  47.7793, -124.2687
  47.7802, -124.2753
End:

Color: 0 255 0
Line: 3, 0, "2026-09-29 14:20:00 UTC\nMonitor Boundary"
  47.9587, -124.2814
  47.9669, -124.2687
  47.9587, -124.2602
  47.9548, -124.2401
  47.9459, -124.2288
  47.9351, -124.2401
  47.9459, -124.2586
  47.9554, -124.2687
  47.9587, -124.2814
End:

Color: 0 255 0
Line: 3, 0, "2026-09-29 14:20:00 UTC\nMonitor Boundary"
  48.0607, -124.2734
  48.0734, -124.2926
  48.0861, -124.2856
  48.0912, -124.2687
  48.0861, -124.2635
  48.0734, -124.2512
  48.0607, -124.2634
  48.0591, -124.2687
  48.0607, -124.2734
End:

Color: 0 255 0
Line: 3, 0, "2026-09-29 14:20:00 UTC\nMonitor Boundary"
  47.6783, -124.2404
  47.6910, -124.2410
  47.6917, -124.2401
  47.6931, -124.2115
  47.6910, -124.2031
  47.6866, -124.2115
  47.6783, -124.2391
  47.6780, -124.2401
  47.6783, -124.2404
End:

Color: 0 255 0
Line: 3, 0, "2026-09-29 14:20:00 UTC\nMonitor Boundary"
  47.8695, -124.2438
  47.8779, -124.2401
  47.8822, -124.2370
  47.8853, -124.2115
  47.8885, -124.1829
  47.8822, -124.1799
  47.8695, -124.1624
  47.8567, -124.1616
  47.8549, -124.1829
  47.8567, -124.1892
  47.8695, -124.2109
  47.8704, -124.2115
  47.8695, -124.2183
  47.8683, -124.2401
  47.8695, -124.2438
End:

Color: 0 255 0
Line: 3, 0, "2026-09-29 14:20:00 UTC\nMonitor Boundary"
  48.0097, -124.2558
  48.0153, -124.2401
  48.0130, -124.2115
  48.0097, -124.1921
  48.0048, -124.2115
  48.0043, -124.2401
  48.0097, -124.2558
End:

Color: 0 255 0
Line: 3, 0, "2026-09-29 14:20:00 UTC\nMonitor Boundary"
  48.2518, -124.2532
  48.2457, -124.2401
  48.2518, -124.2323
  48.2646, -124.2250
  48.2773, -124.2315
  48.2843, -124.2401
  48.2773, -124.2544
  48.2646, -124.2631
  48.2518, -124.2532
End:

Color: 0 255 0
Line: 3, 0, "2026-09-29 14:20:00 UTC\nMonitor Boundary"
  47.3469, -124.2181
  47.3511, -124.2115
  47.3469, -124.1967
  47.3447, -124.2115
  47.3469, -124.2181
End:

Color: 0 255 0
Line: 3, 0, "2026-09-29 14:20:00 UTC\nMonitor Boundary"
  47.5508, -124.2132
  47.5635, -124.2147
  47.5637, -124.2115
  47.5635, -124.2112
  47.5508, -124.2002
  47.5494, -124.2115
  47.5508, -124.2132
End:

Color: 0 255 0
Line: 3, 0, "2026-09-29 14:20:00 UTC\nMonitor Boundary"
  47.0282, -124.1847
  47.0173, -124.1829
  47.0155, -124.1815
  47.0085, -124.1543
  47.0155, -124.1481
  47.0282, -124.1454
  47.0409, -124.1462
  47.0537, -124.1444
  47.0664, -124.1466
  47.0792, -124.1331
  47.0908, -124.1257
  47.0792, -124.1187
  47.0664, -124.1110
  47.0551, -124.0971
  47.0537, -124.0944
  47.0409, -124.0806
  47.0362, -124.0685
  47.0409, -124.0620
  47.0537, -124.0551
  47.0664, -124.0603
  47.0792, -124.0652
  47.0852, -124.0685
  47.0919, -124.0779
  47.0953, -124.0685
  47.1047, -124.0505
  47.1127, -124.0399
  47.1174, -124.0367
  47.1302, -124.0358
  47.1371, -124.0399
  47.1429, -124.0458
  47.1557, -124.0505
  47.1626, -124.0399
  47.1612, -124.0113
  47.1684, -124.0063
  47.1812, -124.0062
  47.1888, -124.0113
  47.1874, -124.0399
  47.1812, -124.0453
  47.1684, -124.0532
  47.1638, -124.0685
  47.1605, -124.0971
  47.1557, -124.1055
  47.1429, -124.1117
  47.1302, -124.1233
  47.1174, -124.1216
  47.1079, -124.1257
  47.1174, -124.1347
  47.1235, -124.1543
  47.1174, -124.1640
  47.1047, -124.1820
  47.1026, -124.1829
  47.0919, -124.1847
  47.0879, -124.1829
  47.0792, -124.1767
  47.0664, -124.1765
  47.0616, -124.1829
  47.0537, -124.1850
  47.0409, -124.1841
  47.0282, -124.1847
End:

Color: 0 255 0
Line: 3, 0, "2026-09-29 14:20:00 UTC\nMonitor Boundary"
  47.3214, -124.1893
  47.3341, -124.1854
  47.3383, -124.1829
  47.3341, -124.1806
  47.3214, -124.1770
  47.3124, -124.1829
  47.3214, -124.1893
End:

Color: 0 255 0
Line: 3, 0, "2026-09-29 14:20:00 UTC\nMonitor Boundary"
  47.3596, -124.1951
  47.3667, -124.1829
  47.3723, -124.1769
  47.3851, -124.1614
  47.3885, -124.1543
  47.3851, -124.1266
  47.3850, -124.1257
  47.3851, -124.1250
  47.3896, -124.0971
  47.3946, -124.0685
  47.3851, -124.0472
  47.3723, -124.0482
  47.3625, -124.0399
  47.3596, -124.0326
  47.3514, -124.0399
  47.3569, -124.0685
  47.3596, -124.0875
  47.3608, -124.0971
  47.3596, -124.0990
  47.3469, -124.1202
  47.3450, -124.1257
  47.3469, -124.1306
  47.3596, -124.1510
  47.3618, -124.1543
  47.3596, -124.1652
  47.3518, -124.1829
  47.3596, -124.1951
End:

Color: 0 255 0
Line: 3, 0, "2026-09-29 14:20:00 UTC\nMonitor Boundary"
  47.5253, -124.1846
  47.5297, -124.1829
  47.5253, -124.1662
  47.5249, -124.1829
  47.5253, -124.1846
End:

Color: 0 255 0
Line: 3, 0, "2026-09-29 14:20:00 UTC\nMonitor Boundary"
  48.0224, -124.1899
  48.0285, -124.1829
  48.0224, -124.1771
  48.0141, -124.1829
  48.0224, -124.1899
End:

Color: 0 255 0
Line: 3, 0, "2026-09-29 14:20:00 UTC\nMonitor Boundary"
  48.0479, -124.1907
  48.0514, -124.1829
  48.0479, -124.1764
  48.0415, -124.1829
  48.0479, -124.1907
End:

Color: 0 255 0
Line: 3, 0, "2026-09-29 14:20:00 UTC\nMonitor Boundary"
  47.5253, -124.1511
  47.5284, -124.1257
  47.5358, -124.0971
  47.5280, -124.0685
  47.5328, -124.0399
  47.5253, -124.0113
  47.5253, -124.0112
  47.5126, -124.0033
  47.4998, -123.9977
  47.4952, -124.0113
  47.4998, -124.0182
  47.5126, -124.0337
  47.5160, -124.0399
  47.5238, -124.0685
  47.5204, -124.0971
  47.5224, -124.1257
  47.5253, -124.1511
End:

Color: 0 255 0
Line: 3, 0, "2026-09-29 14:20:00 UTC\nMonitor Boundary"
  47.6783, -124.1529
  47.6675, -124.1257
  47.6783, -124.1141
  47.6910, -124.1068
  47.7038, -124.1100
  47.7150, -124.1257
  47.7038, -124.1526
  47.6910, -124.1539
  47.6783, -124.1529
End:

Color: 0 255 0
Line: 3, 0, "2026-09-29 14:20:00 UTC\nMonitor Boundary"
  47.9459, -124.1274
  47.9450, -124.1257
  47.9459, -124.1239
  47.9587, -124.1082
  47.9714, -124.1015
  47.9783, -124.0971
  47.9842, -124.0942
  47.9916, -124.0971
  47.9969, -124.1050
  48.0016, -124.1257
  47.9969, -124.1402
  47.9842, -124.1523
  47.9714, -124.1469
  47.9587, -124.1422
  47.9459, -124.1274
End:

Color: 0 255 0
Line: 3, 0, "2026-09-29 14:20:00 UTC\nMonitor Boundary"
  46.8115, -124.1062
  46.8051, -124.0971
  46.8115, -124.0734
  46.8150, -124.0685
  46.8243, -124.0650
  46.8357, -124.0685
  46.8370, -124.0698
  46.8497, -124.0821
  46.8625, -124.0960
  46.8633, -124.0971
  46.8625, -124.1000
  46.8497, -124.1227
  46.8370, -124.1200
  46.8243, -124.1159
  46.8115, -124.1062
End:

Color: 0 255 0
Line: 3, 0, "2026-09-29 14:20:00 UTC\nMonitor Boundary"
  47.3086, -124.1026
  47.3214, -124.1053
  47.3295, -124.0971
  47.3214, -124.0822
  47.3086, -124.0932
  47.3059, -124.0971
  47.3086, -124.1026
End:

Color: 0 255 0
Line: 3, 0, "2026-09-29 14:20:00 UTC\nMonitor Boundary"
  48.0861, -124.0886
  48.0762, -124.0685
  48.0861, -124.0487
  48.0926, -124.0399
  48.0912, -124.0113
  48.0989, -124.0061
  48.1116, -124.0063
  48.1188, -124.0113
  48.1174, -124.0399
  48.1190, -124.0685
  48.1116, -124.0797
  48.0989, -124.0924
  48.0861, -124.0886
End:

Color: 0 255 0
Line: 3, 0, "2026-09-29 14:20:00 UTC\nMonitor Boundary"
  47.9077, -124.0428
  47.9056, -124.0399
  47.9077, -124.0348
  47.9204, -124.0148
  47.9248, -124.0113
  47.9204, -123.9923
  47.9194, -123.9827
  47.9204, -123.9773
  47.9310, -123.9541
  47.9204, -123.9368
  47.9176, -123.9255
  47.9204, -123.9223
  47.9332, -123.9151
  47.9459, -123.9192
  47.9523, -123.9255
  47.9587, -123.9377
  47.9714, -123.9457
  47.9814, -123.9541
  47.9842, -123.9602
  47.9969, -123.9778
  48.0004, -123.9827
  47.9969, -124.0096
  47.9963, -124.0113
  47.9842, -124.0184
  47.9746, -124.0113
  47.9714, -123.9993
  47.9587, -123.9862
  47.9465, -124.0113
  47.9459, -124.0171
  47.9443, -124.0399
  47.9332, -124.0519
  47.9204, -124.0539
  47.9077, -124.0428
End:

Color: 0 255 0
Line: 3, 0, "2026-09-29 14:20:00 UTC\nMonitor Boundary"
  47.9969, -124.0431
  47.9957, -124.0399
  47.9969, -124.0151
  48.0097, -124.0236
  48.0224, -124.0172
  48.0254, -124.0113
  48.0352, -123.9996
  48.0479, -123.9955
  48.0607, -124.0056
  48.0646, -124.0113
  48.0607, -124.0197
  48.0479, -124.0328
  48.0352, -124.0377
  48.0343, -124.0399
  48.0224, -124.0600
  48.0097, -124.0615
  47.9969, -124.0431
End:

Color: 0 255 0
Line: 3, 0, "2026-09-29 14:20:00 UTC\nMonitor Boundary"
  46.9900, -124.0162
  46.9861, -124.0113
  46.9900, -124.0013
  47.0027, -123.9871
  47.0155, -123.9934
  47.0282, -123.9895
  47.0409, -123.9888
  47.0537, -124.0104
  47.0540, -124.0113
  47.0537, -124.0118
  47.0409, -124.0234
  47.0282, -124.0230
  47.0155, -124.0205
  47.0027, -124.0247
  46.9900, -124.0162
End:

Color: 0 255 0
Line: 3, 0, "2026-09-29 14:20:00 UTC\nMonitor Boundary"
  47.3469, -124.0322
  47.3512, -124.0113
  47.3497, -123.9827
  47.3469, -123.9755
  47.3423, -123.9827
  47.3446, -124.0113
  47.3469, -124.0322
End:

Color: 0 255 0
Line: 3, 0, "2026-09-29 14:20:00 UTC\nMonitor Boundary"
  47.4106, -124.0180
  47.4233, -124.0208
  47.4333, -124.0113
  47.4251, -123.9827
  47.4243, -123.9541
  47.4233, -123.9530
  47.4227, -123.9541
  47.4196, -123.9827
  47.4106, -123.9972
  47.4057, -124.0113
  47.4106, -124.0180
End:

Color: 0 255 0
Line: 3, 0, "2026-09-29 14:20:00 UTC\nMonitor Boundary"
  47.6655, -123.9988
  47.6551, -123.9827
  47.6655, -123.9605
  47.6783, -123.9560
  47.6872, -123.9541
  47.6783, -123.9366
  47.6775, -123.9255
  47.6783, -123.9245
  47.6910, -123.9142
  47.7038, -123.9049
  47.7069, -123.8969
  47.7165, -123.8859
  47.7292, -123.8854
  47.7420, -123.8953
  47.7432, -123.8969
  47.7420, -123.9011
  47.7292, -123.9233
  47.7165, -123.9195
  47.7135, -123.9255
  47.7038, -123.9506
  47.6953, -123.9541
  47.6949, -123.9827
  47.6910, -123.9902
  47.6783, -124.0030
  47.6655, -123.9988
End:

Color: 0 255 0
Line: 3, 0, "2026-09-29 14:20:00 UTC\nMonitor Boundary"
  46.7733, -123.9601
  46.7674, -123.9541
  46.7733, -123.9327
  46.7750, -123.9255
  46.7860, -123.9101
  46.7988, -123.9066
  46.8115, -123.9193
  46.8150, -123.9255
  46.8115, -123.9341
  46.8026, -123.9541
  46.7988, -123.9583
  46.7860, -123.9650
  46.7733, -123.9601
End:

Color: 0 255 0
Line: 3, 0, "2026-09-29 14:20:00 UTC\nMonitor Boundary"
  47.0155, -123.9739
  47.0050, -123.9541
  47.0027, -123.9495
  46.9900, -123.9429
  46.9772, -123.9293
  46.9718, -123.9255
  46.9645, -123.9166
  46.9570, -123.8969
  46.9517, -123.8832
  46.9463, -123.8683
  46.9517, -123.8619
  46.9645, -123.8550
  46.9772, -123.8609
  46.9837, -123.8683
  46.9900, -123.8872
  46.9932, -123.8969
  47.0027, -123.9089
  47.0150, -123.9255
  47.0155, -123.9267
  47.0282, -123.9360
  47.0409, -123.9475
  47.0450, -123.9541
  47.0409, -123.9703
  47.0282, -123.9779
  47.0155, -123.9739
End:

Color: 0 255 0
Line: 3, 0, "2026-09-29 14:20:00 UTC\nMonitor Boundary"
  47.5890, -123.9547
  47.5847, -123.9541
  47.5763, -123.9527
  47.5635, -123.9403
  47.5550, -123.9255
  47.5635, -123.9126
  47.5763, -123.9056
  47.5890, -123.9124
  47.6018, -123.9244
  47.6025, -123.9255
  47.6018, -123.9288
  47.5901, -123.9541
  47.5890, -123.9547
End:

Color: 0 255 0
Line: 3, 0, "2026-09-29 14:20:00 UTC\nMonitor Boundary"
  47.9459, -123.9643
  47.9486, -123.9541
  47.9459, -123.9465
  47.9370, -123.9541
  47.9459, -123.9643
End:

Color: 0 255 0
Line: 3, 0, "2026-09-29 14:20:00 UTC\nMonitor Boundary"
  48.0607, -123.9586
  48.0573, -123.9541
  48.0607, -123.9422
  48.0723, -123.9255
  48.0734, -123.9241
  48.0861, -123.8976
  48.0875, -123.8969
  48.0989, -123.8954
  48.1020, -123.8969
  48.1116, -123.9235
  48.1120, -123.9255
  48.1116, -123.9260
  48.0989, -123.9430
  48.0926, -123.9541
  48.0861, -123.9605
  48.0734, -123.9649
  48.0607, -123.9586
End:

Color: 0 255 0
Line: 3, 0, "2026-09-29 14:20:00 UTC\nMonitor Boundary"
  47.3596, -123.9492
  47.3650, -123.9255
  47.3658, -123.8969
  47.3723, -123.8845
  47.3841, -123.8683
  47.3723, -123.8578
  47.3596, -123.8597
  47.3537, -123.8683
  47.3549, -123.8969
  47.3528, -123.9255
  47.3596, -123.9492
End:

Color: 0 255 0
Line: 3, 0, "2026-09-29 14:20:00 UTC\nMonitor Boundary"
  47.4361, -123.9299
  47.4488, -123.9393
  47.4576, -123.9255
  47.4488, -123.9021
  47.4361, -123.9221
  47.4350, -123.9255
  47.4361, -123.9299
End:

Color: 0 255 0
Line: 3, 0, "2026-09-29 14:20:00 UTC\nMonitor Boundary"
  47.7038, -123.8494
  47.6956, -123.8397
  47.7038, -123.8240
  47.7165, -123.8170
  47.7292, -123.8206
  47.7344, -123.8397
  47.7292, -123.8464
  47.7165, -123.8549
  47.7038, -123.8494
End:

Color: 0 255 0
Line: 3, 0, "2026-09-29 14:20:00 UTC\nMonitor Boundary"
  48.0734, -123.8449
  48.0618, -123.8397
  48.0607, -123.8111
  48.0734, -123.8014
  48.0852, -123.7825
  48.0861, -123.7670
  48.0928, -123.7538
  48.0861, -123.7508
  48.0779, -123.7252
  48.0861, -123.7178
  48.0989, -123.7156
  48.1116, -123.7243
  48.1124, -123.7252
  48.1116, -123.7287
  48.1005, -123.7538
  48.1116, -123.7620
  48.1244, -123.7816
  48.1248, -123.7825
  48.1244, -123.7834
  48.1116, -123.8011
  48.0989, -123.8015
  48.0892, -123.8111
  48.0882, -123.8397
  48.0861, -123.8414
  48.0734, -123.8449
End:

Color: 0 255 0
Line: 3, 0, "2026-09-29 14:20:00 UTC\nMonitor Boundary"
  46.7860, -123.8288
  46.7754, -123.8111
  46.7860, -123.7989
  46.7988, -123.7958
  46.8115, -123.8066
  46.8146, -123.8111
  46.8115, -123.8179
  46.7988, -123.8324
  46.7860, -123.8288
End:

Color: 0 255 0
Line: 3, 0, "2026-09-29 14:20:00 UTC\nMonitor Boundary"
  47.3596, -123.8185
  47.3723, -123.8199
  47.3851, -123.8189
  47.3940, -123.8111
  47.3851, -123.7988
  47.3723, -123.8026
  47.3596, -123.8043
  47.3544, -123.8111
  47.3596, -123.8185
End:

Color: 0 255 0
Line: 3, 0, "2026-09-29 14:20:00 UTC\nMonitor Boundary"
  47.7420, -123.8205
  47.7344, -123.8111
  47.7295, -123.7825
  47.7420, -123.7753
  47.7547, -123.7780
  47.7601, -123.7825
  47.7565, -123.8111
  47.7547, -123.8127
  47.7420, -123.8205
End:

Color: 0 255 0
Line: 3, 0, "2026-09-29 14:20:00 UTC\nMonitor Boundary"
  47.1174, -123.7883
  47.1199, -123.7825
  47.1174, -123.7792
  47.1139, -123.7825
  47.1174, -123.7883
End:

Color: 0 255 0
Line: 3, 0, "2026-09-29 14:20:00 UTC\nMonitor Boundary"
  47.2704, -123.7987
  47.2789, -123.7825
  47.2831, -123.7737
  47.2959, -123.7562
  47.3027, -123.7538
  47.2959, -123.7516
  47.2831, -123.7466
  47.2712, -123.7538
  47.2704, -123.7558
  47.2648, -123.7825
  47.2704, -123.7987
End:

Color: 0 255 0
Line: 3, 0, "2026-09-29 14:20:00 UTC\nMonitor Boundary"
  47.1557, -123.7647
  47.1684, -123.7729
  47.1812, -123.7641
  47.1847, -123.7538
  47.1812, -123.7388
  47.1684, -123.7309
  47.1557, -123.7389
  47.1450, -123.7538
  47.1557, -123.7647
End:

Color: 0 255 0
Line: 3, 0, "2026-09-29 14:20:00 UTC\nMonitor Boundary"
  47.2449, -123.7556
  47.2576, -123.7548
  47.2624, -123.7538
  47.2576, -123.7530
  47.2478, -123.7252
  47.2449, -123.7220
  47.2321, -123.7212
  47.2276, -123.7252
  47.2321, -123.7350
  47.2412, -123.7538
  47.2449, -123.7556
End:

Color: 0 255 0
Line: 3, 0, "2026-09-29 14:20:00 UTC\nMonitor Boundary"
  47.9969, -123.7549
  47.9921, -123.7538
  47.9842, -123.7469
  47.9778, -123.7252
  47.9842, -123.7191
  47.9969, -123.7151
  48.0097, -123.7223
  48.0123, -123.7252
  48.0097, -123.7361
  47.9996, -123.7538
  47.9969, -123.7549
End:

Color: 0 255 0
Line: 3, 0, "2026-09-29 14:20:00 UTC\nMonitor Boundary"
  47.0282, -123.7256
  47.0278, -123.7252
  47.0282, -123.7235
  47.0384, -123.6966
  47.0409, -123.6954
  47.0511, -123.6966
  47.0537, -123.6979
  47.0618, -123.7252
  47.0537, -123.7366
  47.0409, -123.7344
  47.0282, -123.7256
End:

Color: 0 255 0
Line: 3, 0, "2026-09-29 14:20:00 UTC\nMonitor Boundary"
  47.1174, -123.7261
  47.1302, -123.7260
  47.1313, -123.7252
  47.1302, -123.7214
  47.1174, -123.7243
  47.1166, -123.7252
  47.1174, -123.7261
End:

Color: 0 255 0
Line: 3, 0, "2026-09-29 14:20:00 UTC\nMonitor Boundary"
  47.3341, -123.7338
  47.3461, -123.7252
  47.3469, -123.7226
  47.3491, -123.6966
  47.3505, -123.6680
  47.3536, -123.6394
  47.3469, -123.6254
  47.3341, -123.6127
  47.3214, -123.6309
  47.3090, -123.6394
  47.3214, -123.6569
  47.3248, -123.6680
  47.3214, -123.6740
  47.3086, -123.6890
  47.2959, -123.6947
  47.2949, -123.6966
  47.2959, -123.6989
  47.3086, -123.7039
  47.3214, -123.7189
  47.3288, -123.7252
  47.3341, -123.7338
End:

Color: 0 255 0
Line: 3, 0, "2026-09-29 14:20:00 UTC\nMonitor Boundary"
  47.3596, -123.7318
  47.3722, -123.7252
  47.3596, -123.7141
  47.3473, -123.7252
  47.3596, -123.7318
End:

Color: 0 255 0
Line: 3, 0, "2026-09-29 14:20:00 UTC\nMonitor Boundary"
  47.5763, -123.7324
  47.5665, -123.7252
  47.5635, -123.7196
  47.5508, -123.7235
  47.5381, -123.7032
  47.5369, -123.6966
  47.5381, -123.6931
  47.5464, -123.6680
  47.5508, -123.6627
  47.5635, -123.6551
  47.5763, -123.6600
  47.5836, -123.6680
  47.5890, -123.6911
  47.5916, -123.6966
  47.6018, -123.7234
  47.6023, -123.7252
  47.6018, -123.7257
  47.5890, -123.7344
  47.5763, -123.7324
End:

Color: 0 255 0
Line: 3, 0, "2026-09-29 14:20:00 UTC\nMonitor Boundary"
  47.5763, -123.6980
  47.5790, -123.6966
  47.5763, -123.6953
  47.5758, -123.6966
  47.5763, -123.6980
End:

Color: 0 255 0
Line: 3, 0, "2026-09-29 14:20:00 UTC\nMonitor Boundary"
  47.6273, -123.7206
  47.6170, -123.6966
  47.6273, -123.6873
  47.6400, -123.6860
  47.6528, -123.6962
  47.6532, -123.6966
  47.6528, -123.6981
  47.6400, -123.7230
  47.6273, -123.7206
End:

Color: 0 255 0
Line: 3, 0, "2026-09-29 14:20:00 UTC\nMonitor Boundary"
  47.2321, -123.6452
  47.2394, -123.6394
  47.2321, -123.6216
  47.2264, -123.6394
  47.2321, -123.6452
End:

Color: 0 255 0
Line: 3, 0, "2026-09-29 14:20:00 UTC\nMonitor Boundary"
  47.2704, -123.6407
  47.2715, -123.6394
  47.2704, -123.6356
  47.2692, -123.6394
  47.2704, -123.6407
End:

Color: 0 255 0
Line: 3, 0, "2026-09-29 14:20:00 UTC\nMonitor Boundary"
  47.6783, -123.6433
  47.6755, -123.6394
  47.6783, -123.6331
  47.6910, -123.6178
  47.7038, -123.6211
  47.7145, -123.6108
  47.7165, -123.6092
  47.7292, -123.5967
  47.7420, -123.5975
  47.7546, -123.6108
  47.7420, -123.6305
  47.7292, -123.6313
  47.7165, -123.6207
  47.7145, -123.6394
  47.7038, -123.6514
  47.6910, -123.6541
  47.6783, -123.6433
End:

Color: 0 255 0
Line: 3, 0, "2026-09-29 14:20:00 UTC\nMonitor Boundary"
  47.1174, -123.6300
  47.1055, -123.6108
  47.1174, -123.5978
  47.1302, -123.5963
  47.1429, -123.5981
  47.1545, -123.6108
  47.1429, -123.6297
  47.1302, -123.6319
  47.1174, -123.6300
End:

Color: 0 255 0
Line: 3, 0, "2026-09-29 14:20:00 UTC\nMonitor Boundary"
  47.4871, -123.6230
  47.4759, -123.6108
  47.4871, -123.5905
  47.4998, -123.5882
  47.5126, -123.6066
  47.5141, -123.6108
  47.5126, -123.6130
  47.4998, -123.6239
  47.4871, -123.6230
End:

Color: 0 255 0
Line: 3, 0, "2026-09-29 14:20:00 UTC\nMonitor Boundary"
  47.8822, -123.6241
  47.8755, -123.6108
  47.8822, -123.6022
  47.8949, -123.5950
  47.9077, -123.6021
  47.9145, -123.6108
  47.9077, -123.6242
  47.8949, -123.6332
  47.8822, -123.6241
End:

Color: 0 255 0
Line: 3, 0, "2026-09-29 14:20:00 UTC\nMonitor Boundary"
  46.9900, -123.5274
  46.9878, -123.5250
  46.9900, -123.5156
  46.9996, -123.4964
  47.0027, -123.4951
  47.0089, -123.4964
  47.0155, -123.5019
  47.0220, -123.5250
  47.0155, -123.5312
  47.0027, -123.5348
  46.9900, -123.5274
End:

Color: 0 255 0
Line: 3, 0, "2026-09-29 14:20:00 UTC\nMonitor Boundary"
  47.2704, -123.5303
  47.2831, -123.5316
  47.2959, -123.5250
  47.3086, -123.5258
  47.3092, -123.5250
  47.3086, -123.5229
  47.2959, -123.5250
  47.2831, -123.5203
  47.2704, -123.5236
  47.2688, -123.5250
  47.2704, -123.5303
End:

Color: 0 255 0
Line: 3, 0, "2026-09-29 14:20:00 UTC\nMonitor Boundary"
  47.3978, -123.5300
  47.3950, -123.5250
  47.3891, -123.4964
  47.3851, -123.4885
  47.3765, -123.4678
  47.3851, -123.4563
  47.3978, -123.4554
  47.4106, -123.4641
  47.4151, -123.4678
  47.4210, -123.4964
  47.4233, -123.4999
  47.4350, -123.5250
  47.4233, -123.5406
  47.4106, -123.5432
  47.3978, -123.5300
End:

Color: 0 255 0
Line: 3, 0, "2026-09-29 14:20:00 UTC\nMonitor Boundary"
  47.5381, -123.5333
  47.5280, -123.5250
  47.5378, -123.4964
  47.5381, -123.4962
  47.5508, -123.4945
  47.5518, -123.4964
  47.5621, -123.5250
  47.5508, -123.5338
  47.5381, -123.5333
End:

Color: 0 255 0
Line: 3, 0, "2026-09-29 14:20:00 UTC\nMonitor Boundary"
  47.2449, -123.5009
  47.2471, -123.4964
  47.2449, -123.4936
  47.2420, -123.4964
  47.2449, -123.5009
End:

Color: 0 255 0
Line: 3, 0, "2026-09-29 14:20:00 UTC\nMonitor Boundary"
  47.4616, -123.4992
  47.4588, -123.4964
  47.4616, -123.4802
  47.4666, -123.4678
  47.4743, -123.4630
  47.4837, -123.4678
  47.4871, -123.4743
  47.4911, -123.4964
  47.4871, -123.5003
  47.4743, -123.5050
  47.4616, -123.4992
End:

Color: 0 255 0
Line: 3, 0, "2026-09-29 14:20:00 UTC\nMonitor Boundary"
  47.5635, -123.4767
  47.5600, -123.4678
  47.5629, -123.4392
  47.5635, -123.4387
  47.5763, -123.4350
  47.5863, -123.4392
  47.5890, -123.4544
  47.5902, -123.4678
  47.5890, -123.4690
  47.5763, -123.4765
  47.5635, -123.4767
End:

Color: 0 255 0
Line: 3, 0, "2026-09-29 14:20:00 UTC\nMonitor Boundary"
  47.4998, -123.4485
  47.4918, -123.4392
  47.4920, -123.4106
  47.4871, -123.4047
  47.4749, -123.3820
  47.4871, -123.3680
  47.4998, -123.3664
  47.5126, -123.3786
  47.5148, -123.3820
  47.5181, -123.4106
  47.5183, -123.4392
  47.5126, -123.4436
  47.4998, -123.4485
End:

Color: 0 255 0
Line: 3, 0, "2026-09-29 14:20:00 UTC\nMonitor Boundary"
  47.0155, -123.4281
  47.0055, -123.4106
  47.0155, -123.3992
  47.0282, -123.3956
  47.0409, -123.4057
  47.0445, -123.4106
  47.0409, -123.4186
  47.0282, -123.4325
  47.0155, -123.4281
End:

Color: 0 255 0
Line: 3, 0, "2026-09-29 14:20:00 UTC\nMonitor Boundary"
  47.2066, -123.3831
  47.2095, -123.3820
  47.2066, -123.3811
  47.2045, -123.3820
  47.2066, -123.3831
End:

Color: 0 255 0
Line: 3, 0, "2026-09-29 14:20:00 UTC\nMonitor Boundary"
  47.4488, -123.3934
  47.4363, -123.3820
  47.4361, -123.3779
  47.4347, -123.3534
  47.4361, -123.3517
  47.4488, -123.3375
  47.4616, -123.3377
  47.4743, -123.3523
  47.4749, -123.3534
  47.4743, -123.3685
  47.4737, -123.3820
  47.4616, -123.3932
  47.4488, -123.3934
End:

Color: 0 255 0
Line: 3, 0, "2026-09-29 14:20:00 UTC\nMonitor Boundary"
  46.8880, -123.3547
  46.8869, -123.3534
  46.8880, -123.3494
  46.9007, -123.3265
  46.9135, -123.3303
  46.9229, -123.3534
  46.9135, -123.3623
  46.9007, -123.3643
  46.8880, -123.3547
End:

Color: 0 255 0
Line: 3, 0, "2026-09-29 14:20:00 UTC\nMonitor Boundary"
  47.0282, -123.3558
  47.0269, -123.3534
  47.0282, -123.3487
  47.0347, -123.3248
  47.0282, -123.3112
  47.0189, -123.2962
  47.0260, -123.2676
  47.0282, -123.2662
  47.0409, -123.2660
  47.0438, -123.2676
  47.0512, -123.2962
  47.0537, -123.2987
  47.0664, -123.3123
  47.0750, -123.3248
  47.0792, -123.3309
  47.0919, -123.3485
  47.0949, -123.3534
  47.0919, -123.3592
  47.0792, -123.3728
  47.0664, -123.3699
  47.0537, -123.3635
  47.0409, -123.3646
  47.0282, -123.3558
End:

Color: 0 255 0
Line: 3, 0, "2026-09-29 14:20:00 UTC\nMonitor Boundary"
  47.6273, -123.3577
  47.6251, -123.3534
  47.6273, -123.3497
  47.6400, -123.3368
  47.6528, -123.3386
  47.6649, -123.3534
  47.6528, -123.3705
  47.6400, -123.3724
  47.6273, -123.3577
End:

Color: 0 255 0
Line: 3, 0, "2026-09-29 14:20:00 UTC\nMonitor Boundary"
  47.5381, -123.2999
  47.5371, -123.2962
  47.5381, -123.2950
  47.5508, -123.2857
  47.5635, -123.2877
  47.5727, -123.2962
  47.5635, -123.3200
  47.5508, -123.3242
  47.5381, -123.2999
End:

Color: 0 255 0
Line: 3, 0, "2026-09-29 14:20:00 UTC\nMonitor Boundary"
  46.8880, -123.2161
  46.8856, -123.2104
  46.8880, -123.2069
  46.9007, -123.1960
  46.9135, -123.1984
  46.9244, -123.2104
  46.9135, -123.2291
  46.9007, -123.2321
  46.8880, -123.2161
End:

Color: 0 255 0
Line: 3, 0, "2026-09-29 14:20:00 UTC\nMonitor Boundary"
  46.8880, -123.1540
  46.8871, -123.1532
  46.8777, -123.1246
  46.8880, -123.0970
  46.8974, -123.0960
  46.9007, -123.0958
  46.9009, -123.0960
  46.9124, -123.1246
  46.9025, -123.1532
  46.9007, -123.1551
  46.8880, -123.1540
End:

Color: 0 255 0
Line: 3, 0, "2026-09-29 14:20:00 UTC\nMonitor Boundary"
  46.9390, -123.1337
  46.9276, -123.1246
  46.9389, -123.0960
  46.9390, -123.0959
  46.9401, -123.0960
  46.9517, -123.0966
  46.9645, -123.1027
  46.9732, -123.0960
  46.9772, -123.0935
  46.9793, -123.0960
  46.9900, -123.1146
  46.9924, -123.1246
  46.9900, -123.1273
  46.9772, -123.1348
  46.9645, -123.1311
  46.9517, -123.1333
  46.9390, -123.1337
End:

Color: 0 255 0
Line: 3, 0, "2026-09-29 14:20:00 UTC\nMonitor Boundary"
  46.9900, -123.0795
  46.9866, -123.0673
  46.9900, -123.0634
  47.0027, -123.0552
  47.0155, -123.0592
  47.0233, -123.0673
  47.0155, -123.0866
  47.0027, -123.0936
  46.9900, -123.0795
End:

Color: 0 255 0
Line: 3, 0, "2026-09-29 14:20:00 UTC\nMonitor Boundary"
  48.8892, -122.8140
  48.8827, -122.8099
  48.8812, -122.7813
  48.8764, -122.7648
  48.8676, -122.7527
  48.8637, -122.7472
  48.8509, -122.7378
  48.8382, -122.7333
  48.8274, -122.7241
  48.8382, -122.6975
  48.8509, -122.6967
  48.8637, -122.7133
  48.8764, -122.7142
  48.8892, -122.7216
  48.8916, -122.7241
  48.8892, -122.7368
  48.8822, -122.7527
  48.8892, -122.7625
  48.9019, -122.7734
  48.9088, -122.7813
  48.9074, -122.8099
  48.9019, -122.8136
  48.8892, -122.8140
End:

Color: 0 255 0
Line: 3, 0, "2026-09-29 14:20:00 UTC\nMonitor Boundary"
  48.5450, -122.7978
  48.5354, -122.7813
  48.5450, -122.7698
  48.5578, -122.7655
  48.5705, -122.7755
  48.5746, -122.7813
  48.5705, -122.7900
  48.5578, -122.8028
  48.5450, -122.7978
End:

Color: 0 255 0
Line: 3, 0, "2026-09-29 14:20:00 UTC\nMonitor Boundary"
  49.0166, -122.5622
  49.0066, -122.5525
  49.0166, -122.5258
  49.0183, -122.5239
  49.0166, -122.5215
  49.0077, -122.4953
  49.0039, -122.4878
  48.9951, -122.4667
  49.0039, -122.4439
  49.0064, -122.4381
  49.0155, -122.4094
  49.0055, -122.3808
  49.0166, -122.3656
  49.0264, -122.3522
  49.0251, -122.3236
  49.0166, -122.2997
  49.0150, -122.2950
  49.0166, -122.2904
  49.0251, -122.2664
  49.0294, -122.2585
  49.0421, -122.2465
  49.0549, -122.2513
  49.0649, -122.2664
  49.0676, -122.2702
  49.0804, -122.2873
  49.0850, -122.2950
  49.0814, -122.3236
  49.0804, -122.3300
  49.0734, -122.3522
  49.0804, -122.3581
  49.0931, -122.3628
  49.1059, -122.3650
  49.1186, -122.3731
  49.1245, -122.3808
  49.1313, -122.3904
  49.1441, -122.3986
  49.1541, -122.4094
  49.1441, -122.4284
  49.1313, -122.4323
  49.1186, -122.4275
  49.1059, -122.4211
  49.0931, -122.4121
  49.0804, -122.4270
  49.0740, -122.4381
  49.0804, -122.4491
  49.0849, -122.4667
  49.0804, -122.4797
  49.0676, -122.4946
  49.0549, -122.4946
  49.0489, -122.4953
  49.0549, -122.4956
  49.0676, -122.4966
  49.0804, -122.5193
  49.0815, -122.5239
  49.0931, -122.5484
  49.0948, -122.5525
  49.0931, -122.5561
  49.0804, -122.5719
  49.0676, -122.5732
  49.0549, -122.5681
  49.0421, -122.5653
  49.0294, -122.5642
  49.0166, -122.5622
End:

Color: 0 255 0
Line: 3, 0, "2026-09-29 14:20:00 UTC\nMonitor Boundary"
  48.5705, -122.5245
  48.5693, -122.5239
  48.5578, -122.5169
  48.5450, -122.5092
  48.5340, -122.4953
  48.5323, -122.4911
  48.5195, -122.4927
  48.5068, -122.4667
  48.5195, -122.4562
  48.5323, -122.4570
  48.5430, -122.4667
  48.5450, -122.4708
  48.5578, -122.4761
  48.5705, -122.4830
  48.5833, -122.4874
  48.5921, -122.4953
  48.5833, -122.5217
  48.5770, -122.5239
  48.5705, -122.5245
End:

Color: 0 255 0
Line: 3, 0, "2026-09-29 14:20:00 UTC\nMonitor Boundary"
  48.6215, -122.4697
  48.6190, -122.4667
  48.6215, -122.4505
  48.6260, -122.4381
  48.6342, -122.4331
  48.6470, -122.4360
  48.6597, -122.4353
  48.6643, -122.4381
  48.6725, -122.4514
  48.6852, -122.4540
  48.6980, -122.4611
  48.7030, -122.4667
  48.6980, -122.4818
  48.6852, -122.4946
  48.6725, -122.4828
  48.6597, -122.4938
  48.6470, -122.4926
  48.6342, -122.4810
  48.6215, -122.4697
End:

Color: 0 255 0
Line: 3, 0, "2026-09-29 14:20:00 UTC\nMonitor Boundary"
  49.0549, -122.4233
  49.0560, -122.4094
  49.0559, -122.3808
  49.0549, -122.3777
  49.0525, -122.3808
  49.0545, -122.4094
  49.0549, -122.4233
End:

Color: 0 255 0
Line: 3, 0, "2026-09-29 14:20:00 UTC\nMonitor Boundary"
  48.6215, -122.3876
  48.6160, -122.3808
  48.6215, -122.3680
  48.6342, -122.3569
  48.6470, -122.3655
  48.6540, -122.3808
  48.6470, -122.3891
  48.6342, -122.3950
  48.6215, -122.3876
End:

Color: 0 255 0
Line: 3, 0, "2026-09-29 14:20:00 UTC\nMonitor Boundary"
  49.1823, -122.3650
  49.1752, -122.3522
  49.1823, -122.3353
  49.1951, -122.3257
  49.2078, -122.3356
  49.2148, -122.3522
  49.2078, -122.3647
  49.1951, -122.3736
  49.1823, -122.3650
End:

Color: 0 255 0
Line: 3, 0, "2026-09-29 14:20:00 UTC\nMonitor Boundary"
  48.5960, -122.3251
  48.5909, -122.3236
  48.5833, -122.3149
  48.5779, -122.2950
  48.5833, -122.2848
  48.5960, -122.2850
  48.6087, -122.2914
  48.6121, -122.2950
  48.6087, -122.3090
  48.5998, -122.3236
  48.5960, -122.3251
End:

Color: 0 255 0
Line: 3, 0, "2026-09-29 14:20:00 UTC\nMonitor Boundary"
  48.5450, -122.2796
  48.5351, -122.2664
  48.5448, -122.2378
  48.5450, -122.2377
  48.5578, -122.2352
  48.5635, -122.2378
  48.5705, -122.2497
  48.5749, -122.2664
  48.5705, -122.2781
  48.5578, -122.2843
  48.5450, -122.2796
End:

Color: 0 255 0
Line: 3, 0, "2026-09-29 14:20:00 UTC\nMonitor Boundary"
  48.7490, -122.2734
  48.7470, -122.2664
  48.7490, -122.2641
  48.7617, -122.2554
  48.7744, -122.2583
  48.7828, -122.2664
  48.7744, -122.2885
  48.7617, -122.2943
  48.7490, -122.2734
End:

Color: 0 255 0
Line: 3, 0, "2026-09-29 14:20:00 UTC\nMonitor Boundary"
  48.6597, -122.2441
  48.6502, -122.2378
  48.6539, -122.2092
  48.6555, -122.1806
  48.6597, -122.1749
  48.6725, -122.1654
  48.6852, -122.1650
  48.6980, -122.1723
  48.7107, -122.1737
  48.7235, -122.1651
  48.7362, -122.1651
  48.7490, -122.1734
  48.7545, -122.1806
  48.7490, -122.1921
  48.7362, -122.2030
  48.7235, -122.2030
  48.7107, -122.1916
  48.6980, -122.1937
  48.6852, -122.2031
  48.6773, -122.2092
  48.6797, -122.2378
  48.6725, -122.2432
  48.6597, -122.2441
End:

Color: 0 255 0
Line: 3, 0, "2026-09-29 14:20:00 UTC\nMonitor Boundary"
  48.3538, -122.2194
  48.3455, -122.2092
  48.3538, -122.1937
  48.3666, -122.1870
  48.3793, -122.1983
  48.3845, -122.2092
  48.3793, -122.2162
  48.3666, -122.2249
  48.3538, -122.2194
End:

Color: 0 255 0
Line: 3, 0, "2026-09-29 14:20:00 UTC\nMonitor Boundary"
  48.5960, -122.1550
  48.5856, -122.1520
  48.5833, -122.1474
  48.5790, -122.1234
  48.5829, -122.0948
  48.5705, -122.0818
  48.5650, -122.0662
  48.5705, -122.0567
  48.5833, -122.0460
  48.5960, -122.0524
  48.6050, -122.0662
  48.5960, -122.0883
  48.5838, -122.0948
  48.5960, -122.1017
  48.6087, -122.1189
  48.6111, -122.1234
  48.6087, -122.1382
  48.6038, -122.1520
  48.5960, -122.1550
End:

Color: 0 255 0
Line: 3, 0, "2026-09-29 14:20:00 UTC\nMonitor Boundary"
  48.9147, -122.1521
  48.9145, -122.1520
  48.9091, -122.1234
  48.9147, -122.1185
  48.9274, -122.1152
  48.9402, -122.1223
  48.9412, -122.1234
  48.9402, -122.1305
  48.9338, -122.1520
  48.9274, -122.1548
  48.9147, -122.1521
End:

Color: 0 255 0
Line: 3, 0, "2026-09-29 14:20:00 UTC\nMonitor Boundary"
  48.7617, -122.1347
  48.7551, -122.1234
  48.7617, -122.1138
  48.7744, -122.1050
  48.7872, -122.1125
  48.7949, -122.1234
  48.7872, -122.1361
  48.7744, -122.1441
  48.7617, -122.1347
End:

Color: 0 255 0
Line: 3, 0, "2026-09-29 14:20:00 UTC\nMonitor Boundary"
  48.8127, -122.1295
  48.8063, -122.1234
  48.8127, -122.1068
  48.8254, -122.0953
  48.8382, -122.1087
  48.8430, -122.1234
  48.8382, -122.1287
  48.8254, -122.1350
  48.8127, -122.1295
End:

Color: 0 255 0
Line: 3, 0, "2026-09-29 14:20:00 UTC\nMonitor Boundary"
  48.1244, -122.0713
  48.1188, -122.0662
  48.1244, -122.0398
  48.1261, -122.0376
  48.1371, -122.0350
  48.1430, -122.0376
  48.1499, -122.0570
  48.1515, -122.0662
  48.1499, -122.0679
  48.1371, -122.0748
  48.1244, -122.0713
End:

Color: 0 255 0
Line: 3, 0, "2026-09-29 14:20:00 UTC\nMonitor Boundary"
  48.7872, -122.0704
  48.7850, -122.0662
  48.7872, -122.0620
  48.7999, -122.0475
  48.8127, -122.0404
  48.8170, -122.0376
  48.8254, -122.0350
  48.8329, -122.0376
  48.8382, -122.0492
  48.8413, -122.0662
  48.8382, -122.0775
  48.8254, -122.0941
  48.8127, -122.0882
  48.7999, -122.0831
  48.7872, -122.0704
End:

Color: 0 255 0
Line: 3, 0, "2026-09-29 14:20:00 UTC\nMonitor Boundary"
  48.0861, -122.0425
  48.0800, -122.0376
  48.0734, -122.0256
  48.0660, -122.0090
  48.0734, -122.0005
  48.0861, -121.9951
  48.0989, -122.0027
  48.1067, -122.0090
  48.1102, -122.0376
  48.0989, -122.0455
  48.0861, -122.0425
End:

Color: 0 255 0
Line: 3, 0, "2026-09-29 14:20:00 UTC\nMonitor Boundary"
  48.3028, -122.0106
  48.3010, -122.0090
  48.2901, -121.9897
  48.2858, -121.9804
  48.2900, -121.9518
  48.2851, -121.9232
  48.2901, -121.9156
  48.3028, -121.9054
  48.3156, -121.9108
  48.3249, -121.9232
  48.3196, -121.9518
  48.3283, -121.9674
  48.3411, -121.9658
  48.3538, -121.9622
  48.3666, -121.9571
  48.3793, -121.9691
  48.3842, -121.9804
  48.3793, -121.9866
  48.3666, -121.9958
  48.3538, -121.9988
  48.3411, -122.0022
  48.3301, -122.0090
  48.3283, -122.0098
  48.3156, -122.0150
  48.3028, -122.0106
End:

Color: 0 255 0
Line: 3, 0, "2026-09-29 14:20:00 UTC\nMonitor Boundary"
  48.6215, -122.0219
  48.6160, -122.0090
  48.6215, -121.9978
  48.6326, -121.9804
  48.6304, -121.9518
  48.6342, -121.9485
  48.6470, -121.9451
  48.6597, -121.9515
  48.6600, -121.9518
  48.6597, -121.9557
  48.6569, -121.9804
  48.6540, -122.0090
  48.6470, -122.0245
  48.6342, -122.0331
  48.6215, -122.0219
End:

Color: 0 255 0
Line: 3, 0, "2026-09-29 14:20:00 UTC\nMonitor Boundary"
  47.9332, -121.9953
  47.9256, -121.9804
  47.9332, -121.9711
  47.9459, -121.9651
  47.9587, -121.9730
  47.9644, -121.9804
  47.9587, -121.9925
  47.9459, -122.0030
  47.9332, -121.9953
End:

Color: 0 255 0
Line: 3, 0, "2026-09-29 14:20:00 UTC\nMonitor Boundary"
  48.0479, -121.9536
  48.0450, -121.9518
  48.0352, -121.9422
  48.0224, -121.9298
  48.0169, -121.9232
  48.0224, -121.9073
  48.0352, -121.8956
  48.0479, -121.9061
  48.0607, -121.9132
  48.0707, -121.9232
  48.0647, -121.9518
  48.0607, -121.9544
  48.0479, -121.9536
End:

Color: 0 255 0
Line: 3, 0, "2026-09-29 14:20:00 UTC\nMonitor Boundary"
  48.1244, -121.9550
  48.1156, -121.9518
  48.1116, -121.9403
  48.1091, -121.9232
  48.1116, -121.9207
  48.1244, -121.9150
  48.1371, -121.9197
  48.1412, -121.9232
  48.1371, -121.9464
  48.1348, -121.9518
  48.1244, -121.9550
End:

Color: 0 255 0
Line: 3, 0, "2026-09-29 14:20:00 UTC\nMonitor Boundary"
  48.1499, -121.9563
  48.1393, -121.9518
  48.1499, -121.9420
  48.1626, -121.9270
  48.1754, -121.9333
  48.1837, -121.9518
  48.1754, -121.9607
  48.1626, -121.9647
  48.1499, -121.9563
End:

Color: 0 255 0
Line: 3, 0, "2026-09-29 14:20:00 UTC\nMonitor Boundary"
  48.2264, -121.9619
  48.2163, -121.9518
  48.2194, -121.9232
  48.2264, -121.9174
  48.2391, -121.9156
  48.2509, -121.9232
  48.2518, -121.9301
  48.2538, -121.9518
  48.2518, -121.9543
  48.2391, -121.9643
  48.2264, -121.9619
End:

Color: 0 255 0
Line: 3, 0, "2026-09-29 14:20:00 UTC\nMonitor Boundary"
  47.8822, -121.9248
  47.8785, -121.9232
  47.8695, -121.9016
  47.8680, -121.8946
  47.8695, -121.8927
  47.8822, -121.8820
  47.8949, -121.8750
  47.9077, -121.8759
  47.9204, -121.8871
  47.9250, -121.8946
  47.9204, -121.9024
  47.9077, -121.9139
  47.8949, -121.9222
  47.8910, -121.9232
  47.8822, -121.9248
End:

Color: 0 255 0
Line: 3, 0, "2026-09-29 14:20:00 UTC\nMonitor Boundary"
  48.8764, -121.9102
  48.8650, -121.8946
  48.8764, -121.8795
  48.8892, -121.8766
  48.9019, -121.8893
  48.9050, -121.8946
  48.9019, -121.9001
  48.8892, -121.9132
  48.8764, -121.9102
End:

Color: 0 255 0
Line: 3, 0, "2026-09-29 14:20:00 UTC\nMonitor Boundary"
  48.7362, -121.8724
  48.7287, -121.8660
  48.7358, -121.8374
  48.7360, -121.8088
  48.7257, -121.7802
  48.7362, -121.7685
  48.7490, -121.7658
  48.7617, -121.7751
  48.7675, -121.7802
  48.7744, -121.7872
  48.7872, -121.7850
  48.7926, -121.7802
  48.7999, -121.7758
  48.8127, -121.7752
  48.8254, -121.7782
  48.8280, -121.7802
  48.8290, -121.8088
  48.8254, -121.8143
  48.8135, -121.8374
  48.8127, -121.8399
  48.7999, -121.8624
  48.7872, -121.8624
  48.7744, -121.8515
  48.7617, -121.8660
  48.7617, -121.8660
  48.7490, -121.8745
  48.7362, -121.8724
End:

Color: 0 255 0
Line: 3, 0, "2026-09-29 14:20:00 UTC\nMonitor Boundary"
  48.2009, -121.8496
  48.1966, -121.8374
  48.2009, -121.8324
  48.2136, -121.8251
  48.2264, -121.8299
  48.2333, -121.8374
  48.2264, -121.8551
  48.2136, -121.8638
  48.2009, -121.8496
End:

Color: 0 255 0
Line: 3, 0, "2026-09-29 14:20:00 UTC\nMonitor Boundary"
  48.4303, -121.8383
  48.4294, -121.8374
  48.4212, -121.8088
  48.4226, -121.7802
  48.4303, -121.7757
  48.4430, -121.7769
  48.4476, -121.7802
  48.4558, -121.8064
  48.4565, -121.8088
  48.4603, -121.8374
  48.4558, -121.8413
  48.4430, -121.8449
  48.4303, -121.8383
End:

Color: 0 255 0
Line: 3, 0, "2026-09-29 14:20:00 UTC\nMonitor Boundary"
  48.9784, -121.8612
  48.9666, -121.8374
  48.9784, -121.8268
  48.9911, -121.8265
  49.0034, -121.8374
  48.9911, -121.8616
  48.9784, -121.8612
End:

Color: 0 255 0
Line: 3, 0, "2026-09-29 14:20:00 UTC\nMonitor Boundary"
  47.9332, -121.8247
  47.9261, -121.8088
  47.9204, -121.7922
  47.9077, -121.7845
  47.9028, -121.7802
  47.8949, -121.7734
  47.8822, -121.7644
  47.8753, -121.7515
  47.8822, -121.7358
  47.8949, -121.7261
  47.9077, -121.7303
  47.9204, -121.7434
  47.9291, -121.7515
  47.9270, -121.7802
  47.9332, -121.7903
  47.9459, -121.7948
  47.9587, -121.7925
  47.9714, -121.7875
  47.9842, -121.7913
  47.9946, -121.8088
  47.9842, -121.8209
  47.9714, -121.8275
  47.9587, -121.8324
  47.9459, -121.8331
  47.9332, -121.8247
End:

Color: 0 255 0
Line: 3, 0, "2026-09-29 14:20:00 UTC\nMonitor Boundary"
  48.3793, -121.8173
  48.3761, -121.8088
  48.3793, -121.8046
  48.3921, -121.7954
  48.4048, -121.7979
  48.4149, -121.8088
  48.4048, -121.8275
  48.3921, -121.8327
  48.3793, -121.8173
End:

Color: 0 255 0
Line: 3, 0, "2026-09-29 14:20:00 UTC\nMonitor Boundary"
  48.6470, -121.8115
  48.6460, -121.8088
  48.6470, -121.8074
  48.6597, -121.7963
  48.6725, -121.7974
  48.6839, -121.8088
  48.6725, -121.8300
  48.6597, -121.8316
  48.6470, -121.8115
End:

Color: 0 255 0
Line: 3, 0, "2026-09-29 14:20:00 UTC\nMonitor Boundary"
  48.2264, -121.7549
  48.2139, -121.7515
  48.2136, -121.7508
  48.2094, -121.7229
  48.2136, -121.7191
  48.2264, -121.7151
  48.2391, -121.7213
  48.2408, -121.7229
  48.2391, -121.7359
  48.2348, -121.7515
  48.2264, -121.7549
End:

Color: 0 255 0
Line: 3, 0, "2026-09-29 14:20:00 UTC\nMonitor Boundary"
  47.9714, -121.7282
  47.9668, -121.7229
  47.9587, -121.7128
  47.9459, -121.6961
  47.9450, -121.6943
  47.9332, -121.6782
  47.9204, -121.6680
  47.9183, -121.6657
  47.9204, -121.6547
  47.9281, -121.6371
  47.9332, -121.6350
  47.9419, -121.6371
  47.9459, -121.6420
  47.9515, -121.6657
  47.9587, -121.6745
  47.9714, -121.6779
  47.9842, -121.6929
  47.9864, -121.6943
  47.9969, -121.7059
  48.0032, -121.7229
  47.9969, -121.7297
  47.9842, -121.7350
  47.9714, -121.7282
End:

Color: 0 255 0
Line: 3, 0, "2026-09-29 14:20:00 UTC\nMonitor Boundary"
  48.4176, -121.7248
  48.4080, -121.7229
  48.4048, -121.7198
  48.3985, -121.6943
  48.4048, -121.6885
  48.4176, -121.6852
  48.4303, -121.6927
  48.4318, -121.6943
  48.4303, -121.7022
  48.4219, -121.7229
  48.4176, -121.7248
End:

Color: 0 255 0
Line: 3, 0, "2026-09-29 14:20:00 UTC\nMonitor Boundary"
  48.3283, -121.7003
  48.3250, -121.6943
  48.3283, -121.6888
  48.3411, -121.6764
  48.3538, -121.6796
  48.3666, -121.6754
  48.3793, -121.6854
  48.3859, -121.6943
  48.3793, -121.7038
  48.3666, -121.7143
  48.3538, -121.7099
  48.3411, -121.7132
  48.3283, -121.7003
End:

Color: 0 255 0
Line: 3, 0, "2026-09-29 14:20:00 UTC\nMonitor Boundary"
  48.9784, -121.7034
  48.9675, -121.6943
  48.9784, -121.6669
  48.9911, -121.6664
  48.9942, -121.6657
  49.0039, -121.6650
  49.0067, -121.6657
  49.0166, -121.6752
  49.0224, -121.6943
  49.0166, -121.7002
  49.0039, -121.7050
  48.9911, -121.7036
  48.9784, -121.7034
End:

Color: 0 255 0
Line: 3, 0, "2026-09-29 14:20:00 UTC\nMonitor Boundary"
  49.1696, -121.6945
  49.1682, -121.6943
  49.1568, -121.6911
  49.1476, -121.6657
  49.1568, -121.6574
  49.1696, -121.6558
  49.1823, -121.6653
  49.1827, -121.6657
  49.1823, -121.6673
  49.1698, -121.6943
  49.1696, -121.6945
End:

Color: 0 255 0
Line: 3, 0, "2026-09-29 14:20:00 UTC\nMonitor Boundary"
  48.0097, -121.6441
  47.9996, -121.6371
  48.0042, -121.6085
  47.9969, -121.6029
  47.9842, -121.5964
  47.9757, -121.5799
  47.9842, -121.5701
  47.9969, -121.5645
  48.0097, -121.5613
  48.0143, -121.5799
  48.0224, -121.6029
  48.0255, -121.6085
  48.0303, -121.6371
  48.0224, -121.6432
  48.0097, -121.6441
End:

Color: 0 255 0
Line: 3, 0, "2026-09-29 14:20:00 UTC\nMonitor Boundary"
  48.0989, -121.6429
  48.0951, -121.6371
  48.0989, -121.6299
  48.1116, -121.6169
  48.1244, -121.6211
  48.1349, -121.6371
  48.1244, -121.6503
  48.1116, -121.6541
  48.0989, -121.6429
End:

Color: 0 255 0
Line: 3, 0, "2026-09-29 14:20:00 UTC\nMonitor Boundary"
  48.2646, -121.6415
  48.2596, -121.6371
  48.2639, -121.6085
  48.2646, -121.6080
  48.2773, -121.6052
  48.2849, -121.6085
  48.2901, -121.6310
  48.2908, -121.6371
  48.2901, -121.6379
  48.2773, -121.6448
  48.2646, -121.6415
End:

Color: 0 255 0
Line: 3, 0, "2026-09-29 14:20:00 UTC\nMonitor Boundary"
  48.8254, -121.6377
  48.8251, -121.6371
  48.8254, -121.6349
  48.8310, -121.6085
  48.8328, -121.5799
  48.8382, -121.5764
  48.8509, -121.5760
  48.8571, -121.5799
  48.8590, -121.6085
  48.8637, -121.6290
  48.8649, -121.6371
  48.8637, -121.6391
  48.8509, -121.6528
  48.8382, -121.6522
  48.8254, -121.6377
End:

Color: 0 255 0
Line: 3, 0, "2026-09-29 14:20:00 UTC\nMonitor Boundary"
  47.8312, -121.6146
  47.8208, -121.6085
  47.8229, -121.5799
  47.8312, -121.5754
  47.8440, -121.5773
  47.8475, -121.5799
  47.8491, -121.6085
  47.8440, -121.6125
  47.8312, -121.6146
End:

Color: 0 255 0
Line: 3, 0, "2026-09-29 14:20:00 UTC\nMonitor Boundary"
  47.9332, -121.5810
  47.9319, -121.5799
  47.9307, -121.5513
  47.9204, -121.5271
  47.9077, -121.5239
  47.8949, -121.5250
  47.8879, -121.5227
  47.8822, -121.5122
  47.8785, -121.4941
  47.8822, -121.4904
  47.8949, -121.4850
  47.9077, -121.4868
  47.9204, -121.4860
  47.9332, -121.4851
  47.9459, -121.4890
  47.9514, -121.4941
  47.9459, -121.5184
  47.9425, -121.5227
  47.9459, -121.5260
  47.9587, -121.5495
  47.9595, -121.5513
  47.9587, -121.5721
  47.9581, -121.5799
  47.9459, -121.5850
  47.9332, -121.5810
End:

Color: 0 255 0
Line: 3, 0, "2026-09-29 14:20:00 UTC\nMonitor Boundary"
  48.0224, -121.5601
  48.0149, -121.5513
  48.0097, -121.5264
  48.0093, -121.5227
  48.0097, -121.5223
  48.0224, -121.5152
  48.0352, -121.5183
  48.0403, -121.5227
  48.0363, -121.5513
  48.0352, -121.5524
  48.0224, -121.5601
End:

Color: 0 255 0
Line: 3, 0, "2026-09-29 14:20:00 UTC\nMonitor Boundary"
  48.3028, -121.5549
  48.2948, -121.5513
  48.2901, -121.5297
  48.2893, -121.5227
  48.2901, -121.5219
  48.3028, -121.5152
  48.3156, -121.5186
  48.3203, -121.5227
  48.3164, -121.5513
  48.3156, -121.5519
  48.3028, -121.5549
End:

Color: 0 255 0
Line: 3, 0, "2026-09-29 14:20:00 UTC\nMonitor Boundary"
  48.2391, -121.4738
  48.2283, -121.4655
  48.2373, -121.4369
  48.2391, -121.4359
  48.2518, -121.4362
  48.2530, -121.4369
  48.2617, -121.4655
  48.2518, -121.4734
  48.2391, -121.4738
End:

Color: 0 255 0
Line: 3, 0, "2026-09-29 14:20:00 UTC\nMonitor Boundary"
  47.7547, -121.3819
  47.7519, -121.3797
  47.7511, -121.3511
  47.7547, -121.3482
  47.7675, -121.3452
  47.7790, -121.3511
  47.7779, -121.3797
  47.7675, -121.3848
  47.7547, -121.3819
End:

Color: 0 255 0
Line: 3, 0, "2026-09-29 14:20:00 UTC\nMonitor Boundary"
  49.1186, -121.3839
  49.1156, -121.3797
  49.1186, -121.3726
  49.1313, -121.3577
  49.1441, -121.3615
  49.1544, -121.3797
  49.1441, -121.3912
  49.1313, -121.3943
  49.1186, -121.3839
End:

Color: 0 255 0
Line: 3, 0, "2026-09-29 14:20:00 UTC\nMonitor Boundary"
  47.9969, -121.3622
  47.9860, -121.3511
  47.9842, -121.3477
  47.9714, -121.3294
  47.9666, -121.3225
  47.9714, -121.3091
  47.9842, -121.2963
  47.9969, -121.3058
  48.0054, -121.3225
  48.0097, -121.3281
  48.0224, -121.3300
  48.0340, -121.3511
  48.0224, -121.3626
  48.0097, -121.3640
  47.9969, -121.3622
End:

Color: 0 255 0
Line: 3, 0, "2026-09-29 14:20:00 UTC\nMonitor Boundary"
  49.1313, -121.2229
  49.1253, -121.2081
  49.1313, -121.1966
  49.1441, -121.1866
  49.1568, -121.1867
  49.1696, -121.1980
  49.1747, -121.2081
  49.1696, -121.2162
  49.1568, -121.2303
  49.1441, -121.2341
  49.1313, -121.2229
End:

Color: 0 255 0
Line: 3, 0, "2026-09-29 14:20:00 UTC\nMonitor Boundary"
  48.3283, -121.1574
  48.3255, -121.1509
  48.3283, -121.1467
  48.3411, -121.1359
  48.3538, -121.1313
  48.3602, -121.1223
  48.3666, -121.1172
  48.3793, -121.1156
  48.3900, -121.1223
  48.3859, -121.1509
  48.3793, -121.1548
  48.3666, -121.1548
  48.3538, -121.1689
  48.3411, -121.1723
  48.3283, -121.1574
End:

Color: 0 255 0
Line: 3, 0, "2026-09-29 14:20:00 UTC\nMonitor Boundary"
  48.4048, -121.0416
  48.3990, -121.0364
  48.4048, -121.0078
  48.4048, -121.0078
  48.4176, -121.0052
  48.4235, -121.0078
  48.4303, -121.0298
  48.4313, -121.0364
  48.4303, -121.0375
  48.4176, -121.0448
  48.4048, -121.0416
End:

Color: 0 255 0
Line: 3, 0, "2026-09-29 14:20:00 UTC\nMonitor Boundary"
  32.9180, -114.1905
  32.9053, -114.1714
  32.9097, -114.1428
  32.9180, -114.1365
  32.9307, -114.1332
  32.9435, -114.1252
  32.9562, -114.1251
  32.9689, -114.1343
  32.9749, -114.1428
  32.9689, -114.1586
  32.9638, -114.1714
  32.9562, -114.1799
  32.9435, -114.1871
  32.9307, -114.1915
  32.9180, -114.1905
End:

Color: 0 255 0
Line: 3, 0, "2026-09-29 14:20:00 UTC\nMonitor Boundary"
  33.0582, -114.0635
  33.0495, -114.0570
  33.0548, -114.0284
  33.0454, -114.0070
  33.0327, -114.0109
  33.0247, -114.0284
  33.0199, -114.0359
  33.0072, -114.0500
  32.9944, -114.0533
  32.9817, -114.0419
  32.9762, -114.0284
  32.9817, -114.0208
  32.9944, -114.0099
  33.0072, -114.0069
  33.0199, -114.0053
  33.0222, -113.9998
  33.0208, -113.9712
  33.0327, -113.9533
  33.0367, -113.9426
  33.0454, -113.9221
  33.0582, -113.9167
  33.0709, -113.9348
  33.0752, -113.9426
  33.0837, -113.9531
  33.0899, -113.9426
  33.0964, -113.9374
  33.1092, -113.9356
  33.1203, -113.9426
  33.1219, -113.9476
  33.1287, -113.9712
  33.1346, -113.9800
  33.1442, -113.9998
  33.1346, -114.0200
  33.1291, -114.0284
  33.1219, -114.0356
  33.1092, -114.0425
  33.0964, -114.0538
  33.0837, -114.0538
  33.0807, -114.0570
  33.0709, -114.0638
  33.0582, -114.0635
End:

Color: 0 255 0
Line: 3, 0, "2026-09-29 14:20:00 UTC\nMonitor Boundary"
  31.9620, -113.9782
  31.9561, -113.9712
  31.9620, -113.9529
  31.9652, -113.9426
  31.9687, -113.9140
  31.9747, -113.9072
  31.9875, -113.8985
  32.0002, -113.8928
  32.0073, -113.8854
  32.0002, -113.8735
  31.9892, -113.8568
  31.9875, -113.8472
  31.9853, -113.8282
  31.9855, -113.7996
  31.9859, -113.7709
  31.9875, -113.7663
  31.9952, -113.7423
  32.0002, -113.7343
  32.0130, -113.7169
  32.0150, -113.7137
  32.0257, -113.6971
  32.0345, -113.6851
  32.0385, -113.6753
  32.0451, -113.6565
  32.0512, -113.6452
  32.0640, -113.6284
  32.0653, -113.6279
  32.0767, -113.6162
  32.0833, -113.5993
  32.0855, -113.5707
  32.0894, -113.5653
  32.1022, -113.5505
  32.1102, -113.5421
  32.1149, -113.5379
  32.1277, -113.5295
  32.1370, -113.5135
  32.1404, -113.5022
  32.1532, -113.4853
  32.1659, -113.4940
  32.1732, -113.5135
  32.1659, -113.5299
  32.1597, -113.5421
  32.1659, -113.5523
  32.1787, -113.5595
  32.1897, -113.5421
  32.1841, -113.5135
  32.1787, -113.4891
  32.1759, -113.4849
  32.1787, -113.4832
  32.1914, -113.4635
  32.2004, -113.4563
  32.2042, -113.4550
  32.2169, -113.4543
  32.2297, -113.4494
  32.2424, -113.4336
  32.2552, -113.4313
  32.2594, -113.4277
  32.2552, -113.4235
  32.2424, -113.4227
  32.2297, -113.4084
  32.2260, -113.3991
  32.2297, -113.3937
  32.2424, -113.3807
  32.2552, -113.3768
  32.2620, -113.3705
  32.2679, -113.3653
  32.2806, -113.3560
  32.2934, -113.3552
  32.3061, -113.3587
  32.3189, -113.3558
  32.3316, -113.3665
  32.3444, -113.3601
  32.3571, -113.3553
  32.3699, -113.3643
  32.3744, -113.3705
  32.3699, -113.3805
  32.3571, -113.3929
  32.3444, -113.3868
  32.3316, -113.3842
  32.3258, -113.3991
  32.3316, -113.4045
  32.3444, -113.4116
  32.3534, -113.4277
  32.3450, -113.4563
  32.3444, -113.4573
  32.3316, -113.4754
  32.3250, -113.4849
  32.3189, -113.4947
  32.3061, -113.5049
  32.2934, -113.5131
  32.2931, -113.5135
  32.2806, -113.5271
  32.2679, -113.5399
  32.2662, -113.5421
  32.2570, -113.5707
  32.2552, -113.5721
  32.2424, -113.5763
  32.2297, -113.5879
  32.2187, -113.5993
  32.2169, -113.6010
  32.2042, -113.6101
  32.1948, -113.6279
  32.1914, -113.6376
  32.1849, -113.6565
  32.1787, -113.6668
  32.1659, -113.6838
  32.1650, -113.6851
  32.1532, -113.7040
  32.1414, -113.7137
  32.1404, -113.7150
  32.1277, -113.7353
  32.1231, -113.7423
  32.1149, -113.7482
  32.1046, -113.7709
  32.1045, -113.7996
  32.1022, -113.8031
  32.0894, -113.8182
  32.0798, -113.8282
  32.0767, -113.8334
  32.0640, -113.8516
  32.0607, -113.8568
  32.0512, -113.8696
  32.0419, -113.8854
  32.0512, -113.8995
  32.0640, -113.8952
  32.0767, -113.9022
  32.0850, -113.9140
  32.0767, -113.9286
  32.0644, -113.9426
  32.0640, -113.9429
  32.0512, -113.9453
  32.0385, -113.9545
  32.0257, -113.9516
  32.0130, -113.9433
  32.0002, -113.9610
  31.9939, -113.9712
  31.9875, -113.9787
  31.9747, -113.9850
  31.9620, -113.9782
End:

Color: 0 255 0
Line: 3, 0, "2026-09-29 14:20:00 UTC\nMonitor Boundary"
  33.0582, -113.9922
  33.0704, -113.9712
  33.0582, -113.9605
  33.0490, -113.9712
  33.0582, -113.9922
End:

Color: 0 255 0
Line: 3, 0, "2026-09-29 14:20:00 UTC\nMonitor Boundary"
  32.0257, -113.9202
  32.0287, -113.9140
  32.0257, -113.9086
  32.0190, -113.9140
  32.0257, -113.9202
End:

Color: 0 255 0
Line: 3, 0, "2026-09-29 14:20:00 UTC\nMonitor Boundary"
  32.5738, -113.5568
  32.5652, -113.5421
  32.5738, -113.5311
  32.5866, -113.5252
  32.5993, -113.5344
  32.6048, -113.5421
  32.5993, -113.5525
  32.5866, -113.5634
  32.5738, -113.5568
End:

Color: 0 255 0
Line: 3, 0, "2026-09-29 14:20:00 UTC\nMonitor Boundary"
  31.7835, -113.4681
  31.7750, -113.4563
  31.7835, -113.4300
  31.7844, -113.4277
  31.7963, -113.4106
  31.8090, -113.4074
  31.8218, -113.4215
  31.8248, -113.4277
  31.8218, -113.4365
  31.8150, -113.4563
  31.8090, -113.4652
  31.7963, -113.4748
  31.7835, -113.4681
End:

Color: 0 255 0
Line: 3, 0, "2026-09-29 14:20:00 UTC\nMonitor Boundary"
  31.7835, -113.3498
  31.7738, -113.3419
  31.7708, -113.3257
  31.7690, -113.3133
  31.7708, -113.3076
  31.7782, -113.2847
  31.7835, -113.2771
  31.7963, -113.2578
  31.7972, -113.2561
  31.8090, -113.2435
  31.8218, -113.2365
  31.8345, -113.2281
  31.8351, -113.2275
  31.8473, -113.2075
  31.8544, -113.1989
  31.8600, -113.1940
  31.8728, -113.1841
  31.8821, -113.1703
  31.8855, -113.1676
  31.8983, -113.1634
  31.9110, -113.1515
  31.9204, -113.1417
  31.9237, -113.1312
  31.9295, -113.1130
  31.9365, -113.1074
  31.9492, -113.1034
  31.9620, -113.0957
  31.9747, -113.0950
  31.9875, -113.1023
  32.0002, -113.1121
  32.0010, -113.1130
  32.0038, -113.1417
  32.0002, -113.1524
  31.9944, -113.1703
  31.9875, -113.1843
  31.9747, -113.1987
  31.9746, -113.1989
  31.9620, -113.2125
  31.9492, -113.2184
  31.9365, -113.2248
  31.9348, -113.2275
  31.9237, -113.2438
  31.9132, -113.2561
  31.9110, -113.2629
  31.8984, -113.2847
  31.8983, -113.2848
  31.8855, -113.2971
  31.8734, -113.3133
  31.8728, -113.3138
  31.8600, -113.3242
  31.8473, -113.3289
  31.8345, -113.3340
  31.8245, -113.3419
  31.8218, -113.3444
  31.8090, -113.3543
  31.7963, -113.3549
  31.7835, -113.3498
End:

Color: 0 255 0
Line: 3, 0, "2026-09-29 14:20:00 UTC\nMonitor Boundary"
  31.7453, -113.2401
  31.7352, -113.2275
  31.7354, -113.1989
  31.7325, -113.1731
  31.7321, -113.1703
  31.7232, -113.1417
  31.7198, -113.1316
  31.7151, -113.1130
  31.7198, -113.1053
  31.7325, -113.0900
  31.7379, -113.0844
  31.7453, -113.0782
  31.7580, -113.0731
  31.7708, -113.0666
  31.7835, -113.0654
  31.7963, -113.0653
  31.8090, -113.0751
  31.8150, -113.0844
  31.8090, -113.1014
  31.8049, -113.1130
  31.8090, -113.1246
  31.8193, -113.1417
  31.8218, -113.1519
  31.8244, -113.1703
  31.8218, -113.1765
  31.8094, -113.1989
  31.8090, -113.1995
  31.7963, -113.2155
  31.7835, -113.2233
  31.7801, -113.2275
  31.7708, -113.2359
  31.7580, -113.2443
  31.7453, -113.2401
End:

Color: 0 255 0
Line: 3, 0, "2026-09-29 14:20:00 UTC\nMonitor Boundary"
  33.3768, -113.1432
  33.3746, -113.1417
  33.3651, -113.1130
  33.3684, -113.0844
  33.3768, -113.0754
  33.3896, -113.0673
  33.4023, -113.0685
  33.4150, -113.0844
  33.4057, -113.1130
  33.4023, -113.1242
  33.3947, -113.1417
  33.3896, -113.1444
  33.3768, -113.1432
End:

Color: 0 255 0
Line: 3, 0, "2026-09-29 14:20:00 UTC\nMonitor Boundary"
  33.2494, -113.0340
  33.2397, -113.0272
  33.2366, -113.0234
  33.2239, -113.0157
  33.2162, -112.9986
  33.2239, -112.9900
  33.2366, -112.9851
  33.2494, -112.9859
  33.2621, -112.9957
  33.2656, -112.9986
  33.2702, -113.0272
  33.2621, -113.0334
  33.2494, -113.0340
End:

Color: 0 255 0
Line: 3, 0, "2026-09-29 14:20:00 UTC\nMonitor Boundary"
  33.4533, -112.9808
  33.4457, -112.9700
  33.4533, -112.9547
  33.4661, -112.9470
  33.4788, -112.9514
  33.4915, -112.9658
  33.4943, -112.9700
  33.4915, -112.9768
  33.4788, -112.9923
  33.4661, -112.9911
  33.4533, -112.9808
End:

Color: 0 255 0
Line: 3, 0, "2026-09-29 14:20:00 UTC\nMonitor Boundary"
  33.3131, -112.9556
  33.3030, -112.9414
  33.3004, -112.9220
  33.2992, -112.9128
  33.3004, -112.9115
  33.3131, -112.9020
  33.3258, -112.8924
  33.3386, -112.8853
  33.3449, -112.9128
  33.3513, -112.9214
  33.3641, -112.9291
  33.3746, -112.9414
  33.3641, -112.9588
  33.3513, -112.9625
  33.3386, -112.9626
  33.3258, -112.9633
  33.3131, -112.9556
End:

Color: 0 255 0
Line: 3, 0, "2026-09-29 14:20:00 UTC\nMonitor Boundary"
  33.5553, -112.9457
  33.5444, -112.9414
  33.5425, -112.9392
  33.5351, -112.9128
  33.5425, -112.8914
  33.5450, -112.8842
  33.5477, -112.8556
  33.5553, -112.8484
  33.5680, -112.8428
  33.5808, -112.8341
  33.5884, -112.8270
  33.5863, -112.7984
  33.5935, -112.7903
  33.6063, -112.7837
  33.6190, -112.7788
  33.6223, -112.7698
  33.6318, -112.7519
  33.6354, -112.7412
  33.6445, -112.7280
  33.6573, -112.7181
  33.6700, -112.7177
  33.6827, -112.7166
  33.6955, -112.7163
  33.7032, -112.7126
  33.6955, -112.6886
  33.6950, -112.6840
  33.6955, -112.6832
  33.7082, -112.6680
  33.7210, -112.6613
  33.7328, -112.6554
  33.7337, -112.6542
  33.7446, -112.6268
  33.7465, -112.6231
  33.7563, -112.5982
  33.7592, -112.5945
  33.7720, -112.5805
  33.7827, -112.5696
  33.7847, -112.5680
  33.7975, -112.5651
  33.8102, -112.5639
  33.8230, -112.5544
  33.8357, -112.5414
  33.8359, -112.5410
  33.8484, -112.5193
  33.8532, -112.5124
  33.8612, -112.5039
  33.8739, -112.4951
  33.8867, -112.4952
  33.8994, -112.4963
  33.9122, -112.4979
  33.9248, -112.5124
  33.9249, -112.5133
  33.9377, -112.5314
  33.9465, -112.5124
  33.9377, -112.4856
  33.9370, -112.4838
  33.9249, -112.4647
  33.9181, -112.4552
  33.9191, -112.4265
  33.9122, -112.4137
  33.9052, -112.3979
  33.9055, -112.3693
  33.9122, -112.3560
  33.9249, -112.3469
  33.9315, -112.3407
  33.9377, -112.3366
  33.9504, -112.3359
  33.9632, -112.3391
  33.9759, -112.3335
  33.9887, -112.3235
  33.9997, -112.3121
  34.0014, -112.3104
  34.0141, -112.2987
  34.0269, -112.2879
  34.0369, -112.2835
  34.0396, -112.2822
  34.0524, -112.2654
  34.0581, -112.2549
  34.0651, -112.2484
  34.0779, -112.2453
  34.0906, -112.2532
  34.0922, -112.2549
  34.1010, -112.2835
  34.0963, -112.3121
  34.1034, -112.3371
  34.1042, -112.3407
  34.1034, -112.3424
  34.0906, -112.3598
  34.0845, -112.3693
  34.0906, -112.3790
  34.1034, -112.3856
  34.1156, -112.3979
  34.1161, -112.4003
  34.1169, -112.3979
  34.1161, -112.3875
  34.1155, -112.3693
  34.1161, -112.3678
  34.1289, -112.3489
  34.1416, -112.3493
  34.1544, -112.3689
  34.1545, -112.3693
  34.1544, -112.3707
  34.1496, -112.3979
  34.1416, -112.4045
  34.1289, -112.4113
  34.1209, -112.4265
  34.1161, -112.4333
  34.1034, -112.4521
  34.1020, -112.4552
  34.0929, -112.4838
  34.0906, -112.4864
  34.0779, -112.4948
  34.0651, -112.4983
  34.0543, -112.5124
  34.0524, -112.5175
  34.0396, -112.5328
  34.0269, -112.5303
  34.0141, -112.5278
  34.0014, -112.5326
  33.9887, -112.5341
  33.9759, -112.5340
  33.9693, -112.5410
  33.9759, -112.5469
  33.9887, -112.5486
  34.0014, -112.5486
  34.0141, -112.5531
  34.0269, -112.5488
  34.0396, -112.5481
  34.0524, -112.5499
  34.0645, -112.5696
  34.0651, -112.5875
  34.0658, -112.5696
  34.0779, -112.5573
  34.0906, -112.5565
  34.1034, -112.5551
  34.1161, -112.5551
  34.1289, -112.5629
  34.1342, -112.5696
  34.1299, -112.5982
  34.1289, -112.5994
  34.1161, -112.6110
  34.1034, -112.6220
  34.0906, -112.6230
  34.0779, -112.6176
  34.0707, -112.6268
  34.0651, -112.6317
  34.0524, -112.6348
  34.0396, -112.6276
  34.0389, -112.6268
  34.0396, -112.6214
  34.0458, -112.5982
  34.0396, -112.5933
  34.0269, -112.5929
  34.0212, -112.5982
  34.0141, -112.6025
  34.0014, -112.6046
  33.9904, -112.5982
  33.9887, -112.5962
  33.9854, -112.5982
  33.9759, -112.6022
  33.9632, -112.6146
  33.9534, -112.6268
  33.9504, -112.6357
  33.9427, -112.6554
  33.9377, -112.6605
  33.9249, -112.6718
  33.9122, -112.6835
  33.9110, -112.6840
  33.8994, -112.6877
  33.8867, -112.6960
  33.8739, -112.6997
  33.8612, -112.7070
  33.8529, -112.7126
  33.8484, -112.7149
  33.8357, -112.7206
  33.8230, -112.7268
  33.8102, -112.7364
  33.8054, -112.7412
  33.7983, -112.7698
  33.7975, -112.7705
  33.7847, -112.7763
  33.7720, -112.7781
  33.7592, -112.7921
  33.7465, -112.7890
  33.7395, -112.7984
  33.7337, -112.8041
  33.7210, -112.8114
  33.7082, -112.8234
  33.7037, -112.8270
  33.6955, -112.8326
  33.6827, -112.8416
  33.6700, -112.8433
  33.6573, -112.8373
  33.6445, -112.8455
  33.6416, -112.8556
  33.6318, -112.8660
  33.6190, -112.8749
  33.6152, -112.8842
  33.6063, -112.8994
  33.5954, -112.9128
  33.5939, -112.9414
  33.5935, -112.9420
  33.5808, -112.9535
  33.5680, -112.9529
  33.5553, -112.9457
End:

Color: 0 255 0
Line: 3, 0, "2026-09-29 14:20:00 UTC\nMonitor Boundary"
  34.0906, -112.9478
  34.0838, -112.9414
  34.0795, -112.9128
  34.0782, -112.8842
  34.0906, -112.8757
  34.1034, -112.8774
  34.1114, -112.8842
  34.1161, -112.8915
  34.1289, -112.8925
  34.1416, -112.8864
  34.1544, -112.8918
  34.1632, -112.9128
  34.1544, -112.9297
  34.1454, -112.9414
  34.1416, -112.9449
  34.1289, -112.9584
  34.1161, -112.9632
  34.1034, -112.9597
  34.0906, -112.9478
End:

Color: 0 255 0
Line: 3, 0, "2026-09-29 14:20:00 UTC\nMonitor Boundary"
  33.3513, -112.8860
  33.3433, -112.8842
  33.3386, -112.8837
  33.3258, -112.8687
  33.3185, -112.8556
  33.3258, -112.8279
  33.3272, -112.8270
  33.3386, -112.8247
  33.3513, -112.8165
  33.3606, -112.7984
  33.3623, -112.7698
  33.3641, -112.7684
  33.3768, -112.7651
  33.3896, -112.7656
  33.3969, -112.7698
  33.3992, -112.7984
  33.3896, -112.8170
  33.3850, -112.8270
  33.3896, -112.8319
  33.4023, -112.8507
  33.4050, -112.8556
  33.4023, -112.8602
  33.3896, -112.8732
  33.3768, -112.8746
  33.3641, -112.8824
  33.3546, -112.8842
  33.3513, -112.8860
End:

Color: 0 255 0
Line: 3, 0, "2026-09-29 14:20:00 UTC\nMonitor Boundary"
  33.4278, -112.8034
  33.4209, -112.7984
  33.4157, -112.7698
  33.4278, -112.7524
  33.4406, -112.7513
  33.4533, -112.7646
  33.4573, -112.7698
  33.4592, -112.7984
  33.4533, -112.8029
  33.4406, -112.8044
  33.4278, -112.8034
End:

Color: 0 255 0
Line: 3, 0, "2026-09-29 14:20:00 UTC\nMonitor Boundary"
  33.4278, -112.7307
  33.4151, -112.7126
  33.4278, -112.6883
  33.4406, -112.6867
  33.4533, -112.6905
  33.4661, -112.6862
  33.4788, -112.6996
  33.4834, -112.7126
  33.4788, -112.7179
  33.4661, -112.7250
  33.4533, -112.7247
  33.4406, -112.7318
  33.4278, -112.7307
End:

Color: 0 255 0
Line: 3, 0, "2026-09-29 14:20:00 UTC\nMonitor Boundary"
  34.2691, -112.6937
  34.2573, -112.6840
  34.2563, -112.6813
  34.2478, -112.6554
  34.2563, -112.6477
  34.2691, -112.6425
  34.2818, -112.6305
  34.2893, -112.6268
  34.2946, -112.6250
  34.3006, -112.6268
  34.3073, -112.6327
  34.3150, -112.6554
  34.3073, -112.6683
  34.2946, -112.6822
  34.2930, -112.6840
  34.2818, -112.6932
  34.2691, -112.6937
End:

Color: 0 255 0
Line: 3, 0, "2026-09-29 14:20:00 UTC\nMonitor Boundary"
  33.4788, -112.6727
  33.4682, -112.6554
  33.4669, -112.6268
  33.4661, -112.6257
  33.4647, -112.6268
  33.4533, -112.6352
  33.4406, -112.6343
  33.4291, -112.6268
  33.4278, -112.6197
  33.4253, -112.5982
  33.4278, -112.5927
  33.4406, -112.5777
  33.4533, -112.5804
  33.4652, -112.5696
  33.4661, -112.5681
  33.4760, -112.5410
  33.4788, -112.5171
  33.4797, -112.5124
  33.4915, -112.5029
  33.5043, -112.4886
  33.5089, -112.4838
  33.5170, -112.4725
  33.5277, -112.4552
  33.5298, -112.4525
  33.5425, -112.4417
  33.5553, -112.4351
  33.5680, -112.4385
  33.5808, -112.4368
  33.5935, -112.4303
  33.6003, -112.4265
  33.6063, -112.4250
  33.6104, -112.4265
  33.6190, -112.4416
  33.6222, -112.4552
  33.6250, -112.4838
  33.6190, -112.4947
  33.6063, -112.5113
  33.6036, -112.5124
  33.6063, -112.5197
  33.6089, -112.5410
  33.6190, -112.5608
  33.6318, -112.5656
  33.6368, -112.5696
  33.6393, -112.5982
  33.6318, -112.6036
  33.6190, -112.6039
  33.6107, -112.5982
  33.6063, -112.5797
  33.5935, -112.5805
  33.5847, -112.5982
  33.5808, -112.6045
  33.5680, -112.6195
  33.5553, -112.6240
  33.5425, -112.6249
  33.5408, -112.6268
  33.5350, -112.6554
  33.5298, -112.6638
  33.5170, -112.6744
  33.5043, -112.6699
  33.4915, -112.6738
  33.4788, -112.6727
End:

Color: 0 255 0
Line: 3, 0, "2026-09-29 14:20:00 UTC\nMonitor Boundary"
  34.2436, -112.5449
  34.2341, -112.5410
  34.2308, -112.5247
  34.2296, -112.5124
  34.2308, -112.5102
  34.2436, -112.4933
  34.2563, -112.4858
  34.2691, -112.4865
  34.2818, -112.5039
  34.2848, -112.5124
  34.2818, -112.5185
  34.2691, -112.5326
  34.2571, -112.5410
  34.2563, -112.5414
  34.2436, -112.5449
End:

Color: 0 255 0
Line: 3, 0, "2026-09-29 14:20:00 UTC\nMonitor Boundary"
  33.1984, -112.4066
  33.1952, -112.3979
  33.1984, -112.3914
  33.2111, -112.3774
  33.2239, -112.3808
  33.2348, -112.3979
  33.2239, -112.4198
  33.2111, -112.4234
  33.1984, -112.4066
End:

Color: 0 255 0
Line: 3, 0, "2026-09-29 14:20:00 UTC\nMonitor Boundary"
  33.6700, -112.4081
  33.6664, -112.3979
  33.6700, -112.3935
  33.6827, -112.3852
  33.6955, -112.3894
  33.7035, -112.3979
  33.6955, -112.4165
  33.6827, -112.4232
  33.6700, -112.4081
End:

Color: 0 255 0
Line: 3, 0, "2026-09-29 14:20:00 UTC\nMonitor Boundary"
  33.2494, -112.3762
  33.2420, -112.3693
  33.2419, -112.3407
  33.2494, -112.3360
  33.2621, -112.3365
  33.2682, -112.3407
  33.2681, -112.3693
  33.2621, -112.3735
  33.2494, -112.3762
End:

Color: 0 255 0
Line: 3, 0, "2026-09-29 14:20:00 UTC\nMonitor Boundary"
  33.7337, -112.3450
  33.7236, -112.3407
  33.7210, -112.3257
  33.7198, -112.3121
  33.7171, -112.2835
  33.7210, -112.2708
  33.7271, -112.2549
  33.7210, -112.2439
  33.7082, -112.2359
  33.6990, -112.2263
  33.7054, -112.1977
  33.7082, -112.1951
  33.7210, -112.1769
  33.7255, -112.1691
  33.7256, -112.1405
  33.7337, -112.1306
  33.7465, -112.1251
  33.7592, -112.1237
  33.7701, -112.1119
  33.7720, -112.1102
  33.7847, -112.1050
  33.7975, -112.1052
  33.8101, -112.1119
  33.8066, -112.1405
  33.7975, -112.1476
  33.7847, -112.1659
  33.7841, -112.1691
  33.7720, -112.1904
  33.7592, -112.1912
  33.7465, -112.1935
  33.7435, -112.1977
  33.7465, -112.2164
  33.7592, -112.2033
  33.7720, -112.2030
  33.7847, -112.2111
  33.7975, -112.2243
  33.8102, -112.2255
  33.8191, -112.2263
  33.8230, -112.2275
  33.8320, -112.2549
  33.8230, -112.2627
  33.8102, -112.2642
  33.7975, -112.2652
  33.7847, -112.2682
  33.7723, -112.2835
  33.7847, -112.3118
  33.7848, -112.3121
  33.7847, -112.3123
  33.7720, -112.3308
  33.7592, -112.3386
  33.7564, -112.3407
  33.7465, -112.3449
  33.7337, -112.3450
End:

Color: 0 255 0
Line: 3, 0, "2026-09-29 14:20:00 UTC\nMonitor Boundary"
  32.4081, -112.3181
  32.4052, -112.3121
  32.4081, -112.3077
  32.4209, -112.2961
  32.4336, -112.2989
  32.4448, -112.3121
  32.4336, -112.3294
  32.4209, -112.3325
  32.4081, -112.3181
End:

Color: 0 255 0
Line: 3, 0, "2026-09-29 14:20:00 UTC\nMonitor Boundary"
  34.4093, -112.2937
  34.3970, -112.2835
  34.4073, -112.2549
  34.4093, -112.2533
  34.4220, -112.2453
  34.4348, -112.2483
  34.4419, -112.2549
  34.4348, -112.2796
  34.4336, -112.2835
  34.4220, -112.2931
  34.4093, -112.2937
End:

Color: 0 255 0
Line: 3, 0, "2026-09-29 14:20:00 UTC\nMonitor Boundary"
  34.2181, -112.2554
  34.2177, -112.2549
  34.2053, -112.2271
  34.2050, -112.2263
  34.2053, -112.2255
  34.2164, -112.1977
  34.2181, -112.1947
  34.2308, -112.1854
  34.2436, -112.1805
  34.2563, -112.1751
  34.2640, -112.1691
  34.2691, -112.1660
  34.2818, -112.1663
  34.2862, -112.1691
  34.2946, -112.1757
  34.3073, -112.1846
  34.3148, -112.1977
  34.3112, -112.2263
  34.3073, -112.2309
  34.2946, -112.2425
  34.2825, -112.2549
  34.2818, -112.2555
  34.2691, -112.2644
  34.2563, -112.2623
  34.2436, -112.2624
  34.2308, -112.2644
  34.2181, -112.2554
End:

Color: 0 255 0
Line: 3, 0, "2026-09-29 14:20:00 UTC\nMonitor Boundary"
  34.4858, -112.2564
  34.4850, -112.2549
  34.4858, -112.2535
  34.4985, -112.2340
  34.5092, -112.2263
  34.5113, -112.2254
  34.5184, -112.2263
  34.5240, -112.2281
  34.5350, -112.2549
  34.5240, -112.2700
  34.5113, -112.2735
  34.4985, -112.2719
  34.4858, -112.2564
End:

Color: 0 255 0
Line: 3, 0, "2026-09-29 14:20:00 UTC\nMonitor Boundary"
  31.6816, -112.2359
  31.6750, -112.2263
  31.6816, -112.2153
  31.6943, -112.2058
  31.7071, -112.2136
  31.7150, -112.2263
  31.7071, -112.2375
  31.6943, -112.2449
  31.6816, -112.2359
End:

Color: 0 255 0
Line: 3, 0, "2026-09-29 14:20:00 UTC\nMonitor Boundary"
  33.7337, -112.2343
  33.7410, -112.2263
  33.7337, -112.2212
  33.7311, -112.2263
  33.7337, -112.2343
End:

Color: 0 255 0
Line: 3, 0, "2026-09-29 14:20:00 UTC\nMonitor Boundary"
  31.7198, -112.1988
  31.7196, -112.1977
  31.7071, -112.1731
  31.7054, -112.1691
  31.7071, -112.1593
  31.7122, -112.1405
  31.7198, -112.1358
  31.7325, -112.1367
  31.7383, -112.1405
  31.7453, -112.1468
  31.7580, -112.1563
  31.7645, -112.1691
  31.7580, -112.1834
  31.7500, -112.1977
  31.7453, -112.2017
  31.7325, -112.2059
  31.7198, -112.1988
End:

Color: 0 255 0
Line: 3, 0, "2026-09-29 14:20:00 UTC\nMonitor Boundary"
  31.9875, -112.2048
  31.9802, -112.1977
  31.9747, -112.1890
  31.9655, -112.1691
  31.9747, -112.1434
  31.9758, -112.1405
  31.9806, -112.1119
  31.9875, -112.0884
  31.9891, -112.0833
  31.9950, -112.0547
  31.9875, -112.0439
  31.9747, -112.0450
  31.9620, -112.0363
  31.9550, -112.0261
  31.9566, -111.9975
  31.9620, -111.9813
  31.9661, -111.9689
  31.9747, -111.9566
  31.9856, -111.9403
  31.9875, -111.9376
  32.0002, -111.9195
  32.0053, -111.9117
  32.0130, -111.8945
  32.0194, -111.8831
  32.0257, -111.8763
  32.0385, -111.8675
  32.0512, -111.8560
  32.0640, -111.8553
  32.0650, -111.8545
  32.0767, -111.8455
  32.0894, -111.8373
  32.1022, -111.8310
  32.1050, -111.8259
  32.1022, -111.8165
  32.0894, -111.8092
  32.0767, -111.8072
  32.0640, -111.8050
  32.0512, -111.8045
  32.0394, -111.7973
  32.0449, -111.7686
  32.0385, -111.7624
  32.0257, -111.7402
  32.0256, -111.7400
  32.0257, -111.7399
  32.0385, -111.7193
  32.0512, -111.7191
  32.0634, -111.7114
  32.0595, -111.6828
  32.0640, -111.6789
  32.0767, -111.6751
  32.0894, -111.6757
  32.1022, -111.6767
  32.1103, -111.6828
  32.1139, -111.7114
  32.1022, -111.7228
  32.0894, -111.7241
  32.0767, -111.7240
  32.0643, -111.7400
  32.0767, -111.7621
  32.0894, -111.7563
  32.1022, -111.7572
  32.1139, -111.7686
  32.1102, -111.7973
  32.1149, -111.8046
  32.1277, -111.8062
  32.1404, -111.8019
  32.1478, -111.7973
  32.1532, -111.7935
  32.1659, -111.7779
  32.1745, -111.7686
  32.1787, -111.7661
  32.1914, -111.7649
  32.2042, -111.7622
  32.2169, -111.7468
  32.2227, -111.7400
  32.2297, -111.7356
  32.2424, -111.7341
  32.2552, -111.7224
  32.2679, -111.7174
  32.2806, -111.7224
  32.2934, -111.7242
  32.3061, -111.7188
  32.3189, -111.7177
  32.3316, -111.7193
  32.3444, -111.7308
  32.3571, -111.7390
  32.3587, -111.7400
  32.3699, -111.7481
  32.3826, -111.7641
  32.3847, -111.7686
  32.3826, -111.7726
  32.3699, -111.7879
  32.3608, -111.7973
  32.3571, -111.8019
  32.3444, -111.8051
  32.3316, -111.8040
  32.3189, -111.8088
  32.3061, -111.8227
  32.3033, -111.8259
  32.3061, -111.8340
  32.3189, -111.8423
  32.3316, -111.8465
  32.3444, -111.8488
  32.3571, -111.8432
  32.3699, -111.8371
  32.3826, -111.8387
  32.3950, -111.8545
  32.3826, -111.8710
  32.3699, -111.8777
  32.3650, -111.8831
  32.3571, -111.8916
  32.3444, -111.9105
  32.3438, -111.9117
  32.3443, -111.9403
  32.3316, -111.9529
  32.3189, -111.9621
  32.3146, -111.9689
  32.3061, -111.9812
  32.2934, -111.9940
  32.2901, -111.9975
  32.2816, -112.0261
  32.2806, -112.0271
  32.2679, -112.0355
  32.2552, -112.0417
  32.2455, -112.0547
  32.2424, -112.0594
  32.2297, -112.0730
  32.2169, -112.0807
  32.2144, -112.0833
  32.2042, -112.0918
  32.1914, -112.0973
  32.1787, -112.1091
  32.1762, -112.1119
  32.1659, -112.1273
  32.1569, -112.1405
  32.1532, -112.1456
  32.1404, -112.1637
  32.1387, -112.1691
  32.1277, -112.1782
  32.1149, -112.1879
  32.1022, -112.1953
  32.1000, -112.1977
  32.0894, -112.2048
  32.0767, -112.2084
  32.0640, -112.2149
  32.0512, -112.2140
  32.0385, -112.2070
  32.0257, -112.2150
  32.0130, -112.2116
  32.0002, -112.2136
  31.9875, -112.2048
End:

Color: 0 255 0
Line: 3, 0, "2026-09-29 14:20:00 UTC\nMonitor Boundary"
  33.9504, -112.2052
  33.9452, -112.1977
  33.9504, -112.1878
  33.9632, -112.1766
  33.9759, -112.1828
  33.9848, -112.1977
  33.9759, -112.2091
  33.9632, -112.2147
  33.9504, -112.2052
End:

Color: 0 255 0
Line: 3, 0, "2026-09-29 14:20:00 UTC\nMonitor Boundary"
  34.0269, -112.1719
  34.0259, -112.1691
  34.0269, -112.1677
  34.0396, -112.1563
  34.0524, -112.1532
  34.0641, -112.1691
  34.0524, -112.1900
  34.0396, -112.1915
  34.0269, -112.1719
End:

Color: 0 255 0
Line: 3, 0, "2026-09-29 14:20:00 UTC\nMonitor Boundary"
  34.1034, -112.1857
  34.0909, -112.1691
  34.0906, -112.1688
  34.0779, -112.1603
  34.0655, -112.1405
  34.0651, -112.1399
  34.0524, -112.1249
  34.0396, -112.1157
  34.0355, -112.1119
  34.0292, -112.0833
  34.0396, -112.0729
  34.0524, -112.0601
  34.0651, -112.0552
  34.0664, -112.0547
  34.0651, -112.0333
  34.0650, -112.0261
  34.0651, -112.0258
  34.0752, -111.9975
  34.0779, -111.9896
  34.0858, -111.9689
  34.0906, -111.9569
  34.1034, -111.9541
  34.1161, -111.9482
  34.1224, -111.9403
  34.1289, -111.9359
  34.1416, -111.9315
  34.1544, -111.9145
  34.1563, -111.9117
  34.1671, -111.8904
  34.1799, -111.8874
  34.1926, -111.8927
  34.2053, -111.8886
  34.2181, -111.8866
  34.2308, -111.8875
  34.2436, -111.8930
  34.2563, -111.9011
  34.2647, -111.9117
  34.2682, -111.9403
  34.2691, -111.9410
  34.2818, -111.9406
  34.2821, -111.9403
  34.2818, -111.9368
  34.2789, -111.9117
  34.2818, -111.9092
  34.2946, -111.8846
  34.2951, -111.8831
  34.2950, -111.8545
  34.3073, -111.8353
  34.3196, -111.8259
  34.3201, -111.8256
  34.3233, -111.8259
  34.3328, -111.8278
  34.3456, -111.8427
  34.3583, -111.8268
  34.3710, -111.8261
  34.3721, -111.8259
  34.3838, -111.8209
  34.3871, -111.8259
  34.3965, -111.8349
  34.4023, -111.8545
  34.3965, -111.8603
  34.3838, -111.8699
  34.3749, -111.8831
  34.3710, -111.8969
  34.3583, -111.9057
  34.3456, -111.9096
  34.3447, -111.9117
  34.3456, -111.9140
  34.3583, -111.9183
  34.3710, -111.9182
  34.3838, -111.9230
  34.3965, -111.9251
  34.4093, -111.9260
  34.4220, -111.9251
  34.4348, -111.9126
  34.4353, -111.9117
  34.4475, -111.8979
  34.4603, -111.8963
  34.4730, -111.8953
  34.4858, -111.8977
  34.4985, -111.8838
  34.4991, -111.8831
  34.5113, -111.8755
  34.5240, -111.8766
  34.5368, -111.8829
  34.5495, -111.8576
  34.5622, -111.8591
  34.5651, -111.8545
  34.5686, -111.8259
  34.5750, -111.7992
  34.5770, -111.7973
  34.5877, -111.7907
  34.5924, -111.7973
  34.6005, -111.8191
  34.6132, -111.8012
  34.6179, -111.7973
  34.6260, -111.7932
  34.6387, -111.7819
  34.6430, -111.7686
  34.6515, -111.7567
  34.6642, -111.7423
  34.6657, -111.7400
  34.6770, -111.7280
  34.6897, -111.7261
  34.7025, -111.7248
  34.7152, -111.7174
  34.7211, -111.7114
  34.7279, -111.6876
  34.7294, -111.6828
  34.7407, -111.6756
  34.7534, -111.6714
  34.7650, -111.6542
  34.7662, -111.6390
  34.7675, -111.6256
  34.7789, -111.6163
  34.7917, -111.6120
  34.8044, -111.6054
  34.8172, -111.6133
  34.8291, -111.5970
  34.8299, -111.5905
  34.8331, -111.5684
  34.8427, -111.5549
  34.8554, -111.5466
  34.8682, -111.5561
  34.8747, -111.5684
  34.8732, -111.5970
  34.8682, -111.6116
  34.8554, -111.6242
  34.8545, -111.6256
  34.8525, -111.6542
  34.8532, -111.6828
  34.8554, -111.6893
  34.8682, -111.7094
  34.8695, -111.7114
  34.8682, -111.7400
  34.8770, -111.7686
  34.8809, -111.7731
  34.8932, -111.7686
  34.8936, -111.7685
  34.9064, -111.7484
  34.9127, -111.7400
  34.9191, -111.7341
  34.9319, -111.7209
  34.9446, -111.7169
  34.9574, -111.7204
  34.9701, -111.7262
  34.9829, -111.7245
  34.9953, -111.7114
  34.9956, -111.7106
  35.0084, -111.6886
  35.0211, -111.6870
  35.0339, -111.6862
  35.0466, -111.6896
  35.0594, -111.7026
  35.0690, -111.7114
  35.0672, -111.7400
  35.0721, -111.7574
  35.0739, -111.7686
  35.0721, -111.7738
  35.0594, -111.7921
  35.0466, -111.7891
  35.0361, -111.7686
  35.0339, -111.7652
  35.0211, -111.7595
  35.0146, -111.7686
  35.0084, -111.7827
  35.0004, -111.7973
  34.9956, -111.8024
  34.9829, -111.8115
  34.9701, -111.8134
  34.9574, -111.8223
  34.9550, -111.8259
  34.9550, -111.8545
  34.9574, -111.8580
  34.9701, -111.8668
  34.9829, -111.8797
  34.9849, -111.8831
  34.9829, -111.8920
  34.9757, -111.9117
  34.9701, -111.9169
  34.9574, -111.9292
  34.9446, -111.9338
  34.9370, -111.9403
  34.9319, -111.9451
  34.9191, -111.9516
  34.9091, -111.9689
  34.9127, -111.9975
  34.9191, -112.0099
  34.9227, -112.0261
  34.9223, -112.0547
  34.9191, -112.0588
  34.9064, -112.0688
  34.8936, -112.0745
  34.8809, -112.0733
  34.8682, -112.0796
  34.8605, -112.0833
  34.8554, -112.0855
  34.8427, -112.0952
  34.8299, -112.1077
  34.8261, -112.1119
  34.8172, -112.1192
  34.8044, -112.1250
  34.7917, -112.1245
  34.7789, -112.1234
  34.7662, -112.1132
  34.7647, -112.1119
  34.7534, -112.1007
  34.7407, -112.0879
  34.7369, -112.0833
  34.7279, -112.0687
  34.7178, -112.0547
  34.7268, -112.0261
  34.7152, -112.0176
  34.7025, -112.0075
  34.6897, -112.0044
  34.6799, -111.9975
  34.6770, -111.9822
  34.6642, -111.9779
  34.6515, -111.9737
  34.6387, -111.9738
  34.6314, -111.9689
  34.6260, -111.9432
  34.6199, -111.9689
  34.6132, -111.9764
  34.6006, -111.9975
  34.6005, -111.9976
  34.5877, -112.0048
  34.5750, -112.0050
  34.5622, -111.9999
  34.5568, -111.9975
  34.5495, -111.9926
  34.5368, -111.9899
  34.5240, -111.9704
  34.5113, -111.9866
  34.4985, -111.9930
  34.4858, -111.9890
  34.4800, -111.9975
  34.4730, -112.0089
  34.4603, -112.0230
  34.4475, -112.0234
  34.4348, -112.0187
  34.4220, -112.0226
  34.4093, -112.0227
  34.3965, -112.0017
  34.3838, -112.0220
  34.3813, -112.0261
  34.3710, -112.0337
  34.3583, -112.0335
  34.3488, -112.0261
  34.3456, -112.0160
  34.3332, -112.0261
  34.3328, -112.0265
  34.3201, -112.0538
  34.3117, -112.0547
  34.3073, -112.0549
  34.2946, -112.0550
  34.2936, -112.0547
  34.2818, -112.0484
  34.2691, -112.0436
  34.2563, -112.0452
  34.2436, -112.0525
  34.2308, -112.0543
  34.2181, -112.0298
  34.2171, -112.0261
  34.2152, -111.9975
  34.2054, -111.9689
  34.2053, -111.9688
  34.1926, -111.9648
  34.1886, -111.9689
  34.1799, -111.9743
  34.1671, -111.9731
  34.1544, -111.9693
  34.1416, -111.9863
  34.1289, -111.9928
  34.1257, -111.9975
  34.1289, -112.0036
  34.1416, -112.0110
  34.1544, -112.0244
  34.1582, -112.0261
  34.1671, -112.0329
  34.1750, -112.0547
  34.1671, -112.0777
  34.1651, -112.0833
  34.1647, -112.1119
  34.1671, -112.1193
  34.1799, -112.1333
  34.1926, -112.1367
  34.1980, -112.1405
  34.2046, -112.1691
  34.1926, -112.1853
  34.1799, -112.1922
  34.1671, -112.1933
  34.1544, -112.1908
  34.1416, -112.1783
  34.1289, -112.1821
  34.1161, -112.1935
  34.1034, -112.1857
End:

Color: 0 255 0
Line: 3, 0, "2026-09-29 14:20:00 UTC\nMonitor Boundary"
  32.2806, -112.1466
  32.2758, -112.1405
  32.2806, -112.1293
  32.2934, -112.1171
  32.3061, -112.1241
  32.3141, -112.1405
  32.3061, -112.1497
  32.2934, -112.1549
  32.2806, -112.1466
End:

Color: 0 255 0
Line: 3, 0, "2026-09-29 14:20:00 UTC\nMonitor Boundary"
  34.6642, -112.1567
  34.6556, -112.1405
  34.6559, -112.1119
  34.6515, -112.1082
  34.6387, -112.0965
  34.6269, -112.0833
  34.6282, -112.0547
  34.6387, -112.0464
  34.6515, -112.0454
  34.6642, -112.0450
  34.6770, -112.0499
  34.6827, -112.0547
  34.6897, -112.0619
  34.7025, -112.0790
  34.7049, -112.0833
  34.7025, -112.0881
  34.6897, -112.1079
  34.6840, -112.1119
  34.6897, -112.1217
  34.6944, -112.1405
  34.6897, -112.1508
  34.6770, -112.1629
  34.6642, -112.1567
End:

Color: 0 255 0
Line: 3, 0, "2026-09-29 14:20:00 UTC\nMonitor Boundary"
  33.9122, -111.9748
  33.9011, -111.9689
  33.9023, -111.9403
  33.9122, -111.9352
  33.9249, -111.9379
  33.9280, -111.9403
  33.9289, -111.9689
  33.9249, -111.9720
  33.9122, -111.9748
End:

Color: 0 255 0
Line: 3, 0, "2026-09-29 14:20:00 UTC\nMonitor Boundary"
  33.8612, -111.9471
  33.8558, -111.9403
  33.8612, -111.9282
  33.8739, -111.9170
  33.8867, -111.9248
  33.8973, -111.9403
  33.8867, -111.9512
  33.8739, -111.9549
  33.8612, -111.9471
End:

Color: 0 255 0
Line: 3, 0, "2026-09-29 14:20:00 UTC\nMonitor Boundary"
  34.0524, -111.9541
  34.0456, -111.9403
  34.0524, -111.9318
  34.0651, -111.9250
  34.0779, -111.9321
  34.0844, -111.9403
  34.0779, -111.9537
  34.0651, -111.9631
  34.0524, -111.9541
End:

Color: 0 255 0
Line: 3, 0, "2026-09-29 14:20:00 UTC\nMonitor Boundary"
  32.2297, -111.9203
  32.2424, -111.9225
  32.2552, -111.9254
  32.2679, -111.9147
  32.2707, -111.9117
  32.2679, -111.9090
  32.2552, -111.8986
  32.2424, -111.9034
  32.2297, -111.8959
  32.2237, -111.9117
  32.2297, -111.9203
End:

Color: 0 255 0
Line: 3, 0, "2026-09-29 14:20:00 UTC\nMonitor Boundary"
  34.8427, -111.9227
  34.8554, -111.9190
  34.8682, -111.9144
  34.8707, -111.9117
  34.8809, -111.8997
  34.8936, -111.8854
  34.8951, -111.8831
  34.8936, -111.8810
  34.8809, -111.8732
  34.8682, -111.8715
  34.8554, -111.8636
  34.8427, -111.8798
  34.8407, -111.8831
  34.8358, -111.9117
  34.8427, -111.9227
End:

Color: 0 255 0
Line: 3, 0, "2026-09-29 14:20:00 UTC\nMonitor Boundary"
  34.5750, -111.8834
  34.5751, -111.8831
  34.5750, -111.8826
  34.5748, -111.8831
  34.5750, -111.8834
End:

Color: 0 255 0
Line: 3, 0, "2026-09-29 14:20:00 UTC\nMonitor Boundary"
  34.1544, -111.8312
  34.1486, -111.8259
  34.1468, -111.7973
  34.1544, -111.7722
  34.1554, -111.7686
  34.1671, -111.7501
  34.1799, -111.7481
  34.1926, -111.7640
  34.1947, -111.7686
  34.1934, -111.7973
  34.1926, -111.8000
  34.1822, -111.8259
  34.1799, -111.8278
  34.1671, -111.8348
  34.1544, -111.8312
End:

Color: 0 255 0
Line: 3, 0, "2026-09-29 14:20:00 UTC\nMonitor Boundary"
  34.7662, -111.8517
  34.7789, -111.8377
  34.7917, -111.8306
  34.7969, -111.8259
  34.8044, -111.8007
  34.8075, -111.7973
  34.8161, -111.7686
  34.8172, -111.7647
  34.8299, -111.7526
  34.8420, -111.7400
  34.8372, -111.7114
  34.8299, -111.7077
  34.8270, -111.7114
  34.8172, -111.7263
  34.8076, -111.7400
  34.8044, -111.7448
  34.7917, -111.7653
  34.7890, -111.7686
  34.7789, -111.7766
  34.7662, -111.7858
  34.7534, -111.7925
  34.7503, -111.7973
  34.7534, -111.8139
  34.7550, -111.8259
  34.7662, -111.8517
End:

Color: 0 255 0
Line: 3, 0, "2026-09-29 14:20:00 UTC\nMonitor Boundary"
  32.3954, -111.7977
  32.3951, -111.7973
  32.3954, -111.7966
  32.4081, -111.7790
  32.4209, -111.7773
  32.4336, -111.7804
  32.4449, -111.7973
  32.4336, -111.8110
  32.4209, -111.8138
  32.4081, -111.8122
  32.3954, -111.7977
End:

Color: 0 255 0
Line: 3, 0, "2026-09-29 14:20:00 UTC\nMonitor Boundary"
  32.4718, -111.7996
  32.4694, -111.7973
  32.4718, -111.7781
  32.4746, -111.7686
  32.4846, -111.7650
  32.4958, -111.7686
  32.4973, -111.7731
  32.5005, -111.7973
  32.4973, -111.8002
  32.4846, -111.8050
  32.4718, -111.7996
End:

Color: 0 255 0
Line: 3, 0, "2026-09-29 14:20:00 UTC\nMonitor Boundary"
  34.4220, -111.8069
  34.4151, -111.7973
  34.4093, -111.7890
  34.3965, -111.7828
  34.3838, -111.7887
  34.3710, -111.7923
  34.3583, -111.7748
  34.3547, -111.7686
  34.3456, -111.7581
  34.3357, -111.7400
  34.3456, -111.7283
  34.3583, -111.7256
  34.3710, -111.7268
  34.3838, -111.7260
  34.3910, -111.7114
  34.3965, -111.7018
  34.4093, -111.7018
  34.4220, -111.7057
  34.4289, -111.7114
  34.4343, -111.7400
  34.4348, -111.7409
  34.4352, -111.7400
  34.4475, -111.7245
  34.4603, -111.7182
  34.4730, -111.7171
  34.4858, -111.7235
  34.4985, -111.7193
  34.5113, -111.7191
  34.5193, -111.7114
  34.5240, -111.7086
  34.5368, -111.7008
  34.5492, -111.6828
  34.5495, -111.6825
  34.5622, -111.6753
  34.5750, -111.6782
  34.5804, -111.6828
  34.5761, -111.7114
  34.5877, -111.7275
  34.5943, -111.7400
  34.5877, -111.7538
  34.5750, -111.7631
  34.5622, -111.7537
  34.5495, -111.7469
  34.5368, -111.7548
  34.5240, -111.7497
  34.5113, -111.7531
  34.4985, -111.7609
  34.4938, -111.7686
  34.4949, -111.7973
  34.4858, -111.8091
  34.4730, -111.8147
  34.4603, -111.8066
  34.4475, -111.8076
  34.4348, -111.8150
  34.4220, -111.8069
End:

Color: 0 255 0
Line: 3, 0, "2026-09-29 14:20:00 UTC\nMonitor Boundary"
  34.0014, -111.7767
  33.9954, -111.7686
  34.0014, -111.7518
  34.0057, -111.7400
  34.0141, -111.7150
  34.0153, -111.7114
  34.0269, -111.6983
  34.0396, -111.6923
  34.0524, -111.6871
  34.0548, -111.6828
  34.0651, -111.6609
  34.0779, -111.6546
  34.0782, -111.6542
  34.0906, -111.6419
  34.1034, -111.6320
  34.1068, -111.6256
  34.1161, -111.6102
  34.1271, -111.5970
  34.1289, -111.5946
  34.1416, -111.5732
  34.1435, -111.5684
  34.1544, -111.5521
  34.1628, -111.5398
  34.1654, -111.5112
  34.1651, -111.4826
  34.1671, -111.4795
  34.1799, -111.4667
  34.1926, -111.4616
  34.2053, -111.4555
  34.2181, -111.4560
  34.2308, -111.4607
  34.2350, -111.4540
  34.2308, -111.4359
  34.2281, -111.4254
  34.2308, -111.4127
  34.2352, -111.3968
  34.2436, -111.3899
  34.2563, -111.3831
  34.2691, -111.3776
  34.2763, -111.3682
  34.2818, -111.3617
  34.2946, -111.3550
  34.3073, -111.3528
  34.3201, -111.3480
  34.3328, -111.3500
  34.3447, -111.3682
  34.3406, -111.3968
  34.3456, -111.4016
  34.3517, -111.4254
  34.3456, -111.4312
  34.3328, -111.4370
  34.3201, -111.4477
  34.3095, -111.4540
  34.3148, -111.4826
  34.3073, -111.4956
  34.2947, -111.5112
  34.3073, -111.5301
  34.3173, -111.5398
  34.3201, -111.5422
  34.3221, -111.5398
  34.3328, -111.5253
  34.3456, -111.5169
  34.3583, -111.5270
  34.3643, -111.5398
  34.3583, -111.5576
  34.3547, -111.5684
  34.3456, -111.5951
  34.3449, -111.5970
  34.3456, -111.6117
  34.3583, -111.6145
  34.3710, -111.6130
  34.3838, -111.6056
  34.3965, -111.6127
  34.4051, -111.6256
  34.4093, -111.6376
  34.4150, -111.6542
  34.4093, -111.6638
  34.3965, -111.6742
  34.3838, -111.6699
  34.3710, -111.6732
  34.3583, -111.6756
  34.3518, -111.6828
  34.3456, -111.6868
  34.3328, -111.7003
  34.3201, -111.7023
  34.3073, -111.6873
  34.3050, -111.6828
  34.3073, -111.6612
  34.3083, -111.6542
  34.3073, -111.6504
  34.3012, -111.6542
  34.2946, -111.6563
  34.2849, -111.6828
  34.2818, -111.6961
  34.2750, -111.7114
  34.2691, -111.7145
  34.2563, -111.7150
  34.2436, -111.7149
  34.2308, -111.7155
  34.2181, -111.7246
  34.2053, -111.7250
  34.1926, -111.7218
  34.1860, -111.7114
  34.1799, -111.7016
  34.1738, -111.7114
  34.1671, -111.7259
  34.1544, -111.7264
  34.1416, -111.7235
  34.1362, -111.7114
  34.1289, -111.7006
  34.1161, -111.7012
  34.1058, -111.7114
  34.1161, -111.7204
  34.1289, -111.7277
  34.1343, -111.7400
  34.1346, -111.7686
  34.1289, -111.7764
  34.1161, -111.7849
  34.1034, -111.7815
  34.0906, -111.7877
  34.0779, -111.7933
  34.0651, -111.7883
  34.0524, -111.7873
  34.0396, -111.7924
  34.0269, -111.7894
  34.0141, -111.7860
  34.0014, -111.7767
End:

Color: 0 255 0
Line: 3, 0, "2026-09-29 14:20:00 UTC\nMonitor Boundary"
  32.5738, -111.7414
  32.5721, -111.7400
  32.5611, -111.7230
  32.5554, -111.7114
  32.5611, -111.7037
  32.5738, -111.6890
  32.5797, -111.6828
  32.5866, -111.6746
  32.5993, -111.6735
  32.6120, -111.6657
  32.6248, -111.6594
  32.6275, -111.6542
  32.6375, -111.6281
  32.6503, -111.6259
  32.6627, -111.6542
  32.6549, -111.6828
  32.6503, -111.6915
  32.6375, -111.7034
  32.6248, -111.6985
  32.6143, -111.7114
  32.6120, -111.7154
  32.5993, -111.7384
  32.5976, -111.7400
  32.5866, -111.7449
  32.5738, -111.7414
End:

Color: 0 255 0
Line: 3, 0, "2026-09-29 14:20:00 UTC\nMonitor Boundary"
  34.0651, -111.7421
  34.0684, -111.7400
  34.0651, -111.7376
  34.0643, -111.7400
  34.0651, -111.7421
End:

Color: 0 255 0
Line: 3, 0, "2026-09-29 14:20:00 UTC\nMonitor Boundary"
  35.1486, -111.7470
  35.1448, -111.7400
  35.1358, -111.7287
  35.1235, -111.7114
  35.1231, -111.7109
  35.1103, -111.6928
  35.0976, -111.7033
  35.0848, -111.6982
  35.0751, -111.6828
  35.0848, -111.6703
  35.0976, -111.6655
  35.1103, -111.6751
  35.1231, -111.6653
  35.1358, -111.6651
  35.1486, -111.6636
  35.1613, -111.6561
  35.1637, -111.6542
  35.1741, -111.6490
  35.1868, -111.6407
  35.1982, -111.6256
  35.1996, -111.6184
  35.2050, -111.5970
  35.2123, -111.5910
  35.2251, -111.5834
  35.2378, -111.5792
  35.2505, -111.5780
  35.2633, -111.5937
  35.2649, -111.5970
  35.2750, -111.6256
  35.2725, -111.6542
  35.2633, -111.6646
  35.2505, -111.6723
  35.2378, -111.6712
  35.2251, -111.6543
  35.2250, -111.6542
  35.2123, -111.6397
  35.2017, -111.6542
  35.1996, -111.6652
  35.1920, -111.6828
  35.1894, -111.7114
  35.1943, -111.7400
  35.1868, -111.7506
  35.1741, -111.7611
  35.1613, -111.7623
  35.1486, -111.7470
End:

Color: 0 255 0
Line: 3, 0, "2026-09-29 14:20:00 UTC\nMonitor Boundary"
  32.3954, -111.7282
  32.3854, -111.7114
  32.3954, -111.6971
  32.4081, -111.6878
  32.4171, -111.6828
  32.4209, -111.6759
  32.4250, -111.6542
  32.4336, -111.6414
  32.4463, -111.6348
  32.4550, -111.6256
  32.4591, -111.6152
  32.4668, -111.5970
  32.4591, -111.5807
  32.4509, -111.5684
  32.4463, -111.5449
  32.4457, -111.5398
  32.4463, -111.5389
  32.4591, -111.5267
  32.4718, -111.5255
  32.4846, -111.5250
  32.4973, -111.5294
  32.5042, -111.5398
  32.5101, -111.5490
  32.5228, -111.5497
  32.5326, -111.5398
  32.5356, -111.5359
  32.5483, -111.5238
  32.5605, -111.5112
  32.5611, -111.5107
  32.5738, -111.5008
  32.5866, -111.4930
  32.5993, -111.4826
  32.5993, -111.4826
  32.6120, -111.4713
  32.6248, -111.4582
  32.6287, -111.4540
  32.6375, -111.4469
  32.6503, -111.4460
  32.6614, -111.4540
  32.6630, -111.4747
  32.6635, -111.4826
  32.6630, -111.4836
  32.6503, -111.5062
  32.6468, -111.5112
  32.6375, -111.5187
  32.6248, -111.5277
  32.6144, -111.5398
  32.6120, -111.5434
  32.5993, -111.5612
  32.5947, -111.5684
  32.5993, -111.5813
  32.6049, -111.5970
  32.5993, -111.6052
  32.5866, -111.6153
  32.5738, -111.6222
  32.5611, -111.6251
  32.5483, -111.6248
  32.5477, -111.6256
  32.5483, -111.6272
  32.5611, -111.6266
  32.5726, -111.6542
  32.5611, -111.6649
  32.5483, -111.6729
  32.5432, -111.6828
  32.5356, -111.6907
  32.5228, -111.6971
  32.5101, -111.7022
  32.4973, -111.7004
  32.4846, -111.7038
  32.4718, -111.6972
  32.4591, -111.7078
  32.4566, -111.7114
  32.4463, -111.7198
  32.4336, -111.7270
  32.4209, -111.7314
  32.4081, -111.7327
  32.3954, -111.7282
End:

Color: 0 255 0
Line: 3, 0, "2026-09-29 14:20:00 UTC\nMonitor Boundary"
  34.0779, -111.7295
  34.0850, -111.7114
  34.0779, -111.7061
  34.0738, -111.7114
  34.0779, -111.7295
End:

Color: 0 255 0
Line: 3, 0, "2026-09-29 14:20:00 UTC\nMonitor Boundary"
  32.2806, -111.6876
  32.2773, -111.6828
  32.2682, -111.6542
  32.2806, -111.6429
  32.2934, -111.6354
  32.3061, -111.6287
  32.3075, -111.6256
  32.3189, -111.6133
  32.3316, -111.6033
  32.3386, -111.5970
  32.3444, -111.5936
  32.3516, -111.5970
  32.3571, -111.6017
  32.3594, -111.5970
  32.3642, -111.5684
  32.3699, -111.5638
  32.3826, -111.5553
  32.3954, -111.5594
  32.4065, -111.5684
  32.4081, -111.5710
  32.4209, -111.5921
  32.4233, -111.5970
  32.4219, -111.6256
  32.4209, -111.6308
  32.4081, -111.6355
  32.3954, -111.6350
  32.3826, -111.6299
  32.3771, -111.6256
  32.3699, -111.6138
  32.3650, -111.6256
  32.3571, -111.6372
  32.3444, -111.6463
  32.3316, -111.6531
  32.3189, -111.6537
  32.3186, -111.6542
  32.3061, -111.6799
  32.3019, -111.6828
  32.2934, -111.6871
  32.2806, -111.6876
End:

Color: 0 255 0
Line: 3, 0, "2026-09-29 14:20:00 UTC\nMonitor Boundary"
  34.1544, -111.6866
  34.1568, -111.6828
  34.1550, -111.6542
  34.1544, -111.6533
  34.1493, -111.6542
  34.1472, -111.6828
  34.1544, -111.6866
End:

Color: 0 255 0
Line: 3, 0, "2026-09-29 14:20:00 UTC\nMonitor Boundary"
  34.6260, -111.6697
  34.6150, -111.6542
  34.6260, -111.6288
  34.6366, -111.6256
  34.6387, -111.6254
  34.6393, -111.6256
  34.6515, -111.6430
  34.6550, -111.6542
  34.6515, -111.6606
  34.6387, -111.6733
  34.6260, -111.6697
End:

Color: 0 255 0
Line: 3, 0, "2026-09-29 14:20:00 UTC\nMonitor Boundary"
  34.3201, -111.6386
  34.3328, -111.6334
  34.3433, -111.6256
  34.3328, -111.6200
  34.3201, -111.6166
  34.3124, -111.6256
  34.3201, -111.6386
End:

Color: 0 255 0
Line: 3, 0, "2026-09-29 14:20:00 UTC\nMonitor Boundary"
  31.9365, -111.5993
  31.9351, -111.5970
  31.9253, -111.5684
  31.9365, -111.5474
  31.9430, -111.5398
  31.9492, -111.5315
  31.9607, -111.5112
  31.9620, -111.5071
  31.9698, -111.4826
  31.9747, -111.4783
  31.9875, -111.4752
  32.0002, -111.4759
  32.0130, -111.4788
  32.0257, -111.4695
  32.0385, -111.4659
  32.0512, -111.4619
  32.0640, -111.4562
  32.0650, -111.4540
  32.0767, -111.4269
  32.0776, -111.4254
  32.0894, -111.4161
  32.1022, -111.4149
  32.1149, -111.4199
  32.1169, -111.3968
  32.1277, -111.3871
  32.1404, -111.3773
  32.1453, -111.3682
  32.1532, -111.3541
  32.1659, -111.3466
  32.1743, -111.3396
  32.1787, -111.3357
  32.1914, -111.3256
  32.2042, -111.3287
  32.2169, -111.3340
  32.2297, -111.3264
  32.2424, -111.3275
  32.2542, -111.3396
  32.2424, -111.3600
  32.2304, -111.3682
  32.2297, -111.3685
  32.2169, -111.3749
  32.2042, -111.3720
  32.1983, -111.3682
  32.1914, -111.3624
  32.1867, -111.3682
  32.1849, -111.3968
  32.1787, -111.4059
  32.1659, -111.4209
  32.1617, -111.4254
  32.1532, -111.4328
  32.1404, -111.4412
  32.1326, -111.4540
  32.1277, -111.4593
  32.1149, -111.4650
  32.1022, -111.4685
  32.0934, -111.4826
  32.0894, -111.4883
  32.0767, -111.5071
  32.0746, -111.5112
  32.0644, -111.5398
  32.0640, -111.5405
  32.0512, -111.5567
  32.0398, -111.5684
  32.0385, -111.5695
  32.0257, -111.5761
  32.0130, -111.5848
  32.0011, -111.5970
  32.0002, -111.5977
  31.9875, -111.6048
  31.9747, -111.6064
  31.9620, -111.6121
  31.9492, -111.6129
  31.9365, -111.5993
End:

Color: 0 255 0
Line: 3, 0, "2026-09-29 14:20:00 UTC\nMonitor Boundary"
  33.1092, -111.5446
  33.1056, -111.5398
  33.1092, -111.5316
  33.1219, -111.5175
  33.1346, -111.5221
  33.1443, -111.5398
  33.1346, -111.5508
  33.1219, -111.5545
  33.1092, -111.5446
End:

Color: 0 255 0
Line: 3, 0, "2026-09-29 14:20:00 UTC\nMonitor Boundary"
  32.4973, -111.4871
  32.4952, -111.4826
  32.4973, -111.4593
  32.5049, -111.4540
  32.4973, -111.4523
  32.4878, -111.4254
  32.4973, -111.4171
  32.5101, -111.4160
  32.5225, -111.4254
  32.5107, -111.4540
  32.5228, -111.4637
  32.5348, -111.4826
  32.5228, -111.5002
  32.5101, -111.5022
  32.4973, -111.4871
End:

Color: 0 255 0
Line: 3, 0, "2026-09-29 14:20:00 UTC\nMonitor Boundary"
  34.3838, -111.4969
  34.3752, -111.4826
  34.3811, -111.4540
  34.3710, -111.4386
  34.3665, -111.4254
  34.3710, -111.4156
  34.3838, -111.4011
  34.3861, -111.3968
  34.3838, -111.3933
  34.3710, -111.3806
  34.3663, -111.3682
  34.3710, -111.3623
  34.3838, -111.3488
  34.3930, -111.3396
  34.3838, -111.3264
  34.3760, -111.3110
  34.3838, -111.2943
  34.3939, -111.2824
  34.3965, -111.2802
  34.4093, -111.2670
  34.4220, -111.2678
  34.4348, -111.2823
  34.4348, -111.2824
  34.4348, -111.2825
  34.4220, -111.3008
  34.4143, -111.3110
  34.4166, -111.3396
  34.4220, -111.3484
  34.4348, -111.3466
  34.4475, -111.3470
  34.4603, -111.3592
  34.4647, -111.3682
  34.4603, -111.3746
  34.4475, -111.3865
  34.4348, -111.3957
  34.4309, -111.3968
  34.4348, -111.3998
  34.4417, -111.4254
  34.4350, -111.4540
  34.4348, -111.4544
  34.4220, -111.4752
  34.4163, -111.4826
  34.4093, -111.4929
  34.3965, -111.5036
  34.3838, -111.4969
End:

Color: 0 255 0
Line: 3, 0, "2026-09-29 14:20:00 UTC\nMonitor Boundary"
  32.1277, -111.4266
  32.1280, -111.4254
  32.1277, -111.4248
  32.1235, -111.4254
  32.1277, -111.4266
End:

Color: 0 255 0
Line: 3, 0, "2026-09-29 14:20:00 UTC\nMonitor Boundary"
  32.3444, -111.4386
  32.3350, -111.4254
  32.3444, -111.4117
  32.3571, -111.4035
  32.3656, -111.3968
  32.3699, -111.3878
  32.3763, -111.3682
  32.3826, -111.3610
  32.3954, -111.3550
  32.4081, -111.3554
  32.4209, -111.3636
  32.4253, -111.3682
  32.4332, -111.3968
  32.4209, -111.4223
  32.4081, -111.4243
  32.3954, -111.4197
  32.3920, -111.4254
  32.3826, -111.4330
  32.3699, -111.4368
  32.3571, -111.4444
  32.3444, -111.4386
End:

Color: 0 255 0
Line: 3, 0, "2026-09-29 14:20:00 UTC\nMonitor Boundary"
  32.6885, -111.4314
  32.6850, -111.4254
  32.6868, -111.3968
  32.6885, -111.3944
  32.7013, -111.3819
  32.7140, -111.3761
  32.7248, -111.3682
  32.7268, -111.3669
  32.7395, -111.3656
  32.7445, -111.3682
  32.7523, -111.3856
  32.7549, -111.3968
  32.7523, -111.4032
  32.7419, -111.4254
  32.7395, -111.4280
  32.7268, -111.4359
  32.7140, -111.4401
  32.7013, -111.4436
  32.6885, -111.4314
End:

Color: 0 255 0
Line: 3, 0, "2026-09-29 14:20:00 UTC\nMonitor Boundary"
  34.3201, -111.4023
  34.3288, -111.3968
  34.3201, -111.3910
  34.3160, -111.3968
  34.3201, -111.4023
End:

Color: 0 255 0
Line: 3, 0, "2026-09-29 14:20:00 UTC\nMonitor Boundary"
  32.4463, -111.3542
  32.4356, -111.3396
  32.4463, -111.3210
  32.4541, -111.3110
  32.4591, -111.3058
  32.4718, -111.2910
  32.4800, -111.2824
  32.4846, -111.2784
  32.4973, -111.2731
  32.5101, -111.2621
  32.5182, -111.2538
  32.5228, -111.2499
  32.5356, -111.2411
  32.5476, -111.2252
  32.5483, -111.2244
  32.5611, -111.2156
  32.5738, -111.2121
  32.5866, -111.1977
  32.5892, -111.1966
  32.5964, -111.1680
  32.5993, -111.1643
  32.6120, -111.1554
  32.6248, -111.1557
  32.6336, -111.1680
  32.6375, -111.1886
  32.6409, -111.1966
  32.6503, -111.2096
  32.6550, -111.2252
  32.6503, -111.2330
  32.6375, -111.2441
  32.6248, -111.2390
  32.6120, -111.2254
  32.5993, -111.2357
  32.5866, -111.2445
  32.5827, -111.2538
  32.5738, -111.2702
  32.5639, -111.2824
  32.5611, -111.2841
  32.5483, -111.2883
  32.5356, -111.2976
  32.5241, -111.3110
  32.5228, -111.3146
  32.5144, -111.3396
  32.5101, -111.3454
  32.4973, -111.3553
  32.4846, -111.3611
  32.4718, -111.3627
  32.4591, -111.3619
  32.4463, -111.3542
End:

Color: 0 255 0
Line: 3, 0, "2026-09-29 14:20:00 UTC\nMonitor Boundary"
  34.4985, -111.3138
  34.4940, -111.3110
  34.4901, -111.2824
  34.4889, -111.2538
  34.4985, -111.2464
  34.5113, -111.2463
  34.5211, -111.2538
  34.5199, -111.2824
  34.5160, -111.3110
  34.5113, -111.3139
  34.4985, -111.3138
End:

Color: 0 255 0
Line: 3, 0, "2026-09-29 14:20:00 UTC\nMonitor Boundary"
  32.8032, -111.2600
  32.7973, -111.2538
  32.8032, -111.2356
  32.8073, -111.2252
  32.8160, -111.2130
  32.8251, -111.1966
  32.8287, -111.1896
  32.8415, -111.1708
  32.8462, -111.1680
  32.8542, -111.1620
  32.8642, -111.1680
  32.8670, -111.1736
  32.8685, -111.1680
  32.8670, -111.1557
  32.8658, -111.1394
  32.8670, -111.1377
  32.8797, -111.1263
  32.8925, -111.1224
  32.9052, -111.1169
  32.9130, -111.1107
  32.9052, -111.0822
  32.9052, -111.0821
  32.9052, -111.0821
  32.9180, -111.0642
  32.9307, -111.0568
  32.9435, -111.0597
  32.9480, -111.0535
  32.9562, -111.0425
  32.9650, -111.0249
  32.9689, -111.0137
  32.9750, -110.9963
  32.9817, -110.9792
  32.9865, -110.9677
  32.9944, -110.9437
  32.9960, -110.9391
  33.0072, -110.9256
  33.0199, -110.9125
  33.0218, -110.9105
  33.0327, -110.9019
  33.0452, -110.8819
  33.0454, -110.8816
  33.0582, -110.8635
  33.0651, -110.8533
  33.0709, -110.8437
  33.0837, -110.8291
  33.0964, -110.8252
  33.0969, -110.8247
  33.1092, -110.8136
  33.1219, -110.8061
  33.1346, -110.7982
  33.1367, -110.7961
  33.1474, -110.7848
  33.1601, -110.7722
  33.1645, -110.7675
  33.1729, -110.7606
  33.1856, -110.7550
  33.1984, -110.7617
  33.2111, -110.7653
  33.2239, -110.7671
  33.2245, -110.7675
  33.2350, -110.7961
  33.2239, -110.8211
  33.2165, -110.8247
  33.2239, -110.8294
  33.2366, -110.8375
  33.2494, -110.8364
  33.2621, -110.8357
  33.2749, -110.8308
  33.2876, -110.8255
  33.3004, -110.8262
  33.3131, -110.8299
  33.3230, -110.8533
  33.3258, -110.8606
  33.3335, -110.8533
  33.3378, -110.8247
  33.3386, -110.8239
  33.3513, -110.8155
  33.3641, -110.8138
  33.3768, -110.8092
  33.3896, -110.8068
  33.4023, -110.8105
  33.4050, -110.7961
  33.4151, -110.7812
  33.4278, -110.7764
  33.4406, -110.7882
  33.4450, -110.7961
  33.4406, -110.8031
  33.4278, -110.8142
  33.4151, -110.8115
  33.4054, -110.8247
  33.4130, -110.8533
  33.4023, -110.8629
  33.3896, -110.8642
  33.3768, -110.8665
  33.3641, -110.8740
  33.3513, -110.8681
  33.3386, -110.8607
  33.3336, -110.8819
  33.3258, -110.9060
  33.3244, -110.9105
  33.3184, -110.9391
  33.3131, -110.9445
  33.3004, -110.9508
  33.2876, -110.9632
  33.2749, -110.9631
  33.2621, -110.9654
  33.2600, -110.9677
  33.2494, -110.9848
  33.2449, -110.9963
  33.2366, -111.0097
  33.2239, -111.0223
  33.2111, -111.0244
  33.1984, -111.0233
  33.1856, -111.0128
  33.1756, -111.0249
  33.1729, -111.0303
  33.1630, -111.0535
  33.1601, -111.0568
  33.1474, -111.0648
  33.1346, -111.0610
  33.1272, -111.0535
  33.1223, -111.0249
  33.1219, -111.0246
  33.1211, -111.0249
  33.1092, -111.0289
  33.0964, -111.0387
  33.0837, -111.0463
  33.0719, -111.0535
  33.0709, -111.0541
  33.0582, -111.0554
  33.0508, -111.0535
  33.0454, -111.0513
  33.0439, -111.0535
  33.0346, -111.0821
  33.0327, -111.0840
  33.0199, -111.0916
  33.0072, -111.1032
  32.9944, -111.0975
  32.9852, -111.0821
  32.9817, -111.0752
  32.9742, -111.0821
  32.9689, -111.0849
  32.9562, -111.0836
  32.9435, -111.1028
  32.9362, -111.1107
  32.9307, -111.1207
  32.9245, -111.1394
  32.9180, -111.1477
  32.9052, -111.1621
  32.8996, -111.1680
  32.8925, -111.1739
  32.8797, -111.1809
  32.8710, -111.1966
  32.8670, -111.2092
  32.8619, -111.2252
  32.8542, -111.2388
  32.8435, -111.2538
  32.8415, -111.2555
  32.8287, -111.2645
  32.8160, -111.2650
  32.8032, -111.2600
End:

Color: 0 255 0
Line: 3, 0, "2026-09-29 14:20:00 UTC\nMonitor Boundary"
  33.3386, -111.2335
  33.3281, -111.2252
  33.3258, -111.2199
  33.3131, -111.2011
  33.3004, -111.2130
  33.2876, -111.2117
  33.2751, -111.1966
  33.2752, -111.1680
  33.2876, -111.1496
  33.3004, -111.1482
  33.3131, -111.1643
  33.3148, -111.1680
  33.3258, -111.1849
  33.3386, -111.1785
  33.3513, -111.1769
  33.3641, -111.1806
  33.3749, -111.1966
  33.3641, -111.2214
  33.3619, -111.2252
  33.3513, -111.2336
  33.3386, -111.2335
End:

Color: 0 255 0
Line: 3, 0, "2026-09-29 14:20:00 UTC\nMonitor Boundary"
  32.6120, -111.2229
  32.6248, -111.1994
  32.6304, -111.1966
  32.6248, -111.1931
  32.6120, -111.1930
  32.6041, -111.1966
  32.6120, -111.2229
End:

Color: 0 255 0
Line: 3, 0, "2026-09-29 14:20:00 UTC\nMonitor Boundary"
  32.6758, -111.1689
  32.6752, -111.1680
  32.6630, -111.1553
  32.6503, -111.1538
  32.6375, -111.1496
  32.6355, -111.1394
  32.6375, -111.1345
  32.6503, -111.1117
  32.6513, -111.1107
  32.6630, -111.1051
  32.6758, -111.1084
  32.6786, -111.1107
  32.6845, -111.1394
  32.6885, -111.1460
  32.7013, -111.1465
  32.7059, -111.1394
  32.7140, -111.1301
  32.7268, -111.1252
  32.7395, -111.1260
  32.7523, -111.1254
  32.7650, -111.1266
  32.7741, -111.1394
  32.7697, -111.1680
  32.7650, -111.1730
  32.7523, -111.1855
  32.7395, -111.1931
  32.7268, -111.1904
  32.7140, -111.1859
  32.7013, -111.1828
  32.6885, -111.1826
  32.6758, -111.1689
End:

Color: 0 255 0
Line: 3, 0, "2026-09-29 14:20:00 UTC\nMonitor Boundary"
  34.6770, -111.1700
  34.6763, -111.1680
  34.6770, -111.1671
  34.6897, -111.1562
  34.7025, -111.1573
  34.7136, -111.1680
  34.7025, -111.1902
  34.6897, -111.1919
  34.6770, -111.1700
End:

Color: 0 255 0
Line: 3, 0, "2026-09-29 14:20:00 UTC\nMonitor Boundary"
  32.4973, -111.1432
  32.4919, -111.1394
  32.4917, -111.1107
  32.4973, -111.1068
  32.5101, -111.1058
  32.5181, -111.1107
  32.5180, -111.1394
  32.5101, -111.1442
  32.4973, -111.1432
End:

Color: 0 255 0
Line: 3, 0, "2026-09-29 14:20:00 UTC\nMonitor Boundary"
  32.7778, -111.1206
  32.7759, -111.1107
  32.7778, -111.1058
  32.7905, -111.0880
  32.8032, -111.0871
  32.8160, -111.0940
  32.8240, -111.1107
  32.8160, -111.1199
  32.8032, -111.1248
  32.7905, -111.1240
  32.7778, -111.1206
End:

Color: 0 255 0
Line: 3, 0, "2026-09-29 14:20:00 UTC\nMonitor Boundary"
  32.5611, -111.0846
  32.5562, -111.0821
  32.5487, -111.0535
  32.5611, -111.0455
  32.5738, -111.0476
  32.5809, -111.0535
  32.5749, -111.0821
  32.5738, -111.0829
  32.5611, -111.0846
End:

Color: 0 255 0
Line: 3, 0, "2026-09-29 14:20:00 UTC\nMonitor Boundary"
  34.6770, -111.0859
  34.6752, -111.0821
  34.6770, -111.0776
  34.6870, -111.0535
  34.6897, -111.0443
  34.7025, -111.0255
  34.7027, -111.0249
  34.7152, -111.0107
  34.7279, -111.0061
  34.7407, -111.0177
  34.7450, -111.0249
  34.7534, -111.0419
  34.7609, -111.0535
  34.7548, -111.0821
  34.7534, -111.0831
  34.7407, -111.0845
  34.7361, -111.0821
  34.7288, -111.0535
  34.7279, -111.0527
  34.7270, -111.0535
  34.7152, -111.0805
  34.7148, -111.0821
  34.7025, -111.1004
  34.6897, -111.1019
  34.6770, -111.0859
End:

Color: 0 255 0
Line: 3, 0, "2026-09-29 14:20:00 UTC\nMonitor Boundary"
  33.4788, -111.0540
  33.4780, -111.0535
  33.4661, -111.0289
  33.4650, -111.0249
  33.4590, -110.9963
  33.4565, -110.9677
  33.4533, -110.9617
  33.4406, -110.9624
  33.4278, -110.9557
  33.4154, -110.9391
  33.4278, -110.9197
  33.4406, -110.9179
  33.4533, -110.9206
  33.4661, -110.9386
  33.4755, -110.9105
  33.4661, -110.8844
  33.4647, -110.8819
  33.4551, -110.8533
  33.4661, -110.8394
  33.4788, -110.8361
  33.4915, -110.8479
  33.5043, -110.8450
  33.5170, -110.8497
  33.5209, -110.8533
  33.5298, -110.8810
  33.5305, -110.8819
  33.5425, -110.8883
  33.5553, -110.8976
  33.5644, -110.9105
  33.5672, -110.9391
  33.5680, -110.9412
  33.5748, -110.9677
  33.5680, -110.9841
  33.5615, -110.9963
  33.5553, -111.0066
  33.5425, -111.0222
  33.5378, -111.0249
  33.5298, -111.0278
  33.5170, -111.0400
  33.5043, -111.0517
  33.4993, -111.0535
  33.4915, -111.0547
  33.4788, -111.0540
End:

Color: 0 255 0
Line: 3, 0, "2026-09-29 14:20:00 UTC\nMonitor Boundary"
  33.0327, -111.0301
  33.0342, -111.0249
  33.0327, -111.0228
  33.0275, -111.0249
  33.0327, -111.0301
End:

Color: 0 255 0
Line: 3, 0, "2026-09-29 14:20:00 UTC\nMonitor Boundary"
  33.1729, -111.0066
  33.1742, -110.9963
  33.1729, -110.9944
  33.1712, -110.9963
  33.1729, -111.0066
End:

Color: 0 255 0
Line: 3, 0, "2026-09-29 14:20:00 UTC\nMonitor Boundary"
  34.8809, -110.9745
  34.8700, -110.9677
  34.8729, -110.9391
  34.8809, -110.9116
  34.8812, -110.9105
  34.8809, -110.9095
  34.8753, -110.8819
  34.8809, -110.8731
  34.8936, -110.8556
  34.8951, -110.8533
  34.9064, -110.8392
  34.9191, -110.8363
  34.9319, -110.8385
  34.9374, -110.8247
  34.9446, -110.8187
  34.9574, -110.8152
  34.9701, -110.8220
  34.9829, -110.8100
  34.9874, -110.7961
  34.9956, -110.7863
  35.0084, -110.7743
  35.0147, -110.7675
  35.0211, -110.7622
  35.0339, -110.7538
  35.0466, -110.7503
  35.0594, -110.7475
  35.0721, -110.7586
  35.0848, -110.7550
  35.0976, -110.7610
  35.1103, -110.7656
  35.1135, -110.7675
  35.1231, -110.7739
  35.1358, -110.7821
  35.1450, -110.7961
  35.1358, -110.8087
  35.1231, -110.8146
  35.1103, -110.8130
  35.1050, -110.8247
  35.1103, -110.8324
  35.1231, -110.8488
  35.1249, -110.8533
  35.1231, -110.8570
  35.1103, -110.8772
  35.1061, -110.8819
  35.0976, -110.8888
  35.0848, -110.8966
  35.0721, -110.9007
  35.0594, -110.9023
  35.0466, -110.8996
  35.0339, -110.8941
  35.0211, -110.9013
  35.0084, -110.9046
  35.0041, -110.9105
  34.9956, -110.9221
  34.9829, -110.9312
  34.9701, -110.9377
  34.9687, -110.9391
  34.9701, -110.9429
  34.9748, -110.9677
  34.9701, -110.9745
  34.9574, -110.9846
  34.9446, -110.9796
  34.9352, -110.9677
  34.9319, -110.9626
  34.9221, -110.9677
  34.9191, -110.9689
  34.9064, -110.9749
  34.8936, -110.9726
  34.8809, -110.9745
End:

Color: 0 255 0
Line: 3, 0, "2026-09-29 14:20:00 UTC\nMonitor Boundary"
  33.6063, -110.9427
  33.6015, -110.9391
  33.6019, -110.9105
  33.6063, -110.9073
  33.6190, -110.9055
  33.6279, -110.9105
  33.6284, -110.9391
  33.6190, -110.9445
  33.6063, -110.9427
End:

Color: 0 255 0
Line: 3, 0, "2026-09-29 14:20:00 UTC\nMonitor Boundary"
  33.1346, -110.9180
  33.1474, -110.9150
  33.1521, -110.9105
  33.1601, -110.9015
  33.1729, -110.8857
  33.1753, -110.8819
  33.1729, -110.8758
  33.1601, -110.8677
  33.1474, -110.8804
  33.1460, -110.8819
  33.1346, -110.8996
  33.1267, -110.9105
  33.1346, -110.9180
End:

Color: 0 255 0
Line: 3, 0, "2026-09-29 14:20:00 UTC\nMonitor Boundary"
  31.1590, -110.8636
  31.1469, -110.8533
  31.1576, -110.8247
  31.1590, -110.8232
  31.1717, -110.8061
  31.1774, -110.7961
  31.1845, -110.7891
  31.1972, -110.7796
  31.2052, -110.7675
  31.2099, -110.7582
  31.2227, -110.7394
  31.2235, -110.7389
  31.2354, -110.7317
  31.2482, -110.7193
  31.2609, -110.7187
  31.2737, -110.7169
  31.2848, -110.7103
  31.2864, -110.7084
  31.2992, -110.6888
  31.3088, -110.6817
  31.3119, -110.6802
  31.3247, -110.6739
  31.3374, -110.6680
  31.3502, -110.6618
  31.3569, -110.6531
  31.3629, -110.6363
  31.3757, -110.6257
  31.3884, -110.6278
  31.3931, -110.6531
  31.3884, -110.6584
  31.3757, -110.6681
  31.3647, -110.6817
  31.3629, -110.6857
  31.3502, -110.7018
  31.3381, -110.7103
  31.3374, -110.7110
  31.3247, -110.7279
  31.3119, -110.7326
  31.3064, -110.7389
  31.2992, -110.7472
  31.2864, -110.7604
  31.2737, -110.7636
  31.2671, -110.7675
  31.2737, -110.7747
  31.2826, -110.7961
  31.2737, -110.8199
  31.2669, -110.8247
  31.2609, -110.8268
  31.2482, -110.8441
  31.2430, -110.8533
  31.2354, -110.8609
  31.2227, -110.8648
  31.2099, -110.8673
  31.1972, -110.8736
  31.1845, -110.8695
  31.1717, -110.8652
  31.1590, -110.8636
End:

Color: 0 255 0
Line: 3, 0, "2026-09-29 14:20:00 UTC\nMonitor Boundary"
  33.1856, -110.8563
  33.1984, -110.8575
  33.2059, -110.8533
  33.1984, -110.8471
  33.1856, -110.8517
  33.1841, -110.8533
  33.1856, -110.8563
End:

Color: 0 255 0
Line: 3, 0, "2026-09-29 14:20:00 UTC\nMonitor Boundary"
  33.8484, -110.8552
  33.8469, -110.8533
  33.8484, -110.8478
  33.8612, -110.8263
  33.8739, -110.8309
  33.8830, -110.8533
  33.8739, -110.8620
  33.8612, -110.8644
  33.8484, -110.8552
End:

Color: 0 255 0
Line: 3, 0, "2026-09-29 14:20:00 UTC\nMonitor Boundary"
  33.8867, -110.7728
  33.8800, -110.7675
  33.8754, -110.7389
  33.8851, -110.7103
  33.8739, -110.6967
  33.8653, -110.6817
  33.8739, -110.6631
  33.8867, -110.6562
  33.8907, -110.6531
  33.8994, -110.6464
  33.9122, -110.6357
  33.9249, -110.6350
  33.9377, -110.6424
  33.9504, -110.6454
  33.9632, -110.6451
  33.9759, -110.6488
  33.9833, -110.6531
  33.9887, -110.6576
  34.0014, -110.6567
  34.0141, -110.6584
  34.0269, -110.6699
  34.0347, -110.6817
  34.0342, -110.7103
  34.0269, -110.7190
  34.0141, -110.7250
  34.0014, -110.7173
  33.9897, -110.7103
  33.9887, -110.7094
  33.9879, -110.7103
  33.9846, -110.7389
  33.9759, -110.7495
  33.9632, -110.7548
  33.9504, -110.7462
  33.9414, -110.7389
  33.9377, -110.7350
  33.9249, -110.7383
  33.9246, -110.7389
  33.9122, -110.7648
  33.9102, -110.7675
  33.8994, -110.7744
  33.8867, -110.7728
End:

Color: 0 255 0
Line: 3, 0, "2026-09-29 14:20:00 UTC\nMonitor Boundary"
  32.4209, -110.7216
  32.4156, -110.7103
  32.4209, -110.7034
  32.4336, -110.6951
  32.4463, -110.7007
  32.4544, -110.7103
  32.4463, -110.7259
  32.4336, -110.7330
  32.4209, -110.7216
End:

Color: 0 255 0
Line: 3, 0, "2026-09-29 14:20:00 UTC\nMonitor Boundary"
  33.2239, -110.7150
  33.2127, -110.7103
  33.2111, -110.6973
  33.1984, -110.6879
  33.1856, -110.6828
  33.1843, -110.6817
  33.1729, -110.6703
  33.1601, -110.6576
  33.1568, -110.6531
  33.1601, -110.6426
  33.1729, -110.6260
  33.1856, -110.6253
  33.1984, -110.6307
  33.2111, -110.6374
  33.2239, -110.6513
  33.2366, -110.6487
  33.2450, -110.6245
  33.2494, -110.6173
  33.2621, -110.6059
  33.2749, -110.6106
  33.2850, -110.6245
  33.2876, -110.6321
  33.2949, -110.6531
  33.2876, -110.6666
  33.2758, -110.6817
  33.2749, -110.6826
  33.2621, -110.6881
  33.2494, -110.7085
  33.2471, -110.7103
  33.2366, -110.7149
  33.2239, -110.7150
End:

Color: 0 255 0
Line: 3, 0, "2026-09-29 14:20:00 UTC\nMonitor Boundary"
  31.1462, -110.6850
  31.1345, -110.6817
  31.1335, -110.6807
  31.1251, -110.6531
  31.1250, -110.6245
  31.1250, -110.5959
  31.1267, -110.5673
  31.1335, -110.5453
  31.1354, -110.5387
  31.1357, -110.5101
  31.1462, -110.4970
  31.1590, -110.4834
  31.1607, -110.4815
  31.1717, -110.4730
  31.1845, -110.4650
  31.1972, -110.4718
  31.2046, -110.4815
  31.2043, -110.5101
  31.2099, -110.5190
  31.2227, -110.5207
  31.2354, -110.5104
  31.2356, -110.5101
  31.2482, -110.4972
  31.2609, -110.4967
  31.2737, -110.5090
  31.2744, -110.5101
  31.2846, -110.5387
  31.2737, -110.5513
  31.2609, -110.5589
  31.2549, -110.5673
  31.2482, -110.5828
  31.2414, -110.5959
  31.2354, -110.6050
  31.2250, -110.6245
  31.2227, -110.6287
  31.2099, -110.6427
  31.1972, -110.6494
  31.1953, -110.6531
  31.1845, -110.6689
  31.1717, -110.6765
  31.1646, -110.6817
  31.1590, -110.6846
  31.1462, -110.6850
End:

Color: 0 255 0
Line: 3, 0, "2026-09-29 14:20:00 UTC\nMonitor Boundary"
  31.3757, -110.6231
  31.3650, -110.5959
  31.3757, -110.5806
  31.3884, -110.5766
  31.4011, -110.5781
  31.4139, -110.5937
  31.4150, -110.5959
  31.4139, -110.5997
  31.4011, -110.6236
  31.3884, -110.6235
  31.3757, -110.6231
End:

Color: 0 255 0
Line: 3, 0, "2026-09-29 14:20:00 UTC\nMonitor Boundary"
  33.1346, -110.5795
  33.1251, -110.5673
  33.1346, -110.5521
  33.1474, -110.5466
  33.1601, -110.5584
  33.1649, -110.5673
  33.1601, -110.5743
  33.1474, -110.5845
  33.1346, -110.5795
End:

Color: 0 255 0
Line: 3, 0, "2026-09-29 14:20:00 UTC\nMonitor Boundary"
  33.3386, -110.5455
  33.3361, -110.5387
  33.3386, -110.5354
  33.3513, -110.5256
  33.3641, -110.5285
  33.3738, -110.5387
  33.3641, -110.5583
  33.3513, -110.5625
  33.3386, -110.5455
End:

Color: 0 255 0
Line: 3, 0, "2026-09-29 14:20:00 UTC\nMonitor Boundary"
  34.0396, -110.5447
  34.0354, -110.5387
  34.0396, -110.5297
  34.0524, -110.5171
  34.0651, -110.5223
  34.0746, -110.5387
  34.0651, -110.5501
  34.0524, -110.5546
  34.0396, -110.5447
End:

Color: 0 255 0
Line: 3, 0, "2026-09-29 14:20:00 UTC\nMonitor Boundary"
  32.1277, -110.4548
  32.1175, -110.4528
  32.1149, -110.4504
  32.1085, -110.4242
  32.1149, -110.4184
  32.1277, -110.4153
  32.1404, -110.4228
  32.1418, -110.4242
  32.1404, -110.4314
  32.1322, -110.4528
  32.1277, -110.4548
End:

Color: 0 255 0
Line: 3, 0, "2026-09-29 14:20:00 UTC\nMonitor Boundary"
  32.2169, -110.3899
  32.2068, -110.3670
  32.2169, -110.3576
  32.2297, -110.3559
  32.2424, -110.3659
  32.2433, -110.3670
  32.2424, -110.3702
  32.2297, -110.3929
  32.2169, -110.3899
End:

Color: 0 255 0
Line: 3, 0, "2026-09-29 14:20:00 UTC\nMonitor Boundary"
  31.4394, -110.3443
  31.4353, -110.3384
  31.4394, -110.3300
  31.4520, -110.3098
  31.4521, -110.3097
  31.4649, -110.3050
  31.4776, -110.3095
  31.4780, -110.3098
  31.4796, -110.3384
  31.4776, -110.3406
  31.4649, -110.3503
  31.4521, -110.3545
  31.4394, -110.3443
End:

Color: 0 255 0
Line: 3, 0, "2026-09-29 14:20:00 UTC\nMonitor Boundary"
  32.1149, -110.2850
  32.1041, -110.2812
  32.1022, -110.2787
  32.0952, -110.2526
  32.1022, -110.2429
  32.1149, -110.2350
  32.1277, -110.2428
  32.1348, -110.2526
  32.1404, -110.2690
  32.1466, -110.2526
  32.1532, -110.2348
  32.1574, -110.2240
  32.1578, -110.1954
  32.1659, -110.1879
  32.1787, -110.1855
  32.1914, -110.1937
  32.1929, -110.1954
  32.2027, -110.2240
  32.1934, -110.2526
  32.1914, -110.2635
  32.1853, -110.2812
  32.1787, -110.2850
  32.1659, -110.2901
  32.1532, -110.2948
  32.1404, -110.2867
  32.1293, -110.2812
  32.1277, -110.2790
  32.1260, -110.2812
  32.1149, -110.2850
End:

Color: 0 255 0
Line: 3, 0, "2026-09-29 14:20:00 UTC\nMonitor Boundary"
  32.2169, -110.1738
  32.2094, -110.1668
  32.2063, -110.1382
  32.2169, -110.1232
  32.2258, -110.1096
  32.2297, -110.1045
  32.2424, -110.0947
  32.2552, -110.0815
  32.2554, -110.0810
  32.2679, -110.0642
  32.2806, -110.0575
  32.2934, -110.0553
  32.2952, -110.0524
  32.3061, -110.0300
  32.3189, -110.0264
  32.3316, -110.0434
  32.3369, -110.0524
  32.3444, -110.0620
  32.3540, -110.0810
  32.3444, -110.0913
  32.3316, -110.0974
  32.3189, -110.1030
  32.3144, -110.1096
  32.3061, -110.1214
  32.2934, -110.1315
  32.2806, -110.1373
  32.2798, -110.1382
  32.2679, -110.1541
  32.2552, -110.1640
  32.2424, -110.1651
  32.2408, -110.1668
  32.2297, -110.1743
  32.2169, -110.1738
End:

Color: 0 255 0
Line: 3, 0, "2026-09-29 14:20:00 UTC\nMonitor Boundary"
  33.8102, -109.9810
  33.8051, -109.9666
  33.8102, -109.9574
  33.8230, -109.9463
  33.8357, -109.9522
  33.8449, -109.9666
  33.8357, -109.9884
  33.8230, -109.9947
  33.8102, -109.9810
End:

Color: 0 255 0
Line: 3, 0, "2026-09-29 14:20:00 UTC\nMonitor Boundary"
  32.3699, -109.9381
  32.3698, -109.9380
  32.3699, -109.9369
  32.3736, -109.9094
  32.3826, -109.9023
  32.3954, -109.8814
  32.3955, -109.8808
  32.4081, -109.8635
  32.4164, -109.8522
  32.4081, -109.8316
  32.4051, -109.8236
  32.4081, -109.8161
  32.4179, -109.7949
  32.4209, -109.7907
  32.4336, -109.7732
  32.4372, -109.7663
  32.4365, -109.7377
  32.4435, -109.7091
  32.4463, -109.6992
  32.4521, -109.6805
  32.4591, -109.6760
  32.4718, -109.6758
  32.4846, -109.6691
  32.4973, -109.6553
  32.5005, -109.6519
  32.5101, -109.6454
  32.5228, -109.6420
  32.5356, -109.6336
  32.5451, -109.6233
  32.5483, -109.6181
  32.5611, -109.6062
  32.5738, -109.6093
  32.5866, -109.6184
  32.5909, -109.6233
  32.5866, -109.6484
  32.5860, -109.6519
  32.5781, -109.6805
  32.5866, -109.6891
  32.5944, -109.6805
  32.5993, -109.6726
  32.6120, -109.6607
  32.6248, -109.6567
  32.6375, -109.6658
  32.6444, -109.6805
  32.6375, -109.7004
  32.6345, -109.7091
  32.6248, -109.7229
  32.6120, -109.7355
  32.6100, -109.7377
  32.5993, -109.7518
  32.5911, -109.7663
  32.5866, -109.7715
  32.5738, -109.7817
  32.5611, -109.7926
  32.5483, -109.7932
  32.5463, -109.7949
  32.5356, -109.8068
  32.5232, -109.8236
  32.5228, -109.8239
  32.5101, -109.8340
  32.4973, -109.8338
  32.4846, -109.8397
  32.4750, -109.8522
  32.4718, -109.8583
  32.4591, -109.8725
  32.4463, -109.8704
  32.4351, -109.8808
  32.4336, -109.8830
  32.4209, -109.9013
  32.4081, -109.9084
  32.4070, -109.9094
  32.4081, -109.9152
  32.4100, -109.9380
  32.4081, -109.9397
  32.3954, -109.9450
  32.3826, -109.9448
  32.3699, -109.9381
End:

Color: 0 255 0
Line: 3, 0, "2026-09-29 14:20:00 UTC\nMonitor Boundary"
  32.5483, -109.9137
  32.5420, -109.9094
  32.5418, -109.8808
  32.5483, -109.8763
  32.5611, -109.8761
  32.5682, -109.8808
  32.5680, -109.9094
  32.5611, -109.9139
  32.5483, -109.9137
End:

Color: 0 255 0
Line: 3, 0, "2026-09-29 14:20:00 UTC\nMonitor Boundary"
  31.1207, -109.8334
  31.1151, -109.8236
  31.1150, -109.7949
  31.1207, -109.7786
  31.1251, -109.7663
  31.1252, -109.7377
  31.1255, -109.7091
  31.1256, -109.6805
  31.1302, -109.6519
  31.1335, -109.6343
  31.1351, -109.6233
  31.1335, -109.5982
  31.1264, -109.5947
  31.1207, -109.5944
  31.1080, -109.5755
  31.1050, -109.5661
  31.1080, -109.5547
  31.1148, -109.5375
  31.1207, -109.5318
  31.1335, -109.5206
  31.1462, -109.5151
  31.1542, -109.5089
  31.1590, -109.5060
  31.1717, -109.5053
  31.1845, -109.5075
  31.1864, -109.5089
  31.1901, -109.5375
  31.1845, -109.5470
  31.1717, -109.5659
  31.1716, -109.5661
  31.1717, -109.5704
  31.1721, -109.5947
  31.1845, -109.6103
  31.1972, -109.6055
  31.2099, -109.6157
  31.2149, -109.6233
  31.2227, -109.6487
  31.2237, -109.6519
  31.2245, -109.6805
  31.2340, -109.7091
  31.2354, -109.7126
  31.2448, -109.7377
  31.2354, -109.7518
  31.2227, -109.7647
  31.2212, -109.7663
  31.2099, -109.7775
  31.1972, -109.7903
  31.1927, -109.7949
  31.1845, -109.8036
  31.1717, -109.8118
  31.1590, -109.8188
  31.1555, -109.8236
  31.1462, -109.8373
  31.1335, -109.8440
  31.1207, -109.8334
End:

Color: 0 255 0
Line: 3, 0, "2026-09-29 14:20:00 UTC\nMonitor Boundary"
  32.9689, -109.4540
  32.9651, -109.4517
  32.9594, -109.4231
  32.9689, -109.4162
  32.9817, -109.4165
  32.9905, -109.4231
  32.9850, -109.4517
  32.9817, -109.4538
  32.9689, -109.4540
End:

Color: 0 255 0
Line: 3, 0, "2026-09-29 14:20:00 UTC\nMonitor Boundary"
  31.3374, -109.4327
  31.3258, -109.4231
  31.3247, -109.4192
  31.3184, -109.3945
  31.3247, -109.3745
  31.3275, -109.3659
  31.3374, -109.3571
  31.3502, -109.3559
  31.3629, -109.3573
  31.3739, -109.3659
  31.3757, -109.3677
  31.3844, -109.3659
  31.3884, -109.3653
  31.3897, -109.3659
  31.4011, -109.3821
  31.4050, -109.3945
  31.4011, -109.4013
  31.3884, -109.4135
  31.3757, -109.4217
  31.3711, -109.4231
  31.3629, -109.4254
  31.3502, -109.4339
  31.3374, -109.4327
End:

Color: 0 255 0
Line: 3, 0, "2026-09-29 14:20:00 UTC\nMonitor Boundary"
  32.3699, -108.3437
  32.3650, -108.3361
  32.3699, -108.3187
  32.3771, -108.3075
  32.3826, -108.3052
  32.3939, -108.3075
  32.3954, -108.3084
  32.4050, -108.3361
  32.3954, -108.3491
  32.3826, -108.3544
  32.3699, -108.3437
End:

Color: 0 255 0
Line: 3, 0, "2026-09-29 14:20:00 UTC\nMonitor Boundary"
  34.5750, -108.2223
  34.5741, -108.2217
  34.5622, -108.2134
  34.5495, -108.2120
  34.5368, -108.1965
  34.5351, -108.1931
  34.5368, -108.1879
  34.5495, -108.1668
  34.5622, -108.1656
  34.5750, -108.1653
  34.5769, -108.1645
  34.5877, -108.1598
  34.6005, -108.1468
  34.6132, -108.1492
  34.6260, -108.1575
  34.6387, -108.1437
  34.6502, -108.1359
  34.6515, -108.1353
  34.6556, -108.1359
  34.6642, -108.1402
  34.6723, -108.1645
  34.6642, -108.1766
  34.6549, -108.1931
  34.6515, -108.1998
  34.6387, -108.2191
  34.6345, -108.2217
  34.6260, -108.2255
  34.6132, -108.2322
  34.6005, -108.2341
  34.5877, -108.2256
  34.5750, -108.2223
End:

Color: 0 255 0
Line: 3, 0, "2026-09-29 14:20:00 UTC\nMonitor Boundary"
  34.1289, -108.1713
  34.1250, -108.1645
  34.1289, -108.1577
  34.1416, -108.1407
  34.1517, -108.1359
  34.1544, -108.1350
  34.1576, -108.1359
  34.1671, -108.1430
  34.1750, -108.1645
  34.1671, -108.1767
  34.1544, -108.1846
  34.1416, -108.1836
  34.1289, -108.1713
End:

Color: 0 255 0
Line: 3, 0, "2026-09-29 14:20:00 UTC\nMonitor Boundary"
  31.9365, -108.1095
  31.9351, -108.1073
  31.9365, -108.1044
  31.9492, -108.0883
  31.9620, -108.0869
  31.9747, -108.0914
  31.9849, -108.1073
  31.9747, -108.1201
  31.9620, -108.1243
  31.9492, -108.1229
  31.9365, -108.1095
End:

Color: 0 255 0
Line: 3, 0, "2026-09-29 14:20:00 UTC\nMonitor Boundary"
  32.5738, -108.0216
  32.5737, -108.0215
  32.5695, -107.9929
  32.5738, -107.9881
  32.5866, -107.9780
  32.5982, -107.9643
  32.5993, -107.9508
  32.6010, -107.9357
  32.5993, -107.9337
  32.5866, -107.9340
  32.5738, -107.9254
  32.5668, -107.9071
  32.5738, -107.8982
  32.5866, -107.8898
  32.5951, -107.8785
  32.5866, -107.8527
  32.5857, -107.8499
  32.5866, -107.8485
  32.5993, -107.8329
  32.6106, -107.8213
  32.6120, -107.8200
  32.6248, -107.8147
  32.6375, -107.8094
  32.6466, -107.7926
  32.6503, -107.7818
  32.6630, -107.7663
  32.6758, -107.7732
  32.6885, -107.7687
  32.7013, -107.7685
  32.7134, -107.7926
  32.7046, -107.8213
  32.7013, -107.8383
  32.6977, -107.8499
  32.7013, -107.8547
  32.7139, -107.8785
  32.7049, -107.9071
  32.7013, -107.9127
  32.6885, -107.9241
  32.6758, -107.9337
  32.6750, -107.9357
  32.6630, -107.9543
  32.6535, -107.9643
  32.6503, -107.9671
  32.6375, -107.9798
  32.6248, -107.9912
  32.6233, -107.9929
  32.6120, -107.9985
  32.5993, -108.0184
  32.5949, -108.0215
  32.5866, -108.0249
  32.5738, -108.0216
End:

Color: 0 255 0
Line: 3, 0, "2026-09-29 14:20:00 UTC\nMonitor Boundary"
  31.9492, -107.7963
  31.9466, -107.7926
  31.9492, -107.7841
  31.9550, -107.7640
  31.9620, -107.7441
  31.9650, -107.7354
  31.9747, -107.7213
  31.9875, -107.7160
  32.0002, -107.7171
  32.0130, -107.7152
  32.0257, -107.7111
  32.0385, -107.7107
  32.0512, -107.7156
  32.0640, -107.7201
  32.0750, -107.7354
  32.0640, -107.7502
  32.0512, -107.7548
  32.0427, -107.7640
  32.0385, -107.7694
  32.0257, -107.7792
  32.0130, -107.7840
  32.0050, -107.7926
  32.0002, -107.8014
  31.9875, -107.8133
  31.9747, -107.8138
  31.9620, -107.8086
  31.9492, -107.7963
End:

Color: 0 255 0
Line: 3, 0, "2026-09-29 14:20:00 UTC\nMonitor Boundary"
  34.4730, -107.7402
  34.4682, -107.7354
  34.4730, -107.7154
  34.4793, -107.7068
  34.4858, -107.7050
  34.4910, -107.7068
  34.4985, -107.7204
  34.5018, -107.7354
  34.4985, -107.7389
  34.4858, -107.7450
  34.4730, -107.7402
End:

Color: 0 255 0
Line: 3, 0, "2026-09-29 14:20:00 UTC\nMonitor Boundary"
  32.5993, -107.7139
  32.5893, -107.7068
  32.5944, -107.6782
  32.5866, -107.6693
  32.5756, -107.6496
  32.5866, -107.6308
  32.5946, -107.6210
  32.5993, -107.6125
  32.6094, -107.5924
  32.6120, -107.5902
  32.6248, -107.5850
  32.6375, -107.5852
  32.6503, -107.5843
  32.6630, -107.5745
  32.6689, -107.5638
  32.6758, -107.5562
  32.6885, -107.5438
  32.6968, -107.5352
  32.7013, -107.5315
  32.7140, -107.5238
  32.7268, -107.5194
  32.7395, -107.5125
  32.7490, -107.5066
  32.7523, -107.5050
  32.7650, -107.4987
  32.7778, -107.4953
  32.7905, -107.5036
  32.8025, -107.5066
  32.8032, -107.5072
  32.8118, -107.5352
  32.8032, -107.5455
  32.7905, -107.5543
  32.7857, -107.5638
  32.7905, -107.5703
  32.8032, -107.5787
  32.8148, -107.5924
  32.8032, -107.6098
  32.7905, -107.6194
  32.7890, -107.6210
  32.7879, -107.6496
  32.7778, -107.6563
  32.7650, -107.6574
  32.7619, -107.6496
  32.7523, -107.6382
  32.7445, -107.6496
  32.7523, -107.6726
  32.7551, -107.6782
  32.7606, -107.7068
  32.7523, -107.7133
  32.7395, -107.7148
  32.7268, -107.7180
  32.7140, -107.7249
  32.7013, -107.7158
  32.6951, -107.7068
  32.7013, -107.6906
  32.7063, -107.6782
  32.7058, -107.6496
  32.7119, -107.6210
  32.7013, -107.6160
  32.6968, -107.6210
  32.6885, -107.6288
  32.6758, -107.6472
  32.6744, -107.6496
  32.6630, -107.6649
  32.6503, -107.6778
  32.6499, -107.6782
  32.6375, -107.6887
  32.6248, -107.6990
  32.6206, -107.7068
  32.6120, -107.7134
  32.5993, -107.7139
End:

Color: 0 255 0
Line: 3, 0, "2026-09-29 14:20:00 UTC\nMonitor Boundary"
  32.0130, -107.6942
  32.0063, -107.6782
  32.0130, -107.6687
  32.0257, -107.6497
  32.0257, -107.6496
  32.0257, -107.6496
  32.0160, -107.6210
  32.0257, -107.5997
  32.0301, -107.5924
  32.0385, -107.5810
  32.0486, -107.5638
  32.0512, -107.5601
  32.0640, -107.5429
  32.0679, -107.5352
  32.0767, -107.5196
  32.0841, -107.5066
  32.0894, -107.4951
  32.0964, -107.4780
  32.1022, -107.4661
  32.1129, -107.4494
  32.1149, -107.4475
  32.1277, -107.4351
  32.1404, -107.4216
  32.1410, -107.4208
  32.1532, -107.4041
  32.1602, -107.3922
  32.1659, -107.3876
  32.1787, -107.3835
  32.1914, -107.3759
  32.2042, -107.3687
  32.2091, -107.3636
  32.2150, -107.3350
  32.2169, -107.3183
  32.2189, -107.3064
  32.2169, -107.3027
  32.2065, -107.2778
  32.2169, -107.2677
  32.2297, -107.2618
  32.2411, -107.2492
  32.2413, -107.2206
  32.2424, -107.2196
  32.2552, -107.2150
  32.2679, -107.2153
  32.2806, -107.2060
  32.2934, -107.2083
  32.3061, -107.2142
  32.3188, -107.2206
  32.3189, -107.2208
  32.3316, -107.2331
  32.3444, -107.2388
  32.3540, -107.2492
  32.3448, -107.2778
  32.3450, -107.3064
  32.3444, -107.3080
  32.3350, -107.3350
  32.3316, -107.3466
  32.3243, -107.3636
  32.3189, -107.3716
  32.3061, -107.3910
  32.3042, -107.3922
  32.2934, -107.3990
  32.2845, -107.4208
  32.2806, -107.4423
  32.2782, -107.4494
  32.2679, -107.4580
  32.2552, -107.4688
  32.2495, -107.4780
  32.2424, -107.4852
  32.2297, -107.4924
  32.2169, -107.5039
  32.2138, -107.5066
  32.2042, -107.5180
  32.1914, -107.5328
  32.1894, -107.5352
  32.1787, -107.5461
  32.1659, -107.5614
  32.1596, -107.5638
  32.1532, -107.5673
  32.1404, -107.5823
  32.1277, -107.5883
  32.1248, -107.5924
  32.1166, -107.6210
  32.1149, -107.6239
  32.1044, -107.6496
  32.1022, -107.6658
  32.0994, -107.6782
  32.0894, -107.6844
  32.0767, -107.6845
  32.0640, -107.6901
  32.0512, -107.6966
  32.0385, -107.7028
  32.0257, -107.7033
  32.0130, -107.6942
End:

Color: 0 255 0
Line: 3, 0, "2026-09-29 14:20:00 UTC\nMonitor Boundary"
  34.6132, -107.5403
  34.6081, -107.5352
  34.6132, -107.5150
  34.6201, -107.5066
  34.6260, -107.5050
  34.6304, -107.5066
  34.6387, -107.5210
  34.6445, -107.5352
  34.6387, -107.5387
  34.6260, -107.5450
  34.6132, -107.5403
End:

Color: 0 255 0
Line: 3, 0, "2026-09-29 14:20:00 UTC\nMonitor Boundary"
  34.6642, -107.5484
  34.6550, -107.5352
  34.6642, -107.5218
  34.6770, -107.5157
  34.6897, -107.5264
  34.6950, -107.5352
  34.6897, -107.5438
  34.6770, -107.5544
  34.6642, -107.5484
End:

Color: 0 255 0
Line: 3, 0, "2026-09-29 14:20:00 UTC\nMonitor Boundary"
  35.2505, -107.4266
  35.2451, -107.4208
  35.2378, -107.4131
  35.2251, -107.4082
  35.2152, -107.3922
  35.2250, -107.3636
  35.2123, -107.3495
  35.1996, -107.3373
  35.1972, -107.3350
  35.1870, -107.3064
  35.1996, -107.2962
  35.2123, -107.2970
  35.2235, -107.3064
  35.2251, -107.3080
  35.2378, -107.3206
  35.2505, -107.3259
  35.2633, -107.3297
  35.2760, -107.3250
  35.2888, -107.3255
  35.3015, -107.3341
  35.3023, -107.3350
  35.3049, -107.3636
  35.3015, -107.3770
  35.2965, -107.3922
  35.2941, -107.4208
  35.2888, -107.4273
  35.2760, -107.4349
  35.2633, -107.4349
  35.2505, -107.4266
End:

Color: 0 255 0
Line: 3, 0, "2026-09-29 14:20:00 UTC\nMonitor Boundary"
  34.5750, -107.3923
  34.5748, -107.3922
  34.5690, -107.3636
  34.5750, -107.3552
  34.5877, -107.3350
  34.5877, -107.3347
  34.5958, -107.3064
  34.6005, -107.3025
  34.6132, -107.2951
  34.6260, -107.2950
  34.6387, -107.3018
  34.6429, -107.3064
  34.6515, -107.3169
  34.6642, -107.3335
  34.6650, -107.3350
  34.6642, -107.3365
  34.6515, -107.3519
  34.6387, -107.3574
  34.6349, -107.3636
  34.6260, -107.3776
  34.6132, -107.3839
  34.6005, -107.3855
  34.5935, -107.3922
  34.5877, -107.3948
  34.5750, -107.3923
End:

Color: 0 255 0
Line: 3, 0, "2026-09-29 14:20:00 UTC\nMonitor Boundary"
  34.7279, -107.4029
  34.7164, -107.3922
  34.7279, -107.3694
  34.7407, -107.3683
  34.7534, -107.3893
  34.7537, -107.3922
  34.7534, -107.3925
  34.7407, -107.4036
  34.7279, -107.4029
End:

Color: 0 255 0
Line: 3, 0, "2026-09-29 14:20:00 UTC\nMonitor Boundary"
  34.7662, -107.3665
  34.7608, -107.3636
  34.7534, -107.3609
  34.7407, -107.3557
  34.7350, -107.3350
  34.7407, -107.3250
  34.7534, -107.3091
  34.7610, -107.3064
  34.7662, -107.3050
  34.7699, -107.3064
  34.7789, -107.3112
  34.7917, -107.3290
  34.7950, -107.3350
  34.7917, -107.3410
  34.7789, -107.3588
  34.7700, -107.3636
  34.7662, -107.3665
End:

Color: 0 255 0
Line: 3, 0, "2026-09-29 14:20:00 UTC\nMonitor Boundary"
  34.3710, -107.2790
  34.3698, -107.2778
  34.3710, -107.2636
  34.3737, -107.2492
  34.3838, -107.2450
  34.3965, -107.2487
  34.3971, -107.2492
  34.4000, -107.2778
  34.3965, -107.2809
  34.3838, -107.2850
  34.3710, -107.2790
End:

Color: 0 255 0
Line: 3, 0, "2026-09-29 14:20:00 UTC\nMonitor Boundary"
  35.3398, -107.2257
  35.3334, -107.2206
  35.3305, -107.1920
  35.3398, -107.1783
  35.3525, -107.1662
  35.3653, -107.1659
  35.3780, -107.1671
  35.3908, -107.1836
  35.3937, -107.1920
  35.3908, -107.1981
  35.3780, -107.2199
  35.3776, -107.2206
  35.3653, -107.2305
  35.3525, -107.2347
  35.3398, -107.2257
End:

Color: 0 255 0
Line: 3, 0, "2026-09-29 14:20:00 UTC\nMonitor Boundary"
  32.4718, -107.1983
  32.4664, -107.1920
  32.4718, -107.1780
  32.4846, -107.1666
  32.4973, -107.1764
  32.5036, -107.1920
  32.4973, -107.1991
  32.4846, -107.2050
  32.4718, -107.1983
End:

Color: 0 255 0
Line: 3, 0, "2026-09-29 14:20:00 UTC\nMonitor Boundary"
  35.4672, -107.1932
  35.4663, -107.1920
  35.4672, -107.1890
  35.4786, -107.1634
  35.4800, -107.1622
  35.4927, -107.1552
  35.5055, -107.1586
  35.5108, -107.1634
  35.5136, -107.1920
  35.5055, -107.2006
  35.4927, -107.2048
  35.4800, -107.2039
  35.4672, -107.1932
End:

Color: 0 255 0
Line: 3, 0, "2026-09-29 14:20:00 UTC\nMonitor Boundary"
  34.4220, -107.1102
  34.4186, -107.1061
  34.4095, -107.0775
  34.4093, -107.0766
  34.4060, -107.0489
  34.4093, -107.0419
  34.4215, -107.0203
  34.4220, -107.0199
  34.4348, -107.0150
  34.4475, -107.0152
  34.4579, -107.0203
  34.4603, -107.0226
  34.4730, -107.0351
  34.4840, -107.0489
  34.4749, -107.0775
  34.4730, -107.0829
  34.4651, -107.1061
  34.4603, -107.1135
  34.4475, -107.1243
  34.4348, -107.1193
  34.4220, -107.1102
End:

Color: 0 255 0
Line: 3, 0, "2026-09-29 14:20:00 UTC\nMonitor Boundary"
  32.3189, -107.0836
  32.3152, -107.0775
  32.3189, -107.0702
  32.3316, -107.0571
  32.3444, -107.0510
  32.3454, -107.0489
  32.3456, -107.0203
  32.3571, -107.0050
  32.3699, -106.9981
  32.3743, -106.9917
  32.3826, -106.9704
  32.3851, -106.9631
  32.3950, -106.9345
  32.3954, -106.9336
  32.4072, -106.9059
  32.4081, -106.9049
  32.4209, -106.8952
  32.4336, -106.8909
  32.4446, -106.8773
  32.4454, -106.8487
  32.4463, -106.8464
  32.4591, -106.8236
  32.4626, -106.8201
  32.4718, -106.8153
  32.4846, -106.8141
  32.4973, -106.8035
  32.5053, -106.7915
  32.5101, -106.7797
  32.5190, -106.7629
  32.5228, -106.7581
  32.5356, -106.7393
  32.5385, -106.7343
  32.5483, -106.7193
  32.5550, -106.7057
  32.5611, -106.6957
  32.5738, -106.6856
  32.5866, -106.6871
  32.5939, -106.6771
  32.5993, -106.6653
  32.6053, -106.6485
  32.6120, -106.6358
  32.6248, -106.6266
  32.6375, -106.6246
  32.6428, -106.6199
  32.6503, -106.6064
  32.6554, -106.5913
  32.6630, -106.5815
  32.6758, -106.5750
  32.6885, -106.5772
  32.7013, -106.5758
  32.7140, -106.5693
  32.7268, -106.5664
  32.7395, -106.5674
  32.7523, -106.5744
  32.7646, -106.5913
  32.7523, -106.6144
  32.7475, -106.6199
  32.7395, -106.6307
  32.7268, -106.6450
  32.7247, -106.6485
  32.7140, -106.6715
  32.7104, -106.6771
  32.7013, -106.6846
  32.6885, -106.6931
  32.6815, -106.7057
  32.6758, -106.7138
  32.6630, -106.7334
  32.6627, -106.7343
  32.6503, -106.7550
  32.6461, -106.7629
  32.6375, -106.7766
  32.6260, -106.7915
  32.6248, -106.7931
  32.6120, -106.8069
  32.6074, -106.8201
  32.5993, -106.8265
  32.5866, -106.8409
  32.5789, -106.8487
  32.5738, -106.8571
  32.5649, -106.8773
  32.5611, -106.8883
  32.5550, -106.9059
  32.5483, -106.9244
  32.5370, -106.9345
  32.5356, -106.9351
  32.5228, -106.9386
  32.5101, -106.9576
  32.5060, -106.9631
  32.4973, -106.9844
  32.4947, -106.9917
  32.4942, -107.0203
  32.4846, -107.0322
  32.4718, -107.0455
  32.4686, -107.0489
  32.4591, -107.0613
  32.4502, -107.0775
  32.4463, -107.0810
  32.4336, -107.0849
  32.4209, -107.0847
  32.4081, -107.0872
  32.3954, -107.0950
  32.3826, -107.0876
  32.3699, -107.0872
  32.3571, -107.0938
  32.3444, -107.1037
  32.3316, -107.0992
  32.3189, -107.0836
End:

Color: 0 255 0
Line: 3, 0, "2026-09-29 14:20:00 UTC\nMonitor Boundary"
  35.3780, -107.1008
  35.3666, -107.0775
  35.3780, -107.0670
  35.3908, -107.0660
  35.4035, -107.0635
  35.4163, -107.0564
  35.4290, -107.0619
  35.4417, -107.0750
  35.4435, -107.0775
  35.4417, -107.0831
  35.4290, -107.1028
  35.4163, -107.1020
  35.4035, -107.0920
  35.3908, -107.1018
  35.3780, -107.1008
End:

Color: 0 255 0
Line: 3, 0, "2026-09-29 14:20:00 UTC\nMonitor Boundary"
  36.1173, -107.0532
  36.1114, -107.0489
  36.1056, -107.0203
  36.1173, -107.0027
  36.1300, -106.9962
  36.1356, -106.9917
  36.1300, -106.9877
  36.1173, -106.9835
  36.1046, -106.9840
  36.0918, -106.9784
  36.0791, -106.9736
  36.0664, -106.9631
  36.0663, -106.9629
  36.0550, -106.9345
  36.0663, -106.9166
  36.0790, -106.9059
  36.0791, -106.9059
  36.0918, -106.9052
  36.1046, -106.8989
  36.1173, -106.8952
  36.1300, -106.8959
  36.1428, -106.8973
  36.1555, -106.8964
  36.1683, -106.8844
  36.1772, -106.8773
  36.1810, -106.8754
  36.1938, -106.8750
  36.2065, -106.8751
  36.2193, -106.8755
  36.2320, -106.8763
  36.2337, -106.8773
  36.2448, -106.8885
  36.2550, -106.9059
  36.2575, -106.9095
  36.2703, -106.9225
  36.2830, -106.9272
  36.2916, -106.9345
  36.2834, -106.9631
  36.2830, -106.9635
  36.2703, -106.9739
  36.2575, -106.9747
  36.2448, -106.9750
  36.2320, -106.9746
  36.2193, -106.9743
  36.2065, -106.9749
  36.1938, -106.9749
  36.1810, -106.9752
  36.1683, -106.9809
  36.1560, -106.9917
  36.1683, -107.0070
  36.1744, -107.0203
  36.1692, -107.0489
  36.1683, -107.0498
  36.1555, -107.0550
  36.1428, -107.0549
  36.1300, -107.0543
  36.1173, -107.0532
End:

Color: 0 255 0
Line: 3, 0, "2026-09-29 14:20:00 UTC\nMonitor Boundary"
  34.3965, -106.8796
  34.3951, -106.8773
  34.3854, -106.8487
  34.3965, -106.8275
  34.4026, -106.8201
  34.4093, -106.8140
  34.4220, -106.8067
  34.4348, -106.7937
  34.4362, -106.7915
  34.4475, -106.7700
  34.4575, -106.7629
  34.4603, -106.7616
  34.4730, -106.7521
  34.4858, -106.7451
  34.4985, -106.7426
  34.5050, -106.7343
  34.5113, -106.7247
  34.5240, -106.7152
  34.5368, -106.7224
  34.5450, -106.7343
  34.5368, -106.7470
  34.5250, -106.7629
  34.5247, -106.7915
  34.5240, -106.7931
  34.5113, -106.8111
  34.4985, -106.8196
  34.4981, -106.8201
  34.4858, -106.8300
  34.4730, -106.8383
  34.4646, -106.8487
  34.4603, -106.8548
  34.4475, -106.8697
  34.4403, -106.8773
  34.4348, -106.8831
  34.4220, -106.8921
  34.4093, -106.8930
  34.3965, -106.8796
End:

Color: 0 255 0
Line: 3, 0, "2026-09-29 14:20:00 UTC\nMonitor Boundary"
  34.2308, -106.8490
  34.2305, -106.8487
  34.2308, -106.8389
  34.2317, -106.8201
  34.2436, -106.8089
  34.2563, -106.7987
  34.2691, -106.7978
  34.2818, -106.7975
  34.2946, -106.8021
  34.3043, -106.8201
  34.2946, -106.8333
  34.2818, -106.8415
  34.2700, -106.8487
  34.2691, -106.8491
  34.2563, -106.8549
  34.2436, -106.8549
  34.2308, -106.8490
End:

Color: 0 255 0
Line: 3, 0, "2026-09-29 14:20:00 UTC\nMonitor Boundary"
  34.1544, -106.6982
  34.1451, -106.6771
  34.1539, -106.6485
  34.1544, -106.6477
  34.1671, -106.6265
  34.1730, -106.6199
  34.1799, -106.6155
  34.1926, -106.6115
  34.2053, -106.6050
  34.2181, -106.6122
  34.2243, -106.6199
  34.2196, -106.6485
  34.2181, -106.6511
  34.2053, -106.6689
  34.2004, -106.6771
  34.1926, -106.6852
  34.1799, -106.6931
  34.1671, -106.7044
  34.1544, -106.6982
End:

Color: 0 255 0
Line: 3, 0, "2026-09-29 14:20:00 UTC\nMonitor Boundary"
  34.5368, -106.6545
  34.5309, -106.6485
  34.5257, -106.6199
  34.5240, -106.6153
  34.5154, -106.5913
  34.5240, -106.5789
  34.5351, -106.5627
  34.5368, -106.5580
  34.5450, -106.5341
  34.5368, -106.5207
  34.5240, -106.5109
  34.5175, -106.5055
  34.5113, -106.4901
  34.5069, -106.4769
  34.5113, -106.4719
  34.5240, -106.4650
  34.5368, -106.4676
  34.5495, -106.4658
  34.5622, -106.4756
  34.5750, -106.4670
  34.5877, -106.4553
  34.5942, -106.4482
  34.6005, -106.4423
  34.6132, -106.4293
  34.6228, -106.4196
  34.6260, -106.4173
  34.6387, -106.4141
  34.6515, -106.4056
  34.6642, -106.4070
  34.6770, -106.3987
  34.6897, -106.3981
  34.7025, -106.4006
  34.7152, -106.3969
  34.7279, -106.3986
  34.7347, -106.3910
  34.7407, -106.3767
  34.7452, -106.3624
  34.7534, -106.3506
  34.7650, -106.3338
  34.7662, -106.3318
  34.7789, -106.3157
  34.7880, -106.3052
  34.7917, -106.2897
  34.7945, -106.2766
  34.8044, -106.2503
  34.8052, -106.2480
  34.8133, -106.2194
  34.8155, -106.1908
  34.8172, -106.1869
  34.8297, -106.1622
  34.8299, -106.1618
  34.8427, -106.1453
  34.8490, -106.1336
  34.8554, -106.1266
  34.8682, -106.1180
  34.8809, -106.1173
  34.8936, -106.1314
  34.8949, -106.1336
  34.9048, -106.1622
  34.8941, -106.1908
  34.8936, -106.1922
  34.8845, -106.2194
  34.8848, -106.2480
  34.8809, -106.2592
  34.8749, -106.2766
  34.8809, -106.3000
  34.8824, -106.3052
  34.8809, -106.3116
  34.8702, -106.3338
  34.8809, -106.3526
  34.8835, -106.3624
  34.8840, -106.3910
  34.8809, -106.3977
  34.8686, -106.4196
  34.8682, -106.4202
  34.8554, -106.4387
  34.8493, -106.4482
  34.8427, -106.4573
  34.8310, -106.4769
  34.8299, -106.4781
  34.8172, -106.4894
  34.8051, -106.5055
  34.8044, -106.5065
  34.7917, -106.5245
  34.7850, -106.5341
  34.7789, -106.5450
  34.7662, -106.5613
  34.7652, -106.5627
  34.7534, -106.5830
  34.7458, -106.5913
  34.7407, -106.5982
  34.7283, -106.6199
  34.7279, -106.6203
  34.7152, -106.6304
  34.7025, -106.6346
  34.6897, -106.6339
  34.6770, -106.6348
  34.6642, -106.6299
  34.6516, -106.6199
  34.6515, -106.6196
  34.6512, -106.6199
  34.6387, -106.6271
  34.6260, -106.6349
  34.6132, -106.6319
  34.6005, -106.6377
  34.5897, -106.6485
  34.5877, -106.6516
  34.5750, -106.6672
  34.5622, -106.6728
  34.5495, -106.6614
  34.5368, -106.6545
End:

Color: 0 255 0
Line: 3, 0, "2026-09-29 14:20:00 UTC\nMonitor Boundary"
  34.4730, -106.5760
  34.4652, -106.5627
  34.4730, -106.5440
  34.4858, -106.5355
  34.4985, -106.5466
  34.5048, -106.5627
  34.4985, -106.5740
  34.4858, -106.5837
  34.4730, -106.5760
End:

Color: 0 255 0
Line: 3, 0, "2026-09-29 14:20:00 UTC\nMonitor Boundary"
  34.3328, -106.5464
  34.3245, -106.5341
  34.3201, -106.5211
  34.3150, -106.5055
  34.3201, -106.4969
  34.3328, -106.4859
  34.3456, -106.4916
  34.3550, -106.5055
  34.3583, -106.5149
  34.3650, -106.5341
  34.3583, -106.5450
  34.3456, -106.5544
  34.3328, -106.5464
End:

Color: 0 255 0
Line: 3, 0, "2026-09-29 14:20:00 UTC\nMonitor Boundary"
  34.4220, -106.4946
  34.4151, -106.4769
  34.4220, -106.4650
  34.4348, -106.4560
  34.4475, -106.4565
  34.4603, -106.4683
  34.4649, -106.4769
  34.4603, -106.4846
  34.4475, -106.5000
  34.4348, -106.5048
  34.4220, -106.4946
End:

Color: 0 255 0
Line: 3, 0, "2026-09-29 14:20:00 UTC\nMonitor Boundary"
  32.8670, -106.4530
  32.8607, -106.4482
  32.8630, -106.4196
  32.8670, -106.4129
  32.8760, -106.3910
  32.8797, -106.3816
  32.8925, -106.3672
  32.9052, -106.3730
  32.9139, -106.3910
  32.9144, -106.4196
  32.9052, -106.4390
  32.8993, -106.4482
  32.8925, -106.4533
  32.8797, -106.4543
  32.8670, -106.4530
End:

Color: 0 255 0
Line: 3, 0, "2026-09-29 14:20:00 UTC\nMonitor Boundary"
  34.9446, -106.4302
  34.9356, -106.4196
  34.9319, -106.4085
  34.9260, -106.3910
  34.9319, -106.3774
  34.9446, -106.3669
  34.9574, -106.3762
  34.9701, -106.3677
  34.9738, -106.3624
  34.9701, -106.3516
  34.9574, -106.3525
  34.9446, -106.3571
  34.9319, -106.3533
  34.9191, -106.3530
  34.9064, -106.3500
  34.8950, -106.3338
  34.9064, -106.3163
  34.9145, -106.3052
  34.9191, -106.2981
  34.9319, -106.2862
  34.9446, -106.2852
  34.9574, -106.2910
  34.9651, -106.2766
  34.9701, -106.2675
  34.9829, -106.2514
  34.9853, -106.2480
  34.9956, -106.2199
  34.9958, -106.2194
  35.0084, -106.2037
  35.0211, -106.1974
  35.0255, -106.1908
  35.0339, -106.1787
  35.0466, -106.1684
  35.0594, -106.1675
  35.0721, -106.1785
  35.0848, -106.1750
  35.0976, -106.1754
  35.1103, -106.1842
  35.1182, -106.1908
  35.1231, -106.2104
  35.1245, -106.2194
  35.1231, -106.2302
  35.1195, -106.2480
  35.1112, -106.2766
  35.1103, -106.2779
  35.0976, -106.2946
  35.0918, -106.3052
  35.0848, -106.3132
  35.0721, -106.3254
  35.0640, -106.3338
  35.0594, -106.3384
  35.0466, -106.3506
  35.0353, -106.3624
  35.0341, -106.3910
  35.0339, -106.3913
  35.0211, -106.4033
  35.0084, -106.4092
  34.9982, -106.4196
  34.9956, -106.4217
  34.9829, -106.4261
  34.9701, -106.4336
  34.9574, -106.4347
  34.9446, -106.4302
End:

Color: 0 255 0
Line: 3, 0, "2026-09-29 14:20:00 UTC\nMonitor Boundary"
  33.1984, -106.3938
  33.1940, -106.3910
  33.1901, -106.3624
  33.1984, -106.3564
  33.2111, -106.3562
  33.2200, -106.3624
  33.2159, -106.3910
  33.2111, -106.3939
  33.1984, -106.3938
End:

Color: 0 255 0
Line: 3, 0, "2026-09-29 14:20:00 UTC\nMonitor Boundary"
  35.1486, -106.3434
  35.1372, -106.3338
  35.1486, -106.3075
  35.1613, -106.3074
  35.1728, -106.3338
  35.1613, -106.3435
  35.1486, -106.3434
End:

Color: 0 255 0
Line: 3, 0, "2026-09-29 14:20:00 UTC\nMonitor Boundary"
  34.9701, -106.3193
  34.9768, -106.3052
  34.9701, -106.2911
  34.9651, -106.3052
  34.9701, -106.3193
End:

Color: 0 255 0
Line: 3, 0, "2026-09-29 14:20:00 UTC\nMonitor Boundary"
  34.3583, -106.2835
  34.3492, -106.2766
  34.3554, -106.2480
  34.3583, -106.2454
  34.3710, -106.2391
  34.3756, -106.2194
  34.3838, -106.2038
  34.3965, -106.1970
  34.4093, -106.1979
  34.4220, -106.2137
  34.4245, -106.2194
  34.4220, -106.2373
  34.4197, -106.2480
  34.4093, -106.2544
  34.3965, -106.2576
  34.3838, -106.2644
  34.3808, -106.2766
  34.3710, -106.2838
  34.3583, -106.2835
End:

Color: 0 255 0
Line: 3, 0, "2026-09-29 14:20:00 UTC\nMonitor Boundary"
  37.3410, -106.2490
  37.3399, -106.2480
  37.3410, -106.2348
  37.3433, -106.2194
  37.3537, -106.2150
  37.3664, -106.2187
  37.3673, -106.2194
  37.3698, -106.2480
  37.3664, -106.2510
  37.3537, -106.2549
  37.3410, -106.2490
End:

Color: 0 255 0
Line: 3, 0, "2026-09-29 14:20:00 UTC\nMonitor Boundary"
  35.5310, -106.0490
  35.5298, -106.0478
  35.5310, -106.0343
  35.5337, -106.0192
  35.5437, -106.0150
  35.5565, -106.0187
  35.5571, -106.0192
  35.5600, -106.0478
  35.5565, -106.0509
  35.5437, -106.0549
  35.5310, -106.0490
End:

Color: 0 255 0
Line: 3, 0, "2026-09-29 14:20:00 UTC\nMonitor Boundary"
  35.6202, -105.9667
  35.6159, -105.9620
  35.6074, -105.9536
  35.5947, -105.9541
  35.5820, -105.9484
  35.5692, -105.9437
  35.5569, -105.9334
  35.5565, -105.9325
  35.5437, -105.9176
  35.5310, -105.9144
  35.5182, -105.9133
  35.5055, -105.9050
  35.4927, -105.9049
  35.4925, -105.9048
  35.4800, -105.8978
  35.4672, -105.8800
  35.4648, -105.8762
  35.4552, -105.8476
  35.4639, -105.8190
  35.4672, -105.8070
  35.4724, -105.7903
  35.4800, -105.7619
  35.4800, -105.7617
  35.4927, -105.7401
  35.4951, -105.7331
  35.4983, -105.7045
  35.5055, -105.6981
  35.5182, -105.6954
  35.5310, -105.6956
  35.5437, -105.6976
  35.5516, -105.7045
  35.5565, -105.7097
  35.5692, -105.7189
  35.5776, -105.7045
  35.5750, -105.6759
  35.5692, -105.6591
  35.5651, -105.6473
  35.5654, -105.6187
  35.5692, -105.6080
  35.5757, -105.5901
  35.5820, -105.5810
  35.5947, -105.5626
  35.5953, -105.5615
  35.5951, -105.5329
  35.5950, -105.5043
  35.6072, -105.4757
  35.6074, -105.4755
  35.6202, -105.4628
  35.6329, -105.4559
  35.6457, -105.4608
  35.6584, -105.4648
  35.6712, -105.4664
  35.6839, -105.4749
  35.6967, -105.4751
  35.6984, -105.4757
  35.7094, -105.4817
  35.7222, -105.4907
  35.7349, -105.4760
  35.7350, -105.4757
  35.7477, -105.4530
  35.7539, -105.4471
  35.7477, -105.4409
  35.7349, -105.4299
  35.7222, -105.4204
  35.7205, -105.4185
  35.7219, -105.3899
  35.7222, -105.3895
  35.7349, -105.3726
  35.7477, -105.3673
  35.7604, -105.3723
  35.7731, -105.3752
  35.7859, -105.3725
  35.7944, -105.3613
  35.7859, -105.3529
  35.7731, -105.3461
  35.7604, -105.3490
  35.7477, -105.3387
  35.7466, -105.3327
  35.7477, -105.3291
  35.7549, -105.3041
  35.7604, -105.2887
  35.7650, -105.2755
  35.7692, -105.2469
  35.7663, -105.2183
  35.7731, -105.2106
  35.7859, -105.2050
  35.7986, -105.1999
  35.8058, -105.1897
  35.8114, -105.1816
  35.8241, -105.1685
  35.8314, -105.1611
  35.8369, -105.1555
  35.8496, -105.1490
  35.8624, -105.1368
  35.8751, -105.1389
  35.8879, -105.1510
  35.8990, -105.1611
  35.9006, -105.1668
  35.9044, -105.1897
  35.9134, -105.2144
  35.9147, -105.2183
  35.9134, -105.2215
  35.9011, -105.2469
  35.9006, -105.2477
  35.8879, -105.2678
  35.8850, -105.2755
  35.8751, -105.2991
  35.8726, -105.3041
  35.8624, -105.3154
  35.8496, -105.3261
  35.8424, -105.3327
  35.8369, -105.3362
  35.8241, -105.3332
  35.8156, -105.3613
  35.8114, -105.3650
  35.7986, -105.3720
  35.7942, -105.3899
  35.7938, -105.4185
  35.7932, -105.4471
  35.7950, -105.4757
  35.7928, -105.5043
  35.7986, -105.5110
  35.8114, -105.5175
  35.8241, -105.5316
  35.8249, -105.5329
  35.8247, -105.5615
  35.8241, -105.5628
  35.8114, -105.5813
  35.7986, -105.5826
  35.7859, -105.5806
  35.7750, -105.5901
  35.7731, -105.5926
  35.7604, -105.6098
  35.7546, -105.6187
  35.7477, -105.6292
  35.7349, -105.6412
  35.7270, -105.6473
  35.7222, -105.6516
  35.7094, -105.6637
  35.6967, -105.6612
  35.6851, -105.6473
  35.6839, -105.6427
  35.6808, -105.6473
  35.6712, -105.6534
  35.6584, -105.6692
  35.6457, -105.6745
  35.6441, -105.6759
  35.6329, -105.6902
  35.6202, -105.7041
  35.6196, -105.7045
  35.6149, -105.7331
  35.6074, -105.7541
  35.6047, -105.7617
  35.5947, -105.7892
  35.5942, -105.7903
  35.5947, -105.7975
  35.6074, -105.8147
  35.6202, -105.8061
  35.6329, -105.7961
  35.6356, -105.7903
  35.6453, -105.7617
  35.6457, -105.7610
  35.6584, -105.7430
  35.6651, -105.7331
  35.6712, -105.7170
  35.6839, -105.7053
  35.6967, -105.7094
  35.7094, -105.7222
  35.7208, -105.7331
  35.7222, -105.7404
  35.7247, -105.7617
  35.7349, -105.7731
  35.7477, -105.7732
  35.7553, -105.7617
  35.7604, -105.7537
  35.7731, -105.7397
  35.7859, -105.7360
  35.7986, -105.7335
  35.7990, -105.7331
  35.8114, -105.7254
  35.8241, -105.7250
  35.8369, -105.7251
  35.8496, -105.7318
  35.8531, -105.7331
  35.8624, -105.7378
  35.8751, -105.7477
  35.8847, -105.7617
  35.8774, -105.7903
  35.8751, -105.7923
  35.8624, -105.7987
  35.8496, -105.8185
  35.8493, -105.8190
  35.8496, -105.8201
  35.8548, -105.8476
  35.8496, -105.8551
  35.8369, -105.8647
  35.8241, -105.8591
  35.8152, -105.8476
  35.8114, -105.8417
  35.7986, -105.8343
  35.7859, -105.8407
  35.7731, -105.8434
  35.7604, -105.8425
  35.7477, -105.8432
  35.7449, -105.8476
  35.7349, -105.8600
  35.7222, -105.8644
  35.7094, -105.8643
  35.7050, -105.8762
  35.6967, -105.8958
  35.6921, -105.9048
  35.6839, -105.9140
  35.6712, -105.9221
  35.6584, -105.9293
  35.6546, -105.9334
  35.6536, -105.9620
  35.6457, -105.9705
  35.6329, -105.9748
  35.6202, -105.9667
End:

Color: 0 255 0
Line: 3, 0, "2026-09-29 14:20:00 UTC\nMonitor Boundary"
  37.4302, -105.9716
  37.4253, -105.9620
  37.4302, -105.9494
  37.4429, -105.9361
  37.4557, -105.9424
  37.4647, -105.9620
  37.4557, -105.9773
  37.4429, -105.9832
  37.4302, -105.9716
End:

Color: 0 255 0
Line: 3, 0, "2026-09-29 14:20:00 UTC\nMonitor Boundary"
  35.9516, -105.9347
  35.9487, -105.9334
  35.9389, -105.9272
  35.9261, -105.9200
  35.9134, -105.9115
  35.9006, -105.9138
  35.8879, -105.9147
  35.8751, -105.9116
  35.8679, -105.9048
  35.8673, -105.8762
  35.8751, -105.8668
  35.8879, -105.8589
  35.9006, -105.8578
  35.9134, -105.8618
  35.9247, -105.8476
  35.9261, -105.8455
  35.9389, -105.8216
  35.9412, -105.8190
  35.9389, -105.8105
  35.9356, -105.7903
  35.9261, -105.7757
  35.9163, -105.7617
  35.9134, -105.7527
  35.9051, -105.7331
  35.9006, -105.7228
  35.8950, -105.7045
  35.8950, -105.6759
  35.9006, -105.6658
  35.9134, -105.6491
  35.9177, -105.6473
  35.9261, -105.6450
  35.9323, -105.6473
  35.9389, -105.6511
  35.9516, -105.6566
  35.9643, -105.6485
  35.9651, -105.6473
  35.9741, -105.6187
  35.9756, -105.5901
  35.9771, -105.5880
  35.9898, -105.5763
  36.0026, -105.5767
  36.0153, -105.5690
  36.0281, -105.5674
  36.0408, -105.5683
  36.0536, -105.5757
  36.0643, -105.5901
  36.0589, -105.6187
  36.0602, -105.6473
  36.0554, -105.6759
  36.0623, -105.7045
  36.0536, -105.7175
  36.0449, -105.7331
  36.0438, -105.7617
  36.0408, -105.7783
  36.0375, -105.7903
  36.0281, -105.8024
  36.0166, -105.8190
  36.0248, -105.8476
  36.0212, -105.8762
  36.0153, -105.8827
  36.0026, -105.8949
  35.9931, -105.9048
  35.9898, -105.9096
  35.9771, -105.9286
  35.9701, -105.9334
  35.9643, -105.9350
  35.9516, -105.9347
End:

Color: 0 255 0
Line: 3, 0, "2026-09-29 14:20:00 UTC\nMonitor Boundary"
  37.3664, -105.9422
  37.3571, -105.9334
  37.3582, -105.9048
  37.3664, -105.8976
  37.3792, -105.8930
  37.3919, -105.8861
  37.4047, -105.8905
  37.4150, -105.9048
  37.4047, -105.9219
  37.3937, -105.9334
  37.3919, -105.9348
  37.3792, -105.9443
  37.3664, -105.9422
End:

Color: 0 255 0
Line: 3, 0, "2026-09-29 14:20:00 UTC\nMonitor Boundary"
  37.4429, -105.8890
  37.4350, -105.8762
  37.4429, -105.8514
  37.4470, -105.8476
  37.4557, -105.8450
  37.4628, -105.8476
  37.4684, -105.8521
  37.4812, -105.8727
  37.4829, -105.8762
  37.4812, -105.8825
  37.4684, -105.9046
  37.4557, -105.9022
  37.4429, -105.8890
End:

Color: 0 255 0
Line: 3, 0, "2026-09-29 14:20:00 UTC\nMonitor Boundary"
  35.7859, -105.6196
  35.7854, -105.6187
  35.7859, -105.6166
  35.7986, -105.5987
  35.8114, -105.5989
  35.8241, -105.6062
  35.8339, -105.6187
  35.8241, -105.6383
  35.8114, -105.6425
  35.7986, -105.6365
  35.7859, -105.6196
End:

Color: 0 255 0
Line: 3, 0, "2026-09-29 14:20:00 UTC\nMonitor Boundary"
  36.6017, -105.5680
  36.5937, -105.5615
  36.5889, -105.5563
  36.5762, -105.5351
  36.5751, -105.5329
  36.5750, -105.5043
  36.5762, -105.5020
  36.5889, -105.4876
  36.6017, -105.4806
  36.6123, -105.4757
  36.6144, -105.4750
  36.6169, -105.4757
  36.6272, -105.4864
  36.6325, -105.5043
  36.6399, -105.5182
  36.6526, -105.5263
  36.6604, -105.5329
  36.6555, -105.5615
  36.6526, -105.5640
  36.6399, -105.5739
  36.6272, -105.5724
  36.6144, -105.5750
  36.6017, -105.5680
End:

Color: 0 255 0
Line: 3, 0, "2026-09-29 14:20:00 UTC\nMonitor Boundary"
  36.5379, -105.4833
  36.5285, -105.4757
  36.5366, -105.4471
  36.5379, -105.4463
  36.5507, -105.4459
  36.5529, -105.4471
  36.5616, -105.4757
  36.5507, -105.4839
  36.5379, -105.4833
End:

Color: 0 255 0
Line: 3, 0, "2026-09-29 14:20:00 UTC\nMonitor Boundary"
  35.8751, -105.3928
  35.8722, -105.3899
  35.8654, -105.3613
  35.8751, -105.3402
  35.8798, -105.3327
  35.8879, -105.3244
  35.9006, -105.3260
  35.9134, -105.3293
  35.9261, -105.3250
  35.9389, -105.3255
  35.9505, -105.3327
  35.9516, -105.3343
  35.9640, -105.3613
  35.9516, -105.3731
  35.9389, -105.3787
  35.9280, -105.3899
  35.9261, -105.3914
  35.9134, -105.3961
  35.9006, -105.4034
  35.8879, -105.4026
  35.8751, -105.3928
End:

Color: 0 255 0
Line: 3, 0, "2026-09-29 14:20:00 UTC\nMonitor Boundary"
  34.9574, -103.4230
  34.9489, -103.4162
  34.9558, -103.3876
  34.9574, -103.3862
  34.9701, -103.3760
  34.9829, -103.3775
  34.9934, -103.3876
  34.9911, -103.4162
  34.9829, -103.4229
  34.9701, -103.4242
  34.9574, -103.4230
End:

Color: 0 255 0
Line: 3, 0, "2026-09-29 14:20:00 UTC\nMonitor Boundary"
  39.1127, -102.6496
  39.1073, -102.6439
  39.1127, -102.6268
  39.1239, -102.6153
  39.1254, -102.6144
  39.1382, -102.5984
  39.1509, -102.5978
  39.1637, -102.6063
  39.1671, -102.5867
  39.1637, -102.5781
  39.1564, -102.5581
  39.1637, -102.5501
  39.1764, -102.5451
  39.1892, -102.5458
  39.2019, -102.5470
  39.2137, -102.5581
  39.2107, -102.5867
  39.2021, -102.6153
  39.2019, -102.6155
  39.1892, -102.6244
  39.1764, -102.6224
  39.1637, -102.6177
  39.1509, -102.6340
  39.1427, -102.6439
  39.1382, -102.6488
  39.1254, -102.6550
  39.1127, -102.6496
End:

Color: 0 255 0
Line: 3, 0, "2026-09-29 14:20:00 UTC\nMonitor Boundary"
  39.1000, -102.5393
  39.0958, -102.5295
  39.1000, -102.5241
  39.1127, -102.5153
  39.1254, -102.5197
  39.1341, -102.5295
  39.1254, -102.5468
  39.1127, -102.5528
  39.1000, -102.5393
End:

Color: 0 255 0
Line: 3, 0, "2026-09-29 14:20:00 UTC\nMonitor Boundary"
  39.1382, -102.4741
  39.1357, -102.4722
  39.1254, -102.4617
  39.1151, -102.4436
  39.1254, -102.4301
  39.1382, -102.4259
  39.1509, -102.4274
  39.1637, -102.4415
  39.1650, -102.4436
  39.1637, -102.4491
  39.1541, -102.4722
  39.1509, -102.4740
  39.1382, -102.4741
End:

Color: 0 255 0
Line: 3, 0, "2026-09-29 14:20:00 UTC\nMonitor Boundary"
  33.3131, -102.3153
  33.3055, -102.3006
  33.3131, -102.2784
  33.3152, -102.2720
  33.3131, -102.2553
  33.3093, -102.2434
  33.3004, -102.2257
  33.2979, -102.2148
  33.3004, -102.2117
  33.3131, -102.2016
  33.3258, -102.1952
  33.3369, -102.1862
  33.3386, -102.1813
  33.3513, -102.1736
  33.3641, -102.1778
  33.3739, -102.1862
  33.3768, -102.1931
  33.3875, -102.1862
  33.3895, -102.1576
  33.3768, -102.1433
  33.3641, -102.1335
  33.3513, -102.1429
  33.3386, -102.1475
  33.3301, -102.1576
  33.3258, -102.1655
  33.3131, -102.1689
  33.3004, -102.1586
  33.2996, -102.1576
  33.2876, -102.1394
  33.2749, -102.1321
  33.2712, -102.1290
  33.2621, -102.1115
  33.2494, -102.1066
  33.2366, -102.1149
  33.2239, -102.1115
  33.2111, -102.1143
  33.1984, -102.1039
  33.1958, -102.1004
  33.1984, -102.0939
  33.2100, -102.0718
  33.2111, -102.0708
  33.2239, -102.0650
  33.2366, -102.0651
  33.2494, -102.0659
  33.2621, -102.0556
  33.2749, -102.0550
  33.2876, -102.0449
  33.2892, -102.0432
  33.3004, -102.0353
  33.3131, -102.0321
  33.3258, -102.0251
  33.3386, -102.0295
  33.3481, -102.0146
  33.3513, -102.0112
  33.3641, -102.0040
  33.3768, -101.9974
  33.3892, -101.9860
  33.3896, -101.9858
  33.4023, -101.9852
  33.4151, -101.9847
  33.4278, -101.9808
  33.4406, -101.9650
  33.4467, -101.9574
  33.4533, -101.9442
  33.4639, -101.9288
  33.4661, -101.9266
  33.4788, -101.9214
  33.4915, -101.9074
  33.5043, -101.9115
  33.5146, -101.9288
  33.5170, -101.9334
  33.5298, -101.9379
  33.5425, -101.9395
  33.5536, -101.9288
  33.5553, -101.9276
  33.5680, -101.9253
  33.5753, -101.9288
  33.5808, -101.9345
  33.5935, -101.9565
  33.5942, -101.9574
  33.6050, -101.9860
  33.6063, -101.9897
  33.6149, -101.9860
  33.6190, -101.9820
  33.6273, -101.9574
  33.6318, -101.9553
  33.6443, -101.9574
  33.6445, -101.9575
  33.6513, -101.9860
  33.6445, -101.9920
  33.6318, -101.9956
  33.6190, -101.9897
  33.6150, -102.0146
  33.6063, -102.0277
  33.5935, -102.0344
  33.5808, -102.0310
  33.5731, -102.0432
  33.5680, -102.0498
  33.5553, -102.0597
  33.5425, -102.0635
  33.5301, -102.0718
  33.5298, -102.0750
  33.5268, -102.1004
  33.5170, -102.1049
  33.5043, -102.1017
  33.5020, -102.1004
  33.4915, -102.0927
  33.4851, -102.1004
  33.4788, -102.1123
  33.4661, -102.1230
  33.4594, -102.1290
  33.4533, -102.1338
  33.4406, -102.1400
  33.4303, -102.1576
  33.4406, -102.1706
  33.4533, -102.1776
  33.4661, -102.1848
  33.4788, -102.1842
  33.4915, -102.1755
  33.5043, -102.1782
  33.5127, -102.1862
  33.5052, -102.2148
  33.5043, -102.2175
  33.4924, -102.2434
  33.4915, -102.2439
  33.4788, -102.2444
  33.4661, -102.2574
  33.4533, -102.2638
  33.4406, -102.2621
  33.4302, -102.2720
  33.4278, -102.2976
  33.4272, -102.3006
  33.4151, -102.3050
  33.4027, -102.3006
  33.4023, -102.3004
  33.3896, -102.2922
  33.3768, -102.2933
  33.3673, -102.3006
  33.3641, -102.3027
  33.3513, -102.3064
  33.3386, -102.3187
  33.3258, -102.3231
  33.3131, -102.3153
End:

Color: 0 255 0
Line: 3, 0, "2026-09-29 14:20:00 UTC\nMonitor Boundary"
  33.2621, -102.2786
  33.2564, -102.2720
  33.2621, -102.2575
  33.2749, -102.2465
  33.2876, -102.2569
  33.2936, -102.2720
  33.2876, -102.2789
  33.2749, -102.2850
  33.2621, -102.2786
End:

Color: 0 255 0
Line: 3, 0, "2026-09-29 14:20:00 UTC\nMonitor Boundary"
  38.9852, -102.2216
  38.9779, -102.2148
  38.9852, -102.1908
  38.9922, -102.1862
  38.9980, -102.1852
  39.0002, -102.1862
  39.0107, -102.2078
  39.0123, -102.2148
  39.0107, -102.2166
  38.9980, -102.2247
  38.9852, -102.2216
End:

Color: 0 255 0
Line: 3, 0, "2026-09-29 14:20:00 UTC\nMonitor Boundary"
  33.4023, -102.1866
  33.4151, -102.1941
  33.4267, -102.1862
  33.4151, -102.1718
  33.4023, -102.1855
  33.3988, -102.1862
  33.4023, -102.1866
End:

Color: 0 255 0
Line: 3, 0, "2026-09-29 14:20:00 UTC\nMonitor Boundary"
  36.0536, -102.1686
  36.0452, -102.1576
  36.0531, -102.1290
  36.0536, -102.1282
  36.0655, -102.1004
  36.0663, -102.0992
  36.0791, -102.0868
  36.0918, -102.0873
  36.1045, -102.1004
  36.0918, -102.1205
  36.0791, -102.1263
  36.0759, -102.1290
  36.0791, -102.1343
  36.0848, -102.1576
  36.0791, -102.1658
  36.0663, -102.1749
  36.0536, -102.1686
End:

Color: 0 255 0
Line: 3, 0, "2026-09-29 14:20:00 UTC\nMonitor Boundary"
  33.7720, -102.0256
  33.7593, -102.0146
  33.7592, -102.0145
  33.7465, -102.0108
  33.7337, -101.9952
  33.7286, -101.9860
  33.7337, -101.9625
  33.7374, -101.9574
  33.7465, -101.9551
  33.7592, -101.9558
  33.7720, -101.9555
  33.7847, -101.9399
  33.7941, -101.9288
  33.7847, -101.9169
  33.7758, -101.9002
  33.7847, -101.8829
  33.7975, -101.8773
  33.8102, -101.8899
  33.8204, -101.8716
  33.8182, -101.8430
  33.8102, -101.8244
  33.8082, -101.8143
  33.8102, -101.8122
  33.8230, -101.8051
  33.8357, -101.8089
  33.8416, -101.8143
  33.8357, -101.8385
  33.8316, -101.8430
  33.8357, -101.8464
  33.8484, -101.8689
  33.8497, -101.8716
  33.8612, -101.8898
  33.8739, -101.8851
  33.8867, -101.8909
  33.8994, -101.8865
  33.9122, -101.8875
  33.9249, -101.8850
  33.9377, -101.8919
  33.9443, -101.9002
  33.9393, -101.9288
  33.9377, -101.9303
  33.9249, -101.9397
  33.9149, -101.9574
  33.9122, -101.9637
  33.9016, -101.9860
  33.8994, -101.9882
  33.8867, -101.9959
  33.8739, -102.0032
  33.8612, -102.0137
  33.8484, -102.0135
  33.8471, -102.0146
  33.8357, -102.0224
  33.8230, -102.0307
  33.8102, -102.0329
  33.7975, -102.0263
  33.7847, -102.0347
  33.7720, -102.0256
End:

Color: 0 255 0
Line: 3, 0, "2026-09-29 14:20:00 UTC\nMonitor Boundary"
  31.7580, -101.9634
  31.7499, -101.9574
  31.7454, -101.9288
  31.7453, -101.9287
  31.7325, -101.9143
  31.7257, -101.9002
  31.7325, -101.8917
  31.7453, -101.8850
  31.7580, -101.8922
  31.7647, -101.9002
  31.7708, -101.9086
  31.7835, -101.9158
  31.7857, -101.9002
  31.7963, -101.8811
  31.8090, -101.8777
  31.8218, -101.8938
  31.8244, -101.9002
  31.8218, -101.9064
  31.8090, -101.9222
  31.7963, -101.9189
  31.7866, -101.9288
  31.7901, -101.9574
  31.7835, -101.9627
  31.7708, -101.9644
  31.7580, -101.9634
End:

Color: 0 255 0
Line: 3, 0, "2026-09-29 14:20:00 UTC\nMonitor Boundary"
  33.5935, -101.7906
  33.5885, -101.7857
  33.5935, -101.7635
  33.5982, -101.7571
  33.6063, -101.7543
  33.6118, -101.7571
  33.6190, -101.7725
  33.6217, -101.7857
  33.6190, -101.7885
  33.6063, -101.7949
  33.5935, -101.7906
End:

Color: 0 255 0
Line: 3, 0, "2026-09-29 14:20:00 UTC\nMonitor Boundary"
  33.9249, -101.7618
  33.9196, -101.7571
  33.9122, -101.7478
  33.8994, -101.7438
  33.8867, -101.7415
  33.8753, -101.7285
  33.8857, -101.6999
  33.8867, -101.6969
  33.8954, -101.6713
  33.8867, -101.6571
  33.8767, -101.6427
  33.8750, -101.6141
  33.8867, -101.5870
  33.8875, -101.5855
  33.8994, -101.5762
  33.9122, -101.5753
  33.9249, -101.5752
  33.9367, -101.5569
  33.9377, -101.5557
  33.9504, -101.5459
  33.9632, -101.5476
  33.9756, -101.5569
  33.9759, -101.5573
  33.9777, -101.5569
  33.9887, -101.5554
  33.9920, -101.5569
  34.0014, -101.5727
  34.0050, -101.5855
  34.0014, -101.5958
  33.9950, -101.6141
  34.0014, -101.6235
  34.0141, -101.6251
  34.0269, -101.6320
  34.0349, -101.6427
  34.0269, -101.6706
  34.0262, -101.6713
  34.0141, -101.6761
  34.0014, -101.6804
  33.9943, -101.6999
  33.9887, -101.7122
  33.9793, -101.7285
  33.9759, -101.7315
  33.9632, -101.7392
  33.9509, -101.7571
  33.9504, -101.7576
  33.9377, -101.7648
  33.9249, -101.7618
End:

Color: 0 255 0
Line: 3, 0, "2026-09-29 14:20:00 UTC\nMonitor Boundary"
  33.6318, -101.7383
  33.6254, -101.7285
  33.6257, -101.6999
  33.6318, -101.6870
  33.6445, -101.6769
  33.6573, -101.6855
  33.6643, -101.6999
  33.6646, -101.7285
  33.6573, -101.7381
  33.6445, -101.7450
  33.6318, -101.7383
End:

Color: 0 255 0
Line: 3, 0, "2026-09-29 14:20:00 UTC\nMonitor Boundary"
  33.5808, -101.6745
  33.5748, -101.6713
  33.5695, -101.6427
  33.5808, -101.6356
  33.5935, -101.6346
  33.6002, -101.6427
  33.5959, -101.6713
  33.5935, -101.6730
  33.5808, -101.6745
End:

Color: 0 255 0
Line: 3, 0, "2026-09-29 14:20:00 UTC\nMonitor Boundary"
  33.6190, -101.6244
  33.6073, -101.6141
  33.6190, -101.5867
  33.6318, -101.5874
  33.6426, -101.6141
  33.6318, -101.6233
  33.6190, -101.6244
End:

Color: 0 255 0
Line: 3, 0, "2026-09-29 14:20:00 UTC\nMonitor Boundary"
  35.3143, -101.5395
  35.3053, -101.5283
  35.3143, -101.5129
  35.3270, -101.5069
  35.3398, -101.5185
  35.3447, -101.5283
  35.3398, -101.5353
  35.3270, -101.5447
  35.3143, -101.5395
End:

Color: 0 255 0
Line: 3, 0, "2026-09-29 14:20:00 UTC\nMonitor Boundary"
  35.4290, -101.5339
  35.4208, -101.5283
  35.4163, -101.5039
  35.4157, -101.4997
  35.4163, -101.4989
  35.4290, -101.4867
  35.4417, -101.4871
  35.4543, -101.4997
  35.4492, -101.5283
  35.4417, -101.5336
  35.4290, -101.5339
End:

Color: 0 255 0
Line: 3, 0, "2026-09-29 14:20:00 UTC\nMonitor Boundary"
  33.7082, -101.5037
  33.7023, -101.4997
  33.6955, -101.4907
  33.6854, -101.4711
  33.6955, -101.4515
  33.7082, -101.4469
  33.7210, -101.4572
  33.7266, -101.4425
  33.7337, -101.4247
  33.7431, -101.4139
  33.7465, -101.4114
  33.7592, -101.3973
  33.7720, -101.3981
  33.7847, -101.4035
  33.7975, -101.4101
  33.8013, -101.4139
  33.8034, -101.4425
  33.7975, -101.4497
  33.7847, -101.4624
  33.7759, -101.4711
  33.7720, -101.4764
  33.7592, -101.4974
  33.7582, -101.4997
  33.7465, -101.5049
  33.7337, -101.5013
  33.7210, -101.5039
  33.7082, -101.5037
End:

Color: 0 255 0
Line: 3, 0, "2026-09-29 14:20:00 UTC\nMonitor Boundary"
  35.1868, -101.4731
  35.1839, -101.4711
  35.1800, -101.4425
  35.1868, -101.4371
  35.1996, -101.4357
  35.2102, -101.4425
  35.2056, -101.4711
  35.1996, -101.4744
  35.1868, -101.4731
End:

Color: 0 255 0
Line: 3, 0, "2026-09-29 14:20:00 UTC\nMonitor Boundary"
  35.4163, -101.4458
  35.4070, -101.4425
  35.4035, -101.4397
  35.3950, -101.4139
  35.4035, -101.4020
  35.4163, -101.3952
  35.4290, -101.3948
  35.4381, -101.3853
  35.4370, -101.3567
  35.4290, -101.3405
  35.4206, -101.3281
  35.4163, -101.3100
  35.4035, -101.3074
  35.3914, -101.2995
  35.3908, -101.2979
  35.3855, -101.2709
  35.3780, -101.2601
  35.3653, -101.2512
  35.3565, -101.2423
  35.3653, -101.2224
  35.3780, -101.2169
  35.3908, -101.2340
  35.3936, -101.2423
  35.4035, -101.2530
  35.4163, -101.2607
  35.4290, -101.2531
  35.4417, -101.2471
  35.4545, -101.2515
  35.4645, -101.2709
  35.4641, -101.2995
  35.4672, -101.3076
  35.4747, -101.3281
  35.4730, -101.3567
  35.4719, -101.3853
  35.4750, -101.4139
  35.4672, -101.4263
  35.4545, -101.4343
  35.4417, -101.4367
  35.4332, -101.4425
  35.4290, -101.4461
  35.4163, -101.4458
End:

Color: 0 255 0
Line: 3, 0, "2026-09-29 14:20:00 UTC\nMonitor Boundary"
  35.0211, -101.3588
  35.0190, -101.3567
  35.0211, -101.3425
  35.0260, -101.3281
  35.0339, -101.3250
  35.0447, -101.3281
  35.0466, -101.3317
  35.0509, -101.3567
  35.0466, -101.3607
  35.0339, -101.3650
  35.0211, -101.3588
End:

Color: 0 255 0
Line: 3, 0, "2026-09-29 14:20:00 UTC\nMonitor Boundary"
  41.8532, -101.2711
  41.8529, -101.2709
  41.8499, -101.2423
  41.8532, -101.2366
  41.8649, -101.2137
  41.8659, -101.2121
  41.8787, -101.1976
  41.8914, -101.1977
  41.9042, -101.2073
  41.9050, -101.2137
  41.9042, -101.2158
  41.8936, -101.2423
  41.8914, -101.2468
  41.8787, -101.2688
  41.8763, -101.2709
  41.8659, -101.2750
  41.8532, -101.2711
End:

Color: 0 255 0
Line: 3, 0, "2026-09-29 14:20:00 UTC\nMonitor Boundary"
  39.2784, -101.1635
  39.2691, -101.1565
  39.2756, -101.1278
  39.2784, -101.1262
  39.2911, -101.1260
  39.2943, -101.1278
  39.3010, -101.1565
  39.2911, -101.1637
  39.2784, -101.1635
End:

Color: 0 255 0
Line: 3, 0, "2026-09-29 14:20:00 UTC\nMonitor Boundary"
  41.9042, -101.1783
  41.8951, -101.1565
  41.9042, -101.1403
  41.9144, -101.1278
  41.9169, -101.1242
  41.9296, -101.1082
  41.9424, -101.1095
  41.9548, -101.1278
  41.9449, -101.1565
  41.9424, -101.1609
  41.9296, -101.1781
  41.9169, -101.1848
  41.9042, -101.1783
End:

Color: 0 255 0
Line: 3, 0, "2026-09-29 14:20:00 UTC\nMonitor Boundary"
  37.5959, -100.3701
  37.5850, -100.3555
  37.5959, -100.3403
  37.6086, -100.3366
  37.6214, -100.3491
  37.6250, -100.3555
  37.6214, -100.3616
  37.6086, -100.3737
  37.5959, -100.3701
End:

Color: 0 255 0
Line: 3, 0, "2026-09-29 14:20:00 UTC\nMonitor Boundary"
  42.2101, -100.1342
  42.1991, -100.1267
  42.2056, -100.0981
  42.2056, -100.0695
  42.2101, -100.0441
  42.2112, -100.0409
  42.2228, -100.0318
  42.2352, -100.0123
  42.2350, -99.9837
  42.2349, -99.9551
  42.2228, -99.9390
  42.2151, -99.9265
  42.2228, -99.9124
  42.2349, -99.8979
  42.2259, -99.8693
  42.2255, -99.8407
  42.2352, -99.8120
  42.2356, -99.8110
  42.2449, -99.7834
  42.2476, -99.7548
  42.2483, -99.7517
  42.2542, -99.7262
  42.2611, -99.7092
  42.2652, -99.6976
  42.2711, -99.6690
  42.2658, -99.6404
  42.2611, -99.6277
  42.2553, -99.6118
  42.2483, -99.6033
  42.2356, -99.5990
  42.2251, -99.5832
  42.2350, -99.5546
  42.2356, -99.5466
  42.2373, -99.5260
  42.2483, -99.5139
  42.2611, -99.5030
  42.2639, -99.4974
  42.2738, -99.4732
  42.2754, -99.4688
  42.2865, -99.4475
  42.2925, -99.4402
  42.2993, -99.4285
  42.3053, -99.4116
  42.3120, -99.4013
  42.3248, -99.3835
  42.3251, -99.3830
  42.3375, -99.3648
  42.3448, -99.3544
  42.3503, -99.3453
  42.3630, -99.3286
  42.3650, -99.3258
  42.3751, -99.2972
  42.3758, -99.2941
  42.3846, -99.2686
  42.3885, -99.2542
  42.3928, -99.2400
  42.4013, -99.2349
  42.4140, -99.2314
  42.4268, -99.2207
  42.4395, -99.2181
  42.4443, -99.2114
  42.4522, -99.1960
  42.4597, -99.1828
  42.4650, -99.1782
  42.4777, -99.1752
  42.4905, -99.1823
  42.4908, -99.1828
  42.4905, -99.1854
  42.4870, -99.2114
  42.4777, -99.2306
  42.4743, -99.2400
  42.4650, -99.2656
  42.4639, -99.2686
  42.4650, -99.2720
  42.4732, -99.2972
  42.4715, -99.3258
  42.4777, -99.3430
  42.4817, -99.3544
  42.4777, -99.3723
  42.4713, -99.3830
  42.4650, -99.3856
  42.4522, -99.3882
  42.4395, -99.4047
  42.4347, -99.4116
  42.4268, -99.4259
  42.4140, -99.4342
  42.4070, -99.4402
  42.4013, -99.4456
  42.3885, -99.4626
  42.3846, -99.4688
  42.3758, -99.4880
  42.3701, -99.4974
  42.3650, -99.5260
  42.3630, -99.5316
  42.3550, -99.5546
  42.3531, -99.5832
  42.3547, -99.6118
  42.3503, -99.6346
  42.3484, -99.6404
  42.3503, -99.6464
  42.3546, -99.6690
  42.3630, -99.6827
  42.3758, -99.6704
  42.3759, -99.6690
  42.3885, -99.6513
  42.3956, -99.6404
  42.4001, -99.6118
  42.3951, -99.5832
  42.4013, -99.5654
  42.4050, -99.5546
  42.4140, -99.5329
  42.4174, -99.5260
  42.4268, -99.5154
  42.4395, -99.5048
  42.4446, -99.4974
  42.4461, -99.4688
  42.4522, -99.4603
  42.4650, -99.4496
  42.4777, -99.4472
  42.4905, -99.4601
  42.4946, -99.4688
  42.4948, -99.4974
  42.4937, -99.5260
  42.5032, -99.5484
  42.5050, -99.5546
  42.5049, -99.5832
  42.5032, -99.5906
  42.4964, -99.6118
  42.4942, -99.6404
  42.4905, -99.6459
  42.4777, -99.6638
  42.4745, -99.6690
  42.4650, -99.6811
  42.4522, -99.6952
  42.4500, -99.6976
  42.4395, -99.7043
  42.4268, -99.7055
  42.4201, -99.6976
  42.4140, -99.6913
  42.4013, -99.6909
  42.3885, -99.6933
  42.3830, -99.6976
  42.3885, -99.7028
  42.4013, -99.7055
  42.4128, -99.7262
  42.4013, -99.7525
  42.3999, -99.7548
  42.3949, -99.7834
  42.3885, -99.7953
  42.3758, -99.8118
  42.3756, -99.8120
  42.3667, -99.8407
  42.3630, -99.8436
  42.3503, -99.8490
  42.3388, -99.8693
  42.3375, -99.8715
  42.3248, -99.8881
  42.3166, -99.8979
  42.3120, -99.9056
  42.3016, -99.9265
  42.3021, -99.9551
  42.2993, -99.9605
  42.2865, -99.9797
  42.2850, -99.9837
  42.2748, -100.0123
  42.2845, -100.0409
  42.2738, -100.0589
  42.2611, -100.0623
  42.2554, -100.0695
  42.2483, -100.0830
  42.2356, -100.0933
  42.2267, -100.0981
  42.2307, -100.1267
  42.2228, -100.1330
  42.2101, -100.1342
End:

Color: 0 255 0
Line: 3, 0, "2026-09-29 14:20:00 UTC\nMonitor Boundary"
  46.3271, -99.8522
  46.3159, -99.8407
  46.3271, -99.8204
  46.3399, -99.8172
  46.3463, -99.8120
  46.3399, -99.7909
  46.3388, -99.7834
  46.3399, -99.7813
  46.3526, -99.7612
  46.3550, -99.7548
  46.3589, -99.7262
  46.3652, -99.6976
  46.3654, -99.6730
  46.3654, -99.6690
  46.3781, -99.6494
  46.3909, -99.6487
  46.4036, -99.6667
  46.4048, -99.6690
  46.4164, -99.6809
  46.4254, -99.6690
  46.4291, -99.6610
  46.4419, -99.6462
  46.4458, -99.6404
  46.4546, -99.6162
  46.4563, -99.6118
  46.4551, -99.5832
  46.4647, -99.5546
  46.4650, -99.5260
  46.4674, -99.5216
  46.4801, -99.5022
  46.4846, -99.4974
  46.4928, -99.4886
  46.5056, -99.4696
  46.5060, -99.4688
  46.5156, -99.4402
  46.5183, -99.4360
  46.5311, -99.4190
  46.5363, -99.4116
  46.5351, -99.3830
  46.5438, -99.3625
  46.5483, -99.3544
  46.5566, -99.3455
  46.5693, -99.3361
  46.5745, -99.3258
  46.5821, -99.3132
  46.5948, -99.2979
  46.5971, -99.2972
  46.6076, -99.2922
  46.6203, -99.2720
  46.6230, -99.2686
  46.6331, -99.2533
  46.6424, -99.2400
  46.6458, -99.2366
  46.6586, -99.2236
  46.6713, -99.2177
  46.6840, -99.2189
  46.6941, -99.2114
  46.6968, -99.2072
  46.7051, -99.1828
  46.7095, -99.1724
  46.7185, -99.1541
  46.7223, -99.1449
  46.7350, -99.1255
  46.7350, -99.1255
  46.7451, -99.0969
  46.7478, -99.0898
  46.7562, -99.0683
  46.7605, -99.0623
  46.7733, -99.0493
  46.7827, -99.0397
  46.7860, -99.0341
  46.7954, -99.0111
  46.7988, -99.0063
  46.8115, -98.9957
  46.8243, -98.9988
  46.8370, -98.9894
  46.8399, -98.9825
  46.8497, -98.9738
  46.8625, -98.9655
  46.8752, -98.9703
  46.8848, -98.9825
  46.8846, -99.0111
  46.8844, -99.0397
  46.8847, -99.0683
  46.8752, -99.0891
  46.8705, -99.0969
  46.8625, -99.1236
  46.8619, -99.1255
  46.8517, -99.1541
  46.8497, -99.1643
  46.8461, -99.1828
  46.8370, -99.2048
  46.8346, -99.2114
  46.8243, -99.2313
  46.8173, -99.2400
  46.8115, -99.2455
  46.7988, -99.2521
  46.7860, -99.2663
  46.7847, -99.2686
  46.7803, -99.2972
  46.7733, -99.3046
  46.7605, -99.3127
  46.7531, -99.3258
  46.7478, -99.3430
  46.7450, -99.3544
  46.7350, -99.3826
  46.7349, -99.3830
  46.7223, -99.4008
  46.7095, -99.4044
  46.7047, -99.4116
  46.6978, -99.4402
  46.6968, -99.4419
  46.6846, -99.4688
  46.6840, -99.4697
  46.6713, -99.4854
  46.6605, -99.4974
  46.6586, -99.4997
  46.6458, -99.5112
  46.6331, -99.5242
  46.6314, -99.5260
  46.6250, -99.5546
  46.6203, -99.5626
  46.6076, -99.5779
  46.6030, -99.5832
  46.5948, -99.5932
  46.5821, -99.6050
  46.5758, -99.6118
  46.5693, -99.6179
  46.5566, -99.6309
  46.5471, -99.6404
  46.5438, -99.6460
  46.5346, -99.6690
  46.5311, -99.6740
  46.5183, -99.6845
  46.5056, -99.6963
  46.5048, -99.6976
  46.4951, -99.7262
  46.4928, -99.7331
  46.4801, -99.7539
  46.4674, -99.7522
  46.4550, -99.7262
  46.4565, -99.6976
  46.4546, -99.6934
  46.4475, -99.6976
  46.4539, -99.7262
  46.4419, -99.7405
  46.4350, -99.7548
  46.4330, -99.7834
  46.4291, -99.7878
  46.4164, -99.7977
  46.4048, -99.8120
  46.4036, -99.8180
  46.3964, -99.8407
  46.3909, -99.8440
  46.3781, -99.8437
  46.3735, -99.8407
  46.3654, -99.8310
  46.3555, -99.8407
  46.3526, -99.8428
  46.3399, -99.8539
  46.3271, -99.8522
End:

Color: 0 255 0
Line: 3, 0, "2026-09-29 14:20:00 UTC\nMonitor Boundary"
  42.1718, -99.7362
  42.1650, -99.7262
  42.1718, -99.7088
  42.1766, -99.6976
  42.1846, -99.6892
  42.1973, -99.6852
  42.2101, -99.6935
  42.2135, -99.6976
  42.2114, -99.7262
  42.2101, -99.7279
  42.1973, -99.7380
  42.1846, -99.7450
  42.1718, -99.7362
End:

Color: 0 255 0
Line: 3, 0, "2026-09-29 14:20:00 UTC\nMonitor Boundary"
  40.8717, -99.6995
  40.8697, -99.6976
  40.8660, -99.6690
  40.8590, -99.6494
  40.8558, -99.6404
  40.8590, -99.6326
  40.8717, -99.6175
  40.8844, -99.6220
  40.8972, -99.6382
  40.9099, -99.6306
  40.9201, -99.6118
  40.9227, -99.6096
  40.9354, -99.6050
  40.9482, -99.6103
  40.9498, -99.6118
  40.9482, -99.6355
  40.9478, -99.6404
  40.9354, -99.6503
  40.9227, -99.6547
  40.9099, -99.6523
  40.9040, -99.6690
  40.9002, -99.6976
  40.8972, -99.7004
  40.8844, -99.7050
  40.8717, -99.6995
End:

Color: 0 255 0
Line: 3, 0, "2026-09-29 14:20:00 UTC\nMonitor Boundary"
  46.3654, -99.5915
  46.3570, -99.5832
  46.3550, -99.5546
  46.3654, -99.5404
  46.3781, -99.5361
  46.3909, -99.5478
  46.3950, -99.5546
  46.3932, -99.5832
  46.3909, -99.5859
  46.3781, -99.5946
  46.3654, -99.5915
End:

Color: 0 255 0
Line: 3, 0, "2026-09-29 14:20:00 UTC\nMonitor Boundary"
  40.8080, -99.5552
  40.8075, -99.5546
  40.8080, -99.5525
  40.8196, -99.5260
  40.8207, -99.5255
  40.8258, -99.5260
  40.8335, -99.5288
  40.8422, -99.5546
  40.8335, -99.5624
  40.8207, -99.5643
  40.8080, -99.5552
End:

Color: 0 255 0
Line: 3, 0, "2026-09-29 14:20:00 UTC\nMonitor Boundary"
  34.5495, -99.4202
  34.5453, -99.4116
  34.5495, -99.4056
  34.5622, -99.3955
  34.5750, -99.3975
  34.5877, -99.3856
  34.5893, -99.3830
  34.6005, -99.3757
  34.6132, -99.3772
  34.6204, -99.3830
  34.6155, -99.4116
  34.6132, -99.4136
  34.6005, -99.4237
  34.5877, -99.4237
  34.5750, -99.4279
  34.5622, -99.4329
  34.5495, -99.4202
End:

Color: 0 255 0
Line: 3, 0, "2026-09-29 14:20:00 UTC\nMonitor Boundary"
  40.8207, -99.3931
  40.8151, -99.3830
  40.8207, -99.3748
  40.8335, -99.3652
  40.8462, -99.3714
  40.8549, -99.3830
  40.8462, -99.3971
  40.8335, -99.4037
  40.8207, -99.3931
End:

Color: 0 255 0
Line: 3, 0, "2026-09-29 14:20:00 UTC\nMonitor Boundary"
  44.7211, -99.3879
  44.7151, -99.3830
  44.7084, -99.3758
  44.6956, -99.3556
  44.6950, -99.3544
  44.6956, -99.3522
  44.7084, -99.3265
  44.7143, -99.3258
  44.7211, -99.3251
  44.7338, -99.3105
  44.7461, -99.2972
  44.7466, -99.2969
  44.7593, -99.2955
  44.7627, -99.2972
  44.7721, -99.3075
  44.7825, -99.3258
  44.7721, -99.3524
  44.7616, -99.3544
  44.7593, -99.3551
  44.7531, -99.3830
  44.7466, -99.3900
  44.7338, -99.3949
  44.7211, -99.3879
End:

Color: 0 255 0
Line: 3, 0, "2026-09-29 14:20:00 UTC\nMonitor Boundary"
  34.6897, -99.3640
  34.6774, -99.3544
  34.6896, -99.3258
  34.6897, -99.3257
  34.6908, -99.3258
  34.7025, -99.3278
  34.7124, -99.3544
  34.7025, -99.3630
  34.6897, -99.3640
End:

Color: 0 255 0
Line: 3, 0, "2026-09-29 14:20:00 UTC\nMonitor Boundary"
  34.8809, -99.2745
  34.8709, -99.2686
  34.8682, -99.2571
  34.8657, -99.2400
  34.8682, -99.2339
  34.8809, -99.2179
  34.8936, -99.2152
  34.8962, -99.2114
  34.9064, -99.1911
  34.9191, -99.1878
  34.9237, -99.1828
  34.9319, -99.1682
  34.9446, -99.1560
  34.9574, -99.1668
  34.9633, -99.1828
  34.9574, -99.1892
  34.9446, -99.1983
  34.9339, -99.2114
  34.9319, -99.2143
  34.9191, -99.2322
  34.9143, -99.2400
  34.9064, -99.2567
  34.8990, -99.2686
  34.8936, -99.2727
  34.8809, -99.2745
End:

Color: 0 255 0
Line: 3, 0, "2026-09-29 14:20:00 UTC\nMonitor Boundary"
  42.5160, -99.1697
  42.5050, -99.1541
  42.5160, -99.1289
  42.5272, -99.1255
  42.5287, -99.1254
  42.5292, -99.1255
  42.5415, -99.1430
  42.5450, -99.1541
  42.5415, -99.1605
  42.5287, -99.1733
  42.5160, -99.1697
End:

Color: 0 255 0
Line: 3, 0, "2026-09-29 14:20:00 UTC\nMonitor Boundary"
  35.2633, -99.1006
  35.2593, -99.0969
  35.2633, -99.0712
  35.2646, -99.0683
  35.2760, -99.0620
  35.2888, -99.0488
  35.3015, -99.0490
  35.3143, -99.0673
  35.3147, -99.0683
  35.3143, -99.0696
  35.3015, -99.0916
  35.2936, -99.0969
  35.2888, -99.0990
  35.2760, -99.1050
  35.2633, -99.1006
End:

Color: 0 255 0
Line: 3, 0, "2026-09-29 14:20:00 UTC\nMonitor Boundary"
  46.6968, -99.1198
  46.6869, -99.0969
  46.6968, -99.0876
  46.7095, -99.0858
  46.7223, -99.0957
  46.7234, -99.0969
  46.7223, -99.1004
  46.7095, -99.1230
  46.6968, -99.1198
End:

Color: 0 255 0
Line: 3, 0, "2026-09-29 14:20:00 UTC\nMonitor Boundary"
  33.7337, -99.0450
  33.7218, -99.0397
  33.7210, -99.0241
  33.7206, -99.0111
  33.7082, -98.9966
  33.6966, -98.9825
  33.7082, -98.9590
  33.7210, -98.9584
  33.7335, -98.9825
  33.7337, -98.9834
  33.7465, -99.0072
  33.7490, -99.0111
  33.7482, -99.0397
  33.7465, -99.0412
  33.7337, -99.0450
End:

Color: 0 255 0
Line: 3, 0, "2026-09-29 14:20:00 UTC\nMonitor Boundary"
  35.3653, -99.0507
  35.3556, -99.0397
  35.3554, -99.0111
  35.3653, -98.9995
  35.3780, -98.9955
  35.3908, -98.9921
  35.4035, -98.9865
  35.4163, -98.9864
  35.4290, -98.9872
  35.4417, -99.0037
  35.4446, -99.0111
  35.4417, -99.0269
  35.4376, -99.0397
  35.4290, -99.0445
  35.4163, -99.0428
  35.4106, -99.0397
  35.4035, -99.0344
  35.3976, -99.0397
  35.3908, -99.0454
  35.3780, -99.0545
  35.3653, -99.0507
End:

Color: 0 255 0
Line: 3, 0, "2026-09-29 14:20:00 UTC\nMonitor Boundary"
  35.4927, -99.0189
  35.4861, -99.0111
  35.4852, -98.9825
  35.4927, -98.9645
  35.4985, -98.9539
  35.5055, -98.9480
  35.5182, -98.9454
  35.5310, -98.9462
  35.5413, -98.9539
  35.5437, -98.9588
  35.5533, -98.9825
  35.5437, -98.9920
  35.5310, -99.0006
  35.5239, -99.0111
  35.5182, -99.0180
  35.5055, -99.0250
  35.4927, -99.0189
End:

Color: 0 255 0
Line: 3, 0, "2026-09-29 14:20:00 UTC\nMonitor Boundary"
  35.5692, -98.9858
  35.5631, -98.9825
  35.5587, -98.9539
  35.5692, -98.9462
  35.5820, -98.9461
  35.5947, -98.9391
  35.6074, -98.9276
  35.6115, -98.9253
  35.6202, -98.9225
  35.6329, -98.9142
  35.6457, -98.9076
  35.6574, -98.8967
  35.6584, -98.8961
  35.6712, -98.8952
  35.6839, -98.8896
  35.6967, -98.8851
  35.7094, -98.8827
  35.7222, -98.8766
  35.7349, -98.8759
  35.7477, -98.8830
  35.7604, -98.8860
  35.7731, -98.8848
  35.7859, -98.8800
  35.7953, -98.8681
  35.7986, -98.8661
  35.8114, -98.8661
  35.8147, -98.8681
  35.8241, -98.8931
  35.8249, -98.8967
  35.8241, -98.8981
  35.8114, -98.9164
  35.7986, -98.9240
  35.7859, -98.9188
  35.7827, -98.9253
  35.7731, -98.9327
  35.7604, -98.9345
  35.7477, -98.9395
  35.7349, -98.9521
  35.7271, -98.9539
  35.7222, -98.9548
  35.7094, -98.9546
  35.6967, -98.9601
  35.6839, -98.9650
  35.6712, -98.9644
  35.6584, -98.9645
  35.6457, -98.9663
  35.6329, -98.9705
  35.6202, -98.9727
  35.6074, -98.9794
  35.6054, -98.9825
  35.5947, -98.9913
  35.5820, -98.9946
  35.5692, -98.9858
End:

Color: 0 255 0
Line: 3, 0, "2026-09-29 14:20:00 UTC\nMonitor Boundary"
  46.6586, -98.9634
  46.6473, -98.9539
  46.6458, -98.9370
  46.6450, -98.9253
  46.6451, -98.8967
  46.6331, -98.8793
  46.6203, -98.8685
  46.6199, -98.8681
  46.6156, -98.8395
  46.6203, -98.8130
  46.6209, -98.8109
  46.6203, -98.8100
  46.6076, -98.7957
  46.5948, -98.7855
  46.5868, -98.7823
  46.5821, -98.7720
  46.5788, -98.7537
  46.5779, -98.7251
  46.5821, -98.7121
  46.5872, -98.6965
  46.5948, -98.6694
  46.5952, -98.6679
  46.5959, -98.6393
  46.6058, -98.6107
  46.6052, -98.5821
  46.6076, -98.5753
  46.6151, -98.5535
  46.6150, -98.5249
  46.6186, -98.4963
  46.6076, -98.4733
  46.6052, -98.4676
  46.6076, -98.4564
  46.6142, -98.4390
  46.6203, -98.4277
  46.6256, -98.4104
  46.6253, -98.3818
  46.6251, -98.3532
  46.6331, -98.3303
  46.6350, -98.3246
  46.6448, -98.2960
  46.6458, -98.2928
  46.6540, -98.2674
  46.6586, -98.2525
  46.6634, -98.2388
  46.6713, -98.2278
  46.6819, -98.2102
  46.6840, -98.2067
  46.6968, -98.1906
  46.7095, -98.1826
  46.7103, -98.1816
  46.7223, -98.1724
  46.7350, -98.1650
  46.7478, -98.1725
  46.7605, -98.1812
  46.7733, -98.1751
  46.7860, -98.1787
  46.7894, -98.1816
  46.7988, -98.1980
  46.8044, -98.2102
  46.7988, -98.2266
  46.7946, -98.2388
  46.7988, -98.2527
  46.8034, -98.2674
  46.7988, -98.2826
  46.7950, -98.2960
  46.7950, -98.3246
  46.7988, -98.3437
  46.8010, -98.3532
  46.8115, -98.3700
  46.8243, -98.3590
  46.8370, -98.3562
  46.8497, -98.3572
  46.8625, -98.3563
  46.8645, -98.3532
  46.8625, -98.3436
  46.8582, -98.3246
  46.8625, -98.3112
  46.8674, -98.2960
  46.8698, -98.2674
  46.8737, -98.2388
  46.8752, -98.2169
  46.8756, -98.2102
  46.8753, -98.1816
  46.8752, -98.1815
  46.8625, -98.1655
  46.8551, -98.1530
  46.8550, -98.1244
  46.8625, -98.1063
  46.8675, -98.0958
  46.8752, -98.0867
  46.8880, -98.0787
  46.9007, -98.0778
  46.9135, -98.0701
  46.9181, -98.0672
  46.9262, -98.0617
  46.9353, -98.0386
  46.9347, -98.0100
  46.9262, -98.0007
  46.9135, -97.9912
  46.9033, -97.9814
  46.9007, -97.9785
  46.8880, -97.9585
  46.8851, -97.9528
  46.8873, -97.9242
  46.8874, -97.8956
  46.8880, -97.8935
  46.8951, -97.8670
  46.9007, -97.8511
  46.9053, -97.8384
  46.9135, -97.8156
  46.9156, -97.8097
  46.9254, -97.7811
  46.9262, -97.7798
  46.9390, -97.7618
  46.9452, -97.7525
  46.9486, -97.7239
  46.9390, -97.7094
  46.9281, -97.6953
  46.9262, -97.6932
  46.9135, -97.6853
  46.9007, -97.6836
  46.8880, -97.6753
  46.8793, -97.6667
  46.8851, -97.6381
  46.8752, -97.6232
  46.8625, -97.6254
  46.8501, -97.6381
  46.8497, -97.6384
  46.8370, -97.6449
  46.8243, -97.6450
  46.8115, -97.6446
  46.7988, -97.6446
  46.7860, -97.6425
  46.7788, -97.6381
  46.7733, -97.6329
  46.7605, -97.6320
  46.7478, -97.6326
  46.7350, -97.6331
  46.7301, -97.6381
  46.7223, -97.6434
  46.7095, -97.6474
  46.6968, -97.6603
  46.6840, -97.6634
  46.6713, -97.6589
  46.6586, -97.6527
  46.6458, -97.6550
  46.6331, -97.6483
  46.6203, -97.6385
  46.6199, -97.6381
  46.6122, -97.6095
  46.6076, -97.6037
  46.5960, -97.5809
  46.5952, -97.5523
  46.6076, -97.5254
  46.6087, -97.5237
  46.6203, -97.5123
  46.6331, -97.4995
  46.6373, -97.4951
  46.6458, -97.4880
  46.6586, -97.4855
  46.6713, -97.4939
  46.6723, -97.4951
  46.6713, -97.4997
  46.6643, -97.5237
  46.6586, -97.5293
  46.6458, -97.5443
  46.6398, -97.5523
  46.6445, -97.5809
  46.6458, -97.5845
  46.6586, -97.6029
  46.6665, -97.6095
  46.6713, -97.6135
  46.6840, -97.6186
  46.6931, -97.6095
  46.6968, -97.6069
  46.7095, -97.6043
  46.7223, -97.5954
  46.7350, -97.5950
  46.7478, -97.5954
  46.7605, -97.5960
  46.7733, -97.5952
  46.7860, -97.5951
  46.7988, -97.6028
  46.8115, -97.6052
  46.8243, -97.6041
  46.8370, -97.5951
  46.8497, -97.5825
  46.8513, -97.5809
  46.8625, -97.5752
  46.8752, -97.5750
  46.8880, -97.5753
  46.8986, -97.5809
  46.9007, -97.5831
  46.9135, -97.5870
  46.9205, -97.5809
  46.9262, -97.5773
  46.9390, -97.5755
  46.9517, -97.5753
  46.9645, -97.5750
  46.9772, -97.5794
  46.9790, -97.5809
  46.9900, -97.5923
  47.0027, -97.6065
  47.0154, -97.5809
  47.0155, -97.5809
  47.0282, -97.5639
  47.0395, -97.5523
  47.0409, -97.5500
  47.0537, -97.5331
  47.0664, -97.5258
  47.0716, -97.5237
  47.0792, -97.5162
  47.0919, -97.4955
  47.1047, -97.5018
  47.1174, -97.4989
  47.1302, -97.4961
  47.1429, -97.4993
  47.1450, -97.4951
  47.1429, -97.4894
  47.1302, -97.4862
  47.1174, -97.4909
  47.1047, -97.4921
  47.0919, -97.4945
  47.0851, -97.4665
  47.0919, -97.4549
  47.1047, -97.4458
  47.1174, -97.4541
  47.1302, -97.4574
  47.1364, -97.4379
  47.1302, -97.4331
  47.1174, -97.4246
  47.1055, -97.4093
  47.1174, -97.3900
  47.1302, -97.3883
  47.1429, -97.4055
  47.1445, -97.4093
  47.1550, -97.4379
  47.1557, -97.4389
  47.1684, -97.4632
  47.1812, -97.4522
  47.1864, -97.4379
  47.1939, -97.4281
  47.2017, -97.4093
  47.2018, -97.3807
  47.2063, -97.3521
  47.2051, -97.3235
  47.2050, -97.2949
  47.2066, -97.2871
  47.2153, -97.2663
  47.2194, -97.2586
  47.2252, -97.2377
  47.2321, -97.2252
  47.2449, -97.2164
  47.2576, -97.2186
  47.2642, -97.2091
  47.2704, -97.1975
  47.2756, -97.1805
  47.2759, -97.1518
  47.2704, -97.1431
  47.2651, -97.1232
  47.2704, -97.1153
  47.2831, -97.1050
  47.2959, -97.0972
  47.2982, -97.0946
  47.3050, -97.0660
  47.3066, -97.0374
  47.3086, -97.0349
  47.3214, -97.0256
  47.3341, -97.0283
  47.3433, -97.0374
  47.3469, -97.0456
  47.3596, -97.0463
  47.3666, -97.0374
  47.3723, -97.0115
  47.3739, -97.0088
  47.3851, -97.0047
  47.3960, -97.0088
  47.3978, -97.0103
  47.4106, -97.0198
  47.4145, -97.0088
  47.4128, -96.9802
  47.4106, -96.9590
  47.4102, -96.9516
  47.4106, -96.9512
  47.4233, -96.9451
  47.4361, -96.9487
  47.4394, -96.9516
  47.4488, -96.9615
  47.4616, -96.9763
  47.4644, -96.9802
  47.4616, -96.9869
  47.4488, -97.0023
  47.4372, -97.0088
  47.4403, -97.0374
  47.4488, -97.0460
  47.4616, -97.0598
  47.4689, -97.0660
  47.4743, -97.0755
  47.4774, -97.0660
  47.4767, -97.0374
  47.4871, -97.0275
  47.4998, -97.0260
  47.5126, -97.0356
  47.5244, -97.0374
  47.5253, -97.0375
  47.5254, -97.0374
  47.5260, -97.0088
  47.5381, -96.9945
  47.5508, -96.9813
  47.5519, -96.9802
  47.5635, -96.9751
  47.5763, -96.9787
  47.5781, -96.9802
  47.5839, -97.0088
  47.5848, -97.0374
  47.5763, -97.0487
  47.5635, -97.0569
  47.5519, -97.0660
  47.5635, -97.0791
  47.5763, -97.0871
  47.5818, -97.0946
  47.5763, -97.1165
  47.5704, -97.1232
  47.5763, -97.1400
  47.5890, -97.1344
  47.5991, -97.1232
  47.5974, -97.0946
  47.6018, -97.0877
  47.6145, -97.0702
  47.6228, -97.0660
  47.6273, -97.0651
  47.6295, -97.0660
  47.6400, -97.0723
  47.6528, -97.0831
  47.6650, -97.0660
  47.6655, -97.0651
  47.6783, -97.0485
  47.6910, -97.0481
  47.7038, -97.0395
  47.7072, -97.0374
  47.7165, -97.0351
  47.7226, -97.0374
  47.7292, -97.0537
  47.7315, -97.0660
  47.7420, -97.0943
  47.7421, -97.0946
  47.7420, -97.0952
  47.7319, -97.1232
  47.7292, -97.1247
  47.7165, -97.1301
  47.7038, -97.1390
  47.6937, -97.1518
  47.6910, -97.1694
  47.6879, -97.1805
  47.6910, -97.1906
  47.6960, -97.2091
  47.6999, -97.2377
  47.7038, -97.2573
  47.7050, -97.2663
  47.7038, -97.2684
  47.6910, -97.2826
  47.6783, -97.2821
  47.6655, -97.2671
  47.6643, -97.2663
  47.6528, -97.2536
  47.6466, -97.2377
  47.6400, -97.2221
  47.6273, -97.2303
  47.6248, -97.2377
  47.6145, -97.2524
  47.6050, -97.2663
  47.6018, -97.2769
  47.5890, -97.2837
  47.5763, -97.2879
  47.5719, -97.2949
  47.5749, -97.3235
  47.5635, -97.3399
  47.5508, -97.3428
  47.5381, -97.3292
  47.5351, -97.3235
  47.5253, -97.3091
  47.5126, -97.3141
  47.4998, -97.3029
  47.4945, -97.2949
  47.4871, -97.2665
  47.4870, -97.2663
  47.4871, -97.2662
  47.4998, -97.2560
  47.5126, -97.2544
  47.5253, -97.2443
  47.5302, -97.2377
  47.5253, -97.2301
  47.5155, -97.2091
  47.5253, -97.1920
  47.5381, -97.1852
  47.5435, -97.1805
  47.5405, -97.1518
  47.5508, -97.1328
  47.5591, -97.1232
  47.5508, -97.1071
  47.5481, -97.0946
  47.5381, -97.0801
  47.5253, -97.0917
  47.5137, -97.0946
  47.5253, -97.1000
  47.5349, -97.1232
  47.5253, -97.1382
  47.5126, -97.1435
  47.4998, -97.1422
  47.4871, -97.1465
  47.4847, -97.1518
  47.4743, -97.1550
  47.4616, -97.1559
  47.4558, -97.1518
  47.4488, -97.1315
  47.4452, -97.1518
  47.4441, -97.1805
  47.4361, -97.1973
  47.4285, -97.2091
  47.4233, -97.2129
  47.4106, -97.2144
  47.3978, -97.2101
  47.3851, -97.2150
  47.3723, -97.2109
  47.3596, -97.2225
  47.3548, -97.2377
  47.3469, -97.2557
  47.3411, -97.2663
  47.3341, -97.2850
  47.3285, -97.2949
  47.3341, -97.3040
  47.3469, -97.2954
  47.3596, -97.3123
  47.3633, -97.3235
  47.3723, -97.3480
  47.3737, -97.3521
  47.3851, -97.3638
  47.3978, -97.3722
  47.4045, -97.3807
  47.3978, -97.3939
  47.3851, -97.4031
  47.3723, -97.3942
  47.3655, -97.3807
  47.3596, -97.3712
  47.3469, -97.3623
  47.3364, -97.3521
  47.3341, -97.3450
  47.3214, -97.3416
  47.3086, -97.3466
  47.3048, -97.3521
  47.2971, -97.3807
  47.2959, -97.3925
  47.2945, -97.4093
  47.2897, -97.4379
  47.2831, -97.4507
  47.2741, -97.4665
  47.2821, -97.4951
  47.2750, -97.5237
  47.2704, -97.5319
  47.2576, -97.5436
  47.2449, -97.5385
  47.2350, -97.5237
  47.2321, -97.5170
  47.2221, -97.5237
  47.2194, -97.5251
  47.2115, -97.5237
  47.2066, -97.5226
  47.2061, -97.5237
  47.2034, -97.5523
  47.2066, -97.5701
  47.2089, -97.5809
  47.2144, -97.6095
  47.2066, -97.6324
  47.2047, -97.6381
  47.1953, -97.6667
  47.2017, -97.6953
  47.1939, -97.7040
  47.1812, -97.7138
  47.1701, -97.7239
  47.1684, -97.7247
  47.1632, -97.7239
  47.1557, -97.7198
  47.1429, -97.7239
  47.1429, -97.7239
  47.1334, -97.7525
  47.1302, -97.7593
  47.1174, -97.7803
  47.1169, -97.7811
  47.1047, -97.8090
  47.1044, -97.8097
  47.1047, -97.8341
  47.1047, -97.8384
  47.1174, -97.8532
  47.1302, -97.8634
  47.1429, -97.8666
  47.1557, -97.8650
  47.1613, -97.8670
  47.1684, -97.8748
  47.1762, -97.8670
  47.1812, -97.8654
  47.1930, -97.8670
  47.1939, -97.8671
  47.2066, -97.8811
  47.2150, -97.8956
  47.2066, -97.9194
  47.2050, -97.9242
  47.1939, -97.9398
  47.1812, -97.9432
  47.1684, -97.9465
  47.1632, -97.9528
  47.1557, -97.9759
  47.1539, -97.9814
  47.1429, -98.0027
  47.1372, -98.0100
  47.1302, -98.0224
  47.1246, -98.0386
  47.1249, -98.0672
  47.1250, -98.0958
  47.1217, -98.1244
  47.1249, -98.1530
  47.1297, -98.1816
  47.1302, -98.1832
  47.1429, -98.2012
  47.1557, -98.2082
  47.1590, -98.2102
  47.1684, -98.2174
  47.1812, -98.2313
  47.1846, -98.2388
  47.1848, -98.2674
  47.1812, -98.2777
  47.1721, -98.2960
  47.1684, -98.2997
  47.1557, -98.3110
  47.1429, -98.3229
  47.1302, -98.3240
  47.1174, -98.3214
  47.1074, -98.2960
  47.1047, -98.2908
  47.1016, -98.2960
  47.0919, -98.3059
  47.0792, -98.3186
  47.0750, -98.3246
  47.0664, -98.3393
  47.0537, -98.3529
  47.0534, -98.3532
  47.0537, -98.3721
  47.0538, -98.3818
  47.0537, -98.3821
  47.0442, -98.4104
  47.0409, -98.4156
  47.0282, -98.4245
  47.0155, -98.4210
  47.0027, -98.4154
  46.9900, -98.4143
  46.9834, -98.4104
  46.9772, -98.4053
  46.9645, -98.4104
  46.9646, -98.4390
  46.9645, -98.4394
  46.9548, -98.4676
  46.9517, -98.4949
  46.9515, -98.4963
  46.9390, -98.5154
  46.9350, -98.5249
  46.9262, -98.5378
  46.9135, -98.5444
  46.9007, -98.5374
  46.8880, -98.5349
  46.8752, -98.5378
  46.8657, -98.5535
  46.8625, -98.5582
  46.8497, -98.5779
  46.8437, -98.5821
  46.8370, -98.5874
  46.8245, -98.6107
  46.8245, -98.6393
  46.8243, -98.6401
  46.8148, -98.6679
  46.8149, -98.6965
  46.8122, -98.7251
  46.8115, -98.7277
  46.8050, -98.7537
  46.7988, -98.7712
  46.7948, -98.7823
  46.7860, -98.8000
  46.7785, -98.8109
  46.7780, -98.8395
  46.7733, -98.8476
  46.7647, -98.8681
  46.7733, -98.8920
  46.7749, -98.8967
  46.7733, -98.9007
  46.7620, -98.9253
  46.7605, -98.9275
  46.7478, -98.9447
  46.7426, -98.9539
  46.7350, -98.9613
  46.7223, -98.9647
  46.7095, -98.9566
  46.7047, -98.9539
  46.6968, -98.9462
  46.6926, -98.9539
  46.6840, -98.9620
  46.6713, -98.9645
  46.6586, -98.9634
End:

Color: 0 255 0
Line: 3, 0, "2026-09-29 14:20:00 UTC\nMonitor Boundary"
  44.7848, -98.9314
  44.7782, -98.9253
  44.7848, -98.9008
  44.7896, -98.8967
  44.7976, -98.8952
  44.8012, -98.8967
  44.8103, -98.9172
  44.8120, -98.9253
  44.8103, -98.9272
  44.7976, -98.9348
  44.7848, -98.9314
End:

Color: 0 255 0
Line: 3, 0, "2026-09-29 14:20:00 UTC\nMonitor Boundary"
  47.0919, -98.8400
  47.0913, -98.8395
  47.0792, -98.8191
  47.0734, -98.8109
  47.0664, -98.8013
  47.0565, -98.7823
  47.0550, -98.7537
  47.0580, -98.7251
  47.0664, -98.7100
  47.0760, -98.6965
  47.0792, -98.6892
  47.0852, -98.6679
  47.0855, -98.6393
  47.0792, -98.6204
  47.0759, -98.6107
  47.0752, -98.5821
  47.0787, -98.5535
  47.0792, -98.5520
  47.0880, -98.5249
  47.0792, -98.5108
  47.0664, -98.5028
  47.0589, -98.4963
  47.0552, -98.4676
  47.0555, -98.4390
  47.0664, -98.4177
  47.0722, -98.4104
  47.0792, -98.4060
  47.0919, -98.4027
  47.1047, -98.3859
  47.1063, -98.3818
  47.1051, -98.3532
  47.1174, -98.3269
  47.1302, -98.3250
  47.1429, -98.3294
  47.1506, -98.3532
  47.1451, -98.3818
  47.1557, -98.3945
  47.1684, -98.4101
  47.1687, -98.4104
  47.1812, -98.4315
  47.1846, -98.4390
  47.1861, -98.4676
  47.1911, -98.4963
  47.1812, -98.5123
  47.1732, -98.5249
  47.1684, -98.5288
  47.1557, -98.5388
  47.1449, -98.5535
  47.1548, -98.5821
  47.1557, -98.5847
  47.1645, -98.6107
  47.1586, -98.6393
  47.1598, -98.6679
  47.1684, -98.6922
  47.1812, -98.6949
  47.1939, -98.6950
  47.2066, -98.6951
  47.2194, -98.6955
  47.2214, -98.6965
  47.2321, -98.7150
  47.2350, -98.7251
  47.2321, -98.7303
  47.2194, -98.7483
  47.2099, -98.7537
  47.2066, -98.7552
  47.1939, -98.7562
  47.1812, -98.7763
  47.1765, -98.7823
  47.1684, -98.7947
  47.1569, -98.8109
  47.1557, -98.8118
  47.1429, -98.8159
  47.1302, -98.8273
  47.1186, -98.8395
  47.1174, -98.8405
  47.1047, -98.8450
  47.0919, -98.8400
End:

Color: 0 255 0
Line: 3, 0, "2026-09-29 14:20:00 UTC\nMonitor Boundary"
  41.3178, -98.4226
  41.3058, -98.4104
  41.3106, -98.3818
  41.3178, -98.3766
  41.3306, -98.3760
  41.3394, -98.3818
  41.3433, -98.4030
  41.3455, -98.4104
  41.3433, -98.4117
  41.3306, -98.4235
  41.3178, -98.4226
End:

Color: 0 255 0
Line: 3, 0, "2026-09-29 14:20:00 UTC\nMonitor Boundary"
  41.3688, -98.4139
  41.3633, -98.4104
  41.3607, -98.3818
  41.3688, -98.3762
  41.3816, -98.3763
  41.3893, -98.3818
  41.3867, -98.4104
  41.3816, -98.4138
  41.3688, -98.4139
End:

Color: 0 255 0
Line: 3, 0, "2026-09-29 14:20:00 UTC\nMonitor Boundary"
  41.2923, -98.3248
  41.2918, -98.3246
  41.2796, -98.3047
  41.2772, -98.2960
  41.2796, -98.2933
  41.2923, -98.2853
  41.3051, -98.2887
  41.3126, -98.2960
  41.3051, -98.3177
  41.2934, -98.3246
  41.2923, -98.3248
End:

Color: 0 255 0
Line: 3, 0, "2026-09-29 14:20:00 UTC\nMonitor Boundary"
  41.3688, -98.3246
  41.3687, -98.3246
  41.3561, -98.3196
  41.3474, -98.2960
  41.3561, -98.2879
  41.3688, -98.2856
  41.3816, -98.2945
  41.3828, -98.2960
  41.3816, -98.3009
  41.3688, -98.3246
  41.3688, -98.3246
End:

Color: 0 255 0
Line: 3, 0, "2026-09-29 14:20:00 UTC\nMonitor Boundary"
  47.2576, -98.3294
  47.2550, -98.3246
  47.2576, -98.3200
  47.2704, -98.3068
  47.2831, -98.3092
  47.2950, -98.3246
  47.2831, -98.3406
  47.2704, -98.3430
  47.2576, -98.3294
End:

Color: 0 255 0
Line: 3, 0, "2026-09-29 14:20:00 UTC\nMonitor Boundary"
  46.0085, -98.2912
  45.9966, -98.2674
  46.0085, -98.2567
  46.0212, -98.2556
  46.0340, -98.2582
  46.0433, -98.2674
  46.0340, -98.2887
  46.0212, -98.2930
  46.0085, -98.2912
End:

Color: 0 255 0
Line: 3, 0, "2026-09-29 14:20:00 UTC\nMonitor Boundary"
  41.3433, -98.2254
  41.3357, -98.2102
  41.3433, -98.2005
  41.3561, -98.1916
  41.3688, -98.1976
  41.3744, -98.2102
  41.3688, -98.2221
  41.3561, -98.2330
  41.3433, -98.2254
End:

Color: 0 255 0
Line: 3, 0, "2026-09-29 14:20:00 UTC\nMonitor Boundary"
  41.4070, -98.2296
  41.3956, -98.2102
  41.4070, -98.1980
  41.4198, -98.1962
  41.4325, -98.2075
  41.4344, -98.2102
  41.4325, -98.2148
  41.4198, -98.2318
  41.4070, -98.2296
End:

Color: 0 255 0
Line: 3, 0, "2026-09-29 14:20:00 UTC\nMonitor Boundary"
  46.1869, -98.2220
  46.1758, -98.2102
  46.1753, -98.1816
  46.1869, -98.1683
  46.1997, -98.1663
  46.2124, -98.1609
  46.2151, -98.1530
  46.2252, -98.1307
  46.2379, -98.1257
  46.2489, -98.1244
  46.2379, -98.1181
  46.2350, -98.0958
  46.2351, -98.0672
  46.2379, -98.0616
  46.2507, -98.0474
  46.2634, -98.0502
  46.2749, -98.0672
  46.2762, -98.0702
  46.2889, -98.0903
  46.3017, -98.0913
  46.3144, -98.0850
  46.3271, -98.0902
  46.3325, -98.0958
  46.3271, -98.1136
  46.3166, -98.1244
  46.3144, -98.1250
  46.3126, -98.1244
  46.3017, -98.1106
  46.2970, -98.1244
  46.2889, -98.1344
  46.2762, -98.1512
  46.2749, -98.1530
  46.2655, -98.1816
  46.2634, -98.1837
  46.2507, -98.1899
  46.2379, -98.2028
  46.2252, -98.2034
  46.2157, -98.2102
  46.2124, -98.2128
  46.1997, -98.2239
  46.1869, -98.2220
End:

Color: 0 255 0
Line: 3, 0, "2026-09-29 14:20:00 UTC\nMonitor Boundary"
  46.0595, -98.1842
  46.0550, -98.1816
  46.0467, -98.1533
  46.0467, -98.1530
  46.0467, -98.1528
  46.0595, -98.1277
  46.0626, -98.1244
  46.0675, -98.0958
  46.0722, -98.0902
  46.0850, -98.0783
  46.0942, -98.0672
  46.0977, -98.0557
  46.1039, -98.0386
  46.1057, -98.0100
  46.1105, -98.0038
  46.1232, -97.9952
  46.1360, -98.0002
  46.1443, -98.0100
  46.1487, -98.0179
  46.1614, -98.0178
  46.1657, -98.0100
  46.1742, -97.9865
  46.1761, -97.9814
  46.1797, -97.9528
  46.1850, -97.9242
  46.1869, -97.9003
  46.1874, -97.8956
  46.1997, -97.8776
  46.2051, -97.8670
  46.2124, -97.8515
  46.2207, -97.8384
  46.2226, -97.8097
  46.2252, -97.8078
  46.2379, -97.8052
  46.2469, -97.8097
  46.2507, -97.8130
  46.2634, -97.8205
  46.2762, -97.8239
  46.2889, -97.8325
  46.2938, -97.8384
  46.2889, -97.8508
  46.2762, -97.8645
  46.2749, -97.8670
  46.2750, -97.8956
  46.2634, -97.9138
  46.2535, -97.9242
  46.2507, -97.9282
  46.2379, -97.9482
  46.2352, -97.9528
  46.2252, -97.9795
  46.2247, -97.9814
  46.2124, -98.0042
  46.2073, -98.0100
  46.1997, -98.0236
  46.1946, -98.0386
  46.1869, -98.0496
  46.1749, -98.0672
  46.1742, -98.0692
  46.1650, -98.0958
  46.1614, -98.1017
  46.1487, -98.1137
  46.1360, -98.1213
  46.1288, -98.1244
  46.1232, -98.1295
  46.1149, -98.1530
  46.1105, -98.1615
  46.0977, -98.1801
  46.0950, -98.1816
  46.0850, -98.1850
  46.0722, -98.1836
  46.0595, -98.1842
End:

Color: 0 255 0
Line: 3, 0, "2026-09-29 14:20:00 UTC\nMonitor Boundary"
  41.3561, -98.1694
  41.3451, -98.1530
  41.3485, -98.1244
  41.3433, -98.1100
  41.3385, -98.0958
  41.3368, -98.0672
  41.3433, -98.0602
  41.3561, -98.0531
  41.3688, -98.0485
  41.3816, -98.0410
  41.3848, -98.0386
  41.3943, -98.0316
  41.4059, -98.0386
  41.4070, -98.0418
  41.4105, -98.0672
  41.4070, -98.0704
  41.3943, -98.0764
  41.3816, -98.0844
  41.3716, -98.0958
  41.3816, -98.1233
  41.3828, -98.1244
  41.3943, -98.1337
  41.4070, -98.1260
  41.4198, -98.1423
  41.4232, -98.1530
  41.4198, -98.1584
  41.4070, -98.1659
  41.3943, -98.1607
  41.3816, -98.1595
  41.3688, -98.1729
  41.3561, -98.1694
End:

Color: 0 255 0
Line: 3, 0, "2026-09-29 14:20:00 UTC\nMonitor Boundary"
  41.4835, -98.1601
  41.4769, -98.1530
  41.4784, -98.1244
  41.4835, -98.1149
  41.4963, -98.0988
  41.4979, -98.0958
  41.4963, -98.0924
  41.4835, -98.0777
  41.4708, -98.0749
  41.4595, -98.0672
  41.4649, -98.0386
  41.4708, -98.0345
  41.4835, -98.0370
  41.4858, -98.0386
  41.4963, -98.0515
  41.5046, -98.0386
  41.5090, -98.0283
  41.5157, -98.0100
  41.5218, -97.9857
  41.5246, -97.9814
  41.5218, -97.9796
  41.5090, -97.9603
  41.5051, -97.9528
  41.5050, -97.9242
  41.5090, -97.9176
  41.5218, -97.9002
  41.5250, -97.8956
  41.5345, -97.8816
  41.5473, -97.8760
  41.5600, -97.8871
  41.5656, -97.8956
  41.5727, -97.9241
  41.5728, -97.9242
  41.5727, -97.9242
  41.5633, -97.9528
  41.5600, -97.9596
  41.5473, -97.9803
  41.5458, -97.9814
  41.5473, -97.9832
  41.5543, -98.0100
  41.5538, -98.0386
  41.5549, -98.0672
  41.5473, -98.0848
  41.5414, -98.0958
  41.5345, -98.1055
  41.5226, -98.1244
  41.5218, -98.1270
  41.5132, -98.1530
  41.5090, -98.1578
  41.4963, -98.1649
  41.4835, -98.1601
End:

Color: 0 255 0
Line: 3, 0, "2026-09-29 14:20:00 UTC\nMonitor Boundary"
  42.9748, -98.0717
  42.9695, -98.0672
  42.9621, -98.0534
  42.9507, -98.0386
  42.9494, -98.0338
  42.9457, -98.0100
  42.9494, -97.9992
  42.9554, -97.9814
  42.9594, -97.9528
  42.9621, -97.9443
  42.9686, -97.9242
  42.9748, -97.9043
  42.9776, -97.8956
  42.9876, -97.8780
  42.9939, -97.8670
  43.0003, -97.8468
  43.0036, -97.8384
  43.0131, -97.8244
  43.0227, -97.8097
  43.0258, -97.8045
  43.0360, -97.7811
  43.0386, -97.7733
  43.0452, -97.7525
  43.0513, -97.7383
  43.0587, -97.7239
  43.0641, -97.7164
  43.0768, -97.6967
  43.0776, -97.6953
  43.0768, -97.6680
  43.0768, -97.6667
  43.0768, -97.6667
  43.0896, -97.6562
  43.1023, -97.6571
  43.1130, -97.6667
  43.1122, -97.6953
  43.1150, -97.7239
  43.1035, -97.7525
  43.1023, -97.7562
  43.0946, -97.7811
  43.0896, -97.8061
  43.0884, -97.8097
  43.0768, -97.8320
  43.0747, -97.8384
  43.0749, -97.8670
  43.0641, -97.8925
  43.0624, -97.8956
  43.0533, -97.9242
  43.0513, -97.9309
  43.0462, -97.9528
  43.0439, -97.9814
  43.0443, -98.0100
  43.0386, -98.0173
  43.0258, -98.0264
  43.0147, -98.0386
  43.0131, -98.0422
  43.0008, -98.0672
  43.0003, -98.0677
  42.9876, -98.0748
  42.9748, -98.0717
End:

Color: 0 255 0
Line: 3, 0, "2026-09-29 14:20:00 UTC\nMonitor Boundary"
  46.3781, -98.0443
  46.3761, -98.0386
  46.3781, -98.0359
  46.3909, -98.0258
  46.4036, -98.0281
  46.4138, -98.0386
  46.4036, -98.0589
  46.3909, -98.0623
  46.3781, -98.0443
End:

Color: 0 255 0
Line: 3, 0, "2026-09-29 14:20:00 UTC\nMonitor Boundary"
  41.4070, -98.0325
  41.4057, -98.0100
  41.4070, -98.0080
  41.4198, -97.9963
  41.4325, -97.9881
  41.4362, -97.9814
  41.4453, -97.9624
  41.4580, -97.9573
  41.4708, -97.9730
  41.4739, -97.9814
  41.4708, -97.9854
  41.4580, -97.9954
  41.4453, -98.0072
  41.4443, -98.0100
  41.4325, -98.0299
  41.4198, -98.0316
  41.4070, -98.0325
End:

Color: 0 255 0
Line: 3, 0, "2026-09-29 14:20:00 UTC\nMonitor Boundary"
  46.5183, -98.0165
  46.5157, -98.0100
  46.5183, -98.0063
  46.5311, -97.9958
  46.5438, -97.9985
  46.5543, -98.0100
  46.5438, -98.0287
  46.5311, -98.0322
  46.5183, -98.0165
End:

Color: 0 255 0
Line: 3, 0, "2026-09-29 14:20:00 UTC\nMonitor Boundary"
  41.1266, -97.9831
  41.1242, -97.9814
  41.1151, -97.9528
  41.1266, -97.9293
  41.1312, -97.9242
  41.1266, -97.9069
  41.1250, -97.8956
  41.1266, -97.8925
  41.1394, -97.8762
  41.1469, -97.8670
  41.1521, -97.8601
  41.1649, -97.8502
  41.1758, -97.8384
  41.1776, -97.8363
  41.1904, -97.8184
  41.1958, -97.8097
  41.1931, -97.7811
  41.1904, -97.7715
  41.1866, -97.7525
  41.1885, -97.7239
  41.1904, -97.7216
  41.2031, -97.7102
  41.2148, -97.6953
  41.2159, -97.6929
  41.2251, -97.6667
  41.2286, -97.6600
  41.2413, -97.6409
  41.2434, -97.6381
  41.2459, -97.6095
  41.2541, -97.5924
  41.2615, -97.5809
  41.2668, -97.5628
  41.2701, -97.5523
  41.2796, -97.5456
  41.2923, -97.5412
  41.3051, -97.5263
  41.3072, -97.5237
  41.3176, -97.4951
  41.3178, -97.4942
  41.3241, -97.4665
  41.3306, -97.4509
  41.3352, -97.4379
  41.3433, -97.4224
  41.3532, -97.4093
  41.3561, -97.4044
  41.3655, -97.3807
  41.3563, -97.3521
  41.3686, -97.3235
  41.3678, -97.2949
  41.3688, -97.2913
  41.3750, -97.2663
  41.3816, -97.2553
  41.3943, -97.2389
  41.3952, -97.2377
  41.3943, -97.2340
  41.3816, -97.2105
  41.3809, -97.2091
  41.3734, -97.1805
  41.3688, -97.1689
  41.3653, -97.1518
  41.3688, -97.1436
  41.3790, -97.1232
  41.3816, -97.1196
  41.3943, -97.1014
  41.3978, -97.0946
  41.4070, -97.0680
  41.4111, -97.0660
  41.4098, -97.0374
  41.4070, -97.0334
  41.3954, -97.0088
  41.4057, -96.9802
  41.4070, -96.9763
  41.4153, -96.9516
  41.4198, -96.9445
  41.4325, -96.9270
  41.4351, -96.9230
  41.4453, -96.9075
  41.4547, -96.8944
  41.4580, -96.8844
  41.4700, -96.8658
  41.4708, -96.8653
  41.4835, -96.8543
  41.4960, -96.8372
  41.4963, -96.8357
  41.5011, -96.8086
  41.5028, -96.7800
  41.5090, -96.7758
  41.5218, -96.7712
  41.5345, -96.7594
  41.5473, -96.7572
  41.5600, -96.7597
  41.5654, -96.7514
  41.5727, -96.7280
  41.5781, -96.7228
  41.5727, -96.7141
  41.5685, -96.6942
  41.5727, -96.6900
  41.5855, -96.6850
  41.5982, -96.6908
  41.6016, -96.6942
  41.5982, -96.7105
  41.5919, -96.7228
  41.5982, -96.7264
  41.6110, -96.7331
  41.6237, -96.7499
  41.6247, -96.7514
  41.6365, -96.7640
  41.6492, -96.7659
  41.6620, -96.7767
  41.6643, -96.7800
  41.6620, -96.7963
  41.6590, -96.8086
  41.6605, -96.8372
  41.6492, -96.8467
  41.6365, -96.8612
  41.6350, -96.8658
  41.6237, -96.8921
  41.6225, -96.8944
  41.6110, -96.9230
  41.6110, -96.9232
  41.6068, -96.9516
  41.6044, -96.9802
  41.5982, -96.9981
  41.5946, -97.0088
  41.5902, -97.0374
  41.5855, -97.0440
  41.5727, -97.0640
  41.5714, -97.0660
  41.5624, -97.0946
  41.5727, -97.1179
  41.5749, -97.1232
  41.5727, -97.1326
  41.5665, -97.1518
  41.5600, -97.1613
  41.5476, -97.1805
  41.5473, -97.1817
  41.5386, -97.2091
  41.5345, -97.2228
  41.5298, -97.2377
  41.5218, -97.2653
  41.5215, -97.2663
  41.5150, -97.2949
  41.5218, -97.3144
  41.5249, -97.3235
  41.5218, -97.3295
  41.5090, -97.3429
  41.4963, -97.3435
  41.4896, -97.3521
  41.4867, -97.3807
  41.4963, -97.3940
  41.5090, -97.4049
  41.5218, -97.4048
  41.5345, -97.3977
  41.5473, -97.3888
  41.5600, -97.3882
  41.5727, -97.3902
  41.5845, -97.4093
  41.5727, -97.4221
  41.5600, -97.4277
  41.5473, -97.4336
  41.5448, -97.4379
  41.5409, -97.4665
  41.5345, -97.4871
  41.5320, -97.4951
  41.5218, -97.5104
  41.5150, -97.5237
  41.5090, -97.5391
  41.5034, -97.5523
  41.4963, -97.5601
  41.4835, -97.5649
  41.4708, -97.5574
  41.4646, -97.5523
  41.4580, -97.5442
  41.4453, -97.5330
  41.4373, -97.5237
  41.4380, -97.4951
  41.4449, -97.4665
  41.4325, -97.4494
  41.4249, -97.4665
  41.4198, -97.4813
  41.4150, -97.4951
  41.4070, -97.5146
  41.4027, -97.5237
  41.3943, -97.5362
  41.3848, -97.5523
  41.3816, -97.5589
  41.3688, -97.5748
  41.3645, -97.5809
  41.3584, -97.6095
  41.3561, -97.6134
  41.3433, -97.6295
  41.3366, -97.6381
  41.3349, -97.6667
  41.3306, -97.6774
  41.3223, -97.6953
  41.3306, -97.7208
  41.3319, -97.7239
  41.3433, -97.7519
  41.3435, -97.7525
  41.3433, -97.7532
  41.3346, -97.7811
  41.3306, -97.8021
  41.3282, -97.8097
  41.3178, -97.8237
  41.3051, -97.8332
  41.2968, -97.8384
  41.3005, -97.8670
  41.2923, -97.8732
  41.2796, -97.8740
  41.2694, -97.8670
  41.2736, -97.8384
  41.2668, -97.8323
  41.2637, -97.8384
  41.2650, -97.8670
  41.2541, -97.8914
  41.2517, -97.8956
  41.2413, -97.9097
  41.2326, -97.9242
  41.2286, -97.9285
  41.2159, -97.9350
  41.2031, -97.9300
  41.1904, -97.9288
  41.1776, -97.9486
  41.1719, -97.9528
  41.1649, -97.9570
  41.1521, -97.9749
  41.1451, -97.9814
  41.1394, -97.9845
  41.1266, -97.9831
End:

Color: 0 255 0
Line: 3, 0, "2026-09-29 14:20:00 UTC\nMonitor Boundary"
  47.2449, -97.9824
  47.2438, -97.9814
  47.2397, -97.9528
  47.2449, -97.9251
  47.2450, -97.9242
  47.2574, -97.8956
  47.2576, -97.8953
  47.2704, -97.8858
  47.2831, -97.8851
  47.2959, -97.8880
  47.3086, -97.8829
  47.3214, -97.8766
  47.3341, -97.8803
  47.3469, -97.8795
  47.3596, -97.8771
  47.3723, -97.8907
  47.3750, -97.8956
  47.3723, -97.9045
  47.3657, -97.9242
  47.3649, -97.9528
  47.3596, -97.9629
  47.3469, -97.9810
  47.3466, -97.9814
  47.3341, -97.9915
  47.3214, -97.9944
  47.3086, -97.9944
  47.2959, -97.9915
  47.2831, -97.9948
  47.2704, -97.9940
  47.2576, -97.9927
  47.2449, -97.9824
End:

Color: 0 255 0
Line: 3, 0, "2026-09-29 14:20:00 UTC\nMonitor Boundary"
  45.0143, -97.8791
  45.0051, -97.8670
  45.0143, -97.8524
  45.0270, -97.8464
  45.0398, -97.8539
  45.0463, -97.8384
  45.0525, -97.8312
  45.0653, -97.8250
  45.0780, -97.8316
  45.0837, -97.8384
  45.0808, -97.8670
  45.0780, -97.8696
  45.0653, -97.8750
  45.0525, -97.8702
  45.0398, -97.8746
  45.0270, -97.8846
  45.0143, -97.8791
End:

Color: 0 255 0
Line: 3, 0, "2026-09-29 14:20:00 UTC\nMonitor Boundary"
  45.1162, -97.8387
  45.1161, -97.8384
  45.1162, -97.8382
  45.1290, -97.8266
  45.1417, -97.8269
  45.1538, -97.8384
  45.1417, -97.8607
  45.1290, -97.8612
  45.1162, -97.8387
End:

Color: 0 255 0
Line: 3, 0, "2026-09-29 14:20:00 UTC\nMonitor Boundary"
  47.3214, -97.8146
  47.3124, -97.8097
  47.3086, -97.8057
  47.2959, -97.7823
  47.2954, -97.7811
  47.2959, -97.7804
  47.3086, -97.7671
  47.3214, -97.7671
  47.3341, -97.7765
  47.3388, -97.7811
  47.3379, -97.8097
  47.3341, -97.8126
  47.3214, -97.8146
End:

Color: 0 255 0
Line: 3, 0, "2026-09-29 14:20:00 UTC\nMonitor Boundary"
  46.3526, -97.7949
  46.3454, -97.7811
  46.3526, -97.7719
  46.3654, -97.7650
  46.3781, -97.7727
  46.3846, -97.7811
  46.3781, -97.7937
  46.3654, -97.8032
  46.3526, -97.7949
End:

Color: 0 255 0
Line: 3, 0, "2026-09-29 14:20:00 UTC\nMonitor Boundary"
  46.9135, -97.6444
  46.9262, -97.6461
  46.9390, -97.6521
  46.9517, -97.6643
  46.9645, -97.6587
  46.9706, -97.6381
  46.9645, -97.6284
  46.9517, -97.6165
  46.9390, -97.6193
  46.9262, -97.6292
  46.9135, -97.6310
  46.9046, -97.6381
  46.9135, -97.6444
End:

Color: 0 255 0
Line: 3, 0, "2026-09-29 14:20:00 UTC\nMonitor Boundary"
  43.1278, -97.6225
  43.1155, -97.6095
  43.1278, -97.5897
  43.1406, -97.5886
  43.1533, -97.6066
  43.1545, -97.6095
  43.1533, -97.6113
  43.1406, -97.6234
  43.1278, -97.6225
End:

Color: 0 255 0
Line: 3, 0, "2026-09-29 14:20:00 UTC\nMonitor Boundary"
  47.5635, -97.6192
  47.5556, -97.6095
  47.5635, -97.5942
  47.5763, -97.5870
  47.5890, -97.5981
  47.5944, -97.6095
  47.5890, -97.6166
  47.5763, -97.6249
  47.5635, -97.6192
End:

Color: 0 255 0
Line: 3, 0, "2026-09-29 14:20:00 UTC\nMonitor Boundary"
  47.3341, -97.5850
  47.3238, -97.5809
  47.3214, -97.5692
  47.3197, -97.5523
  47.3214, -97.5493
  47.3341, -97.5337
  47.3469, -97.5265
  47.3596, -97.5412
  47.3635, -97.5523
  47.3596, -97.5604
  47.3471, -97.5809
  47.3469, -97.5811
  47.3341, -97.5850
End:

Color: 0 255 0
Line: 3, 0, "2026-09-29 14:20:00 UTC\nMonitor Boundary"
  47.6273, -97.5828
  47.6259, -97.5809
  47.6273, -97.5661
  47.6400, -97.5583
  47.6528, -97.5603
  47.6640, -97.5809
  47.6528, -97.5923
  47.6400, -97.5938
  47.6273, -97.5828
End:

Color: 0 255 0
Line: 3, 0, "2026-09-29 14:20:00 UTC\nMonitor Boundary"
  47.6145, -97.5579
  47.6069, -97.5523
  47.6018, -97.5482
  47.5890, -97.5277
  47.5871, -97.5237
  47.5890, -97.5166
  47.6018, -97.4955
  47.6145, -97.5006
  47.6206, -97.4951
  47.6273, -97.4910
  47.6400, -97.4772
  47.6528, -97.4786
  47.6655, -97.4698
  47.6665, -97.4665
  47.6655, -97.4652
  47.6528, -97.4509
  47.6400, -97.4385
  47.6273, -97.4475
  47.6145, -97.4450
  47.6018, -97.4396
  47.5999, -97.4379
  47.6018, -97.4166
  47.6032, -97.4093
  47.6128, -97.3807
  47.6018, -97.3701
  47.5945, -97.3807
  47.5890, -97.3921
  47.5763, -97.4030
  47.5635, -97.3959
  47.5555, -97.3807
  47.5635, -97.3669
  47.5763, -97.3630
  47.5864, -97.3521
  47.5890, -97.3443
  47.5984, -97.3235
  47.6018, -97.3144
  47.6081, -97.2949
  47.6145, -97.2845
  47.6273, -97.2850
  47.6400, -97.2912
  47.6421, -97.2949
  47.6400, -97.3043
  47.6331, -97.3235
  47.6400, -97.3508
  47.6403, -97.3521
  47.6400, -97.3549
  47.6363, -97.3807
  47.6400, -97.3839
  47.6528, -97.4051
  47.6655, -97.3816
  47.6658, -97.3807
  47.6655, -97.3695
  47.6648, -97.3521
  47.6591, -97.3235
  47.6655, -97.3165
  47.6783, -97.3112
  47.6910, -97.3227
  47.6913, -97.3235
  47.6996, -97.3521
  47.7038, -97.3564
  47.7165, -97.3705
  47.7245, -97.3807
  47.7292, -97.3943
  47.7345, -97.4093
  47.7292, -97.4166
  47.7165, -97.4337
  47.7135, -97.4379
  47.7038, -97.4647
  47.7030, -97.4665
  47.7022, -97.4951
  47.6917, -97.5237
  47.6910, -97.5241
  47.6783, -97.5239
  47.6776, -97.5237
  47.6655, -97.5159
  47.6628, -97.5237
  47.6528, -97.5431
  47.6400, -97.5453
  47.6273, -97.5446
  47.6233, -97.5523
  47.6145, -97.5579
End:

Color: 0 255 0
Line: 3, 0, "2026-09-29 14:20:00 UTC\nMonitor Boundary"
  46.5183, -97.5253
  46.5170, -97.5237
  46.5183, -97.5189
  46.5246, -97.4951
  46.5311, -97.4763
  46.5398, -97.4665
  46.5438, -97.4650
  46.5495, -97.4665
  46.5566, -97.4716
  46.5650, -97.4951
  46.5566, -97.5157
  46.5527, -97.5237
  46.5438, -97.5321
  46.5311, -97.5344
  46.5183, -97.5253
End:

Color: 0 255 0
Line: 3, 0, "2026-09-29 14:20:00 UTC\nMonitor Boundary"
  48.7617, -97.5287
  48.7572, -97.5237
  48.7617, -97.5091
  48.7742, -97.4951
  48.7744, -97.4950
  48.7748, -97.4951
  48.7872, -97.5065
  48.7928, -97.5237
  48.7872, -97.5296
  48.7744, -97.5350
  48.7617, -97.5287
End:

Color: 0 255 0
Line: 3, 0, "2026-09-29 14:20:00 UTC\nMonitor Boundary"
  47.3086, -97.4921
  47.2970, -97.4665
  47.3086, -97.4460
  47.3162, -97.4379
  47.3214, -97.4354
  47.3341, -97.4372
  47.3351, -97.4379
  47.3469, -97.4462
  47.3596, -97.4570
  47.3723, -97.4553
  47.3851, -97.4588
  47.3929, -97.4665
  47.3851, -97.4874
  47.3723, -97.4944
  47.3596, -97.4815
  47.3469, -97.4948
  47.3341, -97.4882
  47.3214, -97.4921
  47.3086, -97.4921
End:

Color: 0 255 0
Line: 3, 0, "2026-09-29 14:20:00 UTC\nMonitor Boundary"
  41.4453, -97.4353
  41.4580, -97.4168
  41.4643, -97.4093
  41.4580, -97.4026
  41.4453, -97.4080
  41.4445, -97.4093
  41.4453, -97.4353
End:

Color: 0 255 0
Line: 3, 0, "2026-09-29 14:20:00 UTC\nMonitor Boundary"
  47.2449, -97.3901
  47.2576, -97.3861
  47.2619, -97.3807
  47.2576, -97.3732
  47.2449, -97.3747
  47.2381, -97.3807
  47.2449, -97.3901
End:

Color: 0 255 0
Line: 3, 0, "2026-09-29 14:20:00 UTC\nMonitor Boundary"
  47.4361, -97.3915
  47.4259, -97.3807
  47.4361, -97.3615
  47.4488, -97.3577
  47.4616, -97.3741
  47.4641, -97.3807
  47.4616, -97.3841
  47.4488, -97.3943
  47.4361, -97.3915
End:

Color: 0 255 0
Line: 3, 0, "2026-09-29 14:20:00 UTC\nMonitor Boundary"
  43.2298, -97.3243
  43.2282, -97.3235
  43.2179, -97.2949
  43.2298, -97.2832
  43.2425, -97.2759
  43.2553, -97.2811
  43.2650, -97.2949
  43.2553, -97.3111
  43.2426, -97.3235
  43.2425, -97.3235
  43.2298, -97.3243
End:

Color: 0 255 0
Line: 3, 0, "2026-09-29 14:20:00 UTC\nMonitor Boundary"
  47.1047, -97.3310
  47.0971, -97.3235
  47.1047, -97.3030
  47.1174, -97.2956
  47.1302, -97.3139
  47.1330, -97.3235
  47.1302, -97.3268
  47.1174, -97.3348
  47.1047, -97.3310
End:

Color: 0 255 0
Line: 3, 0, "2026-09-29 14:20:00 UTC\nMonitor Boundary"
  41.5855, -97.2958
  41.5850, -97.2949
  41.5855, -97.2939
  41.5982, -97.2782
  41.6110, -97.2777
  41.6237, -97.2925
  41.6250, -97.2949
  41.6237, -97.2972
  41.6110, -97.3122
  41.5982, -97.3117
  41.5855, -97.2958
End:

Color: 0 255 0
Line: 3, 0, "2026-09-29 14:20:00 UTC\nMonitor Boundary"
  47.3723, -97.3089
  47.3647, -97.2949
  47.3723, -97.2738
  47.3809, -97.2663
  47.3851, -97.2648
  47.3891, -97.2663
  47.3978, -97.2741
  47.4050, -97.2949
  47.3978, -97.3060
  47.3851, -97.3149
  47.3723, -97.3089
End:

Color: 0 255 0
Line: 3, 0, "2026-09-29 14:20:00 UTC\nMonitor Boundary"
  47.1812, -97.2745
  47.1685, -97.2663
  47.1684, -97.2654
  47.1665, -97.2377
  47.1684, -97.2335
  47.1812, -97.2115
  47.1839, -97.2091
  47.1939, -97.2050
  47.2066, -97.2088
  47.2070, -97.2091
  47.2108, -97.2377
  47.2066, -97.2488
  47.2011, -97.2663
  47.1939, -97.2759
  47.1812, -97.2745
End:

Color: 0 255 0
Line: 3, 0, "2026-09-29 14:20:00 UTC\nMonitor Boundary"
  43.1406, -97.2160
  43.1355, -97.2091
  43.1406, -97.1831
  43.1416, -97.1805
  43.1533, -97.1751
  43.1660, -97.1750
  43.1787, -97.1805
  43.1788, -97.1842
  43.1792, -97.2091
  43.1788, -97.2095
  43.1660, -97.2194
  43.1533, -97.2248
  43.1406, -97.2160
End:

Color: 0 255 0
Line: 3, 0, "2026-09-29 14:20:00 UTC\nMonitor Boundary"
  43.6504, -97.2158
  43.6455, -97.2091
  43.6504, -97.1987
  43.6632, -97.1870
  43.6755, -97.1805
  43.6759, -97.1801
  43.6886, -97.1592
  43.7014, -97.1589
  43.7053, -97.1518
  43.7141, -97.1354
  43.7269, -97.1353
  43.7396, -97.1447
  43.7447, -97.1518
  43.7396, -97.1619
  43.7269, -97.1732
  43.7144, -97.1805
  43.7141, -97.1806
  43.7014, -97.1931
  43.6886, -97.2017
  43.6845, -97.2091
  43.6759, -97.2196
  43.6632, -97.2248
  43.6504, -97.2158
End:

Color: 0 255 0
Line: 3, 0, "2026-09-29 14:20:00 UTC\nMonitor Boundary"
  47.5763, -97.1894
  47.5890, -97.1897
  47.6018, -97.1911
  47.6056, -97.1805
  47.6018, -97.1740
  47.5890, -97.1714
  47.5763, -97.1559
  47.5670, -97.1805
  47.5763, -97.1894
End:

Color: 0 255 0
Line: 3, 0, "2026-09-29 14:20:00 UTC\nMonitor Boundary"
  48.8509, -97.1869
  48.8458, -97.1805
  48.8453, -97.1518
  48.8509, -97.1440
  48.8637, -97.1351
  48.8764, -97.1346
  48.8888, -97.1232
  48.8892, -97.1228
  48.9019, -97.1062
  48.9083, -97.0946
  48.9147, -97.0887
  48.9274, -97.0852
  48.9402, -97.0926
  48.9420, -97.0946
  48.9449, -97.1232
  48.9402, -97.1367
  48.9347, -97.1518
  48.9276, -97.1805
  48.9274, -97.1807
  48.9147, -97.1850
  48.9019, -97.1847
  48.8915, -97.1805
  48.8892, -97.1762
  48.8877, -97.1805
  48.8764, -97.1895
  48.8637, -97.1949
  48.8509, -97.1869
End:

Color: 0 255 0
Line: 3, 0, "2026-09-29 14:20:00 UTC\nMonitor Boundary"
  46.8880, -97.1541
  46.8863, -97.1518
  46.8880, -97.1316
  46.8890, -97.1232
  46.9007, -97.1140
  46.9135, -97.1059
  46.9178, -97.0946
  46.9262, -97.0693
  46.9337, -97.0660
  46.9390, -97.0650
  46.9410, -97.0660
  46.9517, -97.0896
  46.9525, -97.0946
  46.9517, -97.0955
  46.9390, -97.1071
  46.9262, -97.1124
  46.9207, -97.1232
  46.9262, -97.1342
  46.9336, -97.1518
  46.9262, -97.1600
  46.9135, -97.1649
  46.9007, -97.1642
  46.8880, -97.1541
End:

Color: 0 255 0
Line: 3, 0, "2026-09-29 14:20:00 UTC\nMonitor Boundary"
  43.6632, -97.1298
  43.6570, -97.1232
  43.6632, -97.1058
  43.6759, -97.0955
  43.6765, -97.0946
  43.6886, -97.0789
  43.6950, -97.0660
  43.7014, -97.0545
  43.7141, -97.0384
  43.7169, -97.0374
  43.7260, -97.0088
  43.7269, -97.0076
  43.7396, -96.9963
  43.7524, -96.9974
  43.7640, -97.0088
  43.7524, -97.0300
  43.7396, -97.0319
  43.7326, -97.0374
  43.7396, -97.0555
  43.7415, -97.0660
  43.7396, -97.0719
  43.7323, -97.0946
  43.7269, -97.1028
  43.7141, -97.1123
  43.7026, -97.1232
  43.7014, -97.1275
  43.6886, -97.1376
  43.6759, -97.1387
  43.6632, -97.1298
End:

Color: 0 255 0
Line: 3, 0, "2026-09-29 14:20:00 UTC\nMonitor Boundary"
  47.4361, -97.1242
  47.4384, -97.1232
  47.4361, -97.1228
  47.4340, -97.1232
  47.4361, -97.1242
End:

Color: 0 255 0
Line: 3, 0, "2026-09-29 14:20:00 UTC\nMonitor Boundary"
  46.7350, -97.0660
  46.7350, -97.0660
  46.7350, -97.0660
  46.7478, -97.0489
  46.7605, -97.0478
  46.7733, -97.0627
  46.7750, -97.0660
  46.7733, -97.0690
  46.7605, -97.0828
  46.7478, -97.0817
  46.7350, -97.0660
End:

Color: 0 255 0
Line: 3, 0, "2026-09-29 14:20:00 UTC\nMonitor Boundary"
  46.9645, -97.0792
  46.9550, -97.0660
  46.9567, -97.0374
  46.9645, -97.0275
  46.9772, -97.0196
  46.9851, -97.0088
  46.9900, -96.9858
  46.9922, -96.9802
  47.0027, -96.9672
  47.0107, -96.9516
  47.0155, -96.9478
  47.0282, -96.9453
  47.0395, -96.9516
  47.0369, -96.9802
  47.0282, -96.9962
  47.0246, -97.0088
  47.0155, -97.0275
  47.0067, -97.0374
  47.0027, -97.0436
  46.9950, -97.0660
  46.9900, -97.0739
  46.9772, -97.0844
  46.9645, -97.0792
End:

Color: 0 255 0
Line: 3, 0, "2026-09-29 14:20:00 UTC\nMonitor Boundary"
  47.2066, -97.0904
  47.1974, -97.0660
  47.2066, -97.0576
  47.2194, -97.0557
  47.2321, -97.0652
  47.2328, -97.0660
  47.2321, -97.0688
  47.2194, -97.0943
  47.2066, -97.0904
End:

Color: 0 255 0
Line: 3, 0, "2026-09-29 14:20:00 UTC\nMonitor Boundary"
  47.9459, -97.0507
  47.9352, -97.0374
  47.9459, -97.0209
  47.9587, -97.0172
  47.9714, -97.0306
  47.9748, -97.0374
  47.9714, -97.0427
  47.9587, -97.0540
  47.9459, -97.0507
End:

Color: 0 255 0
Line: 3, 0, "2026-09-29 14:20:00 UTC\nMonitor Boundary"
  43.7779, -96.9857
  43.7756, -96.9802
  43.7779, -96.9770
  43.7906, -96.9660
  43.8034, -96.9683
  43.8144, -96.9802
  43.8034, -96.9992
  43.7906, -97.0020
  43.7779, -96.9857
End:

Color: 0 255 0
Line: 3, 0, "2026-09-29 14:20:00 UTC\nMonitor Boundary"
  47.3469, -96.9324
  47.3369, -96.9230
  47.3469, -96.9001
  47.3596, -96.8971
  47.3723, -96.9198
  47.3733, -96.9230
  47.3723, -96.9242
  47.3596, -96.9341
  47.3469, -96.9324
End:

Color: 0 255 0
Line: 3, 0, "2026-09-29 14:20:00 UTC\nMonitor Boundary"
  47.0537, -96.9075
  47.0450, -96.8944
  47.0537, -96.8820
  47.0664, -96.8753
  47.0792, -96.8766
  47.0919, -96.8892
  47.0950, -96.8944
  47.0919, -96.9000
  47.0792, -96.9131
  47.0664, -96.9143
  47.0537, -96.9075
End:

Color: 0 255 0
Line: 3, 0, "2026-09-29 14:20:00 UTC\nMonitor Boundary"
  43.3190, -96.8431
  43.3151, -96.8372
  43.3190, -96.8297
  43.3317, -96.8169
  43.3445, -96.8212
  43.3549, -96.8372
  43.3445, -96.8502
  43.3317, -96.8542
  43.3190, -96.8431
End:

Color: 0 255 0
Line: 3, 0, "2026-09-29 14:20:00 UTC\nMonitor Boundary"
  47.0282, -96.7247
  47.0266, -96.7228
  47.0282, -96.7176
  47.0409, -96.6970
  47.0537, -96.7009
  47.0632, -96.7228
  47.0537, -96.7320
  47.0409, -96.7343
  47.0282, -96.7247
End:

Color: 0 255 0
Line: 3, 0, "2026-09-29 14:20:00 UTC\nMonitor Boundary"
  47.9969, -96.7349
  47.9868, -96.7228
  47.9886, -96.6942
  47.9969, -96.6872
  48.0097, -96.6858
  48.0224, -96.6852
  48.0352, -96.6885
  48.0414, -96.6942
  48.0432, -96.7228
  48.0352, -96.7329
  48.0224, -96.7406
  48.0097, -96.7420
  47.9969, -96.7349
End:

Color: 0 255 0
Line: 3, 0, "2026-09-29 14:20:00 UTC\nMonitor Boundary"
  46.9135, -96.6949
  46.9114, -96.6942
  46.9007, -96.6778
  46.8975, -96.6656
  46.8951, -96.6370
  46.9007, -96.6268
  46.9135, -96.6163
  46.9247, -96.6084
  46.9256, -96.5798
  46.9262, -96.5781
  46.9390, -96.5589
  46.9517, -96.5585
  46.9645, -96.5666
  46.9742, -96.5798
  46.9747, -96.6084
  46.9649, -96.6370
  46.9645, -96.6377
  46.9517, -96.6523
  46.9390, -96.6571
  46.9324, -96.6656
  46.9262, -96.6858
  46.9167, -96.6942
  46.9135, -96.6949
End:

Color: 0 255 0
Line: 3, 0, "2026-09-29 14:20:00 UTC\nMonitor Boundary"
  48.0607, -96.5548
  48.0545, -96.5512
  48.0497, -96.5226
  48.0607, -96.5133
  48.0734, -96.5046
  48.0861, -96.4967
  48.0887, -96.4939
  48.0989, -96.4863
  48.1116, -96.4865
  48.1213, -96.4939
  48.1234, -96.5226
  48.1116, -96.5390
  48.1039, -96.5512
  48.0989, -96.5573
  48.0861, -96.5649
  48.0734, -96.5595
  48.0607, -96.5548
End:

Color: 0 255 0
Line: 3, 0, "2026-09-29 14:20:00 UTC\nMonitor Boundary"
  48.1754, -96.4718
  48.1683, -96.4653
  48.1754, -96.4396
  48.1792, -96.4367
  48.1881, -96.4353
  48.1914, -96.4367
  48.2009, -96.4596
  48.2020, -96.4653
  48.2009, -96.4667
  48.1881, -96.4746
  48.1754, -96.4718
End:

Color: 0 255 0
Line: 3, 0, "2026-09-29 14:20:00 UTC\nMonitor Boundary"
  48.2773, -96.4812
  48.2650, -96.4653
  48.2670, -96.4367
  48.2663, -96.4081
  48.2773, -96.3952
  48.2901, -96.3828
  48.2933, -96.3795
  48.3028, -96.3751
  48.3156, -96.3775
  48.3283, -96.3753
  48.3411, -96.3754
  48.3538, -96.3772
  48.3570, -96.3795
  48.3595, -96.4081
  48.3538, -96.4126
  48.3411, -96.4181
  48.3283, -96.4326
  48.3255, -96.4367
  48.3283, -96.4497
  48.3319, -96.4653
  48.3283, -96.4690
  48.3156, -96.4750
  48.3028, -96.4717
  48.2901, -96.4829
  48.2773, -96.4812
End:

Color: 0 255 0
Line: 3, 0, "2026-09-29 14:20:00 UTC\nMonitor Boundary"
  47.8057, -96.4281
  47.7964, -96.4081
  47.8019, -96.3795
  47.8014, -96.3509
  47.7930, -96.3415
  47.7802, -96.3271
  47.7765, -96.3223
  47.7802, -96.3116
  47.7930, -96.2966
  47.8015, -96.2937
  47.8057, -96.2925
  47.8185, -96.2778
  47.8312, -96.2776
  47.8440, -96.2914
  47.8491, -96.2937
  47.8567, -96.2971
  47.8588, -96.2937
  47.8567, -96.2804
  47.8550, -96.2651
  47.8567, -96.2620
  47.8695, -96.2475
  47.8822, -96.2437
  47.8871, -96.2365
  47.8949, -96.2124
  47.8964, -96.2079
  47.9077, -96.1972
  47.9204, -96.1959
  47.9332, -96.1956
  47.9436, -96.2079
  47.9459, -96.2141
  47.9587, -96.2153
  47.9714, -96.2153
  47.9842, -96.2088
  47.9852, -96.2079
  47.9842, -96.2075
  47.9714, -96.2019
  47.9587, -96.2012
  47.9459, -96.1844
  47.9455, -96.1793
  47.9459, -96.1776
  47.9587, -96.1591
  47.9708, -96.1507
  47.9587, -96.1435
  47.9459, -96.1390
  47.9352, -96.1221
  47.9332, -96.1192
  47.9204, -96.1030
  47.9151, -96.0935
  47.9204, -96.0853
  47.9332, -96.0753
  47.9459, -96.0813
  47.9587, -96.0776
  47.9714, -96.0776
  47.9842, -96.0922
  47.9849, -96.0935
  47.9842, -96.0957
  47.9748, -96.1221
  47.9842, -96.1399
  47.9969, -96.1490
  47.9987, -96.1507
  48.0045, -96.1793
  48.0036, -96.2079
  48.0097, -96.2265
  48.0112, -96.2365
  48.0097, -96.2387
  47.9969, -96.2558
  47.9920, -96.2651
  47.9842, -96.2904
  47.9817, -96.2937
  47.9714, -96.3037
  47.9648, -96.3223
  47.9587, -96.3389
  47.9540, -96.3509
  47.9459, -96.3624
  47.9345, -96.3795
  47.9332, -96.3814
  47.9204, -96.3935
  47.9077, -96.3995
  47.8949, -96.4033
  47.8822, -96.3938
  47.8695, -96.3982
  47.8567, -96.4032
  47.8440, -96.4005
  47.8350, -96.4081
  47.8312, -96.4153
  47.8185, -96.4327
  47.8057, -96.4281
End:

Color: 0 255 0
Line: 3, 0, "2026-09-29 14:20:00 UTC\nMonitor Boundary"
  47.8185, -96.3243
  47.8199, -96.3223
  47.8185, -96.3206
  47.8171, -96.3223
  47.8185, -96.3243
End:

Color: 0 255 0
Line: 3, 0, "2026-09-29 14:20:00 UTC\nMonitor Boundary"
  44.0073, -96.2380
  44.0069, -96.2365
  44.0073, -96.2360
  44.0201, -96.2260
  44.0328, -96.2273
  44.0429, -96.2365
  44.0328, -96.2606
  44.0201, -96.2632
  44.0073, -96.2380
End:

Color: 0 255 0
Line: 3, 0, "2026-09-29 14:20:00 UTC\nMonitor Boundary"
  43.8671, -96.1817
  43.8655, -96.1793
  43.8671, -96.1754
  43.8798, -96.1583
  43.8926, -96.1600
  43.9045, -96.1793
  43.8926, -96.1922
  43.8798, -96.1936
  43.8671, -96.1817
End:

Color: 0 255 0
Line: 3, 0, "2026-09-29 14:20:00 UTC\nMonitor Boundary"
  44.1093, -96.1541
  44.1037, -96.1507
  44.1004, -96.1221
  44.1093, -96.1160
  44.1220, -96.1166
  44.1296, -96.1221
  44.1265, -96.1507
  44.1220, -96.1536
  44.1093, -96.1541
End:

Color: 0 255 0
Line: 3, 0, "2026-09-29 14:20:00 UTC\nMonitor Boundary"
  43.7396, -95.7848
  43.7354, -95.7788
  43.7396, -95.7699
  43.7524, -95.7572
  43.7651, -95.7624
  43.7746, -95.7788
  43.7651, -95.7902
  43.7524, -95.7946
  43.7396, -95.7848
End:

Color: 0 255 0
Line: 3, 0, "2026-09-29 14:20:00 UTC\nMonitor Boundary"
  48.8892, -94.4163
  48.8785, -94.4058
  48.8839, -94.3772
  48.8892, -94.3695
  48.9019, -94.3569
  48.9147, -94.3562
  48.9274, -94.3566
  48.9402, -94.3579
  48.9529, -94.3732
  48.9549, -94.3772
  48.9529, -94.3820
  48.9417, -94.4058
  48.9402, -94.4078
  48.9274, -94.4180
  48.9147, -94.4250
  48.9019, -94.4240
  48.8892, -94.4163
End:

Color: 0 255 0
Line: 3, 0, "2026-09-29 14:20:00 UTC\nMonitor Boundary"
  26.0604, -82.0544
  26.0512, -82.0488
  26.0477, -82.0450
  26.0349, -82.0327
  26.0222, -82.0204
  26.0219, -82.0202
  26.0094, -82.0122
  25.9967, -82.0095
  25.9853, -81.9916
  25.9967, -81.9756
  26.0090, -81.9630
  26.0094, -81.9626
  26.0222, -81.9553
  26.0349, -81.9582
  26.0406, -81.9630
  26.0477, -81.9703
  26.0604, -81.9762
  26.0732, -81.9752
  26.0859, -81.9751
  26.0987, -81.9832
  26.1093, -81.9916
  26.1114, -81.9999
  26.1144, -82.0202
  26.1114, -82.0272
  26.0987, -82.0423
  26.0907, -82.0488
  26.0859, -82.0514
  26.0732, -82.0549
  26.0604, -82.0544
End:

Color: 0 255 0
Line: 3, 0, "2026-09-29 14:20:00 UTC\nMonitor Boundary"
  25.8310, -81.8845
  25.8194, -81.8772
  25.8250, -81.8485
  25.8310, -81.8455
  25.8437, -81.8445
  25.8565, -81.8381
  25.8692, -81.8358
  25.8820, -81.8457
  25.8854, -81.8485
  25.8903, -81.8772
  25.8820, -81.8853
  25.8692, -81.8937
  25.8565, -81.8910
  25.8437, -81.8860
  25.8310, -81.8845
End:

Color: 0 255 0
Line: 3, 0, "2026-09-29 14:20:00 UTC\nMonitor Boundary"
  25.7672, -81.8545
  25.7610, -81.8485
  25.7557, -81.8199
  25.7672, -81.8044
  25.7800, -81.8062
  25.7927, -81.8158
  25.7973, -81.8199
  25.8047, -81.8485
  25.7927, -81.8619
  25.7800, -81.8636
  25.7672, -81.8545
End:

Color: 0 255 0
Line: 3, 0, "2026-09-29 14:20:00 UTC\nMonitor Boundary"
  25.7290, -81.7702
  25.7251, -81.7627
  25.7290, -81.7568
  25.7418, -81.7458
  25.7545, -81.7450
  25.7672, -81.7523
  25.7749, -81.7627
  25.7672, -81.7757
  25.7545, -81.7838
  25.7418, -81.7831
  25.7290, -81.7702
End:

Color: 0 255 0
Line: 3, 0, "2026-09-29 14:20:00 UTC\nMonitor Boundary"
  25.6908, -80.5645
  25.6848, -80.5614
  25.6795, -80.5327
  25.6908, -80.5232
  25.7035, -80.5152
  25.7163, -80.5213
  25.7249, -80.5327
  25.7165, -80.5614
  25.7163, -80.5615
  25.7035, -80.5649
  25.6908, -80.5645
End:

Color: 0 255 0
Line: 3, 0, "2026-09-29 14:20:00 UTC\nMonitor Boundary"
  24.9770, -80.4529
  24.9695, -80.4469
  24.9642, -80.4414
  24.9515, -80.4342
  24.9387, -80.4341
  24.9260, -80.4349
  24.9132, -80.4285
  24.9005, -80.4187
  24.9001, -80.4183
  24.8958, -80.3897
  24.9005, -80.3828
  24.9132, -80.3693
  24.9212, -80.3611
  24.9260, -80.3574
  24.9387, -80.3538
  24.9515, -80.3457
  24.9642, -80.3491
  24.9746, -80.3611
  24.9770, -80.3651
  24.9897, -80.3761
  25.0025, -80.3776
  25.0152, -80.3875
  25.0175, -80.3897
  25.0247, -80.4183
  25.0152, -80.4380
  25.0025, -80.4450
  25.0007, -80.4469
  24.9897, -80.4543
  24.9770, -80.4529
End:

Color: 0 255 0
Line: 3, 0, "2026-09-29 14:20:00 UTC\nMonitor Boundary"
  25.3594, -80.4242
  25.3553, -80.4183
  25.3594, -80.4100
  25.3721, -80.3971
  25.3849, -80.4019
  25.3947, -80.4183
  25.3849, -80.4303
  25.3721, -80.4345
  25.3594, -80.4242
End:

Color: 0 255 0
Line: 3, 0, "2026-09-29 14:20:00 UTC\nMonitor Boundary"
  25.0534, -80.3613
  25.0532, -80.3611
  25.0452, -80.3325
  25.0534, -80.3216
  25.0662, -80.3132
  25.0782, -80.3039
  25.0789, -80.3033
  25.0917, -80.2947
  25.1044, -80.2911
  25.1172, -80.2831
  25.1299, -80.2759
  25.1427, -80.2788
  25.1554, -80.2928
  25.1682, -80.2950
  25.1809, -80.3032
  25.1816, -80.3039
  25.1809, -80.3080
  25.1764, -80.3325
  25.1682, -80.3444
  25.1554, -80.3538
  25.1460, -80.3611
  25.1427, -80.3634
  25.1299, -80.3662
  25.1172, -80.3748
  25.1044, -80.3750
  25.0917, -80.3745
  25.0789, -80.3743
  25.0662, -80.3717
  25.0534, -80.3613
End:

Color: 0 255 0
Line: 3, 0, "2026-09-29 14:20:00 UTC\nMonitor Boundary"
  25.4358, -80.3650
  25.4232, -80.3611
  25.4231, -80.3607
  25.4197, -80.3325
  25.4231, -80.3294
  25.4358, -80.3250
  25.4486, -80.3307
  25.4504, -80.3325
  25.4486, -80.3494
  25.4458, -80.3611
  25.4358, -80.3650
End:

Color: 0 255 0
Line: 3, 0, "2026-09-29 14:20:00 UTC\nMonitor Boundary"
  25.9202, -80.3129
  25.9150, -80.3039
  25.9202, -80.2959
  25.9329, -80.2855
  25.9449, -80.2753
  25.9457, -80.2740
  25.9584, -80.2582
  25.9712, -80.2580
  25.9839, -80.2733
  25.9850, -80.2753
  25.9839, -80.2792
  25.9714, -80.3039
  25.9712, -80.3040
  25.9605, -80.3039
  25.9584, -80.3039
  25.9584, -80.3039
  25.9457, -80.3180
  25.9329, -80.3239
  25.9202, -80.3129
End:

Color: 0 255 0
Line: 3, 0, "2026-09-29 14:20:00 UTC\nMonitor Boundary"
  25.3339, -80.2291
  25.3253, -80.2181
  25.3326, -80.1895
  25.3339, -80.1882
  25.3466, -80.1754
  25.3594, -80.1686
  25.3721, -80.1674
  25.3849, -80.1723
  25.3944, -80.1895
  25.3849, -80.2032
  25.3747, -80.2181
  25.3721, -80.2221
  25.3594, -80.2338
  25.3466, -80.2348
  25.3339, -80.2291
End:

Color: 0 255 0
Line: 3, 0, "2026-09-29 14:20:00 UTC\nMonitor Boundary"
  25.7800, -80.1415
  25.7752, -80.1323
  25.7800, -80.1246
  25.7927, -80.1099
  25.8055, -80.1064
  25.8182, -80.1070
  25.8310, -80.1085
  25.8436, -80.1323
  25.8310, -80.1435
  25.8182, -80.1451
  25.8055, -80.1499
  25.7927, -80.1533
  25.7800, -80.1415
End:

Color: 0 255 0
Line: 3, 0, "2026-09-29 14:20:00 UTC\nMonitor Boundary"
  25.4231, -80.1049
  25.4200, -80.1037
  25.4103, -80.0860
  25.4078, -80.0751
  25.4103, -80.0723
  25.4231, -80.0641
  25.4358, -80.0602
  25.4486, -80.0564
  25.4613, -80.0687
  25.4650, -80.0751
  25.4613, -80.0874
  25.4507, -80.1037
  25.4486, -80.1047
  25.4358, -80.1050
  25.4231, -80.1049
End:

Color: 0 255 0
Line: 3, 0, "2026-09-29 14:20:00 UTC\nMonitor Boundary"
  25.6015, -80.1146
  25.5950, -80.1037
  25.6015, -80.0861
  25.6141, -80.0751
  25.6143, -80.0750
  25.6145, -80.0751
  25.6270, -80.0835
  25.6350, -80.1037
  25.6270, -80.1164
  25.6143, -80.1242
  25.6015, -80.1146
End:

Color: 0 255 0
Line: 3, 0, "2026-09-29 14:20:00 UTC\nMonitor Boundary"
  26.2261, -80.1120
  26.2172, -80.1037
  26.2261, -80.0806
  26.2389, -80.0759
  26.2516, -80.0987
  26.2530, -80.1037
  26.2516, -80.1053
  26.2389, -80.1144
  26.2261, -80.1120
End:

Color: 0 255 0
Line: 3, 0, "2026-09-29 14:20:00 UTC\nMonitor Boundary"
  45.5496, -68.0045
  45.5452, -68.0041
  45.5369, -68.0015
  45.5277, -67.9755
  45.5369, -67.9674
  45.5496, -67.9658
  45.5624, -67.9749
  45.5751, -67.9499
  45.5788, -67.9469
  45.5879, -67.9452
  45.5916, -67.9469
  45.6006, -67.9687
  45.6020, -67.9755
  45.6006, -67.9770
  45.5879, -67.9847
  45.5751, -67.9830
  45.5624, -67.9764
  45.5504, -68.0041
  45.5496, -68.0045
End:

Color: 0 255 0
Line: 3, 0, "2026-09-29 14:20:00 UTC\nMonitor Boundary"
  46.5183, -67.8432
  46.5065, -67.8324
  46.5056, -67.8158
  46.5050, -67.8038
  46.5056, -67.8028
  46.5183, -67.7879
  46.5311, -67.7863
  46.5438, -67.7808
  46.5558, -67.7752
  46.5566, -67.7751
  46.5570, -67.7752
  46.5693, -67.7878
  46.5750, -67.8038
  46.5734, -67.8324
  46.5693, -67.8373
  46.5566, -67.8449
  46.5438, -67.8402
  46.5311, -67.8435
  46.5183, -67.8432
End:

Color: 255 255 0
Line: 3, 0, "2026-09-29 14:20:00 UTC\nFlood Advisory Boundary"
  48.6342, -121.9817
  48.6326, -121.9804
  48.6304, -121.9518
  48.6342, -121.9485
  48.6470, -121.9451
  48.6597, -121.9515
  48.6600, -121.9518
  48.6597, -121.9557
  48.6569, -121.9804
  48.6470, -121.9849
  48.6342, -121.9817
End:

Color: 255 255 0
Line: 3, 0, "2026-09-29 14:20:00 UTC\nFlood Advisory Boundary"
  33.8612, -112.6045
  33.8504, -112.5982
  33.8534, -112.5696
  33.8612, -112.5654
  33.8739, -112.5673
  33.8771, -112.5696
  33.8794, -112.5982
  33.8739, -112.6025
  33.8612, -112.6045
End:

Color: 255 255 0
Line: 3, 0, "2026-09-29 14:20:00 UTC\nFlood Advisory Boundary"
  33.0454, -110.9578
  33.0360, -110.9391
  33.0454, -110.9289
  33.0582, -110.9255
  33.0709, -110.9350
  33.0741, -110.9391
  33.0709, -110.9472
  33.0582, -110.9625
  33.0454, -110.9578
End:

Color: 255 255 0
Line: 3, 0, "2026-09-29 14:20:00 UTC\nFlood Advisory Boundary"
  32.6248, -107.9415
  32.6185, -107.9357
  32.6151, -107.9071
  32.6207, -107.8785
  32.6224, -107.8499
  32.6248, -107.8475
  32.6375, -107.8376
  32.6503, -107.8364
  32.6630, -107.8460
  32.6673, -107.8499
  32.6758, -107.8612
  32.6847, -107.8785
  32.6758, -107.8915
  32.6630, -107.9020
  32.6575, -107.9071
  32.6518, -107.9357
  32.6503, -107.9373
  32.6375, -107.9448
  32.6248, -107.9415
End:

Color: 255 255 0
Line: 3, 0, "2026-09-29 14:20:00 UTC\nFlood Advisory Boundary"
  32.6375, -107.6623
  32.6256, -107.6496
  32.6375, -107.6300
  32.6503, -107.6285
  32.6630, -107.6462
  32.6644, -107.6496
  32.6630, -107.6517
  32.6503, -107.6636
  32.6375, -107.6623
End:

Color: 255 255 0
Line: 3, 0, "2026-09-29 14:20:00 UTC\nFlood Advisory Boundary"
  35.2633, -107.4249
  35.2538, -107.4208
  35.2505, -107.4183
  35.2378, -107.4106
  35.2252, -107.3922
  35.2291, -107.3636
  35.2378, -107.3544
  35.2505, -107.3417
  35.2633, -107.3351
  35.2760, -107.3351
  35.2888, -107.3411
  35.3015, -107.3577
  35.3049, -107.3636
  35.3015, -107.3725
  35.2935, -107.3922
  35.2888, -107.4157
  35.2864, -107.4208
  35.2760, -107.4250
  35.2633, -107.4249
End:

Color: 255 255 0
Line: 3, 0, "2026-09-29 14:20:00 UTC\nFlood Advisory Boundary"
  32.4463, -107.0236
  32.4428, -107.0203
  32.4336, -107.0086
  32.4209, -107.0045
  32.4081, -106.9942
  32.4062, -106.9917
  32.4081, -106.9862
  32.4209, -106.9676
  32.4336, -106.9711
  32.4463, -106.9633
  32.4471, -106.9631
  32.4463, -106.9628
  32.4377, -106.9345
  32.4463, -106.9093
  32.4548, -106.9059
  32.4591, -106.9038
  32.4651, -106.8773
  32.4718, -106.8646
  32.4836, -106.8487
  32.4846, -106.8480
  32.4973, -106.8438
  32.5101, -106.8390
  32.5228, -106.8270
  32.5356, -106.8328
  32.5446, -106.8487
  32.5356, -106.8752
  32.5349, -106.8773
  32.5228, -106.9012
  32.5101, -106.9033
  32.5063, -106.9059
  32.4973, -106.9123
  32.4850, -106.9345
  32.4846, -106.9362
  32.4729, -106.9631
  32.4718, -106.9718
  32.4694, -106.9917
  32.4718, -106.9950
  32.4843, -107.0203
  32.4718, -107.0328
  32.4591, -107.0333
  32.4463, -107.0236
End:

Color: 255 255 0
Line: 3, 0, "2026-09-29 14:20:00 UTC\nFlood Advisory Boundary"
  32.5611, -106.7443
  32.5550, -106.7343
  32.5611, -106.7249
  32.5738, -106.7152
  32.5866, -106.7154
  32.5993, -106.7125
  32.6045, -106.7057
  32.6120, -106.6837
  32.6185, -106.6771
  32.6248, -106.6750
  32.6375, -106.6765
  32.6503, -106.6757
  32.6528, -106.6771
  32.6617, -106.7057
  32.6526, -106.7343
  32.6503, -106.7373
  32.6375, -106.7484
  32.6248, -106.7546
  32.6120, -106.7513
  32.5993, -106.7530
  32.5866, -106.7542
  32.5738, -106.7544
  32.5611, -106.7443
End:

Color: 255 255 0
Line: 3, 0, "2026-09-29 14:20:00 UTC\nFlood Advisory Boundary"
  32.7140, -106.6215
  32.7120, -106.6199
  32.7013, -106.6033
  32.6954, -106.5913
  32.7013, -106.5834
  32.7140, -106.5751
  32.7268, -106.5752
  32.7395, -106.5843
  32.7446, -106.5913
  32.7395, -106.6160
  32.7378, -106.6199
  32.7268, -106.6249
  32.7140, -106.6215
End:

Color: 255 255 0
Line: 3, 0, "2026-09-29 14:20:00 UTC\nFlood Advisory Boundary"
  32.8670, -106.4217
  32.8656, -106.4196
  32.8670, -106.4162
  32.8797, -106.3984
  32.8925, -106.4000
  32.9044, -106.4196
  32.8925, -106.4323
  32.8797, -106.4336
  32.8670, -106.4217
End:

Color: 255 255 0
Line: 3, 0, "2026-09-29 14:20:00 UTC\nFlood Advisory Boundary"
  39.1764, -102.6224
  39.1682, -102.6153
  39.1764, -102.5877
  39.1785, -102.5867
  39.1764, -102.5859
  39.1664, -102.5581
  39.1764, -102.5480
  39.1892, -102.5458
  39.2019, -102.5557
  39.2037, -102.5581
  39.2019, -102.5654
  39.1917, -102.5867
  39.2019, -102.6141
  39.2021, -102.6153
  39.2019, -102.6155
  39.1892, -102.6244
  39.1764, -102.6224
End:

Color: 255 255 0
Line: 3, 0, "2026-09-29 14:20:00 UTC\nFlood Advisory Boundary"
  31.7580, -101.9504
  31.7460, -101.9288
  31.7580, -101.9171
  31.7708, -101.9161
  31.7835, -101.9236
  31.7857, -101.9002
  31.7963, -101.8885
  31.8090, -101.8858
  31.8218, -101.8965
  31.8244, -101.9002
  31.8218, -101.9064
  31.8090, -101.9222
  31.7963, -101.9189
  31.7845, -101.9288
  31.7835, -101.9301
  31.7708, -101.9513
  31.7580, -101.9504
End:

Color: 255 255 0
Line: 3, 0, "2026-09-29 14:20:00 UTC\nFlood Advisory Boundary"
  33.8994, -101.7087
  33.8957, -101.6999
  33.8994, -101.6949
  33.9122, -101.6854
  33.9249, -101.6872
  33.9377, -101.6799
  33.9504, -101.6786
  33.9632, -101.6969
  33.9644, -101.6999
  33.9632, -101.7017
  33.9504, -101.7135
  33.9377, -101.7133
  33.9249, -101.7175
  33.9122, -101.7226
  33.8994, -101.7087
End:

Color: 255 255 0
Line: 3, 0, "2026-09-29 14:20:00 UTC\nFlood Advisory Boundary"
  33.9632, -101.6200
  33.9574, -101.6141
  33.9504, -101.6021
  33.9381, -101.5855
  33.9477, -101.5569
  33.9504, -101.5556
  33.9632, -101.5568
  33.9634, -101.5569
  33.9759, -101.5838
  33.9774, -101.5855
  33.9887, -101.6002
  33.9926, -101.6141
  33.9887, -101.6184
  33.9759, -101.6250
  33.9632, -101.6200
End:

Color: 255 255 0
Line: 3, 0, "2026-09-29 14:20:00 UTC\nFlood Advisory Boundary"
  33.7337, -101.4863
  33.7254, -101.4711
  33.7337, -101.4608
  33.7465, -101.4551
  33.7592, -101.4639
  33.7646, -101.4711
  33.7592, -101.4820
  33.7465, -101.4931
  33.7337, -101.4863
End:

Color: 255 255 0
Line: 3, 0, "2026-09-29 14:20:00 UTC\nFlood Advisory Boundary"
  35.4163, -101.4299
  35.4050, -101.4139
  35.4163, -101.3995
  35.4290, -101.3963
  35.4417, -101.4086
  35.4450, -101.4139
  35.4417, -101.4199
  35.4290, -101.4331
  35.4163, -101.4299
End:

Color: 255 255 0
Line: 3, 0, "2026-09-29 14:20:00 UTC\nFlood Advisory Boundary"
  35.4163, -101.3006
  35.4155, -101.2995
  35.4163, -101.2976
  35.4290, -101.2789
  35.4417, -101.2794
  35.4545, -101.2995
  35.4545, -101.2995
  35.4545, -101.2995
  35.4417, -101.3127
  35.4290, -101.3132
  35.4163, -101.3006
End:

Color: 255 255 0
Line: 3, 0, "2026-09-29 14:20:00 UTC\nFlood Advisory Boundary"
  33.7082, -98.9931
  33.6966, -98.9825
  33.7082, -98.9590
  33.7210, -98.9584
  33.7335, -98.9825
  33.7210, -98.9935
  33.7082, -98.9931
End:

Color: 255 255 0
Line: 3, 0, "2026-09-29 14:20:00 UTC\nFlood Advisory Boundary"
  46.6713, -98.7846
  46.6665, -98.7823
  46.6586, -98.7540
  46.6585, -98.7537
  46.6586, -98.7535
  46.6650, -98.7251
  46.6651, -98.6965
  46.6713, -98.6747
  46.6741, -98.6679
  46.6713, -98.6606
  46.6655, -98.6393
  46.6713, -98.6272
  46.6815, -98.6107
  46.6840, -98.6085
  46.6968, -98.6051
  46.7087, -98.6107
  46.7089, -98.6393
  46.7095, -98.6400
  46.7223, -98.6625
  46.7248, -98.6679
  46.7223, -98.6725
  46.7095, -98.6909
  46.7057, -98.6965
  46.7095, -98.7135
  46.7122, -98.7251
  46.7095, -98.7364
  46.7056, -98.7537
  46.6968, -98.7683
  46.6848, -98.7823
  46.6840, -98.7828
  46.6713, -98.7846
End:

Color: 255 255 0
Line: 3, 0, "2026-09-29 14:20:00 UTC\nFlood Advisory Boundary"
  46.7095, -98.5546
  46.6990, -98.5535
  46.6968, -98.5527
  46.6881, -98.5249
  46.6850, -98.4963
  46.6840, -98.4933
  46.6752, -98.4676
  46.6840, -98.4529
  46.6950, -98.4390
  46.6968, -98.4352
  46.7058, -98.4104
  46.7053, -98.3818
  46.7095, -98.3757
  46.7223, -98.3655
  46.7350, -98.3699
  46.7447, -98.3818
  46.7441, -98.4104
  46.7387, -98.4390
  46.7478, -98.4493
  46.7605, -98.4634
  46.7635, -98.4676
  46.7629, -98.4963
  46.7605, -98.5047
  46.7552, -98.5249
  46.7529, -98.5535
  46.7478, -98.5591
  46.7350, -98.5650
  46.7223, -98.5591
  46.7095, -98.5546
End:

Color: 255 255 0
Line: 3, 0, "2026-09-29 14:20:00 UTC\nFlood Advisory Boundary"
  46.8880, -98.4437
  46.8816, -98.4390
  46.8755, -98.4104
  46.8880, -98.3941
  46.9007, -98.3879
  46.9135, -98.3871
  46.9262, -98.3942
  46.9341, -98.4104
  46.9345, -98.4390
  46.9262, -98.4493
  46.9135, -98.4549
  46.9007, -98.4463
  46.8880, -98.4437
End:

Color: 255 255 0
Line: 3, 0, "2026-09-29 14:20:00 UTC\nFlood Advisory Boundary"
  47.2576, -97.9835
  47.2561, -97.9814
  47.2576, -97.9770
  47.2704, -97.9580
  47.2831, -97.9606
  47.2959, -97.9595
  47.2997, -97.9528
  47.2959, -97.9448
  47.2831, -97.9290
  47.2812, -97.9242
  47.2704, -97.9066
  47.2675, -97.8956
  47.2704, -97.8924
  47.2831, -97.8851
  47.2959, -97.8892
  47.3086, -97.8953
  47.3129, -97.8956
  47.3214, -97.8970
  47.3326, -97.9242
  47.3341, -97.9279
  47.3432, -97.9528
  47.3341, -97.9702
  47.3255, -97.9814
  47.3214, -97.9847
  47.3086, -97.9944
  47.2959, -97.9915
  47.2831, -97.9922
  47.2704, -97.9940
  47.2576, -97.9835
End:

Color: 255 255 0
Line: 3, 0, "2026-09-29 14:20:00 UTC\nFlood Advisory Boundary"
  41.4580, -97.2435
  41.4502, -97.2377
  41.4539, -97.2091
  41.4580, -97.1940
  41.4622, -97.1805
  41.4580, -97.1759
  41.4453, -97.1519
  41.4453, -97.1518
  41.4453, -97.1515
  41.4493, -97.1232
  41.4550, -97.0946
  41.4572, -97.0660
  41.4580, -97.0643
  41.4708, -97.0433
  41.4775, -97.0374
  41.4835, -97.0345
  41.4963, -97.0350
  41.5090, -97.0184
  41.5218, -97.0190
  41.5345, -97.0367
  41.5349, -97.0374
  41.5350, -97.0660
  41.5345, -97.0669
  41.5218, -97.0820
  41.5090, -97.0861
  41.5022, -97.0946
  41.4963, -97.1058
  41.4835, -97.1229
  41.4833, -97.1232
  41.4835, -97.1235
  41.4963, -97.1373
  41.5047, -97.1518
  41.4975, -97.1805
  41.4963, -97.1844
  41.4885, -97.2091
  41.4835, -97.2260
  41.4799, -97.2377
  41.4708, -97.2439
  41.4580, -97.2435
End:

Color: 255 150 0
Line: 3, 0, "2026-09-29 14:20:00 UTC\nFFW Base Boundary"
  48.6342, -121.9817
  48.6326, -121.9804
  48.6304, -121.9518
  48.6342, -121.9485
  48.6470, -121.9451
  48.6597, -121.9515
  48.6600, -121.9518
  48.6597, -121.9557
  48.6569, -121.9804
  48.6470, -121.9849
  48.6342, -121.9817
End:

Color: 255 150 0
Line: 3, 0, "2026-09-29 14:20:00 UTC\nFFW Base Boundary"
  35.2633, -107.4212
  35.2626, -107.4208
  35.2505, -107.4123
  35.2378, -107.4106
  35.2252, -107.3922
  35.2378, -107.3650
  35.2388, -107.3636
  35.2505, -107.3458
  35.2633, -107.3351
  35.2760, -107.3351
  35.2888, -107.3503
  35.2929, -107.3636
  35.2935, -107.3922
  35.2888, -107.4157
  35.2864, -107.4208
  35.2760, -107.4250
  35.2633, -107.4212
End:

Color: 255 150 0
Line: 3, 0, "2026-09-29 14:20:00 UTC\nFFW Base Boundary"
  32.4591, -106.9646
  32.4471, -106.9631
  32.4463, -106.9628
  32.4384, -106.9345
  32.4463, -106.9276
  32.4591, -106.9256
  32.4718, -106.9343
  32.4720, -106.9345
  32.4718, -106.9355
  32.4620, -106.9631
  32.4591, -106.9646
End:

Color: 255 150 0
Line: 3, 0, "2026-09-29 14:20:00 UTC\nFFW Base Boundary"
  32.4973, -106.8808
  32.4951, -106.8773
  32.4973, -106.8728
  32.5101, -106.8578
  32.5228, -106.8597
  32.5349, -106.8773
  32.5228, -106.8916
  32.5101, -106.8934
  32.4973, -106.8808
End:

Color: 255 150 0
Line: 3, 0, "2026-09-29 14:20:00 UTC\nFFW Base Boundary"
  31.7580, -101.9504
  31.7460, -101.9288
  31.7580, -101.9171
  31.7708, -101.9165
  31.7835, -101.9281
  31.7840, -101.9288
  31.7835, -101.9301
  31.7708, -101.9513
  31.7580, -101.9504
End:

Color: 255 150 0
Line: 3, 0, "2026-09-29 14:20:00 UTC\nFFW Base Boundary"
  33.8994, -101.7087
  33.8957, -101.6999
  33.8994, -101.6949
  33.9122, -101.6854
  33.9249, -101.6894
  33.9343, -101.6999
  33.9249, -101.7175
  33.9122, -101.7226
  33.8994, -101.7087
End:

Color: 255 150 0
Line: 3, 0, "2026-09-29 14:20:00 UTC\nFFW Base Boundary"
  33.7082, -98.9931
  33.6966, -98.9825
  33.7082, -98.9590
  33.7210, -98.9584
  33.7335, -98.9825
  33.7210, -98.9935
  33.7082, -98.9931
End:

Color: 255 0 0
Line: 3, 0, "2026-09-29 14:20:00 UTC\nFFW Considerable Boundary"
  35.2505, -107.3971
  35.2445, -107.3922
  35.2388, -107.3636
  35.2505, -107.3531
  35.2633, -107.3453
  35.2760, -107.3514
  35.2888, -107.3606
  35.2912, -107.3636
  35.2888, -107.3781
  35.2859, -107.3922
  35.2760, -107.4002
  35.2633, -107.4049
  35.2505, -107.3971
End:

Color: 255 0 0
Line: 3, 0, "2026-09-29 14:20:00 UTC\nFFW Considerable Boundary"
  31.7580, -101.9504
  31.7460, -101.9288
  31.7580, -101.9171
  31.7708, -101.9165
  31.7835, -101.9281
  31.7840, -101.9288
  31.7835, -101.9301
  31.7708, -101.9513
  31.7580, -101.9504
End:

Color: 255 0 255
Line: 3, 0, "2026-09-29 14:20:00 UTC\nFFW Catastrophic Boundary"
  35.2760, -107.3950
  35.2661, -107.3922
  35.2633, -107.3871
  35.2589, -107.3636
  35.2633, -107.3595
  35.2760, -107.3550
  35.2888, -107.3611
  35.2912, -107.3636
  35.2888, -107.3781
  35.2834, -107.3922
  35.2760, -107.3950
End:
