{"type":"FeatureCollection","features":[{"type":"Feature","geometry":{"type":"Polygon","coordinates":[[[-118.48268,35.63926],[-118.4824,35.6393],[-118.4825,35.63921],[-118.48268,35.63926]]]},"properties":{"fire_id":"ufid:2021-CACND-002706","source_collection":"history-2021","source_objectid":443,"incident_name":"Green","mapped_acres":0.0526609109548181,"mapped_acres_source":"poly_Acres_AutoCalc_fallback","gis_acres":null,"auto_acres":0.0526609109548181,"reported_acres":0.1,"percent_contained":null,"state":"CA","state_wfigs":"US-CA","county":"Kern","discovery_time_utc":"2021-08-13T00:00:00Z","perimeter_time_utc":null,"perimeter_edit_time_utc":"2021-08-29T22:46:06Z","incident_modified_time_utc":"2021-08-16T20:51:02Z","containment_time_utc":"2021-08-13T00:36:00Z","control_time_utc":"2021-08-13T02:32:00Z","fire_out_time_utc":"2021-08-13T21:10:00Z","fire_cause":"Human","fire_cause_general":"Other Human Cause","map_method":"Mixed Methods","source_dataset":"2021 NIFS","unique_fire_identifier":"2021-CACND-002706","irwin_id":"{9C211977-6877-4506-A9B7-8C657CFA42D8}","global_id":"75429c58-c9e2-4295-b565-fe29073cc89e"}},{"type":"Feature","geometry":{"type":"Polygon","coordinates":[[[-118.34706,35.65202],[-118.34676,35.65195],[-118.34663,35.65167],[-118.34702,35.65188],[-118.34706,35.65202]]]},"properties":{"fire_id":"ufid:2021-CACND-000710","source_collection":"history-2021","source_objectid":1056,"incident_name":"SOUTH","mapped_acres":0.1,"mapped_acres_source":"poly_GISAcres","gis_acres":0.1,"auto_acres":0.174635311916976,"reported_acres":0.1,"percent_contained":null,"state":"CA","state_wfigs":"US-CA","county":"Kern","discovery_time_utc":"2021-04-11T03:56:00Z","perimeter_time_utc":"2021-04-11T08:56:26Z","perimeter_edit_time_utc":"2021-05-21T17:58:59Z","incident_modified_time_utc":"2023-08-31T17:22:23Z","containment_time_utc":null,"control_time_utc":null,"fire_out_time_utc":"2021-04-13T23:52:00Z","fire_cause":"Undetermined","fire_cause_general":"Undetermined","map_method":"Hand Sketch","source_dataset":"2021 NIFS","unique_fire_identifier":"2021-CACND-000710","irwin_id":"{312C38CE-CF14-471D-B310-BE6FA7E4D50E}","global_id":"ed053e4b-531f-4623-920f-60174ecae188"}},{"type":"Feature","geometry":{"type":"Polygon","coordinates":[[[-119.56507,37.85305],[-119.56516,37.85257],[-119.56538,37.85252],[-119.56562,37.85281],[-119.56564,37.85307],[-119.56532,37.85323],[-119.56507,37.85305]]]},"properties":{"fire_id":"ufid:2021-CAYNP-000081","source_collection":"history-2021","source_objectid":1488,"incident_name":"Yosemite Creek","mapped_acres":0.657154511198427,"mapped_acres_source":"poly_GISAcres","gis_acres":0.657154511198427,"auto_acres":0.657152030651762,"reported_acres":0.75,"percent_contained":null,"state":"CA","state_wfigs":"US-CA","county":"Mariposa","discovery_time_utc":"2021-07-27T18:46:00Z","perimeter_time_utc":null,"perimeter_edit_time_utc":"2021-09-07T00:38:39Z","incident_modified_time_utc":"2021-09-21T17:28:20Z","containment_time_utc":"2021-07-28T00:23:00Z","control_time_utc":null,"fire_out_time_utc":"2021-08-05T23:19:00Z","fire_cause":"Natural","fire_cause_general":"Lightning","map_method":"GPS-Walked","source_dataset":"2021 NIFS","unique_fire_identifier":"2021-CAYNP-000081","irwin_id":"{A7D08D23-4AE7-44AF-A7F4-33F42217EE16}","global_id":"298444bf-8bdf-4e4a-b499-d64da3d7f4d1"}},{"type":"Feature","geometry":{"type":"MultiPolygon","coordinates":[[[[-119.72093,38.67992],[-119.72093,38.67996],[-119.72092,38.67994],[-119.72093,38.67992]]],[[[-119.71962,38.67875],[-119.72031,38.67896],[-119.72074,38.67953],[-119.72074,38.67989],[-119.7209,38.67985],[-119.72094,38.68011],[-119.72065,38.68012],[-119.72021,38.67992],[-119.71999,38.67964],[-119.71946,38.67942],[-119.7182,38.67951],[-119.71809,38.67936],[-119.71777,38.67933],[-119.71836,38.67888],[-119.71962,38.67875]]]]},"properties":{"fire_id":"ufid:2021-NVHTF-030356","source_collection":"history-2021","source_objectid":1572,"incident_name":"Mogul","mapped_acres":4.72,"mapped_acres_source":"poly_GISAcres","gis_acres":4.72,"auto_acres":4.7154766719758,"reported_acres":4.7,"percent_contained":null,"state":"CA","state_wfigs":"US-CA","county":"Alpine","discovery_time_utc":"2021-06-29T21:59:00Z","perimeter_time_utc":"2021-06-29T08:00:00Z","perimeter_edit_time_utc":"2021-06-30T14:48:59Z","incident_modified_time_utc":"2021-09-08T23:40:53Z","containment_time_utc":"2021-06-30T17:04:00Z","control_time_utc":"2021-06-30T23:00:00Z","fire_out_time_utc":"2021-07-07T23:00:00Z","fire_cause":"Natural","fire_cause_general":"Lightning","map_method":"Mixed Methods","source_dataset":"2021 NIFS","unique_fire_identifier":"2021-NVHTF-030356","irwin_id":"{67BE5244-2F9B-4765-808E-2DBE5DE13DA1}","global_id":"7eb48191-c870-42e1-bf97-36bc075e2052"}},{"type":"Feature","geometry":{"type":"Polygon","coordinates":[[[-119.32282,35.25926],[-119.32329,35.25907],[-119.32366,35.2592],[-119.32312,35.25951],[-119.32258,35.25922],[-119.32282,35.25926]]]},"properties":{"fire_id":"ufid:2021-CAKRN-023217","source_collection":"history-2021","source_objectid":1841,"incident_name":"GOLF COURSE","mapped_acres":1.0,"mapped_acres_source":"poly_GISAcres","gis_acres":1.0,"auto_acres":0.49224253392851,"reported_acres":0.8,"percent_contained":null,"state":"CA","state_wfigs":"US-CA","county":"Kern","discovery_time_utc":"2021-05-23T21:33:00Z","perimeter_time_utc":"2021-05-24T02:33:00Z","perimeter_edit_time_utc":"2021-05-24T20:06:04Z","incident_modified_time_utc":"2021-08-16T20:54:49Z","containment_time_utc":null,"control_time_utc":null,"fire_out_time_utc":null,"fire_cause":"Human","fire_cause_general":"Other Human Cause","map_method":"Hand Sketch","source_dataset":"2021 NIFS","unique_fire_identifier":"2021-CAKRN-023217","irwin_id":"{487ACDC3-AB62-4427-A74B-4D336708CEB4}","global_id":"471c9ea9-50c6-4a8a-9957-06c66acc1ba3"}},{"type":"Feature","geometry":{"type":"Polygon","coordinates":[[[-119.03587,36.11642],[-119.03189,36.11642],[-119.03191,36.11315],[-119.02631,36.11314],[-119.02541,36.11272],[-119.02421,36.1118],[-119.02303,36.10967],[-119.02307,36.10935],[-119.0234,36.10913],[-119.02408,36.10787],[-119.02443,36.10759],[-119.02479,36.10636],[-119.02483,36.10561],[-119.02495,36.10537],[-119.02522,36.10524],[-119.02539,36.10442],[-119.02567,36.10428],[-119.02584,36.10393],[-119.02752,36.10493],[-119.02782,36.10304],[-119.02812,36.10285],[-119.02803,36.10018],[-119.02962,36.10022],[-119.02944,36.09949],[-119.0312,36.09947],[-119.0313,36.09931],[-119.03202,36.09943],[-119.03275,36.1001],[-119.03294,36.10042],[-119.03301,36.10101],[-119.03331,36.10147],[-119.03376,36.1016],[-119.03375,36.10194],[-119.034,36.10249],[-119.03483,36.10315],[-119.0349,36.10406],[-119.03516,36.10463],[-119.03522,36.10536],[-119.03542,36.10549],[-119.03579,36.10641],[-119.03577,36.10672],[-119.03555,36.10707],[-119.03562,36.10736],[-119.03575,36.10738],[-119.03578,36.11225],[-119.03683,36.1123],[-119.0371,36.1126],[-119.03746,36.11267],[-119.03753,36.11311],[-119.0379,36.11332],[-119.0382,36.11456],[-119.03818,36.11517],[-119.03781,36.11519],[-119.03773,36.11532],[-119.03776,36.11587],[-119.03833,36.11592],[-119.03841,36.11624],[-119.03859,36.11635],[-119.03973,36.11637],[-119.0396,36.11678],[-119.03917,36.11721],[-119.03822,36.11757],[-119.03815,36.11772],[-119.03709,36.11821],[-119.03578,36.11857],[-119.03587,36.11642]]]},"properties":{"fire_id":"ufid:2021-CATUU-000426","source_collection":"history-2021","source_objectid":2205,"incident_name":"MAIN","mapped_acres":0.1,"mapped_acres_source":"poly_GISAcres","gis_acres":0.1,"auto_acres":378.471030160609,"reported_acres":384.0,"percent_contained":100.0,"state":"CA","state_wfigs":"US-CA","county":"Tulare","discovery_time_utc":"2021-07-04T04:19:43Z","perimeter_time_utc":"2021-07-04T09:19:43Z","perimeter_edit_time_utc":"2021-07-09T18:44:23Z","incident_modified_time_utc":"2021-07-05T00:38:24Z","containment_time_utc":null,"control_time_utc":null,"fire_out_time_utc":null,"fire_cause":"Undetermined","fire_cause_general":null,"map_method":"Image Interpretation","source_dataset":"2021 NIFS","unique_fire_identifier":"2021-CATUU-000426","irwin_id":"{4A8C8637-C237-4F8D-B22F-F97876D76614}","global_id":"6e05a110-aa7f-497b-8200-32a1b97a132d"}},{"type":"Feature","geometry":{"type":"Polygon","coordinates":[[[-118.76847,36.01342],[-118.7675,36.01326],[-118.76459,36.01368],[-118.76369,36.01363],[-118.76271,36.01312],[-118.76162,36.01297],[-118.76146,36.01281],[-118.76087,36.01271],[-118.76022,36.01272],[-118.75902,36.01328],[-118.75745,36.01298],[-118.75691,36.01326],[-118.75678,36.01217],[-118.75645,36.01161],[-118.7565,36.01137],[-118.75686,36.01106],[-118.75659,36.0095],[-118.75623,36.0094],[-118.75614,36.00915],[-118.75517,36.00881],[-118.75486,36.00856],[-118.7548,36.00824],[-118.75466,36.00815],[-118.7544,36.00692],[-118.75416,36.00658],[-118.75114,36.00569],[-118.75023,36.00491],[-118.74925,36.00473],[-118.74856,36.00416],[-118.74732,36.00363],[-118.74699,36.00371],[-118.74654,36.00362],[-118.7447,36.00292],[-118.74398,36.00243],[-118.74213,36.00209],[-118.74174,36.00133],[-118.74119,36.0009],[-118.74081,36.00028],[-118.74088,35.99896],[-118.74075,35.9984],[-118.74113,35.99776],[-118.74139,35.99766],[-118.74112,35.99722],[-118.74112,35.99685],[-118.74143,35.9969],[-118.74146,35.99724],[-118.74175,35.99764],[-118.74214,35.99767],[-118.74287,35.99815],[-118.74358,35.99779],[-118.74395,35.99736],[-118.74453,35.99708],[-118.74732,35.9975],[-118.74967,35.9967],[-118.75061,35.99651],[-118.75105,35.99624],[-118.75135,35.99579],[-118.75111,35.99556],[-118.75104,35.99523],[-118.75117,35.9946],[-118.75135,35.99444],[-118.75247,35.99424],[-118.75377,35.99336],[-118.75657,35.99271],[-118.75651,35.99312],[-118.75668,35.99385],[-118.75733,35.9948],[-118.75838,35.9946],[-118.75985,35.99505],[-118.76045,35.99506],[-118.76138,35.99483],[-118.76214,35.99556],[-118.76286,35.99556],[-118.7643,35.99513],[-118.76597,35.99508],[-118.76596,35.99578],[-118.76622,35.99639],[-118.76651,35.99658],[-118.7708,35.99748],[-118.77102,35.99853],[-118.77139,35.99903],[-118.77123,35.99964],[-118.77135,36.00061],[-118.77192,36.00124],[-118.77254,36.00153],[-118.77314,36.00147],[-118.77577,36.00258],[-118.77654,36.00276],[-118.77789,36.00418],[-118.77977,36.0055],[-118.78037,36.00574],[-118.78134,36.00653],[-118.78169,36.00718],[-118.78207,36.00965],[-118.78184,36.01044],[-118.78118,36.01077],[-118.78067,36.01086],[-118.77896,36.01189],[-118.7789,36.01262],[-118.77874,36.01289],[-118.77885,36.01322],[-118.77843,36.01372],[-118.77547,36.01516],[-118.77476,36.01576],[-118.7743,36.01649],[-118.7742,36.01588],[-118.77208,36.01611],[-118.76983,36.01601],[-118.76952,36.01588],[-118.76922,36.0155],[-118.7689,36.01473],[-118.76883,36.01404],[-118.76847,36.01342]]]},"properties":{"fire_id":"ufid:2021-CATIA-001624","source_collection":"history-2021","source_objectid":2928,"incident_name":"NETTLE","mapped_acres":1265.520268,"mapped_acres_source":"poly_GISAcres","gis_acres":1265.520268,"auto_acres":1265.74170995959,"reported_acres":1265.0,"percent_contained":100.0,"state":"CA","state_wfigs":"US-CA","county":"Tulare","discovery_time_utc":"2021-06-18T08:55:00Z","perimeter_time_utc":"2021-06-18T13:55:49Z","perimeter_edit_time_utc":"2021-06-22T17:55:36Z","incident_modified_time_utc":"2022-01-06T22:30:21Z","containment_time_utc":"2021-07-16T01:00:00Z","control_time_utc":"2021-07-16T01:00:00Z","fire_out_time_utc":"2021-07-16T01:00:00Z","fire_cause":"Undetermined","fire_cause_general":null,"map_method":"Infrared Image","source_dataset":"2021 NIFS","unique_fire_identifier":"2021-CATIA-001624","irwin_id":"{CBB8FC48-32C9-4523-9EE0-347E4D02EB29}","global_id":"ca1ecff5-7ab3-4ab8-9d51-8d92275f079f"}},{"type":"Feature","geometry":{"type":"Polygon","coordinates":[[[-119.9822,35.09846],[-119.98214,35.09816],[-119.98254,35.09796],[-119.98304,35.09826],[-119.98314,35.09853],[-119.98302,35.09879],[-119.9822,35.09846]]]},"properties":{"fire_id":"ufid:2021-CACND-002821","source_collection":"history-2021","source_objectid":2939,"incident_name":"Chiminea","mapped_acres":1.0,"mapped_acres_source":"poly_GISAcres","gis_acres":1.0,"auto_acres":1.27481338213112,"reported_acres":2.0,"percent_contained":null,"state":"CA","state_wfigs":"US-CA","county":"San Luis Obispo","discovery_time_utc":"2021-10-18T19:07:03Z","perimeter_time_utc":"2021-10-19T00:07:03Z","perimeter_edit_time_utc":"2021-10-24T18:06:49Z","incident_modified_time_utc":"2021-10-25T18:02:57Z","containment_time_utc":"2021-10-19T00:00:00Z","control_time_utc":"2021-10-19T19:00:00Z","fire_out_time_utc":"2021-10-19T22:33:00Z","fire_cause":"Undetermined","fire_cause_general":"Utilities","map_method":"Hand Sketch","source_dataset":"2021 NIFS","unique_fire_identifier":"2021-CACND-002821","irwin_id":"{82A5B524-0F78-474B-80D0-27F3638536FD}","global_id":"7c9edae0-2be2-4fbb-8aff-9c6b5258ff61"}},{"type":"Feature","geometry":{"type":"Polygon","coordinates":[[[-118.67849,37.37179],[-118.67788,37.37179],[-118.67756,37.37144],[-118.67723,37.37134],[-118.67713,37.37091],[-118.67616,37.37094],[-118.67642,37.37068],[-118.67633,37.37049],[-118.67604,37.37039],[-118.67645,37.37015],[-118.67703,37.37006],[-118.67726,37.36963],[-118.67743,37.3697],[-118.67752,37.36935],[-118.67729,37.36935],[-118.67697,37.36906],[-118.67858,37.36905],[-118.6789,37.36879],[-118.67875,37.36873],[-118.67888,37.36836],[-118.67878,37.36826],[-118.67892,37.36823],[-118.67904,37.3679],[-118.67991,37.36811],[-118.6802,37.36794],[-118.6811,37.36812],[-118.6814,37.36864],[-118.68198,37.36822],[-118.68209,37.36833],[-118.68119,37.3693],[-118.68069,37.36953],[-118.68084,37.36921],[-118.67994,37.37002],[-118.67849,37.37179]]]},"properties":{"fire_id":"ufid:2021-CANEU-008126","source_collection":"history-2021","source_objectid":3211,"incident_name":"PINES","mapped_acres":0.1,"mapped_acres_source":"poly_GISAcres","gis_acres":0.1,"auto_acres":24.6919866343729,"reported_acres":null,"percent_contained":null,"state":"CA","state_wfigs":"US-CA","county":"Yuba","discovery_time_utc":"2021-03-31T23:46:01Z","perimeter_time_utc":"2021-04-01T04:46:01Z","perimeter_edit_time_utc":"2021-08-05T13:27:51Z","incident_modified_time_utc":"2021-04-01T00:21:48Z","containment_time_utc":null,"control_time_utc":null,"fire_out_time_utc":null,"fire_cause":"Unknown","fire_cause_general":null,"map_method":"Hand Sketch","source_dataset":"2021 NIFS","unique_fire_identifier":"2021-CANEU-008126","irwin_id":"{59B963D7-3CBD-4550-AA21-2C328CFD2BF3}","global_id":"4544e08c-020f-42d1-8eb2-c1675872cde7"}},{"type":"Feature","geometry":{"type":"MultiPolygon","coordinates":[[[[-119.50936,35.00638],[-119.50986,35.00699],[-119.5102,35.0071],[-119.51048,35.00757],[-119.51083,35.00756],[-119.51055,35.00761],[-119.51153,35.00789],[-119.51088,35.00762],[-119.51126,35.00769],[-119.51274,35.00825],[-119.51298,35.00838],[-119.51296,35.00858],[-119.51271,35.00886],[-119.51254,35.00875],[-119.51232,35.009],[-119.51186,35.00901],[-119.51162,35.0092],[-119.51163,35.00882],[-119.51146,35.00882],[-119.5104,35.00929],[-119.51046,35.00907],[-119.51129,35.00857],[-119.51143,35.00825],[-119.51088,35.00813],[-119.51042,35.00868],[-119.51015,35.00858],[-119.50957,35.00865],[-119.50949,35.00846],[-119.50913,35.00827],[-119.50906,35.00806],[-119.50904,35.00763],[-119.50919,35.00736],[-119.50884,35.00717],[-119.50816,35.00729],[-119.50786,35.00711],[-119.50789,35.00632],[-119.50797,35.00608],[-119.50814,35.00605],[-119.50814,35.00588],[-119.50709,35.00575],[-119.50603,35.00501],[-119.50595,35.00483],[-119.5053,35.00475],[-119.50517,35.00463],[-119.50503,35.00463],[-119.50495,35.00479],[-119.50468,35.0047],[-119.50464,35.0043],[-119.50633,35.00442],[-119.50843,35.00606],[-119.50936,35.00638]]],[[[-119.50824,35.00728],[-119.50819,35.00731],[-119.50819,35.00729],[-119.50824,35.00728]]],[[[-119.51301,35.00844],[-119.51304,35.0086],[-119.51302,35.0086],[-119.51301,35.00844]]],[[[-119.51305,35.00854],[-119.51305,35.00861],[-119.51304,35.00856],[-119.51305,35.00854]]]]},"properties":{"fire_id":"ufid:2021-CACND-001047","source_collection":"history-2021","source_objectid":3946,"incident_name":"HANDLINE","mapped_acres":9.0,"mapped_acres_source":"poly_GISAcres","gis_acres":9.0,"auto_acres":19.0512394456663,"reported_acres":27.0,"percent_contained":null,"state":"CA","state_wfigs":"US-CA","county":"San Luis Obispo","discovery_time_utc":"2021-05-18T16:29:00Z","perimeter_time_utc":"2021-05-18T21:29:00Z","perimeter_edit_time_utc":"2021-05-20T21:41:34Z","incident_modified_time_utc":"2023-08-31T17:16:29Z","containment_time_utc":"2021-05-19T02:09:00Z","control_time_utc":null,"fire_out_time_utc":"2021-05-20T19:19:00Z","fire_cause":"Undetermined","fire_cause_general":"Undetermined","map_method":"Hand Sketch","source_dataset":"2021 NIFS","unique_fire_identifier":"2021-CACND-001047","irwin_id":"{ADC69621-8ED5-47D6-AC37-61BBF4AE1198}","global_id":"7c3eea28-c489-42b6-95de-da303257b140"}},{"type":"Feature","geometry":{"type":"MultiPolygon","coordinates":[[[[-119.48164,38.4405],[-119.48161,38.44038],[-119.48174,38.44049],[-119.48164,38.4405]]],[[[-119.48166,38.44052],[-119.48165,38.4405],[-119.48166,38.44051],[-119.48166,38.44052]]],[[[-119.48178,38.44054],[-119.48169,38.44055],[-119.48169,38.44051],[-119.48178,38.44054]]]]},"properties":{"fire_id":"ufid:2021-NVHTF-030456","source_collection":"history-2021","source_objectid":4009,"incident_name":"Lost Fire","mapped_acres":0.03,"mapped_acres_source":"poly_GISAcres","gis_acres":0.03,"auto_acres":0.0311253196214845,"reported_acres":0.1,"percent_contained":null,"state":"CA","state_wfigs":"US-CA","county":"Mono","discovery_time_utc":"2021-07-10T19:49:16Z","perimeter_time_utc":"2021-07-10T08:00:00Z","perimeter_edit_time_utc":"2021-07-19T18:16:50Z","incident_modified_time_utc":"2021-07-15T19:47:31Z","containment_time_utc":"2021-07-11T01:52:00Z","control_time_utc":"2021-07-11T18:08:00Z","fire_out_time_utc":"2021-07-15T19:44:20Z","fire_cause":"Natural","fire_cause_general":"Lightning","map_method":"Mixed Methods","source_dataset":"2021 NIFS","unique_fire_identifier":"2021-NVHTF-030456","irwin_id":"{C0F61F38-9C15-41DF-8B1F-D926B7FB295A}","global_id":"b9d0a731-7861-4c6a-88fb-2f6ef6674d91"}},{"type":"Feature","geometry":{"type":"Polygon","coordinates":[[[-119.02032,36.11942],[-119.02032,36.11641],[-119.01536,36.11639],[-119.01534,36.11623],[-119.01578,36.11587],[-119.01731,36.11514],[-119.01797,36.11507],[-119.01804,36.11492],[-119.01964,36.11435],[-119.01969,36.11423],[-119.02211,36.11412],[-119.02218,36.11427],[-119.02342,36.11449],[-119.02349,36.11464],[-119.02415,36.115],[-119.02422,36.11529],[-119.02524,36.11536],[-119.02538,36.11714],[-119.02531,36.11929],[-119.02451,36.12002],[-119.02378,36.12003],[-119.02379,36.11805],[-119.02365,36.11786],[-119.02368,36.11763],[-119.02356,36.11741],[-119.02281,36.11696],[-119.02253,36.117],[-119.02243,36.11727],[-119.02285,36.11763],[-119.02326,36.11777],[-119.02355,36.11809],[-119.02357,36.12004],[-119.02051,36.1201],[-119.02032,36.11942]]]},"properties":{"fire_id":"ufid:2021-CATUU-000350","source_collection":"history-2021","source_objectid":4025,"incident_name":"PORT","mapped_acres":0.1,"mapped_acres_source":"poly_GISAcres","gis_acres":0.1,"auto_acres":80.9158480430073,"reported_acres":null,"percent_contained":null,"state":"CA","state_wfigs":"US-CA","county":"Tulare","discovery_time_utc":"2021-06-18T08:38:25Z","perimeter_time_utc":"2021-06-18T13:38:25Z","perimeter_edit_time_utc":"2021-07-09T18:44:23Z","incident_modified_time_utc":"2021-06-18T10:02:49Z","containment_time_utc":null,"control_time_utc":null,"fire_out_time_utc":null,"fire_cause":"Undetermined","fire_cause_general":null,"map_method":"Image Interpretation","source_dataset":"2021 NIFS","unique_fire_identifier":"2021-CATUU-000350","irwin_id":"{8BDFCA7F-4C11-4F3F-99B9-301A286765DB}","global_id":"a70ec47f-61f1-4087-a7ae-14f5fecf06d5"}},{"type":"Feature","geometry":{"type":"Polygon","coordinates":[[[-117.91543,35.70952],[-117.91507,35.70974],[-117.91519,35.70994],[-117.91572,35.70992],[-117.91585,35.71018],[-117.9162,35.71029],[-117.91668,35.71069],[-117.91642,35.71093],[-117.91706,35.71114],[-117.91715,35.71128],[-117.91655,35.71139],[-117.91634,35.71117],[-117.91635,35.7116],[-117.9175,35.7123],[-117.9181,35.71296],[-117.91793,35.71321],[-117.91603,35.71271],[-117.91561,35.71285],[-117.9138,35.71299],[-117.91253,35.71329],[-117.91255,35.71285],[-117.91227,35.7125],[-117.91171,35.71269],[-117.90999,35.7128],[-117.9099,35.71244],[-117.90894,35.71234],[-117.90811,35.71256],[-117.90706,35.71263],[-117.90706,35.71246],[-117.90907,35.71181],[-117.90923,35.71129],[-117.90903,35.7111],[-117.90689,35.71119],[-117.9063,35.71101],[-117.90647,35.71068],[-117.90609,35.7105],[-117.90562,35.71],[-117.9067,35.71022],[-117.90709,35.70993],[-117.90776,35.71016],[-117.9086,35.70985],[-117.90882,35.7102],[-117.90934,35.71007],[-117.9105,35.70876],[-117.91049,35.7085],[-117.91017,35.70798],[-117.90976,35.70788],[-117.90996,35.70779],[-117.90973,35.70752],[-117.90911,35.70774],[-117.9081,35.70782],[-117.90615,35.70733],[-117.90573,35.70747],[-117.90507,35.70722],[-117.90465,35.70745],[-117.90414,35.70745],[-117.9033,35.70708],[-117.90286,35.70724],[-117.90187,35.70707],[-117.9007,35.70707],[-117.90014,35.7071],[-117.89986,35.70724],[-117.89975,35.70759],[-117.89952,35.70773],[-117.89928,35.70747],[-117.8991,35.70767],[-117.89806,35.70707],[-117.8973,35.70689],[-117.89719,35.70701],[-117.89676,35.707],[-117.89644,35.70722],[-117.89624,35.707],[-117.89454,35.70666],[-117.89418,35.70681],[-117.89341,35.70666],[-117.89167,35.70665],[-117.89021,35.70633],[-117.89026,35.70617],[-117.89096,35.70607],[-117.89075,35.70586],[-117.8901,35.70578],[-117.89006,35.7056],[-117.89127,35.70496],[-117.89164,35.70391],[-117.89235,35.70308],[-117.89248,35.70272],[-117.89246,35.70184],[-117.89165,35.70102],[-117.89181,35.70057],[-117.89235,35.70051],[-117.89302,35.69986],[-117.89365,35.69977],[-117.89404,35.69918],[-117.89588,35.6984],[-117.8958,35.69823],[-117.8954,35.69807],[-117.89572,35.69758],[-117.89852,35.69711],[-117.89988,35.69629],[-117.90149,35.69581],[-117.90209,35.69583],[-117.9021,35.69553],[-117.90181,35.69538],[-117.90054,35.69536],[-117.90002,35.69554],[-117.89868,35.69544],[-117.89592,35.69602],[-117.89566,35.69575],[-117.89551,35.69582],[-117.89537,35.6964],[-117.89521,35.69648],[-117.89412,35.69655],[-117.89259,35.69699],[-117.8904,35.69727],[-117.89048,35.69703],[-117.89085,35.69691],[-117.89122,35.69653],[-117.89108,35.69624],[-117.8917,35.69582],[-117.89231,35.69562],[-117.89427,35.69544],[-117.8941,35.69512],[-117.89265,35.69392],[-117.89224,35.69321],[-117.89079,35.69328],[-117.8906,35.69312],[-117.89074,35.69282],[-117.89062,35.69276],[-117.8891,35.69316],[-117.88875,35.69303],[-117.89013,35.69218],[-117.89033,35.69194],[-117.88985,35.69159],[-117.89062,35.69145],[-117.89094,35.69126],[-117.89126,35.69143],[-117.8917,35.69121],[-117.89208,35.69129],[-117.89229,35.6915],[-117.89283,35.69135],[-117.89398,35.69143],[-117.89437,35.69163],[-117.89694,35.69169],[-117.89888,35.69136],[-117.8991,35.69121],[-117.89992,35.69105],[-117.9001,35.69085],[-117.90078,35.6907],[-117.90165,35.69019],[-117.90258,35.6901],[-117.90385,35.68955],[-117.9042,35.6899],[-117.90448,35.68912],[-117.90325,35.68857],[-117.90254,35.6886],[-117.90231,35.68827],[-117.90275,35.68794],[-117.90335,35.68805],[-117.90359,35.68788],[-117.90354,35.68739],[-117.90399,35.68692],[-117.90448,35.68705],[-117.90501,35.687],[-117.90624,35.68663],[-117.9084,35.68721],[-117.90927,35.68804],[-117.90927,35.68835],[-117.90894,35.68858],[-117.90921,35.68896],[-117.90914,35.68933],[-117.90691,35.6896],[-117.90603,35.69017],[-117.90578,35.69021],[-117.90598,35.69043],[-117.9077,35.6912],[-117.91073,35.69112],[-117.91085,35.69136],[-117.91152,35.69152],[-117.91152,35.69175],[-117.91274,35.69223],[-117.91388,35.69232],[-117.91436,35.69282],[-117.91464,35.69282],[-117.91518,35.69253],[-117.91561,35.69289],[-117.91569,35.69319],[-117.91583,35.69326],[-117.91591,35.6929],[-117.91627,35.69363],[-117.91707,35.69412],[-117.91721,35.69441],[-117.91686,35.69509],[-117.91737,35.69535],[-117.91704,35.69582],[-117.91648,35.69582],[-117.91595,35.69609],[-117.91621,35.69626],[-117.91664,35.69625],[-117.91702,35.69589],[-117.91722,35.69612],[-117.91699,35.69674],[-117.91668,35.69704],[-117.91591,35.69743],[-117.91528,35.69758],[-117.9151,35.69781],[-117.91554,35.69823],[-117.91611,35.69838],[-117.91568,35.69785],[-117.91569,35.69762],[-117.91626,35.69785],[-117.91664,35.69772],[-117.91727,35.69812],[-117.91832,35.69838],[-117.91894,35.69881],[-117.91963,35.69889],[-117.91971,35.69897],[-117.91941,35.69925],[-117.91934,35.70014],[-117.91883,35.70058],[-117.91907,35.7008],[-117.91886,35.70093],[-117.9186,35.70064],[-117.91846,35.70079],[-117.91869,35.70101],[-117.91869,35.70134],[-117.91914,35.70145],[-117.91998,35.70123],[-117.92027,35.70168],[-117.91991,35.70186],[-117.92022,35.70241],[-117.92108,35.7024],[-117.92117,35.70203],[-117.9205,35.7017],[-117.92051,35.70087],[-117.92065,35.70072],[-117.92129,35.70125],[-117.92193,35.70109],[-117.92249,35.70072],[-117.9219,35.69984],[-117.92203,35.69959],[-117.92164,35.69921],[-117.92037,35.69868],[-117.92027,35.69848],[-117.91981,35.69837],[-117.91952,35.69847],[-117.9189,35.69812],[-117.91933,35.69791],[-117.91963,35.69731],[-117.9193,35.69715],[-117.91846,35.69706],[-117.91838,35.69644],[-117.91905,35.69582],[-117.91971,35.69604],[-117.92129,35.69616],[-117.92144,35.69631],[-117.9216,35.69598],[-117.92186,35.69593],[-117.92182,35.69637],[-117.92124,35.69656],[-117.92143,35.69673],[-117.92702,35.69721],[-117.92592,35.69779],[-117.92585,35.698],[-117.92623,35.69816],[-117.92753,35.6977],[-117.92767,35.69731],[-117.92723,35.69721],[-117.92724,35.69709],[-117.92838,35.69675],[-117.92889,35.69677],[-117.929,35.69702],[-117.92897,35.6979],[-117.92876,35.69809],[-117.92815,35.69829],[-117.92802,35.69856],[-117.92804,35.69905],[-117.92897,35.69904],[-117.92947,35.69965],[-117.92991,35.69985],[-117.93038,35.70042],[-117.93045,35.70087],[-117.9303,35.70102],[-117.92929,35.70118],[-117.92985,35.7017],[-117.93061,35.70166],[-117.93069,35.7013],[-117.93101,35.70147],[-117.93118,35.7022],[-117.93177,35.70277],[-117.93176,35.70323],[-117.93145,35.70351],[-117.93017,35.70332],[-117.93004,35.70371],[-117.9295,35.70386],[-117.92885,35.7043],[-117.9279,35.70439],[-117.92826,35.70482],[-117.92818,35.7054],[-117.92764,35.70581],[-117.92701,35.70598],[-117.92667,35.70647],[-117.92601,35.70656],[-117.92589,35.70606],[-117.92531,35.70582],[-117.92477,35.70584],[-117.92533,35.70661],[-117.92488,35.70671],[-117.92422,35.70626],[-117.92278,35.70662],[-117.92241,35.70689],[-117.92241,35.70702],[-117.92332,35.70698],[-117.92343,35.70723],[-117.92248,35.70781],[-117.9219,35.70847],[-117.92095,35.70888],[-117.92028,35.70957],[-117.91989,35.7103],[-117.91804,35.71023],[-117.91724,35.7099],[-117.917,35.70994],[-117.91718,35.7101],[-117.91706,35.71029],[-117.91663,35.71014],[-117.91609,35.71014],[-117.91594,35.70964],[-117.91543,35.70952]],[[-117.91507,35.70974],[-117.91501,35.70949],[-117.91526,35.70941],[-117.91524,35.70916],[-117.91415,35.7092],[-117.91354,35.70904],[-117.9128,35.70907],[-117.9126,35.70897],[-117.91262,35.70838],[-117.91388,35.70825],[-117.91475,35.70846],[-117.91553,35.7082],[-117.91606,35.70787],[-117.9162,35.70759],[-117.91678,35.70726],[-117.91613,35.70715],[-117.91338,35.70804],[-117.91075,35.7081],[-117.91064,35.7092],[-117.9105,35.7095],[-117.91068,35.70967],[-117.9105,35.7099],[-117.91123,35.71015],[-117.91386,35.71002],[-117.91507,35.70974]]]},"properties":{"fire_id":"ufid:2021-CACDD-007393","source_collection":"history-2021","source_objectid":4114,"incident_name":"OWENS","mapped_acres":796.5858,"mapped_acres_source":"poly_GISAcres","gis_acres":796.5858,"auto_acres":1390.00941146385,"reported_acres":1512.0,"percent_contained":null,"state":"CA","state_wfigs":"US-CA","county":"Kern","discovery_time_utc":"2021-05-01T21:02:00Z","perimeter_time_utc":"2021-05-02T02:02:00Z","perimeter_edit_time_utc":"2023-03-14T15:13:42Z","incident_modified_time_utc":"2021-08-23T21:32:36Z","containment_time_utc":"2021-05-07T00:30:00Z","control_time_utc":"2021-05-09T16:50:00Z","fire_out_time_utc":"2021-05-09T16:50:00Z","fire_cause":"Human","fire_cause_general":"Other causes","map_method":"Image Interpretation","source_dataset":"FFP","unique_fire_identifier":"2021-CACDD-007393","irwin_id":"{5772D343-40DD-45A9-8F88-7ABDD560A165}","global_id":"2237d41e-8c3f-4c3a-8288-f6786ea8247b"}},{"type":"Feature","geometry":{"type":"Polygon","coordinates":[[[-119.86536,38.18712],[-119.86515,38.18689],[-119.86479,38.1871],[-119.86486,38.18681],[-119.86523,38.1868],[-119.86525,38.18667],[-119.86557,38.18671],[-119.8655,38.18647],[-119.86568,38.1862],[-119.86635,38.18617],[-119.86609,38.18638],[-119.86615,38.18659],[-119.86575,38.18676],[-119.86602,38.18688],[-119.86579,38.18693],[-119.86573,38.18675],[-119.86547,38.1869],[-119.8655,38.1871],[-119.86536,38.18712]]]},"properties":{"fire_id":"ufid:2021-CASTF-001340","source_collection":"history-2021","source_objectid":4705,"incident_name":"CRABTREE","mapped_acres":1.3461279979251126,"mapped_acres_source":"poly_Acres_AutoCalc_fallback","gis_acres":null,"auto_acres":1.3461279979251126,"reported_acres":1.5,"percent_contained":null,"state":"CA","state_wfigs":"US-CA","county":"Tuolumne","discovery_time_utc":"2021-06-28T16:59:47Z","perimeter_time_utc":null,"perimeter_edit_time_utc":"2023-03-14T15:13:42Z","incident_modified_time_utc":"2022-01-24T18:37:58Z","containment_time_utc":null,"control_time_utc":null,"fire_out_time_utc":"2021-08-09T16:58:00Z","fire_cause":"Natural","fire_cause_general":"Natural","map_method":"Hand Sketch","source_dataset":"FFP","unique_fire_identifier":"2021-CASTF-001340","irwin_id":"{B1D18237-1A83-497F-A95E-9422E6B51009}","global_id":"675aaaad-49f4-46f9-abec-6cf16af7461c"}},{"type":"Feature","geometry":{"type":"Polygon","coordinates":[[[-119.90613,37.86887],[-119.90835,37.86995],[-119.90905,37.87012],[-119.9095,37.86981],[-119.90998,37.86924],[-119.91116,37.86916],[-119.91146,37.86901],[-119.91179,37.86772],[-119.91281,37.86779],[-119.91323,37.86735],[-119.91393,37.86752],[-119.91512,37.86758],[-119.91586,37.8669],[-119.91827,37.86635],[-119.91891,37.86601],[-119.91951,37.86542],[-119.92014,37.86524],[-119.9203,37.86552],[-119.92088,37.86565],[-119.92146,37.86553],[-119.92217,37.86651],[-119.92274,37.86691],[-119.92302,37.86695],[-119.92343,37.8667],[-119.92394,37.86667],[-119.92448,37.86738],[-119.92504,37.8677],[-119.92482,37.86822],[-119.92422,37.86856],[-119.92371,37.8692],[-119.92402,37.87007],[-119.92376,37.87194],[-119.92129,37.87193],[-119.92136,37.87213],[-119.92122,37.87235],[-119.92107,37.87228],[-119.92066,37.87252],[-119.92075,37.87273],[-119.92103,37.8727],[-119.92097,37.87286],[-119.92114,37.87294],[-119.92067,37.87298],[-119.92059,37.87319],[-119.92081,37.8735],[-119.92044,37.87381],[-119.92048,37.874],[-119.91988,37.874],[-119.91998,37.87409],[-119.91974,37.87432],[-119.91929,37.87452],[-119.9189,37.87449],[-119.91822,37.87471],[-119.91802,37.87465],[-119.91764,37.87495],[-119.91696,37.87499],[-119.91635,37.8756],[-119.91607,37.87534],[-119.91533,37.87556],[-119.91541,37.87545],[-119.91531,37.87529],[-119.91519,37.87531],[-119.91505,37.87502],[-119.91472,37.87487],[-119.91466,37.87501],[-119.9133,37.87543],[-119.91293,37.87582],[-119.91268,37.87588],[-119.91182,37.87653],[-119.91087,37.8769],[-119.91096,37.87728],[-119.91071,37.87793],[-119.91044,37.87797],[-119.91052,37.87792],[-119.91031,37.8778],[-119.90967,37.87814],[-119.90939,37.87804],[-119.90926,37.87816],[-119.90965,37.87833],[-119.90952,37.87847],[-119.90895,37.87837],[-119.9089,37.87852],[-119.90828,37.87864],[-119.90767,37.87849],[-119.90698,37.87713],[-119.90623,37.87695],[-119.90568,37.87636],[-119.90558,37.87607],[-119.90504,37.87577],[-119.90439,37.87502],[-119.90344,37.87496],[-119.90327,37.87444],[-119.90314,37.87438],[-119.90327,37.87385],[-119.90308,37.87365],[-119.90295,37.87361],[-119.90272,37.87384],[-119.90199,37.87409],[-119.90174,37.87385],[-119.90183,37.8736],[-119.90155,37.87328],[-119.90204,37.87258],[-119.90273,37.87247],[-119.90297,37.8727],[-119.90332,37.87254],[-119.90394,37.87251],[-119.90399,37.87216],[-119.90355,37.87181],[-119.90365,37.87157],[-119.90401,37.87176],[-119.90438,37.87147],[-119.90461,37.87153],[-119.90538,37.87131],[-119.90548,37.87112],[-119.90571,37.87106],[-119.90585,37.87021],[-119.90575,37.86982],[-119.90618,37.8692],[-119.90613,37.86887]]]},"properties":{"fire_id":"ufid:2021-CASTF-000134","source_collection":"history-2021","source_objectid":5096,"incident_name":"ABERNATHY","mapped_acres":373.54302088003817,"mapped_acres_source":"poly_Acres_AutoCalc_fallback","gis_acres":null,"auto_acres":373.54302088003817,"reported_acres":374.0,"percent_contained":null,"state":"CA","state_wfigs":"US-CA","county":"Tuolumne","discovery_time_utc":"2021-01-19T18:28:00Z","perimeter_time_utc":"2021-04-12T19:23:15Z","perimeter_edit_time_utc":"2023-03-14T15:13:42Z","incident_modified_time_utc":"2021-09-21T20:41:28Z","containment_time_utc":"2021-01-23T18:28:00Z","control_time_utc":"2021-01-26T16:00:00Z","fire_out_time_utc":"2021-02-04T23:15:00Z","fire_cause":"Human","fire_cause_general":"Power generation / transmission / distribution","map_method":"Mixed Methods","source_dataset":"FFP","unique_fire_identifier":"2021-CASTF-000134","irwin_id":"{B5F0C94D-F2A7-4425-AD85-F9E42E5BDA47}","global_id":"f7e278f6-e47d-48df-96ee-040bbb3af468"}},{"type":"Feature","geometry":{"type":"MultiPolygon","coordinates":[[[[-118.32742,35.56513],[-118.32773,35.56461],[-118.32831,35.56443],[-118.32846,35.56422],[-118.32846,35.56397],[-118.3283,35.56406],[-118.32828,35.56424],[-118.328,35.56415],[-118.3283,35.56392],[-118.32859,35.56393],[-118.32871,35.56334],[-118.32924,35.56304],[-118.32921,35.5628],[-118.32948,35.56246],[-118.32944,35.56221],[-118.32954,35.56214],[-118.32979,35.56231],[-118.32975,35.56245],[-118.32994,35.5626],[-118.32987,35.5627],[-118.33027,35.56291],[-118.32982,35.56354],[-118.32987,35.56377],[-118.33027,35.56391],[-118.3306,35.56366],[-118.33078,35.56383],[-118.331,35.56353],[-118.33119,35.56368],[-118.33113,35.56384],[-118.33138,35.56404],[-118.33181,35.56417],[-118.33159,35.56442],[-118.33167,35.56452],[-118.33142,35.56457],[-118.33153,35.56491],[-118.33143,35.56506],[-118.3315,35.56518],[-118.33136,35.56527],[-118.33147,35.56538],[-118.33129,35.56543],[-118.33124,35.56561],[-118.33098,35.56566],[-118.33099,35.56588],[-118.33007,35.56612],[-118.32983,35.56595],[-118.32959,35.56599],[-118.32952,35.56567],[-118.3292,35.56563],[-118.32925,35.56581],[-118.32908,35.566],[-118.32899,35.56593],[-118.3291,35.56581],[-118.3288,35.56574],[-118.32856,35.56624],[-118.32846,35.56632],[-118.32837,35.56616],[-118.32825,35.56627],[-118.32833,35.56636],[-118.32818,35.56655],[-118.32827,35.56667],[-118.32807,35.56685],[-118.32739,35.5666],[-118.32734,35.56646],[-118.32701,35.56642],[-118.327,35.56606],[-118.32667,35.56603],[-118.32665,35.56579],[-118.32637,35.56585],[-118.32654,35.56606],[-118.32639,35.56617],[-118.32588,35.56609],[-118.32604,35.56602],[-118.32534,35.56546],[-118.3254,35.56531],[-118.32527,35.56512],[-118.32489,35.565],[-118.32493,35.5649],[-118.32522,35.56495],[-118.32526,35.56482],[-118.32571,35.56483],[-118.32548,35.56474],[-118.32553,35.56457],[-118.3261,35.56465],[-118.32603,35.56476],[-118.32612,35.5648],[-118.32627,35.56469],[-118.32671,35.56493],[-118.32734,35.56477],[-118.32752,35.56483],[-118.32742,35.56513]]],[[[-118.3276,35.5648],[-118.32755,35.56481],[-118.3276,35.56474],[-118.3276,35.5648]]]]},"properties":{"fire_id":"ufid:2021-CASQF-000964","source_collection":"history-2021","source_objectid":6314,"incident_name":"DRY","mapped_acres":31.506156416102236,"mapped_acres_source":"poly_Acres_AutoCalc_fallback","gis_acres":null,"auto_acres":31.506156416102236,"reported_acres":30.5,"percent_contained":null,"state":"CA","state_wfigs":"US-CA","county":"Kern","discovery_time_utc":"2021-05-09T00:00:00Z","perimeter_time_utc":null,"perimeter_edit_time_utc":"2023-03-14T15:13:42Z","incident_modified_time_utc":"2022-01-11T22:28:50Z","containment_time_utc":null,"control_time_utc":null,"fire_out_time_utc":"2021-05-14T21:48:00Z","fire_cause":"Undetermined","fire_cause_general":"Undetermined","map_method":"Hand Sketch","source_dataset":"FFP","unique_fire_identifier":"2021-CASQF-000964","irwin_id":"{B9798227-DED0-472F-919B-8D75F2E29C4A}","global_id":"2e5efffc-0064-46b2-a161-56e746605339"}},{"type":"Feature","geometry":{"type":"MultiPolygon","coordinates":[[[[-118.9465,37.68305],[-118.94675,37.68292],[-118.94684,37.68301],[-118.94658,37.68315],[-118.9465,37.68305]]],[[[-118.94639,37.683],[-118.9465,37.68314],[-118.94635,37.68319],[-118.94639,37.683]]],[[[-118.9465,37.68314],[-118.94657,37.68316],[-118.94653,37.68315],[-118.9465,37.68314]]]]},"properties":{"fire_id":"ufid:2021-CAINF-000734","source_collection":"history-2021","source_objectid":6335,"incident_name":"CUTOFF","mapped_acres":0.17,"mapped_acres_source":"poly_GISAcres","gis_acres":0.17,"auto_acres":0.1459876273909845,"reported_acres":0.25,"percent_contained":null,"state":"CA","state_wfigs":"US-CA","county":"Mono","discovery_time_utc":"2021-05-04T20:31:00Z","perimeter_time_utc":"2021-05-04T08:00:00Z","perimeter_edit_time_utc":"2023-03-14T15:13:42Z","incident_modified_time_utc":"2021-08-20T19:36:21Z","containment_time_utc":"2021-05-05T00:35:00Z","control_time_utc":"2021-05-05T02:03:00Z","fire_out_time_utc":"2021-05-15T21:45:00Z","fire_cause":"Human","fire_cause_general":"Recreation and ceremony","map_method":"Phone/Tablet","source_dataset":"FFP","unique_fire_identifier":"2021-CAINF-000734","irwin_id":"{2400409D-894D-462A-BF08-94FCB1F3A6BA}","global_id":"a3077a90-f61f-4889-9f5e-b10ca091abb9"}},{"type":"Feature","geometry":{"type":"Polygon","coordinates":[[[-115.16379,35.26551],[-115.15809,35.26352],[-115.15471,35.26171],[-115.15291,35.26034],[-115.15267,35.25974],[-115.15294,35.25904],[-115.15291,35.25871],[-115.15184,35.25795],[-115.15154,35.25759],[-115.15134,35.25612],[-115.15008,35.25452],[-115.14954,35.2534],[-115.14912,35.25086],[-115.14839,35.24906],[-115.14839,35.24863],[-115.14863,35.24823],[-115.14907,35.24798],[-115.14934,35.24797],[-115.15077,35.2485],[-115.15411,35.25043],[-115.15682,35.25223],[-115.15862,35.25297],[-115.16268,35.25567],[-115.16482,35.25766],[-115.16716,35.25946],[-115.17041,35.26293],[-115.17109,35.26449],[-115.17224,35.26554],[-115.17307,35.26695],[-115.17319,35.2675],[-115.17312,35.26771],[-115.17249,35.26814],[-115.17144,35.26807],[-115.16942,35.26747],[-115.16716,35.26702],[-115.16588,35.26657],[-115.16379,35.26551]]]},"properties":{"fire_id":"ufid:2021-CAMNP-012915","source_collection":"history-2021","source_objectid":6865,"incident_name":"Pond","mapped_acres":490.74,"mapped_acres_source":"poly_GISAcres","gis_acres":490.74,"auto_acres":490.7333527537045,"reported_acres":491.0,"percent_contained":null,"state":"CA","state_wfigs":"US-CA","county":"San Bernardino","discovery_time_utc":"2021-08-30T21:56:00Z","perimeter_time_utc":"2021-08-31T08:00:00Z","perimeter_edit_time_utc":"2023-03-14T15:13:42Z","incident_modified_time_utc":"2021-10-25T16:16:15Z","containment_time_utc":"2021-09-04T23:55:00Z","control_time_utc":null,"fire_out_time_utc":"2021-09-13T01:00:00Z","fire_cause":"Natural","fire_cause_general":"Natural","map_method":"Mixed Methods","source_dataset":"FFP","unique_fire_identifier":"2021-CAMNP-012915","irwin_id":"{0467F289-8CC1-46E4-BDEF-27D2AF67B8B4}","global_id":"6ad2edd3-0a08-40f9-874d-cfde61926852"}},{"type":"Feature","geometry":{"type":"Polygon","coordinates":[[[-118.2125,36.21255],[-118.21344,36.2123],[-118.21339,36.21271],[-118.2132,36.21268],[-118.21316,36.2128],[-118.21329,36.21295],[-118.21309,36.21311],[-118.21308,36.21294],[-118.21277,36.21289],[-118.21288,36.21311],[-118.21264,36.21316],[-118.21258,36.21295],[-118.21273,36.21273],[-118.2125,36.21255]]]},"properties":{"fire_id":"ufid:2021-CAINF-001464","source_collection":"history-2021","source_objectid":7504,"incident_name":"SODA","mapped_acres":0.3,"mapped_acres_source":"poly_GISAcres","gis_acres":0.3,"auto_acres":1.084115978747837,"reported_acres":0.25,"percent_contained":null,"state":"CA","state_wfigs":"US-CA","county":"Tulare","discovery_time_utc":"2021-06-29T20:07:44Z","perimeter_time_utc":"2021-06-30T01:07:44Z","perimeter_edit_time_utc":"2023-03-14T15:13:42Z","incident_modified_time_utc":"2021-12-20T18:41:28Z","containment_time_utc":"2021-07-01T19:00:00Z","control_time_utc":"2021-07-03T01:00:00Z","fire_out_time_utc":"2021-07-31T19:00:00Z","fire_cause":"Natural","fire_cause_general":"Natural","map_method":"Hand Sketch","source_dataset":"FFP","unique_fire_identifier":"2021-CAINF-001464","irwin_id":"{0CD17471-0DDF-4E17-BDE4-84F08D3D72C8}","global_id":"4f00871a-0bcc-4993-a86e-9d50e1a792ef"}},{"type":"Feature","geometry":{"type":"Polygon","coordinates":[[[-119.55052,37.88999],[-119.55039,37.89],[-119.55039,37.88967],[-119.55071,37.88978],[-119.55065,37.88986],[-119.55094,37.8896],[-119.55098,37.8898],[-119.55079,37.88987],[-119.55091,37.88995],[-119.55063,37.88997],[-119.55085,37.89031],[-119.55089,37.89014],[-119.55099,37.89027],[-119.55139,37.88998],[-119.55141,37.88979],[-119.55168,37.88989],[-119.55172,37.89009],[-119.55186,37.89006],[-119.55176,37.89018],[-119.55187,37.89028],[-119.5516,37.89026],[-119.55115,37.89049],[-119.55119,37.89061],[-119.55101,37.89068],[-119.55109,37.89078],[-119.55045,37.89095],[-119.55035,37.89082],[-119.55075,37.89059],[-119.55038,37.89044],[-119.55053,37.89041],[-119.55038,37.89032],[-119.55057,37.89014],[-119.55052,37.88999]]]},"properties":{"fire_id":"ufid:2021-CAYNP-000051","source_collection":"history-2021","source_objectid":7748,"incident_name":"Half Moon","mapped_acres":2.124367,"mapped_acres_source":"poly_GISAcres","gis_acres":2.124367,"auto_acres":2.1234255306754513,"reported_acres":5.0,"percent_contained":null,"state":"CA","state_wfigs":"US-CA","county":"Mariposa","discovery_time_utc":"2021-07-01T16:45:00Z","perimeter_time_utc":"2021-07-27T00:01:01Z","perimeter_edit_time_utc":"2023-03-14T15:13:42Z","incident_modified_time_utc":"2021-09-21T22:21:47Z","containment_time_utc":"2021-08-07T00:10:00Z","control_time_utc":null,"fire_out_time_utc":"2021-08-08T02:14:00Z","fire_cause":"Natural","fire_cause_general":"Natural","map_method":"GPS-Walked","source_dataset":"FFP","unique_fire_identifier":"2021-CAYNP-000051","irwin_id":"{7BAAFF40-B7B8-4D8F-A532-6861448FA0D5}","global_id":"47685b65-a1ff-4630-a67f-faa393ffeb5a"}},{"type":"Feature","geometry":{"type":"Polygon","coordinates":[[[-115.43387,35.50678],[-115.43391,35.5066],[-115.43405,35.50649],[-115.43387,35.50678]]]},"properties":{"fire_id":"ufid:2021-CACDD-009543","source_collection":"history-2021","source_objectid":8152,"incident_name":"Ditch","mapped_acres":0.03,"mapped_acres_source":"poly_GISAcres","gis_acres":0.03,"auto_acres":0.030124953745498787,"reported_acres":0.2,"percent_contained":null,"state":"CA","state_wfigs":"US-CA","county":"San Bernardino","discovery_time_utc":"2021-06-15T09:38:00Z","perimeter_time_utc":null,"perimeter_edit_time_utc":"2023-03-14T15:13:42Z","incident_modified_time_utc":"2021-07-07T14:01:07Z","containment_time_utc":"2021-06-15T17:15:00Z","control_time_utc":"2021-06-15T17:15:00Z","fire_out_time_utc":"2021-06-15T17:15:00Z","fire_cause":"Human","fire_cause_general":"Equipment and vehicle use","map_method":"Mixed Methods","source_dataset":"FFP","unique_fire_identifier":"2021-CACDD-009543","irwin_id":"{633A9A42-B1E2-45B6-8584-38483F8BDB7E}","global_id":"f79a06bb-cf34-45d6-af10-9742078f1c31"}},{"type":"Feature","geometry":{"type":"Polygon","coordinates":[[[-119.15984,37.75761],[-119.15967,37.75744],[-119.15976,37.75733],[-119.15995,37.75741],[-119.15984,37.75761]]]},"properties":{"fire_id":"ufid:2021-CAINF-002224","source_collection":"history-2021","source_objectid":8350,"incident_name":"Gem","mapped_acres":0.08,"mapped_acres_source":"poly_GISAcres","gis_acres":0.08,"auto_acres":0.08248991051102098,"reported_acres":0.1,"percent_contained":null,"state":"CA","state_wfigs":"US-CA","county":"Mono","discovery_time_utc":"2021-08-25T21:52:06Z","perimeter_time_utc":null,"perimeter_edit_time_utc":"2023-03-14T15:13:42Z","incident_modified_time_utc":"2022-02-18T03:29:28Z","containment_time_utc":"2021-08-27T18:25:00Z","control_time_utc":"2021-08-27T18:25:00Z","fire_out_time_utc":"2022-02-03T19:16:44Z","fire_cause":"Natural","fire_cause_general":"Natural","map_method":"GPS-Walked","source_dataset":"FFP","unique_fire_identifier":"2021-CAINF-002224","irwin_id":"{006A016E-5810-40D0-8E34-486C02550E37}","global_id":"3be20dbf-2f7d-4237-b560-4bf6639c0911"}},{"type":"Feature","geometry":{"type":"MultiPolygon","coordinates":[[[[-119.78454,38.42641],[-119.78424,38.42634],[-119.78433,38.42606],[-119.7846,38.42609],[-119.78449,38.42617],[-119.78459,38.42614],[-119.78462,38.42628],[-119.78454,38.42641]]],[[[-119.78463,38.4263],[-119.78462,38.42628],[-119.78466,38.42628],[-119.78463,38.4263]]]]},"properties":{"fire_id":"ufid:2021-CASTF-001744","source_collection":"history-2021","source_objectid":8418,"incident_name":"Arnott","mapped_acres":0.23,"mapped_acres_source":"poly_GISAcres","gis_acres":0.23,"auto_acres":0.22696518528508783,"reported_acres":0.25,"percent_contained":null,"state":"CA","state_wfigs":"US-CA","county":"Alpine","discovery_time_utc":"2021-07-20T17:03:32Z","perimeter_time_utc":"2021-07-22T08:00:00Z","perimeter_edit_time_utc":"2023-03-14T15:13:42Z","incident_modified_time_utc":"2021-10-28T21:17:36Z","containment_time_utc":"2021-07-22T23:09:00Z","control_time_utc":null,"fire_out_time_utc":"2021-08-29T22:00:00Z","fire_cause":"Natural","fire_cause_general":"Natural","map_method":"GPS-Walked","source_dataset":"FFP","unique_fire_identifier":"2021-CASTF-001744","irwin_id":"{DFE557AF-479A-4CFC-8499-76CD6F5F1734}","global_id":"ac917420-0bba-44a3-91c4-aa72b5708c89"}},{"type":"Feature","geometry":{"type":"Polygon","coordinates":[[[-118.31437,36.35897],[-118.31451,36.35898],[-118.31448,36.35903],[-118.31437,36.35897]]]},"properties":{"fire_id":"ufid:2021-CAINF-001788","source_collection":"history-2021","source_objectid":8577,"incident_name":"VOLCANO","mapped_acres":0.1,"mapped_acres_source":"poly_GISAcres","gis_acres":0.1,"auto_acres":0.021733406635346803,"reported_acres":0.1,"percent_contained":null,"state":"CA","state_wfigs":"US-CA","county":"Tulare","discovery_time_utc":"2021-07-19T16:26:34Z","perimeter_time_utc":"2021-07-19T21:26:34Z","perimeter_edit_time_utc":"2023-03-14T15:13:42Z","incident_modified_time_utc":"2021-12-20T18:44:37Z","containment_time_utc":null,"control_time_utc":null,"fire_out_time_utc":"2021-07-22T17:43:00Z","fire_cause":"Undetermined","fire_cause_general":"Undetermined","map_method":"Hand Sketch","source_dataset":"FFP","unique_fire_identifier":"2021-CAINF-001788","irwin_id":"{ED6BFE1B-AEE4-4D8F-A6FE-080374AFFC15}","global_id":"81c6ba9a-4a86-461f-ae99-60b91f3b3b97"}},{"type":"Feature","geometry":{"type":"Polygon","coordinates":[[[-119.92477,37.80419],[-119.92445,37.80421],[-119.92434,37.80378],[-119.9247,37.80386],[-119.92477,37.80419]]]},"properties":{"fire_id":"ufid:2021-CASTF-001794","source_collection":"history-2021","source_objectid":9336,"incident_name":"HARDEN","mapped_acres":0.1,"mapped_acres_source":"poly_GISAcres","gis_acres":0.1,"auto_acres":0.3802536708774569,"reported_acres":0.32,"percent_contained":null,"state":"CA","state_wfigs":"US-CA","county":"Tuolumne","discovery_time_utc":"2021-07-23T20:11:00Z","perimeter_time_utc":"2021-07-24T01:11:06Z","perimeter_edit_time_utc":"2023-03-14T15:13:42Z","incident_modified_time_utc":"2021-09-23T23:02:06Z","containment_time_utc":"2021-07-24T18:10:00Z","control_time_utc":"2021-07-25T17:18:00Z","fire_out_time_utc":"2021-07-31T21:55:00Z","fire_cause":"Human","fire_cause_general":"Other causes","map_method":"Hand Sketch","source_dataset":"FFP","unique_fire_identifier":"2021-CASTF-001794","irwin_id":"{D3B4CE4F-6D79-459A-BD4B-8AC25F9CA25D}","global_id":"59c950f5-8710-4f5f-8294-2ae11a1258ba"}},{"type":"Feature","geometry":{"type":"Polygon","coordinates":[[[-118.42216,37.15107],[-118.42181,37.15069],[-118.42152,37.15095],[-118.42121,37.15095],[-118.42066,37.15056],[-118.42089,37.15008],[-118.42126,37.14985],[-118.42134,37.14935],[-118.42186,37.14881],[-118.42186,37.14854],[-118.42247,37.14833],[-118.42265,37.1478],[-118.42313,37.14732],[-118.4233,37.14694],[-118.42339,37.14627],[-118.42286,37.1461],[-118.42238,37.14577],[-118.42228,37.14557],[-118.42239,37.14544],[-118.42299,37.14543],[-118.42315,37.14521],[-118.42353,37.14524],[-118.42348,37.1451],[-118.4237,37.14504],[-118.42379,37.14487],[-118.42507,37.14525],[-118.42528,37.14538],[-118.4253,37.14557],[-118.42474,37.14586],[-118.42482,37.14621],[-118.42465,37.14687],[-118.42494,37.14735],[-118.42521,37.14743],[-118.42509,37.14788],[-118.42516,37.14805],[-118.42569,37.14841],[-118.42569,37.14858],[-118.42514,37.149],[-118.42519,37.14914],[-118.42495,37.14944],[-118.4249,37.14987],[-118.42432,37.14973],[-118.42421,37.15037],[-118.42446,37.15074],[-118.42381,37.15064],[-118.42353,37.15043],[-118.42263,37.15083],[-118.42245,37.15105],[-118.42216,37.15107]]]},"properties":{"fire_id":"ufid:2021-CAINF-001732","source_collection":"history-2021","source_objectid":9629,"incident_name":"GLACIER NORTH","mapped_acres":37.255659563104345,"mapped_acres_source":"poly_Acres_AutoCalc_fallback","gis_acres":null,"auto_acres":37.255659563104345,"reported_acres":37.0,"percent_contained":null,"state":"CA","state_wfigs":"US-CA","county":"Inyo","discovery_time_utc":"2021-07-15T14:38:31Z","perimeter_time_utc":null,"perimeter_edit_time_utc":"2023-03-14T15:13:42Z","incident_modified_time_utc":"2022-03-03T00:51:31Z","containment_time_utc":null,"control_time_utc":null,"fire_out_time_utc":"2021-08-20T19:00:00Z","fire_cause":"Natural","fire_cause_general":"Natural","map_method":"Hand Sketch","source_dataset":"FFP","unique_fire_identifier":"2021-CAINF-001732","irwin_id":"{021BB0CC-3981-4987-9F5B-BEED4DEC902E}","global_id":"1a3dc756-1215-4199-8f3a-ec1412e40b37"}},{"type":"Feature","geometry":{"type":"Polygon","coordinates":[[[-117.95442,35.61601],[-117.95441,35.61603],[-117.95441,35.61601],[-117.95442,35.61601]]]},"properties":{"fire_id":"ufid:2021-CACDD-013822","source_collection":"history-2021","source_objectid":9696,"incident_name":"FREEMAN","mapped_acres":1.0,"mapped_acres_source":"poly_GISAcres","gis_acres":1.0,"auto_acres":0.0003650681735334704,"reported_acres":22.0,"percent_contained":null,"state":"CA","state_wfigs":"US-CA","county":"Kern","discovery_time_utc":"2021-09-19T02:18:00Z","perimeter_time_utc":"2021-09-19T07:18:03Z","perimeter_edit_time_utc":"2023-03-14T15:13:42Z","incident_modified_time_utc":"2021-11-22T23:38:32Z","containment_time_utc":"2021-09-24T19:00:00Z","control_time_utc":"2021-09-24T19:00:00Z","fire_out_time_utc":"2021-09-24T19:00:00Z","fire_cause":"Human","fire_cause_general":"Other causes","map_method":"Hand Sketch","source_dataset":"FFP","unique_fire_identifier":"2021-CACDD-013822","irwin_id":"{B95B8EE8-07A5-4F43-9568-760C381852EA}","global_id":"4b0db6eb-fbd0-48c5-83dd-d6b46b1e6d7d"}},{"type":"Feature","geometry":{"type":"MultiPolygon","coordinates":[[[[-119.83094,38.83949],[-119.83129,38.83969],[-119.8315,38.83956],[-119.83178,38.83963],[-119.83182,38.83999],[-119.83148,38.84003],[-119.83142,38.83981],[-119.83114,38.83978],[-119.83099,38.83958],[-119.83055,38.83964],[-119.83094,38.83949]]],[[[-119.83055,38.83964],[-119.83053,38.83975],[-119.83051,38.83962],[-119.83055,38.83964]]]]},"properties":{"fire_id":"ufid:2021-NVHTF-030573","source_collection":"history-2021","source_objectid":9766,"incident_name":"Fay","mapped_acres":0.5995563543752662,"mapped_acres_source":"poly_Acres_AutoCalc_fallback","gis_acres":null,"auto_acres":0.5995563543752662,"reported_acres":0.62,"percent_contained":null,"state":"CA","state_wfigs":"US-CA","county":"Alpine","discovery_time_utc":"2021-08-13T23:46:25Z","perimeter_time_utc":null,"perimeter_edit_time_utc":"2023-03-14T15:13:42Z","incident_modified_time_utc":"2021-09-08T22:09:14Z","containment_time_utc":"2021-08-17T15:24:00Z","control_time_utc":"2021-08-17T16:42:00Z","fire_out_time_utc":"2021-08-24T16:42:00Z","fire_cause":"Natural","fire_cause_general":"Natural","map_method":"Mixed Methods","source_dataset":"FFP","unique_fire_identifier":"2021-NVHTF-030573","irwin_id":"{1084F4D0-AA1E-4E5D-945A-79177FCB2D6D}","global_id":"6fab519d-7501-4f2c-8dbe-9fc55ee27db9"}},{"type":"Feature","geometry":{"type":"Polygon","coordinates":[[[-119.86044,35.3053],[-119.86053,35.30735],[-119.85853,35.30733],[-119.85827,35.3066],[-119.85847,35.30621],[-119.85944,35.30597],[-119.8597,35.30548],[-119.86044,35.3053]]]},"properties":{"fire_id":"ufid:2021-CASLU-012412","source_collection":"history-2021","source_objectid":10038,"incident_name":"ANWANNEE TRL / SEVEN MILE RD","mapped_acres":0.1,"mapped_acres_source":"poly_GISAcres","gis_acres":0.1,"auto_acres":8.410874608668708,"reported_acres":9.1,"percent_contained":null,"state":"CA","state_wfigs":"US-CA","county":"San Luis Obispo","discovery_time_utc":"2021-08-28T16:56:45Z","perimeter_time_utc":"2021-08-28T21:56:45Z","perimeter_edit_time_utc":"2023-03-14T15:13:42Z","incident_modified_time_utc":"2022-02-07T19:58:31Z","containment_time_utc":"2021-08-28T18:00:00Z","control_time_utc":"2021-08-28T19:00:00Z","fire_out_time_utc":"2021-08-30T18:25:00Z","fire_cause":"Human","fire_cause_general":"Firearms and explosives use","map_method":"Hand Sketch","source_dataset":"FFP","unique_fire_identifier":"2021-CASLU-012412","irwin_id":"{ACCB406E-95B2-4EF2-9629-57DFBEE87CE0}","global_id":"af1dfcc7-5625-4393-9be6-2e98aeffacf7"}},{"type":"Feature","geometry":{"type":"Polygon","coordinates":[[[-115.47512,35.17213],[-115.47506,35.1721],[-115.47512,35.17209],[-115.47512,35.17213]]]},"properties":{"fire_id":"ufid:2021-CAMNP-012914","source_collection":"history-2021","source_objectid":10503,"incident_name":"CEDAR CANYON","mapped_acres":0.007533777677575069,"mapped_acres_source":"poly_Acres_AutoCalc_fallback","gis_acres":null,"auto_acres":0.007533777677575069,"reported_acres":0.1,"percent_contained":null,"state":"CA","state_wfigs":"US-CA","county":"San Bernardino","discovery_time_utc":"2021-08-30T21:55:00Z","perimeter_time_utc":null,"perimeter_edit_time_utc":"2023-03-14T15:13:42Z","incident_modified_time_utc":"2021-10-12T22:46:20Z","containment_time_utc":"2021-08-30T22:51:00Z","control_time_utc":"2021-09-04T00:00:00Z","fire_out_time_utc":"2021-09-04T00:00:00Z","fire_cause":"Natural","fire_cause_general":"Natural","map_method":"Hand Sketch","source_dataset":"FFP","unique_fire_identifier":"2021-CAMNP-012914","irwin_id":"{EC1C8CFA-5CA4-4756-8EA9-DA70DB8CD9A2}","global_id":"c14e5381-00c4-40eb-b448-ebf3c1a865f8"}},{"type":"Feature","geometry":{"type":"MultiPolygon","coordinates":[[[[-119.21178,38.41296],[-119.21181,38.41267],[-119.21112,38.41288],[-119.21067,38.4128],[-119.21081,38.41241],[-119.21067,38.41209],[-119.21028,38.41199],[-119.21039,38.41176],[-119.21064,38.41178],[-119.21112,38.41123],[-119.21107,38.41073],[-119.21135,38.41019],[-119.21123,38.41009],[-119.21146,38.40994],[-119.21134,38.40981],[-119.21215,38.40909],[-119.2126,38.4092],[-119.2127,38.40939],[-119.21291,38.40945],[-119.21305,38.40978],[-119.21332,38.40976],[-119.21342,38.41013],[-119.21386,38.41048],[-119.2135,38.41048],[-119.21357,38.41063],[-119.2141,38.41072],[-119.21423,38.4105],[-119.2148,38.4104],[-119.21486,38.41022],[-119.21513,38.41024],[-119.21498,38.41045],[-119.21554,38.41045],[-119.21552,38.41068],[-119.21573,38.41081],[-119.21537,38.41103],[-119.21538,38.41114],[-119.2155,38.41108],[-119.21567,38.41126],[-119.21619,38.41139],[-119.21658,38.41173],[-119.2165,38.41211],[-119.21667,38.41227],[-119.21584,38.41245],[-119.21586,38.41263],[-119.21564,38.41276],[-119.21604,38.41315],[-119.21572,38.41317],[-119.21562,38.41296],[-119.21489,38.41298],[-119.21446,38.41327],[-119.2147,38.41338],[-119.21442,38.41345],[-119.21379,38.41311],[-119.21377,38.41326],[-119.21311,38.41324],[-119.21279,38.41338],[-119.2129,38.41354],[-119.2125,38.41367],[-119.21221,38.41335],[-119.21211,38.41349],[-119.21201,38.41345],[-119.21193,38.41336],[-119.21211,38.41321],[-119.21178,38.41296]]],[[[-119.21746,38.41266],[-119.21735,38.41242],[-119.21772,38.41235],[-119.21746,38.41266]]]]},"properties":{"fire_id":"ufid:2021-NVHTF-030408","source_collection":"history-2021","source_objectid":10508,"incident_name":"Pan Fire","mapped_acres":38.7627,"mapped_acres_source":"poly_GISAcres","gis_acres":38.7627,"auto_acres":38.7625512847001,"reported_acres":39.0,"percent_contained":null,"state":"CA","state_wfigs":"US-CA","county":"Mono","discovery_time_utc":"2021-07-03T18:47:00Z","perimeter_time_utc":"2021-07-04T08:00:00Z","perimeter_edit_time_utc":"2023-03-14T15:13:42Z","incident_modified_time_utc":"2021-07-15T19:26:06Z","containment_time_utc":"2021-07-09T16:29:00Z","control_time_utc":"2021-07-10T23:38:00Z","fire_out_time_utc":"2021-07-15T19:21:29Z","fire_cause":"Natural","fire_cause_general":"Natural","map_method":"GPS-Walked","source_dataset":"FFP","unique_fire_identifier":"2021-NVHTF-030408","irwin_id":"{1E487B21-4039-4160-9DA7-D6D94BF32321}","global_id":"5f9bed49-d8e9-489e-b1bb-eb08f234930b"}},{"type":"Feature","geometry":{"type":"Polygon","coordinates":[[[-119.53295,37.71261],[-119.53466,37.71245],[-119.53519,37.71263],[-119.5357,37.7129],[-119.53585,37.7132],[-119.53582,37.71347],[-119.53472,37.71447],[-119.53434,37.71456],[-119.53377,37.71442],[-119.53337,37.7141],[-119.53273,37.71284],[-119.53295,37.71261]]]},"properties":{"fire_id":"ufid:2021-CAYNP-000042","source_collection":"history-2021","source_objectid":10593,"incident_name":"King","mapped_acres":11.13953,"mapped_acres_source":"poly_GISAcres","gis_acres":11.13953,"auto_acres":11.134709112601374,"reported_acres":10.0,"percent_contained":null,"state":"CA","state_wfigs":"US-CA","county":"Mariposa","discovery_time_utc":"2021-06-30T00:01:00Z","perimeter_time_utc":"2021-07-01T00:00:00Z","perimeter_edit_time_utc":"2023-03-14T15:13:42Z","incident_modified_time_utc":"2021-09-21T22:12:38Z","containment_time_utc":"2021-07-06T20:52:00Z","control_time_utc":null,"fire_out_time_utc":"2021-09-02T16:00:00Z","fire_cause":"Natural","fire_cause_general":"Natural","map_method":"Mixed Methods","source_dataset":"FFP","unique_fire_identifier":"2021-CAYNP-000042","irwin_id":"{F3AF4ED3-9B32-4714-B433-F303E5A61844}","global_id":"217addb3-fca7-4d5c-8da5-54debfafbfef"}},{"type":"Feature","geometry":{"type":"Polygon","coordinates":[[[-119.57102,38.00806],[-119.57151,38.00807],[-119.57207,38.00838],[-119.57239,38.00879],[-119.57229,38.00922],[-119.57182,38.00942],[-119.57144,38.00926],[-119.57106,38.0087],[-119.57102,38.00806]]]},"properties":{"fire_id":"ufid:2021-CAYNP-000119","source_collection":"history-2021","source_objectid":10620,"incident_name":"Piute","mapped_acres":3.340612,"mapped_acres_source":"poly_GISAcres","gis_acres":3.340612,"auto_acres":3.339076436601866,"reported_acres":3.0,"percent_contained":null,"state":"CA","state_wfigs":"US-CA","county":"Tuolumne","discovery_time_utc":"2021-08-23T17:33:00Z","perimeter_time_utc":"2021-08-26T23:00:00Z","perimeter_edit_time_utc":"2023-03-14T15:13:42Z","incident_modified_time_utc":"2021-09-27T17:33:32Z","containment_time_utc":null,"control_time_utc":null,"fire_out_time_utc":"2021-09-26T20:33:00Z","fire_cause":"Natural","fire_cause_general":"Natural","map_method":"GPS-Flight","source_dataset":"FFP","unique_fire_identifier":"2021-CAYNP-000119","irwin_id":"{E5BFB743-D612-4991-89B1-3E617813B86A}","global_id":"1d79e9b1-81d3-46a5-a9c5-e8cabd5bf034"}},{"type":"Feature","geometry":{"type":"MultiPolygon","coordinates":[[[[-118.09593,35.30877],[-118.09791,35.30898],[-118.09782,35.30933],[-118.09567,35.31249],[-118.09619,35.31249],[-118.09619,35.31263],[-118.09482,35.3141],[-118.09361,35.31494],[-118.09276,35.31382],[-118.09258,35.31382],[-118.09289,35.31507],[-118.09018,35.31207],[-118.08924,35.31017],[-118.08864,35.30961],[-118.09413,35.30877],[-118.09593,35.30877]]],[[[-118.09361,35.31494],[-118.0931,35.31522],[-118.09299,35.31519],[-118.09361,35.31494]]],[[[-118.09299,35.31519],[-118.09293,35.31522],[-118.09289,35.31507],[-118.09299,35.31519]]]]},"properties":{"fire_id":"ufid:2021-CACDD-010571","source_collection":"history-2021","source_objectid":10652,"incident_name":"POLELINE","mapped_acres":82.42933970831423,"mapped_acres_source":"poly_Acres_AutoCalc_fallback","gis_acres":null,"auto_acres":82.42933970831423,"reported_acres":2.5,"percent_contained":null,"state":"CA","state_wfigs":"US-CA","county":"Kern","discovery_time_utc":"2021-07-05T23:08:00Z","perimeter_time_utc":null,"perimeter_edit_time_utc":"2023-03-14T15:13:42Z","incident_modified_time_utc":"2021-09-24T14:56:48Z","containment_time_utc":"2021-07-06T15:52:00Z","control_time_utc":"2021-07-06T15:52:00Z","fire_out_time_utc":"2021-07-06T15:52:00Z","fire_cause":"Human","fire_cause_general":"Other causes","map_method":"Hand Sketch","source_dataset":"FFP","unique_fire_identifier":"2021-CACDD-010571","irwin_id":"{7C02733B-8074-4504-9B85-C402839D0362}","global_id":"8e3a8adf-31ac-4bcd-a3aa-9e2915dff8a3"}},{"type":"Feature","geometry":{"type":"Polygon","coordinates":[[[-118.42146,37.14658],[-118.4214,37.14709],[-118.42086,37.14718],[-118.42059,37.14705],[-118.4206,37.14685],[-118.42035,37.14658],[-118.41936,37.14629],[-118.41937,37.14584],[-118.41955,37.14584],[-118.4196,37.14556],[-118.41992,37.14538],[-118.42064,37.1454],[-118.42109,37.14588],[-118.42168,37.14618],[-118.42146,37.14658]]]},"properties":{"fire_id":"ufid:2021-CAINF-001723","source_collection":"history-2021","source_objectid":10713,"incident_name":"GLACIER","mapped_acres":0.5,"mapped_acres_source":"poly_GISAcres","gis_acres":0.5,"auto_acres":5.991308306437258,"reported_acres":6.0,"percent_contained":null,"state":"CA","state_wfigs":"US-CA","county":"Inyo","discovery_time_utc":"2021-07-14T20:18:00Z","perimeter_time_utc":"2021-07-15T01:18:13Z","perimeter_edit_time_utc":"2023-03-14T15:13:42Z","incident_modified_time_utc":"2022-03-03T00:51:09Z","containment_time_utc":"2021-07-24T01:13:00Z","control_time_utc":"2021-07-24T01:13:00Z","fire_out_time_utc":"2021-08-20T19:00:00Z","fire_cause":"Natural","fire_cause_general":"Natural","map_method":"Hand Sketch","source_dataset":"FFP","unique_fire_identifier":"2021-CAINF-001723","irwin_id":"{4BB80EAC-6249-4256-AE5B-7A1B5CDDABDD}","global_id":"f7f16f2b-6159-4992-9687-657ccb408983"}},{"type":"Feature","geometry":{"type":"Polygon","coordinates":[[[-119.95752,37.876],[-119.958,37.87587],[-119.95792,37.87608],[-119.95807,37.87619],[-119.95752,37.876]]]},"properties":{"fire_id":"ufid:2021-CASTF-002235","source_collection":"history-2021","source_objectid":10724,"incident_name":"EARLY","mapped_acres":0.3,"mapped_acres_source":"poly_GISAcres","gis_acres":0.3,"auto_acres":0.20675051185314988,"reported_acres":0.3,"percent_contained":null,"state":"CA","state_wfigs":"US-CA","county":"Tuolumne","discovery_time_utc":"2021-08-25T02:57:00Z","perimeter_time_utc":"2021-08-25T07:57:47Z","perimeter_edit_time_utc":"2023-03-14T15:13:42Z","incident_modified_time_utc":"2021-09-21T20:31:22Z","containment_time_utc":"2021-08-25T18:02:00Z","control_time_utc":"2021-08-27T17:25:00Z","fire_out_time_utc":"2021-09-04T22:31:00Z","fire_cause":"Human","fire_cause_general":"Power generation / transmission / distribution","map_method":"Hand Sketch","source_dataset":"FFP","unique_fire_identifier":"2021-CASTF-002235","irwin_id":"{F4C0C9F3-E2CD-437F-B1EC-89B48A6C0F2C}","global_id":"0722579e-3d59-4660-a725-1efec5b5d2fa"}},{"type":"Feature","geometry":{"type":"Polygon","coordinates":[[[-118.76655,36.09754],[-118.76646,36.09739],[-118.76619,36.09736],[-118.7661,36.09711],[-118.76548,36.09713],[-118.7653,36.09688],[-118.7651,36.09688],[-118.76498,36.09713],[-118.76465,36.0972],[-118.76458,36.09709],[-118.76442,36.09728],[-118.76427,36.09703],[-118.76375,36.0971],[-118.76364,36.09662],[-118.76296,36.09623],[-118.7625,36.09646],[-118.76239,36.09632],[-118.76194,36.09632],[-118.762,36.09647],[-118.76166,36.09681],[-118.76132,36.09636],[-118.76118,36.09644],[-118.76048,36.09631],[-118.76022,36.09654],[-118.75956,36.09666],[-118.75955,36.09647],[-118.75904,36.09637],[-118.75902,36.09627],[-118.7582,36.0964],[-118.75809,36.0963],[-118.75813,36.09604],[-118.75865,36.0962],[-118.7597,36.09604],[-118.76146,36.09607],[-118.76166,36.096],[-118.76149,36.09588],[-118.76157,36.0958],[-118.76194,36.09597],[-118.76219,36.09592],[-118.76227,36.09606],[-118.76285,36.09562],[-118.76255,36.09544],[-118.76303,36.09539],[-118.76312,36.09515],[-118.76383,36.09508],[-118.76375,36.09499],[-118.76426,36.0945],[-118.76504,36.09423],[-118.76562,36.09442],[-118.76565,36.09469],[-118.76581,36.09477],[-118.76594,36.09468],[-118.76588,36.09458],[-118.76616,36.09447],[-118.76656,36.09404],[-118.76707,36.09412],[-118.76713,36.09436],[-118.76794,36.09443],[-118.76803,36.09456],[-118.76834,36.09453],[-118.76836,36.09436],[-118.7688,36.09438],[-118.76873,36.09407],[-118.76953,36.09452],[-118.7699,36.09445],[-118.77005,36.09414],[-118.77046,36.09432],[-118.77078,36.09406],[-118.77085,36.09371],[-118.7708,36.0936],[-118.77048,36.09356],[-118.77079,36.0933],[-118.77099,36.09332],[-118.77108,36.0935],[-118.7712,36.09346],[-118.77119,36.09327],[-118.77158,36.09293],[-118.77196,36.09289],[-118.77203,36.0927],[-118.7719,36.09262],[-118.77193,36.09248],[-118.77266,36.09252],[-118.77303,36.09276],[-118.77375,36.09291],[-118.77426,36.09256],[-118.774,36.09227],[-118.77407,36.09214],[-118.77478,36.09212],[-118.7749,36.09194],[-118.77544,36.09175],[-118.77674,36.0917],[-118.77749,36.09126],[-118.77762,36.09153],[-118.777,36.09202],[-118.77739,36.09277],[-118.7774,36.09318],[-118.77702,36.0936],[-118.77725,36.0939],[-118.7773,36.09454],[-118.77671,36.09522],[-118.77693,36.09578],[-118.77686,36.09601],[-118.77671,36.09617],[-118.77626,36.09628],[-118.7761,36.09656],[-118.77493,36.09752],[-118.77427,36.0974],[-118.77372,36.09747],[-118.77117,36.09677],[-118.769,36.09645],[-118.76856,36.09691],[-118.76864,36.097],[-118.76849,36.0972],[-118.76819,36.09705],[-118.76801,36.09677],[-118.76679,36.09667],[-118.76669,36.09674],[-118.76676,36.09691],[-118.76659,36.09696],[-118.76663,36.09713],[-118.76703,36.09741],[-118.76655,36.09754]]]},"properties":{"fire_id":"ufid:2021-CASQF-001625","source_collection":"history-2021","source_objectid":11057,"incident_name":"MOUNTAIN","mapped_acres":1.0,"mapped_acres_source":"poly_GISAcres","gis_acres":1.0,"auto_acres":124.15677090938968,"reported_acres":123.0,"percent_contained":null,"state":"CA","state_wfigs":"US-CA","county":"Tulare","discovery_time_utc":"2021-06-18T09:17:00Z","perimeter_time_utc":"2021-06-21T19:00:00Z","perimeter_edit_time_utc":"2023-03-14T15:13:42Z","incident_modified_time_utc":"2021-08-12T21:34:12Z","containment_time_utc":"2021-06-20T04:58:00Z","control_time_utc":null,"fire_out_time_utc":"2021-07-21T21:20:00Z","fire_cause":"Natural","fire_cause_general":"Natural","map_method":"Phone/Tablet","source_dataset":"FFP","unique_fire_identifier":"2021-CASQF-001625","irwin_id":"{E8BD571C-CDB2-48DD-919D-DB83CA0D770C}","global_id":"a61d8e8c-5973-4ed3-b5ca-937a725c273c"}},{"type":"Feature","geometry":{"type":"Polygon","coordinates":[[[-119.49903,37.69571],[-119.49924,37.69536],[-119.49941,37.69549],[-119.49964,37.69528],[-119.49967,37.69542],[-119.50001,37.69538],[-119.50012,37.69552],[-119.50005,37.69584],[-119.49972,37.69582],[-119.49971,37.69618],[-119.49996,37.69615],[-119.49996,37.69639],[-119.49965,37.69686],[-119.49948,37.6969],[-119.4995,37.6972],[-119.49894,37.69748],[-119.49861,37.69731],[-119.49838,37.6975],[-119.49826,37.69726],[-119.49806,37.69771],[-119.49803,37.69729],[-119.49761,37.69737],[-119.49722,37.69706],[-119.49731,37.6969],[-119.4979,37.69676],[-119.49793,37.69654],[-119.49758,37.69617],[-119.49792,37.69606],[-119.49788,37.69621],[-119.49821,37.69634],[-119.49822,37.69606],[-119.4981,37.69604],[-119.49799,37.69576],[-119.49827,37.69578],[-119.4986,37.69554],[-119.49869,37.69576],[-119.49903,37.69571]]]},"properties":{"fire_id":"ufid:2021-CAYNP-000049","source_collection":"history-2021","source_objectid":11112,"incident_name":"Fork","mapped_acres":8.55746,"mapped_acres_source":"poly_GISAcres","gis_acres":8.55746,"auto_acres":8.557427453559285,"reported_acres":12.0,"percent_contained":null,"state":"CA","state_wfigs":"US-CA","county":"Mariposa","discovery_time_utc":"2021-07-01T16:14:00Z","perimeter_time_utc":"2021-07-29T19:18:01Z","perimeter_edit_time_utc":"2023-03-14T15:13:42Z","incident_modified_time_utc":"2021-11-15T23:38:17Z","containment_time_utc":"2021-07-12T21:02:00Z","control_time_utc":null,"fire_out_time_utc":"2021-09-02T16:00:00Z","fire_cause":"Natural","fire_cause_general":"Natural","map_method":"GPS-Walked","source_dataset":"FFP","unique_fire_identifier":"2021-CAYNP-000049","irwin_id":"{C30EBDD5-47D7-4C9E-9228-C133A1B324DA}","global_id":"5ebdc43f-4f2f-4c62-8757-7a1c55e1fdea"}},{"type":"Feature","geometry":{"type":"Polygon","coordinates":[[[-119.53892,38.22466],[-119.53907,38.22487],[-119.53894,38.22511],[-119.53865,38.22525],[-119.5386,38.22559],[-119.53827,38.22555],[-119.53796,38.22506],[-119.53755,38.22509],[-119.53802,38.22479],[-119.53855,38.22501],[-119.53863,38.2248],[-119.53892,38.22466]]]},"properties":{"fire_id":"ufid:2021-NVHTF-030436","source_collection":"history-2021","source_objectid":11349,"incident_name":"Fremont Lake","mapped_acres":1.4,"mapped_acres_source":"poly_GISAcres","gis_acres":1.4,"auto_acres":1.406388582219659,"reported_acres":0.1,"percent_contained":null,"state":"CA","state_wfigs":"US-CA","county":"Mono","discovery_time_utc":"2021-07-07T21:37:02Z","perimeter_time_utc":"2021-07-08T08:00:00Z","perimeter_edit_time_utc":"2023-03-14T15:13:42Z","incident_modified_time_utc":"2021-07-15T19:42:27Z","containment_time_utc":"2021-07-09T03:00:00Z","control_time_utc":"2021-07-09T17:33:00Z","fire_out_time_utc":"2021-07-15T19:38:19Z","fire_cause":"Natural","fire_cause_general":"Natural","map_method":"Mixed Methods","source_dataset":"FFP","unique_fire_identifier":"2021-NVHTF-030436","irwin_id":"{F3D2B02E-8514-4463-8D30-B3C672FFDC37}","global_id":"99bb3225-1fbf-4c9e-864b-7a7730a69906"}},{"type":"Feature","geometry":{"type":"MultiPolygon","coordinates":[[[[-119.92544,37.8041],[-119.92533,37.80384],[-119.92562,37.80377],[-119.92563,37.80403],[-119.92544,37.8041]]],[[[-119.92555,37.80407],[-119.92555,37.80406],[-119.92563,37.80403],[-119.92555,37.80407]]]]},"properties":{"fire_id":"ufid:2021-CASTF-001795","source_collection":"history-2021","source_objectid":11483,"incident_name":"HARDEN 2","mapped_acres":0.1,"mapped_acres_source":"poly_GISAcres","gis_acres":0.1,"auto_acres":0.21272688564119646,"reported_acres":0.25,"percent_contained":null,"state":"CA","state_wfigs":"US-CA","county":"Tuolumne","discovery_time_utc":"2021-07-23T21:25:00Z","perimeter_time_utc":"2021-07-24T02:25:00Z","perimeter_edit_time_utc":"2023-03-14T15:13:42Z","incident_modified_time_utc":"2021-09-23T22:56:50Z","containment_time_utc":"2021-07-24T18:10:00Z","control_time_utc":"2021-07-25T17:18:00Z","fire_out_time_utc":"2021-07-31T21:55:00Z","fire_cause":"Human","fire_cause_general":"Other causes","map_method":"Hand Sketch","source_dataset":"FFP","unique_fire_identifier":"2021-CASTF-001795","irwin_id":"{5F32C630-F3D6-4305-A1A1-FD38B3E67022}","global_id":"81e47b25-2e33-4932-a75f-7810fd90ec80"}},{"type":"Feature","geometry":{"type":"Polygon","coordinates":[[[-119.91501,37.92243],[-119.91513,37.92274],[-119.91499,37.92287],[-119.91484,37.92267],[-119.91501,37.92243]]]},"properties":{"fire_id":"ufid:2021-CASTF-001928","source_collection":"history-2021","source_objectid":11484,"incident_name":"NORTH","mapped_acres":0.1,"mapped_acres_source":"poly_GISAcres","gis_acres":0.1,"auto_acres":0.2130121069671345,"reported_acres":0.2,"percent_contained":null,"state":"CA","state_wfigs":"US-CA","county":"Tuolumne","discovery_time_utc":"2021-07-31T23:12:22Z","perimeter_time_utc":"2021-08-01T04:12:22Z","perimeter_edit_time_utc":"2023-03-14T15:13:42Z","incident_modified_time_utc":"2021-09-22T17:25:13Z","containment_time_utc":"2021-08-01T20:06:00Z","control_time_utc":"2021-08-02T19:49:00Z","fire_out_time_utc":"2021-08-23T00:00:00Z","fire_cause":"Natural","fire_cause_general":"Natural","map_method":"Hand Sketch","source_dataset":"FFP","unique_fire_identifier":"2021-CASTF-001928","irwin_id":"{DBA55792-D023-4EC0-B8FE-A5377BF29AF6}","global_id":"c2a5920b-3b2b-4daf-8fbf-3c34ed7264d9"}},{"type":"Feature","geometry":{"type":"Polygon","coordinates":[[[-118.66994,36.7543],[-118.67018,36.75218],[-118.6707,36.75249],[-118.67086,36.75273],[-118.67097,36.75348],[-118.67127,36.75427],[-118.67133,36.75559],[-118.67153,36.75655],[-118.67126,36.75688],[-118.67084,36.75685],[-118.67046,36.75662],[-118.67022,36.75629],[-118.66994,36.7543]]]},"properties":{"fire_id":"ufid:2021-CAKNP-000077","source_collection":"history-2021","source_objectid":11661,"incident_name":"Sentinel Fire","mapped_acres":12.5,"mapped_acres_source":"poly_GISAcres","gis_acres":12.5,"auto_acres":12.48945387454436,"reported_acres":13.0,"percent_contained":null,"state":"CA","state_wfigs":"US-CA","county":"Fresno","discovery_time_utc":"2021-07-29T17:05:00Z","perimeter_time_utc":"2021-08-18T00:00:00Z","perimeter_edit_time_utc":"2023-03-14T15:13:42Z","incident_modified_time_utc":"2022-01-18T19:22:38Z","containment_time_utc":"2021-10-25T22:00:00Z","control_time_utc":"2021-10-25T22:00:00Z","fire_out_time_utc":"2021-10-25T22:00:00Z","fire_cause":"Natural","fire_cause_general":"Natural","map_method":"GPS-Flight","source_dataset":"FFP","unique_fire_identifier":"2021-CAKNP-000077","irwin_id":"{FE5A0B83-C4A8-4467-A6EB-19B276B44EDF}","global_id":"b00ba883-fefd-414e-a7a6-7281c5d0d72c"}},{"type":"Feature","geometry":{"type":"Polygon","coordinates":[[[-119.64099,37.85688],[-119.63947,37.85627],[-119.6349,37.85332],[-119.6327,37.85225],[-119.62777,37.85034],[-119.62266,37.84919],[-119.62325,37.84806],[-119.62311,37.84696],[-119.62349,37.84618],[-119.62378,37.84626],[-119.62358,37.84617],[-119.62366,37.84587],[-119.6241,37.84569],[-119.62432,37.8453],[-119.62454,37.84535],[-119.62464,37.84555],[-119.62447,37.8459],[-119.62464,37.84589],[-119.62483,37.84608],[-119.62539,37.8459],[-119.62548,37.84522],[-119.62574,37.84496],[-119.62609,37.84485],[-119.62598,37.8445],[-119.62615,37.8444],[-119.62612,37.84416],[-119.62669,37.84392],[-119.62701,37.84363],[-119.62852,37.84368],[-119.62917,37.84384],[-119.6303,37.84474],[-119.63197,37.84514],[-119.63211,37.84535],[-119.63299,37.84552],[-119.63372,37.84666],[-119.63468,37.84719],[-119.6351,37.84726],[-119.63729,37.84889],[-119.63773,37.84946],[-119.63809,37.85047],[-119.63843,37.85286],[-119.63863,37.85342],[-119.63968,37.85485],[-119.64021,37.85604],[-119.64099,37.85688]]]},"properties":{"fire_id":"ufid:2021-CAYNP-000047","source_collection":"history-2021","source_objectid":11903,"incident_name":"County Line","mapped_acres":225.0436,"mapped_acres_source":"poly_GISAcres","gis_acres":225.0436,"auto_acres":224.9256915387546,"reported_acres":224.0,"percent_contained":null,"state":"CA","state_wfigs":"US-CA","county":"Mariposa","discovery_time_utc":"2021-07-01T02:16:00Z","perimeter_time_utc":"2021-07-16T01:00:00Z","perimeter_edit_time_utc":"2023-03-14T15:13:42Z","incident_modified_time_utc":"2021-11-16T00:38:41Z","containment_time_utc":null,"control_time_utc":null,"fire_out_time_utc":"2021-11-16T00:30:00Z","fire_cause":"Natural","fire_cause_general":"Natural","map_method":"Mixed Methods","source_dataset":"FFP","unique_fire_identifier":"2021-CAYNP-000047","irwin_id":"{5F0F930F-C7DA-4EB5-B20A-E56224D34C80}","global_id":"89280331-ebb6-4b0d-9a68-8e53a74d953e"}},{"type":"Feature","geometry":{"type":"Polygon","coordinates":[[[-119.96938,38.39526],[-119.9693,38.39495],[-119.96861,38.39486],[-119.96844,38.39459],[-119.96777,38.3947],[-119.96716,38.3945],[-119.96722,38.39413],[-119.96703,38.39389],[-119.96724,38.39356],[-119.96718,38.39288],[-119.96761,38.39281],[-119.96774,38.39249],[-119.9681,38.3926],[-119.96865,38.39228],[-119.96958,38.39241],[-119.96986,38.3921],[-119.97009,38.39225],[-119.97016,38.39275],[-119.97115,38.39289],[-119.97193,38.39271],[-119.97199,38.39295],[-119.97251,38.39299],[-119.97213,38.39322],[-119.97175,38.39391],[-119.97123,38.39396],[-119.97113,38.3942],[-119.97078,38.39433],[-119.97119,38.39483],[-119.97076,38.39513],[-119.97054,38.3955],[-119.9701,38.39558],[-119.96967,38.39588],[-119.96962,38.39539],[-119.96938,38.39526]]]},"properties":{"fire_id":"ufid:2021-CASTF-002083","source_collection":"history-2021","source_objectid":12080,"incident_name":"HOBART","mapped_acres":0.3,"mapped_acres_source":"poly_GISAcres","gis_acres":0.3,"auto_acres":25.824398064411586,"reported_acres":25.5,"percent_contained":null,"state":"CA","state_wfigs":"US-CA","county":"Tuolumne","discovery_time_utc":"2021-08-09T03:47:00Z","perimeter_time_utc":"2021-08-09T08:47:00Z","perimeter_edit_time_utc":"2023-03-14T15:13:42Z","incident_modified_time_utc":"2021-10-28T00:09:16Z","containment_time_utc":"2021-08-13T20:32:00Z","control_time_utc":"2021-08-18T19:26:00Z","fire_out_time_utc":"2021-10-26T16:05:00Z","fire_cause":"Human","fire_cause_general":"Other causes","map_method":"Hand Sketch","source_dataset":"FFP","unique_fire_identifier":"2021-CASTF-002083","irwin_id":"{A7652B96-ADE5-417A-A46E-FAB6C1B8BA3D}","global_id":"3bd4b9fd-a8f9-445c-9813-e8a9ab6170ad"}},{"type":"Feature","geometry":{"type":"Polygon","coordinates":[[[-118.67849,37.37179],[-118.67788,37.37179],[-118.67756,37.37144],[-118.67723,37.37134],[-118.67713,37.37091],[-118.67616,37.37094],[-118.67642,37.37068],[-118.67633,37.37049],[-118.67604,37.37039],[-118.67645,37.37015],[-118.67703,37.37006],[-118.67726,37.36963],[-118.67743,37.3697],[-118.67752,37.36935],[-118.67729,37.36935],[-118.67697,37.36906],[-118.67858,37.36905],[-118.6789,37.36879],[-118.67875,37.36873],[-118.67888,37.36836],[-118.67878,37.36826],[-118.67892,37.36823],[-118.67904,37.3679],[-118.67991,37.36811],[-118.6802,37.36794],[-118.6811,37.36812],[-118.6814,37.36864],[-118.68198,37.36822],[-118.68209,37.36833],[-118.68119,37.3693],[-118.68069,37.36953],[-118.68084,37.36921],[-118.67994,37.37002],[-118.67849,37.37179]]]},"properties":{"fire_id":"ufid:2021-CAINF-001607","source_collection":"history-2021","source_objectid":12125,"incident_name":"PINE","mapped_acres":3.0,"mapped_acres_source":"poly_GISAcres","gis_acres":3.0,"auto_acres":24.69198662990598,"reported_acres":24.7,"percent_contained":null,"state":"CA","state_wfigs":"US-CA","county":"Inyo","discovery_time_utc":"2021-07-07T22:16:00Z","perimeter_time_utc":"2021-07-08T03:16:00Z","perimeter_edit_time_utc":"2023-03-14T15:13:42Z","incident_modified_time_utc":"2021-08-05T20:35:23Z","containment_time_utc":"2021-07-09T01:02:00Z","control_time_utc":"2021-07-10T19:17:00Z","fire_out_time_utc":"2021-08-03T18:30:00Z","fire_cause":"Undetermined","fire_cause_general":"Undetermined","map_method":"GPS-Walked","source_dataset":"FFP","unique_fire_identifier":"2021-CAINF-001607","irwin_id":"{479EBB52-9370-4D16-94CF-8BFDC413B2AB}","global_id":"2c897b29-a5f0-4ddb-aa9e-5b6647158c0a"}},{"type":"Feature","geometry":{"type":"Polygon","coordinates":[[[-119.69713,38.01085],[-119.69673,38.01238],[-119.69844,38.01193],[-119.7008,38.01175],[-119.70357,38.01064],[-119.70532,38.00957],[-119.70586,38.00982],[-119.70599,38.01018],[-119.70321,38.01181],[-119.7031,38.01214],[-119.70339,38.01258],[-119.70318,38.01294],[-119.70248,38.01325],[-119.7018,38.01333],[-119.70123,38.01372],[-119.70027,38.0137],[-119.69915,38.01403],[-119.6985,38.01393],[-119.69752,38.01429],[-119.69562,38.01429],[-119.69486,38.01406],[-119.69174,38.01697],[-119.69042,38.01867],[-119.68842,38.02251],[-119.68806,38.02351],[-119.68796,38.0248],[-119.68769,38.0253],[-119.68726,38.02573],[-119.68384,38.02814],[-119.68298,38.02845],[-119.68142,38.02876],[-119.67943,38.02951],[-119.67849,38.02971],[-119.67753,38.02964],[-119.67683,38.02917],[-119.67663,38.02865],[-119.67676,38.02808],[-119.67718,38.02758],[-119.6792,38.02608],[-119.67984,38.02537],[-119.68007,38.02482],[-119.68044,38.02307],[-119.68086,38.02225],[-119.68166,38.02164],[-119.68372,38.02089],[-119.68432,38.02056],[-119.68489,38.01981],[-119.68518,38.01833],[-119.68563,38.01752],[-119.68808,38.0151],[-119.69054,38.01356],[-119.69205,38.01188],[-119.69136,38.01128],[-119.6908,38.01039],[-119.69005,38.01018],[-119.6892,38.01017],[-119.6887,38.00991],[-119.68836,38.00953],[-119.68746,38.00791],[-119.68729,38.00738],[-119.68728,38.00682],[-119.68826,38.00426],[-119.68834,38.00343],[-119.68686,38.00046],[-119.68637,37.99996],[-119.68592,37.99972],[-119.68346,37.99929],[-119.68301,37.99911],[-119.68259,37.9986],[-119.68257,37.9982],[-119.68282,37.99709],[-119.68316,37.99644],[-119.6852,37.99557],[-119.68683,37.99431],[-119.68801,37.99318],[-119.69,37.99168],[-119.69,37.99133],[-119.6894,37.99081],[-119.68919,37.99045],[-119.68916,37.99007],[-119.6894,37.98909],[-119.68984,37.98873],[-119.69164,37.98848],[-119.692,37.9882],[-119.69217,37.9878],[-119.69201,37.98717],[-119.69075,37.98673],[-119.6906,37.98592],[-119.69095,37.98482],[-119.69139,37.984],[-119.6929,37.98436],[-119.69328,37.98459],[-119.69356,37.98427],[-119.69425,37.98283],[-119.6941,37.98232],[-119.6934,37.98194],[-119.69361,37.98137],[-119.69421,37.9803],[-119.69467,37.98003],[-119.69492,37.97943],[-119.69525,37.9792],[-119.69585,37.97908],[-119.69589,37.97821],[-119.69535,37.97789],[-119.6952,37.97769],[-119.69525,37.97747],[-119.69576,37.97713],[-119.69697,37.97672],[-119.69825,37.97578],[-119.69894,37.97553],[-119.7019,37.97501],[-119.70344,37.97439],[-119.70563,37.97422],[-119.70677,37.97483],[-119.70751,37.97574],[-119.70766,37.97723],[-119.70919,37.97764],[-119.71091,37.97766],[-119.71223,37.97723],[-119.71354,37.97708],[-119.7147,37.97719],[-119.71576,37.9777],[-119.71982,37.97779],[-119.72212,37.97834],[-119.72261,37.9802],[-119.72233,37.98271],[-119.72192,37.98395],[-119.72156,37.9846],[-119.7191,37.9868],[-119.71855,37.98804],[-119.71839,37.98982],[-119.7181,37.99082],[-119.71739,37.99193],[-119.71664,37.99347],[-119.71464,37.99541],[-119.71388,37.99785],[-119.71323,37.99839],[-119.71228,37.99878],[-119.71149,37.99969],[-119.71131,38.00238],[-119.70961,38.00442],[-119.70816,38.00486],[-119.70648,38.00521],[-119.70523,38.00508],[-119.7021,38.00512],[-119.70016,38.00678],[-119.69907,38.00816],[-119.69714,38.00891],[-119.69676,38.00976],[-119.69713,38.01085]],[[-119.68632,38.0198],[-119.68518,38.02183],[-119.68444,38.02234],[-119.68406,38.02321],[-119.68408,38.02347],[-119.68383,38.02374],[-119.68436,38.02414],[-119.68431,38.02365],[-119.68464,38.02322],[-119.68537,38.02286],[-119.68548,38.02294],[-119.68546,38.02324],[-119.68567,38.02329],[-119.68601,38.02268],[-119.68585,38.02248],[-119.68597,38.02208],[-119.68571,38.02213],[-119.68533,38.02244],[-119.68519,38.02232],[-119.68524,38.02211],[-119.68554,38.02187],[-119.6858,38.02115],[-119.68655,38.0204],[-119.68702,38.01968],[-119.68767,38.01914],[-119.68806,38.01829],[-119.68733,38.01803],[-119.68675,38.0184],[-119.68673,38.01851],[-119.68707,38.01881],[-119.687,38.01901],[-119.68632,38.0198]],[[-119.69281,38.01286],[-119.6933,38.01258],[-119.69374,38.01265],[-119.69442,38.01224],[-119.69462,38.01201],[-119.6946,38.0118],[-119.69367,38.01186],[-119.69328,38.01206],[-119.69244,38.01181],[-119.6921,38.01206],[-119.69196,38.01256],[-119.69161,38.01313],[-119.69229,38.01316],[-119.69227,38.01396],[-119.69294,38.01382],[-119.69308,38.01348],[-119.69282,38.01325],[-119.69281,38.01286]]]},"properties":{"fire_id":"ufid:2021-CAYNP-000095","source_collection":"history-2021","source_objectid":12133,"incident_name":"Tiltill","mapped_acres":2349.906,"mapped_acres_source":"poly_GISAcres","gis_acres":2349.906,"auto_acres":2348.5213247426245,"reported_acres":2350.0,"percent_contained":null,"state":"CA","state_wfigs":"US-CA","county":"Tuolumne","discovery_time_utc":"2021-07-31T19:47:00Z","perimeter_time_utc":"2021-09-14T19:39:08Z","perimeter_edit_time_utc":"2023-03-14T15:13:42Z","incident_modified_time_utc":"2021-11-16T00:47:55Z","containment_time_utc":"2021-10-15T01:00:00Z","control_time_utc":null,"fire_out_time_utc":"2021-11-16T00:30:00Z","fire_cause":"Natural","fire_cause_general":"Natural","map_method":"Digitized-Other","source_dataset":"FFP","unique_fire_identifier":"2021-CAYNP-000095","irwin_id":"{BC9AFF27-7865-4592-B930-EC465BBC88CB}","global_id":"32aa5c41-48ff-4be6-b3ec-1b5c195b0bfb"}},{"type":"Feature","geometry":{"type":"Polygon","coordinates":[[[-118.26819,36.77635],[-118.26803,36.77679],[-118.26777,36.77677],[-118.26785,36.77664],[-118.26767,36.77649],[-118.26805,36.77573],[-118.26835,36.77581],[-118.26822,36.77626],[-118.268,36.7764],[-118.26819,36.77635]]]},"properties":{"fire_id":"ufid:2021-CAINF-002723","source_collection":"history-2021","source_objectid":12219,"incident_name":"GRAYS","mapped_acres":2.0,"mapped_acres_source":"poly_GISAcres","gis_acres":2.0,"auto_acres":0.9419960307509808,"reported_acres":1.2,"percent_contained":null,"state":"CA","state_wfigs":"US-CA","county":"Inyo","discovery_time_utc":"2021-10-12T23:05:00Z","perimeter_time_utc":"2021-10-13T04:05:58Z","perimeter_edit_time_utc":"2023-03-14T15:13:42Z","incident_modified_time_utc":"2021-11-05T21:09:30Z","containment_time_utc":"2021-10-13T02:48:00Z","control_time_utc":"2021-10-14T20:00:00Z","fire_out_time_utc":"2021-10-14T20:00:00Z","fire_cause":"Undetermined","fire_cause_general":"Undetermined","map_method":"GPS-Walked","source_dataset":"Decertified","unique_fire_identifier":"2021-CAINF-002723","irwin_id":"{64C875AC-1C3E-491C-A10C-340A95E0FB4C}","global_id":"d1ab2909-a92d-4de1-ba79-bfc41aa1e8dc"}},{"type":"Feature","geometry":{"type":"Polygon","coordinates":[[[-119.87012,37.81254],[-119.87056,37.81223],[-119.87105,37.81251],[-119.87114,37.81286],[-119.87093,37.8135],[-119.87063,37.81362],[-119.87048,37.81344],[-119.87031,37.81355],[-119.87012,37.81342],[-119.86995,37.813],[-119.87012,37.81254]]]},"properties":{"fire_id":"ufid:2021-CASTF-002084","source_collection":"history-2021","source_objectid":12223,"incident_name":"CARLON","mapped_acres":0.1,"mapped_acres_source":"poly_GISAcres","gis_acres":0.1,"auto_acres":2.79317663602444,"reported_acres":2.64,"percent_contained":null,"state":"CA","state_wfigs":"US-CA","county":"Tuolumne","discovery_time_utc":"2021-08-09T04:56:00Z","perimeter_time_utc":"2021-08-09T09:56:00Z","perimeter_edit_time_utc":"2023-03-14T15:13:42Z","incident_modified_time_utc":"2021-09-21T19:53:29Z","containment_time_utc":"2021-08-10T19:24:00Z","control_time_utc":"2021-08-16T19:43:00Z","fire_out_time_utc":"2021-08-28T22:14:00Z","fire_cause":"Human","fire_cause_general":"Recreation and ceremony","map_method":"Hand Sketch","source_dataset":"FFP","unique_fire_identifier":"2021-CASTF-002084","irwin_id":"{793D2DFE-0EAD-400F-8288-D71B5F0AC826}","global_id":"c6131906-04b0-466a-824c-38e18712a382"}},{"type":"Feature","geometry":{"type":"Polygon","coordinates":[[[-118.49117,35.59677],[-118.49089,35.59691],[-118.4906,35.59672],[-118.48978,35.59688],[-118.48949,35.5965],[-118.48799,35.59674],[-118.48786,35.59656],[-118.48799,35.59642],[-118.48701,35.59604],[-118.487,35.59591],[-118.48815,35.59605],[-118.48875,35.59636],[-118.48978,35.59626],[-118.49015,35.59652],[-118.49112,35.59664],[-118.49117,35.59677]]]},"properties":{"fire_id":"ufid:2021-CACND-001011","source_collection":"history-2021","source_objectid":12339,"incident_name":"BODFISH","mapped_acres":1.0,"mapped_acres_source":"poly_GISAcres","gis_acres":1.0,"auto_acres":3.4316971342936022,"reported_acres":5.6,"percent_contained":null,"state":"CA","state_wfigs":"US-CA","county":"Kern","discovery_time_utc":"2021-05-15T04:59:00Z","perimeter_time_utc":"2021-05-15T09:59:00Z","perimeter_edit_time_utc":"2023-03-14T15:13:42Z","incident_modified_time_utc":"2021-06-08T21:55:17Z","containment_time_utc":"2021-05-15T23:30:00Z","control_time_utc":"2021-05-17T18:50:00Z","fire_out_time_utc":"2021-05-24T18:30:00Z","fire_cause":"Undetermined","fire_cause_general":"Undetermined","map_method":"GPS-Unknown Travel Method","source_dataset":"FFP","unique_fire_identifier":"2021-CACND-001011","irwin_id":"{2265CE52-B1D5-4E36-8D59-826F7632AB62}","global_id":"b2162abc-8164-48d5-9db8-b1ed132eeb24"}},{"type":"Feature","geometry":{"type":"Polygon","coordinates":[[[-119.41064,37.9537],[-119.41051,37.9532],[-119.41031,37.95322],[-119.41027,37.9528],[-119.40936,37.95266],[-119.40961,37.95249],[-119.40994,37.95265],[-119.41022,37.95244],[-119.41049,37.95275],[-119.41088,37.95241],[-119.41062,37.95235],[-119.41066,37.9522],[-119.41048,37.95205],[-119.41023,37.95214],[-119.41026,37.95204],[-119.41003,37.95186],[-119.41017,37.95168],[-119.41002,37.95168],[-119.40972,37.95211],[-119.40929,37.95213],[-119.40936,37.95205],[-119.40921,37.95192],[-119.40944,37.95178],[-119.40913,37.95169],[-119.40898,37.9515],[-119.40916,37.95148],[-119.40923,37.9513],[-119.40891,37.95097],[-119.4093,37.95073],[-119.40979,37.95094],[-119.4094,37.95097],[-119.40937,37.95117],[-119.40974,37.95122],[-119.40967,37.95132],[-119.40996,37.95125],[-119.40995,37.95136],[-119.41008,37.95136],[-119.41001,37.95143],[-119.41033,37.95151],[-119.41046,37.95181],[-119.41063,37.95175],[-119.41064,37.95124],[-119.41076,37.95116],[-119.41091,37.95117],[-119.41069,37.95175],[-119.41075,37.95189],[-119.41096,37.95174],[-119.41094,37.95162],[-119.41106,37.95166],[-119.41113,37.95143],[-119.41142,37.95163],[-119.41096,37.95204],[-119.41092,37.95217],[-119.41102,37.9521],[-119.41111,37.95224],[-119.41096,37.95225],[-119.41094,37.95237],[-119.41118,37.95251],[-119.41168,37.95251],[-119.41178,37.95263],[-119.41167,37.9526],[-119.41172,37.95271],[-119.41141,37.95292],[-119.41149,37.95304],[-119.41114,37.95308],[-119.41127,37.95332],[-119.41117,37.95347],[-119.41094,37.95345],[-119.41099,37.95368],[-119.41086,37.95371],[-119.41084,37.95357],[-119.41079,37.9537],[-119.41064,37.9537]]]},"properties":{"fire_id":"ufid:2021-CAYNP-000113","source_collection":"history-2021","source_objectid":12385,"incident_name":"Cold","mapped_acres":6.576557,"mapped_acres_source":"poly_GISAcres","gis_acres":6.576557,"auto_acres":6.576531852249317,"reported_acres":8.0,"percent_contained":null,"state":"CA","state_wfigs":"US-CA","county":"Tuolumne","discovery_time_utc":"2021-08-13T00:25:00Z","perimeter_time_utc":"2021-08-20T20:00:00Z","perimeter_edit_time_utc":"2023-03-14T15:13:42Z","incident_modified_time_utc":"2021-11-15T23:48:21Z","containment_time_utc":null,"control_time_utc":null,"fire_out_time_utc":"2021-10-03T19:51:00Z","fire_cause":"Natural","fire_cause_general":"Natural","map_method":"GPS-Walked","source_dataset":"FFP","unique_fire_identifier":"2021-CAYNP-000113","irwin_id":"{E84C4B2A-EB60-4B96-B948-F7801DB5100D}","global_id":"59a852bf-61f1-49d2-8acf-77310ad205cf"}},{"type":"Feature","geometry":{"type":"Polygon","coordinates":[[[-118.99346,37.70057],[-118.99321,37.70071],[-118.99309,37.70045],[-118.99335,37.70032],[-118.99346,37.70057]]]},"properties":{"fire_id":"ufid:2021-CAINF-000768","source_collection":"history-2021","source_objectid":12659,"incident_name":"CRATER","mapped_acres":0.3,"mapped_acres_source":"poly_GISAcres","gis_acres":0.3,"auto_acres":0.22440084412471178,"reported_acres":0.3,"percent_contained":null,"state":"CA","state_wfigs":"US-CA","county":"Mono","discovery_time_utc":"2021-05-09T00:43:00Z","perimeter_time_utc":"2021-05-09T05:43:00Z","perimeter_edit_time_utc":"2023-03-14T15:13:42Z","incident_modified_time_utc":"2021-08-20T19:15:20Z","containment_time_utc":"2021-05-09T02:37:00Z","control_time_utc":"2021-05-09T16:00:00Z","fire_out_time_utc":"2021-05-12T17:00:00Z","fire_cause":"Human","fire_cause_general":"Recreation and ceremony","map_method":"GPS-Walked","source_dataset":"FFP","unique_fire_identifier":"2021-CAINF-000768","irwin_id":"{7D69E879-94FD-4A9B-8879-C4D1C7EE1428}","global_id":"5143c3ae-7468-4aee-9e5c-bc9649984c0b"}},{"type":"Feature","geometry":{"type":"Polygon","coordinates":[[[-115.56461,35.54607],[-115.56434,35.54591],[-115.56415,35.54555],[-115.56438,35.54552],[-115.56496,35.54574],[-115.56502,35.54586],[-115.56461,35.54607]]]},"properties":{"fire_id":"ufid:2021-CAMNP-011619","source_collection":"history-2021","source_objectid":12924,"incident_name":"Green","mapped_acres":0.57,"mapped_acres_source":"poly_GISAcres","gis_acres":0.57,"auto_acres":0.5730469389096338,"reported_acres":0.57,"percent_contained":null,"state":"CA","state_wfigs":"US-CA","county":"San Bernardino","discovery_time_utc":"2021-07-29T20:48:00Z","perimeter_time_utc":"2021-07-29T08:00:00Z","perimeter_edit_time_utc":"2023-03-14T15:13:42Z","incident_modified_time_utc":"2021-08-16T16:16:49Z","containment_time_utc":null,"control_time_utc":null,"fire_out_time_utc":"2021-08-02T00:56:00Z","fire_cause":"Natural","fire_cause_general":"Natural","map_method":"Mixed Methods","source_dataset":"FFP","unique_fire_identifier":"2021-CAMNP-011619","irwin_id":"{13AAD372-82DD-48DE-8D62-12FF7416C7A3}","global_id":"8bdb434e-deeb-4650-9ca3-2341b748f230"}},{"type":"Feature","geometry":{"type":"Polygon","coordinates":[[[-115.23082,35.2066],[-115.23155,35.2067],[-115.23144,35.20683],[-115.23163,35.20695],[-115.23149,35.20724],[-115.23163,35.2073],[-115.23106,35.20788],[-115.23107,35.20824],[-115.23121,35.20833],[-115.23109,35.20835],[-115.23106,35.2087],[-115.23051,35.20887],[-115.23008,35.20877],[-115.2301,35.20852],[-115.22967,35.20838],[-115.22961,35.20781],[-115.22976,35.20781],[-115.22989,35.20818],[-115.22995,35.2079],[-115.23026,35.20796],[-115.23038,35.20783],[-115.23055,35.20796],[-115.23075,35.20774],[-115.23053,35.20754],[-115.23033,35.20753],[-115.23031,35.20721],[-115.22994,35.20683],[-115.22991,35.20647],[-115.23031,35.20652],[-115.2307,35.20675],[-115.23083,35.20676],[-115.23082,35.2066]]]},"properties":{"fire_id":"ufid:2021-CAMNP-012953","source_collection":"history-2021","source_objectid":13213,"incident_name":"Hart","mapped_acres":6.54,"mapped_acres_source":"poly_GISAcres","gis_acres":6.54,"auto_acres":6.539685866832464,"reported_acres":6.5,"percent_contained":null,"state":"CA","state_wfigs":"US-CA","county":"San Bernardino","discovery_time_utc":"2021-08-31T22:54:00Z","perimeter_time_utc":"2021-09-02T08:00:00Z","perimeter_edit_time_utc":"2023-03-14T15:13:42Z","incident_modified_time_utc":"2021-10-25T16:17:00Z","containment_time_utc":"2021-09-04T23:55:00Z","control_time_utc":null,"fire_out_time_utc":"2021-09-09T01:00:00Z","fire_cause":"Natural","fire_cause_general":"Natural","map_method":"GPS-Walked","source_dataset":"FFP","unique_fire_identifier":"2021-CAMNP-012953","irwin_id":"{A81EB631-1311-4FF6-B77E-23010860ADD2}","global_id":"5188a80b-576f-4f0f-8fb6-f2e70bcfae8c"}},{"type":"Feature","geometry":{"type":"Polygon","coordinates":[[[-119.56416,37.82113],[-119.56379,37.82165],[-119.56368,37.82157],[-119.56328,37.82172],[-119.56297,37.82128],[-119.56274,37.82127],[-119.56262,37.82099],[-119.56244,37.82115],[-119.56228,37.82103],[-119.56219,37.82115],[-119.562,37.82113],[-119.56193,37.82085],[-119.56156,37.82082],[-119.56125,37.82063],[-119.56118,37.8203],[-119.56137,37.82003],[-119.56137,37.81977],[-119.56155,37.81959],[-119.5621,37.81957],[-119.5623,37.8193],[-119.56248,37.81931],[-119.56259,37.81948],[-119.5626,37.81928],[-119.56281,37.81936],[-119.5629,37.81959],[-119.56277,37.81967],[-119.56303,37.81975],[-119.56326,37.81945],[-119.56356,37.81934],[-119.56367,37.81951],[-119.56355,37.81951],[-119.56346,37.81975],[-119.56331,37.81975],[-119.56331,37.81988],[-119.56367,37.82002],[-119.56379,37.82044],[-119.56405,37.8203],[-119.56464,37.82047],[-119.56446,37.82076],[-119.5646,37.82089],[-119.56439,37.821],[-119.56451,37.82113],[-119.56416,37.82113]]]},"properties":{"fire_id":"ufid:2021-CAYNP-000057","source_collection":"history-2021","source_objectid":13299,"incident_name":"Porcupine","mapped_acres":4.862166,"mapped_acres_source":"poly_GISAcres","gis_acres":4.862166,"auto_acres":11.197519712893689,"reported_acres":11.2,"percent_contained":null,"state":"CA","state_wfigs":"US-CA","county":"Mariposa","discovery_time_utc":"2021-07-02T19:11:00Z","perimeter_time_utc":"2021-07-20T01:00:00Z","perimeter_edit_time_utc":"2023-03-14T15:13:42Z","incident_modified_time_utc":"2021-09-21T22:04:39Z","containment_time_utc":"2021-08-04T16:00:00Z","control_time_utc":"2021-08-04T17:00:00Z","fire_out_time_utc":"2021-08-04T23:20:00Z","fire_cause":"Natural","fire_cause_general":"Natural","map_method":"Mixed Methods","source_dataset":"FFP","unique_fire_identifier":"2021-CAYNP-000057","irwin_id":"{94706023-97DA-4CD9-B660-A57BFE5D546B}","global_id":"4501068e-f161-44cd-89f1-5f8c6cdc448e"}},{"type":"Feature","geometry":{"type":"Polygon","coordinates":[[[-115.09811,35.32325],[-115.09829,35.32339],[-115.0987,35.32333],[-115.09838,35.32301],[-115.09821,35.32245],[-115.09806,35.32254],[-115.09784,35.32234],[-115.09828,35.32215],[-115.09896,35.32235],[-115.09911,35.32223],[-115.09935,35.32247],[-115.09954,35.32321],[-115.09945,35.32327],[-115.09941,35.3228],[-115.09921,35.32278],[-115.09902,35.3232],[-115.0991,35.32355],[-115.09948,35.32393],[-115.10022,35.32396],[-115.10043,35.32409],[-115.10024,35.32441],[-115.09923,35.32413],[-115.0978,35.32357],[-115.09781,35.3234],[-115.09811,35.32325]]]},"properties":{"fire_id":"ufid:2021-CAMNP-004963","source_collection":"history-2021","source_objectid":13325,"incident_name":"Castle","mapped_acres":5.14,"mapped_acres_source":"poly_GISAcres","gis_acres":5.14,"auto_acres":5.136007735958554,"reported_acres":5.0,"percent_contained":null,"state":"CA","state_wfigs":"US-CA","county":"San Bernardino","discovery_time_utc":"2021-03-19T04:33:00Z","perimeter_time_utc":null,"perimeter_edit_time_utc":"2023-03-14T15:13:42Z","incident_modified_time_utc":"2021-04-19T13:57:41Z","containment_time_utc":"2021-03-21T01:45:00Z","control_time_utc":"2021-03-29T22:15:00Z","fire_out_time_utc":"2021-03-29T22:15:00Z","fire_cause":"Human","fire_cause_general":"Recreation and ceremony","map_method":"Mixed Methods","source_dataset":"FFP","unique_fire_identifier":"2021-CAMNP-004963","irwin_id":"{867F5D9C-C40A-42BF-831A-D5BFCB288DA7}","global_id":"ef147e5e-fdcb-4369-9454-e62186a18a65"}},{"type":"Feature","geometry":{"type":"Polygon","coordinates":[[[-118.59391,36.07395],[-118.59464,36.07374],[-118.59519,36.07381],[-118.59463,36.07427],[-118.59457,36.07456],[-118.59422,36.07496],[-118.59397,36.07488],[-118.59389,36.07445],[-118.59398,36.07428],[-118.59383,36.07413],[-118.59391,36.07395]]]},"properties":{"fire_id":"ufid:2021-CASQF-003061","source_collection":"history-2021","source_objectid":13409,"incident_name":"Crawford","mapped_acres":2.090643,"mapped_acres_source":"poly_GISAcres","gis_acres":2.090643,"auto_acres":2.091245578360885,"reported_acres":2.1,"percent_contained":null,"state":"CA","state_wfigs":"US-CA","county":"Tulare","discovery_time_utc":"2021-09-10T03:15:00Z","perimeter_time_utc":"2021-09-15T00:48:30Z","perimeter_edit_time_utc":"2023-03-14T15:13:42Z","incident_modified_time_utc":"2021-12-07T18:24:52Z","containment_time_utc":null,"control_time_utc":null,"fire_out_time_utc":"2021-09-18T01:00:00Z","fire_cause":"Natural","fire_cause_general":"Natural","map_method":"Mixed Methods","source_dataset":"FFP","unique_fire_identifier":"2021-CASQF-003061","irwin_id":"{88CD44FF-9C4C-477B-9365-22775C37EF67}","global_id":"d393133b-e634-4a13-86c8-061424dd7056"}},{"type":"Feature","geometry":{"type":"Polygon","coordinates":[[[-118.81629,36.81549],[-118.81674,36.81599],[-118.81746,36.81639],[-118.81717,36.81787],[-118.81623,36.81858],[-118.81481,36.81745],[-118.81435,36.81656],[-118.81529,36.81582],[-118.81629,36.81549]]]},"properties":{"fire_id":"ufid:2021-CASQF-000401","source_collection":"history-2021","source_objectid":13444,"incident_name":"BOYDEN 1","mapped_acres":14.57338654675955,"mapped_acres_source":"poly_Acres_AutoCalc_fallback","gis_acres":null,"auto_acres":14.57338654675955,"reported_acres":15.0,"percent_contained":null,"state":"CA","state_wfigs":"US-CA","county":"Fresno","discovery_time_utc":"2021-03-03T21:03:00Z","perimeter_time_utc":null,"perimeter_edit_time_utc":"2023-03-14T15:13:42Z","incident_modified_time_utc":"2022-03-04T17:44:46Z","containment_time_utc":null,"control_time_utc":null,"fire_out_time_utc":"2021-03-18T20:53:00Z","fire_cause":"Human","fire_cause_general":"Debris and open burning","map_method":"Hand Sketch","source_dataset":"FFP","unique_fire_identifier":"2021-CASQF-000401","irwin_id":"{D7E40363-FBF7-48F9-89B1-949414CBE236}","global_id":"1eeb8aa0-bc1b-44eb-9cb4-643d51d70efc"}},{"type":"Feature","geometry":{"type":"Polygon","coordinates":[[[-118.26579,36.77399],[-118.26556,36.77331],[-118.26564,36.77308],[-118.26526,36.77305],[-118.26501,36.77283],[-118.26509,36.77264],[-118.26463,36.77268],[-118.26446,36.77285],[-118.26229,36.77264],[-118.26063,36.7729],[-118.26034,36.77276],[-118.25973,36.77278],[-118.2588,36.77298],[-118.25867,36.77282],[-118.25833,36.77281],[-118.25805,36.77265],[-118.25622,36.7726],[-118.25571,36.77224],[-118.25566,36.77193],[-118.25593,36.77183],[-118.25573,36.77146],[-118.25637,36.77149],[-118.25735,36.77175],[-118.25815,36.77161],[-118.25903,36.77163],[-118.25911,36.77137],[-118.25988,36.77131],[-118.25966,36.77123],[-118.2597,36.77091],[-118.26064,36.77086],[-118.26072,36.77062],[-118.26045,36.77033],[-118.26054,36.77029],[-118.26153,36.77018],[-118.26223,36.77034],[-118.26309,36.77032],[-118.2633,36.77002],[-118.26279,36.76988],[-118.26421,36.76983],[-118.26449,36.76992],[-118.26478,36.76977],[-118.26494,36.76946],[-118.26579,36.76952],[-118.26674,36.76983],[-118.26801,36.7699],[-118.26861,36.77014],[-118.26868,36.77033],[-118.26931,36.77043],[-118.26971,36.77064],[-118.27027,36.77128],[-118.27,36.77147],[-118.26953,36.77155],[-118.26939,36.77199],[-118.26917,36.77217],[-118.26938,36.77254],[-118.2692,36.77284],[-118.26934,36.77316],[-118.26896,36.77345],[-118.26877,36.77341],[-118.26793,36.77387],[-118.26702,36.77382],[-118.26649,36.77417],[-118.26579,36.77399]]]},"properties":{"fire_id":"ufid:2021-CAINF-000521","source_collection":"history-2021","source_objectid":13706,"incident_name":"ONION","mapped_acres":2.0,"mapped_acres_source":"poly_GISAcres","gis_acres":2.0,"auto_acres":85.53807879283433,"reported_acres":85.0,"percent_contained":null,"state":"CA","state_wfigs":"US-CA","county":"Inyo","discovery_time_utc":"2021-04-08T00:49:00Z","perimeter_time_utc":"2021-04-08T05:49:00Z","perimeter_edit_time_utc":"2023-03-14T15:13:42Z","incident_modified_time_utc":"2021-11-05T21:04:34Z","containment_time_utc":"2021-04-12T00:55:00Z","control_time_utc":"2021-04-12T00:55:00Z","fire_out_time_utc":"2021-04-15T21:03:00Z","fire_cause":"Undetermined","fire_cause_general":"Undetermined","map_method":"GPS-Walked","source_dataset":"FFP","unique_fire_identifier":"2021-CAINF-000521","irwin_id":"{534BBABC-BC30-4C90-885E-2CB17ACF57CD}","global_id":"179cac99-5766-4c89-903b-a4be204946ca"}},{"type":"Feature","geometry":{"type":"Polygon","coordinates":[[[-119.85464,38.4618],[-119.85547,38.4618],[-119.85594,38.46154],[-119.85663,38.46141],[-119.85697,38.46151],[-119.85789,38.46109],[-119.85839,38.46101],[-119.8585,38.4612],[-119.86049,38.46122],[-119.86093,38.46059],[-119.86094,38.46005],[-119.8616,38.45951],[-119.86175,38.45956],[-119.86216,38.4593],[-119.86199,38.45918],[-119.86262,38.45845],[-119.86251,38.4581],[-119.86299,38.45764],[-119.86299,38.45723],[-119.86373,38.45716],[-119.86391,38.45685],[-119.86382,38.45644],[-119.86361,38.45631],[-119.8637,38.45614],[-119.86357,38.45594],[-119.86397,38.45534],[-119.86369,38.45488],[-119.86387,38.45461],[-119.86377,38.45432],[-119.86394,38.45412],[-119.86381,38.45374],[-119.86398,38.45357],[-119.86398,38.45338],[-119.86415,38.45344],[-119.86498,38.45325],[-119.86536,38.4531],[-119.86558,38.45267],[-119.86592,38.45272],[-119.86612,38.45252],[-119.86665,38.45257],[-119.86736,38.45219],[-119.86767,38.45216],[-119.86854,38.45134],[-119.86897,38.45056],[-119.86978,38.45025],[-119.86988,38.45007],[-119.87205,38.44944],[-119.87316,38.44957],[-119.87364,38.44923],[-119.87375,38.44958],[-119.87371,38.45049],[-119.87279,38.45079],[-119.87279,38.45116],[-119.87368,38.45144],[-119.87452,38.45148],[-119.87449,38.45205],[-119.87472,38.45259],[-119.87447,38.45261],[-119.8744,38.45276],[-119.87465,38.45308],[-119.87464,38.45335],[-119.875,38.45373],[-119.87536,38.45363],[-119.87571,38.45375],[-119.87569,38.45402],[-119.87608,38.45412],[-119.87617,38.45434],[-119.87635,38.45427],[-119.87634,38.45447],[-119.87649,38.45463],[-119.87652,38.45495],[-119.87608,38.4557],[-119.87625,38.45584],[-119.87637,38.45637],[-119.87617,38.45681],[-119.87637,38.4573],[-119.87632,38.45789],[-119.87625,38.45824],[-119.87568,38.45877],[-119.87581,38.45959],[-119.87571,38.46014],[-119.87586,38.46065],[-119.87546,38.46099],[-119.87563,38.46156],[-119.87588,38.46187],[-119.87542,38.46237],[-119.87541,38.46255],[-119.87525,38.46261],[-119.87573,38.46378],[-119.87726,38.4651],[-119.87745,38.46625],[-119.87732,38.4666],[-119.87521,38.46799],[-119.87495,38.46828],[-119.87475,38.46899],[-119.8748,38.46951],[-119.87391,38.47005],[-119.87321,38.47087],[-119.87207,38.47171],[-119.87222,38.47208],[-119.87174,38.473],[-119.87118,38.47336],[-119.86994,38.47359],[-119.86916,38.47399],[-119.8685,38.47453],[-119.86858,38.47484],[-119.86773,38.47534],[-119.86693,38.47675],[-119.86602,38.47647],[-119.86521,38.47596],[-119.86462,38.47534],[-119.8637,38.4753],[-119.86301,38.47543],[-119.86175,38.47513],[-119.86053,38.47446],[-119.86016,38.474],[-119.86028,38.47314],[-119.85981,38.47285],[-119.85885,38.47275],[-119.85872,38.47263],[-119.85855,38.47294],[-119.85798,38.47319],[-119.85787,38.4734],[-119.85624,38.47364],[-119.85602,38.4734],[-119.85598,38.47308],[-119.85554,38.47315],[-119.85546,38.47301],[-119.85563,38.47289],[-119.85556,38.47275],[-119.85517,38.47279],[-119.85505,38.47265],[-119.85426,38.47281],[-119.85246,38.47396],[-119.85241,38.47416],[-119.85179,38.47442],[-119.85179,38.47631],[-119.8513,38.47916],[-119.85,38.48122],[-119.84878,38.48186],[-119.84722,38.48205],[-119.8465,38.482],[-119.84614,38.48164],[-119.84389,38.4811],[-119.84391,38.47969],[-119.84353,38.47937],[-119.84358,38.47901],[-119.84323,38.47864],[-119.84293,38.47854],[-119.84259,38.478],[-119.84189,38.47729],[-119.84104,38.47682],[-119.84064,38.47633],[-119.84064,38.47547],[-119.84098,38.4747],[-119.84119,38.47337],[-119.84186,38.4718],[-119.84187,38.47078],[-119.8417,38.47009],[-119.84471,38.46844],[-119.84575,38.46801],[-119.84717,38.46798],[-119.84777,38.46756],[-119.84897,38.46628],[-119.84951,38.46548],[-119.84948,38.46527],[-119.84975,38.46493],[-119.84989,38.46439],[-119.85003,38.46444],[-119.85226,38.46342],[-119.85464,38.4618]]]},"properties":{"fire_id":"ufid:2021-CASTF-001280","source_collection":"history-2021","source_objectid":13763,"incident_name":"HENRY","mapped_acres":1334.4447005090851,"mapped_acres_source":"poly_Acres_AutoCalc_fallback","gis_acres":null,"auto_acres":1334.4447005090851,"reported_acres":1320.0,"percent_contained":null,"state":"CA","state_wfigs":"US-CA","county":"Alpine","discovery_time_utc":"2021-06-25T20:44:11Z","perimeter_time_utc":null,"perimeter_edit_time_utc":"2023-03-14T15:13:42Z","incident_modified_time_utc":"2022-01-10T22:23:25Z","containment_time_utc":"2021-07-26T23:00:00Z","control_time_utc":"2021-08-18T19:27:00Z","fire_out_time_utc":"2021-10-26T16:05:00Z","fire_cause":"Natural","fire_cause_general":"Natural","map_method":"Hand Sketch","source_dataset":"FFP","unique_fire_identifier":"2021-CASTF-001280","irwin_id":"{31F08AE4-4DD2-4A8E-BFDD-779C552DF2A2}","global_id":"da7dfe03-abb5-4291-a7a4-a987d28708df"}},{"type":"Feature","geometry":{"type":"MultiPolygon","coordinates":[[[[-118.55663,36.34536],[-118.55637,36.34542],[-118.55618,36.34573],[-118.55511,36.34605],[-118.55453,36.34597],[-118.55396,36.34567],[-118.55358,36.34581],[-118.55318,36.34543],[-118.55329,36.34535],[-118.55277,36.34517],[-118.55288,36.34473],[-118.55267,36.34497],[-118.55225,36.34482],[-118.55225,36.34467],[-118.55296,36.3445],[-118.55294,36.34433],[-118.55285,36.34417],[-118.5525,36.34449],[-118.55226,36.34452],[-118.55251,36.34402],[-118.55215,36.34377],[-118.5518,36.34379],[-118.55166,36.34364],[-118.55179,36.34351],[-118.55153,36.34324],[-118.55205,36.34223],[-118.55174,36.34186],[-118.55205,36.34161],[-118.55176,36.34132],[-118.55243,36.3405],[-118.55243,36.33998],[-118.55224,36.33965],[-118.55153,36.33902],[-118.5509,36.33888],[-118.55079,36.33864],[-118.5502,36.33848],[-118.54973,36.3381],[-118.54881,36.33841],[-118.54852,36.3382],[-118.54823,36.33819],[-118.54802,36.33827],[-118.54796,36.33844],[-118.54726,36.33864],[-118.54739,36.3388],[-118.54826,36.33896],[-118.54843,36.33923],[-118.54792,36.33946],[-118.54781,36.33968],[-118.54641,36.34003],[-118.54632,36.3402],[-118.54569,36.34014],[-118.54527,36.34065],[-118.54573,36.34089],[-118.54518,36.34162],[-118.54566,36.34156],[-118.54625,36.34179],[-118.54638,36.34199],[-118.54647,36.34188],[-118.54636,36.3416],[-118.5465,36.34156],[-118.54665,36.34164],[-118.54671,36.34188],[-118.54712,36.34184],[-118.54706,36.34203],[-118.54721,36.34207],[-118.5472,36.34225],[-118.54701,36.34222],[-118.54683,36.34248],[-118.54697,36.34262],[-118.54696,36.3429],[-118.54674,36.343],[-118.54582,36.34284],[-118.54567,36.34292],[-118.54589,36.34296],[-118.54572,36.34322],[-118.54549,36.34315],[-118.54526,36.34344],[-118.54458,36.34341],[-118.54391,36.34368],[-118.54369,36.34361],[-118.54367,36.34345],[-118.54388,36.34331],[-118.5439,36.34295],[-118.543,36.34236],[-118.54298,36.34184],[-118.54236,36.342],[-118.54215,36.34189],[-118.54186,36.34141],[-118.54194,36.34104],[-118.54277,36.34089],[-118.54264,36.34069],[-118.542,36.34064],[-118.54198,36.34047],[-118.54147,36.33988],[-118.54108,36.33984],[-118.54068,36.33901],[-118.5403,36.33893],[-118.53955,36.33809],[-118.53865,36.33781],[-118.53854,36.33741],[-118.53882,36.33719],[-118.5382,36.33711],[-118.53788,36.33681],[-118.53766,36.33704],[-118.53791,36.33734],[-118.53772,36.33794],[-118.53743,36.33819],[-118.53747,36.33845],[-118.53732,36.33859],[-118.53691,36.33825],[-118.53686,36.33846],[-118.53667,36.33842],[-118.53661,36.33866],[-118.53641,36.33864],[-118.53616,36.33838],[-118.5361,36.33805],[-118.53566,36.3384],[-118.53555,36.33931],[-118.53522,36.33896],[-118.53444,36.33934],[-118.53404,36.33922],[-118.53276,36.33957],[-118.53254,36.33983],[-118.53261,36.34013],[-118.53282,36.34029],[-118.53259,36.34062],[-118.5327,36.34073],[-118.53258,36.34084],[-118.53275,36.34104],[-118.53266,36.34115],[-118.53276,36.34135],[-118.53255,36.3414],[-118.53274,36.34152],[-118.53271,36.34169],[-118.53234,36.34139],[-118.5321,36.34142],[-118.53227,36.34121],[-118.5323,36.34091],[-118.53196,36.34035],[-118.53149,36.34039],[-118.53145,36.34052],[-118.53119,36.34044],[-118.53119,36.3403],[-118.53087,36.34021],[-118.53099,36.34012],[-118.53058,36.33992],[-118.53055,36.33977],[-118.53077,36.33969],[-118.53104,36.34],[-118.53133,36.34008],[-118.53162,36.33998],[-118.53181,36.34013],[-118.53194,36.33984],[-118.53254,36.33953],[-118.53246,36.33934],[-118.53212,36.33951],[-118.53195,36.33945],[-118.53194,36.33919],[-118.53162,36.33919],[-118.53159,36.33938],[-118.53143,36.33935],[-118.53124,36.33876],[-118.53148,36.33842],[-118.53126,36.33834],[-118.53125,36.33804],[-118.53175,36.33811],[-118.53173,36.33767],[-118.53159,36.33758],[-118.53208,36.3374],[-118.53215,36.33666],[-118.53113,36.33644],[-118.53121,36.3362],[-118.53148,36.33623],[-118.53136,36.33595],[-118.53148,36.33578],[-118.53164,36.33579],[-118.53165,36.33612],[-118.53192,36.33621],[-118.53186,36.33595],[-118.53199,36.33582],[-118.53202,36.33536],[-118.53181,36.33526],[-118.53175,36.33507],[-118.53049,36.33482],[-118.53044,36.33434],[-118.53021,36.33402],[-118.52987,36.33393],[-118.52982,36.33363],[-118.52948,36.3335],[-118.52936,36.33313],[-118.52953,36.33291],[-118.53021,36.33315],[-118.52906,36.332],[-118.52952,36.33188],[-118.53007,36.33202],[-118.53001,36.3317],[-118.53054,36.33165],[-118.53075,36.33127],[-118.53022,36.33083],[-118.53049,36.33051],[-118.52983,36.32988],[-118.52949,36.32996],[-118.52953,36.33012],[-118.52993,36.3303],[-118.52994,36.33066],[-118.52973,36.33069],[-118.52933,36.33063],[-118.52953,36.33049],[-118.52924,36.33036],[-118.52872,36.32975],[-118.52879,36.32921],[-118.52856,36.32914],[-118.52868,36.329],[-118.52878,36.32795],[-118.52939,36.32775],[-118.52928,36.32753],[-118.52947,36.32731],[-118.5296,36.32728],[-118.52976,36.32756],[-118.53039,36.32758],[-118.53095,36.32807],[-118.53082,36.32818],[-118.53089,36.32827],[-118.53099,36.32814],[-118.53131,36.32829],[-118.53147,36.32821],[-118.5314,36.32791],[-118.53166,36.32801],[-118.53167,36.32841],[-118.53181,36.32856],[-118.53162,36.32862],[-118.5318,36.32894],[-118.53166,36.32912],[-118.53121,36.32884],[-118.53125,36.32931],[-118.53226,36.32935],[-118.53232,36.32958],[-118.53331,36.32967],[-118.53351,36.3301],[-118.53414,36.33012],[-118.53424,36.33039],[-118.53395,36.33072],[-118.53408,36.33093],[-118.53377,36.33103],[-118.53401,36.33124],[-118.53465,36.33143],[-118.53502,36.33237],[-118.53567,36.33215],[-118.53655,36.33241],[-118.53704,36.33201],[-118.53729,36.33202],[-118.53743,36.3323],[-118.53724,36.33254],[-118.53736,36.33298],[-118.53774,36.33297],[-118.5383,36.33265],[-118.53846,36.33273],[-118.53835,36.33295],[-118.53844,36.3331],[-118.53898,36.33305],[-118.5395,36.33329],[-118.53926,36.3331],[-118.53929,36.33286],[-118.53981,36.33305],[-118.53976,36.33278],[-118.53996,36.33253],[-118.54055,36.33255],[-118.54056,36.33304],[-118.54028,36.33357],[-118.54175,36.33355],[-118.54203,36.33345],[-118.54356,36.3337],[-118.54437,36.33363],[-118.54456,36.33244],[-118.54421,36.33233],[-118.54415,36.33217],[-118.54323,36.33197],[-118.54294,36.33206],[-118.54289,36.33243],[-118.54257,36.33255],[-118.54187,36.33236],[-118.54167,36.33219],[-118.54174,36.33176],[-118.54134,36.33188],[-118.5396,36.33062],[-118.53849,36.32914],[-118.5385,36.32865],[-118.53829,36.32857],[-118.53795,36.32857],[-118.53792,36.32883],[-118.5376,36.32883],[-118.53725,36.32855],[-118.5371,36.32875],[-118.53623,36.32888],[-118.53646,36.32928],[-118.53624,36.32933],[-118.53589,36.32871],[-118.53476,36.32842],[-118.53463,36.32867],[-118.53429,36.32886],[-118.53424,36.32909],[-118.53381,36.32943],[-118.53325,36.32939],[-118.53282,36.32956],[-118.5328,36.32923],[-118.53259,36.32903],[-118.53266,36.32865],[-118.53249,36.3286],[-118.53292,36.32835],[-118.53293,36.32795],[-118.53233,36.32763],[-118.53234,36.32748],[-118.53253,36.3273],[-118.53243,36.32714],[-118.53292,36.32705],[-118.5331,36.32688],[-118.53299,36.32642],[-118.53327,36.3261],[-118.53254,36.32607],[-118.53239,36.32583],[-118.53206,36.32583],[-118.532,36.32559],[-118.53243,36.32558],[-118.53258,36.32546],[-118.53239,36.32533],[-118.53209,36.32545],[-118.53119,36.32503],[-118.53091,36.32444],[-118.53014,36.32426],[-118.52986,36.32381],[-118.5298,36.32332],[-118.53059,36.3227],[-118.53148,36.32236],[-118.53156,36.32196],[-118.53184,36.32184],[-118.53213,36.32197],[-118.53241,36.32274],[-118.53316,36.32292],[-118.53412,36.32355],[-118.53475,36.32367],[-118.53474,36.32356],[-118.53502,36.32351],[-118.5353,36.323],[-118.53567,36.32309],[-118.53566,36.32288],[-118.53635,36.32285],[-118.53657,36.32334],[-118.53629,36.32352],[-118.53682,36.32345],[-118.53702,36.32322],[-118.53751,36.32311],[-118.53763,36.32284],[-118.5384,36.32284],[-118.53852,36.32301],[-118.53878,36.32294],[-118.53911,36.32267],[-118.53893,36.32209],[-118.53804,36.32045],[-118.53854,36.31968],[-118.53874,36.31821],[-118.53931,36.31754],[-118.53755,36.31758],[-118.53696,36.31703],[-118.53564,36.31684],[-118.5353,36.31662],[-118.53487,36.31819],[-118.53379,36.31959],[-118.53345,36.31964],[-118.53336,36.31922],[-118.53282,36.31912],[-118.53256,36.31834],[-118.53191,36.31834],[-118.53101,36.31888],[-118.52969,36.31912],[-118.52777,36.31825],[-118.52776,36.31804],[-118.52713,36.31784],[-118.52678,36.31818],[-118.52678,36.31888],[-118.52691,36.31897],[-118.52653,36.31928],[-118.52646,36.31916],[-118.52632,36.31923],[-118.52623,36.3196],[-118.52588,36.3196],[-118.52556,36.31986],[-118.52538,36.31968],[-118.52531,36.31989],[-118.52509,36.31977],[-118.52516,36.31961],[-118.52499,36.31938],[-118.52581,36.31926],[-118.52582,36.31901],[-118.52515,36.31874],[-118.52442,36.31874],[-118.52418,36.31901],[-118.5246,36.31987],[-118.52385,36.31976],[-118.52301,36.31877],[-118.52293,36.31827],[-118.52333,36.31793],[-118.52215,36.31703],[-118.52212,36.31682],[-118.52133,36.31699],[-118.52195,36.3166],[-118.52162,36.31589],[-118.52201,36.31541],[-118.52299,36.31511],[-118.52428,36.31532],[-118.52383,36.31441],[-118.524,36.31332],[-118.52372,36.31324],[-118.5236,36.31368],[-118.52322,36.31361],[-118.52314,36.31409],[-118.5222,36.31415],[-118.52206,36.31401],[-118.52189,36.31416],[-118.5218,36.31407],[-118.52192,36.31389],[-118.52128,36.31366],[-118.52105,36.31215],[-118.52131,36.3117],[-118.52139,36.30959],[-118.52086,36.30934],[-118.52109,36.30715],[-118.52082,36.307],[-118.52092,36.30689],[-118.52078,36.30635],[-118.5206,36.30612],[-118.52018,36.30594],[-118.51984,36.30516],[-118.51942,36.30478],[-118.5194,36.30449],[-118.52014,36.30451],[-118.52082,36.3043],[-118.52085,36.30389],[-118.52043,36.3036],[-118.51992,36.30361],[-118.51969,36.30402],[-118.51934,36.30374],[-118.51897,36.30301],[-118.51889,36.3025],[-118.51894,36.30158],[-118.51942,36.30115],[-118.52014,36.30095],[-118.52032,36.30064],[-118.51968,36.30034],[-118.51978,36.30024],[-118.51939,36.30016],[-118.51921,36.30035],[-118.51888,36.30029],[-118.51871,36.30039],[-118.51837,36.30005],[-118.5185,36.29985],[-118.51793,36.29973],[-118.51747,36.29992],[-118.51728,36.29987],[-118.51706,36.29957],[-118.5174,36.29907],[-118.51744,36.29877],[-118.51776,36.29862],[-118.51772,36.29844],[-118.5171,36.29861],[-118.51607,36.29921],[-118.51567,36.2993],[-118.51526,36.29904],[-118.51524,36.29878],[-118.51454,36.29882],[-118.51453,36.2985],[-118.51426,36.29835],[-118.51431,36.29819],[-118.51357,36.29796],[-118.51371,36.29753],[-118.51403,36.29735],[-118.51362,36.29636],[-118.51371,36.29611],[-118.51296,36.29574],[-118.51107,36.29586],[-118.51037,36.29535],[-118.50986,36.29443],[-118.50807,36.29269],[-118.50768,36.29177],[-118.50648,36.29112],[-118.50671,36.29071],[-118.50714,36.29031],[-118.50817,36.28997],[-118.51058,36.28995],[-118.51103,36.28974],[-118.51263,36.29037],[-118.51335,36.29043],[-118.51406,36.29023],[-118.51441,36.28989],[-118.51486,36.28988],[-118.51487,36.28961],[-118.51521,36.2895],[-118.51536,36.28918],[-118.51575,36.28908],[-118.51578,36.28872],[-118.51651,36.28787],[-118.51679,36.2879],[-118.51719,36.28844],[-118.51756,36.28826],[-118.51748,36.2877],[-118.51779,36.28733],[-118.51824,36.28737],[-118.5185,36.28714],[-118.5198,36.287],[-118.52019,36.28712],[-118.52015,36.28751],[-118.52033,36.28786],[-118.52019,36.28788],[-118.5201,36.28834],[-118.52024,36.28851],[-118.52021,36.28872],[-118.52003,36.28879],[-118.51996,36.28927],[-118.52009,36.28929],[-118.52019,36.28914],[-118.52023,36.28931],[-118.52061,36.28941],[-118.5204,36.29],[-118.52059,36.29007],[-118.52057,36.29029],[-118.52089,36.29046],[-118.52151,36.28876],[-118.52182,36.28826],[-118.52366,36.28829],[-118.52459,36.28684],[-118.52428,36.28642],[-118.52342,36.28643],[-118.52295,36.28546],[-118.52301,36.28502],[-118.52357,36.28422],[-118.52349,36.28307],[-118.52216,36.28203],[-118.52198,36.2816],[-118.52131,36.28177],[-118.52121,36.2813],[-118.52157,36.28115],[-118.52192,36.28023],[-118.52108,36.27917],[-118.52128,36.27819],[-118.52071,36.27789],[-118.52077,36.27757],[-118.52109,36.27723],[-118.52102,36.27711],[-118.5207,36.27738],[-118.51994,36.27766],[-118.51919,36.27762],[-118.51902,36.27786],[-118.51851,36.278],[-118.51838,36.27793],[-118.51833,36.27736],[-118.5181,36.277],[-118.5181,36.27657],[-118.51823,36.27642],[-118.51801,36.27582],[-118.51813,36.27526],[-118.51873,36.27465],[-118.51739,36.27448],[-118.51725,36.27462],[-118.51659,36.27475],[-118.51587,36.27477],[-118.51578,36.27457],[-118.51581,36.27405],[-118.51627,36.27397],[-118.51634,36.27366],[-118.51681,36.27351],[-118.51738,36.27385],[-118.51875,36.27334],[-118.51888,36.27313],[-118.51869,36.27294],[-118.51874,36.27105],[-118.51851,36.27046],[-118.51705,36.26991],[-118.51853,36.26863],[-118.51847,36.26767],[-118.51761,36.26746],[-118.5149,36.26985],[-118.51164,36.2696],[-118.51143,36.26876],[-118.51005,36.26889],[-118.51034,36.26752],[-118.51063,36.26714],[-118.51309,36.26694],[-118.51401,36.26617],[-118.51415,36.26548],[-118.51514,36.26482],[-118.51706,36.26392],[-118.51761,36.26437],[-118.51773,36.26507],[-118.51901,36.26649],[-118.51962,36.26604],[-118.52162,36.26512],[-118.52146,36.26409],[-118.5221,36.26378],[-118.52564,36.26431],[-118.52637,36.26468],[-118.52685,36.2653],[-118.52735,36.26533],[-118.52771,36.26508],[-118.52879,36.26487],[-118.52894,36.26653],[-118.53031,36.26615],[-118.53014,36.26594],[-118.53017,36.26562],[-118.53129,36.26532],[-118.53195,36.26497],[-118.53328,36.26466],[-118.53402,36.26482],[-118.53424,36.26469],[-118.53459,36.26372],[-118.53476,36.26273],[-118.53496,36.26255],[-118.53561,36.26242],[-118.53717,36.26294],[-118.53802,36.26298],[-118.53854,36.26345],[-118.53937,36.26312],[-118.54103,36.26351],[-118.54143,36.2638],[-118.54247,36.26371],[-118.54276,36.26469],[-118.54362,36.26484],[-118.54373,36.26515],[-118.54359,36.26563],[-118.54255,36.26592],[-118.54193,36.26564],[-118.54181,36.26538],[-118.54145,36.2662],[-118.54209,36.26635],[-118.54213,36.26668],[-118.54138,36.26685],[-118.54279,36.26711],[-118.54289,36.26738],[-118.54242,36.26764],[-118.54272,36.26828],[-118.54337,36.26815],[-118.54398,36.26849],[-118.54428,36.26939],[-118.54394,36.27001],[-118.54498,36.272],[-118.5461,36.27214],[-118.54711,36.27258],[-118.54731,36.27308],[-118.54798,36.2736],[-118.54839,36.27439],[-118.54859,36.27535],[-118.54958,36.27604],[-118.54997,36.27563],[-118.55169,36.27516],[-118.55366,36.2751],[-118.55416,36.2757],[-118.55491,36.27625],[-118.55426,36.2776],[-118.55436,36.27848],[-118.55631,36.27729],[-118.55667,36.2778],[-118.55874,36.27839],[-118.5596,36.28018],[-118.5581,36.28276],[-118.55909,36.28345],[-118.55871,36.28488],[-118.55805,36.28495],[-118.55774,36.28542],[-118.5576,36.28666],[-118.55792,36.28714],[-118.55784,36.28772],[-118.5574,36.28844],[-118.55688,36.28858],[-118.55678,36.28975],[-118.55691,36.29046],[-118.55608,36.29019],[-118.55407,36.29],[-118.55438,36.29036],[-118.55441,36.29087],[-118.55511,36.29139],[-118.55425,36.29154],[-118.55391,36.29213],[-118.55442,36.29258],[-118.55429,36.2929],[-118.55452,36.29337],[-118.55518,36.29298],[-118.55646,36.29314],[-118.55696,36.29345],[-118.55697,36.29461],[-118.55726,36.29501],[-118.55853,36.29454],[-118.55895,36.29423],[-118.55923,36.2947],[-118.55906,36.29646],[-118.55966,36.29635],[-118.55974,36.29719],[-118.5602,36.29731],[-118.56056,36.29764],[-118.56173,36.29791],[-118.56219,36.29878],[-118.56319,36.299],[-118.56445,36.29996],[-118.56477,36.29949],[-118.56575,36.29899],[-118.56589,36.29872],[-118.56644,36.29844],[-118.56668,36.29755],[-118.56693,36.29744],[-118.56739,36.29758],[-118.56723,36.29695],[-118.56738,36.29665],[-118.56805,36.29693],[-118.56883,36.29688],[-118.56953,36.29601],[-118.57047,36.29669],[-118.57129,36.2964],[-118.5733,36.29679],[-118.5733,36.29665],[-118.57341,36.2968],[-118.57426,36.29691],[-118.57487,36.29731],[-118.5754,36.29824],[-118.57525,36.29886],[-118.57585,36.29942],[-118.57693,36.2989],[-118.57852,36.29883],[-118.57925,36.29866],[-118.57979,36.29884],[-118.57992,36.29903],[-118.57982,36.29932],[-118.58028,36.29946],[-118.58071,36.29914],[-118.58123,36.2991],[-118.58124,36.29864],[-118.58157,36.29849],[-118.58184,36.29867],[-118.5819,36.29909],[-118.58234,36.29896],[-118.58269,36.29901],[-118.58311,36.29938],[-118.58342,36.29929],[-118.58386,36.29977],[-118.58447,36.3],[-118.58425,36.30049],[-118.58328,36.30049],[-118.58319,36.30059],[-118.5819,36.30057],[-118.5813,36.30035],[-118.58013,36.30024],[-118.5791,36.30045],[-118.57848,36.30115],[-118.57831,36.30154],[-118.57642,36.30195],[-118.57678,36.30214],[-118.57644,36.30216],[-118.57618,36.30201],[-118.576,36.30208],[-118.57594,36.3023],[-118.57585,36.30212],[-118.57501,36.30203],[-118.57525,36.30235],[-118.57516,36.30305],[-118.57475,36.30305],[-118.57474,36.30321],[-118.57448,36.30328],[-118.57436,36.30284],[-118.57378,36.30327],[-118.57365,36.30313],[-118.5734,36.30314],[-118.57347,36.303],[-118.57332,36.30275],[-118.5732,36.30269],[-118.57306,36.30282],[-118.57303,36.30257],[-118.57324,36.30243],[-118.57313,36.30232],[-118.57307,36.30248],[-118.57296,36.30244],[-118.57291,36.30216],[-118.57257,36.3022],[-118.57249,36.30201],[-118.57209,36.30203],[-118.57131,36.30169],[-118.57113,36.30186],[-118.57069,36.30173],[-118.57075,36.30146],[-118.56967,36.30128],[-118.56914,36.30184],[-118.56793,36.30204],[-118.56771,36.30319],[-118.56779,36.30403],[-118.56726,36.30417],[-118.56679,36.30401],[-118.56621,36.30576],[-118.56638,36.3059],[-118.56703,36.306],[-118.56722,36.30646],[-118.56735,36.30649],[-118.56762,36.30652],[-118.56785,36.30612],[-118.56803,36.30615],[-118.56807,36.30644],[-118.56836,36.30686],[-118.56837,36.30723],[-118.5699,36.30713],[-118.56985,36.30687],[-118.57061,36.30668],[-118.57087,36.307],[-118.57189,36.30685],[-118.57251,36.30723],[-118.57285,36.30723],[-118.5732,36.30694],[-118.57351,36.30705],[-118.57354,36.30729],[-118.57377,36.30722],[-118.57387,36.30764],[-118.57326,36.30786],[-118.57322,36.30811],[-118.57261,36.30815],[-118.57233,36.30938],[-118.57192,36.30977],[-118.57087,36.30986],[-118.57007,36.31049],[-118.56981,36.31118],[-118.56922,36.31137],[-118.56921,36.31151],[-118.56894,36.31146],[-118.56901,36.31198],[-118.5698,36.31164],[-118.57012,36.31133],[-118.57085,36.3113],[-118.571,36.31147],[-118.57028,36.31188],[-118.57078,36.31203],[-118.57063,36.3123],[-118.57048,36.31227],[-118.56971,36.31273],[-118.5701,36.31284],[-118.57006,36.31293],[-118.57053,36.31339],[-118.57055,36.31389],[-118.57071,36.31417],[-118.57123,36.31444],[-118.57114,36.31509],[-118.57141,36.31525],[-118.57202,36.31518],[-118.57412,36.3155],[-118.57665,36.31525],[-118.57734,36.3154],[-118.57749,36.31514],[-118.5782,36.31515],[-118.57834,36.31489],[-118.5787,36.31495],[-118.57891,36.31543],[-118.57879,36.31592],[-118.57916,36.3162],[-118.57986,36.3171],[-118.58064,36.31739],[-118.58072,36.31768],[-118.58062,36.31782],[-118.57997,36.31808],[-118.57943,36.31799],[-118.57921,36.31881],[-118.57989,36.31921],[-118.58014,36.3197],[-118.58,36.32001],[-118.58035,36.32039],[-118.58048,36.3212],[-118.5798,36.32155],[-118.57983,36.32191],[-118.57969,36.32223],[-118.57914,36.32269],[-118.57889,36.32324],[-118.57931,36.32337],[-118.57949,36.32381],[-118.57911,36.32413],[-118.57844,36.32416],[-118.57815,36.32452],[-118.5786,36.32481],[-118.57829,36.32604],[-118.5787,36.32696],[-118.57868,36.3276],[-118.57857,36.32846],[-118.57798,36.32946],[-118.57778,36.33041],[-118.57779,36.3329],[-118.57738,36.33406],[-118.57798,36.33514],[-118.5783,36.33524],[-118.57859,36.33567],[-118.57943,36.33601],[-118.57961,36.33682],[-118.58013,36.33712],[-118.57974,36.33759],[-118.58008,36.3377],[-118.58009,36.33794],[-118.5799,36.33804],[-118.58089,36.33807],[-118.58089,36.33796],[-118.58123,36.33796],[-118.58142,36.33838],[-118.58167,36.33845],[-118.58184,36.33834],[-118.58204,36.33848],[-118.58189,36.33873],[-118.58202,36.33877],[-118.582,36.33912],[-118.58169,36.33923],[-118.58166,36.33954],[-118.58136,36.33974],[-118.58151,36.34078],[-118.5819,36.3412],[-118.58224,36.34126],[-118.58226,36.34103],[-118.58241,36.34091],[-118.58281,36.34092],[-118.58283,36.34114],[-118.58304,36.34112],[-118.58313,36.34142],[-118.58278,36.34178],[-118.58327,36.34199],[-118.58365,36.34193],[-118.58356,36.34235],[-118.58368,36.3426],[-118.58296,36.3425],[-118.58292,36.34224],[-118.58238,36.34191],[-118.5818,36.34209],[-118.58142,36.34428],[-118.58078,36.34518],[-118.57965,36.34602],[-118.57882,36.34726],[-118.57794,36.34754],[-118.57715,36.34829],[-118.57613,36.34846],[-118.57589,36.34917],[-118.57458,36.34988],[-118.574,36.35122],[-118.5728,36.35158],[-118.57267,36.35146],[-118.56989,36.35128],[-118.56912,36.35156],[-118.56873,36.3515],[-118.56867,36.35108],[-118.56809,36.351],[-118.5681,36.35069],[-118.56709,36.34909],[-118.56591,36.34949],[-118.56574,36.35004],[-118.56552,36.35021],[-118.56442,36.35029],[-118.56385,36.35053],[-118.5635,36.3505],[-118.56338,36.35027],[-118.56232,36.34986],[-118.55993,36.35012],[-118.55909,36.34995],[-118.55837,36.34896],[-118.5581,36.34833],[-118.55771,36.34825],[-118.55704,36.34787],[-118.55684,36.34756],[-118.55743,36.34736],[-118.55709,36.34638],[-118.55776,36.34534],[-118.55833,36.3455],[-118.55851,36.34521],[-118.55913,36.3449],[-118.5589,36.34419],[-118.55873,36.34397],[-118.55851,36.34419],[-118.55786,36.34414],[-118.55749,36.34428],[-118.55728,36.34479],[-118.55652,36.34502],[-118.55663,36.34536]]],[[[-118.50812,36.27661],[-118.50927,36.27614],[-118.51005,36.27632],[-118.51074,36.27587],[-118.51229,36.27591],[-118.51263,36.27723],[-118.51218,36.27837],[-118.51087,36.2787],[-118.50971,36.27871],[-118.50877,36.27835],[-118.50806,36.27792],[-118.50789,36.2771],[-118.50812,36.27661]]],[[[-118.52903,36.32072],[-118.52971,36.32053],[-118.53022,36.32084],[-118.52999,36.32197],[-118.52953,36.32211],[-118.52771,36.32191],[-118.52784,36.32146],[-118.52903,36.32072]]],[[[-118.53447,36.32269],[-118.53434,36.32286],[-118.53403,36.32291],[-118.53366,36.32257],[-118.533,36.32274],[-118.53334,36.32086],[-118.53376,36.32052],[-118.53413,36.32061],[-118.53419,36.32105],[-118.53397,36.32214],[-118.53447,36.32269]]],[[[-118.54836,36.33949],[-118.54884,36.33933],[-118.54904,36.33947],[-118.549,36.34005],[-118.54929,36.34073],[-118.5489,36.34153],[-118.54916,36.34204],[-118.54859,36.34236],[-118.54839,36.34223],[-118.54846,36.34191],[-118.54806,36.34157],[-118.54821,36.34147],[-118.54792,36.34108],[-118.54853,36.34083],[-118.54875,36.3403],[-118.5486,36.3399],[-118.54839,36.33983],[-118.54855,36.33974],[-118.54836,36.33949]]],[[[-118.57362,36.29397],[-118.57438,36.2939],[-118.5748,36.29405],[-118.57482,36.29462],[-118.5742,36.2948],[-118.57346,36.29439],[-118.57362,36.29397]]],[[[-118.54866,36.34041],[-118.54835,36.3408],[-118.54801,36.34084],[-118.548,36.3402],[-118.54863,36.34019],[-118.54866,36.34041]]],[[[-118.56959,36.3576],[-118.56982,36.35757],[-118.56993,36.35775],[-118.56978,36.35812],[-118.5692,36.35807],[-118.56959,36.3576]]],[[[-118.56189,36.35271],[-118.56225,36.35267],[-118.56246,36.35285],[-118.56241,36.35317],[-118.5619,36.35314],[-118.56189,36.35271]]],[[[-118.5833,36.34489],[-118.58302,36.34504],[-118.58267,36.34487],[-118.58265,36.34442],[-118.58303,36.34453],[-118.5833,36.34489]]],[[[-118.54805,36.34142],[-118.54799,36.34175],[-118.54743,36.34178],[-118.54751,36.34165],[-118.54739,36.34168],[-118.54737,36.34152],[-118.54772,36.34135],[-118.54805,36.34142]]],[[[-118.55044,36.34069],[-118.55057,36.34097],[-118.55011,36.34101],[-118.55003,36.34077],[-118.55044,36.34069]]],[[[-118.55115,36.34304],[-118.55089,36.3432],[-118.55062,36.34292],[-118.551,36.34276],[-118.55115,36.34304]]],[[[-118.56047,36.29634],[-118.56073,36.29633],[-118.56058,36.29678],[-118.56037,36.29647],[-118.56047,36.29634]]],[[[-118.57052,36.30291],[-118.57023,36.3029],[-118.57006,36.30265],[-118.57046,36.30268],[-118.57052,36.30291]]],[[[-118.57621,36.35072],[-118.57636,36.35084],[-118.57597,36.35092],[-118.57621,36.35072]]],[[[-118.54998,36.34167],[-118.55025,36.34174],[-118.55012,36.34192],[-118.54998,36.34187],[-118.54998,36.34167]]],[[[-118.55012,36.33985],[-118.54995,36.33988],[-118.54987,36.33976],[-118.5501,36.33972],[-118.55012,36.33985]]],[[[-118.54384,36.3332],[-118.54407,36.33323],[-118.54382,36.33333],[-118.54384,36.3332]]],[[[-118.57929,36.35344],[-118.57942,36.35352],[-118.57933,36.35355],[-118.57929,36.35344]]],[[[-118.57145,36.30444],[-118.57139,36.30455],[-118.57136,36.3044],[-118.57145,36.30444]]],[[[-118.52242,36.26306],[-118.52249,36.26303],[-118.52251,36.26312],[-118.52242,36.26306]]]]},"properties":{"fire_id":"ufid:2021-CASQF-002758","source_collection":"history-2021","source_objectid":13818,"incident_name":"Walkers","mapped_acres":8776.86,"mapped_acres_source":"poly_GISAcres","gis_acres":8776.86,"auto_acres":8778.75135924596,"reported_acres":8778.0,"percent_contained":null,"state":"CA","state_wfigs":"US-CA","county":"Tulare","discovery_time_utc":"2021-08-15T18:23:00Z","perimeter_time_utc":"2021-09-08T19:25:00Z","perimeter_edit_time_utc":"2023-03-14T15:13:42Z","incident_modified_time_utc":"2021-12-20T17:33:19Z","containment_time_utc":"2021-09-18T02:18:00Z","control_time_utc":"2021-12-08T18:30:00Z","fire_out_time_utc":"2021-12-20T18:00:00Z","fire_cause":"Natural","fire_cause_general":"Natural","map_method":"Mixed Methods","source_dataset":"FFP","unique_fire_identifier":"2021-CASQF-002758","irwin_id":"{751BAEA9-D0BC-43AF-AE3E-34CBFB059110}","global_id":"342e9376-9517-4eb1-840b-0d4df9e8ef05"}},{"type":"Feature","geometry":{"type":"Polygon","coordinates":[[[-115.73806,35.36132],[-115.73665,35.36099],[-115.73615,35.36055],[-115.7361,35.36014],[-115.7365,35.35911],[-115.73626,35.35864],[-115.73571,35.35823],[-115.73407,35.35739],[-115.73223,35.35611],[-115.73158,35.3553],[-115.73063,35.35348],[-115.73076,35.35293],[-115.73153,35.3524],[-115.73179,35.35191],[-115.73194,35.34953],[-115.7318,35.34859],[-115.73189,35.34797],[-115.73221,35.34738],[-115.73297,35.34695],[-115.73358,35.34696],[-115.73411,35.34731],[-115.73442,35.34798],[-115.73458,35.34876],[-115.73444,35.3501],[-115.73358,35.35193],[-115.73366,35.35247],[-115.7341,35.35287],[-115.73626,35.35312],[-115.73699,35.35349],[-115.73809,35.35509],[-115.73821,35.35645],[-115.73845,35.35687],[-115.739,35.35706],[-115.74018,35.35718],[-115.74265,35.35719],[-115.74334,35.35769],[-115.74411,35.35887],[-115.74494,35.35926],[-115.74567,35.3593],[-115.74771,35.35899],[-115.74819,35.35909],[-115.74858,35.35941],[-115.74882,35.35985],[-115.74923,35.3618],[-115.74949,35.36216],[-115.74987,35.36238],[-115.75029,35.36242],[-115.75071,35.36229],[-115.75166,35.36117],[-115.75228,35.36107],[-115.75271,35.36121],[-115.75334,35.36187],[-115.75369,35.36268],[-115.75358,35.36313],[-115.75297,35.3642],[-115.75291,35.36486],[-115.75317,35.36538],[-115.75374,35.36559],[-115.75445,35.36534],[-115.7554,35.36461],[-115.75661,35.36344],[-115.75774,35.36207],[-115.75866,35.36042],[-115.75963,35.35737],[-115.76004,35.35676],[-115.76051,35.35649],[-115.76197,35.35626],[-115.7628,35.3559],[-115.76341,35.35526],[-115.76434,35.35374],[-115.76602,35.35176],[-115.76694,35.35118],[-115.76803,35.35092],[-115.76875,35.35058],[-115.76922,35.35007],[-115.76968,35.34894],[-115.77002,35.34855],[-115.77063,35.34837],[-115.77117,35.34854],[-115.77143,35.34895],[-115.77191,35.35034],[-115.77298,35.35119],[-115.77496,35.35182],[-115.77541,35.35178],[-115.77578,35.35159],[-115.77619,35.35095],[-115.77694,35.34742],[-115.77722,35.34551],[-115.77775,35.34443],[-115.77833,35.34396],[-115.78069,35.34254],[-115.78195,35.34158],[-115.78209,35.34109],[-115.78186,35.34008],[-115.78215,35.33966],[-115.78276,35.33939],[-115.78454,35.33908],[-115.78516,35.33864],[-115.78612,35.33755],[-115.78663,35.33721],[-115.78721,35.33723],[-115.78766,35.33759],[-115.78829,35.3389],[-115.78878,35.34047],[-115.7893,35.34102],[-115.79008,35.34124],[-115.79378,35.3417],[-115.79599,35.34234],[-115.79674,35.34269],[-115.79903,35.34416],[-115.80219,35.34484],[-115.80439,35.34647],[-115.80436,35.3467],[-115.80408,35.34695],[-115.80337,35.34708],[-115.80251,35.34689],[-115.79979,35.34581],[-115.79892,35.34584],[-115.79763,35.34703],[-115.79696,35.34743],[-115.7958,35.34781],[-115.79384,35.34802],[-115.7926,35.34835],[-115.79099,35.34918],[-115.7894,35.35051],[-115.78902,35.35043],[-115.78732,35.34922],[-115.78651,35.34884],[-115.78564,35.34877],[-115.78468,35.34912],[-115.78354,35.35037],[-115.78195,35.35145],[-115.78059,35.35279],[-115.77982,35.35414],[-115.77881,35.35533],[-115.77887,35.35693],[-115.77853,35.35766],[-115.77813,35.3581],[-115.77775,35.35829],[-115.77608,35.3585],[-115.77433,35.35978],[-115.77354,35.35988],[-115.77173,35.35971],[-115.76905,35.36043],[-115.7684,35.36093],[-115.76818,35.36164],[-115.76827,35.36238],[-115.76859,35.36328],[-115.76933,35.36419],[-115.76941,35.36491],[-115.76912,35.36529],[-115.76736,35.36678],[-115.76694,35.36751],[-115.76654,35.36886],[-115.76623,35.36939],[-115.76416,35.37117],[-115.76263,35.3734],[-115.76157,35.37444],[-115.76107,35.37475],[-115.76051,35.37491],[-115.75993,35.37491],[-115.75829,35.37457],[-115.75774,35.37465],[-115.75721,35.37491],[-115.75658,35.37558],[-115.75461,35.37865],[-115.7538,35.37939],[-115.75307,35.37973],[-115.75222,35.37988],[-115.75136,35.37985],[-115.74832,35.37916],[-115.74729,35.37908],[-115.74561,35.37932],[-115.74443,35.37991],[-115.74403,35.38039],[-115.7438,35.38097],[-115.74346,35.38407],[-115.74226,35.38693],[-115.74142,35.3882],[-115.74055,35.38901],[-115.7395,35.3896],[-115.73881,35.38944],[-115.73862,35.38902],[-115.73889,35.3885],[-115.74002,35.38733],[-115.74105,35.38547],[-115.74117,35.38485],[-115.74111,35.38419],[-115.74071,35.38341],[-115.73986,35.38301],[-115.7378,35.38274],[-115.73653,35.38185],[-115.73596,35.38179],[-115.73562,35.38198],[-115.73532,35.38253],[-115.73526,35.38458],[-115.73511,35.38523],[-115.73482,35.38554],[-115.73416,35.38566],[-115.73354,35.38534],[-115.73311,35.3845],[-115.73316,35.38375],[-115.73359,35.38259],[-115.73357,35.3822],[-115.73337,35.38186],[-115.73281,35.38158],[-115.73219,35.38165],[-115.73174,35.38197],[-115.73121,35.38268],[-115.73067,35.38251],[-115.73037,35.38188],[-115.73046,35.38046],[-115.73096,35.37875],[-115.73107,35.37788],[-115.73095,35.37646],[-115.73043,35.37489],[-115.7305,35.37275],[-115.73087,35.37198],[-115.73273,35.36998],[-115.7352,35.36866],[-115.73642,35.36836],[-115.73829,35.36849],[-115.73878,35.36832],[-115.7416,35.36568],[-115.74185,35.36531],[-115.74185,35.36496],[-115.74153,35.36461],[-115.74047,35.36446],[-115.74,35.36421],[-115.73995,35.36372],[-115.74032,35.36223],[-115.74008,35.36163],[-115.73973,35.36132],[-115.73927,35.36115],[-115.73806,35.36132]]]},"properties":{"fire_id":"ufid:2021-CAMNP-009642","source_collection":"history-2021","source_objectid":13822,"incident_name":"MOJAVE","mapped_acres":1.0,"mapped_acres_source":"poly_GISAcres","gis_acres":1.0,"auto_acres":2490.4883034658897,"reported_acres":2490.0,"percent_contained":null,"state":"CA","state_wfigs":"US-CA","county":"San Bernardino","discovery_time_utc":"2021-06-17T22:51:00Z","perimeter_time_utc":"2021-06-18T03:51:00Z","perimeter_edit_time_utc":"2023-03-14T15:13:42Z","incident_modified_time_utc":"2021-08-16T16:05:34Z","containment_time_utc":"2021-06-25T18:20:00Z","control_time_utc":null,"fire_out_time_utc":"2021-07-05T01:00:00Z","fire_cause":"Natural","fire_cause_general":"Natural","map_method":"Auto-generated","source_dataset":"FFP","unique_fire_identifier":"2021-CAMNP-009642","irwin_id":"{7403EA1B-4848-40F6-9EAD-958679EC2A7A}","global_id":"70fc4884-13b7-44ca-9f20-acc388070799"}},{"type":"Feature","geometry":{"type":"Polygon","coordinates":[[[-118.69805,36.9207],[-118.69813,36.92057],[-118.69843,36.92054],[-118.69844,36.9204],[-118.69859,36.9205],[-118.69862,36.92038],[-118.69887,36.92051],[-118.69889,36.92041],[-118.69885,36.92071],[-118.69906,36.92039],[-118.69914,36.9207],[-118.69931,36.92054],[-118.69923,36.92069],[-118.69941,36.92089],[-118.69954,36.92077],[-118.6997,36.92093],[-118.69983,36.92078],[-118.69999,36.92088],[-118.70004,36.92058],[-118.70041,36.92051],[-118.70034,36.92043],[-118.70047,36.92041],[-118.70039,36.92033],[-118.7005,36.92014],[-118.70073,36.9201],[-118.70068,36.91986],[-118.7008,36.91991],[-118.70111,36.91971],[-118.7011,36.91985],[-118.70124,36.91991],[-118.70178,36.9198],[-118.70202,36.92004],[-118.70215,36.91985],[-118.70239,36.91984],[-118.70251,36.91916],[-118.70237,36.9189],[-118.70261,36.91883],[-118.70259,36.91902],[-118.70274,36.91901],[-118.70266,36.91884],[-118.70278,36.91878],[-118.70277,36.91895],[-118.70301,36.91898],[-118.7031,36.91887],[-118.703,36.91882],[-118.70337,36.91872],[-118.70343,36.91856],[-118.70378,36.9186],[-118.7037,36.91846],[-118.70336,36.91842],[-118.70382,36.91835],[-118.70383,36.91855],[-118.70395,36.91853],[-118.70399,36.91865],[-118.70476,36.91845],[-118.70473,36.91854],[-118.70491,36.9185],[-118.70499,36.91863],[-118.70483,36.91877],[-118.70533,36.91883],[-118.70527,36.919],[-118.70543,36.91904],[-118.70515,36.91929],[-118.70514,36.91951],[-118.70544,36.91975],[-118.70548,36.92014],[-118.7057,36.92009],[-118.70579,36.9204],[-118.7063,36.92048],[-118.70629,36.92029],[-118.70655,36.92037],[-118.70673,36.92013],[-118.70716,36.9203],[-118.70714,36.92013],[-118.70697,36.92014],[-118.70712,36.92007],[-118.70724,36.91976],[-118.70716,36.91973],[-118.70748,36.91958],[-118.70736,36.91948],[-118.70792,36.91967],[-118.70814,36.92009],[-118.70806,36.9196],[-118.70819,36.91977],[-118.70818,36.92005],[-118.70865,36.92042],[-118.70844,36.9205],[-118.70843,36.9207],[-118.70819,36.92085],[-118.70786,36.92141],[-118.70796,36.92141],[-118.70793,36.92162],[-118.70761,36.92183],[-118.70784,36.92196],[-118.7076,36.9221],[-118.70723,36.9221],[-118.70729,36.92193],[-118.70736,36.92204],[-118.70755,36.92201],[-118.70737,36.92185],[-118.7075,36.92177],[-118.70739,36.92177],[-118.70717,36.92181],[-118.70704,36.92202],[-118.70686,36.92199],[-118.70682,36.92209],[-118.70713,36.92212],[-118.70721,36.92228],[-118.70712,36.92231],[-118.7074,36.92231],[-118.7073,36.92245],[-118.70763,36.92255],[-118.70766,36.92247],[-118.70774,36.92262],[-118.70735,36.92282],[-118.70714,36.92279],[-118.70721,36.92293],[-118.70696,36.92324],[-118.70711,36.92338],[-118.70705,36.92348],[-118.70656,36.92345],[-118.70652,36.92355],[-118.70671,36.92369],[-118.70666,36.92381],[-118.70655,36.9238],[-118.70659,36.9237],[-118.70634,36.92379],[-118.7061,36.92362],[-118.70592,36.92376],[-118.70593,36.9239],[-118.70578,36.92392],[-118.70578,36.92409],[-118.70551,36.924],[-118.7053,36.9241],[-118.70535,36.92429],[-118.70499,36.92433],[-118.70507,36.92448],[-118.70485,36.92474],[-118.705,36.9248],[-118.70496,36.92492],[-118.70456,36.92511],[-118.70457,36.92531],[-118.70357,36.92548],[-118.70366,36.92565],[-118.70343,36.92594],[-118.7031,36.92589],[-118.70286,36.92567],[-118.70266,36.92579],[-118.70206,36.92528],[-118.702,36.92508],[-118.7019,36.92517],[-118.70146,36.92502],[-118.70158,36.92427],[-118.70185,36.92392],[-118.70148,36.92363],[-118.70145,36.92306],[-118.70079,36.92329],[-118.70033,36.92299],[-118.70016,36.9231],[-118.6998,36.92303],[-118.69958,36.9228],[-118.6993,36.9228],[-118.69941,36.92249],[-118.699,36.92248],[-118.69887,36.92227],[-118.69861,36.92233],[-118.69846,36.9222],[-118.69815,36.92221],[-118.69803,36.92208],[-118.69812,36.92194],[-118.69781,36.92174],[-118.69789,36.92152],[-118.69767,36.92123],[-118.69767,36.92106],[-118.69792,36.92096],[-118.69822,36.92118],[-118.6984,36.92105],[-118.69805,36.9207]]]},"properties":{"fire_id":"ufid:2021-CAKNP-000053","source_collection":"history-2021","source_objectid":13827,"incident_name":"Lost","mapped_acres":100.7824,"mapped_acres_source":"poly_GISAcres","gis_acres":100.7824,"auto_acres":100.78206925211632,"reported_acres":106.0,"percent_contained":null,"state":"CA","state_wfigs":"US-CA","county":"Fresno","discovery_time_utc":"2021-07-10T14:54:00Z","perimeter_time_utc":"2021-07-17T17:13:00Z","perimeter_edit_time_utc":"2023-03-14T15:13:42Z","incident_modified_time_utc":"2022-01-18T19:23:27Z","containment_time_utc":"2021-07-19T00:42:00Z","control_time_utc":"2021-08-20T17:00:00Z","fire_out_time_utc":"2021-10-25T22:00:00Z","fire_cause":"Natural","fire_cause_general":"Natural","map_method":"GPS-Walked","source_dataset":"FFP","unique_fire_identifier":"2021-CAKNP-000053","irwin_id":"{97EBB2D0-CA38-4CC1-B4C9-9C249D93B4A3}","global_id":"a5a9ba01-b6d9-45ee-9205-7ab387a37908"}},{"type":"Feature","geometry":{"type":"Polygon","coordinates":[[[-117.94879,35.74333],[-117.94727,35.74368],[-117.94725,35.74389],[-117.94697,35.74398],[-117.94664,35.74386],[-117.94567,35.74384],[-117.94568,35.74371],[-117.94516,35.74357],[-117.9448,35.74369],[-117.94311,35.74377],[-117.94274,35.74366],[-117.94267,35.74347],[-117.94231,35.74326],[-117.94216,35.74347],[-117.94229,35.7437],[-117.94202,35.74374],[-117.94161,35.74356],[-117.94154,35.74368],[-117.94133,35.74368],[-117.94142,35.74337],[-117.94061,35.74317],[-117.94059,35.74326],[-117.94031,35.74314],[-117.94016,35.74323],[-117.93964,35.74294],[-117.93935,35.74297],[-117.93753,35.74184],[-117.93755,35.74168],[-117.93726,35.74145],[-117.93738,35.74133],[-117.93729,35.74108],[-117.9376,35.74109],[-117.93754,35.74123],[-117.93779,35.74147],[-117.938,35.74143],[-117.93804,35.74122],[-117.93733,35.7405],[-117.93695,35.73967],[-117.93705,35.73954],[-117.93713,35.73978],[-117.93724,35.73967],[-117.93749,35.73979],[-117.93743,35.74011],[-117.93772,35.7402],[-117.93869,35.73998],[-117.93878,35.74042],[-117.93899,35.74044],[-117.93925,35.74085],[-117.93925,35.74026],[-117.93946,35.74009],[-117.93901,35.73974],[-117.93871,35.73931],[-117.93971,35.73991],[-117.93973,35.73958],[-117.94001,35.73963],[-117.93958,35.73928],[-117.93966,35.73922],[-117.94013,35.73946],[-117.9401,35.73965],[-117.9404,35.74026],[-117.94044,35.73972],[-117.941,35.74063],[-117.94112,35.74063],[-117.94109,35.74045],[-117.94168,35.74037],[-117.94178,35.74013],[-117.94209,35.74011],[-117.94337,35.74063],[-117.9433,35.74046],[-117.94282,35.74019],[-117.94341,35.74032],[-117.94253,35.73985],[-117.94197,35.73937],[-117.94151,35.73938],[-117.94126,35.73917],[-117.94084,35.73924],[-117.94048,35.73902],[-117.94045,35.73881],[-117.9407,35.73841],[-117.94072,35.73859],[-117.94095,35.7387],[-117.94121,35.73873],[-117.94131,35.73857],[-117.94134,35.73887],[-117.94241,35.73889],[-117.94334,35.73925],[-117.94389,35.73972],[-117.94395,35.74012],[-117.94474,35.74074],[-117.94539,35.74059],[-117.94591,35.74015],[-117.94582,35.73982],[-117.94591,35.73961],[-117.94563,35.73937],[-117.94571,35.73911],[-117.946,35.73906],[-117.94621,35.73931],[-117.94639,35.73921],[-117.94675,35.73926],[-117.94674,35.73945],[-117.94632,35.73951],[-117.9464,35.73983],[-117.94597,35.74075],[-117.9461,35.7408],[-117.94575,35.7411],[-117.94563,35.74151],[-117.94585,35.74159],[-117.9458,35.74141],[-117.94593,35.7414],[-117.94741,35.74238],[-117.94768,35.74226],[-117.9485,35.74267],[-117.94881,35.7426],[-117.94885,35.74246],[-117.94925,35.74253],[-117.94941,35.74244],[-117.94971,35.74255],[-117.95086,35.74258],[-117.95107,35.74278],[-117.95042,35.74341],[-117.95013,35.74333],[-117.94903,35.74344],[-117.94879,35.74333]]]},"properties":{"fire_id":"ufid:2021-CACDD-004735","source_collection":"history-2021","source_objectid":13870,"incident_name":"GRAPEVINE","mapped_acres":1.0,"mapped_acres_source":"poly_GISAcres","gis_acres":1.0,"auto_acres":86.2065521110519,"reported_acres":86.0,"percent_contained":null,"state":"CA","state_wfigs":"US-CA","county":"Kern","discovery_time_utc":"2021-03-14T02:53:00Z","perimeter_time_utc":"2021-03-14T08:53:03Z","perimeter_edit_time_utc":"2023-03-14T15:13:42Z","incident_modified_time_utc":"2021-07-07T14:19:11Z","containment_time_utc":"2021-03-20T00:25:00Z","control_time_utc":"2021-03-21T23:10:00Z","fire_out_time_utc":"2021-03-21T23:10:00Z","fire_cause":"Human","fire_cause_general":"Debris and open burning","map_method":"Phone/Tablet","source_dataset":"FFP","unique_fire_identifier":"2021-CACDD-004735","irwin_id":"{76E76EF2-A010-4AC9-8BD8-6A96987876F5}","global_id":"e5d6d79b-32ff-4e88-a747-0ab91484ee48"}},{"type":"Feature","geometry":{"type":"Polygon","coordinates":[[[-119.2597,37.02896],[-119.25956,37.02935],[-119.25976,37.02954],[-119.26083,37.02955],[-119.26122,37.02941],[-119.26209,37.02959],[-119.26197,37.03103],[-119.26144,37.03158],[-119.26132,37.03215],[-119.26089,37.03246],[-119.26082,37.03308],[-119.26066,37.03326],[-119.25947,37.0333],[-119.25922,37.03369],[-119.25887,37.03374],[-119.25855,37.03397],[-119.25881,37.03437],[-119.25882,37.03487],[-119.25835,37.03584],[-119.25748,37.03643],[-119.25674,37.03644],[-119.25627,37.03627],[-119.25604,37.0359],[-119.25568,37.03583],[-119.25553,37.03566],[-119.25546,37.03518],[-119.25485,37.03514],[-119.2541,37.03467],[-119.25407,37.03396],[-119.2539,37.03361],[-119.25361,37.03332],[-119.25325,37.03325],[-119.25265,37.03247],[-119.25266,37.0319],[-119.25307,37.03143],[-119.25264,37.03096],[-119.25265,37.02982],[-119.25291,37.02874],[-119.25257,37.02842],[-119.25176,37.0284],[-119.25124,37.02822],[-119.25102,37.02772],[-119.25065,37.02749],[-119.25051,37.0269],[-119.25088,37.02679],[-119.25118,37.02649],[-119.25077,37.02579],[-119.25079,37.02531],[-119.25109,37.02484],[-119.25156,37.02439],[-119.25288,37.02436],[-119.25295,37.02386],[-119.25334,37.0236],[-119.25309,37.0233],[-119.25305,37.02271],[-119.25267,37.02248],[-119.25236,37.02169],[-119.25252,37.02098],[-119.25276,37.0207],[-119.25208,37.02014],[-119.25226,37.01865],[-119.25288,37.01875],[-119.25339,37.01834],[-119.25479,37.01835],[-119.25544,37.0185],[-119.25565,37.0187],[-119.25581,37.01958],[-119.25675,37.02009],[-119.257,37.02048],[-119.25827,37.02064],[-119.25887,37.02023],[-119.25928,37.02021],[-119.25958,37.02075],[-119.2598,37.02084],[-119.25981,37.02203],[-119.25929,37.0224],[-119.25907,37.0229],[-119.25872,37.02297],[-119.25868,37.02309],[-119.25874,37.02321],[-119.25923,37.02328],[-119.25927,37.02404],[-119.25994,37.02441],[-119.25996,37.025],[-119.25979,37.02535],[-119.25943,37.02542],[-119.25936,37.02578],[-119.25899,37.02587],[-119.25895,37.02718],[-119.25855,37.02753],[-119.2587,37.02843],[-119.2595,37.02865],[-119.2597,37.02896]]]},"properties":{"fire_id":"ufid:2021-CASNF-000717","source_collection":"history-2021","source_objectid":13902,"incident_name":"BLUE","mapped_acres":1.0,"mapped_acres_source":"poly_GISAcres","gis_acres":1.0,"auto_acres":291.1243700645574,"reported_acres":277.0,"percent_contained":null,"state":"CA","state_wfigs":"US-CA","county":"Fresno","discovery_time_utc":"2021-06-29T23:22:00Z","perimeter_time_utc":"2021-06-30T04:22:59Z","perimeter_edit_time_utc":"2023-03-14T15:13:42Z","incident_modified_time_utc":"2022-01-04T18:00:15Z","containment_time_utc":"2021-07-04T01:50:00Z","control_time_utc":null,"fire_out_time_utc":"2021-09-09T19:40:00Z","fire_cause":"Undetermined","fire_cause_general":"Undetermined","map_method":"Image Interpretation","source_dataset":"FFP","unique_fire_identifier":"2021-CASNF-000717","irwin_id":"{39A39A6B-3A78-45F5-88C0-E4CCE76DC9D9}","global_id":"4a4bc974-c2e5-4cce-a6b4-c502e94dab73"}},{"type":"Feature","geometry":{"type":"Polygon","coordinates":[[[-118.2056,36.58238],[-118.20518,36.58241],[-118.20524,36.5823],[-118.20511,36.58221],[-118.2052,36.5818],[-118.20548,36.58171],[-118.20552,36.58157],[-118.20624,36.58156],[-118.20628,36.58104],[-118.20643,36.58089],[-118.20634,36.58076],[-118.20642,36.57987],[-118.206,36.57967],[-118.20569,36.57878],[-118.20603,36.57882],[-118.20616,36.57902],[-118.20635,36.57888],[-118.20663,36.57891],[-118.2068,36.57909],[-118.20692,36.57891],[-118.20675,36.57871],[-118.20687,36.57852],[-118.20675,36.57836],[-118.20684,36.57823],[-118.20722,36.57842],[-118.20734,36.57835],[-118.20745,36.57874],[-118.20772,36.57887],[-118.20838,36.57858],[-118.20839,36.5783],[-118.20864,36.57827],[-118.20888,36.57806],[-118.20899,36.57821],[-118.20921,36.57822],[-118.20923,36.57842],[-118.20972,36.57825],[-118.21065,36.57817],[-118.21095,36.57747],[-118.21139,36.57762],[-118.21184,36.57711],[-118.2118,36.57692],[-118.21158,36.57687],[-118.21131,36.57656],[-118.21142,36.57621],[-118.21157,36.57625],[-118.21197,36.57597],[-118.21231,36.57595],[-118.21289,36.5763],[-118.21298,36.57686],[-118.21269,36.57757],[-118.21297,36.57757],[-118.21299,36.57744],[-118.21316,36.57741],[-118.21341,36.57791],[-118.21288,36.5782],[-118.21271,36.5785],[-118.21288,36.57882],[-118.21397,36.57869],[-118.21431,36.57895],[-118.21486,36.57896],[-118.21498,36.57914],[-118.21455,36.57949],[-118.2147,36.57962],[-118.21498,36.57943],[-118.21515,36.5795],[-118.21558,36.57932],[-118.21564,36.57947],[-118.21502,36.58005],[-118.21542,36.58011],[-118.21517,36.58034],[-118.21522,36.58073],[-118.21577,36.58074],[-118.21594,36.58127],[-118.2155,36.5815],[-118.21536,36.58173],[-118.21591,36.58197],[-118.21589,36.58214],[-118.21547,36.58254],[-118.21542,36.58291],[-118.21488,36.58319],[-118.21477,36.58364],[-118.21524,36.58364],[-118.21506,36.58433],[-118.21539,36.58452],[-118.2153,36.58473],[-118.21538,36.58494],[-118.21571,36.58524],[-118.2157,36.58576],[-118.21585,36.58589],[-118.21584,36.58609],[-118.21611,36.58622],[-118.21613,36.58691],[-118.21649,36.58685],[-118.21664,36.58748],[-118.21686,36.58779],[-118.21659,36.58841],[-118.21676,36.58875],[-118.21634,36.58892],[-118.21629,36.58907],[-118.21646,36.58912],[-118.2161,36.58946],[-118.21623,36.58958],[-118.21599,36.58971],[-118.21609,36.59108],[-118.21577,36.59083],[-118.21577,36.59059],[-118.21554,36.59063],[-118.21565,36.59122],[-118.2152,36.59155],[-118.21536,36.59173],[-118.21522,36.59196],[-118.2153,36.59239],[-118.21456,36.59276],[-118.21373,36.59267],[-118.21328,36.59293],[-118.2132,36.5931],[-118.21234,36.59345],[-118.21237,36.59371],[-118.21258,36.59387],[-118.21251,36.59445],[-118.21261,36.59469],[-118.21247,36.59514],[-118.21181,36.59555],[-118.21184,36.59574],[-118.21137,36.59596],[-118.2115,36.59612],[-118.21131,36.5963],[-118.21064,36.5963],[-118.21066,36.5961],[-118.21036,36.59598],[-118.21012,36.5956],[-118.21023,36.59539],[-118.2106,36.5953],[-118.2108,36.59482],[-118.21124,36.59469],[-118.21128,36.59459],[-118.21112,36.59446],[-118.21074,36.59459],[-118.20991,36.5943],[-118.20964,36.5945],[-118.20854,36.59473],[-118.208,36.59508],[-118.20795,36.59491],[-118.20737,36.5949],[-118.20723,36.59509],[-118.20693,36.595],[-118.20678,36.59515],[-118.2065,36.59516],[-118.20641,36.59541],[-118.20512,36.59529],[-118.20502,36.59544],[-118.20513,36.59547],[-118.20487,36.59554],[-118.20466,36.5953],[-118.20429,36.59529],[-118.2037,36.59608],[-118.20411,36.59613],[-118.20386,36.59638],[-118.20409,36.59655],[-118.20408,36.59668],[-118.20396,36.59682],[-118.20375,36.59669],[-118.20363,36.59692],[-118.20372,36.59705],[-118.20316,36.59738],[-118.20316,36.59751],[-118.20302,36.59727],[-118.2028,36.59733],[-118.19948,36.59852],[-118.19794,36.59925],[-118.19523,36.59984],[-118.19448,36.59998],[-118.19375,36.59992],[-118.19317,36.59944],[-118.19307,36.59895],[-118.19243,36.59866],[-118.19235,36.59846],[-118.19129,36.59826],[-118.19014,36.59755],[-118.19054,36.597],[-118.19073,36.59692],[-118.1911,36.59694],[-118.1916,36.59727],[-118.19191,36.59716],[-118.19263,36.59725],[-118.19361,36.59773],[-118.19438,36.59779],[-118.19481,36.59768],[-118.19551,36.59708],[-118.19551,36.59688],[-118.19649,36.59545],[-118.19663,36.59501],[-118.19736,36.59425],[-118.19752,36.59392],[-118.1963,36.59391],[-118.19571,36.59461],[-118.1957,36.59478],[-118.19518,36.59489],[-118.19464,36.59439],[-118.19444,36.59451],[-118.19368,36.59531],[-118.19415,36.59565],[-118.19421,36.59585],[-118.19411,36.596],[-118.19378,36.596],[-118.19366,36.59586],[-118.19362,36.59611],[-118.19346,36.5962],[-118.19285,36.59567],[-118.19218,36.59578],[-118.19205,36.59565],[-118.19238,36.59518],[-118.19268,36.59515],[-118.1929,36.59535],[-118.19304,36.59532],[-118.19319,36.59496],[-118.19385,36.59482],[-118.19427,36.59443],[-118.19443,36.59409],[-118.19508,36.59427],[-118.1959,36.59372],[-118.19589,36.59352],[-118.19535,36.59319],[-118.1955,36.5928],[-118.19525,36.59238],[-118.19564,36.5921],[-118.19601,36.59235],[-118.19658,36.59236],[-118.19674,36.59207],[-118.19633,36.59176],[-118.19644,36.59139],[-118.19625,36.59129],[-118.19724,36.59092],[-118.19824,36.59084],[-118.1984,36.59051],[-118.199,36.59058],[-118.1992,36.59086],[-118.19951,36.59095],[-118.19959,36.59094],[-118.19948,36.5907],[-118.19986,36.59059],[-118.20128,36.59089],[-118.20147,36.59053],[-118.20179,36.59053],[-118.20165,36.59028],[-118.20173,36.59011],[-118.20207,36.59009],[-118.20257,36.58963],[-118.20287,36.58982],[-118.20331,36.58969],[-118.2034,36.58961],[-118.20319,36.58948],[-118.20323,36.58937],[-118.20389,36.58919],[-118.20324,36.58871],[-118.20302,36.58881],[-118.20317,36.58849],[-118.20342,36.58837],[-118.20348,36.58811],[-118.20387,36.58791],[-118.20393,36.58769],[-118.20423,36.58763],[-118.20431,36.58719],[-118.20469,36.58695],[-118.205,36.58652],[-118.20586,36.58607],[-118.20615,36.58605],[-118.20619,36.58589],[-118.20654,36.58575],[-118.20643,36.58544],[-118.20658,36.5853],[-118.20646,36.58488],[-118.20664,36.58453],[-118.20713,36.58408],[-118.20678,36.58411],[-118.20722,36.58387],[-118.2072,36.58369],[-118.20747,36.58333],[-118.20829,36.58253],[-118.20817,36.58193],[-118.20767,36.58199],[-118.20694,36.58179],[-118.20608,36.58187],[-118.20579,36.58199],[-118.2056,36.58238]]]},"properties":{"fire_id":"ufid:2021-CAINF-001299","source_collection":"history-2021","source_objectid":13983,"incident_name":"Inyo Creek","mapped_acres":603.8573,"mapped_acres_source":"poly_GISAcres","gis_acres":603.8573,"auto_acres":601.6062545164299,"reported_acres":592.0,"percent_contained":null,"state":"CA","state_wfigs":"US-CA","county":"Inyo","discovery_time_utc":"2021-06-19T13:19:00Z","perimeter_time_utc":"2021-06-23T17:30:00Z","perimeter_edit_time_utc":"2023-03-14T15:13:42Z","incident_modified_time_utc":"2021-11-05T20:43:22Z","containment_time_utc":"2021-07-06T21:15:00Z","control_time_utc":null,"fire_out_time_utc":"2021-11-05T19:00:54Z","fire_cause":"Natural","fire_cause_general":"Natural","map_method":"Infrared Image","source_dataset":"FFP","unique_fire_identifier":"2021-CAINF-001299","irwin_id":"{29A84861-D1CA-4C82-B8FD-62D45AE512D6}","global_id":"6feb9656-c0d0-43e1-af9c-d04e40cacb82"}},{"type":"Feature","geometry":{"type":"MultiPolygon","coordinates":[[[[-119.48832,37.64716],[-119.48802,37.64698],[-119.48792,37.64671],[-119.48769,37.64666],[-119.4876,37.6464],[-119.48751,37.6465],[-119.48749,37.64638],[-119.48717,37.64644],[-119.48707,37.64604],[-119.48721,37.64585],[-119.48686,37.64585],[-119.48702,37.6457],[-119.48685,37.64556],[-119.48673,37.64554],[-119.4867,37.64583],[-119.48637,37.6459],[-119.48646,37.64571],[-119.48612,37.64575],[-119.48594,37.64555],[-119.4852,37.64542],[-119.48523,37.64519],[-119.48551,37.64498],[-119.48586,37.64502],[-119.48562,37.64469],[-119.48538,37.64466],[-119.48552,37.64455],[-119.48536,37.64442],[-119.48547,37.64423],[-119.48567,37.64426],[-119.48575,37.64408],[-119.48626,37.64391],[-119.48637,37.64405],[-119.48656,37.64397],[-119.48652,37.64362],[-119.48685,37.64355],[-119.48661,37.64344],[-119.48629,37.64351],[-119.48638,37.64337],[-119.4861,37.64337],[-119.48571,37.64307],[-119.48578,37.64286],[-119.48564,37.64286],[-119.48562,37.64306],[-119.48527,37.64307],[-119.48482,37.64288],[-119.48524,37.64258],[-119.48547,37.64259],[-119.48563,37.6423],[-119.48535,37.64219],[-119.48569,37.64191],[-119.48534,37.64168],[-119.48515,37.64174],[-119.4852,37.64155],[-119.48475,37.64126],[-119.48521,37.6412],[-119.48518,37.64105],[-119.48531,37.64101],[-119.48585,37.64111],[-119.48574,37.6406],[-119.48627,37.64054],[-119.48621,37.64066],[-119.48641,37.64088],[-119.48653,37.64079],[-119.48645,37.64068],[-119.48692,37.64068],[-119.48677,37.64049],[-119.48691,37.6404],[-119.48712,37.64041],[-119.48721,37.64059],[-119.48745,37.64034],[-119.48769,37.6405],[-119.48793,37.64033],[-119.48829,37.6404],[-119.48871,37.6409],[-119.48841,37.64103],[-119.48841,37.6412],[-119.48868,37.64128],[-119.4885,37.64155],[-119.48869,37.64189],[-119.48892,37.64203],[-119.48887,37.64224],[-119.48967,37.64266],[-119.4897,37.64322],[-119.48994,37.64331],[-119.48989,37.64344],[-119.49017,37.64375],[-119.49029,37.64351],[-119.49062,37.64361],[-119.4907,37.64411],[-119.49093,37.6442],[-119.49098,37.64454],[-119.49119,37.64465],[-119.49111,37.64486],[-119.49081,37.64489],[-119.49068,37.6451],[-119.49051,37.64505],[-119.49011,37.64539],[-119.48992,37.64535],[-119.48987,37.64546],[-119.49005,37.64546],[-119.49009,37.64593],[-119.49002,37.6461],[-119.48973,37.64619],[-119.49021,37.64652],[-119.49022,37.64672],[-119.48998,37.64663],[-119.48975,37.64686],[-119.48954,37.64676],[-119.48944,37.6469],[-119.48911,37.64673],[-119.48889,37.64679],[-119.48878,37.64667],[-119.48858,37.6468],[-119.48843,37.6467],[-119.48823,37.64696],[-119.48832,37.64716]]],[[[-119.48567,37.64047],[-119.48553,37.64031],[-119.48562,37.64036],[-119.48567,37.64047]]]]},"properties":{"fire_id":"ufid:2021-CAYNP-000075","source_collection":"history-2021","source_objectid":14033,"incident_name":"Hoover","mapped_acres":58.59246545441554,"mapped_acres_source":"poly_Acres_AutoCalc_fallback","gis_acres":null,"auto_acres":58.59246545441554,"reported_acres":59.1,"percent_contained":null,"state":"CA","state_wfigs":"US-CA","county":"Mariposa","discovery_time_utc":"2021-07-19T23:25:00Z","perimeter_time_utc":"2021-07-23T23:00:00Z","perimeter_edit_time_utc":"2023-03-14T15:13:42Z","incident_modified_time_utc":"2021-09-21T21:28:46Z","containment_time_utc":"2021-07-25T03:49:00Z","control_time_utc":null,"fire_out_time_utc":"2021-08-01T17:00:00Z","fire_cause":"Natural","fire_cause_general":"Natural","map_method":"GPS-Flight","source_dataset":"FFP","unique_fire_identifier":"2021-CAYNP-000075","irwin_id":"{5FA220B7-1EB0-43F3-AA15-F36AF3DAA796}","global_id":"5deb39ac-a9a6-46cd-aa7e-bc799a14e7cf"}},{"type":"Feature","geometry":{"type":"Polygon","coordinates":[[[-119.42598,35.9199],[-119.4257,35.92006],[-119.42372,35.92006],[-119.42248,35.91937],[-119.42196,35.91936],[-119.42057,35.91847],[-119.41924,35.91782],[-119.41763,35.91674],[-119.41688,35.91599],[-119.41561,35.91517],[-119.41216,35.91159],[-119.41104,35.91026],[-119.40909,35.90896],[-119.40786,35.9086],[-119.4068,35.90787],[-119.40627,35.90769],[-119.40442,35.90612],[-119.40502,35.90624],[-119.40458,35.90592],[-119.4106,35.90586],[-119.41151,35.90684],[-119.41141,35.90689],[-119.41156,35.90691],[-119.41141,35.90696],[-119.41145,35.90708],[-119.41164,35.90721],[-119.41168,35.90746],[-119.41195,35.9078],[-119.41164,35.90799],[-119.41236,35.90787],[-119.41236,35.90799],[-119.41258,35.908],[-119.4126,35.90811],[-119.41221,35.90816],[-119.41256,35.90818],[-119.41243,35.9086],[-119.41283,35.90903],[-119.41289,35.90896],[-119.41273,35.90882],[-119.41286,35.90868],[-119.41334,35.90896],[-119.41326,35.90903],[-119.41339,35.9091],[-119.41326,35.90916],[-119.4135,35.90917],[-119.4135,35.909],[-119.41368,35.90917],[-119.41378,35.9091],[-119.41367,35.90907],[-119.41397,35.90906],[-119.41389,35.90909],[-119.41401,35.90921],[-119.41388,35.90932],[-119.41406,35.90952],[-119.41375,35.90964],[-119.41426,35.91005],[-119.41424,35.9099],[-119.41463,35.91017],[-119.41514,35.91018],[-119.41503,35.91005],[-119.41536,35.91032],[-119.41528,35.91017],[-119.41553,35.91028],[-119.41532,35.91014],[-119.41566,35.91017],[-119.41582,35.91034],[-119.41566,35.91037],[-119.41578,35.91043],[-119.41569,35.91048],[-119.41583,35.91071],[-119.41641,35.91084],[-119.41601,35.91064],[-119.41616,35.91056],[-119.41586,35.91021],[-119.41613,35.91032],[-119.41603,35.91006],[-119.41645,35.91041],[-119.41652,35.91063],[-119.4164,35.91067],[-119.4166,35.91081],[-119.4163,35.91087],[-119.41634,35.91101],[-119.41679,35.9113],[-119.41707,35.91115],[-119.41692,35.91104],[-119.41702,35.91095],[-119.41682,35.91087],[-119.41707,35.91096],[-119.41711,35.91088],[-119.41826,35.91214],[-119.41833,35.91228],[-119.41813,35.91241],[-119.41846,35.91263],[-119.41947,35.9139],[-119.42003,35.91428],[-119.42,35.91439],[-119.42015,35.91439],[-119.4243,35.91832],[-119.4252,35.91879],[-119.42598,35.9199]]]},"properties":{"fire_id":"ufid:2021-CALUR-000556","source_collection":"history-2021","source_objectid":14146,"incident_name":"Turkey","mapped_acres":171.390127533626,"mapped_acres_source":"poly_Acres_AutoCalc_fallback","gis_acres":null,"auto_acres":171.390127533626,"reported_acres":175.0,"percent_contained":null,"state":"CA","state_wfigs":"US-CA","county":"Tulare","discovery_time_utc":"2021-06-10T18:53:00Z","perimeter_time_utc":"2021-06-23T18:00:00Z","perimeter_edit_time_utc":"2021-07-12T23:59:34Z","incident_modified_time_utc":"2021-12-15T17:21:29Z","containment_time_utc":"2021-06-11T19:00:00Z","control_time_utc":"2021-06-11T22:00:00Z","fire_out_time_utc":"2021-06-15T19:00:00Z","fire_cause":"Undetermined","fire_cause_general":null,"map_method":"GPS-Walked","source_dataset":"2021 NIFS","unique_fire_identifier":"2021-CALUR-000556","irwin_id":"{5F28E470-E70E-4FE2-A396-420993CBD121}","global_id":"9da957ef-9fc5-4c22-8349-07177dd56705"}},{"type":"Feature","geometry":{"type":"Polygon","coordinates":[[[-119.82063,37.34401],[-119.82001,37.3446],[-119.81952,37.34443],[-119.81935,37.34454],[-119.81885,37.34446],[-119.81882,37.34456],[-119.81916,37.34477],[-119.81937,37.34515],[-119.81914,37.3452],[-119.81906,37.34545],[-119.81876,37.34546],[-119.81819,37.34519],[-119.81811,37.34527],[-119.8182,37.34542],[-119.81802,37.34544],[-119.81772,37.34577],[-119.81693,37.34555],[-119.81659,37.34561],[-119.81657,37.34501],[-119.81634,37.3447],[-119.81655,37.34455],[-119.8165,37.34429],[-119.81611,37.34399],[-119.81618,37.34374],[-119.81607,37.34336],[-119.81535,37.34303],[-119.81562,37.34263],[-119.81642,37.34296],[-119.81652,37.34286],[-119.81652,37.34261],[-119.81616,37.34234],[-119.81658,37.34185],[-119.81646,37.34158],[-119.81659,37.3408],[-119.81651,37.33873],[-119.81659,37.33858],[-119.81775,37.33795],[-119.81873,37.3378],[-119.81892,37.33813],[-119.81888,37.33879],[-119.81905,37.3392],[-119.81911,37.34039],[-119.8196,37.3406],[-119.81979,37.34083],[-119.81997,37.34072],[-119.82005,37.34037],[-119.82055,37.34049],[-119.82115,37.34027],[-119.82248,37.3411],[-119.82247,37.34138],[-119.82261,37.34141],[-119.823,37.34087],[-119.82383,37.34017],[-119.82449,37.3391],[-119.82546,37.33879],[-119.82586,37.3385],[-119.82583,37.33788],[-119.82392,37.33573],[-119.82331,37.33602],[-119.82198,37.33582],[-119.82165,37.33618],[-119.82154,37.33685],[-119.82093,37.33703],[-119.82026,37.33698],[-119.8187,37.33636],[-119.81703,37.33613],[-119.81702,37.33556],[-119.81669,37.33475],[-119.81646,37.33459],[-119.81648,37.334],[-119.81631,37.33389],[-119.81598,37.33433],[-119.81509,37.3343],[-119.81463,37.33405],[-119.81403,37.33415],[-119.81357,37.33338],[-119.81226,37.33285],[-119.81208,37.33302],[-119.81107,37.33288],[-119.81057,37.33294],[-119.81031,37.33268],[-119.81043,37.33252],[-119.80996,37.3324],[-119.80806,37.33235],[-119.80782,37.33269],[-119.80742,37.33294],[-119.80739,37.33344],[-119.80698,37.33364],[-119.80606,37.3338],[-119.80593,37.33404],[-119.80624,37.33464],[-119.80643,37.33564],[-119.80638,37.33661],[-119.80694,37.33813],[-119.8071,37.339],[-119.807,37.33942],[-119.80652,37.33944],[-119.80624,37.33918],[-119.80649,37.3386],[-119.80624,37.33836],[-119.80553,37.33807],[-119.80547,37.33786],[-119.805,37.3378],[-119.80498,37.3384],[-119.80536,37.3389],[-119.80536,37.33972],[-119.80557,37.34024],[-119.80531,37.34064],[-119.80555,37.34174],[-119.8064,37.3416],[-119.80656,37.34171],[-119.80642,37.342],[-119.80604,37.34223],[-119.80515,37.34224],[-119.80488,37.34251],[-119.80367,37.34298],[-119.80346,37.34321],[-119.80346,37.34344],[-119.80411,37.3437],[-119.80428,37.3439],[-119.80424,37.34425],[-119.80409,37.34445],[-119.80191,37.34547],[-119.80091,37.34625],[-119.79993,37.34808],[-119.7987,37.34918],[-119.79761,37.35059],[-119.79673,37.35218],[-119.79639,37.35325],[-119.79616,37.35359],[-119.79584,37.35371],[-119.79574,37.35408],[-119.79483,37.35468],[-119.79397,37.35473],[-119.79355,37.35492],[-119.79328,37.35472],[-119.79223,37.35476],[-119.79211,37.35527],[-119.79179,37.35527],[-119.79162,37.35542],[-119.79041,37.3554],[-119.79017,37.35524],[-119.78967,37.35531],[-119.78955,37.35574],[-119.78929,37.35605],[-119.78906,37.35613],[-119.78867,37.35602],[-119.78838,37.35633],[-119.7875,37.35658],[-119.78677,37.35639],[-119.78662,37.35624],[-119.78622,37.35622],[-119.78574,37.35629],[-119.78529,37.35662],[-119.78445,37.35632],[-119.78361,37.35539],[-119.78298,37.35552],[-119.78178,37.35486],[-119.78186,37.35443],[-119.78245,37.35415],[-119.7828,37.35379],[-119.78292,37.35336],[-119.78286,37.35285],[-119.78316,37.35245],[-119.78284,37.35232],[-119.78271,37.35191],[-119.78273,37.3514],[-119.78316,37.35088],[-119.7833,37.35048],[-119.7833,37.35005],[-119.78299,37.34987],[-119.78361,37.34922],[-119.78349,37.34878],[-119.78314,37.34862],[-119.78293,37.34823],[-119.78318,37.34779],[-119.78354,37.34769],[-119.78217,37.34736],[-119.78119,37.34748],[-119.78094,37.34733],[-119.77989,37.34742],[-119.77932,37.3472],[-119.77841,37.34755],[-119.77714,37.3475],[-119.77654,37.34779],[-119.77564,37.34757],[-119.77512,37.34686],[-119.77549,37.34581],[-119.77582,37.34558],[-119.77569,37.34547],[-119.77587,37.34531],[-119.77578,37.34517],[-119.77598,37.34493],[-119.77558,37.34451],[-119.77598,37.34429],[-119.77593,37.34374],[-119.77557,37.34388],[-119.77537,37.34355],[-119.77495,37.34338],[-119.77462,37.34356],[-119.77411,37.34346],[-119.77388,37.34327],[-119.77385,37.34296],[-119.77353,37.34279],[-119.77362,37.34256],[-119.77292,37.34229],[-119.773,37.34217],[-119.77332,37.34214],[-119.77344,37.34187],[-119.77312,37.34174],[-119.7732,37.34159],[-119.7731,37.34145],[-119.77272,37.34151],[-119.77216,37.34128],[-119.77216,37.34151],[-119.77241,37.34164],[-119.77226,37.34211],[-119.77175,37.34219],[-119.77083,37.34178],[-119.77076,37.34195],[-119.77052,37.34196],[-119.77061,37.3413],[-119.7708,37.34125],[-119.77062,37.34107],[-119.77088,37.34074],[-119.77002,37.33939],[-119.76913,37.33922],[-119.76722,37.33827],[-119.76686,37.33757],[-119.76722,37.33719],[-119.76751,37.33719],[-119.76801,37.33688],[-119.7683,37.33688],[-119.76946,37.33539],[-119.77046,37.33453],[-119.77077,37.33471],[-119.7712,37.33448],[-119.7719,37.33373],[-119.77176,37.33365],[-119.77196,37.33341],[-119.77197,37.33291],[-119.77222,37.33299],[-119.77227,37.33355],[-119.77252,37.33367],[-119.77301,37.33363],[-119.77441,37.33305],[-119.77371,37.33268],[-119.77356,37.33237],[-119.77308,37.3321],[-119.77307,37.33158],[-119.77346,37.33129],[-119.77416,37.33122],[-119.77475,37.33143],[-119.77504,37.33043],[-119.77573,37.32937],[-119.77702,37.32951],[-119.77722,37.32889],[-119.77797,37.32879],[-119.77863,37.32844],[-119.77894,37.32811],[-119.78021,37.32773],[-119.78072,37.32794],[-119.78171,37.3281],[-119.78176,37.32837],[-119.78244,37.32842],[-119.78279,37.32821],[-119.78408,37.32808],[-119.78473,37.32837],[-119.78473,37.32865],[-119.78554,37.32865],[-119.78578,37.3293],[-119.78567,37.33003],[-119.78577,37.33031],[-119.78632,37.33019],[-119.78786,37.33019],[-119.78859,37.32973],[-119.78925,37.32961],[-119.78962,37.32931],[-119.78972,37.32901],[-119.79028,37.32885],[-119.79035,37.32836],[-119.78971,37.32662],[-119.78977,37.32567],[-119.78957,37.32532],[-119.79027,37.3252],[-119.79086,37.32537],[-119.7911,37.32524],[-119.79145,37.32464],[-119.79191,37.3242],[-119.79383,37.32286],[-119.79479,37.32242],[-119.79541,37.32256],[-119.79574,37.32242],[-119.79557,37.32176],[-119.79588,37.32111],[-119.79559,37.32015],[-119.79589,37.3198],[-119.79551,37.31925],[-119.79558,37.31903],[-119.79587,37.31898],[-119.79586,37.31888],[-119.79508,37.31829],[-119.79288,37.318],[-119.79237,37.31729],[-119.79212,37.3167],[-119.79237,37.31602],[-119.79438,37.3147],[-119.79543,37.31437],[-119.7983,37.31443],[-119.79905,37.31424],[-119.79981,37.31433],[-119.80082,37.31414],[-119.80132,37.31386],[-119.80191,37.31429],[-119.80219,37.31433],[-119.80252,37.31403],[-119.80277,37.314],[-119.80282,37.31386],[-119.80294,37.31394],[-119.80371,37.31383],[-119.80375,37.31342],[-119.80425,37.31342],[-119.8049,37.31296],[-119.80457,37.31285],[-119.80429,37.31298],[-119.80416,37.3129],[-119.80416,37.31245],[-119.80438,37.31227],[-119.80443,37.31192],[-119.80435,37.31172],[-119.80416,37.31165],[-119.80427,37.3115],[-119.80413,37.31144],[-119.80441,37.31145],[-119.80443,37.31128],[-119.80466,37.31127],[-119.80463,37.31102],[-119.80544,37.31096],[-119.80652,37.31025],[-119.80744,37.31055],[-119.80774,37.31052],[-119.80836,37.31082],[-119.80877,37.31069],[-119.80935,37.31082],[-119.80973,37.31045],[-119.80967,37.31033],[-119.80985,37.31037],[-119.81107,37.30926],[-119.81135,37.30923],[-119.81199,37.30944],[-119.81235,37.30937],[-119.81271,37.30904],[-119.81316,37.30889],[-119.81365,37.30896],[-119.81382,37.30919],[-119.81459,37.30929],[-119.81479,37.30923],[-119.81478,37.30897],[-119.81524,37.30906],[-119.81559,37.30934],[-119.81529,37.30985],[-119.816,37.31008],[-119.81611,37.31048],[-119.81627,37.31051],[-119.81666,37.3103],[-119.81681,37.30987],[-119.81701,37.30976],[-119.81711,37.31001],[-119.81697,37.31037],[-119.81745,37.3102],[-119.81738,37.30997],[-119.81759,37.30937],[-119.81746,37.3091],[-119.81819,37.30929],[-119.818,37.30996],[-119.818,37.31068],[-119.81832,37.31116],[-119.81876,37.31119],[-119.8189,37.31162],[-119.81922,37.31164],[-119.81933,37.31158],[-119.81947,37.31075],[-119.81975,37.31034],[-119.82006,37.31014],[-119.82068,37.3102],[-119.82089,37.31003],[-119.82087,37.30936],[-119.82026,37.30902],[-119.82038,37.30847],[-119.82088,37.30767],[-119.82093,37.30722],[-119.82134,37.30678],[-119.82277,37.30614],[-119.82286,37.30596],[-119.82255,37.30576],[-119.82252,37.30552],[-119.82271,37.30518],[-119.82357,37.30458],[-119.82391,37.30462],[-119.82448,37.30422],[-119.82535,37.30412],[-119.82576,37.30371],[-119.82748,37.30383],[-119.82808,37.30347],[-119.82921,37.30342],[-119.82929,37.30376],[-119.82953,37.30384],[-119.83003,37.30362],[-119.83048,37.3039],[-119.83105,37.3038],[-119.83153,37.30397],[-119.83243,37.30384],[-119.83278,37.30413],[-119.83325,37.30373],[-119.83402,37.30351],[-119.83408,37.30333],[-119.83431,37.30343],[-119.83455,37.30336],[-119.83431,37.30324],[-119.83431,37.303],[-119.83398,37.30284],[-119.83489,37.30257],[-119.83515,37.30281],[-119.83485,37.30318],[-119.83543,37.30334],[-119.83543,37.30358],[-119.83564,37.30369],[-119.83577,37.30405],[-119.83589,37.30412],[-119.83617,37.30395],[-119.83685,37.30392],[-119.83742,37.30403],[-119.83754,37.30433],[-119.83742,37.30453],[-119.83766,37.30442],[-119.83757,37.30477],[-119.83815,37.30483],[-119.83836,37.30461],[-119.83864,37.30468],[-119.83873,37.30457],[-119.83863,37.30439],[-119.83892,37.30436],[-119.83892,37.30422],[-119.83949,37.30365],[-119.84024,37.30367],[-119.84077,37.30227],[-119.84114,37.30211],[-119.8415,37.30232],[-119.84224,37.30245],[-119.8435,37.30316],[-119.84414,37.30328],[-119.84445,37.30377],[-119.84464,37.30386],[-119.84714,37.30397],[-119.8481,37.30384],[-119.84856,37.30411],[-119.84924,37.30421],[-119.84945,37.30409],[-119.84972,37.30358],[-119.84995,37.30351],[-119.85022,37.30385],[-119.85069,37.30404],[-119.85146,37.30418],[-119.85201,37.30398],[-119.85227,37.30403],[-119.85281,37.30486],[-119.8532,37.30514],[-119.85385,37.30514],[-119.85471,37.30476],[-119.85532,37.305],[-119.85634,37.30504],[-119.8569,37.30464],[-119.85788,37.30452],[-119.86053,37.30451],[-119.86201,37.30466],[-119.86209,37.30479],[-119.86148,37.30524],[-119.8599,37.3055],[-119.85985,37.30599],[-119.85944,37.3061],[-119.85994,37.30631],[-119.86004,37.30652],[-119.86053,37.30647],[-119.86073,37.30671],[-119.86202,37.30691],[-119.86184,37.30708],[-119.86165,37.30771],[-119.86114,37.30786],[-119.86062,37.30823],[-119.86091,37.30856],[-119.86082,37.30868],[-119.8609,37.30885],[-119.86124,37.30883],[-119.86149,37.30899],[-119.86181,37.30882],[-119.86181,37.30911],[-119.86155,37.30929],[-119.86161,37.30944],[-119.86189,37.30919],[-119.86206,37.30919],[-119.86263,37.30861],[-119.86275,37.30826],[-119.86315,37.30804],[-119.86305,37.30775],[-119.8634,37.30726],[-119.86355,37.30712],[-119.86395,37.3072],[-119.86384,37.30685],[-119.86455,37.30674],[-119.86423,37.30641],[-119.86341,37.30629],[-119.86337,37.30591],[-119.86347,37.30575],[-119.86392,37.30534],[-119.86422,37.30525],[-119.86501,37.30555],[-119.86603,37.3065],[-119.86659,37.30683],[-119.86781,37.30676],[-119.86846,37.30647],[-119.86874,37.30679],[-119.86923,37.30795],[-119.87061,37.30887],[-119.87144,37.30979],[-119.87292,37.31077],[-119.87327,37.31164],[-119.87308,37.31281],[-119.87322,37.31281],[-119.87335,37.31329],[-119.87403,37.31396],[-119.87422,37.31446],[-119.87418,37.31557],[-119.87437,37.31676],[-119.87498,37.31832],[-119.87471,37.31892],[-119.87469,37.31936],[-119.87488,37.31949],[-119.87544,37.31951],[-119.87615,37.31995],[-119.87668,37.32061],[-119.87689,37.32118],[-119.87794,37.32226],[-119.87868,37.32328],[-119.87881,37.32432],[-119.87848,37.3245],[-119.87859,37.32472],[-119.87843,37.32511],[-119.87824,37.32549],[-119.87797,37.32566],[-119.87698,37.32564],[-119.87629,37.32603],[-119.87481,37.32592],[-119.87516,37.32614],[-119.8752,37.32633],[-119.87489,37.32621],[-119.87465,37.32635],[-119.87462,37.32649],[-119.87486,37.32645],[-119.87491,37.32665],[-119.87425,37.32916],[-119.87406,37.32947],[-119.87437,37.32969],[-119.8746,37.32969],[-119.87477,37.33022],[-119.87479,37.3311],[-119.8754,37.33252],[-119.87503,37.33308],[-119.87495,37.3335],[-119.87405,37.33359],[-119.87376,37.33344],[-119.87323,37.33365],[-119.87276,37.33351],[-119.87259,37.33358],[-119.87249,37.33374],[-119.87268,37.33404],[-119.87273,37.33468],[-119.87247,37.33484],[-119.87234,37.33529],[-119.87195,37.33514],[-119.8716,37.33531],[-119.87184,37.33565],[-119.87153,37.33617],[-119.87105,37.33631],[-119.87071,37.33607],[-119.86974,37.33643],[-119.86963,37.33673],[-119.86945,37.33676],[-119.86913,37.33715],[-119.86831,37.33734],[-119.86755,37.33803],[-119.86725,37.33877],[-119.86686,37.33935],[-119.86657,37.33952],[-119.86638,37.33993],[-119.86584,37.34016],[-119.86488,37.34023],[-119.86449,37.33997],[-119.86448,37.33974],[-119.86464,37.33962],[-119.86457,37.33944],[-119.86436,37.33946],[-119.86418,37.33906],[-119.86335,37.33909],[-119.86318,37.33924],[-119.86274,37.33909],[-119.86254,37.33915],[-119.86228,37.3385],[-119.8621,37.33848],[-119.86159,37.33892],[-119.86138,37.33894],[-119.86131,37.33947],[-119.86159,37.33945],[-119.86171,37.33998],[-119.86195,37.34024],[-119.86164,37.34041],[-119.86017,37.34018],[-119.8602,37.33982],[-119.86042,37.33957],[-119.85971,37.33937],[-119.85879,37.33991],[-119.85826,37.33955],[-119.85644,37.33937],[-119.8564,37.33922],[-119.85659,37.33911],[-119.85661,37.33893],[-119.85631,37.3387],[-119.85431,37.33834],[-119.85399,37.33816],[-119.85367,37.33815],[-119.85279,37.33854],[-119.85269,37.33885],[-119.85467,37.33924],[-119.85472,37.33944],[-119.85447,37.33976],[-119.85333,37.3404],[-119.8534,37.34066],[-119.85444,37.34129],[-119.85423,37.34181],[-119.85462,37.34227],[-119.85546,37.34273],[-119.85679,37.34289],[-119.85718,37.34288],[-119.85784,37.34258],[-119.85945,37.34266],[-119.85966,37.34284],[-119.85968,37.34336],[-119.8605,37.34407],[-119.86092,37.34547],[-119.86167,37.34604],[-119.86223,37.34692],[-119.86217,37.34744],[-119.86196,37.3478],[-119.86145,37.34796],[-119.86119,37.34864],[-119.86153,37.34907],[-119.86221,37.35063],[-119.86273,37.35099],[-119.86369,37.3525],[-119.86375,37.35286],[-119.86415,37.35355],[-119.8645,37.35391],[-119.86589,37.35391],[-119.8667,37.3534],[-119.86725,37.35343],[-119.86814,37.3532],[-119.86855,37.35296],[-119.86845,37.35229],[-119.86856,37.35215],[-119.86906,37.35227],[-119.86924,37.35264],[-119.86969,37.35282],[-119.8699,37.35314],[-119.87036,37.35335],[-119.8712,37.35346],[-119.87283,37.3534],[-119.87303,37.35323],[-119.87353,37.35207],[-119.87395,37.35196],[-119.87406,37.35168],[-119.87395,37.35169],[-119.87398,37.35157],[-119.87437,37.35103],[-119.87476,37.35106],[-119.8749,37.35084],[-119.87495,37.35101],[-119.87536,37.35116],[-119.877,37.35133],[-119.87717,37.35209],[-119.87777,37.3523],[-119.87806,37.35216],[-119.87828,37.35283],[-119.87873,37.3529],[-119.8789,37.35345],[-119.87952,37.35348],[-119.87994,37.35382],[-119.87985,37.35417],[-119.87994,37.35454],[-119.87978,37.35475],[-119.87989,37.35478],[-119.87989,37.35522],[-119.87973,37.35541],[-119.87993,37.35568],[-119.87977,37.35625],[-119.87946,37.35656],[-119.87984,37.35682],[-119.8796,37.35726],[-119.87864,37.35762],[-119.87826,37.35822],[-119.87832,37.35847],[-119.87773,37.35894],[-119.87696,37.35883],[-119.87639,37.35924],[-119.87536,37.35942],[-119.87418,37.35982],[-119.8727,37.35967],[-119.87227,37.35972],[-119.87216,37.35995],[-119.87165,37.36008],[-119.8714,37.35994],[-119.87067,37.35996],[-119.86953,37.35921],[-119.86763,37.35932],[-119.86749,37.35921],[-119.86604,37.35988],[-119.86501,37.35995],[-119.86444,37.36038],[-119.86403,37.36024],[-119.86417,37.35986],[-119.8641,37.35977],[-119.86295,37.35981],[-119.86302,37.35954],[-119.8626,37.35944],[-119.86215,37.35959],[-119.86116,37.3604],[-119.86051,37.36061],[-119.86026,37.36094],[-119.85937,37.36139],[-119.85889,37.36135],[-119.85793,37.36176],[-119.85672,37.36158],[-119.85596,37.36161],[-119.85467,37.36097],[-119.85234,37.36054],[-119.85208,37.36016],[-119.85144,37.3584],[-119.85117,37.35829],[-119.85065,37.35723],[-119.85003,37.3572],[-119.84977,37.35705],[-119.84982,37.35756],[-119.84951,37.35784],[-119.84943,37.35812],[-119.84917,37.3581],[-119.84889,37.3583],[-119.84867,37.35872],[-119.84806,37.35911],[-119.84739,37.35933],[-119.84651,37.35918],[-119.84561,37.35884],[-119.84516,37.35935],[-119.84482,37.35938],[-119.84445,37.35882],[-119.84412,37.35881],[-119.84343,37.35837],[-119.84326,37.35808],[-119.84331,37.35699],[-119.84305,37.35636],[-119.8428,37.35613],[-119.84245,37.35612],[-119.84246,37.35647],[-119.84131,37.35596],[-119.84085,37.35609],[-119.8399,37.356],[-119.83885,37.35656],[-119.83751,37.35601],[-119.83602,37.35599],[-119.83574,37.35573],[-119.83543,37.3557],[-119.83395,37.3549],[-119.83387,37.35414],[-119.83356,37.35397],[-119.83352,37.35374],[-119.8337,37.35355],[-119.83366,37.35309],[-119.83338,37.3525],[-119.83295,37.35233],[-119.83239,37.3525],[-119.83178,37.35234],[-119.8312,37.35246],[-119.83081,37.35229],[-119.83012,37.35248],[-119.82983,37.35231],[-119.82902,37.35246],[-119.82861,37.35229],[-119.82788,37.35262],[-119.8264,37.35248],[-119.82542,37.35313],[-119.82431,37.35287],[-119.82412,37.35308],[-119.8235,37.35329],[-119.82277,37.35321],[-119.82228,37.35358],[-119.82189,37.35354],[-119.82106,37.35374],[-119.82072,37.3536],[-119.82051,37.35377],[-119.81952,37.35385],[-119.81932,37.3537],[-119.81839,37.35352],[-119.81713,37.35286],[-119.81669,37.35276],[-119.81656,37.35248],[-119.81607,37.35232],[-119.81593,37.35211],[-119.81508,37.35167],[-119.81459,37.35155],[-119.81421,37.35129],[-119.81394,37.35135],[-119.81379,37.35087],[-119.81353,37.35108],[-119.81184,37.35084],[-119.81182,37.35047],[-119.81121,37.35028],[-119.8109,37.34956],[-119.81058,37.34939],[-119.81023,37.34856],[-119.80934,37.34783],[-119.80926,37.34756],[-119.80993,37.34639],[-119.81109,37.34531],[-119.81184,37.34619],[-119.81198,37.34689],[-119.81279,37.34791],[-119.8149,37.34874],[-119.81654,37.34855],[-119.81687,37.34791],[-119.81665,37.34716],[-119.81703,37.34644],[-119.81849,37.34666],[-119.82125,37.34667],[-119.82179,37.34683],[-119.8232,37.34693],[-119.82224,37.34657],[-119.82229,37.34614],[-119.82203,37.3461],[-119.82199,37.34579],[-119.82165,37.34588],[-119.8215,37.34558],[-119.82123,37.34561],[-119.8214,37.3454],[-119.82125,37.34522],[-119.8213,37.34499],[-119.82198,37.34486],[-119.82161,37.34391],[-119.82144,37.34384],[-119.82123,37.34402],[-119.82063,37.34401]],[[-119.81664,37.34494],[-119.81661,37.34492],[-119.81659,37.34499],[-119.81664,37.34494]]]},"properties":{"fire_id":"ufid:2021-CAMMU-014714","source_collection":"history-2021","source_objectid":14228,"incident_name":"RIVER","mapped_acres":9655.18871544125,"mapped_acres_source":"poly_GISAcres","gis_acres":9655.18871544125,"auto_acres":9655.1521944486,"reported_acres":0.01,"percent_contained":100.0,"state":"CA","state_wfigs":"US-CA","county":"Mariposa","discovery_time_utc":"2021-07-11T21:11:30Z","perimeter_time_utc":null,"perimeter_edit_time_utc":"2021-07-17T23:48:53Z","incident_modified_time_utc":"2022-04-20T22:04:59Z","containment_time_utc":null,"control_time_utc":null,"fire_out_time_utc":null,"fire_cause":"Undetermined","fire_cause_general":null,"map_method":"Mixed Methods","source_dataset":"2021 NIFS","unique_fire_identifier":"2021-CAMMU-014714","irwin_id":"{D3A00541-DBCB-4519-8B77-B9B4DFEDDD0B}","global_id":"6c0c6550-6089-46c1-9905-68c753aa38ac"}},{"type":"Feature","geometry":{"type":"MultiPolygon","coordinates":[[[[-116.18694,35.80392],[-116.18695,35.80393],[-116.18694,35.80393],[-116.18694,35.80392]]],[[[-116.18855,35.80609],[-116.18862,35.806],[-116.18847,35.80585],[-116.18858,35.8057],[-116.18845,35.80565],[-116.18809,35.80578],[-116.18781,35.80566],[-116.187,35.80578],[-116.18685,35.80601],[-116.18646,35.80614],[-116.18562,35.80572],[-116.18524,35.80594],[-116.18503,35.8056],[-116.18463,35.80552],[-116.18441,35.80563],[-116.18441,35.80577],[-116.18384,35.80569],[-116.1837,35.80584],[-116.18345,35.80579],[-116.18323,35.80618],[-116.18296,35.8062],[-116.18287,35.80648],[-116.1825,35.80665],[-116.18225,35.80656],[-116.1819,35.80674],[-116.18178,35.80657],[-116.18154,35.80667],[-116.18112,35.8063],[-116.18059,35.80633],[-116.18011,35.80664],[-116.18001,35.80654],[-116.17957,35.80658],[-116.17946,35.80649],[-116.17968,35.80629],[-116.17958,35.80617],[-116.17937,35.80622],[-116.1791,35.80594],[-116.17942,35.80576],[-116.17994,35.80594],[-116.18125,35.80591],[-116.18127,35.80601],[-116.18181,35.80589],[-116.18212,35.80552],[-116.1823,35.80571],[-116.18305,35.80511],[-116.18357,35.80531],[-116.18378,35.80526],[-116.18423,35.80477],[-116.18385,35.8043],[-116.18408,35.80398],[-116.1845,35.80382],[-116.18475,35.80366],[-116.18477,35.80348],[-116.18504,35.80337],[-116.1855,35.80361],[-116.18574,35.80352],[-116.18564,35.80332],[-116.18471,35.80329],[-116.18471,35.80269],[-116.18511,35.80274],[-116.18555,35.80305],[-116.18615,35.80324],[-116.18646,35.80319],[-116.1864,35.80338],[-116.18658,35.80346],[-116.18646,35.80349],[-116.18666,35.80352],[-116.18662,35.80362],[-116.18703,35.80406],[-116.187,35.80421],[-116.18675,35.80434],[-116.18681,35.8044],[-116.18793,35.80465],[-116.18851,35.80456],[-116.18859,35.80461],[-116.18849,35.80467],[-116.18895,35.8049],[-116.18911,35.80539],[-116.18889,35.80557],[-116.18886,35.80607],[-116.18855,35.80609]]],[[[-116.18781,35.80571],[-116.1878,35.8057],[-116.18782,35.8057],[-116.18781,35.80571]]],[[[-116.18854,35.80599],[-116.18856,35.80597],[-116.18855,35.80599],[-116.18854,35.80599]]],[[[-116.18852,35.806],[-116.18854,35.80599],[-116.18852,35.80601],[-116.18852,35.806]]],[[[-116.18858,35.80604],[-116.18858,35.80603],[-116.18859,35.80603],[-116.18858,35.80604]]],[[[-116.18296,35.80633],[-116.18296,35.80632],[-116.18297,35.80633],[-116.18296,35.80633]]],[[[-116.18248,35.80665],[-116.18248,35.80666],[-116.18247,35.80665],[-116.18248,35.80665]]],[[[-116.18246,35.80666],[-116.18247,35.80665],[-116.18247,35.80666],[-116.18246,35.80666]]],[[[-116.18249,35.80667],[-116.1825,35.80665],[-116.1825,35.80668],[-116.18249,35.80667]]],[[[-116.18245,35.80666],[-116.18249,35.80667],[-116.18247,35.80671],[-116.18245,35.80666]]],[[[-116.18245,35.80673],[-116.18244,35.80671],[-116.18246,35.80671],[-116.18245,35.80673]]],[[[-116.18214,35.80554],[-116.18215,35.80553],[-116.18215,35.80554],[-116.18214,35.80554]]],[[[-116.18227,35.80555],[-116.18226,35.80555],[-116.18226,35.80554],[-116.18227,35.80555]]],[[[-116.18225,35.80555],[-116.18226,35.80555],[-116.18226,35.80556],[-116.18225,35.80555]]],[[[-116.18224,35.80556],[-116.18225,35.80556],[-116.18224,35.80557],[-116.18224,35.80556]]],[[[-116.17915,35.80582],[-116.17916,35.80584],[-116.17914,35.80583],[-116.17915,35.80582]]],[[[-116.17911,35.80584],[-116.17916,35.80584],[-116.17913,35.80586],[-116.17911,35.80584]]],[[[-116.17911,35.80588],[-116.17912,35.80587],[-116.17913,35.80589],[-116.17911,35.80588]]],[[[-116.18078,35.80639],[-116.1808,35.80638],[-116.18079,35.80639],[-116.18078,35.80639]]],[[[-116.18032,35.80652],[-116.18034,35.80651],[-116.18033,35.80652],[-116.18032,35.80652]]],[[[-116.18002,35.80661],[-116.18003,35.8066],[-116.18003,35.80661],[-116.18002,35.80661]]],[[[-116.18002,35.80664],[-116.18,35.80663],[-116.18002,35.80661],[-116.18002,35.80664]]]]},"properties":{"fire_id":"ufid:2021-CACDD-006676","source_collection":"history-2021","source_objectid":14328,"incident_name":"Willow","mapped_acres":31.77,"mapped_acres_source":"poly_GISAcres","gis_acres":31.77,"auto_acres":31.766759067701106,"reported_acres":32.0,"percent_contained":null,"state":"CA","state_wfigs":"US-CA","county":"Inyo","discovery_time_utc":"2021-04-17T04:53:00Z","perimeter_time_utc":"2021-04-21T02:15:00Z","perimeter_edit_time_utc":"2023-03-14T15:13:42Z","incident_modified_time_utc":"2021-08-02T19:00:14Z","containment_time_utc":"2021-04-29T00:47:00Z","control_time_utc":"2021-04-29T14:50:00Z","fire_out_time_utc":"2021-07-10T20:08:00Z","fire_cause":"Human","fire_cause_general":"Other causes","map_method":"Mixed Methods","source_dataset":"FFP","unique_fire_identifier":"2021-CACDD-006676","irwin_id":"{4E974CB6-C9E7-49F6-84B4-0887060B2E4E}","global_id":"870d3609-3d83-4fdd-aeec-5dab6c5357e1"}},{"type":"Feature","geometry":{"type":"MultiPolygon","coordinates":[[[[-119.82803,38.62933],[-119.82795,38.62938],[-119.82788,38.62923],[-119.82803,38.62933]]],[[[-119.76976,38.63197],[-119.76971,38.63169],[-119.77007,38.63161],[-119.77009,38.6321],[-119.76976,38.63197]]],[[[-119.74973,38.65711],[-119.74963,38.65684],[-119.74976,38.65677],[-119.74995,38.65688],[-119.74995,38.65716],[-119.74979,38.65727],[-119.74959,38.65721],[-119.74973,38.65711]]],[[[-119.86489,38.66185],[-119.8651,38.66232],[-119.86457,38.66262],[-119.86425,38.66315],[-119.8641,38.66379],[-119.8637,38.66407],[-119.86352,38.66352],[-119.86391,38.66315],[-119.86337,38.66309],[-119.86356,38.66252],[-119.86331,38.66237],[-119.86327,38.6622],[-119.86378,38.66187],[-119.86346,38.6615],[-119.86319,38.66143],[-119.86281,38.66102],[-119.86282,38.66087],[-119.86344,38.66061],[-119.8638,38.66064],[-119.86453,38.66129],[-119.86433,38.66171],[-119.86489,38.66185]]],[[[-119.73298,38.66932],[-119.73339,38.66927],[-119.73343,38.66958],[-119.73328,38.6697],[-119.73303,38.6696],[-119.73298,38.66932]]],[[[-119.71968,38.68765],[-119.71911,38.68737],[-119.71905,38.68714],[-119.71929,38.68706],[-119.71968,38.68765]]],[[[-119.72448,38.68962],[-119.72423,38.68934],[-119.72461,38.68934],[-119.7247,38.68949],[-119.72448,38.68962]]],[[[-119.89631,38.70276],[-119.89611,38.70293],[-119.89602,38.70288],[-119.89623,38.70262],[-119.89631,38.70276]]],[[[-119.90134,38.70512],[-119.90144,38.7048],[-119.90137,38.70454],[-119.9015,38.70442],[-119.90217,38.70458],[-119.90184,38.70412],[-119.90295,38.7043],[-119.90316,38.70459],[-119.90259,38.7049],[-119.90258,38.70505],[-119.90219,38.70505],[-119.90239,38.70518],[-119.90219,38.70538],[-119.90215,38.70526],[-119.90181,38.70534],[-119.90155,38.70509],[-119.90134,38.70512]]],[[[-119.88697,38.70524],[-119.88706,38.70498],[-119.88724,38.70507],[-119.88726,38.70527],[-119.88697,38.70524]]],[[[-119.89958,38.70574],[-119.89984,38.70559],[-119.90008,38.70586],[-119.89969,38.70603],[-119.89958,38.70574]]],[[[-119.61817,38.79535],[-119.61646,38.79503],[-119.61595,38.7947],[-119.61545,38.79463],[-119.61496,38.79411],[-119.61526,38.7923],[-119.61278,38.79173],[-119.61238,38.79196],[-119.61001,38.79205],[-119.61019,38.79168],[-119.61058,38.79142],[-119.6102,38.7913],[-119.60963,38.79046],[-119.60889,38.79042],[-119.60794,38.79112],[-119.60739,38.79118],[-119.60735,38.79147],[-119.60625,38.79205],[-119.60488,38.79376],[-119.60365,38.79445],[-119.60331,38.79485],[-119.60248,38.79516],[-119.60231,38.79564],[-119.60195,38.79594],[-119.60142,38.79615],[-119.6009,38.79569],[-119.60036,38.79472],[-119.59914,38.79341],[-119.59878,38.79249],[-119.59879,38.79185],[-119.59916,38.79167],[-119.59972,38.79169],[-119.59991,38.79186],[-119.59985,38.79294],[-119.60068,38.79368],[-119.60055,38.79332],[-119.60071,38.79265],[-119.60103,38.79243],[-119.60116,38.79215],[-119.60062,38.79177],[-119.60069,38.79132],[-119.60146,38.79116],[-119.60104,38.79096],[-119.60048,38.79115],[-119.5978,38.7908],[-119.59776,38.79051],[-119.59574,38.78891],[-119.59485,38.78792],[-119.59463,38.78725],[-119.59316,38.78576],[-119.59162,38.78501],[-119.59139,38.78473],[-119.59087,38.78452],[-119.59054,38.78455],[-119.58887,38.78254],[-119.58788,38.78206],[-119.5875,38.78165],[-119.58747,38.78132],[-119.58825,38.78159],[-119.58994,38.78282],[-119.59065,38.78303],[-119.59038,38.7821],[-119.59057,38.78192],[-119.59099,38.78194],[-119.59183,38.7826],[-119.59254,38.78277],[-119.59277,38.78311],[-119.593,38.78392],[-119.59342,38.78454],[-119.59469,38.78471],[-119.59559,38.78441],[-119.59542,38.78367],[-119.59508,38.78345],[-119.59412,38.78335],[-119.59279,38.78246],[-119.59275,38.78214],[-119.59304,38.78196],[-119.59429,38.78175],[-119.59514,38.78183],[-119.59588,38.7829],[-119.59648,38.7831],[-119.59821,38.78296],[-119.59844,38.78221],[-119.59867,38.78207],[-119.59969,38.78192],[-119.59991,38.78163],[-119.60009,38.78105],[-119.60003,38.78055],[-119.59936,38.7805],[-119.59926,38.77983],[-119.59876,38.77931],[-119.59833,38.77925],[-119.59775,38.77856],[-119.59724,38.77851],[-119.59733,38.77801],[-119.59621,38.77782],[-119.59569,38.7772],[-119.59582,38.77649],[-119.59625,38.77628],[-119.59625,38.77614],[-119.59589,38.7748],[-119.59572,38.7747],[-119.59565,38.77402],[-119.59584,38.77392],[-119.59564,38.77336],[-119.59494,38.77309],[-119.59483,38.7723],[-119.5949,38.77194],[-119.5956,38.77172],[-119.59559,38.76959],[-119.59507,38.76974],[-119.59423,38.76969],[-119.59345,38.7694],[-119.59354,38.76898],[-119.59338,38.76872],[-119.59273,38.76806],[-119.59219,38.76782],[-119.59143,38.76768],[-119.59082,38.76841],[-119.59016,38.7682],[-119.5899,38.76793],[-119.59033,38.76607],[-119.5889,38.76558],[-119.58675,38.76584],[-119.58458,38.76593],[-119.58389,38.76558],[-119.58302,38.76628],[-119.58317,38.76656],[-119.58263,38.76666],[-119.58255,38.76694],[-119.58242,38.76703],[-119.58211,38.76697],[-119.58188,38.76722],[-119.58179,38.76787],[-119.58194,38.76831],[-119.58181,38.76953],[-119.58126,38.76944],[-119.58087,38.76992],[-119.58075,38.77041],[-119.58106,38.77122],[-119.58079,38.77191],[-119.58037,38.7722],[-119.58022,38.77247],[-119.58058,38.77279],[-119.58128,38.77419],[-119.58179,38.77463],[-119.58158,38.77499],[-119.58196,38.77523],[-119.58209,38.77578],[-119.58262,38.77611],[-119.5833,38.77695],[-119.58305,38.7786],[-119.58187,38.77854],[-119.58125,38.77897],[-119.58095,38.77874],[-119.58032,38.77876],[-119.57936,38.77901],[-119.5783,38.77988],[-119.57881,38.7804],[-119.57806,38.78046],[-119.57749,38.77973],[-119.57755,38.77945],[-119.57713,38.77972],[-119.57676,38.77964],[-119.57643,38.77999],[-119.57532,38.78005],[-119.57507,38.7802],[-119.57476,38.78002],[-119.57423,38.78003],[-119.5733,38.781],[-119.57326,38.78121],[-119.57351,38.78139],[-119.57344,38.78166],[-119.57295,38.78192],[-119.57224,38.78207],[-119.57144,38.78197],[-119.57134,38.78209],[-119.57184,38.78277],[-119.57176,38.78331],[-119.5715,38.7837],[-119.57129,38.78372],[-119.57116,38.78355],[-119.57065,38.78376],[-119.57042,38.78304],[-119.57011,38.78299],[-119.56984,38.78277],[-119.5695,38.78279],[-119.56847,38.78364],[-119.56831,38.78405],[-119.56831,38.78495],[-119.56768,38.78555],[-119.567,38.78568],[-119.56634,38.78561],[-119.56456,38.78575],[-119.56428,38.78548],[-119.56271,38.78641],[-119.56191,38.78668],[-119.56175,38.78692],[-119.56131,38.7863],[-119.56116,38.78638],[-119.56089,38.78696],[-119.55958,38.78681],[-119.55872,38.78719],[-119.55864,38.78733],[-119.55883,38.78752],[-119.55844,38.7874],[-119.55782,38.78744],[-119.55804,38.78763],[-119.55812,38.78799],[-119.5578,38.78814],[-119.55735,38.78918],[-119.55658,38.78985],[-119.55676,38.79076],[-119.55644,38.7905],[-119.55653,38.79133],[-119.55628,38.79148],[-119.55627,38.79239],[-119.55604,38.79289],[-119.55611,38.79315],[-119.55598,38.79369],[-119.55574,38.7936],[-119.55546,38.79307],[-119.5546,38.79309],[-119.55378,38.79345],[-119.55333,38.79314],[-119.55234,38.79293],[-119.5525,38.79272],[-119.5523,38.79265],[-119.55324,38.7919],[-119.55341,38.79159],[-119.55348,38.79121],[-119.55335,38.79101],[-119.55353,38.79056],[-119.5537,38.79034],[-119.55407,38.79026],[-119.55408,38.78999],[-119.5537,38.78987],[-119.55369,38.78976],[-119.55406,38.78953],[-119.55404,38.78939],[-119.55432,38.7891],[-119.55421,38.78844],[-119.55344,38.78833],[-119.55293,38.78852],[-119.55277,38.7885],[-119.55278,38.78832],[-119.55239,38.78833],[-119.55208,38.78868],[-119.55216,38.78906],[-119.55202,38.78917],[-119.55203,38.78949],[-119.55188,38.78936],[-119.5518,38.78948],[-119.55208,38.79057],[-119.55189,38.79072],[-119.55163,38.79065],[-119.55142,38.79042],[-119.55129,38.79002],[-119.55071,38.78948],[-119.55044,38.78899],[-119.55011,38.78885],[-119.55002,38.78893],[-119.54974,38.78958],[-119.54995,38.79009],[-119.55002,38.79113],[-119.5491,38.79173],[-119.54888,38.79231],[-119.54863,38.79245],[-119.54877,38.79308],[-119.54866,38.79358],[-119.54843,38.79382],[-119.54818,38.79364],[-119.54819,38.79313],[-119.54857,38.79185],[-119.5486,38.79131],[-119.54912,38.7902],[-119.5491,38.79002],[-119.54905,38.78991],[-119.54879,38.79003],[-119.54867,38.79061],[-119.54846,38.79036],[-119.54814,38.78933],[-119.54779,38.78933],[-119.54772,38.78996],[-119.54641,38.79042],[-119.54566,38.7915],[-119.54533,38.79174],[-119.54348,38.79207],[-119.54264,38.79164],[-119.54113,38.79122],[-119.54006,38.79151],[-119.53994,38.79196],[-119.53931,38.79273],[-119.53871,38.79275],[-119.53793,38.79253],[-119.53733,38.7927],[-119.5374,38.79301],[-119.53857,38.79399],[-119.53855,38.79448],[-119.53829,38.79485],[-119.53833,38.79511],[-119.53801,38.79545],[-119.5378,38.79563],[-119.53703,38.79583],[-119.53536,38.79554],[-119.53503,38.79595],[-119.53465,38.79607],[-119.53421,38.79581],[-119.53423,38.79465],[-119.53357,38.79428],[-119.53299,38.79348],[-119.53281,38.79285],[-119.53255,38.79259],[-119.53254,38.79216],[-119.53235,38.79209],[-119.53257,38.7911],[-119.53254,38.79083],[-119.53223,38.79059],[-119.53247,38.79014],[-119.53241,38.78969],[-119.53279,38.78835],[-119.53393,38.7868],[-119.53405,38.78643],[-119.53493,38.78548],[-119.53514,38.78542],[-119.53552,38.78477],[-119.53595,38.78439],[-119.53847,38.78374],[-119.53924,38.7833],[-119.53909,38.78248],[-119.5388,38.78221],[-119.53854,38.78168],[-119.53825,38.7803],[-119.53751,38.77998],[-119.5378,38.77951],[-119.53778,38.77917],[-119.53799,38.77909],[-119.5381,38.77836],[-119.53882,38.77812],[-119.53896,38.77748],[-119.54,38.77732],[-119.54025,38.77692],[-119.54007,38.77661],[-119.54033,38.77628],[-119.54158,38.77608],[-119.54248,38.77632],[-119.54358,38.77614],[-119.54423,38.77564],[-119.54418,38.7751],[-119.54361,38.77398],[-119.544,38.77339],[-119.54368,38.7733],[-119.54288,38.77349],[-119.54234,38.77299],[-119.54183,38.77291],[-119.54127,38.77293],[-119.54068,38.77339],[-119.53953,38.77357],[-119.53901,38.77328],[-119.53887,38.77286],[-119.53843,38.77263],[-119.53855,38.77212],[-119.5383,38.77194],[-119.53824,38.77161],[-119.53764,38.77057],[-119.5382,38.76878],[-119.53815,38.76772],[-119.53766,38.76735],[-119.53664,38.76738],[-119.53627,38.76759],[-119.53598,38.76727],[-119.53622,38.76679],[-119.53679,38.76647],[-119.53709,38.76665],[-119.53768,38.76669],[-119.53843,38.76642],[-119.53889,38.76655],[-119.53897,38.76786],[-119.53921,38.76826],[-119.53987,38.76886],[-119.54086,38.76896],[-119.5416,38.76885],[-119.543,38.76804],[-119.54331,38.76746],[-119.5436,38.76539],[-119.54467,38.76478],[-119.54706,38.76395],[-119.54769,38.76334],[-119.54798,38.76287],[-119.54802,38.76254],[-119.54735,38.76152],[-119.5473,38.76093],[-119.54626,38.76051],[-119.54574,38.76015],[-119.546,38.7596],[-119.54656,38.75956],[-119.54741,38.75923],[-119.54758,38.75896],[-119.54745,38.75845],[-119.54699,38.75789],[-119.54697,38.75751],[-119.54668,38.75736],[-119.54663,38.75716],[-119.54642,38.75718],[-119.54617,38.75698],[-119.54531,38.75691],[-119.54538,38.75708],[-119.54487,38.75712],[-119.54485,38.7573],[-119.54462,38.75717],[-119.54441,38.75721],[-119.54426,38.75694],[-119.54441,38.75647],[-119.54553,38.75659],[-119.54565,38.75639],[-119.54594,38.75654],[-119.54594,38.75634],[-119.54661,38.75644],[-119.54694,38.75631],[-119.54722,38.75597],[-119.54749,38.75605],[-119.5477,38.75582],[-119.5478,38.75543],[-119.5481,38.75537],[-119.5482,38.75522],[-119.54834,38.75537],[-119.54884,38.75527],[-119.54883,38.75539],[-119.5491,38.75542],[-119.5489,38.75552],[-119.54977,38.75586],[-119.54968,38.75553],[-119.54983,38.75541],[-119.55018,38.75578],[-119.55071,38.75603],[-119.55055,38.75581],[-119.55063,38.75548],[-119.55,38.75472],[-119.54997,38.75438],[-119.54949,38.75436],[-119.54932,38.75474],[-119.54912,38.75455],[-119.5492,38.75413],[-119.54993,38.75359],[-119.55003,38.75333],[-119.54979,38.75324],[-119.54879,38.7534],[-119.54887,38.75307],[-119.54866,38.75298],[-119.54889,38.75277],[-119.54914,38.75286],[-119.54939,38.75265],[-119.54994,38.7528],[-119.55052,38.75271],[-119.5507,38.75217],[-119.55047,38.75194],[-119.55049,38.75165],[-119.55074,38.75168],[-119.55113,38.75198],[-119.55141,38.75191],[-119.55149,38.75181],[-119.5513,38.7514],[-119.5513,38.75088],[-119.55108,38.75042],[-119.55113,38.7502],[-119.55134,38.75029],[-119.55137,38.75051],[-119.55156,38.75064],[-119.55173,38.75056],[-119.55182,38.75026],[-119.55225,38.75015],[-119.55235,38.75091],[-119.55253,38.75124],[-119.55305,38.75122],[-119.55313,38.75135],[-119.55377,38.75143],[-119.55416,38.75074],[-119.55488,38.75081],[-119.55502,38.75065],[-119.55633,38.75082],[-119.55691,38.75047],[-119.5574,38.7506],[-119.55797,38.75035],[-119.55861,38.74972],[-119.55875,38.74942],[-119.55863,38.74931],[-119.55826,38.7494],[-119.55815,38.74865],[-119.55648,38.74875],[-119.55634,38.74828],[-119.55604,38.74822],[-119.55603,38.74767],[-119.55545,38.7475],[-119.5556,38.74729],[-119.5554,38.7471],[-119.55613,38.74688],[-119.55619,38.74644],[-119.55635,38.74633],[-119.55678,38.74633],[-119.5573,38.74607],[-119.55757,38.74528],[-119.55809,38.74544],[-119.55825,38.74535],[-119.55829,38.74514],[-119.55851,38.74506],[-119.55902,38.74526],[-119.55928,38.74557],[-119.5596,38.74552],[-119.55973,38.74564],[-119.56008,38.74546],[-119.56028,38.74561],[-119.56075,38.74561],[-119.5607,38.7453],[-119.56084,38.74532],[-119.56089,38.7451],[-119.56138,38.74476],[-119.56127,38.74444],[-119.56101,38.74444],[-119.56076,38.74427],[-119.56084,38.74414],[-119.56047,38.74369],[-119.55996,38.74359],[-119.56008,38.74326],[-119.55995,38.74315],[-119.55976,38.74307],[-119.55948,38.74327],[-119.55903,38.74302],[-119.55863,38.74315],[-119.55865,38.7434],[-119.55844,38.74339],[-119.55844,38.74308],[-119.55918,38.74282],[-119.55935,38.74238],[-119.55898,38.74226],[-119.55877,38.74179],[-119.55888,38.74169],[-119.55909,38.74164],[-119.55925,38.74189],[-119.55994,38.74231],[-119.56028,38.74317],[-119.56062,38.74338],[-119.56087,38.74374],[-119.56223,38.74406],[-119.56279,38.74389],[-119.56282,38.7437],[-119.56235,38.74311],[-119.56211,38.74315],[-119.56168,38.74276],[-119.56159,38.74226],[-119.56132,38.74233],[-119.56152,38.74167],[-119.561,38.74164],[-119.56095,38.74218],[-119.56058,38.74193],[-119.56069,38.74138],[-119.56094,38.74107],[-119.56074,38.74048],[-119.56096,38.74062],[-119.56124,38.74008],[-119.56118,38.73978],[-119.56075,38.73945],[-119.56061,38.73908],[-119.5607,38.73902],[-119.56102,38.73919],[-119.56133,38.73909],[-119.56148,38.7389],[-119.56146,38.73864],[-119.56161,38.73856],[-119.56202,38.73886],[-119.56338,38.7387],[-119.56342,38.7384],[-119.56355,38.73838],[-119.56444,38.73852],[-119.56438,38.73818],[-119.56455,38.73812],[-119.56457,38.73792],[-119.56482,38.73791],[-119.56493,38.73755],[-119.56565,38.73679],[-119.56523,38.73683],[-119.56517,38.73707],[-119.56508,38.73691],[-119.56517,38.73662],[-119.56582,38.7363],[-119.56586,38.73613],[-119.56681,38.73598],[-119.56681,38.73576],[-119.56658,38.73558],[-119.56601,38.73562],[-119.56565,38.7358],[-119.5657,38.73524],[-119.56588,38.7349],[-119.56567,38.73474],[-119.56533,38.73472],[-119.56526,38.73457],[-119.56461,38.7345],[-119.56451,38.73371],[-119.56428,38.73333],[-119.56433,38.73298],[-119.56459,38.73275],[-119.56487,38.73279],[-119.56544,38.73309],[-119.56595,38.73363],[-119.56688,38.73363],[-119.56679,38.73337],[-119.56697,38.73327],[-119.56712,38.73334],[-119.56707,38.73351],[-119.56718,38.73359],[-119.56775,38.73234],[-119.56731,38.73164],[-119.56761,38.72997],[-119.56722,38.72994],[-119.56722,38.72943],[-119.56737,38.72924],[-119.56768,38.72915],[-119.56855,38.72907],[-119.56998,38.72778],[-119.56977,38.7261],[-119.56897,38.72502],[-119.56827,38.72463],[-119.56845,38.7245],[-119.56863,38.72338],[-119.568,38.72265],[-119.56637,38.72225],[-119.56231,38.72277],[-119.56163,38.72312],[-119.5607,38.72299],[-119.56044,38.72282],[-119.55991,38.72291],[-119.55968,38.72248],[-119.55881,38.72231],[-119.55784,38.72059],[-119.55432,38.7195],[-119.55421,38.71769],[-119.55369,38.7164],[-119.55378,38.71584],[-119.55369,38.71532],[-119.55396,38.71386],[-119.55377,38.71324],[-119.55359,38.71142],[-119.55361,38.7113],[-119.55396,38.71129],[-119.55368,38.71028],[-119.55386,38.71],[-119.5551,38.70973],[-119.55564,38.70906],[-119.55575,38.70773],[-119.55567,38.7075],[-119.55581,38.70727],[-119.55555,38.70704],[-119.55584,38.70699],[-119.55602,38.70653],[-119.55552,38.70578],[-119.55558,38.70511],[-119.55613,38.70447],[-119.55615,38.70437],[-119.55586,38.70436],[-119.55588,38.70423],[-119.5565,38.70423],[-119.55659,38.70453],[-119.55677,38.70456],[-119.55768,38.70425],[-119.5579,38.70392],[-119.55869,38.70375],[-119.55914,38.7031],[-119.55986,38.70297],[-119.56014,38.70266],[-119.56053,38.70254],[-119.56062,38.70233],[-119.56046,38.70219],[-119.56108,38.70183],[-119.56234,38.70188],[-119.56237,38.70212],[-119.56298,38.70223],[-119.56348,38.70214],[-119.56457,38.70238],[-119.56452,38.70213],[-119.56417,38.70194],[-119.56392,38.70108],[-119.56512,38.70046],[-119.56601,38.70032],[-119.56714,38.70072],[-119.56662,38.70088],[-119.56646,38.70106],[-119.56648,38.70122],[-119.56725,38.70158],[-119.56649,38.7019],[-119.56645,38.70206],[-119.56675,38.70232],[-119.56801,38.7024],[-119.5686,38.70209],[-119.56988,38.70187],[-119.56989,38.70201],[-119.56951,38.70222],[-119.56948,38.70244],[-119.56996,38.7028],[-119.57031,38.70279],[-119.57079,38.70225],[-119.57059,38.7021],[-119.57065,38.702],[-119.57099,38.70167],[-119.57133,38.70157],[-119.57164,38.70094],[-119.57308,38.70052],[-119.57317,38.70037],[-119.57304,38.70012],[-119.57355,38.69995],[-119.5737,38.69971],[-119.57405,38.69966],[-119.57421,38.69967],[-119.57426,38.69994],[-119.57409,38.70019],[-119.57446,38.70016],[-119.57468,38.6999],[-119.57493,38.69991],[-119.57486,38.70022],[-119.57505,38.70021],[-119.57517,38.70053],[-119.57537,38.70064],[-119.57553,38.69949],[-119.57577,38.69943],[-119.57602,38.69961],[-119.5761,38.6999],[-119.576,38.70025],[-119.57653,38.70064],[-119.5768,38.70051],[-119.5772,38.70108],[-119.57794,38.70124],[-119.57824,38.70086],[-119.57946,38.70097],[-119.57988,38.70127],[-119.58002,38.70125],[-119.58011,38.70102],[-119.58035,38.70098],[-119.58013,38.70134],[-119.58018,38.70148],[-119.58054,38.70149],[-119.58063,38.70164],[-119.58163,38.70205],[-119.58248,38.70159],[-119.58378,38.70171],[-119.58435,38.70251],[-119.58544,38.70286],[-119.58541,38.70336],[-119.58563,38.70333],[-119.58568,38.70348],[-119.5853,38.70422],[-119.58541,38.70445],[-119.5848,38.70519],[-119.58564,38.70563],[-119.58615,38.70566],[-119.58619,38.70548],[-119.58579,38.70519],[-119.58579,38.7048],[-119.58626,38.7048],[-119.58719,38.70415],[-119.58721,38.70398],[-119.58764,38.70392],[-119.58805,38.70344],[-119.58783,38.70317],[-119.58844,38.70235],[-119.58829,38.70236],[-119.58828,38.70222],[-119.58892,38.70088],[-119.58917,38.69962],[-119.58912,38.69916],[-119.59045,38.69703],[-119.59128,38.69633],[-119.59189,38.69513],[-119.592,38.69447],[-119.59252,38.69402],[-119.59305,38.69305],[-119.59414,38.69237],[-119.59449,38.69175],[-119.59563,38.69053],[-119.59605,38.69027],[-119.59647,38.69022],[-119.59671,38.68997],[-119.59704,38.6902],[-119.59934,38.69029],[-119.59978,38.69066],[-119.60092,38.69112],[-119.60264,38.69446],[-119.60271,38.69581],[-119.60128,38.69718],[-119.60113,38.69812],[-119.60144,38.70132],[-119.60196,38.70211],[-119.60266,38.70406],[-119.6029,38.70433],[-119.60558,38.70443],[-119.60733,38.70421],[-119.60855,38.70422],[-119.60941,38.70476],[-119.61031,38.7049],[-119.61071,38.70591],[-119.60976,38.70757],[-119.60909,38.70775],[-119.6082,38.70771],[-119.60816,38.70782],[-119.60831,38.70857],[-119.60876,38.70955],[-119.60947,38.71021],[-119.61022,38.71156],[-119.61023,38.71184],[-119.61105,38.71317],[-119.6134,38.71291],[-119.61443,38.71327],[-119.61553,38.71524],[-119.61599,38.71538],[-119.61731,38.71531],[-119.61796,38.71506],[-119.61888,38.71496],[-119.62045,38.71526],[-119.62086,38.71554],[-119.62119,38.71629],[-119.62142,38.71773],[-119.62168,38.71799],[-119.62184,38.71849],[-119.62162,38.71878],[-119.62163,38.71964],[-119.62204,38.72083],[-119.62157,38.72104],[-119.62104,38.72225],[-119.61929,38.72233],[-119.61942,38.72273],[-119.61857,38.72349],[-119.61872,38.72351],[-119.61909,38.72399],[-119.62141,38.72443],[-119.62284,38.72486],[-119.62287,38.72508],[-119.62297,38.72507],[-119.62329,38.72566],[-119.62332,38.72601],[-119.62282,38.72633],[-119.62299,38.72715],[-119.62498,38.72724],[-119.62522,38.72691],[-119.62556,38.72699],[-119.62584,38.72727],[-119.627,38.72769],[-119.62895,38.72816],[-119.63022,38.7295],[-119.63291,38.72976],[-119.63384,38.7301],[-119.63382,38.73027],[-119.63417,38.73039],[-119.6346,38.73086],[-119.63459,38.73121],[-119.63435,38.73134],[-119.63435,38.7315],[-119.63496,38.73187],[-119.63526,38.73238],[-119.63603,38.73261],[-119.63702,38.7324],[-119.63751,38.73279],[-119.63832,38.73278],[-119.63865,38.73289],[-119.63895,38.73312],[-119.63905,38.73357],[-119.63887,38.73411],[-119.6392,38.73436],[-119.64008,38.73477],[-119.64225,38.73516],[-119.64235,38.73578],[-119.64264,38.73601],[-119.64264,38.73705],[-119.64282,38.73753],[-119.64279,38.73854],[-119.64253,38.73864],[-119.64198,38.73955],[-119.64189,38.73994],[-119.64176,38.73989],[-119.64165,38.74007],[-119.64152,38.741],[-119.64165,38.74162],[-119.64216,38.74236],[-119.64262,38.74187],[-119.64445,38.7416],[-119.64485,38.74125],[-119.64483,38.74097],[-119.64382,38.74032],[-119.64528,38.73954],[-119.64538,38.73917],[-119.64492,38.739],[-119.64498,38.73871],[-119.64549,38.7384],[-119.64596,38.7375],[-119.64609,38.73649],[-119.64546,38.73682],[-119.64571,38.73642],[-119.64576,38.73571],[-119.64655,38.73471],[-119.64694,38.73385],[-119.64748,38.73355],[-119.6477,38.73311],[-119.64799,38.73298],[-119.64893,38.7321],[-119.64942,38.73141],[-119.65299,38.72925],[-119.65494,38.72739],[-119.65549,38.7266],[-119.65586,38.72512],[-119.65578,38.72466],[-119.65599,38.72455],[-119.65607,38.7239],[-119.65663,38.72285],[-119.65745,38.72182],[-119.65846,38.72084],[-119.6591,38.7196],[-119.65947,38.71855],[-119.66003,38.71761],[-119.66065,38.71691],[-119.66057,38.71673],[-119.6603,38.71667],[-119.6611,38.71641],[-119.66139,38.71643],[-119.6615,38.71667],[-119.66355,38.71655],[-119.66487,38.71452],[-119.6654,38.71277],[-119.6654,38.71218],[-119.66485,38.71184],[-119.66478,38.71163],[-119.66516,38.71113],[-119.66622,38.71099],[-119.66661,38.71118],[-119.66696,38.71103],[-119.66713,38.71125],[-119.66835,38.71102],[-119.66858,38.7108],[-119.6691,38.71099],[-119.67005,38.71094],[-119.67094,38.71127],[-119.67279,38.71148],[-119.67464,38.71052],[-119.67519,38.70968],[-119.67523,38.70877],[-119.6759,38.70819],[-119.6756,38.70768],[-119.67628,38.70697],[-119.67698,38.7069],[-119.67932,38.70562],[-119.6812,38.70588],[-119.68124,38.70629],[-119.68189,38.70625],[-119.68207,38.70609],[-119.68189,38.70604],[-119.68188,38.7059],[-119.68223,38.70577],[-119.68232,38.70542],[-119.68295,38.70523],[-119.68433,38.70446],[-119.68447,38.70411],[-119.68509,38.70342],[-119.68554,38.70315],[-119.68652,38.70303],[-119.68747,38.70316],[-119.68779,38.70349],[-119.68849,38.7038],[-119.68888,38.7045],[-119.68917,38.70557],[-119.68806,38.70595],[-119.68786,38.70665],[-119.6883,38.70694],[-119.68846,38.70763],[-119.68873,38.70765],[-119.68881,38.70779],[-119.68869,38.70855],[-119.68892,38.70886],[-119.68866,38.70944],[-119.68875,38.70981],[-119.68922,38.71042],[-119.68942,38.71241],[-119.68934,38.713],[-119.68952,38.71302],[-119.6895,38.71316],[-119.68837,38.714],[-119.6879,38.71466],[-119.68764,38.71483],[-119.68686,38.71497],[-119.68595,38.71472],[-119.68535,38.71436],[-119.68524,38.71455],[-119.6853,38.71474],[-119.68432,38.71526],[-119.68394,38.71601],[-119.68352,38.7164],[-119.6831,38.71658],[-119.68264,38.71644],[-119.6823,38.71679],[-119.68214,38.71666],[-119.68191,38.71669],[-119.68163,38.71693],[-119.68111,38.71706],[-119.6809,38.71727],[-119.67958,38.71787],[-119.67948,38.71854],[-119.67978,38.71831],[-119.68068,38.71814],[-119.68125,38.71864],[-119.68135,38.71892],[-119.6821,38.71952],[-119.6822,38.71927],[-119.6821,38.71913],[-119.68226,38.71891],[-119.68255,38.71885],[-119.683,38.71909],[-119.68384,38.71893],[-119.68521,38.71802],[-119.68575,38.7173],[-119.6861,38.71725],[-119.6864,38.7168],[-119.68621,38.71682],[-119.6864,38.71641],[-119.68664,38.7166],[-119.68708,38.71658],[-119.68756,38.71615],[-119.68757,38.71601],[-119.68782,38.71601],[-119.68771,38.71599],[-119.68793,38.71584],[-119.68789,38.71564],[-119.6881,38.71558],[-119.68944,38.71599],[-119.68945,38.7162],[-119.68919,38.71647],[-119.68931,38.7167],[-119.68972,38.7166],[-119.68977,38.71692],[-119.69,38.717],[-119.69017,38.71667],[-119.69071,38.71624],[-119.69053,38.71587],[-119.69062,38.7156],[-119.69094,38.7155],[-119.6911,38.71513],[-119.69106,38.71442],[-119.69085,38.71435],[-119.69076,38.7145],[-119.6905,38.71424],[-119.68977,38.71427],[-119.68964,38.71452],[-119.69,38.71474],[-119.6899,38.71499],[-119.68976,38.71501],[-119.689,38.71495],[-119.68857,38.71511],[-119.68841,38.71479],[-119.68901,38.71377],[-119.69023,38.71308],[-119.69112,38.71311],[-119.69157,38.71328],[-119.69188,38.71366],[-119.69192,38.71433],[-119.69176,38.71564],[-119.69148,38.7162],[-119.69151,38.71632],[-119.69187,38.71639],[-119.69203,38.71593],[-119.69232,38.71571],[-119.69293,38.71558],[-119.69404,38.71509],[-119.69486,38.71386],[-119.69574,38.71325],[-119.69627,38.71326],[-119.69617,38.71266],[-119.69704,38.71238],[-119.69765,38.7125],[-119.69792,38.71298],[-119.69792,38.71324],[-119.6981,38.71328],[-119.69895,38.71252],[-119.69932,38.71265],[-119.69956,38.71365],[-119.7001,38.7142],[-119.70036,38.71501],[-119.7011,38.71497],[-119.70128,38.71554],[-119.70076,38.7165],[-119.70089,38.71709],[-119.70138,38.71764],[-119.70173,38.71755],[-119.70179,38.71815],[-119.70219,38.71835],[-119.70218,38.71898],[-119.70273,38.71904],[-119.70351,38.71976],[-119.70347,38.72106],[-119.70323,38.72166],[-119.70283,38.72251],[-119.70219,38.72267],[-119.70264,38.723],[-119.70398,38.72238],[-119.70473,38.72167],[-119.7052,38.72063],[-119.70563,38.72011],[-119.70571,38.71958],[-119.7061,38.71931],[-119.70624,38.71891],[-119.70679,38.71872],[-119.70771,38.71765],[-119.70781,38.7173],[-119.70825,38.71691],[-119.70869,38.71612],[-119.70866,38.71555],[-119.70781,38.71525],[-119.70779,38.71496],[-119.70846,38.71407],[-119.70943,38.71342],[-119.71,38.71327],[-119.71077,38.71281],[-119.71064,38.71271],[-119.70908,38.71333],[-119.70875,38.71309],[-119.70885,38.71261],[-119.70764,38.71245],[-119.7073,38.71222],[-119.7073,38.71132],[-119.70752,38.71064],[-119.70849,38.71021],[-119.70879,38.70985],[-119.70899,38.70955],[-119.70925,38.70853],[-119.70837,38.70826],[-119.70846,38.70779],[-119.70904,38.7077],[-119.70887,38.70753],[-119.70768,38.70778],[-119.7074,38.70654],[-119.70761,38.70593],[-119.70834,38.70535],[-119.70811,38.70482],[-119.70868,38.70403],[-119.70945,38.70431],[-119.71032,38.70489],[-119.71198,38.70356],[-119.71363,38.70287],[-119.71428,38.70282],[-119.71542,38.70319],[-119.71578,38.70456],[-119.71593,38.70578],[-119.7166,38.70606],[-119.71713,38.70608],[-119.71716,38.70624],[-119.7165,38.70666],[-119.71583,38.70731],[-119.71525,38.70876],[-119.71312,38.70964],[-119.71312,38.71071],[-119.71248,38.7112],[-119.71354,38.71192],[-119.71429,38.71192],[-119.71568,38.71217],[-119.71808,38.71285],[-119.71887,38.71313],[-119.7196,38.71367],[-119.72003,38.71363],[-119.72049,38.71336],[-119.72107,38.7139],[-119.72157,38.71376],[-119.72208,38.7139],[-119.72215,38.71357],[-119.72265,38.71355],[-119.72323,38.71325],[-119.72365,38.71339],[-119.72405,38.71276],[-119.72452,38.71293],[-119.72483,38.71394],[-119.7247,38.71408],[-119.72468,38.71444],[-119.72485,38.71475],[-119.72539,38.71543],[-119.72559,38.71559],[-119.72601,38.71564],[-119.72614,38.71586],[-119.72651,38.7155],[-119.72702,38.71457],[-119.72703,38.71354],[-119.72625,38.71234],[-119.72606,38.71184],[-119.72626,38.71103],[-119.72663,38.71046],[-119.72595,38.70892],[-119.72514,38.70757],[-119.7241,38.70476],[-119.72435,38.7039],[-119.72463,38.70346],[-119.72563,38.7037],[-119.72613,38.70484],[-119.72705,38.70632],[-119.72772,38.70799],[-119.72782,38.70855],[-119.72913,38.70936],[-119.73218,38.70926],[-119.73396,38.70946],[-119.73483,38.7094],[-119.73551,38.70962],[-119.73606,38.7096],[-119.73643,38.70923],[-119.73681,38.70844],[-119.7374,38.70823],[-119.73779,38.7084],[-119.73816,38.70884],[-119.73979,38.70954],[-119.74114,38.70927],[-119.74179,38.70892],[-119.7425,38.70875],[-119.7431,38.70879],[-119.7449,38.70824],[-119.74498,38.70718],[-119.74467,38.70613],[-119.74462,38.70549],[-119.74406,38.70418],[-119.74303,38.70303],[-119.74068,38.7024],[-119.73701,38.70172],[-119.73733,38.70135],[-119.73731,38.70086],[-119.73756,38.70011],[-119.7379,38.69981],[-119.73855,38.69964],[-119.73896,38.69896],[-119.73904,38.69805],[-119.73966,38.69703],[-119.73928,38.69654],[-119.7386,38.69639],[-119.73622,38.69671],[-119.73651,38.69636],[-119.7355,38.69595],[-119.73478,38.69526],[-119.73432,38.69507],[-119.73445,38.69492],[-119.73432,38.69465],[-119.73372,38.69438],[-119.73295,38.69454],[-119.7326,38.69477],[-119.73248,38.69511],[-119.73189,38.69509],[-119.73099,38.69477],[-119.73041,38.69295],[-119.73064,38.69246],[-119.73175,38.69147],[-119.73263,38.68943],[-119.73283,38.68827],[-119.73139,38.68807],[-119.73143,38.68722],[-119.73061,38.68595],[-119.73032,38.68582],[-119.72977,38.68596],[-119.7298,38.68629],[-119.72907,38.68644],[-119.72889,38.68676],[-119.729,38.68674],[-119.72907,38.68702],[-119.72879,38.68722],[-119.72914,38.68724],[-119.72919,38.68735],[-119.729,38.68827],[-119.72929,38.68824],[-119.72937,38.68837],[-119.72933,38.68904],[-119.72915,38.68915],[-119.72912,38.68942],[-119.7289,38.68968],[-119.72906,38.69007],[-119.72905,38.69055],[-119.72877,38.69067],[-119.7288,38.69041],[-119.72851,38.69014],[-119.72764,38.69057],[-119.72747,38.6905],[-119.72736,38.69069],[-119.72743,38.69107],[-119.72723,38.69133],[-119.72716,38.69183],[-119.72685,38.69201],[-119.72653,38.69199],[-119.72653,38.69188],[-119.72698,38.69158],[-119.727,38.69125],[-119.72664,38.69102],[-119.72689,38.69081],[-119.72699,38.69045],[-119.72667,38.69041],[-119.72607,38.69],[-119.72557,38.69009],[-119.72573,38.68982],[-119.72531,38.68971],[-119.72527,38.68937],[-119.72551,38.68843],[-119.72532,38.68798],[-119.72485,38.68802],[-119.72396,38.68874],[-119.72359,38.68921],[-119.7232,38.68923],[-119.72316,38.68907],[-119.72411,38.68763],[-119.72375,38.68755],[-119.72392,38.68725],[-119.72386,38.68695],[-119.72325,38.68722],[-119.72264,38.68772],[-119.72244,38.68799],[-119.72252,38.68868],[-119.72227,38.68929],[-119.72125,38.68998],[-119.71969,38.6898],[-119.71982,38.68917],[-119.71973,38.68881],[-119.71963,38.68868],[-119.7191,38.68861],[-119.71913,38.68844],[-119.72006,38.6881],[-119.72073,38.68765],[-119.72103,38.68729],[-119.72138,38.68726],[-119.72182,38.68692],[-119.72217,38.68656],[-119.72275,38.68545],[-119.72362,38.68555],[-119.72398,38.68533],[-119.72479,38.68525],[-119.72494,38.68481],[-119.72556,38.68456],[-119.72575,38.68388],[-119.72597,38.68374],[-119.72668,38.68398],[-119.72708,38.68353],[-119.72722,38.68297],[-119.72708,38.68288],[-119.72653,38.683],[-119.72627,38.68332],[-119.7258,38.68348],[-119.72554,38.68336],[-119.72571,38.68278],[-119.7254,38.6824],[-119.72441,38.68222],[-119.72368,38.68172],[-119.72345,38.68173],[-119.7234,38.68155],[-119.72439,38.68107],[-119.72468,38.68107],[-119.72515,38.68118],[-119.72558,38.68169],[-119.72587,38.6817],[-119.72638,38.6815],[-119.72723,38.68087],[-119.72787,38.68064],[-119.7282,38.68061],[-119.7289,38.68087],[-119.72932,38.68087],[-119.72992,38.68033],[-119.73048,38.68013],[-119.73071,38.67985],[-119.73192,38.6799],[-119.73218,38.67952],[-119.73283,38.67912],[-119.7329,38.67877],[-119.73217,38.67845],[-119.73129,38.67847],[-119.73131,38.67812],[-119.73178,38.67749],[-119.73268,38.67675],[-119.73577,38.6755],[-119.736,38.67526],[-119.73599,38.6745],[-119.73579,38.67358],[-119.73541,38.67326],[-119.73443,38.67284],[-119.73361,38.67076],[-119.73416,38.6695],[-119.73437,38.66944],[-119.73437,38.66932],[-119.73463,38.66931],[-119.7347,38.66977],[-119.73541,38.66976],[-119.73556,38.66986],[-119.73539,38.67098],[-119.73546,38.67112],[-119.73578,38.67116],[-119.73585,38.6714],[-119.73565,38.6724],[-119.73626,38.67281],[-119.73738,38.67274],[-119.73809,38.67232],[-119.73831,38.67179],[-119.73738,38.67184],[-119.73715,38.67136],[-119.73718,38.67102],[-119.73775,38.67009],[-119.73836,38.66958],[-119.73839,38.66912],[-119.73875,38.6688],[-119.73947,38.6687],[-119.74017,38.66808],[-119.74132,38.66828],[-119.74266,38.66809],[-119.74356,38.66691],[-119.74448,38.66664],[-119.74405,38.66582],[-119.74435,38.66523],[-119.74402,38.6647],[-119.74386,38.66409],[-119.74434,38.66377],[-119.74439,38.6633],[-119.74486,38.66262],[-119.74627,38.66238],[-119.7466,38.66204],[-119.74684,38.66143],[-119.74695,38.66041],[-119.74732,38.66025],[-119.7487,38.66009],[-119.74894,38.65993],[-119.74912,38.65956],[-119.74901,38.65946],[-119.74864,38.65951],[-119.74816,38.65908],[-119.74838,38.6589],[-119.74828,38.65873],[-119.7484,38.65816],[-119.7488,38.65811],[-119.74891,38.65837],[-119.74917,38.65811],[-119.74938,38.6581],[-119.74947,38.65838],[-119.75003,38.65805],[-119.75088,38.65722],[-119.75164,38.65678],[-119.75206,38.65673],[-119.75238,38.65591],[-119.75213,38.65555],[-119.75212,38.65517],[-119.75246,38.6538],[-119.75273,38.65351],[-119.75277,38.65316],[-119.75337,38.6531],[-119.75355,38.65287],[-119.75335,38.65229],[-119.75269,38.65185],[-119.7526,38.65138],[-119.75207,38.65136],[-119.75193,38.65088],[-119.75278,38.65045],[-119.75287,38.64999],[-119.75313,38.64968],[-119.75428,38.64954],[-119.7544,38.64947],[-119.75437,38.64914],[-119.75481,38.649],[-119.75456,38.64876],[-119.75483,38.64857],[-119.75487,38.64833],[-119.7544,38.64828],[-119.7543,38.64816],[-119.75493,38.64791],[-119.75516,38.64738],[-119.7549,38.64725],[-119.75486,38.64687],[-119.75551,38.64655],[-119.75557,38.64637],[-119.75493,38.64601],[-119.75493,38.64567],[-119.75484,38.64578],[-119.75397,38.64563],[-119.75392,38.64523],[-119.75459,38.64487],[-119.75478,38.64434],[-119.75565,38.64369],[-119.75566,38.64345],[-119.75549,38.64331],[-119.75542,38.64302],[-119.75559,38.64297],[-119.75543,38.64283],[-119.75539,38.64249],[-119.75553,38.64243],[-119.75533,38.64221],[-119.75553,38.64215],[-119.75572,38.64179],[-119.75536,38.64134],[-119.75647,38.63948],[-119.75625,38.63909],[-119.75634,38.63836],[-119.75682,38.63781],[-119.75735,38.63753],[-119.75844,38.6376],[-119.75884,38.63712],[-119.75893,38.6373],[-119.75934,38.63746],[-119.76046,38.63706],[-119.76062,38.63679],[-119.76047,38.63661],[-119.7605,38.63634],[-119.76029,38.63622],[-119.76088,38.63558],[-119.76087,38.63543],[-119.76099,38.63545],[-119.76117,38.63495],[-119.76142,38.63495],[-119.76191,38.63453],[-119.76222,38.63465],[-119.76235,38.63449],[-119.76224,38.63428],[-119.76238,38.63428],[-119.76254,38.63404],[-119.76264,38.63413],[-119.76256,38.63429],[-119.76284,38.63416],[-119.76293,38.63424],[-119.76284,38.63434],[-119.76329,38.6346],[-119.76355,38.6345],[-119.76358,38.63463],[-119.7639,38.63474],[-119.76396,38.63461],[-119.76383,38.63455],[-119.76399,38.6345],[-119.764,38.63463],[-119.7643,38.63475],[-119.76427,38.63488],[-119.76445,38.63463],[-119.76403,38.6344],[-119.76405,38.63428],[-119.76368,38.63439],[-119.76373,38.63428],[-119.76343,38.63395],[-119.76315,38.63389],[-119.76332,38.63367],[-119.76298,38.63326],[-119.76298,38.63306],[-119.76271,38.63303],[-119.76315,38.63282],[-119.76293,38.63222],[-119.76257,38.63221],[-119.76238,38.63206],[-119.76269,38.6317],[-119.76266,38.6315],[-119.7633,38.63153],[-119.76368,38.63178],[-119.76371,38.63213],[-119.76394,38.63231],[-119.76365,38.6324],[-119.76372,38.63254],[-119.76314,38.63315],[-119.76355,38.63292],[-119.76357,38.63304],[-119.76396,38.63312],[-119.76348,38.63327],[-119.76335,38.63354],[-119.76379,38.63369],[-119.76433,38.63362],[-119.76428,38.63378],[-119.76451,38.63385],[-119.76438,38.63407],[-119.7645,38.63421],[-119.7648,38.63416],[-119.76528,38.63377],[-119.76508,38.63334],[-119.76523,38.63327],[-119.76525,38.63303],[-119.76571,38.63275],[-119.76644,38.63339],[-119.76632,38.63376],[-119.76649,38.6338],[-119.76652,38.63365],[-119.7668,38.63358],[-119.76681,38.63306],[-119.76672,38.63266],[-119.76656,38.63264],[-119.76655,38.63236],[-119.76683,38.63212],[-119.76704,38.63244],[-119.76756,38.63266],[-119.76775,38.63316],[-119.76768,38.63334],[-119.76796,38.63385],[-119.76862,38.63364],[-119.76909,38.63406],[-119.76928,38.63406],[-119.76954,38.63451],[-119.76993,38.63454],[-119.77015,38.63422],[-119.77081,38.63422],[-119.77094,38.63387],[-119.77239,38.63403],[-119.77343,38.63465],[-119.77346,38.63524],[-119.77378,38.63544],[-119.774,38.63545],[-119.77401,38.6352],[-119.77425,38.63547],[-119.77627,38.63566],[-119.77656,38.63489],[-119.7775,38.63502],[-119.77748,38.63434],[-119.77765,38.63433],[-119.77803,38.63349],[-119.77807,38.63309],[-119.77861,38.63239],[-119.77795,38.63224],[-119.77788,38.63205],[-119.7784,38.63184],[-119.77884,38.6319],[-119.78026,38.63092],[-119.78005,38.6306],[-119.78044,38.63029],[-119.78082,38.63031],[-119.78114,38.62967],[-119.78235,38.63009],[-119.78281,38.63],[-119.78312,38.6298],[-119.7834,38.6294],[-119.78345,38.62908],[-119.78394,38.62894],[-119.78418,38.62871],[-119.78437,38.62883],[-119.78493,38.62868],[-119.78513,38.62817],[-119.78546,38.62795],[-119.78519,38.62736],[-119.78565,38.62717],[-119.78538,38.62686],[-119.78569,38.62664],[-119.78607,38.62659],[-119.78594,38.62562],[-119.78559,38.62541],[-119.78628,38.62486],[-119.78661,38.6243],[-119.78626,38.62363],[-119.78585,38.62349],[-119.78608,38.62314],[-119.78759,38.62301],[-119.78778,38.62289],[-119.78785,38.62275],[-119.78755,38.62269],[-119.78781,38.6225],[-119.78763,38.62237],[-119.78727,38.62243],[-119.78697,38.62222],[-119.78704,38.6218],[-119.78724,38.62165],[-119.78817,38.62175],[-119.78839,38.62161],[-119.78884,38.62197],[-119.78918,38.6216],[-119.789,38.62092],[-119.78851,38.62087],[-119.78791,38.62056],[-119.78762,38.61986],[-119.78806,38.6197],[-119.78712,38.61828],[-119.78703,38.61781],[-119.78682,38.61765],[-119.78686,38.61734],[-119.78788,38.61743],[-119.7882,38.61722],[-119.78854,38.61784],[-119.78915,38.61801],[-119.78928,38.61794],[-119.78921,38.61764],[-119.78932,38.61746],[-119.78947,38.61748],[-119.78953,38.6178],[-119.78987,38.61749],[-119.79084,38.617],[-119.79057,38.61663],[-119.79078,38.61666],[-119.79086,38.61642],[-119.79158,38.61657],[-119.79173,38.61706],[-119.79206,38.61729],[-119.79317,38.61737],[-119.79358,38.61758],[-119.79417,38.61734],[-119.79479,38.61779],[-119.79541,38.61769],[-119.79589,38.61697],[-119.79777,38.61728],[-119.79798,38.61691],[-119.7979,38.61636],[-119.79875,38.61665],[-119.79912,38.61659],[-119.79923,38.61667],[-119.79913,38.61678],[-119.79967,38.61687],[-119.80009,38.61679],[-119.80013,38.61656],[-119.80136,38.61626],[-119.80131,38.61606],[-119.80064,38.61537],[-119.80043,38.61483],[-119.80094,38.61455],[-119.80149,38.61444],[-119.802,38.61453],[-119.80201,38.61471],[-119.80259,38.61504],[-119.80263,38.61519],[-119.80247,38.61531],[-119.80298,38.61601],[-119.80392,38.61647],[-119.80469,38.61666],[-119.80514,38.61724],[-119.80578,38.61736],[-119.80607,38.61697],[-119.80665,38.617],[-119.80679,38.61685],[-119.80653,38.61653],[-119.80685,38.61671],[-119.80697,38.61652],[-119.80737,38.61691],[-119.80784,38.61681],[-119.80807,38.61653],[-119.80836,38.61666],[-119.80842,38.61696],[-119.80868,38.61697],[-119.80899,38.61717],[-119.80911,38.61772],[-119.80888,38.61793],[-119.80891,38.61824],[-119.80988,38.61805],[-119.81032,38.61841],[-119.81075,38.61821],[-119.81095,38.61836],[-119.8107,38.61854],[-119.81098,38.61863],[-119.8109,38.61911],[-119.81111,38.61948],[-119.81077,38.61984],[-119.81074,38.62016],[-119.811,38.6207],[-119.8112,38.62066],[-119.81162,38.62021],[-119.81193,38.62026],[-119.81204,38.62061],[-119.81167,38.62134],[-119.81182,38.62168],[-119.81181,38.62215],[-119.81165,38.62235],[-119.81221,38.62289],[-119.81265,38.62294],[-119.81262,38.62283],[-119.81288,38.62281],[-119.81304,38.62308],[-119.81346,38.6232],[-119.81351,38.62337],[-119.81376,38.62344],[-119.81425,38.62286],[-119.81412,38.62261],[-119.81433,38.6223],[-119.81487,38.6221],[-119.81492,38.6217],[-119.81533,38.6213],[-119.81584,38.62123],[-119.81606,38.62097],[-119.81646,38.62115],[-119.81612,38.6218],[-119.81698,38.62218],[-119.8172,38.62263],[-119.81694,38.62301],[-119.81733,38.62331],[-119.81779,38.62332],[-119.81809,38.62352],[-119.81835,38.62352],[-119.81862,38.62321],[-119.81928,38.6235],[-119.81989,38.62324],[-119.82023,38.62324],[-119.82057,38.62301],[-119.8209,38.62312],[-119.82096,38.62358],[-119.82186,38.6236],[-119.822,38.62424],[-119.82224,38.62443],[-119.82237,38.62491],[-119.8227,38.62524],[-119.82182,38.62605],[-119.8222,38.62611],[-119.82232,38.62626],[-119.82217,38.62632],[-119.8221,38.62674],[-119.82217,38.62725],[-119.82187,38.62715],[-119.82184,38.62726],[-119.82199,38.6277],[-119.82176,38.62812],[-119.82165,38.62909],[-119.82295,38.62912],[-119.82329,38.62931],[-119.8236,38.62978],[-119.82407,38.63002],[-119.82417,38.63002],[-119.82383,38.6294],[-119.8239,38.62909],[-119.82419,38.62881],[-119.82498,38.62883],[-119.82528,38.62841],[-119.82534,38.62809],[-119.82559,38.62812],[-119.82565,38.62842],[-119.82591,38.62846],[-119.82596,38.6287],[-119.8266,38.62849],[-119.82688,38.62857],[-119.82665,38.62895],[-119.82731,38.62944],[-119.82745,38.62929],[-119.82782,38.62942],[-119.82772,38.62978],[-119.82823,38.62973],[-119.82897,38.62988],[-119.82962,38.62952],[-119.83098,38.62938],[-119.8313,38.62918],[-119.83163,38.62884],[-119.83191,38.62808],[-119.8324,38.62772],[-119.83269,38.6278],[-119.83266,38.62823],[-119.83358,38.62823],[-119.83359,38.62851],[-119.83419,38.62855],[-119.83458,38.62825],[-119.83468,38.62761],[-119.83486,38.62744],[-119.83554,38.62739],[-119.83623,38.62679],[-119.83654,38.62681],[-119.83675,38.62698],[-119.83717,38.62675],[-119.83805,38.62695],[-119.8388,38.6266],[-119.8388,38.6259],[-119.83926,38.6247],[-119.83908,38.62461],[-119.83912,38.62433],[-119.8388,38.62416],[-119.83903,38.62391],[-119.83829,38.62347],[-119.83855,38.62332],[-119.83822,38.62292],[-119.83777,38.62267],[-119.83785,38.62244],[-119.83805,38.62235],[-119.83801,38.62208],[-119.83862,38.62195],[-119.8398,38.62249],[-119.83981,38.62261],[-119.8396,38.62273],[-119.84011,38.62286],[-119.84088,38.62331],[-119.84083,38.62392],[-119.84031,38.62409],[-119.84006,38.62461],[-119.83984,38.62473],[-119.83982,38.62528],[-119.84017,38.62589],[-119.84047,38.6259],[-119.84034,38.62541],[-119.84042,38.62535],[-119.84104,38.6253],[-119.84109,38.6252],[-119.84154,38.62535],[-119.8417,38.62577],[-119.84217,38.62553],[-119.84203,38.626],[-119.84253,38.62562],[-119.84275,38.62571],[-119.84244,38.62718],[-119.84272,38.62743],[-119.84311,38.62746],[-119.8432,38.62731],[-119.84312,38.62703],[-119.84328,38.62692],[-119.84345,38.62704],[-119.84379,38.62663],[-119.84483,38.62663],[-119.84471,38.62711],[-119.84505,38.62745],[-119.84536,38.62718],[-119.84653,38.62698],[-119.84674,38.6273],[-119.84656,38.62757],[-119.84581,38.628],[-119.84508,38.62813],[-119.84489,38.62858],[-119.8452,38.62873],[-119.84515,38.62861],[-119.84528,38.62854],[-119.84601,38.62844],[-119.84635,38.62897],[-119.84671,38.62918],[-119.8468,38.62958],[-119.84702,38.62978],[-119.84789,38.63],[-119.84817,38.6303],[-119.84725,38.63072],[-119.84773,38.63087],[-119.84798,38.63118],[-119.84863,38.63134],[-119.84869,38.63147],[-119.84918,38.63129],[-119.8493,38.63094],[-119.84965,38.63079],[-119.85029,38.6312],[-119.85074,38.63132],[-119.85081,38.63097],[-119.85109,38.63076],[-119.85153,38.63096],[-119.85211,38.6309],[-119.85278,38.63139],[-119.853,38.63142],[-119.85322,38.63104],[-119.85392,38.63138],[-119.85423,38.63138],[-119.85477,38.631],[-119.85481,38.63063],[-119.85383,38.63003],[-119.85395,38.62973],[-119.85314,38.62973],[-119.85311,38.62961],[-119.85457,38.62932],[-119.85504,38.62947],[-119.85572,38.62909],[-119.85604,38.6293],[-119.8558,38.62972],[-119.8561,38.63002],[-119.85669,38.62994],[-119.85665,38.63016],[-119.8569,38.63048],[-119.85662,38.63078],[-119.85695,38.63108],[-119.85694,38.63145],[-119.85566,38.63109],[-119.85502,38.63163],[-119.85484,38.63196],[-119.85485,38.63244],[-119.85446,38.63256],[-119.8545,38.63277],[-119.85407,38.63292],[-119.85429,38.63321],[-119.85465,38.633],[-119.85543,38.63298],[-119.85595,38.63278],[-119.85595,38.63257],[-119.85665,38.63225],[-119.8569,38.63246],[-119.85687,38.63265],[-119.85667,38.63318],[-119.85629,38.63334],[-119.85634,38.63356],[-119.85623,38.63361],[-119.85669,38.63371],[-119.85653,38.63395],[-119.85695,38.63457],[-119.8569,38.63513],[-119.85625,38.6352],[-119.85606,38.63496],[-119.85547,38.63489],[-119.8551,38.63497],[-119.85494,38.63534],[-119.85482,38.63516],[-119.8546,38.63517],[-119.85451,38.6355],[-119.85483,38.63577],[-119.85484,38.63615],[-119.85472,38.63626],[-119.85431,38.63632],[-119.85411,38.63612],[-119.85392,38.63633],[-119.85356,38.63642],[-119.85349,38.63635],[-119.85375,38.63609],[-119.85297,38.63627],[-119.8528,38.63593],[-119.85267,38.63606],[-119.85274,38.6365],[-119.8532,38.63699],[-119.85255,38.63748],[-119.85258,38.63761],[-119.85291,38.63769],[-119.85254,38.63792],[-119.8529,38.6381],[-119.85311,38.63858],[-119.85343,38.63881],[-119.85338,38.63908],[-119.85318,38.63925],[-119.85333,38.6393],[-119.85365,38.63913],[-119.85394,38.63933],[-119.85448,38.63932],[-119.85495,38.63991],[-119.85464,38.64032],[-119.85465,38.6405],[-119.8552,38.64075],[-119.85563,38.64076],[-119.85579,38.6406],[-119.85617,38.64128],[-119.85645,38.64127],[-119.85655,38.64105],[-119.85644,38.64091],[-119.85665,38.64091],[-119.85688,38.64056],[-119.85705,38.64094],[-119.85759,38.64108],[-119.85765,38.64129],[-119.85744,38.64131],[-119.85758,38.64163],[-119.85735,38.64163],[-119.85735,38.64185],[-119.85707,38.64171],[-119.85675,38.64192],[-119.857,38.64217],[-119.85693,38.64232],[-119.8577,38.64243],[-119.85748,38.64255],[-119.85747,38.64331],[-119.85772,38.64372],[-119.85748,38.64424],[-119.85711,38.64366],[-119.85704,38.64394],[-119.8565,38.64407],[-119.85548,38.64383],[-119.85549,38.64357],[-119.85531,38.64354],[-119.85507,38.64375],[-119.85506,38.64432],[-119.85479,38.64432],[-119.85469,38.64445],[-119.8543,38.64436],[-119.85435,38.64488],[-119.8542,38.64505],[-119.85441,38.64545],[-119.85393,38.64557],[-119.85421,38.64584],[-119.85414,38.64633],[-119.85371,38.64667],[-119.85351,38.64662],[-119.8534,38.64675],[-119.85351,38.64701],[-119.85322,38.64721],[-119.85257,38.64732],[-119.8524,38.6475],[-119.85243,38.64764],[-119.85321,38.6479],[-119.85439,38.64761],[-119.85524,38.64783],[-119.8556,38.64709],[-119.85588,38.64698],[-119.85609,38.64704],[-119.85593,38.64672],[-119.85596,38.64627],[-119.85638,38.64602],[-119.857,38.64615],[-119.85721,38.64678],[-119.85751,38.64711],[-119.85741,38.64714],[-119.85761,38.6476],[-119.8571,38.64804],[-119.85748,38.64829],[-119.85735,38.64856],[-119.85672,38.64878],[-119.8567,38.64899],[-119.8568,38.64925],[-119.85738,38.64948],[-119.85711,38.65014],[-119.85741,38.65028],[-119.85701,38.65062],[-119.85749,38.65051],[-119.85733,38.65072],[-119.8572,38.65069],[-119.85722,38.65114],[-119.85679,38.65096],[-119.85641,38.65131],[-119.85649,38.65103],[-119.85633,38.65085],[-119.85624,38.65109],[-119.85607,38.65103],[-119.85609,38.65122],[-119.85556,38.65149],[-119.8555,38.65135],[-119.85504,38.65158],[-119.8552,38.65163],[-119.85496,38.65191],[-119.85532,38.65191],[-119.8554,38.6516],[-119.85568,38.65187],[-119.85553,38.65211],[-119.85559,38.65234],[-119.85586,38.65226],[-119.85567,38.6527],[-119.85482,38.65236],[-119.85471,38.65271],[-119.85451,38.65276],[-119.85412,38.65266],[-119.85406,38.65241],[-119.85321,38.65258],[-119.85335,38.65265],[-119.8534,38.65301],[-119.85305,38.65329],[-119.85327,38.6535],[-119.8537,38.65349],[-119.85367,38.6533],[-119.85421,38.65306],[-119.85414,38.65288],[-119.85439,38.65292],[-119.8545,38.65311],[-119.85508,38.65299],[-119.85535,38.65313],[-119.85541,38.6534],[-119.8552,38.65318],[-119.85508,38.6536],[-119.85485,38.65342],[-119.85481,38.65356],[-119.85465,38.65338],[-119.85431,38.65353],[-119.85428,38.6533],[-119.85402,38.6533],[-119.85419,38.65357],[-119.85406,38.65373],[-119.85435,38.65376],[-119.85474,38.65412],[-119.85482,38.65394],[-119.85526,38.65432],[-119.85506,38.65432],[-119.85515,38.65453],[-119.85481,38.65455],[-119.85476,38.65477],[-119.85445,38.65475],[-119.85377,38.65437],[-119.85371,38.65405],[-119.85388,38.654],[-119.85372,38.65378],[-119.85319,38.65376],[-119.85311,38.65459],[-119.85285,38.65467],[-119.85226,38.6545],[-119.8522,38.65431],[-119.85169,38.65447],[-119.85129,38.65496],[-119.85086,38.65492],[-119.85042,38.6551],[-119.85034,38.6555],[-119.85014,38.65553],[-119.85008,38.65569],[-119.85071,38.65561],[-119.85122,38.65525],[-119.85344,38.65486],[-119.85373,38.65492],[-119.85417,38.65533],[-119.85505,38.65532],[-119.85588,38.65561],[-119.85602,38.65542],[-119.85738,38.65477],[-119.85758,38.65446],[-119.85802,38.6543],[-119.85832,38.65471],[-119.85892,38.65502],[-119.86085,38.6549],[-119.86087,38.65506],[-119.86103,38.65509],[-119.86088,38.65515],[-119.86099,38.65536],[-119.86176,38.65561],[-119.86167,38.65596],[-119.86206,38.65723],[-119.86227,38.65716],[-119.86263,38.65746],[-119.86246,38.65787],[-119.8624,38.65854],[-119.86249,38.65884],[-119.86182,38.65883],[-119.86107,38.65931],[-119.86027,38.65939],[-119.85989,38.6605],[-119.86069,38.66075],[-119.86066,38.66103],[-119.86214,38.66123],[-119.86259,38.66166],[-119.86255,38.66195],[-119.86218,38.66208],[-119.86218,38.66237],[-119.86166,38.66248],[-119.8614,38.66271],[-119.86128,38.66303],[-119.86089,38.66313],[-119.8607,38.66299],[-119.86077,38.66328],[-119.86055,38.6635],[-119.86022,38.66359],[-119.86007,38.66397],[-119.86053,38.66399],[-119.86049,38.66412],[-119.86127,38.66405],[-119.8612,38.66421],[-119.86164,38.66428],[-119.862,38.66473],[-119.86199,38.66498],[-119.86162,38.66522],[-119.86069,38.66546],[-119.86031,38.66526],[-119.85998,38.66535],[-119.86022,38.6655],[-119.85991,38.66553],[-119.85947,38.66612],[-119.85914,38.66607],[-119.85903,38.66564],[-119.8587,38.66558],[-119.85825,38.66613],[-119.85797,38.66627],[-119.85755,38.66601],[-119.85763,38.66643],[-119.85703,38.66679],[-119.85721,38.66722],[-119.85697,38.66785],[-119.85694,38.66835],[-119.85709,38.66879],[-119.85657,38.66892],[-119.8566,38.66961],[-119.85618,38.67012],[-119.8562,38.67023],[-119.85663,38.67009],[-119.85676,38.67016],[-119.85637,38.67058],[-119.8564,38.6715],[-119.8569,38.6723],[-119.85711,38.67236],[-119.85716,38.67203],[-119.85741,38.67202],[-119.85747,38.67233],[-119.8574,38.67249],[-119.85711,38.67256],[-119.85716,38.67318],[-119.85624,38.67334],[-119.85638,38.67342],[-119.85639,38.67367],[-119.85665,38.67354],[-119.85661,38.67377],[-119.85684,38.67373],[-119.8575,38.6741],[-119.85749,38.67423],[-119.85709,38.6744],[-119.85708,38.67465],[-119.85726,38.67527],[-119.85784,38.67523],[-119.85795,38.67539],[-119.85771,38.67638],[-119.85797,38.6765],[-119.85786,38.67658],[-119.85808,38.67722],[-119.85803,38.67752],[-119.85778,38.67762],[-119.85747,38.67747],[-119.85689,38.67759],[-119.8568,38.67743],[-119.85647,38.67756],[-119.85642,38.6777],[-119.85654,38.67784],[-119.85649,38.67847],[-119.85664,38.67867],[-119.85714,38.6789],[-119.85727,38.67943],[-119.85768,38.67994],[-119.85763,38.68058],[-119.85775,38.68065],[-119.8576,38.68062],[-119.85745,38.68079],[-119.85753,38.68118],[-119.85785,38.68141],[-119.8577,38.68163],[-119.85771,38.68197],[-119.85756,38.68206],[-119.8577,38.68233],[-119.85757,38.6825],[-119.85779,38.68255],[-119.85759,38.68276],[-119.85781,38.68296],[-119.85787,38.68324],[-119.85717,38.68383],[-119.8571,38.68443],[-119.85749,38.68448],[-119.85758,38.68418],[-119.85785,38.68414],[-119.858,38.68394],[-119.85864,38.68417],[-119.85887,38.68409],[-119.85914,38.68373],[-119.85906,38.68349],[-119.85927,38.68356],[-119.85925,38.68339],[-119.85955,38.6833],[-119.86036,38.68345],[-119.86035,38.68373],[-119.86131,38.6836],[-119.8614,38.68342],[-119.86186,38.68359],[-119.86185,38.68337],[-119.86196,38.68333],[-119.8621,38.68339],[-119.86221,38.6838],[-119.86271,38.68393],[-119.86309,38.68354],[-119.86356,38.68347],[-119.86385,38.68328],[-119.86383,38.68278],[-119.86356,38.6826],[-119.86358,38.68236],[-119.8634,38.68225],[-119.86352,38.68213],[-119.86338,38.68204],[-119.86368,38.68192],[-119.86364,38.68146],[-119.86381,38.68122],[-119.86421,38.68111],[-119.8643,38.68088],[-119.86405,38.68068],[-119.86341,38.68074],[-119.86263,38.68123],[-119.86192,38.68105],[-119.86177,38.68067],[-119.86253,38.68017],[-119.86313,38.67994],[-119.86318,38.67969],[-119.86346,38.67948],[-119.86567,38.67958],[-119.86622,38.67976],[-119.86718,38.67972],[-119.86778,38.67942],[-119.86855,38.67946],[-119.86879,38.67963],[-119.86949,38.67913],[-119.86982,38.67915],[-119.87013,38.67942],[-119.8705,38.67942],[-119.87038,38.67915],[-119.87051,38.67899],[-119.87046,38.67887],[-119.8715,38.67863],[-119.87162,38.67885],[-119.87147,38.67908],[-119.87196,38.67966],[-119.87203,38.67996],[-119.87186,38.68016],[-119.87117,38.68013],[-119.87089,38.68035],[-119.87088,38.6807],[-119.87136,38.68074],[-119.87175,38.68051],[-119.87248,38.68048],[-119.8729,38.681],[-119.87274,38.68149],[-119.87288,38.68169],[-119.87329,38.6816],[-119.87391,38.68172],[-119.87402,38.68157],[-119.87511,38.68142],[-119.87523,38.68118],[-119.87559,38.68119],[-119.87615,38.68094],[-119.87605,38.68067],[-119.87648,38.68008],[-119.87682,38.67985],[-119.87736,38.67976],[-119.87728,38.67955],[-119.87737,38.67935],[-119.87818,38.67927],[-119.87882,38.67943],[-119.8798,38.68065],[-119.87982,38.68098],[-119.8801,38.68155],[-119.88041,38.6813],[-119.88076,38.68136],[-119.88086,38.68193],[-119.88049,38.68207],[-119.88062,38.68229],[-119.88024,38.6829],[-119.87991,38.68315],[-119.87909,38.68323],[-119.87908,38.68308],[-119.87816,38.68278],[-119.87785,38.6831],[-119.87779,38.68349],[-119.87759,38.68362],[-119.878,38.68402],[-119.87884,38.68418],[-119.87912,38.6846],[-119.87908,38.68473],[-119.87841,38.68508],[-119.87842,38.68563],[-119.87802,38.68615],[-119.87846,38.68639],[-119.87884,38.68611],[-119.87919,38.68612],[-119.87968,38.68584],[-119.87985,38.6857],[-119.87989,38.68539],[-119.87958,38.68507],[-119.88024,38.68485],[-119.88076,38.68488],[-119.88115,38.68543],[-119.88117,38.68568],[-119.88115,38.68594],[-119.88058,38.68612],[-119.88101,38.68646],[-119.88098,38.68701],[-119.88076,38.68721],[-119.88062,38.68765],[-119.88018,38.68778],[-119.87986,38.68738],[-119.87904,38.68763],[-119.87887,38.68743],[-119.87862,38.68738],[-119.87852,38.68787],[-119.87832,38.68808],[-119.87833,38.68839],[-119.87891,38.68844],[-119.87959,38.68813],[-119.88026,38.68805],[-119.88043,38.68823],[-119.88045,38.68856],[-119.88044,38.68883],[-119.87967,38.68921],[-119.87959,38.68978],[-119.88009,38.68982],[-119.88004,38.6901],[-119.87954,38.69026],[-119.87914,38.6907],[-119.87853,38.69091],[-119.87888,38.69109],[-119.87907,38.69135],[-119.87922,38.69203],[-119.87942,38.69213],[-119.87984,38.69204],[-119.88016,38.69223],[-119.88071,38.69194],[-119.88151,38.69188],[-119.88231,38.69265],[-119.88221,38.69308],[-119.88195,38.69329],[-119.88157,38.69304],[-119.88151,38.6928],[-119.88127,38.69272],[-119.88109,38.69235],[-119.88092,38.69233],[-119.88074,38.6926],[-119.88086,38.69266],[-119.8809,38.69314],[-119.88041,38.69379],[-119.88055,38.69425],[-119.87995,38.69523],[-119.87999,38.69541],[-119.88019,38.69551],[-119.88053,38.69526],[-119.88091,38.6953],[-119.88092,38.69549],[-119.88063,38.69576],[-119.88098,38.69621],[-119.88091,38.69655],[-119.88064,38.69672],[-119.88065,38.69726],[-119.88099,38.69749],[-119.88181,38.69767],[-119.88213,38.69737],[-119.88238,38.69741],[-119.88271,38.69718],[-119.88423,38.6973],[-119.88443,38.69677],[-119.88468,38.69673],[-119.88471,38.69648],[-119.88488,38.69626],[-119.8851,38.69628],[-119.88537,38.69579],[-119.88568,38.69583],[-119.88585,38.69619],[-119.88629,38.69622],[-119.88621,38.696],[-119.88698,38.69586],[-119.88717,38.69606],[-119.88713,38.69618],[-119.88746,38.69626],[-119.88772,38.69617],[-119.88783,38.69553],[-119.88841,38.69572],[-119.88864,38.69549],[-119.88904,38.69538],[-119.88921,38.69589],[-119.88955,38.69629],[-119.88946,38.69645],[-119.8896,38.69649],[-119.88901,38.69666],[-119.88897,38.69704],[-119.88934,38.69706],[-119.88942,38.6975],[-119.88974,38.69765],[-119.89045,38.69746],[-119.89066,38.69761],[-119.89067,38.69782],[-119.89077,38.69777],[-119.89097,38.69793],[-119.8917,38.69785],[-119.89161,38.69819],[-119.89188,38.69837],[-119.89209,38.69882],[-119.89253,38.69886],[-119.89258,38.69912],[-119.89243,38.69942],[-119.89301,38.69959],[-119.89279,38.7],[-119.89214,38.70069],[-119.89233,38.70081],[-119.89325,38.70064],[-119.89329,38.70148],[-119.89261,38.70153],[-119.89224,38.70142],[-119.89201,38.70154],[-119.89214,38.70161],[-119.89205,38.70171],[-119.89132,38.70182],[-119.89134,38.70199],[-119.89053,38.70324],[-119.88982,38.70364],[-119.88976,38.70378],[-119.88959,38.70367],[-119.8895,38.70376],[-119.88928,38.70355],[-119.88897,38.70402],[-119.88832,38.70448],[-119.88735,38.7044],[-119.88679,38.70457],[-119.8865,38.70392],[-119.88623,38.70403],[-119.88593,38.70473],[-119.88561,38.70509],[-119.88527,38.70505],[-119.88527,38.70461],[-119.88476,38.70442],[-119.88421,38.70397],[-119.88451,38.70373],[-119.88448,38.70354],[-119.88427,38.70317],[-119.88387,38.70302],[-119.88359,38.70318],[-119.883,38.7031],[-119.88285,38.70329],[-119.88258,38.70336],[-119.88253,38.70365],[-119.88208,38.70407],[-119.88157,38.70402],[-119.88116,38.70366],[-119.88093,38.70368],[-119.88087,38.70387],[-119.88071,38.70393],[-119.88039,38.70391],[-119.88069,38.70426],[-119.8807,38.70451],[-119.8801,38.70488],[-119.87899,38.70471],[-119.8789,38.70446],[-119.87866,38.70441],[-119.87801,38.70532],[-119.87798,38.70543],[-119.87824,38.7056],[-119.87812,38.70575],[-119.87744,38.70605],[-119.8773,38.70625],[-119.87677,38.7063],[-119.87668,38.70644],[-119.87653,38.70733],[-119.87636,38.7075],[-119.87626,38.70798],[-119.87679,38.70801],[-119.87671,38.70822],[-119.87705,38.70843],[-119.87688,38.70856],[-119.87623,38.70841],[-119.87609,38.70881],[-119.87657,38.70994],[-119.8767,38.71013],[-119.87706,38.71027],[-119.87676,38.71106],[-119.8764,38.71134],[-119.87611,38.71182],[-119.87478,38.71205],[-119.87472,38.71184],[-119.87489,38.71157],[-119.87427,38.71132],[-119.8746,38.71009],[-119.87419,38.71004],[-119.87401,38.71107],[-119.8726,38.71148],[-119.87291,38.7119],[-119.87259,38.71256],[-119.87156,38.71284],[-119.87119,38.71263],[-119.87074,38.71323],[-119.87057,38.71324],[-119.87036,38.71282],[-119.87063,38.71284],[-119.87087,38.71267],[-119.87088,38.71236],[-119.87057,38.71198],[-119.87068,38.7119],[-119.87016,38.71171],[-119.86976,38.71209],[-119.86948,38.71177],[-119.86916,38.71176],[-119.86893,38.71205],[-119.86864,38.71207],[-119.86849,38.71193],[-119.86859,38.71176],[-119.8683,38.71168],[-119.86815,38.71139],[-119.86765,38.71135],[-119.86731,38.71079],[-119.86702,38.71075],[-119.86676,38.711],[-119.86655,38.71165],[-119.86629,38.71167],[-119.86619,38.71181],[-119.86635,38.71199],[-119.86622,38.71216],[-119.86636,38.71237],[-119.86611,38.7126],[-119.86611,38.71293],[-119.86542,38.71334],[-119.86542,38.71357],[-119.86522,38.71374],[-119.86521,38.71389],[-119.8656,38.71399],[-119.86563,38.71411],[-119.86549,38.71419],[-119.8651,38.71407],[-119.86474,38.71424],[-119.86453,38.71397],[-119.86428,38.71402],[-119.86437,38.71432],[-119.86422,38.7148],[-119.86396,38.71468],[-119.8636,38.71414],[-119.86314,38.71431],[-119.86296,38.71409],[-119.86208,38.71409],[-119.86183,38.71434],[-119.86153,38.71485],[-119.86158,38.71561],[-119.86195,38.71647],[-119.8619,38.71684],[-119.86209,38.71716],[-119.8621,38.71777],[-119.86168,38.71776],[-119.86152,38.7174],[-119.86154,38.71692],[-119.86123,38.71723],[-119.86116,38.71756],[-119.86086,38.71781],[-119.86078,38.71809],[-119.86059,38.7182],[-119.86026,38.71811],[-119.86025,38.71788],[-119.86005,38.71781],[-119.85997,38.71807],[-119.85961,38.71821],[-119.8593,38.71811],[-119.85927,38.71728],[-119.85907,38.71729],[-119.85917,38.71692],[-119.85895,38.71707],[-119.85886,38.71706],[-119.85893,38.71692],[-119.85695,38.71745],[-119.85701,38.71765],[-119.8575,38.71758],[-119.85802,38.7186],[-119.85817,38.71855],[-119.85838,38.71868],[-119.85822,38.71924],[-119.85762,38.71945],[-119.85742,38.71915],[-119.85701,38.71947],[-119.85719,38.71961],[-119.85748,38.71953],[-119.85743,38.71994],[-119.85727,38.72007],[-119.85739,38.7202],[-119.85712,38.72078],[-119.8577,38.72097],[-119.85743,38.72116],[-119.85711,38.72112],[-119.8568,38.72156],[-119.85709,38.72171],[-119.8572,38.72199],[-119.85709,38.72209],[-119.85743,38.72224],[-119.85728,38.72241],[-119.8574,38.72259],[-119.85725,38.72259],[-119.85693,38.72221],[-119.85673,38.7223],[-119.85674,38.72245],[-119.85732,38.72281],[-119.85772,38.72359],[-119.85759,38.72382],[-119.85697,38.72412],[-119.8569,38.72457],[-119.85617,38.72489],[-119.85583,38.72494],[-119.8558,38.72479],[-119.85566,38.72477],[-119.85535,38.7249],[-119.85518,38.72432],[-119.8544,38.72454],[-119.85479,38.72466],[-119.85485,38.72479],[-119.85463,38.72528],[-119.85441,38.72542],[-119.85441,38.72575],[-119.85421,38.72594],[-119.85324,38.72629],[-119.85316,38.72646],[-119.85369,38.72669],[-119.8532,38.72743],[-119.85341,38.72758],[-119.8535,38.72786],[-119.85323,38.72801],[-119.8532,38.72823],[-119.85308,38.72828],[-119.85239,38.72812],[-119.85151,38.72819],[-119.85139,38.72833],[-119.85181,38.72872],[-119.852,38.72928],[-119.85224,38.72937],[-119.85242,38.72973],[-119.85234,38.72991],[-119.85168,38.73018],[-119.85122,38.73017],[-119.85088,38.73066],[-119.85131,38.73079],[-119.85115,38.73069],[-119.85141,38.73059],[-119.85205,38.73068],[-119.85264,38.7306],[-119.853,38.73133],[-119.85278,38.73184],[-119.85214,38.73194],[-119.85195,38.73235],[-119.85178,38.73239],[-119.85186,38.7328],[-119.85154,38.73461],[-119.85185,38.73445],[-119.85182,38.73414],[-119.85233,38.73384],[-119.8533,38.73334],[-119.85495,38.73285],[-119.85617,38.7333],[-119.85636,38.73386],[-119.85608,38.73407],[-119.85621,38.73425],[-119.85558,38.7346],[-119.85513,38.73441],[-119.85442,38.73454],[-119.85414,38.73494],[-119.8542,38.73514],[-119.85397,38.73527],[-119.85428,38.73543],[-119.85412,38.73547],[-119.85417,38.7357],[-119.85362,38.73596],[-119.85352,38.73621],[-119.85359,38.73668],[-119.85334,38.73672],[-119.85367,38.7369],[-119.85536,38.73698],[-119.85569,38.73731],[-119.85642,38.73736],[-119.85698,38.73811],[-119.8592,38.73789],[-119.85961,38.73823],[-119.85945,38.73859],[-119.85809,38.73903],[-119.85818,38.73985],[-119.85781,38.73992],[-119.85738,38.73899],[-119.85563,38.73903],[-119.85461,38.73932],[-119.85413,38.73858],[-119.85339,38.73782],[-119.85256,38.73816],[-119.85237,38.73863],[-119.85275,38.73898],[-119.85262,38.73904],[-119.85247,38.74005],[-119.85204,38.74039],[-119.85198,38.74063],[-119.85137,38.74088],[-119.85093,38.74139],[-119.85116,38.74164],[-119.85126,38.74211],[-119.8515,38.74227],[-119.85129,38.74242],[-119.85135,38.74259],[-119.85104,38.74262],[-119.8508,38.74304],[-119.8505,38.74322],[-119.85154,38.74333],[-119.85207,38.74363],[-119.85187,38.74389],[-119.8519,38.74426],[-119.85152,38.74457],[-119.85134,38.74444],[-119.85132,38.74411],[-119.85106,38.74395],[-119.8508,38.74393],[-119.85073,38.74424],[-119.85049,38.74442],[-119.85064,38.74465],[-119.85035,38.74488],[-119.85076,38.74494],[-119.85088,38.74513],[-119.85067,38.7453],[-119.85072,38.74558],[-119.85056,38.74585],[-119.85088,38.746],[-119.85087,38.74613],[-119.85038,38.74655],[-119.85046,38.74675],[-119.85028,38.7472],[-119.85066,38.74756],[-119.8512,38.74782],[-119.85142,38.74779],[-119.85158,38.74745],[-119.85267,38.74731],[-119.85338,38.74707],[-119.85373,38.7476],[-119.85347,38.74808],[-119.85301,38.74824],[-119.85365,38.74844],[-119.85532,38.74936],[-119.85543,38.75007],[-119.85535,38.75014],[-119.8557,38.75104],[-119.85544,38.75153],[-119.85503,38.75163],[-119.85585,38.75214],[-119.85672,38.75213],[-119.85685,38.7524],[-119.85646,38.75261],[-119.85659,38.75275],[-119.85688,38.75278],[-119.85697,38.75296],[-119.85725,38.75292],[-119.85736,38.75306],[-119.85717,38.75329],[-119.85674,38.75317],[-119.85694,38.75331],[-119.85689,38.75341],[-119.85646,38.75335],[-119.85573,38.75347],[-119.85574,38.75426],[-119.85544,38.75494],[-119.85593,38.75524],[-119.85548,38.75567],[-119.85541,38.75611],[-119.85557,38.75647],[-119.85609,38.75655],[-119.85632,38.75682],[-119.85644,38.75759],[-119.85681,38.75844],[-119.85635,38.75888],[-119.85672,38.75961],[-119.85698,38.75951],[-119.85761,38.75832],[-119.85805,38.75808],[-119.85869,38.75853],[-119.85916,38.75837],[-119.85931,38.75867],[-119.85931,38.75906],[-119.85906,38.75972],[-119.86026,38.75995],[-119.86079,38.75978],[-119.86125,38.75983],[-119.86121,38.76034],[-119.86101,38.76064],[-119.86118,38.76095],[-119.86062,38.76125],[-119.86045,38.76167],[-119.86028,38.76172],[-119.86023,38.76247],[-119.85842,38.76282],[-119.85809,38.76322],[-119.85711,38.76338],[-119.85699,38.76363],[-119.8567,38.76377],[-119.85552,38.76366],[-119.85335,38.76373],[-119.85204,38.76408],[-119.85157,38.76408],[-119.85099,38.76397],[-119.85104,38.76355],[-119.85049,38.76366],[-119.84954,38.76421],[-119.84943,38.76404],[-119.84894,38.76397],[-119.84855,38.76396],[-119.84818,38.76416],[-119.84703,38.76392],[-119.84698,38.76449],[-119.84611,38.76465],[-119.84568,38.76445],[-119.84533,38.76446],[-119.8449,38.76496],[-119.84392,38.76474],[-119.84157,38.76581],[-119.8401,38.76671],[-119.83973,38.7668],[-119.83908,38.76658],[-119.8385,38.76677],[-119.83524,38.76848],[-119.83258,38.76935],[-119.83238,38.76993],[-119.83199,38.77014],[-119.83127,38.7701],[-119.83051,38.76916],[-119.82968,38.76895],[-119.8287,38.76889],[-119.82759,38.76913],[-119.82565,38.76912],[-119.82502,38.76856],[-119.82213,38.76809],[-119.82084,38.76745],[-119.8194,38.76722],[-119.81881,38.76676],[-119.81845,38.76621],[-119.81855,38.76562],[-119.8196,38.76532],[-119.82075,38.76518],[-119.82134,38.76497],[-119.82153,38.76466],[-119.82194,38.7645],[-119.82372,38.7642],[-119.82347,38.76381],[-119.82369,38.76346],[-119.82353,38.76249],[-119.82353,38.76098],[-119.82382,38.75984],[-119.82413,38.75952],[-119.8239,38.75887],[-119.82284,38.75866],[-119.82244,38.75822],[-119.82184,38.75809],[-119.82173,38.75829],[-119.82153,38.75829],[-119.82005,38.75793],[-119.81991,38.75767],[-119.81999,38.75729],[-119.81983,38.75703],[-119.81993,38.75668],[-119.82035,38.75654],[-119.82038,38.75613],[-119.82071,38.75586],[-119.82064,38.7557],[-119.82115,38.75578],[-119.82118,38.75555],[-119.82134,38.75552],[-119.82117,38.75523],[-119.82064,38.75484],[-119.8205,38.75411],[-119.82032,38.75393],[-119.81995,38.75387],[-119.81983,38.75362],[-119.82042,38.75238],[-119.82146,38.75213],[-119.82182,38.75193],[-119.82215,38.75109],[-119.82188,38.75081],[-119.8224,38.75076],[-119.82238,38.75028],[-119.82262,38.75022],[-119.8227,38.75005],[-119.82309,38.75008],[-119.82336,38.74951],[-119.82362,38.74936],[-119.82435,38.74926],[-119.82455,38.74885],[-119.82457,38.74812],[-119.82582,38.74815],[-119.82572,38.74761],[-119.8251,38.74719],[-119.82498,38.74688],[-119.82526,38.74679],[-119.82537,38.74649],[-119.82527,38.74636],[-119.82445,38.74613],[-119.82442,38.74517],[-119.82421,38.74495],[-119.82389,38.74463],[-119.82298,38.74463],[-119.82193,38.74421],[-119.82185,38.74394],[-119.82249,38.7438],[-119.82253,38.74357],[-119.82223,38.74334],[-119.82236,38.74307],[-119.82293,38.7427],[-119.82307,38.7424],[-119.82282,38.74223],[-119.82246,38.74221],[-119.82189,38.74282],[-119.82074,38.74353],[-119.82067,38.7443],[-119.81989,38.74457],[-119.81947,38.74487],[-119.81884,38.74494],[-119.81841,38.74523],[-119.81823,38.74585],[-119.8184,38.74614],[-119.81855,38.74754],[-119.81794,38.74778],[-119.81608,38.74759],[-119.81542,38.74777],[-119.814,38.74758],[-119.81277,38.74718],[-119.81249,38.74734],[-119.81368,38.74844],[-119.81386,38.75029],[-119.81408,38.75067],[-119.81473,38.75122],[-119.81507,38.75197],[-119.81494,38.75304],[-119.81438,38.75384],[-119.81397,38.75499],[-119.81377,38.75522],[-119.81207,38.75615],[-119.81055,38.75655],[-119.81006,38.75712],[-119.80966,38.75736],[-119.80866,38.75751],[-119.80815,38.75725],[-119.80808,38.75693],[-119.80829,38.7565],[-119.80832,38.75579],[-119.80816,38.75499],[-119.80792,38.75466],[-119.80706,38.75485],[-119.80673,38.75524],[-119.80715,38.75677],[-119.80724,38.75764],[-119.80658,38.75905],[-119.80454,38.76078],[-119.80335,38.7616],[-119.80185,38.76334],[-119.79719,38.76512],[-119.79706,38.76531],[-119.79657,38.76539],[-119.79521,38.76631],[-119.79335,38.76683],[-119.79318,38.76617],[-119.79243,38.76563],[-119.79233,38.76536],[-119.79149,38.76523],[-119.79096,38.76539],[-119.79065,38.76533],[-119.78749,38.76613],[-119.78659,38.76613],[-119.7861,38.76592],[-119.78583,38.76559],[-119.78555,38.76555],[-119.78416,38.76602],[-119.78364,38.76608],[-119.78356,38.76591],[-119.78273,38.76592],[-119.78226,38.76639],[-119.78057,38.7667],[-119.77985,38.76758],[-119.77698,38.76942],[-119.77632,38.76958],[-119.77462,38.77041],[-119.77334,38.77014],[-119.77198,38.77079],[-119.76752,38.77363],[-119.76153,38.77526],[-119.75825,38.77705],[-119.75747,38.77725],[-119.75694,38.77708],[-119.75676,38.77682],[-119.75691,38.7764],[-119.75687,38.77531],[-119.75696,38.77513],[-119.75672,38.77456],[-119.75617,38.77416],[-119.75616,38.77383],[-119.75561,38.7733],[-119.75587,38.77309],[-119.75552,38.77252],[-119.75544,38.77197],[-119.75589,38.7716],[-119.75632,38.77095],[-119.75613,38.77046],[-119.75682,38.76911],[-119.75734,38.7686],[-119.75745,38.76822],[-119.75809,38.76786],[-119.75856,38.76737],[-119.75871,38.76631],[-119.75854,38.7659],[-119.7582,38.76566],[-119.75744,38.76558],[-119.75706,38.76536],[-119.75682,38.76423],[-119.75636,38.76372],[-119.75615,38.76309],[-119.75648,38.76282],[-119.75657,38.76248],[-119.75641,38.76224],[-119.75678,38.76172],[-119.75725,38.76147],[-119.75822,38.76124],[-119.75839,38.76109],[-119.75831,38.76091],[-119.75873,38.76064],[-119.75801,38.7603],[-119.7588,38.75999],[-119.75887,38.75931],[-119.75855,38.75894],[-119.75826,38.75883],[-119.75825,38.75836],[-119.75853,38.75795],[-119.7581,38.75748],[-119.75881,38.75718],[-119.76034,38.75681],[-119.76053,38.75656],[-119.76043,38.75601],[-119.75946,38.75536],[-119.75944,38.75486],[-119.75843,38.7538],[-119.75782,38.75364],[-119.75763,38.75345],[-119.75707,38.75343],[-119.757,38.75311],[-119.75723,38.75273],[-119.75741,38.75181],[-119.75716,38.75171],[-119.75684,38.75188],[-119.75639,38.75156],[-119.75617,38.75101],[-119.75608,38.75002],[-119.75551,38.74961],[-119.75496,38.74957],[-119.7549,38.75005],[-119.75429,38.75068],[-119.7524,38.75122],[-119.75202,38.75176],[-119.7521,38.75201],[-119.75195,38.75341],[-119.75227,38.75429],[-119.75208,38.7554],[-119.75235,38.75594],[-119.75234,38.75624],[-119.7521,38.75654],[-119.75111,38.75715],[-119.7495,38.75759],[-119.74925,38.75798],[-119.74839,38.75818],[-119.74784,38.75868],[-119.74748,38.75873],[-119.74669,38.75928],[-119.7456,38.75944],[-119.74575,38.75871],[-119.74516,38.75832],[-119.74519,38.75751],[-119.7449,38.75705],[-119.74432,38.75663],[-119.74434,38.75547],[-119.74395,38.75531],[-119.74405,38.75484],[-119.74371,38.75404],[-119.74355,38.75381],[-119.7428,38.7534],[-119.74262,38.7529],[-119.74216,38.75274],[-119.74209,38.75256],[-119.74205,38.75195],[-119.74242,38.75149],[-119.74226,38.75051],[-119.74162,38.75023],[-119.7411,38.75022],[-119.74117,38.75072],[-119.74076,38.7516],[-119.74019,38.75205],[-119.73995,38.75196],[-119.73975,38.75207],[-119.73951,38.75168],[-119.73957,38.75143],[-119.73945,38.75141],[-119.73936,38.7511],[-119.73941,38.75081],[-119.73895,38.7509],[-119.73892,38.7507],[-119.73841,38.75049],[-119.73822,38.75082],[-119.7385,38.75087],[-119.73822,38.75107],[-119.73814,38.75129],[-119.73792,38.75134],[-119.73778,38.75114],[-119.7374,38.751],[-119.73726,38.75145],[-119.73741,38.75171],[-119.73717,38.75191],[-119.73668,38.75188],[-119.73592,38.75213],[-119.73541,38.752],[-119.73524,38.75228],[-119.73576,38.75243],[-119.73574,38.75269],[-119.73587,38.75288],[-119.73573,38.75296],[-119.73579,38.75315],[-119.73555,38.75321],[-119.73539,38.75309],[-119.73503,38.75349],[-119.73446,38.75367],[-119.73421,38.75361],[-119.73389,38.75391],[-119.73315,38.75426],[-119.73327,38.75465],[-119.73266,38.75424],[-119.73286,38.75342],[-119.7324,38.7534],[-119.73215,38.7538],[-119.73191,38.75362],[-119.73144,38.7537],[-119.73164,38.75389],[-119.73156,38.75398],[-119.73132,38.75389],[-119.73122,38.7543],[-119.73132,38.7544],[-119.73151,38.75432],[-119.73145,38.75452],[-119.73168,38.75476],[-119.73148,38.75486],[-119.73108,38.75444],[-119.73098,38.75394],[-119.73067,38.75388],[-119.73025,38.75355],[-119.72876,38.75317],[-119.72871,38.75336],[-119.7282,38.75342],[-119.7281,38.7536],[-119.72735,38.75272],[-119.72715,38.75291],[-119.72649,38.75285],[-119.7261,38.75296],[-119.72574,38.75405],[-119.7255,38.754],[-119.72539,38.75362],[-119.72503,38.75387],[-119.72513,38.75427],[-119.725,38.7544],[-119.72514,38.75449],[-119.72499,38.75467],[-119.72512,38.75481],[-119.725,38.75499],[-119.72522,38.75514],[-119.72522,38.75528],[-119.72499,38.75541],[-119.72395,38.75683],[-119.72359,38.75699],[-119.72436,38.75715],[-119.7243,38.75761],[-119.72479,38.75844],[-119.72411,38.75852],[-119.72393,38.7588],[-119.72354,38.75883],[-119.72338,38.75897],[-119.72307,38.7596],[-119.72306,38.75999],[-119.72318,38.76014],[-119.72277,38.76204],[-119.72329,38.76247],[-119.72341,38.76284],[-119.72411,38.76271],[-119.72454,38.76242],[-119.72511,38.76235],[-119.72582,38.763],[-119.72597,38.76347],[-119.72581,38.76379],[-119.72606,38.76404],[-119.72606,38.76441],[-119.72588,38.7647],[-119.72535,38.76503],[-119.72477,38.76623],[-119.72514,38.76651],[-119.72492,38.76737],[-119.7254,38.76754],[-119.7254,38.76776],[-119.72433,38.76833],[-119.72375,38.76829],[-119.72289,38.76862],[-119.72222,38.76852],[-119.72176,38.76864],[-119.72105,38.76915],[-119.72093,38.76978],[-119.72113,38.76986],[-119.72166,38.76973],[-119.72176,38.77],[-119.72122,38.77065],[-119.72127,38.77087],[-119.72228,38.771],[-119.72262,38.77113],[-119.72285,38.77146],[-119.722,38.77211],[-119.72168,38.77215],[-119.7212,38.77196],[-119.72109,38.77214],[-119.72059,38.77235],[-119.72046,38.77257],[-119.72011,38.77256],[-119.71968,38.77178],[-119.71945,38.7719],[-119.71946,38.77236],[-119.71858,38.7728],[-119.71801,38.77281],[-119.71773,38.77268],[-119.71767,38.77248],[-119.71778,38.77226],[-119.71807,38.77221],[-119.71821,38.77204],[-119.71851,38.77209],[-119.71861,38.77194],[-119.71853,38.77175],[-119.71829,38.77167],[-119.71823,38.77105],[-119.71787,38.77081],[-119.71793,38.77051],[-119.71819,38.77039],[-119.71862,38.77048],[-119.71929,38.77023],[-119.72027,38.76918],[-119.72032,38.76857],[-119.72013,38.76832],[-119.71955,38.76815],[-119.71821,38.76823],[-119.71734,38.76796],[-119.71655,38.76866],[-119.71646,38.76913],[-119.71605,38.76914],[-119.71598,38.76749],[-119.71575,38.76735],[-119.71499,38.76746],[-119.71489,38.76728],[-119.71489,38.76658],[-119.71526,38.76596],[-119.71478,38.76589],[-119.71434,38.7663],[-119.71392,38.76635],[-119.7135,38.76662],[-119.71339,38.76692],[-119.71308,38.76718],[-119.71257,38.76701],[-119.71147,38.76704],[-119.71094,38.76736],[-119.71098,38.76752],[-119.71183,38.76762],[-119.71194,38.76773],[-119.71177,38.76794],[-119.71052,38.76808],[-119.70923,38.76792],[-119.70908,38.76771],[-119.70881,38.76781],[-119.70867,38.76806],[-119.70724,38.76822],[-119.70768,38.76759],[-119.70871,38.76696],[-119.70866,38.76534],[-119.70921,38.76469],[-119.70927,38.76442],[-119.70923,38.76431],[-119.70893,38.76429],[-119.7085,38.76386],[-119.70873,38.76341],[-119.70904,38.7633],[-119.70911,38.7631],[-119.70888,38.76283],[-119.70842,38.76272],[-119.70845,38.76244],[-119.70887,38.76196],[-119.70896,38.76162],[-119.70854,38.7615],[-119.70793,38.76172],[-119.70766,38.76241],[-119.70722,38.76279],[-119.70723,38.76326],[-119.70689,38.7637],[-119.70636,38.76399],[-119.70575,38.7641],[-119.70498,38.76399],[-119.70499,38.76363],[-119.70457,38.76354],[-119.70398,38.7637],[-119.70367,38.76336],[-119.70321,38.76319],[-119.70282,38.76244],[-119.70289,38.76206],[-119.70256,38.76179],[-119.70185,38.76204],[-119.70121,38.76184],[-119.70075,38.76191],[-119.7005,38.7623],[-119.70067,38.76254],[-119.70069,38.76285],[-119.70048,38.76288],[-119.70001,38.76338],[-119.70022,38.76354],[-119.70026,38.76384],[-119.69996,38.76386],[-119.70012,38.76426],[-119.70076,38.76456],[-119.70082,38.7656],[-119.70101,38.7658],[-119.70166,38.76603],[-119.70161,38.76639],[-119.70151,38.76654],[-119.70091,38.76667],[-119.70073,38.76706],[-119.70024,38.76726],[-119.69989,38.76723],[-119.6998,38.76675],[-119.69899,38.76664],[-119.69851,38.76724],[-119.69783,38.76713],[-119.69682,38.76763],[-119.69666,38.76787],[-119.69725,38.76794],[-119.69707,38.76844],[-119.69733,38.76861],[-119.69729,38.76893],[-119.69691,38.7689],[-119.6964,38.76847],[-119.6962,38.76878],[-119.69522,38.7686],[-119.69513,38.76849],[-119.69528,38.76805],[-119.69494,38.76778],[-119.6943,38.76772],[-119.69388,38.7679],[-119.69347,38.76781],[-119.69325,38.76711],[-119.69357,38.76618],[-119.69356,38.76568],[-119.6922,38.76567],[-119.69165,38.76536],[-119.69081,38.76538],[-119.69083,38.7655],[-119.69043,38.76589],[-119.69121,38.76646],[-119.69078,38.76702],[-119.69102,38.76727],[-119.69091,38.7674],[-119.69095,38.76764],[-119.68935,38.76799],[-119.68932,38.76848],[-119.68919,38.76865],[-119.68927,38.76925],[-119.68992,38.76931],[-119.69051,38.76912],[-119.69082,38.76939],[-119.69107,38.76991],[-119.69085,38.77011],[-119.69043,38.77005],[-119.69013,38.77021],[-119.69007,38.77035],[-119.69034,38.77044],[-119.69058,38.7711],[-119.69044,38.7714],[-119.6901,38.7716],[-119.68964,38.77155],[-119.68932,38.77124],[-119.68881,38.77132],[-119.68851,38.77102],[-119.68809,38.77093],[-119.68796,38.77131],[-119.68779,38.77141],[-119.68766,38.77125],[-119.68748,38.77131],[-119.68725,38.77159],[-119.68676,38.7717],[-119.68668,38.77191],[-119.68634,38.77157],[-119.6858,38.7718],[-119.68553,38.77206],[-119.68466,38.77222],[-119.68455,38.77245],[-119.68404,38.77246],[-119.6837,38.77213],[-119.683,38.77218],[-119.68257,38.77298],[-119.68231,38.77317],[-119.68219,38.77276],[-119.68194,38.77284],[-119.68175,38.77279],[-119.68175,38.77265],[-119.68262,38.77217],[-119.68164,38.77247],[-119.6812,38.77241],[-119.6809,38.77256],[-119.68037,38.77256],[-119.67956,38.77236],[-119.67811,38.7713],[-119.67735,38.77135],[-119.67721,38.77162],[-119.67707,38.77159],[-119.67709,38.77124],[-119.67679,38.77097],[-119.67621,38.77184],[-119.67574,38.77198],[-119.67568,38.77187],[-119.6752,38.7719],[-119.67517,38.7718],[-119.67451,38.77192],[-119.67411,38.77239],[-119.67308,38.77274],[-119.67232,38.77322],[-119.67242,38.7746],[-119.67217,38.77473],[-119.67158,38.77477],[-119.67092,38.77441],[-119.67061,38.77444],[-119.67019,38.77333],[-119.67021,38.77252],[-119.67113,38.77163],[-119.67114,38.77129],[-119.67154,38.77124],[-119.67168,38.77106],[-119.6725,38.77119],[-119.67322,38.77085],[-119.67382,38.76975],[-119.67373,38.76966],[-119.6738,38.76952],[-119.6742,38.76905],[-119.67471,38.76873],[-119.67461,38.7686],[-119.67359,38.76898],[-119.67311,38.76932],[-119.67305,38.76955],[-119.6728,38.7696],[-119.67275,38.76911],[-119.67254,38.76898],[-119.67178,38.76913],[-119.67105,38.76834],[-119.67023,38.76813],[-119.6702,38.76786],[-119.67059,38.76764],[-119.6705,38.76732],[-119.67003,38.76697],[-119.66968,38.76689],[-119.66921,38.76714],[-119.66866,38.76767],[-119.66844,38.76812],[-119.66761,38.76843],[-119.6673,38.76838],[-119.66676,38.76857],[-119.66661,38.76931],[-119.66726,38.77029],[-119.66686,38.77049],[-119.66614,38.77021],[-119.66576,38.77028],[-119.66562,38.77054],[-119.66512,38.77056],[-119.6647,38.77017],[-119.66417,38.77012],[-119.66303,38.77037],[-119.66271,38.77056],[-119.66264,38.77093],[-119.66197,38.77157],[-119.66177,38.77237],[-119.66153,38.77254],[-119.66079,38.77217],[-119.65986,38.772],[-119.65977,38.77253],[-119.66053,38.77251],[-119.66062,38.77261],[-119.66055,38.77279],[-119.66003,38.77279],[-119.65945,38.77331],[-119.65937,38.77395],[-119.65887,38.77506],[-119.65794,38.7755],[-119.65792,38.77635],[-119.65724,38.7768],[-119.65664,38.77684],[-119.65645,38.77762],[-119.65452,38.77788],[-119.65431,38.77781],[-119.65391,38.77805],[-119.65355,38.77793],[-119.65327,38.77823],[-119.65317,38.77779],[-119.65277,38.77754],[-119.65255,38.77831],[-119.65227,38.77823],[-119.65211,38.77832],[-119.65172,38.77895],[-119.65145,38.77903],[-119.65092,38.77894],[-119.65101,38.77936],[-119.65078,38.7796],[-119.65064,38.77959],[-119.65073,38.78003],[-119.65048,38.78081],[-119.65062,38.78119],[-119.65041,38.78126],[-119.65032,38.78147],[-119.65051,38.7816],[-119.65025,38.78175],[-119.65031,38.782],[-119.65005,38.78202],[-119.64984,38.78278],[-119.64987,38.7832],[-119.64827,38.78372],[-119.64824,38.78399],[-119.64745,38.78469],[-119.64593,38.78503],[-119.64573,38.78525],[-119.64574,38.78611],[-119.64416,38.78704],[-119.64395,38.78788],[-119.6432,38.78929],[-119.64272,38.78988],[-119.64018,38.78956],[-119.63964,38.78964],[-119.63949,38.78991],[-119.63912,38.7896],[-119.63715,38.78983],[-119.63663,38.78997],[-119.63658,38.79016],[-119.63624,38.79042],[-119.63446,38.79085],[-119.63335,38.79132],[-119.63265,38.79224],[-119.63159,38.79288],[-119.62928,38.79355],[-119.62625,38.79383],[-119.62628,38.79444],[-119.6259,38.79473],[-119.62526,38.79471],[-119.62492,38.79453],[-119.62425,38.79469],[-119.62546,38.79556],[-119.62567,38.79601],[-119.626,38.79568],[-119.62774,38.79541],[-119.62861,38.79626],[-119.62892,38.79679],[-119.62882,38.79731],[-119.62792,38.79781],[-119.62652,38.79815],[-119.62454,38.79791],[-119.62457,38.79757],[-119.62387,38.79686],[-119.62205,38.79626],[-119.6209,38.79604],[-119.61914,38.79539],[-119.61817,38.79535]]],[[[-119.81405,38.75555],[-119.81432,38.75564],[-119.81425,38.75592],[-119.81392,38.75588],[-119.81405,38.75555]]],[[[-119.60267,38.69365],[-119.60276,38.69371],[-119.60264,38.69384],[-119.60267,38.69365]]],[[[-119.57013,38.7007],[-119.57014,38.70039],[-119.57053,38.70002],[-119.57155,38.69961],[-119.57209,38.69962],[-119.57217,38.69979],[-119.571,38.70059],[-119.57013,38.7007]]],[[[-119.56851,38.70002],[-119.56899,38.70003],[-119.56924,38.70043],[-119.56886,38.7007],[-119.5681,38.70077],[-119.56851,38.70002]]],[[[-119.54823,38.7453],[-119.54806,38.74511],[-119.54821,38.74493],[-119.54956,38.74441],[-119.5501,38.74456],[-119.55065,38.7443],[-119.55075,38.74412],[-119.54995,38.74426],[-119.54804,38.74425],[-119.54882,38.74378],[-119.54901,38.74351],[-119.54948,38.74352],[-119.54998,38.74314],[-119.55061,38.74322],[-119.55104,38.74354],[-119.55137,38.74339],[-119.55161,38.74361],[-119.55238,38.7434],[-119.55265,38.7431],[-119.55409,38.7426],[-119.55429,38.74227],[-119.55417,38.74189],[-119.55485,38.74145],[-119.5563,38.74125],[-119.55687,38.7417],[-119.55657,38.74219],[-119.55605,38.74261],[-119.55617,38.74276],[-119.55714,38.74258],[-119.55732,38.74265],[-119.55765,38.74317],[-119.55801,38.74317],[-119.55806,38.74328],[-119.55711,38.74376],[-119.55671,38.7441],[-119.55638,38.74417],[-119.55597,38.74392],[-119.55594,38.74341],[-119.55552,38.74318],[-119.55482,38.7434],[-119.55425,38.74377],[-119.554,38.74441],[-119.55338,38.7447],[-119.55325,38.74469],[-119.55326,38.74448],[-119.55255,38.74424],[-119.55131,38.74432],[-119.55136,38.74449],[-119.55155,38.74452],[-119.55167,38.74503],[-119.55193,38.74521],[-119.55195,38.74566],[-119.5512,38.74657],[-119.55088,38.74649],[-119.55074,38.74577],[-119.55022,38.74572],[-119.55054,38.74538],[-119.55048,38.74507],[-119.55021,38.74522],[-119.54941,38.74502],[-119.54902,38.74524],[-119.54823,38.7453]]],[[[-119.54528,38.75782],[-119.5455,38.7578],[-119.54549,38.75806],[-119.54528,38.75782]]],[[[-119.67076,38.77889],[-119.67086,38.77846],[-119.6717,38.77818],[-119.67155,38.77796],[-119.67168,38.77775],[-119.67235,38.77753],[-119.67277,38.77754],[-119.67294,38.77733],[-119.67254,38.777],[-119.67229,38.7765],[-119.67223,38.77614],[-119.67255,38.7761],[-119.67281,38.77621],[-119.67319,38.77673],[-119.67388,38.77717],[-119.67428,38.77707],[-119.67451,38.7773],[-119.67472,38.77791],[-119.67557,38.77818],[-119.6763,38.77883],[-119.67624,38.77905],[-119.67575,38.77925],[-119.67376,38.77959],[-119.6727,38.77955],[-119.67211,38.77931],[-119.67199,38.77912],[-119.67216,38.77846],[-119.67197,38.77841],[-119.67161,38.77862],[-119.67141,38.77902],[-119.6712,38.77915],[-119.67076,38.77889]]],[[[-119.59272,38.78045],[-119.59362,38.78033],[-119.59451,38.78023],[-119.59447,38.78041],[-119.5934,38.7807],[-119.59263,38.78061],[-119.59272,38.78045]]],[[[-119.57736,38.78037],[-119.57727,38.78081],[-119.57702,38.78076],[-119.57677,38.78022],[-119.57721,38.78015],[-119.57736,38.78037]]],[[[-119.64294,38.78968],[-119.64304,38.78991],[-119.64268,38.79001],[-119.64294,38.78968]]],[[[-119.64019,38.79466],[-119.63981,38.79483],[-119.63953,38.79469],[-119.64007,38.79461],[-119.64019,38.79466]]]]},"properties":{"fire_id":"ufid:2021-NVHTF-030419","source_collection":"history-2021","source_objectid":14334,"incident_name":"Tamarack","mapped_acres":67054.49,"mapped_acres_source":"poly_GISAcres","gis_acres":67054.49,"auto_acres":67054.24183494116,"reported_acres":68637.0,"percent_contained":null,"state":"CA","state_wfigs":"US-CA","county":"Alpine","discovery_time_utc":"2021-07-04T18:57:00Z","perimeter_time_utc":null,"perimeter_edit_time_utc":"2023-03-14T15:13:42Z","incident_modified_time_utc":"2022-02-09T18:29:32Z","containment_time_utc":"2021-10-26T20:00:00Z","control_time_utc":"2021-10-26T20:00:00Z","fire_out_time_utc":"2021-11-19T00:00:00Z","fire_cause":"Natural","fire_cause_general":"Natural","map_method":"Mixed Methods","source_dataset":"FFP","unique_fire_identifier":"2021-NVHTF-030419","irwin_id":"{B30866D5-FE66-4103-9B00-07ABE902A13F}","global_id":"4af3e81e-c222-4969-b7d6-9bfe1628c60a"}},{"type":"Feature","geometry":{"type":"Polygon","coordinates":[[[-119.73722,38.77878],[-119.7365,38.77847],[-119.73664,38.77873],[-119.73639,38.77878],[-119.73604,38.77863],[-119.73584,38.77843],[-119.73606,38.7783],[-119.73594,38.77811],[-119.73572,38.77815],[-119.73569,38.77835],[-119.73557,38.77838],[-119.73528,38.77834],[-119.73519,38.77817],[-119.7347,38.77815],[-119.73481,38.77829],[-119.73452,38.77859],[-119.73396,38.77833],[-119.7337,38.77801],[-119.73373,38.77785],[-119.73347,38.77781],[-119.73381,38.77762],[-119.73374,38.77734],[-119.7339,38.7772],[-119.73386,38.77688],[-119.73401,38.77661],[-119.73346,38.77624],[-119.73318,38.77701],[-119.73236,38.77716],[-119.73182,38.77689],[-119.7314,38.77715],[-119.73143,38.77743],[-119.73049,38.77762],[-119.73028,38.77724],[-119.72951,38.77682],[-119.72902,38.7758],[-119.72858,38.77547],[-119.72831,38.77543],[-119.72688,38.77633],[-119.72681,38.7766],[-119.72654,38.77658],[-119.72634,38.77684],[-119.72602,38.77671],[-119.72614,38.77693],[-119.72601,38.77714],[-119.72548,38.7771],[-119.72521,38.77727],[-119.72413,38.77712],[-119.72403,38.77732],[-119.72449,38.77766],[-119.72436,38.77784],[-119.72396,38.77795],[-119.72247,38.77779],[-119.7223,38.77796],[-119.72239,38.77817],[-119.72208,38.77823],[-119.72193,38.77842],[-119.72159,38.77837],[-119.72141,38.77821],[-119.72141,38.77782],[-119.72172,38.77738],[-119.72168,38.77701],[-119.72188,38.7766],[-119.72125,38.77644],[-119.72141,38.77575],[-119.72122,38.77554],[-119.72163,38.77533],[-119.7216,38.77511],[-119.72187,38.77512],[-119.72192,38.7753],[-119.72208,38.77522],[-119.72204,38.77504],[-119.72219,38.77485],[-119.72196,38.77474],[-119.72213,38.77433],[-119.72239,38.77407],[-119.72267,38.77403],[-119.72261,38.77374],[-119.72191,38.77365],[-119.72213,38.77313],[-119.72187,38.77288],[-119.72174,38.77251],[-119.72215,38.7718],[-119.72257,38.77139],[-119.72458,38.77078],[-119.7248,38.77085],[-119.7248,38.77102],[-119.72513,38.77098],[-119.72552,38.77053],[-119.72607,38.77052],[-119.72605,38.77072],[-119.72637,38.77068],[-119.72702,38.77108],[-119.72733,38.7715],[-119.72731,38.7717],[-119.72773,38.77178],[-119.72786,38.7721],[-119.72798,38.77211],[-119.72778,38.7727],[-119.7271,38.77317],[-119.72728,38.77344],[-119.72766,38.77356],[-119.72809,38.77294],[-119.72925,38.77207],[-119.72876,38.77131],[-119.72885,38.77121],[-119.73,38.77081],[-119.73022,38.77061],[-119.73045,38.77062],[-119.73046,38.7704],[-119.73154,38.77039],[-119.73196,38.77012],[-119.73255,38.77006],[-119.73262,38.7699],[-119.73285,38.76994],[-119.73286,38.76971],[-119.73345,38.76953],[-119.73367,38.76932],[-119.73418,38.7696],[-119.73436,38.76956],[-119.73457,38.76979],[-119.73493,38.76972],[-119.73496,38.76953],[-119.73525,38.76935],[-119.73521,38.76916],[-119.73555,38.76912],[-119.735,38.76883],[-119.73503,38.76867],[-119.73543,38.76854],[-119.7353,38.76838],[-119.73343,38.76826],[-119.73431,38.76782],[-119.73452,38.7676],[-119.7345,38.76741],[-119.73301,38.76746],[-119.73261,38.76698],[-119.73179,38.76693],[-119.73114,38.76647],[-119.73102,38.76656],[-119.73149,38.76683],[-119.73156,38.76708],[-119.73115,38.76707],[-119.73036,38.76764],[-119.73029,38.76813],[-119.73063,38.76877],[-119.73128,38.76902],[-119.73109,38.76926],[-119.73116,38.76967],[-119.73102,38.76979],[-119.73082,38.7697],[-119.7303,38.76863],[-119.72991,38.76827],[-119.72942,38.76824],[-119.72929,38.76838],[-119.72971,38.76891],[-119.72962,38.76914],[-119.72985,38.76925],[-119.72984,38.76949],[-119.72908,38.76941],[-119.72907,38.76974],[-119.72891,38.76974],[-119.72834,38.76932],[-119.72797,38.76928],[-119.72797,38.7691],[-119.72772,38.76897],[-119.72782,38.76868],[-119.72741,38.76832],[-119.72688,38.76824],[-119.72691,38.76788],[-119.72577,38.76789],[-119.72486,38.76775],[-119.72469,38.76687],[-119.72497,38.76622],[-119.72474,38.76596],[-119.72502,38.7658],[-119.72502,38.76563],[-119.7252,38.7655],[-119.72492,38.76527],[-119.72525,38.76517],[-119.72526,38.76499],[-119.72543,38.76493],[-119.72533,38.76474],[-119.72548,38.76459],[-119.72558,38.76464],[-119.72555,38.76486],[-119.72573,38.76493],[-119.72553,38.76506],[-119.72571,38.76537],[-119.72627,38.76515],[-119.72628,38.76494],[-119.72647,38.76484],[-119.72651,38.76445],[-119.72634,38.76433],[-119.72635,38.76416],[-119.72682,38.76391],[-119.7267,38.76346],[-119.72754,38.76292],[-119.72758,38.7628],[-119.72741,38.76267],[-119.72754,38.76238],[-119.72741,38.76218],[-119.72764,38.76197],[-119.72778,38.76199],[-119.7278,38.76186],[-119.72756,38.76185],[-119.7272,38.76131],[-119.72685,38.76109],[-119.72669,38.76087],[-119.72677,38.76065],[-119.72611,38.76038],[-119.72645,38.75987],[-119.72685,38.75969],[-119.72651,38.7594],[-119.72653,38.75928],[-119.72639,38.75926],[-119.72634,38.75946],[-119.72613,38.75945],[-119.72601,38.75921],[-119.72544,38.75897],[-119.72508,38.75861],[-119.72482,38.75858],[-119.72462,38.75825],[-119.72434,38.75825],[-119.72435,38.75779],[-119.72417,38.75743],[-119.72428,38.7572],[-119.72416,38.75713],[-119.72407,38.75722],[-119.72372,38.75698],[-119.72356,38.75714],[-119.72347,38.75694],[-119.72364,38.75685],[-119.72381,38.75696],[-119.72408,38.75691],[-119.72408,38.75706],[-119.72424,38.75699],[-119.72408,38.75682],[-119.72416,38.75634],[-119.72472,38.75565],[-119.72508,38.7554],[-119.72511,38.75501],[-119.72539,38.7549],[-119.72539,38.75474],[-119.7257,38.75479],[-119.72629,38.75439],[-119.72632,38.75423],[-119.72704,38.7541],[-119.72688,38.75398],[-119.72687,38.75368],[-119.7263,38.75376],[-119.72566,38.7535],[-119.72568,38.75321],[-119.72622,38.75285],[-119.72689,38.75287],[-119.72705,38.75298],[-119.72712,38.75277],[-119.72759,38.75277],[-119.72795,38.75342],[-119.72807,38.75341],[-119.72803,38.75357],[-119.72877,38.7533],[-119.72903,38.75339],[-119.72937,38.75305],[-119.72955,38.75305],[-119.7302,38.75345],[-119.72986,38.75405],[-119.73075,38.75371],[-119.73085,38.75386],[-119.73065,38.75445],[-119.73068,38.75485],[-119.73094,38.75485],[-119.7314,38.75516],[-119.73188,38.75521],[-119.73198,38.75514],[-119.73154,38.7549],[-119.7315,38.75439],[-119.73272,38.75438],[-119.73298,38.75399],[-119.73331,38.75395],[-119.73341,38.75375],[-119.73396,38.75375],[-119.73413,38.75356],[-119.73508,38.75344],[-119.73538,38.75322],[-119.73524,38.75294],[-119.73532,38.75286],[-119.73565,38.75314],[-119.73605,38.75306],[-119.73623,38.75285],[-119.73684,38.75302],[-119.73733,38.75299],[-119.738,38.75272],[-119.73848,38.75271],[-119.73897,38.75233],[-119.73934,38.75179],[-119.73965,38.75207],[-119.73984,38.7521],[-119.74003,38.75184],[-119.74016,38.75202],[-119.74023,38.75186],[-119.74079,38.75154],[-119.74095,38.75117],[-119.74089,38.75085],[-119.74106,38.75069],[-119.74077,38.75049],[-119.74083,38.7503],[-119.7413,38.75009],[-119.74174,38.75026],[-119.74172,38.75047],[-119.7419,38.75043],[-119.74222,38.75069],[-119.74254,38.75064],[-119.74243,38.75076],[-119.74286,38.75127],[-119.74272,38.75156],[-119.74291,38.75162],[-119.74299,38.75186],[-119.7422,38.75196],[-119.7421,38.75248],[-119.74244,38.75266],[-119.74298,38.75267],[-119.74283,38.75288],[-119.74293,38.75336],[-119.74314,38.75335],[-119.74332,38.75371],[-119.74352,38.75363],[-119.74401,38.75411],[-119.74397,38.75441],[-119.74419,38.75448],[-119.74404,38.75467],[-119.74426,38.75481],[-119.74407,38.75503],[-119.74421,38.7551],[-119.74416,38.75525],[-119.74468,38.7554],[-119.7449,38.75588],[-119.74457,38.7561],[-119.74476,38.75642],[-119.74459,38.75659],[-119.74478,38.7567],[-119.74473,38.75683],[-119.74524,38.75703],[-119.74509,38.75745],[-119.74522,38.75761],[-119.74497,38.75797],[-119.74499,38.75819],[-119.74323,38.75826],[-119.74281,38.7586],[-119.74244,38.75858],[-119.74248,38.75872],[-119.74334,38.75911],[-119.74289,38.75957],[-119.74331,38.75979],[-119.74348,38.76007],[-119.74407,38.76034],[-119.74509,38.76037],[-119.74526,38.76045],[-119.74536,38.76086],[-119.74563,38.76102],[-119.74607,38.76101],[-119.74584,38.76162],[-119.74608,38.76203],[-119.74592,38.76233],[-119.74615,38.76289],[-119.74673,38.76315],[-119.74667,38.76353],[-119.74677,38.76365],[-119.74728,38.76395],[-119.74764,38.76397],[-119.7477,38.76491],[-119.74758,38.76503],[-119.7479,38.76535],[-119.74752,38.76616],[-119.74739,38.76618],[-119.7474,38.76655],[-119.7472,38.76653],[-119.74713,38.76636],[-119.747,38.76641],[-119.74723,38.76737],[-119.74706,38.7675],[-119.74685,38.76737],[-119.74629,38.76754],[-119.74689,38.76775],[-119.74686,38.768],[-119.7463,38.76846],[-119.74666,38.76864],[-119.74661,38.76911],[-119.74628,38.76928],[-119.74635,38.76942],[-119.7462,38.76966],[-119.74632,38.76976],[-119.746,38.76999],[-119.74657,38.77066],[-119.74649,38.77104],[-119.7463,38.77099],[-119.74629,38.77075],[-119.74607,38.7706],[-119.74589,38.77156],[-119.74552,38.77194],[-119.74466,38.77163],[-119.74471,38.77226],[-119.74409,38.77287],[-119.74407,38.77303],[-119.74429,38.77317],[-119.74395,38.77406],[-119.74364,38.7745],[-119.7437,38.77464],[-119.74299,38.77519],[-119.74305,38.7755],[-119.74334,38.77588],[-119.74302,38.77622],[-119.74295,38.77661],[-119.7426,38.77671],[-119.74265,38.77706],[-119.7425,38.77748],[-119.74185,38.77778],[-119.74116,38.77769],[-119.74086,38.77781],[-119.73944,38.77762],[-119.73921,38.77797],[-119.73842,38.77811],[-119.73811,38.7785],[-119.73756,38.77851],[-119.73722,38.77878]]]},"properties":{"fire_id":"ufid:2021-NVHTF-030385","source_collection":"history-2021","source_objectid":14373,"incident_name":"East Fork - 1","mapped_acres":1135.744,"mapped_acres_source":"poly_GISAcres","gis_acres":1135.744,"auto_acres":1135.7401072066834,"reported_acres":1136.0,"percent_contained":null,"state":"CA","state_wfigs":"US-CA","county":"Alpine","discovery_time_utc":"2021-07-01T22:09:00Z","perimeter_time_utc":"2022-03-24T22:40:00Z","perimeter_edit_time_utc":"2023-03-14T15:13:42Z","incident_modified_time_utc":"2021-09-08T22:14:00Z","containment_time_utc":"2021-07-11T01:00:00Z","control_time_utc":"2021-07-14T23:00:00Z","fire_out_time_utc":"2021-07-20T23:00:00Z","fire_cause":"Natural","fire_cause_general":"Natural","map_method":"Infrared Image","source_dataset":"FFP","unique_fire_identifier":"2021-NVHTF-030385","irwin_id":"{A64474A3-8A1A-4830-92A3-03311D65EB1E}","global_id":"1fc5af12-0afb-4ba4-b7b9-e77321ca6a96"}},{"type":"Feature","geometry":{"type":"MultiPolygon","coordinates":[[[[-118.85666,37.83449],[-118.85281,37.83148],[-118.8523,37.83047],[-118.85238,37.83016],[-118.85219,37.82968],[-118.85175,37.82979],[-118.85156,37.83002],[-118.85037,37.83071],[-118.84897,37.83107],[-118.84853,37.83101],[-118.84797,37.83073],[-118.84719,37.83022],[-118.84694,37.82988],[-118.84692,37.82789],[-118.84662,37.8276],[-118.84567,37.82774],[-118.84543,37.82747],[-118.84553,37.82577],[-118.84479,37.82423],[-118.84392,37.82358],[-118.84397,37.82323],[-118.84543,37.82181],[-118.84584,37.8212],[-118.8472,37.81978],[-118.84804,37.81918],[-118.84846,37.8186],[-118.84841,37.81795],[-118.84818,37.8175],[-118.84628,37.81525],[-118.84467,37.81359],[-118.84399,37.813],[-118.84262,37.8125],[-118.84166,37.81194],[-118.84175,37.81152],[-118.84236,37.81115],[-118.84249,37.81096],[-118.84242,37.81087],[-118.84305,37.81055],[-118.84455,37.81023],[-118.84516,37.80981],[-118.84564,37.80895],[-118.84593,37.80872],[-118.84587,37.80859],[-118.8466,37.80781],[-118.84658,37.80761],[-118.84679,37.80778],[-118.84706,37.80765],[-118.84693,37.8073],[-118.84721,37.80714],[-118.8474,37.80759],[-118.84826,37.80676],[-118.84806,37.80657],[-118.84836,37.80644],[-118.84844,37.80655],[-118.84911,37.80606],[-118.84982,37.8058],[-118.85003,37.80524],[-118.85058,37.80452],[-118.85126,37.80437],[-118.85156,37.80454],[-118.85213,37.80462],[-118.85265,37.80417],[-118.8529,37.80459],[-118.85324,37.80441],[-118.85352,37.80375],[-118.85347,37.80331],[-118.85327,37.80313],[-118.85306,37.80234],[-118.8541,37.80229],[-118.85448,37.80207],[-118.85483,37.80163],[-118.85515,37.8017],[-118.85552,37.80137],[-118.85617,37.80106],[-118.85655,37.80109],[-118.85719,37.80072],[-118.85811,37.80047],[-118.85835,37.79978],[-118.85707,37.79972],[-118.85697,37.79947],[-118.8568,37.79939],[-118.85692,37.7992],[-118.85731,37.79921],[-118.85747,37.79898],[-118.85841,37.79869],[-118.85881,37.79878],[-118.85891,37.7986],[-118.85909,37.79873],[-118.85977,37.79828],[-118.86107,37.79803],[-118.86437,37.79687],[-118.86523,37.79672],[-118.86616,37.79585],[-118.86648,37.7957],[-118.86701,37.79568],[-118.86774,37.79541],[-118.868,37.79543],[-118.86817,37.79561],[-118.86858,37.79549],[-118.86874,37.79509],[-118.86923,37.79496],[-118.86927,37.79463],[-118.86969,37.79458],[-118.87088,37.79393],[-118.87123,37.79391],[-118.87144,37.79365],[-118.87162,37.79377],[-118.87206,37.79362],[-118.87306,37.79297],[-118.87322,37.79306],[-118.87411,37.79266],[-118.87451,37.79241],[-118.87441,37.79229],[-118.87464,37.79226],[-118.87485,37.79198],[-118.87513,37.79198],[-118.87506,37.79187],[-118.87526,37.79175],[-118.87579,37.79176],[-118.87614,37.79226],[-118.87638,37.79228],[-118.87659,37.79202],[-118.87661,37.79214],[-118.87689,37.79206],[-118.87713,37.79229],[-118.8776,37.79216],[-118.87804,37.79257],[-118.8783,37.79246],[-118.87916,37.79283],[-118.87969,37.7928],[-118.87973,37.79296],[-118.88014,37.79324],[-118.88095,37.79307],[-118.88209,37.79326],[-118.88283,37.7931],[-118.88345,37.79333],[-118.88368,37.79318],[-118.8842,37.79331],[-118.88474,37.79325],[-118.88505,37.79353],[-118.88544,37.79363],[-118.88657,37.79349],[-118.88694,37.79313],[-118.88717,37.79352],[-118.88744,37.79369],[-118.88795,37.79325],[-118.88887,37.79352],[-118.88925,37.79341],[-118.88934,37.79325],[-118.88957,37.79337],[-118.88963,37.79301],[-118.88992,37.79293],[-118.89017,37.79225],[-118.8908,37.79242],[-118.89053,37.79311],[-118.89069,37.79334],[-118.89065,37.79361],[-118.89095,37.79354],[-118.89096,37.79299],[-118.89144,37.79259],[-118.8918,37.79288],[-118.89216,37.79277],[-118.89218,37.79292],[-118.89256,37.79312],[-118.89238,37.79339],[-118.89265,37.79364],[-118.89286,37.79366],[-118.89296,37.79361],[-118.89294,37.79328],[-118.89342,37.79295],[-118.89441,37.79309],[-118.89458,37.7928],[-118.8953,37.79274],[-118.89557,37.79254],[-118.89638,37.79267],[-118.89729,37.79247],[-118.89755,37.79207],[-118.89821,37.79218],[-118.89879,37.79212],[-118.89893,37.79222],[-118.89887,37.79245],[-118.8994,37.79285],[-118.89982,37.79293],[-118.90029,37.79291],[-118.90043,37.7928],[-118.90045,37.79233],[-118.9006,37.79232],[-118.90103,37.79261],[-118.90155,37.79275],[-118.90185,37.79306],[-118.90184,37.79323],[-118.90162,37.79337],[-118.90126,37.79338],[-118.90117,37.79369],[-118.90166,37.79398],[-118.90233,37.79408],[-118.90283,37.79442],[-118.90355,37.79432],[-118.90368,37.79444],[-118.90371,37.7949],[-118.90425,37.79499],[-118.90482,37.79555],[-118.90531,37.7954],[-118.90531,37.79555],[-118.90494,37.79566],[-118.90513,37.79575],[-118.90539,37.79656],[-118.90624,37.79723],[-118.90664,37.79701],[-118.90713,37.79697],[-118.90751,37.79726],[-118.90795,37.79731],[-118.90824,37.79755],[-118.90812,37.7979],[-118.90738,37.79858],[-118.90643,37.79882],[-118.90634,37.799],[-118.90649,37.79909],[-118.90646,37.7993],[-118.90676,37.79939],[-118.90688,37.79954],[-118.90675,37.79962],[-118.90706,37.7998],[-118.90656,37.80007],[-118.90626,37.80003],[-118.90625,37.80017],[-118.90647,37.80031],[-118.90641,37.80038],[-118.90658,37.80044],[-118.90611,37.80042],[-118.90594,37.80053],[-118.90622,37.80084],[-118.90592,37.80113],[-118.90566,37.80088],[-118.90491,37.80131],[-118.90482,37.80108],[-118.90432,37.80113],[-118.90415,37.80101],[-118.9041,37.80121],[-118.90386,37.80138],[-118.90396,37.80161],[-118.9037,37.80164],[-118.90329,37.80152],[-118.90304,37.80163],[-118.90262,37.80131],[-118.9024,37.8013],[-118.90226,37.80168],[-118.90249,37.80182],[-118.9021,37.80204],[-118.90224,37.80224],[-118.90182,37.80226],[-118.9017,37.80251],[-118.90183,37.80277],[-118.90248,37.80293],[-118.90244,37.80302],[-118.90167,37.80314],[-118.90128,37.80301],[-118.90083,37.80319],[-118.90016,37.80303],[-118.90011,37.80318],[-118.9004,37.80353],[-118.90038,37.80368],[-118.9002,37.80371],[-118.89978,37.80343],[-118.89924,37.80361],[-118.8987,37.80358],[-118.89727,37.80325],[-118.89734,37.80337],[-118.89718,37.80373],[-118.8968,37.8039],[-118.89672,37.80382],[-118.89689,37.80357],[-118.89691,37.80322],[-118.89672,37.80305],[-118.89631,37.8033],[-118.89562,37.80333],[-118.89557,37.80361],[-118.896,37.80421],[-118.89588,37.80425],[-118.89558,37.80404],[-118.89396,37.80479],[-118.89358,37.80527],[-118.89307,37.80669],[-118.8915,37.80803],[-118.89053,37.80931],[-118.89022,37.80948],[-118.88957,37.80953],[-118.88905,37.80934],[-118.8886,37.80862],[-118.88734,37.80715],[-118.88632,37.80525],[-118.88555,37.80451],[-118.88537,37.80444],[-118.88508,37.80462],[-118.88482,37.80456],[-118.8846,37.80428],[-118.88399,37.80402],[-118.88328,37.8042],[-118.88313,37.80443],[-118.88324,37.80467],[-118.88298,37.80489],[-118.88201,37.80499],[-118.88211,37.80551],[-118.88114,37.80578],[-118.88088,37.80615],[-118.87967,37.80654],[-118.87931,37.80688],[-118.87807,37.8072],[-118.8776,37.80701],[-118.87605,37.80707],[-118.87555,37.8075],[-118.87504,37.80764],[-118.87473,37.80794],[-118.87426,37.80799],[-118.87363,37.80837],[-118.8728,37.80825],[-118.87242,37.80847],[-118.87224,37.80896],[-118.87249,37.80911],[-118.87243,37.80945],[-118.87194,37.81014],[-118.87198,37.81047],[-118.87156,37.81037],[-118.87152,37.81072],[-118.87131,37.81088],[-118.8711,37.8114],[-118.8703,37.81183],[-118.87,37.81215],[-118.87,37.81247],[-118.8702,37.81276],[-118.87018,37.81321],[-118.87035,37.81351],[-118.8704,37.81456],[-118.8702,37.81519],[-118.86962,37.81625],[-118.86963,37.8172],[-118.86928,37.81858],[-118.86883,37.81867],[-118.86835,37.81905],[-118.86858,37.81975],[-118.86926,37.8201],[-118.87015,37.82032],[-118.8703,37.82087],[-118.87056,37.8211],[-118.87027,37.82235],[-118.87007,37.82284],[-118.86979,37.82312],[-118.87098,37.82461],[-118.87105,37.82498],[-118.87137,37.82538],[-118.87122,37.82558],[-118.87126,37.82598],[-118.87111,37.82632],[-118.87048,37.82623],[-118.86983,37.82736],[-118.8699,37.82807],[-118.86944,37.82929],[-118.86952,37.83012],[-118.86941,37.83065],[-118.86882,37.83084],[-118.86831,37.83072],[-118.868,37.83038],[-118.86769,37.83025],[-118.86658,37.83036],[-118.86566,37.82986],[-118.86508,37.83034],[-118.86494,37.83067],[-118.86493,37.83143],[-118.86467,37.8318],[-118.86406,37.83195],[-118.86396,37.83233],[-118.86313,37.8326],[-118.86313,37.83319],[-118.8624,37.83335],[-118.86187,37.83402],[-118.86142,37.8342],[-118.86118,37.83491],[-118.8609,37.8352],[-118.86008,37.83564],[-118.85994,37.83621],[-118.85943,37.83668],[-118.85926,37.83668],[-118.85666,37.83449]]],[[[-118.90302,37.79033],[-118.90216,37.79049],[-118.90184,37.79025],[-118.90101,37.79045],[-118.90096,37.79031],[-118.90117,37.79005],[-118.90103,37.78974],[-118.90131,37.78964],[-118.9021,37.78998],[-118.90275,37.7899],[-118.90291,37.78999],[-118.90302,37.79033]]],[[[-118.90672,37.79589],[-118.9069,37.79558],[-118.90725,37.79567],[-118.90734,37.79609],[-118.90674,37.79617],[-118.90672,37.79589]]],[[[-118.90753,37.79943],[-118.90759,37.79943],[-118.90755,37.79948],[-118.90753,37.79943]]],[[[-118.85197,37.80252],[-118.85221,37.80256],[-118.85225,37.80278],[-118.85206,37.80303],[-118.85159,37.80318],[-118.85155,37.80294],[-118.85197,37.80252]]],[[[-118.8525,37.84069],[-118.85271,37.84053],[-118.85323,37.84055],[-118.85279,37.84075],[-118.8525,37.84069]]]]},"properties":{"fire_id":"ufid:2021-CAINF-001695","source_collection":"history-2021","source_objectid":14382,"incident_name":"Dexter","mapped_acres":2963.575,"mapped_acres_source":"poly_GISAcres","gis_acres":2963.575,"auto_acres":2967.820282511828,"reported_acres":2968.0,"percent_contained":null,"state":"CA","state_wfigs":"US-CA","county":"Mono","discovery_time_utc":"2021-07-12T16:35:00Z","perimeter_time_utc":null,"perimeter_edit_time_utc":"2023-03-14T15:13:42Z","incident_modified_time_utc":"2022-02-03T20:28:22Z","containment_time_utc":"2021-07-28T22:27:00Z","control_time_utc":"2021-11-01T01:00:00Z","fire_out_time_utc":"2022-01-07T02:31:00Z","fire_cause":"Natural","fire_cause_general":"Natural","map_method":"Mixed Methods","source_dataset":"FFP","unique_fire_identifier":"2021-CAINF-001695","irwin_id":"{2D98ADAA-65B2-4E85-BDF5-FED3B385269D}","global_id":"2fa669a5-93d3-413f-a811-d89843f1a7a2"}},{"type":"Feature","geometry":{"type":"MultiPolygon","coordinates":[[[[-119.62071,37.86418],[-119.62023,37.86434],[-119.62017,37.86461],[-119.61997,37.8648],[-119.61981,37.86467],[-119.61973,37.86433],[-119.61984,37.86424],[-119.61974,37.86415],[-119.6195,37.86414],[-119.6191,37.8644],[-119.61903,37.86427],[-119.61915,37.86417],[-119.61901,37.86378],[-119.61973,37.86349],[-119.62025,37.86298],[-119.6207,37.86292],[-119.61986,37.86297],[-119.61943,37.86254],[-119.61922,37.86254],[-119.61918,37.86275],[-119.6188,37.86267],[-119.61894,37.86208],[-119.61878,37.8619],[-119.61846,37.86174],[-119.61813,37.86177],[-119.61789,37.86203],[-119.61763,37.86207],[-119.61755,37.86186],[-119.61772,37.86157],[-119.61756,37.86132],[-119.61724,37.86136],[-119.61712,37.86151],[-119.61678,37.8614],[-119.61685,37.86117],[-119.61674,37.86104],[-119.61744,37.86082],[-119.61735,37.86057],[-119.6175,37.86055],[-119.6174,37.86031],[-119.61824,37.86032],[-119.6184,37.85988],[-119.61749,37.85979],[-119.61686,37.85927],[-119.61656,37.85924],[-119.61589,37.85887],[-119.61571,37.85891],[-119.61545,37.85859],[-119.61517,37.85886],[-119.6149,37.85879],[-119.61478,37.85855],[-119.61492,37.85829],[-119.61419,37.85806],[-119.61398,37.85785],[-119.61252,37.85783],[-119.61153,37.85768],[-119.61133,37.85664],[-119.61183,37.85503],[-119.61204,37.85517],[-119.61253,37.85518],[-119.61314,37.855],[-119.61404,37.85417],[-119.61398,37.85387],[-119.61364,37.85378],[-119.6137,37.85352],[-119.614,37.85349],[-119.61509,37.85369],[-119.61539,37.85395],[-119.61505,37.85471],[-119.61465,37.85513],[-119.61476,37.85541],[-119.61447,37.85584],[-119.61455,37.85596],[-119.61545,37.85634],[-119.61665,37.85611],[-119.61685,37.85641],[-119.61761,37.85655],[-119.6178,37.85681],[-119.61858,37.85714],[-119.61946,37.85791],[-119.6201,37.85773],[-119.62038,37.85694],[-119.62111,37.857],[-119.62154,37.85638],[-119.62281,37.85543],[-119.62301,37.85458],[-119.62288,37.8539],[-119.62291,37.85316],[-119.62263,37.85321],[-119.62263,37.85334],[-119.62211,37.85282],[-119.62142,37.85175],[-119.62169,37.85126],[-119.62175,37.85063],[-119.62147,37.84997],[-119.62154,37.84971],[-119.62202,37.84921],[-119.62364,37.84937],[-119.62766,37.8503],[-119.63215,37.85202],[-119.6349,37.85332],[-119.63947,37.85627],[-119.64113,37.85702],[-119.64262,37.85748],[-119.64421,37.85772],[-119.64588,37.85726],[-119.64666,37.8567],[-119.64702,37.8569],[-119.64744,37.85753],[-119.64804,37.85792],[-119.6501,37.85819],[-119.65078,37.85849],[-119.65104,37.85882],[-119.65055,37.8603],[-119.65059,37.86155],[-119.6502,37.86236],[-119.64928,37.86305],[-119.64913,37.86296],[-119.649,37.86309],[-119.64894,37.86282],[-119.64863,37.86258],[-119.64802,37.86297],[-119.64762,37.86266],[-119.64734,37.86278],[-119.64719,37.86304],[-119.64691,37.86304],[-119.64682,37.86314],[-119.64697,37.86323],[-119.64663,37.86364],[-119.64631,37.86372],[-119.64611,37.86397],[-119.64574,37.86393],[-119.64603,37.8641],[-119.64634,37.86405],[-119.6467,37.86481],[-119.64696,37.86469],[-119.64717,37.86495],[-119.64747,37.86481],[-119.64789,37.86484],[-119.64777,37.86474],[-119.6478,37.86456],[-119.64809,37.86461],[-119.64826,37.86493],[-119.64768,37.86509],[-119.64783,37.86566],[-119.6476,37.86554],[-119.64721,37.86572],[-119.64671,37.86572],[-119.64626,37.86618],[-119.64599,37.86605],[-119.64624,37.86576],[-119.64613,37.86566],[-119.64592,37.86564],[-119.646,37.86579],[-119.64584,37.86603],[-119.64536,37.86566],[-119.64485,37.8657],[-119.64483,37.86601],[-119.64507,37.86636],[-119.64436,37.86668],[-119.64469,37.86716],[-119.64507,37.86733],[-119.64501,37.8675],[-119.64481,37.86747],[-119.64449,37.86773],[-119.64504,37.86783],[-119.6451,37.86762],[-119.64527,37.86755],[-119.64541,37.86769],[-119.64557,37.86764],[-119.64578,37.86799],[-119.64606,37.86813],[-119.64644,37.86812],[-119.64641,37.86833],[-119.64652,37.86839],[-119.64622,37.86874],[-119.64656,37.86874],[-119.64681,37.86851],[-119.64677,37.86831],[-119.64694,37.86828],[-119.64771,37.86896],[-119.64796,37.86902],[-119.64847,37.86943],[-119.64889,37.86954],[-119.6489,37.86971],[-119.64874,37.86981],[-119.64886,37.86984],[-119.64842,37.86993],[-119.64794,37.86995],[-119.64734,37.86958],[-119.64698,37.8696],[-119.64654,37.86916],[-119.64566,37.86886],[-119.64316,37.86896],[-119.64233,37.86884],[-119.64201,37.8689],[-119.64166,37.86917],[-119.63988,37.86914],[-119.63859,37.86964],[-119.63844,37.86986],[-119.63631,37.86997],[-119.6354,37.87023],[-119.6353,37.87],[-119.63506,37.86992],[-119.63474,37.86878],[-119.63485,37.86854],[-119.63585,37.86862],[-119.63609,37.86874],[-119.63617,37.86905],[-119.63625,37.86893],[-119.63607,37.86862],[-119.63609,37.86825],[-119.63582,37.86802],[-119.63543,37.86797],[-119.63504,37.86775],[-119.63484,37.86712],[-119.63445,37.86709],[-119.63428,37.8667],[-119.63394,37.86658],[-119.63367,37.8663],[-119.63377,37.86561],[-119.63325,37.86548],[-119.63322,37.86537],[-119.6333,37.86506],[-119.63381,37.8648],[-119.63413,37.86497],[-119.63413,37.86513],[-119.63474,37.86507],[-119.63485,37.86523],[-119.63508,37.8652],[-119.63508,37.8649],[-119.63527,37.86489],[-119.63506,37.8646],[-119.63461,37.86449],[-119.63474,37.86421],[-119.63517,37.86404],[-119.63526,37.86379],[-119.63471,37.86345],[-119.63439,37.8628],[-119.63422,37.86281],[-119.63385,37.86247],[-119.6338,37.86197],[-119.63394,37.86127],[-119.63351,37.86134],[-119.63326,37.86088],[-119.63294,37.86065],[-119.6328,37.86011],[-119.63251,37.85995],[-119.63194,37.86007],[-119.63142,37.85912],[-119.63112,37.85907],[-119.63058,37.85869],[-119.63031,37.85867],[-119.63023,37.8588],[-119.63036,37.85886],[-119.63021,37.85885],[-119.62992,37.85916],[-119.62952,37.85921],[-119.62952,37.85942],[-119.62923,37.85971],[-119.62919,37.85961],[-119.62894,37.85968],[-119.62802,37.86011],[-119.62798,37.86035],[-119.62781,37.86041],[-119.62809,37.86076],[-119.6278,37.86132],[-119.62781,37.86154],[-119.62826,37.86172],[-119.62844,37.86258],[-119.62887,37.86315],[-119.63059,37.86383],[-119.63099,37.86418],[-119.63235,37.86438],[-119.63239,37.86457],[-119.63224,37.86479],[-119.63187,37.86474],[-119.63148,37.86528],[-119.63177,37.86565],[-119.63164,37.8658],[-119.63168,37.8662],[-119.63208,37.86618],[-119.63219,37.86638],[-119.63284,37.86655],[-119.63311,37.86688],[-119.63309,37.8671],[-119.63273,37.86723],[-119.63237,37.86695],[-119.63184,37.86693],[-119.63098,37.86652],[-119.63067,37.86658],[-119.63019,37.86634],[-119.63003,37.86661],[-119.62952,37.86687],[-119.62937,37.86645],[-119.62907,37.86637],[-119.62952,37.86616],[-119.6293,37.86601],[-119.62874,37.86585],[-119.62816,37.86613],[-119.62776,37.86608],[-119.62779,37.86567],[-119.62802,37.86547],[-119.62783,37.86533],[-119.62765,37.86537],[-119.62764,37.86559],[-119.62751,37.86568],[-119.62713,37.86561],[-119.62701,37.86577],[-119.62664,37.86561],[-119.6264,37.86574],[-119.62583,37.86538],[-119.62607,37.86481],[-119.62578,37.86481],[-119.62546,37.86505],[-119.62512,37.865],[-119.62496,37.86483],[-119.62444,37.86498],[-119.62375,37.8643],[-119.62383,37.86386],[-119.62397,37.86373],[-119.62377,37.86309],[-119.62393,37.86281],[-119.62383,37.86262],[-119.62408,37.86254],[-119.62414,37.86216],[-119.62368,37.86247],[-119.62326,37.86248],[-119.62319,37.86267],[-119.62279,37.86292],[-119.62273,37.86305],[-119.62292,37.86316],[-119.62297,37.86344],[-119.62259,37.86387],[-119.62202,37.86407],[-119.62216,37.86422],[-119.62196,37.86454],[-119.62158,37.86455],[-119.62126,37.86478],[-119.62086,37.86458],[-119.62086,37.86428],[-119.62071,37.86418]]],[[[-119.61895,37.86309],[-119.61885,37.86311],[-119.61888,37.86294],[-119.61895,37.86309]]],[[[-119.63106,37.86827],[-119.63072,37.86796],[-119.63051,37.86822],[-119.63053,37.86797],[-119.63008,37.86812],[-119.62995,37.86798],[-119.62964,37.86803],[-119.6302,37.86784],[-119.6303,37.86744],[-119.63064,37.8673],[-119.63072,37.86715],[-119.63061,37.867],[-119.63057,37.86718],[-119.63028,37.86723],[-119.63047,37.86677],[-119.63055,37.8669],[-119.63087,37.86693],[-119.63082,37.86676],[-119.63093,37.8668],[-119.6308,37.86721],[-119.63127,37.86699],[-119.63175,37.86729],[-119.63194,37.86726],[-119.63226,37.86755],[-119.63223,37.86772],[-119.63156,37.86766],[-119.63141,37.86754],[-119.63143,37.86779],[-119.63119,37.86796],[-119.63106,37.86827]]]]},"properties":{"fire_id":"ufid:2021-CAYNP-000052","source_collection":"history-2021","source_objectid":14506,"incident_name":"Lukens","mapped_acres":918.6507,"mapped_acres_source":"poly_GISAcres","gis_acres":918.6507,"auto_acres":918.1683968884273,"reported_acres":906.0,"percent_contained":null,"state":"CA","state_wfigs":"US-CA","county":"Tuolumne","discovery_time_utc":"2021-07-01T16:52:00Z","perimeter_time_utc":"2021-09-14T20:12:38Z","perimeter_edit_time_utc":"2023-03-14T15:13:42Z","incident_modified_time_utc":"2021-11-16T00:43:39Z","containment_time_utc":"2021-08-19T17:00:00Z","control_time_utc":null,"fire_out_time_utc":"2021-11-16T00:30:00Z","fire_cause":"Natural","fire_cause_general":"Natural","map_method":"GPS-Walked","source_dataset":"FFP","unique_fire_identifier":"2021-CAYNP-000052","irwin_id":"{2449539E-6332-41D9-BAB7-DDFD690DC810}","global_id":"75c3e2b2-8774-42a4-a407-36b38779b861"}},{"type":"Feature","geometry":{"type":"MultiPolygon","coordinates":[[[[-117.59418,35.42151],[-117.59417,35.42151],[-117.59418,35.4215],[-117.59418,35.42151]]],[[[-117.59401,35.42157],[-117.59402,35.42157],[-117.59403,35.42158],[-117.59401,35.42157]]],[[[-117.59408,35.42166],[-117.59408,35.42165],[-117.59409,35.42165],[-117.59408,35.42166]]],[[[-117.59396,35.4218],[-117.59369,35.42169],[-117.59389,35.42187],[-117.59387,35.42198],[-117.59357,35.42189],[-117.59368,35.42201],[-117.59346,35.42223],[-117.59331,35.42222],[-117.5934,35.42236],[-117.59313,35.42244],[-117.59299,35.42265],[-117.59311,35.42269],[-117.59288,35.4227],[-117.59298,35.42288],[-117.59281,35.42288],[-117.59255,35.42331],[-117.59265,35.42332],[-117.59246,35.42336],[-117.59238,35.42359],[-117.59248,35.4236],[-117.59234,35.42369],[-117.59291,35.42375],[-117.59309,35.42361],[-117.59321,35.42373],[-117.59341,35.42369],[-117.59303,35.424],[-117.59313,35.42402],[-117.59303,35.42424],[-117.59314,35.42433],[-117.59303,35.42447],[-117.59319,35.42445],[-117.59303,35.42461],[-117.59323,35.42472],[-117.59308,35.42472],[-117.59303,35.42487],[-117.59317,35.42481],[-117.59306,35.42498],[-117.59324,35.42495],[-117.59307,35.42508],[-117.59252,35.42499],[-117.59211,35.42469],[-117.59198,35.42437],[-117.59222,35.4229],[-117.59246,35.42287],[-117.59257,35.42256],[-117.59287,35.42233],[-117.59279,35.42228],[-117.59303,35.42221],[-117.59333,35.42176],[-117.59352,35.42175],[-117.59364,35.42146],[-117.59427,35.42139],[-117.59419,35.4215],[-117.5939,35.42144],[-117.59412,35.42172],[-117.59396,35.4218]]],[[[-117.59391,35.42188],[-117.59389,35.42187],[-117.59391,35.42186],[-117.59391,35.42188]]],[[[-117.59344,35.42232],[-117.59342,35.42232],[-117.59344,35.42231],[-117.59344,35.42232]]],[[[-117.59342,35.42228],[-117.59341,35.42226],[-117.59342,35.42227],[-117.59342,35.42228]]],[[[-117.59341,35.42228],[-117.59341,35.42227],[-117.59342,35.42228],[-117.59341,35.42228]]],[[[-117.59332,35.4224],[-117.59333,35.4224],[-117.59332,35.42241],[-117.59332,35.4224]]],[[[-117.59248,35.42348],[-117.59247,35.42347],[-117.59248,35.42347],[-117.59248,35.42348]]],[[[-117.59318,35.424],[-117.59313,35.42402],[-117.59317,35.42398],[-117.59318,35.424]]]]},"properties":{"fire_id":"ufid:2021-CACDD-005802","source_collection":"history-2021","source_objectid":14547,"incident_name":"Brush","mapped_acres":5.98,"mapped_acres_source":"poly_GISAcres","gis_acres":5.98,"auto_acres":5.9781375250460735,"reported_acres":6.0,"percent_contained":null,"state":"CA","state_wfigs":"US-CA","county":"San Bernardino","discovery_time_utc":"2021-03-31T15:59:00Z","perimeter_time_utc":"2021-03-31T20:45:00Z","perimeter_edit_time_utc":"2023-03-14T15:13:42Z","incident_modified_time_utc":"2021-08-23T21:29:22Z","containment_time_utc":"2021-04-01T20:24:00Z","control_time_utc":"2021-04-01T20:31:00Z","fire_out_time_utc":"2021-04-01T20:31:00Z","fire_cause":"Human","fire_cause_general":"Other causes","map_method":"Mixed Methods","source_dataset":"FFP","unique_fire_identifier":"2021-CACDD-005802","irwin_id":"{72A09FAF-D1C4-4506-95CF-6AC1FB6B1337}","global_id":"1678c08c-11a4-49e4-99ce-54a5161ad357"}},{"type":"Feature","geometry":{"type":"MultiPolygon","coordinates":[[[[-118.435291,35.409435],[-118.43562,35.40964],[-118.43605,35.40934],[-118.43659,35.40942],[-118.43692,35.40928],[-118.43739,35.40957],[-118.43768,35.40956],[-118.43807,35.40992],[-118.43856,35.41011],[-118.4389,35.40981],[-118.43878,35.40966],[-118.43889,35.40956],[-118.43925,35.40958],[-118.43919,35.40977],[-118.43931,35.40983],[-118.43976,35.40952],[-118.44002,35.40959],[-118.43982,35.40966],[-118.43996,35.40978],[-118.44047,35.40986],[-118.44055,35.41015],[-118.44024,35.41023],[-118.44015,35.41049],[-118.43977,35.41066],[-118.43984,35.41079],[-118.44004,35.41075],[-118.44019,35.41096],[-118.43998,35.41093],[-118.43985,35.41129],[-118.43943,35.41163],[-118.43914,35.41149],[-118.4388,35.41159],[-118.43834,35.41196],[-118.43781,35.41218],[-118.43762,35.4124],[-118.43768,35.41261],[-118.43745,35.41266],[-118.43729,35.41291],[-118.43731,35.4132],[-118.43714,35.41325],[-118.43681,35.41381],[-118.43641,35.41384],[-118.43617,35.41409],[-118.4356,35.41423],[-118.43548,35.41458],[-118.43561,35.41471],[-118.43552,35.415],[-118.43516,35.41499],[-118.43513,35.41456],[-118.43443,35.41442],[-118.43412,35.4145],[-118.43367,35.41502],[-118.43305,35.41511],[-118.43098,35.41622],[-118.4312,35.41709],[-118.43106,35.41726],[-118.43169,35.41728],[-118.4316,35.41771],[-118.43081,35.41887],[-118.43045,35.41896],[-118.43017,35.41884],[-118.42983,35.41896],[-118.42972,35.41936],[-118.42921,35.41982],[-118.4291,35.42056],[-118.42897,35.42061],[-118.4295,35.42068],[-118.43011,35.42051],[-118.43037,35.42059],[-118.43052,35.42082],[-118.4304,35.42147],[-118.43051,35.42229],[-118.43001,35.42295],[-118.4299,35.42337],[-118.42909,35.42378],[-118.42862,35.42383],[-118.42684,35.42332],[-118.42645,35.42331],[-118.42634,35.42342],[-118.42597,35.42323],[-118.42536,35.42325],[-118.42496,35.4236],[-118.42488,35.4241],[-118.42442,35.42422],[-118.4241,35.42409],[-118.42407,35.42452],[-118.42397,35.42454],[-118.42373,35.42414],[-118.42361,35.42432],[-118.4235,35.42422],[-118.42288,35.42423],[-118.42277,35.42442],[-118.42254,35.42443],[-118.42248,35.42465],[-118.42193,35.42482],[-118.42169,35.42532],[-118.42115,35.42568],[-118.42032,35.42604],[-118.41971,35.42596],[-118.41954,35.42617],[-118.41901,35.42641],[-118.41923,35.42672],[-118.41864,35.42725],[-118.41834,35.42726],[-118.41821,35.42696],[-118.41791,35.42721],[-118.41771,35.42761],[-118.41739,35.42754],[-118.4169,35.42774],[-118.41562,35.42745],[-118.41518,35.42807],[-118.41487,35.42792],[-118.41412,35.42798],[-118.41394,35.42783],[-118.4137,35.42811],[-118.41384,35.42821],[-118.41381,35.42843],[-118.4134,35.42835],[-118.41289,35.42868],[-118.41213,35.42859],[-118.41184,35.42881],[-118.41099,35.42863],[-118.41093,35.42887],[-118.41058,35.42897],[-118.41049,35.42916],[-118.4102,35.42922],[-118.40984,35.42951],[-118.40904,35.42954],[-118.40885,35.4298],[-118.40837,35.42967],[-118.40832,35.42949],[-118.40812,35.42964],[-118.40784,35.42962],[-118.4075,35.4299],[-118.40724,35.42986],[-118.40711,35.43014],[-118.40655,35.43049],[-118.40653,35.43067],[-118.40606,35.43051],[-118.40585,35.4303],[-118.4056,35.43091],[-118.40571,35.43098],[-118.40562,35.43116],[-118.40546,35.43104],[-118.40538,35.43118],[-118.40508,35.4312],[-118.40492,35.43106],[-118.40487,35.43125],[-118.40477,35.43121],[-118.40481,35.43139],[-118.40467,35.43135],[-118.40461,35.43149],[-118.40442,35.43123],[-118.40425,35.43123],[-118.40414,35.43151],[-118.40399,35.43154],[-118.4038,35.43142],[-118.40368,35.43112],[-118.40336,35.43113],[-118.40349,35.4308],[-118.40311,35.43076],[-118.40399,35.43016],[-118.40376,35.43001],[-118.40293,35.42991],[-118.4028,35.43036],[-118.40117,35.4312],[-118.40033,35.43178],[-118.40012,35.43219],[-118.39908,35.43248],[-118.39856,35.43274],[-118.39833,35.43302],[-118.39798,35.43308],[-118.39699,35.43371],[-118.39571,35.43343],[-118.3954,35.43362],[-118.39475,35.43338],[-118.39352,35.43361],[-118.39331,35.43377],[-118.39201,35.43367],[-118.39173,35.43342],[-118.39141,35.43336],[-118.39106,35.43343],[-118.39107,35.43371],[-118.39037,35.43375],[-118.39015,35.43363],[-118.38995,35.43385],[-118.38958,35.43364],[-118.38969,35.43347],[-118.38956,35.43338],[-118.38935,35.43347],[-118.38937,35.43402],[-118.38951,35.43404],[-118.38957,35.43422],[-118.38948,35.43429],[-118.3898,35.43441],[-118.38999,35.43472],[-118.3903,35.43482],[-118.39032,35.43497],[-118.39017,35.43507],[-118.39029,35.43509],[-118.39024,35.43539],[-118.38977,35.43546],[-118.38985,35.43567],[-118.38974,35.43585],[-118.3893,35.43563],[-118.38909,35.43521],[-118.38842,35.43529],[-118.3883,35.4352],[-118.38854,35.43481],[-118.38914,35.43469],[-118.38923,35.43453],[-118.38892,35.43417],[-118.38916,35.43364],[-118.38886,35.4336],[-118.38889,35.43338],[-118.38807,35.43369],[-118.38752,35.43377],[-118.38723,35.43367],[-118.38668,35.43379],[-118.38587,35.43346],[-118.38588,35.43333],[-118.38541,35.43284],[-118.38465,35.43275],[-118.38461,35.43257],[-118.38488,35.43249],[-118.38499,35.43227],[-118.3844,35.43197],[-118.38423,35.43172],[-118.38374,35.43163],[-118.38277,35.43197],[-118.38248,35.4316],[-118.38152,35.4315],[-118.38137,35.43129],[-118.38177,35.43085],[-118.38247,35.43065],[-118.38271,35.4307],[-118.3831,35.43046],[-118.38326,35.43011],[-118.38375,35.43014],[-118.38388,35.42997],[-118.38374,35.42967],[-118.38318,35.42949],[-118.3832,35.42933],[-118.38282,35.42873],[-118.38317,35.42851],[-118.38279,35.4283],[-118.38291,35.42819],[-118.38276,35.42793],[-118.38328,35.42794],[-118.38311,35.4273],[-118.38337,35.42729],[-118.38317,35.427],[-118.38286,35.42688],[-118.38292,35.42646],[-118.38329,35.42605],[-118.38312,35.42562],[-118.38318,35.42525],[-118.38292,35.42512],[-118.38293,35.42478],[-118.3827,35.42415],[-118.38294,35.42387],[-118.38276,35.42371],[-118.38276,35.42344],[-118.3824,35.42339],[-118.38246,35.4229],[-118.38263,35.42278],[-118.38285,35.42295],[-118.3829,35.42267],[-118.38326,35.42252],[-118.38343,35.42216],[-118.3832,35.42169],[-118.38345,35.42138],[-118.38356,35.42141],[-118.38356,35.42115],[-118.3838,35.42106],[-118.3839,35.42085],[-118.38421,35.42094],[-118.38439,35.42154],[-118.38449,35.42143],[-118.38526,35.4215],[-118.38546,35.42124],[-118.38589,35.42111],[-118.38569,35.42049],[-118.38504,35.4204],[-118.38509,35.42007],[-118.38535,35.41976],[-118.38536,35.41947],[-118.38489,35.4192],[-118.3848,35.41902],[-118.38497,35.41855],[-118.38549,35.41858],[-118.38596,35.41814],[-118.38593,35.41799],[-118.38565,35.41797],[-118.38529,35.41772],[-118.3848,35.4178],[-118.38487,35.41769],[-118.38468,35.41714],[-118.38429,35.41714],[-118.38388,35.41749],[-118.38354,35.41758],[-118.38368,35.41718],[-118.38361,35.41663],[-118.38309,35.41674],[-118.38297,35.41699],[-118.38269,35.41713],[-118.38244,35.41683],[-118.38154,35.41703],[-118.38143,35.41678],[-118.38109,35.41651],[-118.38085,35.41652],[-118.38081,35.41637],[-118.38161,35.4158],[-118.38159,35.41544],[-118.38048,35.41542],[-118.38002,35.41574],[-118.3798,35.41559],[-118.37967,35.41522],[-118.37926,35.41507],[-118.37913,35.41446],[-118.37929,35.41385],[-118.38019,35.4136],[-118.38038,35.41344],[-118.38039,35.41293],[-118.38078,35.41294],[-118.38135,35.4124],[-118.38173,35.41234],[-118.38234,35.41249],[-118.38248,35.41223],[-118.38199,35.41187],[-118.38216,35.41159],[-118.38273,35.41137],[-118.38316,35.41152],[-118.3835,35.41136],[-118.38419,35.41136],[-118.38441,35.41158],[-118.38492,35.41164],[-118.3853,35.4114],[-118.38547,35.41176],[-118.38579,35.41178],[-118.38607,35.41158],[-118.38657,35.41169],[-118.38669,35.41187],[-118.38731,35.41172],[-118.3877,35.41196],[-118.38762,35.41231],[-118.38801,35.41278],[-118.3898,35.41349],[-118.39025,35.41343],[-118.39073,35.41192],[-118.39118,35.41209],[-118.39162,35.41204],[-118.39209,35.41232],[-118.39252,35.41216],[-118.39355,35.41265],[-118.39386,35.413],[-118.39471,35.41303],[-118.39533,35.41368],[-118.39539,35.41387],[-118.39397,35.41423],[-118.39392,35.41435],[-118.39425,35.41498],[-118.39539,35.41518],[-118.39627,35.41513],[-118.39656,35.41525],[-118.39675,35.41572],[-118.39783,35.41549],[-118.39839,35.41554],[-118.3987,35.4154],[-118.39885,35.41516],[-118.39908,35.41512],[-118.39948,35.41525],[-118.39983,35.41573],[-118.40092,35.41552],[-118.40128,35.41578],[-118.40161,35.41581],[-118.40175,35.4157],[-118.40114,35.41529],[-118.4016,35.41505],[-118.40155,35.41492],[-118.40115,35.41468],[-118.40098,35.41433],[-118.402,35.41417],[-118.40215,35.41419],[-118.40225,35.41444],[-118.40374,35.41394],[-118.4037,35.41379],[-118.40536,35.41383],[-118.40575,35.41348],[-118.40649,35.41351],[-118.40689,35.41318],[-118.40774,35.41311],[-118.40814,35.41268],[-118.4083,35.41281],[-118.40884,35.4128],[-118.40894,35.41263],[-118.4098,35.41295],[-118.41027,35.41273],[-118.41034,35.4125],[-118.41111,35.41251],[-118.412,35.41204],[-118.4132,35.4117],[-118.41344,35.41174],[-118.41355,35.41219],[-118.41405,35.41251],[-118.41506,35.4127],[-118.41599,35.4127],[-118.41632,35.41283],[-118.41675,35.41269],[-118.41723,35.41277],[-118.41739,35.41293],[-118.41762,35.41271],[-118.4179,35.41265],[-118.41807,35.41323],[-118.41829,35.41336],[-118.41856,35.41329],[-118.41876,35.41357],[-118.42004,35.41355],[-118.42032,35.41344],[-118.42042,35.41284],[-118.42106,35.41256],[-118.42211,35.41273],[-118.42239,35.41242],[-118.42234,35.41229],[-118.42251,35.41221],[-118.42242,35.41207],[-118.42264,35.41192],[-118.42307,35.41213],[-118.42335,35.41194],[-118.4233,35.41179],[-118.42375,35.41151],[-118.42404,35.41146],[-118.42416,35.41157],[-118.42424,35.41146],[-118.42453,35.41158],[-118.42513,35.41146],[-118.42518,35.41123],[-118.42561,35.41121],[-118.42612,35.41084],[-118.42639,35.411],[-118.42667,35.41082],[-118.42743,35.41074],[-118.42839,35.41005],[-118.4287,35.41027],[-118.42912,35.41012],[-118.42982,35.41022],[-118.43016,35.41005],[-118.43028,35.40984],[-118.4304,35.40987],[-118.43034,35.40969],[-118.43046,35.40956],[-118.43096,35.40974],[-118.43121,35.40952],[-118.43154,35.40956],[-118.43204,35.40938],[-118.43234,35.40951],[-118.43237,35.40965],[-118.43272,35.40954],[-118.43279,35.40939],[-118.43298,35.40956],[-118.43332,35.40943],[-118.4338,35.40962],[-118.43409,35.40949],[-118.43462,35.40971],[-118.43461,35.40993],[-118.43476,35.41003],[-118.43506,35.41007],[-118.43509,35.40945],[-118.435291,35.409435]]],[[[-118.435291,35.409435],[-118.43529,35.40943],[-118.43548,35.40942],[-118.435291,35.409435]]]]},"properties":{"fire_id":"ufid:2021-CACND-002374","source_collection":"history-2021","source_objectid":14585,"incident_name":"Peak","mapped_acres":2096.644,"mapped_acres_source":"poly_GISAcres","gis_acres":2096.644,"auto_acres":2096.636093557807,"reported_acres":2098.0,"percent_contained":null,"state":"CA","state_wfigs":"US-CA","county":"Kern","discovery_time_utc":"2021-07-20T18:40:54Z","perimeter_time_utc":"2022-09-01T00:21:48Z","perimeter_edit_time_utc":"2023-03-14T15:13:42Z","incident_modified_time_utc":"2022-02-03T19:26:05Z","containment_time_utc":"2021-07-31T15:00:00Z","control_time_utc":null,"fire_out_time_utc":"2021-08-11T20:10:00Z","fire_cause":"Undetermined","fire_cause_general":"Undetermined","map_method":"Mixed Methods","source_dataset":"FFP","unique_fire_identifier":"2021-CACND-002374","irwin_id":"{8AA7C284-8414-4FB2-B720-562A4C25EBA1}","global_id":"333e2946-3f9c-4521-ab2c-1e8591078c5f"}},{"type":"Feature","geometry":{"type":"MultiPolygon","coordinates":[[[[-118.59821,35.82623],[-118.59745,35.82512],[-118.59746,35.82475],[-118.59836,35.82453],[-118.59894,35.82454],[-118.59909,35.82465],[-118.59914,35.82494],[-118.59949,35.82498],[-118.59933,35.82542],[-118.59983,35.82544],[-118.60055,35.82507],[-118.60088,35.82518],[-118.60116,35.82574],[-118.60112,35.82601],[-118.60101,35.82603],[-118.60106,35.82654],[-118.60086,35.82688],[-118.60102,35.82693],[-118.60099,35.82715],[-118.6012,35.82735],[-118.60076,35.82739],[-118.60064,35.82768],[-118.60025,35.82772],[-118.59988,35.8282],[-118.59949,35.8282],[-118.59911,35.82798],[-118.59849,35.82804],[-118.5985,35.82827],[-118.59801,35.82812],[-118.59801,35.82793],[-118.59763,35.82764],[-118.59822,35.8266],[-118.59821,35.82623]]],[[[-118.60231,35.82932],[-118.60234,35.82944],[-118.60213,35.82947],[-118.602,35.8293],[-118.60231,35.82932]]],[[[-118.62624,35.83148],[-118.62655,35.83165],[-118.62656,35.83187],[-118.62635,35.83192],[-118.62615,35.8318],[-118.62603,35.83162],[-118.62624,35.83148]]],[[[-118.57169,35.83465],[-118.57174,35.83428],[-118.57224,35.8346],[-118.57235,35.83492],[-118.57225,35.83505],[-118.57169,35.83465]]],[[[-118.57064,35.83709],[-118.57022,35.83711],[-118.56994,35.83697],[-118.57015,35.83687],[-118.57064,35.83709]]],[[[-118.57809,35.83721],[-118.5782,35.83712],[-118.57798,35.83679],[-118.57831,35.8368],[-118.57827,35.83692],[-118.57844,35.83707],[-118.57835,35.83724],[-118.57809,35.83721]]],[[[-118.58998,35.83807],[-118.59035,35.83824],[-118.59035,35.83852],[-118.59078,35.8386],[-118.59045,35.83893],[-118.58985,35.83868],[-118.58964,35.83889],[-118.58942,35.83881],[-118.58954,35.83837],[-118.58998,35.83807]]],[[[-118.56695,35.83871],[-118.56692,35.83898],[-118.56664,35.83933],[-118.56713,35.83936],[-118.56746,35.83966],[-118.56765,35.83959],[-118.56821,35.83978],[-118.56819,35.83999],[-118.56791,35.84021],[-118.56704,35.8404],[-118.56654,35.8403],[-118.56606,35.84044],[-118.56568,35.83972],[-118.56554,35.83903],[-118.56574,35.8389],[-118.5658,35.83841],[-118.5661,35.83829],[-118.56695,35.83871]]],[[[-118.58222,35.83964],[-118.58186,35.83953],[-118.58186,35.83932],[-118.5821,35.83936],[-118.58222,35.83964]]],[[[-118.57663,35.84152],[-118.57619,35.84149],[-118.57623,35.84128],[-118.57657,35.84126],[-118.57663,35.84152]]],[[[-118.62667,35.84583],[-118.62623,35.84657],[-118.62604,35.84659],[-118.62611,35.84647],[-118.6258,35.84632],[-118.62618,35.84597],[-118.62614,35.84582],[-118.62638,35.8457],[-118.62667,35.84583]]],[[[-118.63286,35.85209],[-118.63313,35.85171],[-118.63381,35.85171],[-118.6339,35.85202],[-118.63345,35.85225],[-118.63296,35.85225],[-118.63286,35.85209]]],[[[-118.63085,35.86198],[-118.63052,35.86203],[-118.63058,35.8618],[-118.63098,35.86147],[-118.63022,35.86061],[-118.63059,35.85989],[-118.63141,35.86003],[-118.63182,35.86057],[-118.63167,35.8612],[-118.63114,35.86143],[-118.63085,35.86198]]],[[[-118.63865,35.88389],[-118.6379,35.8839],[-118.63787,35.88364],[-118.63833,35.88333],[-118.63866,35.88344],[-118.63879,35.88379],[-118.63865,35.88389]]],[[[-118.61652,36.11267],[-118.61624,36.11245],[-118.61648,36.11239],[-118.61635,36.11223],[-118.6161,36.11219],[-118.61597,36.11233],[-118.61587,36.11215],[-118.61512,36.11214],[-118.61497,36.11179],[-118.6147,36.11161],[-118.61382,36.11182],[-118.61395,36.1123],[-118.61347,36.1131],[-118.61309,36.11344],[-118.61252,36.11361],[-118.61163,36.11344],[-118.61043,36.11271],[-118.61006,36.11229],[-118.60991,36.1123],[-118.60992,36.11208],[-118.60906,36.11161],[-118.60876,36.11168],[-118.60688,36.11133],[-118.6067,36.11148],[-118.6064,36.1114],[-118.60638,36.11127],[-118.60601,36.1117],[-118.60551,36.11164],[-118.60546,36.11129],[-118.60529,36.11121],[-118.60513,36.11088],[-118.60517,36.1106],[-118.6055,36.11041],[-118.60597,36.11044],[-118.6057,36.11023],[-118.60571,36.10996],[-118.60538,36.10988],[-118.60534,36.10998],[-118.60511,36.10979],[-118.60516,36.10956],[-118.60495,36.10958],[-118.60488,36.10936],[-118.60498,36.10922],[-118.60389,36.10926],[-118.60373,36.10904],[-118.6032,36.10875],[-118.60291,36.10805],[-118.60257,36.10812],[-118.60201,36.10758],[-118.60205,36.1074],[-118.60189,36.10713],[-118.60198,36.10695],[-118.60143,36.10673],[-118.60153,36.10636],[-118.60137,36.10612],[-118.60177,36.10608],[-118.60202,36.10591],[-118.60218,36.10599],[-118.60216,36.10615],[-118.6025,36.10594],[-118.60276,36.10611],[-118.60306,36.10595],[-118.60335,36.10566],[-118.60319,36.1055],[-118.60312,36.1057],[-118.60295,36.10565],[-118.60266,36.10544],[-118.60267,36.10485],[-118.60286,36.10476],[-118.60303,36.10477],[-118.60321,36.10505],[-118.60349,36.10503],[-118.60357,36.10521],[-118.60378,36.1052],[-118.60375,36.10486],[-118.60386,36.10486],[-118.60428,36.10519],[-118.60438,36.10502],[-118.6047,36.10519],[-118.60471,36.10498],[-118.60482,36.10515],[-118.60515,36.10514],[-118.6053,36.10544],[-118.60553,36.10529],[-118.60561,36.1054],[-118.60593,36.10531],[-118.6057,36.10505],[-118.60538,36.10516],[-118.60564,36.10494],[-118.60585,36.10433],[-118.60544,36.10417],[-118.60542,36.10386],[-118.60525,36.10366],[-118.60494,36.10365],[-118.60542,36.1033],[-118.60488,36.10269],[-118.60463,36.10288],[-118.60484,36.10321],[-118.60475,36.10347],[-118.60432,36.10346],[-118.60429,36.1037],[-118.60445,36.10379],[-118.60438,36.1039],[-118.60448,36.104],[-118.60438,36.10423],[-118.60407,36.10419],[-118.60374,36.10385],[-118.60332,36.10389],[-118.60294,36.10455],[-118.60237,36.10442],[-118.60231,36.10393],[-118.60256,36.10353],[-118.60241,36.10326],[-118.60199,36.10308],[-118.60188,36.10265],[-118.60207,36.10247],[-118.60149,36.10243],[-118.60125,36.10191],[-118.60121,36.10116],[-118.60031,36.10031],[-118.59987,36.10043],[-118.59977,36.10066],[-118.5995,36.10045],[-118.59913,36.10056],[-118.59891,36.10006],[-118.59861,36.10002],[-118.59854,36.10056],[-118.59871,36.10054],[-118.59873,36.10068],[-118.599,36.10075],[-118.59889,36.10097],[-118.59857,36.10114],[-118.59826,36.10102],[-118.59804,36.10069],[-118.59765,36.10067],[-118.59748,36.10018],[-118.59752,36.10008],[-118.59762,36.1002],[-118.59767,36.10012],[-118.59758,36.09976],[-118.59768,36.09965],[-118.59749,36.09944],[-118.59722,36.09965],[-118.59723,36.09917],[-118.59675,36.09909],[-118.59667,36.09937],[-118.59649,36.09937],[-118.59637,36.09954],[-118.59595,36.09933],[-118.59579,36.09937],[-118.59574,36.09952],[-118.59592,36.09969],[-118.59562,36.09984],[-118.59539,36.09963],[-118.59488,36.09972],[-118.59417,36.09959],[-118.59435,36.10023],[-118.59255,36.09965],[-118.59255,36.10013],[-118.59239,36.10016],[-118.59199,36.09992],[-118.59156,36.10007],[-118.59156,36.09949],[-118.59093,36.09938],[-118.59089,36.09914],[-118.59036,36.09922],[-118.59026,36.09905],[-118.59069,36.09863],[-118.59012,36.09839],[-118.59015,36.09824],[-118.58954,36.09849],[-118.58876,36.0984],[-118.58871,36.09799],[-118.58852,36.09782],[-118.58899,36.09724],[-118.58871,36.09706],[-118.5884,36.09706],[-118.58836,36.09777],[-118.58818,36.09776],[-118.58802,36.09825],[-118.58825,36.09843],[-118.58817,36.09853],[-118.58774,36.0986],[-118.58602,36.09813],[-118.58584,36.09775],[-118.58529,36.09784],[-118.58564,36.09836],[-118.5853,36.09858],[-118.58531,36.09875],[-118.58569,36.0987],[-118.58545,36.09907],[-118.58576,36.09916],[-118.58557,36.09928],[-118.58571,36.0995],[-118.58516,36.0995],[-118.58461,36.09919],[-118.58452,36.09898],[-118.58461,36.09875],[-118.58423,36.09875],[-118.58413,36.09892],[-118.58406,36.0987],[-118.58385,36.09861],[-118.58386,36.0983],[-118.58421,36.09836],[-118.58429,36.09849],[-118.58441,36.09833],[-118.58481,36.09842],[-118.58484,36.09829],[-118.58431,36.09805],[-118.58455,36.09801],[-118.58454,36.09783],[-118.58421,36.09767],[-118.58393,36.09783],[-118.58382,36.0975],[-118.58369,36.09748],[-118.58368,36.09761],[-118.58335,36.0973],[-118.58311,36.09663],[-118.58308,36.09603],[-118.58275,36.09603],[-118.58276,36.09626],[-118.58255,36.09634],[-118.58249,36.09615],[-118.58223,36.09615],[-118.58225,36.0959],[-118.58215,36.09575],[-118.58202,36.09583],[-118.58212,36.09567],[-118.58185,36.09548],[-118.58182,36.09522],[-118.58155,36.09532],[-118.58151,36.09484],[-118.58146,36.09495],[-118.5812,36.09482],[-118.58108,36.09438],[-118.58055,36.09387],[-118.58019,36.09376],[-118.57995,36.09384],[-118.57999,36.09359],[-118.57955,36.09345],[-118.57933,36.09357],[-118.5791,36.09348],[-118.57899,36.09364],[-118.5792,36.09378],[-118.5791,36.09389],[-118.57893,36.09393],[-118.57882,36.09372],[-118.57848,36.09371],[-118.57863,36.09387],[-118.57836,36.0939],[-118.57854,36.09418],[-118.57804,36.09417],[-118.57807,36.09405],[-118.57791,36.09394],[-118.57759,36.09399],[-118.57756,36.09411],[-118.57722,36.09377],[-118.57728,36.0937],[-118.57643,36.09354],[-118.57644,36.09342],[-118.57674,36.09334],[-118.57662,36.09328],[-118.57678,36.09317],[-118.57672,36.09302],[-118.57631,36.09304],[-118.57612,36.09325],[-118.57586,36.09301],[-118.57553,36.09301],[-118.57525,36.09271],[-118.57523,36.09252],[-118.5747,36.09245],[-118.57496,36.092],[-118.57541,36.09193],[-118.5756,36.09166],[-118.57573,36.09184],[-118.57633,36.09152],[-118.57649,36.09162],[-118.57626,36.09011],[-118.57637,36.08944],[-118.57705,36.08862],[-118.57781,36.08824],[-118.57798,36.08688],[-118.57774,36.08656],[-118.57795,36.08651],[-118.57802,36.08543],[-118.57803,36.08409],[-118.57787,36.08401],[-118.57803,36.08397],[-118.57803,36.0836],[-118.57879,36.08235],[-118.57873,36.08223],[-118.57854,36.08223],[-118.57858,36.08212],[-118.57881,36.0822],[-118.57894,36.08189],[-118.5793,36.08195],[-118.57942,36.08158],[-118.57934,36.08146],[-118.57951,36.0812],[-118.57977,36.08137],[-118.57996,36.0813],[-118.57995,36.08105],[-118.57964,36.08091],[-118.57959,36.08072],[-118.5791,36.08073],[-118.57929,36.07977],[-118.57961,36.07994],[-118.57991,36.07986],[-118.58003,36.07948],[-118.57991,36.07945],[-118.57992,36.07929],[-118.58017,36.0792],[-118.58009,36.07888],[-118.57989,36.07873],[-118.5802,36.07873],[-118.5803,36.07848],[-118.57997,36.07849],[-118.57963,36.07809],[-118.57978,36.07803],[-118.57982,36.07764],[-118.58004,36.07722],[-118.57996,36.07712],[-118.58007,36.07714],[-118.58129,36.07532],[-118.58218,36.07512],[-118.58292,36.07461],[-118.58284,36.07445],[-118.58357,36.07418],[-118.58367,36.07397],[-118.5839,36.07401],[-118.58393,36.0742],[-118.58486,36.07412],[-118.58474,36.07392],[-118.58493,36.07376],[-118.58523,36.0739],[-118.5854,36.07378],[-118.58544,36.07308],[-118.58417,36.07288],[-118.58419,36.07308],[-118.58392,36.07293],[-118.58346,36.07292],[-118.58222,36.07229],[-118.58177,36.07238],[-118.58171,36.07276],[-118.58142,36.07282],[-118.58095,36.07255],[-118.58073,36.0726],[-118.58081,36.0732],[-118.58032,36.07355],[-118.58008,36.07351],[-118.58009,36.07374],[-118.57981,36.07379],[-118.57964,36.07404],[-118.57909,36.07382],[-118.57913,36.07411],[-118.57839,36.07428],[-118.57857,36.07444],[-118.57805,36.07436],[-118.57786,36.07414],[-118.57699,36.0737],[-118.57685,36.07391],[-118.57649,36.07361],[-118.57512,36.07362],[-118.57526,36.07379],[-118.57567,36.07381],[-118.57569,36.07407],[-118.57541,36.07397],[-118.57487,36.07425],[-118.57489,36.07439],[-118.57513,36.07451],[-118.57499,36.0748],[-118.57477,36.0745],[-118.57409,36.07413],[-118.57397,36.0742],[-118.5741,36.07449],[-118.5738,36.07449],[-118.57379,36.07458],[-118.57351,36.07429],[-118.57346,36.07466],[-118.57317,36.07484],[-118.57301,36.07455],[-118.57328,36.07436],[-118.57274,36.07395],[-118.57225,36.07413],[-118.57185,36.07406],[-118.57202,36.07346],[-118.57237,36.07344],[-118.57248,36.07322],[-118.57191,36.0732],[-118.56963,36.07229],[-118.56872,36.07215],[-118.56843,36.07228],[-118.56885,36.0725],[-118.56837,36.07243],[-118.56804,36.07258],[-118.56794,36.07252],[-118.56801,36.07204],[-118.56715,36.07191],[-118.5666,36.07215],[-118.56657,36.07188],[-118.56668,36.07174],[-118.56606,36.07151],[-118.56559,36.07068],[-118.56372,36.07034],[-118.56386,36.0705],[-118.56348,36.07069],[-118.56288,36.07058],[-118.5629,36.07042],[-118.56269,36.07025],[-118.56215,36.07103],[-118.56113,36.0713],[-118.55998,36.07109],[-118.55947,36.07077],[-118.55754,36.07225],[-118.5573,36.07269],[-118.55551,36.07317],[-118.55432,36.07302],[-118.55387,36.07315],[-118.55314,36.0739],[-118.55291,36.07391],[-118.55267,36.07426],[-118.55207,36.07448],[-118.55203,36.07473],[-118.55172,36.07483],[-118.55083,36.07437],[-118.55031,36.07439],[-118.5495,36.07479],[-118.54971,36.07499],[-118.54924,36.07541],[-118.5489,36.07524],[-118.54889,36.075],[-118.54868,36.0748],[-118.54832,36.07485],[-118.54829,36.07463],[-118.5491,36.07375],[-118.54873,36.07373],[-118.54842,36.07391],[-118.54823,36.07379],[-118.54777,36.07382],[-118.54737,36.07361],[-118.54719,36.07336],[-118.54713,36.07349],[-118.54661,36.07352],[-118.54657,36.07334],[-118.54554,36.0733],[-118.5453,36.0726],[-118.54475,36.07264],[-118.54438,36.07233],[-118.54451,36.07193],[-118.54485,36.0719],[-118.54475,36.07148],[-118.5449,36.07152],[-118.54487,36.0713],[-118.54434,36.07114],[-118.5441,36.07136],[-118.54373,36.07133],[-118.54379,36.07101],[-118.5436,36.07092],[-118.54363,36.0705],[-118.54328,36.07024],[-118.54253,36.07026],[-118.54209,36.07006],[-118.54158,36.07006],[-118.5413,36.07025],[-118.53987,36.07003],[-118.53825,36.07054],[-118.5375,36.07116],[-118.53733,36.07185],[-118.53777,36.07206],[-118.53782,36.07294],[-118.53723,36.07399],[-118.53676,36.07529],[-118.53689,36.07702],[-118.53719,36.07766],[-118.53721,36.07884],[-118.53683,36.08026],[-118.53618,36.0814],[-118.53588,36.08168],[-118.53538,36.08279],[-118.53507,36.08423],[-118.53518,36.08461],[-118.53505,36.08706],[-118.53534,36.08967],[-118.53518,36.09047],[-118.53381,36.09085],[-118.53312,36.09091],[-118.53265,36.09119],[-118.53224,36.09165],[-118.5316,36.09154],[-118.53151,36.09165],[-118.53091,36.09166],[-118.53024,36.09082],[-118.5284,36.09036],[-118.52751,36.09065],[-118.52682,36.09067],[-118.52606,36.09104],[-118.5257,36.0914],[-118.52487,36.09288],[-118.52453,36.09397],[-118.52359,36.09459],[-118.52236,36.09446],[-118.52165,36.09414],[-118.51975,36.09464],[-118.51764,36.09444],[-118.5145,36.09369],[-118.51419,36.09349],[-118.51306,36.09328],[-118.51281,36.09311],[-118.51288,36.09278],[-118.51204,36.09271],[-118.51128,36.09284],[-118.51082,36.092],[-118.51097,36.09087],[-118.51087,36.09001],[-118.50628,36.08768],[-118.50398,36.0859],[-118.50315,36.0848],[-118.50239,36.08435],[-118.50174,36.08429],[-118.50106,36.08457],[-118.5006,36.08424],[-118.50024,36.0833],[-118.4994,36.08298],[-118.49915,36.0824],[-118.49852,36.08201],[-118.49833,36.08244],[-118.49783,36.08281],[-118.49659,36.08313],[-118.49575,36.08318],[-118.49439,36.08256],[-118.49407,36.08329],[-118.49294,36.08318],[-118.49276,36.0829],[-118.49228,36.08278],[-118.49196,36.08305],[-118.49153,36.08316],[-118.49015,36.08301],[-118.48976,36.08319],[-118.48977,36.08356],[-118.48925,36.0836],[-118.48915,36.08374],[-118.48871,36.08335],[-118.48799,36.08358],[-118.48779,36.08356],[-118.48772,36.08336],[-118.48746,36.08356],[-118.48741,36.08336],[-118.4876,36.08298],[-118.48675,36.08154],[-118.48572,36.08045],[-118.48482,36.08051],[-118.48377,36.07896],[-118.48297,36.07903],[-118.48274,36.07954],[-118.48186,36.07995],[-118.48093,36.07934],[-118.48064,36.07886],[-118.48041,36.07918],[-118.48053,36.07976],[-118.48002,36.07976],[-118.48004,36.07993],[-118.47987,36.08002],[-118.47913,36.07978],[-118.47846,36.07973],[-118.4783,36.07961],[-118.47818,36.07915],[-118.4785,36.07834],[-118.4785,36.07744],[-118.47835,36.07708],[-118.47716,36.07695],[-118.47684,36.07668],[-118.47695,36.07537],[-118.47677,36.07492],[-118.47628,36.07459],[-118.47573,36.07363],[-118.47571,36.07254],[-118.47495,36.07143],[-118.47497,36.07113],[-118.4756,36.07075],[-118.47606,36.07065],[-118.47634,36.07036],[-118.47793,36.06955],[-118.47834,36.06887],[-118.47882,36.06839],[-118.47915,36.06836],[-118.4802,36.06906],[-118.47995,36.06952],[-118.48018,36.06992],[-118.48056,36.07021],[-118.48066,36.07053],[-118.48192,36.07034],[-118.48212,36.06931],[-118.48242,36.06897],[-118.48303,36.06777],[-118.48358,36.06724],[-118.48364,36.06678],[-118.4846,36.06591],[-118.48528,36.06567],[-118.48596,36.06559],[-118.48697,36.06571],[-118.48783,36.06598],[-118.4894,36.06689],[-118.48991,36.06784],[-118.49046,36.06785],[-118.4908,36.06814],[-118.49099,36.06752],[-118.49153,36.06683],[-118.49173,36.06595],[-118.49091,36.06542],[-118.49112,36.06488],[-118.49068,36.06469],[-118.49096,36.06207],[-118.49132,36.06044],[-118.49193,36.059],[-118.4921,36.05902],[-118.49218,36.05886],[-118.49209,36.05858],[-118.49168,36.05836],[-118.49118,36.0587],[-118.491,36.05862],[-118.49106,36.05816],[-118.49096,36.05796],[-118.49113,36.0579],[-118.49152,36.0582],[-118.49217,36.05843],[-118.4929,36.05832],[-118.49326,36.05849],[-118.49322,36.05835],[-118.49354,36.05829],[-118.49355,36.058],[-118.49391,36.05778],[-118.49358,36.05752],[-118.4936,36.0574],[-118.49377,36.05744],[-118.49402,36.05776],[-118.49486,36.05798],[-118.49491,36.05815],[-118.49454,36.0585],[-118.49459,36.05871],[-118.49484,36.05879],[-118.49507,36.05866],[-118.49509,36.05844],[-118.49542,36.05826],[-118.49667,36.0586],[-118.49688,36.05877],[-118.49662,36.06],[-118.49704,36.06003],[-118.49719,36.0598],[-118.49742,36.05858],[-118.49768,36.05864],[-118.49752,36.05833],[-118.49789,36.05822],[-118.49794,36.05766],[-118.49856,36.05762],[-118.49845,36.0573],[-118.49859,36.0573],[-118.49855,36.05707],[-118.49894,36.05645],[-118.49881,36.05645],[-118.49882,36.05622],[-118.49853,36.05577],[-118.49875,36.05571],[-118.49879,36.0559],[-118.499,36.05605],[-118.49942,36.05585],[-118.49939,36.05564],[-118.49921,36.05562],[-118.49915,36.05539],[-118.4994,36.05532],[-118.49972,36.05499],[-118.49968,36.05486],[-118.49917,36.0546],[-118.49884,36.05468],[-118.49847,36.05429],[-118.49829,36.05431],[-118.49828,36.0545],[-118.4981,36.05448],[-118.49801,36.05425],[-118.49812,36.054],[-118.49798,36.05393],[-118.49782,36.05404],[-118.49768,36.05383],[-118.49789,36.05343],[-118.49816,36.05345],[-118.49826,36.05311],[-118.49885,36.05306],[-118.49884,36.05277],[-118.49868,36.05257],[-118.49879,36.05188],[-118.49869,36.05173],[-118.49842,36.05168],[-118.49811,36.05189],[-118.49795,36.05183],[-118.49789,36.05173],[-118.49833,36.0517],[-118.49836,36.05153],[-118.49819,36.05126],[-118.49799,36.05148],[-118.49767,36.0514],[-118.49757,36.05114],[-118.49775,36.051],[-118.49721,36.051],[-118.49721,36.05072],[-118.49739,36.05076],[-118.49744,36.0505],[-118.49724,36.05054],[-118.49705,36.05023],[-118.4972,36.05017],[-118.4978,36.05034],[-118.49787,36.05056],[-118.49818,36.05046],[-118.49826,36.0506],[-118.49816,36.05079],[-118.4986,36.05073],[-118.4992,36.05108],[-118.49929,36.0509],[-118.49916,36.0509],[-118.4992,36.05082],[-118.49962,36.05092],[-118.49978,36.05063],[-118.49973,36.0505],[-118.50012,36.05061],[-118.49987,36.05035],[-118.49986,36.05016],[-118.4997,36.05011],[-118.49932,36.05013],[-118.49929,36.0504],[-118.49877,36.05046],[-118.49839,36.05002],[-118.4985,36.04984],[-118.49828,36.04974],[-118.49833,36.04962],[-118.49907,36.04953],[-118.49917,36.04988],[-118.49943,36.04993],[-118.49945,36.04974],[-118.49959,36.04976],[-118.49953,36.04995],[-118.49999,36.05006],[-118.50007,36.0503],[-118.50027,36.05042],[-118.50044,36.04987],[-118.49992,36.04969],[-118.49996,36.04946],[-118.50019,36.04942],[-118.5004,36.04965],[-118.50063,36.04961],[-118.50072,36.04982],[-118.50119,36.04955],[-118.50148,36.04959],[-118.50159,36.04936],[-118.50145,36.04877],[-118.5016,36.04868],[-118.50195,36.04885],[-118.50205,36.04844],[-118.50207,36.04815],[-118.50191,36.04828],[-118.50155,36.04814],[-118.50152,36.04788],[-118.5018,36.04774],[-118.50171,36.04759],[-118.5018,36.04726],[-118.5027,36.04708],[-118.50313,36.04717],[-118.50365,36.04622],[-118.50359,36.04605],[-118.50386,36.04593],[-118.50396,36.04554],[-118.5042,36.0454],[-118.50417,36.0449],[-118.50442,36.04446],[-118.50551,36.04403],[-118.50615,36.04398],[-118.5065,36.04419],[-118.50697,36.04427],[-118.50679,36.04385],[-118.50709,36.04381],[-118.50716,36.04363],[-118.50697,36.04334],[-118.50727,36.043],[-118.50772,36.04302],[-118.5083,36.04363],[-118.50876,36.04353],[-118.5091,36.0429],[-118.5091,36.04238],[-118.50899,36.04214],[-118.50856,36.04209],[-118.50783,36.04135],[-118.50788,36.04112],[-118.50812,36.04107],[-118.50905,36.04143],[-118.50955,36.04132],[-118.50988,36.04161],[-118.51027,36.04144],[-118.51034,36.04125],[-118.51015,36.04086],[-118.51029,36.04075],[-118.5108,36.04089],[-118.51172,36.04055],[-118.51203,36.04015],[-118.51239,36.04006],[-118.51265,36.0397],[-118.51245,36.03931],[-118.51332,36.039],[-118.5132,36.03852],[-118.51284,36.03857],[-118.51185,36.03828],[-118.51158,36.03813],[-118.51097,36.03731],[-118.51039,36.03737],[-118.50972,36.037],[-118.50923,36.03703],[-118.50808,36.03561],[-118.50832,36.03533],[-118.50824,36.03507],[-118.5078,36.03491],[-118.5075,36.03498],[-118.50689,36.03463],[-118.50673,36.03423],[-118.50682,36.03391],[-118.50543,36.03418],[-118.50516,36.03405],[-118.50524,36.0337],[-118.50576,36.03354],[-118.50593,36.03369],[-118.5062,36.03336],[-118.50583,36.03303],[-118.50546,36.03233],[-118.50682,36.03163],[-118.50761,36.03148],[-118.50775,36.03104],[-118.50825,36.03069],[-118.50803,36.03023],[-118.50774,36.03019],[-118.50765,36.02953],[-118.50835,36.02947],[-118.50844,36.02917],[-118.50939,36.02889],[-118.50964,36.02868],[-118.5093,36.02858],[-118.50907,36.02818],[-118.50883,36.02817],[-118.50842,36.0276],[-118.50815,36.0276],[-118.50827,36.02803],[-118.50811,36.02813],[-118.50791,36.02814],[-118.50775,36.02787],[-118.50718,36.02802],[-118.50607,36.02773],[-118.50615,36.02811],[-118.506,36.02822],[-118.5058,36.02809],[-118.50513,36.02827],[-118.50508,36.0278],[-118.50483,36.02785],[-118.50479,36.02728],[-118.50421,36.02726],[-118.50413,36.02671],[-118.50445,36.02662],[-118.50486,36.0259],[-118.50503,36.02595],[-118.50494,36.02652],[-118.50543,36.02664],[-118.50651,36.02632],[-118.50663,36.02601],[-118.50611,36.02505],[-118.50631,36.0247],[-118.50703,36.02436],[-118.50722,36.02402],[-118.50694,36.02384],[-118.50649,36.02397],[-118.5058,36.02392],[-118.50568,36.0237],[-118.50597,36.02353],[-118.50576,36.02283],[-118.50583,36.02251],[-118.50605,36.02245],[-118.50626,36.02191],[-118.50658,36.02169],[-118.50686,36.02188],[-118.5073,36.02186],[-118.50748,36.02167],[-118.50735,36.02143],[-118.50711,36.02131],[-118.50709,36.02099],[-118.50734,36.02088],[-118.50748,36.02054],[-118.5086,36.02026],[-118.50833,36.02002],[-118.50759,36.01995],[-118.50733,36.01954],[-118.50771,36.01924],[-118.5092,36.01972],[-118.50974,36.01934],[-118.51069,36.01958],[-118.51125,36.01929],[-118.51168,36.01961],[-118.51167,36.01973],[-118.51241,36.01988],[-118.51292,36.01975],[-118.51297,36.02003],[-118.51317,36.02008],[-118.51339,36.02043],[-118.51331,36.02069],[-118.51297,36.02091],[-118.51312,36.0211],[-118.51364,36.02108],[-118.51409,36.02058],[-118.51496,36.02075],[-118.51593,36.02065],[-118.51659,36.02072],[-118.51858,36.02155],[-118.51992,36.0216],[-118.52031,36.02134],[-118.5202,36.02108],[-118.52038,36.02073],[-118.52083,36.0206],[-118.52184,36.01949],[-118.52259,36.01903],[-118.52278,36.01864],[-118.52315,36.01834],[-118.52346,36.01767],[-118.52356,36.01716],[-118.52348,36.01679],[-118.52396,36.01615],[-118.52364,36.01604],[-118.52378,36.01567],[-118.52409,36.01558],[-118.52421,36.01575],[-118.52446,36.01567],[-118.52408,36.01513],[-118.5235,36.0147],[-118.5222,36.01499],[-118.52124,36.01496],[-118.51978,36.01447],[-118.51985,36.01405],[-118.51796,36.01403],[-118.51842,36.01353],[-118.51903,36.01223],[-118.51898,36.011],[-118.5194,36.01029],[-118.5194,36.00992],[-118.51918,36.00966],[-118.51925,36.0094],[-118.5199,36.00874],[-118.52048,36.00845],[-118.52136,36.00835],[-118.5218,36.00786],[-118.52173,36.00702],[-118.52182,36.00664],[-118.52208,36.00665],[-118.52254,36.00715],[-118.52291,36.008],[-118.52337,36.00836],[-118.52427,36.00821],[-118.524,36.00755],[-118.52406,36.00662],[-118.52373,36.00631],[-118.52307,36.00599],[-118.52292,36.0052],[-118.52264,36.00503],[-118.52291,36.00478],[-118.52278,36.00456],[-118.5229,36.00447],[-118.52305,36.00263],[-118.52334,36.00134],[-118.5242,36.00091],[-118.52393,36.00067],[-118.52401,36.00061],[-118.52351,36.00067],[-118.52315,36.00124],[-118.52262,36.00132],[-118.52225,36.00104],[-118.52192,36.00055],[-118.52172,35.99893],[-118.52159,35.99878],[-118.52183,35.99852],[-118.52142,35.99851],[-118.52132,35.99837],[-118.52166,35.99822],[-118.5219,35.99829],[-118.52202,35.99792],[-118.52204,35.99764],[-118.52185,35.99742],[-118.52191,35.99706],[-118.52208,35.9971],[-118.52213,35.99621],[-118.52186,35.99579],[-118.5213,35.9958],[-118.52046,35.99605],[-118.51874,35.99611],[-118.51824,35.99627],[-118.51779,35.99682],[-118.51679,35.99691],[-118.51632,35.99678],[-118.51623,35.99646],[-118.51615,35.99543],[-118.51657,35.99476],[-118.5162,35.99447],[-118.51547,35.99452],[-118.51462,35.99527],[-118.51373,35.9955],[-118.51257,35.99639],[-118.51191,35.99647],[-118.51156,35.99669],[-118.51141,35.99858],[-118.51186,35.99941],[-118.51129,36.00013],[-118.51136,36.00033],[-118.51359,35.99919],[-118.51379,35.99927],[-118.51386,36.00008],[-118.51321,36.00076],[-118.51306,36.0014],[-118.51235,36.00168],[-118.51235,36.00246],[-118.51299,36.00283],[-118.51324,36.00412],[-118.51278,36.00406],[-118.5124,36.00371],[-118.51182,36.00365],[-118.50983,36.00408],[-118.5087,36.00317],[-118.50848,36.00286],[-118.50852,36.00227],[-118.50878,36.00172],[-118.50856,36.00153],[-118.50858,36.00112],[-118.50896,36.00051],[-118.50875,35.99965],[-118.50822,35.99995],[-118.50843,36.0011],[-118.50608,36.00243],[-118.50567,36.00291],[-118.50425,36.00375],[-118.50297,36.00356],[-118.5025,36.00321],[-118.5024,36.00196],[-118.5021,36.00188],[-118.50221,36.00139],[-118.5025,36.0013],[-118.50191,36.00081],[-118.50204,35.99983],[-118.50146,35.99933],[-118.50087,35.99925],[-118.50072,35.99964],[-118.50021,35.99975],[-118.49836,35.99957],[-118.49815,35.99921],[-118.49723,35.99932],[-118.497,35.99953],[-118.49719,35.99966],[-118.49767,35.99961],[-118.49818,36.00018],[-118.49709,36.00106],[-118.49565,36.00186],[-118.49537,36.00217],[-118.49422,36.00102],[-118.49341,36.00088],[-118.49279,36.00052],[-118.49283,36.0002],[-118.49312,35.99992],[-118.49323,35.99863],[-118.49352,35.99856],[-118.49394,35.99867],[-118.49415,35.99883],[-118.4942,35.99923],[-118.49462,35.99927],[-118.49532,35.99899],[-118.49553,35.99843],[-118.49608,35.99795],[-118.49638,35.99675],[-118.49672,35.99599],[-118.4975,35.9951],[-118.49779,35.99501],[-118.49824,35.99513],[-118.4999,35.99591],[-118.50066,35.99608],[-118.50083,35.99627],[-118.50167,35.99641],[-118.50182,35.99632],[-118.50147,35.99595],[-118.50152,35.9955],[-118.50196,35.99521],[-118.50303,35.99516],[-118.50446,35.99429],[-118.50412,35.99405],[-118.50451,35.99377],[-118.5052,35.99372],[-118.50534,35.99333],[-118.50517,35.99309],[-118.50335,35.99306],[-118.50317,35.99367],[-118.50263,35.9936],[-118.50252,35.99292],[-118.50273,35.99264],[-118.50262,35.99226],[-118.5027,35.9918],[-118.5031,35.99161],[-118.50464,35.99145],[-118.50523,35.99159],[-118.50536,35.99128],[-118.50449,35.99107],[-118.50443,35.99019],[-118.50366,35.99033],[-118.50312,35.99005],[-118.50455,35.9896],[-118.50575,35.9895],[-118.50654,35.98979],[-118.50707,35.98966],[-118.50754,35.98973],[-118.50594,35.98942],[-118.50626,35.98918],[-118.50673,35.98915],[-118.50674,35.98896],[-118.50624,35.98862],[-118.50618,35.98838],[-118.50573,35.98863],[-118.5055,35.98849],[-118.50458,35.98855],[-118.50406,35.98837],[-118.5039,35.98815],[-118.50394,35.98788],[-118.50413,35.98779],[-118.50414,35.98753],[-118.50384,35.9874],[-118.50406,35.98701],[-118.50396,35.98693],[-118.5043,35.98674],[-118.50429,35.98628],[-118.50458,35.98615],[-118.50548,35.98646],[-118.50706,35.98617],[-118.50763,35.98643],[-118.50786,35.98609],[-118.50742,35.98583],[-118.50754,35.98549],[-118.50804,35.98548],[-118.50817,35.98563],[-118.50894,35.98549],[-118.50879,35.986],[-118.50833,35.98611],[-118.50824,35.98645],[-118.50764,35.9866],[-118.5078,35.98699],[-118.50945,35.98723],[-118.51005,35.98702],[-118.51038,35.98705],[-118.51042,35.9872],[-118.511,35.98717],[-118.51089,35.98773],[-118.51072,35.98783],[-118.51051,35.98777],[-118.51062,35.98793],[-118.51129,35.98808],[-118.51098,35.98776],[-118.51136,35.98763],[-118.51156,35.98796],[-118.51218,35.98762],[-118.51233,35.98787],[-118.51324,35.98761],[-118.51337,35.98715],[-118.51393,35.98736],[-118.51436,35.98734],[-118.51445,35.98769],[-118.51525,35.98781],[-118.51735,35.98725],[-118.51875,35.98751],[-118.51956,35.9874],[-118.52094,35.98614],[-118.52174,35.9858],[-118.52144,35.98529],[-118.52029,35.9849],[-118.52022,35.98444],[-118.52058,35.98338],[-118.52228,35.98215],[-118.52196,35.98088],[-118.52143,35.9808],[-118.52118,35.98049],[-118.51997,35.98099],[-118.51999,35.9807],[-118.51803,35.98044],[-118.51769,35.98056],[-118.51712,35.98033],[-118.51625,35.98021],[-118.51634,35.97919],[-118.51927,35.97848],[-118.52128,35.97873],[-118.52192,35.97851],[-118.52231,35.97852],[-118.52302,35.97894],[-118.52319,35.97932],[-118.52366,35.97983],[-118.52374,35.97978],[-118.52362,35.97944],[-118.52392,35.97938],[-118.5243,35.97974],[-118.52499,35.97941],[-118.52524,35.97953],[-118.52562,35.97915],[-118.52589,35.9791],[-118.52652,35.9792],[-118.52666,35.9791],[-118.52723,35.97929],[-118.52716,35.97913],[-118.5273,35.97909],[-118.52764,35.97921],[-118.52774,35.97943],[-118.52803,35.97946],[-118.52848,35.97896],[-118.53026,35.97824],[-118.53075,35.97773],[-118.53094,35.97651],[-118.53211,35.97616],[-118.53348,35.97647],[-118.53491,35.97729],[-118.53518,35.97733],[-118.53599,35.97641],[-118.53661,35.97654],[-118.53687,35.9769],[-118.53715,35.97617],[-118.53753,35.97587],[-118.53789,35.9759],[-118.53888,35.97644],[-118.54056,35.97775],[-118.54109,35.97742],[-118.54118,35.97665],[-118.54181,35.97675],[-118.54179,35.97713],[-118.54202,35.97725],[-118.54212,35.97716],[-118.54189,35.97666],[-118.54175,35.9754],[-118.54181,35.9748],[-118.54219,35.97484],[-118.54158,35.97448],[-118.54165,35.97412],[-118.54187,35.97397],[-118.54221,35.97265],[-118.54211,35.9725],[-118.54231,35.97219],[-118.54215,35.97201],[-118.54221,35.97178],[-118.54246,35.97162],[-118.54258,35.97104],[-118.54224,35.97007],[-118.54223,35.96944],[-118.54179,35.96917],[-118.54095,35.96903],[-118.54081,35.96894],[-118.5409,35.96875],[-118.54054,35.96861],[-118.54058,35.96835],[-118.53995,35.96827],[-118.53962,35.96851],[-118.53892,35.9687],[-118.53897,35.96903],[-118.53852,35.96911],[-118.53817,35.96896],[-118.53767,35.96903],[-118.53766,35.96987],[-118.53701,35.96976],[-118.537,35.97],[-118.53672,35.97007],[-118.53585,35.96995],[-118.53582,35.96984],[-118.5355,35.97006],[-118.53505,35.97],[-118.53519,35.96966],[-118.53506,35.96932],[-118.5354,35.96909],[-118.53581,35.96928],[-118.53608,35.96913],[-118.53704,35.96909],[-118.53731,35.969],[-118.53725,35.96874],[-118.53687,35.96879],[-118.53669,35.96839],[-118.53604,35.96864],[-118.53578,35.9686],[-118.53535,35.96809],[-118.53532,35.96717],[-118.53544,35.9669],[-118.53612,35.96684],[-118.53604,35.96605],[-118.53567,35.96548],[-118.5356,35.96508],[-118.53497,35.96465],[-118.53493,35.96428],[-118.53469,35.96428],[-118.53462,35.96446],[-118.53421,35.96432],[-118.53383,35.96452],[-118.53381,35.96534],[-118.53341,35.96562],[-118.53277,35.96556],[-118.53289,35.9653],[-118.5327,35.96488],[-118.53208,35.96487],[-118.53174,35.96465],[-118.5319,35.96431],[-118.5327,35.96449],[-118.53305,35.96419],[-118.53341,35.96409],[-118.53294,35.96407],[-118.53267,35.96387],[-118.53303,35.96367],[-118.533,35.96338],[-118.53331,35.96309],[-118.5333,35.96235],[-118.53398,35.96218],[-118.53413,35.96207],[-118.53415,35.96174],[-118.53411,35.96158],[-118.53363,35.96135],[-118.53349,35.96153],[-118.53286,35.96156],[-118.53259,35.96131],[-118.53246,35.96011],[-118.53259,35.95977],[-118.53242,35.95938],[-118.53256,35.95904],[-118.53236,35.9584],[-118.53211,35.95845],[-118.53179,35.95822],[-118.53138,35.95678],[-118.53061,35.9566],[-118.53061,35.95634],[-118.53037,35.95635],[-118.53031,35.95619],[-118.53035,35.95604],[-118.53064,35.95597],[-118.53048,35.95581],[-118.53057,35.95554],[-118.53115,35.95536],[-118.53109,35.95513],[-118.53125,35.95511],[-118.53074,35.95457],[-118.53061,35.95458],[-118.53045,35.95416],[-118.53006,35.95403],[-118.53034,35.95365],[-118.5302,35.95345],[-118.53032,35.95309],[-118.52995,35.95232],[-118.53,35.95207],[-118.53064,35.95177],[-118.53076,35.95156],[-118.53118,35.95151],[-118.53135,35.95113],[-118.53193,35.95085],[-118.53229,35.95075],[-118.5329,35.95132],[-118.53329,35.95138],[-118.53365,35.95128],[-118.53388,35.95092],[-118.5341,35.95091],[-118.5345,35.9513],[-118.53485,35.95145],[-118.53474,35.95169],[-118.53449,35.95165],[-118.534,35.95185],[-118.53405,35.95197],[-118.53567,35.95152],[-118.53595,35.95119],[-118.536,35.95045],[-118.53536,35.95042],[-118.53547,35.95022],[-118.53596,35.95014],[-118.53592,35.95005],[-118.5343,35.94904],[-118.5344,35.94879],[-118.53459,35.94869],[-118.53441,35.94851],[-118.53391,35.94848],[-118.53367,35.94758],[-118.53319,35.94716],[-118.53354,35.94635],[-118.53327,35.94642],[-118.53301,35.94618],[-118.53316,35.94573],[-118.53301,35.94504],[-118.53321,35.94481],[-118.53348,35.94482],[-118.53349,35.94506],[-118.53376,35.94543],[-118.5344,35.94513],[-118.53476,35.94516],[-118.53577,35.94568],[-118.53624,35.94538],[-118.53725,35.94533],[-118.53776,35.94482],[-118.53806,35.94472],[-118.53819,35.94453],[-118.53818,35.94403],[-118.53861,35.94404],[-118.53884,35.94386],[-118.53863,35.9437],[-118.53866,35.94344],[-118.53902,35.94306],[-118.53917,35.94322],[-118.54073,35.94229],[-118.541,35.94231],[-118.54104,35.94218],[-118.53996,35.94169],[-118.53977,35.9418],[-118.53976,35.94153],[-118.53932,35.94113],[-118.53926,35.94087],[-118.53876,35.94079],[-118.53882,35.94055],[-118.53833,35.94042],[-118.5374,35.94042],[-118.53666,35.93952],[-118.53672,35.93924],[-118.53619,35.93929],[-118.5358,35.93911],[-118.53564,35.93868],[-118.53517,35.93877],[-118.53465,35.93798],[-118.53532,35.93705],[-118.53572,35.93696],[-118.53516,35.93651],[-118.5356,35.93625],[-118.5357,35.93611],[-118.53554,35.93608],[-118.53588,35.93584],[-118.53614,35.93531],[-118.53608,35.93504],[-118.53665,35.93497],[-118.53694,35.93472],[-118.53626,35.93482],[-118.53623,35.93438],[-118.53528,35.9344],[-118.53404,35.93387],[-118.534,35.93332],[-118.53411,35.93293],[-118.53339,35.93224],[-118.53361,35.9316],[-118.53331,35.93156],[-118.53291,35.93042],[-118.53335,35.92912],[-118.53612,35.9282],[-118.53641,35.92711],[-118.53624,35.92733],[-118.53543,35.92713],[-118.53512,35.92758],[-118.53479,35.92754],[-118.53485,35.92712],[-118.53448,35.92695],[-118.5343,35.92666],[-118.53329,35.92651],[-118.5331,35.92661],[-118.53286,35.92718],[-118.53174,35.9273],[-118.53155,35.92707],[-118.53261,35.92637],[-118.53095,35.92598],[-118.53056,35.92606],[-118.53058,35.92627],[-118.53003,35.92649],[-118.52961,35.92627],[-118.52937,35.92633],[-118.52926,35.92615],[-118.52904,35.92617],[-118.52891,35.92639],[-118.52843,35.92638],[-118.52823,35.92678],[-118.52805,35.92679],[-118.52774,35.92639],[-118.52757,35.92661],[-118.52755,35.92628],[-118.52771,35.92613],[-118.52725,35.92592],[-118.52674,35.92599],[-118.52664,35.92586],[-118.52676,35.92573],[-118.52642,35.92571],[-118.52629,35.92585],[-118.5254,35.92551],[-118.5252,35.92556],[-118.52444,35.92514],[-118.52321,35.92178],[-118.52516,35.92019],[-118.52556,35.92025],[-118.52553,35.92001],[-118.52571,35.91978],[-118.52656,35.91999],[-118.52686,35.91988],[-118.52675,35.91975],[-118.52693,35.91975],[-118.52713,35.91995],[-118.52752,35.91974],[-118.52785,35.91973],[-118.52856,35.92038],[-118.53139,35.91963],[-118.53178,35.91933],[-118.53177,35.91921],[-118.53159,35.91922],[-118.53111,35.91939],[-118.53082,35.91919],[-118.53021,35.91916],[-118.53043,35.9188],[-118.53003,35.91845],[-118.53002,35.91817],[-118.52981,35.91804],[-118.52991,35.91633],[-118.52971,35.91633],[-118.52953,35.9161],[-118.52987,35.91591],[-118.5298,35.91525],[-118.52942,35.91521],[-118.52926,35.91487],[-118.52958,35.91472],[-118.52938,35.9145],[-118.52946,35.91441],[-118.52972,35.91444],[-118.52962,35.91423],[-118.52932,35.91424],[-118.52928,35.91413],[-118.52949,35.91418],[-118.52968,35.914],[-118.52964,35.91317],[-118.52931,35.91308],[-118.52923,35.9128],[-118.52934,35.91252],[-118.52902,35.91246],[-118.52908,35.91213],[-118.52883,35.91202],[-118.52881,35.91236],[-118.52861,35.91239],[-118.52843,35.91207],[-118.52813,35.91199],[-118.52793,35.91153],[-118.52814,35.91123],[-118.52872,35.91102],[-118.52903,35.91107],[-118.52912,35.91091],[-118.52877,35.91053],[-118.52828,35.91053],[-118.52822,35.91032],[-118.52788,35.91041],[-118.5279,35.91056],[-118.52742,35.91096],[-118.5272,35.91091],[-118.52704,35.91053],[-118.52683,35.91044],[-118.52666,35.91014],[-118.52721,35.91005],[-118.52728,35.90972],[-118.52691,35.90954],[-118.52665,35.90946],[-118.52644,35.90956],[-118.52626,35.9094],[-118.5262,35.90958],[-118.52599,35.90953],[-118.52537,35.90972],[-118.52522,35.90926],[-118.52484,35.9093],[-118.52476,35.9091],[-118.52481,35.9088],[-118.52521,35.9085],[-118.52514,35.90834],[-118.52488,35.90816],[-118.52446,35.90843],[-118.52438,35.90837],[-118.52463,35.90805],[-118.52495,35.90802],[-118.52444,35.90765],[-118.52398,35.90795],[-118.52389,35.90781],[-118.52401,35.90765],[-118.52379,35.90734],[-118.52359,35.90756],[-118.52331,35.90726],[-118.52338,35.90705],[-118.52361,35.90701],[-118.52347,35.90675],[-118.5233,35.90685],[-118.52318,35.90678],[-118.5232,35.90662],[-118.52305,35.90659],[-118.5228,35.9068],[-118.52237,35.90663],[-118.52176,35.90704],[-118.52184,35.90715],[-118.52274,35.9073],[-118.52278,35.90743],[-118.5226,35.90755],[-118.52175,35.90716],[-118.52156,35.90695],[-118.52161,35.90676],[-118.52211,35.90657],[-118.52247,35.90624],[-118.52219,35.90581],[-118.52183,35.90608],[-118.52121,35.90554],[-118.52047,35.90543],[-118.52031,35.90549],[-118.52033,35.9056],[-118.51991,35.90558],[-118.51943,35.90525],[-118.51954,35.90508],[-118.51941,35.90504],[-118.51929,35.90522],[-118.51897,35.90517],[-118.51888,35.9058],[-118.51858,35.90563],[-118.51829,35.90568],[-118.51781,35.9061],[-118.51802,35.90616],[-118.51798,35.90641],[-118.51765,35.90634],[-118.51721,35.90665],[-118.51652,35.9056],[-118.51591,35.90544],[-118.51515,35.90472],[-118.51499,35.90405],[-118.51541,35.9038],[-118.51505,35.90335],[-118.51522,35.9032],[-118.51599,35.90312],[-118.51623,35.90282],[-118.51579,35.90247],[-118.51583,35.90233],[-118.51605,35.90238],[-118.51613,35.9022],[-118.51686,35.9019],[-118.51743,35.90242],[-118.51742,35.90281],[-118.51782,35.90288],[-118.51825,35.90277],[-118.51825,35.9026],[-118.51904,35.90237],[-118.51915,35.90209],[-118.51857,35.90208],[-118.51846,35.90192],[-118.51856,35.9017],[-118.51877,35.90148],[-118.51935,35.90137],[-118.51965,35.90083],[-118.5199,35.90082],[-118.52007,35.90059],[-118.52077,35.90038],[-118.52112,35.8999],[-118.52114,35.89958],[-118.52207,35.89927],[-118.52266,35.89891],[-118.52268,35.89864],[-118.52668,35.89692],[-118.52616,35.89641],[-118.52631,35.89627],[-118.52614,35.89607],[-118.52638,35.89596],[-118.52646,35.89575],[-118.52623,35.89556],[-118.52583,35.89569],[-118.52566,35.89541],[-118.52537,35.89534],[-118.52512,35.89492],[-118.52462,35.89492],[-118.52262,35.89646],[-118.52155,35.89669],[-118.52133,35.89707],[-118.521,35.89707],[-118.52018,35.89765],[-118.51989,35.89769],[-118.51891,35.89702],[-118.51772,35.89687],[-118.51708,35.89642],[-118.51695,35.8962],[-118.51588,35.89575],[-118.51571,35.89553],[-118.51609,35.89521],[-118.51586,35.89488],[-118.51534,35.89472],[-118.51539,35.89443],[-118.51527,35.8943],[-118.51544,35.89368],[-118.51487,35.89339],[-118.51528,35.89312],[-118.51529,35.89238],[-118.51485,35.89198],[-118.5136,35.89196],[-118.51364,35.89207],[-118.51274,35.89223],[-118.51274,35.89193],[-118.51235,35.89163],[-118.51102,35.89179],[-118.51091,35.89153],[-118.51009,35.89142],[-118.50964,35.89121],[-118.50946,35.89067],[-118.50927,35.89048],[-118.50929,35.88946],[-118.50903,35.88891],[-118.50839,35.8886],[-118.50733,35.8885],[-118.50699,35.88832],[-118.5068,35.88834],[-118.50644,35.8887],[-118.50598,35.88864],[-118.50589,35.88816],[-118.50517,35.88795],[-118.50493,35.88755],[-118.50497,35.88686],[-118.5055,35.88638],[-118.50624,35.88607],[-118.5068,35.88545],[-118.50822,35.88531],[-118.50931,35.88496],[-118.51351,35.88403],[-118.51375,35.88388],[-118.51358,35.88384],[-118.51349,35.88363],[-118.51378,35.88326],[-118.51503,35.88283],[-118.51528,35.88194],[-118.5156,35.88138],[-118.51606,35.88104],[-118.51674,35.88108],[-118.51689,35.88117],[-118.5169,35.88138],[-118.5171,35.88143],[-118.51808,35.88088],[-118.51903,35.88088],[-118.51943,35.8806],[-118.52001,35.88053],[-118.52029,35.88022],[-118.52081,35.88003],[-118.52099,35.88007],[-118.52122,35.88037],[-118.52144,35.88035],[-118.52159,35.88059],[-118.52212,35.88059],[-118.52271,35.88088],[-118.52262,35.8812],[-118.5228,35.88127],[-118.52298,35.88094],[-118.5226,35.88069],[-118.52291,35.88046],[-118.5222,35.88028],[-118.52224,35.87997],[-118.52243,35.87986],[-118.5228,35.88007],[-118.52302,35.87996],[-118.52333,35.88014],[-118.52388,35.88014],[-118.52419,35.88041],[-118.52429,35.88028],[-118.5241,35.87964],[-118.52347,35.87937],[-118.52267,35.87932],[-118.52246,35.87912],[-118.52244,35.87894],[-118.52282,35.87828],[-118.52302,35.87816],[-118.52296,35.87802],[-118.52253,35.87791],[-118.52213,35.87809],[-118.52198,35.87765],[-118.52209,35.87736],[-118.5218,35.8773],[-118.52161,35.87706],[-118.52176,35.87696],[-118.52154,35.87676],[-118.52161,35.87663],[-118.52185,35.87662],[-118.52246,35.87602],[-118.5227,35.876],[-118.52278,35.87588],[-118.52266,35.87585],[-118.52301,35.87565],[-118.52282,35.87546],[-118.52285,35.87523],[-118.52271,35.875],[-118.52242,35.87518],[-118.52162,35.87501],[-118.52166,35.87486],[-118.52139,35.8747],[-118.52139,35.87422],[-118.52096,35.87387],[-118.52102,35.87359],[-118.52082,35.87314],[-118.52099,35.87295],[-118.52081,35.87253],[-118.5198,35.87287],[-118.51938,35.87327],[-118.51936,35.87368],[-118.51907,35.87385],[-118.51795,35.87403],[-118.51763,35.87425],[-118.51719,35.87394],[-118.51631,35.87412],[-118.51578,35.87369],[-118.51571,35.87348],[-118.51558,35.87361],[-118.51522,35.8736],[-118.5142,35.87266],[-118.51456,35.87213],[-118.51439,35.87176],[-118.5147,35.87151],[-118.51463,35.87135],[-118.51431,35.87127],[-118.51513,35.87126],[-118.51497,35.87093],[-118.51479,35.87084],[-118.51516,35.87081],[-118.51518,35.87053],[-118.51549,35.87018],[-118.51569,35.87015],[-118.5158,35.86972],[-118.51609,35.86971],[-118.51622,35.86995],[-118.51648,35.86988],[-118.5163,35.86954],[-118.51651,35.86948],[-118.51655,35.8693],[-118.5171,35.86924],[-118.51748,35.86856],[-118.5185,35.86804],[-118.51847,35.86752],[-118.51872,35.86742],[-118.51875,35.86715],[-118.51895,35.86705],[-118.51894,35.86679],[-118.51965,35.86654],[-118.51974,35.86628],[-118.52007,35.86598],[-118.52044,35.86608],[-118.52165,35.8657],[-118.52183,35.86543],[-118.52186,35.86508],[-118.52175,35.86452],[-118.52251,35.86437],[-118.52263,35.86405],[-118.52256,35.86389],[-118.52285,35.86383],[-118.52307,35.86394],[-118.52329,35.86342],[-118.52378,35.86352],[-118.52428,35.86316],[-118.52464,35.86267],[-118.52487,35.86262],[-118.52488,35.86289],[-118.5256,35.86281],[-118.52567,35.8629],[-118.52574,35.8627],[-118.52571,35.86293],[-118.52607,35.8629],[-118.52617,35.86282],[-118.52601,35.86267],[-118.52611,35.86258],[-118.52552,35.8625],[-118.52545,35.86232],[-118.52638,35.86204],[-118.52647,35.8622],[-118.52632,35.86238],[-118.52653,35.86261],[-118.52715,35.86267],[-118.52761,35.86288],[-118.52756,35.86274],[-118.52779,35.86265],[-118.52744,35.86222],[-118.52742,35.86193],[-118.52721,35.86185],[-118.52719,35.86154],[-118.52787,35.86086],[-118.52783,35.86065],[-118.52709,35.86031],[-118.52678,35.85988],[-118.52679,35.8595],[-118.52659,35.85955],[-118.52635,35.86012],[-118.52621,35.86],[-118.52551,35.86003],[-118.52533,35.85962],[-118.52444,35.85888],[-118.52453,35.85859],[-118.52502,35.85814],[-118.52466,35.85783],[-118.52486,35.85645],[-118.52456,35.85614],[-118.52473,35.85601],[-118.52505,35.85627],[-118.52525,35.8562],[-118.52554,35.85493],[-118.52571,35.85482],[-118.52558,35.8544],[-118.52569,35.85422],[-118.52608,35.85426],[-118.52625,35.85401],[-118.52697,35.85384],[-118.52703,35.85412],[-118.52738,35.85414],[-118.52751,35.85435],[-118.527,35.85456],[-118.52753,35.85473],[-118.52769,35.85505],[-118.52754,35.85527],[-118.52772,35.85531],[-118.52778,35.85548],[-118.52752,35.85555],[-118.52753,35.85602],[-118.52694,35.8563],[-118.52691,35.85645],[-118.52639,35.8564],[-118.52615,35.85654],[-118.52603,35.85714],[-118.52712,35.8572],[-118.52727,35.85735],[-118.52728,35.85771],[-118.52767,35.85785],[-118.52756,35.85802],[-118.52806,35.85808],[-118.52832,35.85758],[-118.52949,35.8565],[-118.53006,35.85569],[-118.53049,35.85547],[-118.53099,35.85531],[-118.53137,35.8555],[-118.5317,35.85532],[-118.53341,35.85534],[-118.5338,35.85515],[-118.53393,35.85456],[-118.53419,35.85422],[-118.5349,35.854],[-118.53563,35.85405],[-118.53587,35.85422],[-118.53633,35.854],[-118.536,35.85368],[-118.53553,35.85346],[-118.53557,35.85296],[-118.53593,35.85221],[-118.53568,35.85183],[-118.53555,35.85203],[-118.53577,35.85222],[-118.53564,35.85236],[-118.53546,35.85232],[-118.53525,35.85176],[-118.53542,35.85121],[-118.53586,35.85124],[-118.53624,35.85145],[-118.53642,35.85178],[-118.53636,35.85218],[-118.53681,35.85237],[-118.53728,35.85216],[-118.53759,35.85225],[-118.53744,35.85255],[-118.53855,35.85298],[-118.53905,35.85292],[-118.53953,35.85269],[-118.53968,35.85181],[-118.54011,35.85154],[-118.53899,35.85094],[-118.53923,35.85044],[-118.54007,35.85016],[-118.54002,35.8511],[-118.54031,35.85128],[-118.54083,35.85136],[-118.54105,35.85166],[-118.5409,35.85212],[-118.54153,35.85217],[-118.54279,35.85273],[-118.54285,35.85248],[-118.54221,35.85213],[-118.54218,35.85177],[-118.54238,35.85151],[-118.5424,35.85114],[-118.54268,35.85084],[-118.54319,35.85072],[-118.54382,35.85099],[-118.54429,35.85093],[-118.54413,35.85062],[-118.54415,35.85036],[-118.54479,35.85025],[-118.54499,35.8508],[-118.54589,35.85142],[-118.54655,35.85162],[-118.54753,35.85127],[-118.54739,35.85105],[-118.54615,35.85102],[-118.54638,35.8507],[-118.54699,35.85057],[-118.54708,35.85031],[-118.54629,35.85011],[-118.54624,35.84927],[-118.54543,35.84828],[-118.54461,35.84819],[-118.54424,35.84755],[-118.54466,35.8471],[-118.54512,35.84728],[-118.54565,35.84727],[-118.54616,35.84752],[-118.54642,35.84822],[-118.54638,35.84869],[-118.54662,35.84938],[-118.54719,35.8498],[-118.54761,35.84956],[-118.54796,35.84912],[-118.54857,35.84913],[-118.54887,35.84927],[-118.54946,35.8492],[-118.54947,35.84812],[-118.54995,35.8482],[-118.55074,35.84925],[-118.55168,35.84897],[-118.55192,35.84948],[-118.55229,35.84923],[-118.55247,35.84867],[-118.55294,35.84858],[-118.55386,35.84875],[-118.55392,35.8481],[-118.5547,35.84772],[-118.55437,35.8468],[-118.55492,35.8468],[-118.55501,35.84708],[-118.55576,35.84766],[-118.55632,35.84779],[-118.55705,35.84777],[-118.55748,35.84762],[-118.55754,35.84727],[-118.55712,35.84699],[-118.55674,35.84636],[-118.55634,35.84608],[-118.55606,35.84533],[-118.5561,35.84489],[-118.55565,35.84473],[-118.55514,35.84525],[-118.555,35.84495],[-118.55522,35.84457],[-118.55502,35.84442],[-118.55495,35.84456],[-118.55468,35.84453],[-118.55461,35.84472],[-118.55428,35.84448],[-118.55367,35.84453],[-118.55468,35.84404],[-118.55462,35.84385],[-118.55475,35.84352],[-118.55512,35.84351],[-118.55583,35.84413],[-118.5559,35.84375],[-118.557,35.84397],[-118.55709,35.84369],[-118.55693,35.84348],[-118.55714,35.84336],[-118.55738,35.84357],[-118.55744,35.84393],[-118.55728,35.84423],[-118.55731,35.84448],[-118.55764,35.84452],[-118.55825,35.8443],[-118.55844,35.8439],[-118.55816,35.84368],[-118.55778,35.84274],[-118.55784,35.84252],[-118.55743,35.84218],[-118.55752,35.84188],[-118.55704,35.84125],[-118.55747,35.84099],[-118.55798,35.8412],[-118.5581,35.84188],[-118.55844,35.84121],[-118.55801,35.84092],[-118.55804,35.84083],[-118.55856,35.84086],[-118.5588,35.84031],[-118.55937,35.84006],[-118.55951,35.84016],[-118.55976,35.84097],[-118.56046,35.84122],[-118.56112,35.84116],[-118.56115,35.84059],[-118.56137,35.84039],[-118.5616,35.84041],[-118.56189,35.84014],[-118.56219,35.8402],[-118.56237,35.84046],[-118.56248,35.84035],[-118.56258,35.84043],[-118.56254,35.84058],[-118.56237,35.84059],[-118.56258,35.84102],[-118.56446,35.84163],[-118.56513,35.84161],[-118.56576,35.84177],[-118.5667,35.8423],[-118.56663,35.84282],[-118.56646,35.84289],[-118.56645,35.84304],[-118.56667,35.8434],[-118.56665,35.84367],[-118.56696,35.84392],[-118.56745,35.84385],[-118.56767,35.84369],[-118.56756,35.84362],[-118.56785,35.84353],[-118.56802,35.84364],[-118.56842,35.8434],[-118.56918,35.84352],[-118.56909,35.84379],[-118.56892,35.84375],[-118.56893,35.84386],[-118.56926,35.84391],[-118.56952,35.84344],[-118.57022,35.8432],[-118.56998,35.84292],[-118.57013,35.84277],[-118.57081,35.84319],[-118.57178,35.84312],[-118.57223,35.84343],[-118.57256,35.84323],[-118.57288,35.84341],[-118.57303,35.84393],[-118.57349,35.84384],[-118.57373,35.84355],[-118.57434,35.8437],[-118.57455,35.84389],[-118.5745,35.84413],[-118.57476,35.84431],[-118.57505,35.84431],[-118.57503,35.84447],[-118.57541,35.84451],[-118.57549,35.84477],[-118.57573,35.84488],[-118.57597,35.84478],[-118.57603,35.84457],[-118.57572,35.84423],[-118.57619,35.844],[-118.57663,35.84435],[-118.57728,35.84427],[-118.57723,35.84332],[-118.5778,35.8431],[-118.57839,35.84321],[-118.57859,35.84345],[-118.57944,35.84346],[-118.57958,35.84369],[-118.57976,35.84359],[-118.58033,35.84365],[-118.58043,35.84323],[-118.58036,35.84307],[-118.57997,35.84287],[-118.58009,35.84274],[-118.58055,35.84314],[-118.5808,35.84309],[-118.58046,35.84265],[-118.58053,35.8426],[-118.58079,35.8425],[-118.58106,35.84275],[-118.58103,35.84248],[-118.58115,35.84234],[-118.58144,35.84253],[-118.58165,35.84251],[-118.58178,35.84231],[-118.58204,35.84236],[-118.58192,35.84202],[-118.58118,35.84171],[-118.58127,35.84136],[-118.58103,35.8414],[-118.58085,35.84127],[-118.58082,35.84102],[-118.58053,35.84099],[-118.58017,35.84139],[-118.57994,35.84139],[-118.57955,35.84164],[-118.57932,35.84147],[-118.57904,35.84151],[-118.57914,35.8412],[-118.57871,35.84073],[-118.57865,35.84047],[-118.57818,35.84021],[-118.57779,35.84031],[-118.57756,35.84012],[-118.57714,35.84012],[-118.5769,35.83998],[-118.57698,35.83989],[-118.57688,35.8398],[-118.57656,35.83986],[-118.57624,35.83904],[-118.57589,35.8388],[-118.57504,35.83888],[-118.57479,35.83872],[-118.57453,35.83895],[-118.57428,35.83876],[-118.5735,35.83853],[-118.57344,35.83828],[-118.57382,35.83812],[-118.57361,35.83788],[-118.57286,35.83775],[-118.57227,35.83804],[-118.57194,35.83784],[-118.57213,35.83736],[-118.57273,35.83714],[-118.57274,35.83703],[-118.57144,35.83632],[-118.57144,35.83595],[-118.57162,35.83589],[-118.57196,35.83608],[-118.57228,35.83654],[-118.57254,35.83667],[-118.57309,35.83642],[-118.57333,35.83664],[-118.57328,35.83673],[-118.57381,35.83646],[-118.5744,35.83646],[-118.57408,35.83624],[-118.5741,35.83611],[-118.57359,35.83616],[-118.57342,35.83605],[-118.57347,35.83576],[-118.5737,35.83561],[-118.57343,35.83541],[-118.57381,35.83533],[-118.57418,35.83539],[-118.57422,35.83546],[-118.57394,35.83556],[-118.57432,35.83581],[-118.57458,35.83573],[-118.57485,35.83597],[-118.57525,35.83596],[-118.5749,35.83625],[-118.57511,35.83634],[-118.57523,35.83713],[-118.57576,35.83712],[-118.57628,35.83729],[-118.57668,35.8373],[-118.57698,35.83711],[-118.57722,35.83719],[-118.57703,35.83747],[-118.57745,35.83804],[-118.57712,35.83832],[-118.57701,35.83869],[-118.57778,35.83914],[-118.57802,35.83915],[-118.57863,35.83886],[-118.5791,35.83884],[-118.5807,35.83929],[-118.58076,35.8395],[-118.58136,35.83953],[-118.58178,35.83992],[-118.58136,35.84007],[-118.58136,35.84034],[-118.58177,35.84057],[-118.58215,35.84039],[-118.58291,35.84048],[-118.58328,35.84039],[-118.58433,35.83988],[-118.58475,35.84043],[-118.58497,35.84106],[-118.58576,35.84088],[-118.58593,35.84055],[-118.58652,35.84048],[-118.58659,35.8402],[-118.58624,35.84008],[-118.58611,35.83986],[-118.58651,35.83959],[-118.58654,35.8393],[-118.58672,35.83909],[-118.58625,35.8392],[-118.58643,35.83892],[-118.58659,35.83877],[-118.58673,35.83888],[-118.58694,35.83868],[-118.5874,35.83868],[-118.58788,35.83838],[-118.58798,35.83854],[-118.58777,35.83873],[-118.58784,35.83901],[-118.58849,35.83903],[-118.5889,35.83928],[-118.58883,35.83947],[-118.58892,35.83957],[-118.58939,35.83972],[-118.58978,35.84013],[-118.59001,35.84001],[-118.59037,35.84028],[-118.5905,35.83987],[-118.59099,35.83943],[-118.59168,35.83913],[-118.59148,35.83897],[-118.59121,35.83905],[-118.5911,35.83893],[-118.59125,35.83856],[-118.59169,35.83861],[-118.59184,35.83878],[-118.59212,35.83865],[-118.59242,35.83868],[-118.59262,35.83903],[-118.59235,35.83947],[-118.59232,35.83978],[-118.59256,35.8397],[-118.59268,35.8395],[-118.59284,35.83953],[-118.59323,35.83986],[-118.59287,35.84006],[-118.5929,35.84029],[-118.59348,35.84026],[-118.59358,35.8402],[-118.59352,35.83994],[-118.594,35.83981],[-118.59381,35.83961],[-118.59409,35.83937],[-118.59401,35.83906],[-118.59419,35.83901],[-118.59438,35.83929],[-118.59449,35.83927],[-118.59441,35.83902],[-118.59465,35.83886],[-118.59476,35.83839],[-118.59527,35.83773],[-118.5947,35.83705],[-118.59467,35.8368],[-118.59489,35.83621],[-118.59473,35.83602],[-118.5948,35.83584],[-118.59414,35.83547],[-118.59428,35.83513],[-118.59405,35.83498],[-118.59418,35.83483],[-118.5941,35.83448],[-118.59366,35.83403],[-118.59347,35.83399],[-118.59366,35.83383],[-118.59352,35.83371],[-118.59357,35.83358],[-118.59365,35.83367],[-118.59401,35.8336],[-118.59425,35.83382],[-118.59503,35.83393],[-118.59544,35.83366],[-118.59526,35.83333],[-118.59524,35.8326],[-118.59543,35.83258],[-118.59538,35.83193],[-118.5948,35.83174],[-118.5947,35.83139],[-118.59534,35.83144],[-118.59542,35.83134],[-118.59557,35.83156],[-118.59606,35.83154],[-118.59645,35.83179],[-118.59636,35.83155],[-118.59661,35.83153],[-118.59671,35.83136],[-118.59708,35.83153],[-118.5977,35.83086],[-118.59723,35.83092],[-118.59729,35.83079],[-118.59792,35.8307],[-118.59861,35.8304],[-118.59878,35.83018],[-118.59861,35.83018],[-118.59855,35.83001],[-118.59902,35.82938],[-118.59972,35.82963],[-118.59978,35.82976],[-118.59966,35.82992],[-118.59985,35.83022],[-118.59999,35.83012],[-118.59993,35.82993],[-118.60035,35.83002],[-118.60066,35.82989],[-118.60058,35.82956],[-118.60007,35.82957],[-118.60003,35.8294],[-118.60006,35.8289],[-118.60049,35.82864],[-118.60061,35.82873],[-118.60115,35.82859],[-118.60251,35.82887],[-118.60254,35.82921],[-118.60193,35.82918],[-118.60208,35.82952],[-118.60182,35.82958],[-118.60176,35.8298],[-118.60296,35.83016],[-118.60321,35.8301],[-118.60337,35.82947],[-118.60363,35.82943],[-118.60366,35.82929],[-118.60415,35.82896],[-118.60431,35.82897],[-118.60507,35.82847],[-118.60543,35.82858],[-118.60583,35.82899],[-118.6062,35.82889],[-118.6059,35.82875],[-118.60578,35.82843],[-118.60614,35.82838],[-118.60608,35.82796],[-118.60669,35.82798],[-118.60714,35.82774],[-118.60745,35.82794],[-118.60748,35.82831],[-118.60798,35.82836],[-118.60804,35.8288],[-118.60827,35.829],[-118.60923,35.82896],[-118.60921,35.82944],[-118.60962,35.82982],[-118.61022,35.8301],[-118.61087,35.83021],[-118.6111,35.83063],[-118.61187,35.83088],[-118.61192,35.83125],[-118.61046,35.83173],[-118.61055,35.83203],[-118.611,35.8326],[-118.61117,35.83312],[-118.61287,35.83329],[-118.61365,35.83349],[-118.61422,35.83385],[-118.61431,35.83429],[-118.61465,35.83445],[-118.6148,35.83474],[-118.61488,35.83558],[-118.6151,35.83552],[-118.61548,35.83568],[-118.61555,35.83629],[-118.61567,35.83643],[-118.61637,35.83628],[-118.61667,35.83649],[-118.61671,35.83672],[-118.6162,35.83825],[-118.61631,35.8396],[-118.61613,35.84],[-118.61631,35.84013],[-118.61645,35.84058],[-118.61594,35.84075],[-118.61573,35.84063],[-118.61575,35.84038],[-118.61541,35.84052],[-118.61589,35.84131],[-118.616,35.84178],[-118.61474,35.84212],[-118.61473,35.84263],[-118.61496,35.84304],[-118.61542,35.84323],[-118.61522,35.84351],[-118.61541,35.84412],[-118.61587,35.84469],[-118.61567,35.84507],[-118.61568,35.84639],[-118.61579,35.84665],[-118.6162,35.84674],[-118.61617,35.84718],[-118.61656,35.84771],[-118.61711,35.84799],[-118.61663,35.84849],[-118.61655,35.84897],[-118.61639,35.84902],[-118.61652,35.84917],[-118.61664,35.84912],[-118.6167,35.84932],[-118.61631,35.84951],[-118.6161,35.84934],[-118.61603,35.84948],[-118.61579,35.84952],[-118.61576,35.85002],[-118.61565,35.85014],[-118.61557,35.84997],[-118.6155,35.85027],[-118.6158,35.85054],[-118.6158,35.85089],[-118.61565,35.85083],[-118.61565,35.85098],[-118.61539,35.85121],[-118.61569,35.85116],[-118.61579,35.85125],[-118.61566,35.85135],[-118.61612,35.85167],[-118.61613,35.85181],[-118.61651,35.85184],[-118.61687,35.85212],[-118.61677,35.85214],[-118.6168,35.85232],[-118.61595,35.85268],[-118.61531,35.85319],[-118.61502,35.85369],[-118.61535,35.85384],[-118.61626,35.8539],[-118.61685,35.85366],[-118.61715,35.85372],[-118.6176,35.85342],[-118.6176,35.85268],[-118.61793,35.85217],[-118.61804,35.85229],[-118.61808,35.85214],[-118.61851,35.85226],[-118.61859,35.85201],[-118.61893,35.85212],[-118.61892,35.8518],[-118.61928,35.85173],[-118.61931,35.85208],[-118.61954,35.85215],[-118.61984,35.85172],[-118.62041,35.85215],[-118.6205,35.85171],[-118.62073,35.85179],[-118.62115,35.85133],[-118.62161,35.85134],[-118.6212,35.85169],[-118.62107,35.85199],[-118.62115,35.85228],[-118.62151,35.8523],[-118.62166,35.85218],[-118.62192,35.85232],[-118.62188,35.85243],[-118.62159,35.85263],[-118.62126,35.85265],[-118.62131,35.85281],[-118.62115,35.85271],[-118.62106,35.85295],[-118.62086,35.85288],[-118.62089,35.85326],[-118.62151,35.85328],[-118.62209,35.85306],[-118.62209,35.85292],[-118.62247,35.85287],[-118.62243,35.853],[-118.62277,35.85301],[-118.62271,35.85313],[-118.6229,35.85323],[-118.62286,35.85341],[-118.62266,35.85333],[-118.62251,35.85352],[-118.62267,35.85371],[-118.62283,35.85372],[-118.62294,35.85357],[-118.62309,35.85363],[-118.62316,35.85337],[-118.62331,35.85334],[-118.62355,35.85342],[-118.62353,35.85357],[-118.6234,35.85359],[-118.62347,35.85365],[-118.62378,35.85364],[-118.62384,35.85338],[-118.62402,35.85351],[-118.62377,35.85427],[-118.62283,35.85443],[-118.62157,35.85392],[-118.62088,35.85388],[-118.62047,35.85431],[-118.62016,35.85443],[-118.62012,35.85457],[-118.62039,35.85498],[-118.62002,35.85506],[-118.61971,35.85533],[-118.62018,35.85544],[-118.62005,35.85574],[-118.61962,35.85548],[-118.61938,35.85557],[-118.61898,35.85539],[-118.61873,35.85558],[-118.61909,35.85595],[-118.61974,35.8561],[-118.61998,35.85643],[-118.62009,35.8564],[-118.62009,35.85654],[-118.62048,35.85663],[-118.62058,35.85672],[-118.62046,35.85687],[-118.62102,35.85692],[-118.62116,35.85732],[-118.62139,35.85726],[-118.62147,35.85742],[-118.62183,35.85753],[-118.6218,35.85779],[-118.62206,35.85781],[-118.62193,35.85799],[-118.62224,35.85801],[-118.62296,35.85852],[-118.62314,35.85903],[-118.62374,35.85888],[-118.62444,35.85922],[-118.62419,35.85987],[-118.62399,35.85997],[-118.62377,35.86042],[-118.62394,35.86074],[-118.62406,35.86053],[-118.62443,35.86048],[-118.62463,35.86068],[-118.62463,35.86094],[-118.62446,35.86095],[-118.62435,35.86153],[-118.62374,35.86169],[-118.62361,35.86183],[-118.62375,35.86185],[-118.62383,35.86218],[-118.62416,35.86223],[-118.62468,35.8626],[-118.62521,35.8639],[-118.6254,35.86409],[-118.62536,35.86426],[-118.62555,35.8643],[-118.62555,35.86454],[-118.62532,35.86478],[-118.62579,35.8648],[-118.62596,35.86544],[-118.62494,35.86556],[-118.62475,35.86583],[-118.62511,35.86622],[-118.62544,35.86611],[-118.62629,35.86612],[-118.62638,35.86663],[-118.62746,35.86657],[-118.6279,35.86628],[-118.6277,35.86617],[-118.62766,35.86597],[-118.62738,35.86589],[-118.6281,35.86559],[-118.62842,35.86526],[-118.62859,35.86431],[-118.62904,35.86382],[-118.62962,35.86406],[-118.62965,35.86457],[-118.62987,35.86519],[-118.63012,35.8654],[-118.62998,35.86558],[-118.62973,35.86548],[-118.62971,35.8658],[-118.62991,35.866],[-118.63096,35.86633],[-118.63245,35.8662],[-118.63298,35.86639],[-118.63292,35.86676],[-118.63303,35.86685],[-118.63285,35.86714],[-118.6325,35.86729],[-118.63279,35.86761],[-118.63276,35.86788],[-118.63226,35.86802],[-118.63208,35.86792],[-118.6316,35.86796],[-118.63161,35.86846],[-118.63143,35.8686],[-118.63154,35.86886],[-118.63132,35.8692],[-118.63007,35.86922],[-118.62995,35.86932],[-118.62989,35.86945],[-118.63009,35.86959],[-118.63001,35.86973],[-118.62901,35.87066],[-118.6291,35.87141],[-118.629,35.87171],[-118.62837,35.8724],[-118.62862,35.87252],[-118.62854,35.8727],[-118.62832,35.87265],[-118.62825,35.87278],[-118.62831,35.87294],[-118.62866,35.87294],[-118.62928,35.87324],[-118.63015,35.87313],[-118.63151,35.87318],[-118.63204,35.8735],[-118.63221,35.87331],[-118.63262,35.87332],[-118.63277,35.87366],[-118.63265,35.87466],[-118.63162,35.87517],[-118.63106,35.87593],[-118.63086,35.87645],[-118.63021,35.87679],[-118.62994,35.87736],[-118.62939,35.87752],[-118.62907,35.87812],[-118.62814,35.87865],[-118.62728,35.87881],[-118.62786,35.87908],[-118.62789,35.87955],[-118.62772,35.88008],[-118.62712,35.88083],[-118.6265,35.88072],[-118.62642,35.88088],[-118.62694,35.88113],[-118.6272,35.882],[-118.62673,35.88294],[-118.62621,35.88344],[-118.62617,35.88381],[-118.6273,35.88442],[-118.62924,35.88449],[-118.6296,35.88475],[-118.62964,35.88495],[-118.63014,35.88515],[-118.63078,35.88518],[-118.63264,35.88495],[-118.63277,35.88505],[-118.63291,35.88569],[-118.63256,35.88557],[-118.6325,35.88579],[-118.63231,35.88584],[-118.63244,35.8862],[-118.63215,35.88656],[-118.63217,35.8867],[-118.63201,35.88681],[-118.63092,35.88691],[-118.63166,35.88727],[-118.63167,35.88711],[-118.6319,35.88715],[-118.63187,35.88737],[-118.63253,35.88744],[-118.63248,35.88764],[-118.63071,35.88817],[-118.63009,35.88854],[-118.63001,35.88873],[-118.62973,35.88875],[-118.62997,35.88901],[-118.63055,35.88913],[-118.63212,35.89004],[-118.63259,35.89061],[-118.63401,35.8908],[-118.6342,35.89066],[-118.63445,35.8908],[-118.63573,35.89037],[-118.63621,35.89038],[-118.63628,35.89006],[-118.63606,35.89002],[-118.63597,35.88976],[-118.63609,35.88931],[-118.63635,35.889],[-118.63634,35.88861],[-118.63654,35.88863],[-118.63662,35.8888],[-118.63646,35.88942],[-118.63685,35.88935],[-118.63694,35.88968],[-118.63719,35.8898],[-118.63708,35.89001],[-118.63741,35.89003],[-118.63736,35.89022],[-118.637,35.89039],[-118.63718,35.89095],[-118.63836,35.89048],[-118.63916,35.89039],[-118.63941,35.89003],[-118.63935,35.8896],[-118.63949,35.88935],[-118.63975,35.88953],[-118.63965,35.88989],[-118.63973,35.89026],[-118.64006,35.89026],[-118.64045,35.88994],[-118.64053,35.89017],[-118.64107,35.88997],[-118.64115,35.89033],[-118.64143,35.89052],[-118.64145,35.89064],[-118.64089,35.89096],[-118.64095,35.89118],[-118.64076,35.89132],[-118.64053,35.89135],[-118.64037,35.89121],[-118.64006,35.89134],[-118.63972,35.89129],[-118.63936,35.89165],[-118.63917,35.89142],[-118.63826,35.89205],[-118.63756,35.89196],[-118.63692,35.89219],[-118.63666,35.892],[-118.63674,35.89159],[-118.63589,35.89185],[-118.63574,35.89134],[-118.63496,35.89119],[-118.63468,35.89142],[-118.63498,35.89222],[-118.6354,35.89252],[-118.63547,35.89271],[-118.63543,35.89288],[-118.63527,35.89291],[-118.63495,35.89274],[-118.63481,35.89282],[-118.63483,35.89322],[-118.63507,35.89364],[-118.63468,35.8939],[-118.63552,35.89417],[-118.63559,35.89405],[-118.63626,35.89386],[-118.63633,35.89399],[-118.63609,35.89428],[-118.63654,35.89437],[-118.63664,35.89455],[-118.63666,35.89509],[-118.63634,35.89567],[-118.63676,35.89582],[-118.63661,35.896],[-118.63627,35.89601],[-118.63625,35.89618],[-118.63654,35.89642],[-118.63666,35.89618],[-118.63705,35.8962],[-118.63685,35.89665],[-118.63698,35.89705],[-118.6368,35.89714],[-118.63534,35.89694],[-118.63501,35.89702],[-118.63496,35.89754],[-118.63525,35.89764],[-118.63555,35.89798],[-118.63545,35.89814],[-118.6348,35.89823],[-118.63427,35.89814],[-118.6346,35.89839],[-118.635,35.89903],[-118.6348,35.89929],[-118.63424,35.89946],[-118.63421,35.89958],[-118.63448,35.89986],[-118.63463,35.90048],[-118.63486,35.9008],[-118.6357,35.90073],[-118.63698,35.89919],[-118.63766,35.89886],[-118.63839,35.8989],[-118.63913,35.89927],[-118.63943,35.89901],[-118.63963,35.89856],[-118.64046,35.8984],[-118.64034,35.8988],[-118.64057,35.89897],[-118.64098,35.89901],[-118.64098,35.89848],[-118.64119,35.89826],[-118.64204,35.89809],[-118.64233,35.89769],[-118.64241,35.89738],[-118.64211,35.89688],[-118.64244,35.89617],[-118.64275,35.89657],[-118.64321,35.89649],[-118.64343,35.89718],[-118.64387,35.89737],[-118.6439,35.89759],[-118.64438,35.89805],[-118.64444,35.89828],[-118.64536,35.89871],[-118.64532,35.89896],[-118.64575,35.90008],[-118.64568,35.90024],[-118.64466,35.90092],[-118.64453,35.90157],[-118.64429,35.90181],[-118.64392,35.90192],[-118.6443,35.90224],[-118.64428,35.90238],[-118.64404,35.9025],[-118.64398,35.9028],[-118.64427,35.9031],[-118.64384,35.90314],[-118.64347,35.9029],[-118.64352,35.90268],[-118.64312,35.90269],[-118.64318,35.90247],[-118.64294,35.90257],[-118.64267,35.90244],[-118.64273,35.90213],[-118.6421,35.90153],[-118.64168,35.90144],[-118.64155,35.90164],[-118.64204,35.90195],[-118.64214,35.90228],[-118.6418,35.9024],[-118.64156,35.90214],[-118.64137,35.9022],[-118.64117,35.90262],[-118.6409,35.90257],[-118.64064,35.90269],[-118.64065,35.90283],[-118.6401,35.90296],[-118.6401,35.90306],[-118.6397,35.90292],[-118.63979,35.90304],[-118.63971,35.90313],[-118.63924,35.9034],[-118.63906,35.90422],[-118.63941,35.90462],[-118.63932,35.90516],[-118.63948,35.90512],[-118.63999,35.90451],[-118.64188,35.90621],[-118.6426,35.9062],[-118.64267,35.90641],[-118.64237,35.90664],[-118.64245,35.90724],[-118.64158,35.90786],[-118.64185,35.90788],[-118.64215,35.90815],[-118.64263,35.90765],[-118.64265,35.90785],[-118.64315,35.90797],[-118.64301,35.90826],[-118.6428,35.90831],[-118.64309,35.90848],[-118.64249,35.9087],[-118.64195,35.90871],[-118.64189,35.9093],[-118.64211,35.9096],[-118.64241,35.90949],[-118.64238,35.90919],[-118.64283,35.90877],[-118.64392,35.90861],[-118.64434,35.90811],[-118.64578,35.90781],[-118.64612,35.90805],[-118.64642,35.90891],[-118.64603,35.90904],[-118.64566,35.90886],[-118.64529,35.90889],[-118.64541,35.9091],[-118.64474,35.90949],[-118.64447,35.90988],[-118.64497,35.9106],[-118.6451,35.91102],[-118.64476,35.91154],[-118.64607,35.91171],[-118.64622,35.91198],[-118.64629,35.91233],[-118.64596,35.91316],[-118.64613,35.91344],[-118.64644,35.91362],[-118.64692,35.91363],[-118.64746,35.91333],[-118.64774,35.91302],[-118.64821,35.91186],[-118.64887,35.91108],[-118.64982,35.91132],[-118.65047,35.91137],[-118.65074,35.91125],[-118.65092,35.91138],[-118.65098,35.9116],[-118.65135,35.91184],[-118.65144,35.91228],[-118.65107,35.91246],[-118.65075,35.91244],[-118.65074,35.91235],[-118.65049,35.91269],[-118.65083,35.91293],[-118.65132,35.91303],[-118.65179,35.9136],[-118.65264,35.91342],[-118.65281,35.91313],[-118.65321,35.91303],[-118.65354,35.91324],[-118.65362,35.91344],[-118.6539,35.91354],[-118.65391,35.91373],[-118.65368,35.91397],[-118.65369,35.91422],[-118.65312,35.91457],[-118.65311,35.91487],[-118.65326,35.91501],[-118.65323,35.91516],[-118.65396,35.91579],[-118.65427,35.91636],[-118.65426,35.91688],[-118.65389,35.9169],[-118.65391,35.91665],[-118.65342,35.91682],[-118.65329,35.91741],[-118.65282,35.91738],[-118.65257,35.91689],[-118.65231,35.91694],[-118.65168,35.91736],[-118.65162,35.91771],[-118.6514,35.918],[-118.65068,35.91778],[-118.64993,35.91728],[-118.6494,35.91786],[-118.64909,35.91793],[-118.64916,35.91815],[-118.64964,35.91844],[-118.64934,35.91883],[-118.64954,35.91903],[-118.65002,35.9188],[-118.65065,35.91894],[-118.65096,35.91966],[-118.65319,35.91885],[-118.65436,35.91911],[-118.65533,35.91954],[-118.65529,35.91977],[-118.65543,35.91999],[-118.65509,35.9206],[-118.65474,35.92044],[-118.65458,35.92054],[-118.65422,35.92026],[-118.65388,35.92027],[-118.65367,35.92043],[-118.65411,35.92102],[-118.65471,35.92111],[-118.65524,35.92168],[-118.6565,35.92246],[-118.65794,35.92249],[-118.65863,35.92279],[-118.65928,35.92267],[-118.65972,35.92223],[-118.66035,35.92228],[-118.6605,35.92244],[-118.66102,35.92214],[-118.66107,35.92198],[-118.66225,35.92161],[-118.66261,35.92182],[-118.66246,35.92214],[-118.66264,35.92221],[-118.6626,35.92266],[-118.66289,35.92269],[-118.66272,35.92298],[-118.6628,35.92312],[-118.6633,35.9231],[-118.66398,35.92272],[-118.6645,35.92277],[-118.66483,35.92321],[-118.66488,35.9236],[-118.66527,35.92355],[-118.66561,35.92373],[-118.6655,35.92434],[-118.66528,35.92475],[-118.66545,35.92492],[-118.66516,35.92538],[-118.66562,35.9255],[-118.66575,35.92611],[-118.66588,35.9262],[-118.66641,35.92592],[-118.66658,35.92627],[-118.66639,35.92643],[-118.66639,35.92683],[-118.66693,35.92693],[-118.66695,35.92723],[-118.66716,35.92725],[-118.66713,35.92746],[-118.66683,35.92737],[-118.66631,35.92747],[-118.66621,35.92767],[-118.66638,35.92781],[-118.66623,35.92805],[-118.66665,35.92857],[-118.66639,35.92892],[-118.66646,35.92925],[-118.66638,35.92934],[-118.66611,35.92924],[-118.6661,35.92966],[-118.66678,35.92972],[-118.66701,35.92956],[-118.66727,35.92964],[-118.66743,35.9299],[-118.6677,35.92978],[-118.66786,35.92986],[-118.66781,35.93023],[-118.66795,35.93034],[-118.66854,35.92998],[-118.66887,35.93008],[-118.66881,35.93097],[-118.66844,35.93109],[-118.66793,35.93091],[-118.66811,35.93127],[-118.66877,35.93161],[-118.66897,35.93162],[-118.6693,35.93118],[-118.6709,35.93066],[-118.67096,35.93051],[-118.67139,35.93032],[-118.67145,35.92991],[-118.67172,35.92974],[-118.67239,35.92975],[-118.67254,35.93017],[-118.67241,35.93064],[-118.67298,35.93061],[-118.67299,35.93114],[-118.67237,35.93151],[-118.67174,35.9321],[-118.67165,35.93238],[-118.67103,35.93253],[-118.67076,35.93225],[-118.67056,35.93231],[-118.6704,35.93262],[-118.66954,35.93275],[-118.66909,35.93297],[-118.66881,35.93345],[-118.66937,35.93339],[-118.66954,35.93357],[-118.66955,35.93392],[-118.66982,35.93388],[-118.67021,35.93359],[-118.67065,35.93371],[-118.67097,35.93438],[-118.67071,35.93489],[-118.67081,35.93529],[-118.67091,35.93546],[-118.67188,35.93563],[-118.6719,35.93589],[-118.67174,35.93605],[-118.67206,35.93627],[-118.67206,35.93671],[-118.67226,35.93698],[-118.67152,35.93737],[-118.67026,35.93746],[-118.67,35.93735],[-118.66977,35.93648],[-118.66933,35.93627],[-118.66958,35.93688],[-118.66921,35.93726],[-118.66972,35.93739],[-118.66981,35.93772],[-118.67055,35.93782],[-118.67286,35.93771],[-118.67328,35.93786],[-118.67331,35.93811],[-118.67377,35.93882],[-118.67362,35.93879],[-118.67344,35.93907],[-118.67356,35.9393],[-118.67468,35.93914],[-118.67505,35.93891],[-118.67467,35.93853],[-118.67473,35.93831],[-118.6743,35.93813],[-118.67444,35.93756],[-118.67448,35.9378],[-118.67481,35.93792],[-118.67482,35.93817],[-118.67558,35.93821],[-118.67608,35.93783],[-118.67618,35.93751],[-118.67652,35.93761],[-118.67676,35.9375],[-118.67661,35.93721],[-118.67673,35.93719],[-118.67683,35.93747],[-118.67711,35.93764],[-118.6773,35.93754],[-118.67721,35.93789],[-118.67747,35.93776],[-118.67817,35.93695],[-118.67912,35.93628],[-118.6791,35.93603],[-118.67922,35.93591],[-118.67939,35.93589],[-118.67941,35.93606],[-118.67989,35.93602],[-118.6803,35.93562],[-118.68048,35.93586],[-118.68057,35.93566],[-118.68083,35.9357],[-118.68079,35.93587],[-118.68107,35.93589],[-118.68115,35.93579],[-118.68099,35.93575],[-118.68097,35.93558],[-118.68173,35.93577],[-118.68202,35.93569],[-118.68227,35.93595],[-118.68252,35.9355],[-118.6824,35.93514],[-118.68275,35.93525],[-118.68289,35.9351],[-118.68277,35.9347],[-118.68284,35.93432],[-118.68331,35.93401],[-118.68474,35.93385],[-118.68486,35.93353],[-118.68473,35.93348],[-118.68472,35.93325],[-118.68448,35.93327],[-118.68454,35.93291],[-118.6848,35.93297],[-118.68509,35.93271],[-118.68542,35.93267],[-118.68549,35.93251],[-118.68565,35.93246],[-118.68568,35.93257],[-118.68603,35.93229],[-118.68592,35.93208],[-118.68621,35.93207],[-118.68616,35.93194],[-118.6863,35.93186],[-118.68646,35.93183],[-118.68642,35.93208],[-118.68668,35.93187],[-118.68695,35.93184],[-118.68704,35.93262],[-118.68728,35.93277],[-118.68801,35.93288],[-118.68901,35.93275],[-118.68908,35.93252],[-118.68882,35.93231],[-118.68888,35.93218],[-118.68932,35.93248],[-118.68941,35.9323],[-118.68923,35.93214],[-118.68927,35.93192],[-118.68948,35.93203],[-118.68952,35.93179],[-118.68991,35.93165],[-118.69005,35.93179],[-118.69098,35.93106],[-118.69091,35.93074],[-118.6907,35.93056],[-118.69095,35.9302],[-118.69146,35.93001],[-118.69175,35.93003],[-118.6918,35.93016],[-118.69216,35.92973],[-118.69291,35.92984],[-118.69211,35.92907],[-118.69198,35.92831],[-118.69223,35.92742],[-118.69316,35.92687],[-118.69669,35.92542],[-118.69788,35.92544],[-118.69852,35.92588],[-118.69954,35.9263],[-118.69999,35.92668],[-118.70097,35.9279],[-118.70089,35.92882],[-118.69931,35.92906],[-118.69924,35.92935],[-118.69885,35.92923],[-118.69849,35.9294],[-118.6974,35.92933],[-118.69699,35.92982],[-118.69663,35.92997],[-118.69659,35.93016],[-118.69713,35.93038],[-118.69769,35.93126],[-118.69812,35.93136],[-118.69831,35.93171],[-118.69902,35.93152],[-118.6991,35.93168],[-118.69897,35.93213],[-118.69921,35.93213],[-118.6992,35.93229],[-118.6981,35.93251],[-118.69821,35.93258],[-118.698,35.93282],[-118.69849,35.93354],[-118.69826,35.93369],[-118.69863,35.9338],[-118.69866,35.93418],[-118.69891,35.93407],[-118.69962,35.93454],[-118.69987,35.93551],[-118.70053,35.9352],[-118.70117,35.93433],[-118.70151,35.93427],[-118.70172,35.93445],[-118.70165,35.93482],[-118.70181,35.93507],[-118.70182,35.93524],[-118.70165,35.93535],[-118.70196,35.9356],[-118.70202,35.93592],[-118.7022,35.93595],[-118.70219,35.93571],[-118.70232,35.93562],[-118.70254,35.93578],[-118.70278,35.93574],[-118.70287,35.93595],[-118.70325,35.93578],[-118.70362,35.93588],[-118.70382,35.93633],[-118.70406,35.93629],[-118.70415,35.93652],[-118.70507,35.93652],[-118.70526,35.93669],[-118.70503,35.9372],[-118.70505,35.93758],[-118.70478,35.93777],[-118.70468,35.93768],[-118.70486,35.93885],[-118.70467,35.939],[-118.7049,35.9394],[-118.70522,35.93955],[-118.70506,35.9401],[-118.70539,35.9407],[-118.70532,35.94104],[-118.70491,35.94137],[-118.70501,35.94167],[-118.70486,35.94228],[-118.70487,35.94323],[-118.70464,35.94351],[-118.70481,35.94404],[-118.70465,35.94432],[-118.70351,35.94461],[-118.70278,35.94501],[-118.70063,35.94531],[-118.70081,35.94597],[-118.70105,35.94617],[-118.70131,35.94682],[-118.70154,35.94679],[-118.70199,35.94716],[-118.70158,35.94728],[-118.7016,35.94766],[-118.7009,35.94757],[-118.70051,35.94801],[-118.70015,35.94797],[-118.70012,35.94828],[-118.69984,35.94869],[-118.69993,35.94904],[-118.69913,35.94992],[-118.69906,35.95017],[-118.6996,35.9513],[-118.70025,35.95149],[-118.70035,35.95169],[-118.70025,35.95202],[-118.69996,35.95211],[-118.69999,35.95291],[-118.70028,35.95352],[-118.7008,35.95387],[-118.70091,35.95419],[-118.70132,35.95449],[-118.70136,35.95433],[-118.70159,35.95445],[-118.70167,35.95425],[-118.70202,35.95423],[-118.7021,35.95446],[-118.70181,35.9546],[-118.70196,35.95472],[-118.70186,35.95481],[-118.70302,35.95587],[-118.70302,35.9563],[-118.70213,35.95711],[-118.70207,35.95734],[-118.7023,35.95732],[-118.70256,35.95761],[-118.70235,35.95782],[-118.7026,35.95792],[-118.70238,35.95802],[-118.70229,35.95825],[-118.7022,35.9581],[-118.70197,35.95816],[-118.70222,35.95854],[-118.70245,35.95843],[-118.7024,35.95868],[-118.70267,35.95837],[-118.7029,35.95856],[-118.70309,35.95853],[-118.70287,35.95834],[-118.70295,35.95828],[-118.70283,35.95798],[-118.70326,35.95756],[-118.70349,35.9569],[-118.70401,35.95663],[-118.70476,35.95658],[-118.70535,35.95631],[-118.70718,35.95602],[-118.70837,35.9564],[-118.70869,35.9568],[-118.70872,35.95732],[-118.70849,35.95861],[-118.70864,35.95874],[-118.7081,35.95919],[-118.70683,35.9598],[-118.70657,35.95967],[-118.70642,35.95926],[-118.70532,35.95966],[-118.70517,35.96003],[-118.70533,35.96051],[-118.7048,35.96037],[-118.70495,35.96116],[-118.70457,35.96129],[-118.70459,35.96162],[-118.70496,35.96156],[-118.70508,35.9617],[-118.70519,35.96166],[-118.70522,35.96139],[-118.70533,35.96142],[-118.70526,35.96129],[-118.7055,35.96128],[-118.70571,35.9611],[-118.70567,35.96134],[-118.7054,35.9615],[-118.7056,35.96162],[-118.70546,35.96169],[-118.70554,35.96191],[-118.70578,35.96164],[-118.70588,35.96176],[-118.70606,35.9616],[-118.70607,35.96171],[-118.70625,35.96173],[-118.70631,35.96164],[-118.70616,35.96147],[-118.70625,35.96145],[-118.70651,35.9615],[-118.70644,35.96163],[-118.70727,35.96157],[-118.70786,35.96184],[-118.70847,35.96187],[-118.70761,35.96264],[-118.70763,35.963],[-118.70723,35.96304],[-118.70699,35.9632],[-118.70684,35.96365],[-118.70668,35.96373],[-118.70639,35.96381],[-118.70593,35.96372],[-118.70578,35.9636],[-118.70578,35.96301],[-118.7052,35.96281],[-118.70486,35.96306],[-118.70479,35.96329],[-118.70524,35.96341],[-118.70526,35.96373],[-118.70497,35.96399],[-118.7045,35.96416],[-118.70446,35.96434],[-118.70466,35.96475],[-118.70458,35.96502],[-118.70388,35.96488],[-118.70371,35.965],[-118.70301,35.96505],[-118.7027,35.96483],[-118.70285,35.96464],[-118.70258,35.96441],[-118.70263,35.96423],[-118.70162,35.96419],[-118.70174,35.96458],[-118.70204,35.96466],[-118.70186,35.96497],[-118.70223,35.96542],[-118.70214,35.96589],[-118.70246,35.96621],[-118.70231,35.96641],[-118.70355,35.96693],[-118.70388,35.96723],[-118.70412,35.96799],[-118.70447,35.96775],[-118.70462,35.96717],[-118.70504,35.96693],[-118.70585,35.96678],[-118.70605,35.96644],[-118.70617,35.96671],[-118.70667,35.9666],[-118.7067,35.96703],[-118.70698,35.96703],[-118.70692,35.96721],[-118.70705,35.96721],[-118.70707,35.9674],[-118.7074,35.96741],[-118.70739,35.9676],[-118.70798,35.9678],[-118.70815,35.968],[-118.70808,35.96811],[-118.70843,35.96841],[-118.70848,35.96832],[-118.70873,35.96842],[-118.70912,35.96826],[-118.70914,35.96813],[-118.7094,35.9681],[-118.70955,35.9682],[-118.70946,35.96833],[-118.70993,35.96816],[-118.71,35.96846],[-118.7102,35.96855],[-118.71055,35.96837],[-118.71087,35.96868],[-118.7113,35.96847],[-118.71162,35.96849],[-118.71163,35.96865],[-118.7119,35.96874],[-118.71205,35.96902],[-118.71224,35.9689],[-118.71271,35.96899],[-118.71289,35.96881],[-118.71271,35.96853],[-118.71312,35.96851],[-118.71314,35.96833],[-118.71348,35.96821],[-118.71374,35.96884],[-118.71417,35.96897],[-118.71423,35.96932],[-118.71492,35.96985],[-118.71485,35.96997],[-118.71503,35.96991],[-118.71517,35.97007],[-118.71562,35.97012],[-118.71591,35.97043],[-118.71592,35.97064],[-118.71611,35.97075],[-118.71606,35.97063],[-118.71627,35.97055],[-118.71626,35.97085],[-118.71648,35.97117],[-118.71693,35.97135],[-118.71814,35.97131],[-118.71851,35.97154],[-118.71865,35.97189],[-118.71945,35.97191],[-118.71967,35.9722],[-118.7219,35.97287],[-118.722,35.97306],[-118.7223,35.97303],[-118.72392,35.97354],[-118.72433,35.97376],[-118.72464,35.97412],[-118.72472,35.97447],[-118.72459,35.97534],[-118.72512,35.97553],[-118.72536,35.97589],[-118.72556,35.97593],[-118.72573,35.97637],[-118.72636,35.97648],[-118.72751,35.97621],[-118.72772,35.97656],[-118.72763,35.97684],[-118.72783,35.97785],[-118.72839,35.97908],[-118.72865,35.97931],[-118.72842,35.98116],[-118.72887,35.98186],[-118.72918,35.98217],[-118.72968,35.98232],[-118.72994,35.98271],[-118.73014,35.98311],[-118.73028,35.98413],[-118.73072,35.98486],[-118.73258,35.9865],[-118.7333,35.98684],[-118.73389,35.9879],[-118.73478,35.98826],[-118.73508,35.98884],[-118.73502,35.98906],[-118.73571,35.98972],[-118.73598,35.99052],[-118.73591,35.99086],[-118.73624,35.99157],[-118.73605,35.99226],[-118.73649,35.99298],[-118.73727,35.99375],[-118.73736,35.99478],[-118.73761,35.99561],[-118.73738,35.99628],[-118.73752,35.99706],[-118.73803,35.99832],[-118.73802,35.999],[-118.73764,35.99941],[-118.73722,36.00046],[-118.73716,36.00268],[-118.73728,36.00301],[-118.73764,36.00333],[-118.73763,36.00351],[-118.73679,36.00357],[-118.73574,36.0034],[-118.73449,36.00361],[-118.73418,36.00386],[-118.73391,36.00373],[-118.73376,36.00398],[-118.73352,36.00398],[-118.73354,36.00414],[-118.73334,36.00412],[-118.73345,36.00425],[-118.73314,36.00457],[-118.73293,36.00469],[-118.73273,36.00463],[-118.73284,36.00478],[-118.73259,36.00503],[-118.73232,36.0049],[-118.73219,36.00505],[-118.73195,36.00498],[-118.73189,36.0052],[-118.73142,36.00514],[-118.73124,36.00532],[-118.73148,36.00536],[-118.7315,36.00558],[-118.7313,36.00569],[-118.73117,36.00566],[-118.73108,36.00535],[-118.73082,36.00549],[-118.73077,36.00562],[-118.73106,36.0058],[-118.73103,36.00598],[-118.73126,36.00616],[-118.73106,36.00656],[-118.7309,36.00645],[-118.73065,36.00653],[-118.73045,36.00694],[-118.73077,36.00711],[-118.73053,36.00736],[-118.73034,36.00736],[-118.73021,36.00787],[-118.73,36.00796],[-118.7302,36.00806],[-118.73008,36.00816],[-118.7302,36.00824],[-118.73013,36.00876],[-118.72994,36.00885],[-118.73006,36.00909],[-118.7297,36.00905],[-118.72967,36.00931],[-118.72941,36.00925],[-118.72923,36.0095],[-118.72942,36.0097],[-118.7293,36.00984],[-118.72871,36.00995],[-118.72865,36.01009],[-118.72881,36.01036],[-118.72873,36.01064],[-118.72822,36.01079],[-118.72825,36.01097],[-118.72813,36.01099],[-118.72789,36.01074],[-118.72775,36.01086],[-118.72781,36.01106],[-118.72752,36.01113],[-118.7277,36.01136],[-118.72816,36.0115],[-118.72773,36.01159],[-118.72769,36.01186],[-118.72795,36.01201],[-118.72786,36.0122],[-118.72769,36.01223],[-118.7278,36.01232],[-118.72779,36.01272],[-118.72763,36.01269],[-118.72711,36.01298],[-118.72745,36.01309],[-118.72767,36.013],[-118.72766,36.0131],[-118.72728,36.01349],[-118.72671,36.01361],[-118.7266,36.01374],[-118.72691,36.01384],[-118.72679,36.01413],[-118.72718,36.01405],[-118.72689,36.01473],[-118.72662,36.01472],[-118.72645,36.01505],[-118.72581,36.01519],[-118.72529,36.0155],[-118.72525,36.01563],[-118.72552,36.01571],[-118.72517,36.01579],[-118.72521,36.01592],[-118.72481,36.01569],[-118.72439,36.01634],[-118.72374,36.01666],[-118.72331,36.01717],[-118.723,36.01733],[-118.72241,36.01727],[-118.72173,36.01699],[-118.72173,36.01681],[-118.72021,36.01604],[-118.71969,36.0161],[-118.71975,36.016],[-118.7193,36.01587],[-118.71869,36.01506],[-118.7179,36.01481],[-118.71676,36.01417],[-118.71637,36.01354],[-118.71612,36.01362],[-118.71545,36.01462],[-118.71507,36.01616],[-118.71372,36.01767],[-118.71373,36.01851],[-118.71336,36.02134],[-118.71355,36.02222],[-118.7134,36.02285],[-118.71302,36.02344],[-118.71197,36.02451],[-118.71169,36.02515],[-118.7111,36.0255],[-118.71009,36.02578],[-118.70583,36.0265],[-118.70452,36.02758],[-118.70388,36.02747],[-118.70354,36.0276],[-118.70316,36.02748],[-118.70268,36.02656],[-118.70228,36.02634],[-118.70164,36.02557],[-118.70022,36.02554],[-118.69823,36.02485],[-118.6966,36.02403],[-118.69629,36.02351],[-118.69628,36.02297],[-118.69661,36.02162],[-118.69616,36.02105],[-118.69609,36.02078],[-118.69677,36.01996],[-118.69691,36.01956],[-118.69692,36.0189],[-118.69667,36.01833],[-118.69537,36.01738],[-118.69479,36.01663],[-118.69466,36.01624],[-118.69361,36.01523],[-118.69373,36.01483],[-118.69352,36.01468],[-118.69351,36.01491],[-118.69341,36.01494],[-118.69324,36.01468],[-118.69362,36.01457],[-118.69343,36.01438],[-118.6937,36.01431],[-118.69368,36.01421],[-118.69362,36.0141],[-118.69281,36.01398],[-118.69283,36.01361],[-118.69263,36.01312],[-118.69322,36.013],[-118.69247,36.01293],[-118.6923,36.01272],[-118.69186,36.01282],[-118.68958,36.0115],[-118.68932,36.01123],[-118.68915,36.011],[-118.68924,36.01079],[-118.68905,36.01074],[-118.68874,36.0101],[-118.68877,36.00932],[-118.68887,36.00925],[-118.68866,36.00906],[-118.68806,36.0091],[-118.68763,36.00894],[-118.68734,36.00853],[-118.68731,36.00894],[-118.68703,36.00865],[-118.68701,36.00901],[-118.68671,36.00889],[-118.68655,36.00898],[-118.68657,36.00872],[-118.68599,36.00869],[-118.68555,36.0083],[-118.68559,36.00818],[-118.68528,36.00821],[-118.685,36.00802],[-118.6849,36.00803],[-118.68487,36.00836],[-118.68391,36.00878],[-118.68387,36.0083],[-118.68365,36.00817],[-118.68365,36.00904],[-118.68403,36.00923],[-118.68394,36.00938],[-118.68364,36.00934],[-118.68341,36.00964],[-118.68437,36.00982],[-118.68444,36.00992],[-118.68425,36.01028],[-118.68448,36.01044],[-118.68447,36.01055],[-118.68397,36.01062],[-118.68396,36.01084],[-118.68411,36.01094],[-118.68381,36.01126],[-118.68407,36.01122],[-118.68418,36.01134],[-118.684,36.01158],[-118.68356,36.01176],[-118.68367,36.01195],[-118.68392,36.01195],[-118.68386,36.01219],[-118.68351,36.01228],[-118.68378,36.01249],[-118.68385,36.0129],[-118.68329,36.01319],[-118.68316,36.01392],[-118.68276,36.01415],[-118.68222,36.01398],[-118.68188,36.01495],[-118.68222,36.01519],[-118.68203,36.01549],[-118.68164,36.01555],[-118.6814,36.01539],[-118.68158,36.01515],[-118.68138,36.01449],[-118.68152,36.01434],[-118.68129,36.01441],[-118.68108,36.01422],[-118.68128,36.01399],[-118.68107,36.0139],[-118.68125,36.01376],[-118.68114,36.01339],[-118.68083,36.0133],[-118.68062,36.01342],[-118.68051,36.01319],[-118.68066,36.0132],[-118.68065,36.01295],[-118.68027,36.01301],[-118.68042,36.01292],[-118.68009,36.01272],[-118.68016,36.01257],[-118.67988,36.0121],[-118.67978,36.01216],[-118.6799,36.01231],[-118.67948,36.01246],[-118.67946,36.0126],[-118.67927,36.01253],[-118.67936,36.0121],[-118.67924,36.01195],[-118.67902,36.01204],[-118.67903,36.01226],[-118.67877,36.01248],[-118.67853,36.01241],[-118.67862,36.01217],[-118.67834,36.01218],[-118.67838,36.01197],[-118.67817,36.01181],[-118.67778,36.01205],[-118.67794,36.01193],[-118.67771,36.01193],[-118.67773,36.01163],[-118.67749,36.01139],[-118.67769,36.01143],[-118.67772,36.01115],[-118.67763,36.01107],[-118.67751,36.01123],[-118.67734,36.01113],[-118.67735,36.01096],[-118.6776,36.01081],[-118.67768,36.01042],[-118.67729,36.01061],[-118.67683,36.01063],[-118.67713,36.01048],[-118.6771,36.0104],[-118.67632,36.00973],[-118.67603,36.00954],[-118.67579,36.00966],[-118.67572,36.00993],[-118.67554,36.01003],[-118.67508,36.00958],[-118.67491,36.00922],[-118.67447,36.00902],[-118.67401,36.00908],[-118.67338,36.00939],[-118.67013,36.00986],[-118.6689,36.01045],[-118.66879,36.01032],[-118.66894,36.00976],[-118.66889,36.0095],[-118.66824,36.00901],[-118.66807,36.00703],[-118.66788,36.00713],[-118.66765,36.00694],[-118.66735,36.00633],[-118.66649,36.00597],[-118.66556,36.00524],[-118.66515,36.00472],[-118.66507,36.0043],[-118.66436,36.00366],[-118.66312,36.00315],[-118.66299,36.00275],[-118.66268,36.00278],[-118.66219,36.00253],[-118.66199,36.00253],[-118.66195,36.00279],[-118.6614,36.00334],[-118.66113,36.00335],[-118.66081,36.00365],[-118.66028,36.0037],[-118.65973,36.00353],[-118.65982,36.00385],[-118.6602,36.00396],[-118.66022,36.00416],[-118.66016,36.00435],[-118.65998,36.00442],[-118.66009,36.0047],[-118.65982,36.00515],[-118.6598,36.00562],[-118.65969,36.00578],[-118.65889,36.00538],[-118.65873,36.00502],[-118.65838,36.00513],[-118.65838,36.00552],[-118.6588,36.0056],[-118.65906,36.00593],[-118.65896,36.00644],[-118.65883,36.00648],[-118.65897,36.00679],[-118.6583,36.00714],[-118.65841,36.00757],[-118.65815,36.00796],[-118.65719,36.00785],[-118.6564,36.00815],[-118.65632,36.00877],[-118.6557,36.00939],[-118.6549,36.00961],[-118.6545,36.00919],[-118.65392,36.00942],[-118.65389,36.01001],[-118.65466,36.01022],[-118.65469,36.01056],[-118.65453,36.01083],[-118.65488,36.0113],[-118.65529,36.01116],[-118.65585,36.01151],[-118.65669,36.01142],[-118.65702,36.0116],[-118.65816,36.01182],[-118.65815,36.01203],[-118.65901,36.01258],[-118.65912,36.01311],[-118.65979,36.01311],[-118.66021,36.01336],[-118.66023,36.01347],[-118.65994,36.01347],[-118.65986,36.0138],[-118.65965,36.01386],[-118.65979,36.01406],[-118.65948,36.0142],[-118.65967,36.0145],[-118.65962,36.01465],[-118.66034,36.01455],[-118.66067,36.01504],[-118.66103,36.01511],[-118.66118,36.01534],[-118.66091,36.01549],[-118.66087,36.01575],[-118.66119,36.01598],[-118.66094,36.01594],[-118.66098,36.01583],[-118.66074,36.01571],[-118.66026,36.01595],[-118.66048,36.01606],[-118.66033,36.01633],[-118.65979,36.0164],[-118.65952,36.01669],[-118.6591,36.01662],[-118.65893,36.01635],[-118.65838,36.016],[-118.65874,36.01659],[-118.65835,36.01696],[-118.65844,36.01732],[-118.6578,36.01751],[-118.65713,36.01722],[-118.65724,36.01676],[-118.65695,36.01661],[-118.65692,36.01641],[-118.65615,36.01623],[-118.65625,36.0162],[-118.65608,36.01597],[-118.65578,36.01602],[-118.65566,36.01621],[-118.65587,36.01678],[-118.65649,36.01712],[-118.6564,36.0173],[-118.65676,36.01741],[-118.65678,36.01781],[-118.65707,36.01808],[-118.65737,36.01821],[-118.65773,36.01808],[-118.65806,36.01847],[-118.65857,36.01875],[-118.65858,36.01902],[-118.65794,36.01917],[-118.65776,36.01937],[-118.65676,36.01981],[-118.65653,36.02009],[-118.65672,36.02079],[-118.65754,36.02125],[-118.65774,36.02113],[-118.65804,36.02136],[-118.65838,36.02193],[-118.65828,36.02212],[-118.65796,36.022],[-118.65771,36.02211],[-118.6577,36.02234],[-118.65743,36.02265],[-118.65697,36.02284],[-118.65709,36.02314],[-118.65741,36.02313],[-118.65768,36.02267],[-118.65862,36.02286],[-118.65978,36.02388],[-118.66046,36.02484],[-118.66155,36.02507],[-118.6624,36.02596],[-118.66266,36.02609],[-118.66317,36.02582],[-118.66382,36.02605],[-118.66395,36.0267],[-118.66414,36.02689],[-118.66438,36.02684],[-118.66416,36.02704],[-118.6643,36.02706],[-118.6644,36.0273],[-118.66405,36.02742],[-118.66405,36.02784],[-118.6636,36.02793],[-118.66351,36.02756],[-118.6627,36.02765],[-118.66209,36.02746],[-118.66199,36.02725],[-118.6619,36.0276],[-118.66203,36.0277],[-118.66208,36.02804],[-118.66203,36.02819],[-118.66178,36.02816],[-118.66185,36.02852],[-118.66158,36.02876],[-118.66274,36.02906],[-118.6627,36.02919],[-118.66349,36.02944],[-118.66409,36.0299],[-118.66417,36.03009],[-118.66388,36.03044],[-118.66441,36.03062],[-118.6643,36.0308],[-118.66473,36.0314],[-118.66479,36.03165],[-118.66463,36.03205],[-118.66482,36.03235],[-118.6646,36.03242],[-118.66452,36.0329],[-118.66416,36.03322],[-118.66415,36.03359],[-118.66295,36.03416],[-118.66272,36.03388],[-118.66266,36.03355],[-118.66241,36.03352],[-118.66175,36.03281],[-118.66157,36.03289],[-118.66106,36.03274],[-118.66075,36.03284],[-118.66013,36.03246],[-118.65975,36.03239],[-118.65986,36.03277],[-118.65971,36.03299],[-118.65908,36.03324],[-118.65874,36.03304],[-118.6588,36.03285],[-118.65863,36.03281],[-118.65862,36.03229],[-118.65784,36.03237],[-118.65812,36.03239],[-118.65798,36.03261],[-118.65822,36.03275],[-118.65816,36.03292],[-118.65747,36.03275],[-118.65737,36.03259],[-118.657,36.03253],[-118.657,36.03243],[-118.65645,36.03234],[-118.65613,36.03259],[-118.65604,36.03246],[-118.65523,36.03235],[-118.6517,36.0312],[-118.65127,36.03056],[-118.65093,36.0304],[-118.65079,36.03075],[-118.6509,36.03098],[-118.65053,36.03143],[-118.6504,36.03233],[-118.65106,36.03324],[-118.65189,36.03362],[-118.65284,36.03361],[-118.65527,36.03312],[-118.65592,36.03319],[-118.65636,36.03348],[-118.65672,36.0333],[-118.65699,36.03345],[-118.65701,36.0337],[-118.65736,36.03377],[-118.65747,36.03396],[-118.65717,36.034],[-118.65749,36.03421],[-118.65788,36.03366],[-118.65838,36.03372],[-118.6584,36.03346],[-118.65878,36.03338],[-118.65903,36.03388],[-118.65904,36.03427],[-118.65895,36.03474],[-118.65875,36.03486],[-118.65896,36.03501],[-118.65902,36.03537],[-118.65798,36.03541],[-118.65738,36.03473],[-118.65681,36.03456],[-118.65641,36.03484],[-118.65638,36.03611],[-118.65738,36.03657],[-118.65911,36.0369],[-118.66021,36.03784],[-118.6606,36.03904],[-118.66012,36.03985],[-118.65956,36.04003],[-118.65917,36.04034],[-118.65895,36.04104],[-118.65843,36.0416],[-118.65731,36.04217],[-118.65662,36.04567],[-118.65599,36.04604],[-118.65409,36.04632],[-118.65386,36.04685],[-118.65304,36.04727],[-118.6529,36.04755],[-118.65296,36.0485],[-118.65331,36.0487],[-118.65334,36.049],[-118.65354,36.04898],[-118.65368,36.04928],[-118.65364,36.04959],[-118.65408,36.04973],[-118.65426,36.05059],[-118.6541,36.05123],[-118.65345,36.05189],[-118.6534,36.05233],[-118.65344,36.05246],[-118.65381,36.05243],[-118.65383,36.05217],[-118.65391,36.05237],[-118.65414,36.05237],[-118.65425,36.05182],[-118.65476,36.05123],[-118.65435,36.04797],[-118.65463,36.04754],[-118.65547,36.04702],[-118.65681,36.04724],[-118.65726,36.04698],[-118.65797,36.04613],[-118.65789,36.04577],[-118.6583,36.04538],[-118.6585,36.04497],[-118.65857,36.04435],[-118.65885,36.04397],[-118.65886,36.04375],[-118.66048,36.04216],[-118.66082,36.04201],[-118.66089,36.04148],[-118.66111,36.04124],[-118.66215,36.04089],[-118.66244,36.04111],[-118.66242,36.04142],[-118.66374,36.04111],[-118.66475,36.0411],[-118.66559,36.04082],[-118.66629,36.04021],[-118.66666,36.04016],[-118.67017,36.04016],[-118.67044,36.03989],[-118.67211,36.03906],[-118.67255,36.03805],[-118.67368,36.03796],[-118.67428,36.0382],[-118.67568,36.03775],[-118.67626,36.03801],[-118.67639,36.03723],[-118.67694,36.03711],[-118.67736,36.03685],[-118.67748,36.03654],[-118.67775,36.03655],[-118.67755,36.03636],[-118.67773,36.03625],[-118.67761,36.03615],[-118.6778,36.03614],[-118.67791,36.03595],[-118.6785,36.036],[-118.67864,36.03581],[-118.6791,36.0356],[-118.67887,36.03532],[-118.67923,36.03499],[-118.6792,36.03551],[-118.67956,36.03573],[-118.67935,36.03592],[-118.67956,36.03608],[-118.67938,36.0362],[-118.67979,36.03647],[-118.67968,36.03652],[-118.67999,36.03687],[-118.68003,36.03718],[-118.67974,36.03772],[-118.68013,36.03762],[-118.68039,36.03783],[-118.68047,36.03825],[-118.68065,36.03847],[-118.68039,36.03857],[-118.68056,36.03887],[-118.68029,36.03944],[-118.68068,36.04026],[-118.68059,36.04065],[-118.68078,36.04086],[-118.68071,36.04106],[-118.68103,36.0413],[-118.68119,36.04272],[-118.68163,36.04298],[-118.68154,36.04362],[-118.68204,36.04422],[-118.6818,36.04497],[-118.68187,36.04559],[-118.68049,36.04748],[-118.68052,36.04765],[-118.68037,36.04785],[-118.68039,36.04873],[-118.67976,36.05087],[-118.67949,36.05112],[-118.6794,36.05141],[-118.67891,36.05152],[-118.67864,36.05138],[-118.67696,36.05199],[-118.67591,36.05221],[-118.67544,36.05254],[-118.67526,36.05284],[-118.67516,36.05381],[-118.67494,36.05431],[-118.67458,36.05452],[-118.67425,36.05499],[-118.67382,36.05513],[-118.67328,36.05594],[-118.67282,36.05597],[-118.67298,36.05636],[-118.67287,36.05715],[-118.6732,36.0576],[-118.6736,36.05892],[-118.67391,36.05922],[-118.67385,36.05948],[-118.67396,36.05955],[-118.67347,36.05996],[-118.67368,36.06065],[-118.67362,36.06102],[-118.67291,36.06167],[-118.67367,36.06296],[-118.67377,36.06354],[-118.67298,36.06455],[-118.67316,36.06567],[-118.67282,36.06603],[-118.67307,36.06741],[-118.67286,36.0677],[-118.67288,36.06796],[-118.67306,36.06827],[-118.67337,36.06836],[-118.67358,36.06866],[-118.6737,36.0692],[-118.67361,36.06959],[-118.67398,36.0712],[-118.67393,36.07148],[-118.67375,36.07154],[-118.67366,36.07183],[-118.67422,36.07195],[-118.67443,36.07214],[-118.67445,36.07267],[-118.67495,36.0735],[-118.67479,36.07373],[-118.67415,36.07392],[-118.67368,36.07737],[-118.67313,36.07909],[-118.67331,36.07929],[-118.67316,36.07952],[-118.67353,36.07941],[-118.67451,36.07942],[-118.67527,36.0799],[-118.6747,36.08043],[-118.67464,36.08073],[-118.67437,36.08073],[-118.67406,36.08098],[-118.674,36.08142],[-118.67412,36.08161],[-118.67412,36.08211],[-118.67389,36.08257],[-118.67355,36.08272],[-118.6726,36.08287],[-118.67232,36.08278],[-118.67226,36.0823],[-118.67202,36.08214],[-118.67194,36.08173],[-118.67072,36.08183],[-118.67085,36.08257],[-118.67064,36.08299],[-118.66984,36.0841],[-118.66935,36.08426],[-118.66909,36.08475],[-118.66913,36.08492],[-118.66843,36.0854],[-118.66754,36.08537],[-118.66701,36.08495],[-118.66574,36.08472],[-118.66562,36.08457],[-118.66547,36.08463],[-118.66533,36.08524],[-118.66505,36.08543],[-118.66467,36.08546],[-118.66468,36.08589],[-118.66485,36.08626],[-118.66464,36.08648],[-118.66511,36.08676],[-118.665,36.0871],[-118.66519,36.08719],[-118.66485,36.08748],[-118.66439,36.08746],[-118.66402,36.08815],[-118.66353,36.08861],[-118.66347,36.08842],[-118.66187,36.08768],[-118.66148,36.08779],[-118.66141,36.08799],[-118.6607,36.08837],[-118.6602,36.08828],[-118.65997,36.08784],[-118.66013,36.08718],[-118.65956,36.08662],[-118.65899,36.08647],[-118.65858,36.08581],[-118.65829,36.08594],[-118.65821,36.08621],[-118.65799,36.08611],[-118.65809,36.08647],[-118.6577,36.0869],[-118.65775,36.08709],[-118.65745,36.08715],[-118.65744,36.08727],[-118.65762,36.08729],[-118.65822,36.08825],[-118.65861,36.08835],[-118.65867,36.08847],[-118.65841,36.08875],[-118.65824,36.08874],[-118.65824,36.08951],[-118.65872,36.08992],[-118.65885,36.09017],[-118.65864,36.09023],[-118.65902,36.09057],[-118.65915,36.09091],[-118.65912,36.09138],[-118.65828,36.09268],[-118.65818,36.09328],[-118.65782,36.09331],[-118.65813,36.09344],[-118.65824,36.09424],[-118.6587,36.09519],[-118.6586,36.09551],[-118.65767,36.09529],[-118.65717,36.09538],[-118.65673,36.09519],[-118.6568,36.09508],[-118.65619,36.09493],[-118.65512,36.09514],[-118.65492,36.09502],[-118.65398,36.0951],[-118.65195,36.09612],[-118.65158,36.09665],[-118.65163,36.09683],[-118.65141,36.09684],[-118.65156,36.097],[-118.65093,36.09761],[-118.65076,36.09758],[-118.65085,36.09774],[-118.65069,36.09814],[-118.65032,36.09826],[-118.65024,36.09815],[-118.65017,36.09833],[-118.64996,36.09838],[-118.64996,36.09907],[-118.64952,36.09938],[-118.64892,36.09953],[-118.64837,36.09932],[-118.64826,36.09877],[-118.64856,36.0978],[-118.64829,36.09768],[-118.64824,36.09853],[-118.64757,36.09929],[-118.64705,36.09914],[-118.64671,36.09928],[-118.64689,36.09943],[-118.64743,36.09951],[-118.64715,36.09987],[-118.64687,36.09997],[-118.64703,36.1002],[-118.64679,36.10037],[-118.64673,36.10064],[-118.64683,36.1007],[-118.64706,36.10041],[-118.64717,36.1008],[-118.6471,36.10163],[-118.64682,36.10203],[-118.64699,36.10201],[-118.64701,36.10245],[-118.64673,36.10257],[-118.64672,36.10268],[-118.64697,36.10268],[-118.64686,36.10285],[-118.64601,36.10355],[-118.64584,36.1035],[-118.64478,36.10414],[-118.64457,36.10452],[-118.64422,36.10464],[-118.6438,36.10458],[-118.64381,36.10487],[-118.643,36.10484],[-118.64264,36.10506],[-118.64242,36.10502],[-118.64243,36.10526],[-118.64219,36.10553],[-118.64189,36.10556],[-118.64202,36.10585],[-118.64136,36.10593],[-118.64176,36.10615],[-118.64176,36.10631],[-118.64145,36.1062],[-118.64151,36.10644],[-118.64109,36.10673],[-118.64085,36.10678],[-118.64068,36.10663],[-118.64032,36.10719],[-118.64017,36.10712],[-118.64002,36.10729],[-118.6391,36.10731],[-118.63881,36.10764],[-118.6383,36.10747],[-118.63832,36.10772],[-118.63775,36.1081],[-118.63753,36.10872],[-118.63619,36.109],[-118.63514,36.10943],[-118.63494,36.1094],[-118.63497,36.10882],[-118.63469,36.10863],[-118.63402,36.10871],[-118.63367,36.10906],[-118.63344,36.10903],[-118.63309,36.10874],[-118.63281,36.1089],[-118.63202,36.10879],[-118.63163,36.10909],[-118.631,36.10905],[-118.63078,36.10896],[-118.63073,36.10868],[-118.63043,36.10861],[-118.62988,36.10811],[-118.62999,36.10767],[-118.62973,36.10762],[-118.62799,36.10819],[-118.62802,36.10833],[-118.62786,36.10844],[-118.62734,36.10856],[-118.62751,36.1088],[-118.62736,36.10905],[-118.62582,36.10965],[-118.62581,36.10985],[-118.6254,36.11025],[-118.62509,36.11026],[-118.62458,36.11067],[-118.62488,36.11131],[-118.62511,36.11152],[-118.62524,36.11205],[-118.6251,36.11231],[-118.62459,36.11247],[-118.62332,36.11255],[-118.62277,36.11332],[-118.62251,36.1143],[-118.62229,36.11436],[-118.62178,36.11398],[-118.62173,36.11371],[-118.62118,36.11372],[-118.62098,36.11355],[-118.6204,36.11388],[-118.6198,36.11375],[-118.61978,36.11448],[-118.61941,36.11466],[-118.61911,36.11464],[-118.61908,36.11483],[-118.61939,36.11517],[-118.61938,36.11542],[-118.6185,36.11571],[-118.61847,36.11585],[-118.61882,36.11623],[-118.61869,36.11642],[-118.61826,36.11654],[-118.61756,36.11629],[-118.61713,36.11575],[-118.61676,36.11457],[-118.61693,36.11448],[-118.61646,36.11329],[-118.61675,36.11261],[-118.61652,36.11267]]],[[[-118.57024,36.07526],[-118.5697,36.07509],[-118.5692,36.0746],[-118.56892,36.07487],[-118.56858,36.07473],[-118.56837,36.07478],[-118.56815,36.07528],[-118.56776,36.07526],[-118.56769,36.07513],[-118.56755,36.07528],[-118.56733,36.07525],[-118.5673,36.07497],[-118.56743,36.07503],[-118.56778,36.07489],[-118.56776,36.07477],[-118.5679,36.07484],[-118.56824,36.07462],[-118.56842,36.07468],[-118.56834,36.07449],[-118.56859,36.07433],[-118.56836,36.07425],[-118.56843,36.07409],[-118.56829,36.0739],[-118.56795,36.07376],[-118.56786,36.07404],[-118.56767,36.07406],[-118.56769,36.07385],[-118.56753,36.07383],[-118.56745,36.07358],[-118.5673,36.0735],[-118.56706,36.07364],[-118.56693,36.0732],[-118.56729,36.07264],[-118.56772,36.07312],[-118.56814,36.07333],[-118.56818,36.07348],[-118.56844,36.0735],[-118.56855,36.07333],[-118.56874,36.07332],[-118.56873,36.07348],[-118.569,36.07362],[-118.56894,36.07407],[-118.56924,36.07406],[-118.56914,36.07394],[-118.56934,36.07381],[-118.56946,36.07395],[-118.56989,36.07399],[-118.56961,36.07427],[-118.56987,36.07426],[-118.56991,36.07437],[-118.5697,36.0745],[-118.56993,36.07463],[-118.56959,36.07485],[-118.57019,36.07517],[-118.57031,36.07505],[-118.57032,36.07517],[-118.5705,36.07518],[-118.57074,36.07515],[-118.57067,36.07488],[-118.57084,36.07482],[-118.57079,36.07493],[-118.57106,36.07517],[-118.57115,36.07551],[-118.57132,36.07537],[-118.57129,36.07553],[-118.57158,36.07562],[-118.571,36.0756],[-118.57085,36.07577],[-118.57061,36.0756],[-118.57038,36.07567],[-118.57035,36.0754],[-118.57012,36.07535],[-118.57024,36.07526]]],[[[-118.58172,36.09915],[-118.58152,36.09932],[-118.5812,36.09915],[-118.58112,36.09888],[-118.58052,36.09922],[-118.5801,36.09913],[-118.58016,36.09899],[-118.58003,36.09886],[-118.57988,36.099],[-118.57937,36.09885],[-118.57938,36.09869],[-118.57882,36.09868],[-118.57853,36.09847],[-118.57825,36.09851],[-118.57844,36.09808],[-118.57899,36.09828],[-118.57945,36.09801],[-118.57873,36.09785],[-118.5783,36.09757],[-118.57831,36.09739],[-118.57799,36.09706],[-118.57801,36.09681],[-118.57859,36.09688],[-118.57878,36.09666],[-118.57916,36.09675],[-118.57932,36.09652],[-118.5796,36.09644],[-118.58002,36.0966],[-118.58004,36.09643],[-118.58015,36.09644],[-118.58008,36.0966],[-118.58038,36.09661],[-118.58069,36.09641],[-118.58078,36.09647],[-118.58096,36.09631],[-118.58075,36.09568],[-118.5805,36.09569],[-118.58013,36.09606],[-118.57981,36.09601],[-118.57979,36.09566],[-118.58004,36.09542],[-118.58102,36.09559],[-118.58138,36.09596],[-118.58145,36.09636],[-118.58127,36.09668],[-118.58153,36.09701],[-118.58134,36.09708],[-118.58124,36.09733],[-118.58145,36.09726],[-118.58197,36.09758],[-118.58237,36.09806],[-118.58232,36.09832],[-118.58244,36.09841],[-118.58254,36.09831],[-118.58277,36.09854],[-118.58311,36.0982],[-118.58334,36.09855],[-118.58332,36.09881],[-118.58367,36.09897],[-118.58355,36.09918],[-118.58327,36.09921],[-118.58336,36.09943],[-118.58301,36.09962],[-118.58285,36.09945],[-118.58292,36.09923],[-118.58253,36.09892],[-118.58227,36.09898],[-118.58212,36.09921],[-118.58172,36.09915]]],[[[-118.55151,35.83492],[-118.55162,35.8349],[-118.55141,35.83535],[-118.55148,35.83541],[-118.55135,35.83549],[-118.55148,35.83578],[-118.55112,35.83597],[-118.55116,35.83573],[-118.55102,35.83567],[-118.55115,35.83551],[-118.55118,35.83492],[-118.55146,35.83473],[-118.55151,35.83492]]],[[[-118.53119,35.8439],[-118.53118,35.84388],[-118.53119,35.84387],[-118.53119,35.8439]]],[[[-118.54084,35.84438],[-118.54084,35.84418],[-118.54109,35.84424],[-118.54084,35.84438]]],[[[-118.53196,35.84445],[-118.53156,35.84476],[-118.53154,35.84442],[-118.531,35.84396],[-118.53152,35.84395],[-118.5317,35.84416],[-118.53203,35.84417],[-118.53196,35.84445]]],[[[-118.54134,35.84601],[-118.54119,35.84597],[-118.54143,35.8459],[-118.54134,35.84601]]],[[[-118.53656,35.84567],[-118.53677,35.84577],[-118.53684,35.84608],[-118.53709,35.84603],[-118.53724,35.84619],[-118.53691,35.84658],[-118.53668,35.84655],[-118.53647,35.84634],[-118.53617,35.84636],[-118.53582,35.84605],[-118.53589,35.84595],[-118.53616,35.84606],[-118.53651,35.84594],[-118.53656,35.84567]]],[[[-118.54237,35.84665],[-118.54245,35.84681],[-118.54215,35.84708],[-118.54197,35.8469],[-118.54216,35.84666],[-118.54237,35.84665]]],[[[-118.53904,35.84791],[-118.53884,35.84794],[-118.53873,35.8478],[-118.53899,35.84777],[-118.53904,35.84791]]],[[[-118.53356,35.84827],[-118.53343,35.84806],[-118.53283,35.84806],[-118.53275,35.84754],[-118.53287,35.84739],[-118.53301,35.84763],[-118.53331,35.84775],[-118.53347,35.84769],[-118.53336,35.84749],[-118.53345,35.84727],[-118.53378,35.84735],[-118.53388,35.84725],[-118.53397,35.84763],[-118.53386,35.84801],[-118.53481,35.84809],[-118.53507,35.84842],[-118.53469,35.84857],[-118.53485,35.84878],[-118.53488,35.84922],[-118.53459,35.84916],[-118.53465,35.84905],[-118.53422,35.8488],[-118.53427,35.84864],[-118.53393,35.84859],[-118.53388,35.84842],[-118.53356,35.84827]]],[[[-118.5434,35.84887],[-118.54298,35.8487],[-118.54341,35.84844],[-118.5434,35.84887]]],[[[-118.5311,35.84809],[-118.53125,35.84801],[-118.53152,35.84834],[-118.53132,35.84843],[-118.53159,35.84851],[-118.53172,35.84885],[-118.53154,35.84947],[-118.53138,35.84953],[-118.53127,35.84928],[-118.53087,35.84951],[-118.53104,35.84976],[-118.5309,35.85],[-118.53037,35.84985],[-118.53035,35.84953],[-118.53093,35.84884],[-118.53077,35.84855],[-118.53097,35.84852],[-118.5311,35.84809]]],[[[-118.53587,35.84989],[-118.53516,35.84942],[-118.53542,35.84921],[-118.53581,35.84952],[-118.53587,35.84989]]],[[[-118.53636,35.85062],[-118.53717,35.85029],[-118.53729,35.8505],[-118.53719,35.85067],[-118.53639,35.85087],[-118.53636,35.85062]]],[[[-118.53037,35.85393],[-118.53018,35.85409],[-118.53002,35.8538],[-118.53013,35.85365],[-118.53037,35.85393]]],[[[-118.53124,35.85438],[-118.53145,35.85421],[-118.53155,35.85431],[-118.53147,35.85457],[-118.53135,35.8546],[-118.53124,35.85438]]],[[[-118.53464,35.94976],[-118.53485,35.94978],[-118.53494,35.9502],[-118.53474,35.95011],[-118.53476,35.95001],[-118.53436,35.95003],[-118.53407,35.94985],[-118.53396,35.94969],[-118.53402,35.94944],[-118.53435,35.9494],[-118.53464,35.94976]]],[[[-118.55127,36.0754],[-118.55205,36.0758],[-118.55203,36.07599],[-118.55227,36.07605],[-118.55221,36.07622],[-118.55236,36.07626],[-118.55228,36.07671],[-118.55209,36.0769],[-118.55191,36.07684],[-118.55197,36.07709],[-118.55159,36.07746],[-118.55139,36.07725],[-118.55143,36.07709],[-118.55111,36.07686],[-118.551,36.07655],[-118.55113,36.0765],[-118.55111,36.07617],[-118.55075,36.07558],[-118.55127,36.0754]]],[[[-118.53692,36.0906],[-118.53702,36.09054],[-118.53708,36.09064],[-118.53692,36.0906]]],[[[-118.52222,35.83334],[-118.52184,35.83316],[-118.52234,35.83262],[-118.52221,35.83248],[-118.52228,35.83236],[-118.52286,35.8328],[-118.52303,35.83263],[-118.52327,35.83269],[-118.52338,35.83259],[-118.52403,35.83271],[-118.52418,35.83263],[-118.52431,35.83283],[-118.52463,35.83286],[-118.52349,35.83363],[-118.52332,35.83419],[-118.52254,35.83376],[-118.52219,35.83385],[-118.52189,35.8336],[-118.52192,35.8334],[-118.52219,35.83348],[-118.52222,35.83334]]],[[[-118.52265,35.84157],[-118.52271,35.84141],[-118.52248,35.84058],[-118.52308,35.84031],[-118.52332,35.83971],[-118.52374,35.83935],[-118.52396,35.83951],[-118.52391,35.8397],[-118.52416,35.83983],[-118.52412,35.83996],[-118.52454,35.84013],[-118.52455,35.84043],[-118.52439,35.84056],[-118.52494,35.84098],[-118.52468,35.84118],[-118.52482,35.84149],[-118.52459,35.84143],[-118.52462,35.84114],[-118.52449,35.84107],[-118.52431,35.84122],[-118.52441,35.84136],[-118.52391,35.84152],[-118.52427,35.84201],[-118.52417,35.84217],[-118.52435,35.84254],[-118.52462,35.84269],[-118.52462,35.84302],[-118.52415,35.84316],[-118.52414,35.84278],[-118.52402,35.84277],[-118.52355,35.84289],[-118.52337,35.84324],[-118.52255,35.84302],[-118.52284,35.84255],[-118.52277,35.84204],[-118.52261,35.84197],[-118.52278,35.84165],[-118.52265,35.84157]]],[[[-118.52678,35.84296],[-118.52636,35.84263],[-118.527,35.84273],[-118.52678,35.84296]]],[[[-118.52782,35.84491],[-118.52745,35.84486],[-118.52736,35.84471],[-118.5276,35.84459],[-118.52789,35.84477],[-118.52782,35.84491]]],[[[-118.52717,35.84585],[-118.52714,35.84602],[-118.52694,35.84599],[-118.52695,35.84582],[-118.52717,35.84585]]],[[[-118.52801,35.84829],[-118.52789,35.84814],[-118.52796,35.84781],[-118.52769,35.84776],[-118.52798,35.84754],[-118.52824,35.84763],[-118.52832,35.84804],[-118.52801,35.84829]]],[[[-118.52285,35.84917],[-118.52306,35.8489],[-118.52335,35.84887],[-118.52345,35.84897],[-118.52289,35.8493],[-118.52285,35.84917]]],[[[-118.52958,35.85326],[-118.5293,35.85311],[-118.52936,35.85276],[-118.52926,35.85274],[-118.52973,35.85261],[-118.53041,35.85319],[-118.53,35.85308],[-118.52958,35.85326]]],[[[-118.51554,35.98653],[-118.51515,35.9866],[-118.51485,35.98644],[-118.51546,35.98642],[-118.51554,35.98653]]],[[[-118.51951,35.9964],[-118.51968,35.99641],[-118.51968,35.99654],[-118.51947,35.99652],[-118.51951,35.9964]]],[[[-118.52067,36.00392],[-118.52052,36.00395],[-118.52053,36.00379],[-118.52065,36.00374],[-118.52067,36.00392]]],[[[-118.5166,36.01338],[-118.5171,36.01284],[-118.51725,36.01302],[-118.51703,36.0133],[-118.5166,36.01338]]],[[[-118.5084,36.03648],[-118.50855,36.03679],[-118.50777,36.03676],[-118.50768,36.03661],[-118.5084,36.03648]]],[[[-118.50197,36.0454],[-118.50248,36.04533],[-118.50272,36.0457],[-118.5024,36.04589],[-118.502,36.04591],[-118.50186,36.04569],[-118.50197,36.0454]]],[[[-118.50033,36.04826],[-118.50044,36.04836],[-118.50053,36.04829],[-118.50046,36.04819],[-118.50083,36.04822],[-118.50078,36.04867],[-118.50019,36.04874],[-118.50035,36.04859],[-118.50012,36.04853],[-118.50038,36.04844],[-118.50022,36.04836],[-118.50033,36.04826]]],[[[-118.5099,36.09006],[-118.51006,36.09013],[-118.5099,36.09012],[-118.5099,36.09006]]]]},"properties":{"fire_id":"ufid:2021-CATIA-003058","source_collection":"history-2021","source_objectid":14638,"incident_name":"Windy","mapped_acres":97528.262621394,"mapped_acres_source":"poly_GISAcres","gis_acres":97528.262621394,"auto_acres":97527.8954696151,"reported_acres":97528.0,"percent_contained":100.0,"state":"CA","state_wfigs":"US-CA","county":"Tulare","discovery_time_utc":"2021-09-10T00:47:00Z","perimeter_time_utc":"2021-10-17T03:00:00Z","perimeter_edit_time_utc":"2021-10-18T12:12:17Z","incident_modified_time_utc":"2021-12-28T18:17:21Z","containment_time_utc":"2021-11-11T15:00:00Z","control_time_utc":null,"fire_out_time_utc":"2021-12-14T16:00:00Z","fire_cause":"Natural","fire_cause_general":null,"map_method":"Mixed Methods","source_dataset":"2021 NIFS","unique_fire_identifier":"2021-CATIA-003058","irwin_id":"{ACD5C207-BB83-4419-977D-3F64778081A3}","global_id":"b981e0fe-c63c-46f2-8238-d1f35923bce2"}},{"type":"Feature","geometry":{"type":"Polygon","coordinates":[[[-119.56682,37.6375],[-119.56668,37.63772],[-119.56659,37.63749],[-119.56682,37.6375]]]},"properties":{"fire_id":"ufid:2021-CAYNP-000100","source_collection":"history-2021","source_objectid":15038,"incident_name":"Horizon","mapped_acres":0.1,"mapped_acres_source":"poly_GISAcres","gis_acres":0.1,"auto_acres":0.0655507630401851,"reported_acres":0.1,"percent_contained":null,"state":"CA","state_wfigs":"US-CA","county":"Mariposa","discovery_time_utc":"2021-08-02T23:53:00Z","perimeter_time_utc":"2021-08-03T04:53:53Z","perimeter_edit_time_utc":"2021-09-08T21:09:43Z","incident_modified_time_utc":"2021-09-08T21:09:41Z","containment_time_utc":"2021-08-05T00:27:00Z","control_time_utc":"2021-08-05T00:27:00Z","fire_out_time_utc":"2021-08-06T19:24:00Z","fire_cause":"Natural","fire_cause_general":"Lightning","map_method":"Hand Sketch","source_dataset":"Decertified","unique_fire_identifier":"2021-CAYNP-000100","irwin_id":"{32BA6970-CAAC-4A8C-B611-9357C34FCABF}","global_id":"094c8f65-c6a3-499a-9d39-b23b7b255a56"}},{"type":"Feature","geometry":{"type":"Polygon","coordinates":[[[-118.44004,35.65424],[-118.43867,35.65298],[-118.43832,35.64936],[-118.43978,35.64838],[-118.44356,35.64922],[-118.44262,35.65277],[-118.44004,35.65424]]]},"properties":{"fire_id":"ufid:2021-CACND-001594","source_collection":"history-2021","source_objectid":17564,"incident_name":"YANKEE","mapped_acres":53.42,"mapped_acres_source":"poly_GISAcres","gis_acres":53.42,"auto_acres":53.42457369994441,"reported_acres":1.0,"percent_contained":null,"state":"CA","state_wfigs":"US-CA","county":"Kern","discovery_time_utc":"2021-06-15T22:26:00Z","perimeter_time_utc":"2023-03-11T17:16:24Z","perimeter_edit_time_utc":"2023-03-14T15:13:42Z","incident_modified_time_utc":"2022-01-11T18:19:37Z","containment_time_utc":null,"control_time_utc":null,"fire_out_time_utc":"2021-06-16T20:00:00Z","fire_cause":"Undetermined","fire_cause_general":"Undetermined","map_method":"Hand Sketch","source_dataset":"FFP","unique_fire_identifier":"2021-CACND-001594","irwin_id":"{2978E856-8FA9-4199-A39A-2F9E37039893}","global_id":"5351ab24-2e5c-4d10-9c91-559f5b3bc515"}},{"type":"Feature","geometry":{"type":"Polygon","coordinates":[[[-119.4393,35.17351],[-119.43951,35.17361],[-119.43925,35.17375],[-119.43914,35.17402],[-119.439,35.17407],[-119.43883,35.1739],[-119.43858,35.17397],[-119.43852,35.17366],[-119.4393,35.17351]]]},"properties":{"fire_id":"ufid:2021-CACND-002951","source_collection":"history-2021","source_objectid":17577,"incident_name":"Naval","mapped_acres":0.81,"mapped_acres_source":"poly_GISAcres","gis_acres":0.81,"auto_acres":0.8144397214873642,"reported_acres":0.8,"percent_contained":null,"state":"CA","state_wfigs":"US-CA","county":"Kern","discovery_time_utc":"2021-09-04T02:09:00Z","perimeter_time_utc":"2023-03-11T18:44:30Z","perimeter_edit_time_utc":"2023-03-14T15:13:42Z","incident_modified_time_utc":"2021-09-04T20:19:30Z","containment_time_utc":null,"control_time_utc":null,"fire_out_time_utc":"2021-09-05T17:00:00Z","fire_cause":"Human","fire_cause_general":"Power generation / transmission / distribution","map_method":"GPS-Walked","source_dataset":"FFP","unique_fire_identifier":"2021-CACND-002951","irwin_id":"{83D39A8A-F40B-4FFC-9158-58526EA963D9}","global_id":"552fe832-a75d-46f1-82dc-ccc0cec1e477"}},{"type":"Feature","geometry":{"type":"MultiPolygon","coordinates":[[[[-118.58815,35.64856],[-118.58776,35.64856],[-118.58799,35.64838],[-118.58815,35.64856]]],[[[-118.50768,35.66499],[-118.50826,35.6645],[-118.50824,35.66424],[-118.50772,35.66359],[-118.50796,35.66289],[-118.50859,35.66207],[-118.50944,35.66202],[-118.50974,35.66179],[-118.50986,35.66138],[-118.51044,35.66099],[-118.51033,35.66053],[-118.51074,35.66038],[-118.51073,35.66027],[-118.511,35.66031],[-118.51117,35.66052],[-118.51136,35.66048],[-118.51121,35.66004],[-118.51163,35.66025],[-118.51156,35.66033],[-118.51186,35.66058],[-118.51209,35.66049],[-118.51261,35.66071],[-118.51246,35.66041],[-118.51258,35.66018],[-118.51243,35.66009],[-118.51281,35.66002],[-118.51282,35.65966],[-118.5123,35.65962],[-118.51193,35.65978],[-118.51167,35.65965],[-118.51142,35.65999],[-118.51149,35.65988],[-118.51137,35.65974],[-118.51155,35.65967],[-118.51135,35.65959],[-118.51111,35.65971],[-118.51106,35.65953],[-118.51122,35.65936],[-118.51121,35.65914],[-118.51143,35.65902],[-118.51105,35.65905],[-118.5111,35.65879],[-118.51154,35.65872],[-118.51186,35.65892],[-118.5119,35.6591],[-118.51168,35.65937],[-118.51158,35.65934],[-118.51154,35.65956],[-118.51208,35.65931],[-118.51198,35.65925],[-118.51204,35.65912],[-118.51233,35.65915],[-118.51265,35.65887],[-118.51298,35.65885],[-118.51342,35.65859],[-118.51374,35.65866],[-118.51407,35.65846],[-118.51389,35.65815],[-118.51387,35.65762],[-118.51405,35.65741],[-118.51424,35.6574],[-118.51449,35.65669],[-118.5138,35.65595],[-118.51426,35.65561],[-118.51448,35.65561],[-118.51449,35.65538],[-118.51429,35.65533],[-118.51434,35.65519],[-118.51406,35.6549],[-118.51414,35.65428],[-118.51447,35.65399],[-118.51507,35.6539],[-118.51569,35.65338],[-118.51578,35.65308],[-118.51613,35.65311],[-118.5167,35.65255],[-118.5175,35.65274],[-118.5178,35.65253],[-118.51812,35.6528],[-118.51837,35.65258],[-118.5184,35.65238],[-118.51901,35.65224],[-118.51906,35.65256],[-118.51871,35.65257],[-118.51865,35.65316],[-118.51878,35.65341],[-118.51904,35.65339],[-118.51904,35.65362],[-118.51929,35.6537],[-118.51949,35.65349],[-118.51969,35.65347],[-118.51952,35.65308],[-118.51981,35.65281],[-118.51965,35.65273],[-118.51985,35.65242],[-118.52006,35.65243],[-118.52057,35.65266],[-118.52051,35.65282],[-118.52076,35.65342],[-118.52062,35.65365],[-118.52084,35.6539],[-118.52098,35.65376],[-118.52088,35.65366],[-118.52137,35.6535],[-118.5213,35.65336],[-118.52149,35.65313],[-118.52141,35.65299],[-118.52155,35.65293],[-118.52129,35.65279],[-118.52144,35.65269],[-118.52142,35.6525],[-118.52156,35.65263],[-118.52167,35.65251],[-118.52145,35.65238],[-118.52166,35.65233],[-118.52182,35.65247],[-118.5218,35.65263],[-118.52203,35.65266],[-118.52205,35.65283],[-118.5223,35.65293],[-118.52264,35.65281],[-118.5227,35.65262],[-118.52302,35.65262],[-118.52318,35.65248],[-118.52332,35.65268],[-118.5233,35.65252],[-118.52351,35.65238],[-118.52321,35.65221],[-118.52368,35.65198],[-118.5239,35.65204],[-118.52358,35.6516],[-118.52491,35.65197],[-118.52484,35.65183],[-118.525,35.65154],[-118.52541,35.65135],[-118.52554,35.65137],[-118.52552,35.65148],[-118.52579,35.65138],[-118.52596,35.65101],[-118.52653,35.65139],[-118.52669,35.65131],[-118.5271,35.6514],[-118.52752,35.65122],[-118.52758,35.65134],[-118.5273,35.65163],[-118.52733,35.65176],[-118.52769,35.65175],[-118.52843,35.6522],[-118.52915,35.65229],[-118.52874,35.65285],[-118.52915,35.65305],[-118.52948,35.65295],[-118.52938,35.65329],[-118.5299,35.65349],[-118.53058,35.65327],[-118.53091,35.65351],[-118.53122,35.65348],[-118.5314,35.65368],[-118.53145,35.65355],[-118.53173,35.65353],[-118.532,35.65365],[-118.53212,35.65312],[-118.53255,35.65291],[-118.53235,35.65265],[-118.53261,35.65269],[-118.53302,35.65304],[-118.53343,35.65272],[-118.53371,35.65288],[-118.53379,35.65279],[-118.53405,35.65285],[-118.53402,35.65301],[-118.53424,35.65299],[-118.53445,35.65323],[-118.5349,35.6534],[-118.53491,35.65358],[-118.53567,35.65371],[-118.53557,35.65391],[-118.53573,35.65417],[-118.53612,35.65421],[-118.53653,35.65402],[-118.53684,35.65423],[-118.53713,35.65393],[-118.53735,35.65394],[-118.5374,35.65416],[-118.53754,35.65415],[-118.53753,35.65357],[-118.53797,35.65372],[-118.53815,35.65351],[-118.53802,35.65343],[-118.53828,35.65319],[-118.53851,35.65349],[-118.53865,35.65346],[-118.53905,35.65294],[-118.53935,35.65289],[-118.53924,35.653],[-118.5393,35.6531],[-118.53916,35.65313],[-118.53941,35.6534],[-118.53927,35.6536],[-118.53906,35.65362],[-118.53906,35.65378],[-118.53947,35.65408],[-118.53999,35.65361],[-118.54026,35.65363],[-118.54038,35.6534],[-118.54079,35.65326],[-118.54097,35.65336],[-118.54082,35.65351],[-118.54089,35.6538],[-118.54113,35.65402],[-118.5409,35.65439],[-118.54143,35.65479],[-118.54132,35.65526],[-118.54163,35.65552],[-118.54154,35.65568],[-118.54167,35.6559],[-118.5419,35.65589],[-118.54209,35.65556],[-118.54239,35.6556],[-118.54281,35.65541],[-118.54323,35.65551],[-118.54359,35.65529],[-118.54408,35.65541],[-118.54505,35.65487],[-118.54584,35.65537],[-118.54602,35.65533],[-118.54625,35.65561],[-118.54694,35.65566],[-118.5471,35.65558],[-118.54706,35.65547],[-118.54744,35.65542],[-118.54791,35.65495],[-118.54813,35.65509],[-118.54831,35.65503],[-118.54847,35.65463],[-118.54826,35.65431],[-118.5494,35.65414],[-118.54944,35.65393],[-118.54967,35.65379],[-118.55019,35.65382],[-118.55026,35.65351],[-118.55063,35.65349],[-118.55068,35.65273],[-118.55054,35.65266],[-118.55062,35.65253],[-118.54998,35.65244],[-118.54982,35.65254],[-118.5495,35.65231],[-118.54937,35.65242],[-118.54921,35.65224],[-118.54903,35.65231],[-118.54905,35.65215],[-118.54832,35.65171],[-118.54809,35.65105],[-118.54782,35.65106],[-118.5475,35.65089],[-118.54741,35.65108],[-118.54673,35.65082],[-118.54634,35.65101],[-118.54625,35.65128],[-118.5464,35.65155],[-118.54603,35.65156],[-118.5459,35.6519],[-118.54569,35.65202],[-118.54571,35.65188],[-118.54557,35.65182],[-118.54511,35.65189],[-118.54485,35.65178],[-118.54534,35.65167],[-118.54565,35.65137],[-118.54546,35.65117],[-118.54545,35.65075],[-118.54525,35.65052],[-118.54539,35.6504],[-118.54505,35.65007],[-118.54547,35.65021],[-118.54574,35.65014],[-118.54568,35.64977],[-118.54579,35.64964],[-118.54635,35.64968],[-118.54631,35.64987],[-118.54664,35.65027],[-118.54688,35.65029],[-118.54713,35.65007],[-118.54742,35.6503],[-118.54755,35.65004],[-118.54776,35.65024],[-118.54782,35.64984],[-118.54761,35.64962],[-118.54706,35.64974],[-118.54724,35.64947],[-118.54725,35.64901],[-118.54663,35.64902],[-118.54663,35.64875],[-118.54608,35.64827],[-118.54592,35.64839],[-118.5452,35.6484],[-118.54494,35.64807],[-118.54499,35.64782],[-118.54444,35.64775],[-118.54438,35.64753],[-118.54393,35.6477],[-118.54444,35.6479],[-118.5444,35.64804],[-118.54455,35.64811],[-118.54447,35.64834],[-118.54417,35.64832],[-118.54405,35.64843],[-118.54417,35.64849],[-118.54413,35.64859],[-118.54382,35.64848],[-118.54375,35.64869],[-118.54351,35.64861],[-118.54332,35.64875],[-118.54328,35.64899],[-118.54295,35.64885],[-118.54277,35.64861],[-118.54247,35.64898],[-118.5429,35.64903],[-118.54285,35.64933],[-118.54191,35.64931],[-118.54217,35.64912],[-118.54204,35.64892],[-118.54214,35.64865],[-118.54196,35.64838],[-118.54207,35.64829],[-118.54201,35.64791],[-118.54226,35.64764],[-118.54221,35.64741],[-118.54192,35.64735],[-118.54172,35.64704],[-118.54195,35.64707],[-118.54223,35.64676],[-118.54239,35.64679],[-118.54242,35.64648],[-118.54275,35.6465],[-118.5427,35.64633],[-118.54239,35.64619],[-118.54258,35.64596],[-118.54283,35.64599],[-118.54309,35.64569],[-118.54326,35.64583],[-118.54343,35.64548],[-118.54388,35.64542],[-118.54398,35.64518],[-118.5439,35.64499],[-118.54331,35.64491],[-118.54329,35.64471],[-118.54311,35.64473],[-118.54311,35.64462],[-118.54333,35.64461],[-118.54342,35.64432],[-118.54326,35.64416],[-118.54308,35.64419],[-118.54308,35.64435],[-118.54282,35.64419],[-118.54367,35.64357],[-118.54345,35.64332],[-118.54397,35.64337],[-118.54415,35.64319],[-118.54432,35.64283],[-118.54401,35.64266],[-118.54441,35.64235],[-118.54464,35.64232],[-118.54473,35.64246],[-118.54494,35.64233],[-118.54567,35.64242],[-118.54698,35.64171],[-118.54841,35.64161],[-118.54858,35.64146],[-118.54966,35.64145],[-118.5499,35.64111],[-118.55056,35.64089],[-118.55051,35.64034],[-118.55079,35.64038],[-118.55083,35.64081],[-118.55099,35.64085],[-118.55081,35.64096],[-118.55083,35.64108],[-118.55106,35.64095],[-118.55178,35.64098],[-118.55191,35.64087],[-118.5515,35.64026],[-118.5519,35.63992],[-118.5523,35.64033],[-118.55227,35.64087],[-118.55367,35.64088],[-118.55319,35.64021],[-118.55355,35.63986],[-118.55409,35.63983],[-118.55471,35.63956],[-118.55506,35.63974],[-118.55564,35.63971],[-118.55597,35.63959],[-118.55618,35.63934],[-118.55674,35.63932],[-118.55723,35.63958],[-118.55808,35.63924],[-118.55837,35.63956],[-118.55853,35.63924],[-118.5583,35.63908],[-118.55823,35.63886],[-118.55845,35.63838],[-118.55889,35.63828],[-118.55939,35.63841],[-118.55946,35.63864],[-118.55969,35.63867],[-118.56015,35.63828],[-118.56017,35.63803],[-118.56081,35.6379],[-118.56128,35.63789],[-118.56158,35.6381],[-118.56241,35.63827],[-118.56305,35.63872],[-118.56338,35.63915],[-118.56399,35.63902],[-118.56469,35.63925],[-118.56535,35.63925],[-118.56605,35.63897],[-118.56708,35.63892],[-118.56706,35.63868],[-118.56744,35.63841],[-118.56875,35.6383],[-118.56969,35.63798],[-118.5701,35.63806],[-118.5707,35.63772],[-118.57069,35.63743],[-118.57141,35.63714],[-118.57375,35.63769],[-118.57496,35.63746],[-118.57541,35.63791],[-118.57645,35.63804],[-118.57729,35.63785],[-118.57769,35.63763],[-118.57908,35.63814],[-118.57962,35.63914],[-118.57983,35.63963],[-118.57939,35.64042],[-118.57956,35.64062],[-118.57927,35.64067],[-118.57897,35.64111],[-118.5799,35.642],[-118.57998,35.64277],[-118.58031,35.6431],[-118.58058,35.64314],[-118.58077,35.64362],[-118.58069,35.64379],[-118.58087,35.64407],[-118.58137,35.64415],[-118.58145,35.64432],[-118.5816,35.64433],[-118.58164,35.64455],[-118.58136,35.64476],[-118.58136,35.64534],[-118.58119,35.64546],[-118.58118,35.64579],[-118.58148,35.64624],[-118.58206,35.64669],[-118.58238,35.64736],[-118.58259,35.6474],[-118.5826,35.64801],[-118.58331,35.64831],[-118.58406,35.64794],[-118.58495,35.64804],[-118.58555,35.64787],[-118.58586,35.648],[-118.58589,35.64819],[-118.58622,35.64831],[-118.58653,35.64871],[-118.58676,35.64876],[-118.58672,35.64911],[-118.58709,35.64945],[-118.58699,35.64988],[-118.58653,35.65023],[-118.58657,35.65045],[-118.58756,35.65014],[-118.58872,35.65021],[-118.58868,35.65039],[-118.5882,35.65083],[-118.58744,35.65104],[-118.58785,35.65116],[-118.58803,35.65171],[-118.58863,35.65185],[-118.58839,35.65213],[-118.58857,35.65235],[-118.58894,35.65242],[-118.58922,35.65223],[-118.58921,35.65241],[-118.58966,35.6522],[-118.58911,35.65102],[-118.58918,35.65039],[-118.58942,35.64977],[-118.59013,35.6488],[-118.59135,35.64561],[-118.59184,35.64469],[-118.59237,35.6451],[-118.59259,35.64553],[-118.59296,35.64568],[-118.59282,35.64609],[-118.59259,35.64628],[-118.59224,35.64633],[-118.59201,35.64675],[-118.59208,35.64725],[-118.59196,35.64747],[-118.59227,35.64802],[-118.59295,35.6485],[-118.59301,35.64867],[-118.59322,35.64861],[-118.59356,35.64878],[-118.59454,35.64851],[-118.59527,35.64847],[-118.59595,35.64852],[-118.59627,35.64877],[-118.59657,35.64879],[-118.59682,35.64911],[-118.59744,35.64905],[-118.59755,35.64929],[-118.59735,35.64958],[-118.59733,35.65004],[-118.59756,35.65022],[-118.59765,35.65063],[-118.59796,35.65109],[-118.59852,35.65142],[-118.59887,35.6519],[-118.59879,35.65236],[-118.59911,35.65263],[-118.60023,35.6518],[-118.6,35.65144],[-118.60006,35.65123],[-118.60066,35.65117],[-118.60105,35.65138],[-118.60129,35.65087],[-118.60171,35.65069],[-118.60274,35.64961],[-118.60334,35.64929],[-118.60369,35.64926],[-118.60392,35.64938],[-118.60416,35.65026],[-118.60433,35.65038],[-118.60545,35.65015],[-118.60555,35.64998],[-118.60548,35.64976],[-118.60485,35.64973],[-118.6049,35.64954],[-118.60477,35.64943],[-118.60516,35.64918],[-118.60511,35.64893],[-118.60538,35.64869],[-118.60551,35.6483],[-118.60578,35.64812],[-118.60697,35.64788],[-118.60737,35.64794],[-118.6078,35.64837],[-118.60903,35.64861],[-118.60936,35.64884],[-118.6094,35.64988],[-118.60979,35.65022],[-118.61011,35.6511],[-118.61094,35.65198],[-118.61123,35.65181],[-118.61133,35.65112],[-118.61181,35.65009],[-118.61246,35.64952],[-118.61326,35.64908],[-118.61353,35.64878],[-118.61331,35.64855],[-118.61381,35.64848],[-118.61409,35.64804],[-118.61462,35.64779],[-118.6149,35.64783],[-118.61523,35.64812],[-118.61538,35.64859],[-118.61609,35.6493],[-118.61718,35.64899],[-118.61766,35.64909],[-118.61808,35.6497],[-118.61924,35.65051],[-118.61969,35.65142],[-118.62027,35.6518],[-118.6205,35.65185],[-118.62077,35.65168],[-118.62087,35.65115],[-118.62112,35.65094],[-118.62203,35.65073],[-118.62231,35.65082],[-118.62314,35.65154],[-118.6233,35.65205],[-118.62431,35.65224],[-118.625,35.65305],[-118.62581,35.65354],[-118.62604,35.65386],[-118.62604,35.65421],[-118.62707,35.65489],[-118.62739,35.65548],[-118.62886,35.65651],[-118.62856,35.6573],[-118.62821,35.65893],[-118.62803,35.65923],[-118.62788,35.65938],[-118.62675,35.65969],[-118.62601,35.65954],[-118.62589,35.65978],[-118.62642,35.66018],[-118.62687,35.6603],[-118.62712,35.66058],[-118.62662,35.6611],[-118.62676,35.66136],[-118.62754,35.66166],[-118.62802,35.66166],[-118.62863,35.66201],[-118.62885,35.66333],[-118.62952,35.6635],[-118.6299,35.66394],[-118.63022,35.66386],[-118.63068,35.664],[-118.63066,35.66423],[-118.63046,35.66444],[-118.63059,35.66483],[-118.63161,35.6657],[-118.63097,35.66583],[-118.63078,35.66601],[-118.63047,35.66601],[-118.63029,35.66643],[-118.63071,35.66668],[-118.6315,35.66685],[-118.63171,35.6671],[-118.63161,35.66723],[-118.63175,35.66759],[-118.63195,35.66755],[-118.63209,35.66725],[-118.63282,35.66724],[-118.63282,35.66738],[-118.63249,35.66761],[-118.63252,35.66776],[-118.63308,35.66794],[-118.6334,35.66831],[-118.63364,35.66839],[-118.63388,35.66832],[-118.63401,35.66799],[-118.63354,35.66777],[-118.63415,35.6677],[-118.63411,35.66745],[-118.63382,35.66736],[-118.63423,35.66713],[-118.63474,35.66712],[-118.6352,35.66734],[-118.63654,35.6673],[-118.63731,35.66753],[-118.6391,35.66736],[-118.64063,35.66705],[-118.64193,35.66731],[-118.64331,35.66807],[-118.64349,35.66866],[-118.64403,35.66965],[-118.64498,35.67021],[-118.64574,35.67088],[-118.64599,35.67148],[-118.64648,35.67212],[-118.64643,35.67329],[-118.64655,35.67387],[-118.6474,35.67477],[-118.64763,35.67544],[-118.64807,35.67567],[-118.64912,35.6769],[-118.64938,35.67705],[-118.64968,35.67758],[-118.65061,35.67843],[-118.65049,35.6787],[-118.64887,35.67953],[-118.64877,35.67996],[-118.64888,35.68036],[-118.64933,35.68059],[-118.64974,35.68126],[-118.65031,35.68184],[-118.65012,35.68236],[-118.6499,35.68246],[-118.64956,35.68355],[-118.64978,35.68416],[-118.64976,35.68469],[-118.64994,35.6853],[-118.64975,35.6856],[-118.64932,35.68573],[-118.64854,35.68563],[-118.64821,35.68575],[-118.64844,35.68609],[-118.64804,35.68623],[-118.64784,35.68648],[-118.64755,35.68645],[-118.64746,35.68616],[-118.64724,35.68602],[-118.64727,35.68589],[-118.64762,35.68575],[-118.64747,35.68568],[-118.64747,35.68544],[-118.64677,35.68548],[-118.64653,35.6857],[-118.6456,35.68574],[-118.64448,35.68564],[-118.64435,35.68547],[-118.64394,35.68571],[-118.64362,35.68613],[-118.64314,35.68635],[-118.64288,35.68676],[-118.6427,35.68674],[-118.64258,35.68654],[-118.64221,35.68677],[-118.64123,35.68677],[-118.64079,35.68735],[-118.64031,35.68716],[-118.63998,35.68741],[-118.63945,35.68748],[-118.63941,35.68777],[-118.63974,35.68777],[-118.64044,35.68837],[-118.64035,35.68864],[-118.64004,35.68889],[-118.63988,35.68874],[-118.63933,35.68878],[-118.63925,35.68868],[-118.63908,35.68877],[-118.63875,35.68861],[-118.63856,35.68862],[-118.6386,35.68875],[-118.63843,35.68882],[-118.6381,35.68854],[-118.63792,35.68871],[-118.63762,35.68868],[-118.63768,35.68884],[-118.63725,35.68901],[-118.63747,35.68942],[-118.63741,35.68969],[-118.63695,35.69007],[-118.63696,35.6902],[-118.637,35.69039],[-118.63734,35.69046],[-118.63742,35.69064],[-118.63765,35.6906],[-118.63792,35.69074],[-118.63833,35.69026],[-118.63839,35.68999],[-118.63938,35.68993],[-118.63964,35.6902],[-118.63908,35.69065],[-118.6392,35.69125],[-118.63885,35.69158],[-118.63882,35.69187],[-118.63863,35.69187],[-118.63852,35.69169],[-118.63819,35.69175],[-118.63761,35.69245],[-118.63725,35.69247],[-118.63615,35.69176],[-118.63558,35.69171],[-118.63518,35.69127],[-118.63499,35.69076],[-118.63475,35.6906],[-118.63357,35.69037],[-118.63316,35.69046],[-118.63284,35.69072],[-118.63188,35.69044],[-118.63216,35.69113],[-118.6317,35.69124],[-118.63162,35.6914],[-118.63186,35.69215],[-118.63141,35.69323],[-118.63124,35.69312],[-118.63116,35.69321],[-118.63133,35.6935],[-118.63203,35.69361],[-118.63198,35.69396],[-118.63268,35.69452],[-118.63269,35.69476],[-118.63282,35.69484],[-118.63265,35.69502],[-118.63203,35.69497],[-118.63176,35.69525],[-118.63109,35.69514],[-118.63104,35.69533],[-118.63157,35.69563],[-118.63166,35.69597],[-118.63206,35.69592],[-118.63261,35.69605],[-118.6326,35.69654],[-118.63282,35.69668],[-118.63299,35.69702],[-118.6328,35.69712],[-118.63285,35.69729],[-118.63257,35.69722],[-118.63225,35.69744],[-118.63251,35.69787],[-118.6327,35.69786],[-118.63283,35.69837],[-118.63336,35.69862],[-118.63405,35.69853],[-118.63403,35.69871],[-118.63441,35.69878],[-118.63411,35.69965],[-118.63382,35.69972],[-118.63345,35.69956],[-118.63301,35.69987],[-118.63263,35.69985],[-118.63221,35.70013],[-118.6321,35.70056],[-118.63181,35.70066],[-118.63168,35.70057],[-118.63168,35.70027],[-118.63118,35.70002],[-118.63093,35.70029],[-118.63111,35.70085],[-118.63104,35.70102],[-118.63009,35.70043],[-118.62989,35.70064],[-118.62947,35.70062],[-118.62893,35.70089],[-118.62801,35.70087],[-118.62694,35.70118],[-118.62667,35.70148],[-118.62676,35.70176],[-118.62653,35.70165],[-118.62608,35.70176],[-118.62577,35.70204],[-118.62585,35.70222],[-118.62618,35.70233],[-118.62625,35.70253],[-118.62656,35.70269],[-118.62649,35.70315],[-118.62663,35.70351],[-118.62639,35.70342],[-118.62554,35.70377],[-118.62518,35.70364],[-118.62493,35.7039],[-118.62484,35.70427],[-118.62517,35.7044],[-118.62499,35.70469],[-118.62461,35.70471],[-118.62413,35.70434],[-118.62409,35.70455],[-118.62374,35.70464],[-118.62365,35.70517],[-118.62301,35.70524],[-118.62285,35.70501],[-118.62258,35.70492],[-118.62265,35.7047],[-118.62251,35.7044],[-118.62266,35.70416],[-118.62307,35.70436],[-118.62342,35.70413],[-118.62308,35.70388],[-118.62291,35.70363],[-118.62298,35.70354],[-118.62258,35.70326],[-118.62249,35.70338],[-118.62232,35.70335],[-118.62217,35.70369],[-118.62187,35.70376],[-118.62164,35.70364],[-118.62148,35.704],[-118.62156,35.70427],[-118.62126,35.70428],[-118.62116,35.70444],[-118.621,35.70444],[-118.62099,35.70425],[-118.62078,35.70432],[-118.6205,35.70412],[-118.62015,35.70416],[-118.61982,35.70377],[-118.61882,35.70383],[-118.61904,35.7036],[-118.61899,35.70343],[-118.61856,35.70352],[-118.61842,35.70327],[-118.61857,35.70296],[-118.61838,35.70292],[-118.61844,35.70278],[-118.61815,35.70283],[-118.61789,35.70266],[-118.618,35.70215],[-118.61749,35.70176],[-118.61673,35.70179],[-118.61681,35.70195],[-118.61665,35.70215],[-118.6169,35.70244],[-118.61729,35.70242],[-118.61743,35.70256],[-118.61736,35.70266],[-118.61748,35.70279],[-118.61736,35.70308],[-118.61724,35.70317],[-118.61681,35.703],[-118.61648,35.70312],[-118.61652,35.70365],[-118.61669,35.70359],[-118.61682,35.70373],[-118.61657,35.70392],[-118.61599,35.70388],[-118.61583,35.70406],[-118.61557,35.70411],[-118.61546,35.70433],[-118.61525,35.70426],[-118.61526,35.70395],[-118.61494,35.70357],[-118.6146,35.70352],[-118.61439,35.70365],[-118.61457,35.70378],[-118.61443,35.70401],[-118.61372,35.7039],[-118.61355,35.70372],[-118.6138,35.70345],[-118.61366,35.70303],[-118.61272,35.7029],[-118.61275,35.70272],[-118.61316,35.70249],[-118.61316,35.70219],[-118.61298,35.70205],[-118.61273,35.70208],[-118.61263,35.70232],[-118.61206,35.70245],[-118.61019,35.70348],[-118.61004,35.70334],[-118.6096,35.70351],[-118.60934,35.70345],[-118.60981,35.70301],[-118.60976,35.70276],[-118.60939,35.70276],[-118.60913,35.70286],[-118.60908,35.70302],[-118.6088,35.70301],[-118.60854,35.7029],[-118.6087,35.70278],[-118.60856,35.70247],[-118.60808,35.70239],[-118.60794,35.70268],[-118.60737,35.70278],[-118.60742,35.70303],[-118.60757,35.70302],[-118.60762,35.70316],[-118.60751,35.70348],[-118.60694,35.70367],[-118.60742,35.70395],[-118.60743,35.70436],[-118.60724,35.70441],[-118.60637,35.70415],[-118.60565,35.70377],[-118.60516,35.70398],[-118.60517,35.7042],[-118.60506,35.70427],[-118.60465,35.70423],[-118.60421,35.70464],[-118.60364,35.70474],[-118.6032,35.7046],[-118.6023,35.70367],[-118.60234,35.70351],[-118.60328,35.70325],[-118.60337,35.70304],[-118.60308,35.70299],[-118.60264,35.70317],[-118.60196,35.70301],[-118.60158,35.70274],[-118.60139,35.704],[-118.60163,35.70404],[-118.60212,35.70384],[-118.60233,35.70396],[-118.60252,35.70439],[-118.60253,35.7048],[-118.60315,35.70564],[-118.60308,35.70574],[-118.60325,35.70596],[-118.60234,35.7062],[-118.60244,35.70658],[-118.60223,35.70639],[-118.60183,35.70639],[-118.60174,35.70623],[-118.60208,35.70613],[-118.602,35.706],[-118.60212,35.70594],[-118.60173,35.70586],[-118.60165,35.70568],[-118.60205,35.70563],[-118.6024,35.70533],[-118.6023,35.70539],[-118.60228,35.70517],[-118.60167,35.70514],[-118.60153,35.70531],[-118.60157,35.70575],[-118.60056,35.70615],[-118.60071,35.70634],[-118.60095,35.70629],[-118.60083,35.70667],[-118.60114,35.70672],[-118.60082,35.70673],[-118.6008,35.70696],[-118.60126,35.70699],[-118.60124,35.7072],[-118.60148,35.70741],[-118.60141,35.70777],[-118.60159,35.70793],[-118.60177,35.7086],[-118.6015,35.70937],[-118.60133,35.70938],[-118.60099,35.70909],[-118.60096,35.70958],[-118.60077,35.70981],[-118.60068,35.70951],[-118.60025,35.70951],[-118.60018,35.70941],[-118.59934,35.70972],[-118.59973,35.71014],[-118.5995,35.71077],[-118.59954,35.71092],[-118.59969,35.71094],[-118.59954,35.7112],[-118.59936,35.71108],[-118.5989,35.71122],[-118.59859,35.71112],[-118.59891,35.7109],[-118.59858,35.71078],[-118.59766,35.71078],[-118.59716,35.71093],[-118.59706,35.71074],[-118.59697,35.71088],[-118.59675,35.71082],[-118.59661,35.71121],[-118.59685,35.71127],[-118.59666,35.71132],[-118.59662,35.7116],[-118.59637,35.71152],[-118.59628,35.71134],[-118.59613,35.71152],[-118.59627,35.71164],[-118.5961,35.71172],[-118.59597,35.7115],[-118.59564,35.71135],[-118.59556,35.71145],[-118.59567,35.71161],[-118.59552,35.7117],[-118.59518,35.71151],[-118.59485,35.71158],[-118.59476,35.7117],[-118.59506,35.71187],[-118.5948,35.71181],[-118.59479,35.71198],[-118.5949,35.71225],[-118.5951,35.7123],[-118.59463,35.71249],[-118.59486,35.71276],[-118.59417,35.7126],[-118.59368,35.71302],[-118.59383,35.71315],[-118.59364,35.71323],[-118.59367,35.71362],[-118.5938,35.71368],[-118.59359,35.71384],[-118.59373,35.71401],[-118.59398,35.71406],[-118.59399,35.71382],[-118.59414,35.71377],[-118.59437,35.71416],[-118.5948,35.71415],[-118.59482,35.71426],[-118.59514,35.7143],[-118.59529,35.71461],[-118.5956,35.71479],[-118.59531,35.71542],[-118.59555,35.71601],[-118.59561,35.71653],[-118.5955,35.71681],[-118.59607,35.7171],[-118.59579,35.71761],[-118.59682,35.71802],[-118.59729,35.71859],[-118.59814,35.71882],[-118.59879,35.71926],[-118.59918,35.71923],[-118.59998,35.71962],[-118.60084,35.71958],[-118.60141,35.71975],[-118.60212,35.72066],[-118.60254,35.72098],[-118.60257,35.7214],[-118.6041,35.72137],[-118.60515,35.72108],[-118.60768,35.72107],[-118.60884,35.72004],[-118.60982,35.71965],[-118.61074,35.71967],[-118.61091,35.71986],[-118.61104,35.72036],[-118.61206,35.72028],[-118.61317,35.7198],[-118.61425,35.71965],[-118.61464,35.71927],[-118.61604,35.7189],[-118.61687,35.71849],[-118.61714,35.71862],[-118.61722,35.71887],[-118.61687,35.71942],[-118.61601,35.72038],[-118.61512,35.72057],[-118.61463,35.7205],[-118.61283,35.72096],[-118.61235,35.72157],[-118.61225,35.72268],[-118.61139,35.7232],[-118.61151,35.72424],[-118.61084,35.72429],[-118.609,35.72584],[-118.60887,35.72624],[-118.60844,35.7268],[-118.6085,35.72725],[-118.60812,35.72795],[-118.60786,35.72803],[-118.60709,35.72788],[-118.60641,35.72811],[-118.60617,35.72865],[-118.60579,35.72903],[-118.60514,35.72919],[-118.6041,35.72917],[-118.60387,35.72891],[-118.60347,35.72882],[-118.60272,35.72929],[-118.60183,35.7288],[-118.60145,35.72876],[-118.60013,35.72991],[-118.59951,35.73022],[-118.59818,35.73131],[-118.5967,35.73166],[-118.59616,35.7316],[-118.59474,35.73322],[-118.59374,35.73372],[-118.59238,35.73298],[-118.5922,35.73303],[-118.59177,35.73281],[-118.59123,35.73315],[-118.59075,35.73326],[-118.5905,35.73351],[-118.59047,35.73381],[-118.5899,35.73446],[-118.58958,35.73559],[-118.58933,35.73573],[-118.58883,35.73566],[-118.58798,35.73627],[-118.58754,35.73701],[-118.58629,35.73804],[-118.58614,35.73827],[-118.58605,35.73892],[-118.58566,35.73933],[-118.58352,35.74102],[-118.58274,35.74137],[-118.58212,35.74143],[-118.58188,35.74166],[-118.58185,35.74186],[-118.58121,35.74188],[-118.58053,35.74254],[-118.57973,35.74299],[-118.5791,35.743],[-118.57853,35.74269],[-118.57803,35.74278],[-118.57779,35.74303],[-118.57743,35.743],[-118.57639,35.74198],[-118.57591,35.7419],[-118.57479,35.74204],[-118.57498,35.7422],[-118.57505,35.74301],[-118.57468,35.74404],[-118.57419,35.7443],[-118.57374,35.74435],[-118.57287,35.74397],[-118.57277,35.7444],[-118.57285,35.7446],[-118.57324,35.74474],[-118.57381,35.74547],[-118.57395,35.74584],[-118.57451,35.7463],[-118.57432,35.74713],[-118.57386,35.74713],[-118.57354,35.74756],[-118.57332,35.74759],[-118.57318,35.74794],[-118.57233,35.74811],[-118.57191,35.74784],[-118.57131,35.74799],[-118.57038,35.74785],[-118.56995,35.74828],[-118.56941,35.74845],[-118.56925,35.74862],[-118.56919,35.74903],[-118.56783,35.74913],[-118.56753,35.74944],[-118.56692,35.7496],[-118.56632,35.74935],[-118.56573,35.74945],[-118.56508,35.74907],[-118.56502,35.74865],[-118.56513,35.74839],[-118.56494,35.74798],[-118.56463,35.74796],[-118.56381,35.74824],[-118.56316,35.7482],[-118.5627,35.74786],[-118.56259,35.7475],[-118.56219,35.74705],[-118.56159,35.74696],[-118.56169,35.74677],[-118.56233,35.74635],[-118.56262,35.74579],[-118.56428,35.74404],[-118.56493,35.7436],[-118.56582,35.74326],[-118.56666,35.74317],[-118.56683,35.74301],[-118.56659,35.743],[-118.56629,35.74269],[-118.56612,35.74272],[-118.56581,35.74303],[-118.5652,35.74335],[-118.56386,35.74355],[-118.56252,35.74503],[-118.56241,35.74547],[-118.56189,35.74564],[-118.56129,35.74648],[-118.56052,35.7471],[-118.56018,35.74722],[-118.56017,35.74758],[-118.55988,35.74763],[-118.55978,35.7482],[-118.56052,35.74882],[-118.56039,35.74915],[-118.55997,35.74932],[-118.55996,35.7497],[-118.56008,35.74993],[-118.56071,35.75008],[-118.56062,35.75052],[-118.56034,35.75065],[-118.56009,35.7506],[-118.56012,35.75036],[-118.55994,35.75013],[-118.55948,35.75011],[-118.5587,35.75077],[-118.55911,35.75117],[-118.55964,35.75113],[-118.5596,35.75133],[-118.56013,35.75135],[-118.56046,35.75175],[-118.5607,35.75178],[-118.5612,35.75147],[-118.56182,35.75149],[-118.56189,35.75163],[-118.5622,35.75154],[-118.56237,35.75163],[-118.56229,35.752],[-118.56243,35.7522],[-118.56269,35.75245],[-118.56293,35.75244],[-118.56305,35.75257],[-118.56287,35.75288],[-118.56213,35.75289],[-118.56167,35.75273],[-118.5609,35.75313],[-118.56049,35.75373],[-118.56079,35.75427],[-118.56075,35.75455],[-118.55995,35.755],[-118.55956,35.75503],[-118.55935,35.75487],[-118.55898,35.75486],[-118.55888,35.75463],[-118.55894,35.75431],[-118.55877,35.75409],[-118.55826,35.75445],[-118.55813,35.75427],[-118.55831,35.75395],[-118.55813,35.75383],[-118.55659,35.75385],[-118.55648,35.75361],[-118.55614,35.75346],[-118.55622,35.75315],[-118.55654,35.75309],[-118.55664,35.75292],[-118.55655,35.75275],[-118.55668,35.7526],[-118.55824,35.75246],[-118.55864,35.75217],[-118.55864,35.75194],[-118.55821,35.75184],[-118.55812,35.75131],[-118.55709,35.75145],[-118.55652,35.75167],[-118.55638,35.75197],[-118.55658,35.75208],[-118.55654,35.75229],[-118.55631,35.75228],[-118.55621,35.75247],[-118.55593,35.75248],[-118.55571,35.7527],[-118.55548,35.75265],[-118.55561,35.75169],[-118.55534,35.75156],[-118.55491,35.75157],[-118.55486,35.75116],[-118.5545,35.75104],[-118.55443,35.75072],[-118.55376,35.75031],[-118.55384,35.7499],[-118.55326,35.74958],[-118.55278,35.74964],[-118.55298,35.74974],[-118.55277,35.75006],[-118.55269,35.74972],[-118.55238,35.74958],[-118.55228,35.74932],[-118.55184,35.7495],[-118.55181,35.74923],[-118.55159,35.74909],[-118.5513,35.74916],[-118.55081,35.74863],[-118.55022,35.74838],[-118.54989,35.74859],[-118.54954,35.74834],[-118.54938,35.74841],[-118.54944,35.74862],[-118.5493,35.74856],[-118.54936,35.74842],[-118.54922,35.74825],[-118.54826,35.74853],[-118.54816,35.74869],[-118.54835,35.74895],[-118.54792,35.74897],[-118.54783,35.74923],[-118.54763,35.74936],[-118.54733,35.74929],[-118.54723,35.74883],[-118.54769,35.74852],[-118.54731,35.7478],[-118.54799,35.74753],[-118.54796,35.74727],[-118.54774,35.74717],[-118.54786,35.74687],[-118.54812,35.74689],[-118.54825,35.74657],[-118.54869,35.74632],[-118.54884,35.74596],[-118.54838,35.74569],[-118.54839,35.74542],[-118.54791,35.74477],[-118.54804,35.74443],[-118.54794,35.74436],[-118.54758,35.7444],[-118.54743,35.7443],[-118.54709,35.74443],[-118.54678,35.74433],[-118.54664,35.74439],[-118.54659,35.74462],[-118.54619,35.74466],[-118.546,35.74447],[-118.5459,35.74461],[-118.54598,35.74497],[-118.54631,35.74512],[-118.54654,35.745],[-118.54655,35.74535],[-118.54607,35.74546],[-118.54629,35.74572],[-118.54616,35.74595],[-118.54598,35.746],[-118.54584,35.74586],[-118.54568,35.74606],[-118.54553,35.74592],[-118.54515,35.74593],[-118.54476,35.74573],[-118.54492,35.74549],[-118.54519,35.74552],[-118.54534,35.74534],[-118.54474,35.74517],[-118.54481,35.74474],[-118.54472,35.74466],[-118.54445,35.74491],[-118.54462,35.74535],[-118.54372,35.74555],[-118.54353,35.74578],[-118.54338,35.74575],[-118.54328,35.74545],[-118.54347,35.74454],[-118.54318,35.74449],[-118.54264,35.74475],[-118.543,35.745],[-118.54287,35.74535],[-118.54197,35.74553],[-118.54173,35.74539],[-118.54158,35.74554],[-118.54136,35.74527],[-118.54076,35.74526],[-118.54055,35.74538],[-118.54052,35.74576],[-118.53992,35.74558],[-118.54035,35.74503],[-118.54004,35.74485],[-118.53975,35.74438],[-118.53927,35.74406],[-118.53899,35.7441],[-118.53873,35.74385],[-118.53839,35.74395],[-118.53811,35.74437],[-118.53819,35.74457],[-118.53806,35.74484],[-118.53817,35.74501],[-118.5379,35.74497],[-118.53787,35.74513],[-118.53745,35.74543],[-118.53686,35.7454],[-118.53614,35.74488],[-118.53483,35.74464],[-118.53424,35.74434],[-118.5341,35.74456],[-118.53349,35.7447],[-118.53295,35.74436],[-118.53297,35.74383],[-118.53268,35.74393],[-118.53273,35.74412],[-118.53246,35.74418],[-118.53246,35.74429],[-118.5323,35.74423],[-118.53246,35.74401],[-118.53218,35.74404],[-118.53202,35.74444],[-118.53194,35.74415],[-118.53173,35.74413],[-118.53177,35.74467],[-118.53163,35.74474],[-118.53132,35.74478],[-118.53102,35.74453],[-118.53108,35.74477],[-118.53084,35.74482],[-118.53078,35.74521],[-118.5309,35.74524],[-118.53076,35.74546],[-118.52992,35.74566],[-118.53002,35.74554],[-118.52979,35.74537],[-118.52983,35.7456],[-118.52968,35.74576],[-118.52985,35.74606],[-118.53004,35.74581],[-118.53014,35.7459],[-118.5303,35.74667],[-118.53009,35.74671],[-118.52955,35.74616],[-118.52918,35.74609],[-118.52926,35.74592],[-118.52916,35.74576],[-118.52893,35.74599],[-118.52878,35.74591],[-118.52863,35.746],[-118.52846,35.74583],[-118.52851,35.74596],[-118.52826,35.74606],[-118.52863,35.74629],[-118.52869,35.74654],[-118.52889,35.7466],[-118.52894,35.74678],[-118.5288,35.74705],[-118.52851,35.74707],[-118.52852,35.74735],[-118.52831,35.74753],[-118.52826,35.74779],[-118.52767,35.74802],[-118.52689,35.74774],[-118.52684,35.74789],[-118.52636,35.74813],[-118.5264,35.74827],[-118.52613,35.74837],[-118.52584,35.74837],[-118.52581,35.74814],[-118.52562,35.7483],[-118.52544,35.74815],[-118.52534,35.74829],[-118.52512,35.74825],[-118.52526,35.74799],[-118.52536,35.7481],[-118.52562,35.7479],[-118.52547,35.74787],[-118.52543,35.74752],[-118.5248,35.74733],[-118.52431,35.74739],[-118.52458,35.74707],[-118.52454,35.74696],[-118.52433,35.7469],[-118.52423,35.74707],[-118.52397,35.74697],[-118.52386,35.74723],[-118.52353,35.74718],[-118.52365,35.7471],[-118.52356,35.74697],[-118.52303,35.74729],[-118.52283,35.7469],[-118.52264,35.74687],[-118.52266,35.74674],[-118.52232,35.74669],[-118.52209,35.7464],[-118.52212,35.74622],[-118.5218,35.74627],[-118.52092,35.74566],[-118.52097,35.74523],[-118.52133,35.74514],[-118.52061,35.74448],[-118.52072,35.74418],[-118.52168,35.7441],[-118.52222,35.74432],[-118.52237,35.74384],[-118.52305,35.74375],[-118.52318,35.74348],[-118.52315,35.74308],[-118.5235,35.7429],[-118.52347,35.74275],[-118.52249,35.74219],[-118.52214,35.7418],[-118.52219,35.7413],[-118.52204,35.74108],[-118.52032,35.74027],[-118.51887,35.74016],[-118.51818,35.74046],[-118.51748,35.74135],[-118.51686,35.74142],[-118.51658,35.74126],[-118.51623,35.74075],[-118.51496,35.74034],[-118.51458,35.73975],[-118.51468,35.73919],[-118.51459,35.73909],[-118.51389,35.73942],[-118.51366,35.73939],[-118.51346,35.73916],[-118.51352,35.73868],[-118.51421,35.73841],[-118.51436,35.73818],[-118.51409,35.73802],[-118.51322,35.73811],[-118.51225,35.73798],[-118.51178,35.73824],[-118.51154,35.73796],[-118.51068,35.73788],[-118.51064,35.73813],[-118.5104,35.7383],[-118.50974,35.73826],[-118.50937,35.73838],[-118.5093,35.73877],[-118.50911,35.73896],[-118.50872,35.73901],[-118.50814,35.73884],[-118.50813,35.73819],[-118.50773,35.73791],[-118.50772,35.73742],[-118.50757,35.73724],[-118.50698,35.73712],[-118.50678,35.73739],[-118.50645,35.73735],[-118.50605,35.73683],[-118.50607,35.73672],[-118.50641,35.73686],[-118.50693,35.73659],[-118.50707,35.73623],[-118.50768,35.73584],[-118.50771,35.73567],[-118.5075,35.73556],[-118.50661,35.73592],[-118.50626,35.73569],[-118.50592,35.73529],[-118.5058,35.73491],[-118.50559,35.73481],[-118.50637,35.73472],[-118.5065,35.73428],[-118.50692,35.73416],[-118.50702,35.734],[-118.50672,35.73361],[-118.50576,35.73364],[-118.50509,35.73332],[-118.50433,35.73341],[-118.50376,35.73372],[-118.50323,35.7337],[-118.50297,35.73338],[-118.50215,35.73341],[-118.50209,35.73312],[-118.50242,35.73287],[-118.50252,35.73242],[-118.50269,35.73227],[-118.50257,35.73146],[-118.50355,35.73113],[-118.50282,35.73087],[-118.50285,35.73075],[-118.5035,35.73052],[-118.50339,35.73039],[-118.50309,35.73033],[-118.50216,35.72972],[-118.502,35.72999],[-118.5025,35.73047],[-118.50202,35.73105],[-118.50169,35.73078],[-118.50083,35.73091],[-118.50047,35.73075],[-118.49983,35.73085],[-118.4992,35.73076],[-118.49819,35.73092],[-118.49847,35.7311],[-118.4996,35.73121],[-118.49969,35.73132],[-118.49917,35.73184],[-118.49959,35.73207],[-118.49974,35.73244],[-118.50027,35.73286],[-118.50063,35.73283],[-118.50142,35.73343],[-118.50152,35.73409],[-118.50138,35.73426],[-118.5005,35.73405],[-118.5002,35.73418],[-118.49957,35.7341],[-118.49915,35.7342],[-118.49841,35.73402],[-118.49817,35.73418],[-118.49785,35.73396],[-118.49729,35.73392],[-118.49641,35.73405],[-118.49503,35.7333],[-118.49409,35.73312],[-118.49354,35.73288],[-118.49173,35.73126],[-118.49131,35.73109],[-118.49072,35.73055],[-118.49022,35.73053],[-118.49002,35.73024],[-118.48987,35.73023],[-118.48987,35.73095],[-118.4896,35.73085],[-118.48952,35.73057],[-118.48968,35.73035],[-118.48945,35.7303],[-118.48912,35.72999],[-118.48971,35.73003],[-118.48976,35.72983],[-118.48955,35.72956],[-118.48933,35.72958],[-118.48922,35.7294],[-118.48929,35.72923],[-118.48901,35.72908],[-118.48821,35.72812],[-118.48821,35.72779],[-118.48837,35.72763],[-118.48795,35.72703],[-118.48789,35.72664],[-118.48754,35.72651],[-118.48665,35.72696],[-118.48626,35.7269],[-118.48591,35.72644],[-118.48457,35.72582],[-118.48416,35.72524],[-118.48402,35.72497],[-118.48406,35.72466],[-118.48421,35.72451],[-118.48575,35.72397],[-118.48597,35.72357],[-118.48662,35.72349],[-118.48694,35.7229],[-118.48686,35.72223],[-118.487,35.72188],[-118.48742,35.72168],[-118.48941,35.72142],[-118.48967,35.72128],[-118.48967,35.721],[-118.48938,35.72058],[-118.48935,35.72018],[-118.4895,35.71991],[-118.49011,35.71945],[-118.49042,35.71889],[-118.48977,35.71846],[-118.4898,35.71828],[-118.49024,35.71813],[-118.48967,35.7179],[-118.48981,35.71774],[-118.48953,35.71752],[-118.48971,35.71734],[-118.48965,35.71714],[-118.49033,35.71709],[-118.49038,35.71735],[-118.49056,35.71739],[-118.49061,35.71729],[-118.49081,35.71743],[-118.49089,35.7173],[-118.49127,35.71758],[-118.4913,35.71747],[-118.49207,35.71726],[-118.4923,35.71699],[-118.4929,35.71756],[-118.49306,35.71794],[-118.49452,35.71887],[-118.49482,35.71864],[-118.49429,35.71788],[-118.49437,35.71776],[-118.49478,35.71778],[-118.49623,35.7187],[-118.4967,35.71854],[-118.49724,35.71862],[-118.49756,35.71852],[-118.49824,35.71801],[-118.49845,35.7166],[-118.49833,35.71584],[-118.49857,35.71545],[-118.49827,35.71499],[-118.49824,35.71466],[-118.49774,35.7144],[-118.49693,35.71449],[-118.49659,35.7142],[-118.49651,35.71363],[-118.49684,35.71332],[-118.49735,35.7134],[-118.49756,35.71356],[-118.49738,35.71376],[-118.49776,35.71382],[-118.49797,35.71352],[-118.49833,35.71333],[-118.49836,35.71308],[-118.49883,35.71305],[-118.49897,35.71322],[-118.4993,35.71277],[-118.50003,35.71268],[-118.50026,35.71281],[-118.50083,35.71256],[-118.50128,35.71258],[-118.50152,35.71275],[-118.50139,35.71304],[-118.50168,35.71347],[-118.5019,35.71364],[-118.5024,35.71368],[-118.50304,35.71407],[-118.50417,35.71402],[-118.50424,35.71387],[-118.50411,35.71363],[-118.50471,35.71343],[-118.50489,35.71348],[-118.50484,35.71323],[-118.50544,35.71298],[-118.50553,35.71312],[-118.5052,35.71366],[-118.50558,35.71401],[-118.50584,35.71378],[-118.50622,35.7137],[-118.50622,35.71338],[-118.5066,35.71302],[-118.5069,35.71298],[-118.50721,35.71316],[-118.50723,35.71294],[-118.50743,35.71286],[-118.50761,35.71243],[-118.50812,35.71229],[-118.50825,35.71252],[-118.50861,35.7127],[-118.50887,35.71267],[-118.50896,35.71284],[-118.50909,35.71276],[-118.50908,35.71258],[-118.5093,35.71248],[-118.50931,35.71264],[-118.50978,35.71289],[-118.51025,35.71271],[-118.51011,35.71249],[-118.5102,35.71232],[-118.51119,35.71229],[-118.51183,35.71207],[-118.51194,35.71211],[-118.51193,35.71234],[-118.51241,35.71206],[-118.5126,35.71252],[-118.51308,35.71282],[-118.5134,35.71335],[-118.51365,35.71343],[-118.51367,35.71355],[-118.51342,35.7137],[-118.51381,35.71382],[-118.51382,35.71394],[-118.51404,35.71392],[-118.51423,35.71412],[-118.51476,35.71422],[-118.51526,35.71355],[-118.51563,35.71354],[-118.51678,35.71298],[-118.51681,35.71257],[-118.51706,35.71242],[-118.51746,35.71252],[-118.51768,35.71291],[-118.51863,35.71298],[-118.51949,35.7128],[-118.52058,35.71322],[-118.52141,35.71329],[-118.52228,35.71326],[-118.52303,35.71284],[-118.52346,35.7129],[-118.52432,35.71328],[-118.52481,35.713],[-118.52567,35.71304],[-118.52579,35.71248],[-118.52687,35.71186],[-118.52647,35.71142],[-118.52682,35.71101],[-118.52693,35.71044],[-118.52667,35.71014],[-118.52699,35.70976],[-118.52674,35.70945],[-118.527,35.70909],[-118.52652,35.70897],[-118.52563,35.709],[-118.52538,35.70879],[-118.52543,35.70857],[-118.52595,35.70809],[-118.52694,35.70802],[-118.52725,35.70818],[-118.52747,35.70856],[-118.52766,35.70865],[-118.52801,35.70858],[-118.52823,35.70803],[-118.52825,35.70764],[-118.52802,35.70731],[-118.52756,35.70727],[-118.52728,35.7076],[-118.527,35.70751],[-118.52673,35.70671],[-118.52697,35.70639],[-118.52674,35.70611],[-118.52667,35.70553],[-118.52654,35.70532],[-118.52625,35.70521],[-118.52614,35.70477],[-118.52656,35.70415],[-118.52734,35.70423],[-118.52767,35.70468],[-118.52794,35.7046],[-118.52815,35.70416],[-118.52842,35.704],[-118.5288,35.7028],[-118.52856,35.70276],[-118.52819,35.70298],[-118.52812,35.70321],[-118.52777,35.70326],[-118.52731,35.70273],[-118.5272,35.70232],[-118.52748,35.70198],[-118.5264,35.70149],[-118.5262,35.70126],[-118.52654,35.70066],[-118.52693,35.70066],[-118.52698,35.70088],[-118.52707,35.70087],[-118.52791,35.70042],[-118.52672,35.69971],[-118.52682,35.69949],[-118.52672,35.69929],[-118.52695,35.69926],[-118.52729,35.69875],[-118.52676,35.69819],[-118.52643,35.6976],[-118.52639,35.69704],[-118.52658,35.696],[-118.52705,35.69545],[-118.52684,35.69511],[-118.52722,35.69487],[-118.52812,35.69469],[-118.52866,35.69488],[-118.53002,35.69576],[-118.52998,35.69612],[-118.52979,35.69634],[-118.52939,35.69644],[-118.52982,35.69687],[-118.53032,35.69688],[-118.53049,35.69655],[-118.53126,35.69632],[-118.53192,35.69645],[-118.53216,35.69677],[-118.53244,35.6969],[-118.53305,35.6969],[-118.53313,35.69671],[-118.53241,35.69578],[-118.53131,35.6955],[-118.53104,35.69443],[-118.53065,35.69399],[-118.53028,35.69416],[-118.52991,35.69388],[-118.52981,35.6943],[-118.52964,35.69434],[-118.52963,35.69407],[-118.52977,35.69392],[-118.52973,35.69344],[-118.52987,35.69318],[-118.5298,35.69303],[-118.52945,35.69311],[-118.5291,35.69342],[-118.529,35.69321],[-118.52855,35.69309],[-118.52858,35.69281],[-118.52874,35.69271],[-118.52848,35.69246],[-118.52825,35.69246],[-118.52815,35.69271],[-118.52784,35.69271],[-118.52733,35.69219],[-118.52715,35.69247],[-118.5268,35.69253],[-118.52686,35.69229],[-118.52628,35.69196],[-118.52607,35.69221],[-118.52578,35.69225],[-118.52564,35.69213],[-118.52581,35.69196],[-118.52534,35.69174],[-118.52535,35.69161],[-118.52525,35.69166],[-118.52528,35.69193],[-118.52511,35.69195],[-118.52523,35.69207],[-118.52512,35.69237],[-118.52488,35.69229],[-118.52466,35.69262],[-118.52429,35.69246],[-118.52417,35.69215],[-118.52398,35.69207],[-118.52391,35.69232],[-118.52411,35.6924],[-118.52399,35.69266],[-118.52407,35.69281],[-118.5238,35.6927],[-118.52372,35.69308],[-118.52328,35.693],[-118.52305,35.69322],[-118.52279,35.69312],[-118.5226,35.6932],[-118.52258,35.69335],[-118.52214,35.69308],[-118.52188,35.69318],[-118.52203,35.69338],[-118.52166,35.69351],[-118.52074,35.69327],[-118.52036,35.69338],[-118.51999,35.69318],[-118.51997,35.69286],[-118.51939,35.69283],[-118.5191,35.69268],[-118.51911,35.69248],[-118.5194,35.69232],[-118.51967,35.69233],[-118.51976,35.69245],[-118.52007,35.69242],[-118.52012,35.69228],[-118.51979,35.69193],[-118.5194,35.69179],[-118.51938,35.69166],[-118.51918,35.69176],[-118.51927,35.69152],[-118.51912,35.6917],[-118.51873,35.69165],[-118.51869,35.69121],[-118.51852,35.69122],[-118.5184,35.69103],[-118.51883,35.69094],[-118.51853,35.69084],[-118.51837,35.69053],[-118.51761,35.69084],[-118.51726,35.69065],[-118.5169,35.69063],[-118.51687,35.69072],[-118.51663,35.69057],[-118.51671,35.69037],[-118.51655,35.69049],[-118.51636,35.69045],[-118.51635,35.69013],[-118.51612,35.68994],[-118.51603,35.69016],[-118.51558,35.69003],[-118.51567,35.6899],[-118.51606,35.68984],[-118.51615,35.68956],[-118.516,35.68947],[-118.51586,35.68953],[-118.51589,35.68969],[-118.51557,35.68967],[-118.51542,35.68952],[-118.5157,35.68938],[-118.51556,35.68923],[-118.51626,35.68927],[-118.51626,35.68913],[-118.51578,35.68916],[-118.51567,35.68897],[-118.5153,35.68906],[-118.51511,35.68892],[-118.51498,35.68905],[-118.51486,35.68888],[-118.51463,35.68901],[-118.51469,35.68915],[-118.51436,35.68925],[-118.51416,35.68915],[-118.51408,35.68893],[-118.514,35.68903],[-118.51385,35.68894],[-118.5136,35.68903],[-118.51327,35.68888],[-118.51329,35.6891],[-118.51305,35.68931],[-118.51282,35.68933],[-118.51281,35.68922],[-118.51267,35.68939],[-118.51256,35.68918],[-118.51238,35.68916],[-118.51231,35.68933],[-118.51212,35.68937],[-118.51214,35.68961],[-118.51178,35.68961],[-118.51163,35.68979],[-118.51137,35.68963],[-118.51146,35.68984],[-118.51062,35.68967],[-118.51017,35.6899],[-118.50999,35.68967],[-118.50991,35.6898],[-118.51004,35.68992],[-118.50987,35.69002],[-118.50952,35.68983],[-118.50865,35.68978],[-118.50823,35.69001],[-118.50782,35.6897],[-118.50749,35.68967],[-118.50744,35.68979],[-118.50734,35.68945],[-118.50702,35.68939],[-118.50703,35.68919],[-118.50722,35.68913],[-118.50751,35.68926],[-118.50763,35.68904],[-118.50741,35.68902],[-118.50744,35.68871],[-118.50712,35.68883],[-118.50681,35.68878],[-118.5069,35.68862],[-118.50647,35.68819],[-118.50665,35.68802],[-118.50652,35.68767],[-118.50577,35.68713],[-118.5052,35.68726],[-118.50501,35.687],[-118.50485,35.68704],[-118.50522,35.68657],[-118.50506,35.68644],[-118.50528,35.68616],[-118.50534,35.68576],[-118.50518,35.68561],[-118.50537,35.68526],[-118.50527,35.68491],[-118.50511,35.68493],[-118.5052,35.68478],[-118.50494,35.68481],[-118.50494,35.68493],[-118.50476,35.68486],[-118.50437,35.68441],[-118.50392,35.68454],[-118.50397,35.68427],[-118.5034,35.68427],[-118.50327,35.68389],[-118.50292,35.68414],[-118.50275,35.68412],[-118.50287,35.68398],[-118.5027,35.68399],[-118.50253,35.68382],[-118.50218,35.68391],[-118.50197,35.68374],[-118.50233,35.68336],[-118.50192,35.68306],[-118.50177,35.68281],[-118.50185,35.6827],[-118.50158,35.68281],[-118.50152,35.68268],[-118.50129,35.6827],[-118.50113,35.68207],[-118.50069,35.68194],[-118.50063,35.6818],[-118.50041,35.68198],[-118.50026,35.68185],[-118.50034,35.6817],[-118.50015,35.68166],[-118.50022,35.68149],[-118.49957,35.68142],[-118.49953,35.68104],[-118.49923,35.68077],[-118.499,35.68093],[-118.49859,35.6808],[-118.49844,35.68097],[-118.49789,35.681],[-118.49776,35.68088],[-118.49785,35.68071],[-118.49774,35.68068],[-118.4976,35.68071],[-118.49766,35.68087],[-118.49738,35.68109],[-118.49701,35.68104],[-118.49662,35.68058],[-118.49663,35.68018],[-118.49694,35.68005],[-118.49653,35.6799],[-118.49652,35.67965],[-118.49609,35.67931],[-118.49629,35.67911],[-118.49606,35.67905],[-118.49557,35.67928],[-118.49548,35.67913],[-118.49578,35.67876],[-118.49546,35.6787],[-118.49527,35.67882],[-118.49511,35.67865],[-118.49518,35.67847],[-118.49502,35.6784],[-118.4954,35.67802],[-118.49538,35.67778],[-118.49501,35.67775],[-118.49454,35.67797],[-118.49401,35.67774],[-118.49392,35.67711],[-118.49433,35.67664],[-118.49386,35.67616],[-118.49381,35.67592],[-118.49394,35.67502],[-118.49419,35.67485],[-118.49387,35.67442],[-118.49411,35.67387],[-118.49431,35.67368],[-118.49467,35.6736],[-118.49567,35.67409],[-118.49708,35.67409],[-118.49721,35.67389],[-118.49723,35.67332],[-118.49743,35.67316],[-118.49798,35.67306],[-118.49806,35.67288],[-118.49846,35.6727],[-118.49842,35.67251],[-118.49765,35.67226],[-118.49719,35.6718],[-118.4974,35.67105],[-118.49776,35.67108],[-118.49791,35.67084],[-118.49814,35.67087],[-118.49824,35.67058],[-118.49807,35.67032],[-118.49838,35.67044],[-118.49856,35.67077],[-118.49874,35.67067],[-118.49885,35.67074],[-118.49906,35.67007],[-118.4989,35.67003],[-118.49876,35.67018],[-118.49859,35.67011],[-118.49857,35.66996],[-118.49882,35.66918],[-118.49948,35.66889],[-118.49978,35.66906],[-118.49999,35.6689],[-118.49987,35.66854],[-118.50011,35.66828],[-118.49931,35.66707],[-118.49937,35.66682],[-118.49919,35.66668],[-118.49939,35.66642],[-118.49896,35.66599],[-118.49903,35.66519],[-118.49935,35.66514],[-118.49959,35.66538],[-118.49954,35.66557],[-118.49983,35.66545],[-118.50005,35.66552],[-118.49985,35.66594],[-118.50024,35.6662],[-118.50023,35.66608],[-118.5008,35.66585],[-118.5009,35.66554],[-118.50081,35.66529],[-118.50151,35.66529],[-118.50165,35.66497],[-118.50185,35.665],[-118.50151,35.66446],[-118.50169,35.6643],[-118.50185,35.66433],[-118.50184,35.66423],[-118.50224,35.66408],[-118.50244,35.66429],[-118.50295,35.66448],[-118.50353,35.66413],[-118.50342,35.66403],[-118.50347,35.66373],[-118.50431,35.6636],[-118.50447,35.66368],[-118.50444,35.6638],[-118.50461,35.6637],[-118.50619,35.664],[-118.50714,35.66499],[-118.50768,35.66499]]],[[[-118.54701,35.74581],[-118.54713,35.74602],[-118.54722,35.74568],[-118.54749,35.74553],[-118.54804,35.74588],[-118.54771,35.74648],[-118.54696,35.74659],[-118.54658,35.74643],[-118.5467,35.7462],[-118.54653,35.74585],[-118.54701,35.74581]]],[[[-118.54242,35.74619],[-118.54255,35.74644],[-118.54248,35.74688],[-118.54205,35.74718],[-118.54133,35.74708],[-118.54149,35.74633],[-118.54202,35.74611],[-118.54242,35.74619]]],[[[-118.54677,35.7476],[-118.54646,35.74779],[-118.54585,35.74779],[-118.54499,35.74732],[-118.54503,35.74706],[-118.54545,35.74692],[-118.54665,35.74729],[-118.54677,35.7476]]],[[[-118.54331,35.74787],[-118.5427,35.74796],[-118.5427,35.74767],[-118.54286,35.74756],[-118.54331,35.74787]]],[[[-118.54305,35.74865],[-118.54274,35.74856],[-118.54256,35.74854],[-118.54273,35.74835],[-118.5432,35.74825],[-118.54305,35.74865]]],[[[-118.54561,35.74938],[-118.54513,35.74909],[-118.54508,35.74874],[-118.54534,35.74841],[-118.54511,35.74814],[-118.54522,35.74803],[-118.5457,35.74807],[-118.54589,35.74827],[-118.54592,35.74849],[-118.54567,35.74866],[-118.54561,35.74938]]],[[[-118.54316,35.74905],[-118.54316,35.74935],[-118.54263,35.74921],[-118.54283,35.74895],[-118.54316,35.74905]]],[[[-118.53958,35.7495],[-118.53923,35.74936],[-118.53969,35.74929],[-118.54003,35.74904],[-118.54094,35.74921],[-118.54089,35.74934],[-118.54128,35.7496],[-118.5417,35.7496],[-118.54188,35.74972],[-118.54149,35.74991],[-118.54104,35.74992],[-118.54106,35.75025],[-118.54074,35.75018],[-118.54039,35.75029],[-118.54007,35.74985],[-118.53956,35.75001],[-118.53946,35.74989],[-118.53958,35.7495]]],[[[-118.53474,35.74841],[-118.53492,35.74838],[-118.53541,35.74863],[-118.53557,35.74899],[-118.53605,35.74908],[-118.53606,35.75005],[-118.53579,35.75049],[-118.53549,35.7503],[-118.5352,35.75041],[-118.53501,35.75083],[-118.53507,35.75093],[-118.5349,35.75112],[-118.53461,35.75092],[-118.53459,35.75061],[-118.53473,35.75032],[-118.53452,35.75013],[-118.53508,35.74961],[-118.53444,35.74904],[-118.53467,35.74877],[-118.53474,35.74841]]],[[[-118.53899,35.75088],[-118.53907,35.75137],[-118.53888,35.75154],[-118.53893,35.75173],[-118.53871,35.75191],[-118.53841,35.75191],[-118.53814,35.75174],[-118.53806,35.75128],[-118.53841,35.75116],[-118.5386,35.75083],[-118.53899,35.75088]]]]},"properties":{"fire_id":"ufid:2021-CACND-002796","source_collection":"history-2021","source_objectid":17585,"incident_name":"French","mapped_acres":26535.05,"mapped_acres_source":"poly_GISAcres","gis_acres":26535.05,"auto_acres":26534.950639650928,"reported_acres":26535.0,"percent_contained":null,"state":"CA","state_wfigs":"US-CA","county":"Kern","discovery_time_utc":"2021-08-18T23:25:00Z","perimeter_time_utc":"2023-03-11T17:11:11Z","perimeter_edit_time_utc":"2023-03-14T15:13:42Z","incident_modified_time_utc":"2021-12-28T18:15:05Z","containment_time_utc":"2021-10-19T03:00:00Z","control_time_utc":null,"fire_out_time_utc":"2021-12-15T23:00:00Z","fire_cause":"Undetermined","fire_cause_general":"Undetermined","map_method":"Mixed Methods","source_dataset":"FFP","unique_fire_identifier":"2021-CACND-002796","irwin_id":"{7E9BE942-1E0A-4350-9650-F71A3D17EB10}","global_id":"3e110915-9abb-4780-b108-24796afe4fa6"}},{"type":"Feature","geometry":{"type":"Polygon","coordinates":[[[-118.78518,36.41874],[-118.78621,36.41865],[-118.78672,36.41877],[-118.78689,36.41888],[-118.78686,36.41934],[-118.78618,36.41976],[-118.78552,36.41964],[-118.7852,36.41939],[-118.78506,36.41897],[-118.78518,36.41874]]]},"properties":{"fire_id":"ufid:2021-CATUU-000785","source_collection":"history-2021","source_objectid":17597,"incident_name":"CASE","mapped_acres":0.1,"mapped_acres_source":"poly_GISAcres","gis_acres":0.1,"auto_acres":3.7709117125669755,"reported_acres":7.0,"percent_contained":null,"state":"CA","state_wfigs":"US-CA","county":"Tulare","discovery_time_utc":"2021-09-10T09:20:57Z","perimeter_time_utc":"2023-03-09T23:35:00Z","perimeter_edit_time_utc":"2023-03-14T15:13:42Z","incident_modified_time_utc":"2021-09-22T20:23:03Z","containment_time_utc":null,"control_time_utc":null,"fire_out_time_utc":"2021-09-14T15:00:00Z","fire_cause":"Natural","fire_cause_general":"Natural","map_method":"Hand Sketch","source_dataset":"FFP","unique_fire_identifier":"2021-CATUU-000785","irwin_id":"{C2B97B74-0AC1-40D9-AB9C-8058680B8729}","global_id":"1eadd7b2-0093-4bb3-bdfe-71447b0dfcef"}},{"type":"Feature","geometry":{"type":"MultiPolygon","coordinates":[[[[-118.77216,36.48348],[-118.7723,36.48351],[-118.77219,36.4836],[-118.77216,36.48348]]],[[[-118.78468,36.54064],[-118.78485,36.54065],[-118.78488,36.54041],[-118.78514,36.54023],[-118.78461,36.53985],[-118.78437,36.54005],[-118.78422,36.53984],[-118.78384,36.54009],[-118.78375,36.53992],[-118.78352,36.53991],[-118.78327,36.54021],[-118.78318,36.54057],[-118.78351,36.54078],[-118.78347,36.54062],[-118.78381,36.54049],[-118.78366,36.54079],[-118.78372,36.54104],[-118.78352,36.5412],[-118.78286,36.54103],[-118.78295,36.54073],[-118.78263,36.54066],[-118.78274,36.54036],[-118.78262,36.53966],[-118.78274,36.53952],[-118.78262,36.5395],[-118.7825,36.53908],[-118.78259,36.53893],[-118.78244,36.5388],[-118.7825,36.53852],[-118.78322,36.53833],[-118.78277,36.538],[-118.78277,36.5379],[-118.78304,36.53786],[-118.78302,36.53769],[-118.78284,36.53767],[-118.78299,36.53747],[-118.78286,36.53741],[-118.78282,36.53701],[-118.78267,36.53699],[-118.7826,36.53671],[-118.78237,36.53657],[-118.78264,36.53624],[-118.78248,36.53595],[-118.78207,36.53607],[-118.78197,36.53639],[-118.7821,36.53668],[-118.7818,36.53698],[-118.7818,36.53733],[-118.78095,36.53764],[-118.78103,36.53826],[-118.78076,36.53845],[-118.77879,36.538],[-118.77827,36.53774],[-118.77812,36.53692],[-118.77829,36.53662],[-118.77815,36.53625],[-118.77847,36.53588],[-118.77808,36.5355],[-118.7783,36.53525],[-118.77837,36.53497],[-118.77826,36.53467],[-118.77845,36.53433],[-118.7782,36.53435],[-118.77765,36.53372],[-118.77761,36.53328],[-118.77699,36.53289],[-118.7768,36.53257],[-118.77653,36.5325],[-118.7764,36.53145],[-118.77656,36.53147],[-118.77663,36.53164],[-118.7768,36.53141],[-118.77681,36.53109],[-118.77659,36.53092],[-118.77662,36.53079],[-118.77625,36.53062],[-118.77607,36.53067],[-118.77608,36.5312],[-118.77585,36.53129],[-118.77532,36.53058],[-118.77537,36.53041],[-118.7756,36.5303],[-118.77555,36.53001],[-118.77694,36.53048],[-118.77756,36.53026],[-118.77805,36.53035],[-118.77778,36.53021],[-118.77779,36.52999],[-118.77799,36.52996],[-118.77789,36.52973],[-118.77709,36.52985],[-118.77675,36.52966],[-118.77646,36.52967],[-118.77669,36.52945],[-118.77662,36.52914],[-118.77737,36.52916],[-118.77758,36.52895],[-118.77736,36.5289],[-118.77732,36.52907],[-118.77714,36.52905],[-118.77679,36.52882],[-118.77656,36.5289],[-118.7765,36.52908],[-118.7761,36.52903],[-118.77617,36.52947],[-118.776,36.5298],[-118.77574,36.5297],[-118.77536,36.52978],[-118.77547,36.52943],[-118.77495,36.52959],[-118.77483,36.52939],[-118.77502,36.52926],[-118.77483,36.52891],[-118.77503,36.52887],[-118.77499,36.52848],[-118.77473,36.5285],[-118.77462,36.52904],[-118.77424,36.52889],[-118.77452,36.52846],[-118.77418,36.52775],[-118.7742,36.52752],[-118.77344,36.52757],[-118.77327,36.52731],[-118.77254,36.52712],[-118.77248,36.52691],[-118.77223,36.52682],[-118.77108,36.5269],[-118.77146,36.5268],[-118.77185,36.52625],[-118.77215,36.52608],[-118.77203,36.52562],[-118.77147,36.52524],[-118.77152,36.52515],[-118.77174,36.52522],[-118.77178,36.52457],[-118.7717,36.52447],[-118.77146,36.5246],[-118.77119,36.52449],[-118.77129,36.52437],[-118.77173,36.52436],[-118.77166,36.52406],[-118.77185,36.52389],[-118.77163,36.52371],[-118.7716,36.5235],[-118.77196,36.52329],[-118.77224,36.52328],[-118.77234,36.52313],[-118.77211,36.5229],[-118.7723,36.52272],[-118.77208,36.52271],[-118.77261,36.52178],[-118.77206,36.52174],[-118.77183,36.52213],[-118.77169,36.52213],[-118.77161,36.52279],[-118.7714,36.52301],[-118.77132,36.52289],[-118.77154,36.52247],[-118.77141,36.52195],[-118.77154,36.52148],[-118.77293,36.52106],[-118.77303,36.52086],[-118.77238,36.52062],[-118.7725,36.52044],[-118.77269,36.52055],[-118.77282,36.52048],[-118.7727,36.52008],[-118.7728,36.51991],[-118.77267,36.5198],[-118.77307,36.51951],[-118.77264,36.51926],[-118.77252,36.5189],[-118.77211,36.51886],[-118.77154,36.51935],[-118.77113,36.5194],[-118.77081,36.51966],[-118.7708,36.52002],[-118.77061,36.52019],[-118.7705,36.52071],[-118.77037,36.52092],[-118.76984,36.52111],[-118.76964,36.52133],[-118.76963,36.5216],[-118.76933,36.52162],[-118.76924,36.52181],[-118.76895,36.52169],[-118.7684,36.52181],[-118.76795,36.52221],[-118.76716,36.52256],[-118.76627,36.52247],[-118.76573,36.5227],[-118.76545,36.5226],[-118.76427,36.5211],[-118.76393,36.51984],[-118.76354,36.5196],[-118.7636,36.51946],[-118.7635,36.51939],[-118.76268,36.51934],[-118.76272,36.51914],[-118.76238,36.51919],[-118.76196,36.51903],[-118.76187,36.5192],[-118.76151,36.51936],[-118.76138,36.51922],[-118.76086,36.51923],[-118.76012,36.51869],[-118.75968,36.51887],[-118.75989,36.51856],[-118.75965,36.51866],[-118.75952,36.51895],[-118.75981,36.51932],[-118.76016,36.51943],[-118.75988,36.51973],[-118.75897,36.51935],[-118.75878,36.51951],[-118.75892,36.51961],[-118.75854,36.51987],[-118.75846,36.51959],[-118.75784,36.51954],[-118.75759,36.5193],[-118.75728,36.51948],[-118.7568,36.51923],[-118.75645,36.51952],[-118.75659,36.51955],[-118.75644,36.51984],[-118.75659,36.5199],[-118.75659,36.52008],[-118.75628,36.51993],[-118.75603,36.51996],[-118.75491,36.52033],[-118.75345,36.52115],[-118.75305,36.52106],[-118.75284,36.52135],[-118.75283,36.5216],[-118.7525,36.52151],[-118.7522,36.52164],[-118.75166,36.52129],[-118.75167,36.52116],[-118.75139,36.52092],[-118.75096,36.52073],[-118.75091,36.5204],[-118.75128,36.52027],[-118.7513,36.52012],[-118.75104,36.51998],[-118.7509,36.51973],[-118.75094,36.51954],[-118.75048,36.51948],[-118.75044,36.51958],[-118.74927,36.51927],[-118.74885,36.51932],[-118.74858,36.51881],[-118.74873,36.51861],[-118.74855,36.51832],[-118.74878,36.51827],[-118.74872,36.51819],[-118.74751,36.51805],[-118.74742,36.51744],[-118.74722,36.51748],[-118.74687,36.51698],[-118.74669,36.51711],[-118.74611,36.51689],[-118.7461,36.51614],[-118.74655,36.51585],[-118.74656,36.51561],[-118.74642,36.51534],[-118.74589,36.5154],[-118.74599,36.51481],[-118.74553,36.51505],[-118.74566,36.51529],[-118.74566,36.5158],[-118.74538,36.51632],[-118.74506,36.51656],[-118.74504,36.51691],[-118.7448,36.51715],[-118.74466,36.51761],[-118.74447,36.5177],[-118.74417,36.51742],[-118.7437,36.51744],[-118.74394,36.51685],[-118.7438,36.51633],[-118.74345,36.5164],[-118.74337,36.51669],[-118.74371,36.51693],[-118.74299,36.51756],[-118.74225,36.51723],[-118.74205,36.51682],[-118.7415,36.5164],[-118.74117,36.51645],[-118.74112,36.51658],[-118.74147,36.517],[-118.74142,36.5173],[-118.74093,36.51739],[-118.74095,36.51692],[-118.74063,36.51691],[-118.74055,36.51632],[-118.74012,36.51595],[-118.7396,36.51622],[-118.73921,36.51553],[-118.7387,36.51532],[-118.73835,36.51548],[-118.7386,36.51563],[-118.73864,36.51628],[-118.73827,36.51615],[-118.73781,36.51637],[-118.73769,36.51671],[-118.73824,36.51675],[-118.73834,36.51706],[-118.73826,36.51744],[-118.73816,36.51757],[-118.73757,36.51761],[-118.73758,36.51786],[-118.73739,36.51808],[-118.73674,36.51827],[-118.73622,36.51871],[-118.73617,36.51892],[-118.73544,36.51858],[-118.73513,36.51869],[-118.73509,36.51855],[-118.7347,36.51882],[-118.73454,36.51916],[-118.734,36.51936],[-118.73379,36.51922],[-118.73385,36.51893],[-118.73371,36.51879],[-118.73278,36.51885],[-118.73236,36.51905],[-118.73141,36.51897],[-118.7313,36.51839],[-118.73106,36.51815],[-118.73126,36.51747],[-118.73093,36.51746],[-118.73047,36.51712],[-118.72987,36.51699],[-118.72958,36.51675],[-118.72992,36.51647],[-118.7303,36.51663],[-118.73079,36.51621],[-118.7308,36.51599],[-118.73061,36.51604],[-118.73049,36.51588],[-118.73036,36.51591],[-118.73029,36.51573],[-118.73048,36.51522],[-118.73036,36.51483],[-118.73054,36.51478],[-118.7305,36.51404],[-118.73075,36.5139],[-118.73135,36.51388],[-118.73108,36.51434],[-118.73087,36.51434],[-118.73081,36.51451],[-118.73097,36.51468],[-118.73121,36.51468],[-118.73159,36.51444],[-118.73179,36.51398],[-118.73167,36.51335],[-118.73104,36.51324],[-118.73101,36.51313],[-118.73057,36.51298],[-118.73063,36.51259],[-118.73037,36.51228],[-118.73041,36.51216],[-118.73071,36.51213],[-118.73087,36.5119],[-118.73142,36.51172],[-118.73195,36.51179],[-118.73225,36.51204],[-118.73293,36.5115],[-118.7334,36.51172],[-118.73384,36.51174],[-118.73419,36.51201],[-118.73405,36.51222],[-118.73415,36.51246],[-118.73431,36.51225],[-118.73451,36.51231],[-118.73449,36.51181],[-118.73499,36.51164],[-118.73528,36.51167],[-118.73509,36.51199],[-118.73516,36.51232],[-118.73544,36.51221],[-118.73594,36.51228],[-118.73575,36.51196],[-118.73595,36.5118],[-118.73576,36.51176],[-118.73536,36.51122],[-118.73561,36.51048],[-118.73547,36.51014],[-118.73561,36.51004],[-118.73596,36.51019],[-118.73635,36.50992],[-118.73646,36.51012],[-118.73637,36.5104],[-118.73656,36.51039],[-118.73648,36.50969],[-118.73678,36.5093],[-118.73663,36.50906],[-118.73687,36.50861],[-118.73668,36.50824],[-118.73672,36.50804],[-118.73705,36.50805],[-118.73717,36.50825],[-118.73738,36.50818],[-118.73738,36.508],[-118.73756,36.508],[-118.73765,36.50774],[-118.73756,36.50755],[-118.73772,36.50731],[-118.73764,36.50707],[-118.73806,36.50713],[-118.73807,36.50749],[-118.7383,36.5075],[-118.73845,36.50711],[-118.73866,36.50725],[-118.7394,36.50732],[-118.73927,36.50712],[-118.73883,36.50695],[-118.73905,36.50681],[-118.73904,36.50668],[-118.73979,36.50643],[-118.74009,36.50646],[-118.74027,36.5063],[-118.74055,36.50628],[-118.74074,36.50642],[-118.74058,36.5065],[-118.74058,36.50667],[-118.74087,36.5067],[-118.74094,36.50696],[-118.74127,36.50702],[-118.7412,36.50627],[-118.74194,36.50652],[-118.74224,36.50642],[-118.7421,36.50612],[-118.74224,36.50595],[-118.74196,36.50555],[-118.74201,36.50537],[-118.7423,36.50545],[-118.74218,36.50489],[-118.74232,36.50471],[-118.74284,36.50501],[-118.74297,36.50478],[-118.74309,36.50479],[-118.74378,36.50524],[-118.74608,36.50416],[-118.74568,36.5039],[-118.74576,36.50371],[-118.74543,36.50308],[-118.74501,36.5029],[-118.74502,36.50267],[-118.7453,36.50239],[-118.74454,36.50225],[-118.74444,36.50201],[-118.74422,36.50199],[-118.74424,36.50219],[-118.74283,36.50199],[-118.74243,36.50214],[-118.7426,36.50235],[-118.74252,36.50249],[-118.74191,36.502],[-118.74053,36.50242],[-118.74035,36.50275],[-118.74096,36.5028],[-118.74046,36.50291],[-118.74125,36.50368],[-118.74068,36.50386],[-118.74016,36.50386],[-118.74022,36.50409],[-118.74005,36.50408],[-118.73993,36.50386],[-118.73929,36.5039],[-118.73935,36.50404],[-118.73906,36.50391],[-118.73881,36.50431],[-118.73893,36.50479],[-118.73917,36.50496],[-118.73918,36.50517],[-118.73907,36.50521],[-118.73887,36.50493],[-118.73865,36.50489],[-118.73863,36.50471],[-118.7383,36.50456],[-118.73814,36.50475],[-118.73855,36.50516],[-118.73853,36.5057],[-118.73878,36.50591],[-118.73866,36.50605],[-118.73802,36.50581],[-118.73792,36.50533],[-118.73718,36.50568],[-118.73696,36.50526],[-118.73661,36.50509],[-118.7365,36.50474],[-118.73622,36.50471],[-118.73593,36.50441],[-118.73587,36.50485],[-118.73616,36.5051],[-118.73622,36.50612],[-118.73601,36.50622],[-118.73565,36.50607],[-118.73576,36.50633],[-118.73564,36.50642],[-118.73542,36.50635],[-118.73512,36.50668],[-118.73494,36.50669],[-118.73482,36.50649],[-118.73454,36.50648],[-118.73465,36.50606],[-118.73408,36.5062],[-118.73403,36.50567],[-118.73425,36.50545],[-118.73416,36.50528],[-118.7339,36.50527],[-118.73377,36.50498],[-118.73348,36.5051],[-118.73322,36.50498],[-118.73321,36.50518],[-118.7334,36.50523],[-118.73346,36.50543],[-118.73339,36.50551],[-118.73299,36.50535],[-118.73287,36.50558],[-118.73245,36.50577],[-118.73253,36.50597],[-118.73203,36.5061],[-118.7318,36.50593],[-118.73126,36.50609],[-118.73123,36.50592],[-118.7307,36.50581],[-118.7306,36.50556],[-118.73082,36.5054],[-118.73151,36.50547],[-118.7316,36.50529],[-118.73148,36.50507],[-118.73188,36.50484],[-118.7313,36.50493],[-118.73072,36.50469],[-118.73062,36.50453],[-118.73029,36.50459],[-118.72962,36.50429],[-118.72809,36.50428],[-118.7274,36.5045],[-118.72737,36.50469],[-118.72666,36.50461],[-118.72657,36.50474],[-118.72672,36.50492],[-118.72671,36.50516],[-118.72622,36.50517],[-118.72608,36.50482],[-118.72583,36.50499],[-118.72485,36.50482],[-118.72459,36.50399],[-118.72476,36.5039],[-118.72439,36.50372],[-118.72393,36.50385],[-118.72377,36.50362],[-118.72336,36.5036],[-118.72318,36.50339],[-118.72325,36.50315],[-118.72298,36.50282],[-118.7227,36.50291],[-118.72301,36.50322],[-118.72302,36.50356],[-118.72348,36.50385],[-118.72368,36.50415],[-118.72322,36.50461],[-118.7223,36.50475],[-118.72198,36.50445],[-118.72173,36.50446],[-118.72182,36.50417],[-118.72154,36.50433],[-118.72127,36.50415],[-118.72127,36.50403],[-118.7206,36.5042],[-118.72028,36.50442],[-118.72013,36.50443],[-118.7196,36.50401],[-118.71858,36.50457],[-118.71825,36.50441],[-118.71831,36.50401],[-118.71811,36.50402],[-118.71797,36.50384],[-118.71825,36.50347],[-118.71856,36.50347],[-118.71885,36.50316],[-118.71952,36.50278],[-118.71952,36.50306],[-118.71968,36.5031],[-118.72018,36.50291],[-118.71999,36.50289],[-118.72006,36.5026],[-118.71995,36.50236],[-118.71954,36.50218],[-118.7195,36.50205],[-118.71978,36.50176],[-118.72004,36.50162],[-118.72023,36.50166],[-118.72033,36.5019],[-118.72057,36.50202],[-118.72098,36.50192],[-118.72108,36.50223],[-118.7209,36.50235],[-118.72108,36.50248],[-118.7213,36.50202],[-118.72129,36.50172],[-118.72102,36.50132],[-118.72115,36.50109],[-118.72155,36.50111],[-118.72163,36.50127],[-118.72153,36.50148],[-118.72181,36.5016],[-118.7217,36.50169],[-118.72201,36.50182],[-118.72203,36.50141],[-118.72227,36.50144],[-118.72238,36.50169],[-118.72284,36.50173],[-118.72295,36.50222],[-118.72312,36.50213],[-118.72307,36.50189],[-118.72319,36.50183],[-118.72318,36.50127],[-118.72337,36.50043],[-118.72352,36.50042],[-118.72354,36.5002],[-118.7239,36.50018],[-118.72397,36.5],[-118.7239,36.49951],[-118.72374,36.49943],[-118.72374,36.49913],[-118.72361,36.49913],[-118.72357,36.49818],[-118.72385,36.49805],[-118.72386,36.49836],[-118.72404,36.49774],[-118.72416,36.49768],[-118.72395,36.49765],[-118.72389,36.49784],[-118.72352,36.49791],[-118.72362,36.49761],[-118.72341,36.49761],[-118.72326,36.49704],[-118.72283,36.49646],[-118.7232,36.49602],[-118.72353,36.49603],[-118.72338,36.49623],[-118.72343,36.4964],[-118.72416,36.49632],[-118.72427,36.49611],[-118.72459,36.4961],[-118.72471,36.49646],[-118.7244,36.49653],[-118.72432,36.49705],[-118.72455,36.49704],[-118.72465,36.49717],[-118.72498,36.49706],[-118.725,36.4964],[-118.72526,36.49636],[-118.72528,36.49649],[-118.72542,36.49624],[-118.72528,36.49598],[-118.72499,36.49581],[-118.72502,36.49553],[-118.72527,36.4953],[-118.72545,36.49527],[-118.72544,36.49554],[-118.72576,36.49562],[-118.72599,36.49538],[-118.72599,36.49489],[-118.72614,36.49488],[-118.72627,36.4955],[-118.72638,36.49556],[-118.72675,36.49553],[-118.72658,36.49532],[-118.7267,36.49521],[-118.7271,36.49572],[-118.72783,36.49568],[-118.72788,36.49524],[-118.72772,36.49496],[-118.72792,36.49485],[-118.72767,36.49436],[-118.72769,36.49408],[-118.728,36.49418],[-118.72802,36.49396],[-118.72893,36.49329],[-118.72904,36.49302],[-118.72929,36.49302],[-118.72917,36.49318],[-118.73121,36.49249],[-118.73133,36.49176],[-118.73115,36.49173],[-118.73126,36.4916],[-118.731,36.49148],[-118.73097,36.49125],[-118.73058,36.4911],[-118.73065,36.49077],[-118.73055,36.49058],[-118.73045,36.49046],[-118.72984,36.49051],[-118.72992,36.49067],[-118.72974,36.49066],[-118.72979,36.49024],[-118.73011,36.48992],[-118.72989,36.48962],[-118.72998,36.48953],[-118.73025,36.48962],[-118.73027,36.48976],[-118.73046,36.4897],[-118.7306,36.48996],[-118.73085,36.48988],[-118.73135,36.49015],[-118.73166,36.48988],[-118.73233,36.48984],[-118.73243,36.48969],[-118.7321,36.48958],[-118.73179,36.48975],[-118.73159,36.48972],[-118.73165,36.48957],[-118.73139,36.48944],[-118.73152,36.48923],[-118.73103,36.4891],[-118.73109,36.48876],[-118.73125,36.48871],[-118.73128,36.48824],[-118.73109,36.488],[-118.73133,36.48796],[-118.7314,36.48813],[-118.73154,36.48805],[-118.73146,36.48767],[-118.73174,36.48731],[-118.73161,36.48725],[-118.73166,36.4869],[-118.73176,36.4869],[-118.73189,36.48722],[-118.7323,36.48721],[-118.73348,36.48815],[-118.73359,36.488],[-118.73336,36.48775],[-118.73389,36.48793],[-118.73382,36.48806],[-118.73412,36.48837],[-118.73444,36.48828],[-118.73462,36.48841],[-118.73463,36.48863],[-118.73474,36.48859],[-118.73472,36.48834],[-118.73501,36.48835],[-118.73528,36.48945],[-118.7355,36.48918],[-118.73524,36.48819],[-118.73507,36.48808],[-118.73519,36.48766],[-118.73418,36.48626],[-118.73403,36.4862],[-118.73381,36.48556],[-118.73308,36.48479],[-118.7325,36.48464],[-118.73278,36.48451],[-118.73273,36.48436],[-118.73299,36.48422],[-118.73319,36.48384],[-118.733,36.48356],[-118.73305,36.48303],[-118.73284,36.48286],[-118.73286,36.48269],[-118.73252,36.48219],[-118.73265,36.48202],[-118.73296,36.4822],[-118.73363,36.48189],[-118.73331,36.48178],[-118.73304,36.48147],[-118.73297,36.48076],[-118.73268,36.48069],[-118.7326,36.48029],[-118.73239,36.48032],[-118.7325,36.47994],[-118.73176,36.47925],[-118.73178,36.47893],[-118.73156,36.47886],[-118.73139,36.47891],[-118.73134,36.47907],[-118.7309,36.47904],[-118.73056,36.47862],[-118.73057,36.47775],[-118.73152,36.47728],[-118.73118,36.47711],[-118.73123,36.47695],[-118.73232,36.47657],[-118.73244,36.47639],[-118.7324,36.47621],[-118.73219,36.47622],[-118.73215,36.47602],[-118.73183,36.47592],[-118.73074,36.47591],[-118.73058,36.47573],[-118.73025,36.47586],[-118.72976,36.4758],[-118.72983,36.47554],[-118.72967,36.47513],[-118.72977,36.47484],[-118.73029,36.4747],[-118.73054,36.47417],[-118.73096,36.47424],[-118.73115,36.47404],[-118.73169,36.47399],[-118.73257,36.47335],[-118.7326,36.47312],[-118.73326,36.47304],[-118.73337,36.47284],[-118.73355,36.4729],[-118.73399,36.47236],[-118.73599,36.47187],[-118.73619,36.47171],[-118.7367,36.47172],[-118.7375,36.47104],[-118.73807,36.47113],[-118.73865,36.47077],[-118.73887,36.47098],[-118.73982,36.47127],[-118.74034,36.47054],[-118.741,36.47041],[-118.74143,36.47004],[-118.74193,36.47],[-118.74217,36.4696],[-118.74247,36.46951],[-118.74269,36.46926],[-118.74336,36.46936],[-118.74415,36.46992],[-118.74458,36.46975],[-118.74504,36.46979],[-118.74542,36.47008],[-118.74602,36.4702],[-118.74603,36.47051],[-118.74638,36.47073],[-118.74649,36.47108],[-118.74682,36.47133],[-118.74779,36.47168],[-118.74785,36.4719],[-118.74828,36.47189],[-118.74856,36.47169],[-118.74909,36.47162],[-118.74914,36.47141],[-118.74896,36.47113],[-118.74916,36.47086],[-118.74913,36.47059],[-118.74949,36.4704],[-118.75078,36.47021],[-118.75208,36.47044],[-118.75236,36.4709],[-118.75241,36.47137],[-118.75231,36.47168],[-118.75215,36.47181],[-118.75197,36.47177],[-118.752,36.47193],[-118.75223,36.47205],[-118.75229,36.47234],[-118.75217,36.47241],[-118.75235,36.4727],[-118.7522,36.47284],[-118.75233,36.47299],[-118.75147,36.47342],[-118.75124,36.4734],[-118.75113,36.47371],[-118.75079,36.47396],[-118.75069,36.47423],[-118.75093,36.47448],[-118.7509,36.47462],[-118.75059,36.47474],[-118.7507,36.47525],[-118.75124,36.47554],[-118.75142,36.47579],[-118.75187,36.47591],[-118.75182,36.47574],[-118.75206,36.47564],[-118.75171,36.47525],[-118.75186,36.47389],[-118.75211,36.47403],[-118.75229,36.47391],[-118.75223,36.47373],[-118.75247,36.47367],[-118.75249,36.4733],[-118.75278,36.47337],[-118.75404,36.47301],[-118.75448,36.47316],[-118.75465,36.47348],[-118.75585,36.47382],[-118.75609,36.47422],[-118.75655,36.47423],[-118.75661,36.47474],[-118.75639,36.47506],[-118.75655,36.47526],[-118.75691,36.47527],[-118.75765,36.47502],[-118.75762,36.47537],[-118.75834,36.47557],[-118.75849,36.47604],[-118.75804,36.47631],[-118.75779,36.47609],[-118.75773,36.47619],[-118.75803,36.47662],[-118.75796,36.47687],[-118.75818,36.47694],[-118.75824,36.47666],[-118.75857,36.47673],[-118.75864,36.47711],[-118.75884,36.4772],[-118.75894,36.47742],[-118.75964,36.47763],[-118.75946,36.47824],[-118.75915,36.47846],[-118.75914,36.47861],[-118.75968,36.4789],[-118.75964,36.47906],[-118.76007,36.47904],[-118.75999,36.47953],[-118.76026,36.47955],[-118.75994,36.47987],[-118.75998,36.48001],[-118.75976,36.48005],[-118.75976,36.48024],[-118.75963,36.48029],[-118.75974,36.48099],[-118.75996,36.48109],[-118.76003,36.48082],[-118.76032,36.48054],[-118.76058,36.48048],[-118.76068,36.48053],[-118.76074,36.48115],[-118.76122,36.48123],[-118.76139,36.48146],[-118.76122,36.48187],[-118.76154,36.48218],[-118.76158,36.48234],[-118.76139,36.48238],[-118.76158,36.48268],[-118.76158,36.48304],[-118.76183,36.48305],[-118.7619,36.4832],[-118.76136,36.48338],[-118.76185,36.48375],[-118.76196,36.48426],[-118.76215,36.48436],[-118.76191,36.48454],[-118.76195,36.48495],[-118.76231,36.48507],[-118.76225,36.48535],[-118.76275,36.48543],[-118.76293,36.4857],[-118.76315,36.4856],[-118.7631,36.4854],[-118.76355,36.48543],[-118.76363,36.48521],[-118.76399,36.48545],[-118.76391,36.48564],[-118.764,36.48584],[-118.7643,36.48597],[-118.76432,36.48582],[-118.76469,36.48583],[-118.76458,36.48601],[-118.76466,36.48626],[-118.76445,36.48626],[-118.76431,36.48678],[-118.76382,36.48662],[-118.76337,36.48615],[-118.76327,36.48636],[-118.76353,36.48651],[-118.76374,36.48705],[-118.76415,36.48702],[-118.76416,36.48739],[-118.76383,36.48758],[-118.76392,36.48765],[-118.76379,36.48778],[-118.76437,36.48793],[-118.76416,36.48809],[-118.76394,36.48801],[-118.76403,36.48829],[-118.7643,36.48827],[-118.76447,36.48856],[-118.764,36.48852],[-118.76445,36.48922],[-118.76469,36.48911],[-118.76499,36.48947],[-118.76472,36.48975],[-118.76444,36.48974],[-118.7645,36.49011],[-118.7651,36.49016],[-118.76529,36.49082],[-118.76467,36.49087],[-118.76432,36.4906],[-118.76426,36.49069],[-118.76365,36.49059],[-118.76362,36.49044],[-118.7633,36.49026],[-118.76283,36.49012],[-118.76257,36.49019],[-118.76192,36.48981],[-118.76169,36.48992],[-118.76237,36.49068],[-118.76221,36.49085],[-118.76232,36.49103],[-118.76282,36.49121],[-118.76303,36.49098],[-118.76318,36.49099],[-118.76326,36.49111],[-118.76314,36.49131],[-118.76317,36.49158],[-118.76345,36.49143],[-118.76356,36.49152],[-118.7636,36.49202],[-118.76397,36.49172],[-118.76443,36.4917],[-118.76473,36.49189],[-118.76522,36.49255],[-118.76557,36.49238],[-118.76564,36.4925],[-118.76603,36.4925],[-118.76623,36.49243],[-118.76609,36.49228],[-118.76611,36.49199],[-118.7664,36.49192],[-118.76649,36.49204],[-118.76666,36.49164],[-118.76662,36.49134],[-118.76692,36.491],[-118.76708,36.491],[-118.76708,36.49114],[-118.76766,36.49114],[-118.7675,36.49063],[-118.76779,36.49034],[-118.76809,36.49021],[-118.76854,36.49034],[-118.76863,36.49059],[-118.76896,36.49031],[-118.76914,36.49055],[-118.76895,36.49076],[-118.7692,36.49101],[-118.76872,36.49182],[-118.7683,36.49206],[-118.76836,36.49224],[-118.76878,36.49234],[-118.76882,36.49217],[-118.76912,36.49207],[-118.76917,36.49285],[-118.77,36.49357],[-118.76982,36.49376],[-118.77018,36.49419],[-118.77031,36.49422],[-118.77059,36.49397],[-118.77081,36.49426],[-118.77133,36.49413],[-118.77136,36.49426],[-118.77183,36.49453],[-118.773,36.49489],[-118.77305,36.49508],[-118.77334,36.49525],[-118.77338,36.49509],[-118.7742,36.49443],[-118.77452,36.49448],[-118.77449,36.49498],[-118.77481,36.49506],[-118.77481,36.49519],[-118.7752,36.4948],[-118.77473,36.49427],[-118.77493,36.49365],[-118.77459,36.49354],[-118.77421,36.49371],[-118.77394,36.49364],[-118.77394,36.49348],[-118.77374,36.49338],[-118.77285,36.49357],[-118.77274,36.49307],[-118.77305,36.49286],[-118.77276,36.49272],[-118.77277,36.49254],[-118.77233,36.49253],[-118.77229,36.49224],[-118.77207,36.492],[-118.77218,36.49137],[-118.77256,36.49112],[-118.77206,36.48995],[-118.77247,36.48982],[-118.77262,36.48964],[-118.77192,36.48935],[-118.77179,36.48902],[-118.7718,36.48825],[-118.77231,36.48853],[-118.77253,36.4883],[-118.77223,36.48796],[-118.77235,36.48783],[-118.772,36.48756],[-118.77197,36.4874],[-118.77238,36.48711],[-118.77258,36.48758],[-118.77281,36.48734],[-118.77294,36.48671],[-118.77333,36.48674],[-118.77354,36.48625],[-118.77307,36.48616],[-118.77277,36.48632],[-118.77243,36.4862],[-118.77178,36.48624],[-118.77169,36.4861],[-118.77178,36.48609],[-118.77159,36.48594],[-118.77159,36.48545],[-118.77172,36.48515],[-118.77209,36.48504],[-118.77234,36.48481],[-118.77239,36.48453],[-118.77338,36.48409],[-118.77411,36.48345],[-118.77427,36.48324],[-118.7742,36.48299],[-118.77442,36.48252],[-118.77395,36.48263],[-118.77375,36.48299],[-118.77262,36.48338],[-118.77237,36.4832],[-118.77271,36.48284],[-118.77272,36.48274],[-118.77235,36.48293],[-118.77264,36.48249],[-118.77246,36.4825],[-118.77193,36.48277],[-118.77152,36.48317],[-118.77137,36.48352],[-118.77115,36.48353],[-118.77113,36.48334],[-118.77193,36.48251],[-118.77194,36.4823],[-118.77171,36.48219],[-118.77132,36.48245],[-118.7712,36.48271],[-118.77104,36.4827],[-118.771,36.48244],[-118.7704,36.482],[-118.77034,36.4817],[-118.77015,36.4815],[-118.76977,36.4814],[-118.7691,36.48026],[-118.76874,36.47992],[-118.76873,36.47897],[-118.76898,36.47858],[-118.76889,36.47812],[-118.76943,36.47799],[-118.76907,36.47743],[-118.76907,36.47697],[-118.77002,36.47658],[-118.77033,36.47633],[-118.77059,36.47582],[-118.77079,36.47574],[-118.77107,36.47584],[-118.77118,36.47537],[-118.77171,36.4749],[-118.77302,36.47447],[-118.77406,36.47452],[-118.77424,36.47493],[-118.77425,36.47518],[-118.77406,36.47548],[-118.77413,36.47597],[-118.77439,36.47542],[-118.77504,36.47518],[-118.77514,36.47545],[-118.77585,36.47557],[-118.77606,36.4759],[-118.77628,36.47599],[-118.77634,36.4763],[-118.77665,36.47671],[-118.77652,36.47689],[-118.77637,36.47679],[-118.77626,36.47698],[-118.77649,36.47755],[-118.77721,36.4777],[-118.77753,36.47799],[-118.77754,36.47809],[-118.77683,36.47798],[-118.77669,36.47859],[-118.77718,36.47868],[-118.77727,36.47874],[-118.77717,36.47887],[-118.77745,36.4788],[-118.77741,36.47838],[-118.77799,36.47833],[-118.77805,36.47804],[-118.7785,36.47799],[-118.77943,36.47743],[-118.7798,36.47761],[-118.78012,36.47702],[-118.78063,36.47677],[-118.78105,36.47605],[-118.78152,36.47629],[-118.78203,36.47632],[-118.78238,36.47598],[-118.78222,36.47568],[-118.78365,36.47564],[-118.7838,36.47575],[-118.78378,36.47609],[-118.78333,36.47657],[-118.78403,36.47665],[-118.78394,36.47634],[-118.78454,36.47623],[-118.78485,36.47599],[-118.78565,36.47606],[-118.78573,36.47617],[-118.78562,36.47626],[-118.78585,36.47635],[-118.78597,36.4762],[-118.78587,36.47578],[-118.78619,36.47547],[-118.78696,36.47535],[-118.78708,36.4754],[-118.78707,36.47562],[-118.78691,36.4757],[-118.78702,36.47601],[-118.78749,36.47613],[-118.78765,36.47598],[-118.78803,36.47605],[-118.78804,36.47629],[-118.78763,36.47648],[-118.78771,36.47656],[-118.78842,36.47642],[-118.7884,36.47682],[-118.78881,36.47698],[-118.78907,36.47766],[-118.78951,36.47803],[-118.79005,36.47916],[-118.78971,36.47938],[-118.78966,36.47976],[-118.78954,36.47983],[-118.78954,36.48033],[-118.79015,36.4808],[-118.79017,36.48138],[-118.79056,36.48141],[-118.79083,36.48106],[-118.79149,36.48138],[-118.79213,36.48128],[-118.79223,36.48205],[-118.79265,36.48205],[-118.7929,36.48224],[-118.79271,36.48251],[-118.79313,36.48282],[-118.79314,36.48338],[-118.79305,36.48344],[-118.79243,36.48327],[-118.7921,36.48341],[-118.79157,36.48337],[-118.79163,36.48361],[-118.7914,36.48385],[-118.79156,36.48428],[-118.79105,36.48421],[-118.79081,36.48432],[-118.79,36.48417],[-118.79004,36.48428],[-118.7906,36.48439],[-118.79082,36.4846],[-118.79072,36.48545],[-118.79048,36.48564],[-118.79041,36.48589],[-118.79003,36.48599],[-118.79017,36.48618],[-118.78981,36.48617],[-118.78955,36.48599],[-118.78944,36.4862],[-118.78949,36.48661],[-118.78978,36.48633],[-118.79017,36.48654],[-118.79041,36.48625],[-118.79065,36.4862],[-118.79094,36.48632],[-118.79111,36.4862],[-118.79139,36.4863],[-118.7921,36.48622],[-118.79215,36.48661],[-118.79231,36.48673],[-118.79216,36.48708],[-118.7923,36.48724],[-118.79214,36.48727],[-118.79229,36.48739],[-118.79224,36.48754],[-118.79295,36.48771],[-118.79313,36.48762],[-118.7932,36.48773],[-118.79393,36.48766],[-118.7944,36.48797],[-118.79433,36.48816],[-118.794,36.4883],[-118.7947,36.48852],[-118.79472,36.48884],[-118.79449,36.48903],[-118.79418,36.48904],[-118.79416,36.48924],[-118.79374,36.48955],[-118.79338,36.48945],[-118.79309,36.48957],[-118.79321,36.48975],[-118.79314,36.49006],[-118.79259,36.49025],[-118.79259,36.49048],[-118.79237,36.49058],[-118.79266,36.49073],[-118.79337,36.49074],[-118.79325,36.49102],[-118.79342,36.49107],[-118.79399,36.49098],[-118.79394,36.49115],[-118.79442,36.4916],[-118.79499,36.49137],[-118.79505,36.49163],[-118.79472,36.49165],[-118.79477,36.49185],[-118.79511,36.49183],[-118.79509,36.49198],[-118.79566,36.49148],[-118.7963,36.49184],[-118.79774,36.49235],[-118.79885,36.49376],[-118.79858,36.49392],[-118.79861,36.4943],[-118.79969,36.49457],[-118.80031,36.49449],[-118.80032,36.49481],[-118.80134,36.49517],[-118.8013,36.49541],[-118.80142,36.49537],[-118.80148,36.49556],[-118.80173,36.49524],[-118.80207,36.49542],[-118.8023,36.49537],[-118.80252,36.49564],[-118.80288,36.49563],[-118.80307,36.49581],[-118.80347,36.49578],[-118.80408,36.49595],[-118.80425,36.49645],[-118.8047,36.49664],[-118.8052,36.49715],[-118.80521,36.49762],[-118.80548,36.49753],[-118.80597,36.49765],[-118.80613,36.49789],[-118.80603,36.49806],[-118.80637,36.49807],[-118.80713,36.49855],[-118.80709,36.49893],[-118.8074,36.49921],[-118.80732,36.49944],[-118.80757,36.49989],[-118.80722,36.50028],[-118.8072,36.50052],[-118.80774,36.50046],[-118.80777,36.50074],[-118.80769,36.50102],[-118.80721,36.5015],[-118.80736,36.5017],[-118.80703,36.50182],[-118.80811,36.50218],[-118.80846,36.50258],[-118.8088,36.50262],[-118.80838,36.50322],[-118.80849,36.50332],[-118.80805,36.50357],[-118.80816,36.50418],[-118.80794,36.50487],[-118.80814,36.50508],[-118.80788,36.50528],[-118.80734,36.50636],[-118.80554,36.50738],[-118.80528,36.50788],[-118.80452,36.50863],[-118.8033,36.50929],[-118.80331,36.50941],[-118.80293,36.50945],[-118.80257,36.50974],[-118.80251,36.50999],[-118.80231,36.50987],[-118.80226,36.51021],[-118.80199,36.51036],[-118.80179,36.51027],[-118.80163,36.51114],[-118.80193,36.51214],[-118.80175,36.51255],[-118.80093,36.51301],[-118.80058,36.51273],[-118.80025,36.51162],[-118.79967,36.51167],[-118.79966,36.51129],[-118.79942,36.5115],[-118.79878,36.51161],[-118.79803,36.5115],[-118.79753,36.51124],[-118.7968,36.5114],[-118.79656,36.51122],[-118.79661,36.51144],[-118.79642,36.51156],[-118.79599,36.51145],[-118.79583,36.51164],[-118.79539,36.51172],[-118.79584,36.5123],[-118.79549,36.51277],[-118.79607,36.51291],[-118.79648,36.51283],[-118.79661,36.5129],[-118.79672,36.51327],[-118.79695,36.51304],[-118.79729,36.51305],[-118.7976,36.51281],[-118.79854,36.51253],[-118.79952,36.51252],[-118.79958,36.51269],[-118.79944,36.51297],[-118.79986,36.51304],[-118.80035,36.51339],[-118.80022,36.51378],[-118.79992,36.51368],[-118.79997,36.51351],[-118.79924,36.5136],[-118.79883,36.51343],[-118.79801,36.5136],[-118.79884,36.51379],[-118.79942,36.5144],[-118.79893,36.51542],[-118.79902,36.51568],[-118.7986,36.51575],[-118.7987,36.51612],[-118.79833,36.51647],[-118.79841,36.51669],[-118.79823,36.51705],[-118.79851,36.51713],[-118.79865,36.51737],[-118.79903,36.51742],[-118.79907,36.51775],[-118.79967,36.51814],[-118.80037,36.51812],[-118.80091,36.51828],[-118.8011,36.51879],[-118.80089,36.51952],[-118.80012,36.51969],[-118.79998,36.5199],[-118.80023,36.52015],[-118.80009,36.52035],[-118.79984,36.52015],[-118.79964,36.52024],[-118.7997,36.52038],[-118.79948,36.52111],[-118.79893,36.5213],[-118.79902,36.52159],[-118.79865,36.52163],[-118.79883,36.52186],[-118.79852,36.52204],[-118.79915,36.5224],[-118.79862,36.5235],[-118.79862,36.52361],[-118.79899,36.52378],[-118.79901,36.524],[-118.79856,36.52392],[-118.79812,36.52451],[-118.798,36.52488],[-118.79768,36.52492],[-118.7976,36.5252],[-118.79723,36.52533],[-118.79767,36.52559],[-118.79751,36.52595],[-118.79752,36.52651],[-118.79787,36.52654],[-118.79801,36.52674],[-118.79772,36.52705],[-118.7969,36.5275],[-118.79684,36.52773],[-118.79652,36.52753],[-118.79643,36.52769],[-118.79603,36.52761],[-118.79599,36.5278],[-118.79559,36.52782],[-118.79543,36.52797],[-118.7957,36.52812],[-118.7957,36.52825],[-118.79377,36.52888],[-118.79351,36.5294],[-118.79369,36.52947],[-118.79363,36.52965],[-118.79319,36.53021],[-118.79328,36.53032],[-118.79296,36.53034],[-118.79269,36.53062],[-118.79225,36.53065],[-118.79234,36.53118],[-118.79191,36.53125],[-118.79099,36.53208],[-118.79124,36.53223],[-118.79123,36.53256],[-118.79144,36.53304],[-118.79268,36.53254],[-118.79379,36.5325],[-118.79452,36.53203],[-118.79475,36.53201],[-118.79521,36.53225],[-118.79617,36.53219],[-118.79643,36.53241],[-118.797,36.53226],[-118.79744,36.53241],[-118.79749,36.53264],[-118.79778,36.53277],[-118.79784,36.53297],[-118.79813,36.5329],[-118.7986,36.53303],[-118.79884,36.53355],[-118.79915,36.53349],[-118.79952,36.53378],[-118.79989,36.53471],[-118.80039,36.53517],[-118.80037,36.53553],[-118.8002,36.53573],[-118.80049,36.53586],[-118.80045,36.5362],[-118.80066,36.53665],[-118.80028,36.53704],[-118.80049,36.53726],[-118.80068,36.53726],[-118.80079,36.53748],[-118.8007,36.53792],[-118.80085,36.53839],[-118.80049,36.53868],[-118.80016,36.53871],[-118.80003,36.53908],[-118.79968,36.53916],[-118.79959,36.53949],[-118.79922,36.53955],[-118.79872,36.5399],[-118.79845,36.53979],[-118.7984,36.53961],[-118.798,36.53929],[-118.79782,36.53937],[-118.79737,36.53921],[-118.7971,36.53961],[-118.79727,36.53992],[-118.7972,36.54024],[-118.79677,36.54017],[-118.79668,36.54041],[-118.79628,36.54065],[-118.79566,36.54033],[-118.79486,36.54018],[-118.79421,36.53962],[-118.79397,36.53904],[-118.79335,36.53892],[-118.79332,36.5386],[-118.79316,36.53856],[-118.79301,36.53889],[-118.79249,36.53904],[-118.79297,36.53928],[-118.79324,36.53922],[-118.79337,36.53931],[-118.79361,36.53986],[-118.79354,36.54008],[-118.7939,36.54064],[-118.79353,36.54099],[-118.79305,36.54071],[-118.79233,36.53999],[-118.79217,36.53965],[-118.7922,36.53922],[-118.79185,36.53901],[-118.79117,36.53906],[-118.79112,36.53937],[-118.79143,36.53949],[-118.79124,36.53964],[-118.79124,36.53989],[-118.79074,36.54006],[-118.79047,36.53959],[-118.79014,36.5396],[-118.79008,36.53994],[-118.78994,36.53991],[-118.78968,36.54018],[-118.78993,36.54045],[-118.78978,36.5406],[-118.7899,36.54096],[-118.78969,36.54123],[-118.79038,36.54165],[-118.79097,36.54161],[-118.79109,36.54203],[-118.79093,36.54214],[-118.79089,36.54243],[-118.79074,36.54244],[-118.79042,36.54208],[-118.79019,36.54207],[-118.79025,36.54182],[-118.7899,36.54181],[-118.78932,36.54131],[-118.78913,36.54165],[-118.78898,36.54143],[-118.78819,36.5415],[-118.78793,36.54171],[-118.78797,36.54208],[-118.7876,36.5424],[-118.78742,36.5421],[-118.78712,36.54214],[-118.78692,36.54195],[-118.78597,36.54169],[-118.78582,36.54138],[-118.78567,36.54136],[-118.78567,36.5415],[-118.78528,36.54174],[-118.78527,36.54194],[-118.7856,36.54211],[-118.78526,36.54211],[-118.78479,36.54253],[-118.7844,36.54253],[-118.78418,36.5415],[-118.78449,36.54148],[-118.78409,36.54107],[-118.78468,36.54064]]],[[[-118.76847,36.52195],[-118.76863,36.52196],[-118.76861,36.52204],[-118.76847,36.52195]]],[[[-118.74526,36.50351],[-118.7454,36.50357],[-118.74522,36.50377],[-118.74513,36.50368],[-118.74526,36.50351]]],[[[-118.71658,36.50344],[-118.71667,36.50312],[-118.71722,36.50316],[-118.71721,36.50356],[-118.71762,36.50383],[-118.71761,36.50396],[-118.7174,36.50415],[-118.71688,36.50424],[-118.71676,36.50413],[-118.71662,36.50426],[-118.71592,36.504],[-118.71584,36.50367],[-118.71658,36.50344]]]]},"properties":{"fire_id":"ufid:2021-CAKNP-000118","source_collection":"history-2021","source_objectid":48154,"incident_name":"Paradise_KNP Complex","mapped_acres":8203.024,"mapped_acres_source":"poly_GISAcres","gis_acres":8203.024,"auto_acres":8204.491811453834,"reported_acres":8203.0,"percent_contained":null,"state":"CA","state_wfigs":"US-CA","county":"Tulare","discovery_time_utc":"2021-09-10T18:22:00Z","perimeter_time_utc":"2025-11-03T20:37:54Z","perimeter_edit_time_utc":null,"incident_modified_time_utc":"2023-07-01T21:24:28Z","containment_time_utc":"2021-12-31T16:00:00Z","control_time_utc":"2021-12-31T16:00:00Z","fire_out_time_utc":"2021-12-31T16:00:00Z","fire_cause":"Natural","fire_cause_general":"Natural","map_method":"Mixed Methods","source_dataset":"FFP","unique_fire_identifier":"2021-CAKNP-000118","irwin_id":"{927D7096-8E3E-41D0-8D43-7EC1E58BA489}","global_id":"d001206a-ba89-484d-847d-98d9c3ec8b12"}},{"type":"Feature","geometry":{"type":"MultiPolygon","coordinates":[[[[-118.91964,36.72969],[-118.91949,36.72943],[-118.91898,36.72929],[-118.91882,36.72899],[-118.91799,36.72878],[-118.91803,36.72792],[-118.91789,36.72758],[-118.9176,36.72747],[-118.91787,36.72713],[-118.91777,36.72695],[-118.9174,36.72697],[-118.91695,36.7267],[-118.91645,36.72576],[-118.91652,36.72541],[-118.91621,36.72544],[-118.91583,36.72579],[-118.91552,36.7254],[-118.91598,36.72514],[-118.91588,36.72448],[-118.9154,36.72437],[-118.91521,36.72338],[-118.91527,36.72304],[-118.91555,36.72293],[-118.91554,36.72226],[-118.9162,36.72182],[-118.91614,36.72174],[-118.91522,36.72143],[-118.91429,36.7209],[-118.91348,36.72081],[-118.91283,36.72081],[-118.91151,36.72116],[-118.91015,36.72122],[-118.90985,36.72139],[-118.90949,36.7213],[-118.90925,36.72141],[-118.90884,36.72137],[-118.9078,36.72108],[-118.90734,36.72056],[-118.90689,36.71882],[-118.90625,36.71796],[-118.90617,36.71764],[-118.90586,36.71735],[-118.90468,36.71695],[-118.90341,36.71621],[-118.90276,36.71603],[-118.90195,36.71608],[-118.90128,36.71657],[-118.90123,36.71761],[-118.90083,36.71805],[-118.89901,36.71875],[-118.89824,36.71925],[-118.89785,36.71933],[-118.89724,36.71914],[-118.89702,36.71872],[-118.89693,36.71696],[-118.89648,36.716],[-118.89541,36.71483],[-118.89461,36.71423],[-118.89357,36.71389],[-118.89177,36.71366],[-118.89141,36.71345],[-118.89082,36.71256],[-118.89066,36.71172],[-118.88935,36.71],[-118.88927,36.70931],[-118.88666,36.7085],[-118.88584,36.70755],[-118.88536,36.70675],[-118.88314,36.70556],[-118.88207,36.70515],[-118.88081,36.70496],[-118.88051,36.70442],[-118.87953,36.70421],[-118.87878,36.70357],[-118.87866,36.70318],[-118.8782,36.70262],[-118.87798,36.70193],[-118.87853,36.7005],[-118.87814,36.69919],[-118.87817,36.69491],[-118.87759,36.6948],[-118.87754,36.69464],[-118.87684,36.69471],[-118.87629,36.69446],[-118.87643,36.69426],[-118.87625,36.6938],[-118.87697,36.69392],[-118.87694,36.69403],[-118.87724,36.69413],[-118.87712,36.69374],[-118.87744,36.69365],[-118.87773,36.69391],[-118.87783,36.69363],[-118.87812,36.69364],[-118.87796,36.68932],[-118.8789,36.68836],[-118.87874,36.68831],[-118.87876,36.68821],[-118.87903,36.68822],[-118.88003,36.68713],[-118.87983,36.68701],[-118.88012,36.68651],[-118.88031,36.68647],[-118.88036,36.68678],[-118.88064,36.68647],[-118.88069,36.68624],[-118.88053,36.68614],[-118.88069,36.68564],[-118.88007,36.68519],[-118.88022,36.68465],[-118.87969,36.6841],[-118.87956,36.6837],[-118.87995,36.68376],[-118.87988,36.6835],[-118.88009,36.68331],[-118.87987,36.6831],[-118.87938,36.68316],[-118.8793,36.68334],[-118.87907,36.6831],[-118.87905,36.68299],[-118.87939,36.683],[-118.8792,36.68281],[-118.87933,36.68274],[-118.87926,36.68248],[-118.87963,36.68255],[-118.8798,36.68245],[-118.87914,36.68116],[-118.87899,36.68042],[-118.87846,36.68031],[-118.87849,36.67992],[-118.87828,36.67969],[-118.87822,36.67986],[-118.87765,36.6799],[-118.87778,36.67974],[-118.87777,36.67937],[-118.87749,36.67924],[-118.87753,36.67882],[-118.87794,36.67893],[-118.87817,36.67873],[-118.87797,36.67855],[-118.87824,36.67814],[-118.878,36.67786],[-118.87792,36.67749],[-118.87808,36.67723],[-118.87768,36.67707],[-118.87779,36.67673],[-118.87772,36.67659],[-118.87688,36.67656],[-118.87669,36.67647],[-118.87672,36.67636],[-118.87645,36.67641],[-118.87645,36.67611],[-118.87671,36.6757],[-118.87741,36.67554],[-118.87879,36.67482],[-118.87863,36.67427],[-118.8782,36.67403],[-118.87849,36.67376],[-118.87839,36.67334],[-118.87791,36.67332],[-118.87764,36.67363],[-118.87704,36.6734],[-118.87711,36.67333],[-118.87685,36.67314],[-118.87682,36.67288],[-118.87697,36.67283],[-118.87705,36.67244],[-118.8777,36.67204],[-118.87846,36.67202],[-118.87835,36.67187],[-118.87892,36.67146],[-118.8793,36.67148],[-118.87944,36.67108],[-118.87934,36.67093],[-118.87962,36.67047],[-118.87981,36.67048],[-118.87995,36.67024],[-118.87747,36.66908],[-118.87702,36.66995],[-118.87643,36.66994],[-118.87645,36.67019],[-118.87609,36.67083],[-118.87621,36.67098],[-118.87608,36.6712],[-118.87586,36.67106],[-118.87595,36.67065],[-118.87544,36.6703],[-118.87555,36.66976],[-118.8752,36.66967],[-118.87477,36.66935],[-118.87424,36.66925],[-118.8739,36.66947],[-118.87363,36.66935],[-118.8737,36.66912],[-118.87321,36.66899],[-118.87283,36.66906],[-118.87208,36.66884],[-118.87186,36.66896],[-118.87176,36.66879],[-118.87218,36.66834],[-118.87239,36.66775],[-118.8722,36.66758],[-118.87204,36.66714],[-118.87165,36.66701],[-118.87182,36.6668],[-118.87125,36.66671],[-118.87103,36.66705],[-118.87032,36.66675],[-118.87071,36.66598],[-118.8704,36.66577],[-118.87024,36.66589],[-118.87005,36.66579],[-118.87011,36.6654],[-118.8703,36.66535],[-118.87052,36.66459],[-118.87078,36.66473],[-118.87089,36.6645],[-118.87092,36.66373],[-118.87151,36.66362],[-118.87161,36.66326],[-118.87153,36.66252],[-118.87136,36.66289],[-118.871,36.66305],[-118.87085,36.66299],[-118.87095,36.66279],[-118.87078,36.66257],[-118.8709,36.6622],[-118.87031,36.66135],[-118.86994,36.66169],[-118.86976,36.6616],[-118.86977,36.66146],[-118.8696,36.66148],[-118.86966,36.66131],[-118.86934,36.66125],[-118.8693,36.66095],[-118.86946,36.66076],[-118.8689,36.6608],[-118.86863,36.66048],[-118.8681,36.66044],[-118.86798,36.66027],[-118.8684,36.66004],[-118.86893,36.65996],[-118.8689,36.65955],[-118.86903,36.65945],[-118.86894,36.65935],[-118.86915,36.65931],[-118.86921,36.659],[-118.86958,36.65901],[-118.86953,36.65881],[-118.86909,36.65856],[-118.86886,36.6589],[-118.86852,36.65888],[-118.86824,36.6586],[-118.86781,36.65874],[-118.86767,36.65862],[-118.8678,36.65839],[-118.86769,36.65827],[-118.86745,36.65837],[-118.86727,36.65825],[-118.86754,36.65809],[-118.86723,36.65773],[-118.86706,36.65772],[-118.86694,36.65797],[-118.86657,36.6582],[-118.86636,36.6582],[-118.86645,36.65768],[-118.86551,36.65788],[-118.86491,36.65759],[-118.86539,36.65702],[-118.86524,36.65654],[-118.86483,36.65629],[-118.86503,36.65583],[-118.86529,36.65578],[-118.86455,36.65565],[-118.86417,36.65584],[-118.86381,36.65583],[-118.86375,36.65567],[-118.8633,36.65573],[-118.86223,36.65519],[-118.86225,36.65473],[-118.86159,36.65513],[-118.86166,36.65532],[-118.86089,36.6554],[-118.86076,36.65519],[-118.86088,36.65469],[-118.86069,36.65459],[-118.86066,36.6544],[-118.8609,36.65427],[-118.86064,36.65427],[-118.86032,36.6539],[-118.86001,36.65389],[-118.85999,36.65404],[-118.85946,36.65411],[-118.85937,36.65382],[-118.85946,36.65359],[-118.85922,36.65345],[-118.85916,36.65394],[-118.85838,36.65426],[-118.85814,36.65391],[-118.85775,36.65375],[-118.8576,36.65345],[-118.85705,36.65346],[-118.85666,36.65388],[-118.85678,36.65493],[-118.85607,36.65504],[-118.85596,36.65459],[-118.85572,36.65433],[-118.85554,36.65446],[-118.85552,36.6548],[-118.85538,36.65479],[-118.85552,36.65507],[-118.85537,36.65532],[-118.85528,36.655],[-118.85516,36.65534],[-118.85491,36.65542],[-118.85476,36.65488],[-118.85499,36.65486],[-118.85481,36.65447],[-118.85493,36.65417],[-118.85466,36.65413],[-118.85461,36.65434],[-118.85407,36.65433],[-118.85371,36.65448],[-118.85367,36.65497],[-118.85266,36.65544],[-118.85175,36.65614],[-118.8511,36.6563],[-118.85117,36.6565],[-118.85093,36.65696],[-118.85128,36.65753],[-118.8511,36.65767],[-118.8503,36.65729],[-118.85036,36.65694],[-118.84996,36.65742],[-118.85005,36.65769],[-118.84972,36.65762],[-118.84955,36.65771],[-118.84965,36.65816],[-118.85007,36.65813],[-118.85041,36.65791],[-118.85066,36.65828],[-118.85092,36.65843],[-118.85093,36.65855],[-118.85075,36.65859],[-118.85079,36.65872],[-118.85113,36.65875],[-118.85107,36.65892],[-118.8512,36.65905],[-118.85109,36.65931],[-118.85124,36.65968],[-118.85082,36.65981],[-118.85072,36.65974],[-118.85086,36.65937],[-118.8504,36.65899],[-118.85052,36.6596],[-118.85028,36.65959],[-118.85004,36.65937],[-118.84996,36.65965],[-118.85056,36.66021],[-118.8503,36.66024],[-118.85006,36.66054],[-118.84939,36.66057],[-118.84914,36.66035],[-118.84918,36.66012],[-118.84931,36.66007],[-118.84896,36.65988],[-118.84902,36.65975],[-118.84878,36.65965],[-118.84856,36.65929],[-118.84828,36.65923],[-118.84846,36.65907],[-118.84843,36.65884],[-118.84819,36.65882],[-118.84792,36.65913],[-118.84798,36.65946],[-118.84781,36.65953],[-118.84847,36.66002],[-118.8481,36.66009],[-118.84798,36.66024],[-118.84806,36.66061],[-118.84787,36.66077],[-118.84749,36.66076],[-118.84752,36.6605],[-118.84736,36.66041],[-118.84698,36.66067],[-118.84671,36.66056],[-118.84676,36.66015],[-118.84658,36.66004],[-118.84642,36.65959],[-118.84663,36.65883],[-118.84571,36.65845],[-118.84509,36.65845],[-118.84465,36.65815],[-118.84408,36.65689],[-118.84361,36.65638],[-118.84359,36.65578],[-118.84332,36.65575],[-118.84269,36.65599],[-118.84228,36.65584],[-118.84214,36.65551],[-118.84169,36.65554],[-118.84109,36.65531],[-118.84007,36.65531],[-118.8395,36.6549],[-118.83953,36.65464],[-118.83913,36.65449],[-118.8379,36.65504],[-118.83764,36.65461],[-118.83715,36.65436],[-118.83697,36.65381],[-118.83643,36.65373],[-118.83618,36.65402],[-118.83628,36.65416],[-118.83649,36.65411],[-118.83662,36.65433],[-118.83627,36.65438],[-118.8361,36.65475],[-118.83561,36.6549],[-118.83544,36.65427],[-118.83513,36.65426],[-118.83506,36.65461],[-118.83468,36.65471],[-118.83446,36.65503],[-118.83478,36.65517],[-118.83486,36.65571],[-118.83508,36.65565],[-118.83517,36.65579],[-118.83493,36.65582],[-118.83497,36.65617],[-118.83474,36.65623],[-118.83485,36.65636],[-118.83483,36.65677],[-118.83463,36.65675],[-118.83445,36.657],[-118.83459,36.65711],[-118.8342,36.65723],[-118.83458,36.65754],[-118.83449,36.65777],[-118.83487,36.658],[-118.83442,36.65872],[-118.83417,36.65874],[-118.83429,36.65904],[-118.83451,36.65916],[-118.83419,36.65953],[-118.83401,36.65944],[-118.83372,36.65957],[-118.83324,36.65933],[-118.83337,36.65977],[-118.83321,36.66032],[-118.8327,36.6605],[-118.83271,36.6603],[-118.83289,36.66024],[-118.83238,36.66013],[-118.83257,36.65986],[-118.8321,36.65974],[-118.83236,36.65961],[-118.83226,36.65959],[-118.83232,36.65931],[-118.83189,36.65944],[-118.83228,36.65909],[-118.83223,36.65864],[-118.83233,36.65854],[-118.83215,36.65842],[-118.83206,36.65856],[-118.83176,36.65858],[-118.83182,36.65949],[-118.83111,36.65984],[-118.83087,36.65967],[-118.83087,36.65953],[-118.83109,36.65947],[-118.83092,36.65942],[-118.83095,36.65918],[-118.83033,36.65927],[-118.83058,36.65894],[-118.83016,36.65842],[-118.82984,36.65853],[-118.82945,36.65834],[-118.82894,36.65835],[-118.82875,36.6585],[-118.82889,36.65912],[-118.82866,36.65972],[-118.8289,36.66011],[-118.8288,36.66048],[-118.82761,36.66094],[-118.82742,36.66089],[-118.82743,36.66113],[-118.82705,36.66115],[-118.8268,36.66133],[-118.8267,36.66165],[-118.82733,36.66206],[-118.82731,36.66252],[-118.82757,36.66256],[-118.82773,36.66274],[-118.8276,36.6629],[-118.82701,36.6629],[-118.8265,36.66323],[-118.8269,36.66352],[-118.82685,36.664],[-118.82657,36.66373],[-118.82598,36.66387],[-118.82588,36.66383],[-118.82594,36.66369],[-118.82561,36.66375],[-118.82547,36.66362],[-118.82492,36.66359],[-118.82505,36.66339],[-118.82487,36.66337],[-118.82496,36.66314],[-118.82398,36.66328],[-118.82426,36.66363],[-118.82379,36.66352],[-118.82381,36.66391],[-118.82368,36.66407],[-118.8235,36.66364],[-118.82341,36.66371],[-118.82302,36.66349],[-118.82294,36.66332],[-118.82268,36.66352],[-118.82254,36.66337],[-118.82207,36.66334],[-118.82167,36.66374],[-118.82186,36.66392],[-118.82188,36.66413],[-118.82158,36.66427],[-118.82139,36.66405],[-118.82112,36.66406],[-118.82065,36.66315],[-118.82065,36.66288],[-118.82097,36.66235],[-118.82056,36.66229],[-118.82081,36.66197],[-118.82081,36.66175],[-118.82054,36.66171],[-118.82035,36.66138],[-118.82052,36.66095],[-118.8208,36.6606],[-118.82153,36.66025],[-118.82226,36.66003],[-118.82346,36.65993],[-118.82427,36.65879],[-118.8236,36.65707],[-118.82303,36.65674],[-118.82242,36.65668],[-118.82207,36.65631],[-118.82265,36.65561],[-118.82274,36.65532],[-118.82308,36.65511],[-118.82313,36.65468],[-118.82407,36.65413],[-118.82479,36.65396],[-118.82488,36.65372],[-118.82577,36.65344],[-118.82583,36.65322],[-118.82625,36.65313],[-118.82662,36.65273],[-118.82728,36.65273],[-118.82757,36.65149],[-118.82744,36.65107],[-118.82721,36.6509],[-118.82657,36.65069],[-118.82654,36.65054],[-118.82609,36.6505],[-118.82605,36.65016],[-118.82634,36.64982],[-118.82672,36.64972],[-118.82694,36.64905],[-118.82666,36.64853],[-118.82571,36.64774],[-118.82555,36.64725],[-118.82473,36.6465],[-118.82417,36.6451],[-118.82339,36.64401],[-118.82142,36.64296],[-118.81927,36.64279],[-118.81855,36.64287],[-118.81727,36.64344],[-118.81618,36.64422],[-118.81539,36.64568],[-118.8153,36.64624],[-118.81504,36.64659],[-118.81468,36.64674],[-118.81402,36.64676],[-118.81372,36.64671],[-118.81294,36.64609],[-118.81246,36.64546],[-118.81101,36.64407],[-118.81047,36.64375],[-118.80973,36.6437],[-118.80937,36.64381],[-118.80888,36.64428],[-118.80824,36.64442],[-118.80771,36.64485],[-118.8067,36.64537],[-118.80536,36.64648],[-118.80477,36.64637],[-118.80476,36.6461],[-118.80412,36.64567],[-118.80427,36.64513],[-118.8046,36.64443],[-118.80577,36.64377],[-118.8072,36.64208],[-118.80739,36.64058],[-118.80711,36.63961],[-118.80689,36.63915],[-118.80667,36.63905],[-118.8062,36.63925],[-118.80534,36.63928],[-118.8046,36.6396],[-118.80402,36.63965],[-118.80302,36.6394],[-118.80261,36.63885],[-118.80254,36.63832],[-118.80269,36.63792],[-118.80311,36.63752],[-118.8042,36.63689],[-118.80458,36.63621],[-118.80457,36.63498],[-118.80402,36.63266],[-118.80416,36.63097],[-118.80408,36.63028],[-118.80378,36.63014],[-118.80322,36.63023],[-118.80302,36.63],[-118.80289,36.6302],[-118.80304,36.63036],[-118.80295,36.63088],[-118.8025,36.63138],[-118.80181,36.63149],[-118.80111,36.63204],[-118.80042,36.63216],[-118.79993,36.63201],[-118.79919,36.63207],[-118.799,36.63201],[-118.79889,36.6317],[-118.79819,36.63138],[-118.79736,36.63151],[-118.79728,36.63167],[-118.7974,36.6319],[-118.79646,36.63169],[-118.79639,36.63154],[-118.79662,36.63143],[-118.79667,36.63116],[-118.79652,36.63104],[-118.79621,36.63127],[-118.79549,36.63129],[-118.79541,36.63104],[-118.79545,36.63089],[-118.79567,36.63085],[-118.79563,36.63072],[-118.79539,36.6306],[-118.79524,36.63028],[-118.79488,36.6303],[-118.79469,36.6299],[-118.79423,36.62959],[-118.79409,36.62989],[-118.79359,36.62989],[-118.79368,36.6301],[-118.79351,36.63068],[-118.79273,36.63071],[-118.79252,36.63042],[-118.79213,36.63045],[-118.79128,36.63018],[-118.79084,36.62984],[-118.79085,36.6296],[-118.79104,36.6294],[-118.79097,36.62927],[-118.7908,36.62932],[-118.79058,36.62916],[-118.79026,36.63003],[-118.78962,36.6302],[-118.78962,36.6304],[-118.78999,36.6303],[-118.7902,36.6305],[-118.7902,36.63094],[-118.79003,36.63107],[-118.78994,36.63149],[-118.79003,36.63172],[-118.78995,36.63216],[-118.78955,36.63296],[-118.78899,36.63292],[-118.78888,36.63267],[-118.78867,36.63258],[-118.78867,36.63217],[-118.788,36.63226],[-118.78765,36.63208],[-118.78698,36.63213],[-118.7868,36.63205],[-118.7868,36.63181],[-118.78657,36.63169],[-118.78635,36.63183],[-118.7857,36.63185],[-118.78525,36.6324],[-118.78493,36.63239],[-118.78437,36.63269],[-118.78415,36.63262],[-118.78413,36.63285],[-118.78394,36.6329],[-118.78371,36.63283],[-118.78361,36.63264],[-118.78362,36.63215],[-118.7833,36.63197],[-118.78341,36.63181],[-118.78422,36.63193],[-118.78425,36.63176],[-118.78394,36.63177],[-118.78379,36.63147],[-118.78356,36.63142],[-118.78356,36.63109],[-118.78339,36.63083],[-118.78306,36.63091],[-118.78292,36.63085],[-118.78291,36.63064],[-118.78258,36.6305],[-118.78231,36.63017],[-118.78245,36.62989],[-118.78231,36.62971],[-118.7825,36.6296],[-118.78261,36.62932],[-118.78383,36.62894],[-118.78394,36.62879],[-118.78474,36.62892],[-118.78484,36.62806],[-118.78463,36.62786],[-118.78467,36.62767],[-118.78415,36.62781],[-118.78426,36.62815],[-118.78406,36.62829],[-118.78408,36.62845],[-118.78348,36.62823],[-118.78305,36.62777],[-118.78319,36.62761],[-118.78314,36.62748],[-118.78277,36.62709],[-118.78316,36.62687],[-118.78311,36.62643],[-118.78286,36.62604],[-118.78293,36.62562],[-118.78274,36.6252],[-118.78282,36.62482],[-118.78224,36.62467],[-118.78075,36.6252],[-118.78002,36.62514],[-118.77958,36.62528],[-118.78018,36.62597],[-118.78035,36.62653],[-118.77983,36.62678],[-118.77969,36.62665],[-118.779,36.62668],[-118.77883,36.62671],[-118.77882,36.62686],[-118.77851,36.62691],[-118.77868,36.62701],[-118.77863,36.62717],[-118.77885,36.62726],[-118.77864,36.62749],[-118.77861,36.62775],[-118.77805,36.6282],[-118.7781,36.62845],[-118.77727,36.62896],[-118.77723,36.62936],[-118.77755,36.62958],[-118.77764,36.62983],[-118.77736,36.63035],[-118.77736,36.6307],[-118.77711,36.63099],[-118.7772,36.63139],[-118.77695,36.63149],[-118.77656,36.63211],[-118.77578,36.63232],[-118.77534,36.63295],[-118.77465,36.63324],[-118.77419,36.63413],[-118.77434,36.63468],[-118.77422,36.635],[-118.77387,36.63517],[-118.7735,36.63509],[-118.77324,36.63527],[-118.77332,36.63545],[-118.77376,36.63553],[-118.77375,36.63579],[-118.77356,36.63603],[-118.77339,36.63589],[-118.77322,36.63619],[-118.77327,36.63676],[-118.77307,36.63728],[-118.77311,36.63808],[-118.77298,36.6382],[-118.7727,36.63789],[-118.77218,36.63784],[-118.77202,36.63762],[-118.77194,36.63809],[-118.77167,36.63834],[-118.77121,36.63775],[-118.77119,36.63754],[-118.77066,36.63737],[-118.77066,36.63721],[-118.76994,36.63657],[-118.76942,36.63583],[-118.76872,36.63586],[-118.76862,36.63608],[-118.76844,36.63614],[-118.76918,36.63631],[-118.76892,36.63669],[-118.76899,36.6368],[-118.76966,36.63687],[-118.76935,36.63717],[-118.76939,36.63727],[-118.76988,36.6371],[-118.76983,36.63735],[-118.7706,36.63787],[-118.77091,36.63857],[-118.77155,36.63855],[-118.77164,36.63883],[-118.77181,36.63865],[-118.77208,36.63866],[-118.77211,36.63924],[-118.77271,36.63915],[-118.77281,36.63931],[-118.77271,36.63955],[-118.77289,36.63988],[-118.77288,36.6401],[-118.7727,36.64025],[-118.77321,36.64055],[-118.77318,36.64073],[-118.77311,36.64052],[-118.77297,36.64051],[-118.77289,36.6407],[-118.77303,36.64098],[-118.7729,36.64109],[-118.77306,36.64132],[-118.77295,36.64146],[-118.77243,36.64168],[-118.77218,36.64156],[-118.77219,36.64125],[-118.77247,36.64106],[-118.77189,36.64092],[-118.77133,36.64113],[-118.77131,36.64094],[-118.77072,36.64076],[-118.7705,36.64097],[-118.77002,36.64086],[-118.76965,36.64105],[-118.76965,36.64167],[-118.7701,36.64136],[-118.7703,36.64148],[-118.77014,36.64198],[-118.76994,36.64201],[-118.76994,36.64182],[-118.76983,36.64181],[-118.76977,36.64203],[-118.7695,36.64216],[-118.76957,36.64237],[-118.76919,36.64232],[-118.76922,36.64256],[-118.76902,36.6427],[-118.76881,36.64251],[-118.7676,36.643],[-118.76678,36.64301],[-118.76654,36.64347],[-118.7664,36.64342],[-118.76635,36.64297],[-118.76589,36.64281],[-118.76554,36.64299],[-118.76556,36.64242],[-118.7654,36.64241],[-118.76526,36.64258],[-118.76512,36.64249],[-118.76491,36.6426],[-118.7649,36.64274],[-118.7653,36.64286],[-118.76514,36.64296],[-118.76458,36.64319],[-118.76444,36.64298],[-118.76421,36.64301],[-118.76424,36.64321],[-118.76384,36.64327],[-118.76403,36.64338],[-118.76402,36.64362],[-118.76419,36.64355],[-118.76411,36.64376],[-118.76349,36.644],[-118.76328,36.64377],[-118.76308,36.64385],[-118.76299,36.64352],[-118.76282,36.64361],[-118.76292,36.64373],[-118.76281,36.6439],[-118.76266,36.64391],[-118.76275,36.64362],[-118.76259,36.64361],[-118.76207,36.64444],[-118.76163,36.64456],[-118.76072,36.64508],[-118.76025,36.64516],[-118.76048,36.64536],[-118.76004,36.64546],[-118.75983,36.64567],[-118.75983,36.64589],[-118.7595,36.64597],[-118.75935,36.64581],[-118.75928,36.64594],[-118.75943,36.64599],[-118.75941,36.6462],[-118.75839,36.64622],[-118.75828,36.64607],[-118.75838,36.64595],[-118.75813,36.64605],[-118.758,36.64596],[-118.75814,36.64579],[-118.75807,36.64541],[-118.75829,36.64531],[-118.75822,36.64516],[-118.75843,36.64474],[-118.75866,36.64491],[-118.75897,36.64452],[-118.75922,36.64447],[-118.75925,36.64424],[-118.75963,36.64392],[-118.7595,36.64359],[-118.75932,36.64348],[-118.75971,36.64305],[-118.75914,36.64304],[-118.75885,36.64338],[-118.75773,36.64385],[-118.75753,36.64423],[-118.75815,36.64465],[-118.75818,36.64501],[-118.75799,36.64526],[-118.75767,36.64507],[-118.75762,36.64564],[-118.75724,36.64565],[-118.7572,36.64584],[-118.75774,36.64647],[-118.75797,36.64648],[-118.7583,36.64679],[-118.75879,36.64682],[-118.75884,36.64706],[-118.75852,36.6475],[-118.75772,36.64756],[-118.75772,36.64767],[-118.75708,36.64781],[-118.75705,36.648],[-118.75657,36.64798],[-118.75617,36.64778],[-118.75583,36.64793],[-118.75538,36.64784],[-118.75536,36.6476],[-118.75551,36.64754],[-118.75533,36.64747],[-118.75542,36.64723],[-118.7552,36.64712],[-118.75499,36.64727],[-118.75467,36.64707],[-118.75446,36.64718],[-118.7539,36.64708],[-118.75361,36.64726],[-118.75406,36.6476],[-118.75394,36.64772],[-118.75424,36.64803],[-118.75457,36.64792],[-118.7548,36.64798],[-118.75482,36.64816],[-118.75459,36.64823],[-118.75454,36.64844],[-118.75437,36.64851],[-118.7546,36.64885],[-118.75437,36.64913],[-118.75417,36.64915],[-118.75417,36.64933],[-118.75435,36.64963],[-118.75454,36.64961],[-118.7552,36.6502],[-118.7551,36.65042],[-118.75536,36.65075],[-118.75539,36.65121],[-118.75503,36.65136],[-118.75535,36.65171],[-118.7548,36.65221],[-118.75462,36.65218],[-118.75469,36.65183],[-118.75451,36.65186],[-118.7544,36.65152],[-118.75431,36.65165],[-118.75394,36.65159],[-118.75386,36.65174],[-118.75401,36.65184],[-118.75389,36.65202],[-118.75425,36.65209],[-118.75413,36.65219],[-118.7537,36.65221],[-118.75359,36.65236],[-118.75326,36.65223],[-118.7534,36.65205],[-118.75312,36.65201],[-118.75309,36.65238],[-118.75337,36.65243],[-118.75352,36.65263],[-118.75333,36.65251],[-118.75313,36.65281],[-118.75326,36.65287],[-118.75293,36.6529],[-118.75273,36.65274],[-118.75249,36.65275],[-118.75249,36.6526],[-118.75235,36.65262],[-118.75233,36.65246],[-118.75202,36.65232],[-118.75201,36.65205],[-118.7518,36.65186],[-118.75182,36.65156],[-118.75146,36.6516],[-118.75161,36.65174],[-118.75168,36.65211],[-118.75152,36.65214],[-118.75142,36.65201],[-118.75135,36.65217],[-118.75117,36.65216],[-118.7517,36.65232],[-118.75167,36.65252],[-118.75135,36.65251],[-118.7507,36.65188],[-118.75078,36.6517],[-118.75109,36.65166],[-118.75096,36.65162],[-118.75103,36.65112],[-118.75149,36.65111],[-118.75172,36.65097],[-118.75179,36.65076],[-118.75155,36.65069],[-118.75148,36.65051],[-118.75117,36.6505],[-118.75134,36.65036],[-118.75095,36.6502],[-118.75074,36.65028],[-118.75075,36.6505],[-118.75039,36.6504],[-118.75022,36.65063],[-118.74999,36.65063],[-118.74983,36.65028],[-118.74958,36.65058],[-118.74927,36.65063],[-118.74952,36.65033],[-118.74924,36.65039],[-118.74919,36.65052],[-118.74905,36.65048],[-118.74912,36.65015],[-118.74882,36.65013],[-118.74887,36.64988],[-118.74853,36.64984],[-118.74874,36.64954],[-118.74938,36.64913],[-118.7493,36.64903],[-118.74943,36.6487],[-118.74924,36.64881],[-118.74923,36.64898],[-118.74902,36.64896],[-118.74908,36.64873],[-118.74892,36.64855],[-118.74907,36.64828],[-118.74886,36.64834],[-118.7486,36.64821],[-118.74862,36.64811],[-118.74877,36.64816],[-118.74864,36.64782],[-118.74869,36.64757],[-118.74839,36.64736],[-118.74832,36.64715],[-118.74846,36.64665],[-118.74835,36.64668],[-118.74828,36.64651],[-118.74845,36.64645],[-118.7484,36.64605],[-118.74867,36.64597],[-118.74877,36.64623],[-118.74917,36.64618],[-118.74966,36.64637],[-118.7499,36.64618],[-118.75035,36.64641],[-118.7504,36.64605],[-118.75027,36.64569],[-118.75036,36.64558],[-118.75082,36.64561],[-118.75117,36.6454],[-118.75146,36.64563],[-118.75169,36.64561],[-118.75212,36.64533],[-118.75205,36.64496],[-118.75183,36.64489],[-118.75205,36.64462],[-118.75198,36.64456],[-118.7517,36.64448],[-118.75103,36.64478],[-118.75086,36.64468],[-118.7518,36.64408],[-118.75158,36.64375],[-118.75077,36.64402],[-118.75091,36.64417],[-118.75045,36.64419],[-118.75037,36.64461],[-118.75012,36.64458],[-118.75017,36.64427],[-118.74985,36.6439],[-118.7509,36.64345],[-118.75046,36.64307],[-118.75054,36.6429],[-118.75038,36.64291],[-118.75037,36.6427],[-118.75013,36.64274],[-118.74997,36.64291],[-118.75002,36.64311],[-118.74962,36.64329],[-118.74948,36.64349],[-118.74945,36.6436],[-118.74976,36.64366],[-118.74956,36.64377],[-118.74964,36.64385],[-118.74949,36.64386],[-118.7495,36.64375],[-118.74896,36.64403],[-118.74841,36.64405],[-118.74839,36.64436],[-118.74801,36.64442],[-118.74772,36.64424],[-118.74731,36.64454],[-118.74715,36.64429],[-118.74731,36.64415],[-118.74722,36.64391],[-118.74696,36.64385],[-118.74692,36.6437],[-118.74707,36.64361],[-118.74734,36.64381],[-118.74742,36.64375],[-118.74719,36.64335],[-118.74698,36.64333],[-118.74696,36.64347],[-118.74674,36.64353],[-118.74647,36.64337],[-118.746,36.6434],[-118.7456,36.64368],[-118.74551,36.64345],[-118.74583,36.64343],[-118.74579,36.6433],[-118.74555,36.64322],[-118.74525,36.64341],[-118.74497,36.6431],[-118.74454,36.64311],[-118.74439,36.64321],[-118.74428,36.64379],[-118.74399,36.6437],[-118.74418,36.64364],[-118.74417,36.64347],[-118.74348,36.64321],[-118.74322,36.64256],[-118.74294,36.64248],[-118.74308,36.64263],[-118.743,36.64293],[-118.74309,36.64298],[-118.74294,36.64316],[-118.7428,36.64307],[-118.74271,36.6432],[-118.74288,36.64346],[-118.74281,36.64359],[-118.74259,36.64352],[-118.74254,36.64335],[-118.7424,36.64339],[-118.74248,36.64308],[-118.74236,36.64303],[-118.74168,36.64347],[-118.74159,36.64394],[-118.74185,36.64406],[-118.742,36.644],[-118.74188,36.64408],[-118.74205,36.64416],[-118.74217,36.64464],[-118.74181,36.64483],[-118.74148,36.64449],[-118.74125,36.64447],[-118.74107,36.64417],[-118.7408,36.64413],[-118.74078,36.64386],[-118.74065,36.64384],[-118.74068,36.64352],[-118.74082,36.6434],[-118.74072,36.64303],[-118.74044,36.6433],[-118.73985,36.64318],[-118.73959,36.64337],[-118.73961,36.64389],[-118.73922,36.64403],[-118.73862,36.64381],[-118.7386,36.64398],[-118.73824,36.644],[-118.73811,36.64376],[-118.73802,36.6439],[-118.73787,36.64382],[-118.7378,36.64352],[-118.73756,36.64356],[-118.73758,36.64339],[-118.73746,36.64335],[-118.73718,36.64357],[-118.73688,36.64358],[-118.73718,36.64311],[-118.73736,36.64309],[-118.73736,36.64287],[-118.73723,36.64281],[-118.73722,36.64261],[-118.73733,36.64257],[-118.73716,36.64249],[-118.73739,36.64183],[-118.73799,36.64167],[-118.73846,36.64174],[-118.738,36.64124],[-118.73805,36.64075],[-118.73793,36.64049],[-118.73761,36.6405],[-118.73765,36.64068],[-118.73747,36.64068],[-118.7375,36.6414],[-118.73715,36.64147],[-118.73709,36.64199],[-118.73652,36.64232],[-118.73667,36.64252],[-118.7364,36.64272],[-118.73624,36.64245],[-118.73577,36.64257],[-118.73567,36.64283],[-118.73577,36.64306],[-118.73569,36.64326],[-118.73588,36.6434],[-118.73599,36.6434],[-118.736,36.64314],[-118.73636,36.64293],[-118.73651,36.64297],[-118.73657,36.64356],[-118.73695,36.64384],[-118.73685,36.64395],[-118.73699,36.64438],[-118.73664,36.64456],[-118.73656,36.64482],[-118.73615,36.64497],[-118.73615,36.64517],[-118.73568,36.64506],[-118.73557,36.64523],[-118.73523,36.64517],[-118.73495,36.64561],[-118.73516,36.64605],[-118.73452,36.64636],[-118.73469,36.64638],[-118.73478,36.6466],[-118.73461,36.64671],[-118.73473,36.64683],[-118.73466,36.64696],[-118.7344,36.64694],[-118.73433,36.64666],[-118.73407,36.64677],[-118.73405,36.6466],[-118.73372,36.64665],[-118.73363,36.64643],[-118.73259,36.64673],[-118.7325,36.64624],[-118.73259,36.6461],[-118.7329,36.64606],[-118.73305,36.64617],[-118.73305,36.646],[-118.73318,36.64599],[-118.73305,36.64588],[-118.7332,36.64559],[-118.73319,36.64525],[-118.73293,36.6452],[-118.73288,36.64538],[-118.73243,36.64547],[-118.73241,36.64562],[-118.73263,36.64564],[-118.73255,36.64597],[-118.73221,36.6462],[-118.73202,36.64596],[-118.73182,36.64601],[-118.7318,36.64586],[-118.7315,36.64588],[-118.73134,36.64573],[-118.7314,36.64559],[-118.73118,36.64551],[-118.73125,36.64534],[-118.73111,36.64517],[-118.73066,36.64526],[-118.73088,36.64512],[-118.73059,36.64514],[-118.73074,36.64497],[-118.73066,36.64485],[-118.73075,36.64471],[-118.73071,36.64442],[-118.73056,36.64435],[-118.7306,36.64402],[-118.73097,36.64408],[-118.73108,36.64385],[-118.73134,36.64383],[-118.73149,36.64352],[-118.73097,36.6434],[-118.73053,36.6436],[-118.73031,36.64344],[-118.73001,36.64353],[-118.72985,36.64334],[-118.73014,36.64306],[-118.73039,36.64306],[-118.73059,36.64257],[-118.73076,36.64251],[-118.73092,36.64219],[-118.73125,36.64221],[-118.7314,36.64208],[-118.73102,36.64204],[-118.73128,36.64179],[-118.73124,36.64159],[-118.73137,36.64161],[-118.73139,36.64139],[-118.73105,36.64146],[-118.73102,36.6413],[-118.73129,36.64115],[-118.73129,36.64094],[-118.73088,36.64105],[-118.73083,36.6408],[-118.73067,36.64072],[-118.73036,36.64082],[-118.73097,36.64027],[-118.73045,36.64002],[-118.73085,36.63969],[-118.73082,36.63951],[-118.73151,36.63961],[-118.73151,36.63938],[-118.73129,36.63935],[-118.73116,36.63917],[-118.7313,36.63851],[-118.7316,36.63826],[-118.73159,36.63754],[-118.73142,36.63722],[-118.73119,36.63775],[-118.73072,36.63785],[-118.73035,36.63815],[-118.73054,36.63842],[-118.73048,36.63865],[-118.73007,36.63901],[-118.72965,36.63889],[-118.7297,36.63854],[-118.72961,36.63843],[-118.73039,36.63759],[-118.73082,36.63742],[-118.73081,36.63728],[-118.7305,36.6372],[-118.73068,36.63681],[-118.73041,36.63653],[-118.7305,36.63611],[-118.72989,36.63656],[-118.72967,36.63657],[-118.72968,36.63693],[-118.72916,36.63741],[-118.72857,36.63752],[-118.72846,36.63765],[-118.72807,36.63732],[-118.72815,36.63689],[-118.72804,36.6364],[-118.72757,36.63677],[-118.72753,36.63719],[-118.72722,36.63754],[-118.72724,36.63772],[-118.72751,36.63774],[-118.72766,36.63809],[-118.72711,36.63794],[-118.72686,36.63801],[-118.72678,36.63761],[-118.72657,36.63752],[-118.72632,36.6376],[-118.72603,36.63735],[-118.72581,36.63735],[-118.72544,36.63692],[-118.72503,36.63686],[-118.72507,36.63665],[-118.7254,36.63654],[-118.72551,36.63631],[-118.72573,36.63624],[-118.72567,36.63609],[-118.72595,36.63539],[-118.72562,36.63547],[-118.72541,36.63535],[-118.72496,36.63549],[-118.72486,36.63526],[-118.72459,36.63519],[-118.72457,36.63499],[-118.72469,36.63492],[-118.72489,36.63515],[-118.72515,36.63518],[-118.7255,36.63477],[-118.72581,36.63494],[-118.72602,36.63461],[-118.7268,36.63438],[-118.72679,36.63403],[-118.72708,36.63404],[-118.72711,36.63389],[-118.72795,36.6335],[-118.72841,36.63345],[-118.72827,36.63317],[-118.72846,36.63289],[-118.7283,36.63276],[-118.72843,36.63263],[-118.72823,36.63203],[-118.7279,36.63214],[-118.72799,36.63261],[-118.72787,36.63258],[-118.72781,36.6329],[-118.72717,36.63305],[-118.72671,36.63255],[-118.72708,36.63274],[-118.72751,36.6322],[-118.72689,36.63173],[-118.72709,36.63171],[-118.72717,36.63153],[-118.72778,36.6312],[-118.72829,36.6313],[-118.72843,36.63119],[-118.7284,36.63075],[-118.7282,36.63069],[-118.72812,36.63046],[-118.72829,36.62986],[-118.72853,36.62968],[-118.72841,36.62963],[-118.72886,36.6293],[-118.72887,36.6291],[-118.72905,36.62895],[-118.72891,36.62869],[-118.72899,36.62854],[-118.72863,36.62849],[-118.72868,36.6279],[-118.72886,36.62766],[-118.72961,36.62742],[-118.72994,36.62718],[-118.7301,36.62731],[-118.73128,36.62715],[-118.73164,36.62689],[-118.73161,36.62678],[-118.73244,36.62679],[-118.73293,36.62716],[-118.73284,36.6274],[-118.73306,36.62764],[-118.7333,36.62764],[-118.73351,36.62789],[-118.73375,36.6279],[-118.73389,36.62819],[-118.7341,36.62804],[-118.73425,36.62813],[-118.73413,36.62823],[-118.73446,36.6283],[-118.73506,36.62759],[-118.73502,36.6274],[-118.73642,36.62683],[-118.73623,36.62652],[-118.73639,36.62643],[-118.7362,36.62622],[-118.73667,36.62577],[-118.73639,36.6254],[-118.73651,36.62469],[-118.73619,36.62441],[-118.73658,36.62432],[-118.73649,36.62424],[-118.73655,36.62403],[-118.73637,36.62399],[-118.73627,36.62368],[-118.73603,36.62366],[-118.7359,36.62344],[-118.73573,36.6235],[-118.73567,36.62382],[-118.73555,36.62356],[-118.73521,36.62352],[-118.73516,36.62331],[-118.73487,36.62328],[-118.73471,36.6226],[-118.73439,36.62261],[-118.73432,36.62221],[-118.73529,36.62029],[-118.73511,36.61991],[-118.73526,36.61948],[-118.73569,36.61923],[-118.73561,36.61889],[-118.73575,36.6185],[-118.73593,36.61838],[-118.7359,36.61815],[-118.73628,36.6179],[-118.73637,36.6163],[-118.73663,36.61605],[-118.7367,36.61561],[-118.73706,36.61537],[-118.73732,36.61557],[-118.73753,36.61542],[-118.7385,36.61543],[-118.73852,36.61508],[-118.73937,36.615],[-118.73914,36.61481],[-118.73912,36.61428],[-118.73963,36.61364],[-118.73995,36.61281],[-118.74044,36.61247],[-118.74084,36.61242],[-118.74095,36.61219],[-118.74159,36.61207],[-118.74176,36.6118],[-118.74219,36.61163],[-118.74252,36.61198],[-118.74262,36.61192],[-118.74259,36.6114],[-118.74283,36.61104],[-118.74305,36.61095],[-118.74314,36.61078],[-118.74297,36.61062],[-118.74322,36.61026],[-118.74353,36.61038],[-118.74377,36.6102],[-118.7445,36.6101],[-118.74496,36.61031],[-118.74507,36.61056],[-118.74546,36.61014],[-118.74532,36.60984],[-118.74552,36.6097],[-118.74558,36.60924],[-118.74576,36.60899],[-118.74598,36.60892],[-118.74591,36.6087],[-118.74695,36.6072],[-118.74739,36.60797],[-118.74783,36.60797],[-118.74786,36.60838],[-118.74773,36.60849],[-118.74802,36.60882],[-118.74769,36.60896],[-118.7477,36.60919],[-118.74794,36.60918],[-118.7479,36.60949],[-118.74849,36.60989],[-118.74892,36.60937],[-118.74888,36.60921],[-118.74814,36.60923],[-118.74819,36.60887],[-118.74804,36.60833],[-118.74838,36.60827],[-118.74873,36.60843],[-118.74897,36.6084],[-118.74924,36.60801],[-118.7492,36.60737],[-118.74954,36.60714],[-118.74997,36.60623],[-118.75044,36.606],[-118.75104,36.60498],[-118.75202,36.60433],[-118.75309,36.60398],[-118.75333,36.60372],[-118.75115,36.60404],[-118.7503,36.60433],[-118.74956,36.60491],[-118.74804,36.60664],[-118.74766,36.60664],[-118.74755,36.60612],[-118.74737,36.60619],[-118.74743,36.60649],[-118.74724,36.60654],[-118.74714,36.60608],[-118.74678,36.60589],[-118.74669,36.60599],[-118.74693,36.60672],[-118.74652,36.60715],[-118.74456,36.60605],[-118.74315,36.60546],[-118.7431,36.60503],[-118.74325,36.60445],[-118.74289,36.6039],[-118.74291,36.60371],[-118.74415,36.60363],[-118.74442,36.60341],[-118.74486,36.60337],[-118.74476,36.60311],[-118.74487,36.60293],[-118.74514,36.60306],[-118.74576,36.60294],[-118.74593,36.60259],[-118.74671,36.60202],[-118.74696,36.60154],[-118.7474,36.60116],[-118.74776,36.60127],[-118.74769,36.60198],[-118.74824,36.60164],[-118.74841,36.60178],[-118.74835,36.60198],[-118.74862,36.60198],[-118.74894,36.60172],[-118.74917,36.60176],[-118.74918,36.60201],[-118.74893,36.60245],[-118.74844,36.60287],[-118.74812,36.60354],[-118.74828,36.60356],[-118.74807,36.60379],[-118.74824,36.60396],[-118.74861,36.60415],[-118.74869,36.60388],[-118.74849,36.60354],[-118.74886,36.60322],[-118.74928,36.60316],[-118.7494,36.60324],[-118.74929,36.60352],[-118.74944,36.60358],[-118.74996,36.60317],[-118.75007,36.60322],[-118.75019,36.60381],[-118.75041,36.60398],[-118.75082,36.60385],[-118.75086,36.60354],[-118.75061,36.60354],[-118.7503,36.60324],[-118.75025,36.60301],[-118.75094,36.60259],[-118.75107,36.60231],[-118.75177,36.60224],[-118.75184,36.6021],[-118.75167,36.60197],[-118.75193,36.60178],[-118.75157,36.60156],[-118.75158,36.60138],[-118.75201,36.6011],[-118.75231,36.60121],[-118.75238,36.60103],[-118.75262,36.60102],[-118.7525,36.60079],[-118.75281,36.60081],[-118.75292,36.60062],[-118.75281,36.6004],[-118.7531,36.60025],[-118.75327,36.59995],[-118.75308,36.5998],[-118.75324,36.59954],[-118.75291,36.59937],[-118.75303,36.59926],[-118.75297,36.59916],[-118.75242,36.59924],[-118.75236,36.5994],[-118.75263,36.5995],[-118.7526,36.59966],[-118.75233,36.59981],[-118.75212,36.59955],[-118.75187,36.59966],[-118.75191,36.59978],[-118.75128,36.60006],[-118.75115,36.60003],[-118.7512,36.59964],[-118.75094,36.59966],[-118.75095,36.60028],[-118.75073,36.6003],[-118.75055,36.60024],[-118.75044,36.59969],[-118.75065,36.5992],[-118.75099,36.59918],[-118.75097,36.59906],[-118.75161,36.59883],[-118.75194,36.5984],[-118.75221,36.59859],[-118.75236,36.59852],[-118.75255,36.59812],[-118.75306,36.59786],[-118.75349,36.59837],[-118.75382,36.59849],[-118.75401,36.59837],[-118.75453,36.59845],[-118.75457,36.59811],[-118.75494,36.59789],[-118.75507,36.59743],[-118.7549,36.59739],[-118.75494,36.59731],[-118.75539,36.59729],[-118.75561,36.59709],[-118.75581,36.59715],[-118.75644,36.59693],[-118.75624,36.59668],[-118.75652,36.59639],[-118.75646,36.59614],[-118.7567,36.5958],[-118.75665,36.59559],[-118.75699,36.59493],[-118.75868,36.59426],[-118.7587,36.59408],[-118.75915,36.59361],[-118.75963,36.59337],[-118.75949,36.59236],[-118.75957,36.59213],[-118.7594,36.59211],[-118.75946,36.59194],[-118.75933,36.59182],[-118.7597,36.59114],[-118.75973,36.59081],[-118.76022,36.5907],[-118.75995,36.58996],[-118.76009,36.58928],[-118.7596,36.58913],[-118.75942,36.58885],[-118.75878,36.58868],[-118.75883,36.58852],[-118.75859,36.58829],[-118.75839,36.58779],[-118.7586,36.58707],[-118.75822,36.58647],[-118.75829,36.58587],[-118.75856,36.5858],[-118.75837,36.58557],[-118.75847,36.58513],[-118.75838,36.5847],[-118.75881,36.58451],[-118.7586,36.58408],[-118.75872,36.58396],[-118.75877,36.58369],[-118.75866,36.58347],[-118.75879,36.58329],[-118.7583,36.58338],[-118.75799,36.5827],[-118.75764,36.58306],[-118.75729,36.58271],[-118.75745,36.58248],[-118.75719,36.58239],[-118.75673,36.58261],[-118.75602,36.58218],[-118.75536,36.58233],[-118.75447,36.58224],[-118.75409,36.5824],[-118.75323,36.58126],[-118.75246,36.58085],[-118.75207,36.58039],[-118.75205,36.58019],[-118.75165,36.57986],[-118.75163,36.57961],[-118.75204,36.57926],[-118.75226,36.57926],[-118.75267,36.57878],[-118.75271,36.57847],[-118.75319,36.5777],[-118.7539,36.57715],[-118.75465,36.57723],[-118.75582,36.57643],[-118.75635,36.57645],[-118.75675,36.57662],[-118.75724,36.57654],[-118.75811,36.5754],[-118.75891,36.57524],[-118.75923,36.57532],[-118.75921,36.57522],[-118.75947,36.57512],[-118.76027,36.57503],[-118.76029,36.57483],[-118.76071,36.57474],[-118.76119,36.57444],[-118.76175,36.57458],[-118.76191,36.57434],[-118.76237,36.57414],[-118.76271,36.57415],[-118.7636,36.57327],[-118.76459,36.57307],[-118.76545,36.57331],[-118.76553,36.57364],[-118.7654,36.57406],[-118.76556,36.57458],[-118.76602,36.57459],[-118.76624,36.57409],[-118.76661,36.57395],[-118.76639,36.57385],[-118.76653,36.57329],[-118.76639,36.57318],[-118.76671,36.57286],[-118.76682,36.57251],[-118.76776,36.57177],[-118.76802,36.57179],[-118.76825,36.57122],[-118.76847,36.57103],[-118.76915,36.57067],[-118.77107,36.57029],[-118.77154,36.56965],[-118.77147,36.56935],[-118.77168,36.56913],[-118.77181,36.5682],[-118.7717,36.56795],[-118.772,36.56749],[-118.77224,36.56754],[-118.7722,36.567],[-118.77235,36.56707],[-118.77213,36.56657],[-118.77219,36.56637],[-118.77267,36.5663],[-118.77277,36.56615],[-118.77347,36.56652],[-118.77417,36.56518],[-118.77404,36.56488],[-118.77418,36.56491],[-118.77449,36.56456],[-118.77531,36.56415],[-118.77564,36.5643],[-118.77567,36.56442],[-118.77545,36.56463],[-118.77573,36.56475],[-118.77599,36.56423],[-118.77631,36.56427],[-118.7769,36.56369],[-118.77688,36.56343],[-118.77718,36.56344],[-118.77701,36.56319],[-118.77663,36.5634],[-118.77642,36.56307],[-118.77627,36.56313],[-118.77636,36.56331],[-118.77628,36.56342],[-118.77606,36.5632],[-118.77591,36.56323],[-118.77588,36.56343],[-118.77565,36.5634],[-118.77541,36.56364],[-118.7753,36.5636],[-118.77537,36.56343],[-118.77485,36.56406],[-118.77414,36.56418],[-118.77438,36.56385],[-118.77381,36.56412],[-118.77385,36.56359],[-118.77371,36.5633],[-118.77347,36.56347],[-118.77313,36.56336],[-118.77305,36.56307],[-118.77273,36.56319],[-118.77252,36.5631],[-118.77296,36.56284],[-118.77288,36.56222],[-118.77223,36.56187],[-118.77189,36.56214],[-118.77209,36.56229],[-118.77196,36.56241],[-118.77149,36.56239],[-118.77128,36.56184],[-118.77058,36.56178],[-118.7707,36.56129],[-118.77003,36.56102],[-118.77027,36.55995],[-118.77073,36.55996],[-118.77092,36.55954],[-118.77067,36.55936],[-118.77035,36.55951],[-118.76977,36.5594],[-118.77005,36.55911],[-118.7695,36.55936],[-118.76888,36.55943],[-118.76837,36.55703],[-118.76843,36.55681],[-118.76865,36.55668],[-118.76877,36.55603],[-118.76928,36.5548],[-118.76968,36.55454],[-118.76956,36.55403],[-118.76963,36.55365],[-118.76911,36.55317],[-118.76916,36.55287],[-118.7694,36.55255],[-118.76945,36.55201],[-118.76871,36.55154],[-118.76831,36.55105],[-118.76753,36.55061],[-118.76742,36.55072],[-118.76714,36.5507],[-118.76656,36.55056],[-118.76638,36.55038],[-118.7666,36.54972],[-118.76695,36.54956],[-118.76709,36.54895],[-118.76671,36.54903],[-118.76642,36.54889],[-118.76636,36.54904],[-118.76653,36.54916],[-118.76641,36.5493],[-118.76605,36.54914],[-118.76528,36.54917],[-118.76542,36.54941],[-118.7652,36.54941],[-118.76505,36.54915],[-118.76473,36.54913],[-118.76414,36.54931],[-118.764,36.54952],[-118.7637,36.54953],[-118.76382,36.54968],[-118.76367,36.54999],[-118.76396,36.5507],[-118.76383,36.55067],[-118.7636,36.5516],[-118.76294,36.55205],[-118.76219,36.55219],[-118.76201,36.55207],[-118.76163,36.55221],[-118.76145,36.552],[-118.7611,36.55206],[-118.76047,36.55256],[-118.75977,36.55279],[-118.75804,36.55267],[-118.75764,36.55238],[-118.75689,36.55282],[-118.75544,36.5529],[-118.75486,36.55372],[-118.75401,36.55417],[-118.75344,36.55464],[-118.75209,36.5541],[-118.75109,36.55417],[-118.75104,36.5547],[-118.75006,36.55522],[-118.74944,36.55535],[-118.74883,36.55455],[-118.74873,36.55401],[-118.74908,36.55364],[-118.74928,36.55318],[-118.74952,36.55318],[-118.74971,36.55292],[-118.74943,36.55291],[-118.74968,36.55257],[-118.74954,36.55243],[-118.74967,36.55216],[-118.74954,36.552],[-118.74932,36.55204],[-118.74933,36.55185],[-118.74918,36.55173],[-118.74897,36.55171],[-118.74906,36.55189],[-118.74889,36.55204],[-118.74872,36.55198],[-118.74865,36.55216],[-118.74844,36.55223],[-118.74835,36.55207],[-118.74824,36.55222],[-118.74806,36.55221],[-118.74802,36.55208],[-118.7479,36.55217],[-118.74745,36.55194],[-118.74726,36.55166],[-118.74749,36.55135],[-118.74722,36.55121],[-118.74713,36.55087],[-118.74686,36.5509],[-118.74681,36.55178],[-118.74666,36.55201],[-118.74679,36.55234],[-118.74662,36.55255],[-118.74649,36.55236],[-118.74632,36.55242],[-118.7466,36.55267],[-118.7466,36.55309],[-118.74689,36.55311],[-118.74685,36.55322],[-118.74647,36.55346],[-118.74634,36.55324],[-118.74625,36.55334],[-118.74629,36.55348],[-118.74607,36.55357],[-118.74632,36.55364],[-118.74609,36.5541],[-118.74552,36.55414],[-118.74516,36.55384],[-118.74492,36.5539],[-118.74473,36.55413],[-118.74492,36.55443],[-118.74481,36.55465],[-118.7445,36.55429],[-118.74433,36.55439],[-118.74423,36.55427],[-118.74439,36.55396],[-118.74418,36.55379],[-118.74437,36.55372],[-118.7442,36.55359],[-118.74479,36.55312],[-118.74502,36.5527],[-118.74503,36.5525],[-118.74482,36.55224],[-118.74483,36.55185],[-118.74459,36.55174],[-118.74467,36.5516],[-118.74433,36.55168],[-118.74407,36.55223],[-118.74321,36.5529],[-118.74264,36.5526],[-118.74254,36.55201],[-118.74279,36.55134],[-118.74346,36.55072],[-118.744,36.55082],[-118.74447,36.55116],[-118.74453,36.55049],[-118.74534,36.55022],[-118.7454,36.55041],[-118.74609,36.55034],[-118.74615,36.55057],[-118.74596,36.55068],[-118.74629,36.5508],[-118.74671,36.55066],[-118.74696,36.55056],[-118.74681,36.55008],[-118.74711,36.54984],[-118.74683,36.54971],[-118.74692,36.54964],[-118.74671,36.54956],[-118.74675,36.54948],[-118.74725,36.54972],[-118.74773,36.54972],[-118.74786,36.54991],[-118.74773,36.55006],[-118.74806,36.55021],[-118.74831,36.55018],[-118.74831,36.54959],[-118.74844,36.5496],[-118.74818,36.54868],[-118.74935,36.54813],[-118.74933,36.54791],[-118.74969,36.54786],[-118.7497,36.54803],[-118.74989,36.54812],[-118.75057,36.54785],[-118.75102,36.54735],[-118.7509,36.54713],[-118.75056,36.54721],[-118.75078,36.54666],[-118.75115,36.54662],[-118.75139,36.54642],[-118.75121,36.54619],[-118.7516,36.54613],[-118.75188,36.5457],[-118.75212,36.54602],[-118.7526,36.54614],[-118.7526,36.54638],[-118.75294,36.54624],[-118.753,36.54603],[-118.7533,36.54603],[-118.75332,36.54591],[-118.75472,36.54539],[-118.75576,36.54532],[-118.75564,36.54511],[-118.75694,36.54451],[-118.75679,36.54438],[-118.75583,36.54418],[-118.75579,36.54405],[-118.75619,36.54392],[-118.75607,36.5437],[-118.75645,36.54326],[-118.75656,36.54326],[-118.75633,36.54376],[-118.75655,36.54397],[-118.75703,36.54414],[-118.75731,36.54366],[-118.75739,36.54382],[-118.75768,36.54363],[-118.75777,36.5438],[-118.75766,36.54393],[-118.75779,36.5441],[-118.75828,36.54384],[-118.75843,36.54402],[-118.75934,36.54384],[-118.75959,36.54398],[-118.76037,36.54491],[-118.76074,36.54501],[-118.7611,36.54491],[-118.76116,36.54472],[-118.76097,36.54449],[-118.76122,36.54414],[-118.76163,36.54398],[-118.76265,36.54378],[-118.76323,36.54429],[-118.76328,36.54454],[-118.76409,36.5443],[-118.76571,36.54636],[-118.76535,36.54705],[-118.76573,36.54712],[-118.76599,36.54667],[-118.76637,36.54639],[-118.76697,36.54643],[-118.76714,36.54609],[-118.76739,36.54635],[-118.76773,36.54645],[-118.76776,36.54613],[-118.7687,36.54639],[-118.76892,36.5461],[-118.76901,36.54583],[-118.76868,36.54533],[-118.76894,36.54495],[-118.76852,36.54464],[-118.76706,36.54449],[-118.76655,36.5434],[-118.76638,36.54336],[-118.76615,36.54298],[-118.76582,36.54295],[-118.76585,36.54272],[-118.76564,36.54269],[-118.76566,36.54251],[-118.76609,36.54232],[-118.76606,36.54192],[-118.76509,36.54166],[-118.76469,36.54131],[-118.76456,36.54129],[-118.76463,36.54152],[-118.76436,36.54153],[-118.76409,36.54122],[-118.76413,36.54075],[-118.7635,36.54049],[-118.76356,36.54102],[-118.7632,36.54099],[-118.7625,36.54125],[-118.76226,36.54121],[-118.76219,36.54108],[-118.76181,36.54114],[-118.76142,36.54143],[-118.76123,36.54142],[-118.76091,36.54068],[-118.76091,36.54045],[-118.76115,36.54041],[-118.76109,36.53973],[-118.76055,36.53956],[-118.76046,36.53942],[-118.76,36.53958],[-118.75975,36.53942],[-118.75969,36.53913],[-118.7595,36.53937],[-118.7592,36.53939],[-118.75944,36.54004],[-118.75925,36.53991],[-118.75917,36.54018],[-118.75941,36.5404],[-118.75948,36.54075],[-118.75937,36.54089],[-118.75925,36.54084],[-118.75921,36.54044],[-118.75896,36.54045],[-118.75853,36.53999],[-118.75861,36.53991],[-118.75901,36.54006],[-118.75912,36.53982],[-118.75873,36.53944],[-118.7584,36.53952],[-118.75793,36.53902],[-118.75781,36.53869],[-118.75823,36.5387],[-118.75863,36.53821],[-118.75904,36.53839],[-118.75919,36.53865],[-118.75907,36.53883],[-118.75923,36.5389],[-118.75979,36.53853],[-118.75874,36.53774],[-118.75861,36.53749],[-118.75814,36.53772],[-118.75703,36.53773],[-118.75686,36.53762],[-118.75695,36.53605],[-118.75668,36.53516],[-118.75655,36.53509],[-118.75638,36.53526],[-118.75587,36.53535],[-118.75581,36.5352],[-118.75612,36.53499],[-118.75603,36.53484],[-118.75553,36.53482],[-118.75504,36.53443],[-118.755,36.53407],[-118.75481,36.53391],[-118.75492,36.53374],[-118.7546,36.53317],[-118.75525,36.53261],[-118.75484,36.53259],[-118.75488,36.53213],[-118.75504,36.53211],[-118.7552,36.53184],[-118.75597,36.53153],[-118.75545,36.53132],[-118.75574,36.53103],[-118.75603,36.53101],[-118.75649,36.52975],[-118.75682,36.52936],[-118.7574,36.52917],[-118.75683,36.52857],[-118.75682,36.52804],[-118.75631,36.52776],[-118.75644,36.52749],[-118.75628,36.52722],[-118.75631,36.52698],[-118.75659,36.5268],[-118.75655,36.52639],[-118.75682,36.52582],[-118.75701,36.52562],[-118.75769,36.52546],[-118.75784,36.52507],[-118.75813,36.52493],[-118.76007,36.52461],[-118.76043,36.52434],[-118.76081,36.52431],[-118.7612,36.52398],[-118.76096,36.52326],[-118.76066,36.52305],[-118.76112,36.52278],[-118.76196,36.52279],[-118.76337,36.52252],[-118.76401,36.5231],[-118.76448,36.52317],[-118.7647,36.52302],[-118.7658,36.52278],[-118.76608,36.52251],[-118.76716,36.52256],[-118.76871,36.52171],[-118.76915,36.52169],[-118.76924,36.52181],[-118.76933,36.52162],[-118.76963,36.5216],[-118.76964,36.52133],[-118.76984,36.52111],[-118.77037,36.52092],[-118.77061,36.52019],[-118.7708,36.52002],[-118.77081,36.51966],[-118.77113,36.5194],[-118.77154,36.51935],[-118.77211,36.51886],[-118.77237,36.51885],[-118.77252,36.5189],[-118.77264,36.51926],[-118.77307,36.51951],[-118.77267,36.5198],[-118.7728,36.51991],[-118.7727,36.52008],[-118.77282,36.52048],[-118.77269,36.52055],[-118.7725,36.52044],[-118.77241,36.5207],[-118.77286,36.52072],[-118.77303,36.52086],[-118.77293,36.52106],[-118.77154,36.52148],[-118.77144,36.52169],[-118.77154,36.52247],[-118.77132,36.52289],[-118.7714,36.52301],[-118.77161,36.52279],[-118.77169,36.52213],[-118.77183,36.52213],[-118.77206,36.52174],[-118.77261,36.52178],[-118.77208,36.52271],[-118.7723,36.52272],[-118.77211,36.5229],[-118.77234,36.52313],[-118.77224,36.52328],[-118.77196,36.52329],[-118.7716,36.5235],[-118.77163,36.52371],[-118.77185,36.52389],[-118.77166,36.52406],[-118.77173,36.52436],[-118.77119,36.52442],[-118.77146,36.5246],[-118.7717,36.52447],[-118.77178,36.52457],[-118.77174,36.52522],[-118.77152,36.52515],[-118.77147,36.52524],[-118.77203,36.52562],[-118.77215,36.52608],[-118.77185,36.52625],[-118.77146,36.5268],[-118.77108,36.5269],[-118.77223,36.52682],[-118.77248,36.52691],[-118.77254,36.52712],[-118.77327,36.52731],[-118.77344,36.52757],[-118.7742,36.52752],[-118.77418,36.52775],[-118.77452,36.52846],[-118.77424,36.52889],[-118.77462,36.52904],[-118.77473,36.5285],[-118.77499,36.52848],[-118.77503,36.52887],[-118.77483,36.52891],[-118.77502,36.52926],[-118.77483,36.52939],[-118.77495,36.52959],[-118.77547,36.52943],[-118.77536,36.52978],[-118.77574,36.5297],[-118.776,36.5298],[-118.77617,36.52947],[-118.7761,36.52903],[-118.7765,36.52908],[-118.77656,36.5289],[-118.77679,36.52882],[-118.77714,36.52905],[-118.77732,36.52907],[-118.77736,36.5289],[-118.77758,36.52895],[-118.77737,36.52916],[-118.77662,36.52914],[-118.77669,36.52945],[-118.77646,36.52967],[-118.77675,36.52966],[-118.77709,36.52985],[-118.77789,36.52973],[-118.77799,36.52996],[-118.77779,36.52999],[-118.77778,36.53021],[-118.77805,36.53035],[-118.77756,36.53026],[-118.77694,36.53048],[-118.77555,36.53001],[-118.7756,36.5303],[-118.77537,36.53041],[-118.77532,36.53058],[-118.77585,36.53129],[-118.77608,36.5312],[-118.77607,36.53067],[-118.77625,36.53062],[-118.77662,36.53079],[-118.77659,36.53092],[-118.77681,36.53109],[-118.7768,36.53141],[-118.77663,36.53164],[-118.77656,36.53147],[-118.7764,36.53145],[-118.77653,36.5325],[-118.7768,36.53257],[-118.77699,36.53289],[-118.77761,36.53328],[-118.77765,36.53372],[-118.7782,36.53435],[-118.77845,36.53433],[-118.77826,36.53467],[-118.77837,36.53497],[-118.7783,36.53525],[-118.77808,36.5355],[-118.77847,36.53588],[-118.77815,36.53625],[-118.77829,36.53662],[-118.77812,36.53692],[-118.77827,36.53774],[-118.77879,36.538],[-118.78076,36.53845],[-118.78103,36.53826],[-118.78095,36.53764],[-118.7818,36.53733],[-118.7818,36.53698],[-118.7821,36.53668],[-118.78197,36.53639],[-118.78207,36.53607],[-118.78248,36.53595],[-118.78264,36.53624],[-118.78237,36.53657],[-118.7826,36.53671],[-118.78267,36.53699],[-118.78282,36.53701],[-118.78286,36.53741],[-118.78299,36.53747],[-118.78284,36.53767],[-118.78302,36.53769],[-118.78304,36.53786],[-118.78277,36.5379],[-118.78277,36.538],[-118.78322,36.53833],[-118.7825,36.53852],[-118.78244,36.5388],[-118.78259,36.53893],[-118.7825,36.53908],[-118.78262,36.5395],[-118.78274,36.53952],[-118.78262,36.53966],[-118.78274,36.54036],[-118.78263,36.54066],[-118.78295,36.54073],[-118.78286,36.54103],[-118.78352,36.5412],[-118.78372,36.54104],[-118.78366,36.54079],[-118.78381,36.54049],[-118.78347,36.54062],[-118.78351,36.54078],[-118.78318,36.54057],[-118.78327,36.54021],[-118.78352,36.53991],[-118.78375,36.53992],[-118.78384,36.54009],[-118.78422,36.53984],[-118.78437,36.54005],[-118.78461,36.53985],[-118.78514,36.54023],[-118.78488,36.54041],[-118.78485,36.54065],[-118.78468,36.54064],[-118.78409,36.54107],[-118.78449,36.54148],[-118.78418,36.5415],[-118.7844,36.54253],[-118.78479,36.54253],[-118.78526,36.54211],[-118.7856,36.54211],[-118.78527,36.54194],[-118.78528,36.54174],[-118.78567,36.5415],[-118.78567,36.54136],[-118.78582,36.54138],[-118.78597,36.54169],[-118.78692,36.54195],[-118.78712,36.54214],[-118.78742,36.5421],[-118.7876,36.5424],[-118.78797,36.54208],[-118.78793,36.54171],[-118.78819,36.5415],[-118.78898,36.54143],[-118.78913,36.54165],[-118.78932,36.54131],[-118.7899,36.54181],[-118.79025,36.54182],[-118.79019,36.54207],[-118.79042,36.54208],[-118.79074,36.54244],[-118.79089,36.54243],[-118.79093,36.54214],[-118.79109,36.54203],[-118.79097,36.54161],[-118.79038,36.54165],[-118.78969,36.54123],[-118.7899,36.54096],[-118.78978,36.5406],[-118.78993,36.54045],[-118.78968,36.54018],[-118.78994,36.53991],[-118.79008,36.53994],[-118.79014,36.5396],[-118.79047,36.53959],[-118.79074,36.54006],[-118.79104,36.54002],[-118.79131,36.53979],[-118.79124,36.53964],[-118.79143,36.53949],[-118.79112,36.53937],[-118.79117,36.53906],[-118.79185,36.53901],[-118.7922,36.53922],[-118.79217,36.53965],[-118.79241,36.5401],[-118.79305,36.54071],[-118.79345,36.54098],[-118.79363,36.54097],[-118.7939,36.54064],[-118.79354,36.54008],[-118.79361,36.53986],[-118.79337,36.53931],[-118.79324,36.53922],[-118.79297,36.53928],[-118.79249,36.53904],[-118.79301,36.53889],[-118.79316,36.53856],[-118.79332,36.5386],[-118.79335,36.53892],[-118.79397,36.53904],[-118.79421,36.53962],[-118.79486,36.54018],[-118.79566,36.54033],[-118.79628,36.54065],[-118.79668,36.54041],[-118.79677,36.54017],[-118.7972,36.54024],[-118.79727,36.53992],[-118.7971,36.53961],[-118.79737,36.53921],[-118.79782,36.53937],[-118.798,36.53929],[-118.7984,36.53961],[-118.79845,36.53979],[-118.79872,36.5399],[-118.79922,36.53955],[-118.79959,36.53949],[-118.79968,36.53916],[-118.80003,36.53908],[-118.80016,36.53871],[-118.80049,36.53868],[-118.80085,36.53839],[-118.8007,36.53792],[-118.80079,36.53748],[-118.80068,36.53726],[-118.80049,36.53726],[-118.80028,36.53704],[-118.80066,36.53665],[-118.80045,36.5362],[-118.80049,36.53586],[-118.8002,36.53573],[-118.80037,36.53553],[-118.80039,36.53517],[-118.79989,36.53471],[-118.79952,36.53378],[-118.79915,36.53349],[-118.79884,36.53355],[-118.7986,36.53303],[-118.79813,36.5329],[-118.79784,36.53297],[-118.79778,36.53277],[-118.79749,36.53264],[-118.79744,36.53241],[-118.797,36.53226],[-118.79643,36.53241],[-118.79617,36.53219],[-118.79521,36.53225],[-118.79475,36.53201],[-118.79452,36.53203],[-118.79379,36.5325],[-118.79268,36.53254],[-118.79144,36.53304],[-118.79123,36.53256],[-118.79124,36.53223],[-118.79099,36.53208],[-118.79191,36.53125],[-118.79234,36.53118],[-118.79225,36.53065],[-118.79269,36.53062],[-118.79296,36.53034],[-118.79328,36.53032],[-118.79319,36.53021],[-118.79363,36.52965],[-118.79369,36.52947],[-118.79351,36.5294],[-118.79377,36.52888],[-118.7957,36.52825],[-118.7957,36.52812],[-118.79543,36.52797],[-118.79559,36.52782],[-118.79599,36.5278],[-118.79603,36.52761],[-118.79643,36.52769],[-118.79652,36.52753],[-118.79684,36.52773],[-118.7969,36.5275],[-118.79772,36.52705],[-118.79801,36.52674],[-118.79787,36.52654],[-118.79752,36.52651],[-118.79751,36.52595],[-118.79767,36.52559],[-118.79723,36.52533],[-118.7976,36.5252],[-118.79768,36.52492],[-118.798,36.52488],[-118.79812,36.52451],[-118.79856,36.52392],[-118.79901,36.524],[-118.79899,36.52378],[-118.79862,36.52361],[-118.79862,36.5235],[-118.79915,36.5224],[-118.79852,36.52204],[-118.79883,36.52186],[-118.79865,36.52163],[-118.79902,36.52159],[-118.79893,36.5213],[-118.79948,36.52111],[-118.7997,36.52038],[-118.79964,36.52024],[-118.79984,36.52015],[-118.80009,36.52035],[-118.80023,36.52015],[-118.79998,36.5199],[-118.80012,36.51969],[-118.80089,36.51952],[-118.8011,36.51879],[-118.80091,36.51828],[-118.80037,36.51812],[-118.79967,36.51814],[-118.79907,36.51775],[-118.79903,36.51742],[-118.79865,36.51737],[-118.79851,36.51713],[-118.79823,36.51705],[-118.79841,36.51669],[-118.79833,36.51647],[-118.7987,36.51612],[-118.7986,36.51575],[-118.79902,36.51568],[-118.79893,36.51542],[-118.79942,36.5144],[-118.79884,36.51379],[-118.79801,36.5136],[-118.79883,36.51343],[-118.79924,36.5136],[-118.79997,36.51351],[-118.79992,36.51368],[-118.80022,36.51378],[-118.80035,36.51339],[-118.79986,36.51304],[-118.79944,36.51297],[-118.79958,36.51269],[-118.79952,36.51252],[-118.79854,36.51253],[-118.7976,36.51281],[-118.79729,36.51305],[-118.79695,36.51304],[-118.79672,36.51327],[-118.79661,36.5129],[-118.79648,36.51283],[-118.79607,36.51291],[-118.79549,36.51277],[-118.79584,36.5123],[-118.79539,36.51172],[-118.79583,36.51164],[-118.79599,36.51145],[-118.79642,36.51156],[-118.79661,36.51144],[-118.79656,36.51122],[-118.7968,36.5114],[-118.79753,36.51124],[-118.79803,36.5115],[-118.79878,36.51161],[-118.79942,36.5115],[-118.79966,36.51129],[-118.79967,36.51167],[-118.80025,36.51162],[-118.80024,36.51185],[-118.80045,36.51206],[-118.80069,36.51287],[-118.80093,36.51301],[-118.80175,36.51255],[-118.80193,36.51214],[-118.80163,36.51114],[-118.80179,36.51027],[-118.80199,36.51036],[-118.80226,36.51021],[-118.80231,36.50987],[-118.80251,36.50999],[-118.80257,36.50974],[-118.80293,36.50945],[-118.80331,36.50941],[-118.8033,36.50929],[-118.80452,36.50863],[-118.80528,36.50788],[-118.80554,36.50738],[-118.80734,36.50636],[-118.80788,36.50528],[-118.80814,36.50508],[-118.80794,36.50487],[-118.80816,36.50418],[-118.80805,36.50357],[-118.80849,36.50332],[-118.80838,36.50322],[-118.8088,36.50262],[-118.80846,36.50258],[-118.80811,36.50218],[-118.80703,36.50182],[-118.80736,36.5017],[-118.80721,36.5015],[-118.80769,36.50102],[-118.80777,36.50074],[-118.80774,36.50046],[-118.8072,36.50052],[-118.80722,36.50028],[-118.80757,36.49989],[-118.80732,36.49944],[-118.8074,36.49921],[-118.80709,36.49893],[-118.80713,36.49855],[-118.80637,36.49807],[-118.80603,36.49806],[-118.80613,36.49789],[-118.80597,36.49765],[-118.80548,36.49753],[-118.80521,36.49762],[-118.8052,36.49715],[-118.8047,36.49664],[-118.80425,36.49645],[-118.80411,36.49625],[-118.80416,36.49601],[-118.80369,36.49581],[-118.80307,36.49581],[-118.80288,36.49563],[-118.80252,36.49564],[-118.8023,36.49537],[-118.80207,36.49542],[-118.80173,36.49524],[-118.80148,36.49556],[-118.80142,36.49537],[-118.8013,36.49541],[-118.80134,36.49517],[-118.80032,36.49481],[-118.80031,36.49449],[-118.79969,36.49457],[-118.79861,36.4943],[-118.79858,36.49392],[-118.79885,36.49376],[-118.79774,36.49235],[-118.7963,36.49184],[-118.79566,36.49148],[-118.79509,36.49198],[-118.79511,36.49183],[-118.79477,36.49185],[-118.79472,36.49165],[-118.79505,36.49163],[-118.79499,36.49137],[-118.79442,36.4916],[-118.79394,36.49115],[-118.79399,36.49098],[-118.79342,36.49107],[-118.79325,36.49102],[-118.79337,36.49074],[-118.79266,36.49073],[-118.79237,36.49058],[-118.79259,36.49048],[-118.79259,36.49025],[-118.79314,36.49006],[-118.79321,36.48975],[-118.79309,36.48957],[-118.79338,36.48945],[-118.79374,36.48955],[-118.79416,36.48924],[-118.79418,36.48904],[-118.79449,36.48903],[-118.79472,36.48884],[-118.79475,36.48867],[-118.79445,36.4884],[-118.79404,36.48838],[-118.7944,36.48797],[-118.79393,36.48766],[-118.7932,36.48773],[-118.79313,36.48762],[-118.79295,36.48771],[-118.79224,36.48754],[-118.79229,36.48739],[-118.79214,36.48727],[-118.7923,36.48724],[-118.79216,36.48708],[-118.79231,36.48673],[-118.79215,36.48661],[-118.7921,36.48622],[-118.79139,36.4863],[-118.79111,36.4862],[-118.79094,36.48632],[-118.79065,36.4862],[-118.79041,36.48625],[-118.79017,36.48654],[-118.78978,36.48633],[-118.78949,36.48661],[-118.78941,36.48655],[-118.78955,36.48599],[-118.78981,36.48617],[-118.79017,36.48618],[-118.79003,36.48599],[-118.79041,36.48589],[-118.79048,36.48564],[-118.79072,36.48545],[-118.79082,36.4846],[-118.7906,36.48439],[-118.79004,36.48428],[-118.79,36.48417],[-118.79081,36.48432],[-118.79105,36.48421],[-118.79156,36.48428],[-118.7914,36.48385],[-118.79163,36.48361],[-118.79157,36.48337],[-118.7921,36.48341],[-118.79243,36.48327],[-118.79305,36.48344],[-118.79315,36.48295],[-118.79309,36.4827],[-118.79271,36.48251],[-118.7929,36.48224],[-118.79265,36.48205],[-118.79223,36.48205],[-118.79213,36.48128],[-118.79149,36.48138],[-118.79083,36.48106],[-118.79067,36.48135],[-118.79017,36.48138],[-118.79015,36.4808],[-118.78954,36.48033],[-118.78954,36.47983],[-118.78966,36.47976],[-118.78971,36.47938],[-118.79005,36.47916],[-118.78951,36.47803],[-118.78907,36.47766],[-118.78893,36.47712],[-118.78839,36.47679],[-118.7885,36.47649],[-118.78835,36.47642],[-118.78839,36.47609],[-118.78832,36.47592],[-118.78811,36.47586],[-118.78781,36.47522],[-118.78819,36.47511],[-118.78825,36.47467],[-118.78861,36.47491],[-118.78877,36.4749],[-118.78883,36.47465],[-118.78937,36.47484],[-118.78935,36.47499],[-118.78909,36.4751],[-118.78936,36.47545],[-118.78899,36.4756],[-118.78897,36.47577],[-118.78927,36.47584],[-118.7893,36.47601],[-118.78952,36.47591],[-118.79043,36.47647],[-118.79068,36.47649],[-118.79076,36.47632],[-118.79093,36.47631],[-118.79143,36.47644],[-118.79153,36.47621],[-118.79117,36.47582],[-118.79125,36.47563],[-118.7919,36.47575],[-118.79232,36.47612],[-118.79238,36.47595],[-118.79289,36.47593],[-118.793,36.47606],[-118.79292,36.47617],[-118.79302,36.47618],[-118.79392,36.47553],[-118.79559,36.47372],[-118.79592,36.47283],[-118.79721,36.47178],[-118.79777,36.47153],[-118.79845,36.47155],[-118.7997,36.47216],[-118.80043,36.47197],[-118.80102,36.47199],[-118.80216,36.47246],[-118.80271,36.47234],[-118.80353,36.47248],[-118.80362,36.47258],[-118.80319,36.47269],[-118.80334,36.4729],[-118.8041,36.47279],[-118.8048,36.47285],[-118.80403,36.47274],[-118.80424,36.47236],[-118.80477,36.47214],[-118.80545,36.47216],[-118.80585,36.47239],[-118.80597,36.47287],[-118.80666,36.47342],[-118.80697,36.47352],[-118.80703,36.47402],[-118.80734,36.47418],[-118.80773,36.47473],[-118.80874,36.47526],[-118.80958,36.47636],[-118.81005,36.47636],[-118.81017,36.47685],[-118.81045,36.47697],[-118.81161,36.47803],[-118.81236,36.47841],[-118.81293,36.47912],[-118.81327,36.47929],[-118.8134,36.47961],[-118.81414,36.47961],[-118.81418,36.47934],[-118.81439,36.47921],[-118.81515,36.47937],[-118.81563,36.47925],[-118.81577,36.47955],[-118.81548,36.47975],[-118.81549,36.47987],[-118.81578,36.48003],[-118.81555,36.48015],[-118.81566,36.48032],[-118.81606,36.48031],[-118.81634,36.48052],[-118.81632,36.48088],[-118.81659,36.4815],[-118.81687,36.48169],[-118.81789,36.48189],[-118.81866,36.48177],[-118.81934,36.48192],[-118.81956,36.48165],[-118.81948,36.48127],[-118.82115,36.48134],[-118.82256,36.4812],[-118.82305,36.48141],[-118.8238,36.48115],[-118.82444,36.48124],[-118.82544,36.4817],[-118.82615,36.48174],[-118.82681,36.48155],[-118.82769,36.4816],[-118.82878,36.48197],[-118.82998,36.4822],[-118.83032,36.48239],[-118.8311,36.48333],[-118.83163,36.48361],[-118.83355,36.4851],[-118.8345,36.4863],[-118.83557,36.48681],[-118.83577,36.48702],[-118.83436,36.48691],[-118.83414,36.48661],[-118.83377,36.48641],[-118.83293,36.48622],[-118.83224,36.48533],[-118.83125,36.48532],[-118.83002,36.4858],[-118.82932,36.48642],[-118.82824,36.48649],[-118.82809,36.4867],[-118.82749,36.48657],[-118.82777,36.48722],[-118.82766,36.48803],[-118.82686,36.48823],[-118.82576,36.48781],[-118.82513,36.48793],[-118.82508,36.48752],[-118.82448,36.48701],[-118.82434,36.48746],[-118.82406,36.48774],[-118.82439,36.48806],[-118.82431,36.48836],[-118.8239,36.48845],[-118.82315,36.48827],[-118.82349,36.48902],[-118.82329,36.48954],[-118.82311,36.48969],[-118.82314,36.49],[-118.8239,36.49077],[-118.82539,36.49178],[-118.82608,36.49243],[-118.82643,36.49307],[-118.82721,36.49259],[-118.82786,36.49238],[-118.82863,36.49288],[-118.82935,36.49359],[-118.82989,36.49456],[-118.83003,36.49582],[-118.82922,36.49671],[-118.82991,36.49721],[-118.83,36.49793],[-118.83023,36.49848],[-118.83136,36.50009],[-118.83134,36.50046],[-118.83179,36.50231],[-118.8316,36.50355],[-118.83235,36.50514],[-118.83287,36.50543],[-118.83344,36.5055],[-118.83502,36.50613],[-118.83549,36.50591],[-118.83559,36.50598],[-118.83643,36.50552],[-118.83648,36.50507],[-118.83695,36.50511],[-118.83726,36.50557],[-118.83757,36.50559],[-118.8389,36.50628],[-118.83948,36.50627],[-118.83961,36.50662],[-118.84067,36.50695],[-118.84061,36.50733],[-118.84078,36.50787],[-118.84365,36.50775],[-118.84412,36.50729],[-118.84414,36.50692],[-118.8449,36.50703],[-118.84542,36.50775],[-118.84609,36.50778],[-118.84673,36.50867],[-118.84602,36.50905],[-118.84436,36.50856],[-118.84429,36.50893],[-118.84442,36.50918],[-118.84515,36.50989],[-118.84495,36.51044],[-118.84537,36.51061],[-118.84613,36.51004],[-118.84651,36.51011],[-118.84671,36.5105],[-118.8472,36.51085],[-118.84737,36.51144],[-118.8477,36.51147],[-118.84822,36.51224],[-118.8481,36.51258],[-118.84828,36.51296],[-118.84877,36.51303],[-118.84904,36.51288],[-118.84937,36.51302],[-118.84961,36.51338],[-118.84955,36.51353],[-118.8502,36.51358],[-118.85086,36.51337],[-118.85155,36.51392],[-118.85174,36.51425],[-118.85254,36.51435],[-118.85295,36.51459],[-118.85298,36.51496],[-118.85209,36.51487],[-118.85268,36.51561],[-118.85293,36.51649],[-118.85212,36.51681],[-118.85164,36.51625],[-118.85181,36.51585],[-118.85122,36.5156],[-118.85121,36.5157],[-118.85045,36.51562],[-118.85001,36.51529],[-118.84898,36.5153],[-118.84864,36.51558],[-118.84899,36.51568],[-118.84914,36.51608],[-118.8488,36.51623],[-118.84884,36.51649],[-118.84822,36.51727],[-118.84812,36.5177],[-118.84748,36.51812],[-118.84726,36.51804],[-118.84723,36.51858],[-118.84858,36.51805],[-118.84905,36.51805],[-118.84951,36.51854],[-118.85075,36.51795],[-118.85136,36.51804],[-118.8521,36.51753],[-118.85214,36.51725],[-118.85244,36.51719],[-118.85255,36.51699],[-118.85278,36.5171],[-118.85369,36.51704],[-118.85398,36.51661],[-118.85433,36.51675],[-118.85582,36.51687],[-118.85778,36.51617],[-118.85917,36.51616],[-118.85976,36.516],[-118.86073,36.51531],[-118.8607,36.5148],[-118.86124,36.51496],[-118.86125,36.51516],[-118.86176,36.51514],[-118.86207,36.51495],[-118.86216,36.51461],[-118.86267,36.51455],[-118.8634,36.51407],[-118.86433,36.51413],[-118.86476,36.51454],[-118.86438,36.51481],[-118.86463,36.51493],[-118.86537,36.51586],[-118.86538,36.51613],[-118.86516,36.51623],[-118.86518,36.51664],[-118.86706,36.51693],[-118.86726,36.51835],[-118.86748,36.51823],[-118.86754,36.5186],[-118.86777,36.51877],[-118.86819,36.51834],[-118.86849,36.51827],[-118.86862,36.51848],[-118.86816,36.51901],[-118.86931,36.51914],[-118.87035,36.51952],[-118.87031,36.52064],[-118.87068,36.52087],[-118.87126,36.52067],[-118.87135,36.52034],[-118.87117,36.51981],[-118.87148,36.51929],[-118.87244,36.51883],[-118.87274,36.51854],[-118.87316,36.51871],[-118.87377,36.51928],[-118.8752,36.51991],[-118.87572,36.52035],[-118.87624,36.52119],[-118.87641,36.5223],[-118.87636,36.52289],[-118.87724,36.5244],[-118.87768,36.52462],[-118.87777,36.525],[-118.87778,36.52523],[-118.87738,36.52569],[-118.87768,36.52583],[-118.87774,36.52611],[-118.87705,36.52669],[-118.8774,36.52696],[-118.87746,36.52736],[-118.87726,36.52795],[-118.87736,36.52847],[-118.87691,36.52994],[-118.87693,36.53022],[-118.87664,36.53046],[-118.87652,36.53098],[-118.87613,36.5314],[-118.87693,36.53162],[-118.87708,36.53198],[-118.87733,36.53216],[-118.87772,36.53222],[-118.87826,36.53206],[-118.87868,36.53133],[-118.87844,36.5313],[-118.87845,36.53114],[-118.8793,36.53056],[-118.87979,36.53041],[-118.87996,36.52944],[-118.88057,36.52858],[-118.88178,36.52879],[-118.88392,36.52786],[-118.88574,36.52783],[-118.88732,36.52711],[-118.88758,36.52687],[-118.88781,36.52686],[-118.88859,36.52625],[-118.88922,36.52603],[-118.89059,36.52601],[-118.89144,36.52651],[-118.89165,36.5268],[-118.89206,36.52786],[-118.89096,36.52864],[-118.89037,36.52892],[-118.88976,36.52887],[-118.88887,36.52917],[-118.88858,36.52899],[-118.88793,36.52887],[-118.88753,36.52856],[-118.88748,36.52901],[-118.8891,36.52978],[-118.88951,36.52961],[-118.88991,36.52985],[-118.89013,36.53049],[-118.89003,36.53085],[-118.89047,36.53123],[-118.89184,36.53151],[-118.89265,36.53183],[-118.89285,36.53204],[-118.89286,36.53232],[-118.89268,36.53265],[-118.89199,36.53335],[-118.89147,36.53322],[-118.89128,36.53364],[-118.8914,36.53436],[-118.89205,36.53398],[-118.8923,36.53454],[-118.89265,36.5348],[-118.89276,36.53511],[-118.89473,36.53567],[-118.896,36.53641],[-118.89596,36.53662],[-118.89578,36.53702],[-118.89548,36.53714],[-118.89476,36.53671],[-118.89426,36.53659],[-118.8938,36.53621],[-118.89366,36.53585],[-118.89309,36.53571],[-118.89308,36.53599],[-118.89268,36.53592],[-118.8928,36.53614],[-118.89305,36.5362],[-118.89307,36.53638],[-118.89375,36.5365],[-118.89167,36.53704],[-118.89142,36.53741],[-118.89146,36.53765],[-118.89205,36.53762],[-118.89236,36.53776],[-118.8929,36.53764],[-118.89396,36.53803],[-118.89411,36.53813],[-118.89412,36.53834],[-118.89383,36.53846],[-118.89382,36.5387],[-118.89354,36.53881],[-118.89288,36.53871],[-118.89241,36.53885],[-118.89128,36.53947],[-118.89012,36.54038],[-118.8897,36.54117],[-118.88903,36.54196],[-118.88903,36.54314],[-118.88871,36.54315],[-118.88844,36.54242],[-118.88722,36.54193],[-118.8868,36.54222],[-118.88679,36.54237],[-118.88628,36.54261],[-118.88594,36.5431],[-118.88504,36.54348],[-118.88492,36.54361],[-118.8851,36.54401],[-118.88484,36.54429],[-118.88531,36.54439],[-118.88601,36.54429],[-118.88864,36.54439],[-118.89036,36.54398],[-118.89092,36.54406],[-118.89235,36.54382],[-118.89348,36.54423],[-118.89494,36.54423],[-118.8952,36.54438],[-118.89513,36.54457],[-118.89466,36.54482],[-118.89443,36.54477],[-118.89376,36.54526],[-118.88916,36.54575],[-118.88874,36.54612],[-118.88869,36.54682],[-118.88889,36.5469],[-118.88846,36.54785],[-118.88809,36.54831],[-118.88855,36.54889],[-118.88917,36.55085],[-118.88963,36.55143],[-118.89002,36.55169],[-118.8905,36.55175],[-118.89079,36.552],[-118.89129,36.55196],[-118.89259,36.55381],[-118.89352,36.55439],[-118.89401,36.55496],[-118.89418,36.55573],[-118.8936,36.55695],[-118.89473,36.55713],[-118.89493,36.55776],[-118.89486,36.55821],[-118.89511,36.55837],[-118.89554,36.55837],[-118.89642,36.55926],[-118.89756,36.55951],[-118.89864,36.56019],[-118.89821,36.56099],[-118.89814,36.56143],[-118.89779,36.56166],[-118.89777,36.56192],[-118.89706,36.5621],[-118.89701,36.5626],[-118.89712,36.56288],[-118.89696,36.5631],[-118.89598,36.56302],[-118.89574,36.56317],[-118.89558,36.56333],[-118.89572,36.56384],[-118.89506,36.56413],[-118.8947,36.56451],[-118.89434,36.5645],[-118.89423,36.56459],[-118.89432,36.56482],[-118.89373,36.56504],[-118.89366,36.56518],[-118.89403,36.56546],[-118.894,36.56558],[-118.89349,36.56576],[-118.8936,36.56587],[-118.89473,36.56596],[-118.89554,36.56576],[-118.8959,36.56587],[-118.89572,36.56645],[-118.89511,36.56679],[-118.89522,36.56728],[-118.89479,36.56764],[-118.89494,36.56809],[-118.89474,36.56845],[-118.89425,36.56914],[-118.89395,36.56926],[-118.89395,36.56951],[-118.89357,36.56989],[-118.89392,36.56996],[-118.89384,36.57028],[-118.89423,36.57048],[-118.89562,36.57011],[-118.89576,36.57011],[-118.89589,36.57031],[-118.8959,36.57165],[-118.89619,36.57212],[-118.89581,36.57248],[-118.89608,36.57285],[-118.89586,36.57322],[-118.89598,36.5735],[-118.8959,36.57377],[-118.89614,36.57404],[-118.89589,36.57442],[-118.89598,36.57469],[-118.89591,36.57505],[-118.89421,36.57541],[-118.89299,36.57589],[-118.89318,36.57604],[-118.89316,36.57639],[-118.89348,36.57659],[-118.8946,36.57798],[-118.89562,36.57867],[-118.89599,36.57965],[-118.8957,36.58008],[-118.89634,36.58044],[-118.89643,36.58061],[-118.89754,36.58107],[-118.89768,36.58142],[-118.89804,36.58165],[-118.89841,36.58217],[-118.89845,36.58257],[-118.89792,36.58268],[-118.89843,36.58383],[-118.89817,36.58448],[-118.89823,36.58469],[-118.89865,36.585],[-118.89882,36.58554],[-118.89871,36.58581],[-118.8983,36.58588],[-118.89825,36.5863],[-118.89856,36.58648],[-118.89883,36.58693],[-118.89947,36.58745],[-118.90034,36.58783],[-118.90147,36.58795],[-118.90219,36.58818],[-118.9022,36.58851],[-118.90191,36.589],[-118.90247,36.58954],[-118.90422,36.58992],[-118.90447,36.59032],[-118.90476,36.59032],[-118.90486,36.59065],[-118.90546,36.59079],[-118.90556,36.59094],[-118.90626,36.59081],[-118.90753,36.59105],[-118.90832,36.59136],[-118.90869,36.59192],[-118.90955,36.59252],[-118.91173,36.59312],[-118.91201,36.59345],[-118.9125,36.59353],[-118.91288,36.59377],[-118.9143,36.59408],[-118.91481,36.59448],[-118.9153,36.59515],[-118.91526,36.59552],[-118.91477,36.59621],[-118.91355,36.59614],[-118.91326,36.59654],[-118.912,36.59663],[-118.9119,36.59674],[-118.91204,36.59765],[-118.9122,36.59786],[-118.91215,36.5984],[-118.91234,36.59865],[-118.91392,36.59951],[-118.91396,36.59999],[-118.91337,36.59995],[-118.91299,36.60017],[-118.9131,36.6004],[-118.91221,36.60045],[-118.9121,36.60066],[-118.91175,36.60085],[-118.91106,36.60082],[-118.91104,36.60046],[-118.91087,36.60039],[-118.9103,36.60048],[-118.91007,36.60077],[-118.91044,36.60128],[-118.91005,36.60129],[-118.90963,36.60207],[-118.90892,36.60249],[-118.90943,36.60298],[-118.90957,36.60307],[-118.91095,36.60269],[-118.91113,36.60201],[-118.91125,36.60189],[-118.91156,36.60194],[-118.91199,36.60288],[-118.91191,36.60354],[-118.91105,36.60397],[-118.91213,36.60411],[-118.91298,36.60382],[-118.91362,36.60385],[-118.91413,36.6037],[-118.91475,36.60329],[-118.91548,36.60345],[-118.91563,36.60389],[-118.91551,36.60421],[-118.91567,36.60489],[-118.91652,36.60569],[-118.9171,36.60451],[-118.91802,36.60456],[-118.91828,36.60484],[-118.91924,36.60476],[-118.9198,36.60426],[-118.9204,36.60422],[-118.92125,36.6049],[-118.92179,36.60484],[-118.92228,36.60456],[-118.92285,36.60456],[-118.92354,36.60476],[-118.92425,36.60427],[-118.92478,36.60433],[-118.92529,36.60411],[-118.92522,36.60326],[-118.92434,36.60296],[-118.92419,36.60306],[-118.92419,36.6034],[-118.92395,36.60346],[-118.92333,36.60324],[-118.92317,36.60342],[-118.92291,36.60338],[-118.92268,36.60286],[-118.92172,36.60154],[-118.9212,36.60108],[-118.92057,36.60067],[-118.91936,36.60036],[-118.91924,36.59994],[-118.91947,36.59959],[-118.91979,36.5993],[-118.92039,36.59914],[-118.92047,36.59891],[-118.92011,36.59881],[-118.91956,36.59796],[-118.91892,36.59763],[-118.91839,36.59759],[-118.91707,36.59794],[-118.91656,36.59685],[-118.91662,36.59645],[-118.91778,36.59715],[-118.91802,36.59689],[-118.91881,36.5966],[-118.91918,36.59664],[-118.92044,36.59721],[-118.92107,36.59765],[-118.92321,36.598],[-118.92382,36.5979],[-118.92426,36.59818],[-118.9248,36.59913],[-118.92525,36.59961],[-118.92539,36.60034],[-118.92607,36.60081],[-118.92651,36.60083],[-118.92704,36.60111],[-118.92725,36.60159],[-118.92735,36.60274],[-118.92889,36.60358],[-118.93022,36.60616],[-118.93004,36.60647],[-118.93184,36.60899],[-118.93218,36.6093],[-118.93219,36.6096],[-118.93175,36.60982],[-118.93228,36.61046],[-118.9321,36.61102],[-118.9317,36.61109],[-118.9309,36.61166],[-118.93111,36.61183],[-118.93099,36.61224],[-118.93113,36.61292],[-118.93108,36.6131],[-118.93082,36.61326],[-118.93103,36.61402],[-118.93198,36.61542],[-118.93248,36.61647],[-118.93263,36.61778],[-118.93199,36.61948],[-118.93198,36.62081],[-118.93145,36.62137],[-118.93074,36.62164],[-118.93053,36.62198],[-118.93147,36.62365],[-118.93218,36.62443],[-118.93302,36.62508],[-118.93381,36.62682],[-118.93496,36.62786],[-118.93545,36.62872],[-118.93584,36.62909],[-118.9366,36.63036],[-118.93672,36.63089],[-118.93777,36.6323],[-118.94137,36.633],[-118.94189,36.63275],[-118.94224,36.63238],[-118.94336,36.63238],[-118.94397,36.63281],[-118.94445,36.63294],[-118.9447,36.63376],[-118.946,36.63432],[-118.94639,36.63431],[-118.94689,36.63488],[-118.94674,36.63551],[-118.94692,36.63568],[-118.94682,36.6359],[-118.94649,36.63584],[-118.94567,36.6364],[-118.94606,36.63691],[-118.94572,36.63732],[-118.9457,36.6379],[-118.94607,36.63801],[-118.94531,36.63881],[-118.94529,36.6394],[-118.94496,36.63967],[-118.94513,36.64029],[-118.94543,36.64047],[-118.94552,36.64108],[-118.94599,36.64149],[-118.94595,36.64221],[-118.94618,36.64238],[-118.94612,36.64254],[-118.94626,36.64277],[-118.94615,36.6436],[-118.94708,36.6443],[-118.94756,36.64443],[-118.94795,36.64503],[-118.94854,36.64544],[-118.94872,36.64586],[-118.94911,36.64601],[-118.94927,36.64624],[-118.94951,36.64723],[-118.94941,36.64731],[-118.94924,36.64722],[-118.94921,36.64743],[-118.94965,36.64797],[-118.9499,36.64899],[-118.95051,36.64928],[-118.95084,36.64979],[-118.95055,36.65157],[-118.95105,36.65183],[-118.95177,36.65297],[-118.95169,36.65326],[-118.95216,36.65396],[-118.95204,36.65425],[-118.95227,36.65469],[-118.95204,36.65596],[-118.95229,36.65648],[-118.95313,36.65741],[-118.95323,36.65843],[-118.95393,36.66011],[-118.95371,36.66064],[-118.9534,36.66084],[-118.95365,36.66142],[-118.95367,36.66182],[-118.95328,36.66214],[-118.9535,36.66272],[-118.9532,36.66337],[-118.95341,36.66372],[-118.95301,36.66445],[-118.95321,36.66454],[-118.95287,36.66493],[-118.95265,36.66664],[-118.95233,36.66689],[-118.9517,36.66809],[-118.9518,36.66831],[-118.95108,36.67036],[-118.95114,36.67087],[-118.95098,36.67113],[-118.95103,36.67172],[-118.9509,36.67218],[-118.95067,36.67259],[-118.94973,36.67313],[-118.94904,36.67386],[-118.9491,36.67413],[-118.94851,36.67515],[-118.94847,36.6756],[-118.94867,36.67567],[-118.94887,36.6763],[-118.9482,36.67658],[-118.94798,36.67689],[-118.94881,36.67661],[-118.94893,36.67672],[-118.94846,36.67703],[-118.94819,36.67755],[-118.94703,36.67836],[-118.94692,36.67923],[-118.94666,36.67961],[-118.94609,36.67968],[-118.94595,36.68005],[-118.94597,36.68116],[-118.9455,36.68177],[-118.94463,36.68221],[-118.94442,36.68289],[-118.94464,36.68355],[-118.94365,36.68396],[-118.94344,36.68441],[-118.94318,36.68441],[-118.94301,36.68473],[-118.94309,36.6855],[-118.94322,36.68553],[-118.94318,36.68636],[-118.94302,36.68661],[-118.94258,36.6867],[-118.94218,36.6865],[-118.94182,36.68744],[-118.94204,36.68804],[-118.94178,36.68824],[-118.94212,36.68844],[-118.94242,36.68884],[-118.94171,36.68938],[-118.94206,36.69081],[-118.94249,36.69094],[-118.94282,36.69149],[-118.94165,36.69258],[-118.94104,36.69258],[-118.94074,36.69274],[-118.94075,36.69295],[-118.94112,36.6933],[-118.94089,36.69348],[-118.9411,36.69369],[-118.9409,36.69477],[-118.9413,36.69487],[-118.94145,36.69511],[-118.94167,36.69504],[-118.94188,36.69526],[-118.94222,36.69583],[-118.94205,36.69636],[-118.9423,36.69624],[-118.94273,36.69573],[-118.94313,36.69568],[-118.94326,36.69555],[-118.94339,36.69489],[-118.9449,36.69326],[-118.94634,36.69222],[-118.94766,36.69146],[-118.94807,36.69162],[-118.94833,36.6922],[-118.94989,36.69298],[-118.95061,36.69379],[-118.95075,36.69373],[-118.95097,36.69388],[-118.95098,36.69405],[-118.95135,36.69405],[-118.95162,36.69424],[-118.95206,36.69508],[-118.95216,36.69569],[-118.95207,36.69596],[-118.95158,36.69638],[-118.9512,36.6971],[-118.95073,36.69736],[-118.95052,36.69769],[-118.95089,36.69793],[-118.95064,36.69806],[-118.94998,36.69804],[-118.94974,36.69832],[-118.94961,36.69877],[-118.94985,36.69963],[-118.94971,36.70012],[-118.94921,36.70047],[-118.94896,36.70097],[-118.94861,36.70095],[-118.94863,36.70118],[-118.94816,36.70176],[-118.948,36.70225],[-118.94735,36.70268],[-118.94773,36.703],[-118.94747,36.70366],[-118.94759,36.7036],[-118.94771,36.70385],[-118.94765,36.70405],[-118.94739,36.7042],[-118.94752,36.70421],[-118.94759,36.7044],[-118.94733,36.70454],[-118.9472,36.7049],[-118.94702,36.70493],[-118.94692,36.70535],[-118.94679,36.70539],[-118.94664,36.70596],[-118.94692,36.70653],[-118.94674,36.70693],[-118.94628,36.7071],[-118.94621,36.70779],[-118.94608,36.70797],[-118.94652,36.70829],[-118.9455,36.70871],[-118.94521,36.70906],[-118.94511,36.70946],[-118.94545,36.70991],[-118.94519,36.7108],[-118.94561,36.71214],[-118.9456,36.7126],[-118.94472,36.71322],[-118.94442,36.71363],[-118.94453,36.71361],[-118.94455,36.71407],[-118.94362,36.71465],[-118.94324,36.71432],[-118.94251,36.71452],[-118.94236,36.715],[-118.94176,36.71506],[-118.94155,36.71549],[-118.9417,36.71692],[-118.94191,36.71741],[-118.94224,36.71765],[-118.94313,36.71757],[-118.94388,36.7178],[-118.94542,36.71867],[-118.94552,36.71849],[-118.94572,36.71844],[-118.94685,36.7187],[-118.94838,36.71854],[-118.94975,36.71936],[-118.95066,36.7193],[-118.95067,36.71969],[-118.95095,36.71976],[-118.95081,36.7207],[-118.95028,36.72103],[-118.94919,36.72142],[-118.94876,36.72189],[-118.94844,36.72201],[-118.94871,36.72243],[-118.94841,36.72266],[-118.94852,36.72302],[-118.9477,36.72366],[-118.94719,36.72389],[-118.94727,36.72409],[-118.94665,36.72479],[-118.94582,36.72507],[-118.94599,36.7252],[-118.94592,36.72538],[-118.94559,36.72541],[-118.94541,36.72527],[-118.94553,36.72497],[-118.9448,36.7249],[-118.94431,36.72423],[-118.9439,36.72426],[-118.9429,36.72466],[-118.94221,36.72453],[-118.9418,36.72419],[-118.94138,36.72419],[-118.94106,36.72457],[-118.94149,36.72461],[-118.94127,36.72504],[-118.94094,36.72492],[-118.94072,36.72501],[-118.94066,36.72488],[-118.94088,36.7245],[-118.93902,36.72364],[-118.93856,36.7236],[-118.93848,36.72329],[-118.93764,36.72283],[-118.93707,36.72275],[-118.9359,36.72389],[-118.93549,36.724],[-118.93481,36.72443],[-118.93367,36.72472],[-118.93272,36.72526],[-118.93167,36.72566],[-118.93165,36.72654],[-118.93105,36.72691],[-118.93043,36.72705],[-118.92976,36.7263],[-118.92938,36.72627],[-118.92874,36.72639],[-118.92782,36.72633],[-118.92677,36.72716],[-118.92573,36.72662],[-118.92513,36.72658],[-118.92467,36.72696],[-118.92412,36.72679],[-118.92435,36.72696],[-118.9238,36.72712],[-118.92326,36.72766],[-118.92351,36.72815],[-118.92351,36.72842],[-118.92336,36.72858],[-118.92354,36.7291],[-118.92347,36.72938],[-118.92324,36.72965],[-118.92284,36.7298],[-118.92306,36.72993],[-118.92301,36.73004],[-118.9225,36.73028],[-118.92248,36.73045],[-118.9223,36.73043],[-118.92225,36.73061],[-118.92188,36.7305],[-118.92176,36.73029],[-118.922,36.72983],[-118.92119,36.73001],[-118.9205,36.72953],[-118.92034,36.72978],[-118.92023,36.72964],[-118.91964,36.72969]]],[[[-118.82394,36.64636],[-118.82375,36.64619],[-118.82417,36.64614],[-118.8242,36.64631],[-118.82394,36.64636]]],[[[-118.82212,36.64851],[-118.82193,36.64851],[-118.82192,36.64836],[-118.82208,36.64838],[-118.82212,36.64851]]],[[[-118.86032,36.65588],[-118.8602,36.65574],[-118.86038,36.65565],[-118.86056,36.65576],[-118.86032,36.65588]]],[[[-118.82179,36.65658],[-118.82147,36.65657],[-118.82153,36.65637],[-118.8218,36.65643],[-118.82179,36.65658]]],[[[-118.83854,36.65682],[-118.83899,36.65675],[-118.839,36.65661],[-118.83921,36.65667],[-118.83894,36.65695],[-118.83909,36.65703],[-118.83925,36.65692],[-118.83918,36.65709],[-118.83942,36.65711],[-118.83944,36.65727],[-118.83964,36.65734],[-118.83939,36.65748],[-118.83948,36.65763],[-118.83927,36.65777],[-118.8391,36.65741],[-118.83876,36.65722],[-118.8386,36.65728],[-118.83865,36.65715],[-118.83845,36.65704],[-118.83854,36.65682]]],[[[-118.82089,36.65783],[-118.82123,36.6579],[-118.82115,36.6581],[-118.8206,36.65795],[-118.82089,36.65783]]],[[[-118.83744,36.65847],[-118.83721,36.65847],[-118.83705,36.65817],[-118.83751,36.65823],[-118.83744,36.65847]]],[[[-118.84381,36.65868],[-118.84382,36.65851],[-118.84442,36.65855],[-118.84428,36.65873],[-118.84381,36.65868]]],[[[-118.84091,36.65887],[-118.84081,36.65865],[-118.84104,36.65863],[-118.84108,36.65879],[-118.84091,36.65887]]],[[[-118.87733,36.69889],[-118.87735,36.69866],[-118.87774,36.69859],[-118.87759,36.69891],[-118.87733,36.69889]]],[[[-118.88397,36.70645],[-118.88428,36.70654],[-118.88409,36.70657],[-118.88397,36.70645]]],[[[-118.88433,36.70681],[-118.88414,36.70726],[-118.88357,36.70743],[-118.88334,36.70699],[-118.88375,36.70655],[-118.88409,36.70657],[-118.88433,36.70681]]],[[[-118.94266,36.71587],[-118.94322,36.71591],[-118.94278,36.71622],[-118.94266,36.71587]]],[[[-118.9038,36.71738],[-118.90338,36.71707],[-118.90389,36.71687],[-118.90402,36.71697],[-118.9038,36.71738]]],[[[-118.90011,36.72079],[-118.90023,36.72099],[-118.89997,36.72122],[-118.89965,36.72105],[-118.89977,36.72078],[-118.90011,36.72079]]],[[[-118.94378,36.72489],[-118.94364,36.72475],[-118.94395,36.72462],[-118.94409,36.72486],[-118.94378,36.72489]]],[[[-118.9245,36.72718],[-118.9243,36.72712],[-118.9244,36.72698],[-118.92457,36.72706],[-118.9245,36.72718]]],[[[-118.91694,36.72706],[-118.91701,36.72713],[-118.9169,36.72713],[-118.91694,36.72706]]],[[[-118.78322,36.47539],[-118.78338,36.47523],[-118.78337,36.47502],[-118.7838,36.47458],[-118.7846,36.47463],[-118.78572,36.47494],[-118.78633,36.47498],[-118.78655,36.47513],[-118.78647,36.47491],[-118.78675,36.47479],[-118.78675,36.47497],[-118.78709,36.47524],[-118.78702,36.47537],[-118.78619,36.47547],[-118.78587,36.47578],[-118.78597,36.4762],[-118.78585,36.47635],[-118.78562,36.47626],[-118.78573,36.47617],[-118.78565,36.47606],[-118.78485,36.47599],[-118.78454,36.47623],[-118.78394,36.47634],[-118.78403,36.47665],[-118.78331,36.47652],[-118.7838,36.47598],[-118.7838,36.47575],[-118.78365,36.47564],[-118.78316,36.47573],[-118.78273,36.47564],[-118.7829,36.4754],[-118.78322,36.47539]]],[[[-118.7871,36.47589],[-118.78712,36.47605],[-118.78691,36.4757],[-118.7871,36.47589]]],[[[-118.7615,36.48197],[-118.76136,36.48201],[-118.76122,36.48187],[-118.76144,36.48176],[-118.7615,36.48197]]],[[[-118.77171,36.48219],[-118.77198,36.48238],[-118.77177,36.48268],[-118.77166,36.48246],[-118.77125,36.48276],[-118.7713,36.48256],[-118.77171,36.48219]]],[[[-118.77264,36.48249],[-118.77235,36.48293],[-118.77272,36.48274],[-118.77237,36.4832],[-118.77262,36.48338],[-118.77375,36.48299],[-118.77395,36.48263],[-118.77442,36.48252],[-118.7742,36.48299],[-118.77427,36.48324],[-118.77338,36.48409],[-118.77239,36.48453],[-118.77234,36.48481],[-118.77171,36.48517],[-118.77147,36.48503],[-118.77154,36.48484],[-118.77131,36.48459],[-118.77145,36.48455],[-118.7714,36.48436],[-118.7709,36.48402],[-118.7709,36.48386],[-118.77113,36.48387],[-118.77133,36.48371],[-118.77152,36.48317],[-118.77193,36.48277],[-118.77264,36.48249]]],[[[-118.76433,36.48762],[-118.7641,36.48781],[-118.76379,36.48778],[-118.76392,36.48765],[-118.76383,36.48758],[-118.76416,36.48739],[-118.76415,36.48702],[-118.76374,36.48705],[-118.76353,36.48651],[-118.76327,36.48636],[-118.7633,36.48622],[-118.76352,36.48626],[-118.76382,36.48662],[-118.76431,36.48678],[-118.76445,36.48626],[-118.76466,36.48626],[-118.76458,36.48601],[-118.76472,36.48593],[-118.76448,36.48578],[-118.76432,36.48582],[-118.7643,36.48597],[-118.764,36.48584],[-118.76391,36.48564],[-118.76399,36.48545],[-118.76363,36.48521],[-118.76355,36.48543],[-118.7631,36.4854],[-118.76315,36.4856],[-118.76304,36.48565],[-118.7626,36.48513],[-118.76293,36.48497],[-118.76304,36.48472],[-118.76402,36.4847],[-118.76446,36.48506],[-118.76417,36.48529],[-118.76448,36.48538],[-118.76446,36.48566],[-118.76554,36.48574],[-118.7652,36.48614],[-118.76521,36.48638],[-118.76576,36.48709],[-118.76586,36.48744],[-118.76582,36.48772],[-118.76565,36.48777],[-118.76571,36.48794],[-118.76613,36.48775],[-118.76639,36.48806],[-118.76629,36.48835],[-118.76606,36.48849],[-118.76599,36.48839],[-118.76568,36.48845],[-118.7655,36.48828],[-118.76513,36.48827],[-118.76472,36.48807],[-118.76452,36.4877],[-118.76433,36.48762]]],[[[-118.77173,36.4862],[-118.77277,36.48632],[-118.77307,36.48616],[-118.77354,36.48625],[-118.77333,36.48674],[-118.77294,36.48671],[-118.77281,36.48734],[-118.77258,36.48758],[-118.77238,36.48711],[-118.77197,36.4874],[-118.772,36.48756],[-118.77235,36.48783],[-118.77223,36.48796],[-118.77253,36.4883],[-118.77231,36.48853],[-118.77199,36.48832],[-118.77174,36.48833],[-118.77179,36.4879],[-118.772,36.48774],[-118.77184,36.48754],[-118.77193,36.48707],[-118.77172,36.48663],[-118.77173,36.4862]]],[[[-118.76698,36.48915],[-118.76761,36.48973],[-118.76806,36.48966],[-118.7683,36.49014],[-118.76779,36.49034],[-118.7675,36.49063],[-118.76766,36.49114],[-118.76708,36.49114],[-118.76701,36.49075],[-118.76735,36.49033],[-118.767,36.4901],[-118.76681,36.48961],[-118.7668,36.48934],[-118.76698,36.48915]]],[[[-118.77037,36.48911],[-118.7714,36.48946],[-118.7715,36.48996],[-118.77208,36.49014],[-118.77256,36.49112],[-118.77218,36.49137],[-118.77214,36.49182],[-118.77183,36.4915],[-118.77188,36.49127],[-118.77154,36.49092],[-118.77176,36.49053],[-118.77107,36.49029],[-118.77083,36.49033],[-118.77038,36.48958],[-118.7705,36.48951],[-118.77037,36.48911]]],[[[-118.76345,36.49143],[-118.76317,36.49158],[-118.76314,36.49131],[-118.76326,36.49111],[-118.76318,36.49099],[-118.76303,36.49098],[-118.76282,36.49121],[-118.76232,36.49103],[-118.76221,36.49085],[-118.76237,36.49068],[-118.76169,36.48992],[-118.76192,36.48981],[-118.76257,36.49019],[-118.76283,36.49012],[-118.7633,36.49026],[-118.76362,36.49044],[-118.76365,36.49059],[-118.76426,36.49069],[-118.76432,36.4906],[-118.76467,36.49087],[-118.76529,36.49082],[-118.7651,36.49016],[-118.7645,36.49011],[-118.76444,36.48974],[-118.76598,36.49029],[-118.76529,36.49071],[-118.76587,36.49104],[-118.76572,36.49108],[-118.76588,36.49139],[-118.7658,36.49163],[-118.76613,36.49199],[-118.76606,36.49216],[-118.76623,36.49243],[-118.76564,36.4925],[-118.76557,36.49238],[-118.76522,36.49255],[-118.76473,36.49189],[-118.76443,36.4917],[-118.76397,36.49172],[-118.7636,36.49202],[-118.76356,36.49152],[-118.76345,36.49143]]],[[[-118.76665,36.49168],[-118.76647,36.49149],[-118.76662,36.49134],[-118.7667,36.49141],[-118.76665,36.49168]]],[[[-118.76898,36.49206],[-118.76874,36.49235],[-118.76881,36.49211],[-118.76898,36.49206]]],[[[-118.77243,36.49254],[-118.77277,36.49254],[-118.77276,36.49272],[-118.77305,36.49286],[-118.77274,36.4931],[-118.77243,36.49254]]],[[[-118.79569,36.49247],[-118.79614,36.49258],[-118.79627,36.49249],[-118.79625,36.49223],[-118.79641,36.4924],[-118.79682,36.49222],[-118.79701,36.49233],[-118.79709,36.49283],[-118.79762,36.4935],[-118.79703,36.49349],[-118.79567,36.49275],[-118.79499,36.49259],[-118.79479,36.49236],[-118.79526,36.49237],[-118.79551,36.49221],[-118.79564,36.49225],[-118.79569,36.49247]]],[[[-118.77315,36.49403],[-118.773,36.49384],[-118.77284,36.49402],[-118.7725,36.49385],[-118.77259,36.49372],[-118.77356,36.49343],[-118.77349,36.49408],[-118.77315,36.49403]]],[[[-118.77273,36.49471],[-118.77269,36.49484],[-118.77246,36.49471],[-118.77273,36.49471]]],[[[-118.77488,36.52545],[-118.77641,36.5263],[-118.77587,36.52631],[-118.7754,36.52651],[-118.77526,36.52688],[-118.77498,36.52702],[-118.77396,36.52672],[-118.77384,36.52656],[-118.7742,36.5262],[-118.77402,36.52581],[-118.77411,36.52566],[-118.77475,36.52579],[-118.77488,36.52545]]],[[[-118.77794,36.53284],[-118.77755,36.53303],[-118.77741,36.53285],[-118.77779,36.5325],[-118.77794,36.53284]]],[[[-118.76105,36.54325],[-118.76089,36.54311],[-118.76065,36.54328],[-118.76092,36.54297],[-118.76105,36.54325]]],[[[-118.76773,36.56303],[-118.76769,36.56286],[-118.76791,36.56285],[-118.7679,36.56295],[-118.76773,36.56303]]],[[[-118.75718,36.58303],[-118.75701,36.58301],[-118.7569,36.58284],[-118.75718,36.58303]]],[[[-118.79039,36.63012],[-118.79046,36.63019],[-118.79033,36.63016],[-118.79039,36.63012]]],[[[-118.80284,36.64904],[-118.80319,36.64877],[-118.80274,36.64863],[-118.80291,36.64844],[-118.80336,36.64837],[-118.80387,36.64861],[-118.80389,36.64886],[-118.80361,36.64893],[-118.80364,36.64928],[-118.80318,36.64938],[-118.80284,36.64904]]],[[[-118.75298,36.42758],[-118.75227,36.42767],[-118.75204,36.42819],[-118.75173,36.42811],[-118.7519,36.42762],[-118.75257,36.42718],[-118.75334,36.42696],[-118.75541,36.42715],[-118.75545,36.42735],[-118.75498,36.42767],[-118.75371,36.42776],[-118.75298,36.42758]]],[[[-118.74963,36.48285],[-118.74948,36.48278],[-118.74912,36.48296],[-118.74849,36.4825],[-118.74871,36.48229],[-118.74917,36.48236],[-118.74922,36.48227],[-118.7489,36.48202],[-118.74888,36.48186],[-118.74862,36.4819],[-118.74856,36.48178],[-118.74877,36.48167],[-118.7486,36.48154],[-118.74884,36.48153],[-118.74889,36.48142],[-118.74865,36.48127],[-118.74838,36.48126],[-118.74831,36.48137],[-118.74827,36.48085],[-118.74803,36.48067],[-118.74786,36.48071],[-118.74755,36.48017],[-118.74726,36.48012],[-118.74743,36.48005],[-118.74741,36.47985],[-118.74697,36.47987],[-118.74711,36.47942],[-118.7473,36.47932],[-118.74715,36.47907],[-118.74759,36.47932],[-118.74774,36.47905],[-118.74904,36.47877],[-118.74947,36.47907],[-118.74949,36.47968],[-118.74977,36.47967],[-118.75008,36.47921],[-118.75027,36.47938],[-118.75016,36.47951],[-118.75058,36.4799],[-118.75049,36.48002],[-118.7509,36.48039],[-118.75147,36.48034],[-118.75165,36.48051],[-118.75098,36.48167],[-118.75117,36.4818],[-118.75128,36.48269],[-118.75165,36.48275],[-118.75176,36.48324],[-118.75151,36.48357],[-118.75136,36.48355],[-118.75121,36.48389],[-118.75065,36.48375],[-118.75031,36.4843],[-118.75001,36.48454],[-118.75027,36.48481],[-118.74992,36.48495],[-118.7499,36.48465],[-118.74974,36.48463],[-118.74971,36.48448],[-118.74988,36.4836],[-118.74936,36.48316],[-118.74938,36.48306],[-118.74953,36.48311],[-118.74963,36.48285]]],[[[-118.75385,36.48451],[-118.75337,36.48457],[-118.75273,36.48494],[-118.75265,36.48485],[-118.7528,36.48416],[-118.75317,36.4843],[-118.75348,36.48382],[-118.7535,36.48392],[-118.75366,36.48391],[-118.75352,36.48431],[-118.75385,36.48451]]],[[[-118.74984,36.48513],[-118.75015,36.48503],[-118.75028,36.48523],[-118.75037,36.4856],[-118.75024,36.48569],[-118.74991,36.48538],[-118.74984,36.48513]]],[[[-118.74282,36.50297],[-118.74221,36.50233],[-118.74252,36.50249],[-118.7426,36.50235],[-118.74243,36.50214],[-118.74261,36.50211],[-118.74305,36.50286],[-118.74282,36.50297]]],[[[-118.74526,36.50352],[-118.74514,36.50366],[-118.7451,36.50363],[-118.74526,36.50352]]],[[[-118.7454,36.50357],[-118.74527,36.50351],[-118.74551,36.5034],[-118.74558,36.50355],[-118.74548,36.50356],[-118.74538,36.50389],[-118.74524,36.50376],[-118.7454,36.50357]]],[[[-118.74218,36.50487],[-118.74199,36.50477],[-118.7416,36.50445],[-118.74207,36.5042],[-118.74227,36.50437],[-118.74222,36.50455],[-118.74246,36.50475],[-118.74232,36.50471],[-118.74218,36.50487]]],[[[-118.74208,36.51502],[-118.74185,36.51517],[-118.7417,36.51492],[-118.74153,36.51491],[-118.7416,36.51477],[-118.74185,36.51476],[-118.7416,36.51455],[-118.74194,36.51452],[-118.74199,36.51441],[-118.74237,36.51471],[-118.74225,36.51435],[-118.74241,36.51423],[-118.74235,36.51411],[-118.74211,36.51404],[-118.7418,36.51369],[-118.74201,36.51358],[-118.74217,36.51386],[-118.74239,36.51376],[-118.74248,36.51384],[-118.74251,36.51419],[-118.74281,36.51447],[-118.74338,36.51448],[-118.74312,36.51418],[-118.74271,36.51422],[-118.74264,36.51406],[-118.74299,36.5134],[-118.74285,36.51331],[-118.74274,36.51282],[-118.74292,36.51212],[-118.74323,36.51201],[-118.74332,36.51205],[-118.74316,36.51261],[-118.7436,36.51316],[-118.7433,36.51345],[-118.74398,36.51406],[-118.74383,36.51424],[-118.74414,36.51476],[-118.74393,36.51578],[-118.74372,36.51613],[-118.74216,36.51606],[-118.74231,36.51572],[-118.74224,36.51541],[-118.74246,36.51527],[-118.74244,36.51512],[-118.74208,36.51502]]],[[[-118.74326,36.56004],[-118.74349,36.55957],[-118.74432,36.55879],[-118.74447,36.5589],[-118.74587,36.55819],[-118.74666,36.55852],[-118.74731,36.5594],[-118.7475,36.55948],[-118.74743,36.55971],[-118.74712,36.55977],[-118.74689,36.55958],[-118.74656,36.55965],[-118.74639,36.5599],[-118.74606,36.56002],[-118.7459,36.55974],[-118.74513,36.56028],[-118.74536,36.56128],[-118.74521,36.5616],[-118.74471,36.56168],[-118.74458,36.56153],[-118.7444,36.56158],[-118.74372,36.56093],[-118.74292,36.56085],[-118.74255,36.5605],[-118.74326,36.56004]]],[[[-118.75541,36.58286],[-118.75525,36.58265],[-118.7555,36.58266],[-118.75555,36.58283],[-118.75541,36.58286]]],[[[-118.75295,36.58292],[-118.75303,36.58319],[-118.75256,36.58312],[-118.75228,36.58284],[-118.7523,36.58264],[-118.7526,36.58238],[-118.75282,36.5824],[-118.75274,36.58283],[-118.75295,36.58292]]],[[[-118.75237,36.58347],[-118.75278,36.58349],[-118.75295,36.58369],[-118.75298,36.58401],[-118.75214,36.5839],[-118.75238,36.58366],[-118.75237,36.58347]]],[[[-118.67059,36.46247],[-118.67073,36.4625],[-118.67053,36.46255],[-118.67059,36.46247]]],[[[-118.67209,36.463],[-118.67182,36.46312],[-118.67164,36.46301],[-118.67169,36.46289],[-118.67192,36.46286],[-118.67209,36.463]]],[[[-118.6943,36.46603],[-118.69458,36.46604],[-118.6943,36.46617],[-118.6943,36.46603]]],[[[-118.70165,36.47022],[-118.70227,36.47042],[-118.70244,36.47064],[-118.70239,36.47088],[-118.70203,36.4708],[-118.70196,36.47058],[-118.70159,36.47037],[-118.70165,36.47022]]],[[[-118.71034,36.47818],[-118.71002,36.47831],[-118.71011,36.47789],[-118.71043,36.47788],[-118.71034,36.47818]]],[[[-118.67294,36.54044],[-118.67255,36.54024],[-118.67249,36.54003],[-118.67208,36.53973],[-118.67158,36.53955],[-118.67128,36.53914],[-118.67085,36.5391],[-118.6703,36.53844],[-118.66965,36.53819],[-118.66948,36.53782],[-118.66905,36.53772],[-118.66902,36.53743],[-118.66873,36.53733],[-118.668,36.53637],[-118.66736,36.53588],[-118.66736,36.53567],[-118.66714,36.53553],[-118.66624,36.53562],[-118.66491,36.53506],[-118.66341,36.5349],[-118.66275,36.53351],[-118.66277,36.53328],[-118.66248,36.53334],[-118.66218,36.53313],[-118.66211,36.5333],[-118.66181,36.53302],[-118.66204,36.53268],[-118.66215,36.53205],[-118.66191,36.53187],[-118.66183,36.53208],[-118.66163,36.53207],[-118.6616,36.5319],[-118.66123,36.53202],[-118.661,36.53225],[-118.66056,36.53203],[-118.66068,36.53188],[-118.66051,36.53184],[-118.6602,36.53203],[-118.66043,36.53214],[-118.66022,36.53231],[-118.66051,36.53239],[-118.66045,36.53251],[-118.66079,36.53241],[-118.6605,36.53283],[-118.6608,36.53318],[-118.66121,36.53336],[-118.6612,36.53356],[-118.66071,36.53359],[-118.65996,36.5339],[-118.65971,36.53369],[-118.65932,36.53384],[-118.65895,36.53366],[-118.65874,36.53372],[-118.65889,36.53402],[-118.65859,36.53417],[-118.65916,36.53438],[-118.65858,36.53457],[-118.65782,36.53413],[-118.6577,36.534],[-118.65772,36.53369],[-118.6571,36.53366],[-118.65681,36.53386],[-118.65674,36.53356],[-118.65587,36.53331],[-118.65612,36.53298],[-118.65588,36.53306],[-118.65577,36.53276],[-118.6559,36.53244],[-118.6557,36.53237],[-118.65601,36.53184],[-118.65566,36.53184],[-118.6556,36.53198],[-118.6554,36.53179],[-118.6554,36.53155],[-118.65519,36.5318],[-118.655,36.53165],[-118.65498,36.5319],[-118.6546,36.53166],[-118.65472,36.53153],[-118.65422,36.53158],[-118.65377,36.53086],[-118.65398,36.53049],[-118.6544,36.53045],[-118.65447,36.53014],[-118.6543,36.53015],[-118.6541,36.52981],[-118.65445,36.52948],[-118.65439,36.52922],[-118.65464,36.5287],[-118.65463,36.52861],[-118.65413,36.52878],[-118.65402,36.52862],[-118.65408,36.52831],[-118.65383,36.52801],[-118.65394,36.52784],[-118.65428,36.52785],[-118.65457,36.52752],[-118.65429,36.52683],[-118.65393,36.52656],[-118.65419,36.52637],[-118.65452,36.52565],[-118.65405,36.52561],[-118.65388,36.52509],[-118.65401,36.52491],[-118.65394,36.52458],[-118.65422,36.52456],[-118.65402,36.52443],[-118.65435,36.52423],[-118.65422,36.52414],[-118.65447,36.52399],[-118.65455,36.52367],[-118.65442,36.52348],[-118.65398,36.52363],[-118.65383,36.52356],[-118.65421,36.52334],[-118.65416,36.52323],[-118.65344,36.52329],[-118.6537,36.5234],[-118.65345,36.52345],[-118.65334,36.52364],[-118.65274,36.52325],[-118.65229,36.52331],[-118.65258,36.52312],[-118.6523,36.52277],[-118.65283,36.52268],[-118.65304,36.52234],[-118.65351,36.52225],[-118.65344,36.52211],[-118.65372,36.52201],[-118.65378,36.52209],[-118.65366,36.52221],[-118.654,36.52231],[-118.65393,36.52252],[-118.65415,36.52267],[-118.65432,36.52249],[-118.65465,36.52249],[-118.65444,36.52291],[-118.65465,36.52299],[-118.65491,36.52283],[-118.6548,36.52264],[-118.65491,36.52256],[-118.65537,36.52262],[-118.65577,36.523],[-118.65625,36.52298],[-118.65646,36.52343],[-118.65603,36.5236],[-118.65604,36.52405],[-118.65563,36.52437],[-118.65568,36.52457],[-118.65592,36.52452],[-118.65595,36.52469],[-118.65621,36.52485],[-118.65655,36.52475],[-118.65656,36.52455],[-118.65673,36.52453],[-118.65674,36.52471],[-118.65818,36.52424],[-118.65808,36.52376],[-118.65791,36.52388],[-118.65775,36.52382],[-118.65776,36.52366],[-118.65796,36.5236],[-118.65792,36.52333],[-118.65807,36.52304],[-118.65853,36.52254],[-118.65857,36.52227],[-118.65821,36.52215],[-118.65828,36.52176],[-118.65848,36.52173],[-118.65842,36.52208],[-118.6586,36.52216],[-118.65876,36.52188],[-118.65959,36.52167],[-118.65932,36.52148],[-118.65954,36.52108],[-118.65906,36.5209],[-118.65896,36.52064],[-118.65916,36.52048],[-118.65913,36.52035],[-118.65944,36.52053],[-118.65984,36.52054],[-118.66005,36.52028],[-118.66018,36.52029],[-118.66025,36.51992],[-118.6606,36.51976],[-118.66116,36.51982],[-118.66122,36.5202],[-118.66165,36.52011],[-118.66164,36.51997],[-118.6614,36.51994],[-118.66146,36.51974],[-118.66121,36.51955],[-118.6611,36.51879],[-118.66081,36.51859],[-118.66047,36.51875],[-118.66016,36.51846],[-118.66005,36.51806],[-118.66037,36.51803],[-118.66017,36.51744],[-118.6599,36.51736],[-118.65985,36.51698],[-118.65925,36.51742],[-118.65915,36.51734],[-118.65922,36.51713],[-118.65902,36.51711],[-118.65914,36.51707],[-118.65915,36.51686],[-118.659,36.51649],[-118.65869,36.51649],[-118.6586,36.51658],[-118.65876,36.51677],[-118.65854,36.51678],[-118.65845,36.51658],[-118.65809,36.51653],[-118.65807,36.51688],[-118.6579,36.51709],[-118.65734,36.5172],[-118.65704,36.51757],[-118.65683,36.51756],[-118.65659,36.51777],[-118.65632,36.51772],[-118.6564,36.51799],[-118.65607,36.51804],[-118.65592,36.51819],[-118.65604,36.5183],[-118.65596,36.51843],[-118.6547,36.51854],[-118.65461,36.51863],[-118.6548,36.51877],[-118.65476,36.519],[-118.65502,36.51916],[-118.65512,36.51894],[-118.65589,36.519],[-118.65593,36.51918],[-118.65571,36.51926],[-118.65568,36.51946],[-118.65531,36.51954],[-118.65505,36.5198],[-118.65462,36.51962],[-118.65414,36.51982],[-118.65365,36.51974],[-118.65341,36.51933],[-118.6529,36.51939],[-118.65289,36.51928],[-118.65272,36.51932],[-118.65277,36.5196],[-118.65246,36.51968],[-118.65224,36.51939],[-118.65247,36.51927],[-118.65244,36.51918],[-118.65202,36.51913],[-118.65176,36.51936],[-118.65128,36.51938],[-118.65142,36.51961],[-118.65132,36.51979],[-118.65099,36.51985],[-118.65051,36.5202],[-118.65046,36.52038],[-118.65022,36.52033],[-118.65014,36.52012],[-118.6509,36.51975],[-118.65113,36.51897],[-118.65143,36.51907],[-118.65182,36.51877],[-118.65166,36.51858],[-118.65164,36.51888],[-118.65118,36.5189],[-118.65106,36.51865],[-118.65121,36.51851],[-118.65152,36.51861],[-118.65161,36.51793],[-118.65142,36.51775],[-118.65153,36.51754],[-118.65143,36.5172],[-118.65108,36.51688],[-118.65148,36.51684],[-118.65156,36.5172],[-118.65183,36.51723],[-118.65263,36.51681],[-118.65247,36.51652],[-118.65234,36.51653],[-118.6522,36.51686],[-118.65186,36.51681],[-118.65197,36.517],[-118.65164,36.51695],[-118.65177,36.51676],[-118.65158,36.51658],[-118.65163,36.51643],[-118.65202,36.51626],[-118.65212,36.51608],[-118.6519,36.51588],[-118.65202,36.51579],[-118.65173,36.51564],[-118.65158,36.51539],[-118.65198,36.51527],[-118.65204,36.51482],[-118.65293,36.51475],[-118.65321,36.5146],[-118.65345,36.51473],[-118.65384,36.51457],[-118.65389,36.51465],[-118.65361,36.51483],[-118.6537,36.51489],[-118.65351,36.51512],[-118.65381,36.5152],[-118.65379,36.51541],[-118.65441,36.51525],[-118.6546,36.51486],[-118.65514,36.51508],[-118.65577,36.51489],[-118.65603,36.51461],[-118.65593,36.51447],[-118.65622,36.51449],[-118.65634,36.51435],[-118.6563,36.51401],[-118.65644,36.51404],[-118.65646,36.51391],[-118.65617,36.5138],[-118.65618,36.51365],[-118.65653,36.51361],[-118.65655,36.51339],[-118.65697,36.51321],[-118.65706,36.5133],[-118.65682,36.51334],[-118.65686,36.51343],[-118.65737,36.51335],[-118.6577,36.51349],[-118.6579,36.51344],[-118.65828,36.51397],[-118.65788,36.51426],[-118.6575,36.51429],[-118.6576,36.5145],[-118.65736,36.51453],[-118.65752,36.51467],[-118.65748,36.5149],[-118.65762,36.51506],[-118.657,36.51539],[-118.65718,36.51586],[-118.65768,36.51591],[-118.65783,36.51625],[-118.6581,36.51644],[-118.65831,36.51628],[-118.65817,36.51601],[-118.65834,36.51607],[-118.65835,36.51581],[-118.65857,36.51562],[-118.65875,36.51565],[-118.65868,36.51534],[-118.65895,36.51521],[-118.65937,36.51534],[-118.65946,36.51514],[-118.65963,36.51521],[-118.65949,36.51559],[-118.65964,36.5158],[-118.66043,36.51573],[-118.66089,36.51586],[-118.66109,36.51538],[-118.66082,36.51546],[-118.66056,36.51537],[-118.66084,36.51501],[-118.6606,36.51451],[-118.66048,36.51467],[-118.66029,36.51431],[-118.66044,36.51429],[-118.66033,36.5141],[-118.66042,36.51409],[-118.66053,36.51428],[-118.66084,36.51428],[-118.6609,36.5142],[-118.66069,36.51416],[-118.6611,36.51374],[-118.66183,36.51363],[-118.66281,36.5141],[-118.66334,36.51354],[-118.66355,36.5131],[-118.66385,36.51311],[-118.66408,36.51291],[-118.66461,36.51332],[-118.66437,36.5134],[-118.66456,36.51343],[-118.66514,36.51343],[-118.66569,36.51322],[-118.66568,36.51306],[-118.66595,36.51312],[-118.66625,36.51222],[-118.66648,36.51209],[-118.66603,36.5119],[-118.66577,36.512],[-118.66527,36.51157],[-118.66513,36.51163],[-118.66479,36.51143],[-118.66454,36.5116],[-118.66414,36.51126],[-118.664,36.51136],[-118.6641,36.51075],[-118.66421,36.51069],[-118.66394,36.51042],[-118.66424,36.51012],[-118.66462,36.51006],[-118.66488,36.5102],[-118.66505,36.51009],[-118.6652,36.5102],[-118.66522,36.51001],[-118.66539,36.50997],[-118.66546,36.51009],[-118.66534,36.5102],[-118.66573,36.5101],[-118.66578,36.50982],[-118.66604,36.50975],[-118.6658,36.50966],[-118.66581,36.50954],[-118.66644,36.50917],[-118.66654,36.5094],[-118.66695,36.50957],[-118.66702,36.50974],[-118.66756,36.50982],[-118.66784,36.5097],[-118.66788,36.50942],[-118.66801,36.50949],[-118.66832,36.50926],[-118.66871,36.50936],[-118.66904,36.50949],[-118.66895,36.50986],[-118.66931,36.50959],[-118.66925,36.50943],[-118.6694,36.50949],[-118.66965,36.50933],[-118.66953,36.5091],[-118.6697,36.50903],[-118.67028,36.50918],[-118.67107,36.50863],[-118.67099,36.50836],[-118.67116,36.50798],[-118.67095,36.50781],[-118.67119,36.50794],[-118.67151,36.50788],[-118.67168,36.50838],[-118.67181,36.50837],[-118.6721,36.50868],[-118.6725,36.50836],[-118.67248,36.50825],[-118.67287,36.50819],[-118.67323,36.50832],[-118.67356,36.50814],[-118.67371,36.50784],[-118.67421,36.50764],[-118.67391,36.50696],[-118.6741,36.5064],[-118.67385,36.50584],[-118.67402,36.50555],[-118.67457,36.50542],[-118.67482,36.50565],[-118.67532,36.50553],[-118.67546,36.50538],[-118.67567,36.50542],[-118.6757,36.50529],[-118.67551,36.50514],[-118.67593,36.50507],[-118.67602,36.50516],[-118.67627,36.50498],[-118.67638,36.5054],[-118.67627,36.50554],[-118.67675,36.50561],[-118.67686,36.50584],[-118.67711,36.50579],[-118.67693,36.50517],[-118.67716,36.50507],[-118.67692,36.50488],[-118.67694,36.50476],[-118.67735,36.50469],[-118.67752,36.50435],[-118.67669,36.50454],[-118.67655,36.50408],[-118.67577,36.50424],[-118.67581,36.50395],[-118.67559,36.50371],[-118.67582,36.50367],[-118.67584,36.50347],[-118.67593,36.50369],[-118.67623,36.50384],[-118.67673,36.50366],[-118.67654,36.50342],[-118.67628,36.50336],[-118.67627,36.50318],[-118.67648,36.503],[-118.6765,36.50276],[-118.67668,36.50277],[-118.67668,36.503],[-118.67684,36.50301],[-118.67709,36.50271],[-118.67701,36.5026],[-118.67718,36.50222],[-118.67685,36.50206],[-118.67682,36.50188],[-118.67697,36.50171],[-118.67663,36.50117],[-118.67717,36.50106],[-118.67711,36.50081],[-118.67684,36.50073],[-118.67709,36.50062],[-118.67722,36.50092],[-118.6775,36.50096],[-118.67733,36.50114],[-118.67759,36.50123],[-118.67762,36.50077],[-118.67811,36.50066],[-118.67823,36.50042],[-118.67808,36.5003],[-118.6781,36.50012],[-118.6783,36.49995],[-118.67845,36.50002],[-118.67832,36.50024],[-118.67866,36.50008],[-118.67882,36.49973],[-118.67827,36.4996],[-118.67811,36.49943],[-118.6785,36.49912],[-118.67849,36.49895],[-118.67896,36.49914],[-118.67885,36.4994],[-118.67939,36.4993],[-118.67935,36.49948],[-118.67953,36.49951],[-118.67944,36.49962],[-118.67951,36.49976],[-118.67992,36.49997],[-118.67998,36.50014],[-118.67995,36.49974],[-118.68017,36.49969],[-118.68023,36.50007],[-118.68,36.50017],[-118.68014,36.50031],[-118.68029,36.50016],[-118.68041,36.50027],[-118.6803,36.50042],[-118.68067,36.50041],[-118.68091,36.50058],[-118.68084,36.50065],[-118.68105,36.50075],[-118.68114,36.50066],[-118.68115,36.50079],[-118.68164,36.50065],[-118.6822,36.5007],[-118.68247,36.50119],[-118.6824,36.50146],[-118.6825,36.50177],[-118.68292,36.50175],[-118.68305,36.50187],[-118.68298,36.50202],[-118.68277,36.50204],[-118.6828,36.50221],[-118.68311,36.50243],[-118.68312,36.50278],[-118.68374,36.50277],[-118.68377,36.50261],[-118.68425,36.50249],[-118.68433,36.50224],[-118.68451,36.50243],[-118.68591,36.50191],[-118.68597,36.50164],[-118.6863,36.50133],[-118.68664,36.50123],[-118.68758,36.50129],[-118.68781,36.50096],[-118.68845,36.50066],[-118.68933,36.50063],[-118.68967,36.5011],[-118.69027,36.50087],[-118.69017,36.50054],[-118.68965,36.50035],[-118.68958,36.50008],[-118.68979,36.49975],[-118.68972,36.49965],[-118.68945,36.49962],[-118.68941,36.49937],[-118.68918,36.49915],[-118.6885,36.49905],[-118.68863,36.49894],[-118.68901,36.49898],[-118.68881,36.49883],[-118.68899,36.49877],[-118.68914,36.49887],[-118.68932,36.49862],[-118.68955,36.49862],[-118.68923,36.49853],[-118.68912,36.49832],[-118.68958,36.49844],[-118.6897,36.49855],[-118.68964,36.49868],[-118.68982,36.49865],[-118.68985,36.49877],[-118.68995,36.49864],[-118.69017,36.49885],[-118.69023,36.49857],[-118.68988,36.49851],[-118.68996,36.49826],[-118.68915,36.49826],[-118.68918,36.49802],[-118.6889,36.49763],[-118.68944,36.49758],[-118.68945,36.49775],[-118.68971,36.4977],[-118.68978,36.49746],[-118.69012,36.49734],[-118.68987,36.49721],[-118.68956,36.49746],[-118.68962,36.4971],[-118.6884,36.49705],[-118.68817,36.4971],[-118.68819,36.49728],[-118.68802,36.49748],[-118.68782,36.4973],[-118.6879,36.49711],[-118.68767,36.49696],[-118.6876,36.4967],[-118.68695,36.49688],[-118.6869,36.49702],[-118.6871,36.49721],[-118.68688,36.49778],[-118.68709,36.49785],[-118.68714,36.49808],[-118.68692,36.49805],[-118.68674,36.49818],[-118.68737,36.49855],[-118.68748,36.49848],[-118.68725,36.49828],[-118.68752,36.49832],[-118.68764,36.49862],[-118.68741,36.49858],[-118.68741,36.49872],[-118.68776,36.49877],[-118.68759,36.49925],[-118.68711,36.49906],[-118.68694,36.49912],[-118.68701,36.49889],[-118.68613,36.49914],[-118.68645,36.49884],[-118.68591,36.49863],[-118.68614,36.49845],[-118.68567,36.49829],[-118.68568,36.4985],[-118.6852,36.4983],[-118.68548,36.49789],[-118.68521,36.49786],[-118.68506,36.49757],[-118.68553,36.49728],[-118.68564,36.49704],[-118.68554,36.49659],[-118.68572,36.49646],[-118.68566,36.49624],[-118.68531,36.4962],[-118.68538,36.49606],[-118.68513,36.49602],[-118.68515,36.49588],[-118.68483,36.49606],[-118.68459,36.49584],[-118.68521,36.49569],[-118.68543,36.49551],[-118.68545,36.49536],[-118.68502,36.49511],[-118.68529,36.49516],[-118.68539,36.49509],[-118.6853,36.49497],[-118.68563,36.49502],[-118.68565,36.49522],[-118.68619,36.49512],[-118.68618,36.49494],[-118.68563,36.49497],[-118.68563,36.49482],[-118.6853,36.49455],[-118.68521,36.49401],[-118.68536,36.494],[-118.68546,36.4937],[-118.68502,36.49309],[-118.68539,36.49321],[-118.68538,36.49307],[-118.68578,36.49313],[-118.68584,36.4929],[-118.68601,36.49299],[-118.68622,36.4926],[-118.68602,36.49245],[-118.68615,36.49245],[-118.68613,36.49229],[-118.68626,36.49231],[-118.68633,36.49253],[-118.68654,36.49226],[-118.68662,36.49231],[-118.68669,36.49184],[-118.6871,36.49151],[-118.68716,36.491],[-118.68728,36.49119],[-118.68734,36.49098],[-118.68748,36.49098],[-118.68739,36.49077],[-118.68796,36.49087],[-118.6881,36.49078],[-118.6881,36.49056],[-118.68863,36.49031],[-118.6886,36.48949],[-118.68895,36.48923],[-118.68898,36.48884],[-118.68832,36.48845],[-118.68844,36.48818],[-118.68885,36.48824],[-118.68856,36.48797],[-118.68877,36.48788],[-118.68867,36.48771],[-118.68833,36.48784],[-118.68817,36.48777],[-118.68846,36.48755],[-118.68872,36.48754],[-118.68871,36.48745],[-118.68887,36.4875],[-118.689,36.4867],[-118.68968,36.48646],[-118.6902,36.48648],[-118.69039,36.48663],[-118.69083,36.48653],[-118.69115,36.48664],[-118.69114,36.48651],[-118.69148,36.48644],[-118.69157,36.48629],[-118.69184,36.48636],[-118.6919,36.48627],[-118.69204,36.48629],[-118.69222,36.48669],[-118.6927,36.48667],[-118.69272,36.48641],[-118.69246,36.48624],[-118.69248,36.4861],[-118.69305,36.48594],[-118.69306,36.48568],[-118.69333,36.4856],[-118.69352,36.48564],[-118.69382,36.48598],[-118.69383,36.4858],[-118.69453,36.48526],[-118.69468,36.48529],[-118.69473,36.4855],[-118.69467,36.48593],[-118.69446,36.48619],[-118.69508,36.48621],[-118.69489,36.48651],[-118.69507,36.48688],[-118.69489,36.48697],[-118.69482,36.48727],[-118.69507,36.48725],[-118.69526,36.48749],[-118.69508,36.48711],[-118.69599,36.48664],[-118.69639,36.48659],[-118.69636,36.48647],[-118.69597,36.48654],[-118.69555,36.48593],[-118.69553,36.48543],[-118.6958,36.48533],[-118.69577,36.48504],[-118.69591,36.4848],[-118.69583,36.48468],[-118.69596,36.48463],[-118.69587,36.48402],[-118.69613,36.48457],[-118.69629,36.48448],[-118.69623,36.4841],[-118.69641,36.48409],[-118.69646,36.48435],[-118.69633,36.48459],[-118.69678,36.48512],[-118.6969,36.48511],[-118.69686,36.48489],[-118.69715,36.48517],[-118.69803,36.48492],[-118.69806,36.48449],[-118.69733,36.48332],[-118.69713,36.48324],[-118.69712,36.48285],[-118.69703,36.48299],[-118.69676,36.48281],[-118.69637,36.48277],[-118.69632,36.48243],[-118.69603,36.48194],[-118.69667,36.48181],[-118.69671,36.48216],[-118.69702,36.48218],[-118.697,36.4823],[-118.69718,36.48234],[-118.69727,36.48202],[-118.69711,36.48206],[-118.69708,36.48181],[-118.69684,36.48157],[-118.69712,36.48144],[-118.69688,36.48136],[-118.69679,36.48099],[-118.69663,36.48118],[-118.6964,36.48114],[-118.69628,36.48083],[-118.696,36.4806],[-118.69628,36.48049],[-118.69685,36.48077],[-118.69697,36.48061],[-118.69638,36.48025],[-118.69658,36.48002],[-118.69584,36.48004],[-118.69552,36.47983],[-118.69544,36.47952],[-118.69583,36.47913],[-118.69611,36.47924],[-118.69616,36.47945],[-118.69675,36.47947],[-118.69706,36.47977],[-118.69736,36.47967],[-118.69727,36.47985],[-118.69737,36.48002],[-118.69755,36.48005],[-118.69761,36.47965],[-118.69812,36.47963],[-118.69808,36.4797],[-118.69846,36.47986],[-118.6992,36.47989],[-118.69961,36.48032],[-118.70071,36.48059],[-118.7007,36.48045],[-118.70044,36.48035],[-118.7006,36.48029],[-118.70058,36.48007],[-118.70001,36.47966],[-118.69972,36.4796],[-118.69986,36.47948],[-118.69957,36.47946],[-118.6991,36.47898],[-118.69848,36.47875],[-118.69856,36.47843],[-118.69894,36.47855],[-118.69907,36.47844],[-118.70022,36.47853],[-118.70014,36.47874],[-118.70043,36.47872],[-118.70067,36.47894],[-118.70128,36.47883],[-118.70148,36.47897],[-118.70158,36.47928],[-118.7013,36.47942],[-118.70078,36.47944],[-118.70081,36.4796],[-118.7012,36.47956],[-118.7012,36.47971],[-118.70146,36.47974],[-118.70158,36.47993],[-118.70199,36.47984],[-118.7023,36.48005],[-118.70217,36.4803],[-118.70167,36.48004],[-118.70179,36.48028],[-118.70148,36.48032],[-118.70151,36.48045],[-118.70184,36.48045],[-118.70189,36.48059],[-118.70171,36.48075],[-118.70186,36.48084],[-118.70232,36.48062],[-118.70305,36.48082],[-118.7032,36.48106],[-118.70301,36.48144],[-118.70328,36.48168],[-118.70308,36.48236],[-118.70346,36.48239],[-118.70388,36.48209],[-118.70425,36.48223],[-118.70485,36.4821],[-118.70613,36.48266],[-118.7069,36.48262],[-118.70777,36.4828],[-118.70817,36.48308],[-118.70812,36.48334],[-118.70868,36.48329],[-118.70909,36.48362],[-118.70949,36.48363],[-118.70962,36.4838],[-118.70955,36.48396],[-118.70905,36.48381],[-118.70898,36.48397],[-118.70917,36.48422],[-118.70876,36.48419],[-118.709,36.48445],[-118.70883,36.48453],[-118.70847,36.48435],[-118.7082,36.48484],[-118.70898,36.48523],[-118.70902,36.48568],[-118.70889,36.486],[-118.70941,36.48661],[-118.70939,36.48676],[-118.70972,36.48688],[-118.71036,36.48658],[-118.7097,36.48632],[-118.70969,36.4862],[-118.7102,36.48622],[-118.71094,36.48662],[-118.7114,36.48629],[-118.71038,36.48614],[-118.71028,36.48596],[-118.70998,36.48591],[-118.70981,36.48548],[-118.71027,36.48544],[-118.71018,36.48527],[-118.71042,36.48506],[-118.71055,36.48467],[-118.71125,36.48494],[-118.71132,36.48511],[-118.71162,36.48506],[-118.71205,36.48547],[-118.71212,36.48581],[-118.71269,36.48583],[-118.7123,36.48552],[-118.71225,36.4851],[-118.71206,36.48501],[-118.71208,36.48486],[-118.71173,36.48489],[-118.71152,36.48477],[-118.71161,36.48449],[-118.71035,36.48427],[-118.709,36.48282],[-118.70885,36.48281],[-118.70868,36.48313],[-118.70836,36.48298],[-118.70861,36.48253],[-118.70914,36.48242],[-118.70954,36.48258],[-118.71019,36.48207],[-118.71046,36.48204],[-118.71076,36.4822],[-118.71102,36.48197],[-118.71148,36.48183],[-118.71162,36.48185],[-118.71169,36.48205],[-118.7125,36.48234],[-118.71299,36.48231],[-118.71289,36.48265],[-118.7132,36.48282],[-118.71319,36.48302],[-118.71343,36.48326],[-118.71331,36.48365],[-118.71353,36.48374],[-118.71366,36.48422],[-118.71378,36.48429],[-118.71376,36.48451],[-118.71402,36.48483],[-118.71429,36.48461],[-118.71411,36.48451],[-118.71414,36.4842],[-118.71397,36.48394],[-118.71395,36.48374],[-118.71413,36.4835],[-118.7139,36.48327],[-118.71408,36.48284],[-118.71436,36.4827],[-118.71386,36.48251],[-118.71365,36.48231],[-118.71363,36.48208],[-118.71328,36.48178],[-118.71359,36.48123],[-118.71332,36.48111],[-118.71327,36.48083],[-118.71367,36.48071],[-118.71384,36.4805],[-118.71341,36.47998],[-118.71345,36.4798],[-118.71321,36.47934],[-118.71289,36.47905],[-118.71286,36.47853],[-118.713,36.47792],[-118.71314,36.47778],[-118.71308,36.47724],[-118.71049,36.47693],[-118.71043,36.47679],[-118.70995,36.47705],[-118.71011,36.47716],[-118.71014,36.47742],[-118.71029,36.47747],[-118.70987,36.47793],[-118.70899,36.47772],[-118.70815,36.47784],[-118.70781,36.47761],[-118.70771,36.47786],[-118.7075,36.47785],[-118.70729,36.47773],[-118.70708,36.47734],[-118.70619,36.47671],[-118.70627,36.47615],[-118.70608,36.47552],[-118.70553,36.47539],[-118.70484,36.47541],[-118.70427,36.47518],[-118.70417,36.47537],[-118.70404,36.47535],[-118.70397,36.47517],[-118.70356,36.47507],[-118.70327,36.47473],[-118.7033,36.47419],[-118.70315,36.47358],[-118.70358,36.47301],[-118.70438,36.47286],[-118.70427,36.47227],[-118.70464,36.47205],[-118.70469,36.47184],[-118.70506,36.47171],[-118.70508,36.47135],[-118.70544,36.47136],[-118.70613,36.47108],[-118.70556,36.47106],[-118.70524,36.47087],[-118.705,36.47125],[-118.70462,36.47124],[-118.70454,36.47152],[-118.70441,36.47155],[-118.70417,36.47144],[-118.70417,36.47116],[-118.70383,36.47107],[-118.7038,36.47084],[-118.7043,36.47062],[-118.70442,36.47034],[-118.70484,36.47005],[-118.70487,36.46981],[-118.70427,36.46943],[-118.70313,36.46926],[-118.70285,36.46893],[-118.70303,36.46874],[-118.7031,36.46818],[-118.7023,36.46786],[-118.70203,36.4675],[-118.70207,36.46729],[-118.70237,36.46709],[-118.70311,36.46709],[-118.70293,36.46673],[-118.70262,36.46674],[-118.70237,36.46656],[-118.70261,36.46637],[-118.70263,36.46605],[-118.70243,36.46582],[-118.70211,36.46573],[-118.70186,36.46584],[-118.70077,36.46581],[-118.70085,36.46638],[-118.70061,36.4665],[-118.70059,36.46688],[-118.70009,36.46755],[-118.70005,36.46812],[-118.69944,36.46781],[-118.69933,36.46766],[-118.69947,36.46751],[-118.69942,36.46731],[-118.69917,36.4672],[-118.69909,36.46702],[-118.69867,36.46723],[-118.69879,36.46729],[-118.69838,36.46748],[-118.69818,36.46779],[-118.69788,36.46788],[-118.6979,36.46804],[-118.6976,36.46812],[-118.6974,36.46791],[-118.69736,36.46814],[-118.69721,36.46816],[-118.69731,36.46846],[-118.69686,36.46848],[-118.697,36.46836],[-118.6968,36.46833],[-118.69698,36.468],[-118.69657,36.4679],[-118.69662,36.46777],[-118.69649,36.46769],[-118.69625,36.46773],[-118.69648,36.46767],[-118.69642,36.46747],[-118.69656,36.46717],[-118.69687,36.46712],[-118.69679,36.46691],[-118.69696,36.46688],[-118.69688,36.46702],[-118.69703,36.46717],[-118.69732,36.46713],[-118.69708,36.46644],[-118.69692,36.46666],[-118.69667,36.46667],[-118.69664,36.467],[-118.69655,36.46697],[-118.69664,36.46679],[-118.69606,36.46667],[-118.69599,36.46651],[-118.6955,36.46673],[-118.6954,36.46657],[-118.69512,36.46681],[-118.69489,36.46671],[-118.69489,36.46686],[-118.69476,36.4669],[-118.695,36.46693],[-118.695,36.46711],[-118.69478,36.46712],[-118.69452,36.46737],[-118.69442,36.46728],[-118.69463,36.46711],[-118.69409,36.4671],[-118.69428,36.46696],[-118.69425,36.46683],[-118.69434,36.46681],[-118.69431,36.46695],[-118.69465,36.46684],[-118.69449,36.46668],[-118.69458,36.46641],[-118.69478,36.46636],[-118.69463,36.4659],[-118.69511,36.46605],[-118.69488,36.46568],[-118.6949,36.46536],[-118.69458,36.46513],[-118.69413,36.46507],[-118.69382,36.46523],[-118.69376,36.46507],[-118.69386,36.46498],[-118.69418,36.46487],[-118.69434,36.46497],[-118.69458,36.46482],[-118.69447,36.46465],[-118.69399,36.46462],[-118.694,36.46434],[-118.69425,36.46438],[-118.69417,36.46457],[-118.69452,36.46461],[-118.69466,36.4645],[-118.6944,36.46422],[-118.69446,36.46413],[-118.69473,36.4643],[-118.695,36.46421],[-118.69506,36.46405],[-118.69541,36.464],[-118.69516,36.46388],[-118.69527,36.46366],[-118.69484,36.46387],[-118.69466,36.46382],[-118.69462,36.46349],[-118.69492,36.46352],[-118.69537,36.46312],[-118.69505,36.46288],[-118.6951,36.46266],[-118.69467,36.46247],[-118.69457,36.46213],[-118.69388,36.46271],[-118.69351,36.46262],[-118.69279,36.46289],[-118.69277,36.46384],[-118.69261,36.46399],[-118.69231,36.46398],[-118.69214,36.46411],[-118.69202,36.46403],[-118.69205,36.46358],[-118.69185,36.46334],[-118.69164,36.4639],[-118.69146,36.464],[-118.6913,36.4639],[-118.69112,36.46452],[-118.69076,36.46467],[-118.69056,36.46495],[-118.69057,36.46474],[-118.69016,36.46485],[-118.69003,36.46512],[-118.68964,36.46503],[-118.6896,36.46546],[-118.68953,36.46527],[-118.6894,36.46528],[-118.68952,36.46471],[-118.68981,36.46464],[-118.68965,36.46437],[-118.6898,36.46422],[-118.68961,36.46421],[-118.68958,36.46401],[-118.6894,36.46397],[-118.68945,36.4644],[-118.68892,36.46423],[-118.68904,36.4645],[-118.68892,36.46454],[-118.68855,36.46429],[-118.68908,36.46415],[-118.68909,36.46389],[-118.68897,36.4639],[-118.68898,36.46407],[-118.68876,36.46405],[-118.68813,36.46454],[-118.6883,36.46429],[-118.68819,36.46408],[-118.68834,36.46407],[-118.68829,36.46375],[-118.68719,36.46354],[-118.68712,36.46339],[-118.68726,36.46323],[-118.68714,36.46303],[-118.68677,36.46317],[-118.68686,36.46309],[-118.68671,36.46309],[-118.68671,36.46297],[-118.68633,36.4629],[-118.68608,36.46309],[-118.68585,36.46363],[-118.68608,36.46382],[-118.68636,36.4638],[-118.6867,36.46417],[-118.68703,36.4642],[-118.68708,36.46433],[-118.68658,36.46469],[-118.68657,36.46491],[-118.68628,36.46492],[-118.68671,36.4654],[-118.68676,36.46569],[-118.68627,36.46611],[-118.68619,36.46644],[-118.68649,36.46658],[-118.68666,36.46695],[-118.68645,36.46701],[-118.68635,36.46725],[-118.68652,36.46728],[-118.68676,36.46762],[-118.68622,36.46794],[-118.68606,36.46781],[-118.68592,36.46793],[-118.68632,36.46828],[-118.68682,36.46824],[-118.68693,36.46849],[-118.68682,36.46866],[-118.68712,36.46862],[-118.68727,36.46889],[-118.68721,36.46898],[-118.68738,36.46907],[-118.68725,36.46917],[-118.68727,36.46955],[-118.68716,36.46961],[-118.68733,36.47001],[-118.6876,36.47003],[-118.68785,36.46973],[-118.68807,36.46976],[-118.68831,36.46995],[-118.68823,36.47013],[-118.68832,36.47038],[-118.6889,36.47059],[-118.68864,36.47101],[-118.68821,36.47125],[-118.68747,36.47114],[-118.68714,36.47086],[-118.68723,36.47044],[-118.68666,36.47036],[-118.6865,36.4702],[-118.68626,36.47023],[-118.68624,36.47012],[-118.68648,36.47006],[-118.6864,36.46985],[-118.68585,36.47012],[-118.68574,36.46989],[-118.68536,36.46986],[-118.68521,36.46963],[-118.68495,36.46958],[-118.68488,36.46971],[-118.68457,36.46969],[-118.68449,36.46992],[-118.68459,36.47],[-118.68443,36.47002],[-118.68448,36.4698],[-118.68405,36.46936],[-118.68374,36.46918],[-118.68351,36.46925],[-118.68257,36.46871],[-118.68234,36.46874],[-118.68203,36.46846],[-118.68234,36.46779],[-118.68214,36.46775],[-118.68197,36.4675],[-118.68126,36.46735],[-118.68128,36.46722],[-118.6806,36.46703],[-118.68029,36.46718],[-118.68007,36.4671],[-118.67971,36.46743],[-118.67954,36.46743],[-118.67928,36.46701],[-118.67918,36.46653],[-118.67882,36.46635],[-118.67898,36.466],[-118.67938,36.466],[-118.67966,36.46614],[-118.6797,36.46605],[-118.6804,36.46599],[-118.68052,36.46603],[-118.68049,36.46617],[-118.6807,36.46619],[-118.68099,36.46602],[-118.68082,36.46599],[-118.68079,36.46567],[-118.68124,36.46554],[-118.68116,36.46519],[-118.68092,36.4652],[-118.68086,36.46541],[-118.68013,36.4654],[-118.67973,36.46524],[-118.67949,36.4649],[-118.67949,36.46454],[-118.67966,36.46448],[-118.67907,36.46416],[-118.67882,36.4642],[-118.67892,36.46387],[-118.67873,36.46355],[-118.67809,36.46306],[-118.67802,36.4629],[-118.67814,36.46274],[-118.67773,36.46252],[-118.67775,36.46234],[-118.67791,36.46238],[-118.67822,36.46214],[-118.67813,36.46192],[-118.67789,36.46185],[-118.67821,36.4615],[-118.67856,36.46137],[-118.67876,36.46072],[-118.67895,36.46072],[-118.67925,36.46038],[-118.67857,36.46049],[-118.67793,36.46084],[-118.67811,36.461],[-118.67795,36.46124],[-118.67762,36.46122],[-118.67689,36.46162],[-118.6763,36.46164],[-118.6762,36.46138],[-118.67628,36.46111],[-118.67644,36.46121],[-118.67658,36.46089],[-118.67604,36.46067],[-118.67587,36.46028],[-118.67561,36.46015],[-118.67562,36.45937],[-118.67549,36.45908],[-118.67598,36.45877],[-118.67453,36.45769],[-118.67444,36.45824],[-118.67417,36.45834],[-118.67398,36.45816],[-118.67373,36.45841],[-118.67373,36.45866],[-118.67329,36.45866],[-118.67323,36.45881],[-118.67347,36.45891],[-118.67349,36.45904],[-118.67335,36.45905],[-118.67318,36.45966],[-118.67322,36.46001],[-118.673,36.45995],[-118.67283,36.4601],[-118.67331,36.46019],[-118.67359,36.46042],[-118.67284,36.4607],[-118.673,36.46078],[-118.67297,36.46106],[-118.67262,36.46117],[-118.67284,36.46129],[-118.67286,36.46144],[-118.67262,36.46141],[-118.67257,36.46162],[-118.67237,36.46158],[-118.67243,36.46184],[-118.67218,36.46208],[-118.67207,36.46245],[-118.6717,36.46239],[-118.67108,36.4628],[-118.6712,36.46212],[-118.67149,36.4619],[-118.67088,36.46183],[-118.67079,36.46147],[-118.67037,36.4616],[-118.67005,36.46154],[-118.66983,36.46194],[-118.66993,36.46204],[-118.66972,36.46215],[-118.6699,36.46229],[-118.67025,36.46219],[-118.67043,36.46237],[-118.67005,36.4626],[-118.66998,36.46245],[-118.66983,36.46259],[-118.66949,36.46256],[-118.66957,36.46274],[-118.66948,36.46305],[-118.66906,36.46292],[-118.66906,36.46258],[-118.66925,36.4623],[-118.66904,36.46228],[-118.66905,36.46211],[-118.66921,36.46201],[-118.66909,36.4619],[-118.66866,36.46205],[-118.66835,36.462],[-118.66836,36.46157],[-118.66788,36.46134],[-118.66789,36.46113],[-118.66761,36.46111],[-118.66781,36.46082],[-118.66771,36.46068],[-118.66789,36.46059],[-118.66794,36.46026],[-118.66848,36.4604],[-118.66855,36.46021],[-118.66871,36.4602],[-118.6688,36.46029],[-118.66969,36.46024],[-118.66985,36.46036],[-118.66986,36.46055],[-118.67007,36.4603],[-118.67,36.45997],[-118.67019,36.45976],[-118.67086,36.45956],[-118.67068,36.45939],[-118.67037,36.4595],[-118.67001,36.45943],[-118.67013,36.45922],[-118.66993,36.45916],[-118.67009,36.45878],[-118.67031,36.45885],[-118.67015,36.4586],[-118.67027,36.45859],[-118.67031,36.45843],[-118.67012,36.45832],[-118.67021,36.45807],[-118.671,36.45786],[-118.67069,36.45764],[-118.67096,36.45725],[-118.67074,36.4569],[-118.67096,36.45693],[-118.67108,36.4567],[-118.67147,36.45692],[-118.6715,36.45667],[-118.67172,36.45672],[-118.67226,36.45656],[-118.67228,36.45619],[-118.67269,36.45619],[-118.67272,36.45604],[-118.67336,36.45575],[-118.67334,36.45559],[-118.67448,36.45487],[-118.67455,36.4529],[-118.67492,36.45303],[-118.67509,36.45296],[-118.67502,36.45237],[-118.67527,36.45191],[-118.67466,36.45135],[-118.67486,36.45086],[-118.67454,36.45049],[-118.67476,36.45047],[-118.67478,36.45022],[-118.675,36.44995],[-118.67544,36.44966],[-118.67584,36.44957],[-118.67684,36.44977],[-118.67712,36.44953],[-118.67812,36.44971],[-118.67803,36.44947],[-118.67818,36.44932],[-118.67791,36.44915],[-118.67802,36.44892],[-118.67826,36.44898],[-118.67832,36.44932],[-118.67861,36.44947],[-118.67888,36.44993],[-118.67834,36.45008],[-118.67824,36.45035],[-118.679,36.45092],[-118.67834,36.45122],[-118.67937,36.45173],[-118.67988,36.45156],[-118.6799,36.45116],[-118.68009,36.45085],[-118.68095,36.45031],[-118.68115,36.44983],[-118.68134,36.44987],[-118.68149,36.45028],[-118.68124,36.45041],[-118.68132,36.45075],[-118.68154,36.45102],[-118.68175,36.45108],[-118.68221,36.45092],[-118.68221,36.45063],[-118.68317,36.44999],[-118.68364,36.44938],[-118.68386,36.44954],[-118.68387,36.44999],[-118.68397,36.45009],[-118.68412,36.44971],[-118.68435,36.45015],[-118.68549,36.44991],[-118.68554,36.45],[-118.68576,36.44991],[-118.68574,36.44947],[-118.6861,36.44944],[-118.68612,36.44976],[-118.68631,36.44999],[-118.68611,36.45024],[-118.68578,36.45026],[-118.68571,36.45042],[-118.68607,36.4506],[-118.68706,36.45047],[-118.68709,36.45016],[-118.68681,36.44995],[-118.68682,36.44979],[-118.68705,36.44969],[-118.68726,36.44882],[-118.68785,36.44853],[-118.68779,36.44837],[-118.68831,36.44795],[-118.68829,36.4475],[-118.68894,36.44745],[-118.68921,36.44773],[-118.68944,36.44764],[-118.68935,36.44749],[-118.68973,36.4476],[-118.69019,36.4475],[-118.69045,36.4476],[-118.69047,36.4478],[-118.69029,36.44786],[-118.6905,36.44797],[-118.6913,36.44769],[-118.69187,36.44767],[-118.69204,36.44748],[-118.69271,36.44744],[-118.69282,36.44794],[-118.69324,36.44808],[-118.69395,36.44782],[-118.69402,36.44715],[-118.69423,36.44716],[-118.69441,36.44761],[-118.69463,36.44765],[-118.69491,36.44672],[-118.69484,36.4465],[-118.69506,36.44631],[-118.69538,36.44644],[-118.69573,36.44609],[-118.69553,36.44571],[-118.69538,36.44567],[-118.69537,36.44532],[-118.69593,36.44495],[-118.69629,36.44497],[-118.69662,36.44478],[-118.69703,36.44524],[-118.69688,36.44576],[-118.69703,36.44588],[-118.69667,36.44612],[-118.69696,36.44643],[-118.69741,36.44651],[-118.69728,36.44677],[-118.69652,36.44721],[-118.69636,36.4474],[-118.69637,36.44768],[-118.69687,36.4481],[-118.69693,36.44924],[-118.69718,36.44922],[-118.69719,36.44951],[-118.69702,36.44975],[-118.69673,36.44981],[-118.69642,36.44956],[-118.69621,36.44965],[-118.69617,36.44998],[-118.69727,36.45018],[-118.69778,36.4504],[-118.69821,36.45078],[-118.69808,36.45102],[-118.69815,36.45132],[-118.69774,36.45176],[-118.69825,36.45195],[-118.69897,36.45174],[-118.69938,36.45195],[-118.69953,36.45174],[-118.69974,36.4517],[-118.70017,36.45196],[-118.70042,36.45179],[-118.70079,36.45178],[-118.70106,36.45153],[-118.70152,36.45153],[-118.70179,36.45172],[-118.70199,36.45217],[-118.70277,36.45306],[-118.7035,36.45338],[-118.7039,36.45312],[-118.70422,36.4522],[-118.70423,36.45121],[-118.70404,36.45072],[-118.7038,36.45054],[-118.70366,36.45005],[-118.70338,36.44982],[-118.7035,36.4497],[-118.70345,36.44955],[-118.70362,36.44948],[-118.70346,36.44932],[-118.70269,36.44912],[-118.70246,36.4489],[-118.70198,36.44886],[-118.70194,36.44856],[-118.70109,36.44805],[-118.70124,36.44764],[-118.70166,36.44756],[-118.70262,36.44775],[-118.70287,36.4477],[-118.70283,36.44744],[-118.7031,36.44732],[-118.70396,36.44734],[-118.70434,36.4471],[-118.70454,36.44774],[-118.70528,36.44775],[-118.70608,36.44737],[-118.70681,36.44665],[-118.708,36.44726],[-118.70857,36.44732],[-118.70852,36.44715],[-118.70865,36.447],[-118.70896,36.44694],[-118.70926,36.44658],[-118.70956,36.44651],[-118.70952,36.44617],[-118.70978,36.44575],[-118.70949,36.44521],[-118.70969,36.44485],[-118.71033,36.44459],[-118.71048,36.44494],[-118.7108,36.44488],[-118.71123,36.44502],[-118.71128,36.44523],[-118.71158,36.44495],[-118.71248,36.44536],[-118.7129,36.44506],[-118.71398,36.44587],[-118.71523,36.44568],[-118.71561,36.44502],[-118.71729,36.44408],[-118.71726,36.44307],[-118.71601,36.44253],[-118.71679,36.44115],[-118.71737,36.44077],[-118.71852,36.44054],[-118.71865,36.4397],[-118.71908,36.43896],[-118.71859,36.43914],[-118.71802,36.43897],[-118.71732,36.43907],[-118.71728,36.43879],[-118.71756,36.43832],[-118.71783,36.43816],[-118.71777,36.43789],[-118.71799,36.43761],[-118.71843,36.43756],[-118.71847,36.43691],[-118.7191,36.43648],[-118.71947,36.4364],[-118.71963,36.43602],[-118.71937,36.43586],[-118.71933,36.43542],[-118.71951,36.43495],[-118.72034,36.43462],[-118.72162,36.43335],[-118.72121,36.43306],[-118.72133,36.43267],[-118.72204,36.43261],[-118.7224,36.43243],[-118.72321,36.43159],[-118.72446,36.43108],[-118.72469,36.43081],[-118.72492,36.43093],[-118.72723,36.43043],[-118.7282,36.43051],[-118.72879,36.43038],[-118.72911,36.43012],[-118.73017,36.43055],[-118.73135,36.43078],[-118.73281,36.43017],[-118.73351,36.43009],[-118.73446,36.43035],[-118.73471,36.43073],[-118.73567,36.43117],[-118.7361,36.43089],[-118.73618,36.43037],[-118.73635,36.43018],[-118.73728,36.42972],[-118.73794,36.42958],[-118.74001,36.4296],[-118.74092,36.42929],[-118.74119,36.429],[-118.74165,36.42885],[-118.74208,36.42896],[-118.7423,36.42918],[-118.74223,36.42946],[-118.74191,36.42979],[-118.74185,36.43018],[-118.74197,36.43073],[-118.74137,36.43103],[-118.74149,36.4315],[-118.74222,36.43161],[-118.74237,36.4319],[-118.74252,36.4325],[-118.74242,36.4327],[-118.74163,36.43311],[-118.74187,36.43355],[-118.74251,36.43335],[-118.74261,36.43365],[-118.7425,36.43383],[-118.74264,36.43403],[-118.74225,36.43455],[-118.7417,36.43429],[-118.74138,36.43443],[-118.74113,36.43435],[-118.74102,36.43453],[-118.74175,36.43567],[-118.74236,36.43573],[-118.74405,36.4342],[-118.74377,36.43384],[-118.74378,36.43363],[-118.74435,36.43344],[-118.74466,36.43356],[-118.74518,36.43303],[-118.74526,36.4331],[-118.7459,36.43255],[-118.74636,36.43207],[-118.7463,36.43183],[-118.74655,36.43154],[-118.74689,36.43141],[-118.74706,36.43115],[-118.74702,36.43086],[-118.74726,36.43056],[-118.74761,36.43061],[-118.74817,36.43095],[-118.74853,36.43044],[-118.74886,36.43022],[-118.74972,36.42998],[-118.75012,36.43016],[-118.7506,36.43065],[-118.75273,36.43069],[-118.75302,36.43005],[-118.75285,36.42892],[-118.75294,36.42878],[-118.75322,36.42867],[-118.75336,36.42902],[-118.75566,36.42956],[-118.75601,36.4294],[-118.75626,36.429],[-118.75707,36.42891],[-118.75728,36.42874],[-118.75749,36.42812],[-118.7581,36.42813],[-118.75824,36.42838],[-118.75891,36.42875],[-118.75911,36.42875],[-118.75923,36.42853],[-118.75977,36.42859],[-118.761,36.42965],[-118.76127,36.42947],[-118.76185,36.42946],[-118.76235,36.42877],[-118.76201,36.4275],[-118.76168,36.42749],[-118.76209,36.42698],[-118.76259,36.4268],[-118.7622,36.42633],[-118.76218,36.42577],[-118.76291,36.42539],[-118.76303,36.42516],[-118.76362,36.42523],[-118.76376,36.42547],[-118.76393,36.42532],[-118.76398,36.42505],[-118.76418,36.42494],[-118.76512,36.42495],[-118.76525,36.42542],[-118.7656,36.42567],[-118.76599,36.42573],[-118.76605,36.4262],[-118.76635,36.4263],[-118.76658,36.42662],[-118.76646,36.4269],[-118.76607,36.42721],[-118.76622,36.4277],[-118.76611,36.42784],[-118.76631,36.42821],[-118.76702,36.4284],[-118.76714,36.42865],[-118.7671,36.42916],[-118.76744,36.43023],[-118.76801,36.4306],[-118.76806,36.43078],[-118.76877,36.43117],[-118.76911,36.43166],[-118.76959,36.432],[-118.76997,36.43296],[-118.7704,36.43337],[-118.77082,36.43467],[-118.77056,36.43501],[-118.77077,36.43546],[-118.77033,36.43636],[-118.77052,36.43677],[-118.77151,36.4375],[-118.77181,36.438],[-118.77195,36.43853],[-118.77169,36.43935],[-118.77171,36.44031],[-118.77209,36.44054],[-118.77225,36.44117],[-118.77297,36.44141],[-118.77316,36.4418],[-118.77305,36.44192],[-118.77274,36.44192],[-118.77293,36.44205],[-118.7725,36.44238],[-118.77065,36.44236],[-118.77075,36.44288],[-118.77055,36.44382],[-118.77115,36.44416],[-118.77118,36.44449],[-118.77132,36.4446],[-118.77191,36.44472],[-118.77251,36.44462],[-118.77273,36.44506],[-118.77241,36.44546],[-118.77185,36.4456],[-118.77182,36.446],[-118.77089,36.4462],[-118.77027,36.4466],[-118.77012,36.4469],[-118.76991,36.44684],[-118.76954,36.44713],[-118.76931,36.44712],[-118.76908,36.44768],[-118.76838,36.44803],[-118.76683,36.44778],[-118.76622,36.44754],[-118.76581,36.4481],[-118.76544,36.44802],[-118.76501,36.4482],[-118.76498,36.44858],[-118.76553,36.44917],[-118.76541,36.44923],[-118.76552,36.44942],[-118.76545,36.44989],[-118.7651,36.45024],[-118.76472,36.45114],[-118.76488,36.45129],[-118.76518,36.45107],[-118.76537,36.45117],[-118.76539,36.45133],[-118.76465,36.45213],[-118.76419,36.45223],[-118.76389,36.45214],[-118.7636,36.45325],[-118.76317,36.45354],[-118.76327,36.45386],[-118.76402,36.45377],[-118.76451,36.45346],[-118.76537,36.45327],[-118.76572,36.4531],[-118.76608,36.45238],[-118.76652,36.45238],[-118.76682,36.452],[-118.76771,36.45188],[-118.76744,36.45096],[-118.76768,36.45097],[-118.76762,36.45051],[-118.76808,36.45077],[-118.76836,36.45121],[-118.76854,36.4512],[-118.76871,36.45082],[-118.76975,36.45001],[-118.77039,36.44979],[-118.77106,36.44975],[-118.77161,36.44997],[-118.77174,36.45087],[-118.77148,36.45126],[-118.77142,36.4517],[-118.77159,36.45233],[-118.77107,36.45255],[-118.77103,36.4529],[-118.77041,36.45327],[-118.77021,36.45365],[-118.76945,36.45397],[-118.76933,36.45431],[-118.76834,36.45495],[-118.76751,36.45614],[-118.76742,36.45654],[-118.76589,36.45699],[-118.76548,36.45749],[-118.76469,36.45751],[-118.76419,36.45796],[-118.76385,36.45877],[-118.76408,36.45924],[-118.76386,36.45978],[-118.76399,36.46083],[-118.76376,36.46114],[-118.76378,36.46164],[-118.76297,36.46244],[-118.76265,36.46299],[-118.76248,36.4631],[-118.76221,36.46291],[-118.76184,36.46301],[-118.76188,36.46355],[-118.76175,36.46376],[-118.76123,36.46381],[-118.76082,36.46419],[-118.76027,36.46438],[-118.76052,36.46479],[-118.7604,36.46518],[-118.76085,36.4653],[-118.76124,36.46572],[-118.76105,36.46633],[-118.76126,36.46649],[-118.76129,36.46678],[-118.76109,36.46711],[-118.76151,36.46731],[-118.76139,36.46783],[-118.76205,36.46829],[-118.76307,36.46859],[-118.76338,36.46937],[-118.76261,36.46982],[-118.76195,36.46998],[-118.76195,36.47009],[-118.76176,36.47011],[-118.76171,36.46995],[-118.76132,36.4697],[-118.76096,36.46967],[-118.76056,36.46989],[-118.76078,36.47039],[-118.76143,36.47025],[-118.76155,36.47111],[-118.76124,36.47195],[-118.76125,36.47251],[-118.76145,36.47251],[-118.76126,36.47269],[-118.76125,36.4733],[-118.76214,36.47276],[-118.76203,36.47263],[-118.76221,36.47243],[-118.76262,36.47239],[-118.76225,36.4722],[-118.76226,36.472],[-118.76299,36.47167],[-118.76301,36.47099],[-118.76326,36.47127],[-118.76353,36.4712],[-118.76347,36.47074],[-118.76366,36.4703],[-118.76483,36.47021],[-118.76473,36.46975],[-118.76508,36.46948],[-118.76499,36.46925],[-118.76541,36.46915],[-118.76597,36.46939],[-118.76661,36.47043],[-118.76671,36.47078],[-118.76635,36.4714],[-118.76698,36.47181],[-118.76751,36.4717],[-118.76816,36.47202],[-118.76828,36.47223],[-118.76891,36.47224],[-118.76904,36.47245],[-118.76896,36.47271],[-118.76945,36.47287],[-118.76963,36.47261],[-118.76997,36.47255],[-118.77041,36.47204],[-118.77079,36.47214],[-118.77093,36.47201],[-118.77087,36.47175],[-118.77113,36.47166],[-118.77153,36.47202],[-118.77205,36.47195],[-118.7721,36.47185],[-118.77195,36.47169],[-118.77228,36.47149],[-118.77254,36.47159],[-118.77258,36.47177],[-118.77279,36.47174],[-118.77293,36.47215],[-118.77323,36.47202],[-118.77301,36.47117],[-118.77317,36.47107],[-118.77351,36.47139],[-118.77388,36.47128],[-118.77418,36.47138],[-118.77422,36.47202],[-118.77461,36.47213],[-118.77485,36.4725],[-118.77402,36.47294],[-118.77395,36.47268],[-118.77378,36.47292],[-118.77419,36.47326],[-118.77398,36.47368],[-118.77373,36.4738],[-118.77365,36.47406],[-118.77378,36.47424],[-118.77405,36.47414],[-118.77452,36.47361],[-118.77441,36.47326],[-118.77476,36.4729],[-118.77483,36.47266],[-118.77537,36.47255],[-118.77561,36.47267],[-118.77583,36.47246],[-118.77585,36.47222],[-118.77649,36.47192],[-118.77685,36.47205],[-118.77693,36.47232],[-118.77736,36.47242],[-118.77744,36.47296],[-118.77783,36.473],[-118.77834,36.4734],[-118.77849,36.4732],[-118.77872,36.47314],[-118.77903,36.47328],[-118.77886,36.47447],[-118.78017,36.47448],[-118.78054,36.47493],[-118.78115,36.47512],[-118.78113,36.47534],[-118.78134,36.4756],[-118.78159,36.47555],[-118.78173,36.47529],[-118.78226,36.47539],[-118.78234,36.47566],[-118.78222,36.47568],[-118.78221,36.47582],[-118.78238,36.47598],[-118.78203,36.47632],[-118.78152,36.47629],[-118.78105,36.47605],[-118.78063,36.47677],[-118.78012,36.47702],[-118.7798,36.47761],[-118.77943,36.47743],[-118.7785,36.47799],[-118.77805,36.47804],[-118.77799,36.47833],[-118.77741,36.47838],[-118.77745,36.4788],[-118.77717,36.47887],[-118.77727,36.47874],[-118.77718,36.47868],[-118.77669,36.47859],[-118.77683,36.47798],[-118.77754,36.47809],[-118.77753,36.47799],[-118.77721,36.4777],[-118.77649,36.47755],[-118.77626,36.47698],[-118.77637,36.47679],[-118.77652,36.47689],[-118.77665,36.47671],[-118.77634,36.4763],[-118.77634,36.47607],[-118.77606,36.4759],[-118.77596,36.47564],[-118.77514,36.47545],[-118.77512,36.47521],[-118.77487,36.4752],[-118.77439,36.47542],[-118.77413,36.47597],[-118.77406,36.47548],[-118.77425,36.47518],[-118.77422,36.47471],[-118.77384,36.47447],[-118.77302,36.47447],[-118.77171,36.4749],[-118.77118,36.47537],[-118.77107,36.47584],[-118.77079,36.47574],[-118.77059,36.47582],[-118.77033,36.47633],[-118.77002,36.47658],[-118.76907,36.47697],[-118.76907,36.47743],[-118.76943,36.47799],[-118.76889,36.47812],[-118.76898,36.47858],[-118.76873,36.47897],[-118.76874,36.47992],[-118.7691,36.48026],[-118.76977,36.4814],[-118.77015,36.48151],[-118.76936,36.48242],[-118.76909,36.48248],[-118.76926,36.48342],[-118.76914,36.48373],[-118.76883,36.48377],[-118.76836,36.48352],[-118.76826,36.48322],[-118.7679,36.48297],[-118.76786,36.48281],[-118.76768,36.48279],[-118.7674,36.48195],[-118.76697,36.48141],[-118.76712,36.48036],[-118.76677,36.48002],[-118.76628,36.4799],[-118.76641,36.47951],[-118.76633,36.47926],[-118.76645,36.47923],[-118.76589,36.47872],[-118.76499,36.47736],[-118.76383,36.47699],[-118.76382,36.47684],[-118.76337,36.47696],[-118.7621,36.47682],[-118.76152,36.47712],[-118.7621,36.4779],[-118.76205,36.47832],[-118.76127,36.47882],[-118.76173,36.47947],[-118.76228,36.47953],[-118.76226,36.47996],[-118.76256,36.48035],[-118.76199,36.48059],[-118.76125,36.48067],[-118.76111,36.48121],[-118.76074,36.48115],[-118.76068,36.48053],[-118.76032,36.48054],[-118.76003,36.48082],[-118.75996,36.48109],[-118.75974,36.48099],[-118.75979,36.48086],[-118.75961,36.4807],[-118.75963,36.48029],[-118.75976,36.48024],[-118.75976,36.48005],[-118.75998,36.48001],[-118.75994,36.47987],[-118.76026,36.47955],[-118.75999,36.47953],[-118.76007,36.47904],[-118.75964,36.47906],[-118.75968,36.4789],[-118.75914,36.47861],[-118.75915,36.47846],[-118.75946,36.47824],[-118.75964,36.47763],[-118.75894,36.47742],[-118.75884,36.4772],[-118.75864,36.47711],[-118.75857,36.47673],[-118.75824,36.47666],[-118.75818,36.47694],[-118.75796,36.47687],[-118.75803,36.47662],[-118.75773,36.47619],[-118.75779,36.47609],[-118.75804,36.47631],[-118.75843,36.47615],[-118.75842,36.47568],[-118.75799,36.4754],[-118.7577,36.47543],[-118.75765,36.47502],[-118.75691,36.47527],[-118.75655,36.47526],[-118.75639,36.47506],[-118.75661,36.47474],[-118.75655,36.47423],[-118.75609,36.47422],[-118.75585,36.47382],[-118.75465,36.47348],[-118.75434,36.47307],[-118.7539,36.47302],[-118.75365,36.47319],[-118.7534,36.47314],[-118.75278,36.47337],[-118.75249,36.4733],[-118.75247,36.47367],[-118.75223,36.47373],[-118.75229,36.47391],[-118.75211,36.47403],[-118.75197,36.4739],[-118.75181,36.47396],[-118.75171,36.47525],[-118.75206,36.47564],[-118.75182,36.47574],[-118.75187,36.47591],[-118.75172,36.47595],[-118.75124,36.47554],[-118.75082,36.47538],[-118.75056,36.4749],[-118.75059,36.47474],[-118.7509,36.47462],[-118.75093,36.47448],[-118.75074,36.47434],[-118.7507,36.47409],[-118.75113,36.47371],[-118.75124,36.4734],[-118.75147,36.47342],[-118.75233,36.47299],[-118.7522,36.47284],[-118.75235,36.4727],[-118.75217,36.47241],[-118.75229,36.47234],[-118.75223,36.47205],[-118.752,36.47193],[-118.75197,36.47177],[-118.75215,36.47181],[-118.75231,36.47168],[-118.75241,36.47137],[-118.75236,36.4709],[-118.75208,36.47044],[-118.75078,36.47021],[-118.74949,36.4704],[-118.74913,36.47059],[-118.74916,36.47086],[-118.74896,36.47113],[-118.74914,36.47141],[-118.74909,36.47162],[-118.74856,36.47169],[-118.74828,36.47189],[-118.74785,36.4719],[-118.74779,36.47168],[-118.74682,36.47133],[-118.74649,36.47108],[-118.74638,36.47073],[-118.74603,36.47051],[-118.74602,36.4702],[-118.74542,36.47008],[-118.74504,36.46979],[-118.74458,36.46975],[-118.74415,36.46992],[-118.74336,36.46936],[-118.74269,36.46926],[-118.74247,36.46951],[-118.74217,36.4696],[-118.74193,36.47],[-118.74143,36.47004],[-118.741,36.47041],[-118.74034,36.47054],[-118.73982,36.47127],[-118.73887,36.47098],[-118.73865,36.47077],[-118.73807,36.47113],[-118.73765,36.47101],[-118.73741,36.47108],[-118.7367,36.47172],[-118.73619,36.47171],[-118.7355,36.47202],[-118.73412,36.4723],[-118.73355,36.4729],[-118.73337,36.47284],[-118.73326,36.47304],[-118.7326,36.47312],[-118.73257,36.47335],[-118.73169,36.47399],[-118.73115,36.47404],[-118.73096,36.47424],[-118.73054,36.47417],[-118.73029,36.4747],[-118.72977,36.47484],[-118.72967,36.47524],[-118.72984,36.47586],[-118.73058,36.47573],[-118.73074,36.47591],[-118.73183,36.47592],[-118.73215,36.47602],[-118.73219,36.47622],[-118.7324,36.47621],[-118.73232,36.47657],[-118.73123,36.47695],[-118.73118,36.47711],[-118.73141,36.47717],[-118.73152,36.47728],[-118.73145,36.47735],[-118.73107,36.47741],[-118.73057,36.47775],[-118.73056,36.47862],[-118.7309,36.47904],[-118.73134,36.47907],[-118.73139,36.47891],[-118.73156,36.47886],[-118.73178,36.47893],[-118.73176,36.47925],[-118.7325,36.47994],[-118.73239,36.48032],[-118.7326,36.48029],[-118.73268,36.48069],[-118.73297,36.48076],[-118.73304,36.48147],[-118.73331,36.48178],[-118.73363,36.48189],[-118.73296,36.4822],[-118.73265,36.48202],[-118.73252,36.48219],[-118.73286,36.48269],[-118.73284,36.48286],[-118.73305,36.48303],[-118.733,36.48356],[-118.73319,36.48384],[-118.73299,36.48422],[-118.73273,36.48436],[-118.73278,36.48451],[-118.7325,36.48464],[-118.73308,36.48479],[-118.73362,36.48529],[-118.73403,36.4862],[-118.73418,36.48626],[-118.73519,36.48766],[-118.73507,36.48808],[-118.73536,36.48851],[-118.7355,36.48918],[-118.73537,36.48944],[-118.73528,36.48945],[-118.73512,36.48899],[-118.73501,36.48835],[-118.73472,36.48834],[-118.73474,36.48859],[-118.73463,36.48863],[-118.73462,36.48841],[-118.73444,36.48828],[-118.73412,36.48837],[-118.73382,36.48806],[-118.73389,36.48793],[-118.73336,36.48775],[-118.73359,36.488],[-118.73348,36.48815],[-118.7323,36.48721],[-118.73189,36.48722],[-118.73176,36.4869],[-118.73166,36.4869],[-118.73161,36.48725],[-118.73174,36.48731],[-118.73146,36.48767],[-118.73154,36.48805],[-118.7314,36.48813],[-118.73133,36.48796],[-118.73109,36.488],[-118.73128,36.48824],[-118.73125,36.48871],[-118.73109,36.48876],[-118.73103,36.4891],[-118.73152,36.48923],[-118.73139,36.48944],[-118.73165,36.48957],[-118.73159,36.48972],[-118.73179,36.48975],[-118.7321,36.48958],[-118.73243,36.48969],[-118.73233,36.48984],[-118.73166,36.48988],[-118.73135,36.49015],[-118.73085,36.48988],[-118.7306,36.48996],[-118.73046,36.4897],[-118.73027,36.48976],[-118.73025,36.48962],[-118.72998,36.48953],[-118.72989,36.48962],[-118.73011,36.48992],[-118.72979,36.49024],[-118.72974,36.49066],[-118.72992,36.49067],[-118.72984,36.49051],[-118.73045,36.49046],[-118.73055,36.49058],[-118.73065,36.49077],[-118.73058,36.4911],[-118.73097,36.49125],[-118.731,36.49148],[-118.73126,36.4916],[-118.73115,36.49173],[-118.73133,36.49176],[-118.73121,36.49249],[-118.72917,36.49318],[-118.72929,36.49302],[-118.72904,36.49302],[-118.72893,36.49329],[-118.72802,36.49396],[-118.728,36.49418],[-118.72769,36.49408],[-118.72767,36.49436],[-118.72792,36.49485],[-118.72772,36.49496],[-118.72788,36.49524],[-118.72783,36.49568],[-118.7271,36.49572],[-118.7267,36.49521],[-118.72658,36.49532],[-118.72675,36.49553],[-118.72638,36.49556],[-118.72627,36.4955],[-118.72614,36.49488],[-118.72599,36.49489],[-118.72599,36.49538],[-118.72576,36.49562],[-118.72544,36.49554],[-118.72545,36.49527],[-118.72527,36.4953],[-118.72502,36.49553],[-118.72499,36.49581],[-118.72528,36.49598],[-118.72542,36.49624],[-118.72528,36.49649],[-118.72526,36.49636],[-118.725,36.4964],[-118.72498,36.49706],[-118.72465,36.49717],[-118.72455,36.49704],[-118.72432,36.49705],[-118.7244,36.49653],[-118.72471,36.49646],[-118.72459,36.4961],[-118.72427,36.49611],[-118.72416,36.49632],[-118.72343,36.4964],[-118.72338,36.49623],[-118.72353,36.49603],[-118.7232,36.49602],[-118.72283,36.49646],[-118.72326,36.49704],[-118.72341,36.49761],[-118.72362,36.49761],[-118.72352,36.49791],[-118.72389,36.49784],[-118.72395,36.49765],[-118.72416,36.49768],[-118.72404,36.49774],[-118.72386,36.49836],[-118.72385,36.49805],[-118.72357,36.49818],[-118.72361,36.49913],[-118.72374,36.49913],[-118.72374,36.49943],[-118.7239,36.49951],[-118.72397,36.5],[-118.7239,36.50018],[-118.72354,36.5002],[-118.72352,36.50042],[-118.72337,36.50043],[-118.72318,36.50127],[-118.72319,36.50183],[-118.72307,36.50189],[-118.72312,36.50213],[-118.72295,36.50222],[-118.72284,36.50173],[-118.72238,36.50169],[-118.72227,36.50144],[-118.72203,36.50141],[-118.72201,36.50182],[-118.7217,36.50169],[-118.72181,36.5016],[-118.72153,36.50148],[-118.72163,36.50127],[-118.72155,36.50111],[-118.72115,36.50109],[-118.72102,36.50132],[-118.72129,36.50172],[-118.7213,36.50202],[-118.72108,36.50248],[-118.7209,36.50235],[-118.72108,36.50223],[-118.72098,36.50192],[-118.72057,36.50202],[-118.72033,36.5019],[-118.72023,36.50166],[-118.72004,36.50162],[-118.7195,36.50205],[-118.71954,36.50218],[-118.71995,36.50236],[-118.72006,36.5026],[-118.71999,36.50289],[-118.72018,36.50291],[-118.71968,36.5031],[-118.71952,36.50306],[-118.71952,36.50278],[-118.71885,36.50316],[-118.71856,36.50347],[-118.71825,36.50347],[-118.71797,36.50384],[-118.71811,36.50402],[-118.71831,36.50401],[-118.71825,36.50441],[-118.71858,36.50457],[-118.7196,36.50401],[-118.72013,36.50443],[-118.72127,36.50403],[-118.72127,36.50415],[-118.72154,36.50433],[-118.72182,36.50417],[-118.72173,36.50446],[-118.72198,36.50445],[-118.7223,36.50475],[-118.72322,36.50461],[-118.72368,36.50415],[-118.72348,36.50385],[-118.72302,36.50356],[-118.72301,36.50322],[-118.7227,36.50291],[-118.72298,36.50282],[-118.72325,36.50315],[-118.72318,36.50339],[-118.72336,36.5036],[-118.72377,36.50362],[-118.72393,36.50385],[-118.72439,36.50372],[-118.72476,36.5039],[-118.72459,36.50399],[-118.72485,36.50482],[-118.72583,36.50499],[-118.72608,36.50482],[-118.72622,36.50517],[-118.72669,36.50516],[-118.72692,36.5056],[-118.72701,36.50541],[-118.72749,36.50593],[-118.72768,36.50598],[-118.72734,36.5062],[-118.72775,36.50642],[-118.72777,36.50682],[-118.72749,36.50684],[-118.72749,36.50707],[-118.72767,36.50715],[-118.72803,36.50789],[-118.72837,36.50821],[-118.72847,36.50841],[-118.72836,36.50862],[-118.72894,36.50915],[-118.72914,36.50963],[-118.72951,36.51005],[-118.72955,36.51032],[-118.72972,36.51045],[-118.72978,36.51141],[-118.72997,36.51144],[-118.72995,36.51159],[-118.73014,36.5118],[-118.73054,36.51147],[-118.73052,36.51096],[-118.73072,36.5109],[-118.73102,36.51096],[-118.7311,36.5114],[-118.73144,36.5114],[-118.73158,36.51162],[-118.73159,36.51171],[-118.73087,36.5119],[-118.73081,36.51207],[-118.73041,36.51216],[-118.73037,36.51228],[-118.73063,36.51259],[-118.73057,36.51298],[-118.73167,36.51335],[-118.73179,36.51391],[-118.7317,36.51423],[-118.73135,36.51464],[-118.73097,36.51468],[-118.73083,36.5146],[-118.73087,36.51434],[-118.73108,36.51434],[-118.73135,36.51388],[-118.73075,36.5139],[-118.7305,36.51404],[-118.73054,36.51478],[-118.73036,36.51483],[-118.73048,36.51522],[-118.73029,36.51573],[-118.73036,36.51591],[-118.73049,36.51588],[-118.73061,36.51604],[-118.7308,36.51599],[-118.73079,36.51621],[-118.7303,36.51663],[-118.72992,36.51647],[-118.72958,36.51675],[-118.72987,36.51699],[-118.73047,36.51712],[-118.73093,36.51746],[-118.73126,36.51747],[-118.73106,36.51815],[-118.7313,36.51839],[-118.73141,36.51897],[-118.73236,36.51905],[-118.73278,36.51885],[-118.73371,36.51879],[-118.73385,36.51893],[-118.73379,36.51922],[-118.734,36.51936],[-118.73454,36.51916],[-118.7347,36.51882],[-118.73509,36.51855],[-118.73513,36.51869],[-118.73544,36.51858],[-118.73617,36.51892],[-118.73622,36.51871],[-118.73674,36.51827],[-118.73739,36.51808],[-118.73758,36.51786],[-118.73757,36.51761],[-118.73816,36.51757],[-118.73826,36.51744],[-118.73834,36.51706],[-118.73824,36.51675],[-118.73769,36.51671],[-118.73781,36.51637],[-118.73827,36.51615],[-118.73864,36.51628],[-118.7386,36.51563],[-118.73835,36.51548],[-118.7387,36.51532],[-118.73921,36.51553],[-118.7396,36.51622],[-118.74012,36.51595],[-118.74055,36.51632],[-118.74063,36.51691],[-118.74095,36.51692],[-118.74093,36.51739],[-118.74142,36.5173],[-118.74147,36.517],[-118.74112,36.51658],[-118.74117,36.51645],[-118.7415,36.5164],[-118.74205,36.51682],[-118.74225,36.51723],[-118.74299,36.51756],[-118.74371,36.51693],[-118.74337,36.51669],[-118.74345,36.5164],[-118.7438,36.51633],[-118.74394,36.51685],[-118.7437,36.51744],[-118.74417,36.51742],[-118.74447,36.5177],[-118.74466,36.51761],[-118.7448,36.51715],[-118.74504,36.51691],[-118.74506,36.51656],[-118.74538,36.51632],[-118.74566,36.5158],[-118.74566,36.51529],[-118.74553,36.51505],[-118.74599,36.51481],[-118.74589,36.5154],[-118.74642,36.51534],[-118.74656,36.51561],[-118.74655,36.51585],[-118.7461,36.51614],[-118.74611,36.51689],[-118.74669,36.51711],[-118.74687,36.51698],[-118.74722,36.51748],[-118.74742,36.51744],[-118.74751,36.51805],[-118.74872,36.51819],[-118.74878,36.51827],[-118.74855,36.51832],[-118.74873,36.51861],[-118.74858,36.51881],[-118.74885,36.51932],[-118.74927,36.51927],[-118.75044,36.51958],[-118.75048,36.51948],[-118.75094,36.51954],[-118.7509,36.51973],[-118.75104,36.51998],[-118.7513,36.52012],[-118.75128,36.52027],[-118.75091,36.5204],[-118.75096,36.52073],[-118.75139,36.52092],[-118.75167,36.52116],[-118.75166,36.52129],[-118.7522,36.52164],[-118.7525,36.52151],[-118.75283,36.5216],[-118.75284,36.52135],[-118.75313,36.52101],[-118.75345,36.52115],[-118.75367,36.52102],[-118.75349,36.52175],[-118.75326,36.52199],[-118.75298,36.52289],[-118.7531,36.52344],[-118.75296,36.52356],[-118.75293,36.52423],[-118.75275,36.52467],[-118.75198,36.52547],[-118.75205,36.52556],[-118.75152,36.52597],[-118.75026,36.52613],[-118.7496,36.52654],[-118.74874,36.52663],[-118.74862,36.52646],[-118.74831,36.52647],[-118.74797,36.52663],[-118.74746,36.52641],[-118.74641,36.52677],[-118.74583,36.52635],[-118.74555,36.52593],[-118.74565,36.52566],[-118.74593,36.52565],[-118.74595,36.5254],[-118.74548,36.52518],[-118.74538,36.52492],[-118.7448,36.52494],[-118.74486,36.52471],[-118.74462,36.52473],[-118.74427,36.52437],[-118.74441,36.52409],[-118.74414,36.52361],[-118.74387,36.52358],[-118.74382,36.52396],[-118.74362,36.5237],[-118.74321,36.52371],[-118.74351,36.52397],[-118.74337,36.52409],[-118.74348,36.52419],[-118.74414,36.52437],[-118.74405,36.52445],[-118.74446,36.52481],[-118.74439,36.525],[-118.7452,36.52534],[-118.7453,36.5255],[-118.74532,36.52593],[-118.74486,36.52641],[-118.74517,36.52653],[-118.74525,36.52679],[-118.74469,36.52705],[-118.7449,36.52731],[-118.74529,36.52749],[-118.74378,36.52855],[-118.74306,36.52881],[-118.74318,36.52903],[-118.74301,36.52908],[-118.74288,36.52944],[-118.74218,36.5295],[-118.74193,36.52924],[-118.74127,36.5292],[-118.74073,36.52874],[-118.74013,36.52855],[-118.7394,36.52879],[-118.73895,36.52873],[-118.73883,36.52853],[-118.73896,36.52827],[-118.73937,36.52821],[-118.73923,36.52774],[-118.73954,36.52725],[-118.73925,36.52717],[-118.73931,36.52684],[-118.73965,36.52674],[-118.73968,36.52637],[-118.73923,36.52607],[-118.7391,36.52602],[-118.73903,36.52615],[-118.73882,36.52602],[-118.73859,36.52605],[-118.73822,36.52634],[-118.73817,36.52654],[-118.73806,36.52652],[-118.73779,36.52635],[-118.73785,36.52611],[-118.73721,36.52582],[-118.73651,36.52571],[-118.73662,36.52551],[-118.73653,36.52541],[-118.73597,36.52581],[-118.73574,36.52571],[-118.73505,36.52617],[-118.73526,36.5264],[-118.73664,36.52675],[-118.7366,36.52846],[-118.73688,36.52839],[-118.73692,36.52857],[-118.73759,36.52878],[-118.73783,36.52902],[-118.73783,36.52923],[-118.73757,36.5294],[-118.73682,36.52921],[-118.73693,36.52951],[-118.73603,36.52971],[-118.73578,36.53008],[-118.73529,36.53025],[-118.73425,36.52973],[-118.73431,36.52939],[-118.73391,36.52917],[-118.73393,36.52905],[-118.73433,36.52887],[-118.73406,36.52865],[-118.73419,36.52821],[-118.73399,36.52802],[-118.73407,36.52763],[-118.73361,36.52749],[-118.73353,36.5273],[-118.73362,36.52702],[-118.73331,36.52692],[-118.7333,36.52664],[-118.73347,36.52664],[-118.73345,36.52653],[-118.73381,36.5264],[-118.73388,36.52626],[-118.73336,36.52604],[-118.73307,36.5257],[-118.73267,36.52568],[-118.73305,36.52607],[-118.73308,36.5265],[-118.73237,36.52734],[-118.73256,36.52758],[-118.73305,36.52746],[-118.73316,36.52769],[-118.73296,36.52776],[-118.73298,36.52836],[-118.73261,36.52851],[-118.73202,36.52835],[-118.73198,36.5279],[-118.7316,36.52762],[-118.73159,36.52796],[-118.7309,36.52785],[-118.73091,36.52739],[-118.73071,36.52736],[-118.73066,36.52722],[-118.73074,36.52666],[-118.73034,36.52651],[-118.7292,36.52566],[-118.72963,36.52522],[-118.72924,36.52479],[-118.72837,36.52456],[-118.72805,36.52485],[-118.72801,36.52542],[-118.72717,36.52561],[-118.72667,36.52539],[-118.72667,36.52576],[-118.72727,36.52611],[-118.72695,36.52638],[-118.72731,36.52656],[-118.72807,36.52664],[-118.72801,36.52689],[-118.72889,36.52705],[-118.72918,36.52731],[-118.72888,36.52747],[-118.72812,36.52756],[-118.72865,36.52762],[-118.72897,36.52787],[-118.73049,36.52791],[-118.73137,36.52909],[-118.73253,36.52922],[-118.73263,36.52947],[-118.73256,36.52966],[-118.73235,36.52976],[-118.73216,36.53015],[-118.73159,36.53068],[-118.73178,36.53106],[-118.73152,36.5311],[-118.73106,36.53089],[-118.73059,36.53101],[-118.73039,36.53135],[-118.73008,36.53146],[-118.73019,36.53169],[-118.7299,36.5318],[-118.73022,36.53222],[-118.72998,36.53246],[-118.72846,36.5324],[-118.7284,36.53267],[-118.72883,36.53274],[-118.72926,36.53311],[-118.72903,36.53351],[-118.72848,36.53393],[-118.72817,36.53383],[-118.72808,36.53355],[-118.72764,36.53368],[-118.72783,36.53402],[-118.72766,36.53431],[-118.72711,36.53449],[-118.72656,36.5352],[-118.72647,36.53554],[-118.7251,36.53447],[-118.72484,36.53453],[-118.72431,36.53496],[-118.72381,36.53487],[-118.72387,36.53467],[-118.72359,36.53406],[-118.7232,36.53393],[-118.7231,36.53404],[-118.72324,36.53434],[-118.72294,36.53422],[-118.72204,36.53515],[-118.7219,36.53555],[-118.72162,36.53581],[-118.7201,36.53657],[-118.71949,36.53747],[-118.71925,36.53849],[-118.7193,36.53901],[-118.71891,36.53938],[-118.71859,36.53945],[-118.71783,36.53931],[-118.71756,36.53911],[-118.71744,36.53879],[-118.71685,36.53862],[-118.71673,36.53826],[-118.71606,36.53821],[-118.71606,36.53851],[-118.71583,36.53864],[-118.71493,36.53842],[-118.71456,36.5386],[-118.71408,36.53852],[-118.7138,36.53829],[-118.71366,36.53796],[-118.71318,36.53787],[-118.71284,36.53764],[-118.71245,36.53763],[-118.71079,36.53807],[-118.71009,36.53796],[-118.70952,36.53803],[-118.70907,36.53776],[-118.7086,36.53795],[-118.70829,36.53792],[-118.70791,36.5377],[-118.70807,36.53812],[-118.70792,36.53847],[-118.70741,36.5388],[-118.70665,36.53903],[-118.70607,36.53887],[-118.70552,36.53828],[-118.70511,36.53808],[-118.70514,36.53785],[-118.705,36.53776],[-118.7043,36.53764],[-118.70417,36.53747],[-118.70366,36.53729],[-118.70255,36.53744],[-118.70146,36.53739],[-118.70069,36.53757],[-118.69996,36.53798],[-118.6987,36.53802],[-118.6981,36.53768],[-118.69786,36.5368],[-118.69739,36.53644],[-118.69664,36.53635],[-118.69541,36.53687],[-118.69496,36.53736],[-118.69471,36.53735],[-118.69432,36.53767],[-118.69195,36.53801],[-118.69141,36.53821],[-118.68953,36.53796],[-118.68874,36.53823],[-118.6879,36.53873],[-118.68709,36.53884],[-118.68651,36.53875],[-118.68555,36.5383],[-118.685,36.53827],[-118.685,36.53843],[-118.68406,36.53869],[-118.68367,36.53908],[-118.68287,36.54032],[-118.68212,36.54084],[-118.67909,36.54149],[-118.6789,36.54173],[-118.67825,36.54204],[-118.67747,36.54213],[-118.67567,36.542],[-118.67485,36.54174],[-118.67355,36.54154],[-118.67307,36.54116],[-118.67294,36.54044]]],[[[-118.7101,36.48436],[-118.7101,36.48448],[-118.70959,36.48463],[-118.70926,36.48441],[-118.70967,36.48423],[-118.7101,36.48436]]],[[[-118.68491,36.49446],[-118.6849,36.49454],[-118.68483,36.49444],[-118.68491,36.49446]]],[[[-118.68528,36.49545],[-118.68518,36.49547],[-118.68517,36.49542],[-118.68528,36.49545]]],[[[-118.73924,36.50401],[-118.73928,36.50422],[-118.73886,36.50445],[-118.73885,36.50415],[-118.73906,36.50391],[-118.73924,36.50401]]],[[[-118.73863,36.50471],[-118.73865,36.50488],[-118.73842,36.50507],[-118.73814,36.50475],[-118.7383,36.50456],[-118.73863,36.50471]]],[[[-118.7268,36.50492],[-118.72672,36.50494],[-118.72667,36.50486],[-118.7268,36.50492]]],[[[-118.73656,36.50524],[-118.73614,36.50517],[-118.73587,36.50485],[-118.73593,36.50441],[-118.73622,36.50471],[-118.7365,36.50474],[-118.73661,36.50509],[-118.73696,36.50526],[-118.73718,36.50568],[-118.73792,36.50533],[-118.73802,36.50581],[-118.73827,36.50583],[-118.73876,36.50617],[-118.73826,36.50621],[-118.73816,36.50641],[-118.7377,36.50619],[-118.73763,36.50632],[-118.73736,36.50635],[-118.7364,36.5058],[-118.73656,36.50524]]],[[[-118.73902,36.50702],[-118.7394,36.50721],[-118.7394,36.50732],[-118.73895,36.50725],[-118.73902,36.50702]]],[[[-118.73539,36.50958],[-118.73495,36.50969],[-118.73474,36.50994],[-118.73443,36.51003],[-118.73358,36.51001],[-118.73335,36.50957],[-118.73363,36.50927],[-118.73386,36.50924],[-118.7336,36.509],[-118.7336,36.50853],[-118.73318,36.50856],[-118.73303,36.50829],[-118.73258,36.50842],[-118.73237,36.50822],[-118.73199,36.50822],[-118.73226,36.50794],[-118.73185,36.50756],[-118.73197,36.50731],[-118.73147,36.50683],[-118.73145,36.50651],[-118.73045,36.50585],[-118.72972,36.50565],[-118.72962,36.50511],[-118.72982,36.50499],[-118.72983,36.50475],[-118.7302,36.50463],[-118.73022,36.50449],[-118.73029,36.50459],[-118.73062,36.50453],[-118.73072,36.50469],[-118.7313,36.50493],[-118.73188,36.50484],[-118.73148,36.50507],[-118.7316,36.50529],[-118.73151,36.50547],[-118.73082,36.5054],[-118.7306,36.50556],[-118.7307,36.50581],[-118.73123,36.50592],[-118.73126,36.50609],[-118.7318,36.50593],[-118.73203,36.5061],[-118.73253,36.50597],[-118.73245,36.50577],[-118.73287,36.50558],[-118.73299,36.50535],[-118.73339,36.50551],[-118.73346,36.50543],[-118.7334,36.50523],[-118.73321,36.50518],[-118.73322,36.50498],[-118.73348,36.5051],[-118.73377,36.50498],[-118.7339,36.50527],[-118.73416,36.50528],[-118.73425,36.50545],[-118.73403,36.50567],[-118.73408,36.5062],[-118.73465,36.50606],[-118.73454,36.50648],[-118.73482,36.50649],[-118.73494,36.50669],[-118.73512,36.50668],[-118.73542,36.50635],[-118.73564,36.50642],[-118.73576,36.50633],[-118.73565,36.50607],[-118.73601,36.50622],[-118.73618,36.50613],[-118.73694,36.50661],[-118.73774,36.50656],[-118.73791,36.50688],[-118.73848,36.50684],[-118.7385,36.50714],[-118.7383,36.5075],[-118.73807,36.50749],[-118.73806,36.50713],[-118.73764,36.50707],[-118.73772,36.50731],[-118.73756,36.50755],[-118.73765,36.50774],[-118.73756,36.508],[-118.73733,36.50806],[-118.73738,36.50818],[-118.73708,36.50825],[-118.73705,36.50805],[-118.73672,36.50804],[-118.73668,36.50824],[-118.73687,36.50861],[-118.73663,36.50906],[-118.73678,36.5093],[-118.73648,36.50969],[-118.73656,36.51039],[-118.73637,36.5104],[-118.73644,36.51001],[-118.73635,36.50992],[-118.73586,36.51019],[-118.73561,36.51004],[-118.735507,36.510113],[-118.73551,36.51002],[-118.73578,36.50994],[-118.73539,36.50958]]],[[[-118.7355,36.51038],[-118.73547,36.51014],[-118.735507,36.510113],[-118.7355,36.51038]]],[[[-118.73512,36.51082],[-118.73527,36.51077],[-118.73548,36.51077],[-118.73537,36.51101],[-118.73512,36.51082]]],[[[-118.73349,36.51169],[-118.73355,36.51153],[-118.73407,36.51159],[-118.73425,36.51182],[-118.73408,36.51196],[-118.73349,36.51169]]],[[[-118.73578,36.51177],[-118.73595,36.5118],[-118.73581,36.51187],[-118.73578,36.51177]]],[[[-118.7352,36.5121],[-118.73521,36.51219],[-118.73512,36.51216],[-118.7352,36.5121]]],[[[-118.73594,36.51228],[-118.73555,36.51228],[-118.73545,36.51214],[-118.73588,36.51217],[-118.73594,36.51228]]],[[[-118.66062,36.5131],[-118.66061,36.51275],[-118.66043,36.51275],[-118.66053,36.51261],[-118.66118,36.51293],[-118.66103,36.51316],[-118.66154,36.51334],[-118.66136,36.51359],[-118.66082,36.51353],[-118.66077,36.51376],[-118.66052,36.51367],[-118.66065,36.51329],[-118.66043,36.51344],[-118.66036,36.51313],[-118.66054,36.5131],[-118.6607,36.51328],[-118.66083,36.51319],[-118.66062,36.5131]]],[[[-118.73707,36.51594],[-118.73712,36.5157],[-118.73726,36.51564],[-118.73743,36.51606],[-118.73709,36.51613],[-118.73627,36.51677],[-118.73637,36.51695],[-118.73615,36.51687],[-118.73592,36.51696],[-118.73589,36.51726],[-118.73559,36.51728],[-118.73513,36.51694],[-118.73646,36.51616],[-118.7365,36.51595],[-118.73672,36.51609],[-118.73686,36.51594],[-118.73707,36.51594]]]]},"properties":{"fire_id":"ufid:2021-CAKNP-000116","source_collection":"history-2021","source_objectid":48155,"incident_name":"Colony_KNP Complex","mapped_acres":3162.098,"mapped_acres_source":"poly_GISAcres","gis_acres":3162.098,"auto_acres":80052.30314300818,"reported_acres":80102.75,"percent_contained":null,"state":"CA","state_wfigs":"US-CA","county":"Tulare","discovery_time_utc":"2021-09-10T14:20:00Z","perimeter_time_utc":"2025-11-03T20:39:18Z","perimeter_edit_time_utc":null,"incident_modified_time_utc":"2025-06-13T18:08:01Z","containment_time_utc":"2021-12-31T16:00:00Z","control_time_utc":"2021-12-31T16:00:00Z","fire_out_time_utc":"2021-12-31T16:00:00Z","fire_cause":"Natural","fire_cause_general":"Natural","map_method":"Mixed Methods","source_dataset":"FFP","unique_fire_identifier":"2021-CAKNP-000116","irwin_id":"{BA2C4EC7-36BF-4B79-B6D1-8706200326BF}","global_id":"812410c5-da37-4489-8266-9af54c694ecc"}}]}
