{"type":"FeatureCollection","features":[{"type":"Feature","geometry":{"type":"Polygon","coordinates":[[[-96.58256,48.48056],[-96.58195,48.4804],[-96.58172,48.48017],[-96.5814,48.48008],[-96.58168,48.47999],[-96.58177,48.4797],[-96.58158,48.47957],[-96.58168,48.47944],[-96.58139,48.47912],[-96.58118,48.47911],[-96.5812,48.47882],[-96.58164,48.47884],[-96.58188,48.47854],[-96.58226,48.47878],[-96.58234,48.479],[-96.58222,48.47915],[-96.58236,48.47943],[-96.5827,48.47939],[-96.58287,48.47961],[-96.58276,48.48016],[-96.58298,48.4805],[-96.58256,48.48056]],[[-96.58238,48.48048],[-96.58238,48.4805],[-96.58239,48.4805],[-96.58238,48.48048]]]},"properties":{"fire_id":"ufid:2021-MNMNS-121175","source_collection":"history-2021","source_objectid":1698,"incident_name":"CSB Fire","mapped_acres":3.87,"mapped_acres_source":"poly_GISAcres","gis_acres":3.87,"auto_acres":3.8730405048275,"reported_acres":4.0,"percent_contained":null,"state":"MN","state_wfigs":"US-MN","county":"Marshall","discovery_time_utc":"2021-06-18T19:00:07Z","perimeter_time_utc":"2021-06-18T08:00:00Z","perimeter_edit_time_utc":"2021-06-21T18:53:25Z","incident_modified_time_utc":"2021-06-22T16:30:12Z","containment_time_utc":null,"control_time_utc":"2021-06-18T23:14:00Z","fire_out_time_utc":"2021-06-22T16:28:02Z","fire_cause":"Human","fire_cause_general":"Debris/Open Burning","map_method":"Mixed Methods","source_dataset":"2021 NIFS","unique_fire_identifier":"2021-MNMNS-121175","irwin_id":"{E25221F0-2356-4BF5-916D-0E7ACBBBA40D}","global_id":"e4b882bc-b786-481d-b6d3-40ac3b90d608"}},{"type":"Feature","geometry":{"type":"MultiPolygon","coordinates":[[[[-96.34201,47.76016],[-96.28804,47.75989],[-96.28777,47.73483],[-96.2875,47.73457],[-96.28519,47.73456],[-96.28508,47.73449],[-96.28563,47.73389],[-96.28565,47.7337],[-96.28492,47.73345],[-96.2848,47.73315],[-96.28463,47.7331],[-96.28115,47.73294],[-96.28097,47.73276],[-96.28088,47.73232],[-96.28031,47.73186],[-96.28085,47.7317],[-96.28079,47.73138],[-96.28047,47.73117],[-96.27991,47.73118],[-96.27939,47.73084],[-96.25598,47.7309],[-96.24511,47.73081],[-96.24482,47.73087],[-96.24426,47.73143],[-96.24373,47.73166],[-96.24169,47.73192],[-96.24263,47.73137],[-96.24315,47.73133],[-96.24307,47.73101],[-96.24261,47.73114],[-96.24128,47.73188],[-96.24065,47.73196],[-96.24045,47.73184],[-96.23989,47.73209],[-96.23894,47.73208],[-96.23723,47.73254],[-96.23667,47.7325],[-96.23596,47.73293],[-96.23546,47.73275],[-96.23316,47.73255],[-96.23207,47.73282],[-96.23063,47.73247],[-96.23019,47.73223],[-96.22994,47.7324],[-96.22946,47.73241],[-96.2288,47.7322],[-96.22855,47.73192],[-96.22755,47.73181],[-96.22873,47.73132],[-96.22947,47.73065],[-96.22985,47.73078],[-96.22948,47.7304],[-96.22965,47.7302],[-96.23094,47.7298],[-96.23317,47.72982],[-96.23334,47.72944],[-96.23304,47.72925],[-96.23166,47.72906],[-96.23123,47.72917],[-96.23152,47.72878],[-96.23143,47.72869],[-96.2292,47.7293],[-96.22567,47.72947],[-96.22405,47.7293],[-96.22379,47.72915],[-96.22018,47.72897],[-96.21973,47.72887],[-96.21955,47.7286],[-96.21874,47.7282],[-96.21759,47.72839],[-96.2172,47.7288],[-96.216,47.7291],[-96.21576,47.72974],[-96.21595,47.72991],[-96.21549,47.73023],[-96.21546,47.73044],[-96.2135,47.73093],[-96.21312,47.73092],[-96.21299,47.73098],[-96.21313,47.73116],[-96.21298,47.73127],[-96.21269,47.73114],[-96.212,47.73124],[-96.21196,47.73138],[-96.21145,47.73155],[-96.21191,47.73168],[-96.21167,47.7319],[-96.20967,47.73209],[-96.20647,47.73215],[-96.20231,47.73],[-96.20224,47.72987],[-96.20059,47.72913],[-96.20065,47.72935],[-96.20047,47.72948],[-96.19778,47.72812],[-96.19813,47.7285],[-96.19812,47.7287],[-96.19792,47.72881],[-96.19638,47.72908],[-96.19602,47.7293],[-96.1953,47.72946],[-96.1941,47.72963],[-96.19375,47.72983],[-96.19013,47.73033],[-96.18986,47.7305],[-96.1882,47.73069],[-96.1863,47.73071],[-96.18572,47.7309],[-96.18444,47.73091],[-96.1843,47.73057],[-96.18447,47.73043],[-96.18478,47.73064],[-96.18502,47.73058],[-96.18502,47.73046],[-96.18565,47.73047],[-96.18591,47.73039],[-96.18614,47.72997],[-96.18603,47.72982],[-96.18563,47.72997],[-96.18538,47.72987],[-96.18527,47.72999],[-96.185,47.72979],[-96.18439,47.73004],[-96.18445,47.72981],[-96.1842,47.72977],[-96.18396,47.72929],[-96.18377,47.72934],[-96.18382,47.7304],[-96.18145,47.73048],[-96.18093,47.73017],[-96.18108,47.7298],[-96.18092,47.72957],[-96.18089,47.72909],[-96.18068,47.72892],[-96.18072,47.72732],[-96.18144,47.72743],[-96.18226,47.72718],[-96.18368,47.72717],[-96.18419,47.72698],[-96.18564,47.72719],[-96.18605,47.72647],[-96.18616,47.72659],[-96.18661,47.72661],[-96.18828,47.72617],[-96.18795,47.72573],[-96.18738,47.7255],[-96.18759,47.72424],[-96.18477,47.72358],[-96.18606,47.72353],[-96.18617,47.72337],[-96.18714,47.72325],[-96.18814,47.7236],[-96.18856,47.7235],[-96.18923,47.72385],[-96.19039,47.72384],[-96.18873,47.72298],[-96.1884,47.72327],[-96.18824,47.72321],[-96.18119,47.71956],[-96.18088,47.71933],[-96.18084,47.71914],[-96.18134,47.71917],[-96.17776,47.71729],[-96.17831,47.71739],[-96.18012,47.71828],[-96.18068,47.71796],[-96.18065,47.71755],[-96.18083,47.71749],[-96.18087,47.71592],[-96.18071,47.71592],[-96.18013,47.71536],[-96.18024,47.71465],[-96.1799,47.71454],[-96.18015,47.71451],[-96.18022,47.71438],[-96.17984,47.71413],[-96.17919,47.71399],[-96.17915,47.71357],[-96.17866,47.71332],[-96.18015,47.71327],[-96.18018,47.71316],[-96.1799,47.71306],[-96.18033,47.71296],[-96.17923,47.71294],[-96.17928,47.71283],[-96.17991,47.71279],[-96.17941,47.71269],[-96.17932,47.71256],[-96.18058,47.71259],[-96.18068,47.71241],[-96.18048,47.71248],[-96.18007,47.71231],[-96.17884,47.7123],[-96.16929,47.71254],[-96.16865,47.71222],[-96.16867,47.7118],[-96.16974,47.71157],[-96.17064,47.71167],[-96.17124,47.71134],[-96.173,47.71109],[-96.17395,47.71115],[-96.17504,47.71144],[-96.17615,47.71132],[-96.17697,47.71157],[-96.17767,47.7115],[-96.17794,47.71166],[-96.17866,47.71166],[-96.17889,47.71172],[-96.17899,47.71194],[-96.1792,47.71196],[-96.17923,47.71211],[-96.18068,47.71215],[-96.18085,47.71228],[-96.1809,47.71205],[-96.18111,47.7123],[-96.18151,47.71236],[-96.18185,47.71264],[-96.18227,47.71264],[-96.18243,47.7122],[-96.18269,47.71207],[-96.18266,47.71222],[-96.18341,47.71242],[-96.18379,47.71278],[-96.18422,47.71286],[-96.18433,47.71277],[-96.18423,47.71271],[-96.18444,47.71254],[-96.18452,47.71266],[-96.18464,47.71251],[-96.18476,47.7126],[-96.18467,47.71294],[-96.18499,47.71295],[-96.18523,47.71307],[-96.18508,47.71315],[-96.18582,47.71348],[-96.18661,47.71358],[-96.18661,47.7134],[-96.18692,47.71323],[-96.1866,47.71296],[-96.18611,47.71281],[-96.18634,47.7127],[-96.18626,47.71245],[-96.18561,47.71238],[-96.18576,47.71229],[-96.18548,47.71211],[-96.1858,47.71213],[-96.18564,47.71193],[-96.18593,47.71136],[-96.18569,47.71111],[-96.18546,47.71108],[-96.18546,47.71083],[-96.18521,47.71062],[-96.18544,47.71062],[-96.18577,47.71095],[-96.18633,47.71085],[-96.1865,47.71102],[-96.18708,47.71105],[-96.18725,47.7106],[-96.18735,47.71062],[-96.18719,47.71108],[-96.18734,47.71117],[-96.18827,47.71104],[-96.18877,47.71126],[-96.18918,47.71114],[-96.18924,47.7108],[-96.18944,47.7108],[-96.18942,47.71117],[-96.18997,47.71121],[-96.19029,47.71102],[-96.19023,47.71082],[-96.19035,47.71073],[-96.19006,47.71058],[-96.19092,47.70988],[-96.19081,47.70937],[-96.1922,47.70916],[-96.19277,47.70946],[-96.19256,47.70963],[-96.19304,47.70985],[-96.19344,47.71032],[-96.19388,47.71051],[-96.19417,47.71097],[-96.19463,47.71085],[-96.19465,47.71068],[-96.19557,47.71009],[-96.196,47.71008],[-96.19662,47.70963],[-96.19756,47.70967],[-96.19784,47.70941],[-96.19779,47.70918],[-96.19794,47.70911],[-96.19799,47.70888],[-96.19853,47.70867],[-96.19892,47.70869],[-96.19896,47.70888],[-96.19926,47.7089],[-96.19925,47.70937],[-96.20013,47.70928],[-96.20057,47.70909],[-96.20076,47.70877],[-96.20109,47.7089],[-96.20103,47.70907],[-96.20085,47.70902],[-96.20054,47.70918],[-96.20055,47.70946],[-96.20017,47.70955],[-96.20001,47.7099],[-96.20013,47.70993],[-96.2001,47.71027],[-96.19972,47.71033],[-96.19969,47.71052],[-96.19947,47.7106],[-96.19948,47.71082],[-96.19897,47.711],[-96.19937,47.71108],[-96.19977,47.71097],[-96.20034,47.71137],[-96.20096,47.71127],[-96.20178,47.71087],[-96.20206,47.71086],[-96.20215,47.71072],[-96.202,47.70614],[-96.20224,47.70612],[-96.20199,47.70246],[-96.20207,47.70162],[-96.20384,47.70194],[-96.2092,47.70403],[-96.21091,47.70412],[-96.21268,47.70366],[-96.2127,47.70461],[-96.214,47.7049],[-96.22347,47.70499],[-96.22342,47.70148],[-96.22358,47.70136],[-96.22569,47.70174],[-96.33071,47.70204],[-96.34182,47.70217],[-96.34242,47.70238],[-96.34296,47.70285],[-96.34314,47.70377],[-96.34334,47.71434],[-96.34381,47.71537],[-96.34515,47.71617],[-96.35097,47.7163],[-96.35332,47.71613],[-96.35965,47.71535],[-96.36163,47.71633],[-96.36259,47.71725],[-96.36252,47.73093],[-96.36142,47.7312],[-96.34302,47.73118],[-96.33999,47.7328],[-96.33906,47.73287],[-96.33674,47.7321],[-96.3349,47.73168],[-96.33236,47.73167],[-96.3301,47.73218],[-96.32924,47.73345],[-96.32952,47.73434],[-96.33155,47.7374],[-96.33211,47.73938],[-96.33185,47.7407],[-96.33102,47.74186],[-96.32915,47.74297],[-96.32797,47.74343],[-96.32752,47.74473],[-96.32788,47.74594],[-96.3315,47.7494],[-96.33451,47.75187],[-96.33944,47.75489],[-96.34148,47.75649],[-96.34161,47.75685],[-96.34138,47.75782],[-96.34151,47.75816],[-96.3419,47.75832],[-96.34201,47.75852],[-96.34201,47.76016]]],[[[-96.31261,47.76625],[-96.31262,47.76625],[-96.3125,47.76651],[-96.31261,47.76625]]],[[[-96.3099,47.76791],[-96.31012,47.7653],[-96.31043,47.76467],[-96.30984,47.76458],[-96.31008,47.76333],[-96.31003,47.76097],[-96.31009,47.76054],[-96.31024,47.76047],[-96.31045,47.76075],[-96.31024,47.76084],[-96.31006,47.76115],[-96.31027,47.76129],[-96.31082,47.76128],[-96.31109,47.76158],[-96.3108,47.7617],[-96.31088,47.76179],[-96.31074,47.76165],[-96.31033,47.76161],[-96.31021,47.76187],[-96.31035,47.76218],[-96.31012,47.76235],[-96.31014,47.76262],[-96.31062,47.76263],[-96.31091,47.76231],[-96.3113,47.76239],[-96.31129,47.76257],[-96.31109,47.76272],[-96.31136,47.76274],[-96.3113,47.76297],[-96.31191,47.76328],[-96.31208,47.76371],[-96.31231,47.76385],[-96.31204,47.76406],[-96.31225,47.76414],[-96.31213,47.76427],[-96.31231,47.76479],[-96.31202,47.76493],[-96.31221,47.76513],[-96.31219,47.76538],[-96.31252,47.76557],[-96.3125,47.76573],[-96.31277,47.76591],[-96.31261,47.76625],[-96.31155,47.76619],[-96.31061,47.76653],[-96.31086,47.76724],[-96.3115,47.76719],[-96.31177,47.76735],[-96.31087,47.76739],[-96.31063,47.76755],[-96.31001,47.76744],[-96.3099,47.76791]]]]},"properties":{"fire_id":"ufid:2021-MNGLR-000001","source_collection":"history-2021","source_objectid":2505,"incident_name":"OXCART","mapped_acres":12540.1,"mapped_acres_source":"poly_GISAcres","gis_acres":12540.1,"auto_acres":12526.2988406967,"reported_acres":12540.0,"percent_contained":100.0,"state":"MN","state_wfigs":"US-MN","county":"Polk","discovery_time_utc":"2021-03-29T17:55:00Z","perimeter_time_utc":"2021-04-12T21:00:00Z","perimeter_edit_time_utc":"2021-05-04T22:56:44Z","incident_modified_time_utc":"2022-04-22T14:25:54Z","containment_time_utc":"2021-04-09T21:00:00Z","control_time_utc":"2021-04-09T23:00:00Z","fire_out_time_utc":"2022-04-22T14:00:00Z","fire_cause":"Human","fire_cause_general":null,"map_method":"Mixed Methods","source_dataset":"2021 NIFS","unique_fire_identifier":"2021-MNGLR-000001","irwin_id":"{0C819135-97BB-466B-B35E-8A2F4EA759DF}","global_id":"70670a26-f8b0-4982-aa71-5883ca5e0725"}},{"type":"Feature","geometry":{"type":"Polygon","coordinates":[[[-95.03581,47.86231],[-95.03601,47.86223],[-95.03603,47.86238],[-95.03581,47.86247],[-95.03581,47.86231]]]},"properties":{"fire_id":"ufid:2021-MNRLA-000154","source_collection":"history-2021","source_objectid":2721,"incident_name":"RL 127","mapped_acres":0.1,"mapped_acres_source":"poly_GISAcres","gis_acres":0.1,"auto_acres":0.0699666127515576,"reported_acres":0.1,"percent_contained":null,"state":"MN","state_wfigs":"US-MN","county":"Beltrami","discovery_time_utc":"2021-04-06T22:04:00Z","perimeter_time_utc":"2021-04-07T03:04:04Z","perimeter_edit_time_utc":"2021-05-04T22:56:31Z","incident_modified_time_utc":"2022-01-25T04:33:36Z","containment_time_utc":"2021-04-06T22:05:00Z","control_time_utc":"2021-04-06T22:20:00Z","fire_out_time_utc":"2021-04-06T22:20:00Z","fire_cause":"Human","fire_cause_general":"Debris/Open Burning","map_method":"Hand Sketch","source_dataset":"2021 NIFS","unique_fire_identifier":"2021-MNRLA-000154","irwin_id":"{9DE3DCD1-A24F-4819-9C21-88AE062DA6BB}","global_id":"5588fe01-0df5-4289-9061-347f30a5b53c"}},{"type":"Feature","geometry":{"type":"Polygon","coordinates":[[[-95.26061,47.89197],[-95.259,47.89027],[-95.25362,47.88626],[-95.2551,47.88567],[-95.25652,47.8849],[-95.26283,47.88501],[-95.26361,47.88605],[-95.26192,47.88563],[-95.26072,47.88558],[-95.25985,47.886],[-95.26059,47.88655],[-95.26056,47.88733],[-95.26072,47.88804],[-95.26377,47.89073],[-95.26646,47.89254],[-95.26738,47.89351],[-95.26818,47.89474],[-95.26666,47.89471],[-95.26441,47.89279],[-95.26284,47.89217],[-95.26237,47.89137],[-95.26157,47.89102],[-95.26061,47.89197]]]},"properties":{"fire_id":"ufid:2021-MNRLA-000052","source_collection":"history-2021","source_objectid":3793,"incident_name":"RL 048 SANDY LAKE","mapped_acres":10.0,"mapped_acres_source":"poly_GISAcres","gis_acres":10.0,"auto_acres":85.1692818419141,"reported_acres":80.0,"percent_contained":null,"state":"MN","state_wfigs":"US-MN","county":"Clearwater","discovery_time_utc":"2021-03-20T20:12:00Z","perimeter_time_utc":"2021-03-21T01:17:52Z","perimeter_edit_time_utc":"2021-11-30T16:51:43Z","incident_modified_time_utc":"2022-01-25T04:33:24Z","containment_time_utc":"2021-03-20T20:15:00Z","control_time_utc":"2021-03-21T00:30:00Z","fire_out_time_utc":"2021-03-24T00:30:00Z","fire_cause":"Human","fire_cause_general":"Incendiary","map_method":"Hand Sketch","source_dataset":"2021 NIFS","unique_fire_identifier":"2021-MNRLA-000052","irwin_id":"{2288F5C8-44CC-46B1-B86D-87BCBA68A4DC}","global_id":"d681d367-7e41-4372-8411-7210247dab8c"}},{"type":"Feature","geometry":{"type":"Polygon","coordinates":[[[-95.92089,48.92206],[-95.92192,48.92269],[-95.92198,48.92286],[-95.92091,48.92295],[-95.92089,48.92206]]]},"properties":{"fire_id":"ufid:2021-MNMNS-121094","source_collection":"history-2021","source_objectid":4101,"incident_name":"North Fox fire","mapped_acres":0.5,"mapped_acres_source":"poly_GISAcres","gis_acres":0.5,"auto_acres":1.0905652166282234,"reported_acres":1.2,"percent_contained":null,"state":"MN","state_wfigs":"US-MN","county":"Roseau","discovery_time_utc":"2021-04-17T20:10:00Z","perimeter_time_utc":"2021-04-18T03:10:49Z","perimeter_edit_time_utc":"2023-03-14T15:13:42Z","incident_modified_time_utc":"2022-01-10T18:04:08Z","containment_time_utc":"2021-04-17T20:45:00Z","control_time_utc":"2021-04-17T20:46:00Z","fire_out_time_utc":"2021-04-23T15:21:29Z","fire_cause":"Human","fire_cause_general":"Equipment and vehicle use","map_method":"Hand Sketch","source_dataset":"FFP","unique_fire_identifier":"2021-MNMNS-121094","irwin_id":"{7DF1AB99-21A9-4FB6-AFD4-E9C56B8B8F23}","global_id":"fb34b966-e28f-444f-b77a-f52edff0ce6e"}},{"type":"Feature","geometry":{"type":"Polygon","coordinates":[[[-95.38039,47.74594],[-95.37966,47.74594],[-95.3791,47.74539],[-95.38007,47.74539],[-95.38039,47.74594]]]},"properties":{"fire_id":"ufid:2021-MNMNS-111100","source_collection":"history-2021","source_objectid":4109,"incident_name":"Sudsy Fire","mapped_acres":1.5,"mapped_acres_source":"poly_GISAcres","gis_acres":1.5,"auto_acres":1.1019604926912085,"reported_acres":1.5,"percent_contained":null,"state":"MN","state_wfigs":"US-MN","county":"Clearwater","discovery_time_utc":"2021-07-16T18:02:48Z","perimeter_time_utc":"2021-07-16T23:02:48Z","perimeter_edit_time_utc":"2023-03-14T15:13:42Z","incident_modified_time_utc":"2022-01-10T18:50:44Z","containment_time_utc":"2021-07-16T19:00:00Z","control_time_utc":"2021-07-16T19:51:00Z","fire_out_time_utc":"2021-07-19T19:51:12Z","fire_cause":"Human","fire_cause_general":"Equipment and vehicle use","map_method":"Hand Sketch","source_dataset":"FFP","unique_fire_identifier":"2021-MNMNS-111100","irwin_id":"{3B30DB15-86B9-4DA6-A672-A81EE234E348}","global_id":"f9a9fbaa-f48f-4556-b755-b2587a76a58f"}},{"type":"Feature","geometry":{"type":"Polygon","coordinates":[[[-95.41563,47.70532],[-95.41608,47.70452],[-95.41727,47.70472],[-95.41738,47.70605],[-95.41622,47.70622],[-95.41572,47.70578],[-95.41563,47.70532]]]},"properties":{"fire_id":"ufid:2021-MNMNS-111059","source_collection":"history-2021","source_objectid":4159,"incident_name":"Dynamite","mapped_acres":4.0,"mapped_acres_source":"poly_GISAcres","gis_acres":4.0,"auto_acres":4.7858791389298485,"reported_acres":4.0,"percent_contained":null,"state":"MN","state_wfigs":"US-MN","county":"Clearwater","discovery_time_utc":"2021-05-24T18:35:51Z","perimeter_time_utc":"2021-05-24T23:35:51Z","perimeter_edit_time_utc":"2023-03-14T15:13:42Z","incident_modified_time_utc":"2022-01-10T19:00:07Z","containment_time_utc":"2021-05-24T22:45:00Z","control_time_utc":"2021-05-25T00:00:00Z","fire_out_time_utc":"2021-07-17T19:29:52Z","fire_cause":"Human","fire_cause_general":"Debris and open burning","map_method":"Hand Sketch","source_dataset":"FFP","unique_fire_identifier":"2021-MNMNS-111059","irwin_id":"{5CA445B1-ED4E-46C4-BD1F-0E96A2B2E9BC}","global_id":"0ee0ec02-a9ae-4f57-b736-e3c353d6e6aa"}},{"type":"Feature","geometry":{"type":"Polygon","coordinates":[[[-95.67263,48.78588],[-95.67473,48.78563],[-95.67599,48.78563],[-95.67655,48.78582],[-95.67694,48.78628],[-95.67633,48.78676],[-95.67495,48.7871],[-95.67451,48.78747],[-95.67396,48.7877],[-95.6738,48.78802],[-95.6734,48.7881],[-95.67363,48.78787],[-95.67269,48.78785],[-95.67338,48.78756],[-95.67311,48.78737],[-95.67288,48.78743],[-95.67285,48.78729],[-95.67307,48.78688],[-95.67363,48.7864],[-95.67324,48.78631],[-95.67305,48.78651],[-95.67258,48.78662],[-95.67188,48.7865],[-95.67223,48.78605],[-95.67263,48.78588]]]},"properties":{"fire_id":"ufid:2021-MNMNS-121102","source_collection":"history-2021","source_objectid":4204,"incident_name":"Malung cemetery fire","mapped_acres":12.76,"mapped_acres_source":"poly_GISAcres","gis_acres":12.76,"auto_acres":12.761445176488241,"reported_acres":12.8,"percent_contained":null,"state":"MN","state_wfigs":"US-MN","county":"Roseau","discovery_time_utc":"2021-04-22T18:10:45Z","perimeter_time_utc":"2021-04-22T21:30:00Z","perimeter_edit_time_utc":"2023-03-14T15:13:42Z","incident_modified_time_utc":"2022-01-10T18:02:08Z","containment_time_utc":null,"control_time_utc":"2021-04-22T21:00:00Z","fire_out_time_utc":"2021-04-24T18:46:00Z","fire_cause":"Human","fire_cause_general":"Debris and open burning","map_method":"GPS-Walked","source_dataset":"FFP","unique_fire_identifier":"2021-MNMNS-121102","irwin_id":"{0FDB290F-AE26-405E-B47B-61588CBEB692}","global_id":"59b4970b-da7f-42b8-b3b7-590dc71d5838"}},{"type":"Feature","geometry":{"type":"Polygon","coordinates":[[[-96.24667,48.64043],[-96.24714,48.64056],[-96.24713,48.64115],[-96.2465,48.64089],[-96.24667,48.64043]]]},"properties":{"fire_id":"ufid:2021-MNMNS-121106","source_collection":"history-2021","source_objectid":4270,"incident_name":"house grove fire","mapped_acres":0.6,"mapped_acres_source":"poly_GISAcres","gis_acres":0.6,"auto_acres":0.6893816237290361,"reported_acres":0.6,"percent_contained":null,"state":"MN","state_wfigs":"US-MN","county":"Roseau","discovery_time_utc":"2021-04-24T21:35:42Z","perimeter_time_utc":"2021-04-25T03:43:42Z","perimeter_edit_time_utc":"2023-03-14T15:13:42Z","incident_modified_time_utc":"2022-01-10T18:00:46Z","containment_time_utc":null,"control_time_utc":"2021-04-24T22:25:00Z","fire_out_time_utc":"2021-05-04T18:04:32Z","fire_cause":"Human","fire_cause_general":"Other causes","map_method":"Hand Sketch","source_dataset":"FFP","unique_fire_identifier":"2021-MNMNS-121106","irwin_id":"{2A207EFD-E15E-40EA-9C49-4DCF6C9EB343}","global_id":"3be16f44-d54e-4726-80e2-412285e65822"}},{"type":"Feature","geometry":{"type":"Polygon","coordinates":[[[-95.62891,47.26418],[-95.62892,47.26385],[-95.62919,47.26388],[-95.62923,47.26418],[-95.62891,47.26418]]]},"properties":{"fire_id":"ufid:2021-MNMNS-111023","source_collection":"history-2021","source_objectid":4408,"incident_name":"JD Middleblock","mapped_acres":0.5,"mapped_acres_source":"poly_GISAcres","gis_acres":0.5,"auto_acres":0.21602071282777133,"reported_acres":0.5,"percent_contained":null,"state":"MN","state_wfigs":"US-MN","county":"Mahnomen","discovery_time_utc":"2021-04-05T02:48:00Z","perimeter_time_utc":"2021-04-05T07:48:00Z","perimeter_edit_time_utc":"2023-03-14T15:13:42Z","incident_modified_time_utc":"2022-01-10T19:09:38Z","containment_time_utc":"2021-04-05T03:02:00Z","control_time_utc":"2021-04-05T03:03:00Z","fire_out_time_utc":"2021-04-22T13:00:59Z","fire_cause":"Human","fire_cause_general":"Arson","map_method":"Hand Sketch","source_dataset":"FFP","unique_fire_identifier":"2021-MNMNS-111023","irwin_id":"{8151E33C-32BD-4725-93BF-A4EECD03CF3A}","global_id":"003b07ce-0bad-4207-b012-7b9e248225b0"}},{"type":"Feature","geometry":{"type":"Polygon","coordinates":[[[-96.10318,48.53202],[-96.10323,48.53127],[-96.10402,48.53075],[-96.10429,48.5307],[-96.10455,48.53094],[-96.10369,48.53115],[-96.1037,48.53133],[-96.10407,48.53136],[-96.10424,48.53153],[-96.10419,48.53197],[-96.10394,48.53216],[-96.10383,48.53211],[-96.1039,48.53196],[-96.10367,48.53187],[-96.10359,48.53198],[-96.10318,48.53202]]]},"properties":{"fire_id":"ufid:2021-MNMNS-121196","source_collection":"history-2021","source_objectid":4453,"incident_name":"FlamingAspen","mapped_acres":1.5,"mapped_acres_source":"poly_GISAcres","gis_acres":1.5,"auto_acres":2.041622285356065,"reported_acres":1.5,"percent_contained":null,"state":"MN","state_wfigs":"US-MN","county":"Marshall","discovery_time_utc":"2021-07-15T15:15:42Z","perimeter_time_utc":"2021-07-15T20:15:42Z","perimeter_edit_time_utc":"2023-03-14T15:13:42Z","incident_modified_time_utc":"2022-01-10T17:14:15Z","containment_time_utc":null,"control_time_utc":"2021-07-15T21:05:00Z","fire_out_time_utc":"2021-07-17T17:18:47Z","fire_cause":"Human","fire_cause_general":"Debris and open burning","map_method":"Hand Sketch","source_dataset":"FFP","unique_fire_identifier":"2021-MNMNS-121196","irwin_id":"{7A83E3DD-C784-4A33-BFC4-CFC58332A98D}","global_id":"563cecb9-99e3-49c2-be10-17dd7b7c8bbe"}},{"type":"Feature","geometry":{"type":"Polygon","coordinates":[[[-95.62932,47.26418],[-95.62927,47.26395],[-95.62893,47.2637],[-95.62893,47.26357],[-95.62925,47.26358],[-95.62958,47.26406],[-95.62996,47.26406],[-95.62995,47.26419],[-95.62932,47.26418]]]},"properties":{"fire_id":"ufid:2021-MNMNS-111039","source_collection":"history-2021","source_objectid":4461,"incident_name":"The 12 One Four","mapped_acres":1.0,"mapped_acres_source":"poly_GISAcres","gis_acres":1.0,"auto_acres":0.49942238729685373,"reported_acres":1.0,"percent_contained":null,"state":"MN","state_wfigs":"US-MN","county":"Mahnomen","discovery_time_utc":"2021-05-06T05:10:00Z","perimeter_time_utc":"2021-05-06T10:10:00Z","perimeter_edit_time_utc":"2023-03-14T15:13:42Z","incident_modified_time_utc":"2022-01-10T19:04:35Z","containment_time_utc":"2021-05-06T05:40:00Z","control_time_utc":"2021-05-06T05:41:00Z","fire_out_time_utc":"2021-05-15T17:00:27Z","fire_cause":"Human","fire_cause_general":"Arson","map_method":"Hand Sketch","source_dataset":"FFP","unique_fire_identifier":"2021-MNMNS-111039","irwin_id":"{BA88350E-A901-47FD-9070-224F23BC072A}","global_id":"5785e138-a129-4d4d-b79a-0663981dfa8e"}},{"type":"Feature","geometry":{"type":"Polygon","coordinates":[[[-96.45878,48.60133],[-96.45877,48.60091],[-96.45898,48.6008],[-96.45928,48.6009],[-96.45928,48.60105],[-96.45878,48.60133]]]},"properties":{"fire_id":"ufid:2021-MNMNS-121040","source_collection":"history-2021","source_objectid":4596,"incident_name":"NW Twistal Swamp","mapped_acres":50.0,"mapped_acres_source":"poly_GISAcres","gis_acres":50.0,"auto_acres":0.33474352336339297,"reported_acres":0.3,"percent_contained":null,"state":"MN","state_wfigs":"US-MN","county":"Kittson","discovery_time_utc":"2021-03-20T18:07:50Z","perimeter_time_utc":"2021-03-20T13:30:50Z","perimeter_edit_time_utc":"2023-03-14T15:13:42Z","incident_modified_time_utc":"2022-01-10T18:21:52Z","containment_time_utc":null,"control_time_utc":"2021-03-20T19:20:00Z","fire_out_time_utc":"2021-03-30T16:05:46Z","fire_cause":"Undetermined","fire_cause_general":"Undetermined","map_method":"Hand Sketch","source_dataset":"FFP","unique_fire_identifier":"2021-MNMNS-121040","irwin_id":"{C3E9FA3F-B8D6-4CBD-90A7-5A0C93C6B775}","global_id":"f28cbfbd-04ef-4f84-9e8a-7a3a476d1853"}},{"type":"Feature","geometry":{"type":"Polygon","coordinates":[[[-95.1039,47.42387],[-95.10325,47.42369],[-95.10318,47.42352],[-95.10344,47.4235],[-95.10377,47.42318],[-95.10366,47.42266],[-95.10502,47.42286],[-95.10543,47.42304],[-95.10576,47.42337],[-95.10613,47.42462],[-95.10403,47.42475],[-95.10358,47.42447],[-95.1039,47.42387]]]},"properties":{"fire_id":"ufid:2021-MNMNS-111115","source_collection":"history-2021","source_objectid":4689,"incident_name":"Pine Tree","mapped_acres":5.0,"mapped_acres_source":"poly_GISAcres","gis_acres":5.0,"auto_acres":8.524045296071563,"reported_acres":5.0,"percent_contained":null,"state":"MN","state_wfigs":"US-MN","county":"Beltrami","discovery_time_utc":"2021-08-08T00:16:41Z","perimeter_time_utc":"2021-08-08T05:16:41Z","perimeter_edit_time_utc":"2023-03-14T15:13:42Z","incident_modified_time_utc":"2022-01-10T18:46:44Z","containment_time_utc":"2021-08-08T02:29:00Z","control_time_utc":"2021-08-08T03:39:00Z","fire_out_time_utc":"2021-09-07T21:00:07Z","fire_cause":"Undetermined","fire_cause_general":"Undetermined","map_method":"Hand Sketch","source_dataset":"FFP","unique_fire_identifier":"2021-MNMNS-111115","irwin_id":"{CC2E0FBB-545A-4B82-A932-4F527708B89F}","global_id":"7d74f9fc-cac1-4319-9ae9-832084d5616e"}},{"type":"Feature","geometry":{"type":"Polygon","coordinates":[[[-95.74524,47.95986],[-95.74577,47.95975],[-95.74406,47.95811],[-95.74272,47.95756],[-95.74298,47.95731],[-95.74363,47.95759],[-95.74423,47.95716],[-95.74624,47.95728],[-95.74654,47.95552],[-95.74732,47.95495],[-95.74835,47.95481],[-95.74886,47.95521],[-95.74993,47.95538],[-95.74998,47.95731],[-95.7529,47.95731],[-95.75298,47.95624],[-95.75324,47.95596],[-95.75332,47.95216],[-95.7541,47.95144],[-95.75478,47.94955],[-95.75543,47.9492],[-95.75616,47.94903],[-95.75672,47.94929],[-95.75727,47.95064],[-95.75637,47.95164],[-95.75663,47.95213],[-95.75766,47.95233],[-95.75762,47.9555],[-95.75702,47.95642],[-95.75641,47.95693],[-95.75706,47.9567],[-95.758,47.95607],[-95.75856,47.95616],[-95.7574,47.95687],[-95.75684,47.95762],[-95.75466,47.95892],[-95.75182,47.95989],[-95.74916,47.96027],[-95.74569,47.96031],[-95.74418,47.96021],[-95.74427,47.95982],[-95.74524,47.95986]]]},"properties":{"fire_id":"ufid:2021-MNMNS-111038","source_collection":"history-2021","source_objectid":4703,"incident_name":"Equality","mapped_acres":138.17108013122572,"mapped_acres_source":"poly_Acres_AutoCalc_fallback","gis_acres":null,"auto_acres":138.17108013122572,"reported_acres":60.0,"percent_contained":null,"state":"MN","state_wfigs":"US-MN","county":"Red Lake","discovery_time_utc":"2021-05-02T22:00:02Z","perimeter_time_utc":"2021-05-11T21:46:52Z","perimeter_edit_time_utc":"2023-03-14T15:13:42Z","incident_modified_time_utc":"2022-01-10T19:04:50Z","containment_time_utc":"2021-05-03T02:30:00Z","control_time_utc":"2021-05-03T02:35:00Z","fire_out_time_utc":"2021-07-17T19:28:15Z","fire_cause":"Undetermined","fire_cause_general":"Undetermined","map_method":"Hand Sketch","source_dataset":"FFP","unique_fire_identifier":"2021-MNMNS-111038","irwin_id":"{FDF70AD5-423A-4043-9185-B24352CD71EC}","global_id":"12d65f9a-97c6-4a1e-9821-1adf227b0216"}},{"type":"Feature","geometry":{"type":"Polygon","coordinates":[[[-95.63852,47.36754],[-95.6383,47.36751],[-95.63931,47.36734],[-95.63852,47.36754]]]},"properties":{"fire_id":"ufid:2021-MNMNS-111090","source_collection":"history-2021","source_objectid":4714,"incident_name":"Ludicrous","mapped_acres":0.1,"mapped_acres_source":"poly_GISAcres","gis_acres":0.1,"auto_acres":0.15198586552443977,"reported_acres":0.1,"percent_contained":null,"state":"MN","state_wfigs":"US-MN","county":"Mahnomen","discovery_time_utc":"2021-07-08T18:05:48Z","perimeter_time_utc":"2021-07-08T23:05:48Z","perimeter_edit_time_utc":"2023-03-14T15:13:42Z","incident_modified_time_utc":"2022-01-10T18:53:15Z","containment_time_utc":null,"control_time_utc":"2021-07-08T18:30:00Z","fire_out_time_utc":"2021-07-09T17:00:00Z","fire_cause":"Human","fire_cause_general":"Arson","map_method":"Hand Sketch","source_dataset":"FFP","unique_fire_identifier":"2021-MNMNS-111090","irwin_id":"{2EF27C37-8DFF-4D70-A415-626332BA2CE1}","global_id":"59503539-f734-449b-be14-1c74e2e673d6"}},{"type":"Feature","geometry":{"type":"Polygon","coordinates":[[[-95.35491,47.77326],[-95.35413,47.77352],[-95.35389,47.77372],[-95.35363,47.77352],[-95.35334,47.77352],[-95.35267,47.77303],[-95.3527,47.7728],[-95.35244,47.77266],[-95.35284,47.77217],[-95.35276,47.77196],[-95.35235,47.77173],[-95.35151,47.77079],[-95.35145,47.77035],[-95.35165,47.77014],[-95.35207,47.77005],[-95.353,47.77031],[-95.35363,47.7711],[-95.35525,47.77213],[-95.3554,47.77256],[-95.35533,47.77282],[-95.35491,47.77326]]]},"properties":{"fire_id":"ufid:2021-MNMNS-111107","source_collection":"history-2021","source_objectid":4721,"incident_name":"Clover","mapped_acres":1.0,"mapped_acres_source":"poly_GISAcres","gis_acres":1.0,"auto_acres":14.831488408684846,"reported_acres":16.4,"percent_contained":null,"state":"MN","state_wfigs":"US-MN","county":"Clearwater","discovery_time_utc":"2021-07-29T16:49:23Z","perimeter_time_utc":"2021-07-29T21:49:23Z","perimeter_edit_time_utc":"2023-03-14T15:13:42Z","incident_modified_time_utc":"2022-01-10T18:48:44Z","containment_time_utc":"2021-07-29T18:12:55Z","control_time_utc":"2021-07-29T23:00:00Z","fire_out_time_utc":"2021-08-23T14:24:26Z","fire_cause":"Undetermined","fire_cause_general":"Undetermined","map_method":"Hand Sketch","source_dataset":"FFP","unique_fire_identifier":"2021-MNMNS-111107","irwin_id":"{25B75E20-055F-4F69-A1E8-67B5EAC2D0F0}","global_id":"b23500aa-4d17-40f7-a5a2-61c66776ca7d"}},{"type":"Feature","geometry":{"type":"Polygon","coordinates":[[[-96.63502,48.89975],[-96.63443,48.89962],[-96.63453,48.89928],[-96.6363,48.89811],[-96.63658,48.8978],[-96.63695,48.8979],[-96.63742,48.89759],[-96.63776,48.8981],[-96.63844,48.89822],[-96.63839,48.89871],[-96.63807,48.89912],[-96.63681,48.8996],[-96.63502,48.89975]]]},"properties":{"fire_id":"ufid:2021-MNMNS-121121","source_collection":"history-2021","source_objectid":4916,"incident_name":"Phone Booth Corner","mapped_acres":9.752219,"mapped_acres_source":"poly_GISAcres","gis_acres":9.752219,"auto_acres":9.752158272211132,"reported_acres":10.0,"percent_contained":null,"state":"MN","state_wfigs":"US-MN","county":"Kittson","discovery_time_utc":"2021-04-29T18:29:30Z","perimeter_time_utc":"2021-05-04T19:54:12Z","perimeter_edit_time_utc":"2023-03-14T15:13:42Z","incident_modified_time_utc":"2022-01-10T17:53:10Z","containment_time_utc":"2021-04-29T20:00:00Z","control_time_utc":"2021-04-29T21:05:00Z","fire_out_time_utc":"2021-05-04T20:08:00Z","fire_cause":"Human","fire_cause_general":"Other causes","map_method":"GPS-Walked/Driven","source_dataset":"FFP","unique_fire_identifier":"2021-MNMNS-121121","irwin_id":"{F7AC2E58-16E8-4956-ABDE-89CD603EB97F}","global_id":"560f645e-cd18-43ae-b092-99ccc43b71b8"}},{"type":"Feature","geometry":{"type":"Polygon","coordinates":[[[-95.12862,47.41916],[-95.12806,47.41866],[-95.12802,47.4185],[-95.12814,47.41841],[-95.12779,47.41843],[-95.12768,47.41809],[-95.12857,47.4179],[-95.12879,47.41814],[-95.12893,47.4181],[-95.12911,47.41861],[-95.12896,47.41872],[-95.12917,47.41901],[-95.12895,47.41895],[-95.12894,47.41907],[-95.12887,47.419],[-95.12862,47.41916]]]},"properties":{"fire_id":"ufid:2021-MNMNS-111018","source_collection":"history-2021","source_objectid":4984,"incident_name":"County 5","mapped_acres":2.0,"mapped_acres_source":"poly_GISAcres","gis_acres":2.0,"auto_acres":2.245541506613595,"reported_acres":2.0,"percent_contained":null,"state":"MN","state_wfigs":"US-MN","county":"Beltrami","discovery_time_utc":"2021-04-02T02:25:05Z","perimeter_time_utc":"2021-04-02T07:25:05Z","perimeter_edit_time_utc":"2023-03-14T15:13:42Z","incident_modified_time_utc":"2022-01-10T19:10:54Z","containment_time_utc":"2021-04-02T04:04:00Z","control_time_utc":"2021-04-02T04:56:00Z","fire_out_time_utc":"2021-04-13T18:25:00Z","fire_cause":"Undetermined","fire_cause_general":"Undetermined","map_method":"GPS-Walked","source_dataset":"FFP","unique_fire_identifier":"2021-MNMNS-111018","irwin_id":"{AD616930-DEFC-4C5F-952C-3877520286FF}","global_id":"bc63fd6a-3daa-4b6e-a48b-84e5126ea71d"}},{"type":"Feature","geometry":{"type":"Polygon","coordinates":[[[-96.45146,48.60046],[-96.4516,48.60073],[-96.44679,48.606],[-96.44102,48.60019],[-96.45146,48.60046]]]},"properties":{"fire_id":"ufid:2021-MNMNS-121039","source_collection":"history-2021","source_objectid":5113,"incident_name":"SE Twistal Swamp","mapped_acres":50.0,"mapped_acres_source":"poly_GISAcres","gis_acres":50.0,"auto_acres":61.93518942131502,"reported_acres":106.0,"percent_contained":null,"state":"MN","state_wfigs":"US-MN","county":"Kittson","discovery_time_utc":"2021-03-20T08:00:00Z","perimeter_time_utc":"2021-03-20T13:30:10Z","perimeter_edit_time_utc":"2023-03-14T15:13:42Z","incident_modified_time_utc":"2022-01-10T18:22:17Z","containment_time_utc":null,"control_time_utc":"2021-03-20T12:20:00Z","fire_out_time_utc":"2021-04-11T19:44:02Z","fire_cause":"Undetermined","fire_cause_general":"Undetermined","map_method":"Hand Sketch","source_dataset":"FFP","unique_fire_identifier":"2021-MNMNS-121039","irwin_id":"{80C2BFCF-24A1-4F09-B507-58CAE583055D}","global_id":"bc7f72da-d977-4b6d-9f52-e4bccd05eb02"}},{"type":"Feature","geometry":{"type":"Polygon","coordinates":[[[-96.23768,48.54885],[-96.23835,48.54864],[-96.23854,48.54935],[-96.23927,48.54954],[-96.2403,48.54959],[-96.24141,48.55012],[-96.24151,48.55111],[-96.24135,48.55206],[-96.24219,48.55251],[-96.24229,48.5537],[-96.24283,48.55365],[-96.24301,48.55576],[-96.2428,48.55885],[-96.24239,48.55877],[-96.24156,48.55775],[-96.24093,48.55783],[-96.24057,48.55809],[-96.23894,48.55799],[-96.23892,48.55723],[-96.23916,48.55643],[-96.23853,48.55601],[-96.23837,48.55532],[-96.23841,48.55483],[-96.23771,48.55404],[-96.2375,48.55328],[-96.23748,48.55212],[-96.23916,48.55213],[-96.23956,48.55178],[-96.23768,48.54885]]]},"properties":{"fire_id":"ufid:2021-MNMNS-121009","source_collection":"history-2021","source_objectid":5205,"incident_name":"Deer stand fire","mapped_acres":200.0,"mapped_acres_source":"poly_GISAcres","gis_acres":200.0,"auto_acres":67.43044694965263,"reported_acres":67.0,"percent_contained":null,"state":"MN","state_wfigs":"US-MN","county":"Roseau","discovery_time_utc":"2021-03-13T20:30:16Z","perimeter_time_utc":"2021-03-14T02:30:16Z","perimeter_edit_time_utc":"2023-03-14T15:13:42Z","incident_modified_time_utc":"2022-01-10T18:29:17Z","containment_time_utc":null,"control_time_utc":"2021-03-14T00:30:00Z","fire_out_time_utc":"2021-03-17T07:30:00Z","fire_cause":"Human","fire_cause_general":"Recreation and ceremony","map_method":"Hand Sketch","source_dataset":"FFP","unique_fire_identifier":"2021-MNMNS-121009","irwin_id":"{546E065F-7938-483D-A161-E392DF854078}","global_id":"2669af35-d69b-40b7-b2c7-3684ba5b94b7"}},{"type":"Feature","geometry":{"type":"Polygon","coordinates":[[[-96.11418,48.71782],[-96.11525,48.71733],[-96.11727,48.71738],[-96.11604,48.71842],[-96.11359,48.71835],[-96.11418,48.71782]]]},"properties":{"fire_id":"ufid:2021-MNMNS-121027","source_collection":"history-2021","source_objectid":5232,"incident_name":"121027","mapped_acres":15.0,"mapped_acres_source":"poly_GISAcres","gis_acres":15.0,"auto_acres":5.191671039496054,"reported_acres":5.0,"percent_contained":null,"state":"MN","state_wfigs":"US-MN","county":"Roseau","discovery_time_utc":"2021-03-18T23:00:48Z","perimeter_time_utc":"2021-03-19T04:04:48Z","perimeter_edit_time_utc":"2023-03-14T15:13:42Z","incident_modified_time_utc":"2022-01-10T18:25:16Z","containment_time_utc":null,"control_time_utc":"2021-03-19T02:00:00Z","fire_out_time_utc":"2021-04-04T22:09:00Z","fire_cause":"Undetermined","fire_cause_general":"Undetermined","map_method":"Hand Sketch","source_dataset":"FFP","unique_fire_identifier":"2021-MNMNS-121027","irwin_id":"{FC6B82B7-F4F1-4393-8C49-B239EB4976F2}","global_id":"ffe710ec-a93f-4684-9f61-4c0f2a0c81d5"}},{"type":"Feature","geometry":{"type":"Polygon","coordinates":[[[-95.71971,47.9324],[-95.71857,47.93177],[-95.71805,47.93205],[-95.71761,47.93208],[-95.71705,47.93155],[-95.71692,47.93126],[-95.7171,47.93081],[-95.71741,47.93062],[-95.71693,47.9299],[-95.71692,47.92952],[-95.71654,47.9285],[-95.71686,47.92818],[-95.71673,47.92761],[-95.71682,47.92713],[-95.71743,47.92552],[-95.71743,47.9234],[-95.71762,47.92315],[-95.71817,47.92293],[-95.71834,47.92256],[-95.71816,47.92124],[-95.72039,47.92118],[-95.72055,47.92134],[-95.72058,47.92172],[-95.72056,47.93287],[-95.72011,47.93274],[-95.71971,47.9324]]]},"properties":{"fire_id":"ufid:2021-MNMNS-111113","source_collection":"history-2021","source_objectid":5281,"incident_name":"Crane","mapped_acres":73.8870781780233,"mapped_acres_source":"poly_Acres_AutoCalc_fallback","gis_acres":null,"auto_acres":73.8870781780233,"reported_acres":74.0,"percent_contained":null,"state":"MN","state_wfigs":"US-MN","county":"Red Lake","discovery_time_utc":"2021-08-07T19:22:54Z","perimeter_time_utc":null,"perimeter_edit_time_utc":"2023-03-14T15:13:42Z","incident_modified_time_utc":"2022-01-10T18:47:15Z","containment_time_utc":"2021-08-07T20:30:17Z","control_time_utc":"2021-12-14T17:38:25Z","fire_out_time_utc":"2021-12-14T17:38:25Z","fire_cause":"Undetermined","fire_cause_general":"Undetermined","map_method":"GPS-Walked","source_dataset":"FFP","unique_fire_identifier":"2021-MNMNS-111113","irwin_id":"{951A0E1A-E570-4011-B31D-F166394316FA}","global_id":"4d00a667-280c-4acc-a04a-ee996fa7d9cf"}},{"type":"Feature","geometry":{"type":"Polygon","coordinates":[[[-95.08935,47.43894],[-95.08948,47.43834],[-95.08994,47.4382],[-95.09082,47.43818],[-95.09097,47.43834],[-95.09184,47.43857],[-95.09239,47.43841],[-95.09263,47.43872],[-95.0925,47.43888],[-95.09214,47.43885],[-95.09165,47.43904],[-95.09174,47.43937],[-95.0914,47.43952],[-95.09041,47.43971],[-95.08894,47.43969],[-95.08883,47.43947],[-95.08935,47.43894]]]},"properties":{"fire_id":"ufid:2021-MNMNS-111081","source_collection":"history-2021","source_objectid":5516,"incident_name":"Bear Den","mapped_acres":4.0,"mapped_acres_source":"poly_GISAcres","gis_acres":4.0,"auto_acres":7.627062104914346,"reported_acres":7.0,"percent_contained":null,"state":"MN","state_wfigs":"US-MN","county":"Beltrami","discovery_time_utc":"2021-06-19T17:16:15Z","perimeter_time_utc":"2021-06-19T22:16:15Z","perimeter_edit_time_utc":"2023-03-14T15:13:42Z","incident_modified_time_utc":"2022-01-10T18:55:18Z","containment_time_utc":"2021-06-19T21:18:43Z","control_time_utc":"2021-06-20T02:00:00Z","fire_out_time_utc":"2021-07-31T19:50:00Z","fire_cause":"Natural","fire_cause_general":"Natural","map_method":"Hand Sketch","source_dataset":"FFP","unique_fire_identifier":"2021-MNMNS-111081","irwin_id":"{5811D56F-02C0-4004-A19F-F1079D2466CD}","global_id":"d16bc9dd-3150-43c8-abc0-7711ba3ec855"}},{"type":"Feature","geometry":{"type":"Polygon","coordinates":[[[-95.5514,48.18773],[-95.55347,48.18802],[-95.55334,48.18808],[-95.55336,48.18853],[-95.55399,48.18843],[-95.55426,48.18904],[-95.55409,48.19055],[-95.55155,48.1895],[-95.55161,48.18797],[-95.5514,48.18773]]]},"properties":{"fire_id":"ufid:2021-MNRLA-000306","source_collection":"history-2021","source_objectid":5519,"incident_name":"RL 258","mapped_acres":0.1,"mapped_acres_source":"poly_GISAcres","gis_acres":0.1,"auto_acres":10.302480294394138,"reported_acres":10.0,"percent_contained":null,"state":"MN","state_wfigs":"US-MN","county":"Beltrami","discovery_time_utc":"2021-05-30T22:00:00Z","perimeter_time_utc":"2021-05-31T03:00:00Z","perimeter_edit_time_utc":"2023-03-14T15:13:42Z","incident_modified_time_utc":"2022-01-25T04:01:45Z","containment_time_utc":"2021-05-30T22:00:00Z","control_time_utc":"2021-05-31T01:30:00Z","fire_out_time_utc":"2021-06-01T01:30:00Z","fire_cause":"Human","fire_cause_general":"Debris and open burning","map_method":"Hand Sketch","source_dataset":"FFP","unique_fire_identifier":"2021-MNRLA-000306","irwin_id":"{6267FB8C-B6E8-4298-9525-09DA47683F99}","global_id":"7560f14d-3c08-45b0-bb94-71d3f356ff62"}},{"type":"Feature","geometry":{"type":"Polygon","coordinates":[[[-95.57802,48.3219],[-95.57957,48.32187],[-95.58029,48.32139],[-95.58113,48.32131],[-95.58182,48.32153],[-95.58174,48.32227],[-95.58102,48.32255],[-95.58099,48.32335],[-95.57798,48.32335],[-95.57802,48.3219]]]},"properties":{"fire_id":"ufid:2021-MNMNS-121079","source_collection":"history-2021","source_objectid":5520,"incident_name":"Farewell fire","mapped_acres":10.0,"mapped_acres_source":"poly_GISAcres","gis_acres":10.0,"auto_acres":11.751673656769306,"reported_acres":12.0,"percent_contained":null,"state":"MN","state_wfigs":"US-MN","county":"Beltrami","discovery_time_utc":"2021-04-05T21:17:55Z","perimeter_time_utc":"2021-04-06T02:17:55Z","perimeter_edit_time_utc":"2023-03-14T15:13:42Z","incident_modified_time_utc":"2022-01-10T18:11:07Z","containment_time_utc":"2021-04-05T23:00:00Z","control_time_utc":"2021-04-05T23:00:00Z","fire_out_time_utc":"2021-04-12T17:12:03Z","fire_cause":"Undetermined","fire_cause_general":"Undetermined","map_method":"Hand Sketch","source_dataset":"FFP","unique_fire_identifier":"2021-MNMNS-121079","irwin_id":"{0503DCC4-3343-459B-B6E9-95040A4053F3}","global_id":"d1df5e06-15d2-4d92-ab97-fbda36bbe160"}},{"type":"Feature","geometry":{"type":"Polygon","coordinates":[[[-95.55144,47.33957],[-95.55252,47.33955],[-95.55293,47.33923],[-95.55791,47.33919],[-95.55631,47.33977],[-95.55503,47.34057],[-95.55397,47.34104],[-95.5515,47.34139],[-95.55144,47.33957]]]},"properties":{"fire_id":"ufid:2021-MNMNS-111029","source_collection":"history-2021","source_objectid":5556,"incident_name":"Rock","mapped_acres":20.0,"mapped_acres_source":"poly_GISAcres","gis_acres":20.0,"auto_acres":16.508563260227756,"reported_acres":20.0,"percent_contained":null,"state":"MN","state_wfigs":"US-MN","county":"Mahnomen","discovery_time_utc":"2021-04-22T18:00:59Z","perimeter_time_utc":"2021-04-22T23:00:59Z","perimeter_edit_time_utc":"2023-03-14T15:13:42Z","incident_modified_time_utc":"2022-01-10T19:07:22Z","containment_time_utc":null,"control_time_utc":"2021-04-22T19:30:00Z","fire_out_time_utc":"2021-04-22T20:00:00Z","fire_cause":"Human","fire_cause_general":"Arson","map_method":"Hand Sketch","source_dataset":"FFP","unique_fire_identifier":"2021-MNMNS-111029","irwin_id":"{52605755-42FA-4ED9-A94A-0ED21D7E3C63}","global_id":"42c1128a-dcc9-4f1c-8f5e-b5cdb06b27a0"}},{"type":"Feature","geometry":{"type":"Polygon","coordinates":[[[-96.193,48.36924],[-96.19502,48.36896],[-96.19603,48.36923],[-96.19633,48.36975],[-96.19635,48.3705],[-96.1968,48.37213],[-96.19706,48.37484],[-96.19785,48.37918],[-96.19729,48.3795],[-96.19664,48.37961],[-96.19656,48.38086],[-96.19665,48.38144],[-96.19629,48.38178],[-96.19622,48.38228],[-96.19638,48.38363],[-96.18681,48.38356],[-96.18685,48.38175],[-96.18742,48.38014],[-96.18725,48.37997],[-96.18744,48.37917],[-96.18742,48.37876],[-96.18727,48.37857],[-96.18776,48.37773],[-96.18861,48.37556],[-96.18949,48.37491],[-96.18976,48.37422],[-96.19007,48.37396],[-96.19028,48.37306],[-96.19071,48.37254],[-96.19077,48.37219],[-96.19171,48.37135],[-96.19203,48.37066],[-96.19255,48.37004],[-96.19265,48.36961],[-96.193,48.36924]]]},"properties":{"fire_id":"ufid:2021-MNMNS-121044","source_collection":"history-2021","source_objectid":5724,"incident_name":"ELK FIRE","mapped_acres":273.0,"mapped_acres_source":"poly_GISAcres","gis_acres":273.0,"auto_acres":232.07819389001833,"reported_acres":227.0,"percent_contained":null,"state":"MN","state_wfigs":"US-MN","county":"Marshall","discovery_time_utc":"2021-03-20T23:43:00Z","perimeter_time_utc":"2021-03-21T05:00:00Z","perimeter_edit_time_utc":"2023-03-14T15:13:42Z","incident_modified_time_utc":"2022-01-10T18:21:12Z","containment_time_utc":null,"control_time_utc":"2021-03-21T04:00:00Z","fire_out_time_utc":"2021-04-12T16:02:13Z","fire_cause":"Undetermined","fire_cause_general":"Undetermined","map_method":"Image Interpretation","source_dataset":"FFP","unique_fire_identifier":"2021-MNMNS-121044","irwin_id":"{9FE6972B-B719-4538-864B-0B6A6176AC94}","global_id":"d47ea454-9bca-4306-9fc8-97e2d0aabf47"}},{"type":"Feature","geometry":{"type":"Polygon","coordinates":[[[-95.87448,46.71593],[-95.87443,46.71724],[-95.87434,46.71729],[-95.87416,46.71724],[-95.87411,46.7165],[-95.87428,46.71596],[-95.87448,46.71593]]]},"properties":{"fire_id":"ufid:2021-MNMNS-161010","source_collection":"history-2021","source_objectid":5785,"incident_name":"Sauer Lake Fire","mapped_acres":0.7682427194410818,"mapped_acres_source":"poly_Acres_AutoCalc_fallback","gis_acres":null,"auto_acres":0.7682427194410818,"reported_acres":1.0,"percent_contained":null,"state":"MN","state_wfigs":"US-MN","county":"Otter Tail","discovery_time_utc":"2021-03-29T20:43:38Z","perimeter_time_utc":"2021-03-29T22:22:11Z","perimeter_edit_time_utc":"2023-03-14T15:13:42Z","incident_modified_time_utc":"2022-01-10T17:05:07Z","containment_time_utc":"2021-03-29T20:57:31Z","control_time_utc":"2021-03-29T20:57:31Z","fire_out_time_utc":"2021-03-29T22:15:31Z","fire_cause":"Human","fire_cause_general":"Power generation / transmission / distribution","map_method":"Hand Sketch","source_dataset":"FFP","unique_fire_identifier":"2021-MNMNS-161010","irwin_id":"{FC54BCF6-BB72-4803-9EBB-8FC0AC7B7DF4}","global_id":"b96a277f-b533-4794-bbb4-cd9eb8f835b1"}},{"type":"Feature","geometry":{"type":"Polygon","coordinates":[[[-95.11087,47.49241],[-95.11391,47.49236],[-95.11418,47.49254],[-95.11414,47.49268],[-95.11371,47.49285],[-95.11236,47.49299],[-95.11118,47.49273],[-95.11087,47.49241]]]},"properties":{"fire_id":"ufid:2021-MNMNS-111011","source_collection":"history-2021","source_objectid":5950,"incident_name":"Ridge Road","mapped_acres":1.5,"mapped_acres_source":"poly_GISAcres","gis_acres":1.5,"auto_acres":3.481196400484044,"reported_acres":3.5,"percent_contained":null,"state":"MN","state_wfigs":"US-MN","county":"Beltrami","discovery_time_utc":"2021-03-23T16:56:40Z","perimeter_time_utc":"2021-03-23T21:56:40Z","perimeter_edit_time_utc":"2023-03-14T15:13:42Z","incident_modified_time_utc":"2022-01-10T19:12:42Z","containment_time_utc":"2021-03-23T17:30:00Z","control_time_utc":"2021-03-23T17:30:00Z","fire_out_time_utc":"2021-03-24T20:40:00Z","fire_cause":"Human","fire_cause_general":"Debris and open burning","map_method":"Hand Sketch","source_dataset":"FFP","unique_fire_identifier":"2021-MNMNS-111011","irwin_id":"{C34CD5A9-E4C8-4EFD-836F-DD0257BB776B}","global_id":"06d7bb19-dec9-4f26-9142-503960811ca5"}},{"type":"Feature","geometry":{"type":"Polygon","coordinates":[[[-96.63076,48.51497],[-96.63217,48.51495],[-96.63238,48.51504],[-96.63251,48.5153],[-96.63278,48.51876],[-96.63326,48.52028],[-96.63403,48.52168],[-96.6342,48.52266],[-96.63464,48.52402],[-96.63541,48.52795],[-96.6354,48.52896],[-96.63506,48.52981],[-96.63482,48.53004],[-96.63284,48.52974],[-96.63238,48.52953],[-96.63166,48.52898],[-96.631,48.5281],[-96.62808,48.52541],[-96.62805,48.51993],[-96.62843,48.51696],[-96.62858,48.51673],[-96.62953,48.51615],[-96.6303,48.51522],[-96.63076,48.51497]]]},"properties":{"fire_id":"ufid:2021-MNMNS-121034","source_collection":"history-2021","source_objectid":6045,"incident_name":"Divert fire","mapped_acres":148.0,"mapped_acres_source":"poly_GISAcres","gis_acres":148.0,"auto_acres":151.61278357672597,"reported_acres":165.0,"percent_contained":null,"state":"MN","state_wfigs":"US-MN","county":"Marshall","discovery_time_utc":"2021-03-19T21:14:34Z","perimeter_time_utc":"2021-03-20T02:14:34Z","perimeter_edit_time_utc":"2023-03-14T15:13:42Z","incident_modified_time_utc":"2022-01-10T18:23:37Z","containment_time_utc":null,"control_time_utc":"2021-03-20T00:30:00Z","fire_out_time_utc":"2021-04-09T21:13:31Z","fire_cause":"Undetermined","fire_cause_general":"Undetermined","map_method":"Image Interpretation","source_dataset":"FFP","unique_fire_identifier":"2021-MNMNS-121034","irwin_id":"{49E01156-6C06-47C3-87CD-73B78C8EB502}","global_id":"518c33e7-b298-425b-8708-ca62fd372009"}},{"type":"Feature","geometry":{"type":"Polygon","coordinates":[[[-95.07836,47.5095],[-95.07815,47.50946],[-95.07807,47.50923],[-95.07851,47.50925],[-95.07836,47.5095]]]},"properties":{"fire_id":"ufid:2021-MNMNS-111083","source_collection":"history-2021","source_objectid":6085,"incident_name":"Big Bark","mapped_acres":0.1,"mapped_acres_source":"poly_GISAcres","gis_acres":0.1,"auto_acres":0.2207724132383687,"reported_acres":0.1,"percent_contained":null,"state":"MN","state_wfigs":"US-MN","county":"Beltrami","discovery_time_utc":"2021-06-27T22:16:25Z","perimeter_time_utc":"2021-06-28T03:16:25Z","perimeter_edit_time_utc":"2023-03-14T15:13:42Z","incident_modified_time_utc":"2022-01-10T18:54:53Z","containment_time_utc":"2021-06-27T22:54:00Z","control_time_utc":"2021-06-28T01:27:00Z","fire_out_time_utc":"2021-07-06T20:45:55Z","fire_cause":"Natural","fire_cause_general":"Natural","map_method":"Hand Sketch","source_dataset":"FFP","unique_fire_identifier":"2021-MNMNS-111083","irwin_id":"{6D3FF453-C332-48E4-864B-422BD13230EA}","global_id":"6303d6e2-1884-438d-aaed-e5fe262eca4f"}},{"type":"Feature","geometry":{"type":"Polygon","coordinates":[[[-95.2041,48.83075],[-95.20458,48.83038],[-95.20523,48.83039],[-95.20538,48.83066],[-95.20446,48.83094],[-95.2041,48.83075]]]},"properties":{"fire_id":"ufid:2021-MNMNS-121068","source_collection":"history-2021","source_objectid":6194,"incident_name":"Countdown Fire","mapped_acres":1.2,"mapped_acres_source":"poly_GISAcres","gis_acres":1.2,"auto_acres":1.036399447726205,"reported_acres":1.2,"percent_contained":null,"state":"MN","state_wfigs":"US-MN","county":"Roseau","discovery_time_utc":"2021-04-03T19:30:23Z","perimeter_time_utc":"2021-04-04T00:30:23Z","perimeter_edit_time_utc":"2023-03-14T15:13:42Z","incident_modified_time_utc":"2022-01-10T18:14:41Z","containment_time_utc":null,"control_time_utc":"2021-04-03T20:00:00Z","fire_out_time_utc":"2021-04-04T17:00:00Z","fire_cause":"Human","fire_cause_general":"Debris and open burning","map_method":"Hand Sketch","source_dataset":"FFP","unique_fire_identifier":"2021-MNMNS-121068","irwin_id":"{8F5D0AB0-3728-452F-AB50-D9CAC48C3226}","global_id":"a8170402-9ae9-421e-968a-26d0a4b01b5a"}},{"type":"Feature","geometry":{"type":"Polygon","coordinates":[[[-96.60978,48.51507],[-96.61023,48.51506],[-96.61025,48.51561],[-96.60999,48.51616],[-96.6093,48.51693],[-96.60883,48.51733],[-96.60857,48.51738],[-96.6086,48.51703],[-96.60908,48.51606],[-96.60954,48.51527],[-96.60978,48.51507]]]},"properties":{"fire_id":"ufid:2021-MNMNS-121018","source_collection":"history-2021","source_objectid":6286,"incident_name":"Nelson Pk. Trust fire","mapped_acres":3.0,"mapped_acres_source":"poly_GISAcres","gis_acres":3.0,"auto_acres":3.4969861640947353,"reported_acres":3.7,"percent_contained":null,"state":"MN","state_wfigs":"US-MN","county":"Marshall","discovery_time_utc":"2021-03-16T01:09:56Z","perimeter_time_utc":"2021-03-16T06:11:56Z","perimeter_edit_time_utc":"2023-03-14T15:13:42Z","incident_modified_time_utc":"2022-01-10T18:27:14Z","containment_time_utc":null,"control_time_utc":"2021-03-16T02:19:00Z","fire_out_time_utc":"2021-03-17T16:30:00Z","fire_cause":"Undetermined","fire_cause_general":"Undetermined","map_method":"Hand Sketch","source_dataset":"FFP","unique_fire_identifier":"2021-MNMNS-121018","irwin_id":"{59826C73-D301-43E6-B671-6E6633A9428C}","global_id":"8192f479-d114-4a9a-885e-2dc796cdcb1d"}},{"type":"Feature","geometry":{"type":"Polygon","coordinates":[[[-95.29491,46.06832],[-95.29578,46.0691],[-95.29709,46.06965],[-95.29802,46.07023],[-95.29954,46.07079],[-95.30172,46.07067],[-95.30048,46.07157],[-95.29885,46.07176],[-95.29709,46.07029],[-95.29529,46.06925],[-95.29491,46.06832]]]},"properties":{"fire_id":"ufid:2021-MNMNS-161058","source_collection":"history-2021","source_objectid":6343,"incident_name":"Irene Lake Fire","mapped_acres":30.0,"mapped_acres_source":"poly_GISAcres","gis_acres":30.0,"auto_acres":9.790200071908691,"reported_acres":11.0,"percent_contained":null,"state":"MN","state_wfigs":"US-MN","county":"Douglas","discovery_time_utc":"2021-05-18T16:40:00Z","perimeter_time_utc":"2021-05-18T22:29:41Z","perimeter_edit_time_utc":"2023-03-14T15:13:42Z","incident_modified_time_utc":"2022-01-10T17:32:21Z","containment_time_utc":"2021-05-18T19:00:00Z","control_time_utc":"2021-05-18T19:10:00Z","fire_out_time_utc":"2021-05-19T17:30:00Z","fire_cause":"Human","fire_cause_general":"Debris and open burning","map_method":"Hand Sketch","source_dataset":"FFP","unique_fire_identifier":"2021-MNMNS-161058","irwin_id":"{330E1A1C-3E17-4FFD-AF4B-66413626068C}","global_id":"9c80c7e0-4420-43f5-ba01-013ad8134eca"}},{"type":"Feature","geometry":{"type":"Polygon","coordinates":[[[-96.82078,48.90557],[-96.82097,48.90558],[-96.82098,48.90774],[-96.82077,48.90779],[-96.82078,48.90557]]]},"properties":{"fire_id":"ufid:2021-MNMNS-121013","source_collection":"history-2021","source_objectid":6405,"incident_name":"B. H. Permit","mapped_acres":5.0,"mapped_acres_source":"poly_GISAcres","gis_acres":5.0,"auto_acres":0.8836481705826504,"reported_acres":0.9,"percent_contained":null,"state":"MN","state_wfigs":"US-MN","county":"Kittson","discovery_time_utc":"2021-03-14T19:21:00Z","perimeter_time_utc":"2021-03-15T00:22:20Z","perimeter_edit_time_utc":"2023-03-14T15:13:42Z","incident_modified_time_utc":"2022-01-10T18:28:14Z","containment_time_utc":"2021-03-14T21:34:00Z","control_time_utc":"2021-03-14T21:34:00Z","fire_out_time_utc":"2021-03-24T16:44:06Z","fire_cause":"Human","fire_cause_general":"Other Human Cause","map_method":"Hand Sketch","source_dataset":"Decertified","unique_fire_identifier":"2021-MNMNS-121013","irwin_id":"{22BE0F5D-9ED0-40E4-96D6-12FB9CE06B59}","global_id":"16d48f00-367f-421f-ba96-a44fdf6b4ada"}},{"type":"Feature","geometry":{"type":"Polygon","coordinates":[[[-95.62028,47.2738],[-95.62025,47.27394],[-95.61977,47.27394],[-95.61975,47.27372],[-95.62028,47.2738]]]},"properties":{"fire_id":"ufid:2021-MNMNS-111031","source_collection":"history-2021","source_objectid":6408,"incident_name":"Water tower plantation","mapped_acres":0.5,"mapped_acres_source":"poly_GISAcres","gis_acres":0.5,"auto_acres":0.26054120867843206,"reported_acres":0.5,"percent_contained":null,"state":"MN","state_wfigs":"US-MN","county":"Mahnomen","discovery_time_utc":"2021-04-28T20:20:00Z","perimeter_time_utc":"2021-04-29T01:20:00Z","perimeter_edit_time_utc":"2023-03-14T15:13:42Z","incident_modified_time_utc":"2022-01-10T19:06:53Z","containment_time_utc":"2021-04-28T21:06:42Z","control_time_utc":"2021-04-28T21:08:00Z","fire_out_time_utc":"2021-05-08T17:00:35Z","fire_cause":"Human","fire_cause_general":"Arson","map_method":"Hand Sketch","source_dataset":"FFP","unique_fire_identifier":"2021-MNMNS-111031","irwin_id":"{FF27FAE4-94AE-4633-8946-B03223348B3B}","global_id":"a7e1d0f5-04e1-4895-844a-2c213ff54f73"}},{"type":"Feature","geometry":{"type":"Polygon","coordinates":[[[-95.52311,47.38154],[-95.52247,47.38116],[-95.52249,47.38088],[-95.52298,47.37949],[-95.52387,47.37939],[-95.52456,47.37959],[-95.52469,47.37999],[-95.52409,47.38085],[-95.52344,47.38098],[-95.52345,47.38133],[-95.52311,47.38154]]]},"properties":{"fire_id":"ufid:2021-MNMNS-111044","source_collection":"history-2021","source_objectid":6451,"incident_name":"Jackson Road","mapped_acres":0.5,"mapped_acres_source":"poly_GISAcres","gis_acres":0.5,"auto_acres":6.0503701616173196,"reported_acres":10.0,"percent_contained":null,"state":"MN","state_wfigs":"US-MN","county":"Clearwater","discovery_time_utc":"2021-05-10T15:06:41Z","perimeter_time_utc":"2021-05-10T20:06:41Z","perimeter_edit_time_utc":"2023-03-14T15:13:42Z","incident_modified_time_utc":"2022-01-10T19:03:29Z","containment_time_utc":"2021-05-10T16:09:00Z","control_time_utc":"2021-05-10T16:10:00Z","fire_out_time_utc":"2021-05-28T13:00:07Z","fire_cause":"Human","fire_cause_general":"Arson","map_method":"Hand Sketch","source_dataset":"FFP","unique_fire_identifier":"2021-MNMNS-111044","irwin_id":"{4A45E4EA-2EE7-4279-AAA6-4BE1CC457D8F}","global_id":"90b79363-250a-4be8-8914-157e1ef511ac"}},{"type":"Feature","geometry":{"type":"Polygon","coordinates":[[[-95.37561,46.98448],[-95.37573,46.98462],[-95.37536,46.98475],[-95.37505,46.98446],[-95.37471,46.98448],[-95.3747,46.98421],[-95.3744,46.98401],[-95.37411,46.98433],[-95.37378,46.98433],[-95.37376,46.98418],[-95.37349,46.98404],[-95.37363,46.98397],[-95.37336,46.98368],[-95.37553,46.98362],[-95.37624,46.98375],[-95.37623,46.98407],[-95.37561,46.98448]]]},"properties":{"fire_id":"ufid:2021-MNMNA-000070","source_collection":"history-2021","source_objectid":6469,"incident_name":"Cemetery","mapped_acres":5.0,"mapped_acres_source":"poly_GISAcres","gis_acres":5.0,"auto_acres":3.932504359809893,"reported_acres":3.9,"percent_contained":null,"state":"MN","state_wfigs":"US-MN","county":"Becker","discovery_time_utc":"2021-04-29T02:29:00Z","perimeter_time_utc":"2021-04-29T07:29:00Z","perimeter_edit_time_utc":"2023-03-14T15:13:42Z","incident_modified_time_utc":"2022-01-25T02:56:20Z","containment_time_utc":"2021-04-29T03:50:00Z","control_time_utc":"2021-04-29T21:00:00Z","fire_out_time_utc":"2021-04-30T17:00:00Z","fire_cause":"Human","fire_cause_general":"Arson","map_method":"Auto-generated","source_dataset":"FFP","unique_fire_identifier":"2021-MNMNA-000070","irwin_id":"{6DB87480-7717-4DDD-9733-D805F6F647A7}","global_id":"3971c117-89e8-4091-8eac-9d1fcfa4bc6d"}},{"type":"Feature","geometry":{"type":"Polygon","coordinates":[[[-95.31907,48.90758],[-95.31883,48.90696],[-95.31897,48.90697],[-95.3191,48.90729],[-95.31907,48.90758]]]},"properties":{"fire_id":"ufid:2021-MNMNS-121066","source_collection":"history-2021","source_objectid":6524,"incident_name":"Warroad Ditch Fire","mapped_acres":0.17788046621991627,"mapped_acres_source":"poly_Acres_AutoCalc_fallback","gis_acres":null,"auto_acres":0.17788046621991627,"reported_acres":0.28,"percent_contained":null,"state":"MN","state_wfigs":"US-MN","county":"Roseau","discovery_time_utc":"2021-04-02T18:25:06Z","perimeter_time_utc":"2021-04-02T20:41:02Z","perimeter_edit_time_utc":"2023-03-14T15:13:42Z","incident_modified_time_utc":"2022-01-10T18:15:11Z","containment_time_utc":null,"control_time_utc":"2021-04-02T18:50:01Z","fire_out_time_utc":"2021-04-05T18:51:00Z","fire_cause":"Human","fire_cause_general":"Railroad operations and maintenance","map_method":"Hand Sketch","source_dataset":"FFP","unique_fire_identifier":"2021-MNMNS-121066","irwin_id":"{959A85D0-548F-4C9F-8687-2DD8BE32351E}","global_id":"4b71e947-8bb1-4537-8aae-5162f4983cf9"}},{"type":"Feature","geometry":{"type":"Polygon","coordinates":[[[-95.22747,47.60363],[-95.2274,47.60368],[-95.22739,47.60354],[-95.22747,47.60363]]]},"properties":{"fire_id":"ufid:2021-MNMNS-111091","source_collection":"history-2021","source_objectid":6616,"incident_name":"Peppermint","mapped_acres":0.023724975405390907,"mapped_acres_source":"poly_Acres_AutoCalc_fallback","gis_acres":null,"auto_acres":0.023724975405390907,"reported_acres":0.1,"percent_contained":null,"state":"MN","state_wfigs":"US-MN","county":"Clearwater","discovery_time_utc":"2021-07-08T21:20:00Z","perimeter_time_utc":null,"perimeter_edit_time_utc":"2023-03-14T15:13:42Z","incident_modified_time_utc":"2022-01-10T18:53:01Z","containment_time_utc":"2021-07-08T21:50:00Z","control_time_utc":"2021-07-08T21:51:00Z","fire_out_time_utc":"2021-07-08T22:00:00Z","fire_cause":"Human","fire_cause_general":"Equipment and vehicle use","map_method":"Hand Sketch","source_dataset":"FFP","unique_fire_identifier":"2021-MNMNS-111091","irwin_id":"{54F52917-6D47-4CAA-907C-827074B14728}","global_id":"067b04b8-5ccd-46f0-8f65-b734fe885bf5"}},{"type":"Feature","geometry":{"type":"Polygon","coordinates":[[[-95.86078,48.90566],[-95.86105,48.90564],[-95.861,48.90573],[-95.86078,48.90566]]]},"properties":{"fire_id":"ufid:2021-MNMNS-121114","source_collection":"history-2021","source_objectid":6669,"incident_name":"Mikkelson Bridge","mapped_acres":0.03,"mapped_acres_source":"poly_GISAcres","gis_acres":0.03,"auto_acres":0.03533061441172172,"reported_acres":0.03,"percent_contained":null,"state":"MN","state_wfigs":"US-MN","county":"Roseau","discovery_time_utc":"2021-04-27T22:30:12Z","perimeter_time_utc":"2021-04-28T03:30:12Z","perimeter_edit_time_utc":"2023-03-14T15:13:42Z","incident_modified_time_utc":"2022-01-10T17:57:36Z","containment_time_utc":null,"control_time_utc":"2021-04-27T22:55:00Z","fire_out_time_utc":"2021-04-29T16:34:06Z","fire_cause":"Human","fire_cause_general":"Debris and open burning","map_method":"Hand Sketch","source_dataset":"FFP","unique_fire_identifier":"2021-MNMNS-121114","irwin_id":"{2BC8DC33-30AF-448C-8D19-05F708759626}","global_id":"749060ed-dcde-4d9d-aec8-1c7eed2aa96a"}},{"type":"Feature","geometry":{"type":"Polygon","coordinates":[[[-95.63071,47.26627],[-95.63097,47.26698],[-95.63006,47.26697],[-95.62972,47.26682],[-95.62963,47.26628],[-95.63071,47.26627]]]},"properties":{"fire_id":"ufid:2021-MNMNS-111027","source_collection":"history-2021","source_objectid":6691,"incident_name":"Middleblock","mapped_acres":1.5,"mapped_acres_source":"poly_GISAcres","gis_acres":1.5,"auto_acres":1.6329152224921366,"reported_acres":2.0,"percent_contained":null,"state":"MN","state_wfigs":"US-MN","county":"Mahnomen","discovery_time_utc":"2021-04-21T18:44:37Z","perimeter_time_utc":"2021-04-21T23:44:37Z","perimeter_edit_time_utc":"2023-03-14T15:13:42Z","incident_modified_time_utc":"2022-01-10T19:08:44Z","containment_time_utc":"2021-04-21T20:03:25Z","control_time_utc":"2021-04-21T20:04:00Z","fire_out_time_utc":"2021-05-08T17:00:17Z","fire_cause":"Human","fire_cause_general":"Arson","map_method":"Hand Sketch","source_dataset":"FFP","unique_fire_identifier":"2021-MNMNS-111027","irwin_id":"{64BC81EA-31E9-4519-885A-F80792814ED1}","global_id":"06a93cb9-917a-4b41-9b3a-f27051fbc01b"}},{"type":"Feature","geometry":{"type":"Polygon","coordinates":[[[-95.03863,47.08653],[-95.0389,47.08584],[-95.03928,47.0854],[-95.04054,47.08552],[-95.04103,47.08601],[-95.04077,47.08682],[-95.03933,47.08706],[-95.03863,47.08653]]]},"properties":{"fire_id":"ufid:2021-MNMNS-161053","source_collection":"history-2021","source_objectid":6703,"incident_name":"Cutover","mapped_acres":2.0,"mapped_acres_source":"poly_GISAcres","gis_acres":2.0,"auto_acres":6.0833914042192045,"reported_acres":6.9,"percent_contained":null,"state":"MN","state_wfigs":"US-MN","county":"Hubbard","discovery_time_utc":"2021-05-16T20:31:27Z","perimeter_time_utc":"2021-05-17T01:31:27Z","perimeter_edit_time_utc":"2023-03-14T15:13:42Z","incident_modified_time_utc":"2022-01-10T17:27:08Z","containment_time_utc":"2021-05-17T17:30:00Z","control_time_utc":"2021-05-17T18:00:00Z","fire_out_time_utc":"2021-05-17T18:36:00Z","fire_cause":"Human","fire_cause_general":"Other causes","map_method":"Hand Sketch","source_dataset":"FFP","unique_fire_identifier":"2021-MNMNS-161053","irwin_id":"{9CC342F9-9125-474D-8B5C-EE1EB294A9A6}","global_id":"cc3edb99-2f6a-451c-b44f-92a6b3ef171f"}},{"type":"Feature","geometry":{"type":"Polygon","coordinates":[[[-96.06051,48.77525],[-96.05989,48.77525],[-96.06003,48.77512],[-96.05976,48.77501],[-96.05963,48.77476],[-96.06015,48.77464],[-96.06032,48.77394],[-96.06063,48.77378],[-96.06059,48.77503],[-96.06051,48.77525]]]},"properties":{"fire_id":"ufid:2021-MNMNS-121067","source_collection":"history-2021","source_objectid":6724,"incident_name":"Sheepish Badger","mapped_acres":1.596240046850926,"mapped_acres_source":"poly_Acres_AutoCalc_fallback","gis_acres":null,"auto_acres":1.596240046850926,"reported_acres":1.6,"percent_contained":null,"state":"MN","state_wfigs":"US-MN","county":"Roseau","discovery_time_utc":"2021-04-03T17:22:16Z","perimeter_time_utc":"2021-04-03T21:19:39Z","perimeter_edit_time_utc":"2023-03-14T15:13:42Z","incident_modified_time_utc":"2022-01-10T18:14:59Z","containment_time_utc":null,"control_time_utc":"2021-04-03T17:46:00Z","fire_out_time_utc":"2021-04-03T18:01:00Z","fire_cause":"Human","fire_cause_general":"Debris and open burning","map_method":"Hand Sketch","source_dataset":"FFP","unique_fire_identifier":"2021-MNMNS-121067","irwin_id":"{1BE48785-C7E8-4BAB-ACAC-CAE3F4D9103A}","global_id":"ddd4ae58-cfe3-4702-8e7b-24cd3eab6285"}},{"type":"Feature","geometry":{"type":"Polygon","coordinates":[[[-95.5822,47.97703],[-95.58282,47.97707],[-95.58251,47.9774],[-95.58254,47.9857],[-95.57807,47.98523],[-95.57415,47.98418],[-95.57004,47.98226],[-95.56744,47.98019],[-95.56611,47.97639],[-95.56511,47.97194],[-95.56058,47.96894],[-95.54346,47.96866],[-95.53536,47.96646],[-95.53359,47.96285],[-95.52767,47.96098],[-95.51326,47.96035],[-95.51145,47.95575],[-95.51293,47.95114],[-95.50716,47.94956],[-95.50529,47.94693],[-95.50664,47.93715],[-95.50891,47.93388],[-95.51414,47.93245],[-95.53058,47.93161],[-95.53605,47.92813],[-95.55426,47.91951],[-95.55988,47.92367],[-95.57313,47.92501],[-95.5814,47.92618],[-95.58254,47.9466],[-95.58265,47.96009],[-95.5822,47.97703]]]},"properties":{"fire_id":"ufid:2021-MNRLA-000233","source_collection":"history-2021","source_objectid":6858,"incident_name":"RL 203 GOODS","mapped_acres":0.1,"mapped_acres_source":"poly_GISAcres","gis_acres":0.1,"auto_acres":6400.895446479349,"reported_acres":5530.0,"percent_contained":null,"state":"MN","state_wfigs":"US-MN","county":"Clearwater","discovery_time_utc":"2021-05-01T15:51:00Z","perimeter_time_utc":"2021-05-01T20:51:00Z","perimeter_edit_time_utc":"2023-03-14T15:13:42Z","incident_modified_time_utc":"2021-11-23T14:46:58Z","containment_time_utc":"2021-05-01T16:20:00Z","control_time_utc":"2021-05-20T23:00:00Z","fire_out_time_utc":"2021-05-21T23:00:00Z","fire_cause":"Human","fire_cause_general":"Firearms and explosives use","map_method":"Hand Sketch","source_dataset":"FFP","unique_fire_identifier":"2021-MNRLA-000233","irwin_id":"{A82F08F3-174E-49E9-8055-78B316B02DB6}","global_id":"2d376ce9-e5a4-4500-b339-d28a4eca5889"}},{"type":"Feature","geometry":{"type":"Polygon","coordinates":[[[-96.89455,48.56586],[-96.89306,48.56609],[-96.89251,48.56538],[-96.89307,48.56458],[-96.89488,48.56507],[-96.89455,48.56586]]]},"properties":{"fire_id":"ufid:2021-MNMNS-121041","source_collection":"history-2021","source_objectid":6891,"incident_name":"Donaldson ditch","mapped_acres":2.0,"mapped_acres_source":"poly_GISAcres","gis_acres":2.0,"auto_acres":4.753168924732666,"reported_acres":0.1,"percent_contained":null,"state":"MN","state_wfigs":"US-MN","county":"Kittson","discovery_time_utc":"2021-03-18T20:51:54Z","perimeter_time_utc":"2021-03-19T01:51:54Z","perimeter_edit_time_utc":"2023-03-14T15:13:42Z","incident_modified_time_utc":"2022-01-10T18:22:04Z","containment_time_utc":null,"control_time_utc":"2021-03-18T22:45:00Z","fire_out_time_utc":"2021-04-04T21:59:47Z","fire_cause":"Undetermined","fire_cause_general":"Undetermined","map_method":"Hand Sketch","source_dataset":"FFP","unique_fire_identifier":"2021-MNMNS-121041","irwin_id":"{3F181185-4B61-4503-B19D-4BB2DAF6E215}","global_id":"507a1e90-d208-483f-9148-c5392e47dd2a"}},{"type":"Feature","geometry":{"type":"Polygon","coordinates":[[[-95.51905,47.63478],[-95.51885,47.63498],[-95.51821,47.63487],[-95.51866,47.63467],[-95.51905,47.63478]]]},"properties":{"fire_id":"ufid:2021-MNMNS-111048","source_collection":"history-2021","source_objectid":6942,"incident_name":"Lindberg Lake","mapped_acres":0.42148922329209,"mapped_acres_source":"poly_Acres_AutoCalc_fallback","gis_acres":null,"auto_acres":0.42148922329209,"reported_acres":0.4,"percent_contained":null,"state":"MN","state_wfigs":"US-MN","county":"Clearwater","discovery_time_utc":"2021-05-11T18:09:46Z","perimeter_time_utc":"2021-05-12T17:48:41Z","perimeter_edit_time_utc":"2023-03-14T15:13:42Z","incident_modified_time_utc":"2022-01-10T19:02:37Z","containment_time_utc":"2021-05-11T19:00:00Z","control_time_utc":"2021-05-11T19:10:00Z","fire_out_time_utc":"2021-05-11T19:30:00Z","fire_cause":"Human","fire_cause_general":"Debris and open burning","map_method":"Hand Sketch","source_dataset":"FFP","unique_fire_identifier":"2021-MNMNS-111048","irwin_id":"{DE60F205-663E-4BCF-909A-D1953F3EDA5B}","global_id":"1ad19ee1-ff2c-4698-8ee1-5beb2efee968"}},{"type":"Feature","geometry":{"type":"Polygon","coordinates":[[[-95.37015,48.81998],[-95.36886,48.81993],[-95.36783,48.81968],[-95.36715,48.8191],[-95.36714,48.81887],[-95.36749,48.8188],[-95.36844,48.81891],[-95.3691,48.81928],[-95.36968,48.8191],[-95.37079,48.81938],[-95.37075,48.81961],[-95.3704,48.81961],[-95.3703,48.81992],[-95.37015,48.81998]]]},"properties":{"fire_id":"ufid:2021-MNMNS-121167","source_collection":"history-2021","source_objectid":7016,"incident_name":"Winding River","mapped_acres":5.0,"mapped_acres_source":"poly_GISAcres","gis_acres":5.0,"auto_acres":5.130781037838872,"reported_acres":5.1,"percent_contained":null,"state":"MN","state_wfigs":"US-MN","county":"Roseau","discovery_time_utc":"2021-06-04T20:30:26Z","perimeter_time_utc":"2021-06-05T01:30:26Z","perimeter_edit_time_utc":"2023-03-14T15:13:42Z","incident_modified_time_utc":"2022-01-10T17:37:53Z","containment_time_utc":"2021-06-04T21:30:00Z","control_time_utc":"2021-06-04T22:00:00Z","fire_out_time_utc":"2021-06-05T13:00:00Z","fire_cause":"Human","fire_cause_general":"Debris and open burning","map_method":"GPS-Walked/Driven","source_dataset":"FFP","unique_fire_identifier":"2021-MNMNS-121167","irwin_id":"{D6B3F2F5-A1EE-4615-9353-7416E2B03C39}","global_id":"36a52283-0767-4b57-b7f1-0f374f393910"}},{"type":"Feature","geometry":{"type":"Polygon","coordinates":[[[-95.61908,48.07699],[-95.6118,48.07697],[-95.61195,48.0768],[-95.6127,48.07651],[-95.61346,48.07674],[-95.61384,48.07659],[-95.61408,48.07574],[-95.61371,48.07557],[-95.61253,48.07572],[-95.61155,48.07638],[-95.61045,48.07628],[-95.60981,48.07598],[-95.60876,48.07572],[-95.60781,48.07525],[-95.60543,48.07208],[-95.60547,48.07056],[-95.60678,48.07046],[-95.6082,48.07118],[-95.60944,48.07144],[-95.61017,48.07174],[-95.6106,48.07203],[-95.61084,48.07243],[-95.61378,48.07253],[-95.61429,48.07375],[-95.61419,48.07499],[-95.61721,48.07505],[-95.61676,48.07537],[-95.6174,48.07562],[-95.61833,48.07571],[-95.61886,48.07641],[-95.61908,48.07699]]]},"properties":{"fire_id":"ufid:2021-MNMNS-121020","source_collection":"history-2021","source_objectid":7075,"incident_name":"Dragline","mapped_acres":83.06886939414397,"mapped_acres_source":"poly_Acres_AutoCalc_fallback","gis_acres":null,"auto_acres":83.06886939414397,"reported_acres":77.0,"percent_contained":null,"state":"MN","state_wfigs":"US-MN","county":"Pennington","discovery_time_utc":"2021-03-17T22:30:44Z","perimeter_time_utc":"2021-03-18T14:21:29Z","perimeter_edit_time_utc":"2023-03-14T15:13:42Z","incident_modified_time_utc":"2022-01-10T18:26:47Z","containment_time_utc":"2021-03-17T23:39:35Z","control_time_utc":"2021-03-18T00:54:00Z","fire_out_time_utc":"2021-04-04T21:10:29Z","fire_cause":"Undetermined","fire_cause_general":"Undetermined","map_method":"Hand Sketch","source_dataset":"FFP","unique_fire_identifier":"2021-MNMNS-121020","irwin_id":"{67F7D68F-A1D4-4494-9469-73F17AE36B45}","global_id":"f9ea49a4-32b4-4018-82f3-efd825cc72b0"}},{"type":"Feature","geometry":{"type":"Polygon","coordinates":[[[-95.39864,47.96817],[-95.40125,47.96721],[-95.40352,47.96691],[-95.40685,47.96812],[-95.40929,47.96767],[-95.41266,47.9661],[-95.41572,47.96526],[-95.41895,47.96545],[-95.42372,47.96692],[-95.42569,47.96766],[-95.42796,47.96987],[-95.42969,47.97097],[-95.43261,47.97177],[-95.42863,47.97232],[-95.42673,47.97339],[-95.42203,47.97644],[-95.41849,47.97692],[-95.40645,47.97713],[-95.40332,47.97764],[-95.40075,47.9773],[-95.39819,47.97563],[-95.39663,47.97403],[-95.39553,47.97194],[-95.39512,47.97025],[-95.39638,47.96996],[-95.39864,47.96817]]]},"properties":{"fire_id":"ufid:2021-MNRLA-000024","source_collection":"history-2021","source_objectid":7181,"incident_name":"RL 017 THE 10 FIRE","mapped_acres":0.1,"mapped_acres_source":"poly_GISAcres","gis_acres":0.1,"auto_acres":621.443613541106,"reported_acres":620.0,"percent_contained":null,"state":"MN","state_wfigs":"US-MN","county":"Clearwater","discovery_time_utc":"2021-03-14T01:20:00Z","perimeter_time_utc":"2021-03-14T07:20:21Z","perimeter_edit_time_utc":"2023-03-14T15:13:42Z","incident_modified_time_utc":"2021-03-18T23:14:29Z","containment_time_utc":null,"control_time_utc":null,"fire_out_time_utc":"2021-03-15T23:12:00Z","fire_cause":"Human","fire_cause_general":"Other causes","map_method":"Auto-generated","source_dataset":"FFP","unique_fire_identifier":"2021-MNRLA-000024","irwin_id":"{52B7DA93-88A9-4895-BA58-0D1DD669AD34}","global_id":"a035c0cf-29b8-4da2-bd37-3ace8f222aa9"}},{"type":"Feature","geometry":{"type":"Polygon","coordinates":[[[-95.62636,47.76486],[-95.62472,47.76412],[-95.62442,47.76351],[-95.62455,47.76327],[-95.62357,47.76265],[-95.62349,47.76212],[-95.62847,47.76485],[-95.63183,47.76616],[-95.63086,47.76817],[-95.62739,47.76861],[-95.62709,47.76688],[-95.62673,47.7662],[-95.62735,47.76608],[-95.62636,47.76486]]]},"properties":{"fire_id":"ufid:2021-MNMNS-111012","source_collection":"history-2021","source_objectid":7284,"incident_name":"Drip","mapped_acres":20.0,"mapped_acres_source":"poly_GISAcres","gis_acres":20.0,"auto_acres":36.35881548530061,"reported_acres":20.0,"percent_contained":null,"state":"MN","state_wfigs":"US-MN","county":"Polk","discovery_time_utc":"2021-03-24T20:05:06Z","perimeter_time_utc":"2021-03-25T01:05:06Z","perimeter_edit_time_utc":"2023-03-14T15:13:42Z","incident_modified_time_utc":"2022-01-10T19:12:26Z","containment_time_utc":"2021-03-24T22:00:00Z","control_time_utc":"2021-03-24T22:30:00Z","fire_out_time_utc":"2021-04-23T17:00:00Z","fire_cause":"Undetermined","fire_cause_general":"Undetermined","map_method":"Hand Sketch","source_dataset":"FFP","unique_fire_identifier":"2021-MNMNS-111012","irwin_id":"{ADC48756-4B2F-4491-9403-57938614FB98}","global_id":"3a1bf7d8-5f9c-4ef2-929d-8554ccac689b"}},{"type":"Feature","geometry":{"type":"Polygon","coordinates":[[[-95.78433,47.32367],[-95.78207,47.32376],[-95.77727,47.32521],[-95.77591,47.32459],[-95.77694,47.32414],[-95.77777,47.32324],[-95.77887,47.32305],[-95.77983,47.32226],[-95.78038,47.32227],[-95.78081,47.32245],[-95.78263,47.32275],[-95.78321,47.32272],[-95.78327,47.32251],[-95.78439,47.32259],[-95.78433,47.32367]]]},"properties":{"fire_id":"ufid:2021-MNMNA-000056","source_collection":"history-2021","source_objectid":7294,"incident_name":"Perch SE","mapped_acres":22.0,"mapped_acres_source":"poly_GISAcres","gis_acres":22.0,"auto_acres":23.926069604269035,"reported_acres":22.0,"percent_contained":null,"state":"MN","state_wfigs":"US-MN","county":"Mahnomen","discovery_time_utc":"2021-04-22T18:43:00Z","perimeter_time_utc":"2021-04-22T23:43:00Z","perimeter_edit_time_utc":"2023-03-14T15:13:42Z","incident_modified_time_utc":"2021-05-15T21:02:00Z","containment_time_utc":"2021-04-22T20:10:00Z","control_time_utc":"2021-04-22T21:00:00Z","fire_out_time_utc":"2021-04-23T21:30:00Z","fire_cause":"Human","fire_cause_general":"Arson","map_method":"Digitized-Image","source_dataset":"FFP","unique_fire_identifier":"2021-MNMNA-000056","irwin_id":"{2284C7F9-548F-4A63-AE8A-5F12B4A7E316}","global_id":"36c85f67-a62b-4f7b-affb-18632d6b2cb7"}},{"type":"Feature","geometry":{"type":"Polygon","coordinates":[[[-95.02109,47.55214],[-95.02095,47.55236],[-95.02129,47.55247],[-95.0202,47.55288],[-95.01753,47.55435],[-95.01691,47.55422],[-95.0157,47.55354],[-95.01518,47.55294],[-95.01487,47.55167],[-95.01504,47.55116],[-95.01695,47.55132],[-95.01799,47.55161],[-95.01829,47.5516],[-95.01888,47.55123],[-95.02109,47.55214]]]},"properties":{"fire_id":"ufid:2021-MNMNS-111099","source_collection":"history-2021","source_objectid":7425,"incident_name":"Shooting Range","mapped_acres":15.0,"mapped_acres_source":"poly_GISAcres","gis_acres":15.0,"auto_acres":25.915466601292593,"reported_acres":15.7,"percent_contained":null,"state":"MN","state_wfigs":"US-MN","county":"Beltrami","discovery_time_utc":"2021-07-15T19:11:57Z","perimeter_time_utc":"2021-07-16T00:11:57Z","perimeter_edit_time_utc":"2023-03-14T15:13:42Z","incident_modified_time_utc":"2022-01-10T18:51:00Z","containment_time_utc":"2021-07-15T20:28:00Z","control_time_utc":"2021-07-15T23:00:00Z","fire_out_time_utc":"2021-08-03T18:56:12Z","fire_cause":"Human","fire_cause_general":"Equipment and vehicle use","map_method":"Hand Sketch","source_dataset":"FFP","unique_fire_identifier":"2021-MNMNS-111099","irwin_id":"{08BAF291-8F48-4720-B000-8D1FE9BE260E}","global_id":"d81506c4-bef9-4cc8-a61c-79a5ee267053"}},{"type":"Feature","geometry":{"type":"Polygon","coordinates":[[[-95.24774,47.27311],[-95.24867,47.27319],[-95.24906,47.27342],[-95.25027,47.27341],[-95.25097,47.27389],[-95.25125,47.27449],[-95.25157,47.27464],[-95.25196,47.27592],[-95.25191,47.27695],[-95.25286,47.27832],[-95.25291,47.27887],[-95.25104,47.27891],[-95.25079,47.27867],[-95.2506,47.27868],[-95.25053,47.27835],[-95.25093,47.27801],[-95.25038,47.27809],[-95.25006,47.27796],[-95.24927,47.27797],[-95.24906,47.27827],[-95.24908,47.27856],[-95.24923,47.27861],[-95.24962,47.27966],[-95.24943,47.27974],[-95.24936,47.28009],[-95.24945,47.28036],[-95.24908,47.28048],[-95.24832,47.28042],[-95.24795,47.28023],[-95.24524,47.28032],[-95.24442,47.28],[-95.24412,47.27962],[-95.24364,47.27957],[-95.24346,47.27937],[-95.24355,47.27869],[-95.24403,47.27766],[-95.24356,47.27748],[-95.2436,47.27737],[-95.24434,47.27682],[-95.24566,47.27624],[-95.2456,47.27614],[-95.24509,47.27609],[-95.24537,47.27579],[-95.2447,47.27556],[-95.24474,47.27544],[-95.24544,47.2751],[-95.24609,47.27459],[-95.24651,47.27462],[-95.24678,47.27429],[-95.24685,47.27391],[-95.24734,47.27378],[-95.24774,47.27311]]]},"properties":{"fire_id":"ufid:2021-MNMNS-111008","source_collection":"history-2021","source_objectid":7450,"incident_name":"Early Season","mapped_acres":91.66714137695077,"mapped_acres_source":"poly_Acres_AutoCalc_fallback","gis_acres":null,"auto_acres":91.66714137695077,"reported_acres":91.7,"percent_contained":null,"state":"MN","state_wfigs":"US-MN","county":"Clearwater","discovery_time_utc":"2021-03-20T18:40:00Z","perimeter_time_utc":"2021-03-25T18:36:40Z","perimeter_edit_time_utc":"2023-03-14T15:13:42Z","incident_modified_time_utc":"2022-01-10T19:13:27Z","containment_time_utc":"2021-03-20T22:30:00Z","control_time_utc":"2021-03-21T00:00:00Z","fire_out_time_utc":"2021-04-13T17:00:00Z","fire_cause":"Human","fire_cause_general":"Debris and open burning","map_method":"GPS-Walked/Driven","source_dataset":"FFP","unique_fire_identifier":"2021-MNMNS-111008","irwin_id":"{8C8AC767-6874-4FDF-B8C0-2B977598AAB8}","global_id":"12f9fe64-083a-4e0b-a151-604436b66011"}},{"type":"Feature","geometry":{"type":"Polygon","coordinates":[[[-96.05923,46.74353],[-96.06353,46.74353],[-96.06364,46.74554],[-96.06283,46.7464],[-96.06138,46.74608],[-96.05923,46.74353]]]},"properties":{"fire_id":"ufid:2021-MNMNS-161103","source_collection":"history-2021","source_objectid":7471,"incident_name":"161-102","mapped_acres":11.5,"mapped_acres_source":"poly_GISAcres","gis_acres":11.5,"auto_acres":17.8959297198592,"reported_acres":11.5,"percent_contained":null,"state":"MN","state_wfigs":"US-MN","county":"Becker","discovery_time_utc":"2021-08-02T21:00:58Z","perimeter_time_utc":"2021-08-03T03:39:58Z","perimeter_edit_time_utc":"2023-03-14T15:13:42Z","incident_modified_time_utc":"2022-01-10T17:56:09Z","containment_time_utc":"2021-08-02T21:40:39Z","control_time_utc":"2021-08-02T21:45:39Z","fire_out_time_utc":"2021-08-02T22:43:39Z","fire_cause":"Human","fire_cause_general":"Equipment and vehicle use","map_method":"Hand Sketch","source_dataset":"FFP","unique_fire_identifier":"2021-MNMNS-161103","irwin_id":"{069C91EB-8D43-4292-998A-857A91B15D07}","global_id":"b0570ff4-9a74-47fa-a476-ef7d6eba022c"}},{"type":"Feature","geometry":{"type":"Polygon","coordinates":[[[-96.4487,47.74574],[-96.45689,47.74577],[-96.45696,47.75306],[-96.44866,47.75297],[-96.44877,47.74935],[-96.4487,47.74574]]]},"properties":{"fire_id":"ufid:2021-MNMNS-111112","source_collection":"history-2021","source_objectid":7513,"incident_name":"Kertsonville","mapped_acres":122.5412189998536,"mapped_acres_source":"poly_Acres_AutoCalc_fallback","gis_acres":null,"auto_acres":122.5412189998536,"reported_acres":122.5,"percent_contained":null,"state":"MN","state_wfigs":"US-MN","county":"Polk","discovery_time_utc":"2021-08-04T22:34:12Z","perimeter_time_utc":null,"perimeter_edit_time_utc":"2023-03-14T15:13:42Z","incident_modified_time_utc":"2022-01-10T18:47:34Z","containment_time_utc":"2021-08-04T23:36:38Z","control_time_utc":"2021-09-02T13:14:00Z","fire_out_time_utc":"2021-09-02T18:12:38Z","fire_cause":"Human","fire_cause_general":"Equipment and vehicle use","map_method":"Hand Sketch","source_dataset":"FFP","unique_fire_identifier":"2021-MNMNS-111112","irwin_id":"{015E5271-BD97-4D32-9E56-427EC0252B97}","global_id":"b612e380-7627-4325-9b7f-73a9ad16e70e"}},{"type":"Feature","geometry":{"type":"Polygon","coordinates":[[[-96.0813,48.74231],[-96.08118,48.74247],[-96.07744,48.74366],[-96.07873,48.74309],[-96.0813,48.74231]]]},"properties":{"fire_id":"ufid:2021-MNMNS-121131","source_collection":"history-2021","source_objectid":7693,"incident_name":"York Fire","mapped_acres":1.3,"mapped_acres_source":"poly_GISAcres","gis_acres":1.3,"auto_acres":1.0604647914661434,"reported_acres":1.1,"percent_contained":null,"state":"MN","state_wfigs":"US-MN","county":"Roseau","discovery_time_utc":"2021-05-02T17:28:54Z","perimeter_time_utc":"2021-05-02T22:28:54Z","perimeter_edit_time_utc":"2023-03-14T15:13:42Z","incident_modified_time_utc":"2022-01-10T17:50:30Z","containment_time_utc":"2021-05-02T18:07:00Z","control_time_utc":"2021-05-02T18:11:00Z","fire_out_time_utc":"2021-05-02T18:25:00Z","fire_cause":"Human","fire_cause_general":"Other causes","map_method":"GPS-Walked","source_dataset":"FFP","unique_fire_identifier":"2021-MNMNS-121131","irwin_id":"{01D30F4E-D485-4016-AA92-67C7D34D0BFF}","global_id":"8ed76443-df7d-4205-971d-99bf4cb79aaf"}},{"type":"Feature","geometry":{"type":"Polygon","coordinates":[[[-95.57809,48.0124],[-95.57909,48.01269],[-95.57995,48.01312],[-95.58048,48.01361],[-95.5814,48.01573],[-95.58111,48.01643],[-95.58057,48.01637],[-95.57809,48.0124]]]},"properties":{"fire_id":"ufid:2021-MNRLA-000021","source_collection":"history-2021","source_objectid":7725,"incident_name":"RL 016 GOODS","mapped_acres":1.5,"mapped_acres_source":"poly_GISAcres","gis_acres":1.5,"auto_acres":10.237809773545848,"reported_acres":15.0,"percent_contained":null,"state":"MN","state_wfigs":"US-MN","county":"Clearwater","discovery_time_utc":"2021-03-13T23:05:00Z","perimeter_time_utc":"2021-03-14T05:20:38Z","perimeter_edit_time_utc":"2023-03-14T15:13:42Z","incident_modified_time_utc":"2021-03-18T23:08:11Z","containment_time_utc":"2021-03-13T23:14:00Z","control_time_utc":"2021-03-13T23:35:00Z","fire_out_time_utc":"2021-03-14T22:50:00Z","fire_cause":"Human","fire_cause_general":"Other causes","map_method":"Auto-generated","source_dataset":"FFP","unique_fire_identifier":"2021-MNRLA-000021","irwin_id":"{1DDFA513-70A6-434A-81A1-0E67CF10EE9F}","global_id":"075b7441-e81f-4d1a-a262-1e7cd0c10dd0"}},{"type":"Feature","geometry":{"type":"Polygon","coordinates":[[[-95.73081,48.51169],[-95.731,48.51146],[-95.7312,48.51155],[-95.73103,48.5119],[-95.73081,48.51169]]]},"properties":{"fire_id":"ufid:2021-MNMNS-121192","source_collection":"history-2021","source_objectid":7746,"incident_name":"N. Randeen ditch","mapped_acres":1.0,"mapped_acres_source":"poly_GISAcres","gis_acres":1.0,"auto_acres":0.21734697657285346,"reported_acres":0.2,"percent_contained":null,"state":"MN","state_wfigs":"US-MN","county":"Marshall","discovery_time_utc":"2021-07-11T20:41:16Z","perimeter_time_utc":"2021-07-12T01:41:16Z","perimeter_edit_time_utc":"2023-03-14T15:13:42Z","incident_modified_time_utc":"2022-01-10T17:15:59Z","containment_time_utc":null,"control_time_utc":"2021-07-11T23:00:00Z","fire_out_time_utc":"2021-07-12T16:00:00Z","fire_cause":"Undetermined","fire_cause_general":"Undetermined","map_method":"GPS-Walked/Driven","source_dataset":"FFP","unique_fire_identifier":"2021-MNMNS-121192","irwin_id":"{B3D96570-3D52-4081-9474-DDF060843405}","global_id":"58c422b8-d006-4654-ba04-91a77478ecdc"}},{"type":"Feature","geometry":{"type":"Polygon","coordinates":[[[-97.04255,48.9918],[-97.04267,48.99119],[-97.04289,48.99101],[-97.04327,48.99097],[-97.04403,48.99142],[-97.04409,48.99179],[-97.04431,48.99186],[-97.0438,48.99185],[-97.04373,48.99135],[-97.04343,48.99125],[-97.0433,48.99124],[-97.04342,48.99197],[-97.0433,48.99186],[-97.04255,48.9918]]]},"properties":{"fire_id":"ufid:2021-MNMNS-121017","source_collection":"history-2021","source_objectid":7850,"incident_name":"NW Clow /NE St. Vinc","mapped_acres":10.0,"mapped_acres_source":"poly_GISAcres","gis_acres":10.0,"auto_acres":1.612631628686174,"reported_acres":1.6,"percent_contained":null,"state":"MN","state_wfigs":"US-MN","county":"Kittson","discovery_time_utc":"2021-03-15T19:04:48Z","perimeter_time_utc":"2021-03-16T00:04:48Z","perimeter_edit_time_utc":"2023-03-14T15:13:42Z","incident_modified_time_utc":"2022-01-10T18:27:26Z","containment_time_utc":"2021-03-15T20:02:00Z","control_time_utc":"2021-03-15T20:02:00Z","fire_out_time_utc":"2021-03-17T14:30:00Z","fire_cause":"Undetermined","fire_cause_general":"Undetermined","map_method":"Hand Sketch","source_dataset":"FFP","unique_fire_identifier":"2021-MNMNS-121017","irwin_id":"{A436D167-806B-4E19-850F-D386D81228F7}","global_id":"b1cf022c-3a74-46f7-8b18-321c7fde35d2"}},{"type":"Feature","geometry":{"type":"Polygon","coordinates":[[[-95.72724,47.78132],[-95.72812,47.78083],[-95.7291,47.78094],[-95.72879,47.78149],[-95.72724,47.78132]]]},"properties":{"fire_id":"ufid:2021-MNMNS-111068","source_collection":"history-2021","source_objectid":7913,"incident_name":"Tabby","mapped_acres":0.25,"mapped_acres_source":"poly_GISAcres","gis_acres":0.25,"auto_acres":1.617507091048784,"reported_acres":0.25,"percent_contained":null,"state":"MN","state_wfigs":"US-MN","county":"Polk","discovery_time_utc":"2021-06-06T15:59:21Z","perimeter_time_utc":"2021-06-06T20:59:21Z","perimeter_edit_time_utc":"2023-03-14T15:13:42Z","incident_modified_time_utc":"2022-01-10T18:58:10Z","containment_time_utc":"2021-06-06T17:15:00Z","control_time_utc":"2021-06-06T17:30:00Z","fire_out_time_utc":"2021-07-17T19:31:19Z","fire_cause":"Undetermined","fire_cause_general":"Undetermined","map_method":"Hand Sketch","source_dataset":"FFP","unique_fire_identifier":"2021-MNMNS-111068","irwin_id":"{3A6E32E3-30B4-4EFB-9853-524205F71F58}","global_id":"a0e51f2e-dc11-464c-80c8-4a75e77009ca"}},{"type":"Feature","geometry":{"type":"Polygon","coordinates":[[[-95.40688,47.55843],[-95.40709,47.55851],[-95.407,47.55856],[-95.40688,47.55843]]]},"properties":{"fire_id":"ufid:2021-MNMNS-111123","source_collection":"history-2021","source_objectid":8149,"incident_name":"Pipe","mapped_acres":0.1,"mapped_acres_source":"poly_GISAcres","gis_acres":0.1,"auto_acres":0.04061757706950423,"reported_acres":0.1,"percent_contained":null,"state":"MN","state_wfigs":"US-MN","county":"Clearwater","discovery_time_utc":"2021-08-14T20:00:10Z","perimeter_time_utc":"2021-08-15T01:00:10Z","perimeter_edit_time_utc":"2023-03-14T15:13:42Z","incident_modified_time_utc":"2022-01-10T18:42:59Z","containment_time_utc":"2021-08-14T20:30:00Z","control_time_utc":"2021-08-14T20:40:00Z","fire_out_time_utc":"2021-08-18T13:35:55Z","fire_cause":"Human","fire_cause_general":"Other causes","map_method":"Hand Sketch","source_dataset":"FFP","unique_fire_identifier":"2021-MNMNS-111123","irwin_id":"{26FB8F0D-13D3-40B6-A780-3601B5CD4B01}","global_id":"e58ab851-0bcd-4f8d-a882-6b4d82ee2215"}},{"type":"Feature","geometry":{"type":"Polygon","coordinates":[[[-95.45158,48.6072],[-95.45169,48.60711],[-95.45189,48.60722],[-95.45158,48.6072]]]},"properties":{"fire_id":"ufid:2021-MNMNS-121214","source_collection":"history-2021","source_objectid":8222,"incident_name":"Winner Silo","mapped_acres":4.0,"mapped_acres_source":"poly_GISAcres","gis_acres":4.0,"auto_acres":0.0632619162182521,"reported_acres":0.5,"percent_contained":null,"state":"MN","state_wfigs":"US-MN","county":"Roseau","discovery_time_utc":"2021-08-14T20:08:13Z","perimeter_time_utc":"2021-08-15T01:08:13Z","perimeter_edit_time_utc":"2023-03-14T15:13:42Z","incident_modified_time_utc":"2022-01-10T17:04:47Z","containment_time_utc":"2021-08-15T00:25:00Z","control_time_utc":"2021-08-16T00:25:00Z","fire_out_time_utc":"2021-08-31T00:25:41Z","fire_cause":"Undetermined","fire_cause_general":"Undetermined","map_method":"Hand Sketch","source_dataset":"FFP","unique_fire_identifier":"2021-MNMNS-121214","irwin_id":"{CE638445-B33C-4A94-8526-4879A173E257}","global_id":"48f9fd48-da87-4518-b377-a72ff9e04909"}},{"type":"Feature","geometry":{"type":"Polygon","coordinates":[[[-96.52094,48.94024],[-96.51934,48.94053],[-96.51649,48.94063],[-96.51451,48.94033],[-96.51365,48.93987],[-96.51328,48.9395],[-96.51236,48.93916],[-96.51218,48.93917],[-96.51207,48.9394],[-96.51186,48.9395],[-96.51082,48.93917],[-96.51009,48.93832],[-96.50982,48.93721],[-96.50958,48.93699],[-96.50928,48.93632],[-96.50775,48.93544],[-96.50751,48.9349],[-96.50802,48.93442],[-96.5081,48.93409],[-96.50706,48.93389],[-96.50656,48.9336],[-96.50632,48.93361],[-96.50563,48.93317],[-96.50601,48.93223],[-96.50577,48.93133],[-96.50585,48.93089],[-96.50644,48.93009],[-96.50609,48.9296],[-96.50604,48.92899],[-96.50809,48.92777],[-96.50835,48.92728],[-96.5087,48.92704],[-96.50869,48.92672],[-96.5089,48.92663],[-96.5094,48.92651],[-96.50989,48.92671],[-96.51072,48.9267],[-96.51098,48.92683],[-96.51161,48.92681],[-96.51186,48.92667],[-96.51175,48.92635],[-96.51056,48.92559],[-96.51047,48.92537],[-96.51072,48.92521],[-96.51123,48.92523],[-96.51132,48.9248],[-96.51224,48.92492],[-96.51253,48.92507],[-96.51214,48.92569],[-96.51246,48.92626],[-96.5132,48.92646],[-96.51342,48.92622],[-96.51375,48.92613],[-96.51396,48.92652],[-96.51412,48.92651],[-96.51419,48.92616],[-96.51438,48.9261],[-96.51486,48.92634],[-96.5151,48.92621],[-96.51506,48.92536],[-96.51479,48.92498],[-96.51549,48.92492],[-96.51605,48.92469],[-96.51615,48.92502],[-96.5165,48.92522],[-96.51715,48.92528],[-96.51727,48.92564],[-96.51745,48.92563],[-96.51757,48.92471],[-96.51969,48.92436],[-96.51975,48.9239],[-96.51933,48.92267],[-96.51911,48.92153],[-96.51976,48.92156],[-96.52037,48.92199],[-96.52064,48.92275],[-96.5211,48.92339],[-96.52146,48.92427],[-96.52008,48.92434],[-96.51999,48.92464],[-96.52024,48.92546],[-96.52022,48.92608],[-96.52042,48.92616],[-96.52087,48.92604],[-96.52113,48.92618],[-96.52099,48.92679],[-96.52255,48.92756],[-96.52281,48.928],[-96.52294,48.92897],[-96.52136,48.92925],[-96.52068,48.92924],[-96.52029,48.92951],[-96.52013,48.92984],[-96.51977,48.92996],[-96.51945,48.93035],[-96.51938,48.93073],[-96.51891,48.93117],[-96.51848,48.93137],[-96.51783,48.93135],[-96.5176,48.93147],[-96.51774,48.93191],[-96.51745,48.93218],[-96.51724,48.93287],[-96.51699,48.93302],[-96.51674,48.93284],[-96.51595,48.93265],[-96.51497,48.93304],[-96.5149,48.93341],[-96.51508,48.93367],[-96.51514,48.9357],[-96.51579,48.93635],[-96.51607,48.93758],[-96.51737,48.93932],[-96.51789,48.93937],[-96.51806,48.93927],[-96.51778,48.93871],[-96.51952,48.93892],[-96.51971,48.93901],[-96.52016,48.93965],[-96.52094,48.94024]]]},"properties":{"fire_id":"ufid:2021-MNMNS-121139","source_collection":"history-2021","source_objectid":8334,"incident_name":"Caribou","mapped_acres":275.0,"mapped_acres_source":"poly_GISAcres","gis_acres":275.0,"auto_acres":312.8319932222457,"reported_acres":275.0,"percent_contained":null,"state":"MN","state_wfigs":"US-MN","county":"Kittson","discovery_time_utc":"2021-05-09T21:36:00Z","perimeter_time_utc":"2021-05-10T02:00:44Z","perimeter_edit_time_utc":"2023-03-14T15:13:42Z","incident_modified_time_utc":"2022-01-10T17:47:11Z","containment_time_utc":null,"control_time_utc":"2021-05-10T01:52:00Z","fire_out_time_utc":"2021-05-20T16:22:27Z","fire_cause":"Undetermined","fire_cause_general":"Undetermined","map_method":"Image Interpretation","source_dataset":"FFP","unique_fire_identifier":"2021-MNMNS-121139","irwin_id":"{7FDDE328-F778-490A-AFFA-12E4E37BC2A6}","global_id":"ad562127-f153-425e-a087-11238f2ed64f"}},{"type":"Feature","geometry":{"type":"Polygon","coordinates":[[[-95.31271,46.37651],[-95.31228,46.37536],[-95.31159,46.37453],[-95.31138,46.374],[-95.31163,46.37183],[-95.31301,46.37163],[-95.31451,46.37228],[-95.31519,46.37192],[-95.31541,46.37151],[-95.31532,46.371],[-95.31468,46.37083],[-95.31472,46.36955],[-95.31485,46.36914],[-95.31897,46.36917],[-95.31931,46.36932],[-95.31863,46.37367],[-95.31914,46.37397],[-95.31949,46.37447],[-95.31949,46.37491],[-95.31889,46.37548],[-95.31944,46.37604],[-95.3191,46.37693],[-95.31914,46.37752],[-95.32026,46.37773],[-95.32047,46.3785],[-95.3215,46.37959],[-95.32198,46.38083],[-95.32168,46.38193],[-95.32133,46.38119],[-95.32082,46.3811],[-95.31983,46.38113],[-95.31936,46.38155],[-95.31867,46.38187],[-95.31803,46.38178],[-95.31781,46.38063],[-95.31717,46.38033],[-95.31653,46.38078],[-95.31644,46.38152],[-95.31459,46.38377],[-95.31386,46.38454],[-95.31335,46.38471],[-95.31279,46.38368],[-95.31125,46.3832],[-95.31125,46.37841],[-95.31271,46.37651]]]},"properties":{"fire_id":"ufid:2021-MNMNS-161022","source_collection":"history-2021","source_objectid":8381,"incident_name":"Deer Creek Fire","mapped_acres":600.0,"mapped_acres_source":"poly_GISAcres","gis_acres":600.0,"auto_acres":210.47803524283654,"reported_acres":206.0,"percent_contained":null,"state":"MN","state_wfigs":"US-MN","county":"Otter Tail","discovery_time_utc":"2021-04-02T21:09:05Z","perimeter_time_utc":"2021-04-03T02:09:05Z","perimeter_edit_time_utc":"2023-03-14T15:13:42Z","incident_modified_time_utc":"2022-01-10T17:08:07Z","containment_time_utc":"2021-04-03T00:10:00Z","control_time_utc":"2021-04-03T01:44:00Z","fire_out_time_utc":"2021-04-03T20:06:41Z","fire_cause":"Human","fire_cause_general":"Arson","map_method":"Hand Sketch","source_dataset":"FFP","unique_fire_identifier":"2021-MNMNS-161022","irwin_id":"{936E8062-FC21-4A2F-ADE6-D83324931607}","global_id":"0d4944fe-5747-402d-b78a-4257fa67772b"}},{"type":"Feature","geometry":{"type":"Polygon","coordinates":[[[-95.0164,46.91644],[-95.01622,46.91648],[-95.01622,46.91611],[-95.0164,46.91616],[-95.0164,46.91644]]]},"properties":{"fire_id":"ufid:2021-MNMNS-161043","source_collection":"history-2021","source_objectid":8442,"incident_name":"Bird","mapped_acres":0.16720292514303028,"mapped_acres_source":"poly_Acres_AutoCalc_fallback","gis_acres":null,"auto_acres":0.16720292514303028,"reported_acres":0.14,"percent_contained":null,"state":"MN","state_wfigs":"US-MN","county":"Hubbard","discovery_time_utc":"2021-05-04T23:10:23Z","perimeter_time_utc":"2021-05-05T17:38:19Z","perimeter_edit_time_utc":"2023-03-14T15:13:42Z","incident_modified_time_utc":"2022-01-10T17:19:15Z","containment_time_utc":"2021-05-04T23:25:00Z","control_time_utc":"2021-05-04T23:25:00Z","fire_out_time_utc":"2021-05-04T23:32:00Z","fire_cause":"Natural","fire_cause_general":"Natural","map_method":"Hand Sketch","source_dataset":"FFP","unique_fire_identifier":"2021-MNMNS-161043","irwin_id":"{F676289E-07BA-44BF-9AFC-C315F844AC98}","global_id":"dcb1cfe9-7f5f-4ac2-abf6-a8f80d580b79"}},{"type":"Feature","geometry":{"type":"Polygon","coordinates":[[[-95.55827,47.99096],[-95.55789,47.98993],[-95.56006,47.98999],[-95.56029,47.99055],[-95.5612,47.99045],[-95.56123,47.99012],[-95.56189,47.99006],[-95.56202,47.99063],[-95.56081,47.99123],[-95.56019,47.99186],[-95.55906,47.99208],[-95.5577,47.99146],[-95.55771,47.99103],[-95.55827,47.99096]]]},"properties":{"fire_id":"ufid:2021-MNRLA-000153","source_collection":"history-2021","source_objectid":8653,"incident_name":"RL 126 RIVER ROAD","mapped_acres":0.1,"mapped_acres_source":"poly_GISAcres","gis_acres":0.1,"auto_acres":11.815826191721477,"reported_acres":11.0,"percent_contained":null,"state":"MN","state_wfigs":"US-MN","county":"Clearwater","discovery_time_utc":"2021-04-06T19:38:00Z","perimeter_time_utc":"2021-04-07T01:40:00Z","perimeter_edit_time_utc":"2023-03-14T15:13:42Z","incident_modified_time_utc":"2021-11-23T14:48:10Z","containment_time_utc":"2021-04-06T23:05:00Z","control_time_utc":"2021-04-06T23:29:00Z","fire_out_time_utc":"2021-04-08T23:29:00Z","fire_cause":"Human","fire_cause_general":"Debris and open burning","map_method":"Hand Sketch","source_dataset":"FFP","unique_fire_identifier":"2021-MNRLA-000153","irwin_id":"{FE42920B-523D-4D9F-AC10-A6AB2A97BAAA}","global_id":"d175ad46-f5d2-4c70-af43-4d6e4a7003b3"}},{"type":"Feature","geometry":{"type":"Polygon","coordinates":[[[-95.41428,47.55662],[-95.41354,47.55659],[-95.41385,47.55644],[-95.41428,47.55662]]]},"properties":{"fire_id":"ufid:2021-MNMNS-111017","source_collection":"history-2021","source_objectid":8669,"incident_name":"Avalanche","mapped_acres":0.17404088438387397,"mapped_acres_source":"poly_Acres_AutoCalc_fallback","gis_acres":null,"auto_acres":0.17404088438387397,"reported_acres":0.25,"percent_contained":null,"state":"MN","state_wfigs":"US-MN","county":"Clearwater","discovery_time_utc":"2021-04-01T21:20:51Z","perimeter_time_utc":"2021-04-14T16:41:59Z","perimeter_edit_time_utc":"2023-03-14T15:13:42Z","incident_modified_time_utc":"2022-01-10T19:11:14Z","containment_time_utc":"2021-04-01T21:42:00Z","control_time_utc":"2021-04-01T21:46:00Z","fire_out_time_utc":"2021-04-14T16:42:00Z","fire_cause":"Human","fire_cause_general":"Equipment and vehicle use","map_method":"Hand Sketch","source_dataset":"FFP","unique_fire_identifier":"2021-MNMNS-111017","irwin_id":"{97B305D2-CF87-40C2-A6EF-CA15E94CE007}","global_id":"89ab4231-9b5e-48be-82ba-7be605e63e52"}},{"type":"Feature","geometry":{"type":"Polygon","coordinates":[[[-96.53998,48.68087],[-96.54015,48.65921],[-96.55108,48.65929],[-96.55804,48.68091],[-96.53998,48.68087]]]},"properties":{"fire_id":"ufid:2021-MNMNS-121045","source_collection":"history-2021","source_objectid":8670,"incident_name":"121045","mapped_acres":1.0,"mapped_acres_source":"poly_GISAcres","gis_acres":1.0,"auto_acres":634.4702082522768,"reported_acres":634.5,"percent_contained":null,"state":"MN","state_wfigs":"US-MN","county":"Kittson","discovery_time_utc":"2021-03-21T00:45:50Z","perimeter_time_utc":"2021-03-21T06:00:50Z","perimeter_edit_time_utc":"2023-03-14T15:13:42Z","incident_modified_time_utc":"2022-01-10T18:21:00Z","containment_time_utc":"2021-03-21T06:31:00Z","control_time_utc":"2021-03-21T06:31:00Z","fire_out_time_utc":"2021-03-21T14:00:00Z","fire_cause":"Undetermined","fire_cause_general":"Undetermined","map_method":"Hand Sketch","source_dataset":"FFP","unique_fire_identifier":"2021-MNMNS-121045","irwin_id":"{A80E6E3A-BF23-4948-B593-FAC971184646}","global_id":"28ca3a94-00fb-4e84-be7b-348908a0a45e"}},{"type":"Feature","geometry":{"type":"Polygon","coordinates":[[[-95.64802,47.61102],[-95.64809,47.61128],[-95.64844,47.61148],[-95.64898,47.61157],[-95.65039,47.6115],[-95.65076,47.61169],[-95.65106,47.6122],[-95.65097,47.61266],[-95.64921,47.61205],[-95.64828,47.61192],[-95.64731,47.61119],[-95.64846,47.61061],[-95.64872,47.6103],[-95.64877,47.60972],[-95.64844,47.609],[-95.64954,47.60889],[-95.65049,47.60902],[-95.65063,47.60934],[-95.65047,47.60963],[-95.64974,47.60947],[-95.64932,47.6097],[-95.64889,47.61038],[-95.64802,47.61102]]]},"properties":{"fire_id":"ufid:2021-MNMNS-111046","source_collection":"history-2021","source_objectid":8675,"incident_name":"Connection Lake","mapped_acres":1.0,"mapped_acres_source":"poly_GISAcres","gis_acres":1.0,"auto_acres":8.31735117474898,"reported_acres":8.3,"percent_contained":null,"state":"MN","state_wfigs":"US-MN","county":"Polk","discovery_time_utc":"2021-05-10T22:27:14Z","perimeter_time_utc":"2021-05-11T03:27:14Z","perimeter_edit_time_utc":"2023-03-14T15:13:42Z","incident_modified_time_utc":"2022-01-10T19:03:02Z","containment_time_utc":"2021-05-10T23:45:00Z","control_time_utc":"2021-05-10T23:50:00Z","fire_out_time_utc":"2021-05-13T14:44:55Z","fire_cause":"Human","fire_cause_general":"Other causes","map_method":"Hand Sketch","source_dataset":"FFP","unique_fire_identifier":"2021-MNMNS-111046","irwin_id":"{F3FE6A38-C261-4942-88A5-6F6D36DFDD5F}","global_id":"5a31a554-9bfa-43ed-84e6-583b87c20d97"}},{"type":"Feature","geometry":{"type":"Polygon","coordinates":[[[-95.44649,48.96671],[-95.44657,48.96641],[-95.44631,48.9661],[-95.44639,48.96592],[-95.44679,48.96558],[-95.44706,48.96554],[-95.44707,48.96531],[-95.44727,48.96522],[-95.44708,48.96495],[-95.44623,48.96477],[-95.44653,48.96481],[-95.44683,48.9646],[-95.44811,48.96479],[-95.44877,48.96426],[-95.44886,48.96436],[-95.44878,48.9645],[-95.44917,48.96474],[-95.44939,48.96457],[-95.44968,48.9646],[-95.44965,48.96473],[-95.45037,48.96495],[-95.45071,48.96556],[-95.4513,48.96565],[-95.45155,48.9659],[-95.45129,48.9661],[-95.4511,48.96609],[-95.45116,48.96592],[-95.45073,48.96572],[-95.45023,48.9663],[-95.44771,48.9671],[-95.44702,48.96698],[-95.44649,48.96671]]]},"properties":{"fire_id":"ufid:2021-MNMNS-121159","source_collection":"history-2021","source_objectid":8741,"incident_name":"Marvin Lake","mapped_acres":15.0,"mapped_acres_source":"poly_GISAcres","gis_acres":15.0,"auto_acres":16.265913774317177,"reported_acres":15.0,"percent_contained":null,"state":"MN","state_wfigs":"US-MN","county":"Roseau","discovery_time_utc":"2021-05-28T20:28:59Z","perimeter_time_utc":"2021-05-29T01:28:59Z","perimeter_edit_time_utc":"2023-03-14T15:13:42Z","incident_modified_time_utc":"2022-01-10T17:40:43Z","containment_time_utc":"2021-05-29T00:20:00Z","control_time_utc":"2021-05-29T00:20:00Z","fire_out_time_utc":"2021-05-30T22:05:00Z","fire_cause":"Human","fire_cause_general":"Equipment and vehicle use","map_method":"GPS-Unknown Travel Method","source_dataset":"FFP","unique_fire_identifier":"2021-MNMNS-121159","irwin_id":"{BEB7E89E-C16A-4AD7-8407-D2F1AAAA66B9}","global_id":"64219162-40cf-4be9-a330-52dc6ea42501"}},{"type":"Feature","geometry":{"type":"Polygon","coordinates":[[[-96.02828,46.44283],[-96.02775,46.44311],[-96.02724,46.44309],[-96.02663,46.44333],[-96.02649,46.44373],[-96.02615,46.4439],[-96.02582,46.44386],[-96.02545,46.44346],[-96.02549,46.44267],[-96.02668,46.44254],[-96.02697,46.44231],[-96.0259,46.44232],[-96.02585,46.44216],[-96.02732,46.44204],[-96.02759,46.44169],[-96.02813,46.44202],[-96.02803,46.4424],[-96.02828,46.44283]]]},"properties":{"fire_id":"ufid:2021-MNMNS-161061","source_collection":"history-2021","source_objectid":8750,"incident_name":"Swamp Road Fire","mapped_acres":6.881109135012222,"mapped_acres_source":"poly_Acres_AutoCalc_fallback","gis_acres":null,"auto_acres":6.881109135012222,"reported_acres":6.8,"percent_contained":null,"state":"MN","state_wfigs":"US-MN","county":"Otter Tail","discovery_time_utc":"2021-05-24T19:30:53Z","perimeter_time_utc":"2021-05-24T22:51:09Z","perimeter_edit_time_utc":"2023-03-14T15:13:42Z","incident_modified_time_utc":"2022-01-10T17:36:47Z","containment_time_utc":"2021-05-24T21:30:00Z","control_time_utc":"2021-05-24T21:35:00Z","fire_out_time_utc":"2021-05-25T06:29:00Z","fire_cause":"Human","fire_cause_general":"Debris and open burning","map_method":"Hand Sketch","source_dataset":"FFP","unique_fire_identifier":"2021-MNMNS-161061","irwin_id":"{D5D1104D-1767-4FAD-83C8-DC17598AFD36}","global_id":"2ae29184-6088-4aea-981f-64320f810353"}},{"type":"Feature","geometry":{"type":"Polygon","coordinates":[[[-95.82704,47.21094],[-95.82721,47.21108],[-95.82703,47.21127],[-95.82675,47.21133],[-95.82662,47.21167],[-95.82689,47.21213],[-95.82689,47.21257],[-95.82711,47.21302],[-95.82749,47.21319],[-95.82783,47.21278],[-95.82855,47.21289],[-95.82869,47.21303],[-95.82921,47.21312],[-95.82977,47.21363],[-95.82973,47.21378],[-95.82953,47.21381],[-95.82911,47.21318],[-95.82868,47.21319],[-95.82844,47.21297],[-95.82806,47.21293],[-95.82785,47.21336],[-95.82644,47.21334],[-95.82644,47.21132],[-95.82704,47.21094]]]},"properties":{"fire_id":"ufid:2021-MNMNS-111037","source_collection":"history-2021","source_objectid":8761,"incident_name":"Where’s the","mapped_acres":3.4108100656280285,"mapped_acres_source":"poly_Acres_AutoCalc_fallback","gis_acres":null,"auto_acres":3.4108100656280285,"reported_acres":4.3,"percent_contained":null,"state":"MN","state_wfigs":"US-MN","county":"Mahnomen","discovery_time_utc":"2021-05-02T07:30:00Z","perimeter_time_utc":"2021-05-08T18:22:21Z","perimeter_edit_time_utc":"2023-03-14T15:13:42Z","incident_modified_time_utc":"2022-01-10T19:05:03Z","containment_time_utc":"2021-05-02T10:30:00Z","control_time_utc":"2021-05-02T10:31:00Z","fire_out_time_utc":"2021-05-08T17:00:45Z","fire_cause":"Human","fire_cause_general":"Debris and open burning","map_method":"Hand Sketch","source_dataset":"FFP","unique_fire_identifier":"2021-MNMNS-111037","irwin_id":"{13231AB5-FEF1-481F-9500-8B920B98F814}","global_id":"74a8bcb9-db15-4973-af5c-d140e89ad234"}},{"type":"Feature","geometry":{"type":"Polygon","coordinates":[[[-95.45006,47.97198],[-95.44457,47.97163],[-95.44032,47.97154],[-95.4402,47.9708],[-95.44238,47.96974],[-95.44375,47.96952],[-95.44317,47.96871],[-95.44337,47.96823],[-95.44248,47.96816],[-95.44297,47.96794],[-95.44428,47.96808],[-95.44571,47.96848],[-95.4459,47.96989],[-95.44732,47.97019],[-95.45136,47.9704],[-95.45361,47.97032],[-95.45468,47.97125],[-95.45629,47.9719],[-95.45969,47.97205],[-95.46066,47.97253],[-95.46182,47.9736],[-95.46303,47.97442],[-95.46313,47.97552],[-95.45965,47.97527],[-95.45693,47.97477],[-95.45452,47.97398],[-95.45246,47.97281],[-95.45006,47.97198]]]},"properties":{"fire_id":"ufid:2021-MNRLA-000250","source_collection":"history-2021","source_objectid":8834,"incident_name":"ROCK DAM RL 219","mapped_acres":1.0,"mapped_acres_source":"poly_GISAcres","gis_acres":1.0,"auto_acres":109.61997610846767,"reported_acres":94.6,"percent_contained":null,"state":"MN","state_wfigs":"US-MN","county":"Clearwater","discovery_time_utc":"2021-05-05T20:50:00Z","perimeter_time_utc":"2021-05-06T01:54:33Z","perimeter_edit_time_utc":"2023-03-14T15:13:42Z","incident_modified_time_utc":"2021-11-23T14:45:33Z","containment_time_utc":"2021-05-05T20:51:00Z","control_time_utc":"2021-05-05T23:46:00Z","fire_out_time_utc":"2021-05-07T23:46:00Z","fire_cause":"Human","fire_cause_general":"Firearms and explosives use","map_method":"Hand Sketch","source_dataset":"FFP","unique_fire_identifier":"2021-MNRLA-000250","irwin_id":"{A40B5EF7-EDE1-450D-99CD-85C860E3A6AB}","global_id":"9767cdda-ccd4-474d-9ebd-0ced99d08a0d"}},{"type":"Feature","geometry":{"type":"Polygon","coordinates":[[[-95.65675,48.81177],[-95.65667,48.81225],[-95.65532,48.81231],[-95.65341,48.81129],[-95.65312,48.81073],[-95.65312,48.80886],[-95.6537,48.80873],[-95.65557,48.80884],[-95.6558,48.80946],[-95.65635,48.80953],[-95.65703,48.81149],[-95.65675,48.81177]]]},"properties":{"fire_id":"ufid:2021-MNMNS-121078","source_collection":"history-2021","source_objectid":8847,"incident_name":"Spruce Permit","mapped_acres":21.0,"mapped_acres_source":"poly_GISAcres","gis_acres":21.0,"auto_acres":21.2264038069326,"reported_acres":21.0,"percent_contained":null,"state":"MN","state_wfigs":"US-MN","county":"Roseau","discovery_time_utc":"2021-04-05T20:30:16Z","perimeter_time_utc":"2021-04-06T01:35:16Z","perimeter_edit_time_utc":"2023-03-14T15:13:42Z","incident_modified_time_utc":"2022-01-10T18:12:53Z","containment_time_utc":null,"control_time_utc":"2021-04-05T22:50:00Z","fire_out_time_utc":"2021-04-06T18:47:33Z","fire_cause":"Human","fire_cause_general":"Debris and open burning","map_method":"Hand Sketch","source_dataset":"FFP","unique_fire_identifier":"2021-MNMNS-121078","irwin_id":"{F024A3AB-DCD9-4384-9DCB-C59E4D9FE867}","global_id":"b35dc51f-728d-4a18-be71-2f08466ff708"}},{"type":"Feature","geometry":{"type":"Polygon","coordinates":[[[-95.34452,48.94203],[-95.34574,48.94203],[-95.34603,48.94193],[-95.34595,48.94177],[-95.34651,48.94199],[-95.34666,48.94195],[-95.34665,48.94178],[-95.34764,48.94138],[-95.34823,48.94173],[-95.34751,48.9421],[-95.34799,48.94232],[-95.3476,48.94223],[-95.34774,48.9424],[-95.34993,48.94393],[-95.34969,48.94406],[-95.34798,48.94381],[-95.34599,48.94263],[-95.34521,48.94277],[-95.34452,48.94203]]]},"properties":{"fire_id":"ufid:2021-MNMNS-121118","source_collection":"history-2021","source_objectid":9025,"incident_name":"Fenced out fire","mapped_acres":3.0,"mapped_acres_source":"poly_GISAcres","gis_acres":3.0,"auto_acres":10.456745393506859,"reported_acres":8.9,"percent_contained":null,"state":"MN","state_wfigs":"US-MN","county":"Roseau","discovery_time_utc":"2021-04-28T16:47:37Z","perimeter_time_utc":"2021-04-28T21:56:37Z","perimeter_edit_time_utc":"2023-03-14T15:13:42Z","incident_modified_time_utc":"2022-01-10T17:54:00Z","containment_time_utc":null,"control_time_utc":"2021-04-28T18:14:41Z","fire_out_time_utc":"2021-04-29T17:49:29Z","fire_cause":"Human","fire_cause_general":"Debris and open burning","map_method":"Hand Sketch","source_dataset":"FFP","unique_fire_identifier":"2021-MNMNS-121118","irwin_id":"{90BEC221-A9A6-43CB-9240-9597F5853F89}","global_id":"0024924a-c59a-4fdb-9062-f9611261cbd7"}},{"type":"Feature","geometry":{"type":"Polygon","coordinates":[[[-96.51308,48.99039],[-96.51435,48.98979],[-96.517,48.98993],[-96.51923,48.99057],[-96.51959,48.99118],[-96.52014,48.9922],[-96.52024,48.99275],[-96.51942,48.99409],[-96.51982,48.99522],[-96.51484,48.99527],[-96.51396,48.99638],[-96.51832,49.00002],[-96.50642,48.99993],[-96.50627,48.99908],[-96.50471,48.9987],[-96.50462,48.99724],[-96.50962,48.99707],[-96.5096,48.99612],[-96.51017,48.99572],[-96.51125,48.99538],[-96.51306,48.99344],[-96.51325,48.99234],[-96.51308,48.99039]]]},"properties":{"fire_id":"ufid:2021-MNMNS-121004","source_collection":"history-2021","source_objectid":9222,"incident_name":"Border Swamp","mapped_acres":175.0,"mapped_acres_source":"poly_GISAcres","gis_acres":175.0,"auto_acres":152.888198688219,"reported_acres":175.0,"percent_contained":100.0,"state":"MN","state_wfigs":"US-MN","county":"Kittson","discovery_time_utc":"2021-03-06T19:00:35Z","perimeter_time_utc":"2021-03-07T01:00:35Z","perimeter_edit_time_utc":"2023-03-14T15:13:42Z","incident_modified_time_utc":"2022-01-10T18:30:20Z","containment_time_utc":"2021-03-10T21:42:00Z","control_time_utc":"2021-03-10T22:23:00Z","fire_out_time_utc":"2021-04-01T20:42:17Z","fire_cause":"Human","fire_cause_general":"Other Human Cause","map_method":"Hand Sketch","source_dataset":"Decertified","unique_fire_identifier":"2021-MNMNS-121004","irwin_id":"{325B3BF1-4689-4CF5-B560-0E6C83C0A5CA}","global_id":"db82b25c-5b3b-4d40-8eb4-3e668216a87f"}},{"type":"Feature","geometry":{"type":"Polygon","coordinates":[[[-95.99468,48.64577],[-95.99468,48.64657],[-95.99456,48.64657],[-95.99456,48.64576],[-95.99468,48.64577]]]},"properties":{"fire_id":"ufid:2021-MNMNS-121211","source_collection":"history-2021","source_objectid":9246,"incident_name":"who's there","mapped_acres":0.5,"mapped_acres_source":"poly_GISAcres","gis_acres":0.5,"auto_acres":0.1860190350837311,"reported_acres":0.5,"percent_contained":null,"state":"MN","state_wfigs":"US-MN","county":"Roseau","discovery_time_utc":"2021-08-13T18:45:05Z","perimeter_time_utc":"2021-08-13T23:45:05Z","perimeter_edit_time_utc":"2023-03-14T15:13:42Z","incident_modified_time_utc":"2022-01-10T17:09:03Z","containment_time_utc":"2021-08-13T19:28:00Z","control_time_utc":"2021-08-14T19:25:00Z","fire_out_time_utc":"2021-08-14T19:44:35Z","fire_cause":"Undetermined","fire_cause_general":"Undetermined","map_method":"Hand Sketch","source_dataset":"FFP","unique_fire_identifier":"2021-MNMNS-121211","irwin_id":"{395D3316-92C0-446A-BCE8-851D99DE297E}","global_id":"363a7305-9b34-4671-9e57-83b3b3db50cc"}},{"type":"Feature","geometry":{"type":"MultiPolygon","coordinates":[[[[-95.46142,48.30825],[-95.46128,48.30741],[-95.46156,48.30729],[-95.46165,48.30735],[-95.46153,48.30759],[-95.46205,48.30788],[-95.46224,48.30786],[-95.46237,48.30769],[-95.46232,48.30694],[-95.46134,48.30651],[-95.4613,48.30612],[-95.46112,48.30603],[-95.45988,48.3061],[-95.45965,48.30595],[-95.45981,48.30555],[-95.46018,48.30528],[-95.46117,48.30513],[-95.46141,48.30492],[-95.462,48.30499],[-95.4621,48.30514],[-95.46232,48.30517],[-95.46269,48.30495],[-95.46257,48.30445],[-95.46227,48.3042],[-95.46102,48.30394],[-95.46075,48.30421],[-95.45908,48.30431],[-95.45803,48.30469],[-95.45799,48.30449],[-95.45844,48.30417],[-95.45912,48.30403],[-95.45971,48.30371],[-95.452,48.30354],[-95.45192,48.30369],[-95.45118,48.30375],[-95.45117,48.30402],[-95.45083,48.30394],[-95.45056,48.30357],[-95.44959,48.30359],[-95.44956,48.30347],[-95.46399,48.3035],[-95.46439,48.30411],[-95.46448,48.30493],[-95.46383,48.30489],[-95.46273,48.30509],[-95.46254,48.30531],[-95.46262,48.3055],[-95.46317,48.30583],[-95.46291,48.3062],[-95.46256,48.30636],[-95.46365,48.30691],[-95.46342,48.30746],[-95.46373,48.30749],[-95.46413,48.30729],[-95.46424,48.30755],[-95.46419,48.30842],[-95.46351,48.30821],[-95.46325,48.30778],[-95.46305,48.30773],[-95.46285,48.30795],[-95.46305,48.30823],[-95.46302,48.30845],[-95.46283,48.30846],[-95.46248,48.30813],[-95.46214,48.30818],[-95.46178,48.30851],[-95.46142,48.30825]]],[[[-95.455,48.31322],[-95.45381,48.31305],[-95.45375,48.31285],[-95.45398,48.31268],[-95.45394,48.31239],[-95.45422,48.31234],[-95.45492,48.31247],[-95.45466,48.31262],[-95.45464,48.31277],[-95.45544,48.31271],[-95.45556,48.3125],[-95.45493,48.31225],[-95.45489,48.3119],[-95.45474,48.31182],[-95.45447,48.31216],[-95.45423,48.31213],[-95.45378,48.31235],[-95.45354,48.31282],[-95.45314,48.31282],[-95.45306,48.31247],[-95.4525,48.3122],[-95.45246,48.31207],[-95.45272,48.31164],[-95.45303,48.31142],[-95.45365,48.31167],[-95.45398,48.31128],[-95.45472,48.31137],[-95.45584,48.31179],[-95.45685,48.31179],[-95.45711,48.312],[-95.45725,48.31177],[-95.45763,48.31183],[-95.4574,48.31284],[-95.45696,48.31313],[-95.45661,48.31305],[-95.45583,48.31317],[-95.45584,48.31345],[-95.45566,48.31367],[-95.45504,48.31356],[-95.455,48.31322]]]]},"properties":{"fire_id":"ufid:2021-MNMNS-121007","source_collection":"history-2021","source_objectid":9395,"incident_name":"Maze fire","mapped_acres":100.0,"mapped_acres_source":"poly_GISAcres","gis_acres":100.0,"auto_acres":40.64077509604465,"reported_acres":26.0,"percent_contained":null,"state":"MN","state_wfigs":"US-MN","county":"Beltrami","discovery_time_utc":"2021-03-12T20:57:14Z","perimeter_time_utc":"2021-03-13T02:57:14Z","perimeter_edit_time_utc":"2023-03-14T15:13:42Z","incident_modified_time_utc":"2022-01-10T18:29:41Z","containment_time_utc":null,"control_time_utc":"2021-03-13T00:40:00Z","fire_out_time_utc":"2021-03-13T18:50:00Z","fire_cause":"Undetermined","fire_cause_general":"Undetermined","map_method":"Hand Sketch","source_dataset":"FFP","unique_fire_identifier":"2021-MNMNS-121007","irwin_id":"{3BEAD8A8-1CF0-4F8D-90F1-3BA8F7B61CE0}","global_id":"bedec46a-0bc6-4fc5-8ac2-4ca4b321d95d"}},{"type":"Feature","geometry":{"type":"Polygon","coordinates":[[[-96.62359,48.48575],[-96.62369,48.48459],[-96.62509,48.48282],[-96.62445,48.48269],[-96.62367,48.48189],[-96.62349,48.48125],[-96.62367,48.48064],[-96.62411,48.48045],[-96.62493,48.48067],[-96.62517,48.48058],[-96.6258,48.47926],[-96.62624,48.47902],[-96.62734,48.47876],[-96.62743,48.4785],[-96.62742,48.48576],[-96.62359,48.48575]]]},"properties":{"fire_id":"ufid:2021-MNMNS-121033","source_collection":"history-2021","source_objectid":9428,"incident_name":"Englund fire","mapped_acres":60.0,"mapped_acres_source":"poly_GISAcres","gis_acres":60.0,"auto_acres":42.61265598936983,"reported_acres":37.0,"percent_contained":null,"state":"MN","state_wfigs":"US-MN","county":"Marshall","discovery_time_utc":"2021-03-19T20:53:40Z","perimeter_time_utc":"2021-03-20T01:53:40Z","perimeter_edit_time_utc":"2023-03-14T15:13:42Z","incident_modified_time_utc":"2022-01-10T18:23:51Z","containment_time_utc":null,"control_time_utc":"2021-03-20T00:17:00Z","fire_out_time_utc":"2021-04-09T19:37:14Z","fire_cause":"Undetermined","fire_cause_general":"Undetermined","map_method":"Hand Sketch","source_dataset":"FFP","unique_fire_identifier":"2021-MNMNS-121033","irwin_id":"{5EAE05CD-A89A-4192-8A6D-A36EF0CE1F86}","global_id":"e2669f02-f8cb-4169-9941-ef4bbca8df9c"}},{"type":"Feature","geometry":{"type":"Polygon","coordinates":[[[-95.113,48.8088],[-95.11566,48.80978],[-95.11567,48.81011],[-95.11344,48.80918],[-95.113,48.8088]]]},"properties":{"fire_id":"ufid:2021-MNMNS-121080","source_collection":"history-2021","source_objectid":9552,"incident_name":"Hwy 11 Drainage","mapped_acres":4.0,"mapped_acres_source":"poly_GISAcres","gis_acres":4.0,"auto_acres":1.4836255777173186,"reported_acres":1.6,"percent_contained":null,"state":"MN","state_wfigs":"US-MN","county":"Roseau","discovery_time_utc":"2021-04-05T21:37:19Z","perimeter_time_utc":"2021-04-05T22:30:19Z","perimeter_edit_time_utc":"2023-03-14T15:13:42Z","incident_modified_time_utc":"2022-01-10T18:09:55Z","containment_time_utc":"2021-04-05T22:00:00Z","control_time_utc":"2021-04-05T22:00:00Z","fire_out_time_utc":"2021-04-06T18:00:00Z","fire_cause":"Human","fire_cause_general":"Railroad operations and maintenance","map_method":"GPS-Unknown Travel Method","source_dataset":"FFP","unique_fire_identifier":"2021-MNMNS-121080","irwin_id":"{07E966A3-B580-402A-BEC8-EED96317B5DA}","global_id":"532d54ad-6ec4-4adb-87b1-233016ef2e4c"}},{"type":"Feature","geometry":{"type":"Polygon","coordinates":[[[-95.59905,47.31055],[-95.5984,47.3105],[-95.5989,47.30875],[-95.59911,47.30849],[-95.59982,47.30812],[-95.59995,47.30781],[-95.6004,47.30755],[-95.60105,47.30675],[-95.60219,47.30587],[-95.60233,47.30589],[-95.60231,47.30616],[-95.60288,47.30582],[-95.60347,47.30567],[-95.60475,47.3048],[-95.60514,47.3048],[-95.60503,47.30512],[-95.60422,47.30574],[-95.60392,47.3063],[-95.60355,47.30647],[-95.60343,47.30677],[-95.60364,47.30697],[-95.60282,47.30807],[-95.60178,47.30887],[-95.60103,47.30908],[-95.60063,47.30935],[-95.60008,47.30993],[-95.59958,47.30994],[-95.59905,47.31055]]]},"properties":{"fire_id":"ufid:2021-MNMNA-000044","source_collection":"history-2021","source_objectid":9556,"incident_name":"Clark Road","mapped_acres":15.0,"mapped_acres_source":"poly_GISAcres","gis_acres":15.0,"auto_acres":23.7397201041292,"reported_acres":23.7,"percent_contained":null,"state":"MN","state_wfigs":"US-MN","county":"Mahnomen","discovery_time_utc":"2021-04-07T00:58:28Z","perimeter_time_utc":"2021-04-07T05:58:28Z","perimeter_edit_time_utc":"2023-03-14T15:13:42Z","incident_modified_time_utc":"2021-05-15T21:15:24Z","containment_time_utc":"2021-04-07T05:03:00Z","control_time_utc":null,"fire_out_time_utc":"2021-04-13T17:00:00Z","fire_cause":"Human","fire_cause_general":"Other causes","map_method":"GPS-Walked/Driven","source_dataset":"FFP","unique_fire_identifier":"2021-MNMNA-000044","irwin_id":"{45B30D35-CD93-4D12-9F28-5726D1BF51C6}","global_id":"81264619-0962-4046-af77-0b5f46d9ec76"}},{"type":"Feature","geometry":{"type":"Polygon","coordinates":[[[-95.48501,48.93728],[-95.485,48.93714],[-95.48524,48.93709],[-95.4865,48.93721],[-95.48711,48.93686],[-95.48762,48.93684],[-95.48803,48.93644],[-95.48856,48.93644],[-95.48804,48.93702],[-95.48856,48.937],[-95.48804,48.9371],[-95.48828,48.93727],[-95.48806,48.93737],[-95.48748,48.93745],[-95.48501,48.93728]]]},"properties":{"fire_id":"ufid:2021-MNMNS-121092","source_collection":"history-2021","source_objectid":9602,"incident_name":"121092","mapped_acres":2.0,"mapped_acres_source":"poly_GISAcres","gis_acres":2.0,"auto_acres":2.8444261201230185,"reported_acres":2.8,"percent_contained":null,"state":"MN","state_wfigs":"US-MN","county":"Roseau","discovery_time_utc":"2021-04-16T23:04:34Z","perimeter_time_utc":"2021-04-16T23:45:34Z","perimeter_edit_time_utc":"2023-03-14T15:13:42Z","incident_modified_time_utc":"2022-01-10T18:04:43Z","containment_time_utc":"2021-04-16T23:20:00Z","control_time_utc":"2021-04-17T00:45:00Z","fire_out_time_utc":"2021-04-17T15:00:00Z","fire_cause":"Human","fire_cause_general":"Other causes","map_method":"GPS-Walked","source_dataset":"FFP","unique_fire_identifier":"2021-MNMNS-121092","irwin_id":"{3188F885-0FFA-48C9-BA48-2C5B2C538A9A}","global_id":"93716462-d85e-4e82-b288-0d5d662f623c"}},{"type":"Feature","geometry":{"type":"Polygon","coordinates":[[[-95.37767,47.95894],[-95.37879,47.95716],[-95.37574,47.95651],[-95.37124,47.95947],[-95.36921,47.96205],[-95.36697,47.96276],[-95.36447,47.96152],[-95.36501,47.96381],[-95.3675,47.96599],[-95.36865,47.96548],[-95.37229,47.96653],[-95.3727,47.96837],[-95.37514,47.96885],[-95.36852,47.96945],[-95.36171,47.96304],[-95.36094,47.96528],[-95.36077,47.96929],[-95.35924,47.9715],[-95.35487,47.97147],[-95.35286,47.96811],[-95.3519,47.9657],[-95.35449,47.96293],[-95.35223,47.96089],[-95.34584,47.96068],[-95.3437,47.95983],[-95.34546,47.95717],[-95.35486,47.95569],[-95.36019,47.95191],[-95.36646,47.94876],[-95.36122,47.94485],[-95.35517,47.94502],[-95.34839,47.94652],[-95.34356,47.9494],[-95.33821,47.94526],[-95.33156,47.94308],[-95.33067,47.94041],[-95.33343,47.9374],[-95.34164,47.93353],[-95.34629,47.93178],[-95.3493,47.92971],[-95.35712,47.92818],[-95.36245,47.9261],[-95.36663,47.92539],[-95.36982,47.92612],[-95.37278,47.92534],[-95.37468,47.92345],[-95.37521,47.92079],[-95.37782,47.92081],[-95.37628,47.92401],[-95.3762,47.92558],[-95.37712,47.92654],[-95.37854,47.92691],[-95.37994,47.92429],[-95.381,47.9217],[-95.38488,47.92479],[-95.38256,47.92836],[-95.38071,47.93014],[-95.37132,47.93321],[-95.36831,47.93588],[-95.36292,47.93697],[-95.36178,47.93887],[-95.36428,47.93975],[-95.36663,47.94041],[-95.36716,47.9446],[-95.36921,47.94783],[-95.37091,47.94807],[-95.37106,47.94733],[-95.37112,47.94546],[-95.37702,47.94471],[-95.37895,47.94335],[-95.3827,47.94196],[-95.38481,47.93977],[-95.38973,47.93762],[-95.3954,47.93758],[-95.39748,47.93822],[-95.3954,47.94626],[-95.395,47.94707],[-95.39407,47.95223],[-95.39413,47.96127],[-95.38337,47.95896],[-95.38356,47.96103],[-95.38572,47.9625],[-95.38328,47.96314],[-95.38183,47.96294],[-95.37767,47.95894]]]},"properties":{"fire_id":"ufid:2021-MNRLA-000005","source_collection":"history-2021","source_objectid":9666,"incident_name":"RL 005 UNIT 8 & 9","mapped_acres":0.1,"mapped_acres_source":"poly_GISAcres","gis_acres":0.1,"auto_acres":2937.806755993935,"reported_acres":3561.0,"percent_contained":null,"state":"MN","state_wfigs":"US-MN","county":"Clearwater","discovery_time_utc":"2021-03-07T19:38:00Z","perimeter_time_utc":"2021-03-09T04:41:00Z","perimeter_edit_time_utc":"2023-03-14T15:13:42Z","incident_modified_time_utc":"2021-03-19T22:36:29Z","containment_time_utc":null,"control_time_utc":null,"fire_out_time_utc":"2021-03-10T00:00:00Z","fire_cause":"Human","fire_cause_general":"Other causes","map_method":"Auto-generated","source_dataset":"FFP","unique_fire_identifier":"2021-MNRLA-000005","irwin_id":"{32A0D248-7FA4-4439-AC82-676B75775981}","global_id":"bef46bc5-33e3-493c-b0f9-4b11aaa4e0f3"}},{"type":"Feature","geometry":{"type":"Polygon","coordinates":[[[-96.55511,48.8974],[-96.55374,48.89733],[-96.553,48.8966],[-96.55316,48.89565],[-96.55286,48.89532],[-96.55229,48.89502],[-96.55239,48.89425],[-96.55119,48.89296],[-96.55001,48.8923],[-96.54955,48.89178],[-96.54906,48.89099],[-96.54924,48.89083],[-96.54962,48.89081],[-96.5497,48.89072],[-96.54952,48.89051],[-96.54987,48.8902],[-96.55745,48.89016],[-96.55787,48.89728],[-96.55641,48.8973],[-96.55674,48.89795],[-96.55632,48.89796],[-96.55511,48.8974]]]},"properties":{"fire_id":"ufid:2021-MNMNS-121053","source_collection":"history-2021","source_objectid":9698,"incident_name":"LadySlipper","mapped_acres":15.0,"mapped_acres_source":"poly_GISAcres","gis_acres":15.0,"auto_acres":90.36091880845647,"reported_acres":90.3,"percent_contained":null,"state":"MN","state_wfigs":"US-MN","county":"Kittson","discovery_time_utc":"2021-03-25T16:31:26Z","perimeter_time_utc":"2021-03-25T21:31:26Z","perimeter_edit_time_utc":"2023-03-14T15:13:42Z","incident_modified_time_utc":"2022-01-10T18:18:49Z","containment_time_utc":null,"control_time_utc":"2021-03-25T19:36:00Z","fire_out_time_utc":"2021-03-30T17:58:21Z","fire_cause":"Undetermined","fire_cause_general":"Undetermined","map_method":"Hand Sketch","source_dataset":"FFP","unique_fire_identifier":"2021-MNMNS-121053","irwin_id":"{7BE82BA9-A99B-471B-A406-950031099B4F}","global_id":"3909a399-8ed0-4106-8cc1-d691f19c35e2"}},{"type":"Feature","geometry":{"type":"Polygon","coordinates":[[[-95.85825,46.72684],[-95.85817,46.72781],[-95.85796,46.72723],[-95.85731,46.72684],[-95.85703,46.72642],[-95.85705,46.72609],[-95.85684,46.72562],[-95.85718,46.72544],[-95.85804,46.7257],[-95.85825,46.72684]]]},"properties":{"fire_id":"ufid:2021-MNMNS-161062","source_collection":"history-2021","source_objectid":9755,"incident_name":"Sour Swamp","mapped_acres":3.682184741247054,"mapped_acres_source":"poly_Acres_AutoCalc_fallback","gis_acres":null,"auto_acres":3.682184741247054,"reported_acres":3.6,"percent_contained":null,"state":"MN","state_wfigs":"US-MN","county":"Becker","discovery_time_utc":"2021-05-25T15:54:00Z","perimeter_time_utc":"2021-05-25T20:42:00Z","perimeter_edit_time_utc":"2023-03-14T15:13:42Z","incident_modified_time_utc":"2022-01-10T17:37:12Z","containment_time_utc":"2021-05-25T16:32:00Z","control_time_utc":"2021-05-25T17:17:00Z","fire_out_time_utc":"2021-05-26T15:00:00Z","fire_cause":"Undetermined","fire_cause_general":"Undetermined","map_method":"Hand Sketch","source_dataset":"FFP","unique_fire_identifier":"2021-MNMNS-161062","irwin_id":"{9A7532F6-4BD7-4356-91C9-16971FB9DEEE}","global_id":"f9ac2ca9-8504-45b8-b4f0-ef6df654869b"}},{"type":"Feature","geometry":{"type":"Polygon","coordinates":[[[-95.7465,48.62466],[-95.74462,48.62423],[-95.74465,48.62336],[-95.74485,48.62333],[-95.74497,48.6236],[-95.74556,48.62356],[-95.74594,48.62398],[-95.746,48.62385],[-95.74651,48.62394],[-95.74619,48.62427],[-95.74653,48.62453],[-95.7465,48.62466]]]},"properties":{"fire_id":"ufid:2021-MNMNS-121104","source_collection":"history-2021","source_objectid":9845,"incident_name":"Love Bug Fire","mapped_acres":2.717593890815315,"mapped_acres_source":"poly_Acres_AutoCalc_fallback","gis_acres":null,"auto_acres":2.717593890815315,"reported_acres":2.7,"percent_contained":null,"state":"MN","state_wfigs":"US-MN","county":"Roseau","discovery_time_utc":"2021-04-24T17:50:46Z","perimeter_time_utc":"2021-04-24T19:40:56Z","perimeter_edit_time_utc":"2023-03-14T15:13:42Z","incident_modified_time_utc":"2022-01-10T18:01:36Z","containment_time_utc":null,"control_time_utc":"2021-04-24T19:10:41Z","fire_out_time_utc":"2021-04-29T16:42:56Z","fire_cause":"Human","fire_cause_general":"Recreation and ceremony","map_method":"Hand Sketch","source_dataset":"FFP","unique_fire_identifier":"2021-MNMNS-121104","irwin_id":"{3E0DBF58-5582-4D06-A9E8-350B8D721360}","global_id":"43299c7e-7b22-473a-bcd6-2b388b4d8e12"}},{"type":"Feature","geometry":{"type":"MultiPolygon","coordinates":[[[[-95.24714,47.21471],[-95.24679,47.21482],[-95.24737,47.21514],[-95.24737,47.2154],[-95.24747,47.21542],[-95.2471,47.21564],[-95.24664,47.2152],[-95.24622,47.21511],[-95.24623,47.21485],[-95.24571,47.21465],[-95.2457,47.21446],[-95.24546,47.21423],[-95.24561,47.21418],[-95.2455,47.21405],[-95.2456,47.21392],[-95.24534,47.21373],[-95.24544,47.21352],[-95.24567,47.21343],[-95.24569,47.21316],[-95.24652,47.21326],[-95.24672,47.21315],[-95.24744,47.21329],[-95.24806,47.21316],[-95.24825,47.21323],[-95.24836,47.2134],[-95.24812,47.21365],[-95.2483,47.21372],[-95.24827,47.21392],[-95.24805,47.21401],[-95.24797,47.21425],[-95.2477,47.21428],[-95.24714,47.21471]]],[[[-95.24714,47.21471],[-95.24715,47.21473],[-95.24712,47.21472],[-95.24714,47.21471]]]]},"properties":{"fire_id":"ufid:2021-MNMNS-111131","source_collection":"history-2021","source_objectid":10089,"incident_name":"Bohall Trail","mapped_acres":8.0,"mapped_acres_source":"poly_GISAcres","gis_acres":8.0,"auto_acres":8.962409647370615,"reported_acres":9.0,"percent_contained":null,"state":"MN","state_wfigs":"US-MN","county":"Clearwater","discovery_time_utc":"2021-10-05T20:33:17Z","perimeter_time_utc":"2021-10-06T01:33:17Z","perimeter_edit_time_utc":"2023-03-14T15:13:42Z","incident_modified_time_utc":"2022-01-10T18:40:55Z","containment_time_utc":"2021-11-16T15:12:58Z","control_time_utc":"2021-11-16T15:12:58Z","fire_out_time_utc":"2021-11-16T15:12:58Z","fire_cause":"Undetermined","fire_cause_general":"Undetermined","map_method":"Hand Sketch","source_dataset":"FFP","unique_fire_identifier":"2021-MNMNS-111131","irwin_id":"{2EB8A99A-79FD-4E00-8F2D-225E4997A977}","global_id":"121174a2-8497-46b7-9cc4-f748ca5cb614"}},{"type":"Feature","geometry":{"type":"Polygon","coordinates":[[[-95.37162,47.56692],[-95.37086,47.56577],[-95.37077,47.5654],[-95.37015,47.56516],[-95.36977,47.56421],[-95.37029,47.56356],[-95.3703,47.56321],[-95.37059,47.56301],[-95.37058,47.56265],[-95.3709,47.56241],[-95.37116,47.56184],[-95.37174,47.56153],[-95.37185,47.56131],[-95.37189,47.56102],[-95.37124,47.56045],[-95.37124,47.56027],[-95.37221,47.55993],[-95.3729,47.55993],[-95.3729,47.55953],[-95.37328,47.55865],[-95.37585,47.55856],[-95.3765,47.55873],[-95.37658,47.55928],[-95.37681,47.55975],[-95.37666,47.56017],[-95.37667,47.56124],[-95.3771,47.56175],[-95.37731,47.56228],[-95.37667,47.56239],[-95.37671,47.56292],[-95.37621,47.56393],[-95.37669,47.5644],[-95.37656,47.56463],[-95.37669,47.56522],[-95.37636,47.56521],[-95.37607,47.56477],[-95.37552,47.56466],[-95.37517,47.56474],[-95.37521,47.56561],[-95.37332,47.56681],[-95.37227,47.5669],[-95.37201,47.5668],[-95.37162,47.56692]]]},"properties":{"fire_id":"ufid:2021-MNMNS-111060","source_collection":"history-2021","source_objectid":10103,"incident_name":"School Forest","mapped_acres":20.0,"mapped_acres_source":"poly_GISAcres","gis_acres":20.0,"auto_acres":84.64012871155587,"reported_acres":90.0,"percent_contained":100.0,"state":"MN","state_wfigs":"US-MN","county":"Clearwater","discovery_time_utc":"2021-05-29T15:00:33Z","perimeter_time_utc":"2021-05-29T20:00:33Z","perimeter_edit_time_utc":"2023-03-14T15:13:42Z","incident_modified_time_utc":"2022-01-10T18:59:49Z","containment_time_utc":"2021-05-30T17:00:00Z","control_time_utc":"2021-05-30T17:02:00Z","fire_out_time_utc":"2021-10-13T16:08:21Z","fire_cause":"Undetermined","fire_cause_general":"Undetermined","map_method":"Hand Sketch","source_dataset":"Decertified","unique_fire_identifier":"2021-MNMNS-111060","irwin_id":"{58AD5981-B72B-49E6-9A1F-1896BBD02FC6}","global_id":"f81efa93-d531-4923-9de2-b49b50e8edc9"}},{"type":"Feature","geometry":{"type":"Polygon","coordinates":[[[-95.57364,47.97416],[-95.57738,47.9763],[-95.58203,47.97661],[-95.57952,47.98055],[-95.57652,47.98075],[-95.57173,47.97913],[-95.57071,47.98157],[-95.56855,47.98162],[-95.56844,47.97759],[-95.56629,47.97809],[-95.562,47.97668],[-95.55909,47.97638],[-95.55789,47.97854],[-95.55665,47.97962],[-95.55464,47.97826],[-95.55181,47.97519],[-95.54769,47.97433],[-95.54148,47.97666],[-95.54469,47.98021],[-95.54949,47.98247],[-95.55355,47.98238],[-95.55805,47.98209],[-95.56121,47.98133],[-95.56343,47.98255],[-95.565,47.98597],[-95.56822,47.98731],[-95.56759,47.98818],[-95.56434,47.98776],[-95.56235,47.98779],[-95.55861,47.98566],[-95.55546,47.98497],[-95.55123,47.98596],[-95.54911,47.98597],[-95.53873,47.97961],[-95.53829,47.97832],[-95.53953,47.97664],[-95.5374,47.97567],[-95.53945,47.97495],[-95.54148,47.97452],[-95.54351,47.97278],[-95.54351,47.97129],[-95.54534,47.97049],[-95.54827,47.97278],[-95.54901,47.97166],[-95.55075,47.97214],[-95.55217,47.97214],[-95.55278,47.97122],[-95.55465,47.97229],[-95.55567,47.97405],[-95.55802,47.97536],[-95.56129,47.97552],[-95.56403,47.97542],[-95.56723,47.9758],[-95.56984,47.97703],[-95.57068,47.97538],[-95.57102,47.97394],[-95.57364,47.97416]]]},"properties":{"fire_id":"ufid:2021-MNRLA-000025","source_collection":"history-2021","source_objectid":10138,"incident_name":"RL 022 SOUTH OF GOODS","mapped_acres":100.0,"mapped_acres_source":"poly_GISAcres","gis_acres":100.0,"auto_acres":513.5054802807988,"reported_acres":451.0,"percent_contained":null,"state":"MN","state_wfigs":"US-MN","county":"Clearwater","discovery_time_utc":"2021-03-14T01:30:00Z","perimeter_time_utc":"2021-03-14T19:14:00Z","perimeter_edit_time_utc":"2023-03-14T15:13:42Z","incident_modified_time_utc":"2021-03-19T22:34:32Z","containment_time_utc":"2021-03-14T17:30:00Z","control_time_utc":"2021-03-14T17:56:00Z","fire_out_time_utc":"2021-03-15T17:00:00Z","fire_cause":"Human","fire_cause_general":"Debris and open burning","map_method":"Auto-generated","source_dataset":"FFP","unique_fire_identifier":"2021-MNRLA-000025","irwin_id":"{31134031-1926-44A8-B324-1193146ECFF9}","global_id":"6652f372-1a38-43bd-8dc6-7ad7447d8e52"}},{"type":"Feature","geometry":{"type":"Polygon","coordinates":[[[-95.8073,48.07335],[-95.80712,48.07335],[-95.80714,48.07324],[-95.80736,48.07295],[-95.80751,48.07297],[-95.8073,48.07335]]]},"properties":{"fire_id":"ufid:2021-MNMNS-121165","source_collection":"history-2021","source_objectid":10215,"incident_name":"Common Burdock","mapped_acres":0.1501786892080782,"mapped_acres_source":"poly_Acres_AutoCalc_fallback","gis_acres":null,"auto_acres":0.1501786892080782,"reported_acres":0.1,"percent_contained":null,"state":"MN","state_wfigs":"US-MN","county":"Pennington","discovery_time_utc":"2021-06-03T18:40:56Z","perimeter_time_utc":"2021-06-03T20:26:53Z","perimeter_edit_time_utc":"2023-03-14T15:13:42Z","incident_modified_time_utc":"2022-01-10T17:38:22Z","containment_time_utc":null,"control_time_utc":"2021-06-03T19:30:39Z","fire_out_time_utc":"2021-06-15T15:14:40Z","fire_cause":"Human","fire_cause_general":"Debris and open burning","map_method":"Hand Sketch","source_dataset":"FFP","unique_fire_identifier":"2021-MNMNS-121165","irwin_id":"{5BF84FAA-8108-4ED6-B020-2B6B715A401B}","global_id":"1095c54c-9a73-407a-ac5e-cf264584983f"}},{"type":"Feature","geometry":{"type":"Polygon","coordinates":[[[-95.47075,47.68642],[-95.47078,47.6867],[-95.4706,47.68697],[-95.47038,47.68803],[-95.47004,47.68733],[-95.46997,47.6864],[-95.47075,47.68642]]]},"properties":{"fire_id":"ufid:2021-MNMNS-111007","source_collection":"history-2021","source_objectid":10260,"incident_name":"Slabwood","mapped_acres":2.0,"mapped_acres_source":"poly_GISAcres","gis_acres":2.0,"auto_acres":1.6710841049241212,"reported_acres":2.0,"percent_contained":null,"state":"MN","state_wfigs":"US-MN","county":"Clearwater","discovery_time_utc":"2021-03-20T21:48:10Z","perimeter_time_utc":"2021-03-21T02:48:10Z","perimeter_edit_time_utc":"2023-03-14T15:13:42Z","incident_modified_time_utc":"2022-01-10T19:13:40Z","containment_time_utc":"2021-03-21T01:00:00Z","control_time_utc":"2021-03-21T01:00:00Z","fire_out_time_utc":"2021-03-22T17:00:00Z","fire_cause":"Human","fire_cause_general":"Recreation and ceremony","map_method":"Hand Sketch","source_dataset":"FFP","unique_fire_identifier":"2021-MNMNS-111007","irwin_id":"{1383D282-540B-4560-A95C-BF288AC0B0C1}","global_id":"7692ffeb-ce8e-439c-b648-66673ac2aa00"}},{"type":"Feature","geometry":{"type":"Polygon","coordinates":[[[-95.46422,47.66991],[-95.46479,47.6697],[-95.46577,47.67006],[-95.46571,47.67031],[-95.4664,47.67047],[-95.46513,47.67053],[-95.46474,47.67041],[-95.46432,47.67016],[-95.46422,47.66991]]]},"properties":{"fire_id":"ufid:2021-MNMNS-111021","source_collection":"history-2021","source_objectid":10291,"incident_name":"Thompson Gravel","mapped_acres":1.8251730007900338,"mapped_acres_source":"poly_Acres_AutoCalc_fallback","gis_acres":null,"auto_acres":1.8251730007900338,"reported_acres":2.0,"percent_contained":null,"state":"MN","state_wfigs":"US-MN","county":"Clearwater","discovery_time_utc":"2021-04-03T17:44:39Z","perimeter_time_utc":"2021-04-13T17:13:08Z","perimeter_edit_time_utc":"2023-03-14T15:13:42Z","incident_modified_time_utc":"2022-01-10T19:10:07Z","containment_time_utc":"2021-04-03T19:00:00Z","control_time_utc":"2021-04-03T22:00:00Z","fire_out_time_utc":"2021-04-13T17:00:00Z","fire_cause":"Human","fire_cause_general":"Debris and open burning","map_method":"Hand Sketch","source_dataset":"FFP","unique_fire_identifier":"2021-MNMNS-111021","irwin_id":"{57310DDC-3268-4CBE-8A80-83D336F69CD7}","global_id":"8659fe3b-9995-4264-b6b8-7be4136b28d3"}},{"type":"Feature","geometry":{"type":"Polygon","coordinates":[[[-95.87884,48.60433],[-95.87822,48.60431],[-95.8781,48.60414],[-95.87776,48.60404],[-95.87762,48.60419],[-95.87739,48.60412],[-95.87693,48.60314],[-95.87721,48.60279],[-95.87669,48.60221],[-95.87552,48.60137],[-95.87528,48.60098],[-95.87451,48.60062],[-95.87468,48.60017],[-95.87503,48.60006],[-95.87497,48.59993],[-95.87415,48.59974],[-95.87364,48.59935],[-95.87367,48.59905],[-95.87851,48.59905],[-95.87834,48.5994],[-95.87935,48.59979],[-95.87959,48.6012],[-95.87987,48.60127],[-95.87954,48.60204],[-95.87933,48.60231],[-95.87892,48.60246],[-95.87892,48.60268],[-95.87983,48.60273],[-95.87997,48.60311],[-95.8797,48.60361],[-95.87884,48.60433]]]},"properties":{"fire_id":"ufid:2021-MNMNS-121010","source_collection":"history-2021","source_objectid":10314,"incident_name":"concerned tractor","mapped_acres":37.66651307421138,"mapped_acres_source":"poly_Acres_AutoCalc_fallback","gis_acres":null,"auto_acres":37.66651307421138,"reported_acres":40.1,"percent_contained":null,"state":"MN","state_wfigs":"US-MN","county":"Roseau","discovery_time_utc":"2021-03-13T21:00:00Z","perimeter_time_utc":"2021-03-18T14:13:59Z","perimeter_edit_time_utc":"2023-03-14T15:13:42Z","incident_modified_time_utc":"2022-01-10T18:29:04Z","containment_time_utc":"2021-03-13T22:15:00Z","control_time_utc":"2021-03-13T22:30:00Z","fire_out_time_utc":"2021-03-17T16:00:00Z","fire_cause":"Human","fire_cause_general":"Other causes","map_method":"Hand Sketch","source_dataset":"FFP","unique_fire_identifier":"2021-MNMNS-121010","irwin_id":"{79EA8E72-7889-4902-8099-014B0BE340F9}","global_id":"b1fb9ae1-8965-4a59-ae56-bc48ffeeac76"}},{"type":"Feature","geometry":{"type":"Polygon","coordinates":[[[-95.92644,48.43885],[-95.92672,48.43883],[-95.92661,48.44058],[-95.92648,48.44056],[-95.92644,48.43885]]]},"properties":{"fire_id":"ufid:2021-MNMNS-121006","source_collection":"history-2021","source_objectid":10388,"incident_name":"Dumpster fire","mapped_acres":0.75,"mapped_acres_source":"poly_GISAcres","gis_acres":0.75,"auto_acres":0.7098396894310599,"reported_acres":0.5,"percent_contained":null,"state":"MN","state_wfigs":"US-MN","county":"Marshall","discovery_time_utc":"2021-03-10T21:31:00Z","perimeter_time_utc":"2021-03-11T04:31:10Z","perimeter_edit_time_utc":"2023-03-14T15:13:42Z","incident_modified_time_utc":"2022-01-10T18:29:54Z","containment_time_utc":null,"control_time_utc":"2021-03-10T22:59:00Z","fire_out_time_utc":"2021-03-31T17:00:00Z","fire_cause":"Undetermined","fire_cause_general":"Undetermined","map_method":"Hand Sketch","source_dataset":"FFP","unique_fire_identifier":"2021-MNMNS-121006","irwin_id":"{27D4536F-64E9-4434-A274-C678E66A6B95}","global_id":"9dfbec2f-ae26-43ab-b233-71a241308cbd"}},{"type":"Feature","geometry":{"type":"Polygon","coordinates":[[[-95.14867,47.66702],[-95.14885,47.66684],[-95.14951,47.66735],[-95.14994,47.66742],[-95.14987,47.66771],[-95.14942,47.66792],[-95.14902,47.66771],[-95.14899,47.66741],[-95.14867,47.66702]]]},"properties":{"fire_id":"ufid:2021-MNMNS-111114","source_collection":"history-2021","source_objectid":10472,"incident_name":"Buzzle","mapped_acres":1.5,"mapped_acres_source":"poly_GISAcres","gis_acres":1.5,"auto_acres":1.2533359620828104,"reported_acres":0.9,"percent_contained":null,"state":"MN","state_wfigs":"US-MN","county":"Beltrami","discovery_time_utc":"2021-08-07T21:33:34Z","perimeter_time_utc":"2021-08-08T02:33:34Z","perimeter_edit_time_utc":"2023-03-14T15:13:42Z","incident_modified_time_utc":"2022-01-10T18:46:57Z","containment_time_utc":"2021-08-07T23:24:00Z","control_time_utc":"2021-08-08T00:24:00Z","fire_out_time_utc":"2021-09-13T19:38:11Z","fire_cause":"Human","fire_cause_general":"Debris and open burning","map_method":"Hand Sketch","source_dataset":"FFP","unique_fire_identifier":"2021-MNMNS-111114","irwin_id":"{1C837A57-6E0B-4467-89FD-A8939931D0D8}","global_id":"5d95068f-a16f-4e3f-a06e-88a87aea51ad"}},{"type":"Feature","geometry":{"type":"Polygon","coordinates":[[[-95.63794,47.26873],[-95.63834,47.26867],[-95.63855,47.26888],[-95.63838,47.26905],[-95.6381,47.26908],[-95.63788,47.26896],[-95.63794,47.26873]]]},"properties":{"fire_id":"ufid:2021-MNMNS-111122","source_collection":"history-2021","source_objectid":10510,"incident_name":"Dirt Bike","mapped_acres":0.5,"mapped_acres_source":"poly_GISAcres","gis_acres":0.5,"auto_acres":0.3999047944961331,"reported_acres":0.4,"percent_contained":null,"state":"MN","state_wfigs":"US-MN","county":"Mahnomen","discovery_time_utc":"2021-08-14T01:14:41Z","perimeter_time_utc":"2021-08-14T06:14:41Z","perimeter_edit_time_utc":"2023-03-14T15:13:42Z","incident_modified_time_utc":"2022-01-10T18:43:14Z","containment_time_utc":"2021-08-14T02:30:00Z","control_time_utc":"2021-08-14T02:42:00Z","fire_out_time_utc":"2021-08-14T17:00:00Z","fire_cause":"Human","fire_cause_general":"Arson","map_method":"Hand Sketch","source_dataset":"FFP","unique_fire_identifier":"2021-MNMNS-111122","irwin_id":"{A1F1E54C-9AF1-467B-AC9B-8B438F872B7A}","global_id":"ad92f28b-b881-482d-a371-e21cc35f6b90"}},{"type":"Feature","geometry":{"type":"Polygon","coordinates":[[[-95.13529,46.42881],[-95.13601,46.42851],[-95.13621,46.4288],[-95.13529,46.42881]]]},"properties":{"fire_id":"ufid:2021-MNMNS-161080","source_collection":"history-2021","source_objectid":10561,"incident_name":"Wadena campfire","mapped_acres":0.3129956430247094,"mapped_acres_source":"poly_Acres_AutoCalc_fallback","gis_acres":null,"auto_acres":0.3129956430247094,"reported_acres":0.3,"percent_contained":null,"state":"MN","state_wfigs":"US-MN","county":"Wadena","discovery_time_utc":"2021-06-25T16:13:31Z","perimeter_time_utc":"2021-06-25T20:34:48Z","perimeter_edit_time_utc":"2023-03-14T15:13:42Z","incident_modified_time_utc":"2022-01-10T17:45:17Z","containment_time_utc":"2021-06-25T16:26:00Z","control_time_utc":"2021-06-25T16:48:00Z","fire_out_time_utc":"2021-07-19T19:05:06Z","fire_cause":"Human","fire_cause_general":"Debris and open burning","map_method":"Hand Sketch","source_dataset":"FFP","unique_fire_identifier":"2021-MNMNS-161080","irwin_id":"{8DFF318D-F847-46C0-AE79-70190E7B666A}","global_id":"b3996427-0cc2-4339-afeb-0e76cae7e56e"}},{"type":"Feature","geometry":{"type":"Polygon","coordinates":[[[-95.37886,48.78714],[-95.37889,48.78714],[-95.37888,48.78716],[-95.37886,48.78714]]]},"properties":{"fire_id":"ufid:2021-MNMNS-121127","source_collection":"history-2021","source_objectid":10574,"incident_name":"Wobble Grade Fire","mapped_acres":2.0,"mapped_acres_source":"poly_GISAcres","gis_acres":2.0,"auto_acres":0.0009752766778882236,"reported_acres":0.1,"percent_contained":null,"state":"MN","state_wfigs":"US-MN","county":"Roseau","discovery_time_utc":"2021-05-01T19:05:58Z","perimeter_time_utc":"2021-05-02T00:05:58Z","perimeter_edit_time_utc":"2023-03-14T15:13:42Z","incident_modified_time_utc":"2022-01-10T17:51:35Z","containment_time_utc":"2021-05-01T19:15:31Z","control_time_utc":"2021-05-01T19:15:31Z","fire_out_time_utc":"2021-05-01T19:15:31Z","fire_cause":"Human","fire_cause_general":"Recreation and ceremony","map_method":"Hand Sketch","source_dataset":"FFP","unique_fire_identifier":"2021-MNMNS-121127","irwin_id":"{74E96BD6-05DB-48E4-B489-3DD69931FF3E}","global_id":"89c50353-0241-4d7b-a1eb-6cf61f32b87a"}},{"type":"Feature","geometry":{"type":"Polygon","coordinates":[[[-96.68977,48.45904],[-96.69067,48.45798],[-96.69151,48.45667],[-96.69293,48.45668],[-96.69297,48.46141],[-96.69288,48.46139],[-96.69286,48.46034],[-96.68949,48.46034],[-96.68977,48.45904]]]},"properties":{"fire_id":"ufid:2021-MNMNS-121036","source_collection":"history-2021","source_objectid":10578,"incident_name":"another fire Augsburg","mapped_acres":10.0,"mapped_acres_source":"poly_GISAcres","gis_acres":10.0,"auto_acres":19.887648210710076,"reported_acres":19.9,"percent_contained":null,"state":"MN","state_wfigs":"US-MN","county":"Marshall","discovery_time_utc":"2021-03-19T20:38:52Z","perimeter_time_utc":"2021-03-20T01:38:52Z","perimeter_edit_time_utc":"2023-03-14T15:13:42Z","incident_modified_time_utc":"2022-01-10T18:23:02Z","containment_time_utc":"2021-03-19T23:12:00Z","control_time_utc":"2021-03-20T01:12:00Z","fire_out_time_utc":"2021-04-06T19:12:49Z","fire_cause":"Human","fire_cause_general":"Other causes","map_method":"Hand Sketch","source_dataset":"FFP","unique_fire_identifier":"2021-MNMNS-121036","irwin_id":"{4B0F4C79-4A0E-4296-AE31-F7C1219E8E58}","global_id":"ae56ab9b-d276-4dc2-8df0-6485d230181b"}},{"type":"Feature","geometry":{"type":"Polygon","coordinates":[[[-95.74309,47.92532],[-95.74696,47.92605],[-95.74652,47.92707],[-95.74305,47.92676],[-95.74309,47.92532]]]},"properties":{"fire_id":"ufid:2021-MNMNS-111119","source_collection":"history-2021","source_objectid":10632,"incident_name":"Windy","mapped_acres":1.0,"mapped_acres_source":"poly_GISAcres","gis_acres":1.0,"auto_acres":9.564916733556734,"reported_acres":1.0,"percent_contained":null,"state":"MN","state_wfigs":"US-MN","county":"Red Lake","discovery_time_utc":"2021-08-12T19:04:27Z","perimeter_time_utc":"2021-08-13T00:04:27Z","perimeter_edit_time_utc":"2023-03-14T15:13:42Z","incident_modified_time_utc":"2022-01-10T18:44:14Z","containment_time_utc":"2021-08-12T20:00:00Z","control_time_utc":"2021-08-12T20:00:00Z","fire_out_time_utc":"2021-08-12T20:30:00Z","fire_cause":"Human","fire_cause_general":"Equipment and vehicle use","map_method":"Hand Sketch","source_dataset":"FFP","unique_fire_identifier":"2021-MNMNS-111119","irwin_id":"{2A5AE45A-AA99-4A14-B920-DA669D2111EB}","global_id":"0e51aea9-731b-4fb3-8f20-4c7da52b948c"}},{"type":"Feature","geometry":{"type":"Polygon","coordinates":[[[-95.59582,47.72566],[-95.59423,47.72577],[-95.5938,47.72537],[-95.5936,47.7248],[-95.59576,47.72476],[-95.59582,47.72566]]]},"properties":{"fire_id":"ufid:2021-MNMNS-111042","source_collection":"history-2021","source_objectid":10803,"incident_name":"Lucky Charm","mapped_acres":3.0,"mapped_acres_source":"poly_GISAcres","gis_acres":3.0,"auto_acres":3.977834473371619,"reported_acres":3.0,"percent_contained":null,"state":"MN","state_wfigs":"US-MN","county":"Polk","discovery_time_utc":"2021-05-08T17:59:36Z","perimeter_time_utc":"2021-05-08T22:59:36Z","perimeter_edit_time_utc":"2023-03-14T15:13:42Z","incident_modified_time_utc":"2022-01-10T19:03:53Z","containment_time_utc":"2021-05-08T18:30:00Z","control_time_utc":"2021-05-08T19:30:00Z","fire_out_time_utc":"2021-06-30T20:04:00Z","fire_cause":"Human","fire_cause_general":"Debris and open burning","map_method":"Hand Sketch","source_dataset":"FFP","unique_fire_identifier":"2021-MNMNS-111042","irwin_id":"{C1AF851A-8C00-4816-851E-88E598CC1827}","global_id":"3ad25108-965f-4e5c-aab2-16e402fe6e0c"}},{"type":"Feature","geometry":{"type":"Polygon","coordinates":[[[-95.7956,48.52956],[-95.78207,48.52936],[-95.79028,48.52941],[-95.79033,48.52929],[-95.79453,48.5293],[-95.79454,48.52945],[-95.7956,48.52946],[-95.7956,48.52956]]]},"properties":{"fire_id":"ufid:2021-MNMNS-121122","source_collection":"history-2021","source_objectid":10850,"incident_name":"Bullwinkle","mapped_acres":1.0,"mapped_acres_source":"poly_GISAcres","gis_acres":1.0,"auto_acres":3.6850578271437695,"reported_acres":2.8,"percent_contained":null,"state":"MN","state_wfigs":"US-MN","county":"Marshall","discovery_time_utc":"2021-04-29T21:02:15Z","perimeter_time_utc":"2021-04-30T02:02:15Z","perimeter_edit_time_utc":"2023-03-14T15:13:42Z","incident_modified_time_utc":"2022-01-10T17:52:47Z","containment_time_utc":null,"control_time_utc":"2021-04-29T21:55:00Z","fire_out_time_utc":"2021-04-30T17:00:00Z","fire_cause":"Human","fire_cause_general":"Debris and open burning","map_method":"Hand Sketch","source_dataset":"FFP","unique_fire_identifier":"2021-MNMNS-121122","irwin_id":"{39B6E102-4ABA-451B-BEA6-14177FA37450}","global_id":"81091f4b-0320-454a-98a0-8a165db7fa4e"}},{"type":"Feature","geometry":{"type":"Polygon","coordinates":[[[-95.07219,47.22436],[-95.07373,47.22464],[-95.07339,47.22501],[-95.07234,47.22536],[-95.07219,47.22436]]]},"properties":{"fire_id":"ufid:2021-MNMNS-111069","source_collection":"history-2021","source_objectid":10872,"incident_name":"County 95","mapped_acres":2.0,"mapped_acres_source":"poly_GISAcres","gis_acres":2.0,"auto_acres":1.941264557366164,"reported_acres":2.0,"percent_contained":null,"state":"MN","state_wfigs":"US-MN","county":"Hubbard","discovery_time_utc":"2021-06-08T22:07:15Z","perimeter_time_utc":"2021-06-09T03:07:15Z","perimeter_edit_time_utc":"2023-03-14T15:13:42Z","incident_modified_time_utc":"2022-01-10T18:57:58Z","containment_time_utc":"2021-06-09T03:00:00Z","control_time_utc":"2021-06-09T03:00:00Z","fire_out_time_utc":"2021-06-22T14:00:00Z","fire_cause":"Natural","fire_cause_general":"Natural","map_method":"Hand Sketch","source_dataset":"FFP","unique_fire_identifier":"2021-MNMNS-111069","irwin_id":"{097D4F2E-05ED-4130-84FF-8073E30603BD}","global_id":"4ca17e81-0073-4e7a-a8f5-4138befeb28b"}},{"type":"Feature","geometry":{"type":"Polygon","coordinates":[[[-95.61143,47.29589],[-95.61231,47.29587],[-95.61359,47.29715],[-95.61394,47.29842],[-95.61392,47.29947],[-95.61477,47.30032],[-95.6152,47.30168],[-95.61525,47.30243],[-95.6155,47.30329],[-95.61572,47.30366],[-95.61606,47.30383],[-95.61608,47.30428],[-95.61503,47.3044],[-95.61507,47.30517],[-95.61544,47.30564],[-95.61572,47.30654],[-95.6157,47.3074],[-95.61449,47.30751],[-95.61398,47.30777],[-95.61282,47.30779],[-95.61252,47.30769],[-95.61338,47.30678],[-95.6131,47.30665],[-95.61168,47.30857],[-95.61057,47.30924],[-95.6104,47.30917],[-95.61059,47.30888],[-95.6098,47.30815],[-95.6107,47.30773],[-95.61065,47.30481],[-95.61089,47.30401],[-95.61067,47.30358],[-95.61014,47.30345],[-95.60995,47.30305],[-95.6098,47.30243],[-95.61046,47.30197],[-95.6101,47.30163],[-95.61012,47.30096],[-95.60962,47.30051],[-95.60922,47.29952],[-95.60943,47.29897],[-95.60928,47.29856],[-95.60939,47.29811],[-95.60889,47.29804],[-95.60872,47.29773],[-95.60887,47.29752],[-95.60947,47.29736],[-95.60992,47.29696],[-95.61063,47.29672],[-95.61108,47.29637],[-95.61143,47.29589]]]},"properties":{"fire_id":"ufid:2021-MNMNA-000006","source_collection":"history-2021","source_objectid":10880,"incident_name":"Spence","mapped_acres":120.0,"mapped_acres_source":"poly_GISAcres","gis_acres":120.0,"auto_acres":116.23280290815732,"reported_acres":108.0,"percent_contained":null,"state":"MN","state_wfigs":"US-MN","county":"Mahnomen","discovery_time_utc":"2021-03-21T00:00:00Z","perimeter_time_utc":"2021-03-21T05:00:00Z","perimeter_edit_time_utc":"2023-03-14T15:13:42Z","incident_modified_time_utc":"2021-11-30T16:48:55Z","containment_time_utc":"2021-03-21T01:48:00Z","control_time_utc":"2021-03-21T02:00:00Z","fire_out_time_utc":"2021-03-22T17:00:00Z","fire_cause":"Human","fire_cause_general":"Arson","map_method":"Digitized-Image","source_dataset":"FFP","unique_fire_identifier":"2021-MNMNA-000006","irwin_id":"{4E00CFD9-42C4-4E09-AA6D-41BA9E944919}","global_id":"07f3b83f-e54a-41b8-b375-eced853d2396"}},{"type":"Feature","geometry":{"type":"Polygon","coordinates":[[[-95.32541,47.70374],[-95.32579,47.70391],[-95.32578,47.70419],[-95.3252,47.70413],[-95.32541,47.70374]]]},"properties":{"fire_id":"ufid:2021-MNMNS-111066","source_collection":"history-2021","source_objectid":10929,"incident_name":"Pine Cone","mapped_acres":0.5,"mapped_acres_source":"poly_GISAcres","gis_acres":0.5,"auto_acres":0.3975545208010479,"reported_acres":0.5,"percent_contained":null,"state":"MN","state_wfigs":"US-MN","county":"Clearwater","discovery_time_utc":"2021-06-04T17:31:11Z","perimeter_time_utc":"2021-06-04T22:31:11Z","perimeter_edit_time_utc":"2023-03-14T15:13:42Z","incident_modified_time_utc":"2022-01-10T18:58:35Z","containment_time_utc":"2021-06-04T17:45:00Z","control_time_utc":"2021-06-04T18:00:00Z","fire_out_time_utc":"2021-07-17T19:30:00Z","fire_cause":"Human","fire_cause_general":"Debris and open burning","map_method":"Hand Sketch","source_dataset":"FFP","unique_fire_identifier":"2021-MNMNS-111066","irwin_id":"{0665A81D-D8A1-4152-89E1-D24FE65B4474}","global_id":"b8e29e1a-63ef-4f4d-ab58-cd94a52b507e"}},{"type":"Feature","geometry":{"type":"Polygon","coordinates":[[[-95.13483,46.42329],[-95.13455,46.42284],[-95.13478,46.42286],[-95.13493,46.42317],[-95.13483,46.42329]]]},"properties":{"fire_id":"ufid:2021-MNMNS-161030","source_collection":"history-2021","source_objectid":11113,"incident_name":"Wadena ditch","mapped_acres":0.16459883549991927,"mapped_acres_source":"poly_Acres_AutoCalc_fallback","gis_acres":null,"auto_acres":0.16459883549991927,"reported_acres":0.1,"percent_contained":null,"state":"MN","state_wfigs":"US-MN","county":"Wadena","discovery_time_utc":"2021-04-06T23:07:20Z","perimeter_time_utc":"2021-04-08T15:04:30Z","perimeter_edit_time_utc":"2023-03-14T15:13:42Z","incident_modified_time_utc":"2022-01-10T17:10:51Z","containment_time_utc":"2021-04-06T23:45:00Z","control_time_utc":"2021-04-06T23:50:00Z","fire_out_time_utc":"2021-04-07T00:02:00Z","fire_cause":"Human","fire_cause_general":"Equipment and vehicle use","map_method":"Hand Sketch","source_dataset":"FFP","unique_fire_identifier":"2021-MNMNS-161030","irwin_id":"{83E5CCEE-C066-423E-B578-C93F85DEB4DF}","global_id":"fdebf862-6ac4-4502-93b2-28a5853b3aae"}},{"type":"Feature","geometry":{"type":"Polygon","coordinates":[[[-95.43019,48.89184],[-95.42992,48.89181],[-95.42999,48.89172],[-95.43019,48.89184]]]},"properties":{"fire_id":"ufid:2021-MNMNS-121153","source_collection":"history-2021","source_objectid":11161,"incident_name":"Red Dun","mapped_acres":0.05213333828135507,"mapped_acres_source":"poly_Acres_AutoCalc_fallback","gis_acres":null,"auto_acres":0.05213333828135507,"reported_acres":0.1,"percent_contained":null,"state":"MN","state_wfigs":"US-MN","county":"Roseau","discovery_time_utc":"2021-05-16T20:05:00Z","perimeter_time_utc":"2021-05-17T15:41:42Z","perimeter_edit_time_utc":"2023-03-14T15:13:42Z","incident_modified_time_utc":"2022-01-10T17:42:54Z","containment_time_utc":"2021-05-16T20:20:00Z","control_time_utc":"2021-05-16T20:20:00Z","fire_out_time_utc":"2021-05-17T15:53:47Z","fire_cause":"Human","fire_cause_general":"Debris and open burning","map_method":"Hand Sketch","source_dataset":"FFP","unique_fire_identifier":"2021-MNMNS-121153","irwin_id":"{6742BE85-5A58-4FD9-928C-CBAA63059411}","global_id":"a8fd5afd-96d7-4657-ac59-bb181f6c151b"}},{"type":"Feature","geometry":{"type":"MultiPolygon","coordinates":[[[[-95.64615,47.77078],[-95.64838,47.77157],[-95.65321,47.77409],[-95.65308,47.77418],[-95.6481,47.77164],[-95.64767,47.7717],[-95.64613,47.77102],[-95.64615,47.77078]]],[[[-95.64615,47.77073],[-95.64156,47.76916],[-95.64156,47.769],[-95.64375,47.76954],[-95.64615,47.77053],[-95.64615,47.77073]]]]},"properties":{"fire_id":"ufid:2021-MNMNS-111086","source_collection":"history-2021","source_objectid":11218,"incident_name":"92 Fire","mapped_acres":1.0,"mapped_acres_source":"poly_GISAcres","gis_acres":1.0,"auto_acres":6.005840892595804,"reported_acres":1.5,"percent_contained":null,"state":"MN","state_wfigs":"US-MN","county":"Polk","discovery_time_utc":"2021-07-02T21:00:14Z","perimeter_time_utc":"2021-07-03T02:00:14Z","perimeter_edit_time_utc":"2023-03-14T15:13:42Z","incident_modified_time_utc":"2022-01-10T18:54:08Z","containment_time_utc":"2021-07-02T21:43:00Z","control_time_utc":"2021-07-02T22:00:00Z","fire_out_time_utc":"2021-08-30T19:47:00Z","fire_cause":"Human","fire_cause_general":"Equipment and vehicle use","map_method":"Hand Sketch","source_dataset":"FFP","unique_fire_identifier":"2021-MNMNS-111086","irwin_id":"{6CB8CC42-CBE5-405B-89A7-F05FA63E2CBC}","global_id":"e7285bc9-f8b4-4ecf-b0c8-e97403d3f0bf"}},{"type":"Feature","geometry":{"type":"Polygon","coordinates":[[[-96.62569,48.31889],[-96.62345,48.31893],[-96.62362,48.31757],[-96.6246,48.31637],[-96.62358,48.31542],[-96.62358,48.31492],[-96.62392,48.31434],[-96.62406,48.31354],[-96.62443,48.31298],[-96.62471,48.31171],[-96.6262,48.31153],[-96.62791,48.31173],[-96.62791,48.31221],[-96.62757,48.31318],[-96.6276,48.31375],[-96.62692,48.31513],[-96.62706,48.31703],[-96.62637,48.31733],[-96.62569,48.31796],[-96.62569,48.31889]]]},"properties":{"fire_id":"ufid:2021-MNMNS-121016","source_collection":"history-2021","source_objectid":11236,"incident_name":"Foldahl Township Fire","mapped_acres":50.0,"mapped_acres_source":"poly_GISAcres","gis_acres":50.0,"auto_acres":44.0629747001845,"reported_acres":25.0,"percent_contained":null,"state":"MN","state_wfigs":"US-MN","county":"Marshall","discovery_time_utc":"2021-03-17T04:02:00Z","perimeter_time_utc":"2021-03-15T21:02:00Z","perimeter_edit_time_utc":"2023-03-14T15:13:42Z","incident_modified_time_utc":"2022-01-10T18:27:39Z","containment_time_utc":null,"control_time_utc":"2021-03-17T06:30:00Z","fire_out_time_utc":"2021-03-19T17:51:00Z","fire_cause":"Undetermined","fire_cause_general":"Undetermined","map_method":"Hand Sketch","source_dataset":"FFP","unique_fire_identifier":"2021-MNMNS-121016","irwin_id":"{958294C1-2FA5-4A4D-BBFF-DA80D675910B}","global_id":"e32307ed-f620-47e5-8379-b24efd977539"}},{"type":"Feature","geometry":{"type":"Polygon","coordinates":[[[-95.49303,47.56499],[-95.49343,47.56497],[-95.49348,47.56513],[-95.49305,47.5651],[-95.49303,47.56499]]]},"properties":{"fire_id":"ufid:2021-MNMNS-111070","source_collection":"history-2021","source_objectid":11263,"incident_name":"Monson Lake","mapped_acres":0.25,"mapped_acres_source":"poly_GISAcres","gis_acres":0.25,"auto_acres":0.13187455675245996,"reported_acres":0.25,"percent_contained":null,"state":"MN","state_wfigs":"US-MN","county":"Clearwater","discovery_time_utc":"2021-06-14T18:57:20Z","perimeter_time_utc":"2021-06-14T23:57:20Z","perimeter_edit_time_utc":"2023-03-14T15:13:42Z","incident_modified_time_utc":"2022-01-10T18:57:41Z","containment_time_utc":"2021-06-14T19:25:00Z","control_time_utc":"2021-06-14T19:30:00Z","fire_out_time_utc":"2021-06-15T18:00:40Z","fire_cause":"Human","fire_cause_general":"Equipment and vehicle use","map_method":"Hand Sketch","source_dataset":"FFP","unique_fire_identifier":"2021-MNMNS-111070","irwin_id":"{2995754F-B0C9-4225-99C5-43C055611C1B}","global_id":"98c4f4e7-38cf-4ece-adaa-21cfc7bdfcba"}},{"type":"Feature","geometry":{"type":"Polygon","coordinates":[[[-95.79696,47.32464],[-95.79681,47.32482],[-95.7969,47.32506],[-95.79732,47.32532],[-95.79768,47.32533],[-95.79771,47.32544],[-95.79678,47.32604],[-95.79553,47.32512],[-95.79556,47.32479],[-95.7957,47.32468],[-95.79688,47.32456],[-95.79696,47.32464]]]},"properties":{"fire_id":"ufid:2021-MNMNS-111106","source_collection":"history-2021","source_objectid":11335,"incident_name":"Midway Lake","mapped_acres":5.0,"mapped_acres_source":"poly_GISAcres","gis_acres":5.0,"auto_acres":3.677649142207628,"reported_acres":5.0,"percent_contained":null,"state":"MN","state_wfigs":"US-MN","county":"Mahnomen","discovery_time_utc":"2021-07-26T16:59:19Z","perimeter_time_utc":"2021-07-26T21:59:19Z","perimeter_edit_time_utc":"2023-03-14T15:13:42Z","incident_modified_time_utc":"2022-01-10T18:49:01Z","containment_time_utc":"2021-07-26T20:30:00Z","control_time_utc":"2021-08-02T19:15:12Z","fire_out_time_utc":"2021-08-02T19:15:12Z","fire_cause":"Human","fire_cause_general":"Debris and open burning","map_method":"Hand Sketch","source_dataset":"FFP","unique_fire_identifier":"2021-MNMNS-111106","irwin_id":"{0CE1275D-BB1E-4764-B548-C6552CF0F436}","global_id":"9ccad738-1416-48ec-b637-233cb22e9124"}},{"type":"Feature","geometry":{"type":"Polygon","coordinates":[[[-96.58433,48.57848],[-96.58426,48.58684],[-96.57791,48.5868],[-96.57783,48.5853],[-96.578,48.58442],[-96.57877,48.58325],[-96.58115,48.58057],[-96.58205,48.57935],[-96.58281,48.57879],[-96.58358,48.57847],[-96.58433,48.57848]]]},"properties":{"fire_id":"ufid:2021-MNMNS-121035","source_collection":"history-2021","source_objectid":11350,"incident_name":"North fire","mapped_acres":60.0,"mapped_acres_source":"poly_GISAcres","gis_acres":60.0,"auto_acres":78.46972459958947,"reported_acres":60.0,"percent_contained":null,"state":"MN","state_wfigs":"US-MN","county":"Kittson","discovery_time_utc":"2021-03-19T21:20:42Z","perimeter_time_utc":"2021-03-20T02:20:42Z","perimeter_edit_time_utc":"2023-03-14T15:13:42Z","incident_modified_time_utc":"2022-01-10T18:23:18Z","containment_time_utc":null,"control_time_utc":"2021-03-20T00:30:00Z","fire_out_time_utc":"2021-04-16T15:59:54Z","fire_cause":"Undetermined","fire_cause_general":"Undetermined","map_method":"Hand Sketch","source_dataset":"FFP","unique_fire_identifier":"2021-MNMNS-121035","irwin_id":"{F61E2A72-E12D-4B98-A47B-525EE6D90738}","global_id":"0fda758c-bbd8-4eef-8eec-05b2134ca54d"}},{"type":"Feature","geometry":{"type":"Polygon","coordinates":[[[-95.63441,47.26613],[-95.63497,47.26608],[-95.63501,47.26627],[-95.63441,47.26613]]]},"properties":{"fire_id":"ufid:2021-MNMNS-111093","source_collection":"history-2021","source_objectid":11369,"incident_name":"Usher","mapped_acres":0.09923093351906408,"mapped_acres_source":"poly_Acres_AutoCalc_fallback","gis_acres":null,"auto_acres":0.09923093351906408,"reported_acres":0.1,"percent_contained":null,"state":"MN","state_wfigs":"US-MN","county":"Mahnomen","discovery_time_utc":"2021-07-10T00:10:00Z","perimeter_time_utc":"2021-07-10T16:58:54Z","perimeter_edit_time_utc":"2023-03-14T15:13:42Z","incident_modified_time_utc":"2022-01-10T18:52:24Z","containment_time_utc":null,"control_time_utc":"2021-07-10T00:40:00Z","fire_out_time_utc":"2021-07-10T00:45:00Z","fire_cause":"Human","fire_cause_general":"Arson","map_method":"Hand Sketch","source_dataset":"FFP","unique_fire_identifier":"2021-MNMNS-111093","irwin_id":"{2EA054E8-9D1F-448D-85A6-471AA323EBBB}","global_id":"2304c1d5-099b-49a1-a0b4-f8866a7d5665"}},{"type":"Feature","geometry":{"type":"Polygon","coordinates":[[[-95.78103,48.59257],[-95.78104,48.59304],[-95.78045,48.59306],[-95.78063,48.593],[-95.78062,48.59283],[-95.78033,48.59283],[-95.78103,48.59257]]]},"properties":{"fire_id":"ufid:2021-MNMNS-121084","source_collection":"history-2021","source_objectid":11386,"incident_name":"Quonset","mapped_acres":0.75,"mapped_acres_source":"poly_GISAcres","gis_acres":0.75,"auto_acres":0.4508557227856152,"reported_acres":0.75,"percent_contained":null,"state":"MN","state_wfigs":"US-MN","county":"Roseau","discovery_time_utc":"2021-04-06T20:57:31Z","perimeter_time_utc":"2021-04-07T01:57:31Z","perimeter_edit_time_utc":"2023-03-14T15:13:42Z","incident_modified_time_utc":"2022-01-10T18:06:50Z","containment_time_utc":"2021-04-06T21:38:00Z","control_time_utc":"2021-04-06T21:40:00Z","fire_out_time_utc":"2021-04-08T19:54:58Z","fire_cause":"Human","fire_cause_general":"Debris and open burning","map_method":"Hand Sketch","source_dataset":"FFP","unique_fire_identifier":"2021-MNMNS-121084","irwin_id":"{9DE4C7B0-E2CD-4F45-8143-B3324707F6F6}","global_id":"9181c715-01fd-4686-a56a-dc9c6c77b6ba"}},{"type":"Feature","geometry":{"type":"Polygon","coordinates":[[[-95.59319,47.62727],[-95.59197,47.62756],[-95.59158,47.62715],[-95.59171,47.62691],[-95.5922,47.62676],[-95.59308,47.62688],[-95.59323,47.62707],[-95.59319,47.62727]]]},"properties":{"fire_id":"ufid:2021-MNMNS-111033","source_collection":"history-2021","source_objectid":11450,"incident_name":"111033 Sand Lake","mapped_acres":5.0,"mapped_acres_source":"poly_GISAcres","gis_acres":5.0,"auto_acres":1.9197775007851734,"reported_acres":1.9,"percent_contained":null,"state":"MN","state_wfigs":"US-MN","county":"Polk","discovery_time_utc":"2021-04-24T17:55:54Z","perimeter_time_utc":"2021-04-24T22:55:54Z","perimeter_edit_time_utc":"2023-03-14T15:13:42Z","incident_modified_time_utc":"2022-01-10T19:06:01Z","containment_time_utc":"2021-04-24T18:30:00Z","control_time_utc":"2021-04-24T18:40:00Z","fire_out_time_utc":"2021-04-29T23:02:18Z","fire_cause":"Human","fire_cause_general":"Other causes","map_method":"Hand Sketch","source_dataset":"FFP","unique_fire_identifier":"2021-MNMNS-111033","irwin_id":"{BFFF0412-BA83-40F7-BD2E-22E5E8A6DE14}","global_id":"109a1f86-9a13-4d59-a1ea-9669cf8cfced"}},{"type":"Feature","geometry":{"type":"Polygon","coordinates":[[[-95.08512,47.51187],[-95.09096,47.51058],[-95.09145,47.51514],[-95.0872,47.51542],[-95.08512,47.51187]]]},"properties":{"fire_id":"ufid:2021-MNMNS-111009","source_collection":"history-2021","source_objectid":11502,"incident_name":"Northwoods Rd.","mapped_acres":25.0,"mapped_acres_source":"poly_GISAcres","gis_acres":25.0,"auto_acres":44.44202845691201,"reported_acres":25.0,"percent_contained":null,"state":"MN","state_wfigs":"US-MN","county":"Beltrami","discovery_time_utc":"2021-03-20T18:15:02Z","perimeter_time_utc":"2021-03-20T23:15:02Z","perimeter_edit_time_utc":"2023-03-14T15:13:42Z","incident_modified_time_utc":"2022-01-10T19:13:11Z","containment_time_utc":"2021-03-20T23:02:00Z","control_time_utc":"2021-03-20T23:02:00Z","fire_out_time_utc":"2021-03-21T15:50:00Z","fire_cause":"Human","fire_cause_general":"Recreation and ceremony","map_method":"Hand Sketch","source_dataset":"FFP","unique_fire_identifier":"2021-MNMNS-111009","irwin_id":"{03FC4430-186B-465B-83E6-A15990D9FEED}","global_id":"5c2d7037-5774-479f-8522-b2f605982b7d"}},{"type":"Feature","geometry":{"type":"Polygon","coordinates":[[[-95.23334,47.63699],[-95.23312,47.63502],[-95.23371,47.63447],[-95.23408,47.63456],[-95.23435,47.63496],[-95.23451,47.63437],[-95.23468,47.63423],[-95.23498,47.63422],[-95.23538,47.63443],[-95.2357,47.63493],[-95.23627,47.63502],[-95.23631,47.63593],[-95.23748,47.63597],[-95.23777,47.63734],[-95.2356,47.63736],[-95.23334,47.63699]]]},"properties":{"fire_id":"ufid:2021-MNMNS-111109","source_collection":"history-2021","source_objectid":11557,"incident_name":"Four-Legged Fire","mapped_acres":15.0,"mapped_acres_source":"poly_GISAcres","gis_acres":15.0,"auto_acres":20.60107709672213,"reported_acres":20.6,"percent_contained":null,"state":"MN","state_wfigs":"US-MN","county":"Clearwater","discovery_time_utc":"2021-08-01T20:46:38Z","perimeter_time_utc":"2021-08-02T01:46:38Z","perimeter_edit_time_utc":"2023-03-14T15:13:42Z","incident_modified_time_utc":"2022-01-10T18:48:10Z","containment_time_utc":"2021-08-02T00:06:00Z","control_time_utc":"2021-08-02T13:35:00Z","fire_out_time_utc":"2021-09-02T16:03:07Z","fire_cause":"Human","fire_cause_general":"Recreation and ceremony","map_method":"Hand Sketch","source_dataset":"FFP","unique_fire_identifier":"2021-MNMNS-111109","irwin_id":"{300D8EC6-070A-4408-8500-4D3E49819E05}","global_id":"e256f4c3-997d-4c11-9d5e-9341b29cc841"}},{"type":"Feature","geometry":{"type":"Polygon","coordinates":[[[-95.46442,47.2911],[-95.4644,47.29109],[-95.46442,47.29109],[-95.46442,47.2911]]]},"properties":{"fire_id":"ufid:2021-MNMNS-111102","source_collection":"history-2021","source_objectid":11674,"incident_name":"Buckboard Rock Strike","mapped_acres":0.1,"mapped_acres_source":"poly_GISAcres","gis_acres":0.1,"auto_acres":0.00026236712125849316,"reported_acres":0.1,"percent_contained":null,"state":"MN","state_wfigs":"US-MN","county":"Clearwater","discovery_time_utc":"2021-07-21T22:33:30Z","perimeter_time_utc":"2021-07-22T03:33:30Z","perimeter_edit_time_utc":"2023-03-14T15:13:42Z","incident_modified_time_utc":"2022-01-10T18:50:12Z","containment_time_utc":"2021-07-21T23:43:00Z","control_time_utc":"2021-07-21T23:54:00Z","fire_out_time_utc":"2021-09-07T17:30:42Z","fire_cause":"Human","fire_cause_general":"Equipment and vehicle use","map_method":"Hand Sketch","source_dataset":"FFP","unique_fire_identifier":"2021-MNMNS-111102","irwin_id":"{3A5E4F6B-4FAF-4340-A9E9-213EA27A0C3C}","global_id":"e4e9e752-95d3-4c49-a79d-15ddc848de22"}},{"type":"Feature","geometry":{"type":"Polygon","coordinates":[[[-95.58022,47.76019],[-95.57982,47.76018],[-95.57992,47.75965],[-95.58011,47.7596],[-95.58022,47.76019]]]},"properties":{"fire_id":"ufid:2021-MNMNS-111096","source_collection":"history-2021","source_objectid":11679,"incident_name":"By Gully","mapped_acres":0.36826135247327535,"mapped_acres_source":"poly_Acres_AutoCalc_fallback","gis_acres":null,"auto_acres":0.36826135247327535,"reported_acres":0.1,"percent_contained":null,"state":"MN","state_wfigs":"US-MN","county":"Polk","discovery_time_utc":"2021-07-13T03:17:53Z","perimeter_time_utc":null,"perimeter_edit_time_utc":"2023-03-14T15:13:42Z","incident_modified_time_utc":"2022-01-10T18:51:44Z","containment_time_utc":"2021-07-13T04:18:00Z","control_time_utc":"2021-07-13T13:00:00Z","fire_out_time_utc":"2021-09-07T18:06:49Z","fire_cause":"Human","fire_cause_general":"Equipment and vehicle use","map_method":"Hand Sketch","source_dataset":"FFP","unique_fire_identifier":"2021-MNMNS-111096","irwin_id":"{10B361FE-CB4D-45B1-96BF-A8742EAE1CFA}","global_id":"7a5d326c-da0e-4787-abd9-10c547c39295"}},{"type":"Feature","geometry":{"type":"Polygon","coordinates":[[[-95.49988,48.8577],[-95.49759,48.85738],[-95.49784,48.85724],[-95.50121,48.85731],[-95.50065,48.85763],[-95.50014,48.85764],[-95.50006,48.85793],[-95.4999,48.85792],[-95.49988,48.8577]]]},"properties":{"fire_id":"ufid:2021-MNMNS-121157","source_collection":"history-2021","source_objectid":11681,"incident_name":"South Spruce Swamp","mapped_acres":2.0,"mapped_acres_source":"poly_GISAcres","gis_acres":2.0,"auto_acres":2.1013212242756016,"reported_acres":2.1,"percent_contained":null,"state":"MN","state_wfigs":"US-MN","county":"Roseau","discovery_time_utc":"2021-05-17T21:50:42Z","perimeter_time_utc":"2021-05-18T02:50:42Z","perimeter_edit_time_utc":"2023-03-14T15:13:42Z","incident_modified_time_utc":"2022-01-10T17:41:19Z","containment_time_utc":"2021-05-17T22:45:00Z","control_time_utc":"2021-05-17T23:45:00Z","fire_out_time_utc":"2021-05-24T20:50:00Z","fire_cause":"Human","fire_cause_general":"Equipment and vehicle use","map_method":"Hand Sketch","source_dataset":"FFP","unique_fire_identifier":"2021-MNMNS-121157","irwin_id":"{A0714474-3604-4CAD-AEAA-21BC2976B6EF}","global_id":"9b0a605f-4314-4480-a767-d587c1b9e241"}},{"type":"Feature","geometry":{"type":"Polygon","coordinates":[[[-95.28415,47.73012],[-95.28429,47.72983],[-95.28464,47.72975],[-95.28477,47.73039],[-95.28467,47.73054],[-95.2842,47.73053],[-95.28415,47.73012]]]},"properties":{"fire_id":"ufid:2021-MNMNS-111056","source_collection":"history-2021","source_objectid":11718,"incident_name":"Erskine","mapped_acres":0.25,"mapped_acres_source":"poly_GISAcres","gis_acres":0.25,"auto_acres":0.8319938445369928,"reported_acres":0.25,"percent_contained":null,"state":"MN","state_wfigs":"US-MN","county":"Clearwater","discovery_time_utc":"2021-05-16T22:55:12Z","perimeter_time_utc":"2021-05-17T03:55:12Z","perimeter_edit_time_utc":"2023-03-14T15:13:42Z","incident_modified_time_utc":"2022-01-10T19:00:48Z","containment_time_utc":"2021-05-16T23:25:00Z","control_time_utc":"2021-05-16T23:30:00Z","fire_out_time_utc":"2021-06-02T14:00:00Z","fire_cause":"Undetermined","fire_cause_general":"Undetermined","map_method":"Hand Sketch","source_dataset":"FFP","unique_fire_identifier":"2021-MNMNS-111056","irwin_id":"{883054BE-5976-42A9-9ADB-3E88D9A9D3DB}","global_id":"bccb622e-e519-4c3e-ab40-c1c10d1a765a"}},{"type":"Feature","geometry":{"type":"Polygon","coordinates":[[[-96.45745,48.56883],[-96.45802,48.56888],[-96.4585,48.5695],[-96.45863,48.57086],[-96.45889,48.57194],[-96.45884,48.57241],[-96.45865,48.57248],[-96.45866,48.57262],[-96.4567,48.57258],[-96.45652,48.57246],[-96.45485,48.57233],[-96.45557,48.57174],[-96.45608,48.57101],[-96.45648,48.57076],[-96.4563,48.57045],[-96.45661,48.56996],[-96.45738,48.56972],[-96.45692,48.5693],[-96.4571,48.56906],[-96.45701,48.56895],[-96.45745,48.56883]]]},"properties":{"fire_id":"ufid:2021-MNMNS-121058","source_collection":"history-2021","source_objectid":11753,"incident_name":"two pails","mapped_acres":12.0,"mapped_acres_source":"poly_GISAcres","gis_acres":12.0,"auto_acres":17.99784421280108,"reported_acres":18.0,"percent_contained":null,"state":"MN","state_wfigs":"US-MN","county":"Kittson","discovery_time_utc":"2021-03-28T19:24:00Z","perimeter_time_utc":"2021-03-29T00:24:00Z","perimeter_edit_time_utc":"2023-03-14T15:13:42Z","incident_modified_time_utc":"2022-01-10T18:17:12Z","containment_time_utc":null,"control_time_utc":"2021-03-28T22:35:00Z","fire_out_time_utc":"2021-03-30T15:42:35Z","fire_cause":"Undetermined","fire_cause_general":"Undetermined","map_method":"Hand Sketch","source_dataset":"FFP","unique_fire_identifier":"2021-MNMNS-121058","irwin_id":"{F59B803A-4628-43D8-B00D-89A9D68EABA3}","global_id":"ef9b995d-1afb-45ca-bfac-a5facb278b6a"}},{"type":"Feature","geometry":{"type":"Polygon","coordinates":[[[-95.74759,47.49169],[-95.75008,47.49145],[-95.74916,47.49323],[-95.74923,47.49494],[-95.74758,47.49495],[-95.74635,47.49405],[-95.74686,47.49255],[-95.74759,47.49169]]]},"properties":{"fire_id":"ufid:2021-MNMNS-111078","source_collection":"history-2021","source_objectid":11775,"incident_name":"Junk","mapped_acres":0.25,"mapped_acres_source":"poly_GISAcres","gis_acres":0.25,"auto_acres":17.413147006079072,"reported_acres":0.25,"percent_contained":null,"state":"MN","state_wfigs":"US-MN","county":"Mahnomen","discovery_time_utc":"2021-06-18T18:03:56Z","perimeter_time_utc":"2021-06-18T23:03:56Z","perimeter_edit_time_utc":"2023-03-14T15:13:42Z","incident_modified_time_utc":"2022-01-10T18:55:57Z","containment_time_utc":null,"control_time_utc":"2021-06-18T18:50:00Z","fire_out_time_utc":"2021-06-20T14:00:00Z","fire_cause":"Human","fire_cause_general":"Debris and open burning","map_method":"Hand Sketch","source_dataset":"FFP","unique_fire_identifier":"2021-MNMNS-111078","irwin_id":"{2C4DDDB3-DB3B-4D7C-BE21-EB724EE93B38}","global_id":"2d9e1c77-3e40-497b-8bde-58a353f0a48c"}},{"type":"Feature","geometry":{"type":"Polygon","coordinates":[[[-95.37569,46.99848],[-95.37611,46.99896],[-95.37632,46.99893],[-95.37695,46.99925],[-95.37841,46.99888],[-95.3786,46.999],[-95.37873,47.00053],[-95.38097,47.00078],[-95.38155,47.00101],[-95.38169,47.00245],[-95.3816,47.00285],[-95.3816,47.00618],[-95.38038,47.00608],[-95.3718,47.00622],[-95.37121,47.00614],[-95.3709,47.0058],[-95.37104,46.99888],[-95.37322,46.99901],[-95.37312,46.99939],[-95.37325,47.00002],[-95.3735,47.00007],[-95.37474,46.99972],[-95.37462,46.99951],[-95.37481,46.99918],[-95.37435,46.9989],[-95.37419,46.99854],[-95.37401,46.99846],[-95.37388,46.99815],[-95.37402,46.99793],[-95.37427,46.99787],[-95.37453,46.99803],[-95.37513,46.99805],[-95.37542,46.99843],[-95.37569,46.99848]]]},"properties":{"fire_id":"ufid:2021-MNMNA-000027","source_collection":"history-2021","source_objectid":11869,"incident_name":"129","mapped_acres":145.0,"mapped_acres_source":"poly_GISAcres","gis_acres":145.0,"auto_acres":149.0977494176878,"reported_acres":149.0,"percent_contained":null,"state":"MN","state_wfigs":"US-MN","county":"Becker","discovery_time_utc":"2021-04-03T21:53:00Z","perimeter_time_utc":"2021-04-04T02:16:00Z","perimeter_edit_time_utc":"2023-03-14T15:13:42Z","incident_modified_time_utc":"2021-11-30T16:44:59Z","containment_time_utc":"2021-04-03T23:06:00Z","control_time_utc":null,"fire_out_time_utc":"2021-04-09T14:39:00Z","fire_cause":"Human","fire_cause_general":"Other causes","map_method":"GPS-Walked/Driven","source_dataset":"FFP","unique_fire_identifier":"2021-MNMNA-000027","irwin_id":"{412F27B3-C03F-4BEC-B88F-6CF0D6FAC68E}","global_id":"0662c76d-a441-4426-8f81-2c2e75a56c4c"}},{"type":"Feature","geometry":{"type":"Polygon","coordinates":[[[-95.6523,47.46111],[-95.65227,47.46068],[-95.65245,47.46047],[-95.65294,47.46055],[-95.65271,47.46111],[-95.6523,47.46111]]]},"properties":{"fire_id":"ufid:2021-MNMNS-111022","source_collection":"history-2021","source_objectid":11916,"incident_name":"North Island Lake","mapped_acres":0.5,"mapped_acres_source":"poly_GISAcres","gis_acres":0.5,"auto_acres":0.6713238884169945,"reported_acres":0.5,"percent_contained":null,"state":"MN","state_wfigs":"US-MN","county":"Mahnomen","discovery_time_utc":"2021-04-04T21:00:13Z","perimeter_time_utc":"2021-04-05T02:00:13Z","perimeter_edit_time_utc":"2023-03-14T15:13:42Z","incident_modified_time_utc":"2022-01-10T19:09:50Z","containment_time_utc":"2021-04-04T22:00:00Z","control_time_utc":"2021-04-04T22:00:00Z","fire_out_time_utc":"2021-04-22T13:00:32Z","fire_cause":"Human","fire_cause_general":"Debris and open burning","map_method":"Hand Sketch","source_dataset":"FFP","unique_fire_identifier":"2021-MNMNS-111022","irwin_id":"{98BDEB29-D5E4-4305-AD23-37170720D95F}","global_id":"a767fb47-4d52-452c-b953-46b06845db8e"}},{"type":"Feature","geometry":{"type":"Polygon","coordinates":[[[-95.65661,47.60772],[-95.65398,47.60776],[-95.65404,47.60762],[-95.65495,47.60759],[-95.65616,47.60725],[-95.6565,47.6073],[-95.65661,47.60772]]]},"properties":{"fire_id":"ufid:2021-MNMNS-111073","source_collection":"history-2021","source_objectid":11933,"incident_name":"Turtle Lake Fire","mapped_acres":1.5617298103656942,"mapped_acres_source":"poly_Acres_AutoCalc_fallback","gis_acres":null,"auto_acres":1.5617298103656942,"reported_acres":1.5,"percent_contained":null,"state":"MN","state_wfigs":"US-MN","county":"Polk","discovery_time_utc":"2021-06-17T21:22:00Z","perimeter_time_utc":"2021-06-18T14:39:39Z","perimeter_edit_time_utc":"2023-03-14T15:13:42Z","incident_modified_time_utc":"2022-01-10T18:56:52Z","containment_time_utc":"2021-06-17T22:10:00Z","control_time_utc":"2021-06-17T22:20:00Z","fire_out_time_utc":"2021-06-18T14:40:08Z","fire_cause":"Human","fire_cause_general":"Equipment and vehicle use","map_method":"Hand Sketch","source_dataset":"FFP","unique_fire_identifier":"2021-MNMNS-111073","irwin_id":"{7149C59F-28C9-412D-B7CF-33FF59476EAE}","global_id":"3bde570c-e8a2-4b94-90b0-4102ab41a046"}},{"type":"Feature","geometry":{"type":"Polygon","coordinates":[[[-96.6208,48.55664],[-96.62076,48.55254],[-96.62151,48.55092],[-96.62224,48.54985],[-96.62508,48.54683],[-96.62616,48.54602],[-96.62695,48.5457],[-96.62729,48.54571],[-96.62745,48.54612],[-96.62759,48.54913],[-96.62772,48.55671],[-96.62713,48.55689],[-96.62546,48.5566],[-96.62351,48.5573],[-96.62127,48.55764],[-96.62084,48.55759],[-96.62063,48.55743],[-96.6208,48.55664]]]},"properties":{"fire_id":"ufid:2021-MNMNS-121030","source_collection":"history-2021","source_objectid":11968,"incident_name":"Broken Dozer","mapped_acres":100.0,"mapped_acres_source":"poly_GISAcres","gis_acres":100.0,"auto_acres":125.66180749312561,"reported_acres":122.0,"percent_contained":null,"state":"MN","state_wfigs":"US-MN","county":"Marshall","discovery_time_utc":"2021-03-19T16:37:22Z","perimeter_time_utc":"2021-03-19T21:37:22Z","perimeter_edit_time_utc":"2023-03-14T15:13:42Z","incident_modified_time_utc":"2022-01-10T18:24:39Z","containment_time_utc":null,"control_time_utc":"2021-03-19T20:32:00Z","fire_out_time_utc":"2021-04-09T18:14:22Z","fire_cause":"Undetermined","fire_cause_general":"Undetermined","map_method":"Image Interpretation","source_dataset":"FFP","unique_fire_identifier":"2021-MNMNS-121030","irwin_id":"{DE3A0C00-3936-415E-93AB-6C73B3FD4501}","global_id":"cbd2109c-a00b-4dd9-8e32-ca729170aeed"}},{"type":"Feature","geometry":{"type":"Polygon","coordinates":[[[-95.58774,48.64103],[-95.58692,48.64088],[-95.58703,48.64112],[-95.58672,48.64111],[-95.58686,48.64081],[-95.58604,48.64066],[-95.58563,48.64088],[-95.5846,48.64087],[-95.58487,48.64078],[-95.58491,48.64058],[-95.58541,48.6403],[-95.58595,48.64023],[-95.58544,48.63985],[-95.58544,48.63966],[-95.586,48.63951],[-95.58646,48.63963],[-95.58667,48.63943],[-95.58743,48.63973],[-95.58737,48.63995],[-95.58708,48.63995],[-95.58707,48.64009],[-95.58806,48.64012],[-95.58819,48.64083],[-95.58763,48.64094],[-95.58774,48.64103]]]},"properties":{"fire_id":"ufid:2021-MNMNS-121191","source_collection":"history-2021","source_objectid":12036,"incident_name":"Four Spruce","mapped_acres":5.0,"mapped_acres_source":"poly_GISAcres","gis_acres":5.0,"auto_acres":6.411479333855055,"reported_acres":6.4,"percent_contained":null,"state":"MN","state_wfigs":"US-MN","county":"Roseau","discovery_time_utc":"2021-07-11T19:43:48Z","perimeter_time_utc":"2021-07-12T00:43:48Z","perimeter_edit_time_utc":"2023-03-14T15:13:42Z","incident_modified_time_utc":"2022-01-10T17:16:28Z","containment_time_utc":"2021-07-11T20:30:00Z","control_time_utc":"2021-07-11T21:00:00Z","fire_out_time_utc":"2021-07-12T18:00:00Z","fire_cause":"Human","fire_cause_general":"Debris and open burning","map_method":"GPS-Walked/Driven","source_dataset":"FFP","unique_fire_identifier":"2021-MNMNS-121191","irwin_id":"{2D979331-C6FF-42D6-B272-975CFBF4880E}","global_id":"866f89f0-5876-4a8b-8484-4231e8f57619"}},{"type":"Feature","geometry":{"type":"Polygon","coordinates":[[[-96.54053,48.51474],[-96.5422,48.51477],[-96.54135,48.51557],[-96.53835,48.52224],[-96.53852,48.52072],[-96.5389,48.51925],[-96.53972,48.51729],[-96.54092,48.51504],[-96.54029,48.51519],[-96.54053,48.51474]]]},"properties":{"fire_id":"ufid:2021-MNMNS-121042","source_collection":"history-2021","source_objectid":12104,"incident_name":"E. Heglund Church","mapped_acres":11.0,"mapped_acres_source":"poly_GISAcres","gis_acres":11.0,"auto_acres":10.698197829203243,"reported_acres":11.0,"percent_contained":null,"state":"MN","state_wfigs":"US-MN","county":"Marshall","discovery_time_utc":"2021-03-20T02:28:19Z","perimeter_time_utc":"2021-03-20T07:28:19Z","perimeter_edit_time_utc":"2023-03-14T15:13:42Z","incident_modified_time_utc":"2022-01-10T18:21:38Z","containment_time_utc":null,"control_time_utc":"2021-03-20T04:13:00Z","fire_out_time_utc":"2021-04-11T18:57:26Z","fire_cause":"Undetermined","fire_cause_general":"Undetermined","map_method":"Hand Sketch","source_dataset":"FFP","unique_fire_identifier":"2021-MNMNS-121042","irwin_id":"{2FA6566C-7A7B-4AF5-97FD-2B79512520AC}","global_id":"5f087bec-cf6e-4863-8895-c54d488c3836"}},{"type":"Feature","geometry":{"type":"Polygon","coordinates":[[[-95.74419,48.20917],[-95.7226,48.20926],[-95.72253,48.19482],[-95.74399,48.19459],[-95.74419,48.20917]]]},"properties":{"fire_id":"ufid:2021-MNMNS-121070","source_collection":"history-2021","source_objectid":12130,"incident_name":"Scrambled Eggs Fire","mapped_acres":637.8006669904577,"mapped_acres_source":"poly_Acres_AutoCalc_fallback","gis_acres":null,"auto_acres":637.8006669904577,"reported_acres":640.0,"percent_contained":null,"state":"MN","state_wfigs":"US-MN","county":"Marshall","discovery_time_utc":"2021-04-04T05:00:00Z","perimeter_time_utc":"2021-04-04T18:26:51Z","perimeter_edit_time_utc":"2023-03-14T15:13:42Z","incident_modified_time_utc":"2022-01-10T18:14:16Z","containment_time_utc":null,"control_time_utc":"2021-04-04T06:30:00Z","fire_out_time_utc":"2021-04-08T14:30:00Z","fire_cause":"Human","fire_cause_general":"Other causes","map_method":"Hand Sketch","source_dataset":"FFP","unique_fire_identifier":"2021-MNMNS-121070","irwin_id":"{2234A5B7-9293-418C-BD0D-592935909E05}","global_id":"340192f1-376a-4123-a89d-b2dd5b79196a"}},{"type":"Feature","geometry":{"type":"Polygon","coordinates":[[[-95.81297,48.12269],[-95.81316,48.12214],[-95.81384,48.12218],[-95.81376,48.12289],[-95.81322,48.12286],[-95.81297,48.12269]]]},"properties":{"fire_id":"ufid:2021-MNMNS-121129","source_collection":"history-2021","source_objectid":12204,"incident_name":"Gnarly Spruce","mapped_acres":1.0,"mapped_acres_source":"poly_GISAcres","gis_acres":1.0,"auto_acres":1.181182511099505,"reported_acres":1.0,"percent_contained":null,"state":"MN","state_wfigs":"US-MN","county":"Pennington","discovery_time_utc":"2021-05-01T21:15:05Z","perimeter_time_utc":"2021-05-02T02:15:05Z","perimeter_edit_time_utc":"2023-03-14T15:13:42Z","incident_modified_time_utc":"2022-01-10T17:51:08Z","containment_time_utc":"2021-05-01T22:00:00Z","control_time_utc":"2021-05-01T22:15:00Z","fire_out_time_utc":"2021-05-16T18:32:04Z","fire_cause":"Human","fire_cause_general":"Other causes","map_method":"Hand Sketch","source_dataset":"FFP","unique_fire_identifier":"2021-MNMNS-121129","irwin_id":"{545B025B-BCCB-43FA-AADF-4AC2D511B364}","global_id":"02514ef8-d5b9-488f-8ea7-3bc4447b9ced"}},{"type":"Feature","geometry":{"type":"MultiPolygon","coordinates":[[[[-96.57983,48.87571],[-96.5804,48.87627],[-96.5804,48.87678],[-96.58097,48.87772],[-96.58317,48.87847],[-96.58402,48.87847],[-96.58469,48.87872],[-96.58536,48.87878],[-96.58536,48.87928],[-96.58612,48.87935],[-96.58689,48.87972],[-96.58689,48.88016],[-96.58765,48.88048],[-96.58774,48.88117],[-96.58889,48.88148],[-96.58956,48.88211],[-96.59003,48.8823],[-96.59013,48.88299],[-96.59127,48.88367],[-96.59127,48.88405],[-96.59251,48.88493],[-96.59261,48.88612],[-96.59337,48.88675],[-96.59337,48.88706],[-96.59375,48.88756],[-96.59432,48.88775],[-96.59471,48.88832],[-96.59499,48.88907],[-96.59575,48.88957],[-96.59585,48.89001],[-96.59718,48.8907],[-96.59718,48.89283],[-96.59766,48.89296],[-96.59881,48.89427],[-96.5989,48.89515],[-96.5989,48.90173],[-96.59738,48.90418],[-96.60214,48.90443],[-96.60262,48.90562],[-96.59728,48.90593],[-96.59718,48.91333],[-96.59223,48.9127],[-96.59115,48.91178],[-96.59136,48.91603],[-96.5928,48.91734],[-96.5928,48.91891],[-96.58035,48.91895],[-96.58011,48.90462],[-96.56943,48.90443],[-96.56878,48.89006],[-96.57172,48.88731],[-96.5722,48.88618],[-96.57144,48.88474],[-96.56733,48.88324],[-96.56733,48.88073],[-96.5639,48.87784],[-96.566,48.8769],[-96.56733,48.87615],[-96.56848,48.87571],[-96.57983,48.87571]]],[[[-96.56878,48.89006],[-96.56877,48.89007],[-96.56877,48.88976],[-96.56878,48.89006]]]]},"properties":{"fire_id":"ufid:2021-MNMNS-121230","source_collection":"history-2021","source_objectid":12290,"incident_name":"Beaches Lake","mapped_acres":500.0,"mapped_acres_source":"poly_GISAcres","gis_acres":500.0,"auto_acres":1893.1226784756486,"reported_acres":1936.0,"percent_contained":null,"state":"MN","state_wfigs":"US-MN","county":"Kittson","discovery_time_utc":"2021-10-05T21:52:41Z","perimeter_time_utc":"2021-10-06T02:52:41Z","perimeter_edit_time_utc":"2023-03-14T15:13:42Z","incident_modified_time_utc":"2022-01-10T16:57:26Z","containment_time_utc":"2021-10-15T17:00:00Z","control_time_utc":"2021-10-31T15:39:00Z","fire_out_time_utc":"2021-12-13T16:39:14Z","fire_cause":"Undetermined","fire_cause_general":"Undetermined","map_method":"Hand Sketch","source_dataset":"FFP","unique_fire_identifier":"2021-MNMNS-121230","irwin_id":"{4FA992F7-89B7-47F0-9F20-9003012D4331}","global_id":"be66b7b8-391b-4f21-b144-9e40fdb9d9af"}},{"type":"Feature","geometry":{"type":"Polygon","coordinates":[[[-95.44091,48.88639],[-95.45745,48.88626],[-95.45745,48.8912],[-95.44052,48.89271],[-95.44091,48.88639]]]},"properties":{"fire_id":"ufid:2021-MNMNS-121060","source_collection":"history-2021","source_objectid":12395,"incident_name":"Substation Permit","mapped_acres":188.0,"mapped_acres_source":"poly_GISAcres","gis_acres":188.0,"auto_acres":189.73121927696403,"reported_acres":188.0,"percent_contained":null,"state":"MN","state_wfigs":"US-MN","county":"Roseau","discovery_time_utc":"2021-04-01T02:06:41Z","perimeter_time_utc":"2021-04-01T07:06:41Z","perimeter_edit_time_utc":"2023-03-14T15:13:42Z","incident_modified_time_utc":"2022-01-10T18:16:27Z","containment_time_utc":null,"control_time_utc":"2021-04-01T04:02:00Z","fire_out_time_utc":"2021-04-01T14:30:20Z","fire_cause":"Human","fire_cause_general":"Other causes","map_method":"Hand Sketch","source_dataset":"FFP","unique_fire_identifier":"2021-MNMNS-121060","irwin_id":"{3FDF873C-4C99-4C34-8D6E-748922127298}","global_id":"305f68b9-415b-4442-8707-6b76d4336280"}},{"type":"Feature","geometry":{"type":"Polygon","coordinates":[[[-95.74798,47.47819],[-95.74791,47.47471],[-95.74774,47.47326],[-95.75055,47.47321],[-95.75017,47.47803],[-95.74798,47.47819]]]},"properties":{"fire_id":"ufid:2021-MNMNS-111125","source_collection":"history-2021","source_objectid":12541,"incident_name":"Heier","mapped_acres":13.0,"mapped_acres_source":"poly_GISAcres","gis_acres":13.0,"auto_acres":24.770124201249054,"reported_acres":13.0,"percent_contained":null,"state":"MN","state_wfigs":"US-MN","county":"Mahnomen","discovery_time_utc":"2021-08-19T18:50:19Z","perimeter_time_utc":"2021-08-19T23:50:19Z","perimeter_edit_time_utc":"2023-03-14T15:13:42Z","incident_modified_time_utc":"2022-01-10T18:42:24Z","containment_time_utc":"2021-08-20T00:00:00Z","control_time_utc":"2021-08-20T17:00:00Z","fire_out_time_utc":"2021-08-29T05:00:00Z","fire_cause":"Human","fire_cause_general":"Equipment and vehicle use","map_method":"Hand Sketch","source_dataset":"FFP","unique_fire_identifier":"2021-MNMNS-111125","irwin_id":"{761AA00E-A575-4853-A94E-2594D05CC572}","global_id":"ba02b782-b664-41e9-98b4-6b07b0adb525"}},{"type":"Feature","geometry":{"type":"Polygon","coordinates":[[[-95.32223,48.90521],[-95.32234,48.90514],[-95.32242,48.90528],[-95.32223,48.90521]]]},"properties":{"fire_id":"ufid:2021-MNMNS-121193","source_collection":"history-2021","source_objectid":12635,"incident_name":"Riverdale","mapped_acres":0.5,"mapped_acres_source":"poly_GISAcres","gis_acres":0.5,"auto_acres":0.047844861495030644,"reported_acres":0.1,"percent_contained":null,"state":"MN","state_wfigs":"US-MN","county":"Roseau","discovery_time_utc":"2021-07-11T22:33:38Z","perimeter_time_utc":"2021-07-12T03:33:38Z","perimeter_edit_time_utc":"2023-03-14T15:13:42Z","incident_modified_time_utc":"2022-01-10T17:15:19Z","containment_time_utc":null,"control_time_utc":"2021-07-11T22:48:00Z","fire_out_time_utc":"2021-09-08T14:24:42Z","fire_cause":"Human","fire_cause_general":"Fireworks","map_method":"Hand Sketch","source_dataset":"FFP","unique_fire_identifier":"2021-MNMNS-121193","irwin_id":"{687F5D45-B573-4978-A669-77296F077D2D}","global_id":"e8df9d99-3a67-4eac-b1f3-a38ee9a74806"}},{"type":"Feature","geometry":{"type":"Polygon","coordinates":[[[-95.55494,47.98975],[-95.55807,47.98992],[-95.5583,47.99055],[-95.5582,47.9907],[-95.55593,47.99079],[-95.55505,47.99047],[-95.55469,47.99012],[-95.55494,47.98975]]]},"properties":{"fire_id":"ufid:2021-MNRLA-000017","source_collection":"history-2021","source_objectid":12790,"incident_name":"RL 021 EDDIE COOKS","mapped_acres":2.5,"mapped_acres_source":"poly_GISAcres","gis_acres":2.5,"auto_acres":5.913144795136025,"reported_acres":3.5,"percent_contained":null,"state":"MN","state_wfigs":"US-MN","county":"Clearwater","discovery_time_utc":"2021-03-13T21:45:00Z","perimeter_time_utc":"2021-03-14T03:45:00Z","perimeter_edit_time_utc":"2023-03-14T15:13:42Z","incident_modified_time_utc":"2021-03-18T22:58:12Z","containment_time_utc":"2021-03-13T22:06:00Z","control_time_utc":"2021-03-13T22:30:00Z","fire_out_time_utc":"2021-03-14T21:30:00Z","fire_cause":"Human","fire_cause_general":"Debris and open burning","map_method":"Auto-generated","source_dataset":"FFP","unique_fire_identifier":"2021-MNRLA-000017","irwin_id":"{07921F45-21CB-4284-97DC-32DC042CAC4A}","global_id":"47a7b28a-b5a9-46e8-a067-c6817bc25bfa"}},{"type":"Feature","geometry":{"type":"Polygon","coordinates":[[[-95.54046,48.31035],[-95.53381,48.31052],[-95.53411,48.30621],[-95.53772,48.30581],[-95.53746,48.3023],[-95.53926,48.30108],[-95.54059,48.30068],[-95.54282,48.30079],[-95.54424,48.30102],[-95.54475,48.30082],[-95.54531,48.29976],[-95.546,48.29973],[-95.54729,48.29925],[-95.5481,48.29925],[-95.54913,48.2995],[-95.54999,48.30122],[-95.55059,48.30153],[-95.55123,48.30316],[-95.55111,48.30684],[-95.54836,48.30678],[-95.54797,48.30547],[-95.54634,48.30453],[-95.54484,48.30396],[-95.54347,48.30402],[-95.54274,48.30422],[-95.54205,48.30459],[-95.54076,48.30604],[-95.54102,48.3063],[-95.54248,48.30684],[-95.54248,48.30696],[-95.54214,48.30878],[-95.54128,48.30947],[-95.54046,48.31035]]]},"properties":{"fire_id":"ufid:2021-MNMNS-121048","source_collection":"history-2021","source_objectid":12793,"incident_name":"Benville WMA","mapped_acres":150.0,"mapped_acres_source":"poly_GISAcres","gis_acres":150.0,"auto_acres":203.85008249089344,"reported_acres":154.0,"percent_contained":null,"state":"MN","state_wfigs":"US-MN","county":"Beltrami","discovery_time_utc":"2021-03-21T18:36:00Z","perimeter_time_utc":"2021-03-21T22:36:19Z","perimeter_edit_time_utc":"2023-03-14T15:13:42Z","incident_modified_time_utc":"2022-01-10T18:20:21Z","containment_time_utc":"2021-03-21T19:45:00Z","control_time_utc":"2021-03-21T20:00:00Z","fire_out_time_utc":"2021-03-26T16:00:22Z","fire_cause":"Human","fire_cause_general":"Other causes","map_method":"Hand Sketch","source_dataset":"FFP","unique_fire_identifier":"2021-MNMNS-121048","irwin_id":"{580BFDD9-5D89-42AF-A1E1-57ED5B7B5829}","global_id":"518df68a-bcf2-4997-a59c-be086d7ed23b"}},{"type":"Feature","geometry":{"type":"Polygon","coordinates":[[[-95.1759,48.64893],[-95.17526,48.64901],[-95.17336,48.64961],[-95.17304,48.64958],[-95.17244,48.64988],[-95.17125,48.64979],[-95.17035,48.65006],[-95.16966,48.65008],[-95.16931,48.65054],[-95.16822,48.65066],[-95.16688,48.65134],[-95.16419,48.65184],[-95.16384,48.6518],[-95.16369,48.65196],[-95.16314,48.65212],[-95.16273,48.65204],[-95.16252,48.65174],[-95.16261,48.65142],[-95.16248,48.65116],[-95.16216,48.65091],[-95.16191,48.65047],[-95.16111,48.65022],[-95.16115,48.65004],[-95.16164,48.64975],[-95.16234,48.64985],[-95.16266,48.65003],[-95.16298,48.64994],[-95.16354,48.6492],[-95.16375,48.64909],[-95.16436,48.64901],[-95.16541,48.64846],[-95.16669,48.64827],[-95.16676,48.64799],[-95.16724,48.64767],[-95.16832,48.64771],[-95.16907,48.64735],[-95.16962,48.64682],[-95.16995,48.64675],[-95.1718,48.64714],[-95.17227,48.64713],[-95.17301,48.64661],[-95.17437,48.64636],[-95.1746,48.64694],[-95.17512,48.64711],[-95.17543,48.64739],[-95.17545,48.64767],[-95.17594,48.64798],[-95.17569,48.64817],[-95.17594,48.64869],[-95.1759,48.64893]]]},"properties":{"fire_id":"ufid:2021-MNMNS-131025","source_collection":"history-2021","source_objectid":12867,"incident_name":"131025","mapped_acres":5.0,"mapped_acres_source":"poly_GISAcres","gis_acres":5.0,"auto_acres":78.83138951561517,"reported_acres":78.9,"percent_contained":null,"state":"MN","state_wfigs":"US-MN","county":"Lake of the Woods","discovery_time_utc":"2021-08-14T21:00:13Z","perimeter_time_utc":"2021-08-15T02:00:13Z","perimeter_edit_time_utc":"2023-03-14T15:13:42Z","incident_modified_time_utc":"2022-01-10T18:33:27Z","containment_time_utc":"2021-08-16T00:00:00Z","control_time_utc":"2021-09-17T01:00:00Z","fire_out_time_utc":"2021-11-18T21:32:02Z","fire_cause":"Natural","fire_cause_general":"Natural","map_method":"GPS-Walked","source_dataset":"FFP","unique_fire_identifier":"2021-MNMNS-131025","irwin_id":"{1909A00D-8CBD-4E1E-8C8C-9971E1DF595F}","global_id":"791e9d51-0e28-475f-b71b-a5405f99b6a0"}},{"type":"Feature","geometry":{"type":"Polygon","coordinates":[[[-95.25267,47.99572],[-95.25393,47.99603],[-95.25204,47.99924],[-95.25103,48.00243],[-95.25096,48.0055],[-95.24921,48.01067],[-95.24295,48.01675],[-95.23958,48.02126],[-95.23732,48.02271],[-95.23605,48.02216],[-95.23513,48.0215],[-95.23585,48.01859],[-95.23726,48.01568],[-95.23888,48.01483],[-95.24201,48.01055],[-95.2464,48.00595],[-95.24979,48.00112],[-95.25267,47.99572]]]},"properties":{"fire_id":"ufid:2021-MNRLA-000433","source_collection":"history-2021","source_objectid":12935,"incident_name":"RL 379 OUTLET FIRE","mapped_acres":250.0,"mapped_acres_source":"poly_GISAcres","gis_acres":250.0,"auto_acres":240.7654003918115,"reported_acres":310.0,"percent_contained":null,"state":"MN","state_wfigs":"US-MN","county":"Clearwater","discovery_time_utc":"2021-08-16T12:30:00Z","perimeter_time_utc":"2021-08-16T17:30:22Z","perimeter_edit_time_utc":"2023-03-14T15:13:42Z","incident_modified_time_utc":"2021-11-23T14:44:28Z","containment_time_utc":"2021-09-05T19:00:00Z","control_time_utc":"2021-10-01T22:00:00Z","fire_out_time_utc":"2021-11-15T18:00:00Z","fire_cause":"Undetermined","fire_cause_general":"Undetermined","map_method":"Hand Sketch","source_dataset":"FFP","unique_fire_identifier":"2021-MNRLA-000433","irwin_id":"{F4A61BCF-85C9-433B-B1A0-67B98284DCFC}","global_id":"576e9cd7-59dc-46f4-a820-221ed2da16c4"}},{"type":"Feature","geometry":{"type":"Polygon","coordinates":[[[-95.38675,46.97988],[-95.38745,46.98015],[-95.38787,46.9811],[-95.38816,46.98123],[-95.38813,46.98186],[-95.38788,46.98214],[-95.38786,46.98241],[-95.3886,46.9827],[-95.38939,46.98338],[-95.38946,46.98395],[-95.38927,46.98417],[-95.3889,46.98425],[-95.38807,46.98401],[-95.38754,46.98416],[-95.38759,46.98522],[-95.38728,46.98524],[-95.38549,46.98455],[-95.38512,46.98351],[-95.38422,46.9833],[-95.38225,46.98325],[-95.38116,46.98373],[-95.38135,46.98502],[-95.3813,46.98555],[-95.38156,46.98645],[-95.38092,46.98662],[-95.38014,46.98654],[-95.37925,46.98681],[-95.37817,46.98674],[-95.37786,46.98709],[-95.37758,46.98711],[-95.37746,46.987],[-95.37753,46.98668],[-95.377,46.98661],[-95.37684,46.98641],[-95.37683,46.98609],[-95.37722,46.98545],[-95.37736,46.98485],[-95.37741,46.98364],[-95.37849,46.98366],[-95.38034,46.98344],[-95.38198,46.98259],[-95.38033,46.98242],[-95.3808,46.98147],[-95.38129,46.98116],[-95.38324,46.98093],[-95.38414,46.98045],[-95.38364,46.98041],[-95.38415,46.98013],[-95.38611,46.98036],[-95.3865,46.97996],[-95.38675,46.97988]]]},"properties":{"fire_id":"ufid:2021-MNMNA-000099","source_collection":"history-2021","source_objectid":12982,"incident_name":"Mission","mapped_acres":50.0,"mapped_acres_source":"poly_GISAcres","gis_acres":50.0,"auto_acres":81.28223028153397,"reported_acres":81.0,"percent_contained":null,"state":"MN","state_wfigs":"US-MN","county":"Becker","discovery_time_utc":"2021-05-11T17:10:00Z","perimeter_time_utc":"2021-05-11T22:10:00Z","perimeter_edit_time_utc":"2023-03-14T15:13:42Z","incident_modified_time_utc":"2021-11-30T16:43:48Z","containment_time_utc":"2021-05-11T23:00:00Z","control_time_utc":"2021-05-12T17:00:00Z","fire_out_time_utc":"2021-05-20T17:00:00Z","fire_cause":"Human","fire_cause_general":"Other causes","map_method":"Digitized-Image","source_dataset":"FFP","unique_fire_identifier":"2021-MNMNA-000099","irwin_id":"{E2494121-7632-45A8-AA94-83A2F8D4A7C8}","global_id":"774df3fc-c5b3-48be-b16f-1541d256de74"}},{"type":"Feature","geometry":{"type":"Polygon","coordinates":[[[-95.22975,46.57064],[-95.22984,46.57086],[-95.22968,46.57115],[-95.22936,46.57137],[-95.22901,46.5714],[-95.22914,46.57128],[-95.22905,46.57074],[-95.22933,46.57053],[-95.22975,46.57064]]]},"properties":{"fire_id":"ufid:2021-MNMNS-161079","source_collection":"history-2021","source_objectid":13012,"incident_name":"Bluffton baler","mapped_acres":1.15,"mapped_acres_source":"poly_GISAcres","gis_acres":1.15,"auto_acres":1.05446167992842,"reported_acres":1.15,"percent_contained":null,"state":"MN","state_wfigs":"US-MN","county":"Otter Tail","discovery_time_utc":"2021-06-23T19:05:18Z","perimeter_time_utc":"2021-06-24T00:05:18Z","perimeter_edit_time_utc":"2023-03-14T15:13:42Z","incident_modified_time_utc":"2022-01-10T17:44:59Z","containment_time_utc":"2021-06-23T19:50:00Z","control_time_utc":"2021-06-23T19:51:00Z","fire_out_time_utc":"2021-07-19T16:21:22Z","fire_cause":"Human","fire_cause_general":"Equipment and vehicle use","map_method":"Hand Sketch","source_dataset":"FFP","unique_fire_identifier":"2021-MNMNS-161079","irwin_id":"{E6A7C906-C12C-42D9-ADC3-64F1D7802296}","global_id":"33687596-6d99-410b-921e-8d9d1bf4e7a8"}},{"type":"Feature","geometry":{"type":"Polygon","coordinates":[[[-95.82806,48.80923],[-95.82844,48.80906],[-95.82869,48.80936],[-95.82878,48.81156],[-95.8281,48.81162],[-95.82806,48.80923]]]},"properties":{"fire_id":"ufid:2021-MNMNS-121218","source_collection":"history-2021","source_objectid":13080,"incident_name":"SE FOX","mapped_acres":10.0,"mapped_acres_source":"poly_GISAcres","gis_acres":10.0,"auto_acres":3.1456014132993033,"reported_acres":10.0,"percent_contained":null,"state":"MN","state_wfigs":"US-MN","county":"Roseau","discovery_time_utc":"2021-08-17T20:01:45Z","perimeter_time_utc":"2021-08-18T01:01:45Z","perimeter_edit_time_utc":"2023-03-14T15:13:42Z","incident_modified_time_utc":"2022-01-10T17:02:55Z","containment_time_utc":"2021-08-17T20:45:00Z","control_time_utc":"2021-08-18T20:55:00Z","fire_out_time_utc":"2021-08-20T19:33:31Z","fire_cause":"Human","fire_cause_general":"Debris and open burning","map_method":"Hand Sketch","source_dataset":"FFP","unique_fire_identifier":"2021-MNMNS-121218","irwin_id":"{D41A2EE3-A592-41BD-95D5-7111F0D9F8FA}","global_id":"18cc984c-3ea2-4caa-a2ec-772d6197ea88"}},{"type":"Feature","geometry":{"type":"Polygon","coordinates":[[[-96.42586,48.7615],[-96.41642,48.7614],[-96.41592,48.76096],[-96.40468,48.76089],[-96.40484,48.74662],[-96.40526,48.74644],[-96.42671,48.74643],[-96.42678,48.75333],[-96.42734,48.75355],[-96.42764,48.7548],[-96.42819,48.75593],[-96.42774,48.75625],[-96.42798,48.75667],[-96.4279,48.75806],[-96.42812,48.75869],[-96.42807,48.75958],[-96.42827,48.76028],[-96.42873,48.76082],[-96.42586,48.7615]]]},"properties":{"fire_id":"ufid:2021-MNMNS-121011","source_collection":"history-2021","source_objectid":13088,"incident_name":"Klondike Swamp Fire","mapped_acres":650.0,"mapped_acres_source":"poly_GISAcres","gis_acres":650.0,"auto_acres":673.0633903723106,"reported_acres":650.0,"percent_contained":null,"state":"MN","state_wfigs":"US-MN","county":"Kittson","discovery_time_utc":"2021-03-13T22:02:15Z","perimeter_time_utc":"2021-03-14T04:02:15Z","perimeter_edit_time_utc":"2023-03-14T15:13:42Z","incident_modified_time_utc":"2022-01-10T18:28:51Z","containment_time_utc":"2021-03-14T03:48:00Z","control_time_utc":"2021-03-14T03:49:00Z","fire_out_time_utc":"2021-03-17T07:46:00Z","fire_cause":"Human","fire_cause_general":"Equipment and vehicle use","map_method":"GPS-Walked/Driven","source_dataset":"FFP","unique_fire_identifier":"2021-MNMNS-121011","irwin_id":"{1D8DD87D-3079-43C5-BF99-ADAB129D50B5}","global_id":"93b4621d-ea7a-4b78-8e58-b3ab731d634a"}},{"type":"Feature","geometry":{"type":"Polygon","coordinates":[[[-95.05323,46.79392],[-95.0542,46.79392],[-95.05461,46.79406],[-95.05534,46.79463],[-95.05558,46.79524],[-95.05474,46.79554],[-95.05388,46.79509],[-95.05352,46.79506],[-95.05302,46.79442],[-95.05323,46.79392]]]},"properties":{"fire_id":"ufid:2021-MNMNS-161066","source_collection":"history-2021","source_objectid":13200,"incident_name":"Twin Lakes","mapped_acres":2.0,"mapped_acres_source":"poly_GISAcres","gis_acres":2.0,"auto_acres":5.822105424454599,"reported_acres":5.4,"percent_contained":null,"state":"MN","state_wfigs":"US-MN","county":"Wadena","discovery_time_utc":"2021-06-01T18:45:59Z","perimeter_time_utc":"2021-06-01T23:45:59Z","perimeter_edit_time_utc":"2023-03-14T15:13:42Z","incident_modified_time_utc":"2022-01-10T17:41:30Z","containment_time_utc":"2021-06-01T19:27:00Z","control_time_utc":"2021-06-01T23:44:00Z","fire_out_time_utc":"2021-06-03T13:30:00Z","fire_cause":"Undetermined","fire_cause_general":"Undetermined","map_method":"Hand Sketch","source_dataset":"FFP","unique_fire_identifier":"2021-MNMNS-161066","irwin_id":"{8006765F-9911-405E-A2F2-0E099B60DA85}","global_id":"546c4c45-ef62-49c4-836f-aa812262ecaa"}},{"type":"Feature","geometry":{"type":"Polygon","coordinates":[[[-95.4372,47.8475],[-95.44053,47.84974],[-95.44266,47.85096],[-95.44297,47.85131],[-95.44205,47.85145],[-95.44147,47.85126],[-95.44058,47.85065],[-95.43998,47.85102],[-95.43925,47.85178],[-95.4387,47.85194],[-95.4381,47.85182],[-95.43657,47.85234],[-95.43604,47.85206],[-95.43694,47.85086],[-95.43683,47.84946],[-95.43885,47.8492],[-95.4378,47.84857],[-95.43687,47.84781],[-95.4372,47.8475]]]},"properties":{"fire_id":"ufid:2021-MNRLA-000039","source_collection":"history-2021","source_objectid":13260,"incident_name":"RL 036  KIWOSAY","mapped_acres":0.1,"mapped_acres_source":"poly_GISAcres","gis_acres":0.1,"auto_acres":25.61909023983827,"reported_acres":28.0,"percent_contained":null,"state":"MN","state_wfigs":"US-MN","county":"Clearwater","discovery_time_utc":"2021-03-18T17:47:00Z","perimeter_time_utc":"2021-03-18T23:01:00Z","perimeter_edit_time_utc":"2023-03-14T15:13:42Z","incident_modified_time_utc":"2022-01-27T15:46:19Z","containment_time_utc":"2021-03-18T18:15:00Z","control_time_utc":"2021-03-18T20:33:00Z","fire_out_time_utc":"2021-03-21T20:33:00Z","fire_cause":"Human","fire_cause_general":"Other causes","map_method":"Hand Sketch","source_dataset":"FFP","unique_fire_identifier":"2021-MNRLA-000039","irwin_id":"{BE948D8A-621D-45F2-B758-1B7F31CECE9B}","global_id":"7a005101-1ada-48bc-9568-926da339caf8"}},{"type":"Feature","geometry":{"type":"MultiPolygon","coordinates":[[[[-95.68661,47.32384],[-95.68303,47.32368],[-95.68271,47.32345],[-95.68221,47.32344],[-95.68184,47.32284],[-95.68111,47.32251],[-95.67952,47.32203],[-95.67891,47.32208],[-95.67834,47.32185],[-95.67838,47.32214],[-95.6787,47.32258],[-95.67872,47.32298],[-95.67858,47.32316],[-95.67873,47.32327],[-95.67877,47.32356],[-95.67856,47.3236],[-95.67846,47.32315],[-95.67855,47.32263],[-95.67813,47.32182],[-95.67873,47.32107],[-95.67913,47.32098],[-95.67938,47.32071],[-95.67945,47.32023],[-95.68037,47.3199],[-95.68116,47.31931],[-95.68187,47.31933],[-95.68227,47.31908],[-95.68257,47.31938],[-95.68242,47.32034],[-95.68366,47.32099],[-95.68409,47.32138],[-95.68445,47.32148],[-95.68479,47.32216],[-95.68638,47.32259],[-95.68664,47.32293],[-95.68661,47.32384]]],[[[-95.68013,47.31995],[-95.68011,47.31996],[-95.68013,47.31994],[-95.68013,47.31995]]]]},"properties":{"fire_id":"ufid:2021-MNMNA-000084","source_collection":"history-2021","source_objectid":13417,"incident_name":"Danner","mapped_acres":15.0,"mapped_acres_source":"poly_GISAcres","gis_acres":15.0,"auto_acres":39.58957437630704,"reported_acres":39.5,"percent_contained":null,"state":"MN","state_wfigs":"US-MN","county":"Mahnomen","discovery_time_utc":"2021-05-06T19:52:00Z","perimeter_time_utc":"2021-05-07T00:52:00Z","perimeter_edit_time_utc":"2023-03-14T15:13:42Z","incident_modified_time_utc":"2021-11-30T16:44:24Z","containment_time_utc":"2021-05-06T23:00:00Z","control_time_utc":null,"fire_out_time_utc":"2021-05-13T17:00:00Z","fire_cause":"Human","fire_cause_general":"Other causes","map_method":"Digitized-Image","source_dataset":"FFP","unique_fire_identifier":"2021-MNMNA-000084","irwin_id":"{B5872E8A-50A9-4370-848A-6D5CF4F54030}","global_id":"aa20889f-53f9-436d-a307-0ea768445615"}},{"type":"Feature","geometry":{"type":"Polygon","coordinates":[[[-95.20455,48.84678],[-95.20516,48.84689],[-95.20509,48.847],[-95.20455,48.84678]]]},"properties":{"fire_id":"ufid:2021-MNMNS-121061","source_collection":"history-2021","source_objectid":13437,"incident_name":"Frontage Ditch","mapped_acres":0.12,"mapped_acres_source":"poly_GISAcres","gis_acres":0.12,"auto_acres":0.15328776359062546,"reported_acres":0.12,"percent_contained":null,"state":"MN","state_wfigs":"US-MN","county":"Roseau","discovery_time_utc":"2021-04-01T16:15:26Z","perimeter_time_utc":"2021-04-01T21:15:26Z","perimeter_edit_time_utc":"2023-03-14T15:13:42Z","incident_modified_time_utc":"2022-01-10T18:16:11Z","containment_time_utc":"2021-04-01T16:37:00Z","control_time_utc":"2021-04-01T16:37:00Z","fire_out_time_utc":"2021-04-01T16:53:00Z","fire_cause":"Human","fire_cause_general":"Railroad operations and maintenance","map_method":"Hand Sketch","source_dataset":"FFP","unique_fire_identifier":"2021-MNMNS-121061","irwin_id":"{72F8F1D9-8D3A-451F-975C-F9C17F1761D5}","global_id":"ba119356-3a80-43de-bdb6-8ee64ba1c121"}},{"type":"Feature","geometry":{"type":"Polygon","coordinates":[[[-95.5653,47.43292],[-95.56536,47.43325],[-95.56561,47.4334],[-95.56618,47.43331],[-95.56649,47.43343],[-95.56627,47.43383],[-95.56559,47.43406],[-95.56556,47.4351],[-95.56593,47.43536],[-95.56648,47.43499],[-95.56686,47.43498],[-95.567,47.43518],[-95.56689,47.43531],[-95.5669,47.43575],[-95.56778,47.43639],[-95.5675,47.43736],[-95.5664,47.43818],[-95.56625,47.43869],[-95.56659,47.43879],[-95.56668,47.43933],[-95.56702,47.43954],[-95.56704,47.43981],[-95.56757,47.43989],[-95.56811,47.43957],[-95.56816,47.4397],[-95.56731,47.44013],[-95.56571,47.44175],[-95.56463,47.44215],[-95.56436,47.44269],[-95.56463,47.44274],[-95.56533,47.44242],[-95.56532,47.44219],[-95.56548,47.44211],[-95.56595,47.44225],[-95.56735,47.44161],[-95.56758,47.44176],[-95.56861,47.44148],[-95.56913,47.44147],[-95.57,47.44167],[-95.57038,47.44209],[-95.57166,47.44299],[-95.57217,47.44374],[-95.57294,47.44634],[-95.57312,47.44709],[-95.57229,47.4482],[-95.57239,47.4485],[-95.57262,47.44855],[-95.57279,47.44896],[-95.57352,47.44986],[-95.57425,47.45163],[-95.5745,47.45475],[-95.57416,47.45598],[-95.5735,47.45709],[-95.57281,47.4578],[-95.57317,47.45793],[-95.57339,47.45818],[-95.57337,47.45887],[-95.57416,47.4589],[-95.57476,47.45984],[-95.57483,47.46067],[-95.57508,47.4614],[-95.57487,47.46264],[-95.57468,47.46289],[-95.57324,47.46292],[-95.57457,47.4632],[-95.57483,47.46337],[-95.57487,47.46489],[-95.57532,47.46653],[-95.57418,47.46685],[-95.57311,47.46702],[-95.57234,47.46556],[-95.57073,47.46354],[-95.56996,47.46318],[-95.56981,47.46295],[-95.56895,47.46286],[-95.56884,47.46248],[-95.5694,47.46238],[-95.56951,47.46215],[-95.56953,47.46115],[-95.56925,47.46028],[-95.56938,47.4599],[-95.56815,47.45864],[-95.56605,47.45691],[-95.56575,47.45655],[-95.56575,47.45627],[-95.56489,47.4548],[-95.56298,47.45332],[-95.56187,47.45308],[-95.56169,47.45266],[-95.56099,47.45213],[-95.56084,47.45173],[-95.55976,47.45168],[-95.56002,47.45025],[-95.55882,47.44946],[-95.56135,47.44841],[-95.56197,47.44832],[-95.56236,47.44798],[-95.56257,47.44731],[-95.56215,47.44625],[-95.56172,47.44577],[-95.56152,47.44531],[-95.56056,47.44517],[-95.56043,47.44486],[-95.55991,47.44451],[-95.55966,47.44396],[-95.55936,47.44378],[-95.55886,47.44375],[-95.55899,47.44403],[-95.55901,47.44474],[-95.55867,47.44568],[-95.55691,47.44744],[-95.55657,47.44747],[-95.55648,47.44722],[-95.55669,47.44684],[-95.55749,47.44625],[-95.55798,47.44555],[-95.55818,47.44502],[-95.55839,47.44419],[-95.55828,47.44349],[-95.55867,47.44306],[-95.55884,47.44201],[-95.55925,47.44136],[-95.55828,47.4413],[-95.55863,47.44049],[-95.56092,47.43966],[-95.56107,47.43753],[-95.56279,47.43732],[-95.56344,47.43698],[-95.5638,47.43645],[-95.56393,47.4361],[-95.56378,47.43561],[-95.564,47.43546],[-95.56333,47.43503],[-95.56312,47.43474],[-95.56295,47.43418],[-95.56267,47.43398],[-95.56284,47.43358],[-95.56386,47.43345],[-95.56372,47.43306],[-95.56385,47.43289],[-95.5653,47.43292]]]},"properties":{"fire_id":"ufid:2021-MNMNA-000009","source_collection":"history-2021","source_objectid":13671,"incident_name":"Mission Meadows","mapped_acres":650.0,"mapped_acres_source":"poly_GISAcres","gis_acres":650.0,"auto_acres":556.3446529444311,"reported_acres":650.0,"percent_contained":null,"state":"MN","state_wfigs":"US-MN","county":"Mahnomen","discovery_time_utc":"2021-03-21T06:35:00Z","perimeter_time_utc":"2021-03-21T11:35:00Z","perimeter_edit_time_utc":"2023-03-14T15:13:42Z","incident_modified_time_utc":"2021-11-30T16:47:54Z","containment_time_utc":"2021-03-21T14:22:00Z","control_time_utc":"2021-03-24T17:00:00Z","fire_out_time_utc":"2021-04-05T17:00:00Z","fire_cause":"Human","fire_cause_general":"Other causes","map_method":"Digitized-Image","source_dataset":"FFP","unique_fire_identifier":"2021-MNMNA-000009","irwin_id":"{EDF1ECD6-86AE-4CA2-89C8-6F4F7047F8DB}","global_id":"4859202c-4f32-4751-b53d-255ec6d53e30"}},{"type":"Feature","geometry":{"type":"Polygon","coordinates":[[[-96.30661,47.6695],[-96.30648,47.67016],[-96.30618,47.67112],[-96.30568,47.67217],[-96.30559,47.67301],[-96.30506,47.67404],[-96.30489,47.67488],[-96.30495,47.67569],[-96.30463,47.67613],[-96.30432,47.67734],[-96.30442,47.6778],[-96.30415,47.67852],[-96.3036,47.67944],[-96.30111,47.6791],[-96.30048,47.67923],[-96.30038,47.67906],[-96.29993,47.67898],[-96.30035,47.67763],[-96.30014,47.67754],[-96.30022,47.67733],[-96.30004,47.67705],[-96.30006,47.67642],[-96.30032,47.67622],[-96.30034,47.67603],[-96.30024,47.67552],[-96.30001,47.67518],[-96.29973,47.67509],[-96.29987,47.67477],[-96.2998,47.67443],[-96.29935,47.67395],[-96.29963,47.67378],[-96.29976,47.6734],[-96.2994,47.67313],[-96.29911,47.67311],[-96.29907,47.67341],[-96.29868,47.67348],[-96.29848,47.67315],[-96.29868,47.67276],[-96.29916,47.67239],[-96.29897,47.67221],[-96.29924,47.67208],[-96.29894,47.67191],[-96.29914,47.67184],[-96.29927,47.67147],[-96.29976,47.67117],[-96.29989,47.67066],[-96.29979,47.67024],[-96.29988,47.66947],[-96.30026,47.66889],[-96.30054,47.66877],[-96.30092,47.66802],[-96.3006,47.66755],[-96.30065,47.66736],[-96.30181,47.66686],[-96.30389,47.66642],[-96.30353,47.6644],[-96.30373,47.66409],[-96.3041,47.66386],[-96.30419,47.66355],[-96.30405,47.66284],[-96.30373,47.66231],[-96.30343,47.66068],[-96.3031,47.65963],[-96.3029,47.65941],[-96.30258,47.65934],[-96.30204,47.65818],[-96.30279,47.65703],[-96.30325,47.6567],[-96.30515,47.6556],[-96.30619,47.65537],[-96.30646,47.65509],[-96.30705,47.65535],[-96.30727,47.6559],[-96.30769,47.65574],[-96.30782,47.65597],[-96.30816,47.65588],[-96.30854,47.65558],[-96.30961,47.65526],[-96.31018,47.65526],[-96.31072,47.65583],[-96.31195,47.65565],[-96.31223,47.65547],[-96.31276,47.65609],[-96.31269,47.65664],[-96.31226,47.65722],[-96.31335,47.65735],[-96.3136,47.6575],[-96.31369,47.65772],[-96.31322,47.65901],[-96.31365,47.65931],[-96.31401,47.6591],[-96.31423,47.65915],[-96.31428,47.65997],[-96.31366,47.66021],[-96.31396,47.66049],[-96.31399,47.66074],[-96.3137,47.66088],[-96.31331,47.66083],[-96.31354,47.66023],[-96.31341,47.66041],[-96.31295,47.66051],[-96.31277,47.66041],[-96.31269,47.66015],[-96.31244,47.66026],[-96.31255,47.65993],[-96.31221,47.65903],[-96.30902,47.65916],[-96.30844,47.6595],[-96.30814,47.66106],[-96.30778,47.6614],[-96.30755,47.66206],[-96.30766,47.66286],[-96.30754,47.66331],[-96.30826,47.66348],[-96.30894,47.66412],[-96.3089,47.66435],[-96.30861,47.6644],[-96.30851,47.66491],[-96.30854,47.66521],[-96.30882,47.66547],[-96.30866,47.66571],[-96.30883,47.66583],[-96.30881,47.66657],[-96.30895,47.66669],[-96.30769,47.66674],[-96.30761,47.66703],[-96.30687,47.66771],[-96.30661,47.6678],[-96.30642,47.66807],[-96.30664,47.66836],[-96.30661,47.6695]]]},"properties":{"fire_id":"ufid:2021-MNMNS-111057","source_collection":"history-2021","source_objectid":13683,"incident_name":"Godfrey","mapped_acres":296.1433081284084,"mapped_acres_source":"poly_Acres_AutoCalc_fallback","gis_acres":null,"auto_acres":296.1433081284084,"reported_acres":296.0,"percent_contained":null,"state":"MN","state_wfigs":"US-MN","county":"Polk","discovery_time_utc":"2021-05-17T17:15:36Z","perimeter_time_utc":"2021-05-19T18:31:30Z","perimeter_edit_time_utc":"2023-03-14T15:13:42Z","incident_modified_time_utc":"2022-01-10T19:00:34Z","containment_time_utc":"2021-05-24T17:59:48Z","control_time_utc":"2021-06-06T21:43:00Z","fire_out_time_utc":"2021-06-07T21:43:08Z","fire_cause":"Human","fire_cause_general":"Debris and open burning","map_method":"GPS-Walked/Driven","source_dataset":"FFP","unique_fire_identifier":"2021-MNMNS-111057","irwin_id":"{FAD53320-7E69-4D4C-9D0F-D5A79E4ADFED}","global_id":"84b9cdd7-158f-4027-a1ff-38ad592db576"}}]}
