{"type":"FeatureCollection","features":[{"type":"Feature","geometry":{"type":"Polygon","coordinates":[[[-119.62206,48.34237],[-119.62109,48.34335],[-119.62009,48.34237],[-119.62206,48.34237]]]},"properties":{"fire_id":"ufid:2021-WANES-002607","source_collection":"history-2021","source_objectid":174,"incident_name":"B&O","mapped_acres":2.0,"mapped_acres_source":"poly_GISAcres","gis_acres":2.0,"auto_acres":1.9588725507705,"reported_acres":2.0,"percent_contained":null,"state":"WA","state_wfigs":"US-WA","county":"Okanogan","discovery_time_utc":"2021-09-13T21:32:45Z","perimeter_time_utc":"2021-09-14T02:32:45Z","perimeter_edit_time_utc":"2021-12-22T21:36:11Z","incident_modified_time_utc":"2021-12-22T21:36:11Z","containment_time_utc":"2021-09-13T23:10:00Z","control_time_utc":null,"fire_out_time_utc":null,"fire_cause":"Human","fire_cause_general":"Other Human Cause","map_method":"Hand Sketch","source_dataset":"2021 NIFS","unique_fire_identifier":"2021-WANES-002607","irwin_id":"{61B8124E-362D-4862-8BC5-B45AB83CE55F}","global_id":"ab50756d-2f3b-4583-89bd-1d07fa74891a"}},{"type":"Feature","geometry":{"type":"Polygon","coordinates":[[[-119.46428,47.10839],[-119.4645,47.10831],[-119.465,47.10848],[-119.46487,47.10868],[-119.46435,47.10871],[-119.46423,47.10854],[-119.46428,47.10839]]]},"properties":{"fire_id":"ufid:2021-WASPD-000352","source_collection":"history-2021","source_objectid":366,"incident_name":"POTHOLES","mapped_acres":1.0,"mapped_acres_source":"poly_GISAcres","gis_acres":1.0,"auto_acres":0.507744114096701,"reported_acres":1.0,"percent_contained":null,"state":"WA","state_wfigs":"US-WA","county":"Grant","discovery_time_utc":"2021-07-12T14:25:00Z","perimeter_time_utc":"2021-07-12T19:25:28Z","perimeter_edit_time_utc":"2021-07-12T22:41:36Z","incident_modified_time_utc":"2021-12-08T15:35:11Z","containment_time_utc":"2021-07-12T17:02:00Z","control_time_utc":"2021-07-12T19:01:00Z","fire_out_time_utc":"2021-07-18T19:20:00Z","fire_cause":"Undetermined","fire_cause_general":"Camping","map_method":"Hand Sketch","source_dataset":"2021 NIFS","unique_fire_identifier":"2021-WASPD-000352","irwin_id":"{448EDDAF-ED7F-47C6-BE2C-05708BEFD5E9}","global_id":"6cd48087-cfac-4baa-8d2c-aa3886766e39"}},{"type":"Feature","geometry":{"type":"Polygon","coordinates":[[[-119.99202,47.02335],[-119.99208,47.02339],[-119.99197,47.0234],[-119.99202,47.02335]]]},"properties":{"fire_id":"ufid:2021-WASPD-000232","source_collection":"history-2021","source_objectid":514,"incident_name":"Frenchman coulee","mapped_acres":0.01,"mapped_acres_source":"poly_GISAcres","gis_acres":0.01,"auto_acres":0.0104690915916456,"reported_acres":0.1,"percent_contained":null,"state":"WA","state_wfigs":"US-WA","county":"Grant","discovery_time_utc":"2021-06-20T20:31:00Z","perimeter_time_utc":"2021-06-20T08:00:00Z","perimeter_edit_time_utc":"2021-06-21T14:19:02Z","incident_modified_time_utc":"2021-12-08T14:34:51Z","containment_time_utc":"2021-06-20T22:03:00Z","control_time_utc":"2021-06-20T22:03:00Z","fire_out_time_utc":"2021-07-07T21:04:00Z","fire_cause":"Undetermined","fire_cause_general":"Incendiary","map_method":"GPS-Walked","source_dataset":"2021 NIFS","unique_fire_identifier":"2021-WASPD-000232","irwin_id":"{B53EE392-73D3-4DA2-A380-45316A508130}","global_id":"e8c05f3d-1dbd-479c-b907-146b10eec1ea"}},{"type":"Feature","geometry":{"type":"Polygon","coordinates":[[[-119.04182,47.91425],[-119.04103,47.91455],[-119.03885,47.9149],[-119.03658,47.91565],[-119.03437,47.91614],[-119.03206,47.91752],[-119.0309,47.91803],[-119.02962,47.91789],[-119.02904,47.91728],[-119.02913,47.91688],[-119.02962,47.91611],[-119.02978,47.91501],[-119.03015,47.91449],[-119.03184,47.91374],[-119.03321,47.91376],[-119.03395,47.91362],[-119.03767,47.91075],[-119.03818,47.91056],[-119.04249,47.91038],[-119.04346,47.91069],[-119.04395,47.91109],[-119.04422,47.91185],[-119.04407,47.91228],[-119.04182,47.91425]]]},"properties":{"fire_id":"ufid:2021-WASPD-001651","source_collection":"history-2021","source_objectid":568,"incident_name":"OSBORN","mapped_acres":1.0,"mapped_acres_source":"poly_GISAcres","gis_acres":1.0,"auto_acres":108.8339029717,"reported_acres":109.0,"percent_contained":null,"state":"WA","state_wfigs":"US-WA","county":"Grant","discovery_time_utc":"2021-06-05T20:11:00Z","perimeter_time_utc":"2021-06-06T01:11:00Z","perimeter_edit_time_utc":"2021-06-06T20:16:03Z","incident_modified_time_utc":"2022-01-19T23:01:26Z","containment_time_utc":"2021-06-07T15:25:00Z","control_time_utc":"2021-06-09T21:02:00Z","fire_out_time_utc":"2021-07-21T16:41:00Z","fire_cause":"Human","fire_cause_general":"Firearms/Weapons","map_method":"Phone/Tablet","source_dataset":"2021 NIFS","unique_fire_identifier":"2021-WASPD-001651","irwin_id":"{B4FA6424-31B4-4466-BA75-0DA06AFE6298}","global_id":"2d0c70d8-7b84-4697-818e-0c1f5016b8bd"}},{"type":"Feature","geometry":{"type":"Polygon","coordinates":[[[-119.93749,46.84442],[-119.93776,46.8446],[-119.93849,46.84461],[-119.93883,46.84477],[-119.93942,46.84561],[-119.93836,46.8457],[-119.93712,46.84532],[-119.93701,46.84574],[-119.93648,46.84568],[-119.93636,46.84541],[-119.93672,46.84451],[-119.93743,46.84458],[-119.93749,46.84442]]]},"properties":{"fire_id":"ufid:2021-WASPD-000280","source_collection":"history-2021","source_objectid":793,"incident_name":"SOUTH BEVERLY","mapped_acres":5.0,"mapped_acres_source":"poly_GISAcres","gis_acres":5.0,"auto_acres":5.42895585308543,"reported_acres":5.2,"percent_contained":null,"state":"WA","state_wfigs":"US-WA","county":"Grant","discovery_time_utc":"2021-06-30T20:45:00Z","perimeter_time_utc":"2021-07-01T01:45:58Z","perimeter_edit_time_utc":"2021-10-19T20:11:42Z","incident_modified_time_utc":"2021-12-08T14:31:45Z","containment_time_utc":"2021-07-01T03:38:00Z","control_time_utc":"2021-07-01T22:54:00Z","fire_out_time_utc":"2021-07-12T21:52:00Z","fire_cause":"Undetermined","fire_cause_general":"Equipment","map_method":"Phone/Tablet","source_dataset":"2021 NIFS","unique_fire_identifier":"2021-WASPD-000280","irwin_id":"{0E104E7A-9014-4EFF-A5EE-2B49DA596853}","global_id":"a9c7de26-7dbc-4ab0-9890-18eb0156dc98"}},{"type":"Feature","geometry":{"type":"Polygon","coordinates":[[[-117.19874,46.38137],[-117.19731,46.38091],[-117.19489,46.37943],[-117.19291,46.37885],[-117.18812,46.37808],[-117.18752,46.37772],[-117.18728,46.37716],[-117.18699,46.37531],[-117.18651,46.37485],[-117.18578,46.37464],[-117.18405,46.3747],[-117.18323,46.37451],[-117.18122,46.37322],[-117.18039,46.37292],[-117.17889,46.37276],[-117.1728,46.37271],[-117.17133,46.37254],[-117.16999,46.37216],[-117.16695,46.37093],[-117.16413,46.37012],[-117.16034,46.36854],[-117.15825,46.36788],[-117.15489,46.3674],[-117.14777,46.36721],[-117.14553,46.36674],[-117.14041,46.36595],[-117.13955,46.36575],[-117.13855,46.36533],[-117.13796,46.36464],[-117.13697,46.36215],[-117.13547,46.35974],[-117.13421,46.35701],[-117.13407,46.35648],[-117.13422,46.35599],[-117.13586,46.35477],[-117.13588,46.35433],[-117.1355,46.354],[-117.13416,46.35339],[-117.13361,46.35297],[-117.13336,46.35244],[-117.13299,46.34948],[-117.13304,46.34713],[-117.13279,46.34659],[-117.13228,46.34613],[-117.13067,46.34561],[-117.12791,46.34513],[-117.12631,46.34437],[-117.12419,46.34258],[-117.12265,46.34097],[-117.1208,46.33795],[-117.11994,46.33522],[-117.11933,46.33442],[-117.11744,46.33329],[-117.11499,46.33123],[-117.11397,46.33064],[-117.11279,46.33025],[-117.10916,46.32978],[-117.10818,46.32949],[-117.1075,46.32905],[-117.10726,46.32849],[-117.10754,46.32792],[-117.11007,46.32662],[-117.11078,46.32599],[-117.11183,46.32461],[-117.11269,46.32415],[-117.11497,46.32371],[-117.11869,46.32338],[-117.12128,46.32344],[-117.12343,46.32371],[-117.12524,46.32437],[-117.12762,46.32577],[-117.12938,46.32622],[-117.13282,46.32619],[-117.14753,46.32754],[-117.14877,46.32775],[-117.15229,46.32894],[-117.1535,46.32921],[-117.15475,46.32934],[-117.1598,46.32941],[-117.16106,46.3296],[-117.16341,46.3302],[-117.16439,46.33068],[-117.16514,46.33134],[-117.1663,46.33295],[-117.16757,46.33519],[-117.16861,46.33647],[-117.16944,46.3371],[-117.17048,46.33748],[-117.17155,46.33748],[-117.17249,46.33718],[-117.17413,46.33616],[-117.17511,46.33594],[-117.17615,46.33607],[-117.17711,46.33639],[-117.17867,46.33747],[-117.17956,46.33789],[-117.1805,46.33795],[-117.18127,46.33765],[-117.18178,46.33705],[-117.18251,46.33464],[-117.183,46.33385],[-117.18376,46.3332],[-117.18467,46.33278],[-117.1857,46.33266],[-117.18676,46.33276],[-117.19074,46.33428],[-117.19179,46.33442],[-117.19275,46.33426],[-117.19506,46.33294],[-117.19685,46.33229],[-117.19778,46.33216],[-117.19966,46.33231],[-117.20054,46.33256],[-117.20162,46.33309],[-117.20524,46.33895],[-117.20555,46.33967],[-117.2055,46.34023],[-117.20501,46.34051],[-117.20238,46.34043],[-117.20166,46.34076],[-117.19921,46.34285],[-117.19775,46.34466],[-117.19748,46.34514],[-117.19738,46.34564],[-117.1975,46.34612],[-117.19807,46.34671],[-117.2036,46.34968],[-117.20422,46.35026],[-117.20522,46.35164],[-117.20741,46.35346],[-117.20782,46.3542],[-117.20815,46.35747],[-117.20837,46.35826],[-117.20875,46.35894],[-117.2093,46.35928],[-117.21027,46.35941],[-117.21302,46.35861],[-117.21612,46.35809],[-117.21824,46.35754],[-117.22138,46.35645],[-117.22342,46.35555],[-117.22867,46.35265],[-117.22925,46.35252],[-117.23009,46.3526],[-117.23187,46.35315],[-117.23357,46.35398],[-117.23593,46.3565],[-117.23639,46.3572],[-117.23657,46.35796],[-117.23623,46.35948],[-117.23628,46.36027],[-117.2368,46.36091],[-117.23774,46.36129],[-117.24116,46.36158],[-117.24216,46.36193],[-117.24384,46.36303],[-117.24509,46.3642],[-117.2455,46.3647],[-117.24573,46.36624],[-117.24627,46.36663],[-117.24917,46.36718],[-117.24949,46.36734],[-117.25021,46.36721],[-117.24964,46.36741],[-117.25002,46.36759],[-117.25038,46.36822],[-117.25025,46.36895],[-117.24838,46.37231],[-117.24691,46.37384],[-117.2456,46.37472],[-117.24369,46.37566],[-117.24126,46.37663],[-117.23635,46.37808],[-117.23,46.38037],[-117.22644,46.38108],[-117.22295,46.38213],[-117.22188,46.3826],[-117.22096,46.38319],[-117.21811,46.38555],[-117.21735,46.38569],[-117.21671,46.38541],[-117.21628,46.38483],[-117.215,46.38178],[-117.21414,46.38028],[-117.21312,46.37954],[-117.21218,46.37929],[-117.21084,46.37922],[-117.20955,46.37935],[-117.20634,46.3803],[-117.20438,46.38074],[-117.20023,46.38133],[-117.19874,46.38137]]]},"properties":{"fire_id":"ufid:2021-WAWFS-000678","source_collection":"history-2021","source_objectid":824,"incident_name":"Silcott","mapped_acres":8636.11186655534,"mapped_acres_source":"poly_GISAcres","gis_acres":8636.11186655534,"auto_acres":8636.07884853016,"reported_acres":8633.0,"percent_contained":100.0,"state":"WA","state_wfigs":"US-WA","county":"Asotin","discovery_time_utc":"2021-07-07T14:30:00Z","perimeter_time_utc":"2021-07-08T19:30:00Z","perimeter_edit_time_utc":"2021-07-09T16:42:58Z","incident_modified_time_utc":"2021-07-11T14:54:01Z","containment_time_utc":null,"control_time_utc":null,"fire_out_time_utc":null,"fire_cause":"Natural","fire_cause_general":null,"map_method":"Mixed Methods","source_dataset":"2021 NIFS","unique_fire_identifier":"2021-WAWFS-000678","irwin_id":"{236951C4-0149-4523-AE60-6AF68FD053D9}","global_id":"c7ef06b1-44b1-47c4-8382-21c2f77b4d8c"}},{"type":"Feature","geometry":{"type":"Polygon","coordinates":[[[-117.27936,48.35962],[-117.27915,48.35947],[-117.27912,48.35908],[-117.27923,48.35892],[-117.2785,48.35923],[-117.27858,48.35949],[-117.27828,48.35957],[-117.27836,48.35972],[-117.27818,48.35967],[-117.27802,48.3593],[-117.2775,48.35931],[-117.27688,48.359],[-117.27694,48.35886],[-117.27681,48.35878],[-117.27691,48.35868],[-117.2768,48.3585],[-117.27689,48.35827],[-117.2765,48.35815],[-117.27659,48.35797],[-117.27611,48.35753],[-117.27651,48.3575],[-117.27638,48.35715],[-117.27697,48.35722],[-117.27691,48.3569],[-117.27722,48.35676],[-117.27679,48.3566],[-117.27662,48.35668],[-117.27647,48.35644],[-117.27652,48.35625],[-117.27671,48.35621],[-117.27674,48.35608],[-117.27662,48.35603],[-117.2767,48.35578],[-117.2771,48.35542],[-117.27775,48.35518],[-117.2779,48.35524],[-117.27768,48.35551],[-117.27775,48.35564],[-117.27814,48.35576],[-117.27837,48.35564],[-117.27879,48.35569],[-117.27877,48.35593],[-117.27848,48.35615],[-117.27884,48.35642],[-117.27867,48.35678],[-117.27845,48.35671],[-117.27846,48.3569],[-117.27848,48.35678],[-117.27886,48.357],[-117.27917,48.35685],[-117.27933,48.3569],[-117.27913,48.35708],[-117.27863,48.3572],[-117.27863,48.35746],[-117.27923,48.35767],[-117.27964,48.35804],[-117.28007,48.35804],[-117.27932,48.35843],[-117.27919,48.35862],[-117.27917,48.35878],[-117.2794,48.359],[-117.27967,48.35972],[-117.27952,48.3598],[-117.27952,48.35998],[-117.27936,48.35962]]]},"properties":{"fire_id":"ufid:2021-WAKAT-001225","source_collection":"history-2021","source_objectid":871,"incident_name":"TURTLE","mapped_acres":18.18,"mapped_acres_source":"poly_GISAcres","gis_acres":18.18,"auto_acres":18.1843369886661,"reported_acres":21.3,"percent_contained":null,"state":"WA","state_wfigs":"US-WA","county":"Pend Oreille","discovery_time_utc":"2021-04-03T01:04:00Z","perimeter_time_utc":"2021-04-03T06:04:45Z","perimeter_edit_time_utc":"2021-11-10T22:39:30Z","incident_modified_time_utc":"2021-11-11T00:00:21Z","containment_time_utc":"2021-04-03T05:30:00Z","control_time_utc":"2021-04-10T22:00:00Z","fire_out_time_utc":"2021-06-01T20:44:00Z","fire_cause":"Human","fire_cause_general":"Debris/Open Burning","map_method":"GPS-Unknown Travel Method","source_dataset":"2021 NIFS","unique_fire_identifier":"2021-WAKAT-001225","irwin_id":"{B44E6222-62F1-4B2B-9F48-976BCEB16558}","global_id":"2bb22f00-d98d-4969-8495-588ddd3b7c96"}},{"type":"Feature","geometry":{"type":"Polygon","coordinates":[[[-119.0439,47.97112],[-119.04395,47.97092],[-119.04425,47.9708],[-119.04562,47.97068],[-119.04547,47.97049],[-119.04495,47.97049],[-119.04538,47.97034],[-119.04528,47.9701],[-119.04542,47.97002],[-119.04704,47.97038],[-119.04725,47.9703],[-119.0475,47.97064],[-119.04765,47.97116],[-119.0476,47.97136],[-119.0474,47.97149],[-119.04742,47.97164],[-119.04793,47.97221],[-119.04786,47.97273],[-119.04816,47.97284],[-119.04795,47.97315],[-119.04795,47.9739],[-119.04756,47.97531],[-119.04723,47.97572],[-119.04723,47.97621],[-119.0467,47.97666],[-119.04593,47.97683],[-119.04556,47.97665],[-119.04529,47.97671],[-119.04509,47.97647],[-119.04467,47.97664],[-119.04458,47.97652],[-119.04489,47.97639],[-119.04473,47.97628],[-119.04407,47.97628],[-119.04398,47.97616],[-119.04489,47.97593],[-119.04484,47.97564],[-119.04516,47.97554],[-119.04513,47.97496],[-119.04465,47.97485],[-119.04497,47.97464],[-119.04467,47.9745],[-119.04447,47.97412],[-119.04204,47.97268],[-119.04234,47.97248],[-119.0429,47.97241],[-119.04222,47.97226],[-119.04333,47.97172],[-119.0439,47.97112]]]},"properties":{"fire_id":"ufid:2021-WASPD-000448","source_collection":"history-2021","source_objectid":916,"incident_name":"Short","mapped_acres":107.51,"mapped_acres_source":"poly_GISAcres","gis_acres":107.51,"auto_acres":48.2202819705042,"reported_acres":48.0,"percent_contained":null,"state":"WA","state_wfigs":"US-WA","county":"Douglas","discovery_time_utc":"2021-08-04T05:23:00Z","perimeter_time_utc":"2021-08-04T10:23:26Z","perimeter_edit_time_utc":"2021-11-10T20:51:09Z","incident_modified_time_utc":"2021-12-08T17:28:23Z","containment_time_utc":"2021-08-04T20:18:00Z","control_time_utc":"2021-08-23T23:44:00Z","fire_out_time_utc":"2021-08-23T23:44:00Z","fire_cause":"Undetermined","fire_cause_general":"Lightning","map_method":"GPS-Driven","source_dataset":"2021 NIFS","unique_fire_identifier":"2021-WASPD-000448","irwin_id":"{FA1A3120-EC2F-489C-90FF-D3E7BD098AEA}","global_id":"283fd13a-54f5-455d-a017-fc79692b98d9"}},{"type":"Feature","geometry":{"type":"Polygon","coordinates":[[[-119.33578,47.0766],[-119.33602,47.07666],[-119.33593,47.07696],[-119.33547,47.0771],[-119.33539,47.07679],[-119.33578,47.0766]]]},"properties":{"fire_id":"ufid:2021-WASPD-000076","source_collection":"history-2021","source_objectid":963,"incident_name":"WILLOW DUNES","mapped_acres":0.5,"mapped_acres_source":"poly_GISAcres","gis_acres":0.5,"auto_acres":0.495596544610009,"reported_acres":0.5,"percent_contained":null,"state":"WA","state_wfigs":"US-WA","county":"Grant","discovery_time_utc":"2021-04-27T10:08:00Z","perimeter_time_utc":"2021-04-27T15:08:00Z","perimeter_edit_time_utc":"2021-10-04T20:53:45Z","incident_modified_time_utc":"2021-11-19T19:02:07Z","containment_time_utc":"2021-04-27T20:12:00Z","control_time_utc":"2021-05-19T19:00:00Z","fire_out_time_utc":"2021-05-20T19:00:00Z","fire_cause":"Human","fire_cause_general":"Other Human Cause","map_method":"Phone/Tablet","source_dataset":"2021 NIFS","unique_fire_identifier":"2021-WASPD-000076","irwin_id":"{433834D6-275D-4BAA-8D6C-CFD54E505D4B}","global_id":"08d5f29d-7bef-4635-83d2-1eaf5464ca10"}},{"type":"Feature","geometry":{"type":"Polygon","coordinates":[[[-119.96765,46.9854],[-119.96755,46.98541],[-119.9674,46.98496],[-119.96755,46.98495],[-119.96765,46.9854]]]},"properties":{"fire_id":"ufid:2021-WASPD-000189","source_collection":"history-2021","source_objectid":971,"incident_name":"BABCOCK BENCH","mapped_acres":0.119324869768691,"mapped_acres_source":"poly_Acres_AutoCalc_fallback","gis_acres":null,"auto_acres":0.119324869768691,"reported_acres":0.5,"percent_contained":null,"state":"WA","state_wfigs":"US-WA","county":"Grant","discovery_time_utc":"2021-06-09T19:09:00Z","perimeter_time_utc":null,"perimeter_edit_time_utc":"2021-06-11T01:46:47Z","incident_modified_time_utc":"2021-11-18T23:11:11Z","containment_time_utc":"2021-06-09T21:51:00Z","control_time_utc":"2021-06-09T21:51:00Z","fire_out_time_utc":"2021-06-22T18:36:00Z","fire_cause":"Human","fire_cause_general":"Equipment","map_method":"Mixed Methods","source_dataset":"2021 NIFS","unique_fire_identifier":"2021-WASPD-000189","irwin_id":"{1B899970-F71C-4FD3-BB8F-5AD395B31697}","global_id":"4f7ae580-1f04-47b8-9c2a-00ea9bd64762"}},{"type":"Feature","geometry":{"type":"Polygon","coordinates":[[[-119.95327,46.88051],[-119.95376,46.88029],[-119.95424,46.88034],[-119.95423,46.88014],[-119.95452,46.88023],[-119.95474,46.88012],[-119.95495,46.88026],[-119.95494,46.88085],[-119.95456,46.88096],[-119.95327,46.88051]]]},"properties":{"fire_id":"ufid:2021-WASPD-000222","source_collection":"history-2021","source_objectid":1021,"incident_name":"LOC Wanapum Dam","mapped_acres":2.0,"mapped_acres_source":"poly_GISAcres","gis_acres":2.0,"auto_acres":1.71418671915927,"reported_acres":1.7,"percent_contained":null,"state":"WA","state_wfigs":"US-WA","county":"Grant","discovery_time_utc":"2021-06-19T01:39:00Z","perimeter_time_utc":"2021-06-19T06:39:19Z","perimeter_edit_time_utc":"2021-06-19T03:57:50Z","incident_modified_time_utc":"2021-12-08T14:35:36Z","containment_time_utc":"2021-06-19T05:00:00Z","control_time_utc":"2021-06-20T00:26:00Z","fire_out_time_utc":"2021-07-07T17:20:00Z","fire_cause":"Undetermined","fire_cause_general":"Other Human Cause","map_method":"Phone/Tablet","source_dataset":"2021 NIFS","unique_fire_identifier":"2021-WASPD-000222","irwin_id":"{4F98815E-17CB-4424-9066-EFA6D00A22F2}","global_id":"b369fc41-82ec-4238-8bb7-3f604836197e"}},{"type":"Feature","geometry":{"type":"Polygon","coordinates":[[[-119.00867,46.25631],[-119.00865,46.25601],[-119.00894,46.25593],[-119.00981,46.2562],[-119.00972,46.25638],[-119.00949,46.25643],[-119.00867,46.25631]]]},"properties":{"fire_id":"ufid:2021-WASPD-000511","source_collection":"history-2021","source_objectid":1389,"incident_name":"LOWER SMITH CANYON","mapped_acres":0.1,"mapped_acres_source":"poly_GISAcres","gis_acres":0.1,"auto_acres":0.827928835437738,"reported_acres":2.0,"percent_contained":null,"state":"WA","state_wfigs":"US-WA","county":"Franklin","discovery_time_utc":"2021-08-11T14:54:00Z","perimeter_time_utc":"2021-08-11T19:54:00Z","perimeter_edit_time_utc":"2021-10-20T16:46:12Z","incident_modified_time_utc":"2022-01-19T23:51:20Z","containment_time_utc":"2021-08-11T15:16:00Z","control_time_utc":"2021-08-12T16:00:00Z","fire_out_time_utc":"2021-08-23T23:39:00Z","fire_cause":"Human","fire_cause_general":"Utilities","map_method":"Phone/Tablet","source_dataset":"2021 NIFS","unique_fire_identifier":"2021-WASPD-000511","irwin_id":"{5EEF05C0-B481-4A99-9C86-D2CFAE26D32F}","global_id":"69230574-6d1f-42df-822e-0f67c387304d"}},{"type":"Feature","geometry":{"type":"Polygon","coordinates":[[[-119.55675,47.26596],[-119.55529,47.26594],[-119.55502,47.2658],[-119.55506,47.26508],[-119.5547,47.26296],[-119.55486,47.26233],[-119.55538,47.26214],[-119.55528,47.26173],[-119.55575,47.26148],[-119.55673,47.26147],[-119.55717,47.26168],[-119.55789,47.26158],[-119.55793,47.26203],[-119.55779,47.26236],[-119.55801,47.26251],[-119.558,47.26313],[-119.55832,47.26354],[-119.55827,47.264],[-119.55809,47.26419],[-119.55785,47.26417],[-119.55769,47.2643],[-119.55766,47.26463],[-119.55715,47.26503],[-119.55725,47.2651],[-119.55721,47.2653],[-119.55679,47.26558],[-119.55675,47.26596]]]},"properties":{"fire_id":"ufid:2021-WASPD-000350","source_collection":"history-2021","source_objectid":1487,"incident_name":"NEVA LAKE","mapped_acres":1.0,"mapped_acres_source":"poly_GISAcres","gis_acres":1.0,"auto_acres":25.3788238360408,"reported_acres":25.0,"percent_contained":null,"state":"WA","state_wfigs":"US-WA","county":"Grant","discovery_time_utc":"2021-07-11T19:47:00Z","perimeter_time_utc":"2021-07-12T00:47:33Z","perimeter_edit_time_utc":"2021-11-18T22:43:10Z","incident_modified_time_utc":"2022-01-19T23:49:41Z","containment_time_utc":"2021-07-12T03:35:00Z","control_time_utc":"2021-07-18T22:23:00Z","fire_out_time_utc":"2021-07-18T22:23:00Z","fire_cause":"Human","fire_cause_general":"Incendiary","map_method":"Phone/Tablet","source_dataset":"2021 NIFS","unique_fire_identifier":"2021-WASPD-000350","irwin_id":"{1FFE4517-D07C-461B-B9B0-615C6B220EDD}","global_id":"6aad28fd-2788-479f-994a-491d2cadbb96"}},{"type":"Feature","geometry":{"type":"Polygon","coordinates":[[[-119.94743,46.85851],[-119.94612,46.85821],[-119.94508,46.85848],[-119.94476,46.85831],[-119.94456,46.85798],[-119.94408,46.85792],[-119.94339,46.85804],[-119.94249,46.8577],[-119.9425,46.85498],[-119.94358,46.85505],[-119.9447,46.85538],[-119.94528,46.8554],[-119.94576,46.8553],[-119.94551,46.8548],[-119.9457,46.85479],[-119.94801,46.85822],[-119.94792,46.85839],[-119.94743,46.85851]]]},"properties":{"fire_id":"ufid:2021-WASPD-000278","source_collection":"history-2021","source_objectid":1568,"incident_name":"Wanapum Village","mapped_acres":28.8060649143066,"mapped_acres_source":"poly_Acres_AutoCalc_fallback","gis_acres":null,"auto_acres":28.8060649143066,"reported_acres":29.0,"percent_contained":null,"state":"WA","state_wfigs":"US-WA","county":"Grant","discovery_time_utc":"2021-06-30T19:05:00Z","perimeter_time_utc":null,"perimeter_edit_time_utc":"2021-07-02T21:52:48Z","incident_modified_time_utc":"2021-12-08T14:32:03Z","containment_time_utc":"2021-07-01T03:30:00Z","control_time_utc":"2021-07-01T22:54:00Z","fire_out_time_utc":"2021-07-12T21:54:00Z","fire_cause":"Undetermined","fire_cause_general":"Equipment","map_method":"GPS-Driven","source_dataset":"2021 NIFS","unique_fire_identifier":"2021-WASPD-000278","irwin_id":"{F8027544-BBA9-4981-A648-6F07751B8D87}","global_id":"7df1457d-32a2-4450-a242-0cf4a13f48b7"}},{"type":"Feature","geometry":{"type":"Polygon","coordinates":[[[-119.56681,47.0818],[-119.56659,47.08153],[-119.56651,47.08081],[-119.56653,47.08051],[-119.56684,47.08031],[-119.56691,47.08049],[-119.56756,47.08086],[-119.56973,47.0816],[-119.56939,47.08181],[-119.56829,47.08177],[-119.56771,47.08205],[-119.56681,47.0818]]]},"properties":{"fire_id":"ufid:2021-WASPD-000431","source_collection":"history-2021","source_objectid":1983,"incident_name":"LOC-Fields","mapped_acres":0.3,"mapped_acres_source":"poly_GISAcres","gis_acres":0.3,"auto_acres":5.49778840149258,"reported_acres":5.5,"percent_contained":null,"state":"WA","state_wfigs":"US-WA","county":"Grant","discovery_time_utc":"2021-07-31T22:20:00Z","perimeter_time_utc":"2021-08-01T03:20:37Z","perimeter_edit_time_utc":"2021-10-04T21:28:02Z","incident_modified_time_utc":"2021-12-08T17:22:35Z","containment_time_utc":"2021-08-03T16:21:00Z","control_time_utc":"2021-08-03T16:21:00Z","fire_out_time_utc":"2021-08-23T23:44:00Z","fire_cause":"Undetermined","fire_cause_general":"Other Human Cause","map_method":"Phone/Tablet","source_dataset":"2021 NIFS","unique_fire_identifier":"2021-WASPD-000431","irwin_id":"{F4193C5C-5FA1-4066-B09B-78B429280C61}","global_id":"1527db1b-0d42-4a4a-a3fe-cc622d1d0ba7"}},{"type":"Feature","geometry":{"type":"Polygon","coordinates":[[[-117.18885,46.49747],[-117.18846,46.49637],[-117.18773,46.49257],[-117.18728,46.4911],[-117.18656,46.48986],[-117.18627,46.48863],[-117.18644,46.48771],[-117.18586,46.48641],[-117.19081,46.4855],[-117.18951,46.48413],[-117.18749,46.48345],[-117.18427,46.48359],[-117.18642,46.48294],[-117.18453,46.48282],[-117.18458,46.48238],[-117.18019,46.47866],[-117.17989,46.4777],[-117.17847,46.47627],[-117.17832,46.4758],[-117.17778,46.47521],[-117.17674,46.4736],[-117.17703,46.4723],[-117.17698,46.471],[-117.17758,46.46935],[-117.17852,46.46787],[-117.17888,46.46674],[-117.17929,46.46594],[-117.18035,46.46491],[-117.18063,46.46381],[-117.18156,46.46194],[-117.1842,46.46006],[-117.18644,46.45997],[-117.18794,46.46023],[-117.18963,46.45981],[-117.19103,46.45972],[-117.19429,46.45983],[-117.19625,46.46043],[-117.19912,46.46167],[-117.20131,46.4631],[-117.20316,46.4648],[-117.20509,46.46619],[-117.20616,46.46776],[-117.2074,46.47009],[-117.20942,46.47473],[-117.20976,46.47603],[-117.20957,46.47689],[-117.20984,46.47773],[-117.20976,46.47846],[-117.20916,46.47905],[-117.20916,46.48082],[-117.21101,46.48165],[-117.21236,46.48253],[-117.21406,46.48389],[-117.21427,46.48466],[-117.21394,46.4855],[-117.21429,46.48635],[-117.21706,46.48756],[-117.21901,46.48905],[-117.21813,46.4906],[-117.21884,46.49185],[-117.22168,46.49154],[-117.22336,46.49232],[-117.22521,46.49204],[-117.22717,46.49373],[-117.22837,46.49603],[-117.22813,46.49875],[-117.2282,46.49913],[-117.22788,46.49946],[-117.2285,46.50231],[-117.22781,46.50216],[-117.22732,46.50162],[-117.22178,46.50114],[-117.21509,46.50185],[-117.21257,46.50245],[-117.20863,46.50275],[-117.20758,46.50238],[-117.20467,46.50102],[-117.20292,46.5006],[-117.20263,46.50017],[-117.20124,46.49941],[-117.20088,46.49898],[-117.20017,46.4988],[-117.19487,46.50119],[-117.19219,46.50054],[-117.19066,46.49966],[-117.18885,46.49747]]]},"properties":{"fire_id":"ufid:2021-WAWFS-002129","source_collection":"history-2021","source_objectid":2162,"incident_name":"STEPTOE CANYON","mapped_acres":2608.35314165388,"mapped_acres_source":"poly_GISAcres","gis_acres":2608.35314165388,"auto_acres":2608.34232686315,"reported_acres":2700.0,"percent_contained":100.0,"state":"WA","state_wfigs":"US-WA","county":"Whitman","discovery_time_utc":"2021-07-22T14:23:00Z","perimeter_time_utc":"2021-07-22T19:23:10Z","perimeter_edit_time_utc":"2021-07-24T23:13:12Z","incident_modified_time_utc":"2021-12-30T21:10:10Z","containment_time_utc":"2021-07-25T16:30:00Z","control_time_utc":null,"fire_out_time_utc":null,"fire_cause":"Undetermined","fire_cause_general":"Undetermined","map_method":"Mixed Methods","source_dataset":"2021 NIFS","unique_fire_identifier":"2021-WAWFS-002129","irwin_id":"{E34E42E3-4F4C-4634-A37B-986191EE9F77}","global_id":"9f6541d1-6710-4033-a1ec-43bcb035e411"}},{"type":"Feature","geometry":{"type":"Polygon","coordinates":[[[-119.57283,47.25047],[-119.57223,47.25105],[-119.57208,47.25091],[-119.57219,47.25026],[-119.57158,47.25011],[-119.57125,47.24947],[-119.57114,47.24833],[-119.57149,47.24788],[-119.57197,47.2482],[-119.57201,47.2484],[-119.57232,47.24847],[-119.57267,47.24879],[-119.57282,47.24936],[-119.57279,47.24993],[-119.57255,47.25037],[-119.57283,47.25047]]]},"properties":{"fire_id":"ufid:2021-WASPD-000101","source_collection":"history-2021","source_objectid":2269,"incident_name":"Naylor","mapped_acres":6.54,"mapped_acres_source":"poly_GISAcres","gis_acres":6.54,"auto_acres":6.53511103656357,"reported_acres":6.5,"percent_contained":null,"state":"WA","state_wfigs":"US-WA","county":"Grant","discovery_time_utc":"2021-05-13T18:10:00Z","perimeter_time_utc":"2021-05-13T21:00:00Z","perimeter_edit_time_utc":"2021-05-17T18:37:09Z","incident_modified_time_utc":"2021-11-18T23:34:46Z","containment_time_utc":"2021-05-13T23:04:00Z","control_time_utc":"2021-05-14T21:04:00Z","fire_out_time_utc":"2021-05-21T18:44:00Z","fire_cause":"Human","fire_cause_general":"Camping","map_method":"GPS-Walked","source_dataset":"2021 NIFS","unique_fire_identifier":"2021-WASPD-000101","irwin_id":"{CF634D6B-F8D4-42AB-BD82-4320AD0002BE}","global_id":"0b0cc933-d2d1-4948-8205-f240b2f45471"}},{"type":"Feature","geometry":{"type":"Polygon","coordinates":[[[-119.46838,47.11029],[-119.46821,47.1102],[-119.46812,47.11043],[-119.46796,47.11007],[-119.46838,47.11017],[-119.46838,47.11029]]]},"properties":{"fire_id":"ufid:2021-WASPD-000193","source_collection":"history-2021","source_objectid":2388,"incident_name":"HIAWATHA LAKE","mapped_acres":0.149421365943588,"mapped_acres_source":"poly_Acres_AutoCalc_fallback","gis_acres":null,"auto_acres":0.149421365943588,"reported_acres":0.1,"percent_contained":null,"state":"WA","state_wfigs":"US-WA","county":"Grant","discovery_time_utc":"2021-06-10T22:53:00Z","perimeter_time_utc":null,"perimeter_edit_time_utc":"2021-11-18T23:09:48Z","incident_modified_time_utc":"2021-11-18T23:08:19Z","containment_time_utc":"2021-06-11T01:09:00Z","control_time_utc":"2021-06-11T01:09:00Z","fire_out_time_utc":"2021-06-22T18:36:00Z","fire_cause":"Human","fire_cause_general":"Other Human Cause","map_method":"GPS-Walked","source_dataset":"2021 NIFS","unique_fire_identifier":"2021-WASPD-000193","irwin_id":"{9547977A-52EA-4231-A215-CA142A5D6350}","global_id":"e48ab7d2-78e8-4915-8d6e-5dffe6be6a1e"}},{"type":"Feature","geometry":{"type":"Polygon","coordinates":[[[-119.09946,47.85898],[-119.09798,47.85975],[-119.09725,47.85971],[-119.0962,47.86024],[-119.09521,47.86112],[-119.09512,47.86152],[-119.09539,47.86281],[-119.09496,47.86392],[-119.0926,47.86812],[-119.09134,47.86779],[-119.08982,47.86793],[-119.08998,47.86812],[-119.08937,47.86855],[-119.08869,47.86869],[-119.0886,47.86808],[-119.08843,47.86809],[-119.08838,47.86783],[-119.08862,47.86767],[-119.08811,47.86732],[-119.0874,47.86758],[-119.08785,47.86697],[-119.08785,47.86667],[-119.08724,47.86604],[-119.08728,47.8658],[-119.08759,47.86546],[-119.08743,47.8654],[-119.0847,47.86521],[-119.08314,47.86575],[-119.08305,47.8655],[-119.0818,47.86471],[-119.08004,47.8656],[-119.07965,47.8657],[-119.07901,47.86562],[-119.07745,47.866],[-119.07682,47.86573],[-119.07683,47.86545],[-119.07659,47.8652],[-119.07656,47.86477],[-119.07696,47.86432],[-119.07735,47.86424],[-119.07806,47.86437],[-119.07863,47.86427],[-119.07886,47.86446],[-119.07958,47.86422],[-119.07993,47.86433],[-119.08004,47.86428],[-119.08006,47.86381],[-119.0798,47.86372],[-119.07999,47.86363],[-119.08048,47.86389],[-119.08042,47.86397],[-119.08106,47.86387],[-119.081,47.86402],[-119.08111,47.86418],[-119.08094,47.86428],[-119.0811,47.86438],[-119.08415,47.8635],[-119.08398,47.86275],[-119.08418,47.86268],[-119.0838,47.8621],[-119.08428,47.86166],[-119.08426,47.86153],[-119.08471,47.86145],[-119.08442,47.86133],[-119.08458,47.86123],[-119.08461,47.86103],[-119.08506,47.86101],[-119.08462,47.86067],[-119.08511,47.86009],[-119.08561,47.85987],[-119.08637,47.86001],[-119.08639,47.85985],[-119.08685,47.85946],[-119.08684,47.8596],[-119.08706,47.85961],[-119.08697,47.85982],[-119.08725,47.85991],[-119.08754,47.85977],[-119.08761,47.85954],[-119.08751,47.85941],[-119.08793,47.85893],[-119.08819,47.85891],[-119.08839,47.85907],[-119.0883,47.85931],[-119.0884,47.85961],[-119.08867,47.85942],[-119.08868,47.85914],[-119.08826,47.85878],[-119.08826,47.85852],[-119.08905,47.85873],[-119.08914,47.85862],[-119.08932,47.85914],[-119.08948,47.85907],[-119.08936,47.85894],[-119.08946,47.85886],[-119.08976,47.85894],[-119.08993,47.85877],[-119.08977,47.85866],[-119.08996,47.85849],[-119.08984,47.8582],[-119.08993,47.85808],[-119.08985,47.85763],[-119.0904,47.8575],[-119.09049,47.85803],[-119.09068,47.85796],[-119.09081,47.85768],[-119.09048,47.85716],[-119.09052,47.85623],[-119.09415,47.85604],[-119.09506,47.85543],[-119.09487,47.85504],[-119.09512,47.85496],[-119.09506,47.85484],[-119.09517,47.85479],[-119.09535,47.85488],[-119.09528,47.85474],[-119.09546,47.85455],[-119.09599,47.85475],[-119.09631,47.85538],[-119.09721,47.85583],[-119.09799,47.8564],[-119.09822,47.85721],[-119.09788,47.85817],[-119.09946,47.85898]]]},"properties":{"fire_id":"ufid:2021-WASPD-002134","source_collection":"history-2021","source_objectid":2587,"incident_name":"NORTHRUP","mapped_acres":247.654110086055,"mapped_acres_source":"poly_GISAcres","gis_acres":247.654110086055,"auto_acres":247.653172562837,"reported_acres":247.0,"percent_contained":95.0,"state":"WA","state_wfigs":"US-WA","county":"Grant","discovery_time_utc":"2021-07-23T00:42:00Z","perimeter_time_utc":"2021-07-24T21:57:13Z","perimeter_edit_time_utc":"2021-07-24T22:03:18Z","incident_modified_time_utc":"2021-12-08T19:14:19Z","containment_time_utc":"2021-08-05T01:45:00Z","control_time_utc":"2021-08-06T03:15:00Z","fire_out_time_utc":"2021-10-01T19:00:00Z","fire_cause":"Human","fire_cause_general":"Equipment","map_method":"Mixed Methods","source_dataset":"2021 NIFS","unique_fire_identifier":"2021-WASPD-002134","irwin_id":"{AEADFE69-B998-46AE-80DD-474242990CBB}","global_id":"a86ba5a8-c7c1-4521-8e47-86a881dab78d"}},{"type":"Feature","geometry":{"type":"Polygon","coordinates":[[[-119.28268,47.62439],[-119.28248,47.62404],[-119.28208,47.62393],[-119.28052,47.62406],[-119.27976,47.62358],[-119.27987,47.62354],[-119.27778,47.62361],[-119.27762,47.62352],[-119.27762,47.62315],[-119.2795,47.62308],[-119.28014,47.62341],[-119.2807,47.62331],[-119.28224,47.62356],[-119.28311,47.62391],[-119.2831,47.62419],[-119.28325,47.62429],[-119.28316,47.62443],[-119.28268,47.62439]]]},"properties":{"fire_id":"ufid:2021-WASPD-001917","source_collection":"history-2021","source_objectid":2636,"incident_name":"SOUTH BANKS","mapped_acres":3.0,"mapped_acres_source":"poly_GISAcres","gis_acres":3.0,"auto_acres":5.81013048168887,"reported_acres":5.8,"percent_contained":null,"state":"WA","state_wfigs":"US-WA","county":"Grant","discovery_time_utc":"2021-07-05T05:05:00Z","perimeter_time_utc":"2021-07-05T10:05:57Z","perimeter_edit_time_utc":"2021-10-15T20:17:16Z","incident_modified_time_utc":"2022-01-19T23:50:40Z","containment_time_utc":"2021-07-05T08:00:00Z","control_time_utc":"2021-07-05T21:00:00Z","fire_out_time_utc":"2021-07-15T20:00:00Z","fire_cause":"Human","fire_cause_general":"Incendiary","map_method":"Phone/Tablet","source_dataset":"2021 NIFS","unique_fire_identifier":"2021-WASPD-001917","irwin_id":"{C7821C32-207D-4F16-9DC7-7066471B8803}","global_id":"99c5dc57-8657-4cea-a253-0495efac2870"}},{"type":"Feature","geometry":{"type":"Polygon","coordinates":[[[-119.92221,47.13991],[-119.92282,47.14006],[-119.92253,47.1401],[-119.92221,47.13991]]]},"properties":{"fire_id":"ufid:2021-WASPD-000045","source_collection":"history-2021","source_objectid":2985,"incident_name":"QUINCY LAKE","mapped_acres":0.3,"mapped_acres_source":"poly_GISAcres","gis_acres":0.3,"auto_acres":0.103019333030182,"reported_acres":0.25,"percent_contained":null,"state":"WA","state_wfigs":"US-WA","county":"Grant","discovery_time_utc":"2021-04-04T21:00:00Z","perimeter_time_utc":"2021-04-05T02:00:00Z","perimeter_edit_time_utc":"2021-05-04T22:56:29Z","incident_modified_time_utc":"2022-01-28T21:13:38Z","containment_time_utc":"2021-04-05T17:30:00Z","control_time_utc":"2021-04-05T17:30:00Z","fire_out_time_utc":"2021-04-05T23:30:00Z","fire_cause":"Human","fire_cause_general":"Other Human Cause","map_method":"Hand Sketch","source_dataset":"2021 NIFS","unique_fire_identifier":"2021-WASPD-000045","irwin_id":"{18042843-6193-42AF-9282-C894E6D102B1}","global_id":"201e6a8c-44d8-4150-b638-fca0362cca34"}},{"type":"Feature","geometry":{"type":"Polygon","coordinates":[[[-119.33606,47.06196],[-119.33613,47.06193],[-119.3361,47.06199],[-119.33606,47.06196]]]},"properties":{"fire_id":"ufid:2021-WASPD-000592","source_collection":"history-2021","source_objectid":3052,"incident_name":"SAND FLATS","mapped_acres":0.1,"mapped_acres_source":"poly_GISAcres","gis_acres":0.1,"auto_acres":0.00730213244329714,"reported_acres":0.1,"percent_contained":null,"state":"WA","state_wfigs":"US-WA","county":"Grant","discovery_time_utc":"2021-09-27T04:43:00Z","perimeter_time_utc":"2021-09-27T09:43:35Z","perimeter_edit_time_utc":"2021-11-18T21:19:22Z","incident_modified_time_utc":"2022-07-15T00:53:37Z","containment_time_utc":"2021-09-27T17:45:00Z","control_time_utc":"2021-09-27T19:23:00Z","fire_out_time_utc":"2021-11-01T19:00:00Z","fire_cause":"Human","fire_cause_general":"Equipment","map_method":"Phone/Tablet","source_dataset":"2021 NIFS","unique_fire_identifier":"2021-WASPD-000592","irwin_id":"{2CD474E2-B112-4732-8630-562D20DD5EB8}","global_id":"67de1513-e1e1-4596-ab12-a35d87e0f2b2"}},{"type":"Feature","geometry":{"type":"Polygon","coordinates":[[[-117.81748,46.05688],[-117.81739,46.05686],[-117.81742,46.05683],[-117.81748,46.05688]]]},"properties":{"fire_id":"ufid:2021-ORUMF-000806","source_collection":"history-2021","source_objectid":3140,"incident_name":"Stayawhile","mapped_acres":0.01,"mapped_acres_source":"poly_GISAcres","gis_acres":0.01,"auto_acres":0.00782091868242371,"reported_acres":0.1,"percent_contained":null,"state":"WA","state_wfigs":"US-WA","county":"Columbia","discovery_time_utc":"2021-07-21T22:36:50Z","perimeter_time_utc":"2021-07-21T08:00:00Z","perimeter_edit_time_utc":"2021-08-05T23:44:20Z","incident_modified_time_utc":"2021-10-07T19:00:32Z","containment_time_utc":"2021-07-22T02:12:00Z","control_time_utc":null,"fire_out_time_utc":"2021-10-07T18:35:00Z","fire_cause":"Natural","fire_cause_general":"Lightning","map_method":"Mixed Methods","source_dataset":"2021 NIFS","unique_fire_identifier":"2021-ORUMF-000806","irwin_id":"{8D6F82A9-FFC5-4A8E-AB9E-13B09DEE7187}","global_id":"2efd299d-535b-4150-b2ad-2a679019623f"}},{"type":"Feature","geometry":{"type":"Polygon","coordinates":[[[-119.33835,47.07356],[-119.33842,47.07361],[-119.33831,47.0736],[-119.33835,47.07356]]]},"properties":{"fire_id":"ufid:2021-WASPD-000078","source_collection":"history-2021","source_objectid":3149,"incident_name":"SAND DUNES","mapped_acres":0.1,"mapped_acres_source":"poly_GISAcres","gis_acres":0.1,"auto_acres":0.0125278255377092,"reported_acres":0.1,"percent_contained":null,"state":"WA","state_wfigs":"US-WA","county":"Grant","discovery_time_utc":"2021-04-28T00:15:00Z","perimeter_time_utc":"2021-04-28T05:15:45Z","perimeter_edit_time_utc":"2021-11-18T21:17:20Z","incident_modified_time_utc":"2021-11-19T18:58:06Z","containment_time_utc":"2021-04-28T20:00:00Z","control_time_utc":"2021-05-03T19:00:00Z","fire_out_time_utc":"2021-05-20T19:00:00Z","fire_cause":"Human","fire_cause_general":"Firearms/Weapons","map_method":"Phone/Tablet","source_dataset":"2021 NIFS","unique_fire_identifier":"2021-WASPD-000078","irwin_id":"{0C8C205D-DEFD-458B-BE0B-CA5483A07F8E}","global_id":"d8d069f7-2b94-4ebe-a470-225b844a1d9e"}},{"type":"Feature","geometry":{"type":"Polygon","coordinates":[[[-119.22324,46.98824],[-119.22332,46.98809],[-119.22347,46.98809],[-119.22374,46.9873],[-119.2242,46.98688],[-119.22562,46.98652],[-119.22615,46.98673],[-119.22633,46.98699],[-119.22637,46.98723],[-119.22577,46.98816],[-119.22571,46.98844],[-119.22588,46.98864],[-119.22574,46.98879],[-119.22538,46.98875],[-119.22469,46.98837],[-119.22278,46.98884],[-119.22199,46.9888],[-119.22148,46.98852],[-119.2217,46.98828],[-119.22238,46.98816],[-119.22324,46.98824]]]},"properties":{"fire_id":"ufid:2021-WASPD-000520","source_collection":"history-2021","source_objectid":3169,"incident_name":"THE ISLAND","mapped_acres":50.0,"mapped_acres_source":"poly_GISAcres","gis_acres":50.0,"auto_acres":11.5537994927408,"reported_acres":12.0,"percent_contained":null,"state":"WA","state_wfigs":"US-WA","county":"Grant","discovery_time_utc":"2021-08-15T22:26:00Z","perimeter_time_utc":"2021-08-16T03:26:51Z","perimeter_edit_time_utc":"2021-10-18T15:30:42Z","incident_modified_time_utc":"2021-12-08T17:52:17Z","containment_time_utc":"2021-08-16T19:47:00Z","control_time_utc":"2021-08-16T19:47:00Z","fire_out_time_utc":"2021-09-08T22:00:00Z","fire_cause":"Undetermined","fire_cause_general":"Smoking","map_method":"Mixed Methods","source_dataset":"2021 NIFS","unique_fire_identifier":"2021-WASPD-000520","irwin_id":"{9DE28962-20B2-4482-8982-9BF6E7106073}","global_id":"8993544d-e6b7-40db-81d3-23470776ae05"}},{"type":"Feature","geometry":{"type":"Polygon","coordinates":[[[-119.03542,46.40244],[-119.03613,46.40183],[-119.03649,46.40175],[-119.03781,46.40207],[-119.0388,46.40255],[-119.039,46.40323],[-119.03841,46.40403],[-119.03862,46.40451],[-119.03944,46.4051],[-119.03928,46.40528],[-119.03938,46.40636],[-119.03922,46.40671],[-119.03881,46.40692],[-119.03933,46.40774],[-119.03927,46.40846],[-119.03915,46.40864],[-119.03857,46.40876],[-119.03726,46.40805],[-119.03698,46.40784],[-119.03698,46.40751],[-119.03667,46.40719],[-119.03594,46.40701],[-119.03453,46.40722],[-119.03376,46.40697],[-119.03395,46.40626],[-119.0339,46.40582],[-119.03325,46.40538],[-119.03535,46.40241],[-119.03548,46.40203],[-119.03444,46.40194],[-119.03404,46.40157],[-119.03306,46.40152],[-119.03291,46.40093],[-119.03381,46.40063],[-119.03381,46.40012],[-119.03426,46.4003],[-119.03437,46.40096],[-119.03513,46.40099],[-119.03571,46.40081],[-119.03607,46.40094],[-119.0363,46.40145],[-119.03556,46.40197],[-119.03542,46.40244]]]},"properties":{"fire_id":"ufid:2021-WASPD-000106","source_collection":"history-2021","source_objectid":3377,"incident_name":"Sagemoor","mapped_acres":64.43,"mapped_acres_source":"poly_GISAcres","gis_acres":64.43,"auto_acres":64.4342060093552,"reported_acres":50.0,"percent_contained":null,"state":"WA","state_wfigs":"US-WA","county":"Franklin","discovery_time_utc":"2021-05-15T23:46:00Z","perimeter_time_utc":"2021-05-16T16:45:00Z","perimeter_edit_time_utc":"2021-05-17T18:09:17Z","incident_modified_time_utc":"2022-03-18T19:44:15Z","containment_time_utc":"2021-05-16T05:02:00Z","control_time_utc":"2021-05-21T18:43:00Z","fire_out_time_utc":"2021-05-21T18:44:00Z","fire_cause":"Undetermined","fire_cause_general":"Other Human Cause","map_method":"GPS-Walked","source_dataset":"2021 NIFS","unique_fire_identifier":"2021-WASPD-000106","irwin_id":"{EF1D2B6C-10D2-4666-BD18-4AF54BDD0D1B}","global_id":"b5479445-37de-425f-a813-673e2b4d9bfc"}},{"type":"Feature","geometry":{"type":"Polygon","coordinates":[[[-119.56823,46.93844],[-119.56573,46.93956],[-119.5657,46.93971],[-119.56533,46.93951],[-119.56512,46.93914],[-119.56567,46.93879],[-119.56567,46.9385],[-119.56599,46.93851],[-119.56676,46.93812],[-119.56736,46.93799],[-119.56779,46.9378],[-119.56785,46.9376],[-119.56831,46.93778],[-119.56823,46.93844]]]},"properties":{"fire_id":"ufid:2021-WASPD-000123","source_collection":"history-2021","source_objectid":3515,"incident_name":"DODSON","mapped_acres":1.0,"mapped_acres_source":"poly_GISAcres","gis_acres":1.0,"auto_acres":5.65870536873183,"reported_acres":5.5,"percent_contained":null,"state":"WA","state_wfigs":"US-WA","county":"Grant","discovery_time_utc":"2021-05-19T21:47:00Z","perimeter_time_utc":"2021-05-20T02:47:00Z","perimeter_edit_time_utc":"2021-10-19T14:09:27Z","incident_modified_time_utc":"2021-11-18T23:26:32Z","containment_time_utc":"2021-05-20T00:17:00Z","control_time_utc":"2021-05-20T18:12:00Z","fire_out_time_utc":"2021-05-21T18:45:00Z","fire_cause":"Human","fire_cause_general":"Other Human Cause","map_method":"Mixed Methods","source_dataset":"2021 NIFS","unique_fire_identifier":"2021-WASPD-000123","irwin_id":"{CBD9CFB2-269D-4C2D-9E8B-39ECA1F57AB2}","global_id":"51bdb7fa-da04-499a-a04d-5eda9bd83e9b"}},{"type":"Feature","geometry":{"type":"Polygon","coordinates":[[[-119.47253,46.98594],[-119.47162,46.98578],[-119.47108,46.98553],[-119.47145,46.98547],[-119.47167,46.98559],[-119.47181,46.9854],[-119.47271,46.98556],[-119.47282,46.98567],[-119.47253,46.98594]]]},"properties":{"fire_id":"ufid:2021-WASPD-000633","source_collection":"history-2021","source_objectid":3724,"incident_name":"FIDESCO","mapped_acres":0.97,"mapped_acres_source":"poly_GISAcres","gis_acres":0.97,"auto_acres":0.939133968914792,"reported_acres":0.97,"percent_contained":null,"state":"WA","state_wfigs":"US-WA","county":"Grant","discovery_time_utc":"2021-11-08T16:51:00Z","perimeter_time_utc":"2021-11-08T23:00:00Z","perimeter_edit_time_utc":"2021-11-10T17:02:48Z","incident_modified_time_utc":"2022-01-28T22:27:56Z","containment_time_utc":"2021-11-08T23:58:00Z","control_time_utc":"2021-11-08T23:58:00Z","fire_out_time_utc":"2021-12-01T16:00:00Z","fire_cause":"Undetermined","fire_cause_general":"Camping","map_method":"Phone/Tablet","source_dataset":"2021 NIFS","unique_fire_identifier":"2021-WASPD-000633","irwin_id":"{391EF8AA-71F1-4568-BD0C-D4B4F54331AF}","global_id":"bd102e06-b5c3-4636-a357-c99f1bd8185b"}},{"type":"Feature","geometry":{"type":"Polygon","coordinates":[[[-119.98045,47.18914],[-119.98046,47.18941],[-119.98014,47.1895],[-119.98003,47.18937],[-119.98033,47.18933],[-119.98045,47.18914]]]},"properties":{"fire_id":"ufid:2021-WASPD-000063","source_collection":"history-2021","source_objectid":3734,"incident_name":"Ancient lake","mapped_acres":0.12,"mapped_acres_source":"poly_GISAcres","gis_acres":0.12,"auto_acres":0.121525812634567,"reported_acres":0.12,"percent_contained":null,"state":"WA","state_wfigs":"US-WA","county":"Grant","discovery_time_utc":"2021-04-15T19:13:00Z","perimeter_time_utc":"2021-04-15T20:30:00Z","perimeter_edit_time_utc":"2021-10-19T14:47:40Z","incident_modified_time_utc":"2021-11-19T19:08:19Z","containment_time_utc":"2021-04-15T21:32:00Z","control_time_utc":"2021-04-15T21:32:00Z","fire_out_time_utc":"2021-04-21T19:00:00Z","fire_cause":"Human","fire_cause_general":"Debris/Open Burning","map_method":"GPS-Walked","source_dataset":"2021 NIFS","unique_fire_identifier":"2021-WASPD-000063","irwin_id":"{C644760A-F99A-4FE5-BA4D-7C78F5111ACF}","global_id":"5eee44ae-adad-4730-8e2f-7c6fd7a7865d"}},{"type":"Feature","geometry":{"type":"Polygon","coordinates":[[[-118.56075,46.49049],[-118.55811,46.49397],[-118.5567,46.49529],[-118.55585,46.49647],[-118.55452,46.49703],[-118.55183,46.49988],[-118.5505,46.50092],[-118.54972,46.50113],[-118.54565,46.50166],[-118.54389,46.50256],[-118.54333,46.50319],[-118.54228,46.50339],[-118.54073,46.50401],[-118.5363,46.50629],[-118.53685,46.50707],[-118.53608,46.50755],[-118.53515,46.50958],[-118.53423,46.51076],[-118.53269,46.51138],[-118.53177,46.51243],[-118.53022,46.51347],[-118.52404,46.51574],[-118.52228,46.51615],[-118.52067,46.51628],[-118.51786,46.51696],[-118.5175,46.51766],[-118.51652,46.51807],[-118.51371,46.5184],[-118.51309,46.51721],[-118.5133,46.51679],[-118.51386,46.51679],[-118.51436,46.51553],[-118.51247,46.5158],[-118.51149,46.51544],[-118.5101,46.51375],[-118.50819,46.51076],[-118.51073,46.50303],[-118.51088,46.50191],[-118.50964,46.4998],[-118.50937,46.4979],[-118.50854,46.49656],[-118.50519,46.49409],[-118.50113,46.49301],[-118.4998,46.49237],[-118.49974,46.49188],[-118.50003,46.49062],[-118.50116,46.48943],[-118.50334,46.48819],[-118.50264,46.48755],[-118.4744,46.48882],[-118.47711,46.47938],[-118.47713,46.47644],[-118.47694,46.47454],[-118.47709,46.47307],[-118.47787,46.47189],[-118.47913,46.47098],[-118.47978,46.46952],[-118.48175,46.46792],[-118.48301,46.46584],[-118.48561,46.46043],[-118.4837,46.45808],[-118.48471,46.45392],[-118.48749,46.44846],[-118.49021,46.44467],[-118.49129,46.44383],[-118.49175,46.44176],[-118.49261,46.44096],[-118.49382,46.44075],[-118.49531,46.44017],[-118.49625,46.4396],[-118.49823,46.43871],[-118.50012,46.43891],[-118.50105,46.43954],[-118.50173,46.43968],[-118.50186,46.43991],[-118.5036,46.44086],[-118.50355,46.44131],[-118.5031,46.44202],[-118.50323,46.44256],[-118.50309,46.44288],[-118.50322,46.444],[-118.50366,46.44485],[-118.50469,46.44598],[-118.50286,46.44932],[-118.50282,46.44975],[-118.50323,46.44998],[-118.50615,46.45006],[-118.50833,46.45033],[-118.50865,46.45048],[-118.50873,46.4508],[-118.50916,46.4508],[-118.51121,46.44972],[-118.51159,46.44875],[-118.51248,46.44818],[-118.5134,46.44827],[-118.51635,46.44941],[-118.51755,46.45043],[-118.51726,46.45057],[-118.51731,46.45126],[-118.51769,46.45143],[-118.51774,46.45172],[-118.518,46.45178],[-118.51817,46.45207],[-118.51756,46.45261],[-118.5181,46.45379],[-118.5202,46.45395],[-118.52108,46.45419],[-118.52237,46.45483],[-118.52277,46.45546],[-118.52366,46.45598],[-118.52426,46.45607],[-118.5252,46.45648],[-118.52575,46.45643],[-118.52704,46.45678],[-118.52718,46.45687],[-118.52724,46.45716],[-118.52784,46.45765],[-118.52838,46.45757],[-118.52852,46.45849],[-118.53133,46.45937],[-118.53204,46.46],[-118.53304,46.4605],[-118.53384,46.46108],[-118.53386,46.46266],[-118.53555,46.46333],[-118.53574,46.46425],[-118.53774,46.46486],[-118.5409,46.46708],[-118.54199,46.46752],[-118.54352,46.46786],[-118.54505,46.46842],[-118.54681,46.46843],[-118.54834,46.46888],[-118.55106,46.47065],[-118.55172,46.47088],[-118.55325,46.47045],[-118.55424,46.47046],[-118.55456,46.47112],[-118.55302,46.47209],[-118.55346,46.47297],[-118.55586,46.47353],[-118.55782,46.47497],[-118.55847,46.47607],[-118.56,46.47685],[-118.56131,46.4773],[-118.56438,46.47743],[-118.56415,46.47874],[-118.56326,46.48005],[-118.56391,46.48093],[-118.56479,46.48159],[-118.56533,46.48269],[-118.56554,46.48379],[-118.56455,46.48433],[-118.56509,46.48488],[-118.56465,46.48575],[-118.56355,46.4864],[-118.56212,46.48672],[-118.56321,46.48761],[-118.56244,46.48826],[-118.55909,46.49049],[-118.56075,46.49049]]]},"properties":{"fire_id":"ufid:2021-WAWWLN-000008","source_collection":"history-2021","source_objectid":3740,"incident_name":"HAIR ROAD","mapped_acres":10000.0,"mapped_acres_source":"poly_GISAcres","gis_acres":10000.0,"auto_acres":7749.31782478127,"reported_acres":7255.0,"percent_contained":100.0,"state":"WA","state_wfigs":"US-WA","county":"Walla Walla","discovery_time_utc":"2021-06-21T20:25:00Z","perimeter_time_utc":"2021-06-22T01:25:00Z","perimeter_edit_time_utc":"2021-06-28T19:33:14Z","incident_modified_time_utc":"2021-06-30T19:43:35Z","containment_time_utc":null,"control_time_utc":null,"fire_out_time_utc":null,"fire_cause":null,"fire_cause_general":null,"map_method":"Image Interpretation","source_dataset":"2021 NIFS","unique_fire_identifier":"2021-WAWWLN-000008","irwin_id":"{38AFF690-B162-4EA9-BEFC-5E2C1766F18A}","global_id":"4fc00106-0d9e-418a-bbf8-131d3be3d97a"}},{"type":"Feature","geometry":{"type":"Polygon","coordinates":[[[-119.3081,46.91202],[-119.30874,46.91195],[-119.30844,46.91224],[-119.30895,46.91244],[-119.30877,46.91273],[-119.3082,46.91318],[-119.30778,46.91283],[-119.30817,46.91254],[-119.30735,46.91238],[-119.30767,46.91232],[-119.3081,46.91202]]]},"properties":{"fire_id":"ufid:2021-WASPD-000057","source_collection":"history-2021","source_objectid":3890,"incident_name":"Drumheller","mapped_acres":1.87231287895508,"mapped_acres_source":"poly_Acres_AutoCalc_fallback","gis_acres":null,"auto_acres":1.87231287895508,"reported_acres":1.5,"percent_contained":null,"state":"WA","state_wfigs":"US-WA","county":"Adams","discovery_time_utc":"2021-04-11T19:47:00Z","perimeter_time_utc":null,"perimeter_edit_time_utc":"2021-05-04T22:56:39Z","incident_modified_time_utc":"2022-01-28T21:13:57Z","containment_time_utc":"2021-04-12T02:00:00Z","control_time_utc":"2021-04-12T21:39:00Z","fire_out_time_utc":"2021-04-20T22:40:00Z","fire_cause":"Undetermined","fire_cause_general":"Debris/Open Burning","map_method":"Mixed Methods","source_dataset":"2021 NIFS","unique_fire_identifier":"2021-WASPD-000057","irwin_id":"{52A43B9D-09BF-4887-ABCD-9ABC8BE4C464}","global_id":"1698ff92-fd57-481c-841b-c527eb06eb80"}},{"type":"Feature","geometry":{"type":"Polygon","coordinates":[[[-119.0114,46.4767],[-119.01175,46.47422],[-119.012,46.47406],[-119.01196,46.47378],[-119.01233,46.47385],[-119.01254,46.47394],[-119.01257,46.47411],[-119.01238,46.47568],[-119.01318,46.47601],[-119.01332,46.47646],[-119.01167,46.47693],[-119.0114,46.4767]]]},"properties":{"fire_id":"ufid:2021-WASPD-000258","source_collection":"history-2021","source_objectid":3967,"incident_name":"ELTOPIA WEST","mapped_acres":5.0,"mapped_acres_source":"poly_GISAcres","gis_acres":5.0,"auto_acres":6.67072935925133,"reported_acres":5.0,"percent_contained":null,"state":"WA","state_wfigs":"US-WA","county":"Franklin","discovery_time_utc":"2021-06-26T23:47:00Z","perimeter_time_utc":"2021-06-27T04:47:59Z","perimeter_edit_time_utc":"2021-10-19T22:51:24Z","incident_modified_time_utc":"2022-01-19T23:47:33Z","containment_time_utc":"2021-06-27T05:00:00Z","control_time_utc":"2021-06-27T20:34:00Z","fire_out_time_utc":"2021-06-27T20:34:00Z","fire_cause":"Human","fire_cause_general":"Equipment","map_method":"Phone/Tablet","source_dataset":"2021 NIFS","unique_fire_identifier":"2021-WASPD-000258","irwin_id":"{C6E8B1CE-7FD2-438B-8225-498D08836E69}","global_id":"23422e6e-ddc4-4789-9af5-4ecff7d30cae"}},{"type":"Feature","geometry":{"type":"Polygon","coordinates":[[[-117.93737,48.03026],[-117.93771,48.0311],[-117.93762,48.03125],[-117.93694,48.03149],[-117.93703,48.03117],[-117.93677,48.03108],[-117.93654,48.03136],[-117.93626,48.03129],[-117.93596,48.03109],[-117.93615,48.03094],[-117.93599,48.03078],[-117.93516,48.03079],[-117.93479,48.03037],[-117.93425,48.03012],[-117.93412,48.02948],[-117.93455,48.02905],[-117.93524,48.02874],[-117.93708,48.02864],[-117.93634,48.0296],[-117.93737,48.03026]]]},"properties":{"fire_id":"ufid:2021-WANES-001265","source_collection":"history-2021","source_objectid":4077,"incident_name":"ALLEN","mapped_acres":10.0,"mapped_acres_source":"poly_GISAcres","gis_acres":10.0,"auto_acres":11.832705801923016,"reported_acres":12.0,"percent_contained":null,"state":"WA","state_wfigs":"US-WA","county":"Stevens","discovery_time_utc":"2021-04-12T00:39:20Z","perimeter_time_utc":"2021-04-12T05:39:20Z","perimeter_edit_time_utc":"2023-03-14T15:13:42Z","incident_modified_time_utc":"2021-12-15T19:54:52Z","containment_time_utc":"2021-04-12T02:30:00Z","control_time_utc":"2021-04-12T03:00:00Z","fire_out_time_utc":"2021-05-13T16:30:00Z","fire_cause":"Human","fire_cause_general":"Debris and open burning","map_method":"Hand Sketch","source_dataset":"FFP","unique_fire_identifier":"2021-WANES-001265","irwin_id":"{B97D112A-DA8E-47BF-9478-4B159B1D4D81}","global_id":"15475820-7a12-4263-96ce-ab7586f450f3"}},{"type":"Feature","geometry":{"type":"Polygon","coordinates":[[[-119.45665,46.19264],[-119.45678,46.19279],[-119.45662,46.19339],[-119.45644,46.19301],[-119.45646,46.19272],[-119.45665,46.19264]]]},"properties":{"fire_id":"ufid:2021-WASPD-000401","source_collection":"history-2021","source_objectid":4208,"incident_name":"TRAVIS ROAD","mapped_acres":0.1,"mapped_acres_source":"poly_GISAcres","gis_acres":0.1,"auto_acres":0.38063227002024197,"reported_acres":0.1,"percent_contained":null,"state":"WA","state_wfigs":"US-WA","county":"Benton","discovery_time_utc":"2021-07-24T03:01:00Z","perimeter_time_utc":"2021-07-24T08:01:42Z","perimeter_edit_time_utc":"2023-03-14T15:13:42Z","incident_modified_time_utc":"2022-01-11T19:50:42Z","containment_time_utc":"2021-07-24T20:44:00Z","control_time_utc":"2021-08-02T00:37:00Z","fire_out_time_utc":"2021-08-09T21:30:00Z","fire_cause":"Human","fire_cause_general":"Firearms and explosives use","map_method":"Phone/Tablet","source_dataset":"FFP","unique_fire_identifier":"2021-WASPD-000401","irwin_id":"{5BC8C554-04CB-4F10-B186-6887D2531839}","global_id":"58e8288f-ec62-4c3b-b4a1-872303e00e64"}},{"type":"Feature","geometry":{"type":"MultiPolygon","coordinates":[[[[-117.31222,48.0122],[-117.31235,48.01216],[-117.312366,48.012194],[-117.31222,48.0122]]],[[[-117.31357,48.01188],[-117.31414,48.0119],[-117.31464,48.0116],[-117.31386,48.01126],[-117.31404,48.01112],[-117.31463,48.01139],[-117.31611,48.01074],[-117.31671,48.0114],[-117.31715,48.01165],[-117.31673,48.01203],[-117.31657,48.01232],[-117.31663,48.01241],[-117.31561,48.01273],[-117.31519,48.01337],[-117.31466,48.01361],[-117.31424,48.01361],[-117.31407,48.01384],[-117.31342,48.01402],[-117.3136,48.01422],[-117.31354,48.01454],[-117.31371,48.01469],[-117.31361,48.01482],[-117.31299,48.01469],[-117.31274,48.01449],[-117.31231,48.0145],[-117.31227,48.01498],[-117.31174,48.01523],[-117.31126,48.01511],[-117.31129,48.01376],[-117.31113,48.01361],[-117.31089,48.01284],[-117.3114,48.0128],[-117.31168,48.01308],[-117.31197,48.01292],[-117.3124,48.01289],[-117.31222,48.0126],[-117.31242,48.01231],[-117.312366,48.012194],[-117.31322,48.01216],[-117.31357,48.01188]]],[[[-117.30867,48.01733],[-117.30901,48.0168],[-117.30876,48.0167],[-117.30866,48.01647],[-117.30892,48.01592],[-117.30884,48.01563],[-117.30893,48.01547],[-117.30965,48.01547],[-117.31016,48.01574],[-117.31026,48.01678],[-117.3099,48.01737],[-117.30867,48.01733]]]]},"properties":{"fire_id":"ufid:2021-WANES-002161","source_collection":"history-2021","source_objectid":4253,"incident_name":"Hardesty Valley","mapped_acres":30.0,"mapped_acres_source":"poly_GISAcres","gis_acres":30.0,"auto_acres":29.397509218960973,"reported_acres":24.0,"percent_contained":null,"state":"WA","state_wfigs":"US-WA","county":"Spokane","discovery_time_utc":"2021-07-26T00:08:00Z","perimeter_time_utc":null,"perimeter_edit_time_utc":"2023-03-14T15:13:42Z","incident_modified_time_utc":"2021-12-20T19:37:22Z","containment_time_utc":"2021-07-26T05:00:00Z","control_time_utc":"2021-07-26T20:00:00Z","fire_out_time_utc":"2021-09-02T20:00:00Z","fire_cause":"Human","fire_cause_general":"Other causes","map_method":"Mixed Methods","source_dataset":"FFP","unique_fire_identifier":"2021-WANES-002161","irwin_id":"{D7672E40-32F9-4CFB-80F3-DB4C55F74193}","global_id":"665ea7e8-8d68-47b1-afa3-760c43d4ea0c"}},{"type":"Feature","geometry":{"type":"Polygon","coordinates":[[[-118.64842,48.6775],[-118.6489,48.6776],[-118.64894,48.67785],[-118.64922,48.67787],[-118.64904,48.678],[-118.64895,48.67852],[-118.64855,48.67896],[-118.6485,48.67921],[-118.64865,48.67934],[-118.64871,48.67987],[-118.64926,48.67992],[-118.65031,48.68061],[-118.65034,48.68136],[-118.65047,48.6815],[-118.65033,48.68182],[-118.65038,48.68204],[-118.65005,48.6823],[-118.65021,48.68238],[-118.6504,48.68228],[-118.65052,48.68242],[-118.65041,48.68254],[-118.65064,48.68272],[-118.6506,48.6829],[-118.65024,48.68302],[-118.65041,48.6833],[-118.6495,48.68358],[-118.64962,48.68384],[-118.64886,48.68409],[-118.64748,48.68489],[-118.64697,48.68498],[-118.64646,48.68549],[-118.64594,48.68561],[-118.64584,48.68577],[-118.64592,48.68587],[-118.64566,48.68609],[-118.64565,48.68627],[-118.6452,48.68662],[-118.64472,48.68685],[-118.64453,48.68657],[-118.64401,48.6865],[-118.64208,48.68826],[-118.64219,48.68844],[-118.64182,48.68889],[-118.6418,48.68926],[-118.64123,48.68967],[-118.64065,48.68957],[-118.64062,48.68946],[-118.64106,48.68915],[-118.64098,48.689],[-118.6382,48.68921],[-118.638,48.68914],[-118.63786,48.68881],[-118.63703,48.68857],[-118.63668,48.68834],[-118.63621,48.68872],[-118.63521,48.68848],[-118.63498,48.68796],[-118.63506,48.68778],[-118.63613,48.68743],[-118.63609,48.68728],[-118.63663,48.68685],[-118.63666,48.6866],[-118.63685,48.68643],[-118.63672,48.68641],[-118.63716,48.68615],[-118.63732,48.68557],[-118.63753,48.68564],[-118.6378,48.68552],[-118.63801,48.6848],[-118.63794,48.68463],[-118.63849,48.68403],[-118.63862,48.68346],[-118.63922,48.68321],[-118.64066,48.68327],[-118.64096,48.68316],[-118.64121,48.6829],[-118.64095,48.68271],[-118.64081,48.68239],[-118.64112,48.68215],[-118.64131,48.68159],[-118.64147,48.68146],[-118.64284,48.68118],[-118.64288,48.68087],[-118.6444,48.68056],[-118.64483,48.68018],[-118.64548,48.68003],[-118.64667,48.67905],[-118.64671,48.67865],[-118.64842,48.6775]]]},"properties":{"fire_id":"ufid:2021-WANES-002642","source_collection":"history-2021","source_objectid":4300,"incident_name":"DOUBLE J","mapped_acres":1.0,"mapped_acres_source":"poly_GISAcres","gis_acres":1.0,"auto_acres":162.02192694131944,"reported_acres":162.0,"percent_contained":null,"state":"WA","state_wfigs":"US-WA","county":"Ferry","discovery_time_utc":"2021-09-21T19:42:00Z","perimeter_time_utc":"2021-09-22T00:42:46Z","perimeter_edit_time_utc":"2023-03-14T15:13:42Z","incident_modified_time_utc":"2022-01-05T19:40:29Z","containment_time_utc":"2021-09-22T03:00:00Z","control_time_utc":"2021-09-29T00:00:00Z","fire_out_time_utc":"2021-11-10T16:00:00Z","fire_cause":"Human","fire_cause_general":"Debris and open burning","map_method":"GPS-Walked","source_dataset":"FFP","unique_fire_identifier":"2021-WANES-002642","irwin_id":"{26ABBAB8-1E59-49F1-B329-99BD6B6EBFAB}","global_id":"6aeee90d-f9b6-4358-9204-119cec219e52"}},{"type":"Feature","geometry":{"type":"Polygon","coordinates":[[[-118.57163,48.77636],[-118.57136,48.7763],[-118.57129,48.77611],[-118.57084,48.7762],[-118.57063,48.77617],[-118.57058,48.77604],[-118.5698,48.77631],[-118.56958,48.77608],[-118.56872,48.77621],[-118.56855,48.77609],[-118.56801,48.77613],[-118.56739,48.77631],[-118.56715,48.7762],[-118.56695,48.77578],[-118.56673,48.77572],[-118.56623,48.77582],[-118.56621,48.77602],[-118.56582,48.77588],[-118.56584,48.77615],[-118.56517,48.77654],[-118.56509,48.77648],[-118.56526,48.77621],[-118.56492,48.77631],[-118.56481,48.77622],[-118.56443,48.77642],[-118.56427,48.77591],[-118.56393,48.77571],[-118.56384,48.77581],[-118.56392,48.77604],[-118.56369,48.77619],[-118.56385,48.77642],[-118.56353,48.77661],[-118.56339,48.77643],[-118.56346,48.77605],[-118.56317,48.77623],[-118.56303,48.77594],[-118.56319,48.77578],[-118.56252,48.77571],[-118.56223,48.77502],[-118.56244,48.77493],[-118.5625,48.77465],[-118.56306,48.77432],[-118.56323,48.774],[-118.56456,48.77306],[-118.56552,48.77271],[-118.56655,48.77209],[-118.5677,48.77187],[-118.56851,48.7714],[-118.56862,48.77126],[-118.56858,48.771],[-118.56905,48.77095],[-118.56924,48.77111],[-118.56976,48.77107],[-118.57027,48.77124],[-118.57134,48.77283],[-118.57142,48.77334],[-118.57173,48.77367],[-118.57188,48.77441],[-118.57175,48.77465],[-118.57208,48.77502],[-118.57183,48.77523],[-118.57209,48.77538],[-118.57187,48.77617],[-118.57163,48.77636]]]},"properties":{"fire_id":"ufid:2021-WANES-001252","source_collection":"history-2021","source_objectid":4507,"incident_name":"SAINT PETERS","mapped_acres":1.0,"mapped_acres_source":"poly_GISAcres","gis_acres":1.0,"auto_acres":70.44547183059923,"reported_acres":70.0,"percent_contained":null,"state":"WA","state_wfigs":"US-WA","county":"Ferry","discovery_time_utc":"2021-04-06T22:07:00Z","perimeter_time_utc":"2021-04-07T03:07:00Z","perimeter_edit_time_utc":"2023-03-14T15:13:42Z","incident_modified_time_utc":"2021-12-08T23:48:11Z","containment_time_utc":"2021-04-09T21:26:00Z","control_time_utc":"2021-04-12T19:15:00Z","fire_out_time_utc":"2021-04-27T17:37:00Z","fire_cause":"Human","fire_cause_general":"Debris and open burning","map_method":"Hand Sketch","source_dataset":"FFP","unique_fire_identifier":"2021-WANES-001252","irwin_id":"{8471A9CC-68FA-4768-9268-07C595E0E871}","global_id":"b9ce1af4-23e8-4bd3-a098-ddb395bfc772"}},{"type":"Feature","geometry":{"type":"Polygon","coordinates":[[[-117.11228,48.07824],[-117.11246,48.07838],[-117.11252,48.07866],[-117.11204,48.07928],[-117.11217,48.07931],[-117.11196,48.07952],[-117.11157,48.07962],[-117.11156,48.07986],[-117.11108,48.07985],[-117.11107,48.07966],[-117.11139,48.07948],[-117.11114,48.07931],[-117.11146,48.07916],[-117.1115,48.07892],[-117.11189,48.0787],[-117.11193,48.07838],[-117.11228,48.07824]]]},"properties":{"fire_id":"ufid:2021-WANES-001218","source_collection":"history-2021","source_objectid":4827,"incident_name":"SPRING VALLEY","mapped_acres":1.0,"mapped_acres_source":"poly_GISAcres","gis_acres":1.0,"auto_acres":2.147031409950306,"reported_acres":9.0,"percent_contained":null,"state":"WA","state_wfigs":"US-WA","county":"Pend Oreille","discovery_time_utc":"2021-04-02T21:29:41Z","perimeter_time_utc":"2021-04-03T02:29:41Z","perimeter_edit_time_utc":"2023-03-14T15:13:42Z","incident_modified_time_utc":"2021-12-15T19:07:38Z","containment_time_utc":"2021-04-02T23:50:00Z","control_time_utc":"2021-04-03T15:00:00Z","fire_out_time_utc":"2021-04-08T20:22:00Z","fire_cause":"Human","fire_cause_general":"Equipment and vehicle use","map_method":"Hand Sketch","source_dataset":"FFP","unique_fire_identifier":"2021-WANES-001218","irwin_id":"{1EAE23CF-9D2F-4364-A257-CA4635D98362}","global_id":"c07e985f-cd62-4b7f-a0cf-60986bab1f3b"}},{"type":"Feature","geometry":{"type":"Polygon","coordinates":[[[-119.45775,46.19382],[-119.4577,46.19423],[-119.45796,46.19452],[-119.45973,46.19453],[-119.45967,46.19463],[-119.4598,46.1946],[-119.45986,46.19474],[-119.46042,46.19462],[-119.46017,46.19534],[-119.45985,46.19558],[-119.45836,46.19596],[-119.45778,46.19605],[-119.45758,46.19595],[-119.45767,46.19576],[-119.45716,46.19526],[-119.45708,46.19501],[-119.45721,46.19505],[-119.45721,46.19482],[-119.45688,46.19433],[-119.45775,46.19382]]]},"properties":{"fire_id":"ufid:2021-WASPD-000163","source_collection":"history-2021","source_objectid":4839,"incident_name":"WEBBER","mapped_acres":8.544123036516964,"mapped_acres_source":"poly_Acres_AutoCalc_fallback","gis_acres":null,"auto_acres":8.544123036516964,"reported_acres":8.5,"percent_contained":null,"state":"WA","state_wfigs":"US-WA","county":"Benton","discovery_time_utc":"2021-06-01T18:36:00Z","perimeter_time_utc":null,"perimeter_edit_time_utc":"2023-03-14T15:13:42Z","incident_modified_time_utc":"2022-01-11T19:28:59Z","containment_time_utc":"2021-06-02T01:41:00Z","control_time_utc":"2021-06-03T16:51:00Z","fire_out_time_utc":"2021-06-14T01:15:00Z","fire_cause":"Human","fire_cause_general":"Firearms and explosives use","map_method":"Mixed Methods","source_dataset":"FFP","unique_fire_identifier":"2021-WASPD-000163","irwin_id":"{BCEEC69C-5A07-492A-9C91-C80E483D5432}","global_id":"b99e50f4-e0a3-4af8-b6bc-b26b4a879783"}},{"type":"Feature","geometry":{"type":"Polygon","coordinates":[[[-119.94405,47.0215],[-119.94421,47.02155],[-119.94409,47.02176],[-119.94371,47.02216],[-119.94356,47.02213],[-119.9435,47.02188],[-119.94361,47.02172],[-119.94405,47.0215]]]},"properties":{"fire_id":"ufid:2021-WASPD-000415","source_collection":"history-2021","source_objectid":5045,"incident_name":"SILICA ROAD","mapped_acres":0.5,"mapped_acres_source":"poly_GISAcres","gis_acres":0.5,"auto_acres":0.5375036612273357,"reported_acres":0.5,"percent_contained":null,"state":"WA","state_wfigs":"US-WA","county":"Grant","discovery_time_utc":"2021-07-26T20:56:00Z","perimeter_time_utc":"2021-07-27T01:56:22Z","perimeter_edit_time_utc":"2023-03-14T15:13:42Z","incident_modified_time_utc":"2022-01-11T19:51:31Z","containment_time_utc":"2021-07-26T23:50:00Z","control_time_utc":"2021-08-02T00:37:00Z","fire_out_time_utc":"2021-08-23T23:45:00Z","fire_cause":"Human","fire_cause_general":"Equipment and vehicle use","map_method":"Mixed Methods","source_dataset":"FFP","unique_fire_identifier":"2021-WASPD-000415","irwin_id":"{6CF4A331-5508-4319-9835-3DF1F54B36AF}","global_id":"0d8e9859-9f8b-4454-b59b-ac007d7a2bac"}},{"type":"Feature","geometry":{"type":"Polygon","coordinates":[[[-118.18897,48.70149],[-118.18878,48.70155],[-118.18836,48.70138],[-118.18795,48.70152],[-118.18774,48.70141],[-118.1875,48.70167],[-118.18743,48.70197],[-118.18689,48.70224],[-118.18713,48.70242],[-118.18691,48.70252],[-118.18677,48.70282],[-118.18608,48.70255],[-118.18503,48.70244],[-118.18283,48.70281],[-118.18127,48.7028],[-118.18048,48.70298],[-118.18042,48.70195],[-118.18071,48.70157],[-118.18047,48.7015],[-118.18016,48.70097],[-118.17975,48.7009],[-118.17941,48.70064],[-118.17935,48.70002],[-118.17964,48.69995],[-118.1797,48.69977],[-118.1793,48.69955],[-118.18173,48.69966],[-118.18394,48.69942],[-118.18519,48.69954],[-118.1862,48.69985],[-118.18737,48.70047],[-118.18876,48.70085],[-118.1888,48.70129],[-118.18897,48.70149]]]},"properties":{"fire_id":"ufid:2021-WANES-001799","source_collection":"history-2021","source_objectid":5429,"incident_name":"JACKKNIFE","mapped_acres":5.0,"mapped_acres_source":"poly_GISAcres","gis_acres":5.0,"auto_acres":46.67039429397443,"reported_acres":46.3,"percent_contained":null,"state":"WA","state_wfigs":"US-WA","county":"Ferry","discovery_time_utc":"2021-06-25T20:22:00Z","perimeter_time_utc":"2021-06-26T01:22:00Z","perimeter_edit_time_utc":"2023-03-14T15:13:42Z","incident_modified_time_utc":"2021-12-16T21:29:02Z","containment_time_utc":"2021-06-27T15:00:00Z","control_time_utc":"2021-06-28T02:00:00Z","fire_out_time_utc":"2021-07-27T21:04:00Z","fire_cause":"Human","fire_cause_general":"Equipment and vehicle use","map_method":"Image Interpretation","source_dataset":"FFP","unique_fire_identifier":"2021-WANES-001799","irwin_id":"{C20B90CD-5FE7-4691-918F-B588A80C89FE}","global_id":"62086bca-ee21-4415-8045-861ffbc03b1c"}},{"type":"Feature","geometry":{"type":"Polygon","coordinates":[[[-117.69882,48.19457],[-117.69842,48.19499],[-117.69842,48.19558],[-117.69805,48.19568],[-117.69769,48.19598],[-117.69803,48.1963],[-117.69694,48.19681],[-117.69662,48.1971],[-117.69624,48.19662],[-117.69564,48.19661],[-117.69579,48.19632],[-117.69569,48.19644],[-117.69548,48.19621],[-117.69492,48.19617],[-117.69461,48.19582],[-117.69494,48.1956],[-117.69517,48.19506],[-117.69551,48.19485],[-117.69528,48.19455],[-117.69521,48.19412],[-117.69602,48.19389],[-117.69614,48.19374],[-117.69655,48.19379],[-117.69674,48.19353],[-117.69642,48.1935],[-117.6964,48.19322],[-117.69726,48.19282],[-117.69724,48.19263],[-117.69777,48.19265],[-117.69777,48.19253],[-117.69817,48.19247],[-117.69853,48.19272],[-117.69841,48.19291],[-117.69863,48.19324],[-117.69871,48.19386],[-117.69855,48.19397],[-117.6987,48.19402],[-117.69882,48.19457]]]},"properties":{"fire_id":"ufid:2021-WANES-002612","source_collection":"history-2021","source_objectid":5508,"incident_name":"ROSKAM","mapped_acres":5.0,"mapped_acres_source":"poly_GISAcres","gis_acres":5.0,"auto_acres":22.95006937763463,"reported_acres":22.9,"percent_contained":null,"state":"WA","state_wfigs":"US-WA","county":"Stevens","discovery_time_utc":"2021-09-14T22:11:00Z","perimeter_time_utc":"2021-09-15T03:11:02Z","perimeter_edit_time_utc":"2023-03-14T15:13:42Z","incident_modified_time_utc":"2021-12-28T23:41:46Z","containment_time_utc":"2021-09-15T01:56:00Z","control_time_utc":"2021-09-16T01:30:00Z","fire_out_time_utc":"2021-09-26T18:30:00Z","fire_cause":"Human","fire_cause_general":"Other causes","map_method":"Hand Sketch","source_dataset":"FFP","unique_fire_identifier":"2021-WANES-002612","irwin_id":"{C23FAA88-57AF-4759-A41D-1A2AAC74A75D}","global_id":"554cc291-f1fc-472a-a81d-428170f4f2c5"}},{"type":"Feature","geometry":{"type":"Polygon","coordinates":[[[-117.79334,47.9215],[-117.79462,47.92109],[-117.79705,47.92069],[-117.79804,47.92132],[-117.79781,47.92208],[-117.79752,47.92232],[-117.79467,47.92303],[-117.79375,47.92353],[-117.79326,47.92314],[-117.79305,47.92226],[-117.79297,47.92182],[-117.79334,47.9215]]]},"properties":{"fire_id":"ufid:2021-WASPA-001335","source_collection":"history-2021","source_objectid":5946,"incident_name":"FORD","mapped_acres":11.0,"mapped_acres_source":"poly_GISAcres","gis_acres":11.0,"auto_acres":17.966657545117258,"reported_acres":22.0,"percent_contained":null,"state":"WA","state_wfigs":"US-WA","county":"Stevens","discovery_time_utc":"2021-04-17T00:10:00Z","perimeter_time_utc":"2021-04-17T05:10:00Z","perimeter_edit_time_utc":"2023-03-14T15:13:42Z","incident_modified_time_utc":"2021-07-14T22:35:30Z","containment_time_utc":"2021-04-17T21:00:00Z","control_time_utc":"2021-06-05T15:00:00Z","fire_out_time_utc":"2021-06-05T15:00:00Z","fire_cause":"Human","fire_cause_general":"Debris and open burning","map_method":"Hand Sketch","source_dataset":"FFP","unique_fire_identifier":"2021-WASPA-001335","irwin_id":"{5A18D6F1-1992-4C20-829B-8B04C7A3C2DE}","global_id":"6a927f7e-65be-47f2-8a06-5e566234ced0"}},{"type":"Feature","geometry":{"type":"Polygon","coordinates":[[[-117.74702,48.06739],[-117.74623,48.06619],[-117.74618,48.06574],[-117.74643,48.0653],[-117.74697,48.06526],[-117.74712,48.06471],[-117.74758,48.06465],[-117.74802,48.06521],[-117.74866,48.06561],[-117.74908,48.06653],[-117.74869,48.0673],[-117.74909,48.06822],[-117.7498,48.06887],[-117.74981,48.06943],[-117.75007,48.06988],[-117.74965,48.07034],[-117.74956,48.07091],[-117.74846,48.07125],[-117.74728,48.07084],[-117.74672,48.0688],[-117.74679,48.06863],[-117.7473,48.06841],[-117.74794,48.06771],[-117.74702,48.06739]]]},"properties":{"fire_id":"ufid:2021-WANES-001940","source_collection":"history-2021","source_objectid":5948,"incident_name":"WEBB","mapped_acres":0.1,"mapped_acres_source":"poly_GISAcres","gis_acres":0.1,"auto_acres":29.116644147174867,"reported_acres":29.0,"percent_contained":null,"state":"WA","state_wfigs":"US-WA","county":"Stevens","discovery_time_utc":"2021-07-06T18:40:00Z","perimeter_time_utc":"2021-07-06T23:40:31Z","perimeter_edit_time_utc":"2023-03-14T15:13:42Z","incident_modified_time_utc":"2021-12-20T16:54:49Z","containment_time_utc":"2021-07-07T15:00:00Z","control_time_utc":"2021-07-11T02:00:00Z","fire_out_time_utc":"2021-07-18T22:00:00Z","fire_cause":"Human","fire_cause_general":"Other causes","map_method":"Hand Sketch","source_dataset":"FFP","unique_fire_identifier":"2021-WANES-001940","irwin_id":"{E815C6F0-FBAB-456C-820B-3DF262106BE0}","global_id":"4d185c0f-c3b1-46af-a20a-66e926e24703"}},{"type":"Feature","geometry":{"type":"Polygon","coordinates":[[[-119.20875,48.89426],[-119.20767,48.89391],[-119.20784,48.89407],[-119.20685,48.8938],[-119.20682,48.89332],[-119.20695,48.89307],[-119.20668,48.89263],[-119.20666,48.8924],[-119.20683,48.89225],[-119.2068,48.89166],[-119.20668,48.89146],[-119.20602,48.89133],[-119.20569,48.89153],[-119.20537,48.89186],[-119.20526,48.89225],[-119.20499,48.89239],[-119.20383,48.89172],[-119.20372,48.89151],[-119.2038,48.89118],[-119.20395,48.89113],[-119.20377,48.89077],[-119.20352,48.89075],[-119.20356,48.89047],[-119.20381,48.89026],[-119.20466,48.89011],[-119.20487,48.89001],[-119.2049,48.88984],[-119.20557,48.88962],[-119.20539,48.88953],[-119.20427,48.88963],[-119.20347,48.88901],[-119.20416,48.88879],[-119.20609,48.8891],[-119.20664,48.88995],[-119.20779,48.89052],[-119.20806,48.89091],[-119.20877,48.89152],[-119.20908,48.89228],[-119.20937,48.89236],[-119.20966,48.89267],[-119.2098,48.89333],[-119.20971,48.89382],[-119.20947,48.89402],[-119.20875,48.89426]]]},"properties":{"fire_id":"ufid:2021-WANES-001312","source_collection":"history-2021","source_objectid":6020,"incident_name":"LANDEN","mapped_acres":1.0,"mapped_acres_source":"poly_GISAcres","gis_acres":1.0,"auto_acres":31.57187483131909,"reported_acres":31.6,"percent_contained":null,"state":"WA","state_wfigs":"US-WA","county":"Okanogan","discovery_time_utc":"2021-04-15T22:09:10Z","perimeter_time_utc":"2021-04-16T03:09:10Z","perimeter_edit_time_utc":"2023-03-14T15:13:42Z","incident_modified_time_utc":"2021-12-03T21:34:13Z","containment_time_utc":"2021-04-17T01:30:00Z","control_time_utc":"2021-04-17T02:00:00Z","fire_out_time_utc":"2021-05-06T18:24:00Z","fire_cause":"Human","fire_cause_general":"Debris and open burning","map_method":"GPS-Walked","source_dataset":"FFP","unique_fire_identifier":"2021-WANES-001312","irwin_id":"{82F51121-C4D7-4E74-84CF-970A370C57D3}","global_id":"b73a1354-2787-4aa7-8859-a224b11844da"}},{"type":"Feature","geometry":{"type":"Polygon","coordinates":[[[-118.73927,48.9234],[-118.7391,48.9237],[-118.73886,48.92339],[-118.7391,48.92327],[-118.73927,48.9234]]]},"properties":{"fire_id":"ufid:2021-WANES-001428","source_collection":"history-2021","source_objectid":6075,"incident_name":"NORTH CUSTOMS","mapped_acres":0.1807233249331325,"mapped_acres_source":"poly_Acres_AutoCalc_fallback","gis_acres":null,"auto_acres":0.1807233249331325,"reported_acres":1.4,"percent_contained":null,"state":"WA","state_wfigs":"US-WA","county":"Ferry","discovery_time_utc":"2021-04-21T20:51:26Z","perimeter_time_utc":null,"perimeter_edit_time_utc":"2023-03-14T15:13:42Z","incident_modified_time_utc":"2022-01-04T21:01:07Z","containment_time_utc":"2021-04-21T21:55:00Z","control_time_utc":"2021-04-21T22:09:00Z","fire_out_time_utc":"2021-04-27T16:18:00Z","fire_cause":"Human","fire_cause_general":"Debris and open burning","map_method":"Auto-generated","source_dataset":"FFP","unique_fire_identifier":"2021-WANES-001428","irwin_id":"{2367110F-E861-408C-8BE5-3D34CB290953}","global_id":"746b9d89-ce13-4cc6-9540-cc4018d1cd35"}},{"type":"Feature","geometry":{"type":"Polygon","coordinates":[[[-119.18791,48.98372],[-119.18784,48.98454],[-119.18806,48.98464],[-119.18779,48.98507],[-119.18782,48.98523],[-119.18812,48.98538],[-119.18809,48.98559],[-119.1876,48.98576],[-119.18738,48.98557],[-119.18727,48.98571],[-119.18741,48.98594],[-119.18728,48.98614],[-119.18651,48.98657],[-119.18589,48.98637],[-119.18559,48.98652],[-119.18519,48.98639],[-119.18468,48.98649],[-119.1842,48.98634],[-119.18439,48.98622],[-119.18469,48.98548],[-119.18509,48.98528],[-119.18581,48.98523],[-119.18579,48.98477],[-119.18514,48.9843],[-119.1846,48.98447],[-119.18393,48.9842],[-119.18385,48.98404],[-119.18359,48.98399],[-119.18351,48.98345],[-119.18445,48.98308],[-119.18529,48.98326],[-119.18672,48.9838],[-119.18723,48.98382],[-119.18775,48.98357],[-119.18791,48.98372]]]},"properties":{"fire_id":"ufid:2021-WANES-001410","source_collection":"history-2021","source_objectid":6086,"incident_name":"SNOWSHOE","mapped_acres":10.0,"mapped_acres_source":"poly_GISAcres","gis_acres":10.0,"auto_acres":18.732907771473823,"reported_acres":19.0,"percent_contained":null,"state":"WA","state_wfigs":"US-WA","county":"Okanogan","discovery_time_utc":"2021-04-19T22:08:00Z","perimeter_time_utc":"2021-04-20T03:08:00Z","perimeter_edit_time_utc":"2023-03-14T15:13:42Z","incident_modified_time_utc":"2022-01-04T20:58:04Z","containment_time_utc":"2021-04-20T18:00:00Z","control_time_utc":"2021-04-21T22:35:00Z","fire_out_time_utc":"2021-05-04T16:44:00Z","fire_cause":"Human","fire_cause_general":"Debris and open burning","map_method":"Hand Sketch","source_dataset":"FFP","unique_fire_identifier":"2021-WANES-001410","irwin_id":"{5E6F31A5-424A-4372-BC28-FC0D74BF5894}","global_id":"c65842f9-af1d-4a27-acbb-e8021f46d34e"}},{"type":"Feature","geometry":{"type":"Polygon","coordinates":[[[-119.8826,46.92844],[-119.88452,46.92797],[-119.88688,46.92816],[-119.88877,46.92927],[-119.8925,46.93002],[-119.89465,46.93002],[-119.89726,46.92916],[-119.89855,46.93019],[-119.89791,46.93094],[-119.89204,46.93107],[-119.88845,46.93213],[-119.88662,46.93447],[-119.88446,46.93557],[-119.88019,46.93529],[-119.87816,46.9336],[-119.87833,46.93081],[-119.88002,46.92957],[-119.8826,46.92844]]]},"properties":{"fire_id":"ufid:2021-WASPD-000506","source_collection":"history-2021","source_objectid":6102,"incident_name":"South Canel","mapped_acres":1.0,"mapped_acres_source":"poly_GISAcres","gis_acres":1.0,"auto_acres":159.2874741025171,"reported_acres":150.0,"percent_contained":null,"state":"WA","state_wfigs":"US-WA","county":"Grant","discovery_time_utc":"2021-08-10T00:21:00Z","perimeter_time_utc":"2021-08-10T05:21:43Z","perimeter_edit_time_utc":"2023-03-14T15:13:42Z","incident_modified_time_utc":"2022-01-11T19:54:46Z","containment_time_utc":"2021-08-10T04:45:00Z","control_time_utc":"2021-08-30T19:00:00Z","fire_out_time_utc":"2021-08-30T19:00:00Z","fire_cause":"Human","fire_cause_general":"Debris and open burning","map_method":"Hand Sketch","source_dataset":"FFP","unique_fire_identifier":"2021-WASPD-000506","irwin_id":"{12102EDF-8A81-4BFB-80C1-ED3423D9C978}","global_id":"1cece8aa-f1dc-42eb-b506-c9d7fd393710"}},{"type":"Feature","geometry":{"type":"Polygon","coordinates":[[[-118.57179,48.49162],[-118.57123,48.4916],[-118.57129,48.49133],[-118.57177,48.49137],[-118.57179,48.49162]]]},"properties":{"fire_id":"ufid:2021-WACOF-002295","source_collection":"history-2021","source_objectid":6390,"incident_name":"SEVENTEEN MILE MOUNTAIN","mapped_acres":0.1,"mapped_acres_source":"poly_GISAcres","gis_acres":0.1,"auto_acres":0.3182388361302561,"reported_acres":0.5,"percent_contained":null,"state":"WA","state_wfigs":"US-WA","county":"Ferry","discovery_time_utc":"2021-08-04T16:54:17Z","perimeter_time_utc":"2021-08-04T21:54:17Z","perimeter_edit_time_utc":"2023-03-14T15:13:42Z","incident_modified_time_utc":"2021-10-19T21:57:04Z","containment_time_utc":"2021-08-07T00:02:00Z","control_time_utc":"2021-08-08T01:00:00Z","fire_out_time_utc":"2021-08-09T20:44:00Z","fire_cause":"Natural","fire_cause_general":"Natural","map_method":"Hand Sketch","source_dataset":"FFP","unique_fire_identifier":"2021-WACOF-002295","irwin_id":"{98BCB80A-B15C-421C-B565-47DE91B1DD4E}","global_id":"fe03ad22-bb78-4f5c-99ed-6738bf639353"}},{"type":"Feature","geometry":{"type":"Polygon","coordinates":[[[-117.59589,47.65575],[-117.59705,47.65495],[-117.5974,47.65509],[-117.59752,47.65556],[-117.59746,47.6569],[-117.59756,47.65713],[-117.59822,47.65742],[-117.59789,47.65741],[-117.59823,47.65755],[-117.59867,47.65816],[-117.59847,47.65851],[-117.5987,47.65878],[-117.59846,47.6592],[-117.59855,47.65943],[-117.59831,47.65971],[-117.59817,47.66141],[-117.598,47.66209],[-117.59744,47.66317],[-117.59738,47.66382],[-117.59697,47.66433],[-117.59694,47.66462],[-117.59637,47.66489],[-117.59536,47.66497],[-117.59513,47.66509],[-117.59481,47.66561],[-117.59435,47.66576],[-117.59409,47.66582],[-117.59409,47.66552],[-117.59373,47.66522],[-117.5934,47.66523],[-117.59306,47.66564],[-117.59232,47.66533],[-117.59128,47.66555],[-117.59101,47.66505],[-117.5914,47.66459],[-117.59214,47.66448],[-117.59287,47.66456],[-117.59305,47.66402],[-117.59312,47.65761],[-117.59328,47.65738],[-117.59447,47.6566],[-117.5945,47.65634],[-117.59589,47.65575]]]},"properties":{"fire_id":"ufid:2021-WANES-002175","source_collection":"history-2021","source_objectid":6498,"incident_name":"CRAIG","mapped_acres":0.1,"mapped_acres_source":"poly_GISAcres","gis_acres":0.1,"auto_acres":93.76080114480422,"reported_acres":93.7,"percent_contained":null,"state":"WA","state_wfigs":"US-WA","county":"Spokane","discovery_time_utc":"2021-07-26T19:30:00Z","perimeter_time_utc":"2021-07-27T00:30:49Z","perimeter_edit_time_utc":"2023-03-14T15:13:42Z","incident_modified_time_utc":"2021-12-20T19:21:39Z","containment_time_utc":"2021-07-27T01:00:00Z","control_time_utc":"2021-07-27T01:45:00Z","fire_out_time_utc":"2021-07-31T18:15:00Z","fire_cause":"Human","fire_cause_general":"Misuse of fire by a minor","map_method":"Hand Sketch","source_dataset":"FFP","unique_fire_identifier":"2021-WANES-002175","irwin_id":"{CDB35DDE-7088-4BB5-9BB6-1790C733E0D4}","global_id":"c2508b7a-3ae2-45bd-931c-28b118f7cc29"}},{"type":"Feature","geometry":{"type":"Polygon","coordinates":[[[-119.55707,46.25136],[-119.55645,46.25153],[-119.55586,46.25144],[-119.55521,46.25114],[-119.5549,46.25076],[-119.55504,46.25038],[-119.55523,46.25017],[-119.55547,46.25012],[-119.55688,46.25027],[-119.55706,46.25014],[-119.55706,46.24973],[-119.55754,46.24986],[-119.55772,46.25005],[-119.55795,46.25099],[-119.5574,46.25144],[-119.55707,46.25136]]]},"properties":{"fire_id":"ufid:2021-WASPD-000228","source_collection":"history-2021","source_objectid":6717,"incident_name":"MCBEE","mapped_acres":6.0,"mapped_acres_source":"poly_GISAcres","gis_acres":6.0,"auto_acres":7.5008037091755435,"reported_acres":7.5,"percent_contained":null,"state":"WA","state_wfigs":"US-WA","county":"Benton","discovery_time_utc":"2021-06-20T00:16:00Z","perimeter_time_utc":"2021-06-20T05:16:13Z","perimeter_edit_time_utc":"2023-03-14T15:13:42Z","incident_modified_time_utc":"2022-01-11T19:31:57Z","containment_time_utc":"2021-06-20T22:24:00Z","control_time_utc":"2021-06-21T23:33:00Z","fire_out_time_utc":"2021-07-07T17:20:00Z","fire_cause":"Human","fire_cause_general":"Firearms and explosives use","map_method":"Phone/Tablet","source_dataset":"FFP","unique_fire_identifier":"2021-WASPD-000228","irwin_id":"{44600512-E5F0-47C3-B400-CA1EB60774F1}","global_id":"19aee47c-8ec6-4a7b-8434-2ae1199ac24c"}},{"type":"Feature","geometry":{"type":"Polygon","coordinates":[[[-119.43327,46.21498],[-119.43254,46.21469],[-119.43271,46.21464],[-119.43264,46.21456],[-119.43298,46.21423],[-119.43473,46.21392],[-119.43545,46.21396],[-119.43531,46.21444],[-119.43456,46.21452],[-119.43459,46.21469],[-119.43442,46.21483],[-119.43327,46.21498]]]},"properties":{"fire_id":"ufid:2021-WASPD-000513","source_collection":"history-2021","source_objectid":6948,"incident_name":"DENNIS RD","mapped_acres":1.0,"mapped_acres_source":"poly_GISAcres","gis_acres":1.0,"auto_acres":3.8921964632077235,"reported_acres":3.5,"percent_contained":null,"state":"WA","state_wfigs":"US-WA","county":"Benton","discovery_time_utc":"2021-08-13T08:13:00Z","perimeter_time_utc":"2021-08-13T13:13:22Z","perimeter_edit_time_utc":"2023-03-14T15:13:42Z","incident_modified_time_utc":"2022-01-11T19:55:20Z","containment_time_utc":"2021-08-14T02:00:00Z","control_time_utc":"2021-09-08T22:00:00Z","fire_out_time_utc":"2021-09-08T22:00:00Z","fire_cause":"Human","fire_cause_general":"Other causes","map_method":"Phone/Tablet","source_dataset":"FFP","unique_fire_identifier":"2021-WASPD-000513","irwin_id":"{06E7D3B0-32C4-4E71-9E43-3D367B5D24AC}","global_id":"c8d85247-4da1-4729-ac5e-37ced0ad8ae4"}},{"type":"Feature","geometry":{"type":"Polygon","coordinates":[[[-119.51091,47.46576],[-119.51111,47.46623],[-119.51065,47.46645],[-119.51041,47.46633],[-119.50973,47.46655],[-119.50909,47.46659],[-119.50785,47.46622],[-119.50781,47.46607],[-119.50803,47.46565],[-119.50754,47.46536],[-119.50739,47.46484],[-119.50748,47.46465],[-119.5073,47.46428],[-119.50701,47.46409],[-119.50668,47.46362],[-119.5061,47.46335],[-119.50583,47.46308],[-119.50666,47.46329],[-119.50789,47.46321],[-119.50936,47.46415],[-119.50943,47.46454],[-119.50998,47.46465],[-119.5105,47.4654],[-119.51037,47.46556],[-119.51057,47.46576],[-119.51091,47.46576]]]},"properties":{"fire_id":"ufid:2021-WASPD-001524","source_collection":"history-2021","source_objectid":7021,"incident_name":"LENORE RANGE","mapped_acres":16.7903897576629,"mapped_acres_source":"poly_Acres_AutoCalc_fallback","gis_acres":null,"auto_acres":16.7903897576629,"reported_acres":16.8,"percent_contained":null,"state":"WA","state_wfigs":"US-WA","county":"Grant","discovery_time_utc":"2021-05-09T03:47:00Z","perimeter_time_utc":"2021-05-09T16:14:00Z","perimeter_edit_time_utc":"2023-03-14T15:13:42Z","incident_modified_time_utc":"2022-01-11T19:21:04Z","containment_time_utc":"2021-05-09T16:46:00Z","control_time_utc":"2021-05-09T16:47:00Z","fire_out_time_utc":null,"fire_cause":"Human","fire_cause_general":"Other causes","map_method":"Phone/Tablet","source_dataset":"FFP","unique_fire_identifier":"2021-WASPD-001524","irwin_id":"{46FE5246-E1D4-46C4-A762-155181279E09}","global_id":"7b11fa5e-752f-49d5-badf-f1614e4179e4"}},{"type":"Feature","geometry":{"type":"Polygon","coordinates":[[[-117.21874,48.00904],[-117.21836,48.0088],[-117.21772,48.00877],[-117.21701,48.00916],[-117.21558,48.00928],[-117.21469,48.00822],[-117.21467,48.00802],[-117.21477,48.00774],[-117.21598,48.00746],[-117.21634,48.00716],[-117.21649,48.00634],[-117.21688,48.00603],[-117.21692,48.00586],[-117.21728,48.00577],[-117.21709,48.00569],[-117.21735,48.00559],[-117.21731,48.00548],[-117.2175,48.00548],[-117.21783,48.00504],[-117.21789,48.0049],[-117.21736,48.00452],[-117.21741,48.00435],[-117.21764,48.00407],[-117.21835,48.00383],[-117.21831,48.00368],[-117.21813,48.00366],[-117.21844,48.00341],[-117.21832,48.00339],[-117.21842,48.0029],[-117.21873,48.00268],[-117.2187,48.00247],[-117.21893,48.00229],[-117.21897,48.00203],[-117.21943,48.00165],[-117.22167,48.00132],[-117.22227,48.00099],[-117.22256,48.00124],[-117.22357,48.00077],[-117.22567,48.00043],[-117.22595,48.00009],[-117.22632,48.00005],[-117.22631,47.99991],[-117.22653,47.99999],[-117.22717,47.99979],[-117.22802,47.99919],[-117.22864,47.99906],[-117.2288,47.99884],[-117.2287,47.99855],[-117.22947,47.99836],[-117.2301,47.99784],[-117.23001,47.9975],[-117.23075,47.99728],[-117.23093,47.99736],[-117.23099,47.99754],[-117.23072,47.99881],[-117.23101,47.9995],[-117.231,47.99998],[-117.23037,48.00027],[-117.2305,48.00085],[-117.23076,48.00115],[-117.23072,48.00136],[-117.23023,48.0021],[-117.22941,48.00272],[-117.22875,48.00299],[-117.2287,48.00332],[-117.22891,48.00368],[-117.2288,48.00376],[-117.22883,48.00397],[-117.22857,48.00399],[-117.22865,48.00406],[-117.22834,48.00436],[-117.22776,48.00448],[-117.22699,48.00491],[-117.22671,48.00484],[-117.22663,48.00463],[-117.22634,48.0047],[-117.22588,48.00511],[-117.22588,48.00544],[-117.2255,48.00557],[-117.22469,48.00555],[-117.22462,48.00522],[-117.22486,48.00485],[-117.22442,48.00482],[-117.2235,48.00536],[-117.22313,48.00568],[-117.22263,48.00658],[-117.22137,48.00726],[-117.22121,48.00759],[-117.22042,48.0078],[-117.22026,48.00799],[-117.21897,48.00813],[-117.21877,48.00849],[-117.21939,48.00863],[-117.21951,48.00883],[-117.21906,48.00905],[-117.21874,48.00904]]]},"properties":{"fire_id":"ufid:2021-WANES-002143","source_collection":"history-2021","source_objectid":7032,"incident_name":"Nelson Creek","mapped_acres":154.0,"mapped_acres_source":"poly_GISAcres","gis_acres":154.0,"auto_acres":153.95293095790157,"reported_acres":154.0,"percent_contained":null,"state":"WA","state_wfigs":"US-WA","county":"Spokane","discovery_time_utc":"2021-07-23T21:54:00Z","perimeter_time_utc":null,"perimeter_edit_time_utc":"2023-03-14T15:13:42Z","incident_modified_time_utc":"2021-12-20T18:42:31Z","containment_time_utc":"2021-07-24T16:00:00Z","control_time_utc":"2021-07-28T03:00:00Z","fire_out_time_utc":"2021-09-02T18:20:00Z","fire_cause":"Human","fire_cause_general":"Other causes","map_method":"Mixed Methods","source_dataset":"FFP","unique_fire_identifier":"2021-WANES-002143","irwin_id":"{84716ED4-B774-4A06-8961-036C52A6B0C9}","global_id":"20e02f8a-2ebe-404a-a4b5-c105bd7f89c0"}},{"type":"Feature","geometry":{"type":"Polygon","coordinates":[[[-117.85874,47.35783],[-117.85985,47.35823],[-117.85995,47.35852],[-117.85924,47.35958],[-117.85878,47.35983],[-117.85852,47.35981],[-117.85824,47.36009],[-117.85755,47.35999],[-117.85707,47.36023],[-117.8568,47.36018],[-117.85631,47.36045],[-117.85388,47.36067],[-117.85162,47.36125],[-117.8515,47.36108],[-117.85101,47.36095],[-117.85099,47.36078],[-117.85071,47.36075],[-117.8506,47.36054],[-117.84928,47.36072],[-117.84875,47.36047],[-117.84755,47.3608],[-117.84732,47.36071],[-117.84708,47.3603],[-117.84655,47.36015],[-117.84673,47.35973],[-117.84748,47.35887],[-117.84785,47.35874],[-117.84812,47.35848],[-117.84848,47.35841],[-117.84903,47.3577],[-117.8493,47.35758],[-117.84999,47.35755],[-117.85025,47.35773],[-117.85065,47.35773],[-117.85085,47.35797],[-117.85151,47.35809],[-117.85229,47.35756],[-117.85319,47.35744],[-117.85456,47.35754],[-117.85505,47.35782],[-117.85874,47.35783]]]},"properties":{"fire_id":"ufid:2021-WASPD-002021","source_collection":"history-2021","source_objectid":7067,"incident_name":"FISHTRAP ROAD","mapped_acres":0.1,"mapped_acres_source":"poly_GISAcres","gis_acres":0.1,"auto_acres":69.87780434017068,"reported_acres":70.0,"percent_contained":null,"state":"WA","state_wfigs":"US-WA","county":"Lincoln","discovery_time_utc":"2021-07-12T02:36:00Z","perimeter_time_utc":"2021-07-12T07:36:07Z","perimeter_edit_time_utc":"2023-03-14T15:13:42Z","incident_modified_time_utc":"2022-01-11T19:47:05Z","containment_time_utc":"2021-07-12T07:00:00Z","control_time_utc":"2021-07-14T13:23:00Z","fire_out_time_utc":"2021-07-28T19:00:00Z","fire_cause":"Human","fire_cause_general":"Firearms and explosives use","map_method":"GPS-Unknown Travel Method","source_dataset":"FFP","unique_fire_identifier":"2021-WASPD-002021","irwin_id":"{9155E102-C1BD-4386-AFDB-9A2B516962FF}","global_id":"1687261c-0f3a-489f-a645-43fc0eba5f75"}},{"type":"Feature","geometry":{"type":"Polygon","coordinates":[[[-118.94466,47.98281],[-118.94487,47.98272],[-118.94518,47.98307],[-118.94508,47.9837],[-118.94465,47.98396],[-118.94422,47.98409],[-118.94398,47.98396],[-118.94403,47.98369],[-118.94373,47.98364],[-118.94328,47.98385],[-118.94271,47.98363],[-118.94266,47.98344],[-118.94247,47.98343],[-118.94238,47.98325],[-118.94282,47.98318],[-118.94312,47.98285],[-118.94277,47.98279],[-118.94254,47.98294],[-118.94251,47.9827],[-118.94285,47.9826],[-118.94267,47.98254],[-118.94274,47.98237],[-118.94238,47.98238],[-118.94238,47.98222],[-118.94224,47.98219],[-118.94253,47.98207],[-118.9425,47.98198],[-118.94202,47.98187],[-118.94218,47.98179],[-118.94203,47.9817],[-118.94211,47.98166],[-118.94162,47.98134],[-118.94235,47.98152],[-118.94246,47.98132],[-118.94287,47.9814],[-118.94282,47.9819],[-118.94298,47.98159],[-118.94318,47.98159],[-118.94319,47.98141],[-118.94363,47.98155],[-118.9435,47.98164],[-118.94364,47.98171],[-118.94361,47.98194],[-118.94412,47.98169],[-118.94405,47.98194],[-118.94437,47.9822],[-118.94428,47.98236],[-118.94466,47.98281]]]},"properties":{"fire_id":"ufid:2021-WACOA-200124","source_collection":"history-2021","source_objectid":7236,"incident_name":"Coulee Dam Hill","mapped_acres":10.065886134688782,"mapped_acres_source":"poly_Acres_AutoCalc_fallback","gis_acres":null,"auto_acres":10.065886134688782,"reported_acres":10.0,"percent_contained":null,"state":"WA","state_wfigs":"US-WA","county":"Okanogan","discovery_time_utc":"2021-08-09T01:13:00Z","perimeter_time_utc":null,"perimeter_edit_time_utc":"2023-03-14T15:13:42Z","incident_modified_time_utc":"2022-03-16T15:07:32Z","containment_time_utc":"2021-08-09T16:40:00Z","control_time_utc":"2021-08-12T22:01:00Z","fire_out_time_utc":"2021-08-21T22:01:00Z","fire_cause":"Natural","fire_cause_general":"Natural","map_method":"Hand Sketch","source_dataset":"FFP","unique_fire_identifier":"2021-WACOA-200124","irwin_id":"{1376105A-0A09-47FD-B548-791BF87AE840}","global_id":"14c9e136-560f-47af-af1e-c09abc9fc13f"}},{"type":"Feature","geometry":{"type":"Polygon","coordinates":[[[-118.21146,48.94747],[-118.21051,48.94717],[-118.21061,48.94698],[-118.21049,48.94675],[-118.21094,48.94631],[-118.21086,48.94608],[-118.21102,48.94609],[-118.21025,48.94583],[-118.21044,48.94547],[-118.21064,48.94538],[-118.21046,48.94527],[-118.20981,48.94555],[-118.20929,48.94542],[-118.20868,48.94551],[-118.2085,48.94584],[-118.20821,48.94583],[-118.20798,48.9456],[-118.20764,48.94551],[-118.20758,48.94514],[-118.20778,48.94489],[-118.2077,48.9445],[-118.20785,48.94435],[-118.20757,48.94409],[-118.20755,48.9438],[-118.20769,48.94362],[-118.2075,48.94313],[-118.20669,48.94268],[-118.20637,48.94263],[-118.20624,48.9428],[-118.20594,48.94256],[-118.20539,48.94246],[-118.20531,48.94229],[-118.20554,48.94223],[-118.20581,48.94182],[-118.2055,48.94143],[-118.20504,48.94114],[-118.20523,48.94095],[-118.20479,48.94066],[-118.20445,48.94079],[-118.20419,48.94045],[-118.20337,48.94019],[-118.20275,48.93937],[-118.20285,48.93883],[-118.20396,48.93848],[-118.20421,48.93864],[-118.20464,48.93857],[-118.20486,48.93829],[-118.2055,48.9381],[-118.20541,48.93787],[-118.20566,48.93738],[-118.20579,48.93632],[-118.20608,48.93658],[-118.20702,48.93676],[-118.20793,48.93749],[-118.20877,48.93735],[-118.20925,48.93768],[-118.20972,48.93781],[-118.21068,48.93776],[-118.21227,48.93715],[-118.21294,48.93705],[-118.21433,48.93741],[-118.21497,48.93811],[-118.21494,48.93825],[-118.21457,48.93828],[-118.21483,48.93854],[-118.2147,48.93876],[-118.21516,48.93905],[-118.21524,48.93924],[-118.21527,48.9395],[-118.21501,48.93965],[-118.21513,48.94007],[-118.21499,48.94029],[-118.21605,48.9403],[-118.21605,48.94056],[-118.21588,48.94076],[-118.2155,48.94056],[-118.21519,48.94061],[-118.2158,48.94085],[-118.21565,48.94087],[-118.2153,48.94157],[-118.21529,48.94192],[-118.21483,48.94221],[-118.21491,48.94245],[-118.21482,48.94287],[-118.2145,48.94336],[-118.21423,48.94414],[-118.21406,48.94556],[-118.21358,48.94605],[-118.21355,48.94685],[-118.21281,48.94698],[-118.21261,48.9471],[-118.21271,48.94722],[-118.21228,48.94747],[-118.21146,48.94747]]]},"properties":{"fire_id":"ufid:2021-WANES-002313","source_collection":"history-2021","source_objectid":7243,"incident_name":"Nine Mine","mapped_acres":164.3834,"mapped_acres_source":"poly_GISAcres","gis_acres":164.3834,"auto_acres":164.48257446806835,"reported_acres":164.0,"percent_contained":null,"state":"WA","state_wfigs":"US-WA","county":"Stevens","discovery_time_utc":"2021-08-04T20:13:00Z","perimeter_time_utc":null,"perimeter_edit_time_utc":"2023-03-14T15:13:42Z","incident_modified_time_utc":"2021-12-28T23:22:54Z","containment_time_utc":"2021-08-19T13:00:00Z","control_time_utc":"2021-08-19T13:00:00Z","fire_out_time_utc":"2021-12-14T18:40:00Z","fire_cause":"Natural","fire_cause_general":"Natural","map_method":"Mixed Methods","source_dataset":"FFP","unique_fire_identifier":"2021-WANES-002313","irwin_id":"{38B4C573-5F79-4F39-9679-7508863A6DB6}","global_id":"b589c1bc-b4ff-40bb-8011-adb0c820f77f"}},{"type":"Feature","geometry":{"type":"Polygon","coordinates":[[[-118.94913,48.90895],[-118.94872,48.90904],[-118.94844,48.90892],[-118.94836,48.90866],[-118.9487,48.90848],[-118.9492,48.90864],[-118.94913,48.90895]]]},"properties":{"fire_id":"ufid:2021-WACOF-002321","source_collection":"history-2021","source_objectid":7289,"incident_name":"BEAR TRAP","mapped_acres":0.1,"mapped_acres_source":"poly_GISAcres","gis_acres":0.1,"auto_acres":0.6592969006647026,"reported_acres":0.2,"percent_contained":null,"state":"WA","state_wfigs":"US-WA","county":"Okanogan","discovery_time_utc":"2021-08-04T22:06:19Z","perimeter_time_utc":"2021-08-05T03:06:19Z","perimeter_edit_time_utc":"2023-03-14T15:13:42Z","incident_modified_time_utc":"2021-10-19T22:15:36Z","containment_time_utc":"2021-08-06T03:54:00Z","control_time_utc":"2021-08-08T19:02:00Z","fire_out_time_utc":"2021-08-09T20:54:00Z","fire_cause":"Natural","fire_cause_general":"Natural","map_method":"Hand Sketch","source_dataset":"FFP","unique_fire_identifier":"2021-WACOF-002321","irwin_id":"{1C491304-7C2B-4531-8CAC-DE79F7789583}","global_id":"f267656d-dced-4643-8a73-8cc038685f5d"}},{"type":"Feature","geometry":{"type":"MultiPolygon","coordinates":[[[[-119.273391,48.502261],[-119.27347,48.50219],[-119.27368,48.50224],[-119.27354,48.50234],[-119.273391,48.502261]]],[[[-119.27344,48.50231],[-119.27337,48.50225],[-119.273391,48.502261],[-119.27344,48.50231]]]]},"properties":{"fire_id":"ufid:2021-WANES-001528","source_collection":"history-2021","source_objectid":7370,"incident_name":"CHIEF JOE TRAIL","mapped_acres":0.1,"mapped_acres_source":"poly_GISAcres","gis_acres":0.1,"auto_acres":0.0677002501475387,"reported_acres":0.1,"percent_contained":null,"state":"WA","state_wfigs":"US-WA","county":"Okanogan","discovery_time_utc":"2021-05-12T04:30:00Z","perimeter_time_utc":"2021-05-12T09:30:00Z","perimeter_edit_time_utc":"2023-03-14T15:13:42Z","incident_modified_time_utc":"2021-10-01T18:39:04Z","containment_time_utc":"2021-05-12T05:00:00Z","control_time_utc":"2021-05-12T20:30:00Z","fire_out_time_utc":"2021-05-19T20:59:00Z","fire_cause":"Human","fire_cause_general":"Other Human Cause","map_method":"Hand Sketch","source_dataset":"Decertified","unique_fire_identifier":"2021-WANES-001528","irwin_id":"{7402D579-3FE2-4D88-A588-8CC609AB1E26}","global_id":"9f96bea5-b987-40df-8a8a-51b5ee938db5"}},{"type":"Feature","geometry":{"type":"MultiPolygon","coordinates":[[[[-119.48207,48.53327],[-119.48207,48.53324],[-119.48209,48.53328],[-119.48207,48.53327]]],[[[-119.48211,48.53328],[-119.48211,48.5333],[-119.48209,48.53328],[-119.48211,48.53328]]],[[[-119.48421,48.53491],[-119.48373,48.53504],[-119.48249,48.53496],[-119.48224,48.53476],[-119.48247,48.53469],[-119.48184,48.53445],[-119.48197,48.53434],[-119.48186,48.53397],[-119.48201,48.53405],[-119.48211,48.5333],[-119.4824,48.53296],[-119.48264,48.53289],[-119.48301,48.53312],[-119.48316,48.53302],[-119.48309,48.53268],[-119.48282,48.53254],[-119.48273,48.53221],[-119.48284,48.53209],[-119.48295,48.53223],[-119.4832,48.53202],[-119.48321,48.5322],[-119.48363,48.53212],[-119.48371,48.5323],[-119.48441,48.53277],[-119.48465,48.53258],[-119.48491,48.53272],[-119.48485,48.53285],[-119.48521,48.53275],[-119.48587,48.53291],[-119.4857,48.5331],[-119.48575,48.53368],[-119.48527,48.53393],[-119.48558,48.5342],[-119.4864,48.53413],[-119.4858,48.53442],[-119.48446,48.53459],[-119.4841,48.53489],[-119.48421,48.53491]]],[[[-119.48197,48.53399],[-119.48196,48.53398],[-119.48197,48.53397],[-119.48197,48.53399]]],[[[-119.48194,48.53399],[-119.48196,48.53399],[-119.48194,48.534],[-119.48194,48.53399]]],[[[-119.48629,48.53405],[-119.48631,48.53407],[-119.4863,48.53407],[-119.48629,48.53405]]],[[[-119.48187,48.53394],[-119.48189,48.53392],[-119.48191,48.53395],[-119.48187,48.53394]]],[[[-119.48186,48.53396],[-119.48184,48.53395],[-119.48184,48.53394],[-119.48186,48.53396]]],[[[-119.48187,48.53394],[-119.48188,48.53396],[-119.48186,48.53394],[-119.48187,48.53394]]],[[[-119.4819,48.53397],[-119.4819,48.53395],[-119.48193,48.53397],[-119.4819,48.53397]]],[[[-119.48183,48.53395],[-119.48186,48.53397],[-119.48185,48.53397],[-119.48183,48.53395]]],[[[-119.48194,48.53396],[-119.48194,48.53397],[-119.48193,48.53397],[-119.48194,48.53396]]],[[[-119.48189,48.53396],[-119.48189,48.53397],[-119.48188,48.53396],[-119.48189,48.53396]]],[[[-119.48186,48.53396],[-119.48187,48.53396],[-119.48187,48.53397],[-119.48186,48.53396]]],[[[-119.48194,48.53397],[-119.48196,48.53398],[-119.48194,48.53398],[-119.48194,48.53397]]]]},"properties":{"fire_id":"ufid:2021-WANES-002250","source_collection":"history-2021","source_objectid":7506,"incident_name":"KEYSTONE","mapped_acres":30.0,"mapped_acres_source":"poly_GISAcres","gis_acres":30.0,"auto_acres":15.826298694815977,"reported_acres":15.8,"percent_contained":null,"state":"WA","state_wfigs":"US-WA","county":"Okanogan","discovery_time_utc":"2021-08-04T03:54:23Z","perimeter_time_utc":"2021-08-04T08:54:23Z","perimeter_edit_time_utc":"2023-03-14T15:13:42Z","incident_modified_time_utc":"2021-12-28T22:58:27Z","containment_time_utc":"2021-08-05T02:00:00Z","control_time_utc":"2021-08-05T19:36:00Z","fire_out_time_utc":"2021-10-22T16:00:00Z","fire_cause":"Natural","fire_cause_general":"Natural","map_method":"Hand Sketch","source_dataset":"FFP","unique_fire_identifier":"2021-WANES-002250","irwin_id":"{EC51D8FA-C87D-448A-997E-3F1E1D11109B}","global_id":"af3e01d7-a0e0-4346-a5d9-8382b0e66e90"}},{"type":"Feature","geometry":{"type":"Polygon","coordinates":[[[-117.43504,47.49246],[-117.43544,47.49234],[-117.43605,47.49241],[-117.43663,47.4918],[-117.43668,47.49141],[-117.43721,47.49096],[-117.43623,47.49071],[-117.43482,47.49058],[-117.43398,47.49079],[-117.43367,47.49021],[-117.4333,47.48986],[-117.43279,47.49009],[-117.43144,47.48998],[-117.43106,47.48971],[-117.43164,47.48931],[-117.4316,47.48917],[-117.43119,47.48906],[-117.43141,47.48908],[-117.43256,47.48866],[-117.43398,47.48855],[-117.43423,47.48841],[-117.43485,47.48849],[-117.43446,47.48785],[-117.43422,47.4878],[-117.43351,47.48685],[-117.43343,47.48669],[-117.43357,47.48651],[-117.43311,47.48578],[-117.4332,47.48562],[-117.43331,47.48566],[-117.43418,47.48689],[-117.43488,47.48686],[-117.43508,47.48672],[-117.43532,47.48586],[-117.43565,47.48556],[-117.43566,47.48536],[-117.43525,47.48492],[-117.4354,47.4845],[-117.43529,47.48437],[-117.43388,47.48412],[-117.43338,47.48415],[-117.43329,47.48409],[-117.43338,47.48399],[-117.43463,47.48377],[-117.43514,47.48343],[-117.43582,47.48344],[-117.43681,47.48374],[-117.43884,47.48387],[-117.44028,47.48423],[-117.44078,47.48408],[-117.44499,47.48412],[-117.44526,47.48391],[-117.44592,47.48393],[-117.44625,47.48382],[-117.44643,47.4836],[-117.44709,47.48347],[-117.44734,47.48353],[-117.44737,47.4837],[-117.44746,47.48365],[-117.44747,47.48393],[-117.44778,47.48398],[-117.44838,47.48376],[-117.44862,47.48395],[-117.44857,47.48422],[-117.44798,47.48423],[-117.44815,47.48478],[-117.44793,47.48501],[-117.44826,47.4852],[-117.44825,47.48533],[-117.44877,47.48545],[-117.44888,47.48555],[-117.44881,47.48577],[-117.44853,47.48563],[-117.44846,47.48573],[-117.44756,47.48575],[-117.44731,47.48591],[-117.44727,47.48737],[-117.44661,47.48726],[-117.44578,47.48755],[-117.44554,47.4874],[-117.44564,47.48702],[-117.44539,47.48662],[-117.44509,47.48668],[-117.44507,47.48721],[-117.44545,47.48771],[-117.44493,47.48775],[-117.44476,47.48798],[-117.44452,47.48798],[-117.44336,47.48866],[-117.44295,47.48861],[-117.44269,47.48876],[-117.44257,47.48895],[-117.44275,47.48951],[-117.44196,47.48945],[-117.44032,47.48983],[-117.44041,47.48999],[-117.44034,47.49047],[-117.43926,47.49103],[-117.43923,47.49135],[-117.43858,47.49105],[-117.43792,47.49095],[-117.43775,47.49129],[-117.43738,47.49129],[-117.43705,47.49145],[-117.43677,47.49228],[-117.43661,47.49242],[-117.43661,47.49273],[-117.43642,47.49289],[-117.43516,47.49281],[-117.43495,47.49262],[-117.43504,47.49246]]]},"properties":{"fire_id":"ufid:2021-WANES-002456","source_collection":"history-2021","source_objectid":7527,"incident_name":"PINE MEADOW","mapped_acres":164.4465,"mapped_acres_source":"poly_GISAcres","gis_acres":164.4465,"auto_acres":164.44584121380973,"reported_acres":165.0,"percent_contained":null,"state":"WA","state_wfigs":"US-WA","county":"Spokane","discovery_time_utc":"2021-08-16T22:06:00Z","perimeter_time_utc":"2021-08-17T03:06:14Z","perimeter_edit_time_utc":"2023-03-14T15:13:42Z","incident_modified_time_utc":"2021-12-20T17:06:24Z","containment_time_utc":"2021-08-18T01:30:00Z","control_time_utc":"2021-08-18T19:00:00Z","fire_out_time_utc":"2021-09-21T23:52:00Z","fire_cause":"Human","fire_cause_general":"Other causes","map_method":"Mixed Methods","source_dataset":"FFP","unique_fire_identifier":"2021-WANES-002456","irwin_id":"{977E08E1-3CCD-42F5-8F08-C661E1212321}","global_id":"9627f056-5008-4d2c-be37-2f01c260db73"}},{"type":"Feature","geometry":{"type":"Polygon","coordinates":[[[-119.82902,47.28135],[-119.82855,47.28143],[-119.82835,47.28131],[-119.82834,47.28106],[-119.82875,47.28059],[-119.82933,47.28019],[-119.83105,47.28017],[-119.83105,47.28044],[-119.83058,47.28074],[-119.82988,47.28095],[-119.82969,47.28113],[-119.82915,47.28115],[-119.82902,47.28135]]]},"properties":{"fire_id":"ufid:2021-WAGNRN-000231","source_collection":"history-2021","source_objectid":7828,"incident_name":"MONUMENT HILL","mapped_acres":3.0,"mapped_acres_source":"poly_GISAcres","gis_acres":3.0,"auto_acres":4.068645812354673,"reported_acres":4.0,"percent_contained":null,"state":"WA","state_wfigs":"US-WA","county":"Grant","discovery_time_utc":"2021-06-20T20:02:00Z","perimeter_time_utc":"2021-06-21T01:02:06Z","perimeter_edit_time_utc":"2023-03-14T15:13:42Z","incident_modified_time_utc":"2022-01-11T22:39:11Z","containment_time_utc":"2021-06-20T22:15:00Z","control_time_utc":"2021-06-29T19:00:00Z","fire_out_time_utc":"2021-06-29T19:00:00Z","fire_cause":"Human","fire_cause_general":"Other causes","map_method":"Phone/Tablet","source_dataset":"FFP","unique_fire_identifier":"2021-WAGNRN-000231","irwin_id":"{713F593B-36B3-4ABF-8E83-101DE99316BB}","global_id":"8462a2cd-2b84-4acb-8563-797454765065"}},{"type":"Feature","geometry":{"type":"Polygon","coordinates":[[[-117.12726,47.38118],[-117.12805,47.38126],[-117.12847,47.38144],[-117.12868,47.38137],[-117.12856,47.38128],[-117.12963,47.38079],[-117.12993,47.3809],[-117.13037,47.38077],[-117.13072,47.38097],[-117.13118,47.38102],[-117.13143,47.38129],[-117.13117,47.38172],[-117.13072,47.38186],[-117.13034,47.38222],[-117.12973,47.38248],[-117.12977,47.38285],[-117.12966,47.38306],[-117.12865,47.38377],[-117.12716,47.3845],[-117.12676,47.38485],[-117.12655,47.38488],[-117.12625,47.3846],[-117.12487,47.38487],[-117.12455,47.38462],[-117.12464,47.38431],[-117.12453,47.38425],[-117.12249,47.38417],[-117.12178,47.38514],[-117.12095,47.38514],[-117.12085,47.38501],[-117.12085,47.38391],[-117.12154,47.38372],[-117.12259,47.38296],[-117.12327,47.3828],[-117.12424,47.38219],[-117.1248,47.382],[-117.12531,47.38153],[-117.12535,47.38133],[-117.12584,47.38112],[-117.12703,47.38105],[-117.12726,47.38118]]]},"properties":{"fire_id":"ufid:2021-WANES-002144","source_collection":"history-2021","source_objectid":7864,"incident_name":"EAST BRADSHAW","mapped_acres":0.1,"mapped_acres_source":"poly_GISAcres","gis_acres":0.1,"auto_acres":48.17125183346071,"reported_acres":48.0,"percent_contained":null,"state":"WA","state_wfigs":"US-WA","county":"Spokane","discovery_time_utc":"2021-07-23T22:25:00Z","perimeter_time_utc":"2021-07-24T03:25:05Z","perimeter_edit_time_utc":"2023-03-14T15:13:42Z","incident_modified_time_utc":"2021-12-23T17:03:51Z","containment_time_utc":"2021-07-24T05:30:00Z","control_time_utc":"2021-07-26T21:30:00Z","fire_out_time_utc":"2021-08-13T19:21:00Z","fire_cause":"Human","fire_cause_general":"Equipment and vehicle use","map_method":"Hand Sketch","source_dataset":"FFP","unique_fire_identifier":"2021-WANES-002144","irwin_id":"{9550EE12-28BE-4C2F-A601-1C3DD103282E}","global_id":"9175b5e7-3eb1-49da-a32c-332809a27793"}},{"type":"Feature","geometry":{"type":"Polygon","coordinates":[[[-119.81293,47.82825],[-119.81346,47.82846],[-119.81336,47.82867],[-119.81312,47.82879],[-119.81239,47.82882],[-119.81261,47.82856],[-119.81237,47.82848],[-119.81253,47.82844],[-119.81247,47.82828],[-119.81293,47.82825]]]},"properties":{"fire_id":"ufid:2021-WASPD-000542","source_collection":"history-2021","source_objectid":7938,"incident_name":"ROAD C","mapped_acres":1.0,"mapped_acres_source":"poly_GISAcres","gis_acres":1.0,"auto_acres":1.031522933970127,"reported_acres":1.0,"percent_contained":null,"state":"WA","state_wfigs":"US-WA","county":"Douglas","discovery_time_utc":"2021-08-22T18:07:00Z","perimeter_time_utc":"2021-08-22T23:07:32Z","perimeter_edit_time_utc":"2023-03-14T15:13:42Z","incident_modified_time_utc":"2022-01-11T19:55:39Z","containment_time_utc":"2021-08-22T22:20:00Z","control_time_utc":"2021-08-22T22:20:00Z","fire_out_time_utc":"2021-08-22T22:20:00Z","fire_cause":"Human","fire_cause_general":"Other causes","map_method":"Phone/Tablet","source_dataset":"FFP","unique_fire_identifier":"2021-WASPD-000542","irwin_id":"{5CC06DC1-B511-4BA8-94EC-10FFB8FF7C15}","global_id":"469ce79c-0934-4951-904d-653223ca1be5"}},{"type":"Feature","geometry":{"type":"Polygon","coordinates":[[[-117.63521,47.85215],[-117.63342,47.85302],[-117.63307,47.85295],[-117.63279,47.85329],[-117.63289,47.8534],[-117.63184,47.85307],[-117.63192,47.85327],[-117.63182,47.85338],[-117.63015,47.85344],[-117.6299,47.85322],[-117.62998,47.85304],[-117.63011,47.85291],[-117.63076,47.85279],[-117.63059,47.85252],[-117.63079,47.85236],[-117.63003,47.85218],[-117.62958,47.85222],[-117.62944,47.85188],[-117.62901,47.85178],[-117.62874,47.85183],[-117.62854,47.85211],[-117.62829,47.85209],[-117.62844,47.85175],[-117.62814,47.8514],[-117.62817,47.85112],[-117.62789,47.85109],[-117.628,47.8509],[-117.62739,47.8504],[-117.62777,47.8504],[-117.62851,47.85013],[-117.62858,47.8499],[-117.62891,47.84982],[-117.62922,47.84956],[-117.62998,47.84956],[-117.63024,47.84975],[-117.63079,47.84984],[-117.63154,47.84984],[-117.63287,47.84954],[-117.63323,47.84959],[-117.63347,47.84977],[-117.63378,47.84975],[-117.63481,47.85023],[-117.63491,47.85056],[-117.63468,47.85084],[-117.63529,47.852],[-117.63521,47.85215]]]},"properties":{"fire_id":"ufid:2021-WANES-001884","source_collection":"history-2021","source_objectid":8078,"incident_name":"CORKSCREW","mapped_acres":0.9999191,"mapped_acres_source":"poly_GISAcres","gis_acres":0.9999191,"auto_acres":41.764877856545176,"reported_acres":41.0,"percent_contained":null,"state":"WA","state_wfigs":"US-WA","county":"Stevens","discovery_time_utc":"2021-07-03T22:50:00Z","perimeter_time_utc":"2021-07-04T03:50:28Z","perimeter_edit_time_utc":"2023-03-14T15:13:42Z","incident_modified_time_utc":"2021-12-17T00:27:43Z","containment_time_utc":"2021-07-04T20:00:00Z","control_time_utc":"2021-07-06T19:00:00Z","fire_out_time_utc":"2021-08-08T00:33:00Z","fire_cause":"Human","fire_cause_general":"Undetermined","map_method":"Hand Sketch","source_dataset":"FFP","unique_fire_identifier":"2021-WANES-001884","irwin_id":"{4B752473-9BC3-4812-91F8-37C7FA479CE4}","global_id":"d72def40-3c77-491b-a51f-5ecb6ffff9a4"}},{"type":"Feature","geometry":{"type":"Polygon","coordinates":[[[-119.24417,46.23999],[-119.24683,46.24257],[-119.24834,46.24429],[-119.25001,46.24444],[-119.25028,46.24443],[-119.25036,46.2443],[-119.25085,46.24446],[-119.2515,46.24526],[-119.252,46.24521],[-119.25689,46.25162],[-119.25553,46.25216],[-119.25649,46.25287],[-119.25717,46.25367],[-119.25583,46.25382],[-119.25018,46.25116],[-119.2476,46.24959],[-119.24585,46.24802],[-119.24527,46.2481],[-119.24265,46.2469],[-119.24023,46.2461],[-119.2385,46.24604],[-119.23848,46.24586],[-119.23908,46.24565],[-119.23993,46.245],[-119.24106,46.24451],[-119.23979,46.24386],[-119.23909,46.2441],[-119.23754,46.24374],[-119.23799,46.24336],[-119.24096,46.24277],[-119.24109,46.24231],[-119.24052,46.24219],[-119.24086,46.24175],[-119.24054,46.2412],[-119.24145,46.24088],[-119.2439,46.24092],[-119.24417,46.23999]]]},"properties":{"fire_id":"ufid:2021-WASPD-000079","source_collection":"history-2021","source_objectid":8400,"incident_name":"DELTA","mapped_acres":25.0,"mapped_acres_source":"poly_GISAcres","gis_acres":25.0,"auto_acres":208.02644281650646,"reported_acres":208.0,"percent_contained":null,"state":"WA","state_wfigs":"US-WA","county":"Benton","discovery_time_utc":"2021-04-28T20:59:00Z","perimeter_time_utc":"2021-04-29T01:59:35Z","perimeter_edit_time_utc":"2023-03-14T15:13:42Z","incident_modified_time_utc":"2022-01-11T19:17:19Z","containment_time_utc":"2021-05-05T21:21:00Z","control_time_utc":"2021-05-05T21:21:00Z","fire_out_time_utc":"2021-05-05T21:21:00Z","fire_cause":"Human","fire_cause_general":"Recreation and ceremony","map_method":"Hand Sketch","source_dataset":"FFP","unique_fire_identifier":"2021-WASPD-000079","irwin_id":"{A68F52BD-BF68-48DF-B38D-0651FA932747}","global_id":"9675d843-f42e-4eb1-af3f-7846ec1b83de"}},{"type":"Feature","geometry":{"type":"Polygon","coordinates":[[[-119.86014,47.90163],[-119.85992,47.90168],[-119.85986,47.90195],[-119.86006,47.90199],[-119.86005,47.90185],[-119.86015,47.90184],[-119.86052,47.90199],[-119.86065,47.90241],[-119.86026,47.90254],[-119.86028,47.90278],[-119.86001,47.90323],[-119.85923,47.90348],[-119.85769,47.90442],[-119.85705,47.90468],[-119.85512,47.90515],[-119.85467,47.90497],[-119.85488,47.90466],[-119.85477,47.9043],[-119.85518,47.90388],[-119.85535,47.90385],[-119.85532,47.90371],[-119.85558,47.90368],[-119.85571,47.9034],[-119.85637,47.90298],[-119.85653,47.90263],[-119.85715,47.90266],[-119.85743,47.90237],[-119.85868,47.90212],[-119.85861,47.90198],[-119.859,47.90145],[-119.85936,47.90151],[-119.85961,47.90177],[-119.85964,47.90157],[-119.86014,47.90163]]]},"properties":{"fire_id":"ufid:2021-WADGEN-000156","source_collection":"history-2021","source_objectid":8570,"incident_name":"ROAD 20","mapped_acres":1.0,"mapped_acres_source":"poly_GISAcres","gis_acres":1.0,"auto_acres":20.08671905375888,"reported_acres":20.1,"percent_contained":null,"state":"WA","state_wfigs":"US-WA","county":"Douglas","discovery_time_utc":"2021-05-30T22:07:00Z","perimeter_time_utc":"2021-05-31T03:07:00Z","perimeter_edit_time_utc":"2023-03-14T15:13:42Z","incident_modified_time_utc":"2022-01-11T22:43:43Z","containment_time_utc":"2021-05-31T03:30:00Z","control_time_utc":"2021-06-01T00:41:00Z","fire_out_time_utc":"2021-06-01T00:41:00Z","fire_cause":"Human","fire_cause_general":"Debris and open burning","map_method":"Phone/Tablet","source_dataset":"FFP","unique_fire_identifier":"2021-WADGEN-000156","irwin_id":"{E4268684-D834-4C3A-8CCC-3A4C3703E1CE}","global_id":"2d981fd9-a7cc-4514-a98e-51cfc9b08ede"}},{"type":"Feature","geometry":{"type":"Polygon","coordinates":[[[-119.40207,48.94571],[-119.40223,48.94581],[-119.40196,48.94608],[-119.4015,48.94574],[-119.40207,48.94571]]]},"properties":{"fire_id":"ufid:2021-WANES-001536","source_collection":"history-2021","source_objectid":8699,"incident_name":"OROVILLE","mapped_acres":0.3489875298092768,"mapped_acres_source":"poly_Acres_AutoCalc_fallback","gis_acres":null,"auto_acres":0.3489875298092768,"reported_acres":0.5,"percent_contained":null,"state":"WA","state_wfigs":"US-WA","county":"Okanogan","discovery_time_utc":"2021-05-13T18:33:15Z","perimeter_time_utc":null,"perimeter_edit_time_utc":"2023-03-14T15:13:42Z","incident_modified_time_utc":"2022-01-05T19:51:49Z","containment_time_utc":"2021-05-13T20:05:00Z","control_time_utc":"2021-05-13T20:05:00Z","fire_out_time_utc":null,"fire_cause":"Human","fire_cause_general":"Debris and open burning","map_method":"Hand Sketch","source_dataset":"FFP","unique_fire_identifier":"2021-WANES-001536","irwin_id":"{8B9BD38C-5DAE-4536-9A69-9D0786353AC6}","global_id":"a99bfe98-7c47-4f99-9cf8-2d1b5c80d70c"}},{"type":"Feature","geometry":{"type":"Polygon","coordinates":[[[-118.76206,48.24655],[-118.76198,48.24674],[-118.76172,48.24673],[-118.76155,48.24781],[-118.76067,48.24785],[-118.76039,48.24928],[-118.76174,48.25054],[-118.76074,48.25198],[-118.76016,48.25241],[-118.76026,48.25258],[-118.76078,48.25244],[-118.76063,48.25277],[-118.76029,48.25324],[-118.75919,48.25397],[-118.75778,48.254],[-118.75771,48.25464],[-118.75745,48.25487],[-118.75711,48.2549],[-118.75709,48.25443],[-118.75726,48.2542],[-118.75705,48.25398],[-118.75685,48.25416],[-118.75479,48.25443],[-118.75436,48.25398],[-118.75451,48.25336],[-118.75346,48.25348],[-118.75344,48.25293],[-118.75222,48.25301],[-118.7523,48.2519],[-118.75172,48.25194],[-118.75138,48.25178],[-118.75078,48.25198],[-118.74996,48.25173],[-118.74973,48.25064],[-118.74943,48.24991],[-118.74979,48.24991],[-118.74966,48.24938],[-118.75035,48.24901],[-118.74992,48.24848],[-118.75067,48.24814],[-118.7505,48.24764],[-118.75226,48.24473],[-118.7529,48.2431],[-118.75417,48.24281],[-118.75666,48.24265],[-118.75693,48.24226],[-118.75771,48.24213],[-118.75842,48.24234],[-118.75901,48.24267],[-118.75904,48.24315],[-118.75937,48.2438],[-118.75845,48.24421],[-118.75742,48.24448],[-118.75691,48.24445],[-118.75675,48.24462],[-118.75673,48.24488],[-118.75722,48.24518],[-118.75726,48.24546],[-118.75886,48.2455],[-118.75899,48.24564],[-118.7602,48.24585],[-118.76021,48.24601],[-118.76143,48.24619],[-118.76206,48.24655]]]},"properties":{"fire_id":"ufid:2021-WACOA-200090","source_collection":"history-2021","source_objectid":8701,"incident_name":"Central Peak","mapped_acres":205.6725583003678,"mapped_acres_source":"poly_Acres_AutoCalc_fallback","gis_acres":null,"auto_acres":205.6725583003678,"reported_acres":30.0,"percent_contained":null,"state":"WA","state_wfigs":"US-WA","county":"Ferry","discovery_time_utc":"2021-07-14T16:51:00Z","perimeter_time_utc":null,"perimeter_edit_time_utc":"2023-03-14T15:13:42Z","incident_modified_time_utc":"2022-02-03T21:01:21Z","containment_time_utc":"2021-09-04T19:02:00Z","control_time_utc":"2021-09-04T19:02:00Z","fire_out_time_utc":"2021-09-04T19:02:00Z","fire_cause":"Natural","fire_cause_general":"Natural","map_method":"Hand Sketch","source_dataset":"FFP","unique_fire_identifier":"2021-WACOA-200090","irwin_id":"{B7FDE44C-862E-4845-A837-60439DD13162}","global_id":"d8f9afbe-8a2d-43d1-8b59-cce429b784b1"}},{"type":"Feature","geometry":{"type":"Polygon","coordinates":[[[-118.91194,48.2455],[-118.91186,48.24503],[-118.91124,48.24421],[-118.91063,48.24401],[-118.90969,48.24333],[-118.90901,48.24323],[-118.90821,48.2433],[-118.90912,48.24204],[-118.90936,48.24067],[-118.90914,48.2402],[-118.90965,48.23989],[-118.91101,48.23967],[-118.91166,48.2398],[-118.91217,48.24011],[-118.91283,48.23998],[-118.91463,48.23862],[-118.91694,48.23763],[-118.9167,48.2381],[-118.91927,48.23873],[-118.91967,48.2391],[-118.91971,48.23955],[-118.91913,48.24091],[-118.91928,48.24183],[-118.91887,48.24321],[-118.91883,48.24414],[-118.91868,48.24461],[-118.91754,48.24578],[-118.91641,48.24635],[-118.91576,48.24619],[-118.91557,48.24572],[-118.91515,48.24536],[-118.91449,48.24518],[-118.91381,48.24529],[-118.91394,48.24573],[-118.91424,48.24615],[-118.91395,48.24656],[-118.91327,48.24661],[-118.91231,48.24595],[-118.91194,48.2455]]]},"properties":{"fire_id":"ufid:2021-WACOA-200112","source_collection":"history-2021","source_objectid":8729,"incident_name":"Johnson Lake","mapped_acres":127.7699,"mapped_acres_source":"poly_GISAcres","gis_acres":127.7699,"auto_acres":127.76940018458123,"reported_acres":184.5,"percent_contained":null,"state":"WA","state_wfigs":"US-WA","county":"Okanogan","discovery_time_utc":"2021-08-04T09:46:00Z","perimeter_time_utc":"2021-08-04T14:46:26Z","perimeter_edit_time_utc":"2023-03-14T15:13:42Z","incident_modified_time_utc":"2021-12-15T20:11:56Z","containment_time_utc":"2021-08-10T02:45:00Z","control_time_utc":"2021-08-17T23:29:00Z","fire_out_time_utc":"2021-08-31T18:58:00Z","fire_cause":"Natural","fire_cause_general":"Natural","map_method":"Infrared Image","source_dataset":"FFP","unique_fire_identifier":"2021-WACOA-200112","irwin_id":"{945A8589-503E-4926-932E-A6C674B1B30F}","global_id":"7dd6693d-c32d-4845-859d-955ed9d00330"}},{"type":"Feature","geometry":{"type":"Polygon","coordinates":[[[-117.51214,48.97035],[-117.51192,48.97061],[-117.51171,48.97035],[-117.51214,48.97035]]]},"properties":{"fire_id":"ufid:2021-WANES-002601","source_collection":"history-2021","source_objectid":8738,"incident_name":"FRISCO DUMP","mapped_acres":0.1,"mapped_acres_source":"poly_GISAcres","gis_acres":0.1,"auto_acres":0.11338661966144237,"reported_acres":0.1,"percent_contained":null,"state":"WA","state_wfigs":"US-WA","county":"Stevens","discovery_time_utc":"2021-09-12T19:27:03Z","perimeter_time_utc":"2021-09-13T00:27:03Z","perimeter_edit_time_utc":"2023-03-14T15:13:42Z","incident_modified_time_utc":"2021-12-28T23:40:23Z","containment_time_utc":"2021-09-12T20:00:00Z","control_time_utc":"2021-09-12T20:30:00Z","fire_out_time_utc":"2021-09-23T17:40:00Z","fire_cause":"Human","fire_cause_general":"Other causes","map_method":"Hand Sketch","source_dataset":"FFP","unique_fire_identifier":"2021-WANES-002601","irwin_id":"{4B9CBFD3-E91D-4D34-BC33-B7697A27C2FF}","global_id":"6a0614fa-d249-48c6-9bab-6e658f1a921e"}},{"type":"Feature","geometry":{"type":"Polygon","coordinates":[[[-118.67552,48.71607],[-118.6754,48.71588],[-118.67565,48.71583],[-118.67577,48.71598],[-118.67552,48.71607]]]},"properties":{"fire_id":"ufid:2021-WANES-002390","source_collection":"history-2021","source_objectid":9033,"incident_name":"CURLEW LAKE","mapped_acres":1.0,"mapped_acres_source":"poly_GISAcres","gis_acres":1.0,"auto_acres":0.1194494256727181,"reported_acres":0.1,"percent_contained":null,"state":"WA","state_wfigs":"US-WA","county":"Ferry","discovery_time_utc":"2021-08-08T21:00:23Z","perimeter_time_utc":"2021-08-09T02:00:23Z","perimeter_edit_time_utc":"2023-03-14T15:13:42Z","incident_modified_time_utc":"2021-12-23T19:22:39Z","containment_time_utc":"2021-08-08T21:35:00Z","control_time_utc":"2021-08-08T21:54:00Z","fire_out_time_utc":"2021-08-11T23:46:00Z","fire_cause":"Human","fire_cause_general":"Debris and open burning","map_method":"Hand Sketch","source_dataset":"FFP","unique_fire_identifier":"2021-WANES-002390","irwin_id":"{D72225F1-ADC5-455D-BC82-F2C543C52749}","global_id":"db210e38-d947-4b1f-9993-c80030943835"}},{"type":"Feature","geometry":{"type":"Polygon","coordinates":[[[-119.30885,47.35096],[-119.30877,47.35109],[-119.30889,47.35151],[-119.30874,47.35187],[-119.30864,47.35114],[-119.30816,47.34999],[-119.30831,47.35003],[-119.30885,47.35096]]]},"properties":{"fire_id":"ufid:2021-WASPD-002177","source_collection":"history-2021","source_objectid":9160,"incident_name":"CANAL BANK","mapped_acres":0.1,"mapped_acres_source":"poly_GISAcres","gis_acres":0.1,"auto_acres":0.6888689141983526,"reported_acres":0.7,"percent_contained":null,"state":"WA","state_wfigs":"US-WA","county":"Grant","discovery_time_utc":"2021-07-26T20:15:00Z","perimeter_time_utc":"2021-07-27T01:15:32Z","perimeter_edit_time_utc":"2023-03-14T15:13:42Z","incident_modified_time_utc":"2022-01-11T19:51:03Z","containment_time_utc":"2021-07-26T23:25:00Z","control_time_utc":null,"fire_out_time_utc":"2021-08-10T19:00:00Z","fire_cause":"Human","fire_cause_general":"Other causes","map_method":"Phone/Tablet","source_dataset":"FFP","unique_fire_identifier":"2021-WASPD-002177","irwin_id":"{1119EEE1-750A-41EA-99CB-3CFED7D7A2F6}","global_id":"a9031900-3886-4966-b853-9a8c2b375529"}},{"type":"Feature","geometry":{"type":"Polygon","coordinates":[[[-117.34074,48.87391],[-117.34051,48.87417],[-117.34029,48.87391],[-117.34074,48.87391]]]},"properties":{"fire_id":"ufid:2021-WANES-002484","source_collection":"history-2021","source_objectid":9205,"incident_name":"LIME FIELDS","mapped_acres":0.1,"mapped_acres_source":"poly_GISAcres","gis_acres":0.1,"auto_acres":0.1192535233785347,"reported_acres":0.1,"percent_contained":null,"state":"WA","state_wfigs":"US-WA","county":"Pend Oreille","discovery_time_utc":"2021-07-16T18:00:00Z","perimeter_time_utc":"2021-07-16T23:00:00Z","perimeter_edit_time_utc":"2023-03-14T15:13:42Z","incident_modified_time_utc":"2021-12-28T23:37:20Z","containment_time_utc":"2021-07-16T19:00:00Z","control_time_utc":"2021-07-16T19:00:00Z","fire_out_time_utc":"2021-08-18T19:00:00Z","fire_cause":"Human","fire_cause_general":"Other causes","map_method":"Hand Sketch","source_dataset":"FFP","unique_fire_identifier":"2021-WANES-002484","irwin_id":"{47443ACC-2B72-443E-8793-969368F5B082}","global_id":"f8a21629-c165-4aea-9c92-0954e67a1991"}},{"type":"Feature","geometry":{"type":"Polygon","coordinates":[[[-119.01121,46.47673],[-119.01115,46.4775],[-119.01089,46.47759],[-119.011,46.47678],[-119.01121,46.47673]]]},"properties":{"fire_id":"ufid:2021-WAMCR-000256","source_collection":"history-2021","source_objectid":9208,"incident_name":"ELTOPIA","mapped_acres":1.0,"mapped_acres_source":"poly_GISAcres","gis_acres":1.0,"auto_acres":0.4076609697002468,"reported_acres":1.0,"percent_contained":null,"state":"WA","state_wfigs":"US-WA","county":"Franklin","discovery_time_utc":"2021-06-26T22:43:00Z","perimeter_time_utc":"2021-06-27T03:43:35Z","perimeter_edit_time_utc":"2023-03-14T15:13:42Z","incident_modified_time_utc":"2022-01-11T22:37:43Z","containment_time_utc":"2021-06-26T23:00:00Z","control_time_utc":"2021-06-26T23:00:00Z","fire_out_time_utc":"2021-06-26T23:00:00Z","fire_cause":"Human","fire_cause_general":"Equipment and vehicle use","map_method":"Auto-generated","source_dataset":"FFP","unique_fire_identifier":"2021-WAMCR-000256","irwin_id":"{A853610E-C5E7-4433-BB86-096A0488582B}","global_id":"f28859af-08b1-43a7-861f-25ca2f146aef"}},{"type":"Feature","geometry":{"type":"Polygon","coordinates":[[[-118.01516,48.38408],[-118.01466,48.38388],[-118.01413,48.38394],[-118.0142,48.38387],[-118.01406,48.38381],[-118.01444,48.38317],[-118.01507,48.38269],[-118.01515,48.3825],[-118.0152,48.38152],[-118.01536,48.38111],[-118.01497,48.38097],[-118.01531,48.38052],[-118.01531,48.37984],[-118.01641,48.37987],[-118.01716,48.38034],[-118.01696,48.38067],[-118.0174,48.38125],[-118.01739,48.38141],[-118.01686,48.38178],[-118.0168,48.38286],[-118.017,48.38313],[-118.01762,48.38333],[-118.01792,48.38357],[-118.01812,48.38383],[-118.01807,48.38407],[-118.01696,48.38428],[-118.01516,48.38408]]]},"properties":{"fire_id":"ufid:2021-WANES-001295","source_collection":"history-2021","source_objectid":9227,"incident_name":"NAFF FIELD","mapped_acres":1.0,"mapped_acres_source":"poly_GISAcres","gis_acres":1.0,"auto_acres":19.457076903029105,"reported_acres":20.0,"percent_contained":null,"state":"WA","state_wfigs":"US-WA","county":"Stevens","discovery_time_utc":"2021-04-14T21:06:00Z","perimeter_time_utc":"2021-04-15T02:06:00Z","perimeter_edit_time_utc":"2023-03-14T15:13:42Z","incident_modified_time_utc":"2021-12-16T22:26:50Z","containment_time_utc":"2021-04-15T01:30:00Z","control_time_utc":"2021-04-15T21:00:00Z","fire_out_time_utc":"2021-04-19T21:15:00Z","fire_cause":"Human","fire_cause_general":"Debris and open burning","map_method":"Hand Sketch","source_dataset":"FFP","unique_fire_identifier":"2021-WANES-001295","irwin_id":"{810BBE9B-71FD-40C2-B981-AB1CCCF0E523}","global_id":"cc9d29a2-eab0-4251-9792-45a3bd5eb437"}},{"type":"Feature","geometry":{"type":"Polygon","coordinates":[[[-119.20046,48.91624],[-119.20066,48.9166],[-119.2006,48.9167],[-119.19974,48.91713],[-119.1997,48.91741],[-119.19951,48.91755],[-119.19689,48.9182],[-119.19662,48.91807],[-119.19604,48.91845],[-119.19559,48.91851],[-119.19547,48.91828],[-119.19595,48.91807],[-119.19629,48.91773],[-119.19618,48.91762],[-119.19633,48.91741],[-119.19627,48.91724],[-119.19643,48.91711],[-119.19714,48.91669],[-119.19779,48.9165],[-119.19778,48.91615],[-119.19796,48.916],[-119.19874,48.9159],[-119.1999,48.91632],[-119.20023,48.91632],[-119.20025,48.91618],[-119.20046,48.91624]]]},"properties":{"fire_id":"ufid:2021-WANES-001242","source_collection":"history-2021","source_objectid":9326,"incident_name":"DAVIES","mapped_acres":15.0,"mapped_acres_source":"poly_GISAcres","gis_acres":15.0,"auto_acres":12.392093374883377,"reported_acres":13.0,"percent_contained":null,"state":"WA","state_wfigs":"US-WA","county":"Okanogan","discovery_time_utc":"2021-04-05T18:47:48Z","perimeter_time_utc":"2021-04-05T23:47:48Z","perimeter_edit_time_utc":"2023-03-14T15:13:42Z","incident_modified_time_utc":"2021-12-03T18:08:34Z","containment_time_utc":"2021-04-05T20:00:00Z","control_time_utc":"2021-04-05T22:30:00Z","fire_out_time_utc":"2021-04-08T16:16:00Z","fire_cause":"Human","fire_cause_general":"Debris and open burning","map_method":"GPS-Walked","source_dataset":"FFP","unique_fire_identifier":"2021-WANES-001242","irwin_id":"{0FC22487-B904-4A0E-9A08-0961DB336F6B}","global_id":"40a07d1c-c002-40a9-8f77-b34a1df49bc3"}},{"type":"Feature","geometry":{"type":"Polygon","coordinates":[[[-118.25033,48.08721],[-118.25147,48.08109],[-118.25252,48.07976],[-118.2532,48.07861],[-118.25351,48.07747],[-118.25347,48.0766],[-118.25407,48.07558],[-118.25596,48.07347],[-118.25736,48.07256],[-118.25816,48.07252],[-118.25844,48.07273],[-118.25876,48.07371],[-118.25917,48.07409],[-118.25932,48.07443],[-118.25938,48.07499],[-118.25926,48.07576],[-118.25868,48.07645],[-118.25827,48.07804],[-118.25769,48.07855],[-118.25753,48.07893],[-118.25685,48.07917],[-118.25639,48.08094],[-118.25604,48.08154],[-118.25598,48.08221],[-118.25526,48.0832],[-118.25523,48.08421],[-118.25504,48.08448],[-118.25501,48.0848],[-118.25452,48.08512],[-118.25468,48.08575],[-118.25419,48.08614],[-118.25293,48.08615],[-118.25272,48.08657],[-118.2527,48.08728],[-118.25254,48.08741],[-118.25033,48.08721]]]},"properties":{"fire_id":"ufid:2021-WANES-200055","source_collection":"history-2021","source_objectid":9329,"incident_name":"Rogers Bar","mapped_acres":0.1,"mapped_acres_source":"poly_GISAcres","gis_acres":0.1,"auto_acres":125.36240102587783,"reported_acres":125.0,"percent_contained":null,"state":"WA","state_wfigs":"US-WA","county":"Ferry","discovery_time_utc":"2021-04-22T07:46:00Z","perimeter_time_utc":"2021-04-22T12:46:00Z","perimeter_edit_time_utc":"2023-03-14T15:13:42Z","incident_modified_time_utc":"2021-10-25T20:43:45Z","containment_time_utc":"2021-04-23T18:49:00Z","control_time_utc":"2021-04-24T23:00:00Z","fire_out_time_utc":"2021-06-09T21:50:00Z","fire_cause":"Human","fire_cause_general":"Debris and open burning","map_method":"Hand Sketch","source_dataset":"FFP","unique_fire_identifier":"2021-WANES-200055","irwin_id":"{480BD87B-4B03-4E5A-8244-34D824B4E71B}","global_id":"e8479298-ce36-4414-af0e-f9c81bad611a"}},{"type":"Feature","geometry":{"type":"Polygon","coordinates":[[[-118.68137,48.58258],[-118.68076,48.58257],[-118.68126,48.58233],[-118.68121,48.58254],[-118.68137,48.58258]]]},"properties":{"fire_id":"ufid:2021-WACOF-001741","source_collection":"history-2021","source_objectid":9419,"incident_name":"Gibraltar Trail","mapped_acres":0.13,"mapped_acres_source":"poly_GISAcres","gis_acres":0.13,"auto_acres":0.12730481323771553,"reported_acres":0.3,"percent_contained":null,"state":"WA","state_wfigs":"US-WA","county":"Ferry","discovery_time_utc":"2021-06-17T20:10:13Z","perimeter_time_utc":"2021-06-18T08:00:00Z","perimeter_edit_time_utc":"2023-03-14T15:13:42Z","incident_modified_time_utc":"2021-10-19T21:29:11Z","containment_time_utc":"2021-06-18T00:30:00Z","control_time_utc":"2021-06-20T22:30:00Z","fire_out_time_utc":"2021-06-20T22:36:00Z","fire_cause":"Natural","fire_cause_general":"Natural","map_method":"GPS-Walked","source_dataset":"FFP","unique_fire_identifier":"2021-WACOF-001741","irwin_id":"{B84A4121-BDD2-41BA-8692-5805C1989ED3}","global_id":"97036a7e-380c-441a-8a38-0be5d941af12"}},{"type":"Feature","geometry":{"type":"Polygon","coordinates":[[[-119.13528,48.15333],[-119.15149,48.15317],[-119.1517,48.15236],[-119.15309,48.15181],[-119.15407,48.15178],[-119.15585,48.15261],[-119.15654,48.15257],[-119.15772,48.15188],[-119.1603,48.15118],[-119.16157,48.15119],[-119.16372,48.15069],[-119.16502,48.14983],[-119.16587,48.14947],[-119.17141,48.14861],[-119.17288,48.14802],[-119.174,48.14722],[-119.17585,48.14546],[-119.17663,48.14495],[-119.17866,48.14442],[-119.17889,48.14518],[-119.18338,48.15328],[-119.17939,48.16168],[-119.17945,48.16204],[-119.18004,48.16277],[-119.18137,48.16324],[-119.18157,48.16416],[-119.18238,48.16483],[-119.18251,48.16555],[-119.18369,48.1677],[-119.18469,48.16879],[-119.18485,48.1701],[-119.1856,48.17139],[-119.18733,48.17286],[-119.18972,48.17344],[-119.19035,48.17387],[-119.19058,48.1745],[-119.18943,48.1755],[-119.1895,48.17642],[-119.18992,48.17731],[-119.18941,48.17829],[-119.18756,48.17952],[-119.18813,48.18022],[-119.18831,48.18091],[-119.18716,48.18184],[-119.18592,48.18338],[-119.18628,48.18364],[-119.18854,48.18353],[-119.18966,48.18381],[-119.19088,48.18435],[-119.19145,48.18485],[-119.19182,48.18593],[-119.19116,48.18658],[-119.19095,48.18733],[-119.19188,48.18948],[-119.19274,48.19044],[-119.19301,48.19113],[-119.19274,48.19244],[-119.19158,48.19364],[-119.18949,48.1947],[-119.18789,48.196],[-119.1865,48.19634],[-119.18484,48.19619],[-119.18313,48.19578],[-119.17938,48.19456],[-119.17436,48.19338],[-119.17227,48.19267],[-119.17155,48.19184],[-119.17103,48.19095],[-119.17095,48.1902],[-119.16817,48.18957],[-119.16636,48.18932],[-119.16484,48.1895],[-119.16293,48.18912],[-119.16236,48.18856],[-119.16085,48.18785],[-119.159,48.18734],[-119.15733,48.18551],[-119.15581,48.18536],[-119.15465,48.18483],[-119.15338,48.18448],[-119.14932,48.18424],[-119.14741,48.18382],[-119.14381,48.18263],[-119.14195,48.18065],[-119.14018,48.17974],[-119.13897,48.17859],[-119.13768,48.17801],[-119.13516,48.17533],[-119.13316,48.17489],[-119.13245,48.17486],[-119.13089,48.17346],[-119.13052,48.17289],[-119.12963,48.17267],[-119.12838,48.17266],[-119.12743,48.17221],[-119.12637,48.17215],[-119.12477,48.17179],[-119.12273,48.17179],[-119.12048,48.17135],[-119.11713,48.16964],[-119.11467,48.1693],[-119.11217,48.16835],[-119.10935,48.16699],[-119.10777,48.16596],[-119.10747,48.16617],[-119.10447,48.16502],[-119.10364,48.16451],[-119.10404,48.16425],[-119.10363,48.16383],[-119.1026,48.16184],[-119.10243,48.16064],[-119.10174,48.15815],[-119.10218,48.15652],[-119.10161,48.15205],[-119.10657,48.151],[-119.12086,48.15142],[-119.1242,48.15297],[-119.12383,48.15476],[-119.12529,48.1549],[-119.12894,48.15587],[-119.13528,48.15333]]]},"properties":{"fire_id":"ufid:2021-WACOA-200105","source_collection":"history-2021","source_objectid":9451,"incident_name":"Hamilton","mapped_acres":5038.0,"mapped_acres_source":"poly_GISAcres","gis_acres":5038.0,"auto_acres":5035.45054083951,"reported_acres":950.0,"percent_contained":null,"state":"WA","state_wfigs":"US-WA","county":"Okanogan","discovery_time_utc":"2021-08-04T03:09:00Z","perimeter_time_utc":"2021-08-06T17:00:00Z","perimeter_edit_time_utc":"2023-03-14T15:13:42Z","incident_modified_time_utc":"2022-03-02T15:12:33Z","containment_time_utc":"2021-10-07T00:11:00Z","control_time_utc":"2021-11-01T17:48:00Z","fire_out_time_utc":"2021-11-17T23:36:00Z","fire_cause":"Natural","fire_cause_general":"Natural","map_method":"Hand Sketch","source_dataset":"FFP","unique_fire_identifier":"2021-WACOA-200105","irwin_id":"{B23E3241-5012-461A-86C3-1BB976612937}","global_id":"78e14b3b-b465-4853-94ca-a13bedfe16e0"}},{"type":"Feature","geometry":{"type":"Polygon","coordinates":[[[-117.34008,48.87437],[-117.34042,48.87463],[-117.34037,48.87484],[-117.34014,48.8749],[-117.33996,48.87513],[-117.33964,48.87509],[-117.33946,48.87534],[-117.33912,48.8754],[-117.33888,48.87503],[-117.33908,48.87474],[-117.33938,48.87453],[-117.34008,48.87437]]]},"properties":{"fire_id":"ufid:2021-WANES-002071","source_collection":"history-2021","source_objectid":9570,"incident_name":"Incident #2071 - Grandview Point","mapped_acres":1.8,"mapped_acres_source":"poly_GISAcres","gis_acres":1.8,"auto_acres":1.7931342984824017,"reported_acres":1.8,"percent_contained":null,"state":"WA","state_wfigs":"US-WA","county":"Pend Oreille","discovery_time_utc":"2021-07-15T21:10:00Z","perimeter_time_utc":"2021-07-17T15:11:15Z","perimeter_edit_time_utc":"2023-03-14T15:13:42Z","incident_modified_time_utc":"2021-12-28T23:14:55Z","containment_time_utc":"2021-07-16T00:59:00Z","control_time_utc":"2021-07-17T03:15:00Z","fire_out_time_utc":"2021-07-27T20:46:00Z","fire_cause":"Human","fire_cause_general":"Other causes","map_method":"Mixed Methods","source_dataset":"FFP","unique_fire_identifier":"2021-WANES-002071","irwin_id":"{D88D38E7-992E-4F40-8F68-CB227601E46A}","global_id":"b75f5586-ee12-4c79-b034-8d5fd8028646"}},{"type":"Feature","geometry":{"type":"Polygon","coordinates":[[[-117.85233,48.56013],[-117.85,48.56011],[-117.8499,48.56001],[-117.85001,48.55969],[-117.8503,48.56007],[-117.85081,48.56002],[-117.85078,48.55985],[-117.85103,48.55947],[-117.8514,48.55916],[-117.85141,48.55895],[-117.85112,48.55872],[-117.85097,48.55875],[-117.85092,48.55858],[-117.85058,48.55839],[-117.8503,48.55767],[-117.8501,48.55749],[-117.84956,48.55757],[-117.84981,48.55796],[-117.85014,48.55806],[-117.8502,48.55835],[-117.85002,48.55847],[-117.84911,48.55826],[-117.84867,48.55772],[-117.84845,48.55762],[-117.84811,48.55688],[-117.84839,48.55691],[-117.84844,48.55672],[-117.84811,48.55632],[-117.848,48.55588],[-117.84821,48.55571],[-117.84809,48.55549],[-117.84841,48.55532],[-117.84855,48.55478],[-117.8498,48.55483],[-117.84968,48.55528],[-117.85033,48.5556],[-117.85075,48.5561],[-117.85078,48.55645],[-117.8506,48.55682],[-117.85124,48.557],[-117.85166,48.55745],[-117.8521,48.55856],[-117.85211,48.55906],[-117.85175,48.5596],[-117.85233,48.55961],[-117.85242,48.55995],[-117.85233,48.56013]]]},"properties":{"fire_id":"ufid:2021-WANES-001063","source_collection":"history-2021","source_objectid":9757,"incident_name":"RIDGETOP WAY","mapped_acres":21.42581225765475,"mapped_acres_source":"poly_Acres_AutoCalc_fallback","gis_acres":null,"auto_acres":21.42581225765475,"reported_acres":21.5,"percent_contained":null,"state":"WA","state_wfigs":"US-WA","county":"Stevens","discovery_time_utc":"2021-02-24T22:32:09Z","perimeter_time_utc":"2021-06-10T23:56:22Z","perimeter_edit_time_utc":"2023-03-14T15:13:42Z","incident_modified_time_utc":"2021-05-10T17:00:56Z","containment_time_utc":"2021-02-25T00:00:00Z","control_time_utc":"2021-02-25T00:00:00Z","fire_out_time_utc":"2021-03-05T16:00:00Z","fire_cause":"Human","fire_cause_general":"Debris and open burning","map_method":"Hand Sketch","source_dataset":"FFP","unique_fire_identifier":"2021-WANES-001063","irwin_id":"{9F6D7054-BBB5-469E-B4C0-76141A58782A}","global_id":"1b710e35-795e-4aae-9428-14ebe540a0f3"}},{"type":"Feature","geometry":{"type":"Polygon","coordinates":[[[-119.70443,48.31785],[-119.70347,48.31779],[-119.70304,48.31764],[-119.70324,48.31752],[-119.70237,48.31751],[-119.70222,48.31733],[-119.70279,48.31738],[-119.70284,48.31715],[-119.70316,48.31722],[-119.70354,48.31706],[-119.7036,48.31679],[-119.70383,48.31667],[-119.70398,48.31669],[-119.70376,48.31696],[-119.70391,48.31691],[-119.70384,48.31705],[-119.70398,48.31711],[-119.70447,48.3168],[-119.70468,48.31688],[-119.70449,48.31696],[-119.70448,48.31709],[-119.70479,48.31701],[-119.7048,48.31717],[-119.70561,48.31739],[-119.70611,48.31729],[-119.70596,48.31707],[-119.70645,48.31724],[-119.70633,48.31746],[-119.70655,48.31773],[-119.70708,48.31762],[-119.70728,48.31783],[-119.70761,48.3177],[-119.70767,48.31753],[-119.70754,48.31745],[-119.70771,48.31733],[-119.70787,48.3174],[-119.70796,48.31729],[-119.70814,48.31747],[-119.70879,48.31733],[-119.70873,48.31751],[-119.7089,48.31748],[-119.70907,48.31724],[-119.7094,48.3173],[-119.70909,48.31742],[-119.7091,48.31805],[-119.7088,48.3183],[-119.70845,48.31838],[-119.70748,48.31823],[-119.70692,48.31846],[-119.70692,48.31866],[-119.70671,48.31883],[-119.70649,48.3187],[-119.7062,48.3188],[-119.70568,48.31873],[-119.70564,48.31885],[-119.70493,48.31909],[-119.70498,48.31895],[-119.70446,48.31897],[-119.70417,48.31882],[-119.70441,48.31866],[-119.70432,48.31861],[-119.70447,48.31842],[-119.70467,48.3185],[-119.70479,48.31835],[-119.70479,48.31815],[-119.70443,48.31785]]]},"properties":{"fire_id":"ufid:2021-WANES-002256","source_collection":"history-2021","source_objectid":9776,"incident_name":"FOX","mapped_acres":0.1,"mapped_acres_source":"poly_GISAcres","gis_acres":0.1,"auto_acres":13.835198983478762,"reported_acres":14.0,"percent_contained":null,"state":"WA","state_wfigs":"US-WA","county":"Okanogan","discovery_time_utc":"2021-08-04T06:41:21Z","perimeter_time_utc":"2021-08-04T11:41:21Z","perimeter_edit_time_utc":"2023-03-14T15:13:42Z","incident_modified_time_utc":"2021-10-22T15:38:23Z","containment_time_utc":"2021-08-04T23:19:00Z","control_time_utc":"2021-08-05T00:32:00Z","fire_out_time_utc":"2021-08-16T20:45:00Z","fire_cause":"Natural","fire_cause_general":"Natural","map_method":"Hand Sketch","source_dataset":"FFP","unique_fire_identifier":"2021-WANES-002256","irwin_id":"{084DA092-4BE4-4836-81E4-22FADB6AEF40}","global_id":"d716c7d8-4542-4df5-ba29-c9469efda3ce"}},{"type":"Feature","geometry":{"type":"Polygon","coordinates":[[[-119.52081,46.24531],[-119.51663,46.2451],[-119.51608,46.24485],[-119.5159,46.24447],[-119.5146,46.24422],[-119.5136,46.24321],[-119.51276,46.2432],[-119.5116,46.24367],[-119.51116,46.2437],[-119.51063,46.2436],[-119.51029,46.2433],[-119.50964,46.2431],[-119.5086,46.24343],[-119.50739,46.24359],[-119.50623,46.24312],[-119.50447,46.24325],[-119.50093,46.24297],[-119.50038,46.24258],[-119.50197,46.24201],[-119.50666,46.24084],[-119.51043,46.24052],[-119.51201,46.2407],[-119.51613,46.2422],[-119.51689,46.24259],[-119.51879,46.24414],[-119.51961,46.24459],[-119.52102,46.2446],[-119.52081,46.24531]]]},"properties":{"fire_id":"ufid:2021-WASPD-000368","source_collection":"history-2021","source_objectid":9977,"incident_name":"MCBEE GRADE","mapped_acres":50.0,"mapped_acres_source":"poly_GISAcres","gis_acres":50.0,"auto_acres":87.69165117851307,"reported_acres":87.0,"percent_contained":null,"state":"WA","state_wfigs":"US-WA","county":"Benton","discovery_time_utc":"2021-07-15T21:28:00Z","perimeter_time_utc":"2021-07-16T02:28:49Z","perimeter_edit_time_utc":"2023-03-14T15:13:42Z","incident_modified_time_utc":"2022-01-11T19:46:18Z","containment_time_utc":"2021-07-16T02:26:00Z","control_time_utc":"2021-08-04T16:23:00Z","fire_out_time_utc":"2021-08-09T21:30:00Z","fire_cause":"Human","fire_cause_general":"Other causes","map_method":"Hand Sketch","source_dataset":"FFP","unique_fire_identifier":"2021-WASPD-000368","irwin_id":"{07B2D496-A0BF-49AC-B505-F23BE5591693}","global_id":"27fb31d4-1f86-4dd7-8fe6-6da260cab3a8"}},{"type":"Feature","geometry":{"type":"MultiPolygon","coordinates":[[[[-118.89418,47.91422],[-118.8941,47.91438],[-118.89317,47.91448],[-118.89338,47.9147],[-118.89262,47.91524],[-118.89209,47.91527],[-118.89178,47.91501],[-118.89127,47.91515],[-118.89089,47.91546],[-118.89002,47.91476],[-118.88997,47.91438],[-118.88948,47.91382],[-118.88969,47.91381],[-118.88962,47.91369],[-118.88914,47.91344],[-118.8894,47.91344],[-118.88984,47.9131],[-118.89019,47.91302],[-118.89044,47.91327],[-118.89091,47.91327],[-118.89113,47.91337],[-118.89118,47.91356],[-118.89166,47.91373],[-118.89235,47.91386],[-118.89264,47.91377],[-118.89418,47.91422]]],[[[-118.89097,47.91542],[-118.89098,47.91541],[-118.89099,47.91542],[-118.89097,47.91542]]]]},"properties":{"fire_id":"ufid:2021-WANES-001802","source_collection":"history-2021","source_objectid":9985,"incident_name":"SPRING CANYON","mapped_acres":1.0,"mapped_acres_source":"poly_GISAcres","gis_acres":1.0,"auto_acres":12.033023369652781,"reported_acres":11.6,"percent_contained":null,"state":"WA","state_wfigs":"US-WA","county":"Lincoln","discovery_time_utc":"2021-06-25T23:30:00Z","perimeter_time_utc":"2021-06-26T04:30:00Z","perimeter_edit_time_utc":"2023-03-14T15:13:42Z","incident_modified_time_utc":"2021-12-16T23:59:23Z","containment_time_utc":"2021-06-26T18:00:00Z","control_time_utc":"2021-06-27T00:00:00Z","fire_out_time_utc":"2021-07-07T19:00:00Z","fire_cause":"Human","fire_cause_general":"Equipment and vehicle use","map_method":"Hand Sketch","source_dataset":"FFP","unique_fire_identifier":"2021-WANES-001802","irwin_id":"{5C615BCB-A92E-4A93-AAF8-D1DA3F9C2425}","global_id":"07126ffc-b1da-454a-9c93-5ce4128d5298"}},{"type":"Feature","geometry":{"type":"Polygon","coordinates":[[[-118.90237,46.08235],[-118.90387,46.08215],[-118.90405,46.0826],[-118.90399,46.08273],[-118.90409,46.08282],[-118.90391,46.08313],[-118.90403,46.08334],[-118.90385,46.08345],[-118.90379,46.08383],[-118.90393,46.08395],[-118.90268,46.0841],[-118.90225,46.08252],[-118.90237,46.08235]]]},"properties":{"fire_id":"ufid:2021-WAMCR-000306","source_collection":"history-2021","source_objectid":10168,"incident_name":"WALLULA","mapped_acres":3.0,"mapped_acres_source":"poly_GISAcres","gis_acres":3.0,"auto_acres":5.822167668298225,"reported_acres":5.82,"percent_contained":null,"state":"WA","state_wfigs":"US-WA","county":"Walla Walla","discovery_time_utc":"2021-07-05T07:01:00Z","perimeter_time_utc":"2021-07-05T12:01:25Z","perimeter_edit_time_utc":"2023-03-14T15:13:42Z","incident_modified_time_utc":"2022-01-11T20:21:12Z","containment_time_utc":"2021-07-05T08:00:00Z","control_time_utc":"2021-07-05T21:00:00Z","fire_out_time_utc":"2021-07-05T21:00:00Z","fire_cause":"Human","fire_cause_general":"Other causes","map_method":"Auto-generated","source_dataset":"FFP","unique_fire_identifier":"2021-WAMCR-000306","irwin_id":"{817A6E39-240B-4C89-9051-AB3EF57595DC}","global_id":"54e5ec84-e7dd-4747-ba9a-600eb5b6fb45"}},{"type":"Feature","geometry":{"type":"Polygon","coordinates":[[[-119.37003,48.82989],[-119.36941,48.82992],[-119.36939,48.82973],[-119.36981,48.82964],[-119.37001,48.82971],[-119.37003,48.82989]]]},"properties":{"fire_id":"ufid:2021-WANES-002580","source_collection":"history-2021","source_objectid":10188,"incident_name":"SWANSON MILL","mapped_acres":0.31213649700712515,"mapped_acres_source":"poly_Acres_AutoCalc_fallback","gis_acres":null,"auto_acres":0.31213649700712515,"reported_acres":0.1,"percent_contained":null,"state":"WA","state_wfigs":"US-WA","county":"Okanogan","discovery_time_utc":"2021-09-07T01:02:57Z","perimeter_time_utc":null,"perimeter_edit_time_utc":"2023-03-14T15:13:42Z","incident_modified_time_utc":"2022-01-04T21:22:15Z","containment_time_utc":"2021-09-07T01:45:00Z","control_time_utc":"2021-09-07T01:45:00Z","fire_out_time_utc":"2021-09-19T17:07:00Z","fire_cause":"Human","fire_cause_general":"Equipment and vehicle use","map_method":"Hand Sketch","source_dataset":"FFP","unique_fire_identifier":"2021-WANES-002580","irwin_id":"{B5855AEB-C40D-4B11-90F3-11C338A9B576}","global_id":"69d2abb5-6e6f-4489-af79-2c6e1ca9401a"}},{"type":"Feature","geometry":{"type":"Polygon","coordinates":[[[-118.88783,46.42928],[-118.88864,46.42933],[-118.88872,46.43025],[-118.88851,46.43059],[-118.88868,46.4309],[-118.88857,46.4309],[-118.88847,46.43134],[-118.88822,46.43153],[-118.88813,46.43066],[-118.88773,46.43046],[-118.88721,46.43062],[-118.88702,46.43054],[-118.88664,46.43015],[-118.88536,46.42949],[-118.88783,46.42928]]]},"properties":{"fire_id":"ufid:2021-WASPD-000310","source_collection":"history-2021","source_objectid":10361,"incident_name":"RYE GRASS COULEE","mapped_acres":1.0,"mapped_acres_source":"poly_GISAcres","gis_acres":1.0,"auto_acres":7.115520968297552,"reported_acres":3.0,"percent_contained":null,"state":"WA","state_wfigs":"US-WA","county":"Franklin","discovery_time_utc":"2021-07-06T06:13:00Z","perimeter_time_utc":"2021-07-06T11:13:27Z","perimeter_edit_time_utc":"2023-03-14T15:13:42Z","incident_modified_time_utc":"2022-01-11T19:42:16Z","containment_time_utc":"2021-07-07T01:17:00Z","control_time_utc":"2021-07-18T18:20:00Z","fire_out_time_utc":"2021-07-18T18:20:00Z","fire_cause":"Human","fire_cause_general":"Other causes","map_method":"Phone/Tablet","source_dataset":"FFP","unique_fire_identifier":"2021-WASPD-000310","irwin_id":"{9E4C1E7F-8D9C-454E-8631-130DDAE9F1B5}","global_id":"157e257b-a0e5-4a94-aa5a-cb1c460c3228"}},{"type":"Feature","geometry":{"type":"Polygon","coordinates":[[[-119.5442,48.65107],[-119.54591,48.65091],[-119.54649,48.65101],[-119.546,48.6513],[-119.54545,48.65132],[-119.54489,48.65165],[-119.54443,48.65167],[-119.54393,48.65143],[-119.5442,48.65107]]]},"properties":{"fire_id":"ufid:2021-WANES-001909","source_collection":"history-2021","source_objectid":10485,"incident_name":"NORTH PINE","mapped_acres":1.0,"mapped_acres_source":"poly_GISAcres","gis_acres":1.0,"auto_acres":2.0196869422796775,"reported_acres":0.72,"percent_contained":null,"state":"WA","state_wfigs":"US-WA","county":"Okanogan","discovery_time_utc":"2021-07-05T01:06:53Z","perimeter_time_utc":"2021-07-05T06:06:53Z","perimeter_edit_time_utc":"2023-03-14T15:13:42Z","incident_modified_time_utc":"2021-12-10T17:03:52Z","containment_time_utc":"2021-07-05T04:30:00Z","control_time_utc":"2021-07-05T04:30:00Z","fire_out_time_utc":"2021-07-11T17:05:00Z","fire_cause":"Human","fire_cause_general":"Other causes","map_method":"Hand Sketch","source_dataset":"FFP","unique_fire_identifier":"2021-WANES-001909","irwin_id":"{5CFC983C-DD25-4484-B165-D3DB4180383B}","global_id":"bc1c8503-259b-49ac-b3c5-275c5f96abe0"}},{"type":"Feature","geometry":{"type":"MultiPolygon","coordinates":[[[[-117.2722,48.6741],[-117.27105,48.67251],[-117.27101,48.67198],[-117.27136,48.67199],[-117.27198,48.67176],[-117.27243,48.67125],[-117.2734,48.67063],[-117.27379,48.67135],[-117.27401,48.67143],[-117.27418,48.67126],[-117.27419,48.67142],[-117.2743,48.67103],[-117.27508,48.67092],[-117.27572,48.67045],[-117.27586,48.67018],[-117.27605,48.67027],[-117.27668,48.66991],[-117.27688,48.67015],[-117.27706,48.67011],[-117.27706,48.67024],[-117.27745,48.67036],[-117.27742,48.67044],[-117.27796,48.6705],[-117.27829,48.67076],[-117.27894,48.67072],[-117.279,48.67111],[-117.27943,48.67092],[-117.27962,48.67117],[-117.27997,48.67097],[-117.28006,48.67071],[-117.28065,48.67074],[-117.28089,48.67103],[-117.2808,48.67122],[-117.28016,48.67134],[-117.28012,48.67151],[-117.28056,48.67257],[-117.28098,48.67299],[-117.28057,48.67296],[-117.27991,48.67343],[-117.27966,48.67346],[-117.2795,48.67371],[-117.27828,48.67324],[-117.27772,48.67323],[-117.27717,48.67349],[-117.27636,48.67339],[-117.27466,48.67407],[-117.27413,48.67465],[-117.27373,48.6747],[-117.27283,48.6745],[-117.2722,48.6741]]],[[[-117.27174,48.67159],[-117.27215,48.67142],[-117.2721,48.67157],[-117.27178,48.67171],[-117.27174,48.67159]]]]},"properties":{"fire_id":"ufid:2021-WACOF-002222","source_collection":"history-2021","source_objectid":10856,"incident_name":"Molybdenite","mapped_acres":54.734,"mapped_acres_source":"poly_GISAcres","gis_acres":54.734,"auto_acres":54.77788593975205,"reported_acres":55.0,"percent_contained":null,"state":"WA","state_wfigs":"US-WA","county":"Pend Oreille","discovery_time_utc":"2021-07-31T17:15:00Z","perimeter_time_utc":null,"perimeter_edit_time_utc":"2023-03-14T15:13:42Z","incident_modified_time_utc":"2021-11-03T16:58:34Z","containment_time_utc":"2021-08-07T15:00:00Z","control_time_utc":"2021-08-15T15:00:00Z","fire_out_time_utc":"2021-09-21T16:57:00Z","fire_cause":"Human","fire_cause_general":"Undetermined","map_method":"Mixed Methods","source_dataset":"FFP","unique_fire_identifier":"2021-WACOF-002222","irwin_id":"{FE81C5A7-2503-4CD2-868A-95EF147C41F5}","global_id":"4db99e8f-b4dd-4ee3-84ca-ac60300fc2af"}},{"type":"Feature","geometry":{"type":"Polygon","coordinates":[[[-119.11776,47.98917],[-119.11849,47.98895],[-119.1193,47.98916],[-119.12077,47.99032],[-119.12185,47.9907],[-119.12315,47.99081],[-119.13015,47.99057],[-119.13143,47.99072],[-119.13253,47.99107],[-119.1352,47.99279],[-119.13566,47.99351],[-119.13553,47.99428],[-119.13492,47.99494],[-119.13396,47.99538],[-119.1328,47.99559],[-119.12796,47.99547],[-119.12685,47.99559],[-119.1243,47.99618],[-119.12286,47.99634],[-119.12406,47.99615],[-119.12338,47.99607],[-119.1211,47.99482],[-119.12027,47.99454],[-119.1176,47.99425],[-119.1158,47.99389],[-119.11249,47.99258],[-119.11236,47.99229],[-119.11267,47.99205],[-119.11338,47.99201],[-119.11587,47.99225],[-119.11652,47.99197],[-119.11717,47.99083],[-119.11727,47.98964],[-119.11776,47.98917]]]},"properties":{"fire_id":"ufid:2021-WASPD-000465","source_collection":"history-2021","source_objectid":11086,"incident_name":"SMITH LAKE","mapped_acres":189.20214283221247,"mapped_acres_source":"poly_Acres_AutoCalc_fallback","gis_acres":null,"auto_acres":189.20214283221247,"reported_acres":192.0,"percent_contained":null,"state":"WA","state_wfigs":"US-WA","county":"Douglas","discovery_time_utc":"2021-08-05T00:03:00Z","perimeter_time_utc":"2021-08-05T06:00:00Z","perimeter_edit_time_utc":"2023-03-14T15:13:42Z","incident_modified_time_utc":"2022-01-11T19:53:51Z","containment_time_utc":"2021-08-23T23:30:00Z","control_time_utc":"2021-08-23T23:30:00Z","fire_out_time_utc":"2021-08-23T23:30:00Z","fire_cause":"Natural","fire_cause_general":"Natural","map_method":"Mixed Methods","source_dataset":"FFP","unique_fire_identifier":"2021-WASPD-000465","irwin_id":"{D05BCB6F-6954-42C5-8F9F-1814483A4BE1}","global_id":"b8374d92-da87-42b5-a707-9918fe80180f"}},{"type":"Feature","geometry":{"type":"Polygon","coordinates":[[[-119.38802,48.66309],[-119.38789,48.66325],[-119.38769,48.66321],[-119.38768,48.66309],[-119.38787,48.66301],[-119.38802,48.66309]]]},"properties":{"fire_id":"ufid:2021-WANES-002251","source_collection":"history-2021","source_objectid":11105,"incident_name":"FIVE MILE","mapped_acres":0.1,"mapped_acres_source":"poly_GISAcres","gis_acres":0.1,"auto_acres":0.10490632143554214,"reported_acres":0.1,"percent_contained":null,"state":"WA","state_wfigs":"US-WA","county":"Okanogan","discovery_time_utc":"2021-08-04T04:16:12Z","perimeter_time_utc":"2021-08-04T09:16:12Z","perimeter_edit_time_utc":"2023-03-14T15:13:42Z","incident_modified_time_utc":"2021-12-27T22:11:18Z","containment_time_utc":"2021-08-04T04:55:00Z","control_time_utc":"2021-08-04T05:30:00Z","fire_out_time_utc":"2021-08-08T01:10:00Z","fire_cause":"Natural","fire_cause_general":"Natural","map_method":"Auto-generated","source_dataset":"FFP","unique_fire_identifier":"2021-WANES-002251","irwin_id":"{426E8CD8-042A-4D99-B885-0C44C8649CF7}","global_id":"0a2d37cd-dca5-474c-a6d8-3b7687b37c8e"}},{"type":"Feature","geometry":{"type":"Polygon","coordinates":[[[-119.82979,48.16173],[-119.83002,48.1618],[-119.83015,48.16167],[-119.83066,48.16191],[-119.83066,48.16214],[-119.83047,48.16211],[-119.83061,48.16226],[-119.83038,48.16226],[-119.83028,48.16263],[-119.82994,48.1626],[-119.83015,48.16245],[-119.83021,48.16221],[-119.82979,48.16173]]]},"properties":{"fire_id":"ufid:2021-WANES-001301","source_collection":"history-2021","source_objectid":11115,"incident_name":"Indian Dan","mapped_acres":0.03,"mapped_acres_source":"poly_GISAcres","gis_acres":0.03,"auto_acres":0.7235253418001439,"reported_acres":0.72,"percent_contained":null,"state":"WA","state_wfigs":"US-WA","county":"Okanogan","discovery_time_utc":"2021-04-14T22:58:34Z","perimeter_time_utc":"2021-05-15T18:30:00Z","perimeter_edit_time_utc":"2023-03-14T15:13:42Z","incident_modified_time_utc":"2021-12-17T18:52:03Z","containment_time_utc":"2021-04-15T02:00:00Z","control_time_utc":"2021-04-15T03:00:00Z","fire_out_time_utc":"2021-04-28T19:03:00Z","fire_cause":"Human","fire_cause_general":"Debris and open burning","map_method":"Mixed Methods","source_dataset":"FFP","unique_fire_identifier":"2021-WANES-001301","irwin_id":"{70A8819B-0FB9-4B32-BF5B-8BA48E47E448}","global_id":"a0a4fc85-ae5a-44ef-b867-93df19da0bde"}},{"type":"Feature","geometry":{"type":"Polygon","coordinates":[[[-118.70582,48.1576],[-118.70463,48.15749],[-118.70417,48.15769],[-118.70407,48.1579],[-118.70356,48.15803],[-118.70126,48.15617],[-118.70149,48.15595],[-118.70122,48.15587],[-118.70102,48.15597],[-118.69892,48.1543],[-118.69772,48.15278],[-118.69791,48.15247],[-118.6978,48.15152],[-118.69796,48.15103],[-118.69854,48.15086],[-118.69847,48.15028],[-118.69894,48.15013],[-118.70097,48.15068],[-118.70249,48.15026],[-118.70367,48.15046],[-118.70386,48.15064],[-118.70445,48.15081],[-118.70499,48.15059],[-118.70519,48.15063],[-118.7052,48.15099],[-118.70648,48.15094],[-118.7068,48.15103],[-118.70683,48.15118],[-118.70956,48.15172],[-118.71271,48.15169],[-118.71581,48.15188],[-118.71749,48.15172],[-118.71806,48.15187],[-118.71911,48.15241],[-118.72063,48.15287],[-118.72229,48.15297],[-118.72378,48.15353],[-118.72553,48.1532],[-118.7269,48.15337],[-118.72791,48.15401],[-118.72848,48.15485],[-118.72957,48.1558],[-118.72917,48.15583],[-118.72908,48.15601],[-118.72945,48.15629],[-118.72672,48.15846],[-118.72353,48.15909],[-118.72286,48.15862],[-118.72068,48.15865],[-118.72042,48.15775],[-118.7201,48.15763],[-118.72003,48.15778],[-118.72014,48.15803],[-118.71989,48.15799],[-118.71964,48.15824],[-118.71929,48.15818],[-118.719,48.15842],[-118.71861,48.1583],[-118.7188,48.15868],[-118.71901,48.15862],[-118.71912,48.1588],[-118.71902,48.15898],[-118.71934,48.15896],[-118.71925,48.15907],[-118.71865,48.15916],[-118.71861,48.15926],[-118.71789,48.15921],[-118.71767,48.15927],[-118.71759,48.15949],[-118.71681,48.15935],[-118.7168,48.15954],[-118.71649,48.15946],[-118.71644,48.15964],[-118.71604,48.15921],[-118.71593,48.15923],[-118.71605,48.15911],[-118.71593,48.15895],[-118.71519,48.15895],[-118.71487,48.15908],[-118.7142,48.15898],[-118.71412,48.15909],[-118.71304,48.15858],[-118.71191,48.15852],[-118.71115,48.15825],[-118.71018,48.15811],[-118.71005,48.15789],[-118.70901,48.15739],[-118.70835,48.15685],[-118.70719,48.15681],[-118.70726,48.15692],[-118.70712,48.15706],[-118.70582,48.1576]]]},"properties":{"fire_id":"ufid:2021-WACOA-200116","source_collection":"history-2021","source_objectid":11189,"incident_name":"Upper Lime Creek","mapped_acres":376.49,"mapped_acres_source":"poly_GISAcres","gis_acres":376.49,"auto_acres":376.4858990681942,"reported_acres":376.0,"percent_contained":null,"state":"WA","state_wfigs":"US-WA","county":"Ferry","discovery_time_utc":"2021-08-04T18:13:00Z","perimeter_time_utc":"2021-08-05T00:05:00Z","perimeter_edit_time_utc":"2023-03-14T15:13:42Z","incident_modified_time_utc":"2022-02-08T16:14:22Z","containment_time_utc":"2021-08-22T16:05:00Z","control_time_utc":"2021-10-03T20:30:00Z","fire_out_time_utc":"2021-10-03T20:30:00Z","fire_cause":"Natural","fire_cause_general":"Natural","map_method":"Infrared Image","source_dataset":"FFP","unique_fire_identifier":"2021-WACOA-200116","irwin_id":"{650B92CD-5D27-41EB-89A4-A4B1C96DC40C}","global_id":"7a6a77ff-24d1-4039-bffd-4c6633e34da4"}},{"type":"Feature","geometry":{"type":"Polygon","coordinates":[[[-118.35788,48.67364],[-118.35918,48.6736],[-118.35963,48.67374],[-118.35913,48.67416],[-118.3584,48.67407],[-118.35833,48.67432],[-118.35885,48.67513],[-118.35869,48.67541],[-118.35744,48.67595],[-118.358,48.67685],[-118.35824,48.67699],[-118.35893,48.67678],[-118.35902,48.67723],[-118.35929,48.67766],[-118.35922,48.67812],[-118.35931,48.67852],[-118.35963,48.67892],[-118.36074,48.67963],[-118.36144,48.67965],[-118.36174,48.6792],[-118.36239,48.67939],[-118.36254,48.67989],[-118.3628,48.68005],[-118.36601,48.68044],[-118.36645,48.68074],[-118.36772,48.68101],[-118.36819,48.68135],[-118.36814,48.68277],[-118.36826,48.68323],[-118.36902,48.68511],[-118.36909,48.68559],[-118.36962,48.68646],[-118.37058,48.68931],[-118.37109,48.68996],[-118.37126,48.69049],[-118.37121,48.69098],[-118.37061,48.69124],[-118.36991,48.69122],[-118.37006,48.69106],[-118.36995,48.69102],[-118.36837,48.69106],[-118.36452,48.69225],[-118.36388,48.69258],[-118.36391,48.69305],[-118.36353,48.69346],[-118.36147,48.69493],[-118.36077,48.69509],[-118.35872,48.69471],[-118.35607,48.69443],[-118.35405,48.69466],[-118.35287,48.69437],[-118.35263,48.69415],[-118.35101,48.69409],[-118.35078,48.69386],[-118.35026,48.6938],[-118.35015,48.69349],[-118.35001,48.69344],[-118.35004,48.69331],[-118.34915,48.69277],[-118.34867,48.69229],[-118.34778,48.69042],[-118.34737,48.69],[-118.34679,48.68967],[-118.34552,48.68918],[-118.34378,48.6894],[-118.34399,48.68957],[-118.34389,48.6896],[-118.34368,48.68959],[-118.34359,48.68944],[-118.34289,48.68974],[-118.3423,48.68942],[-118.34185,48.68853],[-118.34214,48.68812],[-118.34306,48.68744],[-118.34277,48.687],[-118.3421,48.68679],[-118.34081,48.68728],[-118.33997,48.68745],[-118.33983,48.68742],[-118.34001,48.68722],[-118.33826,48.68631],[-118.33818,48.68588],[-118.33607,48.68597],[-118.33388,48.6855],[-118.33402,48.68569],[-118.33387,48.68581],[-118.33364,48.68558],[-118.33367,48.68543],[-118.33331,48.68523],[-118.33297,48.68537],[-118.333,48.68547],[-118.33244,48.68545],[-118.33249,48.68508],[-118.33274,48.68496],[-118.33265,48.68485],[-118.33275,48.68463],[-118.33322,48.68483],[-118.3334,48.68438],[-118.33324,48.68389],[-118.33309,48.68397],[-118.33287,48.68446],[-118.33276,48.68446],[-118.33282,48.68399],[-118.33299,48.68394],[-118.3328,48.68359],[-118.33301,48.68344],[-118.33248,48.68324],[-118.33252,48.68307],[-118.33279,48.68301],[-118.33273,48.68318],[-118.33301,48.68335],[-118.33295,48.68309],[-118.33318,48.68257],[-118.33305,48.6825],[-118.33371,48.68237],[-118.33377,48.68217],[-118.33345,48.68171],[-118.3335,48.68161],[-118.33322,48.68177],[-118.33306,48.68217],[-118.33294,48.68212],[-118.33301,48.68182],[-118.33448,48.68055],[-118.3345,48.67981],[-118.33438,48.67968],[-118.33445,48.67923],[-118.33381,48.67931],[-118.33333,48.67907],[-118.33374,48.6785],[-118.33404,48.67849],[-118.33406,48.67829],[-118.33475,48.67809],[-118.33471,48.67783],[-118.33525,48.67705],[-118.3344,48.6762],[-118.33452,48.67574],[-118.335,48.67538],[-118.3348,48.67479],[-118.33491,48.67431],[-118.33533,48.67393],[-118.33599,48.67389],[-118.33744,48.6733],[-118.33863,48.6744],[-118.33901,48.67457],[-118.33961,48.67431],[-118.33984,48.67388],[-118.34037,48.67339],[-118.33812,48.67231],[-118.33697,48.67157],[-118.33574,48.67039],[-118.33591,48.66988],[-118.33662,48.66926],[-118.33656,48.66905],[-118.3354,48.6684],[-118.33546,48.66819],[-118.33369,48.66635],[-118.33339,48.66584],[-118.33137,48.66567],[-118.32884,48.66488],[-118.32798,48.66436],[-118.32729,48.66272],[-118.32607,48.66206],[-118.32385,48.66013],[-118.32326,48.65954],[-118.32326,48.65913],[-118.32347,48.65892],[-118.32612,48.65807],[-118.32806,48.65772],[-118.32877,48.65797],[-118.33003,48.65888],[-118.33139,48.66087],[-118.33404,48.66092],[-118.3353,48.66148],[-118.33588,48.66183],[-118.33606,48.66233],[-118.33674,48.66303],[-118.33727,48.66404],[-118.33812,48.66476],[-118.33888,48.66526],[-118.33976,48.66609],[-118.34057,48.66632],[-118.34105,48.66711],[-118.34167,48.66707],[-118.34223,48.66731],[-118.34255,48.66774],[-118.3425,48.66829],[-118.34229,48.66873],[-118.34161,48.66874],[-118.34159,48.66919],[-118.34295,48.6695],[-118.34366,48.66947],[-118.34411,48.66911],[-118.3447,48.66937],[-118.34484,48.66982],[-118.34785,48.66976],[-118.35091,48.67038],[-118.35278,48.67097],[-118.35464,48.67128],[-118.35585,48.67198],[-118.35788,48.67364]]]},"properties":{"fire_id":"ufid:2021-WACOF-002338","source_collection":"history-2021","source_objectid":11323,"incident_name":"MACK MOUNTAIN","mapped_acres":1233.918,"mapped_acres_source":"poly_GISAcres","gis_acres":1233.918,"auto_acres":1432.7905041468598,"reported_acres":1433.0,"percent_contained":null,"state":"WA","state_wfigs":"US-WA","county":"Ferry","discovery_time_utc":"2021-08-05T14:36:15Z","perimeter_time_utc":"2022-08-30T07:23:07Z","perimeter_edit_time_utc":"2023-03-14T15:13:42Z","incident_modified_time_utc":"2021-12-17T16:35:42Z","containment_time_utc":"2021-11-17T18:00:00Z","control_time_utc":"2021-11-17T18:00:00Z","fire_out_time_utc":"2021-11-17T18:03:00Z","fire_cause":"Natural","fire_cause_general":"Natural","map_method":"Mixed Methods","source_dataset":"FFP","unique_fire_identifier":"2021-WACOF-002338","irwin_id":"{4673F502-C5F9-49C7-B222-2A4828C4E296}","global_id":"a56a9c66-af95-4c0e-b6c1-cdcdb1836bc8"}},{"type":"Feature","geometry":{"type":"Polygon","coordinates":[[[-119.81691,46.56607],[-119.81537,46.56365],[-119.81365,46.55892],[-119.81365,46.55627],[-119.81949,46.55408],[-119.82549,46.55674],[-119.82712,46.56394],[-119.82326,46.56648],[-119.81691,46.56607]]]},"properties":{"fire_id":"ufid:2021-WAMCR-000344","source_collection":"history-2021","source_objectid":11444,"incident_name":"ZIRKLE","mapped_acres":263.0782114783191,"mapped_acres_source":"poly_Acres_AutoCalc_fallback","gis_acres":null,"auto_acres":263.0782114783191,"reported_acres":23.0,"percent_contained":null,"state":"WA","state_wfigs":"US-WA","county":"Benton","discovery_time_utc":"2021-07-10T19:51:00Z","perimeter_time_utc":null,"perimeter_edit_time_utc":"2023-03-14T15:13:42Z","incident_modified_time_utc":"2022-01-11T22:33:43Z","containment_time_utc":"2021-07-10T21:40:00Z","control_time_utc":"2021-07-11T21:59:00Z","fire_out_time_utc":"2021-07-13T21:46:00Z","fire_cause":"Undetermined","fire_cause_general":"Undetermined","map_method":"Hand Sketch","source_dataset":"FFP","unique_fire_identifier":"2021-WAMCR-000344","irwin_id":"{B412529A-CFFA-4446-8B63-2057A75FDCD3}","global_id":"307a091a-cf0d-4dfd-aa7d-83283b7bfc18"}},{"type":"Feature","geometry":{"type":"MultiPolygon","coordinates":[[[[-117.62014,47.71911],[-117.62076,47.71958],[-117.62073,47.71998],[-117.62022,47.72013],[-117.62016,47.71993],[-117.61922,47.71995],[-117.61915,47.72023],[-117.61884,47.72024],[-117.61862,47.7206],[-117.61811,47.72087],[-117.61717,47.72086],[-117.61652,47.72111],[-117.61604,47.72104],[-117.61513,47.72116],[-117.61367,47.72161],[-117.61314,47.72195],[-117.61249,47.72203],[-117.61093,47.72261],[-117.61075,47.72248],[-117.61053,47.72168],[-117.61057,47.72135],[-117.61109,47.72136],[-117.61104,47.72089],[-117.61141,47.72074],[-117.61124,47.72036],[-117.61167,47.71969],[-117.61198,47.71965],[-117.61222,47.71979],[-117.61278,47.71972],[-117.61318,47.7195],[-117.61306,47.71922],[-117.61318,47.71898],[-117.61428,47.71866],[-117.61507,47.7186],[-117.61517,47.71835],[-117.61598,47.71825],[-117.61675,47.71777],[-117.61759,47.71787],[-117.61798,47.71818],[-117.61799,47.71841],[-117.61895,47.71849],[-117.6191,47.71865],[-117.61958,47.71876],[-117.61982,47.7191],[-117.62014,47.71911]]],[[[-117.61475,47.72136],[-117.61479,47.72135],[-117.61477,47.72136],[-117.61475,47.72136]]],[[[-117.61469,47.72136],[-117.61475,47.72136],[-117.61471,47.72138],[-117.61469,47.72136]]]]},"properties":{"fire_id":"ufid:2021-WANES-001656","source_collection":"history-2021","source_objectid":11527,"incident_name":"RAMBO","mapped_acres":1.0,"mapped_acres_source":"poly_GISAcres","gis_acres":1.0,"auto_acres":48.10449781154996,"reported_acres":51.0,"percent_contained":null,"state":"WA","state_wfigs":"US-WA","county":"Spokane","discovery_time_utc":"2021-06-05T22:59:47Z","perimeter_time_utc":"2021-06-06T03:59:47Z","perimeter_edit_time_utc":"2023-03-14T15:13:42Z","incident_modified_time_utc":"2021-12-16T16:53:41Z","containment_time_utc":"2021-06-06T03:31:00Z","control_time_utc":"2021-06-06T22:25:00Z","fire_out_time_utc":"2021-06-15T23:28:00Z","fire_cause":"Human","fire_cause_general":"Power generation / transmission / distribution","map_method":"Hand Sketch","source_dataset":"FFP","unique_fire_identifier":"2021-WANES-001656","irwin_id":"{B260879D-CF67-4B7E-8737-60D2615F82AE}","global_id":"dd97434b-7ae8-43c8-b8f9-3c9c156df78a"}},{"type":"Feature","geometry":{"type":"Polygon","coordinates":[[[-117.38505,48.57923],[-117.3849,48.57894],[-117.38519,48.57894],[-117.38505,48.57923]]]},"properties":{"fire_id":"ufid:2021-WACOF-002351","source_collection":"history-2021","source_objectid":11536,"incident_name":"Inc #2351","mapped_acres":0.1,"mapped_acres_source":"poly_GISAcres","gis_acres":0.1,"auto_acres":0.10138784393683145,"reported_acres":0.1,"percent_contained":null,"state":"WA","state_wfigs":"US-WA","county":"Pend Oreille","discovery_time_utc":"2021-08-06T16:52:30Z","perimeter_time_utc":null,"perimeter_edit_time_utc":"2023-03-14T15:13:42Z","incident_modified_time_utc":"2021-11-03T17:03:27Z","containment_time_utc":"2021-08-07T01:45:00Z","control_time_utc":"2021-08-07T22:25:00Z","fire_out_time_utc":"2021-08-09T22:00:00Z","fire_cause":"Natural","fire_cause_general":"Natural","map_method":"Mixed Methods","source_dataset":"FFP","unique_fire_identifier":"2021-WACOF-002351","irwin_id":"{601BBAF9-7B4E-4362-B548-15EB19E05DB7}","global_id":"a6c6cae9-3548-4027-8049-cffd3fd7d142"}},{"type":"Feature","geometry":{"type":"Polygon","coordinates":[[[-117.23411,48.17839],[-117.23444,48.17844],[-117.23445,48.17904],[-117.23433,48.17931],[-117.23412,48.17942],[-117.23359,48.17941],[-117.23252,48.17907],[-117.23222,48.17924],[-117.23201,48.17919],[-117.23191,48.17897],[-117.23206,48.17875],[-117.23213,48.17741],[-117.23325,48.1772],[-117.23382,48.17673],[-117.23345,48.17601],[-117.23529,48.17542],[-117.23548,48.17714],[-117.23543,48.17762],[-117.23451,48.17788],[-117.23403,48.17788],[-117.23392,48.17803],[-117.23409,48.17815],[-117.23411,48.17839]]]},"properties":{"fire_id":"ufid:2021-WANES-001344","source_collection":"history-2021","source_objectid":11611,"incident_name":"SOUTH DEETER","mapped_acres":1.0,"mapped_acres_source":"poly_GISAcres","gis_acres":1.0,"auto_acres":16.170375613889156,"reported_acres":16.1,"percent_contained":null,"state":"WA","state_wfigs":"US-WA","county":"Pend Oreille","discovery_time_utc":"2021-04-17T19:11:57Z","perimeter_time_utc":"2021-04-18T00:11:57Z","perimeter_edit_time_utc":"2023-03-14T15:13:42Z","incident_modified_time_utc":"2021-12-15T20:45:39Z","containment_time_utc":"2021-04-17T22:45:00Z","control_time_utc":"2021-04-18T01:00:00Z","fire_out_time_utc":"2021-04-23T17:20:00Z","fire_cause":"Human","fire_cause_general":"Debris and open burning","map_method":"Hand Sketch","source_dataset":"FFP","unique_fire_identifier":"2021-WANES-001344","irwin_id":"{B6A78BDD-9FB2-4D4D-B15F-4CAC788F3A29}","global_id":"ff15a681-d411-4cb5-9ea6-2edcdeb55300"}},{"type":"Feature","geometry":{"type":"Polygon","coordinates":[[[-118.20984,47.97145],[-118.21068,47.9709],[-118.21113,47.97104],[-118.21116,47.97123],[-118.2117,47.97144],[-118.21223,47.97184],[-118.21264,47.9724],[-118.21275,47.97278],[-118.21269,47.97334],[-118.2118,47.97337],[-118.21122,47.97398],[-118.21077,47.97379],[-118.21062,47.97323],[-118.21041,47.97304],[-118.21071,47.97288],[-118.21077,47.9727],[-118.20975,47.97218],[-118.21023,47.97182],[-118.20981,47.97161],[-118.20984,47.97145]]]},"properties":{"fire_id":"ufid:2021-WASPA-001368","source_collection":"history-2021","source_objectid":11751,"incident_name":"ROCK CHURCH","mapped_acres":1.0,"mapped_acres_source":"poly_GISAcres","gis_acres":1.0,"auto_acres":10.579904742064848,"reported_acres":16.0,"percent_contained":null,"state":"WA","state_wfigs":"US-WA","county":"Stevens","discovery_time_utc":"2021-04-18T20:11:00Z","perimeter_time_utc":"2021-04-19T01:11:00Z","perimeter_edit_time_utc":"2023-03-14T15:13:42Z","incident_modified_time_utc":"2021-07-14T01:43:36Z","containment_time_utc":"2021-04-19T06:00:00Z","control_time_utc":"2021-04-26T17:53:00Z","fire_out_time_utc":"2021-04-26T17:53:00Z","fire_cause":"Human","fire_cause_general":"Debris and open burning","map_method":"Hand Sketch","source_dataset":"FFP","unique_fire_identifier":"2021-WASPA-001368","irwin_id":"{8EC95B3B-AECE-42D1-B070-B6E9AC6CD7C7}","global_id":"cc5111d0-3aff-458a-a6ed-bf7ca47c8c55"}},{"type":"Feature","geometry":{"type":"Polygon","coordinates":[[[-118.77243,48.72852],[-118.77222,48.72866],[-118.77217,48.72851],[-118.77243,48.72852]]]},"properties":{"fire_id":"ufid:2021-WANES-002323","source_collection":"history-2021","source_objectid":11756,"incident_name":"SOUTH FORK","mapped_acres":1.0,"mapped_acres_source":"poly_GISAcres","gis_acres":1.0,"auto_acres":0.06267876967323587,"reported_acres":0.1,"percent_contained":null,"state":"WA","state_wfigs":"US-WA","county":"Ferry","discovery_time_utc":"2021-08-04T22:27:04Z","perimeter_time_utc":"2021-08-05T03:27:04Z","perimeter_edit_time_utc":"2023-03-14T15:13:42Z","incident_modified_time_utc":"2021-12-23T19:16:55Z","containment_time_utc":"2021-08-05T22:15:00Z","control_time_utc":"2021-08-06T20:09:00Z","fire_out_time_utc":"2021-08-19T17:25:00Z","fire_cause":"Natural","fire_cause_general":"Natural","map_method":"Hand Sketch","source_dataset":"FFP","unique_fire_identifier":"2021-WANES-002323","irwin_id":"{69A4DB82-A7FF-430F-9733-E6DE3CD8BE59}","global_id":"4a4acffa-0f52-4346-9b64-a3cba7a25047"}},{"type":"Feature","geometry":{"type":"Polygon","coordinates":[[[-119.79282,48.14317],[-119.79285,48.14333],[-119.79278,48.14337],[-119.79282,48.14317]]]},"properties":{"fire_id":"ufid:2021-WASPD-001544","source_collection":"history-2021","source_objectid":11781,"incident_name":"Paridse Pond","mapped_acres":0.03,"mapped_acres_source":"poly_GISAcres","gis_acres":0.03,"auto_acres":0.025346739242515456,"reported_acres":0.1,"percent_contained":null,"state":"WA","state_wfigs":"US-WA","county":"Okanogan","discovery_time_utc":"2021-05-15T16:16:00Z","perimeter_time_utc":"2021-05-17T20:00:00Z","perimeter_edit_time_utc":"2023-03-14T15:13:42Z","incident_modified_time_utc":"2022-01-11T19:25:22Z","containment_time_utc":"2021-05-15T17:00:00Z","control_time_utc":"2021-05-15T18:00:00Z","fire_out_time_utc":"2021-05-17T18:07:00Z","fire_cause":"Human","fire_cause_general":"Other causes","map_method":"GPS-Walked","source_dataset":"FFP","unique_fire_identifier":"2021-WASPD-001544","irwin_id":"{B111DDDC-9B02-4D60-8197-211018BA3425}","global_id":"ac3c4e16-5189-45bc-80f1-1a4c43cb5dd1"}},{"type":"Feature","geometry":{"type":"Polygon","coordinates":[[[-118.55024,48.16628],[-118.55006,48.167],[-118.5494,48.16771],[-118.54787,48.16617],[-118.54726,48.16538],[-118.5471,48.16469],[-118.54753,48.16412],[-118.54795,48.16436],[-118.54934,48.16478],[-118.54963,48.16571],[-118.55024,48.16628]]]},"properties":{"fire_id":"ufid:2021-WACOA-210147","source_collection":"history-2021","source_objectid":11787,"incident_name":"Jones Creek","mapped_acres":11.731085682586935,"mapped_acres_source":"poly_Acres_AutoCalc_fallback","gis_acres":null,"auto_acres":11.731085682586935,"reported_acres":11.748,"percent_contained":null,"state":"WA","state_wfigs":"US-WA","county":"Ferry","discovery_time_utc":"2021-09-02T19:13:00Z","perimeter_time_utc":null,"perimeter_edit_time_utc":"2023-03-14T15:13:42Z","incident_modified_time_utc":"2022-03-18T20:40:40Z","containment_time_utc":"2021-09-03T00:05:00Z","control_time_utc":"2021-09-08T22:57:00Z","fire_out_time_utc":"2021-09-10T18:59:00Z","fire_cause":"Natural","fire_cause_general":"Natural","map_method":"Hand Sketch","source_dataset":"FFP","unique_fire_identifier":"2021-WACOA-210147","irwin_id":"{C9BDD28B-E13A-402E-B0B9-9B7D4E7FF345}","global_id":"6173532c-a935-4c2c-9cfa-cb359bdbf931"}},{"type":"Feature","geometry":{"type":"Polygon","coordinates":[[[-118.54049,48.74377],[-118.54075,48.7432],[-118.5407,48.743],[-118.54034,48.74284],[-118.53905,48.7427],[-118.53891,48.74252],[-118.53933,48.74152],[-118.54058,48.74054],[-118.54122,48.73977],[-118.54257,48.73891],[-118.54352,48.73864],[-118.54411,48.73863],[-118.54531,48.73937],[-118.54544,48.73921],[-118.54574,48.73925],[-118.54596,48.74041],[-118.54581,48.74171],[-118.54455,48.74197],[-118.54462,48.74276],[-118.54448,48.74286],[-118.54438,48.74412],[-118.54416,48.74414],[-118.54383,48.7444],[-118.54327,48.74415],[-118.54302,48.74418],[-118.54291,48.74412],[-118.54316,48.74386],[-118.54293,48.74358],[-118.54227,48.74399],[-118.5419,48.74452],[-118.54177,48.7442],[-118.54195,48.74388],[-118.54177,48.74365],[-118.54149,48.74364],[-118.54133,48.74347],[-118.54062,48.74395],[-118.54049,48.74377]]]},"properties":{"fire_id":"ufid:2021-WANES-001187","source_collection":"history-2021","source_objectid":11985,"incident_name":"LUMEN WAY","mapped_acres":1.0,"mapped_acres_source":"poly_GISAcres","gis_acres":1.0,"auto_acres":50.186406705664034,"reported_acres":50.1,"percent_contained":null,"state":"WA","state_wfigs":"US-WA","county":"Ferry","discovery_time_utc":"2021-03-28T01:19:00Z","perimeter_time_utc":"2021-03-28T06:19:00Z","perimeter_edit_time_utc":"2023-03-14T15:13:42Z","incident_modified_time_utc":"2021-12-08T21:32:40Z","containment_time_utc":"2021-03-28T18:30:00Z","control_time_utc":"2021-03-28T19:30:00Z","fire_out_time_utc":"2021-04-02T22:06:00Z","fire_cause":"Human","fire_cause_general":"Other causes","map_method":"GPS-Walked","source_dataset":"FFP","unique_fire_identifier":"2021-WANES-001187","irwin_id":"{567D0180-A4EC-45E0-AAB5-7F20BE89B558}","global_id":"65e42be0-f58a-435a-9f0f-30ed00c3bfa2"}},{"type":"Feature","geometry":{"type":"Polygon","coordinates":[[[-118.66019,48.46048],[-118.6605,48.46013],[-118.66015,48.46008],[-118.65987,48.4598],[-118.66024,48.45954],[-118.66002,48.45935],[-118.65986,48.45866],[-118.65991,48.4585],[-118.66021,48.4584],[-118.66018,48.45794],[-118.66073,48.45764],[-118.66162,48.45747],[-118.66271,48.45781],[-118.66265,48.45796],[-118.66277,48.45816],[-118.66367,48.45836],[-118.66391,48.45827],[-118.66467,48.4585],[-118.66518,48.45879],[-118.66532,48.45904],[-118.66514,48.45918],[-118.66508,48.45944],[-118.66476,48.45951],[-118.66412,48.46],[-118.66371,48.46006],[-118.66353,48.45984],[-118.66315,48.45996],[-118.66269,48.45987],[-118.66237,48.46026],[-118.66176,48.46036],[-118.66076,48.46102],[-118.66039,48.46088],[-118.66019,48.46048]]]},"properties":{"fire_id":"ufid:2021-WACOA-200120","source_collection":"history-2021","source_objectid":12004,"incident_name":"Seventeen creek mile area","mapped_acres":22.8078,"mapped_acres_source":"poly_GISAcres","gis_acres":22.8078,"auto_acres":22.808438758848972,"reported_acres":23.5,"percent_contained":null,"state":"WA","state_wfigs":"US-WA","county":"Ferry","discovery_time_utc":"2021-08-05T00:33:00Z","perimeter_time_utc":null,"perimeter_edit_time_utc":"2023-03-14T15:13:42Z","incident_modified_time_utc":"2022-02-09T15:44:55Z","containment_time_utc":"2021-08-06T23:47:00Z","control_time_utc":"2021-08-20T00:29:00Z","fire_out_time_utc":"2021-08-26T19:08:00Z","fire_cause":"Natural","fire_cause_general":"Natural","map_method":"Mixed Methods","source_dataset":"FFP","unique_fire_identifier":"2021-WACOA-200120","irwin_id":"{1B69873A-8B92-4DE8-A0A4-BC8122695CE1}","global_id":"914d8e97-3b35-4ae0-8a0f-577a6fa70946"}},{"type":"Feature","geometry":{"type":"Polygon","coordinates":[[[-119.24349,48.5038],[-119.24277,48.50363],[-119.24312,48.5035],[-119.24356,48.50368],[-119.24349,48.5038]]]},"properties":{"fire_id":"ufid:2021-WANES-001333","source_collection":"history-2021","source_objectid":12043,"incident_name":"STAGECOACH","mapped_acres":1.0,"mapped_acres_source":"poly_GISAcres","gis_acres":1.0,"auto_acres":0.21375167288501623,"reported_acres":0.21,"percent_contained":null,"state":"WA","state_wfigs":"US-WA","county":"Okanogan","discovery_time_utc":"2021-04-16T22:19:02Z","perimeter_time_utc":"2021-04-17T03:19:02Z","perimeter_edit_time_utc":"2023-03-14T15:13:42Z","incident_modified_time_utc":"2021-05-17T20:54:48Z","containment_time_utc":"2021-04-17T00:30:00Z","control_time_utc":"2021-04-17T01:00:00Z","fire_out_time_utc":"2021-04-23T21:13:00Z","fire_cause":"Human","fire_cause_general":"Debris and open burning","map_method":"Hand Sketch","source_dataset":"FFP","unique_fire_identifier":"2021-WANES-001333","irwin_id":"{694B1D6E-F9FA-4E2F-A414-900F679A34CD}","global_id":"4891d231-01af-4aa4-bf81-7959148c8808"}},{"type":"Feature","geometry":{"type":"Polygon","coordinates":[[[-119.83679,46.54589],[-119.83582,46.54631],[-119.83593,46.5462],[-119.8358,46.54615],[-119.83592,46.54591],[-119.83661,46.54578],[-119.83679,46.54589]]]},"properties":{"fire_id":"ufid:2021-WASPD-000288","source_collection":"history-2021","source_objectid":12050,"incident_name":"BARREL","mapped_acres":0.3,"mapped_acres_source":"poly_GISAcres","gis_acres":0.3,"auto_acres":0.4490821410897767,"reported_acres":0.3,"percent_contained":null,"state":"WA","state_wfigs":"US-WA","county":"Benton","discovery_time_utc":"2021-07-01T22:22:00Z","perimeter_time_utc":"2021-07-02T03:22:43Z","perimeter_edit_time_utc":"2023-03-14T15:13:42Z","incident_modified_time_utc":"2022-01-11T19:39:39Z","containment_time_utc":"2021-07-02T01:00:00Z","control_time_utc":"2021-07-02T01:33:00Z","fire_out_time_utc":"2021-07-02T01:33:00Z","fire_cause":"Human","fire_cause_general":"Equipment and vehicle use","map_method":"Phone/Tablet","source_dataset":"FFP","unique_fire_identifier":"2021-WASPD-000288","irwin_id":"{7675F01A-B74F-460B-ACEC-9110A222ACAC}","global_id":"d8fe92a7-5d1a-486b-a07d-b72244bc5af0"}},{"type":"Feature","geometry":{"type":"Polygon","coordinates":[[[-119.52786,48.60463],[-119.52705,48.60573],[-119.52622,48.60464],[-119.52786,48.60463]]]},"properties":{"fire_id":"ufid:2021-WANES-002149","source_collection":"history-2021","source_objectid":12056,"incident_name":"HENRY ROAD TWO","mapped_acres":1.8335884352131726,"mapped_acres_source":"poly_Acres_AutoCalc_fallback","gis_acres":null,"auto_acres":1.8335884352131726,"reported_acres":0.1,"percent_contained":null,"state":"WA","state_wfigs":"US-WA","county":"Okanogan","discovery_time_utc":"2021-07-24T15:44:12Z","perimeter_time_utc":null,"perimeter_edit_time_utc":"2023-03-14T15:13:42Z","incident_modified_time_utc":"2022-01-05T19:50:22Z","containment_time_utc":null,"control_time_utc":null,"fire_out_time_utc":null,"fire_cause":"Human","fire_cause_general":"Equipment and vehicle use","map_method":"Auto-generated","source_dataset":"FFP","unique_fire_identifier":"2021-WANES-002149","irwin_id":"{D91AB6B3-6E7F-43B4-8268-693E6E0E3338}","global_id":"4a1c1e60-9378-41de-9eac-2ebd904cf828"}},{"type":"Feature","geometry":{"type":"MultiPolygon","coordinates":[[[[-117.21382,47.55365],[-117.21375,47.55155],[-117.21398,47.55143],[-117.21386,47.55157],[-117.21382,47.55222],[-117.21434,47.55235],[-117.21439,47.55253],[-117.21461,47.55261],[-117.21438,47.55308],[-117.21443,47.55326],[-117.21462,47.55319],[-117.21465,47.55345],[-117.21481,47.55357],[-117.21459,47.55383],[-117.21414,47.55383],[-117.21382,47.55365]]],[[[-117.21472,47.55591],[-117.21473,47.55578],[-117.21474,47.5559],[-117.21472,47.55591]]],[[[-117.21468,47.55593],[-117.2147,47.55591],[-117.21472,47.55591],[-117.21468,47.55593]]],[[[-117.21423,47.55672],[-117.21442,47.55662],[-117.21447,47.55678],[-117.21415,47.55702],[-117.21426,47.55729],[-117.2141,47.55732],[-117.21402,47.55591],[-117.21423,47.55574],[-117.21427,47.55551],[-117.21438,47.55591],[-117.21468,47.55593],[-117.21438,47.55613],[-117.21416,47.55653],[-117.21423,47.55672]]],[[[-117.21495,47.55823],[-117.21467,47.55883],[-117.21506,47.5593],[-117.21462,47.55951],[-117.21468,47.55969],[-117.2152,47.5598],[-117.21443,47.5602],[-117.21422,47.56019],[-117.21414,47.55896],[-117.21442,47.55893],[-117.21476,47.55821],[-117.21495,47.55823]]],[[[-117.21468,47.56271],[-117.21525,47.56358],[-117.21519,47.56375],[-117.21438,47.56265],[-117.21379,47.56106],[-117.21358,47.55863],[-117.21391,47.55863],[-117.21397,47.5588],[-117.2142,47.56155],[-117.21468,47.56271]]],[[[-117.20745,47.53519],[-117.20873,47.53574],[-117.20866,47.53587],[-117.20745,47.53519]]],[[[-117.2111,47.53711],[-117.21109,47.5371],[-117.21114,47.5371],[-117.2111,47.53711]]],[[[-117.21095,47.53711],[-117.2111,47.53711],[-117.2121,47.5382],[-117.21194,47.53824],[-117.21095,47.53711]]],[[[-117.21321,47.55145],[-117.21332,47.5513],[-117.21351,47.5517],[-117.21366,47.55398],[-117.21338,47.55421],[-117.21323,47.55223],[-117.21339,47.55197],[-117.21321,47.55145]]],[[[-117.21369,47.55503],[-117.21368,47.55593],[-117.21353,47.55596],[-117.21344,47.55504],[-117.21361,47.55486],[-117.21366,47.5553],[-117.21369,47.55503]]],[[[-117.2136,47.5583],[-117.21349,47.55647],[-117.21357,47.55607],[-117.2138,47.55618],[-117.21392,47.55807],[-117.21382,47.5585],[-117.2136,47.5583]]]]},"properties":{"fire_id":"ufid:2021-WANES-001294","source_collection":"history-2021","source_objectid":12064,"incident_name":"BELMONT","mapped_acres":1.0,"mapped_acres_source":"poly_GISAcres","gis_acres":1.0,"auto_acres":12.618573561917755,"reported_acres":12.7,"percent_contained":null,"state":"WA","state_wfigs":"US-WA","county":"Spokane","discovery_time_utc":"2021-04-14T20:47:59Z","perimeter_time_utc":"2021-04-15T01:47:59Z","perimeter_edit_time_utc":"2023-03-14T15:13:42Z","incident_modified_time_utc":"2022-01-12T18:45:31Z","containment_time_utc":"2021-04-15T01:00:00Z","control_time_utc":"2021-04-15T03:20:00Z","fire_out_time_utc":"2021-04-20T23:00:00Z","fire_cause":"Human","fire_cause_general":"Railroad operations and maintenance","map_method":"Hand Sketch","source_dataset":"FFP","unique_fire_identifier":"2021-WANES-001294","irwin_id":"{E555EE3E-450B-4AF0-9CC9-D9654A286A21}","global_id":"288c32da-0fdd-435b-b9b8-7b22427b1731"}},{"type":"Feature","geometry":{"type":"Polygon","coordinates":[[[-117.81643,48.3308],[-117.81685,48.33071],[-117.81803,48.33113],[-117.81916,48.33106],[-117.82088,48.33142],[-117.82083,48.33158],[-117.82123,48.33196],[-117.82112,48.33205],[-117.82141,48.3324],[-117.82128,48.3327],[-117.82106,48.33277],[-117.82099,48.3336],[-117.82068,48.33392],[-117.82024,48.33409],[-117.82023,48.33434],[-117.82008,48.33445],[-117.81949,48.33427],[-117.81918,48.33459],[-117.8188,48.33456],[-117.81856,48.33479],[-117.81819,48.33459],[-117.81714,48.33436],[-117.8172,48.33404],[-117.81675,48.33365],[-117.81606,48.33355],[-117.81577,48.33374],[-117.8154,48.33362],[-117.81543,48.33348],[-117.81498,48.33333],[-117.81504,48.33297],[-117.81491,48.33283],[-117.81566,48.33224],[-117.81599,48.33179],[-117.81592,48.33128],[-117.81643,48.3308]]]},"properties":{"fire_id":"ufid:2021-WANES-001708","source_collection":"history-2021","source_objectid":12131,"incident_name":"IMMEL SLOPE","mapped_acres":35.341475306852914,"mapped_acres_source":"poly_Acres_AutoCalc_fallback","gis_acres":null,"auto_acres":35.341475306852914,"reported_acres":35.3,"percent_contained":null,"state":"WA","state_wfigs":"US-WA","county":"Stevens","discovery_time_utc":"2021-06-14T19:51:00Z","perimeter_time_utc":null,"perimeter_edit_time_utc":"2023-03-14T15:13:42Z","incident_modified_time_utc":"2022-01-14T16:34:57Z","containment_time_utc":"2021-06-15T15:00:00Z","control_time_utc":"2021-06-16T02:00:00Z","fire_out_time_utc":"2021-07-09T21:00:00Z","fire_cause":"Natural","fire_cause_general":"Natural","map_method":"Hand Sketch","source_dataset":"FFP","unique_fire_identifier":"2021-WANES-001708","irwin_id":"{196B864F-D8D1-4C04-B770-5BB40A6C959A}","global_id":"30078eab-fae1-475b-87b9-7721f51eee07"}},{"type":"Feature","geometry":{"type":"Polygon","coordinates":[[[-119.49599,48.50509],[-119.49537,48.50611],[-119.49512,48.50612],[-119.49478,48.50586],[-119.49427,48.50584],[-119.49446,48.50532],[-119.49416,48.50506],[-119.49311,48.50474],[-119.49264,48.50443],[-119.49092,48.50398],[-119.48994,48.50321],[-119.49007,48.50292],[-119.49068,48.50291],[-119.4913,48.50257],[-119.49189,48.50286],[-119.4928,48.50256],[-119.49285,48.50181],[-119.49233,48.50145],[-119.49235,48.50128],[-119.49219,48.50112],[-119.4925,48.50044],[-119.49279,48.50016],[-119.49391,48.50014],[-119.49475,48.49983],[-119.49529,48.49983],[-119.49527,48.4994],[-119.49538,48.49939],[-119.49807,48.5018],[-119.50129,48.50516],[-119.49893,48.5059],[-119.49857,48.50578],[-119.4973,48.50493],[-119.49685,48.50479],[-119.49637,48.50485],[-119.49599,48.50509]]]},"properties":{"fire_id":"ufid:2021-WANES-001643","source_collection":"history-2021","source_objectid":12301,"incident_name":"RIVERSIDE","mapped_acres":1.0,"mapped_acres_source":"poly_GISAcres","gis_acres":1.0,"auto_acres":75.02660024674023,"reported_acres":71.4,"percent_contained":null,"state":"WA","state_wfigs":"US-WA","county":"Okanogan","discovery_time_utc":"2021-06-04T21:15:20Z","perimeter_time_utc":"2021-06-05T02:15:20Z","perimeter_edit_time_utc":"2023-03-14T15:13:42Z","incident_modified_time_utc":"2021-12-17T18:53:45Z","containment_time_utc":"2021-06-05T23:43:00Z","control_time_utc":"2021-06-06T19:50:00Z","fire_out_time_utc":"2021-06-19T19:07:00Z","fire_cause":"Human","fire_cause_general":"Other causes","map_method":"Hand Sketch","source_dataset":"FFP","unique_fire_identifier":"2021-WANES-001643","irwin_id":"{2626205E-D4D2-4972-9E79-A94004CF98BA}","global_id":"c76736dd-2e55-4fbc-912a-755f7dda7475"}},{"type":"Feature","geometry":{"type":"MultiPolygon","coordinates":[[[[-117.53707,47.56661],[-117.53659,47.56609],[-117.53657,47.56458],[-117.53626,47.56353],[-117.53685,47.56222],[-117.53658,47.56117],[-117.53683,47.56071],[-117.53961,47.55906],[-117.5417,47.55751],[-117.54448,47.55578],[-117.54629,47.55293],[-117.54805,47.55189],[-117.54972,47.5522],[-117.55067,47.552],[-117.55121,47.55113],[-117.55093,47.55104],[-117.55079,47.55078],[-117.55108,47.55062],[-117.55126,47.55025],[-117.55108,47.54975],[-117.55113,47.54943],[-117.55165,47.54867],[-117.55269,47.54779],[-117.55328,47.54707],[-117.55449,47.54773],[-117.55537,47.54909],[-117.55564,47.54988],[-117.55521,47.55052],[-117.55394,47.55141],[-117.55427,47.55205],[-117.55454,47.55228],[-117.55449,47.55252],[-117.55391,47.5526],[-117.55366,47.55284],[-117.55389,47.55367],[-117.55423,47.5539],[-117.55444,47.55445],[-117.55503,47.55489],[-117.55498,47.55508],[-117.5548,47.55516],[-117.55488,47.55536],[-117.55449,47.55563],[-117.55405,47.55571],[-117.55348,47.55614],[-117.55328,47.55678],[-117.55275,47.55689],[-117.55286,47.55714],[-117.5527,47.55738],[-117.5532,47.5574],[-117.55342,47.55763],[-117.5532,47.55796],[-117.55116,47.55784],[-117.55011,47.55791],[-117.55004,47.5573],[-117.55052,47.55642],[-117.55031,47.55569],[-117.54996,47.55525],[-117.54927,47.55521],[-117.54825,47.55562],[-117.54657,47.5568],[-117.5463,47.5573],[-117.5472,47.55765],[-117.54718,47.55778],[-117.54632,47.55804],[-117.54574,47.55883],[-117.54531,47.56007],[-117.5449,47.56064],[-117.54284,47.56218],[-117.54133,47.56368],[-117.5399,47.56669],[-117.53952,47.56651],[-117.5378,47.56684],[-117.53707,47.56661]]],[[[-117.54308,47.55349],[-117.54396,47.55318],[-117.54445,47.55332],[-117.54449,47.55364],[-117.54395,47.55406],[-117.54294,47.55398],[-117.54308,47.55349]]]]},"properties":{"fire_id":"ufid:2021-WANES-001931","source_collection":"history-2021","source_objectid":12475,"incident_name":"ANDRUS","mapped_acres":230.0,"mapped_acres_source":"poly_GISAcres","gis_acres":230.0,"auto_acres":232.35337589135088,"reported_acres":232.0,"percent_contained":null,"state":"WA","state_wfigs":"US-WA","county":"Spokane","discovery_time_utc":"2021-07-05T18:16:00Z","perimeter_time_utc":"2021-07-07T09:00:00Z","perimeter_edit_time_utc":"2023-03-14T15:13:42Z","incident_modified_time_utc":"2021-12-20T16:48:30Z","containment_time_utc":"2021-07-11T13:00:00Z","control_time_utc":"2021-07-15T03:30:00Z","fire_out_time_utc":"2021-08-10T00:37:00Z","fire_cause":"Human","fire_cause_general":"Equipment and vehicle use","map_method":"GPS-Unknown Travel Method","source_dataset":"FFP","unique_fire_identifier":"2021-WANES-001931","irwin_id":"{F8E57220-5677-41CF-9CFF-7E5453154DC0}","global_id":"44c67e78-376f-4d85-a906-e8a84d1e4fd1"}},{"type":"Feature","geometry":{"type":"Polygon","coordinates":[[[-119.94935,46.86016],[-119.95002,46.86105],[-119.94908,46.86128],[-119.94896,46.86094],[-119.94849,46.86049],[-119.94899,46.86046],[-119.94904,46.86023],[-119.94935,46.86016]]]},"properties":{"fire_id":"ufid:2021-WASPD-000279","source_collection":"history-2021","source_objectid":12547,"incident_name":"Village","mapped_acres":1.8430499218898282,"mapped_acres_source":"poly_Acres_AutoCalc_fallback","gis_acres":null,"auto_acres":1.8430499218898282,"reported_acres":2.0,"percent_contained":null,"state":"WA","state_wfigs":"US-WA","county":"Grant","discovery_time_utc":"2021-06-30T20:33:00Z","perimeter_time_utc":null,"perimeter_edit_time_utc":"2023-03-14T15:13:42Z","incident_modified_time_utc":"2022-01-11T19:38:53Z","containment_time_utc":"2021-07-01T03:30:00Z","control_time_utc":"2021-07-01T22:54:00Z","fire_out_time_utc":"2021-07-12T21:53:00Z","fire_cause":"Human","fire_cause_general":"Equipment and vehicle use","map_method":"Mixed Methods","source_dataset":"FFP","unique_fire_identifier":"2021-WASPD-000279","irwin_id":"{16ACBEF2-4EEA-499E-9788-26E4365E8703}","global_id":"d3cf465d-5684-401d-bee2-3ed83d180aa9"}},{"type":"Feature","geometry":{"type":"Polygon","coordinates":[[[-118.29707,47.78815],[-118.29844,47.78819],[-118.29833,47.78898],[-118.29756,47.78892],[-118.2975,47.78866],[-118.29762,47.78856],[-118.29753,47.78839],[-118.29732,47.78836],[-118.29687,47.78866],[-118.29678,47.78855],[-118.29607,47.78856],[-118.29612,47.78821],[-118.29583,47.78753],[-118.29502,47.78711],[-118.29498,47.78668],[-118.29476,47.78636],[-118.29431,47.78627],[-118.29384,47.78595],[-118.29323,47.78591],[-118.29322,47.78574],[-118.29248,47.78579],[-118.2921,47.78544],[-118.29215,47.78495],[-118.29187,47.78489],[-118.29196,47.78479],[-118.29136,47.78484],[-118.29142,47.78465],[-118.29133,47.78459],[-118.29107,47.78464],[-118.29084,47.78452],[-118.29209,47.7845],[-118.29289,47.78463],[-118.29298,47.78457],[-118.29275,47.78448],[-118.293,47.78428],[-118.29337,47.78443],[-118.29323,47.78457],[-118.2945,47.78507],[-118.29468,47.78558],[-118.29466,47.78519],[-118.29453,47.78502],[-118.29551,47.78531],[-118.2967,47.78642],[-118.29655,47.78673],[-118.29671,47.78694],[-118.29659,47.78737],[-118.29664,47.7878],[-118.29707,47.78815]]]},"properties":{"fire_id":"ufid:2021-WANES-001330","source_collection":"history-2021","source_objectid":12723,"incident_name":"HAWK CREEK","mapped_acres":1.0,"mapped_acres_source":"poly_GISAcres","gis_acres":1.0,"auto_acres":17.507147190655672,"reported_acres":17.5,"percent_contained":null,"state":"WA","state_wfigs":"US-WA","county":"Lincoln","discovery_time_utc":"2021-04-16T21:09:00Z","perimeter_time_utc":"2021-04-17T02:09:00Z","perimeter_edit_time_utc":"2023-03-14T15:13:42Z","incident_modified_time_utc":"2021-12-16T00:16:42Z","containment_time_utc":"2021-04-17T03:00:00Z","control_time_utc":"2021-04-17T16:00:00Z","fire_out_time_utc":"2021-04-22T19:22:00Z","fire_cause":"Human","fire_cause_general":"Debris and open burning","map_method":"Hand Sketch","source_dataset":"FFP","unique_fire_identifier":"2021-WANES-001330","irwin_id":"{2872CCD6-6D2D-4417-AD99-6A68A86D687D}","global_id":"7dc78c55-4d7f-4690-bd08-316fc8ed7dc5"}},{"type":"Feature","geometry":{"type":"Polygon","coordinates":[[[-119.46738,48.90549],[-119.46765,48.9056],[-119.46703,48.90579],[-119.46681,48.90619],[-119.467,48.9064],[-119.46661,48.9067],[-119.46648,48.90705],[-119.46578,48.90722],[-119.46562,48.90737],[-119.46536,48.90733],[-119.46528,48.90749],[-119.46383,48.9075],[-119.46349,48.90756],[-119.46342,48.9077],[-119.46284,48.90775],[-119.46257,48.90753],[-119.46274,48.90739],[-119.46175,48.90727],[-119.45871,48.90753],[-119.45863,48.90739],[-119.4584,48.90743],[-119.45833,48.9073],[-119.45728,48.90694],[-119.4569,48.90709],[-119.45598,48.90695],[-119.45631,48.9067],[-119.45634,48.90647],[-119.45665,48.9061],[-119.45724,48.90621],[-119.45801,48.90537],[-119.45867,48.90534],[-119.45923,48.905],[-119.45941,48.90511],[-119.45937,48.90529],[-119.45963,48.90535],[-119.45969,48.90522],[-119.46024,48.90541],[-119.4604,48.90579],[-119.46132,48.9049],[-119.46197,48.90565],[-119.46254,48.90571],[-119.46404,48.90547],[-119.46455,48.90563],[-119.46551,48.90562],[-119.46584,48.90597],[-119.4663,48.90555],[-119.46638,48.90561],[-119.46699,48.90519],[-119.46714,48.90523],[-119.46715,48.9056],[-119.46738,48.90549]]]},"properties":{"fire_id":"ufid:2021-WANES-001588","source_collection":"history-2021","source_objectid":12785,"incident_name":"BLUE LAKE","mapped_acres":1.0,"mapped_acres_source":"poly_GISAcres","gis_acres":1.0,"auto_acres":38.04733633504307,"reported_acres":38.0,"percent_contained":null,"state":"WA","state_wfigs":"US-WA","county":"Okanogan","discovery_time_utc":"2021-05-24T17:43:40Z","perimeter_time_utc":"2021-05-24T22:43:40Z","perimeter_edit_time_utc":"2023-03-14T15:13:42Z","incident_modified_time_utc":"2021-12-08T21:56:29Z","containment_time_utc":"2021-05-26T00:48:00Z","control_time_utc":"2021-05-26T17:30:00Z","fire_out_time_utc":"2021-06-24T18:18:00Z","fire_cause":"Human","fire_cause_general":"Debris and open burning","map_method":"GPS-Walked","source_dataset":"FFP","unique_fire_identifier":"2021-WANES-001588","irwin_id":"{E7160753-8C37-4E46-B45E-BCCB61AA1B85}","global_id":"31089c10-9309-466d-a2a9-f610373b1961"}},{"type":"Feature","geometry":{"type":"Polygon","coordinates":[[[-117.65263,48.03734],[-117.65373,48.03717],[-117.65434,48.03729],[-117.65488,48.03718],[-117.65497,48.03767],[-117.65457,48.03795],[-117.65501,48.03813],[-117.65512,48.03831],[-117.6545,48.03872],[-117.65394,48.03882],[-117.65383,48.03853],[-117.65317,48.03857],[-117.65295,48.03838],[-117.65264,48.03837],[-117.65306,48.0386],[-117.65218,48.03873],[-117.65213,48.03891],[-117.65259,48.03909],[-117.6526,48.03918],[-117.6523,48.03921],[-117.65199,48.03912],[-117.65171,48.03878],[-117.65186,48.03855],[-117.65077,48.03867],[-117.65057,48.03865],[-117.65043,48.03846],[-117.65129,48.03761],[-117.65175,48.03754],[-117.6522,48.03725],[-117.65261,48.03725],[-117.65263,48.03734]]]},"properties":{"fire_id":"ufid:2021-WANES-001642","source_collection":"history-2021","source_objectid":12806,"incident_name":"SHORE ACRES","mapped_acres":0.9999564,"mapped_acres_source":"poly_GISAcres","gis_acres":0.9999564,"auto_acres":11.300903996067657,"reported_acres":11.3,"percent_contained":null,"state":"WA","state_wfigs":"US-WA","county":"Stevens","discovery_time_utc":"2021-06-04T20:51:00Z","perimeter_time_utc":"2021-06-05T01:51:00Z","perimeter_edit_time_utc":"2023-03-14T15:13:42Z","incident_modified_time_utc":"2021-12-16T16:54:41Z","containment_time_utc":"2021-06-06T03:00:00Z","control_time_utc":"2021-06-06T19:00:00Z","fire_out_time_utc":"2021-06-13T18:30:00Z","fire_cause":"Human","fire_cause_general":"Other causes","map_method":"Hand Sketch","source_dataset":"FFP","unique_fire_identifier":"2021-WANES-001642","irwin_id":"{5DA35A52-ADA3-4ACE-A81C-1F56C115D722}","global_id":"5fb2d1bb-d9ce-4562-9fb7-94d134e07d45"}},{"type":"Feature","geometry":{"type":"Polygon","coordinates":[[[-117.71557,47.43831],[-117.71506,47.4385],[-117.71479,47.43887],[-117.71459,47.43893],[-117.7147,47.43918],[-117.71357,47.43989],[-117.71325,47.43979],[-117.71335,47.43953],[-117.71311,47.43938],[-117.71334,47.43919],[-117.71312,47.4391],[-117.7131,47.43893],[-117.7126,47.43882],[-117.71282,47.43864],[-117.71278,47.43842],[-117.71288,47.43834],[-117.71342,47.43825],[-117.71347,47.43806],[-117.71311,47.43797],[-117.71321,47.43776],[-117.71395,47.43777],[-117.71393,47.4379],[-117.71433,47.43795],[-117.7147,47.4376],[-117.71546,47.4375],[-117.71558,47.43727],[-117.71616,47.43729],[-117.71631,47.43748],[-117.71701,47.4373],[-117.71693,47.43741],[-117.71726,47.43742],[-117.71742,47.43775],[-117.71696,47.43826],[-117.71687,47.43862],[-117.7164,47.43898],[-117.71616,47.43896],[-117.71587,47.43834],[-117.71557,47.43831]]]},"properties":{"fire_id":"ufid:2021-WANES-001594","source_collection":"history-2021","source_objectid":12844,"incident_name":"HORSE HAVEN","mapped_acres":1.0,"mapped_acres_source":"poly_GISAcres","gis_acres":1.0,"auto_acres":12.247391247146313,"reported_acres":12.2,"percent_contained":null,"state":"WA","state_wfigs":"US-WA","county":"Spokane","discovery_time_utc":"2021-05-27T17:29:31Z","perimeter_time_utc":"2021-05-27T22:29:31Z","perimeter_edit_time_utc":"2023-03-14T15:13:42Z","incident_modified_time_utc":"2021-12-17T23:06:23Z","containment_time_utc":"2021-05-28T00:45:00Z","control_time_utc":"2021-05-28T04:00:00Z","fire_out_time_utc":"2021-06-02T18:30:00Z","fire_cause":"Human","fire_cause_general":"Equipment and vehicle use","map_method":"Hand Sketch","source_dataset":"FFP","unique_fire_identifier":"2021-WANES-001594","irwin_id":"{4CD60C5C-F050-454C-BF8B-1A45B01704A4}","global_id":"d7ff79c9-9928-4cae-9146-7b884eabdf91"}},{"type":"Feature","geometry":{"type":"Polygon","coordinates":[[[-119.50098,47.51834],[-119.5017,47.51817],[-119.50283,47.51665],[-119.50338,47.51627],[-119.50328,47.5166],[-119.50346,47.51697],[-119.50292,47.51825],[-119.50289,47.5187],[-119.50146,47.52075],[-119.49969,47.52049],[-119.50098,47.51834]]]},"properties":{"fire_id":"ufid:2021-WASPD-000269","source_collection":"history-2021","source_objectid":12991,"incident_name":"LENORE NORTH","mapped_acres":1.0,"mapped_acres_source":"poly_GISAcres","gis_acres":1.0,"auto_acres":13.049564190573285,"reported_acres":10.0,"percent_contained":null,"state":"WA","state_wfigs":"US-WA","county":"Grant","discovery_time_utc":"2021-06-28T20:04:00Z","perimeter_time_utc":"2021-06-29T01:04:43Z","perimeter_edit_time_utc":"2023-03-14T15:13:42Z","incident_modified_time_utc":"2022-01-11T19:36:51Z","containment_time_utc":"2021-06-28T22:39:00Z","control_time_utc":"2021-06-29T19:00:00Z","fire_out_time_utc":"2021-06-29T19:00:00Z","fire_cause":"Human","fire_cause_general":"Equipment and vehicle use","map_method":"Mixed Methods","source_dataset":"FFP","unique_fire_identifier":"2021-WASPD-000269","irwin_id":"{454D4734-73EB-435B-8E87-33BF1DCFAA4F}","global_id":"4df3fb31-56c3-4597-88aa-6dca127fd317"}},{"type":"Feature","geometry":{"type":"Polygon","coordinates":[[[-119.8522,45.86588],[-119.85147,45.86585],[-119.85124,45.86561],[-119.85683,45.86144],[-119.85835,45.8601],[-119.85863,45.86027],[-119.85901,45.86016],[-119.8595,45.86023],[-119.85972,45.86009],[-119.86007,45.86016],[-119.86031,45.86039],[-119.86101,45.86064],[-119.86114,45.86078],[-119.86097,45.86097],[-119.86124,45.86094],[-119.86146,45.86113],[-119.86129,45.86114],[-119.86142,45.86126],[-119.86117,45.86138],[-119.86137,45.86174],[-119.86127,45.86206],[-119.86079,45.86269],[-119.86046,45.86289],[-119.86023,45.86331],[-119.85916,45.86379],[-119.85878,45.86382],[-119.85773,45.86461],[-119.85653,45.86525],[-119.85595,45.86543],[-119.85561,45.86537],[-119.85497,45.86433],[-119.85352,45.86485],[-119.85328,45.86536],[-119.85305,45.86555],[-119.8522,45.86588]]]},"properties":{"fire_id":"ufid:2021-WASPD-000383","source_collection":"history-2021","source_objectid":13021,"incident_name":"CROW BUTTE","mapped_acres":75.0,"mapped_acres_source":"poly_GISAcres","gis_acres":75.0,"auto_acres":51.86700709720045,"reported_acres":75.0,"percent_contained":null,"state":"WA","state_wfigs":"US-WA","county":"Benton","discovery_time_utc":"2021-07-20T11:05:00Z","perimeter_time_utc":"2021-07-20T16:05:11Z","perimeter_edit_time_utc":"2023-03-14T15:13:42Z","incident_modified_time_utc":"2022-01-11T19:49:24Z","containment_time_utc":"2021-07-20T13:00:00Z","control_time_utc":"2021-07-20T13:00:00Z","fire_out_time_utc":"2021-08-09T21:30:00Z","fire_cause":"Human","fire_cause_general":"Other causes","map_method":"Phone/Tablet","source_dataset":"FFP","unique_fire_identifier":"2021-WASPD-000383","irwin_id":"{B1469C1F-4AEB-4E58-A132-C57D7B537B43}","global_id":"fd8b7029-5819-44fd-8c5d-dfe71a374a62"}},{"type":"Feature","geometry":{"type":"Polygon","coordinates":[[[-119.31179,48.929],[-119.31161,48.92932],[-119.31125,48.92899],[-119.31179,48.929]]]},"properties":{"fire_id":"ufid:2021-WANES-002711","source_collection":"history-2021","source_objectid":13061,"incident_name":"PORCUPINE","mapped_acres":0.17921494405493305,"mapped_acres_source":"poly_Acres_AutoCalc_fallback","gis_acres":null,"auto_acres":0.17921494405493305,"reported_acres":0.1,"percent_contained":null,"state":"WA","state_wfigs":"US-WA","county":"Okanogan","discovery_time_utc":"2021-10-06T20:36:54Z","perimeter_time_utc":null,"perimeter_edit_time_utc":"2023-03-14T15:13:42Z","incident_modified_time_utc":"2022-01-04T21:26:15Z","containment_time_utc":"2021-10-06T22:00:00Z","control_time_utc":"2021-10-06T22:00:00Z","fire_out_time_utc":"2021-10-06T22:30:00Z","fire_cause":"Human","fire_cause_general":"Debris and open burning","map_method":"Auto-generated","source_dataset":"FFP","unique_fire_identifier":"2021-WANES-002711","irwin_id":"{7CF2641A-057C-4AA2-9F1B-756CCCBC5CED}","global_id":"7e2e6d42-043f-4c92-b07b-b240c7407a8e"}},{"type":"Feature","geometry":{"type":"MultiPolygon","coordinates":[[[[-118.61482,48.74523],[-118.61452,48.74637],[-118.61465,48.74725],[-118.61438,48.74864],[-118.61366,48.74883],[-118.61336,48.74919],[-118.61313,48.7491],[-118.61314,48.74884],[-118.61286,48.74881],[-118.61198,48.7495],[-118.61199,48.74963],[-118.61175,48.74951],[-118.61168,48.74912],[-118.61154,48.74927],[-118.61121,48.74932],[-118.6107,48.74902],[-118.61009,48.749],[-118.60963,48.74869],[-118.60945,48.7487],[-118.60961,48.74849],[-118.6104,48.74807],[-118.61037,48.7478],[-118.61011,48.74761],[-118.61061,48.74739],[-118.60958,48.74688],[-118.60939,48.74689],[-118.60932,48.74713],[-118.60888,48.7469],[-118.60849,48.74701],[-118.60845,48.74692],[-118.60929,48.74629],[-118.60936,48.74599],[-118.61004,48.74565],[-118.61026,48.7454],[-118.6109,48.74539],[-118.61127,48.74556],[-118.61134,48.74574],[-118.61156,48.74575],[-118.61224,48.7452],[-118.61328,48.74499],[-118.61376,48.74473],[-118.61389,48.7445],[-118.61369,48.74438],[-118.61379,48.74434],[-118.61482,48.74523]]],[[[-118.61117,48.74937],[-118.61121,48.74932],[-118.61124,48.74934],[-118.61117,48.74937]]],[[[-118.61202,48.74964],[-118.61202,48.74961],[-118.61206,48.74962],[-118.61202,48.74964]]]]},"properties":{"fire_id":"ufid:2021-WANES-001246","source_collection":"history-2021","source_objectid":13114,"incident_name":"WOLFE CAMP","mapped_acres":1.0,"mapped_acres_source":"poly_GISAcres","gis_acres":1.0,"auto_acres":37.628575370118654,"reported_acres":37.5,"percent_contained":null,"state":"WA","state_wfigs":"US-WA","county":"Ferry","discovery_time_utc":"2021-04-06T18:09:00Z","perimeter_time_utc":"2021-04-06T23:09:00Z","perimeter_edit_time_utc":"2023-03-14T15:13:42Z","incident_modified_time_utc":"2021-12-08T23:36:46Z","containment_time_utc":"2021-04-07T03:30:00Z","control_time_utc":"2021-04-08T01:30:00Z","fire_out_time_utc":"2021-04-27T18:45:00Z","fire_cause":"Human","fire_cause_general":"Other causes","map_method":"GPS-Walked","source_dataset":"FFP","unique_fire_identifier":"2021-WANES-001246","irwin_id":"{ADA1C6C4-7885-4AE3-B912-549EAAE5BEDB}","global_id":"c3e8db2d-db72-4c4a-8c15-6e0f82b0c2f5"}},{"type":"Feature","geometry":{"type":"Polygon","coordinates":[[[-118.63063,48.74775],[-118.62991,48.74867],[-118.62912,48.7477],[-118.63063,48.74775]]]},"properties":{"fire_id":"ufid:2021-WANES-002120","source_collection":"history-2021","source_objectid":13177,"incident_name":"WOLFE CAMP NORTH","mapped_acres":1.4282583720631787,"mapped_acres_source":"poly_Acres_AutoCalc_fallback","gis_acres":null,"auto_acres":1.4282583720631787,"reported_acres":0.6,"percent_contained":null,"state":"WA","state_wfigs":"US-WA","county":"Ferry","discovery_time_utc":"2021-07-21T15:15:00Z","perimeter_time_utc":null,"perimeter_edit_time_utc":"2023-03-14T15:13:42Z","incident_modified_time_utc":"2022-01-05T19:53:04Z","containment_time_utc":"2021-07-21T19:30:00Z","control_time_utc":"2021-07-21T20:30:00Z","fire_out_time_utc":"2021-08-01T17:40:00Z","fire_cause":"Human","fire_cause_general":"Other causes","map_method":"Auto-generated","source_dataset":"FFP","unique_fire_identifier":"2021-WANES-002120","irwin_id":"{9D4D9E04-2AA8-42BC-8C0B-C10D12C9F3E9}","global_id":"db0bf100-eefa-4eba-965c-119af9a60895"}},{"type":"Feature","geometry":{"type":"Polygon","coordinates":[[[-118.68008,48.67642],[-118.67989,48.67627],[-118.68016,48.67617],[-118.68008,48.67642]]]},"properties":{"fire_id":"ufid:2021-WANES-002340","source_collection":"history-2021","source_objectid":13397,"incident_name":"KLONDIKE CAR","mapped_acres":1.0,"mapped_acres_source":"poly_GISAcres","gis_acres":1.0,"auto_acres":0.08535759595961209,"reported_acres":0.1,"percent_contained":null,"state":"WA","state_wfigs":"US-WA","county":"Ferry","discovery_time_utc":"2021-08-05T16:04:13Z","perimeter_time_utc":"2021-08-05T21:04:13Z","perimeter_edit_time_utc":"2023-03-14T15:13:42Z","incident_modified_time_utc":"2021-12-23T19:20:31Z","containment_time_utc":"2021-08-05T17:10:00Z","control_time_utc":"2021-08-06T16:23:00Z","fire_out_time_utc":"2021-08-19T17:26:00Z","fire_cause":"Human","fire_cause_general":"Equipment and vehicle use","map_method":"Hand Sketch","source_dataset":"FFP","unique_fire_identifier":"2021-WANES-002340","irwin_id":"{EFE74E7B-1E59-4992-835E-9ACDE52F2ABB}","global_id":"e62763fa-a671-41de-b690-4376c5b23f4f"}},{"type":"Feature","geometry":{"type":"MultiPolygon","coordinates":[[[[-118.58358,46.96973],[-118.58355,46.96954],[-118.58331,46.96944],[-118.58353,46.96934],[-118.58434,46.96956],[-118.58436,46.96971],[-118.58358,46.96973]]],[[[-118.57476,46.97948],[-118.57469,46.97954],[-118.57469,46.97948],[-118.57476,46.97948]]],[[[-118.57469,46.97954],[-118.57467,46.97961],[-118.57462,46.97956],[-118.57469,46.97954]]],[[[-118.58144,46.99161],[-118.58158,46.99163],[-118.58147,46.99169],[-118.58144,46.99161]]],[[[-118.56728,46.99308],[-118.56725,46.99316],[-118.56714,46.99311],[-118.56728,46.99308]]],[[[-118.5508,47.01122],[-118.55082,47.01114],[-118.55087,47.0112],[-118.5508,47.01122]]],[[[-118.58358,46.96973],[-118.58412,46.96989],[-118.58459,46.96976],[-118.58582,46.97007],[-118.58599,46.96989],[-118.58681,46.97007],[-118.58795,46.96993],[-118.58828,46.97019],[-118.58841,46.97005],[-118.58907,46.97008],[-118.58931,46.96983],[-118.5893,46.97007],[-118.5898,46.97044],[-118.58979,46.97064],[-118.58956,46.97099],[-118.58919,46.97105],[-118.58913,46.9713],[-118.59011,46.97173],[-118.59023,46.97228],[-118.59053,46.97245],[-118.59024,46.97252],[-118.58895,46.97209],[-118.58888,46.97259],[-118.58874,46.97272],[-118.58727,46.97252],[-118.58622,46.97284],[-118.58557,46.97356],[-118.58551,46.97462],[-118.5849,46.9762],[-118.58474,46.97678],[-118.58489,46.97682],[-118.58417,46.97742],[-118.57816,46.97742],[-118.57711,46.97755],[-118.57652,46.9778],[-118.5762,46.97828],[-118.57559,46.97868],[-118.57545,46.97898],[-118.57485,46.97945],[-118.57476,46.97948],[-118.57481,46.97933],[-118.57457,46.97948],[-118.57433,46.97994],[-118.57369,46.98067],[-118.57284,46.98153],[-118.57261,46.98156],[-118.57224,46.98211],[-118.57219,46.98241],[-118.57174,46.98274],[-118.57163,46.98347],[-118.57142,46.98388],[-118.57215,46.98435],[-118.57224,46.98453],[-118.57255,46.98454],[-118.57265,46.98486],[-118.57296,46.98496],[-118.57446,46.98495],[-118.57479,46.98509],[-118.57487,46.98499],[-118.5751,46.98515],[-118.57519,46.98586],[-118.57496,46.98791],[-118.57335,46.98752],[-118.57295,46.98754],[-118.57252,46.9871],[-118.57223,46.98704],[-118.57191,46.98705],[-118.57144,46.98741],[-118.57071,46.98717],[-118.56998,46.9873],[-118.56982,46.98752],[-118.57155,46.98772],[-118.57191,46.98796],[-118.5727,46.98809],[-118.57322,46.98858],[-118.57456,46.98846],[-118.57483,46.98876],[-118.57493,46.98916],[-118.57553,46.98944],[-118.57742,46.98962],[-118.57796,46.98979],[-118.57869,46.98936],[-118.58024,46.98876],[-118.58094,46.98862],[-118.58111,46.98845],[-118.58141,46.98845],[-118.58159,46.98827],[-118.58251,46.98819],[-118.58299,46.98791],[-118.58521,46.98733],[-118.58672,46.98721],[-118.58741,46.9868],[-118.59011,46.98656],[-118.59075,46.98634],[-118.59281,46.98625],[-118.5932,46.98667],[-118.59279,46.98677],[-118.5928,46.987],[-118.59348,46.9871],[-118.59413,46.98738],[-118.59384,46.9876],[-118.59415,46.98773],[-118.59339,46.98801],[-118.5921,46.98816],[-118.59231,46.98852],[-118.59168,46.98889],[-118.59132,46.98888],[-118.59023,46.98962],[-118.58933,46.98989],[-118.58845,46.98998],[-118.58801,46.9903],[-118.58677,46.9906],[-118.5862,46.99058],[-118.58594,46.99078],[-118.58501,46.99103],[-118.58314,46.99121],[-118.58196,46.99115],[-118.58104,46.99182],[-118.58118,46.99168],[-118.578,46.99194],[-118.57789,46.99217],[-118.57725,46.99249],[-118.57718,46.99285],[-118.57817,46.99315],[-118.58024,46.99323],[-118.58111,46.99287],[-118.58154,46.99301],[-118.58453,46.99287],[-118.58651,46.99191],[-118.58729,46.99176],[-118.58742,46.99163],[-118.58914,46.99132],[-118.58925,46.99121],[-118.59116,46.99103],[-118.59127,46.99116],[-118.59066,46.99183],[-118.58931,46.99256],[-118.58884,46.99304],[-118.58802,46.99348],[-118.58794,46.99364],[-118.5857,46.99409],[-118.58478,46.99526],[-118.58435,46.99544],[-118.58321,46.99551],[-118.58271,46.99568],[-118.58227,46.99562],[-118.58194,46.99522],[-118.58061,46.99434],[-118.57834,46.99409],[-118.5776,46.99366],[-118.57393,46.99348],[-118.57354,46.99379],[-118.57319,46.99378],[-118.57307,46.99391],[-118.57307,46.99421],[-118.57276,46.99465],[-118.57302,46.99477],[-118.57367,46.9947],[-118.57406,46.99437],[-118.57435,46.99453],[-118.5754,46.9945],[-118.57548,46.99486],[-118.57599,46.99469],[-118.57675,46.99471],[-118.5769,46.99453],[-118.57778,46.99447],[-118.5778,46.99519],[-118.57758,46.99527],[-118.5766,46.99541],[-118.57547,46.99518],[-118.57452,46.99564],[-118.57308,46.99537],[-118.57246,46.99502],[-118.57138,46.99492],[-118.57117,46.99427],[-118.57066,46.99404],[-118.56892,46.99365],[-118.56838,46.99311],[-118.56796,46.99318],[-118.56782,46.99335],[-118.56744,46.99325],[-118.56745,46.9931],[-118.56631,46.99268],[-118.56584,46.99236],[-118.56348,46.9925],[-118.56292,46.99235],[-118.56174,46.99235],[-118.56143,46.99262],[-118.56135,46.99301],[-118.56069,46.99409],[-118.56063,46.99452],[-118.55965,46.99532],[-118.55958,46.99555],[-118.55971,46.99579],[-118.55952,46.99606],[-118.5594,46.99661],[-118.55897,46.99685],[-118.55919,46.99754],[-118.55892,46.99793],[-118.55957,46.99779],[-118.55937,46.99801],[-118.55985,46.99776],[-118.5604,46.99727],[-118.56098,46.99715],[-118.56127,46.99667],[-118.56204,46.99617],[-118.56247,46.99612],[-118.56262,46.99597],[-118.56311,46.99599],[-118.56308,46.99661],[-118.56346,46.99679],[-118.56386,46.99639],[-118.56453,46.99608],[-118.56464,46.9962],[-118.56468,46.99734],[-118.56442,46.9975],[-118.56331,46.99758],[-118.5629,46.99777],[-118.56268,46.99825],[-118.56229,46.99795],[-118.56072,46.99777],[-118.55995,46.99806],[-118.55969,46.99839],[-118.55925,46.99837],[-118.55871,46.99884],[-118.55855,46.9993],[-118.55884,47.00022],[-118.55861,47.00009],[-118.55836,47.00018],[-118.55837,47.00039],[-118.55886,47.00029],[-118.55902,47.00011],[-118.56159,47.00035],[-118.56303,47.00024],[-118.56302,47.00052],[-118.56352,47.00091],[-118.56351,47.00105],[-118.56209,47.00134],[-118.56145,47.00127],[-118.56131,47.00158],[-118.56098,47.00181],[-118.5601,47.00149],[-118.56001,47.00108],[-118.55871,47.00102],[-118.55757,47.00126],[-118.5569,47.00125],[-118.55647,47.00146],[-118.55633,47.00279],[-118.55588,47.00252],[-118.55515,47.00239],[-118.55423,47.00196],[-118.55027,47.00132],[-118.54967,47.00224],[-118.54914,47.0026],[-118.54905,47.00285],[-118.55113,47.00322],[-118.55148,47.00336],[-118.55137,47.00367],[-118.54864,47.00368],[-118.54855,47.00404],[-118.54859,47.00566],[-118.54887,47.00576],[-118.54886,47.00626],[-118.54868,47.00635],[-118.54885,47.00643],[-118.54893,47.00693],[-118.54936,47.00757],[-118.54954,47.00838],[-118.55064,47.00836],[-118.55221,47.00889],[-118.55531,47.00898],[-118.55579,47.00923],[-118.55585,47.0094],[-118.55474,47.00953],[-118.55321,47.00935],[-118.55113,47.00996],[-118.54951,47.01002],[-118.5494,47.00979],[-118.54922,47.00997],[-118.54783,47.00983],[-118.54592,47.01003],[-118.546,47.01088],[-118.54692,47.01094],[-118.54776,47.01068],[-118.5485,47.0107],[-118.54887,47.01076],[-118.54886,47.01094],[-118.54905,47.01107],[-118.54886,47.01113],[-118.54973,47.01131],[-118.55053,47.01113],[-118.55086,47.01129],[-118.55095,47.01118],[-118.55337,47.01142],[-118.55512,47.01137],[-118.5551,47.01171],[-118.55585,47.01193],[-118.55591,47.01242],[-118.5564,47.01248],[-118.55643,47.01382],[-118.55526,47.01407],[-118.5515,47.01389],[-118.54914,47.01361],[-118.545,47.01345],[-118.54431,47.01352],[-118.54382,47.01332],[-118.54321,47.01335],[-118.54334,47.01323],[-118.54274,47.01321],[-118.54261,47.01335],[-118.5418,47.01347],[-118.54017,47.01337],[-118.53989,47.01322],[-118.53846,47.01334],[-118.53572,47.01318],[-118.53492,47.01345],[-118.53347,47.01321],[-118.53244,47.01341],[-118.53283,47.0142],[-118.53348,47.01458],[-118.5332,47.01477],[-118.53303,47.01515],[-118.53351,47.01548],[-118.53391,47.01547],[-118.53375,47.01566],[-118.53294,47.01594],[-118.53106,47.01598],[-118.53079,47.01573],[-118.53071,47.01527],[-118.53044,47.01501],[-118.53031,47.01284],[-118.53018,47.01285],[-118.53012,47.0126],[-118.52976,47.01235],[-118.5292,47.01249],[-118.52852,47.01297],[-118.5281,47.0131],[-118.52669,47.01425],[-118.52549,47.01483],[-118.525,47.01582],[-118.52472,47.01608],[-118.5246,47.01916],[-118.52478,47.01934],[-118.52484,47.02052],[-118.52472,47.02112],[-118.52457,47.02111],[-118.52466,47.02179],[-118.52491,47.02191],[-118.52546,47.02191],[-118.52571,47.02235],[-118.52563,47.02351],[-118.52449,47.02358],[-118.52435,47.02344],[-118.52429,47.02226],[-118.52416,47.02216],[-118.52263,47.02234],[-118.52197,47.0221],[-118.52112,47.02202],[-118.51988,47.02094],[-118.51973,47.02049],[-118.52008,47.0197],[-118.52055,47.01923],[-118.5206,47.01812],[-118.5205,47.01781],[-118.52025,47.01762],[-118.51884,47.01689],[-118.51692,47.01679],[-118.51586,47.01655],[-118.51597,47.01645],[-118.51503,47.01634],[-118.51474,47.01603],[-118.51445,47.01594],[-118.51413,47.01542],[-118.51354,47.01526],[-118.51396,47.01518],[-118.51443,47.0148],[-118.51623,47.01408],[-118.51645,47.01382],[-118.51694,47.01364],[-118.5178,47.01296],[-118.51926,47.01218],[-118.52123,47.01162],[-118.5216,47.01139],[-118.52246,47.01125],[-118.52354,47.0107],[-118.52479,47.01027],[-118.5247,47.0102],[-118.5249,47.01008],[-118.52565,47.00988],[-118.52632,47.00954],[-118.52653,47.0092],[-118.52726,47.00917],[-118.52784,47.00894],[-118.52864,47.00882],[-118.52926,47.00813],[-118.52939,47.00781],[-118.52986,47.00767],[-118.53051,47.00788],[-118.53287,47.0069],[-118.53355,47.00653],[-118.53342,47.00647],[-118.53509,47.00562],[-118.53538,47.00533],[-118.536,47.00511],[-118.53774,47.00406],[-118.53906,47.00353],[-118.54145,47.00206],[-118.54439,47.00065],[-118.54551,46.99991],[-118.54595,46.99947],[-118.54629,46.99936],[-118.54728,46.99851],[-118.54766,46.99787],[-118.54848,46.99729],[-118.54862,46.99685],[-118.54959,46.99626],[-118.55017,46.99546],[-118.55046,46.99538],[-118.5512,46.99471],[-118.55141,46.99412],[-118.55189,46.9939],[-118.55268,46.99311],[-118.55296,46.99262],[-118.55316,46.9925],[-118.55322,46.99221],[-118.5535,46.9921],[-118.55381,46.9917],[-118.55402,46.99164],[-118.55468,46.99096],[-118.55581,46.9901],[-118.55634,46.98937],[-118.55682,46.98912],[-118.55689,46.98876],[-118.55726,46.98858],[-118.55781,46.98803],[-118.55787,46.98765],[-118.5584,46.98747],[-118.55916,46.98656],[-118.55933,46.98612],[-118.55956,46.98612],[-118.55967,46.98576],[-118.55977,46.98588],[-118.5601,46.98568],[-118.5602,46.98514],[-118.56039,46.98515],[-118.56088,46.98475],[-118.56118,46.98415],[-118.56166,46.98364],[-118.56194,46.98352],[-118.56267,46.98255],[-118.5629,46.98245],[-118.56367,46.98156],[-118.56377,46.98124],[-118.56481,46.97991],[-118.56555,46.97918],[-118.56619,46.97879],[-118.56654,46.97812],[-118.567,46.97761],[-118.56742,46.97741],[-118.56765,46.97689],[-118.56833,46.97647],[-118.56909,46.9754],[-118.56976,46.97479],[-118.57031,46.97405],[-118.5705,46.97386],[-118.57067,46.97388],[-118.5712,46.97319],[-118.57157,46.9731],[-118.57206,46.97194],[-118.57234,46.97179],[-118.57269,46.97117],[-118.57311,46.97107],[-118.57407,46.96996],[-118.5746,46.96982],[-118.57488,46.96994],[-118.57517,46.96986],[-118.57527,46.97002],[-118.57851,46.97008],[-118.58295,46.96988],[-118.58319,46.96961],[-118.58358,46.96973]]]]},"properties":{"fire_id":"ufid:2021-WAWFS-000263","source_collection":"history-2021","source_objectid":13545,"incident_name":"LIND","mapped_acres":300.0,"mapped_acres_source":"poly_GISAcres","gis_acres":300.0,"auto_acres":1763.49608835377,"reported_acres":2100.0,"percent_contained":100.0,"state":"WA","state_wfigs":"US-WA","county":"Adams","discovery_time_utc":"2021-06-27T21:57:00Z","perimeter_time_utc":"2021-06-28T02:57:05Z","perimeter_edit_time_utc":"2021-06-30T18:19:55Z","incident_modified_time_utc":"2021-06-29T03:08:06Z","containment_time_utc":null,"control_time_utc":null,"fire_out_time_utc":null,"fire_cause":"Undetermined","fire_cause_general":null,"map_method":"Image Interpretation","source_dataset":"2021 NIFS","unique_fire_identifier":"2021-WAWFS-000263","irwin_id":"{7B5B9832-DADB-4382-A8CE-19250E469025}","global_id":"34579822-e405-4167-8c7c-e02a91b9ba43"}},{"type":"Feature","geometry":{"type":"Polygon","coordinates":[[[-119.89923,46.77641],[-119.89966,46.77587],[-119.89992,46.77615],[-119.90032,46.7761],[-119.90035,46.77621],[-119.90068,46.77583],[-119.90116,46.77588],[-119.90096,46.77612],[-119.90119,46.77605],[-119.90135,46.77614],[-119.90126,46.77641],[-119.90159,46.7765],[-119.90153,46.77675],[-119.90204,46.77717],[-119.90248,46.77807],[-119.90247,46.77871],[-119.90264,46.77914],[-119.90258,46.77976],[-119.90283,46.7804],[-119.90279,46.78105],[-119.90252,46.78149],[-119.90276,46.78146],[-119.90286,46.78125],[-119.90304,46.78123],[-119.90315,46.7815],[-119.90294,46.78176],[-119.90334,46.78186],[-119.90349,46.78178],[-119.90371,46.78198],[-119.90345,46.78228],[-119.90363,46.78241],[-119.90365,46.78263],[-119.90337,46.78279],[-119.90333,46.78303],[-119.90159,46.78392],[-119.90096,46.78455],[-119.90015,46.78488],[-119.89982,46.7848],[-119.89937,46.78423],[-119.8994,46.78163],[-119.89898,46.78155],[-119.89864,46.78122],[-119.89832,46.78073],[-119.89843,46.78052],[-119.89817,46.78034],[-119.89845,46.78029],[-119.89868,46.77992],[-119.8993,46.77953],[-119.89902,46.77926],[-119.89903,46.77913],[-119.89845,46.77896],[-119.89836,46.77861],[-119.89868,46.77764],[-119.89913,46.77692],[-119.89923,46.77641]],[[-119.90035,46.77621],[-119.90033,46.77622],[-119.90036,46.77621],[-119.90035,46.77621]]]},"properties":{"fire_id":"ufid:2021-WASPD-000611","source_collection":"history-2021","source_objectid":13577,"incident_name":"SENTINEL BLUFF","mapped_acres":134.95,"mapped_acres_source":"poly_GISAcres","gis_acres":134.95,"auto_acres":63.3106892889892,"reported_acres":63.0,"percent_contained":null,"state":"WA","state_wfigs":"US-WA","county":"Grant","discovery_time_utc":"2021-10-10T20:57:00Z","perimeter_time_utc":"2021-10-11T01:57:49Z","perimeter_edit_time_utc":"2021-11-10T20:51:09Z","incident_modified_time_utc":"2022-02-24T02:26:14Z","containment_time_utc":"2021-10-11T22:18:00Z","control_time_utc":"2021-10-11T22:18:00Z","fire_out_time_utc":"2021-11-01T19:00:00Z","fire_cause":"Undetermined","fire_cause_general":"Other Human Cause","map_method":"Phone/Tablet","source_dataset":"2021 NIFS","unique_fire_identifier":"2021-WASPD-000611","irwin_id":"{A0FB2D55-F505-4F1B-8E38-AAF12DCEA1FF}","global_id":"d3c0716e-1516-4c07-b3c3-f8133d88537a"}},{"type":"Feature","geometry":{"type":"MultiPolygon","coordinates":[[[[-119.96547,46.98186],[-119.96692,46.98121],[-119.96701,46.98282],[-119.96745,46.98477],[-119.96729,46.98475],[-119.96727,46.98506],[-119.96698,46.98503],[-119.96721,46.98589],[-119.96703,46.98592],[-119.96678,46.98639],[-119.96656,46.98652],[-119.96665,46.98686],[-119.96633,46.98689],[-119.96628,46.98705],[-119.96652,46.98754],[-119.96645,46.98775],[-119.96602,46.98796],[-119.96547,46.98784],[-119.96512,46.98716],[-119.96515,46.98687],[-119.96466,46.98631],[-119.96499,46.98624],[-119.96497,46.98605],[-119.96457,46.98572],[-119.96419,46.98593],[-119.96376,46.98582],[-119.96324,46.98617],[-119.96254,46.98627],[-119.96226,46.98646],[-119.96192,46.9864],[-119.96195,46.98625],[-119.96184,46.98641],[-119.96192,46.98665],[-119.96161,46.98648],[-119.9615,46.98667],[-119.96107,46.98668],[-119.96077,46.98643],[-119.96026,46.98673],[-119.95967,46.98682],[-119.9594,46.98668],[-119.95966,46.98634],[-119.9609,46.98631],[-119.96114,46.98606],[-119.96112,46.98593],[-119.96082,46.98597],[-119.96067,46.9858],[-119.96127,46.98548],[-119.961,46.98545],[-119.9608,46.98514],[-119.96066,46.98517],[-119.96066,46.98498],[-119.9604,46.98505],[-119.96023,46.9848],[-119.96085,46.98475],[-119.96121,46.98501],[-119.96159,46.98483],[-119.96177,46.98494],[-119.96198,46.98451],[-119.96137,46.9843],[-119.96115,46.9845],[-119.96039,46.98463],[-119.96015,46.9844],[-119.96023,46.98423],[-119.95989,46.98425],[-119.95981,46.9845],[-119.95948,46.9842],[-119.95899,46.9842],[-119.95871,46.98407],[-119.9583,46.98414],[-119.95835,46.98405],[-119.95759,46.98398],[-119.95709,46.98376],[-119.95768,46.98359],[-119.9577,46.98347],[-119.95901,46.98404],[-119.95965,46.98407],[-119.95969,46.9839],[-119.95893,46.98378],[-119.95842,46.98342],[-119.95807,46.98335],[-119.95839,46.98314],[-119.959,46.98325],[-119.95904,46.9834],[-119.95922,46.98343],[-119.95935,46.98326],[-119.96073,46.98335],[-119.96163,46.98312],[-119.96208,46.9832],[-119.96223,46.98342],[-119.96232,46.98333],[-119.96284,46.98338],[-119.96291,46.98356],[-119.96301,46.98329],[-119.96324,46.98334],[-119.96338,46.98326],[-119.96333,46.98317],[-119.96375,46.98316],[-119.96386,46.983],[-119.96394,46.98316],[-119.96421,46.98315],[-119.96439,46.9833],[-119.96502,46.98254],[-119.96467,46.98249],[-119.96474,46.98229],[-119.9646,46.98215],[-119.96476,46.98207],[-119.96455,46.98211],[-119.96447,46.98197],[-119.96512,46.98189],[-119.96525,46.98177],[-119.96547,46.98186]]],[[[-119.96494,46.98609],[-119.96495,46.98607],[-119.96496,46.98608],[-119.96494,46.98609]]]]},"properties":{"fire_id":"ufid:2021-WASPD-000179","source_collection":"history-2021","source_objectid":13666,"incident_name":"BABCOCK","mapped_acres":58.0954885511795,"mapped_acres_source":"poly_Acres_AutoCalc_fallback","gis_acres":null,"auto_acres":58.0954885511795,"reported_acres":58.1,"percent_contained":null,"state":"WA","state_wfigs":"US-WA","county":"Grant","discovery_time_utc":"2021-06-06T23:11:00Z","perimeter_time_utc":"2021-06-07T07:00:00Z","perimeter_edit_time_utc":"2021-06-10T21:37:47Z","incident_modified_time_utc":"2022-03-18T19:47:26Z","containment_time_utc":"2021-06-07T05:00:00Z","control_time_utc":"2021-06-07T23:27:00Z","fire_out_time_utc":"2021-06-22T18:36:00Z","fire_cause":"Undetermined","fire_cause_general":"Equipment","map_method":"Mixed Methods","source_dataset":"2021 NIFS","unique_fire_identifier":"2021-WASPD-000179","irwin_id":"{2330E698-2F51-4481-9AAB-28D8CACA3D89}","global_id":"2a59412f-ebcf-4126-9308-d30144a131ad"}},{"type":"Feature","geometry":{"type":"MultiPolygon","coordinates":[[[[-119.60888,48.90795],[-119.60888,48.90794],[-119.6089,48.90795],[-119.60888,48.90795]]],[[[-119.6089,48.90796],[-119.60891,48.90794],[-119.60891,48.90796],[-119.6089,48.90796]]],[[[-119.60885,48.908],[-119.60888,48.90795],[-119.60893,48.90798],[-119.60885,48.908]]],[[[-119.60955,48.90942],[-119.60954,48.90941],[-119.60955,48.90941],[-119.60955,48.90942]]],[[[-119.6094,48.90932],[-119.60965,48.90962],[-119.60936,48.90985],[-119.60954,48.90999],[-119.6098,48.91079],[-119.61016,48.91113],[-119.60976,48.91158],[-119.60969,48.91207],[-119.60931,48.91234],[-119.60947,48.91257],[-119.60928,48.9127],[-119.60941,48.91316],[-119.60886,48.91344],[-119.60886,48.91334],[-119.60819,48.91309],[-119.60811,48.91312],[-119.6083,48.91328],[-119.60804,48.91326],[-119.60802,48.91314],[-119.60763,48.91335],[-119.60709,48.91318],[-119.60692,48.91331],[-119.60668,48.91309],[-119.60572,48.91287],[-119.60545,48.91269],[-119.60538,48.91241],[-119.60517,48.91224],[-119.60443,48.91237],[-119.6036,48.91227],[-119.60355,48.91219],[-119.60377,48.91215],[-119.6032,48.9116],[-119.60281,48.91159],[-119.60187,48.91119],[-119.60192,48.91096],[-119.60223,48.91067],[-119.60198,48.9106],[-119.60185,48.9104],[-119.60196,48.91023],[-119.60358,48.90935],[-119.60415,48.90926],[-119.6043,48.90881],[-119.60462,48.90863],[-119.60474,48.90869],[-119.60516,48.90838],[-119.60742,48.90818],[-119.60828,48.90832],[-119.60853,48.90811],[-119.60899,48.90802],[-119.60937,48.90756],[-119.60973,48.90743],[-119.61045,48.90821],[-119.61074,48.90832],[-119.61089,48.90892],[-119.6094,48.90932]]],[[[-119.6094,48.91307],[-119.60942,48.91305],[-119.6094,48.91308],[-119.6094,48.91307]]],[[[-119.60801,48.91315],[-119.60802,48.91317],[-119.60801,48.91317],[-119.60801,48.91315]]],[[[-119.60659,48.91316],[-119.6066,48.91315],[-119.60665,48.91322],[-119.60659,48.91316]]],[[[-119.60317,48.91166],[-119.60317,48.91165],[-119.60318,48.91166],[-119.60317,48.91166]]],[[[-119.60352,48.91222],[-119.60353,48.9122],[-119.60355,48.9122],[-119.60352,48.91222]]],[[[-119.60352,48.91223],[-119.60352,48.91222],[-119.60353,48.91223],[-119.60352,48.91223]]],[[[-119.60494,48.91231],[-119.60495,48.9123],[-119.60496,48.91231],[-119.60494,48.91231]]],[[[-119.60452,48.91237],[-119.60451,48.91236],[-119.60456,48.91235],[-119.60452,48.91237]]],[[[-119.60534,48.91242],[-119.60534,48.91241],[-119.60535,48.91241],[-119.60534,48.91242]]],[[[-119.60533,48.9124],[-119.60534,48.91242],[-119.60532,48.91243],[-119.60533,48.9124]]],[[[-119.60534,48.91243],[-119.60535,48.91243],[-119.60535,48.91244],[-119.60534,48.91243]]],[[[-119.60532,48.91245],[-119.60533,48.91245],[-119.60533,48.91248],[-119.60532,48.91245]]],[[[-119.60535,48.91247],[-119.60536,48.91248],[-119.60533,48.91248],[-119.60535,48.91247]]]]},"properties":{"fire_id":"ufid:2021-WANES-002707","source_collection":"history-2021","source_objectid":13759,"incident_name":"BULLFROG","mapped_acres":1.0,"mapped_acres_source":"poly_GISAcres","gis_acres":1.0,"auto_acres":63.66692485460132,"reported_acres":63.7,"percent_contained":null,"state":"WA","state_wfigs":"US-WA","county":"Okanogan","discovery_time_utc":"2021-10-04T21:49:00Z","perimeter_time_utc":"2021-10-05T02:49:28Z","perimeter_edit_time_utc":"2023-03-14T15:13:42Z","incident_modified_time_utc":"2022-01-04T21:24:27Z","containment_time_utc":"2021-10-05T23:28:00Z","control_time_utc":"2021-10-07T00:00:00Z","fire_out_time_utc":"2021-11-10T16:00:00Z","fire_cause":"Human","fire_cause_general":"Debris and open burning","map_method":"GPS-Walked","source_dataset":"FFP","unique_fire_identifier":"2021-WANES-002707","irwin_id":"{7FA7D4D7-105D-4884-BD73-CF2CC57B4AA2}","global_id":"d491c304-7994-4112-905a-f3f688f5bf87"}},{"type":"Feature","geometry":{"type":"MultiPolygon","coordinates":[[[[-119.07248,48.84396],[-119.07398,48.84419],[-119.0739,48.84525],[-119.07341,48.84602],[-119.07272,48.84688],[-119.07243,48.84707],[-119.07002,48.84769],[-119.07,48.84625],[-119.06794,48.84604],[-119.06613,48.84552],[-119.06481,48.84585],[-119.06398,48.8457],[-119.06322,48.84474],[-119.0607,48.84453],[-119.0602,48.8439],[-119.05987,48.84392],[-119.0594,48.84358],[-119.05984,48.84306],[-119.05949,48.84249],[-119.0598,48.84197],[-119.05975,48.84152],[-119.06003,48.84083],[-119.06003,48.8405],[-119.05862,48.84097],[-119.05829,48.84102],[-119.05813,48.8409],[-119.05822,48.8407],[-119.05981,48.84018],[-119.05963,48.83905],[-119.05971,48.83853],[-119.06023,48.83821],[-119.06031,48.83721],[-119.05998,48.83688],[-119.06035,48.83652],[-119.05999,48.8359],[-119.05912,48.83603],[-119.05795,48.83393],[-119.05749,48.83403],[-119.05745,48.83427],[-119.05786,48.83449],[-119.05802,48.83492],[-119.05774,48.83509],[-119.05724,48.83461],[-119.05682,48.83477],[-119.0563,48.83476],[-119.05622,48.83493],[-119.05572,48.8347],[-119.05541,48.83494],[-119.05491,48.83503],[-119.05461,48.8354],[-119.0538,48.83562],[-119.05326,48.83537],[-119.05306,48.83511],[-119.05251,48.83514],[-119.05196,48.83551],[-119.05143,48.83529],[-119.05064,48.83572],[-119.04993,48.8359],[-119.0498,48.83627],[-119.04749,48.83622],[-119.04694,48.83597],[-119.04714,48.83523],[-119.0466,48.83477],[-119.04639,48.83412],[-119.04596,48.83391],[-119.04415,48.83388],[-119.04335,48.83284],[-119.04371,48.83267],[-119.04372,48.83203],[-119.04163,48.83062],[-119.04035,48.83049],[-119.03937,48.83003],[-119.03885,48.82956],[-119.03973,48.82935],[-119.0395,48.82884],[-119.03823,48.82899],[-119.03747,48.82923],[-119.03744,48.82825],[-119.03677,48.82732],[-119.03667,48.82577],[-119.03573,48.82532],[-119.03551,48.82482],[-119.03507,48.82441],[-119.0349,48.82402],[-119.03478,48.82409],[-119.03365,48.82389],[-119.03331,48.82258],[-119.03299,48.82207],[-119.03256,48.82074],[-119.03158,48.82024],[-119.03126,48.81954],[-119.03152,48.8182],[-119.03153,48.81709],[-119.03057,48.81709],[-119.03069,48.81643],[-119.02993,48.81585],[-119.03057,48.8156],[-119.03092,48.81596],[-119.03151,48.81588],[-119.03104,48.81556],[-119.03203,48.81503],[-119.03243,48.81522],[-119.03265,48.81517],[-119.03224,48.81463],[-119.03158,48.8141],[-119.03103,48.81324],[-119.03175,48.81358],[-119.03271,48.81352],[-119.03388,48.8137],[-119.03387,48.8133],[-119.03468,48.81261],[-119.03549,48.81291],[-119.03581,48.81222],[-119.03664,48.81147],[-119.03543,48.81143],[-119.03555,48.81091],[-119.03605,48.81018],[-119.0368,48.80958],[-119.03691,48.80882],[-119.03774,48.80842],[-119.03907,48.8085],[-119.03967,48.8081],[-119.04088,48.80831],[-119.04077,48.8097],[-119.04223,48.80991],[-119.04324,48.80969],[-119.0434,48.81051],[-119.04329,48.81102],[-119.04161,48.81142],[-119.04061,48.81186],[-119.0391,48.81231],[-119.03838,48.81295],[-119.0376,48.8133],[-119.03762,48.81427],[-119.03978,48.81399],[-119.04081,48.81335],[-119.04135,48.81272],[-119.04239,48.81323],[-119.04389,48.81326],[-119.04357,48.81298],[-119.04376,48.81248],[-119.04409,48.81239],[-119.04372,48.81202],[-119.04539,48.81065],[-119.04572,48.81099],[-119.0466,48.81084],[-119.04627,48.81117],[-119.04701,48.81169],[-119.04784,48.81173],[-119.0478,48.81129],[-119.04797,48.81077],[-119.04859,48.81054],[-119.0483,48.8102],[-119.04848,48.80987],[-119.04748,48.8096],[-119.04839,48.80916],[-119.04918,48.80939],[-119.04934,48.80934],[-119.04932,48.80917],[-119.04994,48.8091],[-119.05004,48.80898],[-119.04849,48.80822],[-119.04837,48.80711],[-119.04915,48.80696],[-119.05171,48.80563],[-119.05232,48.80553],[-119.05283,48.80497],[-119.05331,48.80404],[-119.05403,48.80335],[-119.05399,48.80303],[-119.05445,48.80219],[-119.05504,48.80177],[-119.05511,48.80137],[-119.0559,48.80122],[-119.05665,48.80009],[-119.05736,48.79985],[-119.05822,48.79976],[-119.0605,48.80009],[-119.06055,48.79959],[-119.05951,48.7995],[-119.06082,48.79829],[-119.06167,48.7972],[-119.06195,48.79701],[-119.06237,48.79503],[-119.06229,48.79407],[-119.06255,48.79297],[-119.06271,48.79141],[-119.0621,48.78998],[-119.06159,48.78922],[-119.06142,48.7885],[-119.06148,48.78756],[-119.06116,48.78679],[-119.06036,48.78589],[-119.05868,48.78451],[-119.05894,48.78299],[-119.05992,48.78072],[-119.05916,48.77968],[-119.05874,48.77887],[-119.05879,48.77807],[-119.05908,48.77723],[-119.06133,48.77483],[-119.06181,48.77412],[-119.06253,48.77421],[-119.06278,48.77357],[-119.06326,48.7735],[-119.06379,48.77272],[-119.06465,48.77288],[-119.06481,48.77276],[-119.06447,48.77194],[-119.06418,48.77176],[-119.06325,48.7718],[-119.06257,48.77141],[-119.06119,48.77192],[-119.06088,48.77188],[-119.05994,48.77303],[-119.05947,48.77394],[-119.05863,48.7746],[-119.05814,48.77521],[-119.05497,48.77668],[-119.0551,48.77746],[-119.05435,48.77761],[-119.05399,48.77712],[-119.05383,48.77607],[-119.05308,48.77541],[-119.05356,48.77478],[-119.05301,48.77426],[-119.05254,48.7726],[-119.05347,48.77239],[-119.054,48.77019],[-119.05361,48.76978],[-119.05239,48.76932],[-119.05215,48.76823],[-119.05172,48.76718],[-119.05239,48.76515],[-119.05184,48.76432],[-119.05287,48.76381],[-119.0537,48.7627],[-119.05423,48.76098],[-119.05518,48.76171],[-119.05632,48.76156],[-119.05642,48.75966],[-119.05625,48.75711],[-119.05598,48.7555],[-119.056,48.75356],[-119.05586,48.75346],[-119.05599,48.75324],[-119.05598,48.75242],[-119.05622,48.75089],[-119.0563,48.74609],[-119.05514,48.74282],[-119.05695,48.74183],[-119.05981,48.74143],[-119.05956,48.74083],[-119.05952,48.7397],[-119.05892,48.73798],[-119.0606,48.73789],[-119.06076,48.7365],[-119.06064,48.73515],[-119.0611,48.73398],[-119.05787,48.73359],[-119.05765,48.732],[-119.05795,48.73069],[-119.05951,48.72892],[-119.05932,48.72815],[-119.05971,48.72739],[-119.06212,48.72652],[-119.06516,48.72629],[-119.06652,48.72575],[-119.06746,48.72595],[-119.06872,48.72493],[-119.07056,48.72399],[-119.07113,48.72501],[-119.07196,48.72546],[-119.07295,48.72642],[-119.07317,48.72708],[-119.07303,48.72826],[-119.07326,48.73009],[-119.07257,48.73103],[-119.07143,48.73131],[-119.07119,48.73221],[-119.07189,48.73229],[-119.07135,48.73453],[-119.07033,48.73593],[-119.0701,48.73711],[-119.06922,48.73795],[-119.06891,48.7394],[-119.0697,48.74126],[-119.06957,48.74231],[-119.06965,48.7434],[-119.07051,48.74408],[-119.0705,48.74507],[-119.07175,48.74727],[-119.07265,48.74803],[-119.07397,48.74681],[-119.07522,48.7469],[-119.07544,48.74783],[-119.07647,48.7472],[-119.07854,48.748],[-119.07992,48.74793],[-119.0812,48.74811],[-119.0812,48.7491],[-119.08251,48.75018],[-119.08128,48.75187],[-119.0825,48.75248],[-119.08154,48.75349],[-119.08164,48.75378],[-119.08445,48.75399],[-119.08616,48.75371],[-119.0862,48.75512],[-119.08802,48.75476],[-119.08942,48.75471],[-119.09242,48.75525],[-119.09375,48.75481],[-119.09516,48.75525],[-119.09574,48.75632],[-119.09816,48.75637],[-119.09858,48.75574],[-119.09985,48.75513],[-119.10103,48.75486],[-119.10151,48.75403],[-119.09899,48.75238],[-119.09972,48.75187],[-119.1012,48.75247],[-119.10171,48.75219],[-119.10304,48.75202],[-119.10526,48.75266],[-119.10519,48.75349],[-119.10435,48.75381],[-119.10364,48.75337],[-119.10358,48.75446],[-119.10173,48.75716],[-119.10361,48.75728],[-119.1054,48.75863],[-119.10541,48.75713],[-119.10611,48.75546],[-119.10747,48.76028],[-119.10739,48.76163],[-119.10775,48.76271],[-119.10849,48.7633],[-119.11103,48.76373],[-119.11073,48.76263],[-119.11131,48.76113],[-119.11032,48.76053],[-119.11102,48.76003],[-119.11091,48.75883],[-119.11172,48.75833],[-119.1118,48.75787],[-119.11217,48.75717],[-119.11233,48.75619],[-119.11161,48.7559],[-119.11146,48.755],[-119.10995,48.75415],[-119.10935,48.75359],[-119.1092,48.75319],[-119.10944,48.75252],[-119.10896,48.75166],[-119.10905,48.75093],[-119.11024,48.75008],[-119.11259,48.74921],[-119.11242,48.74851],[-119.11376,48.74807],[-119.11463,48.74855],[-119.11487,48.74809],[-119.11604,48.74759],[-119.11568,48.74715],[-119.11587,48.74647],[-119.11839,48.74517],[-119.11921,48.74455],[-119.11975,48.74518],[-119.12209,48.74552],[-119.12292,48.74606],[-119.12278,48.74653],[-119.12422,48.74653],[-119.12587,48.74679],[-119.12666,48.7467],[-119.1286,48.74783],[-119.12887,48.74668],[-119.12978,48.74669],[-119.13055,48.74742],[-119.13107,48.74739],[-119.1316,48.746],[-119.13243,48.74571],[-119.13485,48.74565],[-119.13581,48.74546],[-119.13647,48.74563],[-119.13681,48.74521],[-119.13685,48.74442],[-119.13665,48.7433],[-119.1372,48.74262],[-119.13804,48.74282],[-119.14012,48.74295],[-119.14081,48.74359],[-119.14201,48.74362],[-119.14191,48.74465],[-119.1432,48.74486],[-119.14387,48.74593],[-119.14468,48.74678],[-119.14526,48.74772],[-119.14572,48.74881],[-119.14482,48.74942],[-119.14346,48.74859],[-119.14265,48.74732],[-119.14142,48.74678],[-119.14164,48.74551],[-119.14092,48.74509],[-119.13984,48.74611],[-119.13868,48.74624],[-119.13815,48.74698],[-119.13684,48.74752],[-119.13585,48.7481],[-119.13534,48.74886],[-119.1348,48.75008],[-119.13545,48.75036],[-119.13603,48.75148],[-119.13664,48.75123],[-119.13639,48.75049],[-119.13792,48.74933],[-119.13877,48.74956],[-119.13973,48.75008],[-119.14137,48.75019],[-119.14224,48.7515],[-119.14139,48.75193],[-119.14015,48.75147],[-119.14061,48.75197],[-119.14032,48.75238],[-119.1418,48.75256],[-119.14289,48.75225],[-119.14312,48.75148],[-119.14347,48.75224],[-119.14444,48.75232],[-119.14549,48.75271],[-119.14635,48.7532],[-119.14696,48.75301],[-119.14653,48.75194],[-119.14801,48.75236],[-119.14887,48.7519],[-119.1493,48.75134],[-119.14994,48.75113],[-119.1501,48.75144],[-119.15112,48.75164],[-119.15144,48.75208],[-119.15206,48.75185],[-119.15289,48.7513],[-119.15395,48.75113],[-119.15484,48.75158],[-119.15443,48.75368],[-119.15408,48.75442],[-119.15535,48.75622],[-119.15588,48.7553],[-119.15638,48.75545],[-119.15614,48.75643],[-119.15799,48.75733],[-119.15823,48.7578],[-119.15849,48.75861],[-119.15839,48.75956],[-119.15768,48.76001],[-119.15766,48.76058],[-119.15784,48.76103],[-119.15888,48.76066],[-119.15905,48.76],[-119.15993,48.76003],[-119.16046,48.76074],[-119.16051,48.76115],[-119.16118,48.76143],[-119.16222,48.76105],[-119.16282,48.76148],[-119.1616,48.76196],[-119.16329,48.76275],[-119.16838,48.76299],[-119.16963,48.76334],[-119.17029,48.76391],[-119.17043,48.76468],[-119.16982,48.76528],[-119.16998,48.7656],[-119.16983,48.76622],[-119.16944,48.76644],[-119.16856,48.76645],[-119.16789,48.76674],[-119.16809,48.76729],[-119.16786,48.76788],[-119.16423,48.76837],[-119.16294,48.76937],[-119.16183,48.76997],[-119.15964,48.77166],[-119.15872,48.77177],[-119.15621,48.77143],[-119.15531,48.77304],[-119.15151,48.77316],[-119.1488,48.7739],[-119.14761,48.77394],[-119.1467,48.77413],[-119.14608,48.77461],[-119.14511,48.77406],[-119.14387,48.77418],[-119.14383,48.77462],[-119.14336,48.77476],[-119.14266,48.77443],[-119.14215,48.77484],[-119.14133,48.77501],[-119.14102,48.77478],[-119.14003,48.7755],[-119.13897,48.77593],[-119.13622,48.77626],[-119.13456,48.77605],[-119.13364,48.77636],[-119.13311,48.77602],[-119.13276,48.77616],[-119.13236,48.77766],[-119.13156,48.77829],[-119.13134,48.77888],[-119.13082,48.77909],[-119.1294,48.77918],[-119.12987,48.7807],[-119.12913,48.78143],[-119.12674,48.78238],[-119.12629,48.78275],[-119.12563,48.78294],[-119.12509,48.78291],[-119.12468,48.78355],[-119.12229,48.78542],[-119.1211,48.78544],[-119.11823,48.78637],[-119.11683,48.78582],[-119.11584,48.78575],[-119.11443,48.78597],[-119.11315,48.78568],[-119.11186,48.78471],[-119.10847,48.78412],[-119.10703,48.78402],[-119.10618,48.7838],[-119.10578,48.78421],[-119.10562,48.78497],[-119.10496,48.7849],[-119.10449,48.78457],[-119.10382,48.78476],[-119.10375,48.78537],[-119.10289,48.78564],[-119.10198,48.78571],[-119.10133,48.78548],[-119.10088,48.78561],[-119.10091,48.78639],[-119.10043,48.7868],[-119.09959,48.78669],[-119.09854,48.78758],[-119.09746,48.79041],[-119.09567,48.79111],[-119.09405,48.79092],[-119.0943,48.79214],[-119.09333,48.7927],[-119.0924,48.79265],[-119.0924,48.79291],[-119.09166,48.79347],[-119.09038,48.79385],[-119.0904,48.794],[-119.091,48.79437],[-119.09137,48.79514],[-119.09091,48.79566],[-119.09088,48.796],[-119.08971,48.79618],[-119.09085,48.79659],[-119.09148,48.79701],[-119.09135,48.79723],[-119.09096,48.79746],[-119.09123,48.79756],[-119.09147,48.79817],[-119.09088,48.79849],[-119.09184,48.79886],[-119.09339,48.80017],[-119.09363,48.80075],[-119.09332,48.80186],[-119.09357,48.80227],[-119.09384,48.80238],[-119.09417,48.80199],[-119.09512,48.8024],[-119.09528,48.80307],[-119.09518,48.80405],[-119.09573,48.80439],[-119.09659,48.80457],[-119.09669,48.80495],[-119.09727,48.80498],[-119.09824,48.80551],[-119.09937,48.80673],[-119.09972,48.80772],[-119.10137,48.80985],[-119.1008,48.81037],[-119.1011,48.81051],[-119.10125,48.81112],[-119.10058,48.81139],[-119.10071,48.81174],[-119.10044,48.81257],[-119.09956,48.81377],[-119.099,48.81386],[-119.09929,48.81634],[-119.09857,48.81723],[-119.09977,48.8181],[-119.0994,48.81894],[-119.09875,48.81968],[-119.09866,48.82041],[-119.09874,48.82118],[-119.09911,48.8218],[-119.09904,48.8224],[-119.09759,48.82324],[-119.09606,48.82192],[-119.09558,48.82194],[-119.09533,48.82228],[-119.09532,48.82291],[-119.0951,48.82324],[-119.09444,48.82332],[-119.09367,48.82312],[-119.09163,48.82198],[-119.09052,48.82027],[-119.0901,48.81999],[-119.09022,48.82187],[-119.08997,48.82222],[-119.08724,48.82117],[-119.08654,48.82116],[-119.08578,48.82034],[-119.08495,48.81989],[-119.08426,48.81841],[-119.08254,48.81914],[-119.08205,48.8192],[-119.08236,48.81944],[-119.08334,48.81921],[-119.084,48.81949],[-119.08503,48.82052],[-119.08546,48.82178],[-119.0851,48.82197],[-119.08471,48.82173],[-119.08429,48.82097],[-119.08428,48.82052],[-119.08358,48.82002],[-119.08358,48.81967],[-119.08255,48.81976],[-119.08229,48.82017],[-119.08204,48.82025],[-119.08213,48.82069],[-119.08127,48.82123],[-119.08176,48.82184],[-119.08161,48.8222],[-119.08038,48.8228],[-119.07935,48.82299],[-119.07903,48.82371],[-119.07839,48.82433],[-119.07732,48.8243],[-119.07727,48.8244],[-119.07825,48.82489],[-119.0783,48.82457],[-119.07916,48.82478],[-119.0793,48.82551],[-119.07905,48.82573],[-119.07941,48.82589],[-119.07973,48.82566],[-119.08048,48.82546],[-119.08099,48.82549],[-119.08257,48.82609],[-119.08296,48.82651],[-119.08266,48.82694],[-119.08322,48.8271],[-119.08295,48.82743],[-119.08331,48.82757],[-119.08353,48.82807],[-119.08309,48.82844],[-119.08326,48.82894],[-119.08429,48.82943],[-119.08436,48.82977],[-119.0842,48.8307],[-119.08446,48.83085],[-119.08441,48.83124],[-119.0842,48.83166],[-119.08386,48.83191],[-119.08351,48.83267],[-119.0826,48.83333],[-119.08267,48.83385],[-119.08223,48.83413],[-119.08166,48.83411],[-119.08162,48.83444],[-119.08189,48.83471],[-119.08079,48.83566],[-119.07968,48.83591],[-119.07933,48.83646],[-119.07899,48.83667],[-119.08,48.83771],[-119.07999,48.8382],[-119.07949,48.83842],[-119.0794,48.83877],[-119.07896,48.83903],[-119.0785,48.83908],[-119.07778,48.83994],[-119.07692,48.84031],[-119.07629,48.84032],[-119.07453,48.83987],[-119.07457,48.84082],[-119.07277,48.84196],[-119.07279,48.8422],[-119.07236,48.8427],[-119.07248,48.84396]]],[[[-119.11817,48.74228],[-119.12002,48.74167],[-119.12168,48.74186],[-119.12244,48.74221],[-119.12424,48.74205],[-119.12553,48.74246],[-119.12489,48.74363],[-119.11926,48.74386],[-119.11803,48.7437],[-119.11725,48.74291],[-119.11817,48.74228]]],[[[-119.04044,48.73734],[-119.04163,48.73616],[-119.04136,48.73358],[-119.03955,48.73358],[-119.03951,48.7307],[-119.03928,48.72998],[-119.03862,48.72902],[-119.03678,48.72856],[-119.03582,48.72786],[-119.0355,48.7274],[-119.03546,48.72683],[-119.03833,48.72679],[-119.03852,48.72627],[-119.03823,48.72525],[-119.03873,48.72446],[-119.03969,48.72356],[-119.03951,48.72333],[-119.03962,48.72319],[-119.03996,48.72316],[-119.04029,48.72285],[-119.04498,48.72199],[-119.04498,48.72292],[-119.04524,48.72346],[-119.04506,48.72438],[-119.04556,48.72471],[-119.04551,48.72629],[-119.04819,48.72632],[-119.04841,48.72587],[-119.04833,48.72549],[-119.04858,48.7252],[-119.04919,48.72495],[-119.04946,48.72551],[-119.04956,48.72616],[-119.05002,48.72635],[-119.04999,48.72736],[-119.04981,48.72832],[-119.04945,48.72905],[-119.04921,48.73],[-119.04848,48.73158],[-119.04802,48.73229],[-119.04762,48.73258],[-119.04705,48.7333],[-119.04649,48.73446],[-119.04706,48.73558],[-119.0473,48.73703],[-119.04774,48.73705],[-119.04779,48.73724],[-119.04751,48.73749],[-119.04759,48.73779],[-119.04748,48.73814],[-119.04722,48.73837],[-119.04762,48.73966],[-119.04748,48.73995],[-119.04747,48.74117],[-119.04727,48.74247],[-119.04761,48.7431],[-119.04598,48.74573],[-119.04539,48.7493],[-119.04479,48.75045],[-119.04308,48.75115],[-119.04103,48.75022],[-119.0404,48.74549],[-119.04139,48.74378],[-119.04129,48.74137],[-119.04044,48.73734]]]]},"properties":{"fire_id":"ufid:2021-WACOF-002335","source_collection":"history-2021","source_objectid":13780,"incident_name":"SPUR","mapped_acres":5249.045,"mapped_acres_source":"poly_GISAcres","gis_acres":5249.045,"auto_acres":12662.078849760956,"reported_acres":12694.0,"percent_contained":null,"state":"WA","state_wfigs":"US-WA","county":"Okanogan","discovery_time_utc":"2021-08-05T09:02:00Z","perimeter_time_utc":"2021-08-06T16:25:43Z","perimeter_edit_time_utc":"2023-03-14T15:13:42Z","incident_modified_time_utc":"2022-01-30T19:05:50Z","containment_time_utc":null,"control_time_utc":null,"fire_out_time_utc":"2021-08-18T16:03:00Z","fire_cause":"Natural","fire_cause_general":"Natural","map_method":"Infrared Image","source_dataset":"FFP","unique_fire_identifier":"2021-WACOF-002335","irwin_id":"{4F6C7DDC-7862-4EA7-9784-940538BEEBF0}","global_id":"cf119545-e1b7-4e77-acde-fdec9fc76417"}},{"type":"Feature","geometry":{"type":"MultiPolygon","coordinates":[[[[-118.384,48.08089],[-118.38402,48.08091],[-118.38401,48.08091],[-118.384,48.08089]]],[[[-118.38808,48.0895],[-118.38805,48.08922],[-118.38718,48.0892],[-118.38729,48.08922],[-118.38713,48.0893],[-118.38725,48.08931],[-118.3874,48.0896],[-118.38686,48.09],[-118.38696,48.09011],[-118.38744,48.08999],[-118.38721,48.09016],[-118.38729,48.09075],[-118.38644,48.09137],[-118.38628,48.09086],[-118.38544,48.09119],[-118.38538,48.09102],[-118.38554,48.09084],[-118.38544,48.09078],[-118.38518,48.09088],[-118.38357,48.0904],[-118.38319,48.0905],[-118.3828,48.0902],[-118.38253,48.09035],[-118.38184,48.0901],[-118.38131,48.09008],[-118.38084,48.0897],[-118.38089,48.08836],[-118.38142,48.08794],[-118.38201,48.08712],[-118.38245,48.08677],[-118.38395,48.08598],[-118.38442,48.0852],[-118.3841,48.08457],[-118.38502,48.08401],[-118.38461,48.08356],[-118.38401,48.08346],[-118.38415,48.08336],[-118.38412,48.08324],[-118.3838,48.08322],[-118.38403,48.0831],[-118.38366,48.08276],[-118.38377,48.0825],[-118.38352,48.08237],[-118.3837,48.08218],[-118.38395,48.08215],[-118.38393,48.08193],[-118.3837,48.08182],[-118.38374,48.08122],[-118.384,48.08091],[-118.38438,48.08109],[-118.38528,48.08081],[-118.38546,48.08065],[-118.38648,48.08041],[-118.38658,48.08022],[-118.38711,48.07998],[-118.38706,48.07898],[-118.38848,48.07826],[-118.38924,48.07816],[-118.38895,48.07809],[-118.3887,48.07778],[-118.38905,48.07742],[-118.39055,48.07678],[-118.39255,48.07614],[-118.39245,48.07594],[-118.3914,48.07575],[-118.39115,48.07549],[-118.39311,48.07553],[-118.39374,48.07489],[-118.39504,48.07475],[-118.39706,48.07404],[-118.39711,48.07417],[-118.39801,48.0745],[-118.39861,48.07383],[-118.39885,48.07373],[-118.39898,48.07383],[-118.39997,48.07348],[-118.40012,48.07328],[-118.39999,48.07321],[-118.40104,48.07245],[-118.40112,48.07194],[-118.40178,48.07212],[-118.40184,48.07222],[-118.40164,48.07254],[-118.40125,48.07267],[-118.40134,48.07281],[-118.40099,48.07312],[-118.40101,48.07326],[-118.40154,48.07329],[-118.40145,48.07359],[-118.40108,48.07367],[-118.40039,48.07413],[-118.40018,48.0745],[-118.39996,48.07447],[-118.39962,48.07507],[-118.3998,48.07572],[-118.39954,48.07613],[-118.39977,48.07719],[-118.3997,48.07749],[-118.39938,48.07781],[-118.39958,48.07816],[-118.3996,48.07857],[-118.39914,48.07894],[-118.39867,48.07912],[-118.39844,48.0801],[-118.39891,48.08041],[-118.39845,48.08071],[-118.39856,48.08101],[-118.39828,48.08129],[-118.39847,48.08133],[-118.39828,48.08154],[-118.39839,48.08167],[-118.3982,48.08174],[-118.39879,48.08185],[-118.39844,48.08182],[-118.39815,48.08195],[-118.39809,48.08206],[-118.39822,48.08211],[-118.39793,48.08233],[-118.39797,48.08248],[-118.39818,48.08246],[-118.39821,48.08256],[-118.39799,48.08289],[-118.39819,48.08285],[-118.39828,48.08318],[-118.39812,48.08345],[-118.39835,48.08349],[-118.39866,48.08415],[-118.39749,48.084],[-118.39728,48.0837],[-118.39664,48.08362],[-118.39626,48.08361],[-118.39564,48.08384],[-118.39599,48.08429],[-118.39654,48.08454],[-118.39624,48.08508],[-118.39644,48.08541],[-118.39632,48.08578],[-118.39566,48.08577],[-118.39529,48.08598],[-118.39534,48.0858],[-118.39497,48.08587],[-118.39478,48.08552],[-118.39456,48.08556],[-118.39446,48.08545],[-118.39444,48.08519],[-118.39402,48.08477],[-118.3941,48.08456],[-118.39427,48.0845],[-118.39407,48.08423],[-118.39391,48.08416],[-118.3936,48.08435],[-118.3934,48.08427],[-118.39325,48.08458],[-118.39328,48.08507],[-118.39252,48.08514],[-118.39218,48.08504],[-118.39215,48.08545],[-118.39187,48.0856],[-118.39174,48.08589],[-118.39147,48.08598],[-118.39153,48.0862],[-118.39128,48.08676],[-118.39027,48.08703],[-118.38977,48.08704],[-118.38904,48.0874],[-118.38908,48.08767],[-118.3893,48.08772],[-118.38905,48.08814],[-118.38904,48.08845],[-118.38964,48.08842],[-118.39019,48.0882],[-118.39023,48.0888],[-118.39054,48.08882],[-118.39044,48.0889],[-118.39051,48.08902],[-118.3898,48.08947],[-118.38938,48.08955],[-118.38952,48.08932],[-118.3897,48.08931],[-118.38961,48.0892],[-118.38981,48.08913],[-118.38951,48.08873],[-118.38908,48.08889],[-118.38897,48.08927],[-118.3884,48.08909],[-118.38815,48.08919],[-118.38823,48.08932],[-118.38808,48.0895]]],[[[-118.3881,48.0895],[-118.38809,48.08951],[-118.38808,48.0895],[-118.3881,48.0895]]]]},"properties":{"fire_id":"ufid:2021-WACOA-210151","source_collection":"history-2021","source_objectid":13796,"incident_name":"The Bone Place","mapped_acres":340.0207,"mapped_acres_source":"poly_GISAcres","gis_acres":340.0207,"auto_acres":340.01935712929463,"reported_acres":339.7,"percent_contained":null,"state":"WA","state_wfigs":"US-WA","county":"Ferry","discovery_time_utc":"2021-09-26T15:25:00Z","perimeter_time_utc":"2021-09-26T20:25:00Z","perimeter_edit_time_utc":"2023-03-14T15:13:42Z","incident_modified_time_utc":"2022-03-01T22:18:19Z","containment_time_utc":"2021-10-15T19:42:00Z","control_time_utc":"2021-10-15T19:42:00Z","fire_out_time_utc":"2021-10-23T21:17:00Z","fire_cause":"Human","fire_cause_general":"Firearms and explosives use","map_method":"GPS-Unknown Travel Method","source_dataset":"FFP","unique_fire_identifier":"2021-WACOA-210151","irwin_id":"{C4ADB46D-D6F7-486E-8348-00614BBA6C7C}","global_id":"485bfe3f-f678-410f-852f-d7caf3bb9ab4"}},{"type":"Feature","geometry":{"type":"Polygon","coordinates":[[[-117.49811,46.13915],[-117.49779,46.13903],[-117.49761,46.13929],[-117.49737,46.13928],[-117.49737,46.13911],[-117.49776,46.13877],[-117.49783,46.1385],[-117.49729,46.13843],[-117.49674,46.13912],[-117.49709,46.13953],[-117.49824,46.14213],[-117.4991,46.14309],[-117.50253,46.14567],[-117.5033,46.14608],[-117.504,46.14674],[-117.50612,46.14814],[-117.50725,46.14927],[-117.50783,46.14961],[-117.50938,46.15148],[-117.51038,46.15228],[-117.51198,46.15284],[-117.51482,46.15337],[-117.51516,46.15366],[-117.51576,46.15606],[-117.5162,46.15722],[-117.51733,46.15865],[-117.51854,46.15928],[-117.5207,46.15978],[-117.52139,46.16007],[-117.52278,46.16183],[-117.52348,46.16249],[-117.52543,46.16379],[-117.52605,46.16532],[-117.52605,46.16584],[-117.52619,46.16603],[-117.52644,46.16604],[-117.52652,46.16618],[-117.52724,46.16645],[-117.52748,46.16692],[-117.52771,46.16845],[-117.52805,46.16897],[-117.52937,46.17012],[-117.53001,46.17023],[-117.53192,46.17163],[-117.53348,46.17237],[-117.53409,46.17309],[-117.53595,46.17386],[-117.53618,46.17422],[-117.53817,46.17591],[-117.53877,46.17606],[-117.5408,46.17595],[-117.54332,46.17708],[-117.54367,46.1774],[-117.54439,46.17771],[-117.54469,46.17815],[-117.54501,46.1798],[-117.54571,46.18144],[-117.54621,46.1821],[-117.54648,46.18175],[-117.54702,46.18203],[-117.5475,46.18263],[-117.54788,46.18264],[-117.54798,46.1828],[-117.54765,46.18307],[-117.54769,46.18395],[-117.548,46.18426],[-117.54801,46.1845],[-117.54741,46.18493],[-117.54782,46.18541],[-117.54947,46.18657],[-117.55167,46.18728],[-117.55228,46.1879],[-117.55329,46.18966],[-117.55446,46.19037],[-117.55554,46.19046],[-117.55958,46.18969],[-117.56152,46.18977],[-117.56342,46.19042],[-117.56715,46.19045],[-117.56888,46.19084],[-117.56927,46.19102],[-117.57003,46.19206],[-117.57065,46.19335],[-117.57096,46.19445],[-117.57184,46.1957],[-117.57188,46.19612],[-117.57176,46.19645],[-117.57115,46.1964],[-117.57034,46.19664],[-117.56965,46.19709],[-117.56768,46.19773],[-117.56751,46.19803],[-117.56599,46.19911],[-117.56576,46.19908],[-117.56516,46.19933],[-117.56436,46.19923],[-117.56447,46.19948],[-117.56504,46.1997],[-117.56452,46.20165],[-117.5642,46.20239],[-117.56113,46.20404],[-117.56105,46.20449],[-117.56122,46.20469],[-117.56119,46.20549],[-117.56078,46.20601],[-117.55906,46.20702],[-117.55823,46.2079],[-117.55801,46.20874],[-117.55769,46.20928],[-117.54979,46.21295],[-117.5497,46.21326],[-117.55,46.21441],[-117.54989,46.21569],[-117.54912,46.21675],[-117.54807,46.21735],[-117.54768,46.21789],[-117.54835,46.21793],[-117.54835,46.21821],[-117.54758,46.2191],[-117.54754,46.21979],[-117.54681,46.22097],[-117.54694,46.22154],[-117.54723,46.22185],[-117.54707,46.22236],[-117.54364,46.2245],[-117.54173,46.22547],[-117.54168,46.22562],[-117.54218,46.22638],[-117.54206,46.22738],[-117.54229,46.22793],[-117.5423,46.22859],[-117.54171,46.23011],[-117.54298,46.23101],[-117.54332,46.2318],[-117.54338,46.23237],[-117.543,46.23282],[-117.54156,46.23332],[-117.54001,46.23439],[-117.53747,46.23647],[-117.53639,46.23697],[-117.5358,46.23758],[-117.53546,46.23842],[-117.53386,46.23917],[-117.53109,46.23975],[-117.5299,46.24047],[-117.52958,46.2413],[-117.52812,46.24203],[-117.52759,46.24282],[-117.52558,46.24355],[-117.52473,46.24532],[-117.52414,46.24604],[-117.52398,46.24683],[-117.5241,46.24759],[-117.52404,46.2485],[-117.52336,46.24918],[-117.52146,46.25032],[-117.52088,46.25183],[-117.52034,46.25258],[-117.52035,46.25325],[-117.52014,46.25378],[-117.51838,46.25532],[-117.51562,46.25706],[-117.51542,46.25753],[-117.51668,46.26096],[-117.517,46.2624],[-117.51699,46.26354],[-117.51676,46.26411],[-117.51572,46.26463],[-117.51357,46.26469],[-117.51368,46.26529],[-117.51058,46.26729],[-117.51053,46.26768],[-117.50951,46.26793],[-117.50849,46.26872],[-117.50804,46.26957],[-117.50826,46.27063],[-117.5081,46.27148],[-117.50771,46.27178],[-117.50633,46.2721],[-117.50587,46.27252],[-117.50584,46.27322],[-117.50545,46.27352],[-117.50465,46.27366],[-117.50447,46.27414],[-117.50315,46.27391],[-117.50307,46.27402],[-117.50099,46.27418],[-117.50026,46.27442],[-117.49915,46.27593],[-117.49886,46.27659],[-117.49792,46.27767],[-117.49633,46.27825],[-117.49594,46.27858],[-117.4921,46.27871],[-117.48929,46.27836],[-117.48751,46.27777],[-117.48678,46.27775],[-117.48177,46.27855],[-117.48126,46.27829],[-117.4812,46.27777],[-117.4809,46.27738],[-117.48021,46.27709],[-117.47934,46.27688],[-117.47837,46.27696],[-117.47691,46.27681],[-117.47503,46.27636],[-117.47419,46.27588],[-117.47255,46.27535],[-117.4708,46.27534],[-117.46904,46.27489],[-117.46823,46.27488],[-117.46835,46.27402],[-117.46722,46.27361],[-117.46657,46.2737],[-117.46645,46.27409],[-117.46718,46.27447],[-117.46737,46.27483],[-117.46728,46.27534],[-117.4681,46.27534],[-117.46866,46.27552],[-117.46896,46.27602],[-117.47079,46.27733],[-117.47171,46.27885],[-117.47048,46.28003],[-117.46755,46.2807],[-117.46683,46.2811],[-117.46593,46.2811],[-117.46484,46.28129],[-117.4613,46.28103],[-117.45821,46.28063],[-117.45665,46.28084],[-117.45612,46.28051],[-117.45541,46.28049],[-117.45415,46.28065],[-117.45318,46.28116],[-117.45163,46.28142],[-117.45112,46.28166],[-117.44963,46.28179],[-117.44821,46.28218],[-117.4471,46.28203],[-117.44473,46.28138],[-117.44356,46.2813],[-117.44085,46.28209],[-117.43669,46.28375],[-117.43454,46.2844],[-117.42897,46.28584],[-117.42461,46.28658],[-117.42421,46.28694],[-117.42273,46.28679],[-117.42235,46.28688],[-117.42072,46.2876],[-117.41915,46.28866],[-117.41829,46.28949],[-117.41731,46.2898],[-117.40997,46.2902],[-117.40545,46.28965],[-117.4042,46.2903],[-117.40225,46.29027],[-117.40105,46.29001],[-117.3999,46.28956],[-117.39876,46.28994],[-117.39675,46.2901],[-117.39392,46.29011],[-117.39195,46.28925],[-117.39113,46.28857],[-117.39037,46.2885],[-117.3882,46.2893],[-117.38767,46.2893],[-117.38362,46.291],[-117.38213,46.29134],[-117.38058,46.29134],[-117.37678,46.29076],[-117.37539,46.29073],[-117.37483,46.29091],[-117.37446,46.2912],[-117.37433,46.29158],[-117.37531,46.29342],[-117.37554,46.29456],[-117.37541,46.29542],[-117.37397,46.29796],[-117.37376,46.29886],[-117.37393,46.29971],[-117.37456,46.30042],[-117.37752,46.30175],[-117.3779,46.30233],[-117.37766,46.30293],[-117.37608,46.30408],[-117.37494,46.30556],[-117.37414,46.30621],[-117.36837,46.30879],[-117.36472,46.30998],[-117.36301,46.3104],[-117.35959,46.31083],[-117.35458,46.31182],[-117.34873,46.31327],[-117.34723,46.31346],[-117.34426,46.31346],[-117.34287,46.31322],[-117.34022,46.31244],[-117.33876,46.31239],[-117.33735,46.31261],[-117.33314,46.31362],[-117.3304,46.31408],[-117.32921,46.31447],[-117.32845,46.31507],[-117.32727,46.31631],[-117.32654,46.31671],[-117.32565,46.31672],[-117.32478,46.31637],[-117.32299,46.31533],[-117.32091,46.31451],[-117.3162,46.31379],[-117.31505,46.31378],[-117.31363,46.31416],[-117.31219,46.31507],[-117.31197,46.31563],[-117.30693,46.31582],[-117.30306,46.31547],[-117.30111,46.31511],[-117.29651,46.3138],[-117.29308,46.31264],[-117.29143,46.31256],[-117.29051,46.3128],[-117.28981,46.31325],[-117.28955,46.31384],[-117.28977,46.31446],[-117.29234,46.31746],[-117.29239,46.31813],[-117.29192,46.31871],[-117.29013,46.31961],[-117.289,46.31989],[-117.28772,46.32],[-117.28495,46.31999],[-117.28354,46.31991],[-117.27803,46.31906],[-117.27546,46.31885],[-117.27428,46.31861],[-117.27329,46.31812],[-117.2726,46.31747],[-117.27224,46.3167],[-117.27209,46.31589],[-117.27207,46.31442],[-117.27253,46.31318],[-117.27403,46.31119],[-117.27405,46.31083],[-117.27361,46.31015],[-117.27318,46.30987],[-117.27203,46.3095],[-117.2677,46.30894],[-117.26419,46.30819],[-117.26204,46.30739],[-117.26115,46.30687],[-117.2607,46.30632],[-117.26465,46.30145],[-117.26641,46.29884],[-117.26716,46.29807],[-117.26922,46.2969],[-117.27264,46.29543],[-117.27465,46.29418],[-117.27898,46.29021],[-117.28318,46.28493],[-117.28288,46.28415],[-117.28231,46.28353],[-117.27778,46.28312],[-117.27536,46.28268],[-117.27526,46.28172],[-117.27538,46.28109],[-117.27607,46.28028],[-117.27623,46.27938],[-117.27661,46.2785],[-117.27733,46.27795],[-117.27665,46.27721],[-117.27675,46.27632],[-117.27696,46.27614],[-117.27632,46.27535],[-117.27596,46.2744],[-117.27629,46.27417],[-117.27632,46.27343],[-117.27678,46.27212],[-117.27802,46.27131],[-117.27799,46.27107],[-117.27764,46.27061],[-117.27783,46.27027],[-117.27809,46.2701],[-117.2796,46.27012],[-117.28098,46.27089],[-117.28165,46.27097],[-117.28195,46.27087],[-117.28249,46.27018],[-117.28479,46.26965],[-117.28497,46.26955],[-117.28509,46.26914],[-117.28531,46.26895],[-117.28616,46.26847],[-117.28595,46.26802],[-117.28514,46.26726],[-117.28513,46.26703],[-117.28407,46.26667],[-117.28388,46.26623],[-117.28329,46.26613],[-117.28284,46.26583],[-117.28277,46.2655],[-117.28203,46.26549],[-117.28145,46.26523],[-117.28074,46.26511],[-117.27989,46.26446],[-117.28019,46.26436],[-117.28036,46.26394],[-117.28095,46.26413],[-117.28184,46.26477],[-117.28252,46.26459],[-117.2829,46.26494],[-117.28331,46.26485],[-117.28356,46.26514],[-117.28409,46.26511],[-117.28424,46.26538],[-117.28472,46.26533],[-117.28531,46.26559],[-117.28698,46.2654],[-117.28731,46.26517],[-117.28931,46.26551],[-117.28948,46.26598],[-117.29008,46.26623],[-117.2901,46.26669],[-117.28996,46.26703],[-117.29022,46.26735],[-117.28993,46.26771],[-117.29003,46.26803],[-117.28993,46.26828],[-117.28951,46.26875],[-117.29035,46.26855],[-117.29046,46.26805],[-117.29094,46.26736],[-117.2911,46.26611],[-117.29167,46.26529],[-117.29264,46.26021],[-117.28791,46.24878],[-117.28398,46.24359],[-117.28229,46.23095],[-117.28068,46.22724],[-117.28106,46.2241],[-117.28481,46.21611],[-117.28522,46.21557],[-117.28504,46.21533],[-117.28457,46.21511],[-117.28442,46.2146],[-117.28419,46.21432],[-117.28534,46.20838],[-117.28638,46.20505],[-117.28658,46.20467],[-117.287,46.20453],[-117.28746,46.20303],[-117.28855,46.20247],[-117.28896,46.20191],[-117.28902,46.20171],[-117.28888,46.20154],[-117.28914,46.20102],[-117.29032,46.19985],[-117.29105,46.19949],[-117.29167,46.19851],[-117.29172,46.19771],[-117.29187,46.19744],[-117.29518,46.19396],[-117.29605,46.19287],[-117.29771,46.19215],[-117.29859,46.19149],[-117.30095,46.19139],[-117.30127,46.19121],[-117.30261,46.18979],[-117.30246,46.18935],[-117.30278,46.18926],[-117.30276,46.189],[-117.30289,46.18882],[-117.30356,46.18839],[-117.30408,46.18784],[-117.30711,46.18711],[-117.30863,46.18614],[-117.30974,46.18567],[-117.31424,46.18289],[-117.31645,46.18174],[-117.3181,46.18063],[-117.32293,46.17702],[-117.32508,46.17518],[-117.32604,46.17305],[-117.32811,46.17111],[-117.32973,46.17006],[-117.3304,46.16948],[-117.33089,46.16876],[-117.33108,46.1682],[-117.33124,46.16741],[-117.33113,46.16542],[-117.33195,46.16305],[-117.33188,46.16239],[-117.33228,46.16073],[-117.33288,46.1594],[-117.333,46.15862],[-117.33286,46.15642],[-117.33308,46.15598],[-117.33329,46.15468],[-117.33282,46.15294],[-117.33286,46.15227],[-117.33197,46.15133],[-117.33168,46.15119],[-117.33135,46.1507],[-117.33129,46.15036],[-117.33183,46.15017],[-117.33314,46.15024],[-117.33363,46.15043],[-117.33417,46.15108],[-117.33492,46.15112],[-117.33505,46.15127],[-117.33543,46.15075],[-117.33508,46.15011],[-117.3353,46.14973],[-117.33539,46.14815],[-117.33523,46.14728],[-117.33533,46.14634],[-117.33549,46.14607],[-117.33594,46.14583],[-117.33608,46.14532],[-117.33683,46.14505],[-117.33733,46.14448],[-117.33851,46.14369],[-117.33911,46.14365],[-117.34019,46.14259],[-117.34103,46.14234],[-117.34117,46.14207],[-117.34161,46.14192],[-117.34252,46.14206],[-117.34266,46.141],[-117.34313,46.14037],[-117.34441,46.13978],[-117.34798,46.13719],[-117.3499,46.13547],[-117.35133,46.13474],[-117.35092,46.13252],[-117.35124,46.13052],[-117.3521,46.13044],[-117.35383,46.13061],[-117.35412,46.13049],[-117.35552,46.13068],[-117.36176,46.13071],[-117.36605,46.13119],[-117.36821,46.12949],[-117.36898,46.12852],[-117.36907,46.12674],[-117.3689,46.12584],[-117.36889,46.12463],[-117.36996,46.12255],[-117.36985,46.12097],[-117.37185,46.12047],[-117.37212,46.12066],[-117.37196,46.121],[-117.37168,46.12115],[-117.37174,46.12216],[-117.37186,46.1224],[-117.37496,46.12402],[-117.37737,46.12395],[-117.37814,46.12365],[-117.37987,46.12386],[-117.38129,46.12373],[-117.38236,46.12334],[-117.38329,46.12262],[-117.38373,46.12246],[-117.38477,46.12265],[-117.38581,46.12299],[-117.38663,46.12385],[-117.38821,46.12483],[-117.39,46.12509],[-117.39135,46.12497],[-117.39369,46.1253],[-117.39516,46.12586],[-117.39641,46.12669],[-117.39815,46.12751],[-117.39995,46.12879],[-117.40088,46.1292],[-117.40338,46.12972],[-117.40416,46.1296],[-117.40577,46.12996],[-117.40689,46.13002],[-117.40788,46.13043],[-117.41026,46.13192],[-117.41057,46.13258],[-117.41122,46.13344],[-117.41174,46.13362],[-117.41221,46.13332],[-117.4138,46.13355],[-117.41752,46.13505],[-117.41898,46.13542],[-117.42002,46.13583],[-117.4214,46.13598],[-117.42317,46.13525],[-117.42429,46.13508],[-117.42525,46.13529],[-117.42575,46.13567],[-117.42596,46.1362],[-117.42648,46.13623],[-117.4282,46.13572],[-117.43509,46.1362],[-117.43694,46.1367],[-117.439,46.13611],[-117.44189,46.13659],[-117.4439,46.13593],[-117.44549,46.13581],[-117.44615,46.13603],[-117.44761,46.13595],[-117.44881,46.13614],[-117.44938,46.1365],[-117.45153,46.13676],[-117.45261,46.13706],[-117.4544,46.13682],[-117.45549,46.13688],[-117.45631,46.13725],[-117.45648,46.13638],[-117.4552,46.13292],[-117.45554,46.13199],[-117.45743,46.13141],[-117.45836,46.13009],[-117.45947,46.12889],[-117.46191,46.12687],[-117.46199,46.12657],[-117.46316,46.12608],[-117.46333,46.12575],[-117.46314,46.12543],[-117.4639,46.12397],[-117.46387,46.1231],[-117.46434,46.1225],[-117.46646,46.12124],[-117.46812,46.12073],[-117.4722,46.12154],[-117.47319,46.1214],[-117.47449,46.12147],[-117.47585,46.12229],[-117.47683,46.12251],[-117.47901,46.12394],[-117.4801,46.1242],[-117.4817,46.12419],[-117.48263,46.12449],[-117.48316,46.12661],[-117.48486,46.12855],[-117.48595,46.13031],[-117.48765,46.1326],[-117.4886,46.13341],[-117.4894,46.13547],[-117.49009,46.13621],[-117.49113,46.13702],[-117.49238,46.13767],[-117.49327,46.13774],[-117.49474,46.1381],[-117.49492,46.13739],[-117.49518,46.13724],[-117.49509,46.13699],[-117.49542,46.13683],[-117.49569,46.13687],[-117.49571,46.1364],[-117.49593,46.13624],[-117.4959,46.13606],[-117.49605,46.13593],[-117.49656,46.13603],[-117.49731,46.13567],[-117.49773,46.13582],[-117.49814,46.13625],[-117.49839,46.13601],[-117.49859,46.13616],[-117.49902,46.13607],[-117.49971,46.13681],[-117.4999,46.13675],[-117.49986,46.13701],[-117.50041,46.13702],[-117.50001,46.13721],[-117.50079,46.13824],[-117.50077,46.13919],[-117.50061,46.13928],[-117.50004,46.1392],[-117.49983,46.13856],[-117.49985,46.13884],[-117.49962,46.13901],[-117.49851,46.1386],[-117.49821,46.1387],[-117.49811,46.13915]]]},"properties":{"fire_id":"ufid:2021-ORUMF-000658","source_collection":"history-2021","source_objectid":13800,"incident_name":"Lick Creek","mapped_acres":80436.8,"mapped_acres_source":"poly_GISAcres","gis_acres":80436.8,"auto_acres":80436.48817371177,"reported_acres":25336.0,"percent_contained":null,"state":"WA","state_wfigs":"US-WA","county":"Asotin","discovery_time_utc":"2021-07-07T15:18:00Z","perimeter_time_utc":null,"perimeter_edit_time_utc":"2023-03-14T15:13:42Z","incident_modified_time_utc":"2022-01-12T18:45:09Z","containment_time_utc":"2021-08-28T07:00:00Z","control_time_utc":"2021-09-22T00:59:00Z","fire_out_time_utc":"2022-01-11T20:00:00Z","fire_cause":"Natural","fire_cause_general":"Natural","map_method":"Infrared Image","source_dataset":"FFP","unique_fire_identifier":"2021-ORUMF-000658","irwin_id":"{415BD75F-88E8-4208-8D87-7C2CA655728F}","global_id":"7dbce77f-985f-4fc6-92d7-cf31e8fab98f"}},{"type":"Feature","geometry":{"type":"MultiPolygon","coordinates":[[[[-118.13029,48.46952],[-118.12944,48.46855],[-118.12949,48.46783],[-118.12923,48.46743],[-118.1288,48.46715],[-118.12891,48.46677],[-118.12793,48.4661],[-118.12745,48.46536],[-118.12715,48.46457],[-118.12726,48.46384],[-118.12681,48.46226],[-118.12685,48.46174],[-118.12704,48.4617],[-118.12722,48.46139],[-118.12774,48.46132],[-118.12795,48.46114],[-118.12779,48.46076],[-118.12814,48.46055],[-118.12871,48.46045],[-118.12869,48.46032],[-118.12833,48.46013],[-118.12863,48.46007],[-118.12873,48.45986],[-118.12836,48.4593],[-118.12822,48.45928],[-118.12835,48.45918],[-118.12835,48.45892],[-118.12852,48.45891],[-118.1283,48.45878],[-118.1286,48.45881],[-118.1287,48.45862],[-118.12911,48.4586],[-118.12905,48.45844],[-118.12945,48.45845],[-118.1292,48.45818],[-118.12931,48.45802],[-118.12924,48.45771],[-118.12961,48.4572],[-118.12909,48.45669],[-118.12905,48.45633],[-118.12942,48.45625],[-118.1297,48.45592],[-118.12969,48.45559],[-118.13035,48.45591],[-118.13093,48.45589],[-118.1305,48.45524],[-118.13108,48.45497],[-118.13122,48.4546],[-118.13108,48.45445],[-118.13121,48.45418],[-118.13114,48.45406],[-118.13191,48.45355],[-118.13193,48.45332],[-118.13174,48.45315],[-118.1318,48.45298],[-118.13223,48.45293],[-118.13231,48.45245],[-118.13328,48.45201],[-118.13361,48.45156],[-118.13401,48.45183],[-118.13413,48.45161],[-118.13466,48.45146],[-118.13462,48.45186],[-118.13483,48.45215],[-118.13525,48.45169],[-118.13533,48.45215],[-118.13548,48.45231],[-118.13582,48.45228],[-118.13618,48.45175],[-118.13589,48.45057],[-118.13558,48.45045],[-118.13549,48.4502],[-118.13517,48.45001],[-118.13483,48.45014],[-118.13494,48.44955],[-118.13459,48.4491],[-118.13468,48.44883],[-118.13537,48.44842],[-118.13582,48.44842],[-118.13607,48.44798],[-118.13651,48.44779],[-118.13708,48.44764],[-118.13713,48.44781],[-118.13753,48.44752],[-118.13856,48.4474],[-118.139,48.4475],[-118.13963,48.44644],[-118.13981,48.44566],[-118.13961,48.44464],[-118.13963,48.44394],[-118.13999,48.44298],[-118.13989,48.44263],[-118.13924,48.44232],[-118.13816,48.44237],[-118.13696,48.4418],[-118.13754,48.44159],[-118.13771,48.44136],[-118.13765,48.44113],[-118.13775,48.44097],[-118.13855,48.44036],[-118.13848,48.43992],[-118.13865,48.43926],[-118.13845,48.43901],[-118.13907,48.4385],[-118.13871,48.43827],[-118.13886,48.438],[-118.13815,48.43742],[-118.13864,48.43714],[-118.13985,48.43727],[-118.14138,48.43661],[-118.14246,48.43684],[-118.14253,48.43649],[-118.14264,48.43647],[-118.14296,48.43664],[-118.14299,48.43705],[-118.14356,48.43792],[-118.14325,48.43854],[-118.144,48.43911],[-118.14443,48.43926],[-118.14516,48.43923],[-118.14567,48.43937],[-118.14645,48.43883],[-118.14736,48.43892],[-118.14883,48.43829],[-118.14928,48.4383],[-118.14973,48.43858],[-118.15076,48.43885],[-118.15135,48.43937],[-118.1521,48.44073],[-118.15294,48.44142],[-118.15218,48.44282],[-118.15174,48.44325],[-118.15194,48.44387],[-118.15164,48.44511],[-118.15394,48.4452],[-118.15324,48.44571],[-118.15253,48.44682],[-118.15167,48.44744],[-118.15152,48.44829],[-118.15086,48.44924],[-118.15064,48.45033],[-118.15021,48.45067],[-118.14981,48.45131],[-118.14885,48.45154],[-118.14845,48.45178],[-118.14827,48.45212],[-118.14838,48.45289],[-118.14687,48.45322],[-118.14632,48.45403],[-118.14439,48.45497],[-118.14338,48.45596],[-118.14014,48.45701],[-118.14003,48.45726],[-118.14015,48.45777],[-118.14002,48.45831],[-118.13899,48.45858],[-118.13873,48.4588],[-118.13868,48.45899],[-118.13888,48.4593],[-118.13953,48.45903],[-118.14069,48.45913],[-118.1408,48.45941],[-118.14071,48.45966],[-118.14131,48.46024],[-118.14109,48.46103],[-118.14181,48.46128],[-118.14191,48.46242],[-118.14149,48.46319],[-118.14128,48.4651],[-118.14076,48.46563],[-118.14,48.46593],[-118.13882,48.46584],[-118.13842,48.46588],[-118.13796,48.46617],[-118.13773,48.46609],[-118.13757,48.46627],[-118.13712,48.46618],[-118.13735,48.46648],[-118.13713,48.46659],[-118.13699,48.46697],[-118.13606,48.46732],[-118.13609,48.4674],[-118.13576,48.46758],[-118.13535,48.46756],[-118.13528,48.46779],[-118.13447,48.46857],[-118.13439,48.46904],[-118.13383,48.46912],[-118.1327,48.46891],[-118.13105,48.46931],[-118.13058,48.46962],[-118.13029,48.46952]]],[[[-118.13157,48.47077],[-118.13144,48.47058],[-118.13181,48.47049],[-118.13199,48.47059],[-118.13196,48.47075],[-118.13157,48.47077]]]]},"properties":{"fire_id":"ufid:2021-WANES-002076","source_collection":"history-2021","source_objectid":13932,"incident_name":"GODDARD ROAD","mapped_acres":813.8875,"mapped_acres_source":"poly_GISAcres","gis_acres":813.8875,"auto_acres":813.884352372931,"reported_acres":815.0,"percent_contained":null,"state":"WA","state_wfigs":"US-WA","county":"Stevens","discovery_time_utc":"2021-07-16T20:43:00Z","perimeter_time_utc":"2021-07-25T06:43:44Z","perimeter_edit_time_utc":"2023-03-14T15:13:42Z","incident_modified_time_utc":"2021-12-28T23:16:15Z","containment_time_utc":"2021-07-27T13:00:00Z","control_time_utc":"2021-07-27T13:00:00Z","fire_out_time_utc":"2021-12-14T18:35:00Z","fire_cause":"Human","fire_cause_general":"Equipment and vehicle use","map_method":"Mixed Methods","source_dataset":"FFP","unique_fire_identifier":"2021-WANES-002076","irwin_id":"{90D10677-4F94-400B-B44E-10AC0429CEBF}","global_id":"24d6f380-5635-4317-898c-ce795311e084"}},{"type":"Feature","geometry":{"type":"MultiPolygon","coordinates":[[[[-117.47869,47.81905],[-117.4787,47.81902],[-117.47872,47.81905],[-117.47869,47.81905]]],[[[-117.47775,47.81935],[-117.47688,47.81944],[-117.47677,47.81967],[-117.47653,47.81977],[-117.47632,47.81964],[-117.47606,47.81994],[-117.4757,47.82014],[-117.47554,47.8202],[-117.47569,47.82049],[-117.47544,47.82069],[-117.47508,47.82047],[-117.47487,47.82075],[-117.47466,47.82072],[-117.47399,47.82113],[-117.47361,47.82107],[-117.47284,47.82123],[-117.47196,47.82176],[-117.47154,47.82174],[-117.47104,47.822],[-117.46955,47.82196],[-117.46912,47.82214],[-117.46826,47.82196],[-117.46809,47.8221],[-117.46814,47.82246],[-117.46773,47.82256],[-117.46605,47.82229],[-117.46489,47.82129],[-117.46346,47.821],[-117.46348,47.82082],[-117.46399,47.82049],[-117.46532,47.82007],[-117.46499,47.81957],[-117.46477,47.81858],[-117.46503,47.81819],[-117.46501,47.81803],[-117.4645,47.81791],[-117.46429,47.81761],[-117.46311,47.81799],[-117.46184,47.81792],[-117.46113,47.81746],[-117.46125,47.81701],[-117.46105,47.81672],[-117.4613,47.81653],[-117.46238,47.81621],[-117.4633,47.81644],[-117.46562,47.81662],[-117.4677,47.81735],[-117.46817,47.81761],[-117.4682,47.81776],[-117.46893,47.81742],[-117.46944,47.81747],[-117.47079,47.8179],[-117.47126,47.81843],[-117.47163,47.81918],[-117.47179,47.81922],[-117.47295,47.81882],[-117.47323,47.81809],[-117.47344,47.81791],[-117.47489,47.81741],[-117.47539,47.81741],[-117.47567,47.81772],[-117.47652,47.81785],[-117.47714,47.81853],[-117.47769,47.81801],[-117.47736,47.81728],[-117.47718,47.81717],[-117.47792,47.81702],[-117.4785,47.81668],[-117.47882,47.81665],[-117.47937,47.81699],[-117.48014,47.81698],[-117.48073,47.81758],[-117.4801,47.81791],[-117.47999,47.81844],[-117.47946,47.81868],[-117.47935,47.81898],[-117.47887,47.81886],[-117.4787,47.81902],[-117.47812,47.81904],[-117.47775,47.81935]],[[-117.47573,47.820105],[-117.47572,47.82011],[-117.47573,47.82011],[-117.47573,47.820105]]],[[[-117.46571,47.82464],[-117.46474,47.8241],[-117.46453,47.82381],[-117.46532,47.82321],[-117.46674,47.82329],[-117.46643,47.82427],[-117.46571,47.82464]]]]},"properties":{"fire_id":"ufid:2021-WANES-002165","source_collection":"history-2021","source_objectid":13941,"incident_name":"Hazard Hill","mapped_acres":124.6741,"mapped_acres_source":"poly_GISAcres","gis_acres":124.6741,"auto_acres":124.76962627800056,"reported_acres":120.9,"percent_contained":null,"state":"WA","state_wfigs":"US-WA","county":"Spokane","discovery_time_utc":"2021-07-26T00:53:00Z","perimeter_time_utc":null,"perimeter_edit_time_utc":"2023-03-14T15:13:42Z","incident_modified_time_utc":"2021-12-20T19:11:29Z","containment_time_utc":"2021-07-30T03:00:00Z","control_time_utc":"2021-08-03T03:00:00Z","fire_out_time_utc":"2021-09-23T21:42:00Z","fire_cause":"Human","fire_cause_general":"Equipment and vehicle use","map_method":"Mixed Methods","source_dataset":"FFP","unique_fire_identifier":"2021-WANES-002165","irwin_id":"{C25CF8BD-C648-4F98-B3D6-DB815CC73246}","global_id":"9b49d48e-5f39-4924-844e-f18b5d1c6132"}},{"type":"Feature","geometry":{"type":"Polygon","coordinates":[[[-118.25156,48.75598],[-118.25256,48.75542],[-118.25294,48.75477],[-118.25356,48.75449],[-118.25472,48.75316],[-118.25589,48.75257],[-118.25619,48.75206],[-118.2573,48.75099],[-118.25918,48.74956],[-118.26162,48.74902],[-118.26233,48.74905],[-118.26275,48.74884],[-118.26322,48.74886],[-118.26336,48.74919],[-118.26393,48.74904],[-118.26455,48.74868],[-118.26468,48.74835],[-118.26488,48.74826],[-118.26802,48.74749],[-118.26947,48.74653],[-118.26931,48.74624],[-118.26998,48.74608],[-118.26991,48.74595],[-118.26962,48.74598],[-118.26962,48.74587],[-118.27084,48.74513],[-118.27148,48.7449],[-118.27279,48.74478],[-118.27346,48.74487],[-118.27397,48.74469],[-118.2744,48.74475],[-118.27573,48.74546],[-118.27604,48.74512],[-118.27613,48.74546],[-118.27643,48.74554],[-118.27775,48.74545],[-118.2777,48.74531],[-118.27784,48.74522],[-118.27944,48.7455],[-118.28012,48.74528],[-118.28219,48.74537],[-118.28296,48.74557],[-118.28318,48.74599],[-118.28404,48.74681],[-118.28585,48.74676],[-118.28659,48.74692],[-118.28775,48.74734],[-118.28892,48.74816],[-118.29034,48.74893],[-118.29104,48.7491],[-118.29285,48.74911],[-118.29561,48.7494],[-118.29618,48.74969],[-118.29521,48.75136],[-118.29611,48.75177],[-118.29626,48.75173],[-118.29647,48.75204],[-118.29659,48.75192],[-118.29654,48.75158],[-118.29717,48.75125],[-118.29689,48.75108],[-118.29704,48.75103],[-118.29709,48.7508],[-118.29738,48.7507],[-118.29757,48.75087],[-118.29775,48.75084],[-118.2975,48.75037],[-118.29814,48.75028],[-118.29782,48.74958],[-118.29816,48.74925],[-118.29798,48.74905],[-118.2984,48.74856],[-118.29866,48.74864],[-118.29915,48.74849],[-118.2996,48.74861],[-118.29953,48.74874],[-118.29972,48.74921],[-118.30057,48.74921],[-118.30064,48.74931],[-118.29988,48.74962],[-118.29981,48.74968],[-118.29996,48.74987],[-118.30084,48.74985],[-118.30247,48.75015],[-118.30244,48.75052],[-118.30271,48.75088],[-118.30357,48.75114],[-118.30456,48.75194],[-118.30521,48.75229],[-118.3059,48.7526],[-118.30678,48.75273],[-118.30934,48.75367],[-118.30906,48.7557],[-118.30641,48.757],[-118.30497,48.7587],[-118.30427,48.76427],[-118.30247,48.76645],[-118.30202,48.76873],[-118.3022,48.77126],[-118.30345,48.77554],[-118.30504,48.77751],[-118.30667,48.77907],[-118.30626,48.77939],[-118.30634,48.77971],[-118.30669,48.77992],[-118.30677,48.78104],[-118.30666,48.78151],[-118.3064,48.78167],[-118.30618,48.78265],[-118.30662,48.78302],[-118.30689,48.78366],[-118.30729,48.78404],[-118.30708,48.78435],[-118.30763,48.78428],[-118.30798,48.78469],[-118.30788,48.78516],[-118.30687,48.78588],[-118.30688,48.78688],[-118.30676,48.78741],[-118.30631,48.78778],[-118.30569,48.78804],[-118.30406,48.78967],[-118.30357,48.79157],[-118.30321,48.79196],[-118.30125,48.79252],[-118.30101,48.79305],[-118.30134,48.79322],[-118.30201,48.79318],[-118.30162,48.79377],[-118.30104,48.79383],[-118.30059,48.79407],[-118.30051,48.79429],[-118.30023,48.79427],[-118.29941,48.7948],[-118.29968,48.79421],[-118.29913,48.79419],[-118.29912,48.7943],[-118.29886,48.79432],[-118.29875,48.7941],[-118.29665,48.79334],[-118.2949,48.79309],[-118.29425,48.79318],[-118.29407,48.79354],[-118.29344,48.79336],[-118.29326,48.79379],[-118.29234,48.79449],[-118.29175,48.79427],[-118.2893,48.79498],[-118.28929,48.79516],[-118.28983,48.79535],[-118.29002,48.79578],[-118.29059,48.79604],[-118.29011,48.79634],[-118.29049,48.79647],[-118.29035,48.79659],[-118.2905,48.79675],[-118.29062,48.79729],[-118.29175,48.79681],[-118.29258,48.79667],[-118.29122,48.79782],[-118.29124,48.79827],[-118.29083,48.7987],[-118.29087,48.79919],[-118.29049,48.7997],[-118.28958,48.8002],[-118.29016,48.8007],[-118.29059,48.80085],[-118.29228,48.80109],[-118.29265,48.80147],[-118.29264,48.80193],[-118.29243,48.80222],[-118.29292,48.80305],[-118.29264,48.8035],[-118.29388,48.80523],[-118.29532,48.80592],[-118.29555,48.80664],[-118.29574,48.80629],[-118.29605,48.8061],[-118.29658,48.80616],[-118.29663,48.80631],[-118.29612,48.80662],[-118.2959,48.8071],[-118.29616,48.80733],[-118.29611,48.80744],[-118.29583,48.80738],[-118.29563,48.80786],[-118.29438,48.80907],[-118.29469,48.81001],[-118.29568,48.8108],[-118.29583,48.81076],[-118.29592,48.81068],[-118.29578,48.81055],[-118.29591,48.81052],[-118.29587,48.8104],[-118.29643,48.81046],[-118.29631,48.81038],[-118.29639,48.81022],[-118.29674,48.81018],[-118.29657,48.81007],[-118.29687,48.8098],[-118.29658,48.80975],[-118.29676,48.80927],[-118.29695,48.80929],[-118.29698,48.80914],[-118.29727,48.80907],[-118.29755,48.80911],[-118.29774,48.80883],[-118.29804,48.8087],[-118.29844,48.80885],[-118.2984,48.8091],[-118.29873,48.80905],[-118.29927,48.80942],[-118.29915,48.8099],[-118.29895,48.81004],[-118.29967,48.81016],[-118.29981,48.81005],[-118.30141,48.81006],[-118.3019,48.81026],[-118.30193,48.8104],[-118.30248,48.81048],[-118.30245,48.81063],[-118.30219,48.81062],[-118.30208,48.81079],[-118.30185,48.81077],[-118.30147,48.81097],[-118.30091,48.81089],[-118.30073,48.81062],[-118.30035,48.81089],[-118.29924,48.81042],[-118.29857,48.81075],[-118.29853,48.81108],[-118.29778,48.81098],[-118.29772,48.81118],[-118.2973,48.81134],[-118.29725,48.81157],[-118.29703,48.81162],[-118.29778,48.81209],[-118.29788,48.81199],[-118.29778,48.81183],[-118.29816,48.81183],[-118.29808,48.81201],[-118.2983,48.81223],[-118.2987,48.81202],[-118.2988,48.81211],[-118.29862,48.81224],[-118.2988,48.81232],[-118.29875,48.81247],[-118.29864,48.81264],[-118.29814,48.81287],[-118.29791,48.81262],[-118.2981,48.81227],[-118.29788,48.81216],[-118.29782,48.81242],[-118.29752,48.81267],[-118.29761,48.81283],[-118.29725,48.81284],[-118.29698,48.81302],[-118.29724,48.81333],[-118.29672,48.8133],[-118.29662,48.81332],[-118.29675,48.8135],[-118.29637,48.81338],[-118.29583,48.81359],[-118.2952,48.81394],[-118.29474,48.81444],[-118.29505,48.81631],[-118.29409,48.81707],[-118.2949,48.81787],[-118.29478,48.8181],[-118.29512,48.81795],[-118.29516,48.81781],[-118.29483,48.81764],[-118.29506,48.81759],[-118.29498,48.81743],[-118.2951,48.8173],[-118.29586,48.81763],[-118.2961,48.81808],[-118.29577,48.81876],[-118.29551,48.81855],[-118.29525,48.81856],[-118.29517,48.81839],[-118.29486,48.81845],[-118.29471,48.81826],[-118.29442,48.8188],[-118.29427,48.81885],[-118.29428,48.81927],[-118.29458,48.8194],[-118.29431,48.81952],[-118.29436,48.81969],[-118.29409,48.81977],[-118.29396,48.8201],[-118.29348,48.82046],[-118.29265,48.82079],[-118.29223,48.82122],[-118.2917,48.8212],[-118.29137,48.82146],[-118.29026,48.82136],[-118.28946,48.82103],[-118.28896,48.82096],[-118.28855,48.821],[-118.28814,48.82138],[-118.28692,48.82118],[-118.2869,48.82107],[-118.28733,48.82089],[-118.28746,48.82071],[-118.28663,48.82068],[-118.2853,48.82042],[-118.28537,48.81997],[-118.28593,48.81971],[-118.28725,48.81947],[-118.28771,48.81912],[-118.28772,48.8189],[-118.28745,48.81882],[-118.28751,48.81863],[-118.28639,48.81834],[-118.28541,48.8177],[-118.28474,48.81761],[-118.28332,48.81654],[-118.28221,48.81597],[-118.28176,48.81551],[-118.28082,48.81529],[-118.27886,48.81589],[-118.2781,48.81594],[-118.27602,48.81556],[-118.27595,48.8157],[-118.27671,48.81603],[-118.27653,48.81614],[-118.27552,48.8157],[-118.27547,48.81585],[-118.27597,48.81616],[-118.27681,48.81632],[-118.27752,48.81663],[-118.27743,48.81674],[-118.27671,48.81647],[-118.27556,48.81627],[-118.27511,48.81587],[-118.2751,48.81576],[-118.27534,48.81565],[-118.27497,48.81555],[-118.27485,48.81575],[-118.2745,48.81576],[-118.27441,48.81552],[-118.27459,48.81543],[-118.27459,48.81522],[-118.27444,48.81516],[-118.27449,48.81507],[-118.27469,48.81519],[-118.275,48.81506],[-118.27459,48.8147],[-118.27415,48.81376],[-118.27441,48.81342],[-118.27617,48.81252],[-118.27658,48.81208],[-118.27664,48.81159],[-118.27625,48.81121],[-118.27615,48.81076],[-118.27576,48.81039],[-118.27525,48.81008],[-118.27423,48.80979],[-118.27315,48.81003],[-118.27272,48.80989],[-118.27198,48.81013],[-118.27128,48.81002],[-118.27137,48.8098],[-118.27083,48.80983],[-118.2713,48.81007],[-118.27042,48.81061],[-118.27041,48.81072],[-118.27072,48.8108],[-118.27063,48.81086],[-118.27007,48.81085],[-118.27067,48.81109],[-118.27091,48.81104],[-118.27069,48.81095],[-118.27078,48.81089],[-118.2713,48.81087],[-118.27103,48.81114],[-118.2714,48.8115],[-118.27184,48.81132],[-118.27229,48.81168],[-118.27208,48.812],[-118.27302,48.81227],[-118.27291,48.81237],[-118.27269,48.8123],[-118.27274,48.81243],[-118.27262,48.81242],[-118.27257,48.81259],[-118.27245,48.81228],[-118.27063,48.81124],[-118.26954,48.81094],[-118.2696,48.81085],[-118.26927,48.81053],[-118.2688,48.81034],[-118.26843,48.81055],[-118.26798,48.81049],[-118.26822,48.81075],[-118.268,48.8108],[-118.26782,48.81072],[-118.26787,48.81053],[-118.26765,48.81037],[-118.26789,48.80962],[-118.26871,48.80954],[-118.26867,48.80972],[-118.26903,48.8095],[-118.26873,48.80947],[-118.26893,48.80928],[-118.26889,48.80904],[-118.26851,48.80901],[-118.26818,48.80921],[-118.26794,48.80918],[-118.26819,48.80907],[-118.26866,48.80847],[-118.26976,48.80803],[-118.26982,48.80789],[-118.27046,48.80785],[-118.27044,48.80757],[-118.2706,48.80744],[-118.27125,48.80737],[-118.27148,48.80709],[-118.27138,48.807],[-118.27104,48.80705],[-118.27089,48.80693],[-118.27088,48.8073],[-118.27065,48.80735],[-118.27026,48.80716],[-118.26927,48.80709],[-118.26898,48.80682],[-118.26854,48.80673],[-118.26799,48.80684],[-118.26713,48.80675],[-118.26587,48.80627],[-118.26515,48.80616],[-118.26427,48.80631],[-118.26329,48.80543],[-118.26289,48.80524],[-118.26269,48.80493],[-118.26212,48.8046],[-118.26185,48.80477],[-118.26033,48.805],[-118.26004,48.80518],[-118.25944,48.80478],[-118.25924,48.8048],[-118.25924,48.80466],[-118.259,48.8046],[-118.25803,48.80373],[-118.25705,48.80356],[-118.25574,48.80369],[-118.25374,48.80348],[-118.25246,48.8037],[-118.25211,48.80428],[-118.25234,48.80443],[-118.25195,48.80549],[-118.25168,48.80553],[-118.2515,48.80596],[-118.25001,48.80696],[-118.24981,48.8073],[-118.24935,48.80739],[-118.24882,48.80772],[-118.24713,48.80774],[-118.24532,48.80738],[-118.24499,48.80707],[-118.24507,48.80616],[-118.24532,48.80608],[-118.2445,48.80545],[-118.24416,48.80532],[-118.2422,48.80592],[-118.23943,48.80573],[-118.238,48.80478],[-118.2339,48.8026],[-118.23417,48.80214],[-118.23424,48.80164],[-118.23473,48.80095],[-118.2351,48.80072],[-118.23696,48.80026],[-118.23734,48.79996],[-118.23784,48.79985],[-118.23963,48.7969],[-118.24003,48.79647],[-118.24001,48.79624],[-118.24059,48.79585],[-118.2407,48.79534],[-118.24111,48.79488],[-118.24103,48.79461],[-118.24137,48.79396],[-118.24118,48.79294],[-118.24123,48.79252],[-118.24084,48.79231],[-118.24079,48.79158],[-118.24128,48.79118],[-118.24115,48.79105],[-118.24111,48.79017],[-118.24169,48.78887],[-118.24194,48.78787],[-118.24195,48.78624],[-118.24293,48.78461],[-118.24333,48.7844],[-118.24423,48.78315],[-118.24499,48.78248],[-118.24554,48.78085],[-118.24576,48.78073],[-118.24529,48.7803],[-118.24584,48.77831],[-118.24555,48.77462],[-118.24593,48.77285],[-118.24602,48.77091],[-118.2466,48.76981],[-118.24684,48.76884],[-118.24789,48.76694],[-118.24806,48.76583],[-118.2473,48.76491],[-118.24729,48.764],[-118.24777,48.76307],[-118.24878,48.76245],[-118.24895,48.76231],[-118.24891,48.76218],[-118.24942,48.76212],[-118.24964,48.76132],[-118.24951,48.75976],[-118.24982,48.75831],[-118.25106,48.75711],[-118.25156,48.75598]]]},"properties":{"fire_id":"ufid:2021-WACOF-002348","source_collection":"history-2021","source_objectid":13953,"incident_name":"BULLDOG MOUNTAIN","mapped_acres":6202.18,"mapped_acres_source":"poly_GISAcres","gis_acres":6202.18,"auto_acres":7202.775730499061,"reported_acres":7200.0,"percent_contained":null,"state":"WA","state_wfigs":"US-WA","county":"Ferry","discovery_time_utc":"2021-08-05T22:08:00Z","perimeter_time_utc":"2022-08-30T07:23:07Z","perimeter_edit_time_utc":"2023-03-14T15:13:42Z","incident_modified_time_utc":"2021-12-17T16:26:58Z","containment_time_utc":"2021-11-17T17:00:00Z","control_time_utc":"2021-11-17T17:00:00Z","fire_out_time_utc":"2021-11-17T17:02:00Z","fire_cause":"Natural","fire_cause_general":"Natural","map_method":"Mixed Methods","source_dataset":"FFP","unique_fire_identifier":"2021-WACOF-002348","irwin_id":"{087636DC-25DC-4309-A1F4-5A3B9A5141DF}","global_id":"b44c2531-3eea-4ff7-9c13-6a3ac98cbddc"}},{"type":"Feature","geometry":{"type":"MultiPolygon","coordinates":[[[[-117.57334,48.54039],[-117.57312,48.54023],[-117.57336,48.54032],[-117.57334,48.54039]]],[[[-117.57208,48.54042],[-117.57236,48.54019],[-117.57237,48.54044],[-117.57208,48.54042]]],[[[-117.58691,48.5407],[-117.58635,48.54148],[-117.58587,48.54298],[-117.5851,48.54351],[-117.58446,48.54302],[-117.5837,48.54298],[-117.58254,48.54244],[-117.57902,48.54171],[-117.57803,48.54213],[-117.57627,48.54262],[-117.57538,48.54252],[-117.57472,48.54309],[-117.57395,48.54334],[-117.57373,48.54317],[-117.57367,48.54277],[-117.57402,48.54178],[-117.57331,48.54184],[-117.57303,48.54223],[-117.57221,48.54193],[-117.57224,48.54147],[-117.57243,48.54136],[-117.57184,48.54093],[-117.57197,48.54078],[-117.57271,48.54078],[-117.57286,48.54065],[-117.57307,48.5408],[-117.57342,48.54082],[-117.57347,48.54057],[-117.57442,48.5405],[-117.57478,48.54064],[-117.57475,48.54101],[-117.57502,48.54113],[-117.57531,48.54083],[-117.57519,48.54056],[-117.57579,48.54058],[-117.5767,48.54],[-117.57648,48.53998],[-117.5764,48.53985],[-117.57665,48.53966],[-117.57656,48.53943],[-117.57739,48.53935],[-117.5778,48.53944],[-117.57829,48.53933],[-117.57947,48.53972],[-117.57965,48.53956],[-117.58016,48.53958],[-117.58043,48.53945],[-117.58064,48.53908],[-117.58082,48.539],[-117.5811,48.53915],[-117.58109,48.53932],[-117.58153,48.53932],[-117.58204,48.53951],[-117.58232,48.5391],[-117.58218,48.53883],[-117.58249,48.53896],[-117.58267,48.53884],[-117.58251,48.53871],[-117.58281,48.53865],[-117.58318,48.53894],[-117.58345,48.53879],[-117.58377,48.53887],[-117.5839,48.53866],[-117.58389,48.53879],[-117.5841,48.53877],[-117.5841,48.53899],[-117.58463,48.5394],[-117.58673,48.53934],[-117.58768,48.53986],[-117.58787,48.53974],[-117.58823,48.54001],[-117.58691,48.5407]]],[[[-117.57144,48.54175],[-117.57154,48.54173],[-117.57162,48.54179],[-117.57144,48.54175]]],[[[-117.58704,48.54384],[-117.58905,48.54134],[-117.59095,48.54002],[-117.59321,48.53969],[-117.59375,48.53989],[-117.59442,48.54087],[-117.59594,48.54141],[-117.59622,48.54181],[-117.59611,48.54206],[-117.59537,48.54231],[-117.59444,48.54312],[-117.59378,48.54341],[-117.59257,48.54334],[-117.59257,48.54271],[-117.59244,48.54261],[-117.59178,48.54259],[-117.59151,48.54277],[-117.59089,48.54267],[-117.59013,48.54316],[-117.58983,48.5437],[-117.58936,48.54397],[-117.58874,48.54394],[-117.58769,48.54469],[-117.58656,48.54504],[-117.58584,48.54431],[-117.58612,48.54406],[-117.58704,48.54384]]],[[[-117.57263,48.54247],[-117.57242,48.54238],[-117.57276,48.54242],[-117.57263,48.54247]]],[[[-117.57291,48.54302],[-117.573,48.54291],[-117.57317,48.54298],[-117.57291,48.54302]]],[[[-117.57073,48.54033],[-117.571,48.54029],[-117.57082,48.54039],[-117.57073,48.54033]]],[[[-117.57065,48.54112],[-117.57059,48.54097],[-117.57073,48.54098],[-117.57065,48.54112]]],[[[-117.57111,48.5411],[-117.57099,48.54121],[-117.57087,48.54108],[-117.57111,48.5411]]],[[[-117.56975,48.54142],[-117.56931,48.54147],[-117.56965,48.54127],[-117.56975,48.54142]]],[[[-117.56756,48.54201],[-117.56754,48.54181],[-117.56775,48.54173],[-117.56777,48.54194],[-117.56756,48.54201]]],[[[-117.56745,48.542],[-117.56749,48.54199],[-117.5675,48.542],[-117.56745,48.542]]],[[[-117.56752,48.54201],[-117.5675,48.542],[-117.56752,48.542],[-117.56752,48.54201]]]]},"properties":{"fire_id":"ufid:2021-WANES-002141","source_collection":"history-2021","source_objectid":14025,"incident_name":"Spruce Canyon","mapped_acres":128.6652,"mapped_acres_source":"poly_GISAcres","gis_acres":128.6652,"auto_acres":128.76179061053188,"reported_acres":130.0,"percent_contained":null,"state":"WA","state_wfigs":"US-WA","county":"Stevens","discovery_time_utc":"2021-07-23T21:02:00Z","perimeter_time_utc":"2021-07-29T19:30:00Z","perimeter_edit_time_utc":"2023-03-14T15:13:42Z","incident_modified_time_utc":"2021-12-28T23:20:57Z","containment_time_utc":"2021-08-07T22:30:00Z","control_time_utc":"2021-09-28T17:57:00Z","fire_out_time_utc":"2021-09-28T17:57:00Z","fire_cause":"Human","fire_cause_general":"Other causes","map_method":"Mixed Methods","source_dataset":"FFP","unique_fire_identifier":"2021-WANES-002141","irwin_id":"{7987BBBE-E27B-4212-BDFE-75C40F8B36C8}","global_id":"84faf2c6-2e1b-4296-bce8-46c491344e72"}},{"type":"Feature","geometry":{"type":"MultiPolygon","coordinates":[[[[-118.43267,48.34708],[-118.43275,48.34686],[-118.43306,48.34684],[-118.43334,48.34663],[-118.43334,48.34633],[-118.43346,48.34631],[-118.43321,48.34629],[-118.43315,48.34606],[-118.43249,48.34598],[-118.43144,48.34614],[-118.43126,48.34605],[-118.43218,48.34579],[-118.4323,48.34499],[-118.43344,48.34419],[-118.43385,48.34357],[-118.43441,48.3432],[-118.4347,48.34261],[-118.43452,48.34245],[-118.4352,48.34229],[-118.43572,48.34258],[-118.43555,48.34298],[-118.43626,48.34312],[-118.43649,48.34342],[-118.43619,48.34367],[-118.43538,48.34381],[-118.43534,48.34438],[-118.4346,48.34557],[-118.43497,48.3457],[-118.43518,48.3462],[-118.43559,48.34655],[-118.43592,48.34665],[-118.43596,48.34687],[-118.43506,48.34709],[-118.435,48.34734],[-118.43481,48.34734],[-118.43468,48.34753],[-118.43474,48.34761],[-118.43371,48.34779],[-118.43352,48.34768],[-118.43349,48.34725],[-118.43287,48.3473],[-118.43267,48.34708]]],[[[-118.42205,48.46781],[-118.42086,48.46769],[-118.4206,48.46736],[-118.41961,48.46674],[-118.41956,48.46657],[-118.41927,48.46644],[-118.41875,48.46592],[-118.41819,48.46567],[-118.41818,48.46555],[-118.41843,48.46539],[-118.41932,48.46546],[-118.41914,48.46527],[-118.41843,48.4651],[-118.41757,48.46422],[-118.41733,48.46433],[-118.41757,48.46446],[-118.41712,48.46458],[-118.41787,48.46476],[-118.41784,48.465],[-118.41804,48.46508],[-118.4181,48.46553],[-118.41703,48.46467],[-118.41676,48.46473],[-118.41661,48.46461],[-118.41659,48.46482],[-118.41552,48.46475],[-118.41551,48.46464],[-118.41406,48.46483],[-118.41433,48.4646],[-118.41575,48.4644],[-118.41615,48.46404],[-118.41653,48.46387],[-118.41708,48.46386],[-118.41719,48.46372],[-118.41643,48.46355],[-118.41532,48.46401],[-118.41541,48.46429],[-118.41447,48.46422],[-118.41408,48.46438],[-118.41422,48.46383],[-118.41457,48.46365],[-118.41443,48.46333],[-118.4141,48.46313],[-118.41418,48.46291],[-118.41393,48.46286],[-118.41377,48.46317],[-118.41383,48.46337],[-118.41368,48.46328],[-118.41391,48.46229],[-118.41273,48.46211],[-118.41249,48.46167],[-118.41273,48.46138],[-118.41272,48.46095],[-118.41291,48.46065],[-118.41281,48.46031],[-118.41317,48.45953],[-118.41281,48.4597],[-118.41245,48.45958],[-118.41291,48.45947],[-118.4129,48.45932],[-118.41312,48.4594],[-118.41322,48.45925],[-118.41302,48.45895],[-118.41269,48.459],[-118.41217,48.45884],[-118.41172,48.45848],[-118.41187,48.45822],[-118.41165,48.45762],[-118.41203,48.45737],[-118.41243,48.45759],[-118.41244,48.45735],[-118.41183,48.45712],[-118.41193,48.45674],[-118.41209,48.45663],[-118.41195,48.4564],[-118.41251,48.45607],[-118.41252,48.45591],[-118.41213,48.45559],[-118.41213,48.45533],[-118.41251,48.45534],[-118.4123,48.45514],[-118.41238,48.45496],[-118.41273,48.45508],[-118.41265,48.45479],[-118.41212,48.45442],[-118.41212,48.45418],[-118.41237,48.45427],[-118.41234,48.45381],[-118.41265,48.45401],[-118.4127,48.45387],[-118.41257,48.45354],[-118.41262,48.45322],[-118.41245,48.45314],[-118.41254,48.4529],[-118.41275,48.45285],[-118.4134,48.45305],[-118.41352,48.4526],[-118.41326,48.45261],[-118.41316,48.45287],[-118.41296,48.45242],[-118.4135,48.45225],[-118.41317,48.45225],[-118.41304,48.45192],[-118.41324,48.45171],[-118.41304,48.45131],[-118.41268,48.4512],[-118.41267,48.45075],[-118.41206,48.4503],[-118.41157,48.44943],[-118.41126,48.44934],[-118.41118,48.44953],[-118.41099,48.4495],[-118.41097,48.44963],[-118.41123,48.44979],[-118.41103,48.44981],[-118.41069,48.44946],[-118.41033,48.44945],[-118.40997,48.44912],[-118.40956,48.44913],[-118.41008,48.45039],[-118.41066,48.45112],[-118.41044,48.4517],[-118.40766,48.45117],[-118.40764,48.45146],[-118.40592,48.45133],[-118.40454,48.45094],[-118.40404,48.45055],[-118.40386,48.4507],[-118.40374,48.45049],[-118.4036,48.45063],[-118.40312,48.45068],[-118.4034,48.45046],[-118.40329,48.45039],[-118.40303,48.45042],[-118.4028,48.45064],[-118.40256,48.45054],[-118.40104,48.451],[-118.4003,48.4508],[-118.40018,48.45062],[-118.39697,48.45046],[-118.39671,48.45076],[-118.39638,48.45084],[-118.39613,48.45135],[-118.3956,48.45131],[-118.39549,48.45168],[-118.39515,48.45167],[-118.39514,48.45204],[-118.39489,48.45219],[-118.39441,48.45234],[-118.39423,48.4522],[-118.3941,48.45228],[-118.39379,48.45219],[-118.39339,48.45234],[-118.39391,48.45267],[-118.39424,48.45246],[-118.39418,48.45271],[-118.39362,48.45302],[-118.39288,48.45294],[-118.39274,48.45309],[-118.39293,48.45345],[-118.3924,48.45361],[-118.39244,48.45388],[-118.39233,48.45397],[-118.39207,48.45387],[-118.39182,48.45401],[-118.3916,48.45394],[-118.39161,48.45378],[-118.39093,48.45339],[-118.39055,48.45377],[-118.38955,48.45433],[-118.38881,48.45462],[-118.38764,48.45485],[-118.38547,48.45475],[-118.38466,48.4546],[-118.38421,48.45437],[-118.38388,48.45384],[-118.38408,48.45361],[-118.38384,48.45325],[-118.3834,48.45317],[-118.38368,48.45283],[-118.38362,48.45236],[-118.38294,48.45231],[-118.38255,48.45209],[-118.38094,48.4522],[-118.3802,48.45251],[-118.38021,48.45267],[-118.37998,48.45281],[-118.37924,48.45291],[-118.37792,48.45336],[-118.37777,48.45316],[-118.37649,48.45285],[-118.37633,48.45274],[-118.37636,48.4526],[-118.37596,48.45284],[-118.37603,48.45302],[-118.37545,48.45316],[-118.375,48.45376],[-118.37469,48.45374],[-118.37456,48.45319],[-118.37412,48.45315],[-118.3736,48.45286],[-118.37351,48.45269],[-118.37373,48.45238],[-118.37322,48.45218],[-118.37282,48.45226],[-118.37295,48.45135],[-118.37284,48.45124],[-118.37257,48.45152],[-118.37255,48.45133],[-118.37282,48.45071],[-118.37225,48.4502],[-118.37183,48.45002],[-118.36894,48.44934],[-118.36574,48.44913],[-118.36324,48.44841],[-118.36283,48.44867],[-118.36274,48.44861],[-118.36282,48.44825],[-118.3625,48.44812],[-118.36236,48.44818],[-118.36201,48.44793],[-118.36032,48.44725],[-118.35909,48.44696],[-118.35877,48.44727],[-118.35941,48.44713],[-118.35951,48.44743],[-118.35938,48.44752],[-118.35957,48.44777],[-118.35933,48.44794],[-118.35907,48.44789],[-118.35898,48.44749],[-118.35884,48.44746],[-118.35868,48.44769],[-118.35865,48.44747],[-118.35843,48.44742],[-118.35842,48.44724],[-118.35825,48.44718],[-118.35864,48.44689],[-118.35639,48.44651],[-118.35585,48.44624],[-118.35562,48.44594],[-118.35534,48.44592],[-118.35509,48.44553],[-118.35519,48.44541],[-118.35537,48.44572],[-118.35556,48.44575],[-118.35551,48.44515],[-118.35537,48.4448],[-118.35511,48.44478],[-118.35523,48.44466],[-118.35512,48.44455],[-118.35371,48.4441],[-118.35206,48.44335],[-118.35061,48.44352],[-118.35005,48.44345],[-118.34986,48.44315],[-118.34955,48.44305],[-118.34978,48.4429],[-118.34999,48.44308],[-118.35032,48.44287],[-118.35017,48.4427],[-118.3502,48.44241],[-118.34934,48.44226],[-118.34869,48.44233],[-118.3485,48.44253],[-118.34821,48.44251],[-118.34809,48.44237],[-118.34688,48.44214],[-118.3467,48.4418],[-118.34626,48.4416],[-118.34569,48.44166],[-118.34469,48.44226],[-118.34213,48.442],[-118.3389,48.44066],[-118.33941,48.44028],[-118.33955,48.44001],[-118.34004,48.43975],[-118.34001,48.43947],[-118.34036,48.4393],[-118.34193,48.43973],[-118.34285,48.43978],[-118.34574,48.43922],[-118.34634,48.43866],[-118.34681,48.43762],[-118.34642,48.43701],[-118.34604,48.43689],[-118.34586,48.43649],[-118.34568,48.43642],[-118.34511,48.43656],[-118.34434,48.43613],[-118.34428,48.436],[-118.34457,48.43534],[-118.34353,48.43492],[-118.34348,48.43478],[-118.34375,48.43456],[-118.3437,48.43442],[-118.34252,48.43421],[-118.3429,48.43372],[-118.3428,48.43352],[-118.34239,48.4336],[-118.34228,48.43349],[-118.34238,48.43336],[-118.34201,48.43326],[-118.34215,48.43315],[-118.34201,48.43305],[-118.34075,48.43308],[-118.33994,48.4329],[-118.33935,48.43302],[-118.33876,48.43288],[-118.33852,48.43265],[-118.33796,48.4327],[-118.33779,48.43262],[-118.3378,48.43233],[-118.33722,48.43176],[-118.33719,48.43162],[-118.33755,48.43129],[-118.33749,48.43088],[-118.33854,48.43078],[-118.3387,48.43042],[-118.33858,48.43031],[-118.33926,48.43004],[-118.33958,48.42965],[-118.34087,48.42958],[-118.34091,48.42924],[-118.34062,48.42907],[-118.34073,48.42884],[-118.34039,48.42816],[-118.33921,48.42793],[-118.33895,48.42767],[-118.33862,48.42766],[-118.33805,48.42732],[-118.3386,48.42716],[-118.33936,48.42662],[-118.33941,48.42604],[-118.33983,48.42569],[-118.33987,48.4251],[-118.33969,48.42486],[-118.33972,48.42465],[-118.33946,48.42438],[-118.34072,48.42348],[-118.34099,48.42349],[-118.34177,48.42319],[-118.34209,48.42256],[-118.34198,48.42208],[-118.34134,48.42161],[-118.34048,48.42132],[-118.34014,48.42097],[-118.3393,48.42113],[-118.33909,48.42103],[-118.3392,48.42071],[-118.33961,48.42073],[-118.33962,48.42052],[-118.33872,48.41981],[-118.33853,48.41923],[-118.3387,48.4185],[-118.33896,48.41804],[-118.33847,48.41793],[-118.33818,48.4176],[-118.33847,48.41747],[-118.33859,48.41698],[-118.33925,48.41679],[-118.33946,48.41649],[-118.33902,48.41625],[-118.338,48.41635],[-118.33752,48.41666],[-118.33677,48.41671],[-118.33669,48.41668],[-118.33681,48.41652],[-118.33657,48.4162],[-118.33687,48.41601],[-118.3363,48.41579],[-118.33623,48.41557],[-118.33578,48.41535],[-118.33579,48.41501],[-118.336,48.41491],[-118.3371,48.41359],[-118.33706,48.41331],[-118.33592,48.4126],[-118.33423,48.41249],[-118.33396,48.41271],[-118.33304,48.41299],[-118.33272,48.41292],[-118.33264,48.41277],[-118.33338,48.4123],[-118.33293,48.41208],[-118.33204,48.41197],[-118.33109,48.41104],[-118.33138,48.41009],[-118.33096,48.40967],[-118.33071,48.40953],[-118.32989,48.4102],[-118.32931,48.41038],[-118.32877,48.41],[-118.32862,48.40957],[-118.32843,48.40946],[-118.32821,48.40939],[-118.32766,48.40951],[-118.32749,48.40939],[-118.32742,48.4092],[-118.32807,48.40834],[-118.32796,48.40797],[-118.32824,48.40777],[-118.32935,48.40753],[-118.3298,48.40728],[-118.33062,48.40648],[-118.33099,48.40639],[-118.33769,48.40567],[-118.33834,48.4065],[-118.33977,48.40657],[-118.33973,48.40689],[-118.34012,48.40711],[-118.34063,48.40703],[-118.34072,48.40682],[-118.34108,48.40662],[-118.34203,48.40658],[-118.34234,48.40664],[-118.34249,48.407],[-118.34297,48.40742],[-118.34323,48.40717],[-118.34392,48.40706],[-118.34417,48.40672],[-118.34423,48.40596],[-118.34408,48.40561],[-118.34418,48.40489],[-118.3427,48.40453],[-118.3426,48.40466],[-118.34229,48.40461],[-118.34201,48.40446],[-118.34207,48.40418],[-118.34149,48.40388],[-118.34185,48.40318],[-118.34162,48.40264],[-118.341,48.40232],[-118.34077,48.40152],[-118.34086,48.40119],[-118.34111,48.40104],[-118.34067,48.40082],[-118.34073,48.40046],[-118.3405,48.40036],[-118.34038,48.40006],[-118.34117,48.39982],[-118.34103,48.39909],[-118.34052,48.39901],[-118.3402,48.39887],[-118.34017,48.39867],[-118.33987,48.39871],[-118.33962,48.39849],[-118.33938,48.39862],[-118.33903,48.39841],[-118.33871,48.39848],[-118.33749,48.39802],[-118.33739,48.39762],[-118.33747,48.39752],[-118.33793,48.39758],[-118.33845,48.39718],[-118.33844,48.39695],[-118.34214,48.39916],[-118.34265,48.39952],[-118.34335,48.40047],[-118.34557,48.40181],[-118.3465,48.40213],[-118.34751,48.40212],[-118.3477,48.40241],[-118.35078,48.40301],[-118.3522,48.40351],[-118.35358,48.40363],[-118.35424,48.40386],[-118.35501,48.40466],[-118.3552,48.40535],[-118.35586,48.40598],[-118.35615,48.40667],[-118.35601,48.40855],[-118.35626,48.40887],[-118.35668,48.40882],[-118.35692,48.40851],[-118.3571,48.40767],[-118.35723,48.4061],[-118.35678,48.40443],[-118.35695,48.4041],[-118.35751,48.40403],[-118.36343,48.40557],[-118.36579,48.40646],[-118.36936,48.40707],[-118.37256,48.40782],[-118.37321,48.40782],[-118.37345,48.40757],[-118.37322,48.40716],[-118.37215,48.40624],[-118.37169,48.40592],[-118.37006,48.40527],[-118.36575,48.40466],[-118.36529,48.40429],[-118.3628,48.40311],[-118.35981,48.40322],[-118.35738,48.40265],[-118.35681,48.40233],[-118.35685,48.40173],[-118.35242,48.39993],[-118.35136,48.39939],[-118.35053,48.39871],[-118.35006,48.39792],[-118.35,48.39705],[-118.35047,48.39541],[-118.34957,48.39526],[-118.35089,48.39455],[-118.35116,48.39412],[-118.35174,48.39366],[-118.35247,48.39332],[-118.35518,48.39285],[-118.3572,48.39233],[-118.3574,48.39202],[-118.35782,48.39224],[-118.35793,48.39203],[-118.35844,48.39189],[-118.35858,48.39214],[-118.35825,48.3923],[-118.35839,48.39274],[-118.35857,48.3927],[-118.35864,48.3924],[-118.35892,48.39245],[-118.3593,48.39226],[-118.35969,48.39252],[-118.35969,48.39272],[-118.36007,48.39273],[-118.36047,48.39255],[-118.36101,48.3926],[-118.36104,48.39285],[-118.36078,48.39295],[-118.36113,48.39312],[-118.36106,48.39328],[-118.36131,48.39367],[-118.36258,48.39424],[-118.36294,48.39421],[-118.3632,48.39451],[-118.36418,48.3948],[-118.36497,48.39472],[-118.36541,48.39451],[-118.36515,48.3943],[-118.36523,48.394],[-118.36612,48.39414],[-118.36627,48.39388],[-118.36645,48.39395],[-118.36722,48.39368],[-118.36735,48.39339],[-118.36763,48.39346],[-118.36819,48.39327],[-118.36864,48.39282],[-118.36893,48.39298],[-118.36896,48.39266],[-118.37101,48.39284],[-118.37168,48.39267],[-118.37233,48.39274],[-118.3728,48.39285],[-118.37276,48.39307],[-118.37318,48.39318],[-118.37409,48.39282],[-118.37532,48.3929],[-118.37584,48.39275],[-118.37605,48.39256],[-118.37598,48.39272],[-118.37671,48.3926],[-118.37682,48.39246],[-118.37838,48.39262],[-118.37921,48.39304],[-118.38124,48.39357],[-118.38211,48.39394],[-118.38341,48.39403],[-118.3843,48.39451],[-118.38522,48.39475],[-118.38547,48.395],[-118.38578,48.39479],[-118.38642,48.39492],[-118.38633,48.39408],[-118.3865,48.39375],[-118.38686,48.39355],[-118.38929,48.39316],[-118.38877,48.39252],[-118.389,48.39201],[-118.3889,48.3919],[-118.38897,48.39154],[-118.38958,48.3914],[-118.38981,48.39159],[-118.38957,48.39193],[-118.38982,48.39209],[-118.39069,48.3922],[-118.39066,48.39234],[-118.39087,48.3922],[-118.39128,48.3925],[-118.3915,48.39245],[-118.3918,48.39261],[-118.39186,48.39237],[-118.39221,48.39237],[-118.39228,48.39211],[-118.39296,48.39208],[-118.39291,48.39184],[-118.39343,48.39155],[-118.39317,48.39111],[-118.39257,48.39094],[-118.39229,48.39069],[-118.3923,48.39031],[-118.3939,48.38987],[-118.3941,48.38991],[-118.39468,48.38926],[-118.395,48.3892],[-118.39594,48.38854],[-118.39662,48.38835],[-118.39703,48.38789],[-118.39776,48.38807],[-118.39777,48.38797],[-118.39812,48.38797],[-118.39821,48.38782],[-118.39896,48.38756],[-118.39981,48.38783],[-118.39997,48.38773],[-118.40004,48.38787],[-118.40093,48.38783],[-118.40103,48.38795],[-118.40147,48.38763],[-118.40192,48.38753],[-118.40241,48.38768],[-118.40295,48.38647],[-118.40369,48.38583],[-118.4038,48.38555],[-118.40496,48.38423],[-118.40504,48.38391],[-118.40477,48.38367],[-118.40495,48.38334],[-118.40475,48.383],[-118.40503,48.38274],[-118.40481,48.38242],[-118.40482,48.38222],[-118.4053,48.38193],[-118.40504,48.38151],[-118.40509,48.38127],[-118.40575,48.38093],[-118.40628,48.38119],[-118.40651,48.3812],[-118.4066,48.38107],[-118.40629,48.38081],[-118.40578,48.38089],[-118.40559,48.38046],[-118.40539,48.3806],[-118.40559,48.38083],[-118.40521,48.38101],[-118.40506,48.38092],[-118.40516,48.38072],[-118.40502,48.38064],[-118.40515,48.38039],[-118.40566,48.37999],[-118.40602,48.37919],[-118.40598,48.37863],[-118.40658,48.37741],[-118.40656,48.37697],[-118.40763,48.37636],[-118.40767,48.37609],[-118.40795,48.37612],[-118.40765,48.376],[-118.40767,48.3759],[-118.40852,48.3757],[-118.40856,48.37549],[-118.40912,48.37528],[-118.41007,48.37517],[-118.41135,48.37553],[-118.41325,48.37562],[-118.41429,48.37614],[-118.41497,48.37621],[-118.41538,48.37618],[-118.41586,48.3752],[-118.41619,48.37488],[-118.41638,48.37491],[-118.41652,48.37524],[-118.41594,48.37635],[-118.41635,48.37678],[-118.41654,48.37727],[-118.4169,48.37737],[-118.41705,48.37755],[-118.41684,48.3777],[-118.4169,48.37793],[-118.41648,48.37779],[-118.41599,48.37838],[-118.4161,48.37886],[-118.41874,48.38032],[-118.41921,48.38013],[-118.41953,48.38025],[-118.41965,48.38041],[-118.41945,48.38073],[-118.42086,48.38144],[-118.42069,48.38187],[-118.42077,48.383],[-118.42066,48.38299],[-118.42056,48.38334],[-118.41942,48.38379],[-118.41911,48.38401],[-118.41932,48.38414],[-118.41897,48.38441],[-118.41899,48.38463],[-118.41924,48.38469],[-118.41901,48.38472],[-118.41935,48.38556],[-118.41984,48.38604],[-118.42089,48.38655],[-118.4223,48.38672],[-118.42569,48.38626],[-118.42695,48.38635],[-118.42803,48.38661],[-118.42929,48.38635],[-118.43042,48.38588],[-118.43266,48.38456],[-118.43397,48.38462],[-118.43363,48.38332],[-118.43451,48.38318],[-118.43486,48.38285],[-118.43472,48.38273],[-118.43507,48.38251],[-118.43488,48.38238],[-118.43486,48.38219],[-118.43524,48.38223],[-118.43545,48.38193],[-118.43547,48.38238],[-118.43622,48.3824],[-118.43657,48.38264],[-118.43674,48.38258],[-118.43661,48.38242],[-118.43678,48.38231],[-118.43686,48.38256],[-118.43713,48.38269],[-118.43719,48.383],[-118.43743,48.38289],[-118.43741,48.38301],[-118.43769,48.38306],[-118.43757,48.38322],[-118.43773,48.38333],[-118.43825,48.38326],[-118.43876,48.38288],[-118.43805,48.38298],[-118.43763,48.38286],[-118.43756,48.38271],[-118.43769,48.38225],[-118.43808,48.38201],[-118.43776,48.38165],[-118.43828,48.3806],[-118.43806,48.38019],[-118.44072,48.37975],[-118.44227,48.37998],[-118.44312,48.37986],[-118.44378,48.37947],[-118.44397,48.3789],[-118.44389,48.37862],[-118.44365,48.37853],[-118.44379,48.37834],[-118.44363,48.37809],[-118.44343,48.37811],[-118.44358,48.37801],[-118.44344,48.37779],[-118.44286,48.3772],[-118.44091,48.37673],[-118.44115,48.37592],[-118.4415,48.37586],[-118.44165,48.37604],[-118.44185,48.37569],[-118.44201,48.37501],[-118.44185,48.37486],[-118.44178,48.37423],[-118.44027,48.3737],[-118.43648,48.3736],[-118.43551,48.37376],[-118.43536,48.3736],[-118.43556,48.37331],[-118.43719,48.37226],[-118.43739,48.37189],[-118.43733,48.37168],[-118.43628,48.37113],[-118.43533,48.37033],[-118.43523,48.37009],[-118.43531,48.36987],[-118.43521,48.36985],[-118.43355,48.37033],[-118.43431,48.37088],[-118.4343,48.37101],[-118.43328,48.37038],[-118.43273,48.3709],[-118.43167,48.37086],[-118.43158,48.37074],[-118.43117,48.37101],[-118.43038,48.37191],[-118.42998,48.37208],[-118.43002,48.37234],[-118.43019,48.37248],[-118.43015,48.37265],[-118.43057,48.37303],[-118.43077,48.37355],[-118.43041,48.3735],[-118.4297,48.37296],[-118.42942,48.37331],[-118.43026,48.37365],[-118.43185,48.37462],[-118.4315,48.37514],[-118.43078,48.37558],[-118.43009,48.37673],[-118.42885,48.37722],[-118.42794,48.37787],[-118.42743,48.37788],[-118.42693,48.37746],[-118.42666,48.37755],[-118.42678,48.3778],[-118.42646,48.37774],[-118.4264,48.37796],[-118.42609,48.37816],[-118.42713,48.37837],[-118.42716,48.37872],[-118.42671,48.37917],[-118.42619,48.37932],[-118.42583,48.37995],[-118.42546,48.37992],[-118.4247,48.37934],[-118.42403,48.37928],[-118.42307,48.37958],[-118.42283,48.37931],[-118.42154,48.37982],[-118.42195,48.38017],[-118.42192,48.38052],[-118.42136,48.38055],[-118.42128,48.38082],[-118.42081,48.3806],[-118.42015,48.38058],[-118.42047,48.38017],[-118.42105,48.37977],[-118.42034,48.37971],[-118.42048,48.37959],[-118.42115,48.37943],[-118.42257,48.37859],[-118.42253,48.37851],[-118.42325,48.37796],[-118.42487,48.37754],[-118.42579,48.37705],[-118.42611,48.37624],[-118.42651,48.37581],[-118.42689,48.37564],[-118.42718,48.37431],[-118.4277,48.3739],[-118.42798,48.37347],[-118.42792,48.37325],[-118.42852,48.37254],[-118.42902,48.37231],[-118.42889,48.372],[-118.42897,48.37186],[-118.43018,48.37146],[-118.43049,48.37087],[-118.43104,48.37044],[-118.43196,48.37044],[-118.43243,48.37058],[-118.4329,48.3705],[-118.43306,48.37011],[-118.43277,48.36994],[-118.43018,48.36971],[-118.42851,48.36861],[-118.42819,48.36852],[-118.42817,48.36824],[-118.42751,48.36794],[-118.42727,48.36745],[-118.42731,48.36708],[-118.42667,48.36709],[-118.42664,48.36685],[-118.42681,48.3665],[-118.42655,48.36633],[-118.42475,48.36651],[-118.42373,48.36599],[-118.42288,48.36473],[-118.42287,48.36432],[-118.42223,48.36343],[-118.42246,48.36274],[-118.42307,48.36216],[-118.42285,48.36193],[-118.42225,48.36171],[-118.4215,48.36097],[-118.42134,48.36029],[-118.42134,48.35938],[-118.42056,48.35825],[-118.41987,48.3577],[-118.41899,48.35671],[-118.41816,48.35621],[-118.4166,48.35581],[-118.41477,48.35567],[-118.41378,48.35538],[-118.41336,48.35513],[-118.41383,48.35462],[-118.41533,48.35392],[-118.41836,48.35294],[-118.42151,48.35128],[-118.42191,48.35084],[-118.42364,48.35028],[-118.42396,48.35025],[-118.42534,48.35063],[-118.42575,48.35106],[-118.42711,48.35099],[-118.42801,48.3511],[-118.4286,48.35075],[-118.42861,48.35088],[-118.42894,48.35093],[-118.42942,48.35075],[-118.43055,48.35131],[-118.43092,48.35111],[-118.43116,48.35069],[-118.43171,48.35058],[-118.43216,48.35085],[-118.43249,48.35087],[-118.43268,48.35103],[-118.43275,48.35162],[-118.43444,48.35285],[-118.43565,48.35291],[-118.43575,48.35266],[-118.43652,48.35193],[-118.43627,48.35172],[-118.43615,48.35108],[-118.43563,48.35063],[-118.43513,48.34983],[-118.43809,48.34971],[-118.43953,48.34989],[-118.44036,48.34966],[-118.44153,48.34959],[-118.44171,48.34943],[-118.44181,48.3489],[-118.44223,48.34866],[-118.44293,48.3485],[-118.44452,48.34867],[-118.44596,48.34858],[-118.44712,48.3479],[-118.44747,48.34797],[-118.44747,48.34785],[-118.44797,48.34756],[-118.44874,48.34741],[-118.44962,48.34751],[-118.44972,48.34735],[-118.4495,48.3471],[-118.44998,48.34685],[-118.45009,48.34642],[-118.44995,48.34618],[-118.45005,48.34606],[-118.44965,48.34559],[-118.44929,48.34546],[-118.44849,48.34562],[-118.44799,48.34605],[-118.44738,48.34622],[-118.44573,48.34579],[-118.44391,48.34575],[-118.44303,48.34608],[-118.44224,48.34618],[-118.44115,48.34584],[-118.441,48.34567],[-118.44107,48.34526],[-118.44091,48.34488],[-118.4411,48.34452],[-118.44108,48.34437],[-118.44088,48.34429],[-118.44094,48.34344],[-118.43998,48.34321],[-118.43921,48.34323],[-118.43903,48.34304],[-118.4391,48.34277],[-118.43954,48.34228],[-118.4397,48.34147],[-118.44015,48.34049],[-118.44026,48.33951],[-118.4401,48.33769],[-118.4386,48.33709],[-118.43799,48.3373],[-118.43808,48.33743],[-118.43791,48.33767],[-118.43714,48.33816],[-118.43659,48.33824],[-118.43533,48.33797],[-118.4349,48.33803],[-118.43427,48.33841],[-118.43383,48.33807],[-118.43309,48.33818],[-118.43294,48.33787],[-118.43313,48.33755],[-118.43292,48.33711],[-118.43305,48.33697],[-118.43292,48.33671],[-118.4327,48.33654],[-118.43186,48.33642],[-118.43221,48.33606],[-118.43166,48.33576],[-118.4317,48.3352],[-118.43195,48.33483],[-118.43334,48.33435],[-118.43413,48.33455],[-118.4347,48.3345],[-118.43523,48.33476],[-118.43605,48.33547],[-118.43633,48.33614],[-118.43702,48.33637],[-118.43688,48.33622],[-118.43733,48.33575],[-118.43733,48.33556],[-118.43718,48.33535],[-118.43685,48.33531],[-118.43674,48.33511],[-118.43617,48.33486],[-118.43578,48.33448],[-118.43578,48.3342],[-118.43548,48.33417],[-118.43538,48.33401],[-118.43588,48.33407],[-118.43642,48.33386],[-118.43727,48.33417],[-118.43731,48.33382],[-118.43793,48.33302],[-118.43787,48.33247],[-118.43806,48.33175],[-118.43717,48.33173],[-118.43583,48.33147],[-118.43449,48.33144],[-118.43244,48.33176],[-118.43205,48.33137],[-118.43222,48.33079],[-118.43177,48.33],[-118.43147,48.32984],[-118.43068,48.32973],[-118.43054,48.32933],[-118.43071,48.32901],[-118.43164,48.32856],[-118.43193,48.32857],[-118.43237,48.32829],[-118.43198,48.32822],[-118.43165,48.32736],[-118.43119,48.32708],[-118.4309,48.32661],[-118.43137,48.32615],[-118.43194,48.32588],[-118.43223,48.3254],[-118.43317,48.3247],[-118.4332,48.32412],[-118.43298,48.32354],[-118.43331,48.32333],[-118.43398,48.32337],[-118.43451,48.32287],[-118.43494,48.32285],[-118.43544,48.32242],[-118.43584,48.32156],[-118.43303,48.32147],[-118.43283,48.32069],[-118.43321,48.31988],[-118.43227,48.31896],[-118.43278,48.31885],[-118.43296,48.31839],[-118.43205,48.31842],[-118.43278,48.31773],[-118.43122,48.31698],[-118.43104,48.3166],[-118.43165,48.3155],[-118.43173,48.31483],[-118.43223,48.31476],[-118.43195,48.3141],[-118.43273,48.31411],[-118.43326,48.31296],[-118.43347,48.31208],[-118.43343,48.31125],[-118.43356,48.31073],[-118.43388,48.31046],[-118.43594,48.311],[-118.43759,48.31122],[-118.43892,48.31177],[-118.44124,48.31317],[-118.44243,48.31352],[-118.44291,48.31342],[-118.44325,48.31318],[-118.44397,48.31201],[-118.44568,48.30999],[-118.44607,48.3092],[-118.44621,48.30838],[-118.44643,48.30795],[-118.44783,48.30653],[-118.44786,48.30581],[-118.44843,48.30609],[-118.44941,48.30568],[-118.45036,48.30548],[-118.4507,48.30516],[-118.45162,48.30508],[-118.45629,48.30643],[-118.45745,48.3077],[-118.45777,48.30789],[-118.45808,48.3078],[-118.45933,48.30647],[-118.45905,48.30544],[-118.45882,48.30525],[-118.45895,48.30521],[-118.45884,48.30504],[-118.459,48.30451],[-118.4588,48.30433],[-118.45895,48.30362],[-118.46073,48.30296],[-118.46283,48.30322],[-118.46483,48.30389],[-118.46561,48.30389],[-118.46522,48.3043],[-118.46551,48.30464],[-118.46607,48.30465],[-118.46618,48.3049],[-118.46578,48.30533],[-118.46604,48.30568],[-118.46583,48.30589],[-118.46651,48.3059],[-118.46689,48.30633],[-118.46733,48.30625],[-118.46724,48.3065],[-118.46767,48.3066],[-118.46775,48.30634],[-118.46799,48.3066],[-118.46901,48.30614],[-118.46929,48.30637],[-118.47019,48.30653],[-118.47073,48.30635],[-118.47192,48.30429],[-118.4726,48.30415],[-118.47305,48.30354],[-118.47393,48.30297],[-118.47595,48.30227],[-118.4773,48.30267],[-118.47881,48.30262],[-118.48084,48.30338],[-118.48151,48.30376],[-118.4818,48.30411],[-118.48184,48.30451],[-118.48211,48.3047],[-118.48289,48.3043],[-118.48331,48.3045],[-118.4842,48.30452],[-118.4874,48.30386],[-118.48884,48.30374],[-118.4897,48.30327],[-118.49052,48.30302],[-118.49197,48.30321],[-118.49333,48.30296],[-118.49401,48.3027],[-118.49496,48.30292],[-118.49535,48.30285],[-118.49605,48.30237],[-118.4966,48.30225],[-118.49664,48.30208],[-118.49602,48.30118],[-118.49644,48.30102],[-118.4966,48.30079],[-118.49668,48.30011],[-118.49656,48.29919],[-118.49699,48.2988],[-118.49697,48.29829],[-118.49681,48.29808],[-118.49926,48.29718],[-118.50051,48.29719],[-118.50066,48.29702],[-118.5011,48.29703],[-118.50111,48.29682],[-118.50128,48.29674],[-118.50146,48.29677],[-118.50131,48.29645],[-118.50088,48.29644],[-118.50123,48.29617],[-118.50119,48.29608],[-118.5015,48.29607],[-118.50155,48.29592],[-118.50142,48.29579],[-118.50153,48.29553],[-118.50219,48.29529],[-118.50228,48.29508],[-118.50291,48.29476],[-118.50304,48.2941],[-118.50346,48.29363],[-118.50381,48.2936],[-118.50381,48.29324],[-118.50401,48.29327],[-118.50414,48.2931],[-118.50393,48.293],[-118.50411,48.2929],[-118.50398,48.29274],[-118.50412,48.29257],[-118.50502,48.29224],[-118.5052,48.29223],[-118.50516,48.29234],[-118.5058,48.29227],[-118.50614,48.29273],[-118.50614,48.29344],[-118.50666,48.29342],[-118.50754,48.29279],[-118.50738,48.29231],[-118.50753,48.29211],[-118.50848,48.29211],[-118.50881,48.29172],[-118.50875,48.29158],[-118.50896,48.29159],[-118.50956,48.29092],[-118.51072,48.29045],[-118.51075,48.29031],[-118.51217,48.28954],[-118.51288,48.28988],[-118.5132,48.29022],[-118.51427,48.29047],[-118.51479,48.29078],[-118.51493,48.29031],[-118.51517,48.29026],[-118.51515,48.29012],[-118.51624,48.29056],[-118.51659,48.29077],[-118.51637,48.29088],[-118.51688,48.29134],[-118.51681,48.29155],[-118.51705,48.29185],[-118.51748,48.29173],[-118.51847,48.29241],[-118.51914,48.29256],[-118.51966,48.29238],[-118.52022,48.29261],[-118.5221,48.29222],[-118.52243,48.2917],[-118.523,48.29119],[-118.52206,48.2904],[-118.52158,48.29061],[-118.5214,48.29039],[-118.52334,48.28949],[-118.52335,48.28992],[-118.52362,48.29009],[-118.52406,48.29096],[-118.52644,48.29073],[-118.52941,48.29087],[-118.5304,48.29059],[-118.5305,48.29044],[-118.53016,48.2903],[-118.53017,48.29011],[-118.53047,48.28975],[-118.53079,48.28853],[-118.53123,48.28805],[-118.53293,48.28792],[-118.53447,48.28728],[-118.53504,48.28677],[-118.53395,48.28675],[-118.53258,48.28695],[-118.53159,48.28689],[-118.53119,48.28598],[-118.53153,48.28507],[-118.53167,48.28382],[-118.53224,48.28247],[-118.53335,48.28224],[-118.53366,48.28153],[-118.53406,48.2811],[-118.53432,48.28039],[-118.5341,48.28043],[-118.53258,48.27903],[-118.53341,48.27818],[-118.53477,48.2774],[-118.53532,48.27772],[-118.53667,48.277],[-118.53939,48.27693],[-118.54104,48.27613],[-118.54262,48.27584],[-118.54394,48.27604],[-118.54551,48.27694],[-118.54702,48.27746],[-118.5482,48.27775],[-118.54969,48.27781],[-118.55054,48.27761],[-118.55115,48.27709],[-118.55162,48.27696],[-118.55167,48.27664],[-118.55358,48.27598],[-118.55393,48.27608],[-118.55534,48.27794],[-118.55525,48.27869],[-118.555,48.27938],[-118.55455,48.27997],[-118.55458,48.28009],[-118.55579,48.2805],[-118.55544,48.28144],[-118.55559,48.28175],[-118.55555,48.28251],[-118.55576,48.28351],[-118.55638,48.28402],[-118.55633,48.28415],[-118.55577,48.28432],[-118.55642,48.28456],[-118.55657,48.28474],[-118.55575,48.28557],[-118.55569,48.28575],[-118.55594,48.2859],[-118.55594,48.28628],[-118.5583,48.28667],[-118.55815,48.28705],[-118.55915,48.28738],[-118.55979,48.28786],[-118.55988,48.28823],[-118.55963,48.28969],[-118.55915,48.29013],[-118.55838,48.29032],[-118.55709,48.29032],[-118.55577,48.29082],[-118.55511,48.29093],[-118.5539,48.29151],[-118.55254,48.29166],[-118.55194,48.29192],[-118.55423,48.29263],[-118.55439,48.29295],[-118.55511,48.29305],[-118.55534,48.29327],[-118.55646,48.29261],[-118.55762,48.29275],[-118.5583,48.29344],[-118.55871,48.29339],[-118.55941,48.29307],[-118.56029,48.29308],[-118.56044,48.29347],[-118.5603,48.29403],[-118.56001,48.29455],[-118.55928,48.29513],[-118.55952,48.29566],[-118.56017,48.29598],[-118.55995,48.29652],[-118.55944,48.29713],[-118.5601,48.29765],[-118.56026,48.29968],[-118.55828,48.30052],[-118.55722,48.30156],[-118.55684,48.30177],[-118.55484,48.30226],[-118.55384,48.30279],[-118.55522,48.3027],[-118.55566,48.30355],[-118.55525,48.30515],[-118.5556,48.30548],[-118.55575,48.30742],[-118.55514,48.30831],[-118.55425,48.30901],[-118.55432,48.30918],[-118.55505,48.30934],[-118.55473,48.3106],[-118.55419,48.31143],[-118.55339,48.31183],[-118.55349,48.3126],[-118.55228,48.31315],[-118.55168,48.31385],[-118.55203,48.31384],[-118.5519,48.31447],[-118.5522,48.31488],[-118.55178,48.31564],[-118.5515,48.31585],[-118.55108,48.31585],[-118.55118,48.31648],[-118.55161,48.31642],[-118.55168,48.31675],[-118.55199,48.31712],[-118.55125,48.31881],[-118.55065,48.31934],[-118.55057,48.3198],[-118.54969,48.32018],[-118.54745,48.32204],[-118.54683,48.32306],[-118.54671,48.32345],[-118.54693,48.32421],[-118.54677,48.32522],[-118.54637,48.32552],[-118.54613,48.32552],[-118.54604,48.32595],[-118.54641,48.32617],[-118.54616,48.32642],[-118.54608,48.32671],[-118.54636,48.32694],[-118.54624,48.3273],[-118.5464,48.32756],[-118.5462,48.32805],[-118.54647,48.32832],[-118.54646,48.32848],[-118.5461,48.32898],[-118.54622,48.32959],[-118.54654,48.33],[-118.54451,48.33097],[-118.54296,48.33198],[-118.54234,48.33346],[-118.5422,48.33544],[-118.54192,48.33621],[-118.54185,48.33734],[-118.54242,48.33807],[-118.54231,48.33849],[-118.54249,48.33877],[-118.54228,48.33975],[-118.54229,48.3409],[-118.54203,48.34172],[-118.54157,48.34252],[-118.54136,48.34708],[-118.54126,48.34708],[-118.54137,48.34717],[-118.54152,48.34887],[-118.54146,48.34992],[-118.54014,48.35111],[-118.53981,48.3512],[-118.53936,48.35182],[-118.53849,48.35194],[-118.53811,48.35226],[-118.53815,48.35236],[-118.53747,48.35214],[-118.53698,48.35241],[-118.53647,48.35332],[-118.53486,48.35478],[-118.53369,48.35471],[-118.53421,48.35513],[-118.53424,48.35539],[-118.53287,48.35692],[-118.5311,48.35858],[-118.53103,48.35974],[-118.53042,48.36224],[-118.53049,48.3633],[-118.5309,48.36375],[-118.5312,48.36468],[-118.53191,48.3658],[-118.53219,48.36654],[-118.53302,48.36694],[-118.5333,48.36754],[-118.53346,48.36809],[-118.53342,48.36888],[-118.53356,48.3691],[-118.53348,48.37029],[-118.53406,48.37121],[-118.53348,48.37195],[-118.53381,48.37261],[-118.53353,48.37284],[-118.5339,48.37333],[-118.53441,48.37335],[-118.53456,48.3739],[-118.53547,48.37427],[-118.53589,48.37417],[-118.53628,48.37442],[-118.53828,48.37395],[-118.53885,48.37398],[-118.53909,48.37412],[-118.53956,48.37486],[-118.54033,48.37512],[-118.5472,48.375],[-118.54773,48.37481],[-118.54913,48.37472],[-118.54942,48.37457],[-118.55002,48.37488],[-118.55121,48.37503],[-118.55137,48.37488],[-118.55176,48.37526],[-118.55197,48.37591],[-118.55269,48.37648],[-118.55363,48.37607],[-118.55424,48.37605],[-118.55447,48.37577],[-118.55475,48.37567],[-118.55522,48.3757],[-118.55576,48.37643],[-118.55563,48.37763],[-118.55703,48.37791],[-118.55721,48.37786],[-118.55727,48.3776],[-118.55789,48.37716],[-118.55802,48.37725],[-118.56004,48.37686],[-118.56094,48.37721],[-118.56123,48.37757],[-118.56053,48.37768],[-118.5605,48.37799],[-118.56062,48.3781],[-118.56123,48.37795],[-118.5616,48.37828],[-118.56164,48.37851],[-118.56187,48.37854],[-118.562,48.37872],[-118.56364,48.37916],[-118.56435,48.37977],[-118.56475,48.37983],[-118.56511,48.37971],[-118.56648,48.37998],[-118.56742,48.38045],[-118.56798,48.38047],[-118.56873,48.38014],[-118.56905,48.38016],[-118.56946,48.37902],[-118.57081,48.37891],[-118.57098,48.37908],[-118.57099,48.37951],[-118.57171,48.37962],[-118.57189,48.37935],[-118.57183,48.37908],[-118.57278,48.37885],[-118.573,48.3786],[-118.57494,48.37834],[-118.57536,48.378],[-118.57614,48.37778],[-118.57643,48.37756],[-118.57763,48.37728],[-118.57786,48.37698],[-118.5785,48.37691],[-118.57882,48.3779],[-118.57944,48.37869],[-118.5802,48.37925],[-118.58059,48.38009],[-118.58222,48.38047],[-118.58286,48.38086],[-118.584,48.38195],[-118.58399,48.38224],[-118.5831,48.38305],[-118.58292,48.38391],[-118.58267,48.38417],[-118.58316,48.3846],[-118.58338,48.3856],[-118.58324,48.38617],[-118.58488,48.38632],[-118.58582,48.3861],[-118.58721,48.38612],[-118.58786,48.3867],[-118.58799,48.3865],[-118.58817,48.3865],[-118.58829,48.38706],[-118.58871,48.3874],[-118.58887,48.38807],[-118.58861,48.38852],[-118.58905,48.38894],[-118.58899,48.38927],[-118.58721,48.39037],[-118.58569,48.39039],[-118.58583,48.39093],[-118.58568,48.39162],[-118.58617,48.39207],[-118.58681,48.39349],[-118.58564,48.3946],[-118.5856,48.39505],[-118.58521,48.39599],[-118.58555,48.39641],[-118.586,48.39658],[-118.58585,48.39746],[-118.58457,48.39785],[-118.58426,48.39867],[-118.58357,48.39887],[-118.58425,48.39905],[-118.58421,48.39933],[-118.58437,48.39962],[-118.5843,48.40008],[-118.58393,48.40053],[-118.58316,48.40071],[-118.58281,48.40099],[-118.5825,48.4006],[-118.58141,48.40106],[-118.58155,48.40116],[-118.58129,48.40167],[-118.58084,48.4021],[-118.58023,48.40226],[-118.57922,48.40478],[-118.57842,48.40558],[-118.57615,48.40654],[-118.57598,48.4071],[-118.57596,48.40686],[-118.57576,48.40668],[-118.57531,48.4068],[-118.57474,48.40673],[-118.57459,48.407],[-118.57467,48.40722],[-118.57453,48.40728],[-118.57296,48.40689],[-118.57306,48.4065],[-118.57387,48.40676],[-118.5746,48.40649],[-118.5746,48.40627],[-118.57527,48.40544],[-118.57534,48.40499],[-118.57499,48.40533],[-118.57472,48.40533],[-118.57431,48.40555],[-118.57442,48.4057],[-118.57419,48.40609],[-118.57392,48.40595],[-118.57372,48.40615],[-118.57334,48.40607],[-118.57285,48.40553],[-118.57302,48.40534],[-118.57285,48.40496],[-118.573,48.4048],[-118.57274,48.40433],[-118.5722,48.40409],[-118.57196,48.40374],[-118.57136,48.40357],[-118.57096,48.40355],[-118.57089,48.40371],[-118.57072,48.40368],[-118.5704,48.40388],[-118.57027,48.40362],[-118.57,48.40378],[-118.56952,48.40339],[-118.5693,48.40301],[-118.5691,48.40315],[-118.56817,48.40308],[-118.56695,48.40334],[-118.56638,48.40365],[-118.56608,48.40406],[-118.56479,48.40462],[-118.56463,48.40483],[-118.56468,48.40499],[-118.56556,48.4056],[-118.56617,48.40578],[-118.56622,48.40561],[-118.56671,48.40568],[-118.56681,48.40635],[-118.5676,48.40701],[-118.56731,48.40761],[-118.56946,48.40888],[-118.57037,48.40981],[-118.5706,48.4099],[-118.57065,48.4102],[-118.5711,48.41054],[-118.57121,48.41102],[-118.57076,48.41136],[-118.57012,48.41151],[-118.57002,48.41163],[-118.57012,48.41166],[-118.57011,48.4119],[-118.56932,48.41254],[-118.56937,48.41311],[-118.56892,48.41346],[-118.56834,48.41335],[-118.5684,48.41417],[-118.56639,48.4143],[-118.56675,48.415],[-118.56656,48.41545],[-118.565,48.41476],[-118.56461,48.41488],[-118.56397,48.4148],[-118.56245,48.41585],[-118.56257,48.41656],[-118.56239,48.41723],[-118.56222,48.41755],[-118.56156,48.41805],[-118.56142,48.41833],[-118.55974,48.41903],[-118.55929,48.41877],[-118.5592,48.41854],[-118.55866,48.41858],[-118.55865,48.41877],[-118.55901,48.41917],[-118.55897,48.41944],[-118.55813,48.41949],[-118.55709,48.42119],[-118.55738,48.42133],[-118.55718,48.42162],[-118.55682,48.42169],[-118.55671,48.42187],[-118.55708,48.42198],[-118.55706,48.42211],[-118.5566,48.42229],[-118.55667,48.42292],[-118.55645,48.42432],[-118.55677,48.42558],[-118.55678,48.42607],[-118.5566,48.42654],[-118.55616,48.42693],[-118.55587,48.4269],[-118.55571,48.42703],[-118.55567,48.42715],[-118.55598,48.4275],[-118.55542,48.42818],[-118.55522,48.42938],[-118.55389,48.43075],[-118.55244,48.43295],[-118.55199,48.43315],[-118.55233,48.43346],[-118.55231,48.43391],[-118.55253,48.43417],[-118.55293,48.43528],[-118.55311,48.43622],[-118.55264,48.43845],[-118.55178,48.44018],[-118.551,48.44126],[-118.5498,48.44211],[-118.54895,48.44249],[-118.54864,48.44288],[-118.54829,48.44374],[-118.54705,48.44481],[-118.54665,48.44589],[-118.5455,48.44754],[-118.54539,48.44794],[-118.54454,48.44849],[-118.54323,48.44887],[-118.54163,48.45001],[-118.54069,48.45211],[-118.54018,48.4529],[-118.54014,48.45328],[-118.53921,48.45478],[-118.53833,48.45532],[-118.5371,48.45542],[-118.53659,48.45558],[-118.53624,48.45627],[-118.53519,48.45697],[-118.53398,48.45719],[-118.5332,48.45768],[-118.53271,48.45781],[-118.53144,48.45788],[-118.5295,48.45836],[-118.52861,48.45828],[-118.52762,48.45852],[-118.52561,48.45857],[-118.5247,48.45878],[-118.52184,48.45899],[-118.52177,48.4593],[-118.52203,48.4596],[-118.52214,48.4604],[-118.52175,48.46114],[-118.52119,48.46141],[-118.51939,48.46166],[-118.51842,48.46214],[-118.51777,48.46229],[-118.51624,48.46235],[-118.51253,48.46312],[-118.51176,48.46354],[-118.50824,48.4639],[-118.50729,48.46351],[-118.5059,48.4636],[-118.50515,48.4633],[-118.5047,48.46327],[-118.50118,48.4634],[-118.50096,48.46318],[-118.50139,48.46313],[-118.50161,48.46285],[-118.50312,48.46281],[-118.50338,48.46266],[-118.50418,48.46261],[-118.50472,48.46234],[-118.50524,48.46265],[-118.50685,48.46258],[-118.50756,48.46243],[-118.50948,48.46312],[-118.50976,48.4629],[-118.51033,48.46275],[-118.51076,48.46242],[-118.51186,48.46203],[-118.51197,48.46184],[-118.513,48.46166],[-118.51287,48.46193],[-118.51351,48.46186],[-118.51399,48.46206],[-118.51549,48.46171],[-118.5171,48.4617],[-118.51834,48.46125],[-118.51852,48.46107],[-118.52088,48.46066],[-118.52019,48.46012],[-118.52028,48.45958],[-118.5205,48.45919],[-118.52046,48.4587],[-118.52068,48.45851],[-118.52118,48.45862],[-118.52272,48.45818],[-118.52331,48.45837],[-118.52364,48.45834],[-118.5242,48.45783],[-118.52496,48.45755],[-118.52496,48.45726],[-118.52516,48.45703],[-118.52599,48.45732],[-118.52597,48.45767],[-118.52832,48.45757],[-118.52989,48.45711],[-118.53036,48.45684],[-118.52999,48.45668],[-118.53037,48.45585],[-118.53064,48.4556],[-118.53069,48.45519],[-118.53112,48.4551],[-118.53123,48.4549],[-118.53118,48.45463],[-118.53188,48.45472],[-118.53271,48.45501],[-118.53265,48.45459],[-118.53278,48.45429],[-118.53356,48.45402],[-118.53451,48.45412],[-118.53468,48.45427],[-118.53491,48.45413],[-118.53551,48.45424],[-118.53592,48.45369],[-118.53731,48.45329],[-118.53745,48.45305],[-118.53848,48.4533],[-118.5389,48.45242],[-118.53974,48.45219],[-118.53982,48.45084],[-118.5396,48.45036],[-118.53975,48.4494],[-118.54045,48.4491],[-118.54061,48.44863],[-118.54177,48.44753],[-118.54221,48.44641],[-118.54257,48.44603],[-118.5441,48.44529],[-118.54379,48.44495],[-118.54414,48.4443],[-118.54523,48.44406],[-118.54597,48.44186],[-118.54586,48.44121],[-118.54638,48.44075],[-118.54719,48.44053],[-118.54842,48.44093],[-118.54969,48.44052],[-118.54993,48.44073],[-118.5507,48.44022],[-118.55116,48.43961],[-118.55119,48.43926],[-118.55166,48.43836],[-118.55173,48.43707],[-118.5521,48.43665],[-118.55217,48.43639],[-118.55162,48.43541],[-118.55205,48.43513],[-118.55187,48.43473],[-118.55129,48.43433],[-118.55072,48.43434],[-118.54934,48.43406],[-118.54904,48.43413],[-118.54904,48.43468],[-118.54755,48.43459],[-118.54746,48.4342],[-118.54655,48.4335],[-118.54618,48.43285],[-118.5462,48.43237],[-118.54559,48.43199],[-118.54577,48.43185],[-118.54644,48.43178],[-118.54672,48.43154],[-118.54678,48.43121],[-118.54651,48.43112],[-118.54652,48.43121],[-118.54623,48.43121],[-118.54555,48.43156],[-118.5451,48.43139],[-118.54497,48.43117],[-118.5445,48.43109],[-118.54403,48.43153],[-118.54334,48.43184],[-118.54274,48.43168],[-118.5418,48.43203],[-118.54197,48.43215],[-118.54196,48.43242],[-118.54176,48.43259],[-118.54191,48.43279],[-118.54158,48.43325],[-118.54142,48.43335],[-118.5408,48.43333],[-118.54081,48.43361],[-118.54044,48.43346],[-118.54013,48.43388],[-118.53874,48.4347],[-118.53808,48.43478],[-118.5376,48.43469],[-118.53738,48.43431],[-118.53708,48.4343],[-118.53688,48.43409],[-118.53728,48.43379],[-118.53698,48.43364],[-118.53636,48.4338],[-118.5347,48.43379],[-118.53469,48.43421],[-118.53494,48.43447],[-118.53595,48.43469],[-118.53645,48.43544],[-118.53592,48.43575],[-118.53561,48.43612],[-118.53503,48.43635],[-118.5336,48.43642],[-118.53246,48.43578],[-118.53223,48.43548],[-118.53217,48.43507],[-118.5328,48.43453],[-118.53321,48.43395],[-118.53381,48.43366],[-118.53349,48.43359],[-118.53331,48.4334],[-118.53298,48.43345],[-118.53308,48.43357],[-118.53292,48.43364],[-118.53268,48.43349],[-118.53251,48.43364],[-118.5327,48.43369],[-118.53245,48.43392],[-118.5324,48.43437],[-118.53227,48.43447],[-118.53196,48.43413],[-118.53089,48.43397],[-118.53192,48.43393],[-118.53186,48.4338],[-118.53141,48.43381],[-118.53145,48.43367],[-118.53168,48.43361],[-118.53144,48.43345],[-118.53157,48.43336],[-118.53128,48.4331],[-118.53147,48.43269],[-118.53123,48.43266],[-118.53118,48.43238],[-118.53101,48.43229],[-118.53132,48.43214],[-118.5309,48.4321],[-118.5312,48.43189],[-118.53084,48.43175],[-118.53089,48.43155],[-118.53041,48.43121],[-118.5297,48.43221],[-118.52977,48.43258],[-118.52945,48.43251],[-118.52882,48.43322],[-118.52832,48.43396],[-118.52832,48.43435],[-118.52812,48.43435],[-118.52796,48.43468],[-118.52841,48.43471],[-118.52879,48.43536],[-118.52824,48.43519],[-118.52786,48.43533],[-118.52781,48.43568],[-118.52751,48.43582],[-118.52739,48.43614],[-118.52762,48.43627],[-118.52791,48.43622],[-118.52807,48.43576],[-118.52824,48.43595],[-118.52841,48.43678],[-118.52882,48.4369],[-118.52888,48.43751],[-118.52901,48.4375],[-118.52918,48.4371],[-118.52939,48.43707],[-118.52943,48.43718],[-118.52926,48.4373],[-118.52965,48.43763],[-118.52957,48.43784],[-118.52916,48.43799],[-118.52892,48.43795],[-118.52877,48.43777],[-118.52809,48.43792],[-118.52809,48.43818],[-118.52786,48.43842],[-118.52808,48.4386],[-118.52734,48.43907],[-118.52755,48.4394],[-118.5272,48.43954],[-118.52729,48.44006],[-118.52634,48.44098],[-118.52671,48.44134],[-118.52677,48.44173],[-118.52604,48.44244],[-118.52629,48.44278],[-118.5263,48.443],[-118.526,48.44335],[-118.52595,48.4437],[-118.52683,48.44336],[-118.52705,48.44338],[-118.52717,48.44391],[-118.52691,48.44425],[-118.52657,48.44439],[-118.52628,48.44432],[-118.52613,48.44449],[-118.52591,48.44442],[-118.5258,48.44469],[-118.52593,48.44483],[-118.5254,48.44501],[-118.52534,48.44514],[-118.52549,48.44532],[-118.52534,48.44607],[-118.52476,48.44609],[-118.52463,48.44631],[-118.52534,48.44676],[-118.52533,48.4473],[-118.52494,48.44753],[-118.52415,48.44758],[-118.52433,48.448],[-118.52398,48.44815],[-118.52366,48.44808],[-118.52341,48.44827],[-118.52336,48.44852],[-118.52363,48.44858],[-118.5238,48.44899],[-118.52345,48.44877],[-118.52322,48.44892],[-118.52326,48.45001],[-118.52296,48.45043],[-118.52311,48.4508],[-118.52292,48.45105],[-118.52183,48.45095],[-118.5221,48.45138],[-118.5228,48.45204],[-118.52359,48.45208],[-118.52265,48.4524],[-118.52284,48.45266],[-118.52264,48.45275],[-118.52289,48.45284],[-118.5229,48.45306],[-118.52179,48.4534],[-118.52167,48.45363],[-118.52138,48.45376],[-118.52099,48.45377],[-118.5206,48.45402],[-118.52057,48.45435],[-118.52032,48.45456],[-118.51997,48.45461],[-118.51969,48.45491],[-118.51932,48.45486],[-118.51874,48.45525],[-118.51872,48.45546],[-118.51798,48.4556],[-118.51794,48.45583],[-118.5177,48.45587],[-118.5171,48.45553],[-118.51698,48.45563],[-118.51705,48.45579],[-118.51609,48.4565],[-118.51564,48.45656],[-118.51544,48.45697],[-118.51449,48.45674],[-118.51416,48.45694],[-118.51384,48.45688],[-118.51274,48.45774],[-118.51247,48.45758],[-118.51184,48.45772],[-118.51138,48.45823],[-118.51104,48.45824],[-118.51097,48.45836],[-118.51185,48.4588],[-118.51173,48.45912],[-118.51103,48.45901],[-118.51026,48.45912],[-118.50875,48.45972],[-118.50855,48.46002],[-118.50657,48.46033],[-118.50539,48.45988],[-118.5028,48.45987],[-118.50234,48.45942],[-118.50241,48.45891],[-118.50287,48.45846],[-118.50294,48.45797],[-118.50201,48.4576],[-118.50149,48.45813],[-118.50093,48.45811],[-118.50051,48.45839],[-118.49914,48.45836],[-118.49875,48.45772],[-118.498,48.45841],[-118.49769,48.45932],[-118.49743,48.45925],[-118.497,48.45941],[-118.49732,48.45994],[-118.49463,48.46002],[-118.4905,48.45979],[-118.49006,48.46036],[-118.48975,48.46043],[-118.48912,48.46035],[-118.48715,48.46043],[-118.48411,48.45925],[-118.48321,48.4586],[-118.48293,48.45866],[-118.48301,48.45825],[-118.4824,48.45814],[-118.48228,48.45797],[-118.48233,48.45772],[-118.48267,48.45736],[-118.4827,48.45703],[-118.48307,48.45655],[-118.48383,48.45615],[-118.48344,48.4556],[-118.48384,48.45447],[-118.48294,48.45428],[-118.48322,48.45405],[-118.4832,48.45394],[-118.4829,48.45362],[-118.4824,48.45367],[-118.48224,48.45337],[-118.48233,48.45296],[-118.48178,48.4528],[-118.48207,48.45262],[-118.4825,48.45272],[-118.48286,48.45234],[-118.48306,48.4523],[-118.48331,48.45198],[-118.48321,48.45187],[-118.48335,48.45191],[-118.48344,48.45174],[-118.48319,48.45111],[-118.48269,48.45057],[-118.48333,48.45032],[-118.48354,48.45036],[-118.48371,48.45009],[-118.48359,48.45004],[-118.4837,48.44992],[-118.48359,48.44972],[-118.48407,48.44962],[-118.48425,48.4493],[-118.4836,48.44928],[-118.48355,48.44915],[-118.48309,48.44905],[-118.48314,48.44892],[-118.48269,48.44907],[-118.48244,48.44967],[-118.48185,48.44945],[-118.48173,48.44959],[-118.48092,48.44977],[-118.4806,48.45028],[-118.48003,48.45023],[-118.4798,48.45034],[-118.47891,48.44998],[-118.47849,48.44942],[-118.47796,48.44919],[-118.47792,48.44932],[-118.47766,48.4493],[-118.47763,48.44904],[-118.47749,48.44898],[-118.47734,48.44911],[-118.47739,48.44891],[-118.47727,48.44884],[-118.477,48.44898],[-118.47677,48.44894],[-118.47668,48.44917],[-118.47656,48.44912],[-118.47641,48.44893],[-118.47645,48.44857],[-118.47695,48.44866],[-118.47717,48.44854],[-118.47657,48.44828],[-118.47651,48.44812],[-118.47615,48.44843],[-118.47587,48.44827],[-118.47597,48.44849],[-118.47553,48.44879],[-118.4754,48.44911],[-118.47519,48.44911],[-118.47516,48.44898],[-118.4749,48.44909],[-118.47484,48.44934],[-118.47464,48.44945],[-118.47466,48.44964],[-118.47414,48.44985],[-118.47365,48.45043],[-118.4732,48.45061],[-118.47328,48.45011],[-118.47312,48.4502],[-118.47303,48.45057],[-118.47235,48.45084],[-118.47228,48.45064],[-118.47194,48.45067],[-118.47203,48.45034],[-118.47223,48.45031],[-118.4719,48.45028],[-118.4709,48.45088],[-118.47124,48.45105],[-118.47112,48.45126],[-118.47012,48.45154],[-118.47021,48.45113],[-118.46996,48.45128],[-118.46825,48.45132],[-118.46604,48.45075],[-118.4659,48.45055],[-118.4657,48.45061],[-118.46526,48.45047],[-118.46483,48.45009],[-118.46489,48.44995],[-118.4646,48.44976],[-118.46386,48.44974],[-118.4636,48.44958],[-118.46333,48.4496],[-118.46279,48.44993],[-118.46194,48.44979],[-118.46175,48.44962],[-118.4619,48.44945],[-118.46165,48.44893],[-118.46114,48.44887],[-118.46097,48.44863],[-118.46106,48.44751],[-118.46137,48.44695],[-118.46136,48.44673],[-118.46081,48.44648],[-118.46044,48.44605],[-118.4601,48.44611],[-118.45894,48.44673],[-118.45779,48.44692],[-118.45719,48.44721],[-118.45767,48.44716],[-118.45796,48.44728],[-118.45821,48.44705],[-118.45824,48.44722],[-118.45761,48.44745],[-118.45759,48.44764],[-118.45702,48.44758],[-118.45688,48.44777],[-118.45614,48.4478],[-118.45563,48.44767],[-118.45514,48.44728],[-118.45455,48.44723],[-118.4542,48.44735],[-118.45416,48.4472],[-118.45342,48.44714],[-118.45344,48.44704],[-118.45324,48.44699],[-118.45306,48.44727],[-118.45286,48.44726],[-118.45279,48.44691],[-118.45237,48.44731],[-118.45213,48.44714],[-118.45171,48.44713],[-118.45202,48.44735],[-118.45202,48.44765],[-118.4516,48.44777],[-118.45077,48.44769],[-118.44937,48.44727],[-118.44938,48.44695],[-118.44951,48.44685],[-118.44908,48.44675],[-118.44907,48.44662],[-118.4494,48.44631],[-118.44914,48.44634],[-118.44912,48.4462],[-118.4487,48.44614],[-118.44857,48.4459],[-118.44896,48.44588],[-118.44901,48.44572],[-118.44932,48.44581],[-118.44926,48.44543],[-118.44968,48.44564],[-118.44958,48.44598],[-118.44976,48.44619],[-118.45057,48.44673],[-118.4505,48.44623],[-118.45146,48.44618],[-118.4505,48.44569],[-118.45016,48.44599],[-118.44996,48.44599],[-118.44987,48.44592],[-118.45005,48.44582],[-118.44997,48.44541],[-118.44938,48.44519],[-118.44936,48.44507],[-118.44801,48.44519],[-118.44854,48.44538],[-118.44827,48.44555],[-118.44732,48.44501],[-118.44712,48.44529],[-118.44747,48.4456],[-118.4473,48.44577],[-118.44667,48.44587],[-118.44509,48.44569],[-118.44439,48.44525],[-118.44378,48.44453],[-118.44389,48.44443],[-118.44359,48.4442],[-118.44376,48.44385],[-118.44333,48.44373],[-118.44344,48.44362],[-118.44381,48.44376],[-118.4439,48.4436],[-118.4429,48.44323],[-118.4427,48.44292],[-118.44301,48.44303],[-118.44323,48.44295],[-118.44244,48.44268],[-118.44239,48.44257],[-118.44253,48.4424],[-118.44147,48.44163],[-118.44077,48.4407],[-118.44044,48.4408],[-118.43992,48.44142],[-118.43828,48.44081],[-118.43748,48.44089],[-118.43701,48.4408],[-118.43694,48.44168],[-118.43626,48.44241],[-118.43525,48.44238],[-118.43424,48.44293],[-118.4336,48.44384],[-118.43261,48.44408],[-118.43191,48.44401],[-118.43179,48.44424],[-118.43148,48.44386],[-118.43118,48.44418],[-118.43104,48.44403],[-118.43112,48.44392],[-118.4306,48.44377],[-118.43058,48.44363],[-118.43008,48.4434],[-118.42966,48.44348],[-118.42886,48.44302],[-118.42884,48.44325],[-118.42856,48.44304],[-118.42869,48.44293],[-118.42859,48.44281],[-118.42816,48.44264],[-118.42733,48.44285],[-118.42725,48.44261],[-118.42687,48.44262],[-118.427,48.44276],[-118.42666,48.44313],[-118.42639,48.44296],[-118.42609,48.44342],[-118.42535,48.44392],[-118.42465,48.44401],[-118.42457,48.44461],[-118.42189,48.44494],[-118.42215,48.4455],[-118.42125,48.44556],[-118.42053,48.44612],[-118.41925,48.44602],[-118.41842,48.44615],[-118.41851,48.44722],[-118.4189,48.44716],[-118.41944,48.44733],[-118.42011,48.44768],[-118.42037,48.44795],[-118.42033,48.44969],[-118.42093,48.45019],[-118.42141,48.45087],[-118.42192,48.45116],[-118.42202,48.45146],[-118.42188,48.45188],[-118.42123,48.45219],[-118.42118,48.45258],[-118.42059,48.4526],[-118.41983,48.4531],[-118.42062,48.45364],[-118.42095,48.45355],[-118.42129,48.4538],[-118.4223,48.45359],[-118.42261,48.45363],[-118.42284,48.45382],[-118.42311,48.45556],[-118.42322,48.45561],[-118.42334,48.45547],[-118.42352,48.45557],[-118.42339,48.45598],[-118.42592,48.45799],[-118.42594,48.45833],[-118.42625,48.45856],[-118.42645,48.45934],[-118.42648,48.4601],[-118.4263,48.46041],[-118.42142,48.46028],[-118.42006,48.45999],[-118.42002,48.46023],[-118.4202,48.4603],[-118.42012,48.46052],[-118.42078,48.46074],[-118.42066,48.46091],[-118.42081,48.46127],[-118.42177,48.46154],[-118.42184,48.46142],[-118.42163,48.46118],[-118.4217,48.461],[-118.42208,48.46123],[-118.42317,48.4615],[-118.42563,48.46286],[-118.4263,48.46307],[-118.42676,48.46342],[-118.42716,48.46447],[-118.42768,48.46485],[-118.42816,48.46579],[-118.42804,48.46706],[-118.42759,48.46753],[-118.42529,48.4683],[-118.42408,48.46807],[-118.42343,48.46832],[-118.42262,48.46833],[-118.42218,48.46819],[-118.42201,48.46795],[-118.42205,48.46781]]],[[[-118.41842,48.37873],[-118.41819,48.37846],[-118.41847,48.37824],[-118.41856,48.37783],[-118.41902,48.3779],[-118.41865,48.37744],[-118.42208,48.37787],[-118.42197,48.37801],[-118.42138,48.37798],[-118.42136,48.37811],[-118.42021,48.3784],[-118.42057,48.37872],[-118.41958,48.37873],[-118.41948,48.37853],[-118.41916,48.37849],[-118.41842,48.37873]]],[[[-118.52999,48.43646],[-118.53048,48.43631],[-118.53076,48.4365],[-118.53104,48.43622],[-118.5311,48.43541],[-118.53132,48.43496],[-118.53146,48.43483],[-118.53167,48.43488],[-118.53164,48.43523],[-118.53128,48.4356],[-118.53127,48.43616],[-118.53111,48.43651],[-118.53033,48.43684],[-118.52962,48.4369],[-118.52946,48.43674],[-118.52995,48.43666],[-118.52999,48.43646]]],[[[-118.52881,48.43893],[-118.52877,48.4385],[-118.52892,48.43841],[-118.52928,48.43861],[-118.52919,48.43895],[-118.52881,48.43893]]],[[[-118.43488,48.44334],[-118.43445,48.44323],[-118.43436,48.44319],[-118.43453,48.44301],[-118.43484,48.44307],[-118.43494,48.44298],[-118.43488,48.44334]]],[[[-118.34679,48.40137],[-118.34657,48.40136],[-118.34675,48.40158],[-118.34674,48.40175],[-118.34664,48.40176],[-118.34659,48.40151],[-118.34637,48.40137],[-118.34638,48.40095],[-118.34682,48.40111],[-118.34679,48.40137]]],[[[-118.35458,48.40181],[-118.35495,48.40198],[-118.35534,48.40197],[-118.35537,48.40226],[-118.35485,48.4021],[-118.35453,48.40217],[-118.35436,48.40195],[-118.35458,48.40181]]],[[[-118.33719,48.42391],[-118.33708,48.42354],[-118.33745,48.42376],[-118.33719,48.42391]]],[[[-118.28952,48.44121],[-118.28925,48.44099],[-118.28873,48.44095],[-118.28886,48.44073],[-118.28854,48.44059],[-118.28794,48.44084],[-118.28741,48.44088],[-118.28681,48.44035],[-118.28682,48.43983],[-118.28759,48.43975],[-118.28764,48.43939],[-118.28792,48.43904],[-118.28846,48.43883],[-118.28834,48.43838],[-118.28845,48.43805],[-118.28788,48.43747],[-118.28777,48.43712],[-118.28783,48.43676],[-118.28764,48.43619],[-118.28724,48.43593],[-118.28713,48.43555],[-118.28681,48.43523],[-118.2872,48.43429],[-118.2868,48.43402],[-118.28688,48.43348],[-118.2867,48.433],[-118.28699,48.4325],[-118.28667,48.43186],[-118.2869,48.43173],[-118.28702,48.43136],[-118.28666,48.43125],[-118.28665,48.4307],[-118.28622,48.43032],[-118.28603,48.42989],[-118.28574,48.4296],[-118.28539,48.42952],[-118.28571,48.42913],[-118.28571,48.42873],[-118.28507,48.42854],[-118.285,48.42841],[-118.28536,48.42802],[-118.28538,48.42774],[-118.28521,48.42758],[-118.28471,48.42751],[-118.28449,48.42723],[-118.28376,48.42722],[-118.28368,48.42686],[-118.28353,48.42679],[-118.28256,48.42687],[-118.28233,48.42663],[-118.28212,48.42705],[-118.28195,48.42709],[-118.28153,48.42562],[-118.28111,48.42529],[-118.28046,48.42512],[-118.28117,48.42457],[-118.28165,48.42443],[-118.28179,48.42351],[-118.28127,48.42343],[-118.28172,48.42327],[-118.28111,48.42253],[-118.2811,48.42204],[-118.28087,48.42189],[-118.28017,48.42184],[-118.27953,48.42162],[-118.27856,48.42156],[-118.2775,48.42119],[-118.2767,48.42023],[-118.27663,48.41966],[-118.2762,48.41872],[-118.27645,48.41831],[-118.27571,48.41796],[-118.27508,48.41697],[-118.27452,48.41502],[-118.27597,48.41439],[-118.27856,48.41379],[-118.2796,48.41321],[-118.28113,48.4129],[-118.28316,48.41228],[-118.28395,48.41175],[-118.28479,48.41142],[-118.28749,48.41141],[-118.28887,48.41048],[-118.2917,48.41058],[-118.29228,48.41068],[-118.29244,48.41091],[-118.2926,48.41093],[-118.29901,48.41089],[-118.29913,48.41136],[-118.29898,48.41162],[-118.29868,48.41176],[-118.29942,48.41178],[-118.29996,48.4122],[-118.30063,48.41242],[-118.30157,48.41326],[-118.30222,48.41439],[-118.30262,48.41458],[-118.30294,48.41458],[-118.30351,48.41752],[-118.3034,48.41802],[-118.30382,48.42085],[-118.30383,48.42232],[-118.30363,48.42474],[-118.30421,48.42616],[-118.30461,48.42758],[-118.30528,48.429],[-118.30547,48.4299],[-118.30584,48.43054],[-118.30574,48.43163],[-118.30585,48.43312],[-118.30466,48.43484],[-118.30522,48.43549],[-118.30602,48.43609],[-118.3073,48.43832],[-118.30767,48.43875],[-118.30719,48.4389],[-118.30691,48.43927],[-118.30608,48.43971],[-118.30439,48.44],[-118.3021,48.44075],[-118.30055,48.441],[-118.30002,48.44072],[-118.29978,48.44028],[-118.29906,48.44024],[-118.29836,48.44049],[-118.29756,48.441],[-118.29637,48.44116],[-118.295,48.44105],[-118.2941,48.44169],[-118.29356,48.44131],[-118.29231,48.44129],[-118.29199,48.44143],[-118.28952,48.44121]]],[[[-118.27983,48.42542],[-118.28023,48.42543],[-118.28084,48.42579],[-118.28057,48.42623],[-118.2796,48.42698],[-118.27924,48.42711],[-118.2788,48.427],[-118.27862,48.42672],[-118.27892,48.42595],[-118.27983,48.42542]]],[[[-118.36115,48.4487],[-118.36075,48.44867],[-118.36109,48.44827],[-118.36118,48.44795],[-118.36231,48.44846],[-118.36206,48.44854],[-118.3617,48.4489],[-118.36184,48.44901],[-118.362,48.44912],[-118.3625,48.4489],[-118.36266,48.44902],[-118.36164,48.44952],[-118.36127,48.44934],[-118.36155,48.44903],[-118.36138,48.44884],[-118.361,48.44898],[-118.36115,48.4487]]],[[[-118.41166,48.45268],[-118.41188,48.4527],[-118.41199,48.45319],[-118.41227,48.45348],[-118.41248,48.4535],[-118.41252,48.45366],[-118.41209,48.45386],[-118.41178,48.45342],[-118.41182,48.45309],[-118.4116,48.45284],[-118.41166,48.45268]]],[[[-118.3809,48.45514],[-118.38084,48.45484],[-118.38103,48.45477],[-118.38135,48.45495],[-118.38114,48.45517],[-118.3809,48.45514]]]]},"properties":{"fire_id":"ufid:2021-WACOA-200087","source_collection":"history-2021","source_objectid":14335,"incident_name":"Summit Trail","mapped_acres":49554.05,"mapped_acres_source":"poly_GISAcres","gis_acres":49554.05,"auto_acres":49553.85872961899,"reported_acres":49554.0,"percent_contained":null,"state":"WA","state_wfigs":"US-WA","county":"Ferry","discovery_time_utc":"2021-07-13T05:34:00Z","perimeter_time_utc":null,"perimeter_edit_time_utc":"2023-03-14T15:13:42Z","incident_modified_time_utc":"2022-02-02T19:38:30Z","containment_time_utc":"2021-10-02T00:38:00Z","control_time_utc":"2021-11-09T00:26:00Z","fire_out_time_utc":"2021-12-14T19:27:00Z","fire_cause":"Natural","fire_cause_general":"Natural","map_method":"Infrared Image","source_dataset":"FFP","unique_fire_identifier":"2021-WACOA-200087","irwin_id":"{BE99D67C-9EF1-4674-91E9-8F97B77EAFCC}","global_id":"b2e87467-c580-4bea-b4ce-4c95b69da72f"}},{"type":"Feature","geometry":{"type":"MultiPolygon","coordinates":[[[[-117.95244,47.91881],[-117.95045,47.91845],[-117.95038,47.91823],[-117.94959,47.91735],[-117.94926,47.91663],[-117.94807,47.91639],[-117.94629,47.91629],[-117.94535,47.91578],[-117.94392,47.9156],[-117.94344,47.91536],[-117.94322,47.9151],[-117.94338,47.91458],[-117.94283,47.91434],[-117.94321,47.91271],[-117.94276,47.91244],[-117.94266,47.91224],[-117.94271,47.91156],[-117.94241,47.91121],[-117.94235,47.91084],[-117.9425,47.91061],[-117.94211,47.9095],[-117.94263,47.90868],[-117.9435,47.90903],[-117.94437,47.90808],[-117.9441,47.90753],[-117.94367,47.90736],[-117.94363,47.90706],[-117.94315,47.90683],[-117.94451,47.90455],[-117.94504,47.90447],[-117.94525,47.90457],[-117.94736,47.90392],[-117.9498,47.90397],[-117.95173,47.90417],[-117.95368,47.90408],[-117.9555,47.90442],[-117.95663,47.90441],[-117.95754,47.90425],[-117.95754,47.90458],[-117.95692,47.90511],[-117.95789,47.9059],[-117.95802,47.90652],[-117.95869,47.90693],[-117.95915,47.90746],[-117.96003,47.90775],[-117.96114,47.90904],[-117.96189,47.90885],[-117.96265,47.90891],[-117.96313,47.91004],[-117.96343,47.91025],[-117.96332,47.91064],[-117.96273,47.9111],[-117.96291,47.91195],[-117.96396,47.91278],[-117.96444,47.91207],[-117.9656,47.91157],[-117.96711,47.91021],[-117.96791,47.91008],[-117.96849,47.91023],[-117.97011,47.91018],[-117.97018,47.91028],[-117.97003,47.91053],[-117.97021,47.911],[-117.97019,47.91132],[-117.96896,47.91199],[-117.9683,47.91259],[-117.96815,47.91286],[-117.96816,47.91391],[-117.96775,47.91455],[-117.96809,47.91472],[-117.96876,47.91443],[-117.96941,47.91449],[-117.96947,47.91462],[-117.96929,47.91502],[-117.97009,47.91581],[-117.97191,47.91642],[-117.9728,47.91648],[-117.97341,47.91595],[-117.97377,47.91586],[-117.97405,47.91588],[-117.9748,47.91629],[-117.97589,47.9155],[-117.97596,47.9152],[-117.97634,47.91496],[-117.97686,47.91488],[-117.97846,47.91541],[-117.97839,47.9158],[-117.97873,47.91625],[-117.97917,47.916],[-117.97915,47.91576],[-117.98122,47.9148],[-117.98182,47.91397],[-117.98232,47.91358],[-117.98367,47.91303],[-117.98458,47.91287],[-117.98476,47.91273],[-117.98475,47.9125],[-117.98602,47.91234],[-117.98713,47.9128],[-117.98716,47.91308],[-117.98698,47.91342],[-117.98747,47.91369],[-117.98728,47.91406],[-117.98737,47.91438],[-117.98773,47.9146],[-117.98822,47.91517],[-117.98764,47.91527],[-117.98759,47.91552],[-117.98783,47.91635],[-117.98736,47.91717],[-117.98739,47.91735],[-117.98691,47.91783],[-117.98717,47.91842],[-117.98699,47.91902],[-117.98681,47.91913],[-117.98662,47.91956],[-117.98621,47.91971],[-117.98601,47.91998],[-117.9859,47.92037],[-117.98542,47.92093],[-117.98561,47.9211],[-117.9851,47.92138],[-117.98492,47.92129],[-117.98471,47.92166],[-117.98382,47.92213],[-117.98329,47.9226],[-117.98482,47.92342],[-117.98464,47.9237],[-117.98331,47.9234],[-117.98215,47.92377],[-117.98103,47.92381],[-117.98109,47.92392],[-117.98087,47.92407],[-117.98115,47.92455],[-117.98117,47.92468],[-117.98098,47.92475],[-117.98105,47.92482],[-117.98027,47.92501],[-117.98034,47.92526],[-117.97991,47.92548],[-117.9782,47.92538],[-117.97814,47.92604],[-117.97842,47.92617],[-117.97855,47.9264],[-117.97838,47.92686],[-117.97778,47.92704],[-117.97768,47.92745],[-117.9774,47.92768],[-117.97637,47.92768],[-117.97582,47.92789],[-117.97581,47.92826],[-117.97571,47.9283],[-117.97586,47.92832],[-117.97574,47.92847],[-117.9748,47.92827],[-117.97437,47.92834],[-117.97416,47.92804],[-117.97378,47.928],[-117.97136,47.92831],[-117.96997,47.9293],[-117.96857,47.92974],[-117.96781,47.92973],[-117.96672,47.92993],[-117.9666,47.92965],[-117.96642,47.92956],[-117.96565,47.93006],[-117.9653,47.93001],[-117.96449,47.93023],[-117.96383,47.92988],[-117.96373,47.92968],[-117.96463,47.92912],[-117.96533,47.92906],[-117.96509,47.9288],[-117.96514,47.92853],[-117.96451,47.92845],[-117.96455,47.92866],[-117.9644,47.92871],[-117.96432,47.92914],[-117.96386,47.92886],[-117.9633,47.92884],[-117.96344,47.92854],[-117.96338,47.92838],[-117.96318,47.92831],[-117.9624,47.92873],[-117.96183,47.9287],[-117.96207,47.92848],[-117.96172,47.92821],[-117.96173,47.92792],[-117.9629,47.9277],[-117.96276,47.92736],[-117.96212,47.92733],[-117.96211,47.92717],[-117.96266,47.92706],[-117.96228,47.92606],[-117.96053,47.92568],[-117.95994,47.92581],[-117.95921,47.92579],[-117.95876,47.92623],[-117.95807,47.92652],[-117.95771,47.92632],[-117.95702,47.92624],[-117.95699,47.92603],[-117.95667,47.92589],[-117.95674,47.92559],[-117.95665,47.92549],[-117.95677,47.92556],[-117.95697,47.92538],[-117.95751,47.92467],[-117.95747,47.92449],[-117.95877,47.92454],[-117.95902,47.92442],[-117.95884,47.9241],[-117.95881,47.92327],[-117.95823,47.92188],[-117.95832,47.92133],[-117.95812,47.92036],[-117.95565,47.91961],[-117.95513,47.91991],[-117.95491,47.91984],[-117.95503,47.92029],[-117.95488,47.92072],[-117.95406,47.92092],[-117.95303,47.92063],[-117.95242,47.92],[-117.95204,47.91942],[-117.95244,47.91881]]],[[[-117.98759,47.92865],[-117.98681,47.92855],[-117.98656,47.92867],[-117.98595,47.92849],[-117.98583,47.92829],[-117.98584,47.92785],[-117.9861,47.92743],[-117.9859,47.92726],[-117.98587,47.92703],[-117.98604,47.92659],[-117.98687,47.92629],[-117.98764,47.9262],[-117.98852,47.92659],[-117.98842,47.92716],[-117.98855,47.9275],[-117.98847,47.92796],[-117.98827,47.92812],[-117.9883,47.92854],[-117.98759,47.92865]]],[[[-117.9337,47.91468],[-117.93274,47.91468],[-117.93187,47.91393],[-117.9325,47.91354],[-117.9333,47.91399],[-117.9337,47.91468]]]]},"properties":{"fire_id":"ufid:2021-WASPA-002124","source_collection":"history-2021","source_objectid":14366,"incident_name":"Sherwood","mapped_acres":1255.933,"mapped_acres_source":"poly_GISAcres","gis_acres":1255.933,"auto_acres":1256.7716950883614,"reported_acres":1256.0,"percent_contained":null,"state":"WA","state_wfigs":"US-WA","county":"Stevens","discovery_time_utc":"2021-07-21T21:23:00Z","perimeter_time_utc":null,"perimeter_edit_time_utc":"2023-03-14T15:13:42Z","incident_modified_time_utc":"2022-01-19T19:01:21Z","containment_time_utc":"2021-08-23T01:00:00Z","control_time_utc":"2021-09-22T17:32:00Z","fire_out_time_utc":"2021-11-16T16:30:00Z","fire_cause":"Human","fire_cause_general":"Equipment and vehicle use","map_method":"Mixed Methods","source_dataset":"FFP","unique_fire_identifier":"2021-WASPA-002124","irwin_id":"{BB5FAB97-A332-401D-ABE9-FFB8536426B0}","global_id":"e380df8b-6db1-4084-9d3a-af6520b5eb28"}},{"type":"Feature","geometry":{"type":"MultiPolygon","coordinates":[[[[-119.75438,48.61338],[-119.75433,48.61295],[-119.75344,48.61228],[-119.75428,48.61188],[-119.75286,48.61155],[-119.75251,48.6117],[-119.75266,48.612],[-119.75235,48.61206],[-119.75192,48.61192],[-119.75097,48.61208],[-119.75079,48.61179],[-119.75032,48.61168],[-119.75028,48.6113],[-119.75044,48.61106],[-119.75036,48.61096],[-119.74874,48.6114],[-119.74864,48.61123],[-119.74884,48.61087],[-119.74851,48.61041],[-119.7486,48.61021],[-119.74814,48.60995],[-119.74764,48.60936],[-119.74732,48.60972],[-119.74672,48.60964],[-119.74617,48.61006],[-119.74603,48.61002],[-119.74602,48.60978],[-119.74581,48.6096],[-119.74559,48.60984],[-119.74506,48.6097],[-119.74526,48.60948],[-119.74571,48.60933],[-119.745,48.60897],[-119.74434,48.60942],[-119.74403,48.60944],[-119.74384,48.60922],[-119.74296,48.60912],[-119.74271,48.60938],[-119.74273,48.60956],[-119.74227,48.60953],[-119.74202,48.60976],[-119.74168,48.60976],[-119.74124,48.60998],[-119.74061,48.60979],[-119.7403,48.60959],[-119.73992,48.60902],[-119.73995,48.60873],[-119.74032,48.60852],[-119.7406,48.60861],[-119.74051,48.60854],[-119.7407,48.60852],[-119.74077,48.60832],[-119.74064,48.6082],[-119.74044,48.60824],[-119.74043,48.60808],[-119.74022,48.60798],[-119.74032,48.60797],[-119.74041,48.60756],[-119.74016,48.60738],[-119.74002,48.60744],[-119.74011,48.60753],[-119.73958,48.60763],[-119.73959,48.60789],[-119.73926,48.60781],[-119.73888,48.60806],[-119.739,48.60851],[-119.73686,48.60836],[-119.73472,48.60876],[-119.73419,48.609],[-119.73357,48.60885],[-119.73368,48.60826],[-119.73441,48.60726],[-119.73409,48.60672],[-119.73402,48.60621],[-119.73424,48.60465],[-119.73277,48.60455],[-119.73133,48.60416],[-119.73106,48.6037],[-119.7311,48.60325],[-119.73041,48.60236],[-119.73025,48.60189],[-119.73077,48.60043],[-119.73219,48.59933],[-119.73226,48.59884],[-119.73101,48.59836],[-119.73068,48.59795],[-119.73122,48.59708],[-119.73172,48.59676],[-119.7345,48.59709],[-119.73518,48.59692],[-119.73571,48.59659],[-119.73587,48.59518],[-119.73492,48.59372],[-119.73508,48.59324],[-119.73612,48.59197],[-119.73665,48.59107],[-119.73684,48.59063],[-119.73675,48.59016],[-119.7353,48.58903],[-119.73391,48.58868],[-119.7325,48.58808],[-119.73031,48.5878],[-119.72961,48.58759],[-119.72846,48.58699],[-119.72579,48.58638],[-119.7244,48.58631],[-119.72375,48.58613],[-119.72367,48.58521],[-119.72278,48.58446],[-119.72301,48.58402],[-119.72402,48.58328],[-119.7241,48.58282],[-119.72448,48.58239],[-119.72239,48.58211],[-119.72205,48.5817],[-119.72222,48.58124],[-119.72208,48.58033],[-119.72172,48.57994],[-119.72104,48.58],[-119.72079,48.57953],[-119.7208,48.5786],[-119.71921,48.57958],[-119.71774,48.57968],[-119.71634,48.57945],[-119.71361,48.58006],[-119.7129,48.57989],[-119.71081,48.58007],[-119.71023,48.58035],[-119.70942,48.58115],[-119.70824,48.58185],[-119.70743,48.58183],[-119.70613,48.58109],[-119.70544,48.58101],[-119.70496,48.58066],[-119.70428,48.58048],[-119.70203,48.57926],[-119.70207,48.57876],[-119.70325,48.57646],[-119.70351,48.57509],[-119.70398,48.57441],[-119.70114,48.57529],[-119.70042,48.57458],[-119.70064,48.57352],[-119.70106,48.5729],[-119.70326,48.57211],[-119.70452,48.57208],[-119.70431,48.57133],[-119.70386,48.57091],[-119.70274,48.57034],[-119.70246,48.56989],[-119.70296,48.56953],[-119.70901,48.5677],[-119.71013,48.56719],[-119.71203,48.56656],[-119.7154,48.56569],[-119.71561,48.56532],[-119.71735,48.56471],[-119.71952,48.5651],[-119.72595,48.56485],[-119.72739,48.5651],[-119.72881,48.56488],[-119.73034,48.56487],[-119.73525,48.56581],[-119.73603,48.56578],[-119.73649,48.56572],[-119.73639,48.56537],[-119.73707,48.56465],[-119.73905,48.56405],[-119.7391,48.56341],[-119.73937,48.563],[-119.74225,48.56278],[-119.74357,48.56299],[-119.74423,48.56285],[-119.74592,48.56197],[-119.74682,48.56216],[-119.74752,48.56206],[-119.74857,48.56144],[-119.74924,48.56131],[-119.74912,48.5637],[-119.74969,48.5657],[-119.74907,48.56761],[-119.74905,48.56982],[-119.7496,48.57012],[-119.7517,48.57009],[-119.7524,48.56859],[-119.75251,48.56713],[-119.75295,48.56607],[-119.75223,48.5658],[-119.75253,48.5649],[-119.75237,48.5629],[-119.75291,48.56203],[-119.75307,48.56158],[-119.75297,48.5611],[-119.75318,48.56065],[-119.75416,48.5594],[-119.75516,48.55872],[-119.75512,48.55826],[-119.75526,48.55779],[-119.75587,48.55693],[-119.75609,48.55604],[-119.75639,48.55563],[-119.75707,48.55551],[-119.75775,48.55563],[-119.75902,48.5553],[-119.7593,48.55475],[-119.75931,48.5543],[-119.75958,48.55387],[-119.76017,48.55364],[-119.76199,48.55443],[-119.76576,48.55572],[-119.76447,48.55683],[-119.76484,48.55722],[-119.76696,48.55718],[-119.76831,48.55751],[-119.77034,48.55721],[-119.7707,48.55683],[-119.77111,48.55723],[-119.77119,48.55771],[-119.77321,48.55811],[-119.7739,48.55805],[-119.77443,48.55773],[-119.77508,48.55756],[-119.77719,48.55772],[-119.77858,48.55761],[-119.77931,48.5577],[-119.78138,48.55751],[-119.78487,48.55687],[-119.78708,48.55676],[-119.78848,48.55643],[-119.79061,48.55617],[-119.79324,48.55544],[-119.79456,48.55578],[-119.7945,48.55623],[-119.79399,48.55711],[-119.79414,48.55755],[-119.79487,48.55767],[-119.79541,48.558],[-119.79574,48.55841],[-119.79589,48.55887],[-119.7964,48.55918],[-119.80122,48.56109],[-119.80189,48.56102],[-119.80239,48.56068],[-119.80221,48.55973],[-119.80368,48.55962],[-119.80499,48.55932],[-119.80573,48.55927],[-119.80641,48.55938],[-119.80846,48.55909],[-119.80909,48.55925],[-119.8095,48.55962],[-119.81212,48.56026],[-119.8141,48.56068],[-119.81547,48.56075],[-119.81574,48.56118],[-119.81699,48.56165],[-119.81745,48.56201],[-119.81827,48.56312],[-119.81893,48.56318],[-119.81926,48.56363],[-119.81942,48.56455],[-119.81967,48.56499],[-119.82015,48.56538],[-119.82154,48.56573],[-119.82182,48.56616],[-119.82231,48.5665],[-119.82299,48.56733],[-119.82299,48.56779],[-119.82263,48.56872],[-119.82283,48.56884],[-119.82465,48.56887],[-119.82523,48.56915],[-119.82584,48.57025],[-119.82713,48.57155],[-119.82775,48.57318],[-119.82821,48.57361],[-119.82831,48.57393],[-119.82865,48.57431],[-119.82875,48.57457],[-119.82858,48.57535],[-119.82871,48.57629],[-119.83012,48.57878],[-119.83179,48.57946],[-119.83321,48.58062],[-119.83334,48.58127],[-119.83275,48.58282],[-119.83317,48.58269],[-119.8334,48.58289],[-119.83348,48.58334],[-119.83302,48.58378],[-119.83287,48.58432],[-119.83232,48.58493],[-119.83235,48.58553],[-119.83192,48.5863],[-119.83208,48.58655],[-119.83363,48.58607],[-119.83453,48.58613],[-119.83485,48.58635],[-119.83519,48.58638],[-119.8355,48.58706],[-119.83556,48.58761],[-119.83606,48.58758],[-119.83767,48.58819],[-119.83741,48.58862],[-119.83791,48.58893],[-119.83783,48.58933],[-119.8384,48.5897],[-119.83902,48.5898],[-119.8395,48.58956],[-119.84216,48.58922],[-119.84383,48.58922],[-119.84358,48.59053],[-119.84424,48.59098],[-119.84585,48.59143],[-119.84646,48.59143],[-119.84732,48.59103],[-119.84877,48.59074],[-119.84986,48.59081],[-119.85009,48.59103],[-119.8515,48.59093],[-119.85188,48.59234],[-119.85139,48.59279],[-119.85142,48.59372],[-119.85112,48.59405],[-119.85133,48.59447],[-119.8514,48.59515],[-119.85168,48.59598],[-119.85133,48.59605],[-119.85055,48.59742],[-119.85061,48.59771],[-119.85038,48.59894],[-119.85008,48.59914],[-119.84995,48.59957],[-119.8504,48.59994],[-119.85105,48.60019],[-119.85434,48.60088],[-119.85448,48.60115],[-119.857,48.60153],[-119.85735,48.60182],[-119.85711,48.60228],[-119.85738,48.60236],[-119.85778,48.60275],[-119.85764,48.60324],[-119.8587,48.60292],[-119.85893,48.6031],[-119.85907,48.60352],[-119.85769,48.60392],[-119.85703,48.6044],[-119.85685,48.60466],[-119.85705,48.60491],[-119.85701,48.60566],[-119.85695,48.60595],[-119.85675,48.60604],[-119.85703,48.60658],[-119.85682,48.60672],[-119.85596,48.60673],[-119.85574,48.60753],[-119.85469,48.60878],[-119.85407,48.60929],[-119.85304,48.60977],[-119.85334,48.61014],[-119.85334,48.61153],[-119.85289,48.61189],[-119.85227,48.61213],[-119.85188,48.61275],[-119.8524,48.61371],[-119.85209,48.61379],[-119.85196,48.6145],[-119.85345,48.61497],[-119.85381,48.61524],[-119.85375,48.61554],[-119.85311,48.61562],[-119.85278,48.61635],[-119.85266,48.6168],[-119.85273,48.61725],[-119.85316,48.61763],[-119.85235,48.61776],[-119.85138,48.61772],[-119.84886,48.61702],[-119.8488,48.61618],[-119.84798,48.61572],[-119.84743,48.61599],[-119.84545,48.61576],[-119.84529,48.61598],[-119.84401,48.61639],[-119.84386,48.61663],[-119.84395,48.61745],[-119.84275,48.61776],[-119.84263,48.61797],[-119.84296,48.61819],[-119.84286,48.61855],[-119.84303,48.6186],[-119.84333,48.61837],[-119.84374,48.61828],[-119.84435,48.61847],[-119.8452,48.61823],[-119.84673,48.61828],[-119.84599,48.61969],[-119.84625,48.61985],[-119.84648,48.62053],[-119.84685,48.62079],[-119.84644,48.62145],[-119.84547,48.62108],[-119.84362,48.62074],[-119.8415,48.62114],[-119.84041,48.62166],[-119.84002,48.62198],[-119.83852,48.62154],[-119.83804,48.6212],[-119.83723,48.6209],[-119.83594,48.62],[-119.83495,48.61967],[-119.8314,48.61985],[-119.83025,48.62008],[-119.82926,48.62051],[-119.82848,48.62101],[-119.82804,48.62164],[-119.82787,48.62233],[-119.82804,48.62311],[-119.82965,48.62444],[-119.83076,48.62484],[-119.83184,48.625],[-119.83245,48.62535],[-119.83258,48.62584],[-119.83226,48.62634],[-119.83113,48.62686],[-119.82996,48.62664],[-119.82944,48.62676],[-119.82858,48.62627],[-119.82803,48.62651],[-119.82759,48.62698],[-119.82666,48.62719],[-119.82592,48.62761],[-119.82551,48.62803],[-119.82563,48.62845],[-119.82552,48.62911],[-119.82442,48.63023],[-119.82028,48.63205],[-119.81905,48.63215],[-119.81806,48.63207],[-119.81727,48.63129],[-119.81362,48.62954],[-119.81275,48.62875],[-119.81214,48.62873],[-119.81193,48.62837],[-119.81224,48.62769],[-119.81123,48.62797],[-119.8105,48.628],[-119.81016,48.62771],[-119.80938,48.62736],[-119.80972,48.62706],[-119.80883,48.62666],[-119.80848,48.62621],[-119.80517,48.62469],[-119.80468,48.62434],[-119.80171,48.62305],[-119.80117,48.62275],[-119.79905,48.62096],[-119.79878,48.62093],[-119.79835,48.62056],[-119.79521,48.61894],[-119.79487,48.61813],[-119.79489,48.6179],[-119.79521,48.61769],[-119.79451,48.61709],[-119.79328,48.61529],[-119.79172,48.61356],[-119.7906,48.61281],[-119.79001,48.61256],[-119.78933,48.61259],[-119.78872,48.61284],[-119.78783,48.61296],[-119.78789,48.61337],[-119.78726,48.61406],[-119.78685,48.61357],[-119.78621,48.61426],[-119.78574,48.61437],[-119.7855,48.61502],[-119.78276,48.61523],[-119.7828,48.61493],[-119.78212,48.6145],[-119.78058,48.61489],[-119.78016,48.6146],[-119.77985,48.61401],[-119.78035,48.6134],[-119.77996,48.61272],[-119.77995,48.61173],[-119.78052,48.61142],[-119.77968,48.61095],[-119.77968,48.61063],[-119.78008,48.60995],[-119.78027,48.6089],[-119.78012,48.60899],[-119.77974,48.60892],[-119.77967,48.60876],[-119.7792,48.6089],[-119.77911,48.60897],[-119.7793,48.60917],[-119.7789,48.60926],[-119.7786,48.60953],[-119.77891,48.60995],[-119.77872,48.60986],[-119.77836,48.61021],[-119.77809,48.61014],[-119.77758,48.61052],[-119.77689,48.60965],[-119.77618,48.60934],[-119.77603,48.60953],[-119.77603,48.60993],[-119.77586,48.61035],[-119.77549,48.61074],[-119.77499,48.6105],[-119.77498,48.61063],[-119.77443,48.61076],[-119.77428,48.61067],[-119.77397,48.61091],[-119.77371,48.61091],[-119.7737,48.61108],[-119.77408,48.61119],[-119.77385,48.61139],[-119.773,48.61135],[-119.77302,48.61162],[-119.77261,48.61203],[-119.77229,48.61197],[-119.77249,48.61188],[-119.77244,48.61179],[-119.77201,48.61179],[-119.7718,48.61184],[-119.77174,48.61223],[-119.77133,48.61206],[-119.7713,48.61224],[-119.77084,48.61224],[-119.77055,48.61251],[-119.77039,48.61227],[-119.76995,48.61226],[-119.76939,48.61253],[-119.76819,48.61252],[-119.76831,48.6126],[-119.7682,48.61298],[-119.76778,48.61301],[-119.76792,48.61284],[-119.7678,48.61276],[-119.76633,48.61315],[-119.76582,48.61286],[-119.76561,48.61312],[-119.76602,48.61334],[-119.7662,48.6136],[-119.76599,48.61377],[-119.76562,48.61366],[-119.76575,48.61402],[-119.76557,48.61415],[-119.76505,48.61396],[-119.76485,48.61402],[-119.76448,48.6138],[-119.76372,48.6139],[-119.76384,48.61411],[-119.76337,48.61445],[-119.76311,48.61434],[-119.76289,48.61442],[-119.76265,48.61422],[-119.7621,48.61431],[-119.76195,48.6142],[-119.7616,48.61434],[-119.76136,48.61423],[-119.76119,48.61441],[-119.76154,48.61463],[-119.76202,48.61461],[-119.76182,48.61485],[-119.76153,48.61484],[-119.7618,48.61516],[-119.76157,48.61544],[-119.76144,48.61536],[-119.76151,48.61565],[-119.76123,48.61581],[-119.76118,48.61606],[-119.76095,48.61601],[-119.76079,48.61612],[-119.76055,48.61599],[-119.76011,48.61621],[-119.75965,48.61614],[-119.75959,48.61633],[-119.75856,48.6163],[-119.75895,48.61551],[-119.75979,48.61545],[-119.75927,48.61527],[-119.7593,48.61515],[-119.75908,48.61506],[-119.7596,48.61477],[-119.75971,48.61461],[-119.75961,48.61452],[-119.76008,48.61433],[-119.75972,48.61421],[-119.75952,48.6139],[-119.75873,48.61398],[-119.75861,48.61414],[-119.75833,48.61417],[-119.75762,48.61398],[-119.75723,48.61412],[-119.75715,48.61402],[-119.75505,48.6142],[-119.75473,48.61398],[-119.75438,48.61338]]],[[[-119.72314,48.60222],[-119.72316,48.60299],[-119.72222,48.60304],[-119.72186,48.60232],[-119.72314,48.60222]]],[[[-119.82489,48.63323],[-119.82475,48.63297],[-119.82589,48.63259],[-119.82619,48.63276],[-119.82564,48.63345],[-119.82489,48.63323]]]]},"properties":{"fire_id":"ufid:2021-WACOF-002290","source_collection":"history-2021","source_objectid":14449,"incident_name":"Muckamuck","mapped_acres":13297.4,"mapped_acres_source":"poly_GISAcres","gis_acres":13297.4,"auto_acres":13297.352021972836,"reported_acres":13297.4,"percent_contained":null,"state":"WA","state_wfigs":"US-WA","county":"Okanogan","discovery_time_utc":"2021-08-04T15:55:07Z","perimeter_time_utc":"2021-08-13T03:00:00Z","perimeter_edit_time_utc":"2023-03-14T15:13:42Z","incident_modified_time_utc":"2022-01-30T19:02:44Z","containment_time_utc":"2021-09-21T14:30:00Z","control_time_utc":"2021-10-28T18:32:00Z","fire_out_time_utc":"2021-12-26T20:00:00Z","fire_cause":"Natural","fire_cause_general":"Natural","map_method":"Infrared Image","source_dataset":"FFP","unique_fire_identifier":"2021-WACOF-002290","irwin_id":"{A918E474-F95F-478F-BDDC-340EC7B46EC2}","global_id":"6851f6c5-a5d4-4960-a221-9794a7e9e32e"}},{"type":"Feature","geometry":{"type":"Polygon","coordinates":[[[-119.76593,47.31548],[-119.76638,47.31523],[-119.76671,47.31532],[-119.76682,47.31507],[-119.76729,47.31495],[-119.7674,47.31466],[-119.76758,47.31459],[-119.76748,47.31436],[-119.76778,47.31421],[-119.76802,47.31383],[-119.76849,47.31386],[-119.76976,47.31429],[-119.77008,47.31421],[-119.76846,47.31335],[-119.76861,47.31308],[-119.76846,47.31294],[-119.76875,47.31293],[-119.76824,47.31257],[-119.76776,47.3127],[-119.76786,47.31324],[-119.76706,47.31385],[-119.76714,47.31404],[-119.76597,47.31431],[-119.76487,47.31379],[-119.76418,47.31317],[-119.7645,47.31322],[-119.76459,47.31313],[-119.76388,47.31265],[-119.76427,47.31187],[-119.7646,47.31184],[-119.76493,47.31164],[-119.7649,47.31146],[-119.76427,47.31152],[-119.76381,47.3113],[-119.76398,47.31116],[-119.76387,47.31088],[-119.76407,47.31083],[-119.76384,47.31051],[-119.76396,47.31036],[-119.76389,47.31026],[-119.76415,47.31008],[-119.76404,47.30985],[-119.76426,47.30985],[-119.76423,47.30957],[-119.76434,47.30947],[-119.76497,47.30925],[-119.76441,47.30895],[-119.76443,47.30879],[-119.76474,47.30862],[-119.76493,47.30824],[-119.76634,47.30854],[-119.76596,47.3081],[-119.76628,47.30814],[-119.76618,47.30793],[-119.76647,47.30789],[-119.76632,47.30767],[-119.76683,47.30726],[-119.76681,47.30714],[-119.76718,47.30704],[-119.7671,47.30689],[-119.76747,47.30707],[-119.76764,47.30675],[-119.76803,47.30643],[-119.76789,47.30629],[-119.76793,47.30589],[-119.7673,47.30532],[-119.76692,47.30597],[-119.76667,47.30608],[-119.76659,47.30589],[-119.7667,47.30582],[-119.76676,47.30526],[-119.76625,47.30487],[-119.7663,47.3046],[-119.76652,47.3046],[-119.76653,47.30441],[-119.76623,47.30416],[-119.76545,47.30422],[-119.76498,47.30383],[-119.76494,47.3037],[-119.7652,47.30345],[-119.7651,47.30326],[-119.76522,47.30317],[-119.76517,47.30299],[-119.76548,47.30277],[-119.76542,47.30238],[-119.76515,47.30238],[-119.76464,47.30326],[-119.76399,47.30317],[-119.76357,47.3027],[-119.76245,47.302],[-119.76201,47.30149],[-119.76142,47.3012],[-119.76092,47.30077],[-119.76092,47.30067],[-119.76187,47.30062],[-119.75767,47.29668],[-119.75713,47.29596],[-119.75452,47.29346],[-119.75987,47.29328],[-119.76059,47.29376],[-119.76144,47.29474],[-119.7619,47.29554],[-119.76381,47.29748],[-119.76412,47.29861],[-119.76393,47.29946],[-119.76413,47.3],[-119.76401,47.30022],[-119.76371,47.3002],[-119.76364,47.30069],[-119.76644,47.30084],[-119.76663,47.30122],[-119.76672,47.30207],[-119.76691,47.30214],[-119.76675,47.30244],[-119.76713,47.30313],[-119.767,47.30335],[-119.76747,47.3035],[-119.76795,47.30392],[-119.76846,47.3039],[-119.76921,47.30436],[-119.76997,47.3045],[-119.76935,47.30477],[-119.76973,47.3051],[-119.76962,47.30537],[-119.76971,47.30553],[-119.77031,47.30593],[-119.77034,47.30608],[-119.77006,47.30622],[-119.77037,47.30665],[-119.77028,47.30735],[-119.77085,47.30788],[-119.77112,47.30789],[-119.77101,47.30694],[-119.77186,47.30743],[-119.77271,47.30761],[-119.77416,47.30876],[-119.77479,47.30903],[-119.77505,47.3096],[-119.77483,47.30978],[-119.77487,47.31011],[-119.77455,47.31035],[-119.77496,47.31074],[-119.77469,47.31087],[-119.775,47.31101],[-119.77555,47.31103],[-119.77628,47.3115],[-119.77634,47.31188],[-119.776,47.31223],[-119.77545,47.31214],[-119.77522,47.31235],[-119.77507,47.31218],[-119.77487,47.31232],[-119.77518,47.31246],[-119.7754,47.31283],[-119.77574,47.31264],[-119.77603,47.31286],[-119.77599,47.31323],[-119.7761,47.31329],[-119.7759,47.31356],[-119.77586,47.3139],[-119.77565,47.31407],[-119.77565,47.31428],[-119.776,47.31466],[-119.77619,47.31445],[-119.7764,47.31447],[-119.77643,47.31497],[-119.77656,47.31511],[-119.7763,47.31556],[-119.77594,47.31553],[-119.77547,47.31587],[-119.77559,47.31599],[-119.77588,47.31591],[-119.77631,47.31608],[-119.77609,47.31686],[-119.77593,47.3169],[-119.77583,47.31727],[-119.77551,47.3175],[-119.77476,47.31752],[-119.77453,47.31727],[-119.7744,47.31729],[-119.77429,47.31734],[-119.77437,47.31754],[-119.77428,47.31783],[-119.773,47.31793],[-119.77308,47.31804],[-119.77339,47.31795],[-119.77353,47.31807],[-119.77369,47.31801],[-119.77365,47.3179],[-119.77489,47.31786],[-119.77635,47.31972],[-119.77645,47.32001],[-119.7767,47.32011],[-119.77672,47.32047],[-119.7773,47.32134],[-119.77735,47.32192],[-119.77696,47.32225],[-119.77653,47.32216],[-119.77652,47.32227],[-119.77678,47.3223],[-119.77629,47.32294],[-119.7761,47.32299],[-119.77534,47.32266],[-119.775,47.32265],[-119.77502,47.32247],[-119.77479,47.32243],[-119.77458,47.32264],[-119.77474,47.32279],[-119.77458,47.32287],[-119.77444,47.32269],[-119.77454,47.32241],[-119.77423,47.3222],[-119.77369,47.32216],[-119.77336,47.32239],[-119.7727,47.32245],[-119.77157,47.32126],[-119.77166,47.32097],[-119.77143,47.32098],[-119.77096,47.3207],[-119.77047,47.32022],[-119.77047,47.32007],[-119.76971,47.31984],[-119.76894,47.31915],[-119.76912,47.31899],[-119.7684,47.31888],[-119.76769,47.31844],[-119.76749,47.31801],[-119.76754,47.31782],[-119.76877,47.3182],[-119.76805,47.31792],[-119.76741,47.31737],[-119.76733,47.31713],[-119.76747,47.31699],[-119.76606,47.31688],[-119.7654,47.3166],[-119.76593,47.31664],[-119.76565,47.31618],[-119.76653,47.31614],[-119.76624,47.31591],[-119.76642,47.31589],[-119.76596,47.31568],[-119.76611,47.31565],[-119.76593,47.31548]]]},"properties":{"fire_id":"ufid:2021-WASPD-000558","source_collection":"history-2021","source_objectid":14489,"incident_name":"BEEZLEY","mapped_acres":388.0425,"mapped_acres_source":"poly_GISAcres","gis_acres":388.0425,"auto_acres":388.04103891645957,"reported_acres":388.0,"percent_contained":null,"state":"WA","state_wfigs":"US-WA","county":"Grant","discovery_time_utc":"2021-09-01T04:16:00Z","perimeter_time_utc":"2021-09-02T18:07:06Z","perimeter_edit_time_utc":"2023-03-14T15:13:42Z","incident_modified_time_utc":"2022-01-11T20:01:27Z","containment_time_utc":"2021-09-08T00:26:00Z","control_time_utc":"2021-09-14T23:28:00Z","fire_out_time_utc":"2021-11-01T19:00:00Z","fire_cause":"Human","fire_cause_general":"Equipment and vehicle use","map_method":"Mixed Methods","source_dataset":"FFP","unique_fire_identifier":"2021-WASPD-000558","irwin_id":"{121064EB-FBEE-4A75-80A8-BA771D793889}","global_id":"b0212c88-b321-419b-9163-808c90240ecf"}},{"type":"Feature","geometry":{"type":"MultiPolygon","coordinates":[[[[-117.73801,47.9041],[-117.73822,47.90423],[-117.73839,47.90406],[-117.7399,47.90371],[-117.74035,47.90342],[-117.74133,47.90332],[-117.74221,47.90346],[-117.7429,47.90315],[-117.74426,47.90313],[-117.74509,47.90278],[-117.74619,47.90286],[-117.74649,47.90314],[-117.74651,47.90431],[-117.7464,47.90457],[-117.74537,47.90486],[-117.74577,47.90507],[-117.74574,47.90541],[-117.74473,47.90559],[-117.7447,47.90576],[-117.745,47.90605],[-117.74548,47.90577],[-117.74575,47.90581],[-117.74593,47.90553],[-117.74642,47.90552],[-117.74645,47.90516],[-117.74752,47.90492],[-117.74774,47.90468],[-117.7484,47.90462],[-117.74849,47.9043],[-117.74915,47.90423],[-117.75019,47.90387],[-117.75113,47.90343],[-117.75135,47.90317],[-117.75223,47.90334],[-117.75363,47.90276],[-117.75442,47.90299],[-117.75492,47.90296],[-117.75614,47.90347],[-117.75694,47.90365],[-117.75895,47.90391],[-117.75901,47.90375],[-117.75878,47.90338],[-117.75866,47.90341],[-117.75862,47.90321],[-117.75889,47.90308],[-117.75888,47.90268],[-117.76002,47.90279],[-117.76083,47.9031],[-117.76109,47.9026],[-117.76128,47.90251],[-117.76195,47.90271],[-117.76269,47.90261],[-117.76304,47.90226],[-117.76477,47.90236],[-117.76568,47.9028],[-117.76613,47.90365],[-117.76615,47.90399],[-117.76634,47.90409],[-117.76653,47.9039],[-117.76738,47.90372],[-117.76772,47.90349],[-117.76918,47.90339],[-117.76969,47.90304],[-117.76994,47.90312],[-117.77081,47.90303],[-117.77116,47.90319],[-117.77146,47.90317],[-117.77222,47.90175],[-117.7741,47.90143],[-117.77468,47.90099],[-117.77513,47.90099],[-117.77565,47.90072],[-117.77692,47.90051],[-117.77752,47.90114],[-117.77833,47.90138],[-117.78018,47.90053],[-117.78026,47.90012],[-117.77979,47.89977],[-117.77914,47.89958],[-117.77929,47.89913],[-117.78058,47.89882],[-117.78167,47.89826],[-117.78253,47.89755],[-117.78381,47.89785],[-117.78436,47.89813],[-117.78454,47.89909],[-117.7852,47.89925],[-117.78517,47.89973],[-117.78445,47.90052],[-117.78426,47.90098],[-117.7843,47.90144],[-117.78284,47.90239],[-117.78323,47.90276],[-117.78326,47.90321],[-117.78344,47.90338],[-117.7831,47.90431],[-117.78317,47.90458],[-117.7828,47.90502],[-117.78263,47.906],[-117.7831,47.90617],[-117.78415,47.90523],[-117.78506,47.90551],[-117.78581,47.90554],[-117.78609,47.90517],[-117.78744,47.90509],[-117.78782,47.90487],[-117.78863,47.90512],[-117.78917,47.90513],[-117.78937,47.90533],[-117.78979,47.90537],[-117.79049,47.90603],[-117.79062,47.90584],[-117.79065,47.9053],[-117.79159,47.905],[-117.79175,47.90472],[-117.79296,47.90459],[-117.79331,47.90484],[-117.79429,47.90472],[-117.79625,47.90336],[-117.79763,47.90313],[-117.79835,47.90319],[-117.79883,47.9035],[-117.8002,47.90357],[-117.8,47.90365],[-117.80017,47.90399],[-117.80064,47.90431],[-117.80299,47.90426],[-117.80305,47.90413],[-117.80287,47.90383],[-117.803,47.90377],[-117.80371,47.90419],[-117.80391,47.90394],[-117.80348,47.90338],[-117.80394,47.90269],[-117.80413,47.90278],[-117.80424,47.90328],[-117.80529,47.90304],[-117.8053,47.90332],[-117.80548,47.90347],[-117.80625,47.90354],[-117.80685,47.90338],[-117.80705,47.90365],[-117.80755,47.90379],[-117.81036,47.90414],[-117.81086,47.90439],[-117.81278,47.90397],[-117.81342,47.90413],[-117.81387,47.90405],[-117.81443,47.90423],[-117.81467,47.90404],[-117.8157,47.90465],[-117.81312,47.90565],[-117.81289,47.90591],[-117.81089,47.90652],[-117.80866,47.90739],[-117.80259,47.9121],[-117.78556,47.92125],[-117.77822,47.92622],[-117.7745,47.93027],[-117.77334,47.93179],[-117.77111,47.93628],[-117.76885,47.9368],[-117.76576,47.93794],[-117.76292,47.94079],[-117.76107,47.94349],[-117.75838,47.94678],[-117.75745,47.94695],[-117.7573,47.94747],[-117.75739,47.94794],[-117.75776,47.94831],[-117.75792,47.94876],[-117.75778,47.9492],[-117.75665,47.9487],[-117.75632,47.94831],[-117.75603,47.94748],[-117.75258,47.94874],[-117.75227,47.94813],[-117.74883,47.94924],[-117.74239,47.94893],[-117.73949,47.94991],[-117.74026,47.95046],[-117.74046,47.95117],[-117.7403,47.9518],[-117.7405,47.95208],[-117.74185,47.95211],[-117.74247,47.95226],[-117.74321,47.95293],[-117.74324,47.95399],[-117.74414,47.95452],[-117.74565,47.95471],[-117.74537,47.95531],[-117.74515,47.95569],[-117.74388,47.95589],[-117.74325,47.95644],[-117.74164,47.95684],[-117.74096,47.95729],[-117.73951,47.9574],[-117.73887,47.95758],[-117.73884,47.95772],[-117.73948,47.9581],[-117.7394,47.95903],[-117.73957,47.95968],[-117.73934,47.96014],[-117.73864,47.96013],[-117.73865,47.96049],[-117.73819,47.96072],[-117.73792,47.96003],[-117.73736,47.95989],[-117.73612,47.95886],[-117.73483,47.95878],[-117.73369,47.95944],[-117.7323,47.96166],[-117.7309,47.96193],[-117.72886,47.96212],[-117.72843,47.96249],[-117.72843,47.96317],[-117.72869,47.96343],[-117.72868,47.96371],[-117.72847,47.96376],[-117.7286,47.96422],[-117.72955,47.96485],[-117.72947,47.96533],[-117.72917,47.96578],[-117.72891,47.96594],[-117.72883,47.96638],[-117.73015,47.96851],[-117.72997,47.96896],[-117.72912,47.96948],[-117.72352,47.96974],[-117.72271,47.96926],[-117.72254,47.96905],[-117.72244,47.96823],[-117.72291,47.96727],[-117.72343,47.96673],[-117.72342,47.96659],[-117.7228,47.96634],[-117.72271,47.96566],[-117.72173,47.96523],[-117.72083,47.96522],[-117.72054,47.96389],[-117.7206,47.96354],[-117.72029,47.96316],[-117.71992,47.96296],[-117.7198,47.96227],[-117.71926,47.96194],[-117.7185,47.96187],[-117.71789,47.96267],[-117.71769,47.96277],[-117.71664,47.96215],[-117.71643,47.96222],[-117.71624,47.96244],[-117.716,47.96334],[-117.7153,47.96442],[-117.71495,47.96475],[-117.71411,47.96506],[-117.71329,47.96476],[-117.7115,47.96361],[-117.71121,47.96359],[-117.71091,47.96386],[-117.71042,47.96475],[-117.71008,47.9648],[-117.70856,47.96367],[-117.70797,47.96337],[-117.7067,47.96314],[-117.70632,47.96264],[-117.70545,47.96213],[-117.70518,47.96214],[-117.70506,47.96269],[-117.70387,47.96431],[-117.70377,47.96499],[-117.70391,47.96592],[-117.70298,47.96595],[-117.70277,47.96607],[-117.70328,47.96688],[-117.70307,47.96737],[-117.70323,47.96804],[-117.70293,47.96878],[-117.70236,47.96929],[-117.70058,47.96896],[-117.70039,47.96917],[-117.7003,47.9698],[-117.69997,47.96998],[-117.69969,47.96991],[-117.69938,47.96953],[-117.69845,47.96914],[-117.69836,47.96777],[-117.69797,47.96674],[-117.69577,47.96603],[-117.69493,47.96562],[-117.6941,47.96558],[-117.69334,47.96526],[-117.6929,47.96533],[-117.6924,47.96511],[-117.69209,47.96482],[-117.69149,47.96476],[-117.69037,47.96432],[-117.69007,47.96435],[-117.68979,47.96405],[-117.68975,47.96377],[-117.68934,47.96347],[-117.68931,47.96332],[-117.68848,47.96302],[-117.68814,47.96264],[-117.68789,47.96256],[-117.68786,47.96238],[-117.68758,47.96233],[-117.68805,47.96182],[-117.68912,47.9614],[-117.68969,47.96157],[-117.69056,47.96213],[-117.69096,47.96216],[-117.69235,47.96134],[-117.69282,47.96084],[-117.69247,47.96067],[-117.69251,47.96081],[-117.69235,47.96082],[-117.69217,47.96107],[-117.69143,47.96087],[-117.69096,47.96107],[-117.69065,47.96101],[-117.69054,47.96079],[-117.69071,47.96066],[-117.6904,47.96041],[-117.69049,47.95975],[-117.69003,47.95958],[-117.68984,47.95982],[-117.68958,47.95977],[-117.68939,47.95988],[-117.6893,47.95977],[-117.6897,47.95926],[-117.68968,47.95894],[-117.68898,47.95944],[-117.6886,47.95994],[-117.6881,47.95999],[-117.68784,47.96018],[-117.68672,47.95964],[-117.68677,47.95954],[-117.68699,47.95959],[-117.687,47.95944],[-117.68651,47.95933],[-117.68688,47.95918],[-117.6867,47.95894],[-117.68648,47.95894],[-117.68639,47.95908],[-117.68596,47.95896],[-117.68557,47.95911],[-117.68554,47.95926],[-117.68534,47.95914],[-117.68503,47.95918],[-117.68432,47.95967],[-117.68445,47.95967],[-117.68437,47.9599],[-117.68452,47.96004],[-117.68524,47.9602],[-117.6849,47.96037],[-117.68488,47.96074],[-117.68471,47.9608],[-117.68479,47.96087],[-117.6847,47.96103],[-117.68501,47.96123],[-117.68423,47.96129],[-117.68443,47.9615],[-117.68409,47.9619],[-117.68388,47.96184],[-117.68268,47.96214],[-117.68248,47.96204],[-117.68264,47.96179],[-117.68251,47.96159],[-117.68231,47.96157],[-117.68229,47.96142],[-117.68162,47.96153],[-117.6814,47.96138],[-117.68147,47.96128],[-117.68133,47.96119],[-117.68143,47.96106],[-117.68124,47.96085],[-117.68126,47.96062],[-117.68192,47.96057],[-117.68199,47.96023],[-117.68188,47.95992],[-117.68139,47.9598],[-117.68088,47.95944],[-117.68062,47.95951],[-117.68003,47.96034],[-117.67985,47.96088],[-117.67962,47.96087],[-117.67934,47.95995],[-117.67798,47.9596],[-117.67652,47.95947],[-117.67623,47.95991],[-117.67625,47.9604],[-117.67561,47.96025],[-117.67512,47.95994],[-117.67412,47.95884],[-117.67378,47.95923],[-117.67347,47.95928],[-117.67283,47.95857],[-117.67249,47.95842],[-117.67146,47.95886],[-117.67031,47.96002],[-117.67063,47.96006],[-117.67052,47.95984],[-117.67094,47.95973],[-117.67145,47.96053],[-117.67178,47.96068],[-117.6716,47.96086],[-117.67186,47.96124],[-117.6703,47.96276],[-117.66898,47.96254],[-117.66694,47.96253],[-117.66635,47.96278],[-117.66595,47.96242],[-117.66604,47.96221],[-117.66553,47.96206],[-117.66613,47.96196],[-117.66587,47.96175],[-117.66493,47.96162],[-117.66442,47.9629],[-117.66378,47.96383],[-117.66379,47.96394],[-117.664,47.96398],[-117.6636,47.96447],[-117.66376,47.96448],[-117.66415,47.96487],[-117.66382,47.96501],[-117.66342,47.96494],[-117.66214,47.96672],[-117.66207,47.96701],[-117.66243,47.96743],[-117.66209,47.96761],[-117.66155,47.96766],[-117.6609,47.96881],[-117.66029,47.96933],[-117.66033,47.97011],[-117.66012,47.97096],[-117.66101,47.97223],[-117.66122,47.973],[-117.661,47.97346],[-117.66069,47.97533],[-117.65976,47.97548],[-117.65983,47.97563],[-117.65957,47.97566],[-117.65973,47.97612],[-117.65957,47.97629],[-117.65916,47.97611],[-117.65934,47.97598],[-117.65925,47.97596],[-117.65896,47.97606],[-117.65899,47.97627],[-117.6589,47.9762],[-117.65874,47.97643],[-117.65857,47.9764],[-117.65848,47.97619],[-117.65857,47.97608],[-117.65782,47.976],[-117.65789,47.97574],[-117.65772,47.97575],[-117.65764,47.9759],[-117.65741,47.97575],[-117.65784,47.97563],[-117.6578,47.97549],[-117.65715,47.97537],[-117.65649,47.97546],[-117.65377,47.97505],[-117.65214,47.97508],[-117.65004,47.97547],[-117.64792,47.9756],[-117.64714,47.97555],[-117.64621,47.9748],[-117.64611,47.97499],[-117.64519,47.97493],[-117.64571,47.97446],[-117.64549,47.97412],[-117.64561,47.9739],[-117.64609,47.97402],[-117.64602,47.97397],[-117.64616,47.97387],[-117.64646,47.97399],[-117.64654,47.9738],[-117.64622,47.97361],[-117.64617,47.9734],[-117.64592,47.97334],[-117.64603,47.97326],[-117.64555,47.97311],[-117.6454,47.97333],[-117.64515,47.97337],[-117.64507,47.97333],[-117.64524,47.97322],[-117.64465,47.97276],[-117.64416,47.97283],[-117.64412,47.97269],[-117.64362,47.97247],[-117.6441,47.97233],[-117.64396,47.97224],[-117.64439,47.97217],[-117.64492,47.97234],[-117.64512,47.97224],[-117.64545,47.97254],[-117.64586,47.97242],[-117.64531,47.97205],[-117.64483,47.97196],[-117.64458,47.97162],[-117.6447,47.97149],[-117.64478,47.97166],[-117.6449,47.97138],[-117.64462,47.97143],[-117.64426,47.97131],[-117.64441,47.97113],[-117.64433,47.97092],[-117.64459,47.97076],[-117.64458,47.97048],[-117.64482,47.97035],[-117.64382,47.97075],[-117.64374,47.97038],[-117.64349,47.97032],[-117.64348,47.97061],[-117.64332,47.97074],[-117.64364,47.97083],[-117.64288,47.97081],[-117.64294,47.97096],[-117.64153,47.97011],[-117.63932,47.96945],[-117.63861,47.97007],[-117.63823,47.96992],[-117.63819,47.96975],[-117.63773,47.9697],[-117.63757,47.9695],[-117.63721,47.96949],[-117.63735,47.96919],[-117.63712,47.96885],[-117.63711,47.96833],[-117.63707,47.96841],[-117.63693,47.96823],[-117.63644,47.96811],[-117.63598,47.96819],[-117.63545,47.9679],[-117.63507,47.968],[-117.63517,47.968],[-117.63515,47.96822],[-117.63445,47.96806],[-117.63417,47.9682],[-117.63418,47.96841],[-117.63441,47.96845],[-117.6344,47.96856],[-117.63363,47.96892],[-117.63395,47.96904],[-117.63382,47.96949],[-117.63394,47.96944],[-117.63393,47.96975],[-117.63419,47.96995],[-117.63397,47.97017],[-117.63324,47.97002],[-117.63298,47.96959],[-117.63233,47.97],[-117.63184,47.97002],[-117.63114,47.96972],[-117.63094,47.96977],[-117.63058,47.96945],[-117.63013,47.96955],[-117.62969,47.96985],[-117.62965,47.97002],[-117.62916,47.97005],[-117.62908,47.96984],[-117.62943,47.96975],[-117.62947,47.96956],[-117.62882,47.96939],[-117.62871,47.96955],[-117.62859,47.96944],[-117.62847,47.96955],[-117.62821,47.96944],[-117.62853,47.96919],[-117.62875,47.96924],[-117.62875,47.9691],[-117.62898,47.96898],[-117.62877,47.9686],[-117.6292,47.96843],[-117.62927,47.96824],[-117.63014,47.96797],[-117.6303,47.96802],[-117.63099,47.96771],[-117.63099,47.96733],[-117.63141,47.96695],[-117.63199,47.96687],[-117.6323,47.9666],[-117.63298,47.96663],[-117.63343,47.96634],[-117.63387,47.96645],[-117.63413,47.96635],[-117.63426,47.96591],[-117.63449,47.96576],[-117.63468,47.96533],[-117.63458,47.96518],[-117.63464,47.96488],[-117.63473,47.96496],[-117.63475,47.9647],[-117.63517,47.96428],[-117.63524,47.96353],[-117.63506,47.963],[-117.6348,47.96273],[-117.63407,47.96271],[-117.6339,47.96187],[-117.63374,47.96163],[-117.63348,47.96159],[-117.63333,47.96136],[-117.63295,47.96129],[-117.63265,47.96102],[-117.62946,47.96129],[-117.62899,47.96163],[-117.62887,47.96151],[-117.62869,47.96156],[-117.62856,47.96177],[-117.6281,47.96189],[-117.62777,47.96224],[-117.6273,47.96207],[-117.62725,47.96187],[-117.62692,47.96172],[-117.62571,47.96137],[-117.62581,47.96128],[-117.62553,47.96102],[-117.62532,47.96014],[-117.62545,47.96005],[-117.62485,47.95893],[-117.62526,47.95802],[-117.62628,47.95737],[-117.62653,47.95708],[-117.62659,47.95661],[-117.62623,47.95632],[-117.62609,47.95583],[-117.62611,47.95475],[-117.62741,47.95432],[-117.62798,47.9543],[-117.62804,47.95417],[-117.62885,47.95401],[-117.62915,47.9538],[-117.62911,47.95328],[-117.62889,47.95281],[-117.62899,47.95257],[-117.62853,47.952],[-117.62849,47.9512],[-117.62887,47.95137],[-117.62906,47.9513],[-117.62935,47.95078],[-117.62959,47.95072],[-117.62993,47.95072],[-117.62993,47.95101],[-117.63042,47.95094],[-117.63079,47.95008],[-117.6311,47.94992],[-117.63408,47.94935],[-117.63418,47.95082],[-117.63535,47.95079],[-117.63602,47.95103],[-117.63627,47.95075],[-117.63717,47.95097],[-117.63808,47.95149],[-117.63835,47.95206],[-117.63966,47.95352],[-117.63997,47.95349],[-117.64011,47.95363],[-117.64131,47.95354],[-117.64167,47.95311],[-117.64204,47.95303],[-117.64295,47.95344],[-117.64408,47.95322],[-117.64432,47.95361],[-117.64502,47.95356],[-117.64478,47.95264],[-117.64409,47.9516],[-117.64385,47.95021],[-117.64391,47.94957],[-117.64475,47.9492],[-117.64578,47.94946],[-117.6467,47.9494],[-117.64725,47.9497],[-117.64759,47.94951],[-117.64768,47.94924],[-117.64746,47.94807],[-117.64704,47.94718],[-117.64733,47.94673],[-117.64834,47.94742],[-117.64895,47.94762],[-117.64964,47.94751],[-117.64999,47.94712],[-117.65028,47.94572],[-117.65067,47.94491],[-117.65006,47.94455],[-117.65185,47.9437],[-117.65079,47.94342],[-117.65004,47.94296],[-117.6498,47.94255],[-117.64964,47.94205],[-117.64968,47.94168],[-117.64951,47.94137],[-117.65022,47.93996],[-117.64976,47.93956],[-117.64997,47.93939],[-117.65015,47.93809],[-117.64965,47.93736],[-117.65028,47.93501],[-117.65025,47.93454],[-117.64992,47.93411],[-117.65026,47.9338],[-117.64994,47.93345],[-117.65043,47.93257],[-117.65159,47.93209],[-117.65216,47.93146],[-117.65362,47.93066],[-117.654,47.9302],[-117.65432,47.92925],[-117.65457,47.92892],[-117.65401,47.92779],[-117.65511,47.92691],[-117.65572,47.92601],[-117.65546,47.92412],[-117.65567,47.92317],[-117.65629,47.92154],[-117.65733,47.92084],[-117.65729,47.9207],[-117.65866,47.92024],[-117.65844,47.91932],[-117.6592,47.91844],[-117.65903,47.91826],[-117.65917,47.91776],[-117.65964,47.91741],[-117.66025,47.91669],[-117.66019,47.91645],[-117.65956,47.91629],[-117.65972,47.91618],[-117.6597,47.91591],[-117.66003,47.9158],[-117.65998,47.91561],[-117.65934,47.91574],[-117.65949,47.9155],[-117.65928,47.91545],[-117.65987,47.91503],[-117.65982,47.91301],[-117.66012,47.91229],[-117.65991,47.91213],[-117.66003,47.91169],[-117.66041,47.91169],[-117.66055,47.91128],[-117.66005,47.9108],[-117.66052,47.9104],[-117.66087,47.91041],[-117.66143,47.90951],[-117.66216,47.9087],[-117.66251,47.90854],[-117.66284,47.90857],[-117.66349,47.9096],[-117.66394,47.90917],[-117.66486,47.90891],[-117.66571,47.90829],[-117.66623,47.90822],[-117.66898,47.90939],[-117.67037,47.90942],[-117.67052,47.90826],[-117.67086,47.90723],[-117.67154,47.90716],[-117.67328,47.90782],[-117.67552,47.90948],[-117.67565,47.90996],[-117.67675,47.91073],[-117.67927,47.91088],[-117.67943,47.91082],[-117.67972,47.91004],[-117.68013,47.91003],[-117.6813,47.90916],[-117.68207,47.90906],[-117.68393,47.90768],[-117.68483,47.90746],[-117.68489,47.90642],[-117.68612,47.90691],[-117.68632,47.90685],[-117.68639,47.90662],[-117.68646,47.90706],[-117.68824,47.90661],[-117.69122,47.90656],[-117.69156,47.90628],[-117.6915,47.90588],[-117.69166,47.90616],[-117.69209,47.90624],[-117.69316,47.90603],[-117.69349,47.90619],[-117.69397,47.9059],[-117.6951,47.90587],[-117.69695,47.90543],[-117.69696,47.90514],[-117.6956,47.90524],[-117.6954,47.90497],[-117.69541,47.90387],[-117.69509,47.90369],[-117.69228,47.90377],[-117.69148,47.90413],[-117.69081,47.90346],[-117.69058,47.9035],[-117.69025,47.90257],[-117.68988,47.90242],[-117.68974,47.90206],[-117.68862,47.90173],[-117.68848,47.90026],[-117.68954,47.90009],[-117.68952,47.89967],[-117.68943,47.89968],[-117.68952,47.89876],[-117.6905,47.89826],[-117.69094,47.89834],[-117.69094,47.89823],[-117.69135,47.89804],[-117.69108,47.89763],[-117.69118,47.89743],[-117.69313,47.89664],[-117.69477,47.89654],[-117.69485,47.89674],[-117.69486,47.8966],[-117.69523,47.89645],[-117.69508,47.89599],[-117.6946,47.89603],[-117.69477,47.89539],[-117.69515,47.89517],[-117.6958,47.89525],[-117.69637,47.89505],[-117.69662,47.8951],[-117.69692,47.89484],[-117.69759,47.89458],[-117.69807,47.89498],[-117.69839,47.89515],[-117.69873,47.89508],[-117.69937,47.8954],[-117.69958,47.89565],[-117.69979,47.89554],[-117.70063,47.89555],[-117.70141,47.89511],[-117.70162,47.89606],[-117.70212,47.89633],[-117.7021,47.89623],[-117.70265,47.89602],[-117.70275,47.8958],[-117.70266,47.89569],[-117.70295,47.89543],[-117.70335,47.89552],[-117.70366,47.89533],[-117.70401,47.89559],[-117.70409,47.8958],[-117.70448,47.89593],[-117.70468,47.89579],[-117.70502,47.8958],[-117.70529,47.89605],[-117.70561,47.89585],[-117.70568,47.89608],[-117.70609,47.89597],[-117.70727,47.89619],[-117.70938,47.89692],[-117.71022,47.89684],[-117.71098,47.89735],[-117.71139,47.89729],[-117.71202,47.89767],[-117.71277,47.89855],[-117.7132,47.89861],[-117.71351,47.89903],[-117.71482,47.89907],[-117.7159,47.89874],[-117.71667,47.89884],[-117.71689,47.89908],[-117.71686,47.89926],[-117.71658,47.89945],[-117.71645,47.89979],[-117.71599,47.90027],[-117.71642,47.90019],[-117.7165,47.90066],[-117.71743,47.90095],[-117.7179,47.90123],[-117.71825,47.90091],[-117.71871,47.9009],[-117.71951,47.90064],[-117.72137,47.90093],[-117.72177,47.90138],[-117.72138,47.90164],[-117.72114,47.90205],[-117.7217,47.90235],[-117.72241,47.90196],[-117.72331,47.9018],[-117.72368,47.90202],[-117.72372,47.9024],[-117.72387,47.90253],[-117.72374,47.90278],[-117.72338,47.90296],[-117.724,47.90349],[-117.72443,47.90278],[-117.72433,47.90216],[-117.72448,47.90183],[-117.7249,47.90148],[-117.72465,47.9012],[-117.72474,47.90105],[-117.72503,47.90102],[-117.72518,47.9013],[-117.72509,47.9014],[-117.72631,47.90132],[-117.72658,47.90109],[-117.72681,47.90129],[-117.72766,47.90142],[-117.72796,47.9017],[-117.72845,47.90181],[-117.72857,47.90204],[-117.72822,47.90209],[-117.72832,47.90234],[-117.72852,47.90234],[-117.72863,47.90257],[-117.72938,47.90281],[-117.73016,47.90339],[-117.73083,47.9037],[-117.73192,47.90373],[-117.73244,47.904],[-117.73325,47.90405],[-117.73377,47.90424],[-117.7347,47.90487],[-117.73476,47.90513],[-117.73624,47.90593],[-117.73634,47.90609],[-117.73609,47.90624],[-117.73618,47.90634],[-117.73718,47.9062],[-117.73867,47.90633],[-117.73765,47.90572],[-117.73721,47.90469],[-117.737202,47.90407],[-117.73801,47.9041]],[[-117.70035,47.93375],[-117.70446,47.9326],[-117.70737,47.93259],[-117.70812,47.93245],[-117.70908,47.93269],[-117.71085,47.93288],[-117.71113,47.93252],[-117.71097,47.93224],[-117.71063,47.93206],[-117.70999,47.9323],[-117.70793,47.93159],[-117.70785,47.93121],[-117.70729,47.93078],[-117.70747,47.93038],[-117.70736,47.93012],[-117.7075,47.92994],[-117.70717,47.92962],[-117.70636,47.92989],[-117.7063,47.93003],[-117.70649,47.93018],[-117.70621,47.93021],[-117.70579,47.93018],[-117.70519,47.92964],[-117.70517,47.92915],[-117.70499,47.92869],[-117.70525,47.9286],[-117.70538,47.92823],[-117.70671,47.92736],[-117.70665,47.92697],[-117.70643,47.92668],[-117.70649,47.9264],[-117.70667,47.92633],[-117.70663,47.92617],[-117.70543,47.92549],[-117.70513,47.92561],[-117.70531,47.92602],[-117.70524,47.9262],[-117.70473,47.92587],[-117.70402,47.92607],[-117.70352,47.92603],[-117.70277,47.92548],[-117.70168,47.92564],[-117.70117,47.92544],[-117.70122,47.9251],[-117.70093,47.925],[-117.70057,47.9244],[-117.70027,47.92431],[-117.70003,47.92445],[-117.69922,47.92426],[-117.69881,47.92435],[-117.69849,47.92475],[-117.69827,47.92483],[-117.69754,47.92464],[-117.69705,47.9251],[-117.69553,47.92504],[-117.69551,47.92527],[-117.69616,47.92548],[-117.69666,47.92585],[-117.69817,47.92622],[-117.69956,47.92741],[-117.70014,47.92737],[-117.70205,47.92806],[-117.70418,47.92917],[-117.7044,47.9295],[-117.70432,47.9299],[-117.70502,47.93005],[-117.70552,47.93062],[-117.70572,47.93109],[-117.70536,47.93151],[-117.70483,47.93176],[-117.70391,47.93188],[-117.7031,47.93219],[-117.70229,47.93218],[-117.70123,47.93242],[-117.7004,47.93319],[-117.70035,47.93375]],[[-117.63573,47.96214],[-117.63547,47.96224],[-117.63562,47.96287],[-117.63543,47.96306],[-117.63538,47.9636],[-117.63576,47.96388],[-117.63572,47.96441],[-117.63489,47.96487],[-117.63678,47.9655],[-117.63855,47.96473],[-117.63861,47.96348],[-117.63763,47.96347],[-117.63752,47.96326],[-117.63763,47.96282],[-117.63644,47.96229],[-117.63573,47.96214]]],[[[-117.7372,47.90407],[-117.7372,47.90396],[-117.737202,47.90407],[-117.7372,47.90407]]]]},"properties":{"fire_id":"ufid:2021-WANES-002446","source_collection":"history-2021","source_objectid":14504,"incident_name":"FORD CORKSCREW","mapped_acres":15700.51,"mapped_acres_source":"poly_GISAcres","gis_acres":15700.51,"auto_acres":15711.929305999967,"reported_acres":15712.0,"percent_contained":null,"state":"WA","state_wfigs":"US-WA","county":"Stevens","discovery_time_utc":"2021-08-15T20:29:00Z","perimeter_time_utc":"2021-08-16T01:29:00Z","perimeter_edit_time_utc":"2023-03-14T15:13:42Z","incident_modified_time_utc":"2021-12-17T22:35:46Z","containment_time_utc":"2021-09-10T01:35:00Z","control_time_utc":"2021-09-14T20:30:00Z","fire_out_time_utc":"2021-12-15T16:45:00Z","fire_cause":"Human","fire_cause_general":"Other causes","map_method":"Infrared Image","source_dataset":"FFP","unique_fire_identifier":"2021-WANES-002446","irwin_id":"{B954949E-CD3D-43CC-8BE9-A74E0F5F7489}","global_id":"af13b971-5dbe-460b-af59-84fa5d67487d"}},{"type":"Feature","geometry":{"type":"MultiPolygon","coordinates":[[[[-119.1632,48.25877],[-119.16321,48.25889],[-119.16342,48.25884],[-119.16311,48.2583],[-119.1632,48.25807],[-119.1628,48.25761],[-119.16325,48.25731],[-119.16281,48.25717],[-119.16307,48.25689],[-119.16332,48.25683],[-119.16332,48.25662],[-119.16317,48.25652],[-119.16321,48.25631],[-119.16351,48.25619],[-119.16317,48.25606],[-119.16358,48.25596],[-119.16326,48.25586],[-119.163,48.25613],[-119.16259,48.25609],[-119.16292,48.25585],[-119.1629,48.25568],[-119.16271,48.25567],[-119.16276,48.25579],[-119.16246,48.25565],[-119.16226,48.2557],[-119.16182,48.2553],[-119.162,48.25511],[-119.16185,48.25483],[-119.16194,48.25463],[-119.16171,48.25416],[-119.16123,48.25401],[-119.16133,48.25388],[-119.16056,48.25369],[-119.16023,48.25347],[-119.16057,48.25337],[-119.16081,48.2531],[-119.16134,48.25301],[-119.16153,48.25284],[-119.16124,48.25239],[-119.16123,48.25212],[-119.16165,48.25179],[-119.16107,48.25148],[-119.16065,48.25157],[-119.16021,48.25146],[-119.16011,48.2513],[-119.16044,48.25066],[-119.16033,48.25044],[-119.16006,48.25033],[-119.15984,48.2494],[-119.16023,48.24841],[-119.16002,48.24784],[-119.16019,48.24702],[-119.16011,48.24623],[-119.16023,48.24554],[-119.1609,48.2449],[-119.16119,48.24419],[-119.16227,48.24333],[-119.16446,48.24119],[-119.16472,48.24014],[-119.16653,48.23982],[-119.16678,48.23891],[-119.16739,48.23844],[-119.16729,48.23796],[-119.16755,48.23708],[-119.16779,48.23679],[-119.16777,48.23644],[-119.16799,48.23596],[-119.16888,48.23511],[-119.169,48.23463],[-119.1693,48.23425],[-119.16918,48.23366],[-119.16881,48.23338],[-119.16758,48.23289],[-119.16687,48.23279],[-119.16613,48.23146],[-119.16722,48.23001],[-119.16819,48.22964],[-119.16724,48.22866],[-119.16714,48.22842],[-119.1672,48.22809],[-119.16763,48.22749],[-119.16772,48.22703],[-119.16851,48.22661],[-119.16829,48.22595],[-119.16826,48.22548],[-119.1684,48.22522],[-119.16961,48.22449],[-119.16928,48.22381],[-119.16893,48.22354],[-119.16896,48.22338],[-119.16927,48.22316],[-119.17022,48.22197],[-119.17083,48.22092],[-119.17079,48.22063],[-119.17115,48.22031],[-119.17136,48.21981],[-119.17028,48.21867],[-119.16975,48.21883],[-119.16967,48.21896],[-119.16947,48.21887],[-119.16899,48.21907],[-119.16868,48.21901],[-119.16867,48.21881],[-119.16909,48.21844],[-119.1687,48.21835],[-119.1691,48.21809],[-119.1693,48.21827],[-119.17034,48.21746],[-119.17081,48.21681],[-119.17092,48.21626],[-119.17108,48.21606],[-119.17144,48.21591],[-119.17208,48.2159],[-119.17138,48.21564],[-119.17145,48.21539],[-119.17081,48.2148],[-119.17127,48.21461],[-119.17142,48.21432],[-119.17188,48.21416],[-119.17201,48.21374],[-119.17479,48.21492],[-119.17602,48.21529],[-119.17522,48.21442],[-119.17589,48.21344],[-119.17696,48.21308],[-119.17722,48.21284],[-119.1783,48.21296],[-119.17958,48.21333],[-119.17994,48.21319],[-119.18013,48.21252],[-119.18101,48.21259],[-119.1817,48.21226],[-119.18136,48.21155],[-119.1805,48.21116],[-119.17975,48.21046],[-119.18,48.20987],[-119.18071,48.20956],[-119.18052,48.20906],[-119.17968,48.20863],[-119.17992,48.20826],[-119.17947,48.2075],[-119.18011,48.20585],[-119.17921,48.20517],[-119.17799,48.20501],[-119.17503,48.20528],[-119.17385,48.20521],[-119.17275,48.20491],[-119.17161,48.2044],[-119.17117,48.20397],[-119.17112,48.20319],[-119.17071,48.20319],[-119.17072,48.20294],[-119.17129,48.20256],[-119.17262,48.20229],[-119.17256,48.20208],[-119.17229,48.20199],[-119.17204,48.20211],[-119.17174,48.20207],[-119.17141,48.20175],[-119.17317,48.19957],[-119.17358,48.1994],[-119.17297,48.1989],[-119.17342,48.1989],[-119.17375,48.19867],[-119.17217,48.19813],[-119.17181,48.19789],[-119.17136,48.19729],[-119.1663,48.1957],[-119.16594,48.19548],[-119.16636,48.19522],[-119.16563,48.19497],[-119.16543,48.19477],[-119.16504,48.1949],[-119.16422,48.19448],[-119.16401,48.19376],[-119.1637,48.19347],[-119.16312,48.19348],[-119.16298,48.19312],[-119.16257,48.19283],[-119.16121,48.19249],[-119.16007,48.192],[-119.15968,48.19158],[-119.15928,48.19072],[-119.15773,48.18968],[-119.15757,48.18948],[-119.15759,48.18922],[-119.15632,48.18952],[-119.15565,48.18894],[-119.15415,48.188],[-119.15368,48.18802],[-119.15327,48.18769],[-119.15286,48.18755],[-119.15254,48.18767],[-119.1525,48.18792],[-119.1529,48.18863],[-119.15296,48.18927],[-119.15245,48.19048],[-119.15147,48.1911],[-119.15107,48.19155],[-119.15093,48.19213],[-119.15028,48.19246],[-119.14874,48.19378],[-119.14828,48.19393],[-119.14793,48.19429],[-119.1474,48.19452],[-119.14731,48.19483],[-119.14762,48.19496],[-119.1476,48.19509],[-119.14705,48.19522],[-119.14659,48.19551],[-119.1461,48.1956],[-119.14476,48.19545],[-119.14351,48.19494],[-119.14119,48.19461],[-119.14065,48.19426],[-119.14065,48.19409],[-119.14036,48.19393],[-119.13972,48.19316],[-119.13767,48.19284],[-119.13754,48.19263],[-119.13802,48.1922],[-119.13881,48.19116],[-119.13766,48.1909],[-119.13764,48.19072],[-119.13698,48.1903],[-119.13687,48.19003],[-119.13692,48.18954],[-119.13735,48.18852],[-119.13805,48.18836],[-119.13858,48.18783],[-119.13909,48.18796],[-119.13923,48.18812],[-119.13976,48.18816],[-119.14027,48.18785],[-119.14014,48.1876],[-119.14043,48.18721],[-119.14108,48.18703],[-119.14108,48.18673],[-119.14127,48.18662],[-119.14213,48.18658],[-119.14224,48.18646],[-119.14207,48.18634],[-119.14212,48.1862],[-119.14222,48.18623],[-119.14222,48.18609],[-119.14249,48.18591],[-119.14236,48.18556],[-119.14245,48.18502],[-119.14235,48.18482],[-119.14207,48.18478],[-119.14185,48.18459],[-119.14175,48.18432],[-119.14238,48.18366],[-119.14278,48.18365],[-119.14303,48.18386],[-119.14324,48.18387],[-119.14253,48.18301],[-119.14185,48.18281],[-119.14084,48.18204],[-119.14009,48.17994],[-119.13786,48.17778],[-119.13686,48.17595],[-119.13584,48.17546],[-119.13316,48.17489],[-119.13249,48.17486],[-119.1322,48.17436],[-119.13161,48.17409],[-119.13089,48.17346],[-119.13052,48.17289],[-119.1303,48.17283],[-119.12949,48.17266],[-119.12838,48.17266],[-119.12743,48.17221],[-119.12637,48.17215],[-119.12444,48.17176],[-119.12372,48.1718],[-119.12306,48.17216],[-119.12296,48.17249],[-119.12245,48.17207],[-119.12144,48.17221],[-119.12018,48.17179],[-119.12036,48.17132],[-119.11994,48.17116],[-119.11927,48.17061],[-119.11749,48.16972],[-119.11651,48.16949],[-119.11641,48.1699],[-119.11427,48.16994],[-119.11286,48.16925],[-119.11118,48.16868],[-119.10992,48.16785],[-119.11017,48.16739],[-119.1076,48.16576],[-119.10671,48.16534],[-119.10631,48.16572],[-119.10387,48.16468],[-119.10267,48.16369],[-119.10197,48.16248],[-119.10245,48.16228],[-119.10217,48.16201],[-119.10245,48.16148],[-119.10234,48.16128],[-119.1024,48.16059],[-119.10226,48.16022],[-119.10229,48.15976],[-119.10201,48.15967],[-119.10202,48.15929],[-119.1018,48.15899],[-119.10207,48.15846],[-119.10201,48.15825],[-119.10157,48.15833],[-119.10143,48.15801],[-119.10148,48.15777],[-119.10174,48.15775],[-119.102,48.15683],[-119.10215,48.15669],[-119.10187,48.15465],[-119.10114,48.15357],[-119.10096,48.153],[-119.10098,48.15269],[-119.10131,48.15257],[-119.10122,48.15223],[-119.10165,48.15192],[-119.10477,48.15182],[-119.10541,48.15192],[-119.10592,48.15222],[-119.10659,48.15236],[-119.10871,48.1522],[-119.10889,48.15237],[-119.10985,48.15253],[-119.11012,48.15226],[-119.11088,48.15233],[-119.11303,48.15306],[-119.11565,48.15426],[-119.11741,48.15447],[-119.11813,48.15432],[-119.1195,48.15343],[-119.1203,48.15264],[-119.12112,48.15154],[-119.1242,48.15297],[-119.12404,48.15373],[-119.12523,48.15398],[-119.12667,48.15409],[-119.12854,48.15491],[-119.13019,48.15489],[-119.13036,48.15435],[-119.13367,48.15394],[-119.13447,48.15361],[-119.13662,48.15233],[-119.13947,48.15131],[-119.14487,48.15011],[-119.14981,48.1486],[-119.15425,48.14692],[-119.15548,48.14593],[-119.15687,48.14523],[-119.15981,48.14456],[-119.16087,48.14419],[-119.16342,48.1425],[-119.16458,48.14135],[-119.16424,48.14134],[-119.16637,48.13933],[-119.16752,48.13844],[-119.16788,48.13779],[-119.16847,48.13729],[-119.17106,48.13606],[-119.17122,48.13551],[-119.17158,48.13492],[-119.17306,48.13325],[-119.17406,48.13344],[-119.17461,48.13467],[-119.17581,48.13576],[-119.17698,48.13547],[-119.17816,48.13553],[-119.17928,48.13496],[-119.17979,48.13404],[-119.179,48.13386],[-119.17848,48.13407],[-119.17756,48.13377],[-119.17744,48.13336],[-119.17941,48.13278],[-119.17969,48.13166],[-119.18016,48.13124],[-119.18197,48.13107],[-119.1825,48.13143],[-119.18735,48.13127],[-119.19276,48.12986],[-119.19605,48.12831],[-119.19764,48.12725],[-119.1982,48.12798],[-119.20829,48.12544],[-119.2152,48.12194],[-119.21553,48.1223],[-119.21675,48.12275],[-119.21684,48.12306],[-119.21649,48.12342],[-119.21655,48.12408],[-119.21717,48.12529],[-119.21658,48.12541],[-119.21659,48.12588],[-119.21709,48.12665],[-119.21829,48.12728],[-119.21832,48.12836],[-119.22138,48.12837],[-119.22185,48.12906],[-119.22634,48.12897],[-119.2275,48.12861],[-119.22795,48.12841],[-119.22156,48.12837],[-119.22822,48.12832],[-119.2289,48.12795],[-119.22948,48.12663],[-119.22975,48.12638],[-119.23333,48.12523],[-119.23803,48.12522],[-119.23839,48.12539],[-119.23892,48.12628],[-119.23912,48.12641],[-119.23949,48.12618],[-119.23962,48.12529],[-119.24009,48.12471],[-119.24047,48.12458],[-119.24456,48.1248],[-119.26185,48.12484],[-119.26239,48.12468],[-119.26583,48.12296],[-119.27803,48.12282],[-119.28113,48.1221],[-119.28189,48.1212],[-119.28484,48.12218],[-119.28574,48.1231],[-119.28661,48.12372],[-119.28717,48.12484],[-119.28767,48.12538],[-119.28944,48.12502],[-119.29064,48.12506],[-119.29342,48.12589],[-119.2943,48.12639],[-119.29551,48.12672],[-119.2967,48.12647],[-119.30175,48.12674],[-119.30478,48.12709],[-119.30775,48.12764],[-119.31098,48.12848],[-119.31393,48.12951],[-119.31678,48.13076],[-119.31968,48.13239],[-119.31999,48.13365],[-119.32121,48.13495],[-119.32178,48.13576],[-119.32144,48.13682],[-119.32134,48.13775],[-119.32234,48.13807],[-119.32277,48.13885],[-119.32352,48.13932],[-119.32449,48.13918],[-119.32544,48.14023],[-119.32546,48.14117],[-119.32579,48.14131],[-119.32632,48.14114],[-119.32738,48.1424],[-119.32906,48.14237],[-119.32949,48.1428],[-119.33579,48.15124],[-119.34129,48.15813],[-119.34334,48.15838],[-119.34472,48.1591],[-119.34607,48.1605],[-119.34926,48.16064],[-119.35161,48.16106],[-119.35383,48.16183],[-119.35601,48.16306],[-119.35912,48.16574],[-119.36037,48.16711],[-119.36132,48.1684],[-119.36198,48.16953],[-119.3626,48.17095],[-119.36301,48.17241],[-119.36322,48.17385],[-119.36509,48.17471],[-119.36687,48.17637],[-119.3685,48.17749],[-119.37156,48.18033],[-119.37349,48.18148],[-119.37625,48.18245],[-119.37737,48.18303],[-119.37819,48.18412],[-119.37991,48.1856],[-119.38297,48.18777],[-119.38375,48.18935],[-119.37939,48.18954],[-119.37991,48.19021],[-119.37867,48.19047],[-119.37828,48.19035],[-119.37733,48.19189],[-119.37589,48.19202],[-119.37487,48.19268],[-119.37461,48.19273],[-119.37428,48.19313],[-119.3743,48.19331],[-119.37398,48.19344],[-119.37354,48.19318],[-119.37203,48.19284],[-119.37162,48.19254],[-119.37098,48.19251],[-119.36305,48.19392],[-119.36317,48.19603],[-119.3637,48.19814],[-119.36455,48.19998],[-119.36645,48.20303],[-119.36689,48.20413],[-119.36716,48.20545],[-119.36717,48.20679],[-119.36605,48.22398],[-119.36611,48.22497],[-119.36662,48.2264],[-119.36758,48.22767],[-119.37085,48.23022],[-119.37197,48.23077],[-119.37179,48.23095],[-119.37169,48.2317],[-119.37151,48.23187],[-119.37201,48.23228],[-119.37239,48.23323],[-119.37301,48.23387],[-119.37242,48.2351],[-119.3724,48.23552],[-119.37251,48.23626],[-119.37276,48.23664],[-119.37253,48.23709],[-119.3728,48.23735],[-119.37289,48.23789],[-119.37327,48.23811],[-119.37336,48.2383],[-119.37322,48.23866],[-119.3733,48.23871],[-119.37315,48.23874],[-119.37307,48.23898],[-119.37272,48.23905],[-119.37215,48.23952],[-119.37253,48.23964],[-119.37242,48.2402],[-119.3714,48.24058],[-119.37091,48.24128],[-119.36918,48.24257],[-119.36848,48.24279],[-119.36792,48.24363],[-119.3677,48.24424],[-119.36512,48.24627],[-119.3656,48.24665],[-119.36472,48.24654],[-119.36335,48.24749],[-119.36345,48.24946],[-119.36156,48.24975],[-119.36073,48.24951],[-119.36062,48.24931],[-119.36004,48.24909],[-119.35956,48.24917],[-119.35854,48.24881],[-119.35676,48.24733],[-119.35638,48.24687],[-119.35616,48.24619],[-119.35538,48.24512],[-119.35456,48.24475],[-119.35326,48.24449],[-119.35222,48.24455],[-119.35077,48.24409],[-119.34974,48.24433],[-119.34919,48.24398],[-119.34618,48.24296],[-119.34492,48.24297],[-119.34298,48.24324],[-119.34176,48.24309],[-119.34048,48.24317],[-119.33844,48.2435],[-119.3349,48.24437],[-119.3318,48.24481],[-119.32924,48.24488],[-119.32729,48.24474],[-119.32725,48.2449],[-119.32761,48.2452],[-119.32792,48.24635],[-119.32749,48.24653],[-119.32726,48.24703],[-119.32742,48.24706],[-119.3277,48.24686],[-119.32797,48.24698],[-119.32794,48.24723],[-119.32819,48.24737],[-119.32892,48.24743],[-119.32872,48.24791],[-119.32878,48.24817],[-119.32863,48.24826],[-119.32872,48.24854],[-119.32864,48.24879],[-119.32789,48.24866],[-119.32652,48.24972],[-119.32899,48.24957],[-119.32912,48.24986],[-119.32862,48.25048],[-119.3287,48.25124],[-119.32841,48.25148],[-119.32867,48.25221],[-119.32924,48.25245],[-119.32827,48.25314],[-119.32737,48.25352],[-119.32484,48.25423],[-119.3243,48.25495],[-119.32474,48.25568],[-119.32384,48.256],[-119.3234,48.25668],[-119.32385,48.25702],[-119.3242,48.25766],[-119.32341,48.25783],[-119.32333,48.25834],[-119.32299,48.25888],[-119.32243,48.25879],[-119.32188,48.25823],[-119.32105,48.25829],[-119.31965,48.25766],[-119.31852,48.25789],[-119.31805,48.25824],[-119.31796,48.25859],[-119.31839,48.25877],[-119.31921,48.25955],[-119.31899,48.26003],[-119.31861,48.26041],[-119.31914,48.26116],[-119.31871,48.26118],[-119.31796,48.26062],[-119.31682,48.26115],[-119.31554,48.26241],[-119.31491,48.26277],[-119.31426,48.26295],[-119.31276,48.26308],[-119.30834,48.26303],[-119.30774,48.26325],[-119.30666,48.26397],[-119.3057,48.26401],[-119.30475,48.26498],[-119.30324,48.26543],[-119.30304,48.26567],[-119.30248,48.26586],[-119.30179,48.26582],[-119.3009,48.26533],[-119.2998,48.26564],[-119.29929,48.26535],[-119.29803,48.26568],[-119.29763,48.26634],[-119.29653,48.26687],[-119.29628,48.26663],[-119.29635,48.26634],[-119.29609,48.26636],[-119.29596,48.2666],[-119.29541,48.26682],[-119.29514,48.26646],[-119.29473,48.26622],[-119.29452,48.26645],[-119.2933,48.26657],[-119.2928,48.26698],[-119.29209,48.26713],[-119.29158,48.26741],[-119.29089,48.26724],[-119.2903,48.26728],[-119.29023,48.26789],[-119.29007,48.26803],[-119.28848,48.26859],[-119.28806,48.26856],[-119.28762,48.26876],[-119.28762,48.26908],[-119.28814,48.26957],[-119.28751,48.27],[-119.28727,48.27038],[-119.28602,48.27127],[-119.28659,48.27144],[-119.28669,48.27162],[-119.28653,48.27172],[-119.28689,48.27179],[-119.28695,48.27207],[-119.28636,48.27279],[-119.28557,48.27305],[-119.28535,48.2734],[-119.28454,48.27408],[-119.28218,48.27543],[-119.2823,48.27586],[-119.28212,48.27618],[-119.28171,48.27621],[-119.28141,48.27649],[-119.28069,48.2765],[-119.28018,48.27678],[-119.27962,48.27678],[-119.27879,48.27714],[-119.27853,48.27716],[-119.27783,48.27682],[-119.2776,48.27685],[-119.27762,48.27705],[-119.27733,48.27741],[-119.27638,48.27769],[-119.2764,48.27786],[-119.27667,48.278],[-119.27665,48.27818],[-119.27617,48.27867],[-119.27585,48.27882],[-119.27587,48.27909],[-119.27515,48.27967],[-119.27447,48.27981],[-119.27395,48.27946],[-119.27365,48.27946],[-119.27334,48.27929],[-119.27312,48.27874],[-119.27269,48.27885],[-119.2726,48.27912],[-119.27201,48.27968],[-119.27214,48.27985],[-119.2717,48.2805],[-119.27122,48.28103],[-119.27089,48.28121],[-119.27085,48.28154],[-119.2702,48.28172],[-119.26977,48.28214],[-119.26946,48.28225],[-119.26959,48.28232],[-119.26974,48.28288],[-119.27017,48.28327],[-119.26964,48.28347],[-119.26978,48.28356],[-119.26963,48.28378],[-119.26892,48.28419],[-119.26915,48.28433],[-119.26882,48.28471],[-119.26804,48.28472],[-119.26739,48.28543],[-119.2671,48.28598],[-119.26728,48.28655],[-119.26661,48.28694],[-119.26699,48.28733],[-119.26636,48.28855],[-119.26605,48.2888],[-119.26549,48.28841],[-119.26528,48.28915],[-119.26464,48.28993],[-119.26423,48.29021],[-119.26343,48.28992],[-119.26293,48.29054],[-119.26248,48.29038],[-119.26196,48.29075],[-119.26007,48.29158],[-119.25973,48.29128],[-119.25964,48.29092],[-119.26008,48.2898],[-119.25863,48.29091],[-119.25674,48.29174],[-119.2556,48.29248],[-119.25086,48.29491],[-119.25023,48.29472],[-119.25058,48.29372],[-119.2505,48.29231],[-119.25026,48.29128],[-119.24943,48.29018],[-119.25005,48.2898],[-119.25122,48.28938],[-119.2512,48.28897],[-119.25176,48.28868],[-119.25177,48.28853],[-119.25125,48.28829],[-119.25128,48.28813],[-119.25092,48.28816],[-119.25064,48.2876],[-119.25067,48.28744],[-119.2504,48.28711],[-119.24989,48.28699],[-119.24946,48.28722],[-119.24936,48.28753],[-119.24888,48.28742],[-119.2482,48.28769],[-119.24792,48.28757],[-119.24795,48.28727],[-119.24783,48.2872],[-119.2476,48.28735],[-119.24748,48.28764],[-119.24705,48.28747],[-119.24731,48.28731],[-119.24693,48.28685],[-119.24794,48.28629],[-119.24833,48.28562],[-119.24933,48.28549],[-119.25005,48.28571],[-119.25013,48.28585],[-119.25068,48.28581],[-119.25093,48.28538],[-119.25115,48.28528],[-119.25043,48.28471],[-119.25088,48.28418],[-119.2509,48.28394],[-119.25134,48.28391],[-119.25172,48.28346],[-119.25183,48.28319],[-119.25148,48.28302],[-119.25186,48.28269],[-119.25172,48.28248],[-119.25253,48.28232],[-119.25265,48.28162],[-119.25351,48.28142],[-119.25342,48.28112],[-119.25356,48.28092],[-119.25445,48.28049],[-119.25471,48.28021],[-119.25518,48.28009],[-119.25669,48.28028],[-119.25664,48.27991],[-119.25644,48.27961],[-119.25686,48.27955],[-119.25695,48.27897],[-119.25659,48.27843],[-119.25689,48.27813],[-119.25709,48.27814],[-119.25705,48.27787],[-119.25778,48.27678],[-119.25804,48.27579],[-119.25893,48.27494],[-119.25838,48.27475],[-119.25797,48.27443],[-119.2579,48.27417],[-119.25843,48.27364],[-119.25881,48.27358],[-119.25942,48.27404],[-119.25983,48.27395],[-119.26011,48.27319],[-119.26003,48.27282],[-119.26122,48.27203],[-119.2615,48.272],[-119.26173,48.27175],[-119.26275,48.27186],[-119.26324,48.27223],[-119.26318,48.27198],[-119.26368,48.27159],[-119.26349,48.27124],[-119.26366,48.27034],[-119.26557,48.27031],[-119.26568,48.27],[-119.26676,48.26989],[-119.26706,48.26969],[-119.26722,48.26917],[-119.26737,48.26916],[-119.26744,48.26941],[-119.26769,48.26933],[-119.26808,48.26883],[-119.26786,48.26861],[-119.26805,48.2681],[-119.26777,48.26817],[-119.26762,48.2684],[-119.26712,48.26829],[-119.26758,48.26816],[-119.26736,48.26802],[-119.26764,48.26767],[-119.26807,48.26759],[-119.26817,48.26725],[-119.26839,48.26735],[-119.26849,48.26681],[-119.26865,48.26659],[-119.26837,48.26627],[-119.26858,48.26621],[-119.26909,48.26634],[-119.26942,48.26662],[-119.26953,48.26651],[-119.26941,48.26604],[-119.26999,48.26576],[-119.26958,48.26539],[-119.26879,48.2652],[-119.26838,48.26491],[-119.26829,48.2645],[-119.26809,48.26438],[-119.26715,48.26447],[-119.26585,48.26411],[-119.26538,48.26414],[-119.2642,48.26373],[-119.26353,48.26377],[-119.2628,48.26353],[-119.26253,48.26324],[-119.25863,48.26431],[-119.25831,48.26389],[-119.25845,48.2637],[-119.25837,48.26329],[-119.2587,48.26289],[-119.25854,48.26265],[-119.25717,48.26247],[-119.25719,48.2626],[-119.25659,48.26311],[-119.25594,48.26331],[-119.25422,48.26284],[-119.25419,48.26316],[-119.25288,48.2635],[-119.25273,48.26369],[-119.25166,48.26372],[-119.25135,48.26415],[-119.25005,48.26528],[-119.24954,48.26601],[-119.24951,48.26627],[-119.24987,48.26661],[-119.25333,48.26756],[-119.25414,48.26766],[-119.25428,48.26787],[-119.25083,48.26987],[-119.24911,48.27122],[-119.24875,48.27096],[-119.24797,48.27091],[-119.2475,48.27104],[-119.24626,48.27073],[-119.24396,48.27077],[-119.24237,48.27056],[-119.24022,48.27066],[-119.23975,48.27089],[-119.23941,48.27213],[-119.23913,48.27245],[-119.23574,48.27348],[-119.23447,48.27402],[-119.23295,48.27486],[-119.23186,48.27595],[-119.23139,48.2762],[-119.2307,48.27636],[-119.2293,48.2762],[-119.22762,48.27662],[-119.22613,48.27669],[-119.22526,48.2774],[-119.22419,48.278],[-119.22355,48.2786],[-119.22288,48.27889],[-119.21834,48.27908],[-119.21799,48.27936],[-119.21784,48.27993],[-119.21753,48.28027],[-119.21716,48.28116],[-119.21678,48.28168],[-119.21709,48.28283],[-119.21779,48.28364],[-119.21787,48.2839],[-119.21786,48.28469],[-119.21738,48.28495],[-119.21765,48.2852],[-119.21759,48.28532],[-119.21705,48.28541],[-119.21661,48.28528],[-119.21549,48.28528],[-119.21542,48.28541],[-119.2147,48.2855],[-119.21416,48.28601],[-119.21335,48.28746],[-119.21261,48.28781],[-119.21181,48.28901],[-119.21041,48.28904],[-119.21006,48.29083],[-119.2095,48.29162],[-119.20939,48.29203],[-119.20827,48.29304],[-119.20738,48.29481],[-119.20732,48.29532],[-119.20762,48.29651],[-119.20735,48.29734],[-119.20709,48.29771],[-119.20708,48.29831],[-119.20664,48.29857],[-119.20622,48.29843],[-119.20398,48.29696],[-119.20179,48.29631],[-119.20155,48.29599],[-119.20107,48.29467],[-119.19988,48.29433],[-119.19943,48.29395],[-119.19906,48.29265],[-119.19869,48.29203],[-119.19792,48.29206],[-119.19818,48.29249],[-119.19786,48.29229],[-119.19752,48.29227],[-119.19707,48.29251],[-119.1962,48.29191],[-119.19609,48.29172],[-119.1962,48.29147],[-119.19598,48.29119],[-119.19637,48.29078],[-119.19627,48.29045],[-119.19667,48.29008],[-119.19687,48.28961],[-119.19644,48.2892],[-119.19636,48.28874],[-119.19652,48.28848],[-119.19618,48.28798],[-119.19671,48.28787],[-119.19635,48.28756],[-119.19464,48.28656],[-119.19283,48.2863],[-119.19246,48.28636],[-119.19229,48.28605],[-119.19127,48.2857],[-119.19079,48.28515],[-119.19008,48.2848],[-119.18949,48.28479],[-119.1888,48.28452],[-119.1888,48.28313],[-119.18826,48.28269],[-119.18756,48.2815],[-119.18763,48.28043],[-119.18848,48.27878],[-119.18834,48.27852],[-119.18727,48.27796],[-119.18713,48.27776],[-119.1874,48.27697],[-119.18734,48.27666],[-119.18756,48.27486],[-119.18675,48.27497],[-119.18654,48.27483],[-119.18599,48.27488],[-119.1857,48.27465],[-119.18539,48.27412],[-119.18612,48.27347],[-119.18659,48.27339],[-119.18642,48.27296],[-119.1871,48.2722],[-119.18712,48.27187],[-119.18692,48.27168],[-119.18593,48.27146],[-119.18504,48.27076],[-119.18377,48.27105],[-119.18342,48.27054],[-119.18372,48.26994],[-119.18424,48.26952],[-119.18423,48.26905],[-119.18343,48.26872],[-119.18259,48.26868],[-119.1823,48.26907],[-119.18249,48.26913],[-119.18243,48.26927],[-119.18178,48.26954],[-119.18085,48.2696],[-119.17975,48.26947],[-119.17831,48.26881],[-119.17731,48.26888],[-119.17672,48.26874],[-119.17608,48.26831],[-119.17617,48.26776],[-119.17603,48.26719],[-119.17629,48.26666],[-119.1764,48.26583],[-119.17623,48.2657],[-119.17518,48.26551],[-119.17381,48.26544],[-119.17272,48.26612],[-119.17251,48.26593],[-119.17221,48.26597],[-119.17202,48.26616],[-119.17208,48.26638],[-119.17237,48.26646],[-119.17088,48.26734],[-119.16956,48.26736],[-119.16887,48.26719],[-119.16808,48.26644],[-119.16841,48.26631],[-119.16827,48.26602],[-119.16775,48.26639],[-119.16614,48.26587],[-119.16579,48.26538],[-119.16614,48.26532],[-119.16596,48.26489],[-119.16578,48.26492],[-119.16576,48.26515],[-119.16564,48.26518],[-119.16495,48.26464],[-119.16423,48.26443],[-119.16435,48.26381],[-119.16496,48.2632],[-119.16406,48.26227],[-119.16373,48.26142],[-119.16314,48.26094],[-119.16292,48.26057],[-119.16272,48.26062],[-119.16275,48.26044],[-119.16216,48.26022],[-119.16202,48.25994],[-119.1617,48.2599],[-119.16145,48.25964],[-119.16169,48.25949],[-119.16174,48.25924],[-119.1616,48.25915],[-119.16181,48.25891],[-119.1615,48.25877],[-119.16147,48.25851],[-119.16167,48.25854],[-119.16196,48.25832],[-119.16235,48.2585],[-119.1627,48.25848],[-119.16302,48.25863],[-119.16307,48.25881],[-119.1632,48.25877]]],[[[-119.15733,48.25285],[-119.15718,48.25261],[-119.15782,48.25238],[-119.15806,48.2525],[-119.15845,48.25236],[-119.15856,48.25246],[-119.15832,48.25261],[-119.15841,48.25281],[-119.15786,48.25279],[-119.15744,48.25325],[-119.15724,48.25304],[-119.15751,48.25287],[-119.15733,48.25285]]],[[[-119.16091,48.26019],[-119.16104,48.26024],[-119.16082,48.26029],[-119.16091,48.26019]]],[[[-119.1643,48.26361],[-119.16438,48.26371],[-119.16427,48.26371],[-119.1643,48.26361]]],[[[-119.18867,48.28304],[-119.18861,48.28308],[-119.18858,48.28303],[-119.18867,48.28304]]]]},"properties":{"fire_id":"ufid:2021-WACOA-200106","source_collection":"history-2021","source_objectid":14527,"incident_name":"Whitmore","mapped_acres":58279.0,"mapped_acres_source":"poly_GISAcres","gis_acres":58279.0,"auto_acres":58242.295214589234,"reported_acres":58234.0,"percent_contained":null,"state":"WA","state_wfigs":"US-WA","county":"Okanogan","discovery_time_utc":"2021-08-04T03:25:00Z","perimeter_time_utc":"2021-08-14T04:40:00Z","perimeter_edit_time_utc":"2023-03-14T15:13:42Z","incident_modified_time_utc":"2021-12-15T19:23:44Z","containment_time_utc":"2021-10-07T00:11:00Z","control_time_utc":"2021-11-01T17:48:00Z","fire_out_time_utc":"2021-11-17T23:36:00Z","fire_cause":"Natural","fire_cause_general":"Natural","map_method":"Mixed Methods","source_dataset":"FFP","unique_fire_identifier":"2021-WACOA-200106","irwin_id":"{74A59AAC-6299-4C25-9FDF-AFE423C6FE3E}","global_id":"629d6e92-143a-4b43-ba69-e628cab98d03"}},{"type":"Feature","geometry":{"type":"MultiPolygon","coordinates":[[[[-119.68619,47.54003],[-119.68659,47.54024],[-119.6869,47.54059],[-119.68724,47.54066],[-119.68736,47.54085],[-119.68775,47.54102],[-119.68838,47.54092],[-119.68877,47.54041],[-119.68922,47.54082],[-119.68993,47.54081],[-119.69092,47.5416],[-119.69182,47.54212],[-119.69257,47.54225],[-119.69333,47.54267],[-119.69336,47.54295],[-119.69389,47.54324],[-119.69398,47.54347],[-119.6935,47.54449],[-119.69342,47.54515],[-119.69329,47.54532],[-119.69263,47.54539],[-119.692,47.54571],[-119.69123,47.54572],[-119.69078,47.54624],[-119.69019,47.5464],[-119.68927,47.54721],[-119.6884,47.54735],[-119.68842,47.54749],[-119.68826,47.54759],[-119.68669,47.54757],[-119.68532,47.54815],[-119.68409,47.54776],[-119.68273,47.54778],[-119.68244,47.54835],[-119.68147,47.5486],[-119.68102,47.5491],[-119.68089,47.54946],[-119.68077,47.5494],[-119.68069,47.54873],[-119.68055,47.54855],[-119.68058,47.54925],[-119.68046,47.54965],[-119.67934,47.55],[-119.67885,47.54998],[-119.67724,47.5495],[-119.67659,47.54962],[-119.67609,47.54987],[-119.67512,47.54973],[-119.67323,47.55024],[-119.67281,47.5506],[-119.67341,47.55126],[-119.67348,47.55151],[-119.67332,47.5516],[-119.67167,47.55078],[-119.67121,47.55068],[-119.67066,47.55066],[-119.66868,47.551],[-119.66766,47.55094],[-119.66744,47.55041],[-119.66736,47.54879],[-119.66719,47.54857],[-119.66692,47.5485],[-119.66489,47.54876],[-119.66411,47.54848],[-119.66215,47.54848],[-119.66188,47.54871],[-119.6618,47.54934],[-119.66151,47.54952],[-119.66132,47.54942],[-119.66108,47.54897],[-119.6598,47.54864],[-119.65792,47.54878],[-119.65683,47.54928],[-119.6566,47.54922],[-119.65635,47.54887],[-119.656,47.54931],[-119.6546,47.54959],[-119.65448,47.54949],[-119.65477,47.54912],[-119.65463,47.54898],[-119.65358,47.54914],[-119.65297,47.54902],[-119.65371,47.54837],[-119.65352,47.54818],[-119.65219,47.54815],[-119.65171,47.54825],[-119.65139,47.54796],[-119.65053,47.54784],[-119.65034,47.54792],[-119.65017,47.54829],[-119.64978,47.5485],[-119.64898,47.54833],[-119.64747,47.54857],[-119.64647,47.54851],[-119.6462,47.54797],[-119.64607,47.54867],[-119.64594,47.54875],[-119.64278,47.54938],[-119.64109,47.54916],[-119.64072,47.54895],[-119.6379,47.54908],[-119.6372,47.54925],[-119.63698,47.5495],[-119.6368,47.54947],[-119.63687,47.54894],[-119.63676,47.54888],[-119.63526,47.54881],[-119.63475,47.54871],[-119.63469,47.5485],[-119.63528,47.54852],[-119.63507,47.5481],[-119.63544,47.54798],[-119.63581,47.54817],[-119.63585,47.54838],[-119.63608,47.54843],[-119.63719,47.54825],[-119.63753,47.54753],[-119.63783,47.54741],[-119.63723,47.54704],[-119.63739,47.54677],[-119.6379,47.54645],[-119.63751,47.54572],[-119.63653,47.54542],[-119.63557,47.54545],[-119.63417,47.54528],[-119.63427,47.54502],[-119.63447,47.54495],[-119.63444,47.54478],[-119.63372,47.54443],[-119.6327,47.54457],[-119.63057,47.54458],[-119.62963,47.54412],[-119.62881,47.54399],[-119.62841,47.54414],[-119.62788,47.54413],[-119.62703,47.54399],[-119.62588,47.54352],[-119.62497,47.54371],[-119.6239,47.5433],[-119.62405,47.5432],[-119.62496,47.54321],[-119.62634,47.54228],[-119.62751,47.54276],[-119.62832,47.54289],[-119.62865,47.54326],[-119.62888,47.54245],[-119.6298,47.54186],[-119.63067,47.54165],[-119.63178,47.54158],[-119.6347,47.54156],[-119.63891,47.5418],[-119.64194,47.54162],[-119.64421,47.54167],[-119.64657,47.54155],[-119.65144,47.54161],[-119.65817,47.54144],[-119.66126,47.54155],[-119.66629,47.54145],[-119.66685,47.54163],[-119.66721,47.54161],[-119.66734,47.54205],[-119.66747,47.54158],[-119.66773,47.54142],[-119.66852,47.54154],[-119.67356,47.54138],[-119.67807,47.54142],[-119.67849,47.54174],[-119.67852,47.54246],[-119.67867,47.54281],[-119.68075,47.54384],[-119.682,47.54465],[-119.68303,47.54551],[-119.68366,47.54486],[-119.6837,47.54452],[-119.6834,47.54432],[-119.68282,47.5447],[-119.68265,47.54459],[-119.6829,47.54392],[-119.68368,47.5429],[-119.68275,47.54192],[-119.68275,47.54174],[-119.68309,47.54203],[-119.68412,47.54249],[-119.68485,47.54244],[-119.68586,47.54288],[-119.68723,47.54289],[-119.68727,47.54307],[-119.68706,47.54323],[-119.68836,47.54383],[-119.68853,47.544],[-119.68855,47.54429],[-119.68905,47.54472],[-119.68961,47.54473],[-119.69038,47.54442],[-119.69087,47.54438],[-119.69148,47.54388],[-119.69132,47.54361],[-119.69079,47.54322],[-119.68856,47.54209],[-119.68824,47.54225],[-119.68709,47.5416],[-119.68612,47.54155],[-119.68595,47.54125],[-119.68603,47.54085],[-119.68573,47.54042],[-119.68619,47.54003]]],[[[-119.68637,47.53992],[-119.68619,47.54003],[-119.68621,47.53992],[-119.68637,47.53992]]],[[[-119.66686,47.54161],[-119.66682,47.54156],[-119.66688,47.54156],[-119.66686,47.54161]]]]},"properties":{"fire_id":"ufid:2021-WASPD-000327","source_collection":"history-2021","source_objectid":14533,"incident_name":"WHITEHALL ROAD","mapped_acres":867.3519,"mapped_acres_source":"poly_GISAcres","gis_acres":867.3519,"auto_acres":867.3485150569696,"reported_acres":910.0,"percent_contained":null,"state":"WA","state_wfigs":"US-WA","county":"Douglas","discovery_time_utc":"2021-07-09T04:17:00Z","perimeter_time_utc":"2021-07-09T09:17:00Z","perimeter_edit_time_utc":"2023-03-14T15:13:42Z","incident_modified_time_utc":"2022-01-11T19:43:05Z","containment_time_utc":"2021-07-10T22:43:00Z","control_time_utc":"2021-07-12T01:00:00Z","fire_out_time_utc":"2021-08-09T21:30:00Z","fire_cause":"Natural","fire_cause_general":"Natural","map_method":"Image Interpretation","source_dataset":"FFP","unique_fire_identifier":"2021-WASPD-000327","irwin_id":"{AEADB3F0-4819-4FFF-84A0-C3B299CCC2EE}","global_id":"c28a6758-dc42-461d-a6ab-affe4df4705a"}},{"type":"Feature","geometry":{"type":"MultiPolygon","coordinates":[[[[-119.18274,48.75587],[-119.1825,48.75592],[-119.18249,48.75568],[-119.18274,48.75587]]],[[[-119.18396,48.756],[-119.18335,48.75588],[-119.18358,48.75577],[-119.18396,48.756]]],[[[-119.18154,48.75635],[-119.18145,48.7564],[-119.18143,48.75627],[-119.18154,48.75635]]],[[[-119.18577,48.75664],[-119.18584,48.75682],[-119.18565,48.75685],[-119.18559,48.75667],[-119.18577,48.75664]]],[[[-119.18647,48.75727],[-119.18661,48.75725],[-119.18676,48.75761],[-119.18663,48.75764],[-119.18647,48.75727]]],[[[-119.18563,48.7576],[-119.18584,48.75777],[-119.18581,48.758],[-119.18495,48.75794],[-119.18463,48.7582],[-119.18466,48.7583],[-119.18489,48.75831],[-119.18503,48.75828],[-119.18497,48.75818],[-119.1854,48.7581],[-119.18544,48.75819],[-119.18511,48.75846],[-119.18482,48.75849],[-119.18538,48.7586],[-119.18546,48.75875],[-119.18441,48.75854],[-119.18458,48.75844],[-119.18437,48.7581],[-119.18476,48.75772],[-119.18563,48.7576]]],[[[-119.18603,48.75828],[-119.18624,48.75839],[-119.18604,48.75843],[-119.18603,48.75828]]],[[[-119.18566,48.76019],[-119.18632,48.76024],[-119.18618,48.76056],[-119.18637,48.76097],[-119.18623,48.76088],[-119.18597,48.7611],[-119.18592,48.76031],[-119.18551,48.7605],[-119.18537,48.76044],[-119.18566,48.76019]]],[[[-119.03822,48.72524],[-119.03872,48.72446],[-119.03969,48.72356],[-119.0395,48.72332],[-119.03961,48.72319],[-119.03995,48.72316],[-119.04028,48.72284],[-119.04498,48.72199],[-119.04497,48.72291],[-119.04524,48.72346],[-119.04505,48.72438],[-119.04555,48.7247],[-119.0455,48.72629],[-119.04818,48.72632],[-119.0484,48.72586],[-119.04833,48.72549],[-119.04858,48.72519],[-119.04918,48.72494],[-119.04945,48.7255],[-119.04955,48.72615],[-119.05001,48.72634],[-119.04999,48.72735],[-119.0498,48.72831],[-119.04945,48.72905],[-119.0492,48.72999],[-119.04848,48.73157],[-119.04801,48.73229],[-119.04762,48.73258],[-119.04705,48.7333],[-119.04649,48.73446],[-119.04705,48.73558],[-119.04729,48.73703],[-119.04773,48.73704],[-119.04779,48.73724],[-119.0475,48.73749],[-119.04759,48.73778],[-119.04748,48.73813],[-119.04721,48.73836],[-119.04761,48.73966],[-119.04747,48.73995],[-119.04747,48.74117],[-119.04727,48.74247],[-119.0476,48.7431],[-119.04598,48.74573],[-119.04539,48.74929],[-119.04478,48.75045],[-119.04307,48.75114],[-119.04103,48.75022],[-119.04039,48.74548],[-119.04138,48.74378],[-119.04129,48.74137],[-119.04043,48.73734],[-119.04163,48.73615],[-119.04135,48.73358],[-119.03955,48.73357],[-119.0395,48.73069],[-119.03928,48.72998],[-119.03882,48.72924],[-119.03861,48.72901],[-119.03678,48.72856],[-119.03581,48.72786],[-119.03549,48.7274],[-119.03545,48.72683],[-119.03832,48.72678],[-119.03852,48.72626],[-119.03822,48.72524]]],[[[-119.05891,48.85249],[-119.05866,48.85249],[-119.05842,48.85219],[-119.05701,48.85222],[-119.05643,48.85194],[-119.05654,48.85138],[-119.05697,48.85086],[-119.05651,48.85025],[-119.05662,48.85001],[-119.0563,48.84978],[-119.05666,48.84952],[-119.05702,48.8495],[-119.05748,48.84914],[-119.05771,48.84871],[-119.05761,48.84835],[-119.05771,48.8482],[-119.05815,48.84814],[-119.05831,48.84824],[-119.05852,48.84805],[-119.05841,48.84795],[-119.05893,48.84717],[-119.05799,48.84698],[-119.05801,48.84671],[-119.05879,48.84652],[-119.05941,48.84613],[-119.06029,48.84614],[-119.06048,48.84636],[-119.06113,48.84539],[-119.0611,48.84449],[-119.06088,48.84358],[-119.06029,48.84257],[-119.06025,48.84203],[-119.06011,48.84187],[-119.0602,48.84161],[-119.0601,48.841],[-119.06022,48.84068],[-119.06012,48.84004],[-119.06063,48.83667],[-119.06043,48.83619],[-119.06047,48.83585],[-119.05956,48.83491],[-119.0592,48.83414],[-119.05927,48.83379],[-119.05795,48.83366],[-119.05747,48.83391],[-119.05756,48.83426],[-119.05792,48.83449],[-119.05714,48.83439],[-119.05661,48.83462],[-119.05629,48.83504],[-119.05578,48.83485],[-119.05531,48.83544],[-119.05466,48.8357],[-119.0541,48.83554],[-119.05366,48.83523],[-119.05329,48.83518],[-119.05279,48.83556],[-119.05241,48.83564],[-119.05224,48.83586],[-119.0517,48.83564],[-119.0512,48.83562],[-119.05098,48.83571],[-119.05068,48.83609],[-119.04961,48.8362],[-119.04912,48.83645],[-119.04871,48.83612],[-119.04772,48.83606],[-119.04769,48.83561],[-119.04785,48.83556],[-119.04788,48.83526],[-119.04815,48.83511],[-119.04791,48.83473],[-119.04753,48.83462],[-119.0475,48.83426],[-119.04716,48.83413],[-119.04509,48.83396],[-119.04431,48.83358],[-119.04417,48.83322],[-119.04409,48.8319],[-119.04378,48.83188],[-119.04222,48.83114],[-119.04147,48.8305],[-119.04071,48.83057],[-119.03929,48.83016],[-119.03896,48.8298],[-119.03924,48.82951],[-119.03822,48.82899],[-119.03744,48.82924],[-119.03729,48.83053],[-119.03714,48.83064],[-119.03662,48.8306],[-119.0364,48.83119],[-119.03522,48.83096],[-119.03519,48.8312],[-119.03482,48.83138],[-119.03423,48.83118],[-119.03381,48.83079],[-119.0329,48.83087],[-119.03189,48.83039],[-119.0316,48.82989],[-119.0314,48.82897],[-119.03099,48.82855],[-119.03108,48.8284],[-119.03175,48.82846],[-119.03191,48.82814],[-119.03234,48.82798],[-119.03269,48.828],[-119.03317,48.82752],[-119.03299,48.82718],[-119.03312,48.82683],[-119.03299,48.82667],[-119.03353,48.82638],[-119.03436,48.82627],[-119.03491,48.82605],[-119.03505,48.82621],[-119.035,48.82651],[-119.03568,48.82682],[-119.0358,48.82651],[-119.03573,48.82523],[-119.03527,48.82528],[-119.03495,48.82517],[-119.03436,48.82472],[-119.03425,48.82443],[-119.03358,48.82374],[-119.03278,48.82371],[-119.03346,48.82304],[-119.03309,48.8225],[-119.03308,48.82208],[-119.0329,48.82169],[-119.03261,48.82146],[-119.03212,48.8207],[-119.03173,48.82054],[-119.03131,48.81979],[-119.03125,48.81943],[-119.03155,48.81895],[-119.03118,48.81836],[-119.0315,48.8181],[-119.03139,48.81764],[-119.02925,48.81635],[-119.03004,48.81593],[-119.02993,48.81585],[-119.03057,48.8156],[-119.03067,48.8157],[-119.03094,48.81561],[-119.03125,48.81518],[-119.03116,48.81471],[-119.03138,48.81452],[-119.03115,48.81412],[-119.03118,48.81367],[-119.03133,48.8137],[-119.03103,48.81324],[-119.03175,48.81358],[-119.03271,48.81352],[-119.03388,48.8137],[-119.03387,48.8133],[-119.03468,48.81261],[-119.03549,48.81291],[-119.03581,48.81222],[-119.03627,48.8118],[-119.03626,48.81165],[-119.03601,48.81145],[-119.03543,48.81143],[-119.03552,48.81104],[-119.0341,48.81037],[-119.03346,48.81034],[-119.03284,48.81048],[-119.03273,48.81013],[-119.03202,48.80993],[-119.0315,48.81027],[-119.03086,48.80991],[-119.03042,48.81003],[-119.0303,48.80981],[-119.02987,48.8098],[-119.02993,48.80935],[-119.03131,48.80879],[-119.03137,48.80847],[-119.0316,48.8084],[-119.03136,48.80827],[-119.03065,48.80798],[-119.02915,48.80782],[-119.02789,48.80776],[-119.02766,48.80799],[-119.02725,48.80802],[-119.02719,48.80793],[-119.02736,48.80771],[-119.02692,48.80766],[-119.02656,48.80723],[-119.02713,48.80692],[-119.02736,48.80648],[-119.02708,48.80603],[-119.02735,48.80588],[-119.02729,48.80569],[-119.02769,48.80531],[-119.02788,48.80487],[-119.02827,48.80477],[-119.02813,48.80447],[-119.02842,48.80444],[-119.0285,48.80394],[-119.02738,48.80364],[-119.02733,48.80338],[-119.02667,48.80338],[-119.02684,48.80325],[-119.02624,48.8029],[-119.02679,48.80233],[-119.02734,48.80234],[-119.02733,48.80252],[-119.02781,48.80254],[-119.0276,48.80215],[-119.02717,48.80179],[-119.02716,48.80159],[-119.02781,48.80139],[-119.02816,48.80141],[-119.02807,48.80093],[-119.0283,48.80075],[-119.02841,48.80046],[-119.02816,48.79995],[-119.02853,48.79946],[-119.0283,48.79922],[-119.02808,48.79918],[-119.02746,48.79976],[-119.02719,48.79964],[-119.0272,48.79935],[-119.02698,48.79922],[-119.02652,48.79926],[-119.02673,48.79876],[-119.02656,48.79855],[-119.02681,48.79822],[-119.02593,48.79816],[-119.02468,48.79841],[-119.0245,48.79826],[-119.02453,48.79808],[-119.02495,48.79801],[-119.02527,48.79726],[-119.02486,48.79731],[-119.02427,48.79715],[-119.02417,48.79739],[-119.02367,48.7975],[-119.02374,48.79917],[-119.02335,48.79946],[-119.02301,48.79947],[-119.0228,48.79928],[-119.02271,48.79968],[-119.02279,48.79998],[-119.02252,48.80023],[-119.02219,48.80027],[-119.02201,48.80054],[-119.02183,48.80053],[-119.02159,48.80029],[-119.02133,48.80035],[-119.02167,48.8007],[-119.0215,48.80114],[-119.02167,48.80169],[-119.02125,48.80243],[-119.02083,48.80248],[-119.02042,48.80196],[-119.01994,48.80203],[-119.01975,48.80303],[-119.01925,48.80336],[-119.01912,48.80371],[-119.01904,48.80401],[-119.01925,48.80453],[-119.01919,48.80477],[-119.01891,48.80497],[-119.01891,48.80529],[-119.0191,48.80566],[-119.01905,48.80589],[-119.01884,48.80601],[-119.01954,48.80653],[-119.02003,48.80776],[-119.01994,48.80789],[-119.01969,48.80791],[-119.01861,48.8074],[-119.01816,48.80779],[-119.01873,48.80853],[-119.01846,48.80873],[-119.01802,48.80808],[-119.01763,48.80805],[-119.01792,48.80783],[-119.01745,48.80791],[-119.01685,48.80823],[-119.01657,48.80802],[-119.01674,48.80838],[-119.01667,48.80852],[-119.0163,48.80852],[-119.01618,48.80864],[-119.01549,48.80838],[-119.01529,48.80861],[-119.01514,48.80857],[-119.01368,48.80922],[-119.01372,48.80957],[-119.01361,48.80959],[-119.01332,48.80951],[-119.01341,48.80924],[-119.01287,48.80919],[-119.01276,48.80899],[-119.01286,48.80882],[-119.0123,48.80852],[-119.01161,48.8085],[-119.0105,48.80911],[-119.00996,48.80911],[-119.00966,48.80939],[-119.00923,48.80944],[-119.00906,48.80961],[-119.00913,48.80984],[-119.00875,48.8099],[-119.00822,48.81132],[-119.00815,48.81184],[-119.00777,48.81225],[-119.00713,48.81258],[-119.00585,48.81204],[-119.00489,48.81134],[-119.00418,48.81119],[-119.00358,48.81203],[-119.00307,48.81248],[-119.0024,48.81274],[-119.00145,48.81348],[-118.99913,48.81418],[-118.99783,48.81443],[-118.9958,48.81423],[-118.99565,48.81397],[-118.99498,48.81359],[-118.99469,48.81328],[-118.99448,48.81337],[-118.99447,48.81367],[-118.99399,48.81393],[-118.9933,48.81388],[-118.99257,48.81338],[-118.99203,48.81262],[-118.99199,48.81236],[-118.99148,48.81229],[-118.99086,48.81229],[-118.9903,48.81259],[-118.99101,48.81291],[-118.99068,48.81308],[-118.9901,48.81296],[-118.98982,48.81307],[-118.98921,48.81282],[-118.98848,48.81279],[-118.98707,48.813],[-118.98734,48.81332],[-118.98713,48.81351],[-118.98727,48.81364],[-118.98721,48.81401],[-118.98695,48.8141],[-118.98691,48.81459],[-118.98627,48.81491],[-118.98613,48.81489],[-118.98615,48.81444],[-118.98575,48.81459],[-118.98542,48.81504],[-118.98479,48.8154],[-118.98485,48.81593],[-118.9852,48.81603],[-118.98518,48.81612],[-118.98466,48.81644],[-118.98463,48.81674],[-118.98441,48.81683],[-118.98443,48.81711],[-118.98423,48.81716],[-118.98414,48.81691],[-118.98383,48.81699],[-118.98393,48.8173],[-118.9837,48.81728],[-118.98311,48.81782],[-118.98271,48.81714],[-118.98279,48.81688],[-118.98259,48.81695],[-118.98238,48.81753],[-118.98208,48.81766],[-118.98175,48.81753],[-118.98128,48.81708],[-118.98102,48.81729],[-118.98085,48.81719],[-118.98096,48.81706],[-118.98079,48.81701],[-118.9806,48.81717],[-118.97942,48.81685],[-118.97907,48.81701],[-118.97827,48.81688],[-118.97808,48.81661],[-118.97823,48.81649],[-118.97794,48.81636],[-118.97784,48.81695],[-118.97745,48.81689],[-118.97734,48.81677],[-118.97741,48.81631],[-118.9755,48.81578],[-118.97477,48.81581],[-118.97249,48.81552],[-118.97227,48.81528],[-118.97234,48.81498],[-118.97194,48.81463],[-118.97232,48.81415],[-118.97314,48.8142],[-118.97325,48.81399],[-118.97381,48.81396],[-118.97433,48.81372],[-118.97483,48.81375],[-118.9753,48.81342],[-118.97555,48.81258],[-118.97514,48.81229],[-118.97431,48.81216],[-118.97407,48.81195],[-118.97413,48.8118],[-118.97492,48.81149],[-118.97553,48.81106],[-118.97593,48.81113],[-118.97652,48.81069],[-118.97705,48.81053],[-118.97674,48.81009],[-118.97633,48.80996],[-118.97584,48.80999],[-118.97578,48.80975],[-118.976,48.80955],[-118.97545,48.80937],[-118.97551,48.80917],[-118.97579,48.80901],[-118.9764,48.80903],[-118.97675,48.80875],[-118.97619,48.80865],[-118.97583,48.80824],[-118.97588,48.80752],[-118.97556,48.8075],[-118.97541,48.80763],[-118.97526,48.80748],[-118.9758,48.80703],[-118.97647,48.80734],[-118.97684,48.80726],[-118.97697,48.80706],[-118.97642,48.80678],[-118.97674,48.80653],[-118.9767,48.80611],[-118.97624,48.80585],[-118.97638,48.80567],[-118.97616,48.80558],[-118.97463,48.80588],[-118.97444,48.80598],[-118.97447,48.80625],[-118.9735,48.80642],[-118.97265,48.80609],[-118.97251,48.80638],[-118.97171,48.80608],[-118.97185,48.80583],[-118.97156,48.80578],[-118.97149,48.80527],[-118.97125,48.80534],[-118.9712,48.80519],[-118.97096,48.80511],[-118.97127,48.80507],[-118.97223,48.80539],[-118.9716,48.80481],[-118.97192,48.80429],[-118.97051,48.80374],[-118.9701,48.80307],[-118.96965,48.80322],[-118.96914,48.80251],[-118.96838,48.80202],[-118.96847,48.80188],[-118.96915,48.80189],[-118.96952,48.80165],[-118.96906,48.80077],[-118.96915,48.80031],[-118.96884,48.79998],[-118.96894,48.79988],[-118.96886,48.79917],[-118.96918,48.79903],[-118.96933,48.79917],[-118.96968,48.79891],[-118.96961,48.79859],[-118.97022,48.79851],[-118.96961,48.79841],[-118.96945,48.79862],[-118.96915,48.79848],[-118.96955,48.79825],[-118.97131,48.79787],[-118.97173,48.79822],[-118.97176,48.7984],[-118.97235,48.79862],[-118.97242,48.79879],[-118.9731,48.79862],[-118.9732,48.79843],[-118.9731,48.79685],[-118.97222,48.79687],[-118.97239,48.79612],[-118.97224,48.79598],[-118.97212,48.79543],[-118.97179,48.79495],[-118.97061,48.79441],[-118.97166,48.79331],[-118.97195,48.79332],[-118.97202,48.79318],[-118.97254,48.79297],[-118.97266,48.79262],[-118.97307,48.79233],[-118.97283,48.79221],[-118.97332,48.79137],[-118.97368,48.79135],[-118.9738,48.79122],[-118.97379,48.79096],[-118.97422,48.7907],[-118.97423,48.79055],[-118.97384,48.79016],[-118.97547,48.78883],[-118.97659,48.7883],[-118.97683,48.78834],[-118.97734,48.78875],[-118.97761,48.78878],[-118.9787,48.7885],[-118.97884,48.78843],[-118.97946,48.78719],[-118.97975,48.78698],[-118.97985,48.78749],[-118.98013,48.78795],[-118.98036,48.78736],[-118.98121,48.78617],[-118.98202,48.78553],[-118.98221,48.78488],[-118.98277,48.78398],[-118.98343,48.78334],[-118.98381,48.78244],[-118.98385,48.78195],[-118.98427,48.78188],[-118.98573,48.78256],[-118.98632,48.78324],[-118.98599,48.78332],[-118.98616,48.78366],[-118.98689,48.78371],[-118.98702,48.78383],[-118.98716,48.78449],[-118.98693,48.78437],[-118.98656,48.78492],[-118.98637,48.78492],[-118.98638,48.7852],[-118.98622,48.78531],[-118.98621,48.7856],[-118.98639,48.78576],[-118.98641,48.78601],[-118.98636,48.78614],[-118.98612,48.78614],[-118.98605,48.78631],[-118.98617,48.78714],[-118.986,48.78731],[-118.98556,48.78718],[-118.98556,48.78741],[-118.98533,48.7875],[-118.98524,48.78785],[-118.98545,48.7879],[-118.98551,48.78812],[-118.98538,48.7884],[-118.98519,48.78841],[-118.98484,48.7879],[-118.9847,48.78801],[-118.98434,48.78793],[-118.9841,48.78849],[-118.9841,48.78917],[-118.98385,48.78929],[-118.98376,48.78954],[-118.98391,48.78941],[-118.98386,48.78954],[-118.98364,48.78956],[-118.98351,48.78981],[-118.9832,48.78981],[-118.98264,48.7901],[-118.98274,48.79037],[-118.9825,48.79044],[-118.9825,48.7909],[-118.98264,48.79111],[-118.98283,48.79098],[-118.98298,48.79107],[-118.98286,48.79119],[-118.98292,48.79137],[-118.98259,48.79152],[-118.9828,48.79198],[-118.98249,48.79195],[-118.98151,48.79233],[-118.98144,48.79218],[-118.98166,48.7912],[-118.98146,48.79131],[-118.98114,48.79114],[-118.98081,48.79127],[-118.97985,48.79107],[-118.97959,48.79138],[-118.97968,48.79151],[-118.97961,48.79221],[-118.97914,48.79263],[-118.97924,48.79289],[-118.97916,48.79306],[-118.97955,48.7932],[-118.97966,48.79346],[-118.97995,48.79351],[-118.97998,48.79422],[-118.98085,48.79433],[-118.98103,48.79411],[-118.98118,48.79444],[-118.98136,48.79447],[-118.98211,48.79431],[-118.98204,48.79464],[-118.98235,48.79507],[-118.9822,48.79533],[-118.98312,48.79529],[-118.98322,48.79559],[-118.98417,48.79607],[-118.98462,48.79663],[-118.98522,48.79665],[-118.98553,48.79622],[-118.9849,48.79599],[-118.98528,48.79501],[-118.98608,48.79536],[-118.98619,48.79579],[-118.98662,48.79588],[-118.98683,48.79575],[-118.98681,48.79552],[-118.98704,48.79534],[-118.98724,48.79538],[-118.9875,48.79522],[-118.98852,48.7955],[-118.98918,48.79554],[-118.9892,48.79572],[-118.98908,48.79577],[-118.98916,48.79589],[-118.98895,48.79597],[-118.98917,48.7964],[-118.98892,48.79657],[-118.98899,48.79676],[-118.98884,48.79689],[-118.98897,48.79703],[-118.98918,48.797],[-118.98938,48.79737],[-118.98932,48.79757],[-118.98896,48.79795],[-118.98804,48.79824],[-118.98799,48.79839],[-118.98825,48.79842],[-118.98859,48.7987],[-118.98843,48.79889],[-118.98807,48.79888],[-118.98815,48.79905],[-118.98796,48.79892],[-118.98778,48.799],[-118.98766,48.79932],[-118.98808,48.7996],[-118.9884,48.79955],[-118.9885,48.79932],[-118.98912,48.79912],[-118.98951,48.79911],[-118.99024,48.79934],[-118.99066,48.79921],[-118.99093,48.79928],[-118.99068,48.79853],[-118.99045,48.79848],[-118.99081,48.7983],[-118.99094,48.79742],[-118.99092,48.7972],[-118.99072,48.79722],[-118.99063,48.79699],[-118.99085,48.79687],[-118.9906,48.79621],[-118.99077,48.79602],[-118.9907,48.79556],[-118.99085,48.79546],[-118.9907,48.79517],[-118.99135,48.79438],[-118.99109,48.79428],[-118.99097,48.79405],[-118.99151,48.7935],[-118.99201,48.79254],[-118.99185,48.79247],[-118.99134,48.79275],[-118.99122,48.7924],[-118.99098,48.79234],[-118.99088,48.7921],[-118.99044,48.7919],[-118.98991,48.79195],[-118.9897,48.79182],[-118.98945,48.79195],[-118.98927,48.79226],[-118.98864,48.79248],[-118.98833,48.79315],[-118.9875,48.79331],[-118.98735,48.7938],[-118.98711,48.79389],[-118.98702,48.79359],[-118.98647,48.79377],[-118.98672,48.79348],[-118.98709,48.79332],[-118.98698,48.79315],[-118.98703,48.79295],[-118.98659,48.7928],[-118.98649,48.7925],[-118.98608,48.79261],[-118.98556,48.79236],[-118.98536,48.79212],[-118.98521,48.79222],[-118.98497,48.7921],[-118.98466,48.79214],[-118.98436,48.792],[-118.98431,48.79173],[-118.98468,48.79143],[-118.98486,48.79151],[-118.98529,48.79142],[-118.98529,48.79065],[-118.98558,48.78989],[-118.98587,48.78955],[-118.98643,48.78944],[-118.98662,48.78957],[-118.98714,48.78951],[-118.98782,48.78893],[-118.98835,48.78901],[-118.98858,48.78883],[-118.98872,48.78838],[-118.98851,48.78821],[-118.98821,48.78751],[-118.98788,48.78729],[-118.98785,48.7867],[-118.98804,48.78616],[-118.98855,48.78576],[-118.98896,48.78584],[-118.98909,48.78639],[-118.98939,48.78647],[-118.9895,48.78664],[-118.98968,48.78742],[-118.9902,48.78773],[-118.99157,48.78774],[-118.99174,48.78758],[-118.99202,48.78765],[-118.99218,48.78785],[-118.99306,48.78787],[-118.99312,48.78802],[-118.9929,48.78822],[-118.99277,48.78869],[-118.99282,48.78899],[-118.99305,48.78923],[-118.9926,48.78922],[-118.99251,48.78948],[-118.99265,48.79],[-118.99178,48.79046],[-118.99171,48.79072],[-118.9922,48.79077],[-118.99279,48.79106],[-118.99306,48.79073],[-118.99353,48.79048],[-118.99365,48.79009],[-118.99385,48.79005],[-118.9939,48.78955],[-118.99431,48.78937],[-118.99445,48.78916],[-118.99437,48.78894],[-118.9947,48.78814],[-118.99509,48.78792],[-118.9952,48.78816],[-118.99567,48.78846],[-118.99553,48.7888],[-118.99573,48.78908],[-118.99612,48.78912],[-118.99631,48.78993],[-118.99625,48.7908],[-118.99752,48.79008],[-118.99799,48.79013],[-118.99734,48.78879],[-118.99713,48.78788],[-118.99718,48.78678],[-118.99561,48.78528],[-118.99582,48.78423],[-118.99727,48.78443],[-118.99753,48.78458],[-118.99789,48.78512],[-118.999,48.78561],[-118.99868,48.7859],[-118.99794,48.78607],[-118.99853,48.78686],[-118.99917,48.78679],[-118.99942,48.78661],[-118.99948,48.78639],[-118.99965,48.78636],[-119.00012,48.78676],[-119.00129,48.78733],[-119.00136,48.78711],[-119.00163,48.78698],[-119.00162,48.78657],[-119.00133,48.78629],[-119.00151,48.78611],[-119.00151,48.78585],[-119.00092,48.7852],[-119.00046,48.7852],[-119.00035,48.78549],[-119.00048,48.78574],[-119.00017,48.78573],[-118.99989,48.78543],[-118.99912,48.78535],[-118.99897,48.78507],[-118.99879,48.78505],[-118.99872,48.78482],[-118.99895,48.78497],[-118.99926,48.78489],[-118.99912,48.78467],[-118.99873,48.78452],[-118.99851,48.78469],[-118.99803,48.78456],[-118.99757,48.78437],[-118.99771,48.78431],[-118.99761,48.78408],[-118.99656,48.78373],[-118.99516,48.78355],[-118.99513,48.78389],[-118.99462,48.78387],[-118.99422,48.78363],[-118.99392,48.78301],[-118.99323,48.78293],[-118.99345,48.78272],[-118.99399,48.7827],[-118.99252,48.78203],[-118.99373,48.78077],[-118.99377,48.78045],[-118.9942,48.78029],[-118.99427,48.78007],[-118.99513,48.78053],[-118.99495,48.78078],[-118.99518,48.78096],[-118.99469,48.78093],[-118.99456,48.78149],[-118.99513,48.78178],[-118.99497,48.78221],[-118.99521,48.78243],[-118.99523,48.78265],[-118.99541,48.7827],[-118.99555,48.78238],[-118.99573,48.7826],[-118.99566,48.78276],[-118.99588,48.78281],[-118.99576,48.7829],[-118.99584,48.78297],[-118.99716,48.78334],[-118.99717,48.78345],[-118.99756,48.78363],[-118.99863,48.78344],[-118.99885,48.7835],[-118.999,48.78319],[-118.99937,48.78297],[-118.9991,48.78274],[-118.99888,48.78286],[-118.99841,48.78262],[-118.99843,48.78272],[-118.99822,48.78272],[-118.99812,48.7826],[-118.9983,48.7824],[-118.9994,48.78249],[-118.99965,48.78225],[-118.99947,48.78194],[-118.99862,48.78192],[-118.99754,48.78096],[-118.99706,48.78109],[-118.99659,48.78071],[-118.99672,48.78046],[-118.99648,48.78019],[-118.99673,48.77994],[-118.99632,48.77973],[-118.99667,48.77968],[-118.997,48.7794],[-118.99664,48.77897],[-118.99703,48.77838],[-118.99676,48.77819],[-118.9968,48.77797],[-118.99666,48.7779],[-118.99704,48.77751],[-118.9972,48.77715],[-118.99671,48.77673],[-118.99907,48.77711],[-118.99956,48.77732],[-119.00024,48.77724],[-119.0013,48.77772],[-119.00182,48.77789],[-119.00198,48.77783],[-119.00212,48.77801],[-119.00302,48.77812],[-119.00311,48.77831],[-119.00338,48.77826],[-119.00352,48.77848],[-119.00408,48.7788],[-119.00446,48.77877],[-119.00514,48.77908],[-119.00527,48.77978],[-119.00696,48.7797],[-119.007,48.78009],[-119.00749,48.78023],[-119.0085,48.77979],[-119.00868,48.7796],[-119.009,48.77739],[-119.00832,48.7771],[-119.0081,48.77681],[-119.00734,48.77712],[-119.00724,48.77654],[-119.00647,48.77577],[-119.00711,48.77495],[-119.00726,48.77451],[-119.00713,48.77428],[-119.00643,48.77415],[-119.0063,48.774],[-119.00667,48.77343],[-119.00685,48.77347],[-119.00698,48.77333],[-119.0075,48.77346],[-119.00783,48.77281],[-119.00753,48.77266],[-119.00765,48.77228],[-119.00743,48.77225],[-119.00763,48.77184],[-119.00727,48.77164],[-119.00712,48.77173],[-119.00686,48.77146],[-119.00633,48.7713],[-119.00642,48.77129],[-119.00623,48.77081],[-119.00652,48.77052],[-119.0065,48.77028],[-119.00636,48.7702],[-119.00655,48.77003],[-119.00621,48.76954],[-119.00533,48.76934],[-119.00544,48.76918],[-119.00709,48.76862],[-119.00913,48.76824],[-119.00946,48.76859],[-119.00975,48.76842],[-119.01011,48.76896],[-119.01056,48.76876],[-119.01113,48.76883],[-119.01067,48.76847],[-119.01071,48.76825],[-119.01055,48.76817],[-119.01041,48.76775],[-119.01024,48.76758],[-119.00997,48.76755],[-119.00992,48.76731],[-119.01048,48.76682],[-119.01094,48.76669],[-119.01091,48.76635],[-119.01067,48.76617],[-119.01023,48.76611],[-119.00939,48.76544],[-119.00901,48.76552],[-119.00841,48.76494],[-119.00837,48.76407],[-119.00876,48.76392],[-119.00963,48.76393],[-119.0117,48.76346],[-119.01541,48.76464],[-119.01804,48.76452],[-119.01814,48.76398],[-119.02355,48.76385],[-119.02456,48.76357],[-119.0247,48.76366],[-119.02552,48.76321],[-119.02625,48.76314],[-119.02666,48.76344],[-119.02699,48.76313],[-119.02698,48.76265],[-119.02735,48.76224],[-119.02778,48.76236],[-119.02769,48.76266],[-119.02853,48.7626],[-119.02905,48.76281],[-119.02922,48.76346],[-119.02948,48.76393],[-119.02972,48.76408],[-119.03067,48.76364],[-119.03182,48.76345],[-119.03256,48.76359],[-119.03268,48.76346],[-119.03292,48.76304],[-119.03303,48.76191],[-119.03201,48.76126],[-119.03305,48.76034],[-119.03403,48.76016],[-119.03523,48.76035],[-119.0355,48.76019],[-119.03573,48.76023],[-119.03589,48.76113],[-119.03612,48.76121],[-119.03616,48.76172],[-119.03671,48.76182],[-119.03652,48.7624],[-119.03719,48.7637],[-119.03679,48.76465],[-119.03695,48.76499],[-119.03636,48.7653],[-119.03644,48.76627],[-119.03583,48.76665],[-119.03668,48.76691],[-119.03703,48.7668],[-119.03724,48.76697],[-119.03812,48.76691],[-119.03828,48.76784],[-119.03884,48.76853],[-119.03863,48.76884],[-119.0388,48.76957],[-119.03859,48.76987],[-119.03908,48.77003],[-119.03897,48.77051],[-119.03767,48.77164],[-119.03626,48.77369],[-119.03561,48.77435],[-119.0351,48.77464],[-119.03511,48.77487],[-119.03545,48.77501],[-119.03688,48.77491],[-119.03701,48.77542],[-119.03733,48.77551],[-119.03961,48.77574],[-119.0399,48.77559],[-119.0407,48.7755],[-119.04085,48.77556],[-119.04073,48.77579],[-119.04081,48.77612],[-119.04098,48.77633],[-119.04147,48.77655],[-119.04118,48.77696],[-119.04048,48.7772],[-119.03994,48.77761],[-119.04005,48.77792],[-119.03964,48.77821],[-119.03986,48.77844],[-119.03967,48.77909],[-119.03978,48.77942],[-119.03961,48.77974],[-119.03979,48.77998],[-119.03964,48.78019],[-119.03921,48.78019],[-119.0392,48.78049],[-119.03897,48.78073],[-119.03933,48.78101],[-119.03937,48.78126],[-119.03969,48.78139],[-119.03974,48.78161],[-119.04028,48.78159],[-119.04034,48.78182],[-119.0406,48.78187],[-119.04055,48.78202],[-119.03994,48.78248],[-119.03971,48.78245],[-119.03938,48.78315],[-119.03887,48.78287],[-119.03866,48.78312],[-119.03843,48.78303],[-119.03823,48.78324],[-119.03795,48.78313],[-119.03767,48.7832],[-119.03749,48.78342],[-119.0376,48.78364],[-119.03733,48.78402],[-119.03741,48.78417],[-119.03798,48.78404],[-119.03815,48.78439],[-119.0379,48.78454],[-119.03776,48.78506],[-119.03714,48.78525],[-119.03688,48.78521],[-119.03617,48.7858],[-119.03608,48.78613],[-119.03553,48.78654],[-119.03613,48.78637],[-119.03645,48.78642],[-119.03649,48.78666],[-119.03632,48.78683],[-119.03674,48.78682],[-119.03692,48.78695],[-119.03673,48.78732],[-119.03649,48.78738],[-119.03589,48.78717],[-119.03562,48.78758],[-119.03577,48.78783],[-119.03587,48.78901],[-119.03607,48.7891],[-119.03596,48.78939],[-119.03601,48.78973],[-119.03622,48.78999],[-119.03669,48.79013],[-119.03716,48.79052],[-119.03766,48.79063],[-119.03727,48.79117],[-119.03781,48.79179],[-119.03809,48.7918],[-119.03841,48.79143],[-119.03896,48.7912],[-119.03958,48.79134],[-119.03944,48.79164],[-119.03973,48.79183],[-119.03958,48.79197],[-119.04012,48.79206],[-119.04058,48.79245],[-119.04081,48.79366],[-119.04073,48.79411],[-119.03996,48.79525],[-119.03935,48.79529],[-119.03749,48.79607],[-119.03757,48.79636],[-119.03808,48.79667],[-119.03798,48.79684],[-119.03823,48.79706],[-119.03801,48.79738],[-119.03801,48.79761],[-119.0375,48.79798],[-119.03744,48.79836],[-119.03833,48.79848],[-119.03856,48.79878],[-119.04012,48.79872],[-119.04074,48.79854],[-119.04095,48.79872],[-119.0415,48.79875],[-119.04214,48.7985],[-119.04264,48.79852],[-119.04242,48.79841],[-119.04266,48.79827],[-119.04292,48.79829],[-119.04386,48.79895],[-119.04436,48.79887],[-119.04483,48.79858],[-119.04577,48.79886],[-119.04606,48.79879],[-119.04606,48.79916],[-119.04685,48.79958],[-119.04681,48.79982],[-119.04705,48.79997],[-119.04694,48.80006],[-119.04705,48.80027],[-119.04698,48.80044],[-119.0471,48.80047],[-119.04686,48.80073],[-119.04733,48.80115],[-119.04668,48.80147],[-119.047,48.8016],[-119.04699,48.80189],[-119.04567,48.80208],[-119.04493,48.8032],[-119.04449,48.80359],[-119.0433,48.80425],[-119.04297,48.80469],[-119.0425,48.80504],[-119.04182,48.80521],[-119.04094,48.80564],[-119.04062,48.80618],[-119.03826,48.80659],[-119.03865,48.807],[-119.03865,48.80723],[-119.03809,48.80801],[-119.03717,48.80787],[-119.037,48.80816],[-119.03619,48.8085],[-119.03603,48.80893],[-119.03565,48.80914],[-119.03582,48.8093],[-119.03684,48.80931],[-119.03687,48.80909],[-119.03719,48.80887],[-119.03876,48.80889],[-119.03965,48.80854],[-119.04011,48.80849],[-119.04057,48.80865],[-119.04085,48.80859],[-119.04076,48.8097],[-119.04146,48.80979],[-119.04195,48.8094],[-119.04242,48.80948],[-119.04277,48.8092],[-119.04314,48.80918],[-119.04429,48.80953],[-119.04449,48.80974],[-119.04435,48.81005],[-119.04408,48.8102],[-119.04413,48.8103],[-119.04359,48.81051],[-119.04343,48.81046],[-119.04329,48.81102],[-119.0416,48.81141],[-119.0391,48.81231],[-119.0376,48.81359],[-119.03762,48.81435],[-119.03878,48.81396],[-119.03994,48.81402],[-119.04139,48.81303],[-119.04152,48.8128],[-119.04239,48.81323],[-119.04375,48.8132],[-119.04357,48.81298],[-119.04376,48.81248],[-119.04409,48.81239],[-119.04372,48.81202],[-119.04441,48.81221],[-119.04446,48.81177],[-119.04478,48.81138],[-119.04531,48.8111],[-119.04558,48.81069],[-119.04585,48.81098],[-119.04614,48.81108],[-119.04627,48.81086],[-119.04661,48.81085],[-119.0467,48.81107],[-119.0479,48.81154],[-119.04826,48.81092],[-119.04849,48.81004],[-119.04806,48.80947],[-119.04906,48.80933],[-119.0498,48.80887],[-119.04958,48.80797],[-119.04977,48.80754],[-119.04953,48.80738],[-119.0493,48.80686],[-119.0517,48.80563],[-119.05232,48.80553],[-119.05331,48.80403],[-119.05402,48.80335],[-119.05399,48.80302],[-119.05444,48.80218],[-119.05503,48.80177],[-119.0551,48.80137],[-119.05589,48.80122],[-119.05664,48.80009],[-119.05735,48.79985],[-119.05835,48.79978],[-119.05979,48.79843],[-119.06046,48.79761],[-119.06211,48.79633],[-119.06236,48.79503],[-119.06228,48.79406],[-119.06255,48.79291],[-119.06225,48.79264],[-119.06251,48.79226],[-119.06254,48.7917],[-119.0627,48.7914],[-119.06209,48.78997],[-119.06158,48.78922],[-119.06142,48.7885],[-119.06147,48.78756],[-119.06116,48.78679],[-119.06035,48.78589],[-119.05867,48.7845],[-119.05892,48.78304],[-119.05883,48.78285],[-119.05913,48.78255],[-119.0596,48.78137],[-119.05923,48.78109],[-119.05944,48.78077],[-119.05984,48.78061],[-119.05916,48.77968],[-119.05874,48.77879],[-119.05837,48.77885],[-119.05829,48.77922],[-119.05767,48.77952],[-119.05733,48.77953],[-119.05709,48.77977],[-119.05722,48.77991],[-119.05713,48.78033],[-119.05626,48.78077],[-119.05622,48.78149],[-119.05592,48.78139],[-119.05535,48.78145],[-119.05512,48.78192],[-119.05497,48.78188],[-119.05421,48.78232],[-119.05377,48.78225],[-119.05354,48.78203],[-119.05363,48.78154],[-119.05354,48.78146],[-119.0538,48.78114],[-119.05355,48.78081],[-119.05322,48.78094],[-119.05322,48.78056],[-119.05289,48.78079],[-119.05295,48.78096],[-119.05249,48.78099],[-119.05215,48.78121],[-119.05199,48.78112],[-119.05181,48.78136],[-119.05154,48.78144],[-119.05114,48.78134],[-119.05124,48.781],[-119.05107,48.7808],[-119.05076,48.78082],[-119.05063,48.78107],[-119.05053,48.78089],[-119.05076,48.78054],[-119.05125,48.78061],[-119.05141,48.78023],[-119.05082,48.78016],[-119.05065,48.77994],[-119.05079,48.77969],[-119.05147,48.77959],[-119.05138,48.77909],[-119.05155,48.77886],[-119.05202,48.77882],[-119.05201,48.77868],[-119.05258,48.77855],[-119.05283,48.77867],[-119.05274,48.77882],[-119.05286,48.77898],[-119.05325,48.77909],[-119.05332,48.77926],[-119.05353,48.77931],[-119.05367,48.77914],[-119.0542,48.7794],[-119.05418,48.77882],[-119.05444,48.77839],[-119.05437,48.77786],[-119.05367,48.7778],[-119.05373,48.77723],[-119.05346,48.77686],[-119.0534,48.77638],[-119.05372,48.77591],[-119.05384,48.77528],[-119.05417,48.77475],[-119.05409,48.77409],[-119.05419,48.77342],[-119.05388,48.77312],[-119.05391,48.77266],[-119.05369,48.77239],[-119.05386,48.77214],[-119.05472,48.77197],[-119.0549,48.77137],[-119.05306,48.77123],[-119.05272,48.77102],[-119.05315,48.77062],[-119.05395,48.77092],[-119.0544,48.77078],[-119.05461,48.77087],[-119.05487,48.7708],[-119.05507,48.77058],[-119.05481,48.77],[-119.05495,48.76963],[-119.05473,48.76916],[-119.05444,48.76916],[-119.05408,48.76945],[-119.05328,48.76898],[-119.05326,48.76869],[-119.05354,48.7687],[-119.0534,48.76837],[-119.05347,48.76804],[-119.05333,48.76792],[-119.05343,48.76775],[-119.0529,48.76711],[-119.05298,48.76687],[-119.05274,48.76638],[-119.05292,48.76627],[-119.05257,48.76621],[-119.05255,48.76606],[-119.05294,48.76605],[-119.05297,48.76541],[-119.05338,48.76567],[-119.05404,48.76529],[-119.05389,48.76513],[-119.05319,48.76517],[-119.05342,48.76505],[-119.05341,48.76474],[-119.05282,48.76412],[-119.053,48.764],[-119.05322,48.76335],[-119.05388,48.76302],[-119.05399,48.7627],[-119.05386,48.76236],[-119.05405,48.76125],[-119.05454,48.76105],[-119.05474,48.76131],[-119.05516,48.76113],[-119.05541,48.76117],[-119.05565,48.76088],[-119.05637,48.76047],[-119.05641,48.7597],[-119.0561,48.7597],[-119.05609,48.75956],[-119.05607,48.75655],[-119.05646,48.75612],[-119.05613,48.75583],[-119.05605,48.75268],[-119.05627,48.75159],[-119.05607,48.7508],[-119.05587,48.74258],[-119.05643,48.74162],[-119.05919,48.74143],[-119.06044,48.74171],[-119.06065,48.74155],[-119.06065,48.74125],[-119.0601,48.74058],[-119.05988,48.74006],[-119.05995,48.73942],[-119.05964,48.73888],[-119.05962,48.73848],[-119.05978,48.73832],[-119.05963,48.73806],[-119.06027,48.73758],[-119.06052,48.7372],[-119.06058,48.73646],[-119.0612,48.73597],[-119.06122,48.73514],[-119.06141,48.73471],[-119.0614,48.73377],[-119.06129,48.73363],[-119.06056,48.73358],[-119.05749,48.73367],[-119.05729,48.73329],[-119.05762,48.73288],[-119.0581,48.73125],[-119.05849,48.73062],[-119.05845,48.72983],[-119.05918,48.72966],[-119.05942,48.72988],[-119.06054,48.72991],[-119.06062,48.72892],[-119.05957,48.7289],[-119.05884,48.72855],[-119.05968,48.72729],[-119.06093,48.72627],[-119.06606,48.72626],[-119.06625,48.72592],[-119.06656,48.72587],[-119.0667,48.72553],[-119.06736,48.72523],[-119.06913,48.72394],[-119.0715,48.72353],[-119.07187,48.72378],[-119.07172,48.72404],[-119.07186,48.72418],[-119.0716,48.72465],[-119.07217,48.72482],[-119.07379,48.72597],[-119.07406,48.72626],[-119.07406,48.72645],[-119.07442,48.7267],[-119.07419,48.72738],[-119.07371,48.72815],[-119.07395,48.72872],[-119.07373,48.72977],[-119.07378,48.73004],[-119.07394,48.73031],[-119.07441,48.73046],[-119.07337,48.73077],[-119.07227,48.73142],[-119.07221,48.73193],[-119.07144,48.7331],[-119.07026,48.73563],[-119.06922,48.73708],[-119.06941,48.73778],[-119.06857,48.73778],[-119.06841,48.73889],[-119.06806,48.73907],[-119.06793,48.73932],[-119.068,48.7396],[-119.06846,48.73991],[-119.06861,48.74059],[-119.06933,48.74049],[-119.06969,48.74126],[-119.06956,48.74231],[-119.06965,48.7434],[-119.07042,48.74401],[-119.07111,48.74431],[-119.07112,48.74447],[-119.07173,48.74511],[-119.07185,48.74555],[-119.07126,48.7458],[-119.07111,48.74606],[-119.07195,48.74744],[-119.07242,48.74712],[-119.0735,48.74723],[-119.07397,48.7468],[-119.0743,48.74683],[-119.07466,48.74654],[-119.07582,48.7465],[-119.0762,48.74594],[-119.07607,48.74566],[-119.07631,48.74549],[-119.07577,48.74533],[-119.07563,48.74517],[-119.07598,48.74451],[-119.07585,48.74433],[-119.07674,48.74406],[-119.07684,48.74386],[-119.07664,48.74358],[-119.07585,48.74355],[-119.07565,48.74335],[-119.07651,48.74332],[-119.07676,48.74318],[-119.07764,48.74214],[-119.07758,48.7419],[-119.07772,48.74168],[-119.07844,48.74157],[-119.07847,48.74128],[-119.07877,48.74128],[-119.07923,48.74152],[-119.08011,48.74136],[-119.08055,48.74096],[-119.08058,48.74078],[-119.08102,48.74058],[-119.08151,48.73993],[-119.083,48.73945],[-119.0834,48.73909],[-119.08307,48.73884],[-119.08306,48.73848],[-119.0828,48.73838],[-119.08289,48.73801],[-119.08277,48.73772],[-119.08315,48.73757],[-119.08316,48.73745],[-119.08357,48.7372],[-119.08349,48.73717],[-119.08373,48.73709],[-119.08385,48.73675],[-119.08425,48.73638],[-119.08702,48.7351],[-119.08751,48.73465],[-119.08756,48.73423],[-119.08792,48.73419],[-119.0886,48.7333],[-119.08856,48.73314],[-119.08936,48.73279],[-119.09029,48.73183],[-119.09157,48.73146],[-119.09273,48.73166],[-119.09343,48.73106],[-119.09401,48.73079],[-119.0942,48.73035],[-119.09474,48.73031],[-119.09517,48.73002],[-119.09636,48.73002],[-119.09659,48.72983],[-119.09709,48.73005],[-119.09746,48.73001],[-119.09755,48.72976],[-119.09786,48.72962],[-119.09796,48.72922],[-119.09867,48.72895],[-119.09969,48.72903],[-119.09973,48.72884],[-119.09991,48.72878],[-119.10015,48.72893],[-119.10052,48.72874],[-119.1009,48.72877],[-119.10109,48.7286],[-119.10162,48.72865],[-119.10173,48.72819],[-119.10074,48.72817],[-119.10055,48.72804],[-119.10045,48.72766],[-119.10089,48.7274],[-119.10104,48.72705],[-119.10187,48.72664],[-119.10171,48.72594],[-119.10219,48.72584],[-119.1023,48.72557],[-119.10218,48.72538],[-119.10262,48.72497],[-119.10321,48.7247],[-119.10368,48.72393],[-119.10516,48.72338],[-119.10637,48.7239],[-119.10831,48.72426],[-119.10945,48.72383],[-119.11118,48.72289],[-119.11299,48.72285],[-119.11304,48.72342],[-119.11345,48.72352],[-119.11396,48.72323],[-119.11381,48.7228],[-119.11529,48.7227],[-119.11582,48.72249],[-119.11777,48.72225],[-119.11803,48.72244],[-119.11809,48.72288],[-119.1194,48.72322],[-119.11985,48.72411],[-119.11988,48.72446],[-119.11963,48.72494],[-119.11869,48.725],[-119.11818,48.72554],[-119.11829,48.72572],[-119.11967,48.72646],[-119.11954,48.72669],[-119.11963,48.72677],[-119.12146,48.7277],[-119.12237,48.72842],[-119.12541,48.72825],[-119.12632,48.729],[-119.12697,48.72918],[-119.1285,48.73024],[-119.12982,48.73065],[-119.13059,48.73143],[-119.13131,48.73149],[-119.13193,48.73174],[-119.13223,48.73245],[-119.13294,48.73278],[-119.13237,48.73356],[-119.13256,48.73375],[-119.13321,48.73378],[-119.13366,48.73412],[-119.13398,48.73419],[-119.13432,48.73454],[-119.13456,48.73437],[-119.13487,48.73441],[-119.13508,48.73459],[-119.13512,48.73503],[-119.13595,48.73475],[-119.13636,48.73503],[-119.13667,48.73545],[-119.1368,48.73542],[-119.13677,48.73527],[-119.13803,48.73602],[-119.13786,48.73668],[-119.13813,48.73755],[-119.13803,48.73799],[-119.13812,48.73833],[-119.13785,48.73911],[-119.13742,48.73961],[-119.1376,48.7397],[-119.13763,48.74002],[-119.13821,48.74025],[-119.13919,48.741],[-119.13945,48.7405],[-119.14058,48.73972],[-119.14085,48.73809],[-119.14104,48.73803],[-119.14145,48.73755],[-119.14126,48.73737],[-119.14148,48.73721],[-119.14154,48.73677],[-119.14343,48.7364],[-119.14365,48.73623],[-119.14406,48.73657],[-119.14356,48.73717],[-119.14373,48.73765],[-119.14341,48.73792],[-119.14358,48.73803],[-119.14419,48.73795],[-119.14417,48.73827],[-119.14487,48.73794],[-119.14546,48.73838],[-119.1461,48.73797],[-119.14713,48.73807],[-119.14704,48.73833],[-119.1472,48.73846],[-119.14768,48.73857],[-119.14834,48.73853],[-119.14851,48.73877],[-119.14914,48.73908],[-119.14904,48.73884],[-119.14917,48.7386],[-119.14967,48.73864],[-119.15003,48.73899],[-119.15024,48.73894],[-119.15044,48.73855],[-119.15119,48.73785],[-119.15164,48.73788],[-119.15248,48.73756],[-119.15263,48.73782],[-119.15346,48.73739],[-119.15403,48.73725],[-119.15414,48.73697],[-119.15373,48.73649],[-119.15382,48.73605],[-119.15421,48.73594],[-119.15432,48.73537],[-119.15415,48.73511],[-119.15427,48.735],[-119.15502,48.73501],[-119.15542,48.73534],[-119.15625,48.73495],[-119.15651,48.73457],[-119.15685,48.73442],[-119.1576,48.73462],[-119.15829,48.73429],[-119.1587,48.73425],[-119.15918,48.73486],[-119.15959,48.73492],[-119.16033,48.73444],[-119.16114,48.73463],[-119.16132,48.73487],[-119.16118,48.73513],[-119.16146,48.73535],[-119.1614,48.73575],[-119.16153,48.73586],[-119.16154,48.73614],[-119.16217,48.73671],[-119.16212,48.73685],[-119.16338,48.73707],[-119.16337,48.73685],[-119.16306,48.73658],[-119.1632,48.73652],[-119.16353,48.73679],[-119.16442,48.737],[-119.16453,48.73711],[-119.16434,48.73719],[-119.16431,48.73748],[-119.16496,48.7379],[-119.16506,48.73816],[-119.1658,48.7384],[-119.16623,48.73839],[-119.16684,48.73892],[-119.16689,48.73923],[-119.16766,48.74006],[-119.16818,48.74023],[-119.16841,48.7405],[-119.16816,48.74091],[-119.16823,48.74136],[-119.16794,48.74155],[-119.16791,48.7417],[-119.16885,48.74312],[-119.16816,48.74359],[-119.1682,48.74403],[-119.16842,48.74393],[-119.16843,48.74438],[-119.16828,48.74479],[-119.1684,48.74523],[-119.16827,48.74569],[-119.16856,48.74603],[-119.16859,48.74635],[-119.16993,48.74877],[-119.16957,48.74962],[-119.16941,48.75129],[-119.16816,48.75135],[-119.16739,48.75105],[-119.16655,48.75099],[-119.16633,48.75155],[-119.16675,48.75159],[-119.16714,48.75192],[-119.16727,48.75249],[-119.16629,48.75395],[-119.16739,48.75482],[-119.16803,48.75496],[-119.16806,48.75509],[-119.1685,48.75513],[-119.16889,48.75469],[-119.16917,48.75504],[-119.16938,48.75504],[-119.16979,48.75482],[-119.16965,48.75471],[-119.16987,48.75446],[-119.1703,48.75445],[-119.17068,48.75459],[-119.17056,48.75498],[-119.17072,48.75541],[-119.17171,48.75537],[-119.1721,48.75547],[-119.17209,48.75604],[-119.17148,48.75659],[-119.17153,48.75673],[-119.17209,48.75697],[-119.1723,48.75772],[-119.17212,48.75815],[-119.1719,48.75822],[-119.17131,48.75885],[-119.17086,48.75886],[-119.17116,48.75969],[-119.17104,48.76014],[-119.17095,48.76028],[-119.16979,48.76065],[-119.16937,48.76065],[-119.16909,48.76085],[-119.16897,48.76112],[-119.16907,48.76151],[-119.17037,48.7625],[-119.17122,48.76254],[-119.17149,48.7623],[-119.17145,48.762],[-119.17212,48.76203],[-119.1724,48.76163],[-119.17285,48.76158],[-119.17356,48.76124],[-119.17295,48.76104],[-119.17291,48.76089],[-119.17471,48.75899],[-119.17476,48.75882],[-119.17409,48.75817],[-119.1743,48.7577],[-119.17488,48.75743],[-119.17557,48.75742],[-119.1765,48.75782],[-119.17557,48.75653],[-119.17551,48.75592],[-119.17566,48.75582],[-119.17719,48.75602],[-119.17776,48.7555],[-119.17798,48.75547],[-119.17854,48.75572],[-119.17813,48.75643],[-119.17871,48.75624],[-119.17915,48.75641],[-119.17928,48.75631],[-119.17899,48.75602],[-119.17919,48.75552],[-119.17912,48.75524],[-119.17948,48.75543],[-119.17914,48.75587],[-119.17974,48.75596],[-119.18015,48.75633],[-119.18052,48.75625],[-119.18075,48.75646],[-119.18056,48.7565],[-119.18064,48.75656],[-119.18187,48.75664],[-119.18239,48.75638],[-119.1826,48.75611],[-119.18336,48.75638],[-119.18396,48.75629],[-119.18428,48.7561],[-119.18459,48.75628],[-119.18495,48.75701],[-119.18473,48.7576],[-119.1845,48.7576],[-119.18447,48.75749],[-119.1843,48.75768],[-119.18414,48.75752],[-119.18431,48.7573],[-119.18399,48.75706],[-119.18416,48.75689],[-119.18412,48.75672],[-119.18256,48.75638],[-119.1819,48.7568],[-119.18094,48.75682],[-119.18083,48.75704],[-119.18141,48.75694],[-119.18191,48.75726],[-119.18226,48.75767],[-119.18244,48.75811],[-119.18204,48.75904],[-119.18214,48.7595],[-119.18257,48.75988],[-119.18286,48.76041],[-119.18304,48.76046],[-119.18293,48.76082],[-119.18299,48.76126],[-119.18414,48.76183],[-119.18457,48.7622],[-119.18482,48.76265],[-119.18487,48.76357],[-119.18512,48.76403],[-119.18553,48.76439],[-119.18618,48.76459],[-119.1862,48.76509],[-119.18643,48.76512],[-119.18677,48.76494],[-119.18657,48.76527],[-119.18677,48.76534],[-119.18686,48.76574],[-119.18649,48.76582],[-119.18506,48.76705],[-119.18526,48.76712],[-119.18522,48.7673],[-119.18545,48.7674],[-119.18528,48.76752],[-119.1854,48.76764],[-119.18526,48.76772],[-119.18541,48.7678],[-119.18529,48.76801],[-119.18456,48.76807],[-119.18348,48.7688],[-119.18318,48.76974],[-119.18373,48.77087],[-119.1833,48.77096],[-119.18332,48.77062],[-119.18296,48.77051],[-119.18273,48.77005],[-119.18286,48.76985],[-119.18277,48.76968],[-119.18234,48.76991],[-119.18199,48.76984],[-119.18186,48.76997],[-119.1823,48.77023],[-119.18207,48.7705],[-119.18218,48.77059],[-119.18211,48.77104],[-119.18162,48.77105],[-119.1816,48.77121],[-119.18137,48.77138],[-119.18118,48.77099],[-119.18102,48.77093],[-119.181,48.77104],[-119.18085,48.77087],[-119.18024,48.77095],[-119.1801,48.77108],[-119.1795,48.77083],[-119.17935,48.77062],[-119.17953,48.77042],[-119.17938,48.77037],[-119.17909,48.7707],[-119.17972,48.77101],[-119.17982,48.77121],[-119.17975,48.77132],[-119.17994,48.77126],[-119.17995,48.77112],[-119.18009,48.77117],[-119.18012,48.77143],[-119.18052,48.7713],[-119.18131,48.7716],[-119.18105,48.77196],[-119.18071,48.77202],[-119.18047,48.77185],[-119.1804,48.77217],[-119.18095,48.7722],[-119.18065,48.77243],[-119.17982,48.77253],[-119.1797,48.77302],[-119.17889,48.77322],[-119.17862,48.77316],[-119.17841,48.77327],[-119.17843,48.77353],[-119.17824,48.77346],[-119.17768,48.77368],[-119.17766,48.77396],[-119.17712,48.77394],[-119.177,48.77416],[-119.17666,48.77411],[-119.17668,48.77393],[-119.1764,48.77386],[-119.17677,48.77376],[-119.17688,48.77352],[-119.17631,48.77346],[-119.17594,48.7735],[-119.17609,48.77359],[-119.17565,48.77378],[-119.17549,48.77369],[-119.17561,48.77352],[-119.17482,48.77349],[-119.17486,48.77382],[-119.17457,48.77382],[-119.17462,48.77402],[-119.17402,48.77423],[-119.17378,48.77422],[-119.17364,48.77404],[-119.17364,48.77391],[-119.17397,48.77398],[-119.17391,48.7739],[-119.17361,48.77382],[-119.17337,48.77398],[-119.17303,48.77389],[-119.17356,48.77442],[-119.1735,48.77478],[-119.17306,48.77486],[-119.17322,48.77497],[-119.17186,48.77604],[-119.16966,48.77685],[-119.16962,48.77712],[-119.16889,48.77731],[-119.16844,48.77718],[-119.16774,48.77744],[-119.1683,48.77732],[-119.16885,48.7775],[-119.17051,48.77755],[-119.17041,48.77717],[-119.17081,48.77691],[-119.17097,48.77696],[-119.17111,48.77723],[-119.17159,48.77722],[-119.17162,48.77678],[-119.17217,48.77668],[-119.17187,48.77641],[-119.17234,48.77611],[-119.17286,48.77607],[-119.17343,48.77575],[-119.17447,48.77565],[-119.17481,48.77542],[-119.17474,48.77534],[-119.17504,48.7753],[-119.17468,48.77494],[-119.1758,48.77545],[-119.17604,48.77526],[-119.17601,48.77497],[-119.17628,48.77495],[-119.17622,48.77446],[-119.17657,48.77428],[-119.17695,48.77434],[-119.17776,48.7751],[-119.17769,48.77547],[-119.17779,48.77576],[-119.17731,48.77631],[-119.17702,48.77693],[-119.1776,48.7771],[-119.17777,48.77727],[-119.17811,48.77718],[-119.17837,48.77726],[-119.17808,48.77737],[-119.17813,48.77753],[-119.17797,48.77759],[-119.17767,48.77757],[-119.17768,48.77739],[-119.17735,48.77753],[-119.17745,48.77767],[-119.1772,48.7776],[-119.17675,48.77776],[-119.17669,48.7781],[-119.17688,48.77809],[-119.177,48.77827],[-119.17685,48.77831],[-119.17655,48.77876],[-119.17616,48.77897],[-119.17618,48.77916],[-119.17605,48.77924],[-119.17492,48.77897],[-119.17423,48.7791],[-119.17392,48.77886],[-119.17378,48.77894],[-119.17391,48.77903],[-119.17391,48.77922],[-119.17358,48.77952],[-119.17326,48.77953],[-119.17331,48.77963],[-119.17276,48.78003],[-119.17231,48.78015],[-119.17191,48.78001],[-119.17177,48.78017],[-119.17116,48.78009],[-119.17053,48.78036],[-119.1703,48.78064],[-119.16993,48.78055],[-119.17019,48.78075],[-119.17107,48.78086],[-119.17162,48.78148],[-119.17213,48.78136],[-119.17264,48.7818],[-119.17272,48.78221],[-119.17247,48.78239],[-119.17238,48.78267],[-119.17176,48.78229],[-119.17171,48.78279],[-119.1718,48.78307],[-119.17232,48.78293],[-119.1725,48.78302],[-119.17231,48.7834],[-119.17275,48.78375],[-119.17255,48.78395],[-119.17296,48.78446],[-119.17284,48.78478],[-119.17319,48.78502],[-119.17289,48.78531],[-119.1729,48.78572],[-119.17277,48.78579],[-119.17288,48.78598],[-119.17254,48.78621],[-119.17227,48.78622],[-119.17187,48.78595],[-119.17137,48.7859],[-119.17089,48.7868],[-119.17043,48.78732],[-119.17038,48.78776],[-119.17123,48.78825],[-119.17099,48.78896],[-119.17043,48.78915],[-119.16833,48.78919],[-119.16821,48.78931],[-119.16829,48.78961],[-119.16849,48.78975],[-119.16867,48.79024],[-119.16792,48.79082],[-119.16717,48.79116],[-119.16647,48.79126],[-119.16633,48.7914],[-119.16606,48.79234],[-119.16696,48.79326],[-119.16698,48.79345],[-119.16693,48.79363],[-119.16633,48.7942],[-119.16605,48.7941],[-119.16654,48.79353],[-119.1664,48.79326],[-119.16551,48.793],[-119.16574,48.79231],[-119.16549,48.79215],[-119.16465,48.79207],[-119.16458,48.79197],[-119.16599,48.79174],[-119.16602,48.7913],[-119.16507,48.79065],[-119.16479,48.79059],[-119.16455,48.79079],[-119.16388,48.79074],[-119.16311,48.7916],[-119.16277,48.79153],[-119.16275,48.79129],[-119.16312,48.79064],[-119.16309,48.79045],[-119.16292,48.79035],[-119.16146,48.79041],[-119.16132,48.79077],[-119.16165,48.79128],[-119.16126,48.79165],[-119.16199,48.79238],[-119.16137,48.79308],[-119.16112,48.79321],[-119.16077,48.79314],[-119.15998,48.79261],[-119.15913,48.79244],[-119.15832,48.79192],[-119.15827,48.79109],[-119.1577,48.79074],[-119.15761,48.78976],[-119.15687,48.78969],[-119.15649,48.78952],[-119.15646,48.78908],[-119.15679,48.78883],[-119.15654,48.78849],[-119.15654,48.78819],[-119.1561,48.78802],[-119.15622,48.78788],[-119.15609,48.78776],[-119.15623,48.7875],[-119.15604,48.78732],[-119.15614,48.78715],[-119.15551,48.78704],[-119.15551,48.78732],[-119.15534,48.78736],[-119.15483,48.7871],[-119.15504,48.78687],[-119.15498,48.78656],[-119.15518,48.78603],[-119.1549,48.78577],[-119.15459,48.78506],[-119.15413,48.78493],[-119.15378,48.78503],[-119.15341,48.78496],[-119.15317,48.78455],[-119.15107,48.78484],[-119.15089,48.78468],[-119.15034,48.78478],[-119.1499,48.78462],[-119.14993,48.78436],[-119.1509,48.78425],[-119.15123,48.78449],[-119.15388,48.78399],[-119.15409,48.78351],[-119.15428,48.78346],[-119.15409,48.78313],[-119.15378,48.78308],[-119.154,48.78289],[-119.15342,48.78281],[-119.15327,48.783],[-119.15264,48.78315],[-119.15253,48.7829],[-119.15279,48.78276],[-119.15257,48.78224],[-119.1525,48.78237],[-119.15219,48.78205],[-119.15243,48.78191],[-119.15253,48.78167],[-119.15226,48.78144],[-119.1527,48.781],[-119.153,48.78047],[-119.1531,48.78053],[-119.1532,48.78028],[-119.15356,48.78016],[-119.15355,48.7805],[-119.15387,48.78076],[-119.15417,48.78075],[-119.15418,48.78087],[-119.15456,48.78101],[-119.15423,48.78009],[-119.15391,48.77982],[-119.15414,48.77956],[-119.15426,48.77909],[-119.15419,48.77896],[-119.15371,48.77888],[-119.15367,48.77865],[-119.15381,48.77835],[-119.15411,48.77832],[-119.15401,48.77829],[-119.15407,48.77819],[-119.15412,48.77829],[-119.15452,48.77824],[-119.15457,48.77836],[-119.15448,48.77838],[-119.15468,48.77856],[-119.15555,48.77827],[-119.15498,48.77798],[-119.15438,48.77815],[-119.15399,48.77802],[-119.15405,48.77773],[-119.15365,48.77772],[-119.15327,48.7779],[-119.15299,48.77788],[-119.15287,48.77772],[-119.15031,48.77791],[-119.14857,48.77749],[-119.14852,48.77759],[-119.1483,48.77742],[-119.14694,48.77774],[-119.14625,48.77773],[-119.14503,48.77729],[-119.14384,48.77782],[-119.14299,48.77859],[-119.14234,48.77882],[-119.14166,48.77863],[-119.14396,48.77741],[-119.14518,48.777],[-119.14556,48.77658],[-119.14565,48.77622],[-119.14542,48.77602],[-119.14543,48.7758],[-119.14575,48.77557],[-119.14561,48.77519],[-119.145,48.77493],[-119.14212,48.77559],[-119.14173,48.77606],[-119.14188,48.77612],[-119.14139,48.77655],[-119.13995,48.777],[-119.13878,48.77712],[-119.13745,48.77705],[-119.13687,48.77735],[-119.13644,48.77741],[-119.13566,48.7779],[-119.13345,48.77774],[-119.13299,48.77782],[-119.13304,48.77798],[-119.13291,48.7782],[-119.13227,48.77856],[-119.13171,48.77911],[-119.1316,48.7797],[-119.13171,48.77986],[-119.13158,48.78027],[-119.13134,48.78052],[-119.13132,48.78085],[-119.13138,48.7811],[-119.13164,48.78119],[-119.13161,48.78131],[-119.13128,48.78144],[-119.13136,48.78156],[-119.13126,48.7817],[-119.13105,48.78174],[-119.13126,48.7819],[-119.13102,48.78247],[-119.12982,48.78277],[-119.12957,48.78262],[-119.12933,48.78214],[-119.12901,48.78215],[-119.12894,48.78255],[-119.12737,48.78293],[-119.1266,48.78361],[-119.12575,48.78393],[-119.12415,48.78389],[-119.12229,48.78542],[-119.12183,48.78569],[-119.1206,48.78608],[-119.12017,48.78646],[-119.11995,48.78677],[-119.12005,48.78699],[-119.1197,48.78717],[-119.11924,48.78817],[-119.11943,48.78844],[-119.11915,48.78865],[-119.11856,48.78883],[-119.11773,48.78931],[-119.11703,48.7894],[-119.11558,48.78927],[-119.11403,48.78984],[-119.11397,48.79004],[-119.11345,48.79003],[-119.11299,48.7902],[-119.11291,48.79049],[-119.11194,48.79086],[-119.11126,48.79215],[-119.11129,48.79267],[-119.11151,48.79271],[-119.11157,48.7931],[-119.111,48.79443],[-119.11,48.79503],[-119.11006,48.79513],[-119.10989,48.79537],[-119.10931,48.79588],[-119.10904,48.79633],[-119.10852,48.79672],[-119.10633,48.79767],[-119.10641,48.79779],[-119.10628,48.79817],[-119.10556,48.79821],[-119.10484,48.79776],[-119.10414,48.79786],[-119.10352,48.79812],[-119.10281,48.79804],[-119.10214,48.79778],[-119.10135,48.79787],[-119.1008,48.79818],[-119.09951,48.79851],[-119.09915,48.7989],[-119.0986,48.79918],[-119.0983,48.79904],[-119.09731,48.799],[-119.09625,48.79868],[-119.09594,48.79786],[-119.09529,48.7973],[-119.09441,48.7969],[-119.09389,48.79698],[-119.09334,48.79739],[-119.0933,48.79752],[-119.09386,48.79784],[-119.09376,48.79818],[-119.09334,48.7983],[-119.09246,48.798],[-119.09159,48.79738],[-119.09126,48.79728],[-119.09096,48.79746],[-119.09123,48.79756],[-119.09147,48.79817],[-119.09098,48.79844],[-119.09101,48.79855],[-119.09184,48.79886],[-119.09297,48.79983],[-119.09329,48.79984],[-119.0938,48.80009],[-119.09412,48.8004],[-119.09435,48.80141],[-119.09428,48.80197],[-119.0964,48.80261],[-119.09697,48.8029],[-119.0973,48.80331],[-119.09798,48.80377],[-119.09842,48.80436],[-119.09861,48.80493],[-119.09827,48.80536],[-119.09899,48.80554],[-119.09975,48.80599],[-119.0999,48.80631],[-119.09972,48.80687],[-119.1008,48.80844],[-119.10129,48.80875],[-119.10369,48.80972],[-119.10471,48.81036],[-119.10562,48.81168],[-119.10725,48.8125],[-119.10755,48.81298],[-119.10756,48.81375],[-119.10692,48.8143],[-119.10638,48.81547],[-119.10497,48.81715],[-119.10469,48.81784],[-119.10494,48.81849],[-119.10647,48.81914],[-119.10721,48.82018],[-119.10731,48.82051],[-119.10782,48.82044],[-119.10812,48.82053],[-119.10797,48.82205],[-119.10758,48.82251],[-119.10695,48.82283],[-119.10691,48.82322],[-119.10636,48.82388],[-119.1062,48.82468],[-119.10544,48.82565],[-119.10341,48.82709],[-119.10263,48.82704],[-119.10131,48.82723],[-119.10115,48.82743],[-119.10064,48.82756],[-119.10016,48.82723],[-119.10022,48.82697],[-119.09999,48.82686],[-119.09998,48.82662],[-119.09919,48.82631],[-119.09894,48.82642],[-119.09889,48.82627],[-119.09835,48.82604],[-119.09758,48.82547],[-119.0972,48.82567],[-119.09681,48.82557],[-119.09677,48.82567],[-119.09631,48.82547],[-119.09648,48.82534],[-119.09632,48.82525],[-119.096,48.8254],[-119.09556,48.82525],[-119.09587,48.82499],[-119.09582,48.82466],[-119.09549,48.82462],[-119.09557,48.82487],[-119.09545,48.82509],[-119.09521,48.82508],[-119.09518,48.82527],[-119.09479,48.82514],[-119.09417,48.82466],[-119.09389,48.82472],[-119.09366,48.82509],[-119.09325,48.82535],[-119.09307,48.82533],[-119.09303,48.82566],[-119.0933,48.82579],[-119.09345,48.82629],[-119.09326,48.82634],[-119.09309,48.8262],[-119.09302,48.82646],[-119.09344,48.82672],[-119.09343,48.82702],[-119.09381,48.82704],[-119.09389,48.8272],[-119.09379,48.82752],[-119.09351,48.82753],[-119.09346,48.82764],[-119.09325,48.82748],[-119.09204,48.82767],[-119.09186,48.82791],[-119.09208,48.82838],[-119.09197,48.82849],[-119.09208,48.8285],[-119.09216,48.82878],[-119.09184,48.82866],[-119.09183,48.82886],[-119.09153,48.82897],[-119.09134,48.82926],[-119.09137,48.82949],[-119.09091,48.82942],[-119.09082,48.82913],[-119.09031,48.82906],[-119.09046,48.82894],[-119.08961,48.8286],[-119.08981,48.82904],[-119.08951,48.82927],[-119.08901,48.82891],[-119.08851,48.8303],[-119.08874,48.83076],[-119.08887,48.83175],[-119.08837,48.83212],[-119.0887,48.83321],[-119.08841,48.83354],[-119.08779,48.83377],[-119.08737,48.8345],[-119.08704,48.83461],[-119.08715,48.83438],[-119.08698,48.83367],[-119.08697,48.8329],[-119.08675,48.83237],[-119.0863,48.8324],[-119.0861,48.83258],[-119.08618,48.83275],[-119.08515,48.83299],[-119.08516,48.83342],[-119.08472,48.83317],[-119.08445,48.83344],[-119.08385,48.83352],[-119.08416,48.83363],[-119.08414,48.83376],[-119.08555,48.83373],[-119.08557,48.83395],[-119.08525,48.83471],[-119.08506,48.83476],[-119.08417,48.83449],[-119.08379,48.83463],[-119.08346,48.83456],[-119.0834,48.83554],[-119.08353,48.83563],[-119.08388,48.83553],[-119.08411,48.8357],[-119.08396,48.8358],[-119.08404,48.83607],[-119.08395,48.8362],[-119.0841,48.83627],[-119.08418,48.83661],[-119.0841,48.83696],[-119.0843,48.83733],[-119.08432,48.83813],[-119.08378,48.83853],[-119.08327,48.83834],[-119.08326,48.83858],[-119.08278,48.83879],[-119.08291,48.83961],[-119.08275,48.83988],[-119.08226,48.8401],[-119.08194,48.84007],[-119.08184,48.84021],[-119.08202,48.84031],[-119.08194,48.84045],[-119.08159,48.84048],[-119.08134,48.84072],[-119.08108,48.84066],[-119.08066,48.84078],[-119.08048,48.84073],[-119.08045,48.8405],[-119.08031,48.84045],[-119.07976,48.84073],[-119.07931,48.84074],[-119.07866,48.84061],[-119.07839,48.84029],[-119.07814,48.84021],[-119.07743,48.84032],[-119.07677,48.84026],[-119.07638,48.84048],[-119.07573,48.84046],[-119.07548,48.84072],[-119.07462,48.84086],[-119.07379,48.84139],[-119.07353,48.84127],[-119.07338,48.84133],[-119.07305,48.84175],[-119.07257,48.84203],[-119.07246,48.84225],[-119.0725,48.84261],[-119.07222,48.84284],[-119.07211,48.84361],[-119.07231,48.84386],[-119.07291,48.84386],[-119.07359,48.84412],[-119.07386,48.84444],[-119.07375,48.84471],[-119.07385,48.84517],[-119.07364,48.84537],[-119.07356,48.84592],[-119.07306,48.84641],[-119.07309,48.84683],[-119.07277,48.84683],[-119.07278,48.84662],[-119.07261,48.84663],[-119.07207,48.84696],[-119.07101,48.84721],[-119.07011,48.84736],[-119.06994,48.84707],[-119.0697,48.84724],[-119.0671,48.84766],[-119.06625,48.84805],[-119.06685,48.84825],[-119.06646,48.8485],[-119.06568,48.8482],[-119.06524,48.84841],[-119.06555,48.84843],[-119.06581,48.84922],[-119.06572,48.84933],[-119.06543,48.8493],[-119.06527,48.84913],[-119.065,48.84934],[-119.06494,48.8497],[-119.06479,48.84979],[-119.06423,48.8497],[-119.0639,48.84945],[-119.06392,48.84924],[-119.06289,48.84954],[-119.06189,48.84943],[-119.06202,48.84976],[-119.0618,48.85023],[-119.0612,48.85053],[-119.06134,48.85054],[-119.06124,48.85072],[-119.06079,48.85088],[-119.06061,48.8513],[-119.06035,48.8515],[-119.06037,48.85169],[-119.06087,48.85169],[-119.06082,48.852],[-119.06048,48.85214],[-119.06057,48.85224],[-119.06033,48.85246],[-119.05962,48.85276],[-119.0592,48.85252],[-119.05932,48.85245],[-119.05892,48.85235],[-119.05891,48.85249]]],[[[-119.02006,48.8044],[-119.02007,48.80459],[-119.01976,48.80453],[-119.01982,48.80431],[-119.02006,48.8044]]],[[[-119.01108,48.81294],[-119.01152,48.8127],[-119.01172,48.81306],[-119.01142,48.81296],[-119.01108,48.81294]]]]},"properties":{"fire_id":"ufid:2021-WANES-002245","source_collection":"history-2021","source_objectid":14539,"incident_name":"Walker Creek","mapped_acres":23728.08,"mapped_acres_source":"poly_GISAcres","gis_acres":23728.08,"auto_acres":23733.330575616637,"reported_acres":23733.0,"percent_contained":null,"state":"WA","state_wfigs":"US-WA","county":"Okanogan","discovery_time_utc":"2021-08-03T22:22:00Z","perimeter_time_utc":null,"perimeter_edit_time_utc":"2023-03-14T15:13:42Z","incident_modified_time_utc":"2022-01-05T19:48:24Z","containment_time_utc":"2021-10-15T23:30:00Z","control_time_utc":"2021-11-19T19:00:00Z","fire_out_time_utc":"2021-12-26T17:00:00Z","fire_cause":"Human","fire_cause_general":"Undetermined","map_method":"Mixed Methods","source_dataset":"FFP","unique_fire_identifier":"2021-WANES-002245","irwin_id":"{ECFEA2C6-E734-40F6-9D8B-6B7A3196353B}","global_id":"48947019-7134-42c5-996a-64da750f7012"}},{"type":"Feature","geometry":{"type":"MultiPolygon","coordinates":[[[[-118.78081,48.19063],[-118.78238,48.19025],[-118.78345,48.18976],[-118.78414,48.18988],[-118.78439,48.18987],[-118.78449,48.18974],[-118.78445,48.18929],[-118.78465,48.18885],[-118.78453,48.1885],[-118.78415,48.18798],[-118.78368,48.18786],[-118.78268,48.18554],[-118.78275,48.18536],[-118.78328,48.18506],[-118.784,48.18438],[-118.78367,48.18379],[-118.78379,48.18314],[-118.78408,48.18263],[-118.78457,48.18246],[-118.78359,48.18203],[-118.78312,48.18126],[-118.78323,48.18102],[-118.78447,48.1802],[-118.78494,48.18007],[-118.78544,48.18022],[-118.78579,48.18],[-118.78565,48.17989],[-118.78523,48.17989],[-118.78501,48.17978],[-118.78493,48.17958],[-118.78446,48.17958],[-118.78435,48.17951],[-118.78439,48.17916],[-118.78586,48.17805],[-118.78583,48.1776],[-118.78555,48.17692],[-118.78636,48.17621],[-118.7864,48.17581],[-118.78664,48.17555],[-118.78699,48.1747],[-118.78711,48.17384],[-118.78701,48.17373],[-118.78752,48.1732],[-118.7887,48.17294],[-118.78902,48.17268],[-118.78865,48.17225],[-118.78852,48.17157],[-118.7895,48.16969],[-118.7893,48.16927],[-118.78861,48.16876],[-118.78847,48.1685],[-118.78863,48.16752],[-118.78822,48.16578],[-118.78828,48.16438],[-118.78801,48.16406],[-118.7871,48.16353],[-118.78722,48.163],[-118.7865,48.16191],[-118.78692,48.16128],[-118.78697,48.16078],[-118.78734,48.15986],[-118.78848,48.15872],[-118.78824,48.15758],[-118.78846,48.15732],[-118.78847,48.157],[-118.78804,48.15652],[-118.78927,48.15593],[-118.79072,48.15498],[-118.79105,48.15391],[-118.79061,48.1531],[-118.79052,48.15253],[-118.7907,48.15209],[-118.79068,48.15178],[-118.79001,48.15092],[-118.79,48.15074],[-118.79044,48.15047],[-118.79097,48.14988],[-118.79168,48.14943],[-118.79184,48.14907],[-118.79114,48.14716],[-118.79049,48.14664],[-118.7898,48.14639],[-118.78897,48.14571],[-118.78889,48.14551],[-118.78968,48.14517],[-118.79125,48.14412],[-118.79125,48.14386],[-118.7907,48.14287],[-118.79034,48.14286],[-118.79072,48.14186],[-118.79128,48.1414],[-118.79214,48.14101],[-118.79265,48.14006],[-118.79385,48.13944],[-118.79446,48.13885],[-118.79445,48.13797],[-118.79348,48.13702],[-118.79361,48.13649],[-118.79341,48.13552],[-118.79361,48.13516],[-118.79397,48.13488],[-118.79545,48.13444],[-118.79628,48.13202],[-118.79605,48.13149],[-118.79459,48.13051],[-118.79411,48.12985],[-118.79403,48.12939],[-118.79542,48.12818],[-118.79618,48.12799],[-118.79767,48.12807],[-118.79786,48.12799],[-118.79824,48.12752],[-118.79897,48.12699],[-118.7994,48.12588],[-118.79991,48.12535],[-118.79873,48.12527],[-118.79719,48.12493],[-118.79725,48.12513],[-118.79762,48.12525],[-118.79769,48.1254],[-118.79743,48.12591],[-118.79703,48.12608],[-118.79699,48.12627],[-118.79664,48.12625],[-118.79652,48.12649],[-118.79612,48.12617],[-118.79633,48.12603],[-118.7962,48.1258],[-118.79591,48.12582],[-118.79589,48.12591],[-118.79556,48.12592],[-118.79579,48.12614],[-118.79543,48.12645],[-118.79514,48.12633],[-118.79522,48.12602],[-118.79509,48.12592],[-118.79489,48.12614],[-118.79436,48.12592],[-118.7942,48.12596],[-118.79424,48.12611],[-118.79395,48.12613],[-118.79384,48.12608],[-118.79404,48.12589],[-118.79396,48.12572],[-118.79301,48.12579],[-118.79266,48.12569],[-118.79272,48.12551],[-118.7925,48.12559],[-118.79217,48.12548],[-118.79196,48.12503],[-118.79219,48.12487],[-118.79205,48.12472],[-118.7918,48.12474],[-118.79166,48.1249],[-118.79123,48.12479],[-118.79125,48.12497],[-118.7911,48.12497],[-118.7911,48.12461],[-118.79053,48.12452],[-118.79043,48.12432],[-118.79108,48.12393],[-118.79174,48.1239],[-118.79194,48.12371],[-118.79278,48.12393],[-118.7926,48.12379],[-118.7926,48.12339],[-118.79216,48.12334],[-118.79227,48.12301],[-118.79214,48.12304],[-118.79199,48.12279],[-118.79141,48.12266],[-118.79146,48.12255],[-118.79126,48.12242],[-118.79117,48.12214],[-118.79137,48.12194],[-118.79115,48.12158],[-118.79126,48.12132],[-118.79077,48.121],[-118.79074,48.12082],[-118.79037,48.12066],[-118.79025,48.11986],[-118.78968,48.11968],[-118.78943,48.11935],[-118.78919,48.11936],[-118.78929,48.11919],[-118.78915,48.11902],[-118.78928,48.11861],[-118.78914,48.11806],[-118.78919,48.11747],[-118.7896,48.1167],[-118.79015,48.11638],[-118.79121,48.11618],[-118.79145,48.11636],[-118.79153,48.11608],[-118.79233,48.11591],[-118.79278,48.11539],[-118.79288,48.11493],[-118.79329,48.11431],[-118.79371,48.11425],[-118.79381,48.11368],[-118.79444,48.11402],[-118.795,48.11387],[-118.79506,48.11351],[-118.79543,48.11349],[-118.79642,48.11382],[-118.79744,48.11333],[-118.79779,48.11333],[-118.79767,48.11294],[-118.79823,48.11263],[-118.79811,48.11217],[-118.79793,48.11198],[-118.79802,48.11116],[-118.79834,48.11074],[-118.79845,48.11021],[-118.79791,48.11017],[-118.7975,48.10965],[-118.79709,48.10957],[-118.79717,48.1093],[-118.79685,48.10906],[-118.79631,48.10904],[-118.79644,48.10827],[-118.79611,48.10781],[-118.7954,48.10736],[-118.79564,48.10678],[-118.79572,48.10612],[-118.79515,48.10556],[-118.79497,48.10466],[-118.79462,48.10443],[-118.79426,48.10384],[-118.79421,48.10338],[-118.79436,48.10304],[-118.79477,48.10287],[-118.79575,48.10291],[-118.79619,48.1032],[-118.79684,48.1032],[-118.79759,48.10345],[-118.79883,48.1048],[-118.79936,48.10463],[-118.79945,48.10449],[-118.79879,48.10425],[-118.79868,48.10391],[-118.79886,48.10381],[-118.80078,48.10437],[-118.80108,48.1043],[-118.8013,48.10461],[-118.80168,48.10463],[-118.80212,48.10498],[-118.80234,48.10538],[-118.80215,48.10583],[-118.80249,48.10578],[-118.80291,48.10601],[-118.8032,48.10561],[-118.80347,48.1055],[-118.80373,48.10557],[-118.80385,48.10533],[-118.80313,48.10349],[-118.8011,48.10237],[-118.80097,48.10271],[-118.80051,48.10206],[-118.80021,48.10187],[-118.79962,48.10202],[-118.79952,48.10172],[-118.8003,48.10138],[-118.80008,48.10096],[-118.8004,48.10095],[-118.80042,48.10078],[-118.79967,48.10001],[-118.79932,48.0999],[-118.79885,48.10013],[-118.79888,48.1004],[-118.79908,48.10049],[-118.79884,48.10056],[-118.79877,48.10072],[-118.79766,48.10037],[-118.79802,48.09928],[-118.79892,48.09905],[-118.79897,48.09888],[-118.79876,48.09857],[-118.79857,48.09755],[-118.79814,48.09708],[-118.79805,48.09606],[-118.79736,48.09575],[-118.79704,48.09592],[-118.79664,48.0958],[-118.7966,48.09516],[-118.79715,48.09527],[-118.7974,48.0946],[-118.79655,48.09429],[-118.79644,48.0941],[-118.79676,48.09385],[-118.79685,48.09346],[-118.79672,48.093],[-118.79692,48.09265],[-118.79688,48.09229],[-118.7982,48.09147],[-118.79783,48.09084],[-118.79797,48.08994],[-118.79742,48.08942],[-118.79758,48.08856],[-118.79746,48.08754],[-118.79706,48.08694],[-118.79648,48.08707],[-118.79656,48.08669],[-118.79586,48.08619],[-118.79585,48.08602],[-118.79611,48.08568],[-118.7961,48.08515],[-118.7956,48.08491],[-118.79534,48.08442],[-118.79482,48.08398],[-118.79487,48.08381],[-118.79435,48.08336],[-118.79455,48.08291],[-118.79449,48.08259],[-118.79483,48.0822],[-118.79579,48.08194],[-118.79626,48.08199],[-118.79611,48.08109],[-118.79739,48.08097],[-118.79821,48.08116],[-118.79978,48.08109],[-118.80164,48.08069],[-118.80257,48.08089],[-118.80342,48.08089],[-118.80416,48.08063],[-118.80432,48.0803],[-118.81003,48.08073],[-118.81046,48.08063],[-118.81055,48.08083],[-118.81156,48.08103],[-118.81302,48.08095],[-118.81545,48.08162],[-118.81754,48.08246],[-118.81846,48.08228],[-118.81909,48.0828],[-118.81967,48.08215],[-118.82036,48.08208],[-118.82093,48.0817],[-118.82128,48.08172],[-118.82133,48.08155],[-118.8215,48.0815],[-118.82192,48.08182],[-118.82195,48.08304],[-118.82345,48.08311],[-118.82381,48.0828],[-118.82363,48.08248],[-118.8239,48.08222],[-118.82444,48.0823],[-118.82456,48.08192],[-118.82495,48.08167],[-118.82486,48.08148],[-118.82496,48.0813],[-118.82511,48.08125],[-118.82533,48.08141],[-118.82607,48.08095],[-118.82727,48.08123],[-118.8281,48.08126],[-118.8283,48.0805],[-118.82874,48.08062],[-118.82921,48.08032],[-118.83246,48.08021],[-118.8338,48.07982],[-118.83473,48.07983],[-118.83761,48.08161],[-118.83822,48.08228],[-118.83933,48.08415],[-118.84053,48.08326],[-118.84041,48.08278],[-118.84132,48.08232],[-118.8422,48.08247],[-118.84268,48.08228],[-118.84331,48.08223],[-118.84374,48.08117],[-118.8442,48.08065],[-118.84536,48.08014],[-118.84541,48.07986],[-118.84664,48.08014],[-118.84705,48.07992],[-118.8477,48.08001],[-118.84802,48.08077],[-118.85329,48.07623],[-118.85325,48.07441],[-118.85848,48.07068],[-118.859,48.07044],[-118.85897,48.0695],[-118.85933,48.069],[-118.86075,48.06856],[-118.86376,48.0671],[-118.86551,48.06648],[-118.86842,48.06556],[-118.86899,48.06573],[-118.86961,48.06547],[-118.86979,48.06484],[-118.87045,48.06395],[-118.87334,48.06364],[-118.87372,48.06436],[-118.87555,48.0647],[-118.87649,48.06418],[-118.87689,48.06431],[-118.87733,48.06482],[-118.87843,48.065],[-118.8802,48.06506],[-118.88125,48.06459],[-118.88263,48.06542],[-118.8837,48.0655],[-118.88412,48.06461],[-118.88598,48.06522],[-118.88565,48.06728],[-118.88602,48.06754],[-118.88663,48.06769],[-118.88677,48.06794],[-118.88735,48.06814],[-118.88761,48.06854],[-118.88816,48.06886],[-118.88902,48.0688],[-118.88912,48.06842],[-118.88897,48.06773],[-118.88911,48.06721],[-118.88927,48.06709],[-118.88982,48.06738],[-118.89154,48.06741],[-118.89245,48.06841],[-118.89324,48.06891],[-118.8943,48.0685],[-118.8956,48.06852],[-118.89581,48.06875],[-118.8959,48.06954],[-118.89541,48.06992],[-118.895,48.07064],[-118.89455,48.07199],[-118.89403,48.07237],[-118.89372,48.07288],[-118.89323,48.07287],[-118.89262,48.07322],[-118.89309,48.0739],[-118.89382,48.07418],[-118.89501,48.074],[-118.89514,48.07365],[-118.89584,48.07326],[-118.89657,48.0734],[-118.89697,48.07317],[-118.89754,48.07252],[-118.89836,48.07208],[-118.89906,48.07213],[-118.89963,48.07241],[-118.89961,48.07323],[-118.8994,48.07361],[-118.8994,48.07448],[-118.9001,48.07584],[-118.9014,48.0759],[-118.90173,48.07559],[-118.9017,48.07534],[-118.90214,48.07485],[-118.90275,48.07473],[-118.90323,48.07415],[-118.90369,48.07319],[-118.90446,48.07243],[-118.90542,48.07201],[-118.9062,48.07187],[-118.90652,48.07205],[-118.90655,48.07269],[-118.90697,48.07315],[-118.90771,48.07336],[-118.90804,48.07332],[-118.90955,48.07433],[-118.90997,48.07516],[-118.9096,48.0756],[-118.90893,48.0758],[-118.9097,48.07693],[-118.90984,48.07778],[-118.90988,48.07829],[-118.90939,48.07862],[-118.90926,48.08098],[-118.90943,48.08181],[-118.91072,48.08297],[-118.91249,48.08328],[-118.91313,48.08355],[-118.9135,48.0841],[-118.91497,48.08492],[-118.91776,48.0856],[-118.9185,48.0861],[-118.91938,48.08699],[-118.92066,48.08747],[-118.92246,48.08769],[-118.92316,48.08802],[-118.92328,48.08839],[-118.92293,48.08943],[-118.92297,48.08997],[-118.92337,48.09063],[-118.92414,48.09107],[-118.92517,48.09109],[-118.92663,48.09238],[-118.92658,48.09282],[-118.92681,48.09325],[-118.92897,48.09426],[-118.92937,48.09475],[-118.92876,48.09655],[-118.92932,48.09763],[-118.93139,48.09993],[-118.93166,48.10143],[-118.93347,48.10318],[-118.93375,48.10402],[-118.93456,48.10797],[-118.9377,48.11028],[-118.9383,48.11235],[-118.94018,48.11198],[-118.94384,48.11382],[-118.94487,48.11374],[-118.94591,48.11434],[-118.94575,48.11464],[-118.94623,48.11485],[-118.94579,48.1153],[-118.94567,48.11563],[-118.94533,48.11583],[-118.94535,48.11606],[-118.94552,48.11615],[-118.94545,48.11632],[-118.94442,48.11658],[-118.9442,48.11679],[-118.94364,48.11679],[-118.94346,48.11691],[-118.94342,48.1172],[-118.94359,48.11755],[-118.94419,48.1179],[-118.94686,48.11919],[-118.94694,48.11963],[-118.94625,48.12051],[-118.94835,48.12215],[-118.94879,48.12269],[-118.94897,48.12382],[-118.94891,48.12421],[-118.94877,48.12433],[-118.9491,48.1254],[-118.94895,48.12616],[-118.94823,48.12633],[-118.94815,48.12877],[-118.94738,48.12899],[-118.94726,48.12933],[-118.94736,48.12963],[-118.94802,48.12961],[-118.9505,48.12874],[-118.95172,48.12993],[-118.95391,48.12887],[-118.9545,48.12872],[-118.955,48.12801],[-118.95601,48.12833],[-118.95709,48.12805],[-118.9591,48.12842],[-118.95921,48.1294],[-118.95974,48.12942],[-118.95975,48.12958],[-118.95998,48.12976],[-118.96027,48.12958],[-118.96069,48.12957],[-118.96074,48.12979],[-118.96036,48.1305],[-118.96079,48.13061],[-118.96177,48.13049],[-118.96178,48.13351],[-118.96715,48.13353],[-118.96714,48.13368],[-118.96766,48.13432],[-118.96798,48.13449],[-118.96903,48.13455],[-118.96972,48.13443],[-118.96981,48.13478],[-118.9762,48.13509],[-118.97616,48.13595],[-118.97686,48.14408],[-118.97664,48.14539],[-118.9754,48.14787],[-118.97532,48.14933],[-118.9759,48.14904],[-118.97577,48.14891],[-118.97586,48.1488],[-118.97562,48.14858],[-118.97557,48.14806],[-118.97568,48.14795],[-118.97748,48.14796],[-118.97744,48.14817],[-118.97763,48.14816],[-118.97771,48.14832],[-118.97734,48.14884],[-118.97702,48.14893],[-118.97654,48.14937],[-118.97622,48.14935],[-118.97601,48.14915],[-118.97592,48.14962],[-118.97542,48.14967],[-118.9763,48.15161],[-118.97836,48.15169],[-118.98022,48.15154],[-118.98059,48.15201],[-118.98066,48.15232],[-118.98066,48.15387],[-118.98014,48.15481],[-118.9802,48.15503],[-118.98074,48.15479],[-118.98077,48.15519],[-118.98053,48.15541],[-118.98058,48.15606],[-118.98026,48.15667],[-118.98015,48.15665],[-118.98002,48.15686],[-118.98006,48.15736],[-118.98043,48.15769],[-118.97998,48.15868],[-118.98013,48.15928],[-118.98013,48.16153],[-118.98025,48.16215],[-118.97848,48.16195],[-118.97751,48.16209],[-118.977,48.16257],[-118.97654,48.16338],[-118.97503,48.16439],[-118.97434,48.16531],[-118.97301,48.16518],[-118.97159,48.16596],[-118.97075,48.16602],[-118.97039,48.16631],[-118.97042,48.16679],[-118.97007,48.16708],[-118.96944,48.16708],[-118.96813,48.16734],[-118.96438,48.16908],[-118.96449,48.16939],[-118.96532,48.16945],[-118.96531,48.16961],[-118.96489,48.16973],[-118.96471,48.17026],[-118.96479,48.17055],[-118.96462,48.17078],[-118.96448,48.1716],[-118.96457,48.17192],[-118.96545,48.1721],[-118.96674,48.17182],[-118.96733,48.17205],[-118.96771,48.17184],[-118.96823,48.17183],[-118.96837,48.17207],[-118.96773,48.17234],[-118.96786,48.17287],[-118.96868,48.17302],[-118.96947,48.17303],[-118.96997,48.17282],[-118.97009,48.17296],[-118.97039,48.17294],[-118.97051,48.17338],[-118.97012,48.17387],[-118.96995,48.17431],[-118.96873,48.17527],[-118.96841,48.17534],[-118.96796,48.1759],[-118.9673,48.17603],[-118.967,48.17629],[-118.96652,48.17606],[-118.96631,48.17661],[-118.96602,48.17684],[-118.96454,48.17716],[-118.96392,48.17695],[-118.96295,48.17707],[-118.96043,48.17689],[-118.95855,48.17723],[-118.95752,48.17705],[-118.95649,48.17713],[-118.95414,48.17693],[-118.95374,48.17723],[-118.95282,48.1774],[-118.95256,48.17783],[-118.95272,48.17813],[-118.95334,48.1786],[-118.95337,48.17895],[-118.95304,48.17915],[-118.95217,48.17898],[-118.95182,48.17933],[-118.95127,48.1795],[-118.95088,48.17913],[-118.95056,48.17919],[-118.9504,48.17946],[-118.95008,48.17964],[-118.94868,48.17974],[-118.94818,48.17994],[-118.94793,48.17948],[-118.94683,48.1798],[-118.94558,48.17971],[-118.94392,48.18024],[-118.9438,48.1808],[-118.94321,48.18115],[-118.94189,48.18162],[-118.94123,48.18165],[-118.94042,48.18148],[-118.93827,48.18217],[-118.93703,48.18118],[-118.93653,48.18268],[-118.93523,48.184],[-118.93435,48.18447],[-118.93308,48.1849],[-118.9309,48.18513],[-118.92777,48.18509],[-118.92585,48.18383],[-118.92482,48.18237],[-118.92432,48.18198],[-118.92203,48.18166],[-118.9212,48.18105],[-118.92079,48.18102],[-118.92007,48.18073],[-118.91828,48.17906],[-118.91687,48.18102],[-118.91601,48.1818],[-118.91504,48.18239],[-118.91149,48.18349],[-118.90921,48.18355],[-118.90371,48.18282],[-118.90206,48.18247],[-118.90064,48.18182],[-118.89278,48.17719],[-118.89111,48.17673],[-118.88753,48.17648],[-118.88736,48.17634],[-118.88749,48.17587],[-118.88883,48.17452],[-118.88766,48.17365],[-118.88653,48.17465],[-118.88574,48.17505],[-118.88552,48.17531],[-118.88502,48.1752],[-118.88493,48.17484],[-118.88431,48.17461],[-118.8827,48.17478],[-118.88211,48.17472],[-118.88136,48.17502],[-118.88048,48.17514],[-118.87854,48.17483],[-118.87728,48.1742],[-118.87495,48.17188],[-118.87278,48.17188],[-118.87128,48.17167],[-118.87154,48.17055],[-118.8729,48.16874],[-118.87272,48.16736],[-118.87288,48.16683],[-118.87499,48.16551],[-118.87403,48.16558],[-118.87378,48.16538],[-118.87287,48.16549],[-118.87246,48.16569],[-118.87174,48.16565],[-118.87126,48.16585],[-118.87011,48.16706],[-118.86879,48.16778],[-118.86795,48.16756],[-118.8674,48.16775],[-118.86672,48.16769],[-118.8664,48.16791],[-118.86482,48.16793],[-118.86253,48.16835],[-118.86034,48.16803],[-118.85979,48.16762],[-118.85696,48.16698],[-118.85674,48.16684],[-118.85624,48.16584],[-118.85452,48.16564],[-118.85304,48.1649],[-118.85141,48.1647],[-118.85102,48.1654],[-118.84903,48.16533],[-118.84819,48.16548],[-118.84714,48.16521],[-118.84264,48.16355],[-118.8411,48.16324],[-118.84001,48.16388],[-118.83624,48.16381],[-118.83388,48.16229],[-118.83365,48.16304],[-118.83249,48.16495],[-118.83323,48.16517],[-118.8345,48.16531],[-118.83519,48.1656],[-118.83512,48.1685],[-118.83536,48.16926],[-118.8343,48.16971],[-118.83485,48.17048],[-118.83491,48.17003],[-118.83534,48.16993],[-118.83611,48.17003],[-118.83685,48.17038],[-118.83786,48.17129],[-118.8383,48.17153],[-118.83898,48.17165],[-118.83955,48.17198],[-118.83987,48.17236],[-118.83979,48.17344],[-118.84021,48.17442],[-118.83966,48.17501],[-118.83891,48.17637],[-118.8385,48.17679],[-118.83778,48.17703],[-118.83654,48.17709],[-118.83631,48.17697],[-118.83539,48.17696],[-118.83517,48.17678],[-118.83503,48.17684],[-118.83498,48.17707],[-118.834,48.17672],[-118.83355,48.17679],[-118.83327,48.17732],[-118.83324,48.17771],[-118.83336,48.1779],[-118.83323,48.17828],[-118.83274,48.17864],[-118.83244,48.1786],[-118.83225,48.17872],[-118.83159,48.17995],[-118.82611,48.18216],[-118.82478,48.18342],[-118.82408,48.18385],[-118.82322,48.18422],[-118.82258,48.1843],[-118.8224,48.18455],[-118.82258,48.18485],[-118.82274,48.18506],[-118.82338,48.18515],[-118.82348,48.18551],[-118.82309,48.18603],[-118.82201,48.18677],[-118.82176,48.18772],[-118.82083,48.18851],[-118.82069,48.18964],[-118.81935,48.19097],[-118.81938,48.19127],[-118.81909,48.19195],[-118.81931,48.19227],[-118.81984,48.19209],[-118.82022,48.19229],[-118.82032,48.19251],[-118.82021,48.19313],[-118.81997,48.19341],[-118.81892,48.19375],[-118.819,48.19456],[-118.8187,48.19476],[-118.81838,48.19459],[-118.81762,48.19459],[-118.81748,48.19472],[-118.8171,48.19432],[-118.81531,48.19466],[-118.81518,48.19524],[-118.81583,48.19519],[-118.81584,48.19531],[-118.81644,48.19558],[-118.81663,48.19581],[-118.81737,48.19591],[-118.81742,48.19608],[-118.81803,48.19646],[-118.81801,48.19657],[-118.81762,48.19679],[-118.81674,48.1968],[-118.81636,48.19719],[-118.81597,48.19722],[-118.81525,48.19756],[-118.81474,48.19815],[-118.81405,48.19857],[-118.81344,48.19868],[-118.81314,48.1986],[-118.8129,48.19871],[-118.81265,48.19892],[-118.81275,48.19917],[-118.81213,48.19957],[-118.81172,48.19956],[-118.8111,48.19919],[-118.81077,48.19952],[-118.81045,48.1995],[-118.81,48.19968],[-118.80956,48.19956],[-118.80949,48.19943],[-118.80908,48.19952],[-118.8089,48.19985],[-118.80867,48.19998],[-118.8076,48.20012],[-118.80755,48.20054],[-118.80772,48.20069],[-118.80923,48.20141],[-118.80945,48.20272],[-118.81003,48.20398],[-118.80975,48.20478],[-118.80946,48.20519],[-118.80906,48.20686],[-118.8087,48.20753],[-118.80871,48.20816],[-118.8085,48.20856],[-118.80797,48.20894],[-118.80755,48.20997],[-118.80718,48.21149],[-118.80723,48.21204],[-118.80757,48.21217],[-118.80725,48.21327],[-118.80574,48.21378],[-118.80628,48.21482],[-118.80522,48.21633],[-118.80527,48.21679],[-118.80489,48.21743],[-118.80427,48.21801],[-118.80473,48.21891],[-118.80422,48.21995],[-118.80415,48.22189],[-118.80353,48.22364],[-118.80337,48.22717],[-118.80293,48.2279],[-118.80334,48.2296],[-118.80445,48.23173],[-118.80268,48.23403],[-118.80066,48.23273],[-118.80022,48.23278],[-118.79975,48.23261],[-118.79943,48.23222],[-118.79851,48.23227],[-118.79824,48.23286],[-118.79764,48.2332],[-118.79735,48.23291],[-118.79647,48.23272],[-118.79561,48.2321],[-118.79511,48.23201],[-118.79457,48.23212],[-118.79402,48.2325],[-118.79378,48.2325],[-118.79153,48.23391],[-118.78865,48.23463],[-118.78682,48.23451],[-118.785,48.23375],[-118.7848,48.23318],[-118.7883,48.2327],[-118.78897,48.23226],[-118.78921,48.23164],[-118.78938,48.2315],[-118.78887,48.23098],[-118.7888,48.23047],[-118.78865,48.23026],[-118.78736,48.22983],[-118.78701,48.22888],[-118.78645,48.22869],[-118.78602,48.22837],[-118.78588,48.22786],[-118.78629,48.2272],[-118.78633,48.22685],[-118.78554,48.22656],[-118.78555,48.22632],[-118.78503,48.22621],[-118.78507,48.22602],[-118.78483,48.22603],[-118.78482,48.22588],[-118.78529,48.22569],[-118.78533,48.2255],[-118.78512,48.22543],[-118.78469,48.22554],[-118.78455,48.22544],[-118.78422,48.22558],[-118.78362,48.22548],[-118.78362,48.22529],[-118.78297,48.22479],[-118.78302,48.22444],[-118.78277,48.22405],[-118.78278,48.22372],[-118.7822,48.22365],[-118.78191,48.22347],[-118.78216,48.22331],[-118.78161,48.22313],[-118.78153,48.22292],[-118.78117,48.2227],[-118.78034,48.22257],[-118.77975,48.22263],[-118.77946,48.22287],[-118.77918,48.22291],[-118.77858,48.22266],[-118.77849,48.22252],[-118.77857,48.22231],[-118.77897,48.22207],[-118.77877,48.22144],[-118.7786,48.22125],[-118.77822,48.22113],[-118.77802,48.22125],[-118.77795,48.22116],[-118.77807,48.22104],[-118.77779,48.22084],[-118.77726,48.2207],[-118.77675,48.22075],[-118.77614,48.22089],[-118.77602,48.22104],[-118.77579,48.22086],[-118.77586,48.22056],[-118.77555,48.22034],[-118.77567,48.22007],[-118.7762,48.21979],[-118.77646,48.21982],[-118.7764,48.21943],[-118.77607,48.2192],[-118.77608,48.21886],[-118.77655,48.21841],[-118.77608,48.21828],[-118.77618,48.21791],[-118.77641,48.21776],[-118.77621,48.21755],[-118.77688,48.21726],[-118.77682,48.21685],[-118.77598,48.21659],[-118.77664,48.21651],[-118.77666,48.21635],[-118.77639,48.21626],[-118.77657,48.21596],[-118.77654,48.21561],[-118.77675,48.21528],[-118.77672,48.21504],[-118.77709,48.21483],[-118.77711,48.21435],[-118.77699,48.21423],[-118.77712,48.2142],[-118.7772,48.21394],[-118.77713,48.21367],[-118.7775,48.21337],[-118.77729,48.21333],[-118.77708,48.21304],[-118.77673,48.21294],[-118.7772,48.21239],[-118.77702,48.21229],[-118.77658,48.21233],[-118.77576,48.21282],[-118.77495,48.21291],[-118.77437,48.2129],[-118.77449,48.21278],[-118.77431,48.21269],[-118.77395,48.21274],[-118.77384,48.21294],[-118.77354,48.21292],[-118.77289,48.2132],[-118.77266,48.21305],[-118.77318,48.21279],[-118.77329,48.21239],[-118.77363,48.21231],[-118.77388,48.21251],[-118.77387,48.21237],[-118.77408,48.21226],[-118.77405,48.21237],[-118.77477,48.21262],[-118.77506,48.21237],[-118.77473,48.21227],[-118.77436,48.2118],[-118.7742,48.21184],[-118.77417,48.21203],[-118.77398,48.21202],[-118.77417,48.21178],[-118.77366,48.21123],[-118.77319,48.21119],[-118.77246,48.21153],[-118.77305,48.21082],[-118.77332,48.21067],[-118.77339,48.21042],[-118.77315,48.2101],[-118.77247,48.21036],[-118.77233,48.21118],[-118.77187,48.21091],[-118.77014,48.21131],[-118.76988,48.21095],[-118.76934,48.21081],[-118.76939,48.21068],[-118.76916,48.21052],[-118.76883,48.20978],[-118.76789,48.21005],[-118.76762,48.21],[-118.76748,48.2098],[-118.76791,48.20956],[-118.76767,48.20928],[-118.76779,48.20924],[-118.76769,48.20899],[-118.76788,48.20868],[-118.76835,48.20856],[-118.76791,48.20822],[-118.76806,48.207],[-118.76843,48.20682],[-118.76874,48.20634],[-118.76893,48.20628],[-118.76895,48.20608],[-118.76916,48.20591],[-118.76904,48.2057],[-118.76907,48.20541],[-118.76838,48.20515],[-118.76817,48.20525],[-118.76762,48.20519],[-118.76745,48.20555],[-118.76697,48.20574],[-118.76675,48.20538],[-118.76602,48.2053],[-118.76571,48.20469],[-118.76545,48.20465],[-118.76536,48.2044],[-118.76474,48.20416],[-118.76517,48.20373],[-118.76514,48.20317],[-118.76529,48.20304],[-118.76581,48.20297],[-118.76624,48.20265],[-118.76663,48.20293],[-118.76664,48.20271],[-118.7672,48.20249],[-118.76742,48.2025],[-118.7678,48.20284],[-118.76836,48.20274],[-118.76919,48.20306],[-118.76972,48.2028],[-118.76976,48.20265],[-118.76931,48.2023],[-118.76924,48.20203],[-118.76876,48.20201],[-118.76845,48.20181],[-118.76823,48.20186],[-118.76808,48.20155],[-118.7675,48.20165],[-118.76719,48.2016],[-118.76712,48.20145],[-118.76764,48.20105],[-118.76768,48.20063],[-118.76818,48.19975],[-118.76846,48.19968],[-118.76869,48.19916],[-118.76913,48.19891],[-118.77035,48.19883],[-118.77067,48.19868],[-118.77072,48.19888],[-118.77115,48.19927],[-118.77157,48.19936],[-118.77183,48.19971],[-118.77183,48.20013],[-118.77336,48.20051],[-118.77349,48.20093],[-118.774,48.20064],[-118.7744,48.20084],[-118.77452,48.20063],[-118.77425,48.20041],[-118.77426,48.20026],[-118.77708,48.19959],[-118.77764,48.19913],[-118.77815,48.19898],[-118.77827,48.1989],[-118.77787,48.19862],[-118.77772,48.19825],[-118.77841,48.1977],[-118.7787,48.19762],[-118.77954,48.1981],[-118.78003,48.19861],[-118.78063,48.19851],[-118.78101,48.19783],[-118.78066,48.19759],[-118.78049,48.19763],[-118.78042,48.19749],[-118.78071,48.19718],[-118.78052,48.19691],[-118.77971,48.19659],[-118.77953,48.19622],[-118.77889,48.1966],[-118.77855,48.19669],[-118.77829,48.19661],[-118.77829,48.19691],[-118.77771,48.19717],[-118.77691,48.19677],[-118.7768,48.19627],[-118.77688,48.19618],[-118.77723,48.1963],[-118.77721,48.19602],[-118.77734,48.19596],[-118.77798,48.19613],[-118.77821,48.19564],[-118.77803,48.19541],[-118.77807,48.19514],[-118.77873,48.19516],[-118.77897,48.1943],[-118.77999,48.19329],[-118.78071,48.19194],[-118.78087,48.19139],[-118.78081,48.19063]]],[[[-118.79438,48.08606],[-118.79453,48.08575],[-118.79423,48.08583],[-118.79421,48.08568],[-118.79389,48.08555],[-118.79397,48.08544],[-118.79429,48.08545],[-118.79427,48.08554],[-118.79464,48.08568],[-118.79491,48.08549],[-118.79516,48.08562],[-118.79534,48.08548],[-118.79565,48.08554],[-118.79543,48.08554],[-118.7947,48.08595],[-118.7947,48.0861],[-118.79497,48.08614],[-118.79472,48.08626],[-118.79438,48.08606]]],[[[-118.76586,48.20931],[-118.76631,48.20908],[-118.7667,48.20921],[-118.76681,48.20946],[-118.76664,48.20966],[-118.76591,48.20951],[-118.76586,48.20931]]],[[[-118.77364,48.21385],[-118.77386,48.21376],[-118.77396,48.21404],[-118.77454,48.21438],[-118.77359,48.21482],[-118.77332,48.2145],[-118.77364,48.21385]]],[[[-118.7571,48.25496],[-118.75703,48.25418],[-118.75719,48.25403],[-118.75711,48.25374],[-118.75658,48.2542],[-118.75597,48.25439],[-118.75491,48.25446],[-118.75433,48.25387],[-118.75459,48.25338],[-118.75445,48.25305],[-118.75396,48.25302],[-118.75323,48.25357],[-118.75308,48.25349],[-118.75289,48.25299],[-118.75212,48.25288],[-118.75213,48.25243],[-118.7519,48.25201],[-118.75129,48.25177],[-118.75113,48.25194],[-118.75069,48.25201],[-118.74984,48.2517],[-118.7498,48.25054],[-118.74955,48.24992],[-118.74962,48.24974],[-118.75003,48.24986],[-118.75013,48.24914],[-118.75064,48.24899],[-118.75022,48.24839],[-118.75068,48.24812],[-118.75044,48.2477],[-118.75048,48.24737],[-118.75121,48.24636],[-118.75141,48.24572],[-118.75259,48.24449],[-118.75262,48.24422],[-118.75317,48.24366],[-118.75329,48.24328],[-118.75412,48.24284],[-118.75489,48.24275],[-118.75599,48.24283],[-118.75687,48.24268],[-118.75706,48.24243],[-118.7573,48.24236],[-118.75798,48.24231],[-118.75838,48.24241],[-118.75899,48.2428],[-118.75908,48.24333],[-118.75934,48.24361],[-118.75818,48.24452],[-118.7578,48.2445],[-118.75758,48.24467],[-118.75705,48.24449],[-118.75713,48.24474],[-118.75689,48.24504],[-118.75687,48.24528],[-118.75724,48.24562],[-118.75728,48.24603],[-118.75789,48.24567],[-118.75858,48.24555],[-118.75934,48.24568],[-118.75967,48.24548],[-118.76004,48.24549],[-118.76032,48.24578],[-118.76036,48.24609],[-118.761,48.24607],[-118.76159,48.24622],[-118.76198,48.24675],[-118.76195,48.24701],[-118.76163,48.24717],[-118.76151,48.24791],[-118.76086,48.24803],[-118.76049,48.24926],[-118.76093,48.24984],[-118.7617,48.25041],[-118.76181,48.25063],[-118.76119,48.25203],[-118.76081,48.25247],[-118.76092,48.25257],[-118.76126,48.25248],[-118.76131,48.2527],[-118.76118,48.25286],[-118.76093,48.25304],[-118.7603,48.25316],[-118.75942,48.25388],[-118.75922,48.25388],[-118.75903,48.25357],[-118.75867,48.25338],[-118.75798,48.2535],[-118.75811,48.25379],[-118.75777,48.25447],[-118.75783,48.25473],[-118.75762,48.25465],[-118.75744,48.25501],[-118.75723,48.25506],[-118.7571,48.25496]]]]},"properties":{"fire_id":"ufid:2021-WACOA-200084","source_collection":"history-2021","source_objectid":14575,"incident_name":"Chuweah Creek Fire","mapped_acres":36753.0,"mapped_acres_source":"poly_GISAcres","gis_acres":36753.0,"auto_acres":36732.00999627299,"reported_acres":36752.0,"percent_contained":null,"state":"WA","state_wfigs":"US-WA","county":"Okanogan","discovery_time_utc":"2021-07-13T02:00:00Z","perimeter_time_utc":"2021-07-24T21:30:00Z","perimeter_edit_time_utc":"2023-03-14T15:13:42Z","incident_modified_time_utc":"2021-11-08T22:17:12Z","containment_time_utc":"2021-08-30T21:53:00Z","control_time_utc":"2021-09-07T01:11:00Z","fire_out_time_utc":"2021-09-07T01:11:00Z","fire_cause":"Natural","fire_cause_general":"Natural","map_method":"Mixed Methods","source_dataset":"FFP","unique_fire_identifier":"2021-WACOA-200084","irwin_id":"{C217EF79-0FC4-4694-8DFC-F0CF67A2CF47}","global_id":"52b52411-27b6-4c06-b8cb-45c9674de0bc"}},{"type":"Feature","geometry":{"type":"MultiPolygon","coordinates":[[[[-119.72912,48.74165],[-119.72879,48.74132],[-119.72915,48.74117],[-119.72941,48.74142],[-119.72912,48.74147],[-119.72912,48.74165]]],[[[-119.77746,48.74699],[-119.77775,48.74643],[-119.77729,48.74641],[-119.77684,48.74614],[-119.77771,48.7462],[-119.77809,48.74603],[-119.77847,48.74603],[-119.77865,48.74574],[-119.7789,48.74579],[-119.77883,48.74591],[-119.7791,48.74597],[-119.77919,48.74586],[-119.77938,48.74601],[-119.7792,48.74622],[-119.7793,48.74633],[-119.77914,48.74727],[-119.77861,48.74741],[-119.77865,48.74763],[-119.77823,48.74767],[-119.77809,48.74752],[-119.77753,48.74738],[-119.77746,48.74699]]],[[[-119.78012,48.7635],[-119.78028,48.76347],[-119.78037,48.76359],[-119.78013,48.76361],[-119.78012,48.7635]]],[[[-119.79406,48.77223],[-119.79372,48.77263],[-119.79386,48.77293],[-119.79376,48.77315],[-119.7929,48.77433],[-119.7936,48.77444],[-119.79402,48.77474],[-119.79425,48.77544],[-119.79308,48.77627],[-119.79232,48.77612],[-119.79099,48.7755],[-119.7897,48.77508],[-119.7884,48.77478],[-119.78815,48.77426],[-119.78787,48.77402],[-119.78806,48.77355],[-119.78788,48.77335],[-119.78682,48.77337],[-119.7865,48.77352],[-119.78655,48.77371],[-119.78637,48.77381],[-119.78627,48.77367],[-119.78602,48.77371],[-119.78496,48.77345],[-119.7839,48.7738],[-119.78263,48.77375],[-119.78251,48.77351],[-119.78262,48.77332],[-119.78235,48.77277],[-119.78182,48.77306],[-119.78155,48.77296],[-119.78142,48.77258],[-119.78087,48.77252],[-119.78055,48.77262],[-119.78013,48.77248],[-119.7801,48.77204],[-119.7804,48.77116],[-119.78118,48.77069],[-119.78104,48.77069],[-119.7811,48.77063],[-119.78168,48.77063],[-119.7829,48.77017],[-119.78374,48.77026],[-119.78382,48.77017],[-119.78407,48.77024],[-119.78409,48.7704],[-119.78461,48.77049],[-119.78595,48.7705],[-119.78706,48.77036],[-119.78722,48.76798],[-119.78696,48.7668],[-119.78659,48.76589],[-119.78595,48.76558],[-119.78563,48.76574],[-119.78517,48.76565],[-119.78551,48.76537],[-119.78468,48.76469],[-119.78372,48.76432],[-119.78223,48.76347],[-119.78151,48.76333],[-119.78141,48.76347],[-119.781,48.76354],[-119.78048,48.76321],[-119.77962,48.76337],[-119.77936,48.76323],[-119.77954,48.763],[-119.77919,48.76284],[-119.77819,48.76317],[-119.77811,48.76293],[-119.77618,48.76178],[-119.7753,48.76146],[-119.77495,48.76156],[-119.77352,48.76125],[-119.77331,48.76135],[-119.77259,48.7613],[-119.77216,48.76149],[-119.77149,48.76141],[-119.77127,48.76195],[-119.77023,48.76192],[-119.76996,48.76227],[-119.77039,48.76348],[-119.7706,48.76373],[-119.77094,48.76382],[-119.77081,48.76474],[-119.77113,48.76493],[-119.77122,48.76516],[-119.77106,48.76543],[-119.77266,48.76582],[-119.77268,48.76621],[-119.77238,48.76658],[-119.77206,48.76672],[-119.77187,48.76627],[-119.77095,48.76633],[-119.77083,48.76657],[-119.77082,48.76719],[-119.76996,48.76669],[-119.76962,48.76712],[-119.76932,48.76732],[-119.76911,48.76721],[-119.76884,48.76738],[-119.76824,48.768],[-119.76728,48.76803],[-119.76666,48.76774],[-119.76576,48.7678],[-119.76547,48.76801],[-119.76453,48.76824],[-119.76452,48.76888],[-119.76466,48.76897],[-119.76443,48.76929],[-119.76465,48.77053],[-119.76334,48.77146],[-119.76298,48.77136],[-119.76254,48.77087],[-119.76151,48.77123],[-119.76001,48.77097],[-119.75993,48.77089],[-119.76025,48.77058],[-119.7606,48.77061],[-119.76064,48.77052],[-119.76053,48.77],[-119.75992,48.76996],[-119.75985,48.76972],[-119.75967,48.76992],[-119.75887,48.77004],[-119.7588,48.76991],[-119.75917,48.76935],[-119.7585,48.76945],[-119.75844,48.76928],[-119.75895,48.76889],[-119.7594,48.76873],[-119.75953,48.76845],[-119.7592,48.76844],[-119.75972,48.76776],[-119.76047,48.76747],[-119.75993,48.76713],[-119.7593,48.76723],[-119.75842,48.76764],[-119.75805,48.76753],[-119.75824,48.76738],[-119.75825,48.7672],[-119.75821,48.76705],[-119.75798,48.76698],[-119.75652,48.76717],[-119.75591,48.76697],[-119.75581,48.76735],[-119.75531,48.7675],[-119.75505,48.76782],[-119.75508,48.76812],[-119.75535,48.76846],[-119.75536,48.76933],[-119.75574,48.76952],[-119.75544,48.77073],[-119.75399,48.77224],[-119.75278,48.77258],[-119.75142,48.7723],[-119.74925,48.77275],[-119.74876,48.77213],[-119.74898,48.77181],[-119.74883,48.77164],[-119.74742,48.7713],[-119.7471,48.77133],[-119.74634,48.77107],[-119.74584,48.77144],[-119.745,48.77159],[-119.74463,48.77137],[-119.74387,48.77121],[-119.74363,48.77092],[-119.74342,48.77096],[-119.74265,48.77066],[-119.74233,48.77071],[-119.74161,48.77108],[-119.74176,48.77146],[-119.7415,48.77214],[-119.74124,48.77253],[-119.74071,48.77284],[-119.73976,48.77309],[-119.73882,48.77314],[-119.73787,48.77351],[-119.73706,48.77309],[-119.73563,48.77323],[-119.73503,48.77362],[-119.73505,48.774],[-119.73476,48.77463],[-119.73489,48.77478],[-119.73432,48.77495],[-119.73382,48.77698],[-119.73352,48.77715],[-119.73361,48.77787],[-119.73299,48.77859],[-119.73272,48.77876],[-119.73259,48.7787],[-119.73245,48.77891],[-119.73219,48.77894],[-119.73127,48.77953],[-119.73068,48.78009],[-119.73035,48.78023],[-119.73033,48.78052],[-119.73005,48.78036],[-119.72936,48.7812],[-119.72866,48.78168],[-119.72797,48.78181],[-119.72793,48.78172],[-119.72823,48.78164],[-119.72816,48.78155],[-119.72779,48.78176],[-119.72678,48.78191],[-119.72589,48.78239],[-119.72563,48.78231],[-119.7247,48.78324],[-119.72395,48.78364],[-119.72201,48.78403],[-119.72161,48.78397],[-119.72135,48.78434],[-119.72194,48.7845],[-119.72239,48.78478],[-119.72257,48.78545],[-119.72307,48.78557],[-119.72305,48.7857],[-119.72283,48.78577],[-119.72297,48.78578],[-119.72303,48.786],[-119.72265,48.78636],[-119.7224,48.78624],[-119.72203,48.78645],[-119.72166,48.78684],[-119.72147,48.78676],[-119.72115,48.78697],[-119.72075,48.7869],[-119.72032,48.78726],[-119.71983,48.78744],[-119.71988,48.78765],[-119.72009,48.78776],[-119.71981,48.78804],[-119.71893,48.78809],[-119.71838,48.78784],[-119.71813,48.78818],[-119.71771,48.78831],[-119.71734,48.78795],[-119.71671,48.78791],[-119.71636,48.78805],[-119.71558,48.78785],[-119.71547,48.78772],[-119.71429,48.78801],[-119.71409,48.78791],[-119.71402,48.78765],[-119.71358,48.78751],[-119.71033,48.78843],[-119.70875,48.7886],[-119.70708,48.78842],[-119.70555,48.7886],[-119.70456,48.78886],[-119.70344,48.78956],[-119.70191,48.78968],[-119.70098,48.78907],[-119.70073,48.78829],[-119.70078,48.78794],[-119.70135,48.78671],[-119.70148,48.78502],[-119.7012,48.78398],[-119.70119,48.78327],[-119.7009,48.78267],[-119.7011,48.78171],[-119.70131,48.78137],[-119.70324,48.78115],[-119.70366,48.78079],[-119.70587,48.77983],[-119.70613,48.7795],[-119.7058,48.77922],[-119.70508,48.77928],[-119.70493,48.77908],[-119.70427,48.77917],[-119.70409,48.77874],[-119.70444,48.77853],[-119.7043,48.77834],[-119.70437,48.77778],[-119.70421,48.77766],[-119.70363,48.77755],[-119.70254,48.7779],[-119.70094,48.77769],[-119.70081,48.77757],[-119.70086,48.77724],[-119.70061,48.77712],[-119.70085,48.77681],[-119.7004,48.77665],[-119.7011,48.77619],[-119.70161,48.77608],[-119.70154,48.77576],[-119.69976,48.77509],[-119.6992,48.77403],[-119.69872,48.77347],[-119.69706,48.77221],[-119.69629,48.77117],[-119.69544,48.77136],[-119.69512,48.77199],[-119.6941,48.77213],[-119.69334,48.7713],[-119.69364,48.77072],[-119.69316,48.76996],[-119.69273,48.76983],[-119.69278,48.76932],[-119.69406,48.76905],[-119.69248,48.76841],[-119.69198,48.76777],[-119.69187,48.76717],[-119.69241,48.76657],[-119.69309,48.76635],[-119.69285,48.76607],[-119.69225,48.76586],[-119.69141,48.76591],[-119.6908,48.76567],[-119.68929,48.76542],[-119.68847,48.76572],[-119.68798,48.76572],[-119.68796,48.76591],[-119.6874,48.76604],[-119.68724,48.76637],[-119.68698,48.76654],[-119.68586,48.76681],[-119.68519,48.76713],[-119.6847,48.76718],[-119.68368,48.76766],[-119.68255,48.76679],[-119.68255,48.76646],[-119.68364,48.76401],[-119.68394,48.76278],[-119.684,48.76043],[-119.68427,48.75979],[-119.68389,48.75921],[-119.68338,48.75904],[-119.68289,48.75906],[-119.68515,48.75524],[-119.68718,48.75144],[-119.68784,48.7514],[-119.68855,48.75105],[-119.68896,48.7504],[-119.69008,48.74935],[-119.69012,48.74909],[-119.69159,48.7484],[-119.69251,48.74767],[-119.69289,48.74753],[-119.69435,48.74723],[-119.69513,48.74723],[-119.69534,48.74705],[-119.69679,48.74945],[-119.69501,48.752],[-119.69518,48.75396],[-119.69512,48.75643],[-119.6966,48.75604],[-119.6969,48.75475],[-119.69771,48.75373],[-119.69848,48.75301],[-119.69964,48.75253],[-119.70064,48.75145],[-119.70138,48.75147],[-119.70253,48.75071],[-119.70366,48.75036],[-119.70393,48.75016],[-119.70536,48.74998],[-119.70552,48.74974],[-119.70538,48.74947],[-119.70551,48.74931],[-119.70545,48.74907],[-119.70569,48.74887],[-119.70623,48.7488],[-119.70679,48.74834],[-119.70722,48.74881],[-119.70706,48.74912],[-119.70733,48.74928],[-119.70749,48.7497],[-119.70784,48.74979],[-119.70852,48.75025],[-119.70855,48.75035],[-119.70828,48.75057],[-119.70761,48.75083],[-119.70816,48.75165],[-119.70924,48.75139],[-119.70934,48.75165],[-119.70912,48.75213],[-119.70931,48.7523],[-119.70947,48.75237],[-119.70943,48.75216],[-119.70961,48.75211],[-119.71106,48.75234],[-119.71114,48.75241],[-119.71049,48.75277],[-119.71046,48.75339],[-119.71228,48.75386],[-119.71226,48.75364],[-119.71255,48.75323],[-119.71294,48.75321],[-119.71335,48.75299],[-119.71317,48.75241],[-119.71343,48.75228],[-119.71416,48.75253],[-119.71411,48.75285],[-119.71429,48.75291],[-119.71463,48.75281],[-119.71473,48.75247],[-119.71496,48.75235],[-119.71644,48.75287],[-119.71724,48.75266],[-119.71751,48.75288],[-119.7177,48.75334],[-119.71811,48.75328],[-119.71882,48.75291],[-119.71883,48.75269],[-119.71827,48.75245],[-119.71815,48.75219],[-119.71939,48.75223],[-119.71964,48.75203],[-119.71958,48.75176],[-119.71973,48.75165],[-119.71965,48.75136],[-119.71989,48.75096],[-119.72092,48.7503],[-119.72084,48.75012],[-119.72038,48.75005],[-119.72009,48.75017],[-119.71973,48.75006],[-119.71902,48.74929],[-119.71859,48.7494],[-119.71837,48.74926],[-119.71878,48.74913],[-119.71884,48.74891],[-119.71861,48.74881],[-119.71896,48.7485],[-119.71949,48.74829],[-119.71977,48.74791],[-119.72215,48.74857],[-119.72277,48.74847],[-119.72378,48.748],[-119.72452,48.74808],[-119.72508,48.74847],[-119.72635,48.74834],[-119.72666,48.7484],[-119.72679,48.74858],[-119.72653,48.74886],[-119.72667,48.74897],[-119.72754,48.74853],[-119.72797,48.74883],[-119.72782,48.74928],[-119.72792,48.74945],[-119.72853,48.74953],[-119.72862,48.74973],[-119.72927,48.75021],[-119.72959,48.75007],[-119.72966,48.74956],[-119.72944,48.74916],[-119.7295,48.74893],[-119.73144,48.74951],[-119.73196,48.74866],[-119.73245,48.74824],[-119.73187,48.74822],[-119.73129,48.74766],[-119.73116,48.74727],[-119.73147,48.74724],[-119.73245,48.74672],[-119.73233,48.74656],[-119.73239,48.74624],[-119.73169,48.74647],[-119.73079,48.74572],[-119.73035,48.74565],[-119.73014,48.7453],[-119.73051,48.7448],[-119.73025,48.7445],[-119.73034,48.7442],[-119.73061,48.74402],[-119.73149,48.74384],[-119.73201,48.74388],[-119.73232,48.74411],[-119.73245,48.74432],[-119.73228,48.74471],[-119.73235,48.7449],[-119.73252,48.74493],[-119.73281,48.74527],[-119.7329,48.74523],[-119.73303,48.7447],[-119.73268,48.74402],[-119.73292,48.74389],[-119.7325,48.74378],[-119.73269,48.74335],[-119.73289,48.74322],[-119.73183,48.74292],[-119.73175,48.74268],[-119.73142,48.74257],[-119.73163,48.74226],[-119.7309,48.7419],[-119.73122,48.74149],[-119.73112,48.74126],[-119.73121,48.74094],[-119.73225,48.741],[-119.73238,48.74064],[-119.73451,48.74061],[-119.73494,48.74102],[-119.7365,48.74325],[-119.73787,48.74447],[-119.73887,48.74433],[-119.73965,48.74371],[-119.74001,48.74419],[-119.74125,48.74489],[-119.74194,48.7448],[-119.74379,48.74527],[-119.74482,48.74575],[-119.74521,48.74569],[-119.74557,48.7459],[-119.74683,48.74606],[-119.74728,48.74642],[-119.74805,48.74644],[-119.74953,48.7468],[-119.75018,48.74723],[-119.75113,48.74711],[-119.75222,48.74749],[-119.7532,48.7472],[-119.75324,48.74704],[-119.75396,48.74668],[-119.75441,48.74664],[-119.75502,48.74604],[-119.75528,48.74598],[-119.75538,48.7457],[-119.75576,48.74554],[-119.75573,48.74526],[-119.75666,48.74452],[-119.75718,48.7439],[-119.75717,48.74377],[-119.75767,48.74365],[-119.75779,48.74345],[-119.75796,48.74342],[-119.75775,48.74337],[-119.75775,48.74323],[-119.75839,48.7431],[-119.75809,48.74282],[-119.75879,48.74282],[-119.76042,48.74254],[-119.76082,48.74234],[-119.76194,48.74239],[-119.76202,48.7422],[-119.7636,48.74136],[-119.76386,48.74102],[-119.7642,48.74112],[-119.76435,48.74138],[-119.76465,48.74147],[-119.76507,48.74135],[-119.765,48.74148],[-119.76547,48.74185],[-119.76575,48.74144],[-119.76583,48.74105],[-119.76605,48.74098],[-119.76621,48.74123],[-119.76667,48.7415],[-119.7664,48.74152],[-119.76638,48.74184],[-119.76665,48.74186],[-119.76716,48.74157],[-119.76737,48.74184],[-119.76752,48.74184],[-119.76764,48.74154],[-119.76784,48.74147],[-119.76801,48.7416],[-119.76811,48.74174],[-119.76798,48.74188],[-119.76847,48.74238],[-119.76848,48.74281],[-119.76964,48.74376],[-119.7698,48.74408],[-119.77101,48.74449],[-119.77153,48.74486],[-119.77152,48.74499],[-119.77238,48.74548],[-119.77254,48.74551],[-119.77267,48.74529],[-119.77308,48.74531],[-119.77324,48.74556],[-119.77317,48.74573],[-119.77402,48.7459],[-119.77496,48.74634],[-119.77618,48.74724],[-119.77658,48.74723],[-119.77666,48.74755],[-119.77748,48.74777],[-119.77729,48.74819],[-119.77745,48.74831],[-119.77744,48.74852],[-119.77714,48.74865],[-119.77691,48.74903],[-119.77641,48.74916],[-119.77622,48.74967],[-119.7768,48.74972],[-119.77675,48.74994],[-119.77724,48.74985],[-119.77753,48.74997],[-119.77748,48.7501],[-119.77762,48.75026],[-119.77794,48.75036],[-119.77743,48.75048],[-119.77768,48.75061],[-119.77735,48.7508],[-119.77783,48.75085],[-119.77787,48.75106],[-119.77824,48.7512],[-119.77851,48.75091],[-119.77868,48.7509],[-119.77911,48.7515],[-119.77931,48.75127],[-119.77961,48.75117],[-119.78041,48.75134],[-119.78037,48.75168],[-119.78059,48.75166],[-119.78051,48.75181],[-119.7808,48.75208],[-119.78089,48.75236],[-119.78063,48.75263],[-119.78068,48.75302],[-119.78128,48.7545],[-119.78218,48.75528],[-119.78314,48.75528],[-119.78333,48.75509],[-119.78373,48.75517],[-119.78432,48.75555],[-119.78444,48.75581],[-119.78479,48.75602],[-119.78471,48.75614],[-119.78509,48.75594],[-119.78608,48.75579],[-119.78642,48.75557],[-119.7866,48.75563],[-119.78692,48.7559],[-119.78656,48.75627],[-119.78597,48.75659],[-119.78583,48.75687],[-119.78583,48.75728],[-119.78723,48.75825],[-119.78814,48.75713],[-119.78905,48.75696],[-119.78916,48.75644],[-119.79157,48.75582],[-119.79207,48.75592],[-119.79311,48.75646],[-119.79307,48.75736],[-119.79284,48.7575],[-119.79169,48.7577],[-119.79132,48.75813],[-119.79099,48.75898],[-119.79098,48.75923],[-119.79121,48.75947],[-119.79108,48.76017],[-119.79082,48.76051],[-119.79122,48.76062],[-119.79166,48.76138],[-119.79245,48.76173],[-119.7927,48.76146],[-119.79358,48.76141],[-119.79379,48.7617],[-119.79406,48.76172],[-119.79426,48.76153],[-119.79412,48.76109],[-119.79371,48.76102],[-119.79362,48.76072],[-119.79391,48.76059],[-119.79441,48.76068],[-119.79514,48.76188],[-119.79549,48.762],[-119.79571,48.76187],[-119.79657,48.76204],[-119.7973,48.76173],[-119.79823,48.76175],[-119.79836,48.76194],[-119.79819,48.76225],[-119.79788,48.76244],[-119.79745,48.76243],[-119.7976,48.76266],[-119.79702,48.76298],[-119.79687,48.76323],[-119.79641,48.76329],[-119.79619,48.76364],[-119.79639,48.76388],[-119.79724,48.76311],[-119.79745,48.76313],[-119.7977,48.76345],[-119.79781,48.76345],[-119.7977,48.76326],[-119.79786,48.76307],[-119.79849,48.76313],[-119.79887,48.76369],[-119.79905,48.76341],[-119.79984,48.76306],[-119.7994,48.76253],[-119.79964,48.76242],[-119.80007,48.76244],[-119.8008,48.76277],[-119.8012,48.76275],[-119.80142,48.76291],[-119.80134,48.7631],[-119.80059,48.76352],[-119.8008,48.7638],[-119.80054,48.76414],[-119.80102,48.76441],[-119.80119,48.76464],[-119.80115,48.76496],[-119.80105,48.76498],[-119.80129,48.76511],[-119.80142,48.7644],[-119.80163,48.76427],[-119.80234,48.76431],[-119.80281,48.76464],[-119.80311,48.76503],[-119.80305,48.76518],[-119.80329,48.76519],[-119.80349,48.76546],[-119.80273,48.76598],[-119.80266,48.76616],[-119.80343,48.76608],[-119.80392,48.76624],[-119.80459,48.76688],[-119.80528,48.76675],[-119.8071,48.76732],[-119.80785,48.7673],[-119.80798,48.76771],[-119.80898,48.76827],[-119.80946,48.76807],[-119.80952,48.76855],[-119.80972,48.76858],[-119.8094,48.76928],[-119.80887,48.76957],[-119.80847,48.77006],[-119.8075,48.77018],[-119.80648,48.77059],[-119.80591,48.77067],[-119.8048,48.77016],[-119.80464,48.77038],[-119.80508,48.77064],[-119.80529,48.77116],[-119.80508,48.77148],[-119.80472,48.77168],[-119.80489,48.77168],[-119.8049,48.77182],[-119.80569,48.77183],[-119.80594,48.77212],[-119.80558,48.77262],[-119.80569,48.77307],[-119.80461,48.77328],[-119.80442,48.7735],[-119.80407,48.77343],[-119.80403,48.77355],[-119.80431,48.77369],[-119.80417,48.77408],[-119.80428,48.77436],[-119.80368,48.77466],[-119.8031,48.77468],[-119.8029,48.77455],[-119.80308,48.77402],[-119.80344,48.774],[-119.80359,48.77383],[-119.8035,48.7734],[-119.80303,48.77302],[-119.802,48.77334],[-119.80184,48.77301],[-119.8013,48.77311],[-119.80112,48.77292],[-119.80051,48.77269],[-119.8,48.77284],[-119.79928,48.77277],[-119.79832,48.77289],[-119.79721,48.77272],[-119.79668,48.77243],[-119.79638,48.77208],[-119.79639,48.77193],[-119.796,48.77173],[-119.7959,48.77146],[-119.79626,48.77149],[-119.79664,48.77185],[-119.79736,48.77201],[-119.79775,48.77199],[-119.79795,48.77175],[-119.79856,48.77192],[-119.79967,48.77138],[-119.79974,48.77119],[-119.79938,48.77049],[-119.79907,48.77037],[-119.79869,48.76995],[-119.7989,48.76985],[-119.79894,48.76968],[-119.79828,48.76919],[-119.79676,48.76964],[-119.79658,48.76949],[-119.79688,48.76923],[-119.79665,48.7692],[-119.79641,48.76883],[-119.79591,48.76883],[-119.79586,48.76899],[-119.79638,48.7692],[-119.79608,48.76945],[-119.79605,48.7701],[-119.79593,48.77026],[-119.79534,48.77024],[-119.79567,48.77038],[-119.79554,48.77057],[-119.79564,48.77066],[-119.79542,48.77074],[-119.79567,48.77097],[-119.79543,48.77101],[-119.79515,48.77143],[-119.79478,48.7716],[-119.79499,48.77183],[-119.79481,48.77204],[-119.79406,48.77223]]],[[[-119.79018,48.77655],[-119.78963,48.77649],[-119.78955,48.77622],[-119.78969,48.7761],[-119.79045,48.77618],[-119.79046,48.77642],[-119.79018,48.77655]]],[[[-119.72518,48.74232],[-119.72461,48.74229],[-119.72425,48.74192],[-119.72451,48.74158],[-119.72465,48.74157],[-119.72463,48.7414],[-119.72494,48.74126],[-119.72412,48.74062],[-119.72357,48.741],[-119.72181,48.74123],[-119.7208,48.74118],[-119.72065,48.74106],[-119.72092,48.74091],[-119.72093,48.74048],[-119.72113,48.74017],[-119.7229,48.73976],[-119.72292,48.73958],[-119.72581,48.73949],[-119.72642,48.74037],[-119.72653,48.74082],[-119.726,48.74096],[-119.72634,48.74093],[-119.72659,48.74109],[-119.7267,48.74153],[-119.72714,48.74193],[-119.72726,48.74223],[-119.72642,48.74251],[-119.72542,48.74247],[-119.72518,48.74232]]],[[[-119.72535,48.74596],[-119.72532,48.74575],[-119.72466,48.74532],[-119.72421,48.7454],[-119.72412,48.74598],[-119.72335,48.74629],[-119.72317,48.74624],[-119.7224,48.74591],[-119.72234,48.74566],[-119.72248,48.74541],[-119.72231,48.74486],[-119.72342,48.74435],[-119.72369,48.74392],[-119.72353,48.74349],[-119.72392,48.74314],[-119.72437,48.74312],[-119.7267,48.74379],[-119.72741,48.74356],[-119.72741,48.74415],[-119.72767,48.74434],[-119.72764,48.74451],[-119.72691,48.74497],[-119.72726,48.74528],[-119.72712,48.74592],[-119.7272,48.74634],[-119.72758,48.74675],[-119.72757,48.74706],[-119.72734,48.7472],[-119.72703,48.74718],[-119.72566,48.746],[-119.72535,48.74596]]]]},"properties":{"fire_id":"ufid:2021-WANES-002310","source_collection":"history-2021","source_objectid":14597,"incident_name":"Chickadee Creek","mapped_acres":5855.0,"mapped_acres_source":"poly_GISAcres","gis_acres":5855.0,"auto_acres":5851.627964459522,"reported_acres":5855.0,"percent_contained":null,"state":"WA","state_wfigs":"US-WA","county":"Okanogan","discovery_time_utc":"2021-08-04T19:48:00Z","perimeter_time_utc":null,"perimeter_edit_time_utc":"2023-03-14T15:13:42Z","incident_modified_time_utc":"2022-01-13T00:17:52Z","containment_time_utc":"2021-09-18T00:15:00Z","control_time_utc":"2022-01-01T07:59:00Z","fire_out_time_utc":"2022-01-01T07:59:00Z","fire_cause":"Natural","fire_cause_general":"Natural","map_method":"Mixed Methods","source_dataset":"FFP","unique_fire_identifier":"2021-WANES-002310","irwin_id":"{4952EF9D-9038-4292-AE95-4994DA495618}","global_id":"0ba4fee7-35fc-4ebf-9e66-5126fade3436"}},{"type":"Feature","geometry":{"type":"MultiPolygon","coordinates":[[[[-117.70547,46.09171],[-117.7049,46.09171],[-117.70467,46.09091],[-117.70479,46.09042],[-117.7058,46.09025],[-117.7058,46.0905],[-117.7055,46.09052],[-117.70568,46.09081],[-117.70571,46.09157],[-117.70547,46.09171]]],[[[-117.6975,46.09162],[-117.69732,46.09178],[-117.69714,46.09167],[-117.69722,46.09154],[-117.6975,46.09162]]],[[[-117.6834,46.09683],[-117.68319,46.09691],[-117.68303,46.09678],[-117.68311,46.09662],[-117.6834,46.09683]]],[[[-117.76058,46.09826],[-117.76055,46.09807],[-117.7616,46.09811],[-117.76167,46.09854],[-117.76106,46.0985],[-117.76106,46.09834],[-117.76058,46.09826]]],[[[-117.70897,46.09914],[-117.71023,46.09905],[-117.71085,46.09929],[-117.71061,46.09993],[-117.70988,46.10015],[-117.70972,46.10001],[-117.70921,46.10007],[-117.70895,46.09987],[-117.70897,46.09914]]],[[[-117.67464,46.10504],[-117.67492,46.10485],[-117.6749,46.10456],[-117.67516,46.10451],[-117.67525,46.10463],[-117.67515,46.10491],[-117.67464,46.10504]]],[[[-117.78016,46.1114],[-117.77963,46.1115],[-117.77966,46.11131],[-117.78013,46.11122],[-117.78016,46.1114]]],[[[-117.71556,46.11588],[-117.7153,46.11605],[-117.71501,46.11605],[-117.71482,46.11585],[-117.71445,46.11575],[-117.71445,46.11551],[-117.71464,46.11537],[-117.71523,46.11532],[-117.71517,46.1155],[-117.71556,46.11569],[-117.71556,46.11588]]],[[[-117.67587,46.11766],[-117.67609,46.11766],[-117.67606,46.11778],[-117.67587,46.11766]]],[[[-117.67651,46.1179],[-117.67645,46.11759],[-117.67726,46.11786],[-117.67711,46.11802],[-117.67651,46.1179]]],[[[-117.7513,46.12003],[-117.75131,46.12023],[-117.75114,46.12023],[-117.75102,46.12048],[-117.75064,46.12053],[-117.75028,46.12034],[-117.75028,46.12],[-117.74999,46.11996],[-117.74989,46.11979],[-117.75028,46.11972],[-117.75032,46.1195],[-117.75093,46.11943],[-117.75092,46.11963],[-117.75144,46.11967],[-117.75148,46.12003],[-117.7513,46.12003]]],[[[-117.75181,46.11976],[-117.75229,46.11988],[-117.75221,46.1205],[-117.75166,46.1205],[-117.75162,46.11983],[-117.75181,46.11976]]],[[[-117.75932,46.12097],[-117.75916,46.1203],[-117.75965,46.12058],[-117.75957,46.12102],[-117.75932,46.12097]]],[[[-117.75277,46.12112],[-117.75327,46.12119],[-117.75331,46.12144],[-117.75306,46.12167],[-117.75275,46.12169],[-117.75277,46.12112]]],[[[-117.75116,46.12479],[-117.75055,46.12499],[-117.75037,46.12467],[-117.75099,46.12465],[-117.75116,46.12479]]],[[[-117.72705,46.12962],[-117.72702,46.1298],[-117.72644,46.12995],[-117.72651,46.12953],[-117.72688,46.12947],[-117.72705,46.12962]]],[[[-117.68275,46.17949],[-117.68362,46.17902],[-117.68397,46.17905],[-117.6837,46.17942],[-117.68317,46.17969],[-117.68281,46.17961],[-117.68275,46.17949]]],[[[-117.68568,46.17945],[-117.68554,46.17969],[-117.6853,46.17951],[-117.68545,46.17937],[-117.68568,46.17945]]],[[[-117.68944,46.18051],[-117.68945,46.18077],[-117.68902,46.18087],[-117.68889,46.18069],[-117.68904,46.18047],[-117.68944,46.18051]]],[[[-117.68817,46.18084],[-117.68798,46.18089],[-117.68788,46.18072],[-117.68819,46.18072],[-117.68817,46.18084]]],[[[-117.68735,46.18095],[-117.68694,46.1809],[-117.68714,46.18067],[-117.68743,46.18076],[-117.68735,46.18095]]],[[[-117.71234,46.20111],[-117.71244,46.20093],[-117.71221,46.20084],[-117.71191,46.20093],[-117.71127,46.20072],[-117.71146,46.20048],[-117.71248,46.20015],[-117.7127,46.19997],[-117.71281,46.20007],[-117.71368,46.2001],[-117.71387,46.20034],[-117.71461,46.20033],[-117.71508,46.20097],[-117.71483,46.20138],[-117.71498,46.2015],[-117.71491,46.2016],[-117.7142,46.20135],[-117.71334,46.20156],[-117.71325,46.20137],[-117.71304,46.20141],[-117.71271,46.20111],[-117.71234,46.20111]]],[[[-117.67199,46.09776],[-117.67214,46.09844],[-117.67121,46.09857],[-117.67109,46.09893],[-117.67014,46.09962],[-117.66916,46.09962],[-117.66873,46.09939],[-117.66874,46.09925],[-117.66833,46.09896],[-117.66849,46.09862],[-117.66883,46.09861],[-117.66909,46.09822],[-117.66992,46.09806],[-117.67016,46.09816],[-117.67016,46.09765],[-117.67199,46.09776]]],[[[-117.57735,46.11754],[-117.57766,46.11767],[-117.57763,46.11787],[-117.5773,46.11779],[-117.57735,46.11754]]],[[[-117.64956,46.11881],[-117.64996,46.11905],[-117.65003,46.11959],[-117.64956,46.12007],[-117.6495,46.12047],[-117.64904,46.12044],[-117.64897,46.12018],[-117.64928,46.12002],[-117.64933,46.11986],[-117.64917,46.1196],[-117.64934,46.11936],[-117.64937,46.11898],[-117.64956,46.11881]]],[[[-117.67016,46.12009],[-117.66981,46.12008],[-117.66981,46.11996],[-117.67016,46.11991],[-117.67016,46.12009]]],[[[-117.65002,46.12008],[-117.65033,46.12015],[-117.65035,46.12046],[-117.64985,46.12046],[-117.64959,46.12025],[-117.65002,46.12008]]],[[[-117.65699,46.12046],[-117.65728,46.12041],[-117.65745,46.12052],[-117.65748,46.12073],[-117.65693,46.12091],[-117.65625,46.12059],[-117.65617,46.12038],[-117.65662,46.12035],[-117.65671,46.12005],[-117.65696,46.12001],[-117.65699,46.12046]]],[[[-117.6612,46.21778],[-117.65751,46.21816],[-117.65735,46.21789],[-117.65684,46.21818],[-117.65619,46.21768],[-117.65574,46.21684],[-117.65562,46.2161],[-117.65568,46.21539],[-117.65532,46.2147],[-117.65518,46.21375],[-117.65469,46.21299],[-117.6537,46.21343],[-117.65301,46.214],[-117.65261,46.21386],[-117.65183,46.21384],[-117.6509,46.21355],[-117.64935,46.21215],[-117.64821,46.2116],[-117.64778,46.21117],[-117.64745,46.2111],[-117.64687,46.21235],[-117.64675,46.21293],[-117.64685,46.2134],[-117.64718,46.2135],[-117.64735,46.214],[-117.64773,46.21423],[-117.64809,46.2149],[-117.64842,46.21516],[-117.64844,46.21547],[-117.64823,46.21573],[-117.6476,46.21551],[-117.64636,46.21556],[-117.64594,46.21583],[-117.64445,46.21607],[-117.64406,46.21607],[-117.64376,46.2159],[-117.64335,46.21595],[-117.64243,46.21543],[-117.64117,46.21372],[-117.64021,46.21331],[-117.63909,46.2139],[-117.63904,46.21438],[-117.63835,46.215],[-117.63745,46.2146],[-117.6371,46.2147],[-117.63679,46.21462],[-117.63614,46.21429],[-117.63507,46.21306],[-117.63465,46.21279],[-117.633,46.21305],[-117.63257,46.21307],[-117.63234,46.21295],[-117.6312,46.21303],[-117.63158,46.2125],[-117.6316,46.21212],[-117.63239,46.21153],[-117.63281,46.2106],[-117.63298,46.20989],[-117.63299,46.20828],[-117.63295,46.20793],[-117.63265,46.20768],[-117.63252,46.20817],[-117.63212,46.2081],[-117.6315,46.20848],[-117.63091,46.20812],[-117.63021,46.20805],[-117.62957,46.2091],[-117.62948,46.20952],[-117.62798,46.21019],[-117.62719,46.21074],[-117.62632,46.21036],[-117.62579,46.21099],[-117.62526,46.21085],[-117.62491,46.21054],[-117.62436,46.21046],[-117.62365,46.21087],[-117.62312,46.21147],[-117.62303,46.21175],[-117.62269,46.21193],[-117.6226,46.21259],[-117.62222,46.21266],[-117.62182,46.21236],[-117.6206,46.21261],[-117.61986,46.21251],[-117.61899,46.21304],[-117.61904,46.21324],[-117.61866,46.21342],[-117.61829,46.21256],[-117.61798,46.2123],[-117.61812,46.21151],[-117.61839,46.21089],[-117.61932,46.21012],[-117.61889,46.20981],[-117.61885,46.20952],[-117.61868,46.20946],[-117.61837,46.20969],[-117.61804,46.2097],[-117.61803,46.20987],[-117.6175,46.21035],[-117.61701,46.20968],[-117.6166,46.2097],[-117.61639,46.21004],[-117.61678,46.21057],[-117.61699,46.21063],[-117.61672,46.21144],[-117.61658,46.2117],[-117.61611,46.21174],[-117.61518,46.21337],[-117.6152,46.2136],[-117.61504,46.21364],[-117.61433,46.21491],[-117.61499,46.21481],[-117.61506,46.21512],[-117.61482,46.21559],[-117.61377,46.21544],[-117.61275,46.21513],[-117.61239,46.21552],[-117.61168,46.21569],[-117.61125,46.21569],[-117.61125,46.21549],[-117.61109,46.21542],[-117.60987,46.21533],[-117.60968,46.21492],[-117.60875,46.21449],[-117.60845,46.2142],[-117.60851,46.21393],[-117.60775,46.21372],[-117.60628,46.21485],[-117.60584,46.21462],[-117.60583,46.21504],[-117.60602,46.21519],[-117.60602,46.2154],[-117.60571,46.21559],[-117.60449,46.21585],[-117.60426,46.21573],[-117.60342,46.21571],[-117.60292,46.21556],[-117.60232,46.21514],[-117.6022,46.2158],[-117.60273,46.21597],[-117.60257,46.21623],[-117.60197,46.21645],[-117.60163,46.21622],[-117.60025,46.21637],[-117.59761,46.21571],[-117.5973,46.2159],[-117.59685,46.21573],[-117.59666,46.21531],[-117.59685,46.21491],[-117.59641,46.21485],[-117.5963,46.21456],[-117.5962,46.21466],[-117.59578,46.21463],[-117.59548,46.21497],[-117.59431,46.21569],[-117.59398,46.21569],[-117.59364,46.21544],[-117.59361,46.21564],[-117.5932,46.21566],[-117.5931,46.21588],[-117.59207,46.21624],[-117.59029,46.21619],[-117.58993,46.21645],[-117.58958,46.21652],[-117.58855,46.21641],[-117.58742,46.21655],[-117.58662,46.21653],[-117.58596,46.21626],[-117.58562,46.21649],[-117.58504,46.21615],[-117.5848,46.21579],[-117.58494,46.21569],[-117.58477,46.21539],[-117.58468,46.21472],[-117.58413,46.21438],[-117.58358,46.21427],[-117.58308,46.21365],[-117.58259,46.21384],[-117.58144,46.21372],[-117.58146,46.21352],[-117.5818,46.21356],[-117.5813,46.21338],[-117.58132,46.21324],[-117.58184,46.21317],[-117.58239,46.21243],[-117.58182,46.21246],[-117.58146,46.21283],[-117.58088,46.21296],[-117.58114,46.21323],[-117.58114,46.21354],[-117.58088,46.2137],[-117.58009,46.21332],[-117.57921,46.21312],[-117.57887,46.21364],[-117.57842,46.21387],[-117.57833,46.21437],[-117.57809,46.21446],[-117.5777,46.21417],[-117.57692,46.21495],[-117.57631,46.21491],[-117.57593,46.21508],[-117.5753,46.2149],[-117.57508,46.21526],[-117.57256,46.21581],[-117.57178,46.21619],[-117.57135,46.21699],[-117.57102,46.21711],[-117.57077,46.21698],[-117.57043,46.21701],[-117.56993,46.21674],[-117.56963,46.21676],[-117.56925,46.21654],[-117.56918,46.21596],[-117.569,46.21584],[-117.56888,46.21608],[-117.56854,46.2161],[-117.56823,46.21551],[-117.56719,46.21553],[-117.56719,46.21513],[-117.56769,46.21449],[-117.56855,46.21415],[-117.56892,46.21369],[-117.57094,46.21324],[-117.5713,46.21279],[-117.57187,46.21257],[-117.57211,46.21222],[-117.57356,46.21183],[-117.57398,46.2122],[-117.57511,46.21207],[-117.57571,46.2118],[-117.57643,46.21189],[-117.57677,46.21167],[-117.57708,46.21169],[-117.57716,46.21196],[-117.57804,46.21201],[-117.5787,46.21185],[-117.57867,46.21149],[-117.57834,46.21123],[-117.57782,46.21106],[-117.57772,46.2102],[-117.57729,46.20977],[-117.57798,46.2088],[-117.57796,46.20844],[-117.57729,46.208],[-117.57725,46.20824],[-117.57701,46.20822],[-117.57698,46.2079],[-117.57632,46.20754],[-117.57577,46.20694],[-117.57534,46.20681],[-117.57532,46.20657],[-117.57596,46.20636],[-117.57642,46.20636],[-117.57758,46.20675],[-117.57765,46.20656],[-117.57699,46.20608],[-117.57652,46.20624],[-117.57605,46.20601],[-117.57598,46.20575],[-117.57578,46.20559],[-117.5758,46.20528],[-117.57598,46.20528],[-117.57597,46.20482],[-117.57627,46.20477],[-117.5767,46.20513],[-117.57731,46.20463],[-117.57728,46.20438],[-117.57751,46.20434],[-117.5776,46.20402],[-117.57741,46.20322],[-117.5776,46.20294],[-117.57793,46.20284],[-117.578,46.20268],[-117.57876,46.2028],[-117.57906,46.20234],[-117.57979,46.2022],[-117.58037,46.20217],[-117.58045,46.20235],[-117.58109,46.2026],[-117.58167,46.20243],[-117.58171,46.20205],[-117.58197,46.2016],[-117.58186,46.20127],[-117.58152,46.20109],[-117.58149,46.20128],[-117.58085,46.20122],[-117.5809,46.20048],[-117.58081,46.20046],[-117.58048,46.20082],[-117.57943,46.20086],[-117.57932,46.20111],[-117.57875,46.20106],[-117.57875,46.2009],[-117.57854,46.20091],[-117.57845,46.20055],[-117.5785,46.20032],[-117.57881,46.20003],[-117.57935,46.19979],[-117.57995,46.19984],[-117.58001,46.19972],[-117.58167,46.19932],[-117.58314,46.19935],[-117.58355,46.19906],[-117.58339,46.19897],[-117.58361,46.19851],[-117.58428,46.19805],[-117.5854,46.1981],[-117.58539,46.19796],[-117.58656,46.19792],[-117.58717,46.19735],[-117.58687,46.19729],[-117.58665,46.19709],[-117.58582,46.1971],[-117.5858,46.19684],[-117.5847,46.1961],[-117.58495,46.19574],[-117.58487,46.19565],[-117.58447,46.19565],[-117.58444,46.19581],[-117.58424,46.19582],[-117.5836,46.19499],[-117.58381,46.19453],[-117.58324,46.19435],[-117.58244,46.19371],[-117.58208,46.19359],[-117.58193,46.19346],[-117.58198,46.19323],[-117.58161,46.19289],[-117.58153,46.19257],[-117.58119,46.19255],[-117.58087,46.19229],[-117.58044,46.19234],[-117.58035,46.19195],[-117.58021,46.19192],[-117.58011,46.19115],[-117.5804,46.19115],[-117.5807,46.19134],[-117.58075,46.1912],[-117.58097,46.1912],[-117.58128,46.19136],[-117.58183,46.19057],[-117.58377,46.19034],[-117.58537,46.19089],[-117.58563,46.19055],[-117.58544,46.1901],[-117.5846,46.1896],[-117.58409,46.18948],[-117.58346,46.18882],[-117.58363,46.18837],[-117.58346,46.1881],[-117.58311,46.18803],[-117.58291,46.18768],[-117.58244,46.18746],[-117.58168,46.1877],[-117.58137,46.18806],[-117.58201,46.18868],[-117.58168,46.18884],[-117.58127,46.18877],[-117.58103,46.18889],[-117.58118,46.18941],[-117.58113,46.18977],[-117.5807,46.19003],[-117.58039,46.19006],[-117.5797,46.18946],[-117.57958,46.18882],[-117.5797,46.18851],[-117.57868,46.18851],[-117.57847,46.18872],[-117.57906,46.18875],[-117.5792,46.18894],[-117.57873,46.19001],[-117.57868,46.19039],[-117.57884,46.1905],[-117.57873,46.19078],[-117.5782,46.19133],[-117.57787,46.1915],[-117.57751,46.1915],[-117.57732,46.19128],[-117.57696,46.19126],[-117.57667,46.19156],[-117.57622,46.19139],[-117.57565,46.19089],[-117.57455,46.19125],[-117.574,46.19126],[-117.57341,46.19101],[-117.57369,46.19046],[-117.57354,46.19028],[-117.57409,46.19005],[-117.57425,46.18973],[-117.57489,46.1893],[-117.57594,46.18928],[-117.57587,46.1891],[-117.5763,46.18894],[-117.57666,46.18908],[-117.5768,46.18939],[-117.57653,46.18954],[-117.57677,46.18968],[-117.5774,46.18965],[-117.5777,46.18903],[-117.57742,46.18844],[-117.57697,46.18825],[-117.57682,46.18772],[-117.57718,46.18729],[-117.57778,46.18732],[-117.57808,46.18701],[-117.5782,46.18656],[-117.57806,46.18641],[-117.57751,46.18677],[-117.57709,46.18677],[-117.57685,46.18637],[-117.57561,46.18653],[-117.57535,46.18618],[-117.57387,46.18682],[-117.57306,46.18703],[-117.57228,46.18696],[-117.57209,46.18586],[-117.57109,46.18582],[-117.57085,46.18613],[-117.56992,46.18656],[-117.56933,46.18584],[-117.56845,46.1863],[-117.5675,46.18637],[-117.56723,46.1862],[-117.56745,46.18575],[-117.56888,46.18563],[-117.56913,46.1854],[-117.56863,46.18504],[-117.56855,46.18476],[-117.56929,46.18434],[-117.56909,46.18413],[-117.56804,46.18382],[-117.56747,46.18437],[-117.5662,46.18421],[-117.56616,46.18452],[-117.56573,46.18442],[-117.56591,46.184],[-117.56581,46.18384],[-117.56588,46.18277],[-117.56638,46.1827],[-117.56633,46.18192],[-117.56547,46.18045],[-117.56514,46.18013],[-117.56459,46.1813],[-117.56383,46.18147],[-117.56346,46.18086],[-117.56298,46.18108],[-117.56191,46.18259],[-117.56129,46.18325],[-117.5615,46.18378],[-117.56114,46.18405],[-117.56114,46.18421],[-117.56141,46.18458],[-117.56109,46.18486],[-117.56089,46.18546],[-117.56063,46.18554],[-117.56039,46.18542],[-117.56006,46.18568],[-117.56022,46.18616],[-117.55987,46.18656],[-117.55931,46.18683],[-117.55822,46.18661],[-117.5582,46.18643],[-117.55854,46.18621],[-117.55828,46.18599],[-117.55827,46.18572],[-117.55683,46.18584],[-117.55646,46.18627],[-117.55523,46.18654],[-117.55498,46.18645],[-117.55518,46.18581],[-117.55492,46.18587],[-117.5538,46.18566],[-117.55304,46.18615],[-117.55271,46.18597],[-117.55278,46.18586],[-117.55138,46.18587],[-117.55115,46.18506],[-117.55081,46.18478],[-117.55025,46.18497],[-117.55018,46.18478],[-117.55,46.18472],[-117.55055,46.18328],[-117.55091,46.18189],[-117.54955,46.18176],[-117.54901,46.18155],[-117.54853,46.1816],[-117.5485,46.18143],[-117.54693,46.1811],[-117.54613,46.18154],[-117.54583,46.18155],[-117.54524,46.18047],[-117.5449,46.1795],[-117.54509,46.17939],[-117.54496,46.17899],[-117.54554,46.17896],[-117.54558,46.17878],[-117.54589,46.17877],[-117.54581,46.17845],[-117.54691,46.17814],[-117.54748,46.17767],[-117.54817,46.17674],[-117.54823,46.17644],[-117.5478,46.17638],[-117.54785,46.17588],[-117.54811,46.17544],[-117.54711,46.17468],[-117.54668,46.17486],[-117.54512,46.17495],[-117.54478,46.1753],[-117.54432,46.17524],[-117.54426,46.17476],[-117.54394,46.17402],[-117.54451,46.1737],[-117.54459,46.17336],[-117.5444,46.17266],[-117.54494,46.17228],[-117.54517,46.17233],[-117.54561,46.17206],[-117.54534,46.17162],[-117.54407,46.17099],[-117.54343,46.16988],[-117.54288,46.16994],[-117.54144,46.16957],[-117.54109,46.16983],[-117.54079,46.16987],[-117.54018,46.16945],[-117.53993,46.16855],[-117.53962,46.16868],[-117.53905,46.16862],[-117.53892,46.16823],[-117.53815,46.16823],[-117.53687,46.16799],[-117.53656,46.16762],[-117.53644,46.16863],[-117.53686,46.16867],[-117.53688,46.16886],[-117.53638,46.16908],[-117.53588,46.16915],[-117.5359,46.16879],[-117.53553,46.1687],[-117.53469,46.16903],[-117.53345,46.16888],[-117.5331,46.16849],[-117.53259,46.16851],[-117.53259,46.1681],[-117.53285,46.16799],[-117.53275,46.1676],[-117.53287,46.16701],[-117.5324,46.16698],[-117.5314,46.16751],[-117.53205,46.16757],[-117.53212,46.16776],[-117.53232,46.16781],[-117.53227,46.16823],[-117.53246,46.16872],[-117.53222,46.16916],[-117.53082,46.16964],[-117.53072,46.16996],[-117.53041,46.17005],[-117.5303,46.16968],[-117.52997,46.16964],[-117.52972,46.17017],[-117.52932,46.1701],[-117.5282,46.16912],[-117.5287,46.16893],[-117.52903,46.16849],[-117.52897,46.16817],[-117.52834,46.16782],[-117.52831,46.16752],[-117.52852,46.16659],[-117.52895,46.16618],[-117.52889,46.16561],[-117.52925,46.16529],[-117.53032,46.16549],[-117.53157,46.16537],[-117.53223,46.16484],[-117.53309,46.16469],[-117.53333,46.16418],[-117.53277,46.16407],[-117.53191,46.16338],[-117.5316,46.16207],[-117.53101,46.16213],[-117.53071,46.16184],[-117.53065,46.16139],[-117.53177,46.16115],[-117.53174,46.16089],[-117.52945,46.16108],[-117.52907,46.16093],[-117.52889,46.16104],[-117.52779,46.16092],[-117.52748,46.16065],[-117.52721,46.1608],[-117.5268,46.16077],[-117.52656,46.16035],[-117.5262,46.16011],[-117.52576,46.16014],[-117.52564,46.15977],[-117.52482,46.15987],[-117.52472,46.15933],[-117.52489,46.15899],[-117.52595,46.15899],[-117.526,46.15846],[-117.52671,46.15811],[-117.52677,46.15792],[-117.52775,46.15784],[-117.52751,46.15742],[-117.52713,46.15747],[-117.52692,46.15715],[-117.52693,46.15689],[-117.52438,46.15724],[-117.52408,46.15785],[-117.52341,46.15844],[-117.52313,46.15839],[-117.52289,46.15818],[-117.52272,46.15761],[-117.52249,46.15768],[-117.52227,46.15744],[-117.52194,46.15737],[-117.52149,46.15773],[-117.51994,46.15811],[-117.51976,46.15834],[-117.51891,46.15832],[-117.51878,46.1589],[-117.51849,46.15914],[-117.51794,46.15902],[-117.51729,46.15864],[-117.51615,46.15718],[-117.51589,46.15647],[-117.51623,46.1565],[-117.51622,46.15611],[-117.51573,46.15605],[-117.51516,46.1537],[-117.51565,46.15369],[-117.51604,46.15273],[-117.51445,46.15245],[-117.51431,46.15263],[-117.51376,46.15261],[-117.51377,46.15219],[-117.51316,46.15179],[-117.51268,46.15169],[-117.51252,46.15113],[-117.51217,46.15106],[-117.51212,46.15065],[-117.51251,46.15064],[-117.51256,46.1504],[-117.51304,46.15044],[-117.51311,46.15005],[-117.51216,46.14971],[-117.51166,46.14978],[-117.5116,46.14952],[-117.51111,46.14952],[-117.51109,46.14908],[-117.51079,46.14902],[-117.51076,46.14932],[-117.51015,46.1493],[-117.51012,46.14906],[-117.51041,46.14904],[-117.51046,46.14877],[-117.51067,46.14879],[-117.51066,46.14862],[-117.51152,46.14861],[-117.51154,46.1488],[-117.51272,46.14874],[-117.51285,46.14857],[-117.51186,46.14827],[-117.51125,46.14842],[-117.511,46.14828],[-117.51037,46.14823],[-117.51058,46.1479],[-117.51033,46.14795],[-117.51012,46.14789],[-117.51011,46.14774],[-117.50963,46.14769],[-117.50971,46.14736],[-117.51091,46.14636],[-117.51145,46.14632],[-117.51224,46.1459],[-117.51225,46.14552],[-117.51259,46.14549],[-117.51278,46.14526],[-117.51259,46.14481],[-117.51274,46.14462],[-117.51318,46.14455],[-117.51313,46.14415],[-117.51322,46.14413],[-117.51298,46.14386],[-117.513,46.14372],[-117.51379,46.14388],[-117.51379,46.14357],[-117.51436,46.14348],[-117.51449,46.14317],[-117.51413,46.14282],[-117.51306,46.14275],[-117.51275,46.14244],[-117.51266,46.14162],[-117.51205,46.14134],[-117.51164,46.14089],[-117.5115,46.14041],[-117.511,46.1404],[-117.51099,46.14019],[-117.50968,46.13973],[-117.50784,46.1398],[-117.5073,46.13998],[-117.50667,46.13988],[-117.50465,46.14003],[-117.50454,46.13979],[-117.50426,46.13964],[-117.50383,46.13966],[-117.50366,46.13939],[-117.50326,46.13934],[-117.50336,46.13962],[-117.50356,46.13966],[-117.50361,46.14009],[-117.50307,46.14006],[-117.50301,46.14025],[-117.5022,46.14022],[-117.50141,46.14036],[-117.5014,46.14024],[-117.50124,46.14024],[-117.50115,46.13966],[-117.50095,46.13946],[-117.50086,46.139],[-117.50101,46.13856],[-117.50069,46.13787],[-117.50058,46.13711],[-117.5013,46.13717],[-117.50144,46.13696],[-117.50174,46.13691],[-117.50195,46.13668],[-117.50246,46.13665],[-117.50246,46.13651],[-117.50176,46.13647],[-117.50188,46.13609],[-117.50237,46.13592],[-117.50227,46.13558],[-117.50191,46.13524],[-117.50186,46.13498],[-117.50114,46.13511],[-117.50108,46.13486],[-117.50064,46.13516],[-117.49821,46.13573],[-117.49814,46.13541],[-117.49783,46.13515],[-117.49743,46.13449],[-117.49743,46.13425],[-117.4979,46.13382],[-117.49788,46.13329],[-117.49806,46.13325],[-117.49804,46.13295],[-117.49755,46.13265],[-117.49736,46.13237],[-117.49738,46.13201],[-117.49769,46.13172],[-117.49846,46.13158],[-117.49843,46.13128],[-117.49884,46.13129],[-117.49895,46.13118],[-117.49938,46.13125],[-117.49939,46.13139],[-117.49966,46.13137],[-117.49967,46.13161],[-117.50024,46.13188],[-117.50025,46.13169],[-117.50049,46.1317],[-117.50071,46.1314],[-117.50027,46.13142],[-117.50032,46.13096],[-117.50134,46.1309],[-117.50142,46.13105],[-117.50175,46.13106],[-117.50171,46.13153],[-117.50289,46.13255],[-117.50295,46.13232],[-117.50357,46.1323],[-117.50354,46.13254],[-117.50519,46.13251],[-117.50527,46.13275],[-117.5068,46.13324],[-117.50689,46.13337],[-117.50792,46.13331],[-117.50795,46.1331],[-117.50863,46.13301],[-117.50863,46.13337],[-117.50876,46.13335],[-117.50881,46.13312],[-117.50931,46.13312],[-117.50933,46.13328],[-117.50968,46.13328],[-117.5097,46.13345],[-117.51019,46.13348],[-117.51034,46.1328],[-117.51072,46.1325],[-117.51083,46.13218],[-117.51099,46.13215],[-117.51093,46.13158],[-117.51136,46.13147],[-117.5117,46.13068],[-117.51152,46.13068],[-117.51157,46.13039],[-117.51177,46.13039],[-117.51183,46.13024],[-117.51179,46.12996],[-117.51141,46.12987],[-117.51119,46.12892],[-117.51202,46.12896],[-117.51207,46.12875],[-117.51367,46.12892],[-117.51374,46.12795],[-117.51311,46.12826],[-117.51261,46.12833],[-117.51219,46.12815],[-117.51193,46.12823],[-117.5119,46.12811],[-117.51081,46.12799],[-117.51048,46.12735],[-117.50993,46.12733],[-117.50995,46.12705],[-117.50965,46.12649],[-117.50876,46.12664],[-117.50874,46.12692],[-117.50839,46.1269],[-117.50841,46.12659],[-117.50824,46.12637],[-117.50829,46.1262],[-117.50888,46.12599],[-117.50925,46.12617],[-117.50966,46.12613],[-117.50972,46.12556],[-117.50936,46.12535],[-117.50934,46.12506],[-117.50955,46.12489],[-117.50987,46.12495],[-117.51005,46.12466],[-117.50941,46.12451],[-117.50931,46.12423],[-117.50957,46.1241],[-117.50969,46.12378],[-117.51006,46.12365],[-117.51046,46.12367],[-117.51046,46.12396],[-117.5109,46.12386],[-117.51102,46.12363],[-117.51124,46.12362],[-117.51143,46.12281],[-117.51164,46.12245],[-117.51183,46.12244],[-117.51176,46.12227],[-117.51104,46.12253],[-117.51103,46.12203],[-117.51124,46.12189],[-117.51124,46.12152],[-117.51087,46.12155],[-117.5108,46.12169],[-117.51091,46.12187],[-117.51062,46.122],[-117.50956,46.12172],[-117.50955,46.12144],[-117.51019,46.12141],[-117.51007,46.12105],[-117.51021,46.12081],[-117.51083,46.12082],[-117.51121,46.12101],[-117.51133,46.12149],[-117.51179,46.12144],[-117.5118,46.12175],[-117.51201,46.12183],[-117.51212,46.12179],[-117.51197,46.12166],[-117.51202,46.1215],[-117.51224,46.12146],[-117.51238,46.12155],[-117.51242,46.12188],[-117.51275,46.12199],[-117.51262,46.12157],[-117.51279,46.12138],[-117.51262,46.12103],[-117.51274,46.1201],[-117.51203,46.11996],[-117.51199,46.11932],[-117.51176,46.11931],[-117.51176,46.11942],[-117.51152,46.11949],[-117.5113,46.11996],[-117.50969,46.12015],[-117.50902,46.12055],[-117.50869,46.12041],[-117.50829,46.1206],[-117.50805,46.12048],[-117.50812,46.12012],[-117.50859,46.12004],[-117.50858,46.11969],[-117.50891,46.1195],[-117.50927,46.11955],[-117.50919,46.11934],[-117.50951,46.11915],[-117.50943,46.11896],[-117.50955,46.11858],[-117.5099,46.11844],[-117.50993,46.11802],[-117.51085,46.11754],[-117.51152,46.11749],[-117.51145,46.11717],[-117.51163,46.11696],[-117.51201,46.11689],[-117.51207,46.11661],[-117.51307,46.11675],[-117.51368,46.11657],[-117.5138,46.11642],[-117.5136,46.11637],[-117.5136,46.11594],[-117.51444,46.11601],[-117.51447,46.11613],[-117.51539,46.11635],[-117.51603,46.11605],[-117.51646,46.11605],[-117.51707,46.11667],[-117.51712,46.11734],[-117.51774,46.11765],[-117.51722,46.11803],[-117.51686,46.11803],[-117.51667,46.11786],[-117.51583,46.11853],[-117.51571,46.1184],[-117.51539,46.11854],[-117.51573,46.11909],[-117.51554,46.11929],[-117.51497,46.11937],[-117.51502,46.11959],[-117.51514,46.11956],[-117.51527,46.11979],[-117.51508,46.12008],[-117.51547,46.12058],[-117.51494,46.12064],[-117.515,46.12092],[-117.51591,46.12094],[-117.51611,46.1212],[-117.51661,46.12139],[-117.51661,46.12163],[-117.5171,46.12211],[-117.51734,46.12219],[-117.51763,46.12204],[-117.51726,46.12177],[-117.51728,46.12139],[-117.51754,46.12139],[-117.5175,46.12096],[-117.51769,46.1208],[-117.51861,46.12072],[-117.51869,46.12044],[-117.5185,46.11993],[-117.51896,46.11973],[-117.51882,46.11939],[-117.51902,46.11912],[-117.51957,46.11912],[-117.51987,46.11939],[-117.52007,46.11974],[-117.52002,46.12005],[-117.52021,46.1202],[-117.52069,46.1202],[-117.52114,46.12058],[-117.52232,46.12056],[-117.52232,46.12041],[-117.5227,46.12037],[-117.5227,46.12006],[-117.52347,46.12019],[-117.52347,46.11987],[-117.5233,46.11985],[-117.52328,46.1197],[-117.52363,46.11952],[-117.52365,46.11878],[-117.52417,46.11861],[-117.52462,46.11878],[-117.52571,46.11863],[-117.52592,46.11822],[-117.52678,46.11817],[-117.52702,46.11798],[-117.52733,46.118],[-117.52735,46.11823],[-117.5276,46.11823],[-117.52795,46.11821],[-117.52804,46.11795],[-117.52845,46.118],[-117.52877,46.11781],[-117.52956,46.11794],[-117.52974,46.11771],[-117.5291,46.11757],[-117.52855,46.11766],[-117.52803,46.11731],[-117.52697,46.117],[-117.52717,46.11681],[-117.52777,46.11674],[-117.52778,46.11641],[-117.52797,46.11641],[-117.52808,46.1166],[-117.52836,46.1166],[-117.52833,46.11637],[-117.52868,46.11626],[-117.52941,46.11622],[-117.52952,46.11673],[-117.52965,46.11674],[-117.52983,46.11674],[-117.52988,46.11643],[-117.53066,46.11637],[-117.5308,46.11665],[-117.53122,46.1167],[-117.53125,46.11766],[-117.5314,46.11778],[-117.53204,46.11786],[-117.53179,46.11716],[-117.53254,46.11705],[-117.53282,46.11713],[-117.53294,46.11744],[-117.53324,46.11755],[-117.53321,46.11802],[-117.5342,46.1181],[-117.53388,46.1178],[-117.53402,46.11757],[-117.53425,46.11761],[-117.53452,46.11776],[-117.53454,46.11792],[-117.53506,46.11808],[-117.53506,46.1185],[-117.53558,46.11873],[-117.53596,46.11865],[-117.53612,46.11901],[-117.53672,46.11903],[-117.53679,46.11896],[-117.53634,46.11864],[-117.53653,46.1185],[-117.53643,46.11834],[-117.53587,46.11831],[-117.53591,46.11807],[-117.53575,46.11804],[-117.53575,46.11763],[-117.53596,46.11762],[-117.53627,46.11734],[-117.53729,46.1177],[-117.53725,46.11747],[-117.53679,46.11726],[-117.53675,46.11696],[-117.53654,46.11696],[-117.53632,46.11677],[-117.53618,46.11692],[-117.53577,46.11684],[-117.53597,46.11659],[-117.53573,46.11633],[-117.53671,46.11645],[-117.53677,46.11619],[-117.53696,46.11612],[-117.53695,46.11583],[-117.53725,46.11576],[-117.53728,46.11558],[-117.53751,46.11566],[-117.53799,46.11546],[-117.53817,46.11524],[-117.53871,46.11545],[-117.53873,46.11529],[-117.53895,46.11521],[-117.53899,46.11542],[-117.53932,46.1156],[-117.53956,46.1153],[-117.53951,46.1152],[-117.54027,46.11461],[-117.54044,46.11497],[-117.54068,46.11482],[-117.541,46.11515],[-117.54129,46.11479],[-117.54143,46.11479],[-117.54152,46.11515],[-117.54216,46.11534],[-117.54236,46.11555],[-117.54218,46.11568],[-117.54228,46.11612],[-117.54208,46.1162],[-117.54212,46.11642],[-117.54277,46.11644],[-117.54289,46.11671],[-117.54322,46.11653],[-117.54387,46.11646],[-117.54388,46.11672],[-117.54409,46.11667],[-117.54424,46.11679],[-117.54411,46.117],[-117.54416,46.11724],[-117.54448,46.11754],[-117.54437,46.11779],[-117.54466,46.11783],[-117.54477,46.11797],[-117.54469,46.11816],[-117.54521,46.11845],[-117.54541,46.11827],[-117.54538,46.11777],[-117.54562,46.11742],[-117.54556,46.11721],[-117.54702,46.11706],[-117.54704,46.11692],[-117.54638,46.11664],[-117.546,46.11623],[-117.54612,46.11599],[-117.54655,46.11606],[-117.54737,46.11507],[-117.54776,46.11506],[-117.54774,46.11556],[-117.54824,46.11549],[-117.54842,46.11572],[-117.54857,46.11556],[-117.54904,46.11567],[-117.54907,46.11597],[-117.54932,46.11594],[-117.55013,46.11536],[-117.54991,46.11506],[-117.54984,46.11459],[-117.55086,46.11451],[-117.55118,46.11425],[-117.55138,46.11438],[-117.55157,46.11433],[-117.55188,46.11447],[-117.55201,46.11503],[-117.55233,46.11511],[-117.55251,46.11538],[-117.55235,46.11601],[-117.55253,46.11615],[-117.55268,46.11605],[-117.55287,46.11631],[-117.55302,46.11623],[-117.55311,46.11577],[-117.55288,46.11547],[-117.55297,46.11529],[-117.55213,46.11413],[-117.55275,46.11386],[-117.55246,46.11354],[-117.55263,46.1133],[-117.55301,46.11327],[-117.55294,46.11272],[-117.55361,46.11291],[-117.55443,46.11273],[-117.55468,46.11284],[-117.55458,46.11317],[-117.55432,46.11343],[-117.55456,46.11362],[-117.5547,46.11428],[-117.55507,46.1146],[-117.55552,46.11467],[-117.55552,46.1148],[-117.55614,46.11519],[-117.55609,46.11544],[-117.55538,46.11558],[-117.555,46.11549],[-117.55474,46.11587],[-117.55475,46.11605],[-117.55534,46.11614],[-117.55507,46.11627],[-117.55501,46.11654],[-117.55477,46.11669],[-117.55519,46.11703],[-117.55514,46.11721],[-117.55483,46.11714],[-117.55479,46.11754],[-117.5544,46.11746],[-117.55397,46.11765],[-117.55408,46.11794],[-117.55424,46.11777],[-117.55471,46.11784],[-117.55526,46.11735],[-117.55564,46.11756],[-117.5556,46.1179],[-117.55531,46.11799],[-117.55517,46.11821],[-117.55533,46.11852],[-117.55517,46.11857],[-117.55491,46.11831],[-117.55433,46.11851],[-117.55476,46.11894],[-117.55478,46.11931],[-117.55548,46.11909],[-117.5556,46.11888],[-117.55602,46.11886],[-117.55602,46.11861],[-117.55646,46.11836],[-117.55639,46.11805],[-117.55726,46.11781],[-117.55737,46.1176],[-117.5576,46.1175],[-117.55669,46.11684],[-117.55642,46.11624],[-117.5569,46.11596],[-117.55666,46.11551],[-117.55692,46.11516],[-117.55692,46.11495],[-117.55628,46.11479],[-117.55628,46.11465],[-117.5571,46.11438],[-117.55753,46.1145],[-117.55756,46.11482],[-117.55735,46.115],[-117.55735,46.11579],[-117.55864,46.11586],[-117.55893,46.11558],[-117.55907,46.11513],[-117.55959,46.11512],[-117.5593,46.11485],[-117.55939,46.11464],[-117.56037,46.11482],[-117.56039,46.11502],[-117.56073,46.11523],[-117.56121,46.11463],[-117.56148,46.11464],[-117.5618,46.11479],[-117.56165,46.11508],[-117.56172,46.11522],[-117.56216,46.1152],[-117.56215,46.11545],[-117.5623,46.11547],[-117.56243,46.11583],[-117.5627,46.1159],[-117.56281,46.1157],[-117.563,46.11587],[-117.56334,46.11585],[-117.56335,46.11622],[-117.56396,46.11671],[-117.56393,46.11699],[-117.56415,46.11723],[-117.56406,46.1175],[-117.56533,46.11811],[-117.56641,46.11828],[-117.5668,46.11819],[-117.56624,46.11796],[-117.56619,46.11776],[-117.56635,46.11736],[-117.567,46.11721],[-117.56724,46.11757],[-117.56771,46.11744],[-117.56775,46.11791],[-117.56793,46.118],[-117.5687,46.11807],[-117.56874,46.11776],[-117.56887,46.11768],[-117.56977,46.11775],[-117.57004,46.1181],[-117.57056,46.11799],[-117.57145,46.11867],[-117.57145,46.11889],[-117.57205,46.11887],[-117.57246,46.11918],[-117.57274,46.11917],[-117.57263,46.11885],[-117.57272,46.11853],[-117.57341,46.11858],[-117.57336,46.11838],[-117.57346,46.11827],[-117.57383,46.11828],[-117.57398,46.11786],[-117.57445,46.11745],[-117.57483,46.11792],[-117.5749,46.11821],[-117.57538,46.11835],[-117.5756,46.11828],[-117.57557,46.11807],[-117.57598,46.11801],[-117.57664,46.11878],[-117.57727,46.11848],[-117.57837,46.11859],[-117.57844,46.11849],[-117.57897,46.11852],[-117.57939,46.11873],[-117.57925,46.11903],[-117.57978,46.11902],[-117.57985,46.11883],[-117.57934,46.11857],[-117.57973,46.11811],[-117.58009,46.11803],[-117.5799,46.11763],[-117.57856,46.11727],[-117.57858,46.11713],[-117.57757,46.11718],[-117.57742,46.11693],[-117.57819,46.11637],[-117.57843,46.11594],[-117.57834,46.11565],[-117.57801,46.11545],[-117.57795,46.11524],[-117.57807,46.11505],[-117.57876,46.11547],[-117.57994,46.11547],[-117.58024,46.11565],[-117.58027,46.11588],[-117.58075,46.11596],[-117.58084,46.11623],[-117.58069,46.11659],[-117.58122,46.11674],[-117.58141,46.1171],[-117.58182,46.11708],[-117.58187,46.11768],[-117.5822,46.11794],[-117.58318,46.1177],[-117.5835,46.11842],[-117.58291,46.11864],[-117.58284,46.11899],[-117.58294,46.11923],[-117.58337,46.11933],[-117.58341,46.11909],[-117.5841,46.11904],[-117.58404,46.11877],[-117.58422,46.11861],[-117.58527,46.11858],[-117.58531,46.11881],[-117.58556,46.11902],[-117.58605,46.11915],[-117.58616,46.11931],[-117.5863,46.11907],[-117.58704,46.11928],[-117.58703,46.11985],[-117.58678,46.11997],[-117.58697,46.12012],[-117.58748,46.12017],[-117.58772,46.11999],[-117.58776,46.11977],[-117.58757,46.1193],[-117.58779,46.11895],[-117.58763,46.1188],[-117.58771,46.11845],[-117.58785,46.11843],[-117.58764,46.11823],[-117.58767,46.118],[-117.5885,46.11804],[-117.58861,46.11775],[-117.58894,46.11774],[-117.5896,46.11811],[-117.59014,46.11817],[-117.59039,46.11852],[-117.59081,46.11852],[-117.59142,46.11883],[-117.59204,46.1188],[-117.59221,46.1186],[-117.59187,46.11836],[-117.59116,46.11854],[-117.59104,46.11828],[-117.59121,46.118],[-117.59152,46.11798],[-117.59147,46.11786],[-117.59071,46.11779],[-117.59069,46.1176],[-117.59116,46.11747],[-117.59111,46.11736],[-117.59129,46.1172],[-117.59118,46.11701],[-117.59164,46.11687],[-117.59235,46.11692],[-117.59255,46.11732],[-117.59337,46.11756],[-117.59382,46.11808],[-117.59373,46.1182],[-117.59386,46.11845],[-117.59442,46.11853],[-117.59482,46.11878],[-117.59525,46.11865],[-117.59605,46.11891],[-117.59621,46.11922],[-117.59642,46.11906],[-117.59663,46.11925],[-117.59698,46.11899],[-117.59644,46.11863],[-117.59644,46.11842],[-117.59675,46.11835],[-117.59588,46.11796],[-117.59612,46.11766],[-117.5964,46.11765],[-117.59641,46.11733],[-117.59581,46.11739],[-117.59535,46.11715],[-117.59501,46.11621],[-117.59542,46.11622],[-117.59551,46.11638],[-117.59582,46.11631],[-117.59604,46.11609],[-117.59649,46.11601],[-117.5976,46.11602],[-117.59776,46.11512],[-117.59817,46.11494],[-117.59869,46.11502],[-117.59879,46.11533],[-117.59913,46.11556],[-117.59917,46.11581],[-117.59965,46.11573],[-117.60015,46.11541],[-117.60081,46.11549],[-117.60127,46.11562],[-117.60158,46.11593],[-117.60158,46.11629],[-117.60426,46.11607],[-117.60452,46.11611],[-117.60453,46.11646],[-117.60507,46.11649],[-117.60527,46.11679],[-117.60558,46.11651],[-117.60553,46.11611],[-117.60574,46.11566],[-117.60622,46.11532],[-117.60677,46.11525],[-117.6067,46.11484],[-117.607,46.11462],[-117.60659,46.11461],[-117.60646,46.11419],[-117.60698,46.11427],[-117.60709,46.11404],[-117.6069,46.11396],[-117.6068,46.11361],[-117.6066,46.11351],[-117.60658,46.11322],[-117.6069,46.11301],[-117.60693,46.11247],[-117.60732,46.11257],[-117.60751,46.11236],[-117.60747,46.11172],[-117.60781,46.11159],[-117.60811,46.11115],[-117.60885,46.11112],[-117.609,46.11083],[-117.60893,46.11065],[-117.60958,46.11032],[-117.60962,46.11008],[-117.6092,46.10973],[-117.60924,46.10935],[-117.60943,46.10891],[-117.60962,46.10891],[-117.61003,46.10852],[-117.60995,46.10844],[-117.61028,46.10819],[-117.61067,46.10827],[-117.61071,46.10802],[-117.61098,46.10793],[-117.61135,46.10821],[-117.61179,46.10806],[-117.61171,46.10782],[-117.61189,46.10761],[-117.61255,46.10767],[-117.61224,46.10706],[-117.61298,46.10684],[-117.61316,46.10628],[-117.61342,46.10609],[-117.61378,46.10605],[-117.61379,46.10575],[-117.61395,46.1056],[-117.61415,46.10565],[-117.61456,46.10501],[-117.61485,46.10491],[-117.61543,46.10522],[-117.61617,46.10522],[-117.61635,46.10498],[-117.61619,46.10489],[-117.61617,46.10467],[-117.61645,46.10454],[-117.61671,46.10418],[-117.61729,46.1041],[-117.61741,46.10392],[-117.61739,46.10373],[-117.61697,46.1035],[-117.61723,46.10311],[-117.61768,46.10301],[-117.61751,46.10238],[-117.61773,46.10222],[-117.618,46.10229],[-117.61814,46.10213],[-117.61874,46.10213],[-117.61897,46.10247],[-117.61971,46.10275],[-117.62007,46.10325],[-117.62011,46.10369],[-117.62029,46.10381],[-117.62086,46.10369],[-117.62077,46.10356],[-117.62103,46.10331],[-117.62146,46.10331],[-117.62193,46.10272],[-117.62168,46.10268],[-117.62134,46.10283],[-117.62109,46.10262],[-117.62048,46.10271],[-117.62053,46.10248],[-117.62088,46.10234],[-117.6207,46.10182],[-117.6208,46.1017],[-117.62107,46.10161],[-117.62122,46.10189],[-117.62214,46.10181],[-117.62234,46.10197],[-117.62257,46.10158],[-117.62283,46.10154],[-117.62346,46.10177],[-117.62336,46.10113],[-117.62299,46.10096],[-117.6227,46.10103],[-117.62265,46.10072],[-117.62229,46.1007],[-117.62182,46.10099],[-117.62162,46.10139],[-117.6215,46.10132],[-117.62155,46.10117],[-117.62095,46.10119],[-117.6209,46.10104],[-117.62073,46.10104],[-117.62052,46.10124],[-117.62024,46.10123],[-117.62012,46.10145],[-117.61936,46.10126],[-117.61907,46.10097],[-117.6183,46.10066],[-117.6183,46.10056],[-117.61886,46.10055],[-117.61899,46.10041],[-117.61947,46.10077],[-117.61988,46.10083],[-117.61991,46.10061],[-117.62015,46.10051],[-117.61996,46.10012],[-117.61979,46.10019],[-117.61985,46.09992],[-117.61915,46.09951],[-117.61908,46.09935],[-117.61926,46.0992],[-117.61989,46.09941],[-117.62054,46.09939],[-117.62033,46.0992],[-117.62007,46.09854],[-117.61978,46.09849],[-117.6197,46.09836],[-117.61981,46.0982],[-117.61947,46.09804],[-117.61994,46.09763],[-117.62039,46.09687],[-117.62025,46.09661],[-117.62046,46.09615],[-117.62072,46.09595],[-117.62121,46.09606],[-117.62116,46.09581],[-117.62162,46.0953],[-117.62221,46.09558],[-117.62245,46.09555],[-117.62258,46.0959],[-117.62324,46.09577],[-117.62366,46.09622],[-117.62382,46.09621],[-117.62384,46.09594],[-117.62419,46.09593],[-117.62525,46.09654],[-117.62536,46.09673],[-117.62517,46.097],[-117.62523,46.09723],[-117.62556,46.0971],[-117.62576,46.09719],[-117.62577,46.09674],[-117.62633,46.09642],[-117.62687,46.0964],[-117.62729,46.09602],[-117.62734,46.09562],[-117.62763,46.09559],[-117.62759,46.09538],[-117.62799,46.09478],[-117.62903,46.09477],[-117.6293,46.0945],[-117.62952,46.09448],[-117.63009,46.09483],[-117.63018,46.09463],[-117.63054,46.09461],[-117.63058,46.09474],[-117.63114,46.09477],[-117.63114,46.09498],[-117.6316,46.0949],[-117.63207,46.09515],[-117.63199,46.09541],[-117.63163,46.09547],[-117.63166,46.09567],[-117.63204,46.09577],[-117.63186,46.09659],[-117.63223,46.09788],[-117.63182,46.09808],[-117.63186,46.09832],[-117.6313,46.09846],[-117.63169,46.09878],[-117.6323,46.0987],[-117.63245,46.09908],[-117.63164,46.09933],[-117.63146,46.09955],[-117.63103,46.09971],[-117.63039,46.09969],[-117.63011,46.09952],[-117.6299,46.09956],[-117.62979,46.09974],[-117.62919,46.09959],[-117.62929,46.09983],[-117.62921,46.09992],[-117.62883,46.09997],[-117.62896,46.10016],[-117.62872,46.10024],[-117.62804,46.10006],[-117.62775,46.10039],[-117.62801,46.10029],[-117.62842,46.10052],[-117.6286,46.1004],[-117.62884,46.1005],[-117.62921,46.10007],[-117.62952,46.10013],[-117.6299,46.09984],[-117.63018,46.09994],[-117.6304,46.1002],[-117.63058,46.10072],[-117.63047,46.10089],[-117.62981,46.10103],[-117.62995,46.10124],[-117.62979,46.10158],[-117.62927,46.10168],[-117.62911,46.10184],[-117.62906,46.10207],[-117.62919,46.10237],[-117.62941,46.1023],[-117.62941,46.10203],[-117.62977,46.102],[-117.62978,46.10184],[-117.63043,46.10129],[-117.6311,46.10126],[-117.63115,46.10071],[-117.63165,46.10017],[-117.63196,46.10016],[-117.63216,46.10051],[-117.63257,46.1006],[-117.63246,46.10074],[-117.6321,46.10077],[-117.63223,46.10097],[-117.63202,46.10103],[-117.6321,46.10111],[-117.63186,46.10112],[-117.63198,46.10149],[-117.63237,46.10148],[-117.63244,46.10159],[-117.63231,46.10172],[-117.63275,46.10173],[-117.6327,46.10141],[-117.63286,46.10121],[-117.63342,46.10119],[-117.63354,46.10143],[-117.63346,46.10168],[-117.63365,46.10172],[-117.63367,46.10185],[-117.63354,46.10206],[-117.63398,46.10218],[-117.63403,46.1024],[-117.63373,46.10241],[-117.6336,46.10267],[-117.63362,46.10358],[-117.63349,46.1038],[-117.6336,46.10391],[-117.63351,46.10434],[-117.63362,46.1046],[-117.63346,46.10479],[-117.63372,46.10493],[-117.6338,46.10529],[-117.63445,46.10536],[-117.63453,46.10554],[-117.63406,46.10568],[-117.63416,46.10606],[-117.63436,46.10624],[-117.63475,46.10637],[-117.63533,46.10624],[-117.63593,46.10684],[-117.63582,46.10715],[-117.63592,46.10731],[-117.6357,46.10757],[-117.63611,46.10796],[-117.63593,46.10819],[-117.63635,46.10869],[-117.63666,46.10874],[-117.63664,46.10923],[-117.63643,46.10932],[-117.63629,46.10959],[-117.63644,46.1097],[-117.63685,46.10942],[-117.63698,46.10979],[-117.63672,46.11004],[-117.63682,46.11022],[-117.63793,46.11033],[-117.63807,46.11045],[-117.63794,46.11068],[-117.63808,46.11091],[-117.63803,46.11153],[-117.63814,46.11166],[-117.63882,46.11167],[-117.63889,46.11177],[-117.63839,46.11228],[-117.63796,46.11226],[-117.63799,46.11275],[-117.63845,46.1131],[-117.63844,46.11328],[-117.63704,46.11372],[-117.6369,46.11475],[-117.63776,46.11541],[-117.63852,46.11659],[-117.63887,46.1166],[-117.63887,46.11621],[-117.63918,46.11621],[-117.63917,46.11604],[-117.64033,46.11585],[-117.64056,46.11593],[-117.64121,46.11688],[-117.64121,46.1171],[-117.64095,46.1173],[-117.64104,46.11743],[-117.64087,46.1182],[-117.64114,46.11838],[-117.64106,46.11856],[-117.64124,46.11863],[-117.64165,46.11834],[-117.64208,46.11853],[-117.6421,46.11877],[-117.64168,46.11889],[-117.64162,46.11919],[-117.64187,46.11964],[-117.64215,46.11954],[-117.64216,46.1194],[-117.64237,46.11941],[-117.64233,46.11949],[-117.64257,46.11963],[-117.64248,46.1199],[-117.64206,46.12013],[-117.64203,46.12022],[-117.64229,46.1204],[-117.6421,46.12049],[-117.64202,46.12075],[-117.6427,46.1209],[-117.64301,46.12141],[-117.64239,46.12153],[-117.64209,46.12175],[-117.6422,46.12208],[-117.64235,46.12216],[-117.64317,46.12202],[-117.64329,46.12233],[-117.64314,46.12241],[-117.64314,46.12259],[-117.64353,46.12259],[-117.64364,46.12294],[-117.64406,46.12303],[-117.64455,46.12282],[-117.64487,46.12319],[-117.64568,46.12282],[-117.64657,46.12277],[-117.64672,46.12288],[-117.64709,46.12272],[-117.64801,46.12267],[-117.64832,46.1228],[-117.64943,46.12257],[-117.65033,46.12257],[-117.65036,46.12291],[-117.65054,46.12286],[-117.65073,46.12253],[-117.64993,46.12219],[-117.64993,46.12169],[-117.65005,46.12166],[-117.64985,46.12151],[-117.64981,46.12113],[-117.65014,46.12083],[-117.65014,46.12068],[-117.65055,46.12065],[-117.6506,46.12042],[-117.6515,46.12051],[-117.65121,46.12042],[-117.65113,46.12001],[-117.6513,46.11983],[-117.65172,46.11977],[-117.65184,46.1199],[-117.65224,46.11991],[-117.65252,46.12009],[-117.65248,46.12031],[-117.65266,46.12033],[-117.65265,46.12014],[-117.65284,46.11997],[-117.65316,46.12001],[-117.65331,46.11974],[-117.65383,46.11975],[-117.65381,46.12016],[-117.65406,46.12013],[-117.65411,46.11994],[-117.65466,46.1202],[-117.65461,46.1206],[-117.6544,46.1207],[-117.65432,46.12091],[-117.65485,46.12099],[-117.655,46.12127],[-117.65557,46.12108],[-117.65561,46.1208],[-117.65579,46.12074],[-117.65621,46.12076],[-117.65621,46.12097],[-117.65591,46.12106],[-117.65598,46.1213],[-117.65619,46.12134],[-117.65641,46.12125],[-117.65785,46.12131],[-117.65796,46.12108],[-117.6585,46.1209],[-117.65858,46.12129],[-117.65801,46.12141],[-117.65816,46.12167],[-117.65857,46.12171],[-117.65876,46.12148],[-117.65931,46.12158],[-117.65943,46.12178],[-117.65982,46.12178],[-117.65967,46.12153],[-117.65987,46.12152],[-117.65991,46.12169],[-117.66041,46.12165],[-117.66044,46.12196],[-117.66095,46.12208],[-117.66095,46.12229],[-117.66146,46.12256],[-117.66153,46.12273],[-117.66182,46.1226],[-117.66228,46.12259],[-117.6624,46.12272],[-117.66258,46.12256],[-117.66301,46.12259],[-117.66312,46.12237],[-117.66344,46.12257],[-117.66383,46.12313],[-117.66432,46.12305],[-117.66445,46.1232],[-117.66436,46.12347],[-117.66493,46.12347],[-117.6649,46.12317],[-117.66601,46.12281],[-117.66659,46.12286],[-117.66661,46.1233],[-117.66672,46.12331],[-117.66692,46.12296],[-117.66748,46.12288],[-117.6676,46.12256],[-117.66825,46.12264],[-117.66846,46.12287],[-117.66858,46.12284],[-117.66877,46.12268],[-117.66883,46.12237],[-117.66939,46.12219],[-117.66965,46.12251],[-117.66998,46.12251],[-117.67011,46.12279],[-117.67097,46.12264],[-117.67111,46.12241],[-117.67166,46.12237],[-117.67177,46.12278],[-117.67254,46.12296],[-117.67252,46.12391],[-117.67199,46.12403],[-117.67108,46.12376],[-117.67058,46.12455],[-117.6707,46.125],[-117.67099,46.12528],[-117.67146,46.12545],[-117.67145,46.12562],[-117.67041,46.12586],[-117.67031,46.12624],[-117.66942,46.12645],[-117.66926,46.12663],[-117.66928,46.12685],[-117.67013,46.12743],[-117.67069,46.12733],[-117.67087,46.12754],[-117.67054,46.12791],[-117.66974,46.12804],[-117.66965,46.12824],[-117.66983,46.12862],[-117.67009,46.12881],[-117.67086,46.12862],[-117.67117,46.12927],[-117.67116,46.12963],[-117.67194,46.12952],[-117.67212,46.12928],[-117.67194,46.1291],[-117.67206,46.12887],[-117.67235,46.12912],[-117.67251,46.1291],[-117.67262,46.12879],[-117.67281,46.12908],[-117.67383,46.12964],[-117.67382,46.13038],[-117.67332,46.13081],[-117.67401,46.13083],[-117.67401,46.13116],[-117.67356,46.13128],[-117.67374,46.13146],[-117.67396,46.13144],[-117.67456,46.13119],[-117.67426,46.131],[-117.67497,46.13085],[-117.67508,46.13014],[-117.67579,46.12997],[-117.6758,46.1298],[-117.6753,46.12954],[-117.67554,46.12939],[-117.67549,46.1291],[-117.67565,46.12896],[-117.67546,46.12853],[-117.67573,46.12811],[-117.67608,46.1282],[-117.67613,46.12779],[-117.67658,46.12776],[-117.67661,46.12785],[-117.67674,46.12769],[-117.67702,46.12774],[-117.67743,46.12825],[-117.6777,46.12911],[-117.67825,46.1289],[-117.67868,46.12934],[-117.67886,46.12914],[-117.6789,46.12876],[-117.67912,46.12855],[-117.67988,46.12826],[-117.68007,46.12832],[-117.68034,46.12873],[-117.68053,46.12869],[-117.68094,46.1285],[-117.68101,46.12825],[-117.68089,46.1279],[-117.68149,46.12783],[-117.68118,46.12738],[-117.68142,46.12704],[-117.68134,46.1268],[-117.68073,46.12674],[-117.68031,46.12654],[-117.6801,46.1266],[-117.68011,46.12641],[-117.67981,46.12645],[-117.67971,46.12609],[-117.67925,46.12612],[-117.67905,46.12587],[-117.6785,46.12595],[-117.67761,46.12569],[-117.6775,46.12469],[-117.67723,46.12468],[-117.6774,46.12448],[-117.67715,46.12439],[-117.67704,46.12408],[-117.67596,46.1239],[-117.67582,46.12378],[-117.67582,46.12322],[-117.67605,46.1231],[-117.67638,46.12337],[-117.67698,46.12336],[-117.67668,46.12238],[-117.67598,46.12213],[-117.6761,46.12197],[-117.67643,46.12204],[-117.67664,46.12194],[-117.67628,46.12165],[-117.67584,46.12155],[-117.67539,46.1209],[-117.67516,46.12093],[-117.67513,46.12053],[-117.67472,46.12002],[-117.67461,46.11939],[-117.67563,46.11891],[-117.67587,46.11905],[-117.67679,46.11875],[-117.67695,46.11857],[-117.67649,46.11861],[-117.67647,46.1183],[-117.6768,46.11818],[-117.67718,46.11829],[-117.67737,46.11806],[-117.67763,46.11823],[-117.67775,46.11908],[-117.67814,46.11849],[-117.67812,46.11795],[-117.67848,46.1173],[-117.6789,46.11695],[-117.67933,46.11705],[-117.67988,46.11688],[-117.67993,46.11672],[-117.67968,46.11645],[-117.67893,46.11609],[-117.67886,46.11556],[-117.67861,46.1153],[-117.67867,46.11477],[-117.67853,46.11434],[-117.67821,46.11406],[-117.67789,46.11297],[-117.67795,46.11244],[-117.67843,46.11192],[-117.67847,46.11116],[-117.67796,46.11111],[-117.67763,46.11085],[-117.67737,46.11086],[-117.67727,46.11027],[-117.67667,46.11013],[-117.67683,46.10971],[-117.67641,46.10944],[-117.67656,46.10893],[-117.67728,46.10852],[-117.6785,46.10899],[-117.6789,46.1086],[-117.67862,46.10803],[-117.67872,46.10779],[-117.67952,46.10745],[-117.67967,46.10694],[-117.67899,46.10704],[-117.67917,46.10657],[-117.67829,46.10637],[-117.67811,46.10577],[-117.6763,46.10597],[-117.67627,46.10573],[-117.67599,46.10576],[-117.67564,46.10555],[-117.6756,46.10491],[-117.67717,46.10461],[-117.67763,46.10387],[-117.67699,46.10383],[-117.67676,46.10368],[-117.67678,46.10347],[-117.67716,46.1032],[-117.677,46.10301],[-117.67645,46.10292],[-117.67636,46.10212],[-117.67603,46.10199],[-117.67549,46.10204],[-117.6754,46.10185],[-117.67517,46.10188],[-117.67518,46.10209],[-117.67501,46.10211],[-117.67487,46.10251],[-117.67455,46.10242],[-117.67447,46.10259],[-117.67416,46.10266],[-117.67326,46.10237],[-117.6725,46.1023],[-117.67212,46.10216],[-117.67188,46.10185],[-117.67095,46.10154],[-117.67024,46.10155],[-117.66951,46.10197],[-117.6697,46.10235],[-117.66827,46.10249],[-117.66857,46.10306],[-117.66831,46.10327],[-117.66735,46.10342],[-117.66681,46.10314],[-117.66634,46.10342],[-117.66616,46.10325],[-117.66634,46.1029],[-117.6667,46.10277],[-117.66617,46.10228],[-117.66619,46.10204],[-117.66647,46.10205],[-117.66697,46.10147],[-117.66776,46.10125],[-117.66761,46.10035],[-117.66771,46.10012],[-117.66798,46.10001],[-117.66873,46.10015],[-117.66882,46.09981],[-117.66902,46.09968],[-117.66928,46.09979],[-117.66943,46.10015],[-117.66966,46.09991],[-117.66986,46.10002],[-117.66994,46.10026],[-117.67026,46.10013],[-117.67062,46.10018],[-117.67061,46.10028],[-117.67112,46.10027],[-117.67096,46.10003],[-117.67155,46.10004],[-117.67164,46.09983],[-117.6724,46.09995],[-117.67253,46.1001],[-117.67359,46.10007],[-117.67388,46.0998],[-117.67414,46.0998],[-117.67421,46.09925],[-117.67439,46.09897],[-117.67378,46.0984],[-117.67373,46.09814],[-117.67419,46.09793],[-117.67401,46.09777],[-117.67411,46.09737],[-117.67534,46.0971],[-117.67804,46.09715],[-117.67878,46.09739],[-117.67889,46.09793],[-117.6786,46.09806],[-117.67845,46.09853],[-117.67788,46.0985],[-117.67803,46.09896],[-117.67834,46.09896],[-117.67875,46.09877],[-117.67906,46.09808],[-117.67935,46.09803],[-117.67944,46.09835],[-117.67965,46.09831],[-117.68082,46.09738],[-117.68086,46.09713],[-117.68143,46.09711],[-117.68192,46.09749],[-117.68201,46.09738],[-117.68196,46.09686],[-117.68226,46.09627],[-117.6825,46.09621],[-117.68266,46.09627],[-117.68263,46.09646],[-117.68277,46.0966],[-117.68254,46.09673],[-117.68261,46.09687],[-117.68235,46.0972],[-117.6825,46.09757],[-117.68209,46.09796],[-117.68192,46.09796],[-117.68184,46.09817],[-117.68209,46.09867],[-117.68205,46.09935],[-117.68249,46.09968],[-117.68262,46.09939],[-117.68299,46.09974],[-117.68314,46.09947],[-117.68357,46.09954],[-117.68387,46.0994],[-117.68377,46.09931],[-117.68341,46.09939],[-117.68337,46.09918],[-117.68281,46.09869],[-117.68293,46.09833],[-117.68324,46.098],[-117.68382,46.09799],[-117.68396,46.09767],[-117.68393,46.09711],[-117.6841,46.09683],[-117.68447,46.09673],[-117.68515,46.09618],[-117.68568,46.09622],[-117.68502,46.0956],[-117.68499,46.09534],[-117.68505,46.09516],[-117.68536,46.09503],[-117.68534,46.09458],[-117.6856,46.09424],[-117.68566,46.09398],[-117.68545,46.09366],[-117.6856,46.09338],[-117.68583,46.09327],[-117.68563,46.09272],[-117.68596,46.09261],[-117.68605,46.09226],[-117.68628,46.09217],[-117.68614,46.09146],[-117.68696,46.09122],[-117.68732,46.0913],[-117.68819,46.09092],[-117.69028,46.0907],[-117.69148,46.0912],[-117.69098,46.09148],[-117.69114,46.09188],[-117.69151,46.09186],[-117.69188,46.09165],[-117.69189,46.09145],[-117.69203,46.09138],[-117.69222,46.09147],[-117.69222,46.09125],[-117.69339,46.09121],[-117.69348,46.09092],[-117.69367,46.0908],[-117.69396,46.09091],[-117.6946,46.09084],[-117.69532,46.09112],[-117.69537,46.09132],[-117.69511,46.0916],[-117.69572,46.09183],[-117.69572,46.09199],[-117.69632,46.09202],[-117.69633,46.09239],[-117.69667,46.09244],[-117.69672,46.09263],[-117.69743,46.09248],[-117.69776,46.09303],[-117.69761,46.09364],[-117.69769,46.09393],[-117.69787,46.09392],[-117.6979,46.09405],[-117.698,46.09389],[-117.69818,46.09405],[-117.6986,46.09399],[-117.69901,46.09411],[-117.69879,46.09378],[-117.69857,46.09375],[-117.69831,46.09321],[-117.69839,46.09294],[-117.69889,46.093],[-117.69917,46.0932],[-117.69952,46.09322],[-117.69954,46.09336],[-117.6999,46.09339],[-117.69996,46.09372],[-117.70076,46.09374],[-117.70065,46.09277],[-117.70045,46.09269],[-117.7004,46.09245],[-117.69951,46.09246],[-117.69942,46.09294],[-117.69911,46.09291],[-117.69904,46.09269],[-117.69893,46.09281],[-117.6984,46.09278],[-117.6984,46.09203],[-117.69856,46.09201],[-117.69854,46.09186],[-117.69907,46.09182],[-117.69907,46.09125],[-117.69981,46.0912],[-117.69967,46.09086],[-117.6995,46.09089],[-117.6992,46.09048],[-117.69837,46.09039],[-117.69813,46.09013],[-117.69811,46.08974],[-117.69683,46.08935],[-117.69647,46.08953],[-117.69627,46.08925],[-117.69619,46.08851],[-117.6965,46.08836],[-117.69678,46.08867],[-117.69696,46.08864],[-117.69696,46.08816],[-117.69774,46.08762],[-117.69871,46.08756],[-117.69887,46.08769],[-117.69951,46.08743],[-117.6996,46.08728],[-117.70233,46.08728],[-117.70243,46.08716],[-117.70284,46.08711],[-117.70308,46.08726],[-117.70363,46.08702],[-117.70389,46.08717],[-117.70409,46.08704],[-117.70432,46.08716],[-117.70453,46.08702],[-117.70518,46.08717],[-117.70525,46.08757],[-117.70513,46.08794],[-117.7056,46.08835],[-117.7057,46.08898],[-117.7051,46.0897],[-117.70441,46.08992],[-117.704,46.09026],[-117.70415,46.09045],[-117.70383,46.09093],[-117.70381,46.09142],[-117.70358,46.0915],[-117.70384,46.09167],[-117.70381,46.09186],[-117.70351,46.09199],[-117.70365,46.09228],[-117.70351,46.09363],[-117.70398,46.09403],[-117.70389,46.09437],[-117.70409,46.09445],[-117.70448,46.09518],[-117.70482,46.09544],[-117.70479,46.09612],[-117.70522,46.09626],[-117.70588,46.09604],[-117.70619,46.09625],[-117.7069,46.09605],[-117.70809,46.09617],[-117.70809,46.09651],[-117.70781,46.09667],[-117.70771,46.09697],[-117.70781,46.09715],[-117.70802,46.09719],[-117.70799,46.09752],[-117.70831,46.09764],[-117.70847,46.09734],[-117.70887,46.09727],[-117.70887,46.09755],[-117.70919,46.09765],[-117.70904,46.09803],[-117.70864,46.09803],[-117.70864,46.09833],[-117.70921,46.09837],[-117.70945,46.09868],[-117.70874,46.09916],[-117.70861,46.09999],[-117.70831,46.10023],[-117.70794,46.10023],[-117.70759,46.10059],[-117.70736,46.10037],[-117.70736,46.10007],[-117.7068,46.10043],[-117.70609,46.10055],[-117.70593,46.10091],[-117.70614,46.10152],[-117.70602,46.10209],[-117.70565,46.10175],[-117.70531,46.1023],[-117.70573,46.1024],[-117.70585,46.10264],[-117.70614,46.1025],[-117.70644,46.10268],[-117.70661,46.10266],[-117.7069,46.10233],[-117.70719,46.10238],[-117.70761,46.10262],[-117.70754,46.10287],[-117.70781,46.10291],[-117.70785,46.10262],[-117.70771,46.10243],[-117.70778,46.10216],[-117.70864,46.10169],[-117.70916,46.10157],[-117.70954,46.10178],[-117.71045,46.10166],[-117.71133,46.10171],[-117.71187,46.10195],[-117.71254,46.10269],[-117.71299,46.10285],[-117.71342,46.10323],[-117.71368,46.10361],[-117.71348,46.10367],[-117.71353,46.10397],[-117.71332,46.10411],[-117.71329,46.10435],[-117.71361,46.10438],[-117.71397,46.10466],[-117.71385,46.10496],[-117.71483,46.10507],[-117.71528,46.10497],[-117.71524,46.10527],[-117.71539,46.10545],[-117.71529,46.10571],[-117.71552,46.10584],[-117.71621,46.10545],[-117.71731,46.10582],[-117.718,46.10534],[-117.71903,46.10529],[-117.7187,46.1056],[-117.71904,46.10567],[-117.71938,46.10632],[-117.71956,46.10632],[-117.71961,46.10651],[-117.71978,46.10658],[-117.72011,46.10658],[-117.72009,46.10672],[-117.72084,46.10704],[-117.72077,46.10721],[-117.72049,46.10727],[-117.72057,46.10796],[-117.72033,46.1079],[-117.71957,46.10821],[-117.71952,46.10854],[-117.71981,46.10868],[-117.71962,46.10987],[-117.71979,46.10994],[-117.71977,46.11025],[-117.71927,46.11018],[-117.7191,46.11044],[-117.71884,46.11044],[-117.71871,46.11069],[-117.71835,46.11073],[-117.71794,46.11115],[-117.71729,46.11135],[-117.71806,46.11155],[-117.71797,46.11245],[-117.7178,46.11257],[-117.71766,46.11225],[-117.71758,46.11274],[-117.71825,46.11279],[-117.71827,46.11307],[-117.7186,46.11299],[-117.71883,46.11313],[-117.71884,46.11327],[-117.71835,46.11363],[-117.71778,46.11362],[-117.7177,46.11385],[-117.71787,46.11413],[-117.71694,46.1145],[-117.71642,46.11444],[-117.71635,46.11471],[-117.71573,46.11479],[-117.71576,46.11413],[-117.71532,46.11406],[-117.7149,46.11486],[-117.71423,46.11507],[-117.71426,46.11528],[-117.71378,46.11552],[-117.71393,46.11586],[-117.71409,46.11563],[-117.71433,46.11563],[-117.71426,46.11607],[-117.71484,46.11649],[-117.71513,46.11647],[-117.71516,46.1166],[-117.71549,46.11665],[-117.71549,46.11679],[-117.71508,46.11678],[-117.71521,46.11695],[-117.71513,46.11709],[-117.71493,46.11708],[-117.71445,46.11788],[-117.71477,46.11831],[-117.71457,46.11834],[-117.71453,46.11848],[-117.71482,46.11847],[-117.71485,46.1186],[-117.71507,46.1185],[-117.7157,46.11918],[-117.7154,46.11995],[-117.71557,46.12037],[-117.71647,46.12055],[-117.71778,46.12113],[-117.71837,46.12177],[-117.71971,46.12168],[-117.72083,46.12129],[-117.72112,46.1214],[-117.72072,46.12287],[-117.72048,46.12331],[-117.72048,46.12378],[-117.72064,46.12395],[-117.72104,46.12401],[-117.7217,46.12381],[-117.72398,46.12253],[-117.72445,46.12263],[-117.72446,46.12278],[-117.72471,46.12269],[-117.72498,46.12304],[-117.72481,46.12342],[-117.72486,46.12373],[-117.7251,46.12377],[-117.72544,46.12435],[-117.72512,46.12502],[-117.72495,46.12508],[-117.72435,46.12492],[-117.72414,46.12516],[-117.72436,46.12572],[-117.7246,46.12586],[-117.72508,46.12589],[-117.72528,46.12615],[-117.72525,46.12653],[-117.72484,46.12681],[-117.72448,46.12667],[-117.72431,46.12643],[-117.7241,46.12642],[-117.72347,46.12713],[-117.72368,46.12747],[-117.72302,46.12778],[-117.72306,46.12802],[-117.7229,46.12845],[-117.72227,46.12909],[-117.72228,46.12929],[-117.72232,46.12954],[-117.72304,46.12978],[-117.72293,46.12993],[-117.72312,46.12996],[-117.72336,46.12979],[-117.72358,46.12983],[-117.72371,46.13002],[-117.72312,46.13025],[-117.72289,46.13061],[-117.72228,46.13037],[-117.72225,46.13054],[-117.72191,46.13064],[-117.72179,46.13092],[-117.72223,46.13087],[-117.72229,46.13135],[-117.72283,46.13134],[-117.72332,46.13149],[-117.72511,46.13244],[-117.72565,46.13217],[-117.7261,46.13164],[-117.72595,46.13142],[-117.72547,46.13128],[-117.72549,46.13089],[-117.72577,46.13098],[-117.72629,46.13077],[-117.72667,46.13093],[-117.72757,46.13088],[-117.7276,46.13069],[-117.72782,46.13055],[-117.7282,46.13091],[-117.72908,46.1307],[-117.7292,46.13062],[-117.72845,46.13032],[-117.72887,46.12992],[-117.7288,46.1296],[-117.72891,46.12947],[-117.72919,46.12941],[-117.72924,46.12917],[-117.72976,46.12897],[-117.73011,46.12914],[-117.73016,46.12865],[-117.73004,46.12842],[-117.73118,46.1284],[-117.73122,46.12804],[-117.73158,46.12794],[-117.73178,46.12812],[-117.732,46.12793],[-117.73187,46.12773],[-117.73201,46.12756],[-117.73163,46.1274],[-117.73143,46.12716],[-117.73078,46.12734],[-117.73045,46.12734],[-117.73031,46.12718],[-117.72995,46.12761],[-117.72916,46.12785],[-117.72897,46.12817],[-117.72847,46.12797],[-117.72852,46.12758],[-117.72796,46.12738],[-117.72804,46.12708],[-117.72781,46.12694],[-117.72775,46.1267],[-117.72802,46.12615],[-117.72802,46.12585],[-117.7282,46.12564],[-117.72862,46.1255],[-117.72886,46.12584],[-117.72919,46.12575],[-117.72945,46.12529],[-117.72972,46.12517],[-117.72965,46.12511],[-117.72988,46.12488],[-117.7298,46.12473],[-117.72996,46.12453],[-117.73007,46.12458],[-117.73009,46.12437],[-117.73029,46.12438],[-117.73009,46.12423],[-117.73014,46.12396],[-117.73068,46.12391],[-117.73036,46.12355],[-117.73036,46.1232],[-117.7306,46.12312],[-117.73042,46.12303],[-117.72988,46.12307],[-117.72905,46.12347],[-117.72863,46.12354],[-117.72792,46.12315],[-117.72793,46.12344],[-117.72743,46.12368],[-117.72653,46.12281],[-117.72534,46.12265],[-117.72549,46.12255],[-117.72537,46.12252],[-117.72523,46.12217],[-117.72647,46.12188],[-117.72691,46.12137],[-117.72735,46.12043],[-117.72751,46.12043],[-117.72768,46.12068],[-117.72929,46.12097],[-117.73028,46.12143],[-117.73071,46.12153],[-117.73124,46.12136],[-117.73165,46.12144],[-117.73196,46.12171],[-117.73302,46.12213],[-117.73355,46.12216],[-117.7336,46.12206],[-117.73411,46.12216],[-117.73414,46.12196],[-117.73396,46.12175],[-117.734,46.12091],[-117.73534,46.11908],[-117.73584,46.11936],[-117.73599,46.11959],[-117.73663,46.11971],[-117.73766,46.12014],[-117.73836,46.12022],[-117.7396,46.12096],[-117.74054,46.12099],[-117.74094,46.12112],[-117.74089,46.12139],[-117.74031,46.12149],[-117.74024,46.12174],[-117.73979,46.12177],[-117.74072,46.12234],[-117.74118,46.12237],[-117.74141,46.12199],[-117.7418,46.12206],[-117.74236,46.12191],[-117.74255,46.12166],[-117.74308,46.12174],[-117.74294,46.12153],[-117.74287,46.12096],[-117.74338,46.12089],[-117.74357,46.12116],[-117.74376,46.12192],[-117.74406,46.12216],[-117.74393,46.12257],[-117.74444,46.12263],[-117.74589,46.12244],[-117.74678,46.12205],[-117.74771,46.12225],[-117.74698,46.12257],[-117.74588,46.12335],[-117.74579,46.12485],[-117.74591,46.12499],[-117.74645,46.12479],[-117.74667,46.12517],[-117.74645,46.12548],[-117.74668,46.12675],[-117.74658,46.12692],[-117.74621,46.127],[-117.74646,46.12721],[-117.74625,46.12743],[-117.74577,46.12766],[-117.74524,46.1277],[-117.74469,46.12755],[-117.74472,46.12728],[-117.74431,46.12705],[-117.74411,46.12721],[-117.74412,46.12756],[-117.74347,46.12758],[-117.74326,46.12726],[-117.74198,46.12665],[-117.74091,46.12691],[-117.74043,46.12755],[-117.74055,46.12788],[-117.74286,46.12806],[-117.74283,46.12819],[-117.74326,46.12826],[-117.74372,46.12852],[-117.74387,46.1285],[-117.74396,46.12812],[-117.74478,46.12854],[-117.74469,46.12887],[-117.74498,46.12918],[-117.74621,46.12967],[-117.74714,46.12864],[-117.74683,46.12821],[-117.74768,46.12799],[-117.74807,46.12807],[-117.74942,46.12686],[-117.75151,46.12567],[-117.75171,46.12568],[-117.75169,46.12531],[-117.75249,46.12528],[-117.75261,46.12542],[-117.75284,46.12533],[-117.75292,46.12563],[-117.7535,46.12516],[-117.75381,46.12551],[-117.75383,46.12496],[-117.75349,46.12488],[-117.75347,46.12467],[-117.75371,46.12443],[-117.75354,46.12406],[-117.75387,46.12382],[-117.75379,46.12356],[-117.75353,46.12351],[-117.75347,46.12326],[-117.7536,46.1232],[-117.75353,46.12298],[-117.75385,46.12296],[-117.75382,46.12281],[-117.75357,46.12279],[-117.75357,46.12229],[-117.75379,46.12222],[-117.75388,46.12198],[-117.75519,46.1219],[-117.7552,46.12166],[-117.75567,46.12164],[-117.7556,46.12212],[-117.75579,46.12205],[-117.75586,46.12151],[-117.75627,46.12149],[-117.75628,46.12069],[-117.75672,46.12079],[-117.75676,46.12053],[-117.75791,46.12057],[-117.75805,46.12036],[-117.75861,46.12037],[-117.75876,46.12064],[-117.75899,46.12075],[-117.75899,46.1214],[-117.75859,46.12152],[-117.75866,46.12184],[-117.75893,46.12186],[-117.75904,46.12202],[-117.75968,46.12194],[-117.75984,46.12221],[-117.76007,46.12205],[-117.76005,46.12183],[-117.76031,46.12176],[-117.76036,46.12189],[-117.76073,46.12193],[-117.76129,46.1223],[-117.76206,46.12217],[-117.76223,46.12242],[-117.76265,46.12262],[-117.76304,46.12229],[-117.76363,46.12259],[-117.76365,46.12282],[-117.76385,46.12287],[-117.76385,46.12304],[-117.76366,46.12312],[-117.76379,46.1238],[-117.76417,46.12371],[-117.76422,46.12336],[-117.76497,46.12327],[-117.76497,46.12271],[-117.76518,46.12271],[-117.76533,46.12248],[-117.76589,46.12237],[-117.76601,46.12217],[-117.7665,46.12197],[-117.76712,46.12195],[-117.7675,46.12222],[-117.76836,46.12214],[-117.76848,46.12261],[-117.7677,46.12283],[-117.76775,46.12313],[-117.76765,46.12329],[-117.76692,46.12313],[-117.76676,46.12326],[-117.76643,46.12308],[-117.76624,46.12327],[-117.76671,46.12342],[-117.76673,46.12357],[-117.76707,46.12374],[-117.7673,46.12401],[-117.76725,46.12437],[-117.7678,46.12408],[-117.76769,46.12367],[-117.76803,46.12368],[-117.76813,46.12353],[-117.76877,46.12353],[-117.76873,46.12272],[-117.76905,46.12206],[-117.76948,46.12202],[-117.76952,46.12189],[-117.76974,46.12184],[-117.77044,46.12193],[-117.77112,46.12146],[-117.77073,46.12135],[-117.76974,46.12153],[-117.76837,46.12149],[-117.76787,46.1211],[-117.76785,46.12029],[-117.76772,46.12027],[-117.76769,46.12003],[-117.76797,46.12006],[-117.76819,46.11978],[-117.7691,46.11965],[-117.76956,46.11966],[-117.76977,46.11974],[-117.76981,46.11989],[-117.77034,46.12005],[-117.77105,46.11974],[-117.77141,46.11987],[-117.77155,46.12024],[-117.77195,46.12015],[-117.77207,46.11989],[-117.77236,46.11984],[-117.77278,46.11987],[-117.77281,46.12018],[-117.77337,46.11989],[-117.77432,46.11965],[-117.77515,46.1199],[-117.77604,46.11973],[-117.77606,46.11945],[-117.77678,46.11864],[-117.77644,46.11848],[-117.77666,46.11831],[-117.77676,46.11802],[-117.77773,46.11776],[-117.77789,46.11748],[-117.77838,46.11761],[-117.77878,46.11734],[-117.77855,46.11699],[-117.77777,46.11704],[-117.77768,46.11658],[-117.77702,46.11651],[-117.777,46.11613],[-117.77798,46.11583],[-117.77841,46.11523],[-117.77848,46.11432],[-117.77827,46.11375],[-117.77908,46.11377],[-117.77917,46.11348],[-117.77954,46.11344],[-117.77973,46.11322],[-117.7797,46.11271],[-117.78035,46.11212],[-117.78039,46.11193],[-117.78013,46.11178],[-117.78037,46.11114],[-117.77943,46.11108],[-117.77941,46.11091],[-117.77965,46.1108],[-117.77871,46.11065],[-117.7787,46.11041],[-117.77809,46.11026],[-117.77809,46.1099],[-117.77926,46.10989],[-117.77925,46.11007],[-117.77938,46.11004],[-117.77931,46.10987],[-117.77942,46.10955],[-117.78145,46.10954],[-117.78158,46.10915],[-117.78231,46.10878],[-117.78278,46.1087],[-117.78333,46.10817],[-117.78395,46.10691],[-117.78511,46.10678],[-117.78525,46.10699],[-117.78481,46.10765],[-117.78324,46.1092],[-117.78333,46.11037],[-117.78281,46.1116],[-117.7827,46.11291],[-117.78208,46.11366],[-117.78193,46.11429],[-117.78113,46.11531],[-117.78035,46.11585],[-117.78032,46.11602],[-117.78062,46.11636],[-117.78095,46.11638],[-117.78116,46.11679],[-117.7832,46.11658],[-117.78399,46.11697],[-117.78402,46.11721],[-117.78356,46.11736],[-117.78254,46.11814],[-117.7813,46.1185],[-117.77998,46.11865],[-117.7794,46.1198],[-117.77875,46.1199],[-117.77793,46.11935],[-117.77732,46.1198],[-117.77674,46.11997],[-117.77653,46.12065],[-117.77579,46.12125],[-117.77496,46.12126],[-117.77432,46.12166],[-117.77295,46.12202],[-117.77229,46.12197],[-117.7714,46.12227],[-117.77085,46.122],[-117.77062,46.12218],[-117.77091,46.12242],[-117.77121,46.12332],[-117.77115,46.12435],[-117.77082,46.12474],[-117.77048,46.1257],[-117.77002,46.12613],[-117.77004,46.12655],[-117.76982,46.1267],[-117.76971,46.12698],[-117.76947,46.12696],[-117.76867,46.12755],[-117.76867,46.12773],[-117.76845,46.12791],[-117.76855,46.12825],[-117.76888,46.12863],[-117.76903,46.13059],[-117.76944,46.13134],[-117.76954,46.13184],[-117.76925,46.13245],[-117.76924,46.13284],[-117.7689,46.13311],[-117.7686,46.13432],[-117.76822,46.13484],[-117.76891,46.13595],[-117.76897,46.13784],[-117.76875,46.13804],[-117.76803,46.13826],[-117.7676,46.13885],[-117.76742,46.13892],[-117.76538,46.13904],[-117.7653,46.13929],[-117.76564,46.13983],[-117.76554,46.14014],[-117.76514,46.14041],[-117.76591,46.14133],[-117.766,46.14159],[-117.76602,46.14205],[-117.76568,46.14241],[-117.76551,46.1429],[-117.76555,46.14349],[-117.76575,46.14402],[-117.76657,46.14522],[-117.7665,46.14666],[-117.76677,46.14709],[-117.76686,46.14757],[-117.76741,46.14827],[-117.76774,46.14909],[-117.76777,46.14943],[-117.76749,46.14999],[-117.7668,46.15015],[-117.76745,46.15057],[-117.76751,46.15152],[-117.76714,46.15216],[-117.76673,46.15252],[-117.76637,46.15267],[-117.76555,46.1526],[-117.76594,46.1533],[-117.76565,46.154],[-117.76508,46.15449],[-117.76279,46.15565],[-117.76205,46.15634],[-117.76193,46.15683],[-117.76157,46.15723],[-117.76157,46.15781],[-117.76138,46.15816],[-117.76179,46.15849],[-117.76259,46.15876],[-117.76316,46.15966],[-117.76327,46.16134],[-117.76313,46.16181],[-117.76246,46.1625],[-117.76252,46.16295],[-117.76269,46.16319],[-117.76266,46.16348],[-117.763,46.16394],[-117.76295,46.16542],[-117.76268,46.16591],[-117.7619,46.16648],[-117.76034,46.1669],[-117.7605,46.16707],[-117.76111,46.16708],[-117.76111,46.16751],[-117.76077,46.16764],[-117.76017,46.16822],[-117.76026,46.16876],[-117.76052,46.16908],[-117.76057,46.16941],[-117.76052,46.16971],[-117.75996,46.17058],[-117.75992,46.17098],[-117.76049,46.17155],[-117.7602,46.17198],[-117.75973,46.17233],[-117.75865,46.17258],[-117.75828,46.17299],[-117.75729,46.17303],[-117.7564,46.17341],[-117.75608,46.17373],[-117.75585,46.17455],[-117.75365,46.17557],[-117.75384,46.17608],[-117.75347,46.17639],[-117.75363,46.17671],[-117.75346,46.177],[-117.75309,46.17707],[-117.75315,46.1773],[-117.75279,46.17873],[-117.75256,46.17898],[-117.75134,46.17909],[-117.75032,46.18007],[-117.74953,46.18037],[-117.74898,46.18078],[-117.74782,46.18081],[-117.74699,46.18055],[-117.74578,46.18116],[-117.74437,46.18161],[-117.7442,46.18175],[-117.74401,46.1824],[-117.74414,46.18325],[-117.74409,46.18417],[-117.74384,46.18459],[-117.74294,46.18489],[-117.74249,46.18525],[-117.74255,46.18588],[-117.74213,46.1861],[-117.74088,46.18608],[-117.73968,46.18582],[-117.73877,46.18586],[-117.73876,46.18571],[-117.7392,46.18532],[-117.73851,46.18524],[-117.73784,46.18568],[-117.73714,46.18585],[-117.73627,46.18559],[-117.7351,46.18567],[-117.73386,46.18624],[-117.73325,46.1867],[-117.73197,46.187],[-117.73123,46.18701],[-117.72953,46.18809],[-117.72857,46.18837],[-117.72598,46.18958],[-117.72492,46.18968],[-117.72358,46.18953],[-117.72284,46.18959],[-117.72158,46.18986],[-117.71816,46.19114],[-117.71609,46.19138],[-117.71559,46.19186],[-117.71507,46.1921],[-117.7151,46.19233],[-117.71552,46.19265],[-117.71572,46.19338],[-117.71524,46.19462],[-117.71504,46.19614],[-117.71341,46.19732],[-117.71189,46.19746],[-117.70752,46.19684],[-117.7057,46.19621],[-117.70555,46.19588],[-117.70503,46.19548],[-117.70417,46.19554],[-117.70383,46.19522],[-117.70358,46.19459],[-117.70315,46.1944],[-117.70286,46.19407],[-117.70316,46.19314],[-117.70313,46.1929],[-117.70267,46.19277],[-117.7024,46.19252],[-117.70253,46.19184],[-117.70163,46.19098],[-117.70175,46.19045],[-117.70122,46.18965],[-117.70126,46.18921],[-117.70109,46.18849],[-117.70088,46.18819],[-117.69984,46.18758],[-117.69931,46.18675],[-117.69889,46.18687],[-117.6987,46.18676],[-117.69862,46.18635],[-117.69914,46.18546],[-117.69857,46.18505],[-117.69824,46.18439],[-117.69838,46.1842],[-117.69789,46.18407],[-117.69752,46.18349],[-117.69775,46.18299],[-117.698,46.18283],[-117.69818,46.18248],[-117.69781,46.18218],[-117.69774,46.18148],[-117.69598,46.18023],[-117.69576,46.17987],[-117.69531,46.17953],[-117.69479,46.17939],[-117.6942,46.17973],[-117.69318,46.17949],[-117.69251,46.17961],[-117.69171,46.17997],[-117.69138,46.17995],[-117.69114,46.17981],[-117.69103,46.17956],[-117.69139,46.1787],[-117.6911,46.17846],[-117.69052,46.17872],[-117.68994,46.1786],[-117.68946,46.17882],[-117.68856,46.17843],[-117.68671,46.17857],[-117.68617,46.1785],[-117.68611,46.17829],[-117.6864,46.17779],[-117.68615,46.17767],[-117.68546,46.17767],[-117.68533,46.17749],[-117.68549,46.17732],[-117.68629,46.17689],[-117.68741,46.17664],[-117.68856,46.17682],[-117.68858,46.1765],[-117.68882,46.17626],[-117.68887,46.17555],[-117.68875,46.1754],[-117.68809,46.17518],[-117.68775,46.17478],[-117.68795,46.17432],[-117.68779,46.17367],[-117.68807,46.17318],[-117.68876,46.17293],[-117.68868,46.17267],[-117.68819,46.17264],[-117.68759,46.17237],[-117.68637,46.17238],[-117.6859,46.17255],[-117.68555,46.17293],[-117.6845,46.17316],[-117.68426,46.17311],[-117.68405,46.17288],[-117.68249,46.17305],[-117.68192,46.17326],[-117.68103,46.17376],[-117.68107,46.17431],[-117.68141,46.17417],[-117.68218,46.17435],[-117.68281,46.17503],[-117.68308,46.17515],[-117.6832,46.17559],[-117.68299,46.17591],[-117.68304,46.17631],[-117.68271,46.17684],[-117.68351,46.17778],[-117.68339,46.17816],[-117.68283,46.17835],[-117.68283,46.17854],[-117.68264,46.17859],[-117.68263,46.17874],[-117.68215,46.17888],[-117.68235,46.17944],[-117.68217,46.17993],[-117.68233,46.1805],[-117.68196,46.1805],[-117.68192,46.18068],[-117.68161,46.18085],[-117.68177,46.18134],[-117.68221,46.18159],[-117.68284,46.18148],[-117.68326,46.18099],[-117.683,46.18066],[-117.68299,46.18017],[-117.68307,46.18007],[-117.68363,46.18004],[-117.68465,46.18057],[-117.68571,46.18063],[-117.68635,46.18146],[-117.687,46.1815],[-117.68762,46.18207],[-117.68781,46.18246],[-117.68775,46.18282],[-117.68805,46.18345],[-117.68817,46.18432],[-117.68817,46.1846],[-117.68782,46.18499],[-117.68812,46.18513],[-117.68846,46.18511],[-117.68861,46.18548],[-117.68783,46.18586],[-117.6878,46.18617],[-117.68799,46.18633],[-117.6903,46.1864],[-117.69056,46.18668],[-117.69077,46.1873],[-117.69063,46.18828],[-117.6897,46.18861],[-117.6893,46.18928],[-117.68984,46.1896],[-117.6918,46.1902],[-117.69287,46.19092],[-117.69318,46.19173],[-117.69401,46.19256],[-117.69413,46.1928],[-117.69408,46.19337],[-117.69451,46.19375],[-117.6952,46.19534],[-117.69564,46.19543],[-117.69579,46.196],[-117.69632,46.19656],[-117.69739,46.19727],[-117.69739,46.19768],[-117.69779,46.19777],[-117.69756,46.19844],[-117.69782,46.19884],[-117.69829,46.19906],[-117.69827,46.19939],[-117.69892,46.19974],[-117.69928,46.2008],[-117.69906,46.20117],[-117.69875,46.20136],[-117.69797,46.20119],[-117.69793,46.20145],[-117.69738,46.20182],[-117.69756,46.20227],[-117.69787,46.20214],[-117.69852,46.20217],[-117.69909,46.20249],[-117.69929,46.20292],[-117.69929,46.20344],[-117.6999,46.20375],[-117.70196,46.20401],[-117.7036,46.20392],[-117.70507,46.20425],[-117.70552,46.20473],[-117.70555,46.2054],[-117.70586,46.20606],[-117.70605,46.20623],[-117.70647,46.20601],[-117.70653,46.20622],[-117.70634,46.20658],[-117.70674,46.20744],[-117.70674,46.20806],[-117.7059,46.20832],[-117.7053,46.20824],[-117.70445,46.20863],[-117.70293,46.20875],[-117.7029,46.20907],[-117.70012,46.20889],[-117.69966,46.20903],[-117.69943,46.20939],[-117.69912,46.20921],[-117.69755,46.20961],[-117.69793,46.20862],[-117.69765,46.20818],[-117.69687,46.20806],[-117.6963,46.20781],[-117.69551,46.20821],[-117.6955,46.20837],[-117.6961,46.20877],[-117.69553,46.20951],[-117.69392,46.21021],[-117.69277,46.20996],[-117.69289,46.21019],[-117.69273,46.21038],[-117.69258,46.21109],[-117.69263,46.21154],[-117.69303,46.21164],[-117.69325,46.21195],[-117.69325,46.21236],[-117.69372,46.21276],[-117.69372,46.21295],[-117.69351,46.21307],[-117.69289,46.21305],[-117.69247,46.21285],[-117.69247,46.21314],[-117.6907,46.21423],[-117.68963,46.21433],[-117.68928,46.21454],[-117.68911,46.21485],[-117.68853,46.21507],[-117.68887,46.2159],[-117.68854,46.21623],[-117.68666,46.21671],[-117.68576,46.21743],[-117.68481,46.21731],[-117.68445,46.21755],[-117.6849,46.218],[-117.68497,46.21835],[-117.68442,46.21861],[-117.68304,46.21868],[-117.68187,46.21942],[-117.68102,46.21959],[-117.68007,46.22016],[-117.67933,46.22035],[-117.67878,46.22037],[-117.67688,46.21952],[-117.67576,46.21918],[-117.6749,46.21909],[-117.67412,46.21923],[-117.67383,46.21952],[-117.67276,46.2199],[-117.66962,46.22049],[-117.66929,46.22029],[-117.66765,46.21997],[-117.66715,46.21956],[-117.66379,46.21883],[-117.66279,46.21814],[-117.6612,46.21778]]],[[[-117.58134,46.19079],[-117.58115,46.19096],[-117.58084,46.19094],[-117.58089,46.1907],[-117.58115,46.19063],[-117.58134,46.19079]]],[[[-117.58006,46.1907],[-117.58025,46.19086],[-117.58004,46.19108],[-117.57973,46.19094],[-117.57978,46.19072],[-117.58006,46.1907]]],[[[-117.58026,46.20163],[-117.57995,46.20157],[-117.57993,46.2014],[-117.58028,46.2014],[-117.58026,46.20163]]],[[[-117.61703,46.21249],[-117.61686,46.21251],[-117.61702,46.21206],[-117.61715,46.2123],[-117.61703,46.21249]]],[[[-117.60897,46.215],[-117.60911,46.21526],[-117.60904,46.2154],[-117.60863,46.21542],[-117.60833,46.21529],[-117.60774,46.21541],[-117.60754,46.21529],[-117.60743,46.21502],[-117.60751,46.2147],[-117.60792,46.21453],[-117.60843,46.21495],[-117.60897,46.215]]],[[[-117.58025,46.21698],[-117.58021,46.21726],[-117.57989,46.21718],[-117.57987,46.21701],[-117.57999,46.21694],[-117.58025,46.21698]]],[[[-117.58084,46.21722],[-117.58087,46.21743],[-117.58056,46.21741],[-117.58061,46.21719],[-117.58084,46.21722]]],[[[-117.59788,46.21771],[-117.59764,46.21795],[-117.59692,46.21794],[-117.59668,46.21756],[-117.59683,46.2172],[-117.5973,46.21727],[-117.59745,46.21701],[-117.59778,46.21704],[-117.59768,46.21732],[-117.59788,46.21771]]],[[[-117.53964,46.11423],[-117.53925,46.11418],[-117.53927,46.11409],[-117.53939,46.11401],[-117.53964,46.11423]]],[[[-117.5399,46.11447],[-117.53978,46.11475],[-117.53944,46.11482],[-117.53939,46.11442],[-117.5399,46.11447]]],[[[-117.53451,46.11579],[-117.53442,46.11551],[-117.53468,46.11549],[-117.53525,46.11598],[-117.5352,46.11628],[-117.53494,46.11622],[-117.53476,46.11591],[-117.53451,46.11579]]],[[[-117.54263,46.11613],[-117.54253,46.1163],[-117.54234,46.11623],[-117.54251,46.11599],[-117.54263,46.11613]]],[[[-117.54444,46.11619],[-117.54432,46.11639],[-117.54409,46.11631],[-117.54406,46.11598],[-117.54437,46.11598],[-117.54444,46.11619]]],[[[-117.52763,46.11642],[-117.5276,46.11659],[-117.52733,46.11654],[-117.52737,46.11635],[-117.52763,46.11642]]],[[[-117.52653,46.11799],[-117.52632,46.118],[-117.52634,46.11782],[-117.52649,46.11781],[-117.52653,46.11799]]],[[[-117.50766,46.12407],[-117.50733,46.12424],[-117.50705,46.12413],[-117.50646,46.12432],[-117.50629,46.12394],[-117.50726,46.12359],[-117.50734,46.12377],[-117.50762,46.12384],[-117.50766,46.12407]]],[[[-117.49659,46.13281],[-117.49664,46.13271],[-117.49719,46.13266],[-117.49723,46.13294],[-117.49749,46.13293],[-117.49774,46.13335],[-117.49772,46.13364],[-117.49711,46.1339],[-117.49655,46.13382],[-117.49576,46.13392],[-117.4956,46.13345],[-117.49573,46.13309],[-117.4959,46.13305],[-117.49594,46.13277],[-117.49651,46.13265],[-117.49659,46.13281]]],[[[-117.49597,46.13449],[-117.49602,46.1354],[-117.49518,46.13592],[-117.49422,46.13599],[-117.49412,46.13547],[-117.49442,46.13524],[-117.4946,46.13485],[-117.49497,46.13482],[-117.49517,46.13454],[-117.49597,46.13449]]],[[[-117.50691,46.1406],[-117.5072,46.14055],[-117.50729,46.14035],[-117.50824,46.14041],[-117.50862,46.14021],[-117.50865,46.14047],[-117.50918,46.1405],[-117.50921,46.14072],[-117.50948,46.14075],[-117.50997,46.14122],[-117.5103,46.14124],[-117.51034,46.1414],[-117.5106,46.14156],[-117.51032,46.14257],[-117.51032,46.14304],[-117.50925,46.14317],[-117.50855,46.14259],[-117.50852,46.14276],[-117.50722,46.14269],[-117.50705,46.14148],[-117.50691,46.14145],[-117.50691,46.1406]]],[[[-117.51317,46.1431],[-117.51333,46.14303],[-117.51395,46.14315],[-117.51384,46.14333],[-117.51319,46.14334],[-117.51317,46.1431]]],[[[-117.56488,46.18375],[-117.56478,46.18406],[-117.56405,46.18368],[-117.56438,46.18344],[-117.56471,46.18349],[-117.56488,46.18375]]],[[[-117.54834,46.18383],[-117.54833,46.18364],[-117.54958,46.18359],[-117.54964,46.18385],[-117.54946,46.18407],[-117.54859,46.18402],[-117.54861,46.18429],[-117.5484,46.18424],[-117.54822,46.1845],[-117.54802,46.18446],[-117.54805,46.18401],[-117.54748,46.18398],[-117.54748,46.1835],[-117.54779,46.18345],[-117.54818,46.18383],[-117.54834,46.18383]]],[[[-117.54947,46.18482],[-117.5495,46.18503],[-117.54897,46.18508],[-117.54909,46.18474],[-117.54947,46.18482]]],[[[-117.56109,46.18763],[-117.56137,46.18738],[-117.56099,46.18728],[-117.56085,46.18704],[-117.56159,46.18711],[-117.56159,46.18731],[-117.56192,46.18727],[-117.56194,46.18716],[-117.56241,46.18718],[-117.56243,46.187],[-117.56266,46.1868],[-117.56231,46.18649],[-117.56233,46.18633],[-117.5613,46.18628],[-117.5614,46.18566],[-117.56167,46.18567],[-117.56166,46.18554],[-117.56144,46.18552],[-117.56149,46.18478],[-117.56161,46.18462],[-117.56266,46.18455],[-117.56266,46.18477],[-117.56292,46.18481],[-117.56291,46.18543],[-117.56386,46.18526],[-117.56566,46.18527],[-117.56621,46.18546],[-117.56684,46.18608],[-117.56696,46.18656],[-117.56684,46.18679],[-117.56589,46.18705],[-117.56595,46.18732],[-117.56526,46.18787],[-117.56496,46.18796],[-117.56456,46.18864],[-117.56377,46.18855],[-117.56243,46.18862],[-117.56203,46.1884],[-117.56147,46.18844],[-117.56128,46.1883],[-117.56109,46.18763]]],[[[-117.56765,46.18764],[-117.56731,46.18767],[-117.56734,46.18722],[-117.56762,46.18722],[-117.56765,46.18764]]],[[[-117.57368,46.20894],[-117.57345,46.20866],[-117.57304,46.20876],[-117.57271,46.2085],[-117.57201,46.20843],[-117.57091,46.20792],[-117.57128,46.20756],[-117.57104,46.2075],[-117.57102,46.20722],[-117.5716,46.20714],[-117.57199,46.20745],[-117.57311,46.20747],[-117.57392,46.20718],[-117.57496,46.20712],[-117.57534,46.20738],[-117.5752,46.2078],[-117.5759,46.20796],[-117.57618,46.20815],[-117.57626,46.20849],[-117.57663,46.20874],[-117.57723,46.20871],[-117.57723,46.20902],[-117.57592,46.20914],[-117.57539,46.20906],[-117.57538,46.20888],[-117.57504,46.2087],[-117.57461,46.20865],[-117.57451,46.20896],[-117.57368,46.20894]]],[[[-117.56576,46.2109],[-117.56602,46.21095],[-117.56625,46.21076],[-117.56685,46.21092],[-117.56868,46.21093],[-117.56904,46.21072],[-117.56895,46.21024],[-117.56916,46.21003],[-117.56968,46.20989],[-117.56888,46.20928],[-117.56917,46.209],[-117.57009,46.209],[-117.57074,46.20931],[-117.57113,46.20924],[-117.57194,46.2094],[-117.57244,46.20967],[-117.57225,46.21147],[-117.57106,46.21257],[-117.57059,46.21266],[-117.57013,46.21232],[-117.56966,46.21222],[-117.56932,46.21257],[-117.56898,46.21206],[-117.56641,46.21206],[-117.56567,46.21128],[-117.56576,46.2109]]],[[[-117.57465,46.21787],[-117.57515,46.21794],[-117.5751,46.21817],[-117.57475,46.21823],[-117.57457,46.21811],[-117.57465,46.21787]]],[[[-117.57294,46.21824],[-117.57296,46.21801],[-117.57313,46.21791],[-117.57361,46.218],[-117.57328,46.21864],[-117.57301,46.21868],[-117.57274,46.21851],[-117.57271,46.21834],[-117.57294,46.21824]]],[[[-117.55722,46.2236],[-117.55746,46.22315],[-117.55775,46.22317],[-117.55789,46.22339],[-117.55775,46.22362],[-117.55746,46.22362],[-117.55722,46.2236]]]]},"properties":{"fire_id":"ufid:2021-ORUMF-000659","source_collection":"history-2021","source_objectid":14599,"incident_name":"Green Ridge","mapped_acres":43638.61,"mapped_acres_source":"poly_GISAcres","gis_acres":43638.61,"auto_acres":43724.328160573816,"reported_acres":43733.0,"percent_contained":null,"state":"WA","state_wfigs":"US-WA","county":"Columbia","discovery_time_utc":"2021-07-07T16:51:00Z","perimeter_time_utc":"2021-09-19T21:42:00Z","perimeter_edit_time_utc":"2023-03-14T15:13:42Z","incident_modified_time_utc":"2022-01-12T18:38:50Z","containment_time_utc":"2021-10-14T00:00:00Z","control_time_utc":null,"fire_out_time_utc":"2022-01-11T20:00:00Z","fire_cause":"Natural","fire_cause_general":"Natural","map_method":"Mixed Methods","source_dataset":"FFP","unique_fire_identifier":"2021-ORUMF-000659","irwin_id":"{A3826838-57A8-413E-B984-3C61600EE13D}","global_id":"60fb10eb-552e-4a5e-b6da-f3364c29a660"}},{"type":"Feature","geometry":{"type":"MultiPolygon","coordinates":[[[[-119.48052,48.69578],[-119.48055,48.69576],[-119.48054,48.69578],[-119.48052,48.69578]]],[[[-119.48046,48.69589],[-119.48047,48.69588],[-119.48047,48.69589],[-119.48046,48.69589]]],[[[-119.48149,48.69812],[-119.4815,48.69812],[-119.48151,48.69813],[-119.48149,48.69812]]],[[[-119.48312,48.696],[-119.4847,48.6966],[-119.48508,48.69708],[-119.48511,48.69762],[-119.48551,48.69802],[-119.48542,48.69875],[-119.48558,48.69916],[-119.48546,48.69965],[-119.48627,48.69999],[-119.48653,48.7004],[-119.48555,48.70144],[-119.48453,48.70171],[-119.48356,48.70162],[-119.48337,48.70173],[-119.48232,48.70083],[-119.48281,48.70054],[-119.48295,48.70008],[-119.4827,48.69964],[-119.48283,48.69937],[-119.48279,48.69893],[-119.483,48.69854],[-119.48292,48.69811],[-119.48246,48.69791],[-119.4815,48.69812],[-119.48102,48.69766],[-119.48098,48.69724],[-119.48052,48.69661],[-119.4804,48.69624],[-119.48047,48.69589],[-119.48074,48.69565],[-119.48221,48.6953],[-119.48272,48.6955],[-119.48312,48.696]]]]},"properties":{"fire_id":"ufid:2021-WANES-002140","source_collection":"history-2021","source_objectid":14789,"incident_name":"Pine Creek (Leland Complex)","mapped_acres":1.0,"mapped_acres_source":"poly_GISAcres","gis_acres":1.0,"auto_acres":40.1650319074867,"reported_acres":40.0,"percent_contained":null,"state":"WA","state_wfigs":"US-WA","county":"Okanogan","discovery_time_utc":"2021-07-23T20:29:00Z","perimeter_time_utc":"2021-07-24T01:29:25Z","perimeter_edit_time_utc":"2021-12-09T00:31:02Z","incident_modified_time_utc":"2022-01-13T20:35:46Z","containment_time_utc":"2021-07-25T00:00:00Z","control_time_utc":"2021-07-26T02:00:00Z","fire_out_time_utc":"2021-08-01T19:34:00Z","fire_cause":"Human","fire_cause_general":"Firearms/Weapons","map_method":"GPS-Walked","source_dataset":"Decertified","unique_fire_identifier":"2021-WANES-002140","irwin_id":"{A45E50AA-C213-4005-B664-AFEEDCDA3D49}","global_id":"617ca70a-3c94-4744-9160-a2aed0362d38"}}]}
